query_genome	feature_type	gene	name	product	query_start	query_end	strand	method	confidence	pident	query_coverage	aligned_length	evalue	bitscore	ref_accession	ref_description	ref_start	ref_end
chloroplast	gene	trnR-UCU	trnR-UCU		1	42	+	blastn_feature_transfer	low	100.0	0.583	42	6.32e-17	77.0	PX244394.1	Dudleya sp. T72600-1 chloroplast, complete genome	11411	11482
chloroplast	tRNA	trnR-UCU	trnR-UCU	tRNA-Arg	1	42	+	blastn_feature_transfer	low	100.0	0.583	42	6.32e-17	77.0	PX244394.1	Dudleya sp. T72600-1 chloroplast, complete genome	11411	11482
chloroplast	gene	atpA	atpA		100	1618	-	blastn_feature_transfer	medium	88.545	0.997	1519	0.0	1956.0	PX244394.1	Dudleya sp. T72600-1 chloroplast, complete genome	11948	13471
chloroplast	CDS	atpA	atpA	ATP synthase CF1 alpha subunit	100	1618	-	blastn_feature_transfer	medium	88.545	0.997	1519	0.0	1956.0	PX244394.1	Dudleya sp. T72600-1 chloroplast, complete genome	11948	13471
chloroplast	gene	atpA	atpA		100	1623	-	blastn_feature_transfer	high	99.672	1.0	1524	0.0	2727.0	PX244389.1	Dudleya virens chloroplast, complete genome	10447	11970
chloroplast	CDS	atpA	atpA	ATP synthase CF1 alpha subunit	100	1623	-	blastn_feature_transfer	high	99.672	1.0	1524	0.0	2727.0	PX244389.1	Dudleya virens chloroplast, complete genome	10447	11970
chloroplast	CDS	atpA	atpA	ATP synthase CF1 alpha subunit	106	1623	-	tblastn_protein_transfer	high	92.095	0.998	506	0.0	945.0	PX244394.1	Dudleya sp. T72600-1 chloroplast, complete genome	11948	13471
chloroplast	CDS	atpA	atpA	ATP synthase CF1 alpha subunit	142	1623	-	tblastn_protein_transfer	high	99.798	0.974	494	0.0	955.0	PX244393.1	Dudleya candelabrum chloroplast, complete genome	10428	11951
chloroplast	CDS	atpF	atpF	ATP synthase CF0 subunit b	1682	2092	-	blastn_feature_transfer	medium	98.783	0.741	411	0.0	719.0	PX244389.1	Dudleya virens chloroplast, complete genome	12029	13317
chloroplast	gene	atpF	atpF		1682	2968	-	blastn_feature_transfer	high	99.456	1.0	1287	0.0	2290.0	PX244391.1	Dudleya lanceolata chloroplast, complete genome	12008	13294
chloroplast	CDS	atpF	atpF	ATP synthase CF0 subunit b	1685	2071	-	tblastn_protein_transfer	medium	83.721	0.701	129	3.56e-69	221.0	PX244392.1	Dudleya greenei chloroplast, complete genome	11668	12914
chloroplast	CDS	atpF	atpF	ATP synthase CF0 subunit b	1685	2158	-	tblastn_protein_transfer	high	86.076	0.859	158	1.56e-84	265.0	PX244393.1	Dudleya candelabrum chloroplast, complete genome	12010	13295
chloroplast	gene	atpH	atpH		3358	3603	-	blastn_feature_transfer	high	99.593	1.0	246	1.99e-125	440.0	PX244389.1	Dudleya virens chloroplast, complete genome	13708	13953
chloroplast	CDS	atpH	atpH	ATP synthase CF0 subunit III	3358	3603	-	blastn_feature_transfer	high	99.593	1.0	246	1.99e-125	440.0	PX244389.1	Dudleya virens chloroplast, complete genome	13708	13953
chloroplast	CDS	atpH	atpH	ATP synthase CF0 subunit III	3361	3603	-	tblastn_protein_transfer	high	98.765	1.0	81	1.05e-46	151.0	PX244392.1	Dudleya greenei chloroplast, complete genome	13278	13523
chloroplast	gene	atpI	atpI		4279	5013	-	blastn_feature_transfer	high	99.728	1.0	735	0.0	1317.0	PX244389.1	Dudleya virens chloroplast, complete genome	14633	15367
chloroplast	CDS	atpI	atpI	ATP synthase CF0 subunit a	4279	5013	-	blastn_feature_transfer	high	99.728	1.0	735	0.0	1317.0	PX244389.1	Dudleya virens chloroplast, complete genome	14633	15367
chloroplast	gene	atpI	atpI		4281	5013	-	blastn_feature_transfer	medium	87.197	0.997	742	0.0	914.0	PX244394.1	Dudleya sp. T72600-1 chloroplast, complete genome	16129	16872
chloroplast	CDS	atpI	atpI	ATP synthase CF0 subunit a	4281	5013	-	blastn_feature_transfer	medium	87.197	0.997	742	0.0	914.0	PX244394.1	Dudleya sp. T72600-1 chloroplast, complete genome	16129	16872
chloroplast	CDS	atpI	atpI	ATP synthase CF0 subunit a	4282	5013	-	tblastn_protein_transfer	high	99.59	1.0	244	2.06e-137	419.0	PX244393.1	Dudleya candelabrum chloroplast, complete genome	14606	15340
chloroplast	gene	rps2	rps2		5204	5914	-	blastn_feature_transfer	high	99.297	1.0	711	0.0	1260.0	PX244393.1	Dudleya candelabrum chloroplast, complete genome	15531	16241
chloroplast	CDS	rps2	rps2	ribosomal protein S2	5204	5914	-	blastn_feature_transfer	high	99.297	1.0	711	0.0	1260.0	PX244393.1	Dudleya candelabrum chloroplast, complete genome	15531	16241
chloroplast	CDS	rps2	rps2	ribosomal protein S2	5207	5914	-	tblastn_protein_transfer	high	91.949	1.0	236	3.24e-147	447.0	PX244394.1	Dudleya sp. T72600-1 chloroplast, complete genome	17079	17789
chloroplast	gene	rpoC2	rpoC2		6164	10303	-	blastn_feature_transfer	medium	82.592	1.008	4205	0.0	4272.0	PX244392.1	Dudleya greenei chloroplast, complete genome	16403	20575
chloroplast	CDS	rpoC2	rpoC2	RNA polymerase beta'' subunit	6164	10303	-	blastn_feature_transfer	medium	82.592	1.008	4205	0.0	4272.0	PX244392.1	Dudleya greenei chloroplast, complete genome	16403	20575
chloroplast	CDS	rpoC2	rpoC2	RNA polymerase beta'' subunit	6170	10303	-	tblastn_protein_transfer	medium	76.774	1.004	1395	0.0	2083.0	PX244392.1	Dudleya greenei chloroplast, complete genome	16403	20575
chloroplast	CDS	rpoC2	rpoC2	RNA polymerase beta'' subunit	6191	10303	-	tblastn_protein_transfer	medium	75.199	1.013	1383	0.0	2002.0	PX244394.1	Dudleya sp. T72600-1 chloroplast, complete genome	18014	22111
chloroplast	gene	rpoC2	rpoC2		6193	10303	-	blastn_feature_transfer	medium	82.718	1.011	4143	0.0	4246.0	PX244394.1	Dudleya sp. T72600-1 chloroplast, complete genome	18014	22111
chloroplast	CDS	rpoC2	rpoC2	RNA polymerase beta'' subunit	6193	10303	-	blastn_feature_transfer	medium	82.718	1.011	4143	0.0	4246.0	PX244394.1	Dudleya sp. T72600-1 chloroplast, complete genome	18014	22111
chloroplast	gene	rpoC2	rpoC2		6224	10315	-	blastn_feature_transfer	high	99.56	1.0	4092	0.0	7299.0	PX244389.1	Dudleya virens chloroplast, complete genome	16578	20669
chloroplast	CDS	rpoC2	rpoC2	RNA polymerase beta'' subunit	6224	10315	-	blastn_feature_transfer	high	99.56	1.0	4092	0.0	7299.0	PX244389.1	Dudleya virens chloroplast, complete genome	16578	20669
chloroplast	CDS	rpoC2	rpoC2	RNA polymerase beta'' subunit	6227	10315	-	tblastn_protein_transfer	high	99.266	1.0	1363	0.0	2739.0	PX244389.1	Dudleya virens chloroplast, complete genome	16578	20669
chloroplast	CDS	rpoC1	rpoC1	RNA polymerase beta' subunit	10476	12094	-	blastn_feature_transfer	medium	99.753	0.79	1619	0.0	2902.0	PX244389.1	Dudleya virens chloroplast, complete genome	20830	23617
chloroplast	CDS	rpoC1	rpoC1	RNA polymerase beta' subunit	10476	12101	-	blastn_feature_transfer	medium	99.569	0.789	1626	0.0	2902.0	PX244393.1	Dudleya candelabrum chloroplast, complete genome	20803	23603
chloroplast	gene	rpoC1	rpoC1		10476	13265	-	blastn_feature_transfer	high	99.57	1.001	2790	0.0	4975.0	PX244389.1	Dudleya virens chloroplast, complete genome	20830	23617
chloroplast	CDS	rpoC1	rpoC1	RNA polymerase beta' subunit	10479	12101	-	tblastn_protein_transfer	medium	99.261	0.789	541	0.0	1073.0	PX244393.1	Dudleya candelabrum chloroplast, complete genome	20803	23603
chloroplast	gene	rpoB	rpoB		13302	16513	-	blastn_feature_transfer	high	99.782	1.0	3213	0.0	5760.0	NC_085682.1	Dudleya farinosa chloroplast, complete genome	23642	26854
chloroplast	CDS	rpoB	rpoB	RNA polymerase beta subunit	13302	16513	-	blastn_feature_transfer	high	99.782	1.0	3213	0.0	5760.0	NC_085682.1	Dudleya farinosa chloroplast, complete genome	23642	26854
chloroplast	CDS	rpoB	rpoB	RNA polymerase beta subunit	13305	16052	-	tblastn_protein_transfer	high	99.563	0.856	916	0.0	1882.0	PX244393.1	Dudleya candelabrum chloroplast, complete genome	23640	26852
chloroplast	gene	trnC-GCA	trnC-GCA		17637	17715	+	blastn_feature_transfer	high	100.0	1.0	79	5.84e-37	143.0	PX244393.1	Dudleya candelabrum chloroplast, complete genome	27976	28054
chloroplast	tRNA	trnC-GCA	trnC-GCA	tRNA-Cys	17637	17715	+	blastn_feature_transfer	high	100.0	1.0	79	5.84e-37	143.0	PX244393.1	Dudleya candelabrum chloroplast, complete genome	27976	28054
chloroplast	CDS	petN	petN	cytochrome b6-f complex subunit VIII	18557	18643	+	tblastn_protein_transfer	high	100.0	1.0	29	4.01e-14	55.8	PX244394.1	Dudleya sp. T72600-1 chloroplast, complete genome	30710	30799
chloroplast	gene	petN	petN		18557	18645	+	blastn_feature_transfer	high	95.506	0.989	89	6.88e-37	143.0	PX244394.1	Dudleya sp. T72600-1 chloroplast, complete genome	30710	30799
chloroplast	CDS	petN	petN	cytochrome b6-f complex subunit VIII	18557	18645	+	blastn_feature_transfer	high	95.506	0.989	89	6.88e-37	143.0	PX244394.1	Dudleya sp. T72600-1 chloroplast, complete genome	30710	30799
chloroplast	gene	petN	petN		18557	18646	+	blastn_feature_transfer	high	100.0	1.0	90	7.34e-43	163.0	PX244393.1	Dudleya candelabrum chloroplast, complete genome	28896	28985
chloroplast	CDS	petN	petN	cytochrome b6-f complex subunit VIII	18557	18646	+	blastn_feature_transfer	high	100.0	1.0	90	7.34e-43	163.0	PX244393.1	Dudleya candelabrum chloroplast, complete genome	28896	28985
chloroplast	gene	psbM	psbM		19448	19552	-	blastn_feature_transfer	high	100.0	1.0	105	6.29e-51	190.0	PX244389.1	Dudleya virens chloroplast, complete genome	29803	29907
chloroplast	CDS	psbM	psbM	photosystem II reaction center protein M	19448	19552	-	blastn_feature_transfer	high	100.0	1.0	105	6.29e-51	190.0	PX244389.1	Dudleya virens chloroplast, complete genome	29803	29907
chloroplast	CDS	psbM	psbM	photosystem II reaction center protein M	19451	19552	-	tblastn_protein_transfer	high	100.0	1.0	34	1.80e-17	65.9	PX244393.1	Dudleya candelabrum chloroplast, complete genome	29780	29884
chloroplast	gene	trnD-GUC	trnD-GUC		20497	20570	-	blastn_feature_transfer	high	100.0	1.0	74	2.78e-34	134.0	PX244393.1	Dudleya candelabrum chloroplast, complete genome	30833	30906
chloroplast	tRNA	trnD-GUC	trnD-GUC	tRNA-Asp	20497	20570	-	blastn_feature_transfer	high	100.0	1.0	74	2.78e-34	134.0	PX244393.1	Dudleya candelabrum chloroplast, complete genome	30833	30906
chloroplast	gene	trnY-GUA	trnY-GUA		20872	20955	-	blastn_feature_transfer	high	100.0	1.0	84	1.22e-39	152.0	PX244394.1	Dudleya sp. T72600-1 chloroplast, complete genome	33558	33641
chloroplast	tRNA	trnY-GUA	trnY-GUA	tRNA-Tyr	20872	20955	-	blastn_feature_transfer	high	100.0	1.0	84	1.22e-39	152.0	PX244394.1	Dudleya sp. T72600-1 chloroplast, complete genome	33558	33641
chloroplast	gene	trnE-UUC	trnE-UUC		21015	21087	-	blastn_feature_transfer	high	100.0	1.0	73	9.54e-34	132.0	PX244394.1	Dudleya sp. T72600-1 chloroplast, complete genome	33706	33778
chloroplast	tRNA	trnE-UUC	trnE-UUC	tRNA-Glu	21015	21087	-	blastn_feature_transfer	high	100.0	1.0	73	9.54e-34	132.0	PX244394.1	Dudleya sp. T72600-1 chloroplast, complete genome	33706	33778
chloroplast	gene	trnT-GGU	trnT-GGU		21470	21541	+	blastn_feature_transfer	high	100.0	1.0	72	3.27e-33	131.0	PX244393.1	Dudleya candelabrum chloroplast, complete genome	31805	31876
chloroplast	tRNA	trnT-GGU	trnT-GGU	tRNA-Thr	21470	21541	+	blastn_feature_transfer	high	100.0	1.0	72	3.27e-33	131.0	PX244393.1	Dudleya candelabrum chloroplast, complete genome	31805	31876
chloroplast	CDS	psbD	psbD	photosystem II P680 reaction center D2 protein	22220	23278	+	tblastn_protein_transfer	high	99.433	1.0	353	0.0	692.0	PX244394.1	Dudleya sp. T72600-1 chloroplast, complete genome	36383	37444
chloroplast	gene	psbD	psbD		22220	23281	+	blastn_feature_transfer	high	99.906	1.0	1062	0.0	1911.0	PX244393.1	Dudleya candelabrum chloroplast, complete genome	32611	33672
chloroplast	CDS	psbD	psbD	photosystem II P680 reaction center D2 protein	22220	23281	+	blastn_feature_transfer	high	99.906	1.0	1062	0.0	1911.0	PX244393.1	Dudleya candelabrum chloroplast, complete genome	32611	33672
chloroplast	CDS	psbA	psbA	photosystem II P680 reaction center D1 protein	22247	23116	+	tblastn_protein_transfer	weak	30.537	0.844	298	2.47e-36	133.0	PX244394.1	Dudleya sp. T72600-1 chloroplast, complete genome	281	1342
chloroplast	CDS	psbA	psbA	photosystem II P680 reaction center D1 protein	22295	23116	+	tblastn_protein_transfer	weak	31.673	0.796	281	3.28e-36	132.0	PX244393.1	Dudleya candelabrum chloroplast, complete genome	345	1406
chloroplast	CDS	psbC	psbC	photosystem II CP43 chlorophyll apoprotein	23229	24647	+	tblastn_protein_transfer	high	100.0	1.0	473	0.0	864.0	PX244393.1	Dudleya candelabrum chloroplast, complete genome	33620	35041
chloroplast	gene	psbC	psbC		23229	24650	+	blastn_feature_transfer	high	99.93	1.0	1422	0.0	2561.0	PX244393.1	Dudleya candelabrum chloroplast, complete genome	33620	35041
chloroplast	CDS	psbC	psbC	photosystem II CP43 chlorophyll apoprotein	23229	24650	+	blastn_feature_transfer	high	99.93	1.0	1422	0.0	2561.0	PX244393.1	Dudleya candelabrum chloroplast, complete genome	33620	35041
chloroplast	CDS	psbC	psbC	photosystem II CP43 chlorophyll apoprotein	23265	24647	+	tblastn_protein_transfer	high	97.614	1.0	461	0.0	825.0	PX244394.1	Dudleya sp. T72600-1 chloroplast, complete genome	37428	38813
chloroplast	gene	psbC	psbC		23265	24650	+	blastn_feature_transfer	high	91.919	1.0	1386	0.0	1995.0	PX244394.1	Dudleya sp. T72600-1 chloroplast, complete genome	37428	38813
chloroplast	CDS	psbC	psbC	photosystem II CP43 chlorophyll apoprotein	23265	24650	+	blastn_feature_transfer	high	91.919	1.0	1386	0.0	1995.0	PX244394.1	Dudleya sp. T72600-1 chloroplast, complete genome	37428	38813
chloroplast	gene	trnS-UGA	trnS-UGA		24836	24928	-	blastn_feature_transfer	high	100.0	1.0	93	1.80e-44	168.0	PX244393.1	Dudleya candelabrum chloroplast, complete genome	35220	35312
chloroplast	tRNA	trnS-UGA	trnS-UGA	tRNA-Ser	24836	24928	-	blastn_feature_transfer	high	100.0	1.0	93	1.80e-44	168.0	PX244393.1	Dudleya candelabrum chloroplast, complete genome	35220	35312
chloroplast	gene	trnS-UGA	trnS-UGA		24875	24928	-	blastn_feature_transfer	high	98.148	1.0	54	5.68e-22	94.2	PX244394.1	Dudleya sp. T72600-1 chloroplast, complete genome	39099	39152
chloroplast	tRNA	trnS-UGA	trnS-UGA	tRNA-Ser	24875	24928	-	blastn_feature_transfer	high	98.148	1.0	54	5.68e-22	94.2	PX244394.1	Dudleya sp. T72600-1 chloroplast, complete genome	39099	39152
chloroplast	CDS	lhbA	lhbA	LhbA	25233	25418	+	tblastn_protein_transfer	high	100.0	1.0	62	1.81e-34	115.0	NC_085682.1	Dudleya farinosa chloroplast, complete genome	36029	36217
chloroplast	CDS	psbZ	psbZ	photosystem II reaction center protein Z	25233	25418	+	tblastn_protein_transfer	high	100.0	1.0	62	1.81e-34	115.0	PX244393.1	Dudleya candelabrum chloroplast, complete genome	35618	35806
chloroplast	gene	lhbA	lhbA		25233	25421	+	blastn_feature_transfer	high	100.0	1.0	189	3.10e-96	342.0	NC_085682.1	Dudleya farinosa chloroplast, complete genome	36029	36217
chloroplast	CDS	lhbA	lhbA	LhbA	25233	25421	+	blastn_feature_transfer	high	100.0	1.0	189	3.10e-96	342.0	NC_085682.1	Dudleya farinosa chloroplast, complete genome	36029	36217
chloroplast	gene	psbZ	psbZ		25233	25421	+	blastn_feature_transfer	high	100.0	1.0	189	3.10e-96	342.0	PX244393.1	Dudleya candelabrum chloroplast, complete genome	35618	35806
chloroplast	CDS	psbZ	psbZ	photosystem II reaction center protein Z	25233	25421	+	blastn_feature_transfer	high	100.0	1.0	189	3.10e-96	342.0	PX244393.1	Dudleya candelabrum chloroplast, complete genome	35618	35806
chloroplast	gene	trnG-UCC	trnG-UCC		26077	26146	+	blastn_feature_transfer	high	97.143	1.0	70	1.99e-29	118.0	PX244394.1	Dudleya sp. T72600-1 chloroplast, complete genome	40032	40101
chloroplast	tRNA	trnG-UCC	trnG-UCC	tRNA-Gly	26077	26146	+	blastn_feature_transfer	high	97.143	1.0	70	1.99e-29	118.0	PX244394.1	Dudleya sp. T72600-1 chloroplast, complete genome	40032	40101
chloroplast	gene	trnG-UCC	trnG-UCC		26077	26147	+	blastn_feature_transfer	high	100.0	1.0	71	1.12e-32	129.0	PX244393.1	Dudleya candelabrum chloroplast, complete genome	36477	36547
chloroplast	tRNA	trnG-UCC	trnG-UCC	tRNA-Gly	26077	26147	+	blastn_feature_transfer	high	100.0	1.0	71	1.12e-32	129.0	PX244393.1	Dudleya candelabrum chloroplast, complete genome	36477	36547
chloroplast	gene	trnfM-CAU	trnfM-CAU		26285	26358	-	blastn_feature_transfer	high	100.0	1.0	74	2.78e-34	134.0	PX244393.1	Dudleya candelabrum chloroplast, complete genome	36685	36758
chloroplast	tRNA	trnfM-CAU	trnfM-CAU	tRNA-fMet	26285	26358	-	blastn_feature_transfer	high	100.0	1.0	74	2.78e-34	134.0	PX244393.1	Dudleya candelabrum chloroplast, complete genome	36685	36758
chloroplast	gene	trnfM-CAU	trnfM-CAU		26286	26358	-	blastn_feature_transfer	high	98.63	1.0	73	4.06e-32	128.0	PX244394.1	Dudleya sp. T72600-1 chloroplast, complete genome	40270	40342
chloroplast	tRNA	trnfM-CAU	trnfM-CAU	tRNA-fMet	26286	26358	-	blastn_feature_transfer	high	98.63	1.0	73	4.06e-32	128.0	PX244394.1	Dudleya sp. T72600-1 chloroplast, complete genome	40270	40342
chloroplast	gene	rps14	rps14		26521	26823	-	blastn_feature_transfer	high	99.34	1.0	303	3.46e-155	538.0	PX244393.1	Dudleya candelabrum chloroplast, complete genome	36921	37223
chloroplast	CDS	rps14	rps14	ribosomal protein S14	26521	26823	-	blastn_feature_transfer	high	99.34	1.0	303	3.46e-155	538.0	PX244393.1	Dudleya candelabrum chloroplast, complete genome	36921	37223
chloroplast	CDS	rps14	rps14	ribosomal protein S14	26524	26823	-	tblastn_protein_transfer	high	99.0	1.0	100	9.48e-65	204.0	PX244393.1	Dudleya candelabrum chloroplast, complete genome	36921	37223
chloroplast	gene	psaB	psaB		26938	29142	-	blastn_feature_transfer	high	99.909	1.0	2205	0.0	3968.0	PX244389.1	Dudleya virens chloroplast, complete genome	37313	39517
chloroplast	CDS	psaB	psaB	photosystem I P700 chlorophyll a apoprotein A2	26938	29142	-	blastn_feature_transfer	high	99.909	1.0	2205	0.0	3968.0	PX244389.1	Dudleya virens chloroplast, complete genome	37313	39517
chloroplast	CDS	psaB	psaB	photosystem I P700 chlorophyll a apoprotein A2	26941	29142	-	tblastn_protein_transfer	high	99.864	1.0	734	0.0	1425.0	PX244393.1	Dudleya candelabrum chloroplast, complete genome	37338	39542
chloroplast	CDS	psaA	psaA	photosystem I P700 chlorophyll a apoprotein A1	26962	29121	-	tblastn_protein_transfer	low	45.319	0.983	737	3.60e-180	565.0	PX244392.1	Dudleya greenei chloroplast, complete genome	39175	41427
chloroplast	CDS	psaA	psaA	photosystem I P700 chlorophyll a apoprotein A1	26962	29133	-	tblastn_protein_transfer	low	45.614	0.988	741	0.0	571.0	PX244393.1	Dudleya candelabrum chloroplast, complete genome	39568	41820
chloroplast	gene	psaA	psaA		29168	31420	-	blastn_feature_transfer	high	99.911	1.0	2253	0.0	4055.0	PX244389.1	Dudleya virens chloroplast, complete genome	39543	41795
chloroplast	CDS	psaA	psaA	photosystem I P700 chlorophyll a apoprotein A1	29168	31420	-	blastn_feature_transfer	high	99.911	1.0	2253	0.0	4055.0	PX244389.1	Dudleya virens chloroplast, complete genome	39543	41795
chloroplast	CDS	psaA	psaA	photosystem I P700 chlorophyll a apoprotein A1	29171	31420	-	tblastn_protein_transfer	high	99.867	1.0	750	0.0	1447.0	PX244393.1	Dudleya candelabrum chloroplast, complete genome	39568	41820
chloroplast	CDS	psaB	psaB	photosystem I P700 chlorophyll a apoprotein A2	29189	31327	-	tblastn_protein_transfer	low	45.935	1.005	738	1.49e-177	557.0	PX244392.1	Dudleya greenei chloroplast, complete genome	36945	39149
chloroplast	CDS	psaB	psaB	photosystem I P700 chlorophyll a apoprotein A2	29189	31339	-	tblastn_protein_transfer	low	46.226	1.011	742	3.64e-179	562.0	PX244393.1	Dudleya candelabrum chloroplast, complete genome	37338	39542
chloroplast	gene	pafI	pafI		32057	34016	-	blastn_feature_transfer	high	99.439	1.002	1960	0.0	3484.0	PX244389.1	Dudleya virens chloroplast, complete genome	42432	44388
chloroplast	gene	ycf3	ycf3		32057	34016	-	blastn_feature_transfer	high	99.185	1.003	1964	0.0	3470.0	NC_085682.1	Dudleya farinosa chloroplast, complete genome	42856	44814
chloroplast	CDS	pafI	pafI	Photosystem I assembly protein Ycf3	32954	33181	-	blastn_feature_transfer	weak	91.228	0.45	228	8.27e-90	322.0	PX244394.1	Dudleya sp. T72600-1 chloroplast, complete genome	46112	48115
chloroplast	CDS	pafI	pafI	Photosystem I assembly protein Ycf3	32954	33181	-	tblastn_protein_transfer	weak	100.0	0.45	76	1.44e-48	161.0	PX244393.1	Dudleya candelabrum chloroplast, complete genome	42445	44402
chloroplast	CDS	ycf3	ycf3	hypothetical chloroplast RF34	32954	33181	-	tblastn_protein_transfer	weak	100.0	0.45	76	1.44e-48	161.0	NC_085682.1	Dudleya farinosa chloroplast, complete genome	42856	44814
chloroplast	CDS	pafI	pafI	Photosystem I assembly protein Ycf3	32954	33182	-	blastn_feature_transfer	weak	100.0	0.449	229	1.71e-117	414.0	PX244393.1	Dudleya candelabrum chloroplast, complete genome	42445	44402
chloroplast	CDS	ycf3	ycf3	hypothetical chloroplast RF34	32954	33182	-	blastn_feature_transfer	weak	100.0	0.449	229	1.71e-117	414.0	NC_085682.1	Dudleya farinosa chloroplast, complete genome	42856	44814
chloroplast	CDS	pafI	pafI	Photosystem I assembly protein Ycf3	32954	33183	-	blastn_feature_transfer	low	94.783	0.454	230	9.43e-102	361.0	PX244392.1	Dudleya greenei chloroplast, complete genome	42153	44084
chloroplast	gene	trnS-GGA	trnS-GGA		34270	34356	+	blastn_feature_transfer	high	100.0	1.0	87	2.99e-41	158.0	PX244393.1	Dudleya candelabrum chloroplast, complete genome	44656	44742
chloroplast	tRNA	trnS-GGA	trnS-GGA	tRNA-Ser	34270	34356	+	blastn_feature_transfer	high	100.0	1.0	87	2.99e-41	158.0	PX244393.1	Dudleya candelabrum chloroplast, complete genome	44656	44742
chloroplast	gene	rps4	rps4		34565	35170	-	blastn_feature_transfer	high	99.835	1.0	606	0.0	1089.0	PX244393.1	Dudleya candelabrum chloroplast, complete genome	44959	45564
chloroplast	CDS	rps4	rps4	ribosomal protein S4	34565	35170	-	blastn_feature_transfer	high	99.835	1.0	606	0.0	1089.0	PX244393.1	Dudleya candelabrum chloroplast, complete genome	44959	45564
chloroplast	CDS	rps4	rps4	ribosomal protein S4	34568	35170	-	tblastn_protein_transfer	high	100.0	1.0	201	2.22e-133	405.0	PX244393.1	Dudleya candelabrum chloroplast, complete genome	44959	45564
chloroplast	gene	trnT-UGU	trnT-UGU		35499	35571	-	blastn_feature_transfer	high	100.0	1.0	73	9.54e-34	132.0	PX244393.1	Dudleya candelabrum chloroplast, complete genome	45894	45966
chloroplast	tRNA	trnT-UGU	trnT-UGU	tRNA-Thr	35499	35571	-	blastn_feature_transfer	high	100.0	1.0	73	9.54e-34	132.0	PX244393.1	Dudleya candelabrum chloroplast, complete genome	45894	45966
chloroplast	gene	trnL-UAA	trnL-UAA		35988	36024	+	blastn_feature_transfer	high	100.0	1.0	37	1.25e-14	68.0	PX244394.1	Dudleya sp. T72600-1 chloroplast, complete genome	51694	51730
chloroplast	tRNA	trnL-UAA	trnL-UAA	tRNA-Leu	35988	36024	+	blastn_feature_transfer	high	100.0	1.0	37	1.25e-14	68.0	PX244394.1	Dudleya sp. T72600-1 chloroplast, complete genome	51694	51730
chloroplast	gene	trnL-UAA	trnL-UAA		35988	36544	+	blastn_feature_transfer	low	74.573	1.106	586	1.67e-111	395.0	PX244392.1	Dudleya greenei chloroplast, complete genome	46940	47469
chloroplast	gene	trnL-UAA	trnL-UAA		35988	36578	+	blastn_feature_transfer	high	98.826	1.0	596	0.0	1040.0	PX244393.1	Dudleya candelabrum chloroplast, complete genome	46383	46978
chloroplast	tRNA	trnL-UAA	trnL-UAA	tRNA-Leu	36529	36578	+	blastn_feature_transfer	low	100.0	0.575	50	3.65e-21	91.5	PX244393.1	Dudleya candelabrum chloroplast, complete genome	46383	46978
chloroplast	gene	trnF-GAA	trnF-GAA		36824	36896	+	blastn_feature_transfer	high	100.0	1.0	73	9.54e-34	132.0	PX244393.1	Dudleya candelabrum chloroplast, complete genome	47223	47295
chloroplast	tRNA	trnF-GAA	trnF-GAA	tRNA-Phe	36824	36896	+	blastn_feature_transfer	high	100.0	1.0	73	9.54e-34	132.0	PX244393.1	Dudleya candelabrum chloroplast, complete genome	47223	47295
chloroplast	gene	ndhJ	ndhJ		37500	37976	-	blastn_feature_transfer	high	99.79	1.0	477	0.0	856.0	PX244391.1	Dudleya lanceolata chloroplast, complete genome	47817	48293
chloroplast	CDS	ndhJ	ndhJ	NADH dehydrogenase subunit J	37500	37976	-	blastn_feature_transfer	high	99.79	1.0	477	0.0	856.0	PX244391.1	Dudleya lanceolata chloroplast, complete genome	47817	48293
chloroplast	CDS	ndhJ	ndhJ	NADH dehydrogenase subunit J	37503	37976	-	tblastn_protein_transfer	high	100.0	1.0	158	2.09e-107	329.0	PX244393.1	Dudleya candelabrum chloroplast, complete genome	47873	48349
chloroplast	gene	ndhK	ndhK		38084	38761	-	blastn_feature_transfer	high	99.853	1.0	678	0.0	1219.0	PX244389.1	Dudleya virens chloroplast, complete genome	48440	49117
chloroplast	CDS	ndhK	ndhK	NADH dehydrogenase subunit K	38084	38761	-	blastn_feature_transfer	high	99.853	1.0	678	0.0	1219.0	PX244389.1	Dudleya virens chloroplast, complete genome	48440	49117
chloroplast	gene	ndhK	ndhK		38084	38773	-	blastn_feature_transfer	high	99.71	1.0	690	0.0	1236.0	NC_085682.1	Dudleya farinosa chloroplast, complete genome	48880	49569
chloroplast	gene	ndhK	ndhK		38085	38761	-	blastn_feature_transfer	medium	87.149	0.999	677	0.0	829.0	PX244394.1	Dudleya sp. T72600-1 chloroplast, complete genome	54065	54742
chloroplast	CDS	ndhK	ndhK	NADH dehydrogenase subunit K	38085	38761	-	blastn_feature_transfer	medium	87.149	0.999	677	0.0	829.0	PX244394.1	Dudleya sp. T72600-1 chloroplast, complete genome	54065	54742
chloroplast	CDS	ndhK	ndhK	NADH dehydrogenase subunit K	38087	38761	-	tblastn_protein_transfer	high	100.0	1.0	225	2.08e-145	441.0	PX244389.1	Dudleya virens chloroplast, complete genome	48440	49117
chloroplast	CDS	ndhK	ndhK	NADH dehydrogenase subunit K	38090	38761	-	tblastn_protein_transfer	high	86.607	0.996	224	1.10e-127	390.0	PX244394.1	Dudleya sp. T72600-1 chloroplast, complete genome	54065	54742
chloroplast	gene	ndhC	ndhC		38818	39180	-	blastn_feature_transfer	high	99.725	1.0	363	0.0	651.0	PX244393.1	Dudleya candelabrum chloroplast, complete genome	49191	49553
chloroplast	CDS	ndhC	ndhC	NADH dehydrogenase subunit C	38818	39180	-	blastn_feature_transfer	high	99.725	1.0	363	0.0	651.0	PX244393.1	Dudleya candelabrum chloroplast, complete genome	49191	49553
chloroplast	CDS	ndhC	ndhC	NADH dehydrogenase subunit C	38821	39180	-	tblastn_protein_transfer	high	100.0	1.0	120	3.54e-74	232.0	PX244393.1	Dudleya candelabrum chloroplast, complete genome	49191	49553
chloroplast	tRNA	trnV-UAC	trnV-UAC	tRNA-Val	40076	40112	-	blastn_feature_transfer	low	100.0	0.493	37	3.45e-14	68.0	PX244394.1	Dudleya sp. T72600-1 chloroplast, complete genome	56471	57127
chloroplast	gene	trnV-UAC	trnV-UAC		40076	40721	-	blastn_feature_transfer	high	99.69	1.002	646	0.0	1153.0	PX244389.1	Dudleya virens chloroplast, complete genome	50430	51074
chloroplast	tRNA	trnV-UAC	trnV-UAC	tRNA-Val	40684	40721	-	blastn_feature_transfer	low	100.0	0.507	38	9.89e-15	69.8	PX244393.1	Dudleya candelabrum chloroplast, complete genome	50445	51090
chloroplast	gene	trnM-CAU	trnM-CAU		40895	40967	+	blastn_feature_transfer	high	100.0	1.0	73	9.54e-34	132.0	PX244393.1	Dudleya candelabrum chloroplast, complete genome	51264	51336
chloroplast	tRNA	trnM-CAU	trnM-CAU	tRNA-Met	40895	40967	+	blastn_feature_transfer	high	100.0	1.0	73	9.54e-34	132.0	PX244393.1	Dudleya candelabrum chloroplast, complete genome	51264	51336
chloroplast	gene	atpE	atpE		41137	41538	-	blastn_feature_transfer	high	100.0	1.0	402	0.0	726.0	PX244393.1	Dudleya candelabrum chloroplast, complete genome	51501	51902
chloroplast	CDS	atpE	atpE	ATP synthase CF0 subunit c	41137	41538	-	blastn_feature_transfer	high	100.0	1.0	402	0.0	726.0	PX244393.1	Dudleya candelabrum chloroplast, complete genome	51501	51902
chloroplast	CDS	atpE	atpE	ATP synthase CF0 subunit c	41140	41538	-	tblastn_protein_transfer	high	100.0	1.0	133	4.24e-86	266.0	PX244393.1	Dudleya candelabrum chloroplast, complete genome	51501	51902
chloroplast	gene	atpB	atpB		41535	43031	-	blastn_feature_transfer	high	99.733	1.0	1497	0.0	2682.0	PX244389.1	Dudleya virens chloroplast, complete genome	51888	53384
chloroplast	CDS	atpB	atpB	ATP synthase CF1 beta subunit	41535	43031	-	blastn_feature_transfer	high	99.733	1.0	1497	0.0	2682.0	PX244389.1	Dudleya virens chloroplast, complete genome	51888	53384
chloroplast	CDS	atpB	atpB	ATP synthase CF1 beta subunit	41538	43031	-	tblastn_protein_transfer	high	99.799	1.0	498	0.0	1004.0	PX244393.1	Dudleya candelabrum chloroplast, complete genome	51899	53395
chloroplast	gene	rbcL	rbcL		43725	45149	+	blastn_feature_transfer	high	92.0	0.994	1425	0.0	2057.0	PX244392.1	Dudleya greenei chloroplast, complete genome	55141	56574
chloroplast	CDS	rbcL	rbcL	ribulose-1,5-bisphosphate carboxylase/oxygenase large subunit	43725	45149	+	blastn_feature_transfer	high	92.0	0.994	1425	0.0	2057.0	PX244392.1	Dudleya greenei chloroplast, complete genome	55141	56574
chloroplast	CDS	rbcL	rbcL	ribulose-1,5-bisphosphate carboxylase/oxygenase large subunit	43725	45149	+	tblastn_protein_transfer	high	99.789	1.0	475	0.0	952.0	PX244389.1	Dudleya virens chloroplast, complete genome	54078	55505
chloroplast	gene	rbcL	rbcL		43725	45152	+	blastn_feature_transfer	high	99.79	1.0	1428	0.0	2562.0	PX244389.1	Dudleya virens chloroplast, complete genome	54078	55505
chloroplast	CDS	rbcL	rbcL	ribulose-1,5-bisphosphate carboxylase/oxygenase large subunit	43725	45152	+	blastn_feature_transfer	high	99.79	1.0	1428	0.0	2562.0	PX244389.1	Dudleya virens chloroplast, complete genome	54078	55505
chloroplast	CDS	accD	accD	acetyl-CoA carboxylase beta subunit	45789	47204	+	tblastn_protein_transfer	medium	70.478	0.988	481	0.0	647.0	PX244392.1	Dudleya greenei chloroplast, complete genome	57275	58738
chloroplast	gene	accD	accD		45789	47206	+	blastn_feature_transfer	medium	81.354	0.989	1448	0.0	1384.0	PX244392.1	Dudleya greenei chloroplast, complete genome	57275	58738
chloroplast	CDS	accD	accD	acetyl-CoA carboxylase beta subunit	45789	47206	+	blastn_feature_transfer	medium	81.354	0.989	1448	0.0	1384.0	PX244392.1	Dudleya greenei chloroplast, complete genome	57275	58738
chloroplast	CDS	accD	accD	acetyl-CoA carboxylase beta subunit	45789	47210	+	tblastn_protein_transfer	medium	68.201	1.013	478	0.0	604.0	PX244394.1	Dudleya sp. T72600-1 chloroplast, complete genome	62335	63753
chloroplast	gene	accD	accD		45789	47212	+	blastn_feature_transfer	medium	80.014	1.012	1436	0.0	1301.0	PX244394.1	Dudleya sp. T72600-1 chloroplast, complete genome	62335	63753
chloroplast	CDS	accD	accD	acetyl-CoA carboxylase beta subunit	45789	47212	+	blastn_feature_transfer	medium	80.014	1.012	1436	0.0	1301.0	PX244394.1	Dudleya sp. T72600-1 chloroplast, complete genome	62335	63753
chloroplast	CDS	accD	accD	acetyl-CoA carboxylase beta subunit	45789	47213	+	tblastn_protein_transfer	high	100.0	0.996	475	0.0	991.0	PX244389.1	Dudleya virens chloroplast, complete genome	56149	57582
chloroplast	gene	accD	accD		45789	47217	+	blastn_feature_transfer	high	99.72	0.995	1430	0.0	2558.0	PX244391.1	Dudleya lanceolata chloroplast, complete genome	56104	57540
chloroplast	CDS	accD	accD	acetyl-CoA carboxylase beta subunit	45789	47217	+	blastn_feature_transfer	high	99.72	0.995	1430	0.0	2558.0	PX244391.1	Dudleya lanceolata chloroplast, complete genome	56104	57540
chloroplast	gene	accD	accD		45789	47221	+	blastn_feature_transfer	high	99.651	1.0	1434	0.0	2561.0	PX244389.1	Dudleya virens chloroplast, complete genome	56149	57582
chloroplast	CDS	accD	accD	acetyl-CoA carboxylase beta subunit	45789	47221	+	blastn_feature_transfer	high	99.651	1.0	1434	0.0	2561.0	PX244389.1	Dudleya virens chloroplast, complete genome	56149	57582
chloroplast	CDS	accD	accD	acetyl-CoA carboxylase beta subunit	45789	47222	+	tblastn_protein_transfer	high	99.372	1.0	478	0.0	992.0	PX244391.1	Dudleya lanceolata chloroplast, complete genome	56104	57540
chloroplast	CDS	accD	accD	acetyl-CoA carboxylase carboxyltransferase beta subunit	45789	47225	+	tblastn_protein_transfer	high	99.165	0.996	479	0.0	992.0	NC_085682.1	Dudleya farinosa chloroplast, complete genome	56582	58027
chloroplast	gene	accD	accD		45789	47229	+	blastn_feature_transfer	high	99.308	1.0	1446	0.0	2563.0	PX244390.1	Dudleya nesiotica chloroplast, complete genome	56144	57589
chloroplast	CDS	accD	accD	acetyl-CoA carboxylase beta subunit	45789	47229	+	blastn_feature_transfer	high	99.308	1.0	1446	0.0	2563.0	PX244390.1	Dudleya nesiotica chloroplast, complete genome	56144	57589
chloroplast	CDS	psaI	psaI	photosystem I subunit VIII	47800	47904	+	tblastn_protein_transfer	high	80.0	0.972	35	6.28e-16	61.6	PX244392.1	Dudleya greenei chloroplast, complete genome	59401	59511
chloroplast	CDS	psaI	psaI	photosystem I subunit VIII	47800	47907	+	tblastn_protein_transfer	high	100.0	1.0	36	1.64e-19	71.6	PX244393.1	Dudleya candelabrum chloroplast, complete genome	58176	58286
chloroplast	gene	psaI	psaI		47800	47910	+	blastn_feature_transfer	high	100.0	1.0	111	3.72e-54	201.0	PX244393.1	Dudleya candelabrum chloroplast, complete genome	58176	58286
chloroplast	CDS	psaI	psaI	photosystem I subunit VIII	47800	47910	+	blastn_feature_transfer	high	100.0	1.0	111	3.72e-54	201.0	PX244393.1	Dudleya candelabrum chloroplast, complete genome	58176	58286
chloroplast	CDS	psaI	psaI	photosystem I subunit VIII	47815	47904	+	tblastn_protein_transfer	medium	73.333	0.75	30	8.52e-11	47.4	PX244394.1	Dudleya sp. T72600-1 chloroplast, complete genome	64520	64642
chloroplast	gene	psaI	psaI		47818	47910	+	blastn_feature_transfer	medium	86.022	0.756	93	2.04e-26	110.0	PX244394.1	Dudleya sp. T72600-1 chloroplast, complete genome	64520	64642
chloroplast	CDS	psaI	psaI	photosystem I subunit VIII	47818	47910	+	blastn_feature_transfer	medium	86.022	0.756	93	2.04e-26	110.0	PX244394.1	Dudleya sp. T72600-1 chloroplast, complete genome	64520	64642
chloroplast	CDS	pafII	pafII	Photosystem I assembly protein Ycf4	48149	48700	+	tblastn_protein_transfer	high	100.0	1.0	184	2.26e-110	339.0	PX244389.1	Dudleya virens chloroplast, complete genome	58512	59066
chloroplast	CDS	ycf4	ycf4	photosystem I assembly protein Ycf4	48149	48700	+	tblastn_protein_transfer	high	99.457	1.0	184	1.67e-109	336.0	NC_085682.1	Dudleya farinosa chloroplast, complete genome	58949	59503
chloroplast	gene	pafII	pafII		48149	48701	+	blastn_feature_transfer	medium	88.427	0.996	553	0.0	710.0	PX244394.1	Dudleya sp. T72600-1 chloroplast, complete genome	65083	65637
chloroplast	CDS	pafII	pafII	Photosystem I assembly protein Ycf4	48149	48701	+	blastn_feature_transfer	medium	88.427	0.996	553	0.0	710.0	PX244394.1	Dudleya sp. T72600-1 chloroplast, complete genome	65083	65637
chloroplast	gene	pafII	pafII		48149	48703	+	blastn_feature_transfer	high	100.0	1.0	555	0.0	1002.0	PX244389.1	Dudleya virens chloroplast, complete genome	58512	59066
chloroplast	CDS	pafII	pafII	Photosystem I assembly protein Ycf4	48149	48703	+	blastn_feature_transfer	high	100.0	1.0	555	0.0	1002.0	PX244389.1	Dudleya virens chloroplast, complete genome	58512	59066
chloroplast	gene	ycf4	ycf4		48149	48703	+	blastn_feature_transfer	high	99.64	1.0	555	0.0	993.0	NC_085682.1	Dudleya farinosa chloroplast, complete genome	58949	59503
chloroplast	CDS	ycf4	ycf4	photosystem I assembly protein Ycf4	48149	48703	+	blastn_feature_transfer	high	99.64	1.0	555	0.0	993.0	NC_085682.1	Dudleya farinosa chloroplast, complete genome	58949	59503
chloroplast	gene	cemA	cemA		49300	49989	+	blastn_feature_transfer	high	99.565	1.0	690	0.0	1232.0	PX244389.1	Dudleya virens chloroplast, complete genome	59666	60355
chloroplast	CDS	cemA	cemA	chloroplast envelope membrane protein	49300	49989	+	blastn_feature_transfer	high	99.565	1.0	690	0.0	1232.0	PX244389.1	Dudleya virens chloroplast, complete genome	59666	60355
chloroplast	gene	cemA	cemA		49305	49989	+	blastn_feature_transfer	medium	83.358	0.993	685	0.0	722.0	PX244392.1	Dudleya greenei chloroplast, complete genome	61255	61944
chloroplast	CDS	cemA	cemA	chloroplast envelope membrane protein	49305	49989	+	blastn_feature_transfer	medium	83.358	0.993	685	0.0	722.0	PX244392.1	Dudleya greenei chloroplast, complete genome	61255	61944
chloroplast	CDS	cemA	cemA	chloroplast envelope membrane protein	49315	49986	+	tblastn_protein_transfer	high	99.107	0.978	224	4.45e-134	409.0	PX244389.1	Dudleya virens chloroplast, complete genome	59666	60355
chloroplast	CDS	cemA	cemA	chloroplast envelope membrane protein	49321	49986	+	tblastn_protein_transfer	medium	77.477	0.969	222	2.18e-94	295.0	PX244392.1	Dudleya greenei chloroplast, complete genome	61255	61944
chloroplast	CDS	cemA	cemA	chloroplast envelope membrane protein	49324	49986	+	tblastn_protein_transfer	medium	69.231	0.991	221	1.75e-93	292.0	PX244394.1	Dudleya sp. T72600-1 chloroplast, complete genome	66295	66966
chloroplast	CDS	petA	petA	cytochrome f	50215	51174	+	tblastn_protein_transfer	high	99.688	1.0	320	0.0	648.0	PX244393.1	Dudleya candelabrum chloroplast, complete genome	60608	61570
chloroplast	gene	petA	petA		50215	51177	+	blastn_feature_transfer	high	99.896	1.0	963	0.0	1733.0	PX244389.1	Dudleya virens chloroplast, complete genome	60581	61543
chloroplast	CDS	petA	petA	cytochrome f	50215	51177	+	blastn_feature_transfer	high	99.896	1.0	963	0.0	1733.0	PX244389.1	Dudleya virens chloroplast, complete genome	60581	61543
chloroplast	gene	psbJ	psbJ		51906	52028	-	blastn_feature_transfer	high	100.0	1.0	123	1.29e-60	223.0	PX244393.1	Dudleya candelabrum chloroplast, complete genome	62299	62421
chloroplast	CDS	psbJ	psbJ	photosystem II reaction center protein J	51906	52028	-	blastn_feature_transfer	high	100.0	1.0	123	1.29e-60	223.0	PX244393.1	Dudleya candelabrum chloroplast, complete genome	62299	62421
chloroplast	CDS	psbJ	psbJ	photosystem II reaction center protein J	51942	52028	-	tblastn_protein_transfer	medium	89.655	0.725	29	4.87e-12	50.8	PX244394.1	Dudleya sp. T72600-1 chloroplast, complete genome	69059	69181
chloroplast	gene	psbL	psbL		52163	52280	-	blastn_feature_transfer	high	99.153	1.009	118	3.25e-55	205.0	PX244393.1	Dudleya candelabrum chloroplast, complete genome	62556	62672
chloroplast	CDS	psbL	psbL	photosystem II reaction center protein L	52163	52280	-	blastn_feature_transfer	high	99.153	1.009	118	3.25e-55	205.0	PX244393.1	Dudleya candelabrum chloroplast, complete genome	62556	62672
chloroplast	gene	psbL	psbL		52163	52361	-	blastn_feature_transfer	high	99.497	1.005	199	6.30e-99	352.0	NC_085682.1	Dudleya farinosa chloroplast, complete genome	62892	63089
chloroplast	CDS	psbL	psbL	photosystem II protein L	52163	52361	-	blastn_feature_transfer	high	99.497	1.005	199	6.30e-99	352.0	NC_085682.1	Dudleya farinosa chloroplast, complete genome	62892	63089
chloroplast	gene	psbL	psbL		52164	52274	-	blastn_feature_transfer	high	93.694	0.949	111	2.34e-44	169.0	PX244392.1	Dudleya greenei chloroplast, complete genome	64405	64521
chloroplast	CDS	psbL	psbL	photosystem II reaction center protein L	52164	52274	-	blastn_feature_transfer	high	93.694	0.949	111	2.34e-44	169.0	PX244392.1	Dudleya greenei chloroplast, complete genome	64405	64521
chloroplast	CDS	psbL	psbL	photosystem II reaction center protein L	52166	52273	-	tblastn_protein_transfer	high	100.0	0.947	36	4.43e-20	73.6	PX244393.1	Dudleya candelabrum chloroplast, complete genome	62556	62672
chloroplast	CDS	psbL	psbL	photosystem II protein L	52275	52361	-	tblastn_protein_transfer	weak	96.552	0.446	29	3.57e-29	62.8	NC_085682.1	Dudleya farinosa chloroplast, complete genome	62892	63089
chloroplast	gene	psbF	psbF		52303	52422	-	blastn_feature_transfer	high	100.0	1.0	120	5.31e-59	217.0	PX244393.1	Dudleya candelabrum chloroplast, complete genome	62695	62814
chloroplast	CDS	psbF	psbF	photosystem II cytochrome b559 beta subunit	52303	52422	-	blastn_feature_transfer	high	100.0	1.0	120	5.31e-59	217.0	PX244393.1	Dudleya candelabrum chloroplast, complete genome	62695	62814
chloroplast	CDS	psbF	psbF	photosystem II cytochrome b559 beta subunit	52306	52422	-	tblastn_protein_transfer	high	100.0	1.0	39	7.25e-23	81.3	PX244394.1	Dudleya sp. T72600-1 chloroplast, complete genome	69460	69579
chloroplast	gene	psbE	psbE		52432	52683	-	blastn_feature_transfer	high	100.0	1.0	252	2.66e-130	455.0	PX244393.1	Dudleya candelabrum chloroplast, complete genome	62824	63075
chloroplast	CDS	psbE	psbE	photosystem II cytochrome b559 alpha subunit	52432	52683	-	blastn_feature_transfer	high	100.0	1.0	252	2.66e-130	455.0	PX244393.1	Dudleya candelabrum chloroplast, complete genome	62824	63075
chloroplast	CDS	psbE	psbE	photosystem II cytochrome b559 alpha subunit	52435	52683	-	tblastn_protein_transfer	high	100.0	1.0	83	2.50e-52	167.0	PX244394.1	Dudleya sp. T72600-1 chloroplast, complete genome	69588	69839
chloroplast	CDS	petL	petL	cytochrome b6-f complex subunit VI	53748	53840	+	tblastn_protein_transfer	high	100.0	1.0	31	1.09e-14	57.8	PX244393.1	Dudleya candelabrum chloroplast, complete genome	64136	64231
chloroplast	gene	petL	petL		53748	53843	+	blastn_feature_transfer	high	98.958	1.0	96	1.87e-44	169.0	PX244393.1	Dudleya candelabrum chloroplast, complete genome	64136	64231
chloroplast	CDS	petL	petL	cytochrome b6-f complex subunit VI	53748	53843	+	blastn_feature_transfer	high	98.958	1.0	96	1.87e-44	169.0	PX244393.1	Dudleya candelabrum chloroplast, complete genome	64136	64231
chloroplast	CDS	petG	petG	cytochrome b6-f complex subunit V	54015	54122	+	tblastn_protein_transfer	high	91.667	0.973	36	8.88e-18	66.6	PX244394.1	Dudleya sp. T72600-1 chloroplast, complete genome	71351	71464
chloroplast	CDS	petG	petG	cytochrome b6-f complex subunit V	54015	54125	+	tblastn_protein_transfer	high	100.0	1.0	37	3.80e-20	73.6	PX244393.1	Dudleya candelabrum chloroplast, complete genome	64402	64515
chloroplast	gene	petG	petG		54015	54128	+	blastn_feature_transfer	high	100.0	1.0	114	9.04e-56	206.0	PX244393.1	Dudleya candelabrum chloroplast, complete genome	64402	64515
chloroplast	CDS	petG	petG	cytochrome b6-f complex subunit V	54015	54128	+	blastn_feature_transfer	high	100.0	1.0	114	9.04e-56	206.0	PX244393.1	Dudleya candelabrum chloroplast, complete genome	64402	64515
chloroplast	gene	trnW-CCA	trnW-CCA		54255	54328	-	blastn_feature_transfer	high	100.0	1.0	74	2.78e-34	134.0	PX244393.1	Dudleya candelabrum chloroplast, complete genome	64642	64715
chloroplast	tRNA	trnW-CCA	trnW-CCA	tRNA-Trp	54255	54328	-	blastn_feature_transfer	high	100.0	1.0	74	2.78e-34	134.0	PX244393.1	Dudleya candelabrum chloroplast, complete genome	64642	64715
chloroplast	gene	trnP-UGG	trnP-UGG		54482	54556	-	blastn_feature_transfer	high	100.0	1.0	75	8.11e-35	136.0	PX244393.1	Dudleya candelabrum chloroplast, complete genome	64869	64943
chloroplast	tRNA	trnP-UGG	trnP-UGG	tRNA-Pro	54482	54556	-	blastn_feature_transfer	high	100.0	1.0	75	8.11e-35	136.0	PX244393.1	Dudleya candelabrum chloroplast, complete genome	64869	64943
chloroplast	CDS	psaJ	psaJ	photosystem I subunit IX	54813	54944	+	tblastn_protein_transfer	high	100.0	1.0	44	2.13e-25	89.0	PX244393.1	Dudleya candelabrum chloroplast, complete genome	65200	65334
chloroplast	gene	psaJ	psaJ		54813	54946	+	blastn_feature_transfer	medium	85.821	0.993	134	1.75e-40	157.0	PX244392.1	Dudleya greenei chloroplast, complete genome	67069	67203
chloroplast	CDS	psaJ	psaJ	photosystem I subunit IX	54813	54946	+	blastn_feature_transfer	medium	85.821	0.993	134	1.75e-40	157.0	PX244392.1	Dudleya greenei chloroplast, complete genome	67069	67203
chloroplast	gene	psaJ	psaJ		54813	54947	+	blastn_feature_transfer	high	100.0	1.0	135	4.38e-67	244.0	PX244393.1	Dudleya candelabrum chloroplast, complete genome	65200	65334
chloroplast	CDS	psaJ	psaJ	photosystem I subunit IX	54813	54947	+	blastn_feature_transfer	high	100.0	1.0	135	4.38e-67	244.0	PX244393.1	Dudleya candelabrum chloroplast, complete genome	65200	65334
chloroplast	CDS	rpl33	rpl33	large subunit ribosomal protein L33	55389	55586	+	tblastn_protein_transfer	high	100.0	1.0	66	2.44e-41	135.0	PX244391.1	Dudleya lanceolata chloroplast, complete genome	65632	65832
chloroplast	gene	rpl33	rpl33		55389	55588	+	blastn_feature_transfer	medium	84.0	0.995	200	9.53e-59	217.0	PX244394.1	Dudleya sp. T72600-1 chloroplast, complete genome	73182	73382
chloroplast	CDS	rpl33	rpl33	large subunit ribosomal protein L33	55389	55588	+	blastn_feature_transfer	medium	84.0	0.995	200	9.53e-59	217.0	PX244394.1	Dudleya sp. T72600-1 chloroplast, complete genome	73182	73382
chloroplast	gene	rpl33	rpl33		55389	55589	+	blastn_feature_transfer	high	100.0	1.0	201	1.02e-102	363.0	PX244391.1	Dudleya lanceolata chloroplast, complete genome	65632	65832
chloroplast	CDS	rpl33	rpl33	large subunit ribosomal protein L33	55389	55589	+	blastn_feature_transfer	high	100.0	1.0	201	1.02e-102	363.0	PX244391.1	Dudleya lanceolata chloroplast, complete genome	65632	65832
chloroplast	gene	rps18	rps18		55732	55989	+	blastn_feature_transfer	medium	90.31	0.819	258	2.97e-99	353.0	PX244394.1	Dudleya sp. T72600-1 chloroplast, complete genome	73907	74221
chloroplast	CDS	rps18	rps18	ribosomal protein S18	55732	55989	+	blastn_feature_transfer	medium	90.31	0.819	258	2.97e-99	353.0	PX244394.1	Dudleya sp. T72600-1 chloroplast, complete genome	73907	74221
chloroplast	CDS	rps18	rps18	ribosomal protein S18	55732	56022	+	tblastn_protein_transfer	high	85.567	0.933	97	1.69e-50	163.0	PX244394.1	Dudleya sp. T72600-1 chloroplast, complete genome	73907	74221
chloroplast	CDS	rps18	rps18	ribosomal protein S18	55732	56034	+	tblastn_protein_transfer	high	99.01	1.0	101	1.32e-62	197.0	PX244389.1	Dudleya virens chloroplast, complete genome	66080	66385
chloroplast	gene	rps18	rps18		55732	56036	+	blastn_feature_transfer	high	98.689	0.997	305	1.49e-153	533.0	NC_085682.1	Dudleya farinosa chloroplast, complete genome	66472	66777
chloroplast	CDS	rps18	rps18	ribosomal protein S18	55732	56036	+	blastn_feature_transfer	high	98.689	0.997	305	1.49e-153	533.0	NC_085682.1	Dudleya farinosa chloroplast, complete genome	66472	66777
chloroplast	gene	rps18	rps18		55732	56037	+	blastn_feature_transfer	high	99.346	1.0	306	8.23e-157	544.0	PX244389.1	Dudleya virens chloroplast, complete genome	66080	66385
chloroplast	CDS	rps18	rps18	ribosomal protein S18	55732	56037	+	blastn_feature_transfer	high	99.346	1.0	306	8.23e-157	544.0	PX244389.1	Dudleya virens chloroplast, complete genome	66080	66385
chloroplast	gene	rpl20	rpl20		56271	56633	-	blastn_feature_transfer	high	99.725	1.0	363	0.0	651.0	PX244389.1	Dudleya virens chloroplast, complete genome	66619	66981
chloroplast	CDS	rpl20	rpl20	large subunit ribosomal protein L20	56271	56633	-	blastn_feature_transfer	high	99.725	1.0	363	0.0	651.0	PX244389.1	Dudleya virens chloroplast, complete genome	66619	66981
chloroplast	CDS	rpl20	rpl20	large subunit ribosomal protein L20	56274	56579	-	tblastn_protein_transfer	high	100.0	0.85	102	1.18e-54	176.0	PX244393.1	Dudleya candelabrum chloroplast, complete genome	66656	67018
chloroplast	CDS	rpl20	rpl20	large subunit ribosomal protein L20	56286	56579	-	tblastn_protein_transfer	medium	77.0	0.833	100	1.01e-35	122.0	PX244394.1	Dudleya sp. T72600-1 chloroplast, complete genome	74471	74833
chloroplast	CDS	rpl20	rpl20	large subunit ribosomal protein L20	56289	56579	-	tblastn_protein_transfer	medium	85.567	0.758	97	1.33e-52	171.0	PX244392.1	Dudleya greenei chloroplast, complete genome	68553	68939
chloroplast	gene	rpl20	rpl20		56290	56633	-	blastn_feature_transfer	medium	88.372	0.889	344	9.26e-126	441.0	PX244392.1	Dudleya greenei chloroplast, complete genome	68553	68939
chloroplast	CDS	rpl20	rpl20	large subunit ribosomal protein L20	56290	56633	-	blastn_feature_transfer	medium	88.372	0.889	344	9.26e-126	441.0	PX244392.1	Dudleya greenei chloroplast, complete genome	68553	68939
chloroplast	gene	rpl20	rpl20		56504	56585	-	blastn_feature_transfer	high	98.78	1.012	82	7.34e-36	141.0	NC_085682.1	Dudleya farinosa chloroplast, complete genome	67222	67302
chloroplast	CDS	rpl20	rpl20	ribosomal protein L20	56504	56585	-	blastn_feature_transfer	high	98.78	1.012	82	7.34e-36	141.0	NC_085682.1	Dudleya farinosa chloroplast, complete genome	67222	67302
chloroplast	CDS	clpP1	clpP1	ATP-dependent Clp protease proteolytic subunit	57673	57899	-	blastn_feature_transfer	weak	89.868	0.384	227	7.46e-85	306.0	PX244392.1	Dudleya greenei chloroplast, complete genome	69997	71922
chloroplast	CDS	clpP	clpP	Clp protease proteolytic subunit	57673	57900	-	blastn_feature_transfer	weak	99.561	0.388	228	2.95e-115	407.0	NC_085682.1	Dudleya farinosa chloroplast, complete genome	68402	70421
chloroplast	CDS	clpP1	clpP1	ATP-dependent Clp protease proteolytic subunit	57673	57900	-	blastn_feature_transfer	weak	99.561	0.388	228	2.95e-115	407.0	PX244393.1	Dudleya candelabrum chloroplast, complete genome	68058	70072
chloroplast	gene	clpP1	clpP1		57673	59172	-	blastn_feature_transfer	medium	76.092	0.832	1602	0.0	1152.0	PX244392.1	Dudleya greenei chloroplast, complete genome	69997	71922
chloroplast	gene	clpP1	clpP1		57673	59692	-	blastn_feature_transfer	high	99.554	1.0	2020	0.0	3603.0	PX244391.1	Dudleya lanceolata chloroplast, complete genome	67922	69941
chloroplast	gene	clpP	clpP		57673	59692	-	blastn_feature_transfer	high	99.455	1.0	2020	0.0	3594.0	NC_085682.1	Dudleya farinosa chloroplast, complete genome	68402	70421
chloroplast	CDS	clpP1	clpP1	ATP-dependent Clp protease proteolytic subunit	57676	57897	-	tblastn_protein_transfer	weak	87.838	0.378	74	4.68e-30	109.0	PX244392.1	Dudleya greenei chloroplast, complete genome	69997	71922
chloroplast	CDS	clpP1	clpP1	ATP-dependent Clp protease proteolytic subunit	57676	57903	-	tblastn_protein_transfer	weak	76.316	0.365	76	1.34e-26	100.0	PX244394.1	Dudleya sp. T72600-1 chloroplast, complete genome	75850	78290
chloroplast	CDS	clpP	clpP	Clp protease proteolytic subunit	57676	58002	-	tblastn_protein_transfer	low	73.394	0.559	109	1.44e-45	154.0	NC_085682.1	Dudleya farinosa chloroplast, complete genome	68402	70421
chloroplast	CDS	clpP1	clpP1	ATP-dependent Clp protease proteolytic subunit	57676	58002	-	tblastn_protein_transfer	low	73.394	0.559	109	1.44e-45	154.0	PX244393.1	Dudleya candelabrum chloroplast, complete genome	68058	70072
chloroplast	gene	clpP1	clpP1		57683	58860	-	blastn_feature_transfer	low	75.078	0.526	1284	0.0	856.0	PX244394.1	Dudleya sp. T72600-1 chloroplast, complete genome	75850	78290
chloroplast	CDS	clpP1	clpP1	ATP-dependent Clp protease proteolytic subunit	58454	58747	-	tblastn_protein_transfer	low	87.755	0.5	98	1.12e-57	188.0	PX244392.1	Dudleya greenei chloroplast, complete genome	69997	71922
chloroplast	CDS	clpP1	clpP1	ATP-dependent Clp protease proteolytic subunit	58454	58748	-	blastn_feature_transfer	low	89.492	0.499	295	6.53e-111	393.0	PX244392.1	Dudleya greenei chloroplast, complete genome	69997	71922
chloroplast	CDS	clpP1	clpP1	ATP-dependent Clp protease proteolytic subunit	58454	58750	-	blastn_feature_transfer	low	99.663	0.505	297	1.03e-152	532.0	PX244393.1	Dudleya candelabrum chloroplast, complete genome	68058	70072
chloroplast	CDS	clpP	clpP	Clp protease proteolytic subunit	58454	58750	-	blastn_feature_transfer	low	99.327	0.505	297	1.25e-151	527.0	NC_085682.1	Dudleya farinosa chloroplast, complete genome	68402	70421
chloroplast	CDS	clpP1	clpP1	ATP-dependent Clp protease proteolytic subunit	58457	58747	-	tblastn_protein_transfer	low	73.196	0.466	97	3.48e-47	159.0	PX244394.1	Dudleya sp. T72600-1 chloroplast, complete genome	75850	78290
chloroplast	CDS	clpP	clpP	Clp protease proteolytic subunit	58457	58762	-	tblastn_protein_transfer	low	97.059	0.523	102	1.21e-64	208.0	NC_085682.1	Dudleya farinosa chloroplast, complete genome	68402	70421
chloroplast	CDS	clpP1	clpP1	ATP-dependent Clp protease proteolytic subunit	58457	58762	-	tblastn_protein_transfer	low	97.059	0.523	102	1.21e-64	208.0	PX244393.1	Dudleya candelabrum chloroplast, complete genome	68058	70072
chloroplast	CDS	psbB	psbB	photosystem II CP47 chlorophyll apoprotein	60133	61656	+	tblastn_protein_transfer	high	99.803	1.0	508	0.0	1006.0	PX244393.1	Dudleya candelabrum chloroplast, complete genome	70512	72038
chloroplast	gene	psbB	psbB		60133	61657	+	blastn_feature_transfer	high	90.164	0.999	1525	0.0	2075.0	PX244394.1	Dudleya sp. T72600-1 chloroplast, complete genome	78732	80258
chloroplast	CDS	psbB	psbB	photosystem II CP47 chlorophyll apoprotein	60133	61657	+	blastn_feature_transfer	high	90.164	0.999	1525	0.0	2075.0	PX244394.1	Dudleya sp. T72600-1 chloroplast, complete genome	78732	80258
chloroplast	gene	psbB	psbB		60133	61659	+	blastn_feature_transfer	high	99.869	1.0	1527	0.0	2746.0	PX244393.1	Dudleya candelabrum chloroplast, complete genome	70512	72038
chloroplast	CDS	psbB	psbB	photosystem II CP47 chlorophyll apoprotein	60133	61659	+	blastn_feature_transfer	high	99.869	1.0	1527	0.0	2746.0	PX244393.1	Dudleya candelabrum chloroplast, complete genome	70512	72038
chloroplast	CDS	psbT	psbT	photosystem II reaction center protein T	61839	61937	+	tblastn_protein_transfer	high	100.0	1.0	33	9.28e-18	66.6	PX244393.1	Dudleya candelabrum chloroplast, complete genome	72218	72319
chloroplast	gene	psbT	psbT		61839	61940	+	blastn_feature_transfer	high	100.0	1.0	102	2.62e-49	185.0	PX244393.1	Dudleya candelabrum chloroplast, complete genome	72218	72319
chloroplast	CDS	psbT	psbT	photosystem II reaction center protein T	61839	61940	+	blastn_feature_transfer	high	100.0	1.0	102	2.62e-49	185.0	PX244393.1	Dudleya candelabrum chloroplast, complete genome	72218	72319
chloroplast	gene	pbf1	pbf1		62001	62132	-	blastn_feature_transfer	high	100.0	1.0	132	1.82e-65	239.0	PX244393.1	Dudleya candelabrum chloroplast, complete genome	72380	72511
chloroplast	CDS	pbf1	pbf1	Photosystem biogenesis factor 1	62001	62132	-	blastn_feature_transfer	high	100.0	1.0	132	1.82e-65	239.0	PX244393.1	Dudleya candelabrum chloroplast, complete genome	72380	72511
chloroplast	gene	psbN	psbN		62001	62132	-	blastn_feature_transfer	high	100.0	1.0	132	1.82e-65	239.0	NC_085682.1	Dudleya farinosa chloroplast, complete genome	72730	72861
chloroplast	CDS	psbN	psbN	photosystem II protein N	62001	62132	-	blastn_feature_transfer	high	100.0	1.0	132	1.82e-65	239.0	NC_085682.1	Dudleya farinosa chloroplast, complete genome	72730	72861
chloroplast	gene	pbf1	pbf1		62002	62132	-	blastn_feature_transfer	high	93.893	0.992	131	4.56e-54	201.0	PX244394.1	Dudleya sp. T72600-1 chloroplast, complete genome	80621	80752
chloroplast	CDS	pbf1	pbf1	Photosystem biogenesis factor 1	62002	62132	-	blastn_feature_transfer	high	93.893	0.992	131	4.56e-54	201.0	PX244394.1	Dudleya sp. T72600-1 chloroplast, complete genome	80621	80752
chloroplast	CDS	pbf1	pbf1	Photosystem biogenesis factor 1	62004	62132	-	tblastn_protein_transfer	high	100.0	1.0	43	2.06e-25	89.0	PX244393.1	Dudleya candelabrum chloroplast, complete genome	72380	72511
chloroplast	CDS	psbN	psbN	photosystem II protein N	62004	62132	-	tblastn_protein_transfer	high	100.0	1.0	43	2.06e-25	89.0	NC_085682.1	Dudleya farinosa chloroplast, complete genome	72730	72861
chloroplast	CDS	psbH	psbH	photosystem II 10 kDa protein	62235	62453	+	tblastn_protein_transfer	high	98.63	1.0	73	2.24e-45	147.0	PX244393.1	Dudleya candelabrum chloroplast, complete genome	72614	72835
chloroplast	gene	psbH	psbH		62235	62455	+	blastn_feature_transfer	medium	87.33	0.995	221	1.57e-75	273.0	PX244394.1	Dudleya sp. T72600-1 chloroplast, complete genome	80855	81076
chloroplast	CDS	psbH	psbH	photosystem II 10 kDa protein	62235	62455	+	blastn_feature_transfer	medium	87.33	0.995	221	1.57e-75	273.0	PX244394.1	Dudleya sp. T72600-1 chloroplast, complete genome	80855	81076
chloroplast	gene	psbH	psbH		62235	62456	+	blastn_feature_transfer	high	99.099	1.0	222	2.32e-111	392.0	PX244393.1	Dudleya candelabrum chloroplast, complete genome	72614	72835
chloroplast	CDS	psbH	psbH	photosystem II 10 kDa protein	62235	62456	+	blastn_feature_transfer	high	99.099	1.0	222	2.32e-111	392.0	PX244393.1	Dudleya candelabrum chloroplast, complete genome	72614	72835
chloroplast	gene	petB	petB		62574	64042	+	blastn_feature_transfer	high	99.796	1.0	1469	0.0	2636.0	PX244389.1	Dudleya virens chloroplast, complete genome	72921	74389
chloroplast	gene	petB	petB		62915	64042	+	blastn_feature_transfer	medium	83.187	0.834	1142	0.0	1180.0	PX244392.1	Dudleya greenei chloroplast, complete genome	74831	76199
chloroplast	CDS	petB	petB	cytochrome b6	63394	64042	+	blastn_feature_transfer	high	99.692	0.992	649	0.0	1162.0	NC_085682.1	Dudleya farinosa chloroplast, complete genome	73303	74783
chloroplast	CDS	petB	petB	cytochrome b6	63395	64039	+	tblastn_protein_transfer	high	100.0	0.991	215	7.60e-138	419.0	NC_085682.1	Dudleya farinosa chloroplast, complete genome	73303	74783
chloroplast	CDS	petB	petB	cytochrome b6	63400	64042	+	blastn_feature_transfer	high	100.0	0.992	643	0.0	1160.0	PX244389.1	Dudleya virens chloroplast, complete genome	72921	74389
chloroplast	gene	petD	petD		64242	65453	+	blastn_feature_transfer	high	99.67	1.002	1212	0.0	2166.0	PX244393.1	Dudleya candelabrum chloroplast, complete genome	74627	75836
chloroplast	CDS	petD	petD	cytochrome b6-f complex subunit IV	64977	65450	+	tblastn_protein_transfer	high	98.734	0.988	158	5.11e-101	311.0	PX244394.1	Dudleya sp. T72600-1 chloroplast, complete genome	82885	84120
chloroplast	CDS	petD	petD	cytochrome b6-f complex subunit IV	64978	65453	+	blastn_feature_transfer	high	100.0	0.986	476	0.0	859.0	PX244389.1	Dudleya virens chloroplast, complete genome	74584	75793
chloroplast	CDS	petD	petD	cytochrome b6/f complex subunit IV	64980	65453	+	blastn_feature_transfer	high	99.789	0.981	474	0.0	851.0	NC_085682.1	Dudleya farinosa chloroplast, complete genome	74978	76187
chloroplast	gene	rpoA	rpoA		65637	66642	-	blastn_feature_transfer	medium	84.783	0.998	1012	0.0	1132.0	PX244392.1	Dudleya greenei chloroplast, complete genome	77797	78810
chloroplast	CDS	rpoA	rpoA	RNA polymerase alpha subunit	65637	66642	-	blastn_feature_transfer	medium	84.783	0.998	1012	0.0	1132.0	PX244392.1	Dudleya greenei chloroplast, complete genome	77797	78810
chloroplast	gene	rpoA	rpoA		65641	66642	-	blastn_feature_transfer	high	99.8	1.0	1002	0.0	1799.0	PX244393.1	Dudleya candelabrum chloroplast, complete genome	76024	77025
chloroplast	CDS	rpoA	rpoA	RNA polymerase alpha subunit	65641	66642	-	blastn_feature_transfer	high	99.8	1.0	1002	0.0	1799.0	PX244393.1	Dudleya candelabrum chloroplast, complete genome	76024	77025
chloroplast	CDS	rpoA	rpoA	RNA polymerase alpha subunit	65644	66642	-	tblastn_protein_transfer	high	99.7	1.0	333	0.0	685.0	NC_085682.1	Dudleya farinosa chloroplast, complete genome	76375	77376
chloroplast	CDS	rpoA	rpoA	RNA polymerase alpha subunit	65647	66642	-	tblastn_protein_transfer	medium	78.443	0.991	334	6.54e-177	537.0	PX244392.1	Dudleya greenei chloroplast, complete genome	77797	78810
chloroplast	gene	rpoA	rpoA		65851	66648	-	blastn_feature_transfer	medium	85.448	0.993	804	0.0	924.0	PX244394.1	Dudleya sp. T72600-1 chloroplast, complete genome	84541	85350
chloroplast	CDS	rpoA	rpoA	RNA polymerase alpha subunit	65851	66648	-	blastn_feature_transfer	medium	85.448	0.993	804	0.0	924.0	PX244394.1	Dudleya sp. T72600-1 chloroplast, complete genome	84541	85350
chloroplast	CDS	rpoA	rpoA	RNA polymerase alpha subunit	65851	66648	-	tblastn_protein_transfer	medium	79.104	0.996	268	4.93e-145	442.0	PX244394.1	Dudleya sp. T72600-1 chloroplast, complete genome	84541	85350
chloroplast	gene	rps11	rps11		66708	67124	-	blastn_feature_transfer	high	99.76	1.0	417	0.0	748.0	PX244389.1	Dudleya virens chloroplast, complete genome	77048	77464
chloroplast	CDS	rps11	rps11	ribosomal protein S11	66708	67124	-	blastn_feature_transfer	high	99.76	1.0	417	0.0	748.0	PX244389.1	Dudleya virens chloroplast, complete genome	77048	77464
chloroplast	gene	rps11	rps11		66709	67124	-	blastn_feature_transfer	medium	84.615	0.998	416	3.06e-132	462.0	PX244394.1	Dudleya sp. T72600-1 chloroplast, complete genome	85416	85832
chloroplast	CDS	rps11	rps11	ribosomal protein S11	66709	67124	-	blastn_feature_transfer	medium	84.615	0.998	416	3.06e-132	462.0	PX244394.1	Dudleya sp. T72600-1 chloroplast, complete genome	85416	85832
chloroplast	CDS	rps11	rps11	ribosomal protein S11	66711	67124	-	tblastn_protein_transfer	high	99.275	1.0	138	6.30e-78	243.0	PX244393.1	Dudleya candelabrum chloroplast, complete genome	77091	77507
chloroplast	gene	rpl36	rpl36		67241	67354	-	blastn_feature_transfer	high	100.0	1.0	114	9.04e-56	206.0	PX244393.1	Dudleya candelabrum chloroplast, complete genome	77624	77737
chloroplast	CDS	rpl36	rpl36	large subunit ribosomal protein L36	67241	67354	-	blastn_feature_transfer	high	100.0	1.0	114	9.04e-56	206.0	PX244393.1	Dudleya candelabrum chloroplast, complete genome	77624	77737
chloroplast	CDS	rpl36	rpl36	large subunit ribosomal protein L36	67244	67354	-	tblastn_protein_transfer	high	100.0	1.0	37	2.30e-11	48.5	PX244393.1	Dudleya candelabrum chloroplast, complete genome	77624	77737
chloroplast	gene	infA	infA		67475	67717	-	blastn_feature_transfer	high	100.0	1.0	243	1.97e-125	439.0	PX244389.1	Dudleya virens chloroplast, complete genome	77815	78057
chloroplast	CDS	infA	infA	translation initiation factor IF-1	67475	67717	-	blastn_feature_transfer	high	100.0	1.0	243	1.97e-125	439.0	PX244389.1	Dudleya virens chloroplast, complete genome	77815	78057
chloroplast	CDS	infA	infA	translation initiation factor IF-1	67478	67717	-	tblastn_protein_transfer	high	100.0	1.0	80	1.81e-49	159.0	PX244389.1	Dudleya virens chloroplast, complete genome	77815	78057
chloroplast	gene	infA	infA		67486	67717	-	blastn_feature_transfer	medium	88.793	0.991	232	3.42e-84	302.0	PX244394.1	Dudleya sp. T72600-1 chloroplast, complete genome	86194	86427
chloroplast	CDS	infA	infA	translation initiation factor IF-1	67486	67717	-	blastn_feature_transfer	medium	88.793	0.991	232	3.42e-84	302.0	PX244394.1	Dudleya sp. T72600-1 chloroplast, complete genome	86194	86427
chloroplast	CDS	infA	infA	translation initiation factor IF-1	67487	67717	-	tblastn_protein_transfer	high	92.208	1.0	77	7.75e-45	145.0	PX244392.1	Dudleya greenei chloroplast, complete genome	79633	79866
chloroplast	gene	rps8	rps8		67839	68238	-	blastn_feature_transfer	medium	85.75	0.988	400	8.51e-133	465.0	PX244394.1	Dudleya sp. T72600-1 chloroplast, complete genome	86546	86950
chloroplast	CDS	rps8	rps8	ribosomal protein S8	67839	68238	-	blastn_feature_transfer	medium	85.75	0.988	400	8.51e-133	465.0	PX244394.1	Dudleya sp. T72600-1 chloroplast, complete genome	86546	86950
chloroplast	gene	rps8	rps8		67839	68243	-	blastn_feature_transfer	high	100.0	1.0	405	0.0	731.0	PX244391.1	Dudleya lanceolata chloroplast, complete genome	78092	78496
chloroplast	CDS	rps8	rps8	ribosomal protein S8	67839	68243	-	blastn_feature_transfer	high	100.0	1.0	405	0.0	731.0	PX244391.1	Dudleya lanceolata chloroplast, complete genome	78092	78496
chloroplast	CDS	rps8	rps8	ribosomal protein S8	67842	68243	-	tblastn_protein_transfer	high	100.0	1.0	134	4.16e-87	270.0	PX244391.1	Dudleya lanceolata chloroplast, complete genome	78092	78496
chloroplast	gene	rpl14	rpl14		68394	68762	-	blastn_feature_transfer	high	100.0	1.0	369	0.0	666.0	PX244393.1	Dudleya candelabrum chloroplast, complete genome	78777	79145
chloroplast	CDS	rpl14	rpl14	large subunit ribosomal protein L14	68394	68762	-	blastn_feature_transfer	high	100.0	1.0	369	0.0	666.0	PX244393.1	Dudleya candelabrum chloroplast, complete genome	78777	79145
chloroplast	CDS	rpl14	rpl14	large subunit ribosomal protein L14	68397	68762	-	tblastn_protein_transfer	high	100.0	1.0	122	6.03e-79	246.0	PX244393.1	Dudleya candelabrum chloroplast, complete genome	78777	79145
chloroplast	CDS	rpl16	rpl16	large subunit ribosomal protein L16	68897	69295	-	blastn_feature_transfer	high	100.0	0.978	399	0.0	720.0	PX244389.1	Dudleya virens chloroplast, complete genome	79237	80655
chloroplast	gene	rpl16	rpl16		68897	70316	-	blastn_feature_transfer	high	99.648	1.001	1420	0.0	2535.0	PX244389.1	Dudleya virens chloroplast, complete genome	79237	80655
chloroplast	CDS	rpl16	rpl16	large subunit ribosomal protein L16	68900	69298	-	tblastn_protein_transfer	high	99.248	0.985	133	1.31e-86	268.0	PX244393.1	Dudleya candelabrum chloroplast, complete genome	79279	80697
chloroplast	CDS	rpl16	rpl16	large subunit ribosomal protein L16	68902	69295	-	blastn_feature_transfer	medium	89.086	0.966	394	1.55e-148	517.0	PX244394.1	Dudleya sp. T72600-1 chloroplast, complete genome	87608	89366
chloroplast	CDS	rpl16	rpl16	large subunit ribosomal protein L16	68903	69298	-	tblastn_protein_transfer	high	90.152	0.978	132	1.37e-79	248.0	PX244394.1	Dudleya sp. T72600-1 chloroplast, complete genome	87608	89366
chloroplast	CDS	rpl16	rpl16	large subunit ribosomal protein L16	68905	69295	-	blastn_feature_transfer	medium	89.003	0.958	391	6.59e-147	512.0	PX244392.1	Dudleya greenei chloroplast, complete genome	81094	82393
chloroplast	gene	rpl16	rpl16		68905	69386	-	blastn_feature_transfer	weak	89.834	0.371	482	0.0	649.0	PX244392.1	Dudleya greenei chloroplast, complete genome	81094	82393
chloroplast	CDS	rpl16	rpl16	large subunit ribosomal protein L16	68906	69298	-	tblastn_protein_transfer	high	90.84	0.97	131	1.57e-79	248.0	PX244392.1	Dudleya greenei chloroplast, complete genome	81094	82393
chloroplast	gene	rpl16	rpl16		69588	70316	-	blastn_feature_transfer	weak	74.064	0.425	748	2.95e-127	448.0	PX244394.1	Dudleya sp. T72600-1 chloroplast, complete genome	87608	89366
chloroplast	gene	rpl16	rpl16		69642	70316	-	blastn_feature_transfer	low	68.511	0.542	705	3.23e-68	251.0	PX244392.1	Dudleya greenei chloroplast, complete genome	81094	82393
chloroplast	gene	rps3	rps3		70468	71124	-	blastn_feature_transfer	high	99.391	1.0	657	0.0	1168.0	PX244393.1	Dudleya candelabrum chloroplast, complete genome	80849	81505
chloroplast	CDS	rps3	rps3	ribosomal protein S3	70468	71124	-	blastn_feature_transfer	high	99.391	1.0	657	0.0	1168.0	PX244393.1	Dudleya candelabrum chloroplast, complete genome	80849	81505
chloroplast	CDS	rps3	rps3	ribosomal protein S3	70471	71124	-	tblastn_protein_transfer	high	100.0	1.0	218	6.65e-136	414.0	PX244393.1	Dudleya candelabrum chloroplast, complete genome	80849	81505
chloroplast	CDS	rps3	rps3	ribosomal protein S3	70474	71124	-	tblastn_protein_transfer	high	86.636	0.986	217	8.49e-128	390.0	PX244392.1	Dudleya greenei chloroplast, complete genome	82538	83200
chloroplast	gene	rps3	rps3		70478	71124	-	blastn_feature_transfer	medium	89.026	0.976	647	0.0	847.0	PX244392.1	Dudleya greenei chloroplast, complete genome	82538	83200
chloroplast	CDS	rps3	rps3	ribosomal protein S3	70478	71124	-	blastn_feature_transfer	medium	89.026	0.976	647	0.0	847.0	PX244392.1	Dudleya greenei chloroplast, complete genome	82538	83200
chloroplast	gene	rpl22	rpl22		71242	71622	-	blastn_feature_transfer	high	100.0	1.0	381	0.0	688.0	NC_085682.1	Dudleya farinosa chloroplast, complete genome	81972	82352
chloroplast	CDS	rpl22	rpl22	ribosomal protein L22	71242	71622	-	blastn_feature_transfer	high	100.0	1.0	381	0.0	688.0	NC_085682.1	Dudleya farinosa chloroplast, complete genome	81972	82352
chloroplast	gene	rpl22	rpl22		71242	71628	-	blastn_feature_transfer	high	100.0	1.0	387	0.0	699.0	PX244393.1	Dudleya candelabrum chloroplast, complete genome	81621	82007
chloroplast	CDS	rpl22	rpl22	large subunit ribosomal protein L22	71242	71628	-	blastn_feature_transfer	high	100.0	1.0	387	0.0	699.0	PX244393.1	Dudleya candelabrum chloroplast, complete genome	81621	82007
chloroplast	gene	rpl22	rpl22		71244	71619	-	blastn_feature_transfer	medium	79.894	0.803	378	1.21e-93	335.0	PX244392.1	Dudleya greenei chloroplast, complete genome	83185	83655
chloroplast	CDS	rpl22	rpl22	large subunit ribosomal protein L22	71244	71619	-	blastn_feature_transfer	medium	79.894	0.803	378	1.21e-93	335.0	PX244392.1	Dudleya greenei chloroplast, complete genome	83185	83655
chloroplast	CDS	rpl22	rpl22	ribosomal protein L22	71245	71622	-	tblastn_protein_transfer	high	99.206	1.0	126	1.78e-83	259.0	NC_085682.1	Dudleya farinosa chloroplast, complete genome	81972	82352
chloroplast	CDS	rpl22	rpl22	large subunit ribosomal protein L22	71245	71628	-	tblastn_protein_transfer	high	100.0	1.0	128	3.45e-85	264.0	PX244393.1	Dudleya candelabrum chloroplast, complete genome	81621	82007
chloroplast	CDS	rpl22	rpl22	large subunit ribosomal protein L22	71254	71619	-	tblastn_protein_transfer	medium	78.689	0.782	122	3.71e-62	199.0	PX244392.1	Dudleya greenei chloroplast, complete genome	83185	83655
chloroplast	gene	rpl22	rpl22		71274	71607	-	blastn_feature_transfer	medium	82.335	0.831	334	2.95e-94	337.0	PX244394.1	Dudleya sp. T72600-1 chloroplast, complete genome	90235	90636
chloroplast	CDS	rpl22	rpl22	large subunit ribosomal protein L22	71274	71607	-	blastn_feature_transfer	medium	82.335	0.831	334	2.95e-94	337.0	PX244394.1	Dudleya sp. T72600-1 chloroplast, complete genome	90235	90636
chloroplast	CDS	rpl22	rpl22	large subunit ribosomal protein L22	71275	71619	-	tblastn_protein_transfer	medium	75.652	0.865	115	1.56e-57	185.0	PX244394.1	Dudleya sp. T72600-1 chloroplast, complete genome	90235	90636
chloroplast	gene	rps19	rps19		71665	71943	-	blastn_feature_transfer	high	100.0	1.0	279	6.54e-145	504.0	PX244393.1	Dudleya candelabrum chloroplast, complete genome	82044	82322
chloroplast	CDS	rps19	rps19	ribosomal protein S19	71665	71943	-	blastn_feature_transfer	high	100.0	1.0	279	6.54e-145	504.0	PX244393.1	Dudleya candelabrum chloroplast, complete genome	82044	82322
chloroplast	CDS	rps19	rps19	ribosomal protein S19	71668	71937	-	tblastn_protein_transfer	high	87.778	0.978	90	5.58e-39	130.0	PX244392.1	Dudleya greenei chloroplast, complete genome	83727	84005
chloroplast	CDS	rps19	rps19	ribosomal protein S19	71668	71943	-	tblastn_protein_transfer	high	98.913	1.0	92	7.73e-59	186.0	PX244393.1	Dudleya candelabrum chloroplast, complete genome	82044	82322
chloroplast	gene	rps19	rps19		71834	71943	-	blastn_feature_transfer	high	100.0	1.0	110	1.29e-53	199.0	PX244393.1	Dudleya candelabrum chloroplast, complete genome	150310	150419
chloroplast	CDS	rpl2	rpl2	large subunit ribosomal protein L2	71998	72432	-	blastn_feature_transfer	low	100.0	0.527	435	0.0	785.0	PX244393.1	Dudleya candelabrum chloroplast, complete genome	82377	83867
chloroplast	gene	rpl2	rpl2		71998	73488	-	blastn_feature_transfer	high	100.0	1.0	1491	0.0	2690.0	PX244393.1	Dudleya candelabrum chloroplast, complete genome	82377	83867
chloroplast	CDS	rpl2	rpl2	large subunit ribosomal protein L2	72001	72432	-	tblastn_protein_transfer	low	96.528	0.526	144	5.15e-88	279.0	PX244392.1	Dudleya greenei chloroplast, complete genome	84071	85565
chloroplast	CDS	rpl2	rpl2	large subunit ribosomal protein L2	73096	73488	-	tblastn_protein_transfer	low	99.237	0.478	131	4.09e-84	268.0	PX244393.1	Dudleya candelabrum chloroplast, complete genome	82377	83867
chloroplast	CDS	rpl2	rpl2	large subunit ribosomal protein L2	73098	73488	-	blastn_feature_transfer	low	100.0	0.474	391	0.0	706.0	PX244393.1	Dudleya candelabrum chloroplast, complete genome	82377	83867
chloroplast	gene	rpl23	rpl23		73512	73793	-	blastn_feature_transfer	high	100.0	1.0	282	1.56e-146	509.0	PX244393.1	Dudleya candelabrum chloroplast, complete genome	83891	84172
chloroplast	CDS	rpl23	rpl23	large subunit ribosomal protein L23	73512	73793	-	blastn_feature_transfer	high	100.0	1.0	282	1.56e-146	509.0	PX244393.1	Dudleya candelabrum chloroplast, complete genome	83891	84172
chloroplast	CDS	rpl23	rpl23	large subunit ribosomal protein L23	73515	73793	-	tblastn_protein_transfer	high	100.0	1.0	93	4.42e-61	193.0	PX244393.1	Dudleya candelabrum chloroplast, complete genome	83891	84172
chloroplast	gene	trnI-CAU	trnI-CAU		73959	74032	-	blastn_feature_transfer	high	100.0	1.0	74	2.78e-34	134.0	PX244394.1	Dudleya sp. T72600-1 chloroplast, complete genome	93015	93088
chloroplast	tRNA	trnI-CAU	trnI-CAU	tRNA-Ile	73959	74032	-	blastn_feature_transfer	high	100.0	1.0	74	2.78e-34	134.0	PX244394.1	Dudleya sp. T72600-1 chloroplast, complete genome	93015	93088
chloroplast	CDS	ycf2	ycf2	Ycf2	74126	80890	+	tblastn_protein_transfer	high	99.512	1.0	2256	0.0	4291.0	PX244389.1	Dudleya virens chloroplast, complete genome	84463	91233
chloroplast	gene	ycf2	ycf2		74126	80893	+	blastn_feature_transfer	high	99.852	1.0	6771	0.0	12165.0	PX244389.1	Dudleya virens chloroplast, complete genome	84463	91233
chloroplast	CDS	ycf2	ycf2	Ycf2	74126	80893	+	blastn_feature_transfer	high	99.852	1.0	6771	0.0	12165.0	PX244389.1	Dudleya virens chloroplast, complete genome	84463	91233
chloroplast	gene	ycf2	ycf2		74127	80893	+	blastn_feature_transfer	high	92.838	1.005	6884	0.0	10272.0	PX244392.1	Dudleya greenei chloroplast, complete genome	86193	93041
chloroplast	CDS	ycf2	ycf2	Ycf2	74127	80893	+	blastn_feature_transfer	high	92.838	1.005	6884	0.0	10272.0	PX244392.1	Dudleya greenei chloroplast, complete genome	86193	93041
chloroplast	CDS	ycf2	ycf2	Ycf2	75263	79015	+	tblastn_protein_transfer	low	76.135	0.616	1278	0.0	1778.0	PX244394.1	Dudleya sp. T72600-1 chloroplast, complete genome	93446	99676
chloroplast	gene	ycf2	ycf2		75288	79036	+	blastn_feature_transfer	low	87.48	0.615	3834	0.0	4781.0	PX244394.1	Dudleya sp. T72600-1 chloroplast, complete genome	93446	99676
chloroplast	CDS	ycf2	ycf2	Ycf2	75288	79036	+	blastn_feature_transfer	low	87.48	0.615	3834	0.0	4781.0	PX244394.1	Dudleya sp. T72600-1 chloroplast, complete genome	93446	99676
chloroplast	gene	ycf15	ycf15		81035	81471	+	blastn_feature_transfer	high	100.0	1.0	437	0.0	789.0	NC_085682.1	Dudleya farinosa chloroplast, complete genome	91759	92195
chloroplast	gene	trnL-CAA	trnL-CAA		81883	81961	-	blastn_feature_transfer	high	100.0	1.0	79	5.84e-37	143.0	PX244394.1	Dudleya sp. T72600-1 chloroplast, complete genome	100429	100507
chloroplast	tRNA	trnL-CAA	trnL-CAA	tRNA-Leu	81883	81961	-	blastn_feature_transfer	high	100.0	1.0	79	5.84e-37	143.0	PX244394.1	Dudleya sp. T72600-1 chloroplast, complete genome	100429	100507
chloroplast	CDS	ndhB	ndhB	NADH dehydrogenase subunit B	82521	83276	-	blastn_feature_transfer	low	100.0	0.493	756	0.0	1364.0	PX244393.1	Dudleya candelabrum chloroplast, complete genome	92894	95104
chloroplast	gene	ndhB	ndhB		82521	84731	-	blastn_feature_transfer	high	100.0	1.0	2211	0.0	3988.0	PX244393.1	Dudleya candelabrum chloroplast, complete genome	92894	95104
chloroplast	CDS	ndhB	ndhB	NADH dehydrogenase subunit B	82524	83276	-	tblastn_protein_transfer	low	95.618	0.492	251	7.16e-122	387.0	PX244392.1	Dudleya greenei chloroplast, complete genome	94367	96578
chloroplast	CDS	ndhB	ndhB	NADH dehydrogenase subunit B	83955	84731	-	blastn_feature_transfer	low	100.0	0.507	777	0.0	1402.0	PX244393.1	Dudleya candelabrum chloroplast, complete genome	92894	95104
chloroplast	CDS	ndhB	ndhB	NADH dehydrogenase subunit B	83955	84731	-	tblastn_protein_transfer	low	100.0	0.508	259	1.23e-162	504.0	PX244393.1	Dudleya candelabrum chloroplast, complete genome	92894	95104
chloroplast	gene	rps7	rps7		85052	85519	-	blastn_feature_transfer	high	99.786	1.0	468	0.0	840.0	PX244393.1	Dudleya candelabrum chloroplast, complete genome	95425	95892
chloroplast	CDS	rps7	rps7	ribosomal protein S7	85052	85519	-	blastn_feature_transfer	high	99.786	1.0	468	0.0	840.0	PX244393.1	Dudleya candelabrum chloroplast, complete genome	95425	95892
chloroplast	CDS	rps7	rps7	ribosomal protein S7	85055	85519	-	tblastn_protein_transfer	high	99.355	1.0	155	7.39e-103	316.0	PX244393.1	Dudleya candelabrum chloroplast, complete genome	95425	95892
chloroplast	gene	rps12	rps12		85573	86366	-	blastn_feature_transfer	high	100.0	0.874	794	0.0	1433.0	PX244393.1	Dudleya candelabrum chloroplast, complete genome	67799	96739
chloroplast	CDS	rps12	rps12	ribosomal protein S12	86133	86366	-	tblastn_protein_transfer	low	97.436	0.634	78	2.24e-46	152.0	PX244394.1	Dudleya sp. T72600-1 chloroplast, complete genome	75608	104939
chloroplast	CDS	rps12	rps12	ribosomal protein S12	86135	86366	-	blastn_feature_transfer	low	96.983	0.624	232	1.72e-109	388.0	PX244392.1	Dudleya greenei chloroplast, complete genome	69752	98116
chloroplast	CDS	rps12	rps12	ribosomal protein S12	86136	86366	-	blastn_feature_transfer	low	100.0	0.621	231	1.01e-118	417.0	PX244393.1	Dudleya candelabrum chloroplast, complete genome	67799	96739
chloroplast	CDS	rps12	rps12	ribosomal protein S12	86136	86366	-	tblastn_protein_transfer	low	100.0	0.626	77	2.89e-47	155.0	PX244393.1	Dudleya candelabrum chloroplast, complete genome	67799	96739
chloroplast	gene	trnV-GAC	trnV-GAC		87612	87683	+	blastn_feature_transfer	high	100.0	1.0	72	3.27e-33	131.0	PX244394.1	Dudleya sp. T72600-1 chloroplast, complete genome	106764	106835
chloroplast	tRNA	trnV-GAC	trnV-GAC	tRNA-Val	87612	87683	+	blastn_feature_transfer	high	100.0	1.0	72	3.27e-33	131.0	PX244394.1	Dudleya sp. T72600-1 chloroplast, complete genome	106764	106835
chloroplast	gene	rrn16	rrn16		87911	89400	+	blastn_feature_transfer	high	100.0	1.0	1490	0.0	2688.0	PX244393.1	Dudleya candelabrum chloroplast, complete genome	132859	134348
chloroplast	rRNA	rrn16	rrn16	16S ribosomal RNA	87911	89400	+	blastn_feature_transfer	high	100.0	1.0	1490	0.0	2688.0	PX244393.1	Dudleya candelabrum chloroplast, complete genome	132859	134348
chloroplast	gene	rrn16	rrn16		87911	89401	+	blastn_feature_transfer	high	99.329	1.0	1491	0.0	2645.0	PX244392.1	Dudleya greenei chloroplast, complete genome	100014	101504
chloroplast	rRNA	rrn16	rrn16	16S ribosomal RNA	87911	89401	+	blastn_feature_transfer	high	99.329	1.0	1491	0.0	2645.0	PX244392.1	Dudleya greenei chloroplast, complete genome	100014	101504
chloroplast	gene	rrn16	rrn16		87912	89401	+	blastn_feature_transfer	high	100.0	1.0	1490	0.0	2688.0	PX244393.1	Dudleya candelabrum chloroplast, complete genome	98285	99774
chloroplast	rRNA	rrn16	rrn16	16S ribosomal RNA	87912	89401	+	blastn_feature_transfer	high	100.0	1.0	1490	0.0	2688.0	PX244393.1	Dudleya candelabrum chloroplast, complete genome	98285	99774
chloroplast	tRNA	trnI-GAU	trnI-GAU	tRNA-Ile	89698	89740	+	blastn_feature_transfer	low	100.0	0.551	43	2.01e-17	78.8	PX244393.1	Dudleya candelabrum chloroplast, complete genome	100070	101084
chloroplast	gene	trnI-GAU	trnI-GAU		89698	90712	+	blastn_feature_transfer	high	100.0	1.0	1015	0.0	1831.0	PX244393.1	Dudleya candelabrum chloroplast, complete genome	100070	101084
chloroplast	tRNA	trnA-UGC	trnA-UGC	tRNA-Ala	90781	90818	+	blastn_feature_transfer	low	100.0	0.521	38	9.55e-15	69.8	PX244394.1	Dudleya sp. T72600-1 chloroplast, complete genome	109934	110815
chloroplast	gene	trnA-UGC	trnA-UGC		90781	91687	+	blastn_feature_transfer	high	100.0	1.0	907	0.0	1636.0	PX244393.1	Dudleya candelabrum chloroplast, complete genome	101153	102059
chloroplast	gene	rrn23	rrn23		91840	94647	+	blastn_feature_transfer	high	100.0	1.0	2808	0.0	5065.0	PX244393.1	Dudleya candelabrum chloroplast, complete genome	102212	105019
chloroplast	rRNA	rrn23	rrn23	23S ribosomal RNA	91840	94647	+	blastn_feature_transfer	high	100.0	1.0	2808	0.0	5065.0	PX244393.1	Dudleya candelabrum chloroplast, complete genome	102212	105019
chloroplast	gene	rrn4.5	rrn4.5		94747	94849	+	blastn_feature_transfer	high	100.0	1.0	103	7.49e-50	187.0	PX244393.1	Dudleya candelabrum chloroplast, complete genome	105119	105221
chloroplast	rRNA	rrn4.5	rrn4.5	4.5S ribosomal RNA	94747	94849	+	blastn_feature_transfer	high	100.0	1.0	103	7.49e-50	187.0	PX244393.1	Dudleya candelabrum chloroplast, complete genome	105119	105221
chloroplast	gene	rrn5	rrn5		95069	95189	+	blastn_feature_transfer	high	100.0	1.0	121	1.54e-59	219.0	PX244393.1	Dudleya candelabrum chloroplast, complete genome	105441	105561
chloroplast	rRNA	rrn5	rrn5	5S ribosomal RNA	95069	95189	+	blastn_feature_transfer	high	100.0	1.0	121	1.54e-59	219.0	PX244393.1	Dudleya candelabrum chloroplast, complete genome	105441	105561
chloroplast	gene	trnR-ACG	trnR-ACG		95421	95494	+	blastn_feature_transfer	high	100.0	1.0	74	2.78e-34	134.0	PX244394.1	Dudleya sp. T72600-1 chloroplast, complete genome	114612	114685
chloroplast	tRNA	trnR-ACG	trnR-ACG	tRNA-Arg	95421	95494	+	blastn_feature_transfer	high	100.0	1.0	74	2.78e-34	134.0	PX244394.1	Dudleya sp. T72600-1 chloroplast, complete genome	114612	114685
chloroplast	gene	trnN-GUU	trnN-GUU		96087	96159	-	blastn_feature_transfer	high	100.0	1.0	73	9.54e-34	132.0	PX244393.1	Dudleya candelabrum chloroplast, complete genome	106459	106531
chloroplast	tRNA	trnN-GUU	trnN-GUU	tRNA-Asn	96087	96159	-	blastn_feature_transfer	high	100.0	1.0	73	9.54e-34	132.0	PX244393.1	Dudleya candelabrum chloroplast, complete genome	106459	106531
chloroplast	gene	ycf1	ycf1		96474	97416	+	blastn_feature_transfer	high	90.681	0.903	955	0.0	1321.0	PX244392.1	Dudleya greenei chloroplast, complete genome	127240	128297
chloroplast	CDS	ycf1	ycf1	Ycf1	96474	97520	+	tblastn_protein_transfer	high	100.0	0.921	349	0.0	598.0	PX244393.1	Dudleya candelabrum chloroplast, complete genome	106846	107985
chloroplast	gene	ycf1	ycf1		96474	97568	+	blastn_feature_transfer	high	99.818	0.961	1096	0.0	1965.0	PX244393.1	Dudleya candelabrum chloroplast, complete genome	106846	107985
chloroplast	CDS	ycf1	ycf1	Ycf1	96474	97568	+	blastn_feature_transfer	high	99.818	0.961	1096	0.0	1965.0	PX244393.1	Dudleya candelabrum chloroplast, complete genome	106846	107985
chloroplast	gene	ycf1	ycf1		96474	97569	+	blastn_feature_transfer	high	99.818	0.999	1097	0.0	1966.0	PX244389.1	Dudleya virens chloroplast, complete genome	124642	125739
chloroplast	gene	ycf1	ycf1		96474	101639	+	blastn_feature_transfer	high	99.187	1.001	5169	0.0	9120.0	PX244389.1	Dudleya virens chloroplast, complete genome	106809	111974
chloroplast	CDS	ycf1	ycf1	Ycf1	96474	101639	+	blastn_feature_transfer	high	99.187	1.001	5169	0.0	9120.0	PX244389.1	Dudleya virens chloroplast, complete genome	106809	111974
chloroplast	gene	ycf1	ycf1		96487	97569	+	blastn_feature_transfer	high	99.631	0.948	1084	0.0	1934.0	NC_085682.1	Dudleya farinosa chloroplast, complete genome	107210	108353
chloroplast	CDS	ycf1	ycf1	hypothetical chloroplast RF19	96515	96727	+	tblastn_protein_transfer	high	100.0	1.0	71	4.71e-39	129.0	NC_085682.1	Dudleya farinosa chloroplast, complete genome	125891	126106
chloroplast	gene	ycf1	ycf1		96515	96730	+	blastn_feature_transfer	high	100.0	1.0	216	7.86e-111	390.0	NC_085682.1	Dudleya farinosa chloroplast, complete genome	125891	126106
chloroplast	CDS	ycf1	ycf1	hypothetical chloroplast RF19	96515	96730	+	blastn_feature_transfer	high	100.0	1.0	216	7.86e-111	390.0	NC_085682.1	Dudleya farinosa chloroplast, complete genome	125891	126106
chloroplast	gene	ycf1	ycf1		98169	100298	+	blastn_feature_transfer	weak	65.135	0.413	2263	3.02e-139	490.0	PX244392.1	Dudleya greenei chloroplast, complete genome	108617	114097
chloroplast	CDS	ycf1	ycf1	Ycf1	98169	100298	+	blastn_feature_transfer	weak	65.135	0.413	2263	3.02e-139	490.0	PX244392.1	Dudleya greenei chloroplast, complete genome	108617	114097
chloroplast	CDS	ycf1	ycf1	Ycf1	99699	101636	+	tblastn_protein_transfer	weak	40.449	0.39	712	0.0	397.0	PX244392.1	Dudleya greenei chloroplast, complete genome	108617	114097
chloroplast	CDS	ycf1	ycf1	Ycf1	99723	101636	+	tblastn_protein_transfer	weak	97.335	0.371	638	0.0	1224.0	PX244389.1	Dudleya virens chloroplast, complete genome	106809	111974
chloroplast	CDS	ycf1	ycf1	Ycf1	99753	101636	+	tblastn_protein_transfer	weak	96.019	0.365	628	0.0	1217.0	PX244391.1	Dudleya lanceolata chloroplast, complete genome	120515	125680
chloroplast	CDS	ycf1	ycf1	Ycf1	99798	101636	+	tblastn_protein_transfer	weak	34.388	0.368	695	1.31e-74	270.0	PX244394.1	Dudleya sp. T72600-1 chloroplast, complete genome	115896	121559
chloroplast	CDS	rps15	rps15	ribosomal protein S15	101850	102125	+	tblastn_protein_transfer	high	100.0	1.0	92	1.55e-58	186.0	PX244389.1	Dudleya virens chloroplast, complete genome	112199	112477
chloroplast	gene	rps15	rps15		101850	102128	+	blastn_feature_transfer	high	100.0	1.0	279	6.54e-145	504.0	PX244389.1	Dudleya virens chloroplast, complete genome	112199	112477
chloroplast	CDS	rps15	rps15	ribosomal protein S15	101850	102128	+	blastn_feature_transfer	high	100.0	1.0	279	6.54e-145	504.0	PX244389.1	Dudleya virens chloroplast, complete genome	112199	112477
chloroplast	gene	rps15	rps15		101870	102128	+	blastn_feature_transfer	medium	79.537	0.949	259	2.10e-62	230.0	PX244394.1	Dudleya sp. T72600-1 chloroplast, complete genome	121860	122132
chloroplast	CDS	rps15	rps15	ribosomal protein S15	101870	102128	+	blastn_feature_transfer	medium	79.537	0.949	259	2.10e-62	230.0	PX244394.1	Dudleya sp. T72600-1 chloroplast, complete genome	121860	122132
chloroplast	gene	rps15	rps15		101896	102128	+	blastn_feature_transfer	medium	79.487	0.886	234	5.08e-51	193.0	PX244392.1	Dudleya greenei chloroplast, complete genome	114514	114777
chloroplast	CDS	rps15	rps15	ribosomal protein S15	101896	102128	+	blastn_feature_transfer	medium	79.487	0.886	234	5.08e-51	193.0	PX244392.1	Dudleya greenei chloroplast, complete genome	114514	114777
chloroplast	CDS	ndhH	ndhH	NADH-plastoquinone oxidoreductase subunit 7	102205	103398	+	tblastn_protein_transfer	high	99.497	1.0	398	0.0	791.0	NC_085682.1	Dudleya farinosa chloroplast, complete genome	119206	120402
chloroplast	gene	ndhH	ndhH		102205	103401	+	blastn_feature_transfer	high	99.916	1.0	1197	0.0	2155.0	NC_085682.1	Dudleya farinosa chloroplast, complete genome	119206	120402
chloroplast	CDS	ndhH	ndhH	NADH-plastoquinone oxidoreductase subunit 7	102205	103401	+	blastn_feature_transfer	high	99.916	1.0	1197	0.0	2155.0	NC_085682.1	Dudleya farinosa chloroplast, complete genome	119206	120402
chloroplast	CDS	ndhH	ndhH	NADH dehydrogenase subunit H	102220	103398	+	tblastn_protein_transfer	high	99.746	1.0	393	0.0	782.0	PX244393.1	Dudleya candelabrum chloroplast, complete genome	118845	120026
chloroplast	gene	ndhH	ndhH		102220	103401	+	blastn_feature_transfer	high	99.915	1.0	1182	0.0	2128.0	PX244393.1	Dudleya candelabrum chloroplast, complete genome	118845	120026
chloroplast	CDS	ndhH	ndhH	NADH dehydrogenase subunit H	102220	103401	+	blastn_feature_transfer	high	99.915	1.0	1182	0.0	2128.0	PX244393.1	Dudleya candelabrum chloroplast, complete genome	118845	120026
chloroplast	CDS	ndhA	ndhA	NADH dehydrogenase subunit A	103403	103930	+	tblastn_protein_transfer	low	81.818	0.485	176	2.48e-80	261.0	PX244392.1	Dudleya greenei chloroplast, complete genome	116057	118219
chloroplast	CDS		NADH dehydrogenase subunit A	NADH dehydrogenase subunit A	103403	103939	+	tblastn_protein_transfer	low	81.006	0.493	179	1.91e-78	255.0	PX244394.1	Dudleya sp. T72600-1 chloroplast, complete genome	123413	125609
chloroplast	CDS	ndhA	ndhA	NADH dehydrogenase subunit A	103403	103942	+	tblastn_protein_transfer	low	98.889	0.499	180	4.51e-100	318.0	PX244393.1	Dudleya candelabrum chloroplast, complete genome	116761	118843
chloroplast	CDS	ndhA	ndhA	NADH dehydrogenase subunit A	103403	103954	+	blastn_feature_transfer	low	99.638	0.508	552	0.0	987.0	PX244389.1	Dudleya virens chloroplast, complete genome	113752	115832
chloroplast	CDS		NADH dehydrogenase subunit A	NADH dehydrogenase subunit A	103403	103954	+	blastn_feature_transfer	low	85.533	0.506	553	0.0	630.0	PX244394.1	Dudleya sp. T72600-1 chloroplast, complete genome	123413	125609
chloroplast	gene	ndhA	ndhA		103403	105483	+	blastn_feature_transfer	high	99.328	1.0	2083	0.0	3687.0	PX244393.1	Dudleya candelabrum chloroplast, complete genome	116761	118843
chloroplast	CDS	ndhA	ndhA	NADH dehydrogenase subunit A	104949	105483	+	blastn_feature_transfer	low	99.813	0.493	535	0.0	961.0	PX244389.1	Dudleya virens chloroplast, complete genome	113752	115832
chloroplast	CDS		NADH dehydrogenase subunit A	NADH dehydrogenase subunit A	104949	105483	+	blastn_feature_transfer	low	86.876	0.495	541	0.0	648.0	PX244394.1	Dudleya sp. T72600-1 chloroplast, complete genome	123413	125609
chloroplast	CDS		NADH dehydrogenase subunit A	NADH dehydrogenase subunit A	104968	105432	+	tblastn_protein_transfer	weak	88.535	0.433	157	2.10e-85	276.0	PX244394.1	Dudleya sp. T72600-1 chloroplast, complete genome	123413	125609
chloroplast	CDS	ndhA	ndhA	NADH dehydrogenase subunit A	104968	105432	+	tblastn_protein_transfer	weak	85.987	0.433	157	5.94e-82	266.0	PX244392.1	Dudleya greenei chloroplast, complete genome	116057	118219
chloroplast	CDS	ndhA	ndhA	NADH dehydrogenase subunit A	104968	105435	+	tblastn_protein_transfer	weak	100.0	0.432	156	1.38e-97	310.0	PX244389.1	Dudleya virens chloroplast, complete genome	113752	115832
chloroplast	CDS	ndhI	ndhI	NADH dehydrogenase subunit I	105561	106049	+	tblastn_protein_transfer	high	90.798	0.959	163	6.43e-102	314.0	PX244394.1	Dudleya sp. T72600-1 chloroplast, complete genome	125699	126211
chloroplast	gene	ndhI	ndhI		105561	106057	+	blastn_feature_transfer	medium	88.129	0.969	497	0.0	631.0	PX244394.1	Dudleya sp. T72600-1 chloroplast, complete genome	125699	126211
chloroplast	CDS	ndhI	ndhI	NADH dehydrogenase subunit I	105561	106057	+	blastn_feature_transfer	medium	88.129	0.969	497	0.0	631.0	PX244394.1	Dudleya sp. T72600-1 chloroplast, complete genome	125699	126211
chloroplast	CDS	ndhI	ndhI	NADH dehydrogenase subunit I	105561	106061	+	tblastn_protein_transfer	high	98.802	1.0	167	6.05e-113	345.0	PX244393.1	Dudleya candelabrum chloroplast, complete genome	116180	116683
chloroplast	gene	ndhI	ndhI		105561	106064	+	blastn_feature_transfer	high	99.405	1.0	504	0.0	896.0	PX244393.1	Dudleya candelabrum chloroplast, complete genome	116180	116683
chloroplast	CDS	ndhI	ndhI	NADH dehydrogenase subunit I	105561	106064	+	blastn_feature_transfer	high	99.405	1.0	504	0.0	896.0	PX244393.1	Dudleya candelabrum chloroplast, complete genome	116180	116683
chloroplast	CDS	psaC	psaC	photosystem I iron-sulfur center	105741	105923	+	tblastn_protein_transfer	low	35.484	0.765	62	2.04e-06	37.0	PX244394.1	Dudleya sp. T72600-1 chloroplast, complete genome	127900	128145
chloroplast	CDS	ndhG	ndhG	NADH dehydrogenase subunit G	106309	106779	+	tblastn_protein_transfer	high	82.166	0.892	157	2.16e-70	224.0	PX244394.1	Dudleya sp. T72600-1 chloroplast, complete genome	126541	127071
chloroplast	CDS	ndhG	ndhG	NADH dehydrogenase subunit G	106309	106836	+	tblastn_protein_transfer	high	99.432	1.0	176	9.37e-98	302.0	PX244393.1	Dudleya candelabrum chloroplast, complete genome	115405	115935
chloroplast	gene	ndhG	ndhG		106309	106839	+	blastn_feature_transfer	high	99.435	1.0	531	0.0	945.0	PX244393.1	Dudleya candelabrum chloroplast, complete genome	115405	115935
chloroplast	CDS	ndhG	ndhG	NADH dehydrogenase subunit G	106309	106839	+	blastn_feature_transfer	high	99.435	1.0	531	0.0	945.0	PX244393.1	Dudleya candelabrum chloroplast, complete genome	115405	115935
chloroplast	CDS	ndhE	ndhE	NADH dehydrogenase subunit E	107015	107317	+	tblastn_protein_transfer	high	98.02	1.0	101	4.71e-43	142.0	PX244393.1	Dudleya candelabrum chloroplast, complete genome	114924	115229
chloroplast	gene	ndhE	ndhE		107015	107319	+	blastn_feature_transfer	medium	87.541	0.997	305	2.07e-107	379.0	PX244394.1	Dudleya sp. T72600-1 chloroplast, complete genome	127309	127614
chloroplast	CDS	ndhE	ndhE	NADH dehydrogenase subunit E	107015	107319	+	blastn_feature_transfer	medium	87.541	0.997	305	2.07e-107	379.0	PX244394.1	Dudleya sp. T72600-1 chloroplast, complete genome	127309	127614
chloroplast	gene	ndhE	ndhE		107015	107320	+	blastn_feature_transfer	high	99.02	1.0	306	3.50e-155	539.0	PX244393.1	Dudleya candelabrum chloroplast, complete genome	114924	115229
chloroplast	CDS	ndhE	ndhE	NADH dehydrogenase subunit E	107015	107320	+	blastn_feature_transfer	high	99.02	1.0	306	3.50e-155	539.0	PX244393.1	Dudleya candelabrum chloroplast, complete genome	114924	115229
chloroplast	CDS	ndhI	ndhI	NADH dehydrogenase subunit I	107592	107819	+	tblastn_protein_transfer	weak	31.25	0.471	80	9.97e-06	38.1	PX244394.1	Dudleya sp. T72600-1 chloroplast, complete genome	125699	126211
chloroplast	CDS	psaC	psaC	photosystem I iron-sulfur center	107625	107867	+	tblastn_protein_transfer	high	100.0	1.0	81	4.67e-53	169.0	PX244394.1	Dudleya sp. T72600-1 chloroplast, complete genome	127900	128145
chloroplast	gene	psaC	psaC		107625	107870	+	blastn_feature_transfer	high	100.0	1.0	246	4.69e-127	444.0	PX244393.1	Dudleya candelabrum chloroplast, complete genome	114374	114619
chloroplast	CDS	psaC	psaC	photosystem I iron-sulfur center	107625	107870	+	blastn_feature_transfer	high	100.0	1.0	246	4.69e-127	444.0	PX244393.1	Dudleya candelabrum chloroplast, complete genome	114374	114619
chloroplast	gene	ndhD	ndhD		107998	109502	+	blastn_feature_transfer	high	99.402	1.0	1506	0.0	2672.0	PX244389.1	Dudleya virens chloroplast, complete genome	118347	119852
chloroplast	CDS	ndhD	ndhD	NADH dehydrogenase subunit D	107998	109502	+	blastn_feature_transfer	high	99.402	1.0	1506	0.0	2672.0	PX244389.1	Dudleya virens chloroplast, complete genome	118347	119852
chloroplast	gene	ndhD	ndhD		108000	109498	+	blastn_feature_transfer	medium	85.0	1.0	1500	0.0	1685.0	PX244394.1	Dudleya sp. T72600-1 chloroplast, complete genome	128285	129784
chloroplast	CDS	ndhD	ndhD	NADH dehydrogenase subunit D	108000	109498	+	blastn_feature_transfer	medium	85.0	1.0	1500	0.0	1685.0	PX244394.1	Dudleya sp. T72600-1 chloroplast, complete genome	128285	129784
chloroplast	gene	ndhD	ndhD		108007	109501	+	blastn_feature_transfer	medium	85.552	0.995	1495	0.0	1720.0	PX244392.1	Dudleya greenei chloroplast, complete genome	120768	122270
chloroplast	CDS	ndhD	ndhD	NADH dehydrogenase subunit D	108007	109501	+	blastn_feature_transfer	medium	85.552	0.995	1495	0.0	1720.0	PX244392.1	Dudleya greenei chloroplast, complete genome	120768	122270
chloroplast	CDS	ndhD	ndhD	NADH dehydrogenase subunit D	108213	109499	+	tblastn_protein_transfer	high	99.534	0.856	429	0.0	724.0	PX244389.1	Dudleya virens chloroplast, complete genome	118347	119852
chloroplast	CDS	ndhD	ndhD	NADH dehydrogenase subunit D	108216	109493	+	tblastn_protein_transfer	high	84.507	0.854	426	0.0	578.0	PX244394.1	Dudleya sp. T72600-1 chloroplast, complete genome	128285	129784
chloroplast	CDS	ndhD	ndhD	NADH dehydrogenase subunit D	108351	109499	+	tblastn_protein_transfer	high	99.217	1.0	383	0.0	634.0	PX244391.1	Dudleya lanceolata chloroplast, complete genome	112614	113765
chloroplast	gene	ndhD	ndhD		108351	109502	+	blastn_feature_transfer	high	99.392	1.0	1152	0.0	2047.0	PX244391.1	Dudleya lanceolata chloroplast, complete genome	112614	113765
chloroplast	CDS	ndhD	ndhD	NADH dehydrogenase subunit D	108351	109502	+	blastn_feature_transfer	high	99.392	1.0	1152	0.0	2047.0	PX244391.1	Dudleya lanceolata chloroplast, complete genome	112614	113765
chloroplast	gene	ccsA	ccsA		109758	110715	-	blastn_feature_transfer	high	99.688	1.0	960	0.0	1711.0	PX244389.1	Dudleya virens chloroplast, complete genome	120110	121069
chloroplast	CDS	ccsA	ccsA	cytochrome c synthesis protein	109758	110715	-	blastn_feature_transfer	high	99.688	1.0	960	0.0	1711.0	PX244389.1	Dudleya virens chloroplast, complete genome	120110	121069
chloroplast	CDS	ccsA	ccsA	cytochrome c synthesis protein	109761	110195	-	tblastn_protein_transfer	low	99.31	0.455	145	2.45e-160	299.0	PX244393.1	Dudleya candelabrum chloroplast, complete genome	111515	112474
chloroplast	gene	ccsA	ccsA		109769	110715	-	blastn_feature_transfer	medium	80.753	0.996	956	0.0	885.0	PX244392.1	Dudleya greenei chloroplast, complete genome	122502	123461
chloroplast	CDS	ccsA	ccsA	cytochrome c synthesis protein	109769	110715	-	blastn_feature_transfer	medium	80.753	0.996	956	0.0	885.0	PX244392.1	Dudleya greenei chloroplast, complete genome	122502	123461
chloroplast	CDS	ccsA	ccsA	cytochrome c synthesis protein	109776	110171	-	tblastn_protein_transfer	weak	78.03	0.414	132	1.23e-97	219.0	PX244394.1	Dudleya sp. T72600-1 chloroplast, complete genome	129997	130956
chloroplast	CDS	ccsA	ccsA	cytochrome c synthesis protein	109776	110192	-	tblastn_protein_transfer	weak	79.137	0.436	139	1.17e-96	230.0	PX244392.1	Dudleya greenei chloroplast, complete genome	122502	123461
chloroplast	gene	ccsA	ccsA		109776	110715	-	blastn_feature_transfer	medium	79.727	0.992	952	0.0	835.0	PX244394.1	Dudleya sp. T72600-1 chloroplast, complete genome	129997	130956
chloroplast	CDS	ccsA	ccsA	cytochrome c synthesis protein	109776	110715	-	blastn_feature_transfer	medium	79.727	0.992	952	0.0	835.0	PX244394.1	Dudleya sp. T72600-1 chloroplast, complete genome	129997	130956
chloroplast	gene	trnL-UAG	trnL-UAG		110787	110866	-	blastn_feature_transfer	high	100.0	1.0	80	1.70e-37	145.0	PX244393.1	Dudleya candelabrum chloroplast, complete genome	111364	111443
chloroplast	tRNA	trnL-UAG	trnL-UAG	tRNA-Leu	110787	110866	-	blastn_feature_transfer	high	100.0	1.0	80	1.70e-37	145.0	PX244393.1	Dudleya candelabrum chloroplast, complete genome	111364	111443
chloroplast	gene	rpl32	rpl32		111328	111490	-	blastn_feature_transfer	medium	82.822	0.988	163	4.24e-43	166.0	PX244392.1	Dudleya greenei chloroplast, complete genome	124378	124542
chloroplast	CDS	rpl32	rpl32	large subunit ribosomal protein L32	111328	111490	-	blastn_feature_transfer	medium	82.822	0.988	163	4.24e-43	166.0	PX244392.1	Dudleya greenei chloroplast, complete genome	124378	124542
chloroplast	gene	rpl32	rpl32		111332	111490	-	blastn_feature_transfer	high	100.0	1.0	159	4.94e-80	288.0	PX244393.1	Dudleya candelabrum chloroplast, complete genome	110743	110901
chloroplast	CDS	rpl32	rpl32	large subunit ribosomal protein L32	111332	111490	-	blastn_feature_transfer	high	100.0	1.0	159	4.94e-80	288.0	PX244393.1	Dudleya candelabrum chloroplast, complete genome	110743	110901
chloroplast	CDS	rpl32	rpl32	large subunit ribosomal protein L32	111335	111490	-	tblastn_protein_transfer	high	100.0	1.0	52	4.49e-21	77.0	PX244393.1	Dudleya candelabrum chloroplast, complete genome	110743	110901
chloroplast	CDS	rpl32	rpl32	large subunit ribosomal protein L32	111350	111490	-	tblastn_protein_transfer	high	82.979	0.87	47	2.02e-21	78.2	PX244392.1	Dudleya greenei chloroplast, complete genome	124378	124542
chloroplast	gene	rpl32	rpl32		111351	111490	-	blastn_feature_transfer	medium	85.0	0.915	140	5.77e-41	159.0	PX244394.1	Dudleya sp. T72600-1 chloroplast, complete genome	132120	132272
chloroplast	CDS	rpl32	rpl32	large subunit ribosomal protein L32	111351	111490	-	blastn_feature_transfer	medium	85.0	0.915	140	5.77e-41	159.0	PX244394.1	Dudleya sp. T72600-1 chloroplast, complete genome	132120	132272
chloroplast	CDS	ndhF	ndhF	NADH dehydrogenase subunit F	112099	114261	+	tblastn_protein_transfer	medium	70.319	0.974	721	0.0	854.0	PX244394.1	Dudleya sp. T72600-1 chloroplast, complete genome	133238	135460
chloroplast	CDS	ndhF	ndhF	NADH dehydrogenase subunit F	112099	114270	+	tblastn_protein_transfer	high	98.204	0.98	724	0.0	1219.0	PX244389.1	Dudleya virens chloroplast, complete genome	122460	124679
chloroplast	gene	ndhF	ndhF		112099	114301	+	blastn_feature_transfer	high	99.048	1.0	2205	0.0	3880.0	NC_085682.1	Dudleya farinosa chloroplast, complete genome	108274	110478
chloroplast	CDS	ndhF	ndhF	NADH-plastoquinone oxidoreductase subunit 5	112099	114301	+	blastn_feature_transfer	high	99.048	1.0	2205	0.0	3880.0	NC_085682.1	Dudleya farinosa chloroplast, complete genome	108274	110478
chloroplast	gene	ndhF	ndhF		112099	114317	+	blastn_feature_transfer	high	99.369	1.0	2219	0.0	3939.0	PX244389.1	Dudleya virens chloroplast, complete genome	122460	124679
chloroplast	CDS	ndhF	ndhF	NADH dehydrogenase subunit F	112099	114317	+	blastn_feature_transfer	high	99.369	1.0	2219	0.0	3939.0	PX244389.1	Dudleya virens chloroplast, complete genome	122460	124679
chloroplast	gene	ycf1	ycf1		114224	115364	-	blastn_feature_transfer	high	99.563	1.0	1144	0.0	2035.0	NC_085682.1	Dudleya farinosa chloroplast, complete genome	107210	108353
chloroplast	gene	ycf1	ycf1		114239	115377	-	blastn_feature_transfer	high	99.737	1.0	1140	0.0	2039.0	PX244393.1	Dudleya candelabrum chloroplast, complete genome	106846	107985
chloroplast	CDS	ycf1	ycf1	Ycf1	114239	115377	-	blastn_feature_transfer	high	99.737	1.0	1140	0.0	2039.0	PX244393.1	Dudleya candelabrum chloroplast, complete genome	106846	107985
chloroplast	gene	ycf1	ycf1		114281	115377	-	blastn_feature_transfer	high	99.818	1.0	1098	0.0	1968.0	PX244389.1	Dudleya virens chloroplast, complete genome	124642	125739
chloroplast	gene	ycf1	ycf1		114283	115377	-	blastn_feature_transfer	high	99.818	1.0	1096	0.0	1965.0	PX244390.1	Dudleya nesiotica chloroplast, complete genome	124677	125772
chloroplast	CDS	ycf1	ycf1	Ycf1	114331	115377	-	tblastn_protein_transfer	high	100.0	0.921	349	0.0	598.0	PX244393.1	Dudleya candelabrum chloroplast, complete genome	106846	107985
chloroplast	gene	ycf1	ycf1		114435	115377	-	blastn_feature_transfer	high	90.681	0.903	955	0.0	1321.0	PX244392.1	Dudleya greenei chloroplast, complete genome	127240	128297
chloroplast	gene	ycf1	ycf1		115121	115336	-	blastn_feature_transfer	high	100.0	1.0	216	7.86e-111	390.0	NC_085682.1	Dudleya farinosa chloroplast, complete genome	125891	126106
chloroplast	CDS	ycf1	ycf1	hypothetical chloroplast RF19	115121	115336	-	blastn_feature_transfer	high	100.0	1.0	216	7.86e-111	390.0	NC_085682.1	Dudleya farinosa chloroplast, complete genome	125891	126106
chloroplast	CDS	ycf1	ycf1	hypothetical chloroplast RF19	115124	115336	-	tblastn_protein_transfer	high	100.0	1.0	71	4.71e-39	129.0	NC_085682.1	Dudleya farinosa chloroplast, complete genome	125891	126106
chloroplast	gene	trnN-GUU	trnN-GUU		115692	115764	+	blastn_feature_transfer	high	100.0	1.0	73	9.54e-34	132.0	PX244393.1	Dudleya candelabrum chloroplast, complete genome	106459	106531
chloroplast	tRNA	trnN-GUU	trnN-GUU	tRNA-Asn	115692	115764	+	blastn_feature_transfer	high	100.0	1.0	73	9.54e-34	132.0	PX244393.1	Dudleya candelabrum chloroplast, complete genome	106459	106531
chloroplast	gene	trnR-ACG	trnR-ACG		116357	116430	-	blastn_feature_transfer	high	100.0	1.0	74	2.78e-34	134.0	PX244394.1	Dudleya sp. T72600-1 chloroplast, complete genome	114612	114685
chloroplast	tRNA	trnR-ACG	trnR-ACG	tRNA-Arg	116357	116430	-	blastn_feature_transfer	high	100.0	1.0	74	2.78e-34	134.0	PX244394.1	Dudleya sp. T72600-1 chloroplast, complete genome	114612	114685
chloroplast	gene	rrn5	rrn5		116662	116782	-	blastn_feature_transfer	high	100.0	1.0	121	1.54e-59	219.0	PX244393.1	Dudleya candelabrum chloroplast, complete genome	105441	105561
chloroplast	rRNA	rrn5	rrn5	5S ribosomal RNA	116662	116782	-	blastn_feature_transfer	high	100.0	1.0	121	1.54e-59	219.0	PX244393.1	Dudleya candelabrum chloroplast, complete genome	105441	105561
chloroplast	gene	rrn4.5	rrn4.5		117002	117104	-	blastn_feature_transfer	high	100.0	1.0	103	7.49e-50	187.0	PX244393.1	Dudleya candelabrum chloroplast, complete genome	105119	105221
chloroplast	rRNA	rrn4.5	rrn4.5	4.5S ribosomal RNA	117002	117104	-	blastn_feature_transfer	high	100.0	1.0	103	7.49e-50	187.0	PX244393.1	Dudleya candelabrum chloroplast, complete genome	105119	105221
chloroplast	gene	rrn23	rrn23		117204	120012	-	blastn_feature_transfer	high	99.964	1.0	2809	0.0	5058.0	PX244393.1	Dudleya candelabrum chloroplast, complete genome	102212	105019
chloroplast	rRNA	rrn23	rrn23	23S ribosomal RNA	117204	120012	-	blastn_feature_transfer	high	99.964	1.0	2809	0.0	5058.0	PX244393.1	Dudleya candelabrum chloroplast, complete genome	102212	105019
chloroplast	gene	trnA-UGC	trnA-UGC		120165	121070	-	blastn_feature_transfer	high	99.89	1.0	907	0.0	1628.0	PX244393.1	Dudleya candelabrum chloroplast, complete genome	101153	102059
chloroplast	tRNA	trnA-UGC	trnA-UGC	tRNA-Ala	121033	121070	-	blastn_feature_transfer	low	100.0	0.521	38	9.55e-15	69.8	PX244394.1	Dudleya sp. T72600-1 chloroplast, complete genome	109934	110815
chloroplast	gene	trnI-GAU	trnI-GAU		121139	122155	-	blastn_feature_transfer	high	99.803	1.002	1017	0.0	1823.0	PX244393.1	Dudleya candelabrum chloroplast, complete genome	100070	101084
chloroplast	tRNA	trnI-GAU	trnI-GAU	tRNA-Ile	122113	122155	-	blastn_feature_transfer	low	100.0	0.551	43	2.01e-17	78.8	PX244393.1	Dudleya candelabrum chloroplast, complete genome	100070	101084
chloroplast	gene	rrn16	rrn16		122449	123938	-	blastn_feature_transfer	high	100.0	1.0	1490	0.0	2688.0	PX244393.1	Dudleya candelabrum chloroplast, complete genome	98285	99774
chloroplast	rRNA	rrn16	rrn16	16S ribosomal RNA	122449	123938	-	blastn_feature_transfer	high	100.0	1.0	1490	0.0	2688.0	PX244393.1	Dudleya candelabrum chloroplast, complete genome	98285	99774
chloroplast	gene	rrn16	rrn16		122449	123939	-	blastn_feature_transfer	high	99.329	1.0	1491	0.0	2645.0	PX244392.1	Dudleya greenei chloroplast, complete genome	100014	101504
chloroplast	rRNA	rrn16	rrn16	16S ribosomal RNA	122449	123939	-	blastn_feature_transfer	high	99.329	1.0	1491	0.0	2645.0	PX244392.1	Dudleya greenei chloroplast, complete genome	100014	101504
chloroplast	gene	rrn16	rrn16		122450	123939	-	blastn_feature_transfer	high	100.0	1.0	1490	0.0	2688.0	PX244393.1	Dudleya candelabrum chloroplast, complete genome	132859	134348
chloroplast	rRNA	rrn16	rrn16	16S ribosomal RNA	122450	123939	-	blastn_feature_transfer	high	100.0	1.0	1490	0.0	2688.0	PX244393.1	Dudleya candelabrum chloroplast, complete genome	132859	134348
chloroplast	gene	trnV-GAC	trnV-GAC		124167	124238	-	blastn_feature_transfer	high	100.0	1.0	72	3.27e-33	131.0	PX244394.1	Dudleya sp. T72600-1 chloroplast, complete genome	106764	106835
chloroplast	tRNA	trnV-GAC	trnV-GAC	tRNA-Val	124167	124238	-	blastn_feature_transfer	high	100.0	1.0	72	3.27e-33	131.0	PX244394.1	Dudleya sp. T72600-1 chloroplast, complete genome	106764	106835
chloroplast	CDS	rps12	rps12	ribosomal protein S12	125484	125714	+	blastn_feature_transfer	low	100.0	0.621	231	1.01e-118	417.0	PX244393.1	Dudleya candelabrum chloroplast, complete genome	67799	96739
chloroplast	CDS	rps12	rps12	ribosomal protein S12	125484	125714	+	tblastn_protein_transfer	low	100.0	0.626	77	2.89e-47	155.0	PX244393.1	Dudleya candelabrum chloroplast, complete genome	67799	96739
chloroplast	CDS	rps12	rps12	ribosomal protein S12	125484	125715	+	blastn_feature_transfer	low	96.983	0.624	232	1.72e-109	388.0	PX244392.1	Dudleya greenei chloroplast, complete genome	69752	98116
chloroplast	CDS	rps12	rps12	ribosomal protein S12	125484	125717	+	tblastn_protein_transfer	low	97.436	0.634	78	2.24e-46	152.0	PX244394.1	Dudleya sp. T72600-1 chloroplast, complete genome	75608	104939
chloroplast	gene	rps12	rps12		125484	126277	+	blastn_feature_transfer	high	100.0	0.874	794	0.0	1433.0	PX244393.1	Dudleya candelabrum chloroplast, complete genome	67799	96739
chloroplast	CDS	rps7	rps7	ribosomal protein S7	126331	126795	+	tblastn_protein_transfer	high	99.355	1.0	155	7.39e-103	316.0	PX244393.1	Dudleya candelabrum chloroplast, complete genome	95425	95892
chloroplast	gene	rps7	rps7		126331	126798	+	blastn_feature_transfer	high	99.786	1.0	468	0.0	840.0	PX244393.1	Dudleya candelabrum chloroplast, complete genome	95425	95892
chloroplast	CDS	rps7	rps7	ribosomal protein S7	126331	126798	+	blastn_feature_transfer	high	99.786	1.0	468	0.0	840.0	PX244393.1	Dudleya candelabrum chloroplast, complete genome	95425	95892
chloroplast	CDS	ndhB	ndhB	NADH dehydrogenase subunit B	127119	127895	+	blastn_feature_transfer	low	100.0	0.507	777	0.0	1402.0	PX244393.1	Dudleya candelabrum chloroplast, complete genome	92894	95104
chloroplast	CDS	ndhB	ndhB	NADH dehydrogenase subunit B	127119	127895	+	tblastn_protein_transfer	low	100.0	0.508	259	1.23e-162	504.0	PX244393.1	Dudleya candelabrum chloroplast, complete genome	92894	95104
chloroplast	gene	ndhB	ndhB		127119	129329	+	blastn_feature_transfer	high	100.0	1.0	2211	0.0	3988.0	PX244393.1	Dudleya candelabrum chloroplast, complete genome	92894	95104
chloroplast	CDS	ndhB	ndhB	NADH dehydrogenase subunit B	128574	129326	+	tblastn_protein_transfer	low	95.618	0.492	251	7.16e-122	387.0	PX244392.1	Dudleya greenei chloroplast, complete genome	94367	96578
chloroplast	CDS	ndhB	ndhB	NADH dehydrogenase subunit B	128574	129329	+	blastn_feature_transfer	low	100.0	0.493	756	0.0	1364.0	PX244393.1	Dudleya candelabrum chloroplast, complete genome	92894	95104
chloroplast	gene	trnL-CAA	trnL-CAA		129889	129967	+	blastn_feature_transfer	high	100.0	1.0	79	5.84e-37	143.0	PX244394.1	Dudleya sp. T72600-1 chloroplast, complete genome	100429	100507
chloroplast	tRNA	trnL-CAA	trnL-CAA	tRNA-Leu	129889	129967	+	blastn_feature_transfer	high	100.0	1.0	79	5.84e-37	143.0	PX244394.1	Dudleya sp. T72600-1 chloroplast, complete genome	100429	100507
chloroplast	gene	ycf15	ycf15		130377	130813	-	blastn_feature_transfer	high	100.0	1.0	437	0.0	789.0	NC_085682.1	Dudleya farinosa chloroplast, complete genome	91759	92195
chloroplast	gene	ycf2	ycf2		130955	137724	-	blastn_feature_transfer	high	92.882	1.005	6884	0.0	10287.0	PX244392.1	Dudleya greenei chloroplast, complete genome	86193	93041
chloroplast	CDS	ycf2	ycf2	Ycf2	130955	137724	-	blastn_feature_transfer	high	92.882	1.005	6884	0.0	10287.0	PX244392.1	Dudleya greenei chloroplast, complete genome	86193	93041
chloroplast	gene	ycf2	ycf2		130955	137725	-	blastn_feature_transfer	high	99.897	1.0	6771	0.0	12180.0	PX244389.1	Dudleya virens chloroplast, complete genome	84463	91233
chloroplast	CDS	ycf2	ycf2	Ycf2	130955	137725	-	blastn_feature_transfer	high	99.897	1.0	6771	0.0	12180.0	PX244389.1	Dudleya virens chloroplast, complete genome	84463	91233
chloroplast	CDS	ycf2	ycf2	Ycf2	130958	137725	-	tblastn_protein_transfer	high	99.778	1.0	2256	0.0	4303.0	PX244389.1	Dudleya virens chloroplast, complete genome	84463	91233
chloroplast	gene	ycf2	ycf2		132812	136560	-	blastn_feature_transfer	low	87.48	0.615	3834	0.0	4781.0	PX244394.1	Dudleya sp. T72600-1 chloroplast, complete genome	93446	99676
chloroplast	CDS	ycf2	ycf2	Ycf2	132812	136560	-	blastn_feature_transfer	low	87.48	0.615	3834	0.0	4781.0	PX244394.1	Dudleya sp. T72600-1 chloroplast, complete genome	93446	99676
chloroplast	CDS	ycf2	ycf2	Ycf2	132833	136585	-	tblastn_protein_transfer	low	76.135	0.616	1278	0.0	1781.0	PX244394.1	Dudleya sp. T72600-1 chloroplast, complete genome	93446	99676
chloroplast	gene	trnI-CAU	trnI-CAU		137819	137892	+	blastn_feature_transfer	high	100.0	1.0	74	2.78e-34	134.0	PX244394.1	Dudleya sp. T72600-1 chloroplast, complete genome	93015	93088
chloroplast	tRNA	trnI-CAU	trnI-CAU	tRNA-Ile	137819	137892	+	blastn_feature_transfer	high	100.0	1.0	74	2.78e-34	134.0	PX244394.1	Dudleya sp. T72600-1 chloroplast, complete genome	93015	93088
chloroplast	CDS	rpl23	rpl23	large subunit ribosomal protein L23	138058	138336	+	tblastn_protein_transfer	high	100.0	1.0	93	4.42e-61	193.0	PX244393.1	Dudleya candelabrum chloroplast, complete genome	83891	84172
chloroplast	gene	rpl23	rpl23		138058	138339	+	blastn_feature_transfer	high	100.0	1.0	282	1.56e-146	509.0	PX244393.1	Dudleya candelabrum chloroplast, complete genome	83891	84172
chloroplast	CDS	rpl23	rpl23	large subunit ribosomal protein L23	138058	138339	+	blastn_feature_transfer	high	100.0	1.0	282	1.56e-146	509.0	PX244393.1	Dudleya candelabrum chloroplast, complete genome	83891	84172
chloroplast	CDS	rpl2	rpl2	large subunit ribosomal protein L2	138363	138753	+	blastn_feature_transfer	low	100.0	0.474	391	0.0	706.0	PX244393.1	Dudleya candelabrum chloroplast, complete genome	82377	83867
chloroplast	CDS	rpl2	rpl2	large subunit ribosomal protein L2	138363	138755	+	tblastn_protein_transfer	low	99.237	0.478	131	4.09e-84	268.0	PX244393.1	Dudleya candelabrum chloroplast, complete genome	82377	83867
chloroplast	gene	rpl2	rpl2		138363	139853	+	blastn_feature_transfer	high	100.0	1.0	1491	0.0	2690.0	PX244393.1	Dudleya candelabrum chloroplast, complete genome	82377	83867
chloroplast	CDS	rpl2	rpl2	large subunit ribosomal protein L2	139419	139850	+	tblastn_protein_transfer	low	96.528	0.526	144	5.15e-88	279.0	PX244392.1	Dudleya greenei chloroplast, complete genome	84071	85565
chloroplast	CDS	rpl2	rpl2	large subunit ribosomal protein L2	139419	139853	+	blastn_feature_transfer	low	100.0	0.527	435	0.0	785.0	PX244393.1	Dudleya candelabrum chloroplast, complete genome	82377	83867
chloroplast	gene	rps19	rps19		139908	140017	+	blastn_feature_transfer	weak	100.0	0.394	110	3.63e-53	199.0	PX244393.1	Dudleya candelabrum chloroplast, complete genome	82044	82322
chloroplast	CDS	rps19	rps19	ribosomal protein S19	139908	140017	+	blastn_feature_transfer	weak	100.0	0.394	110	3.63e-53	199.0	PX244393.1	Dudleya candelabrum chloroplast, complete genome	82044	82322
chloroplast	CDS	rps19	rps19	ribosomal protein S19	139908	140018	+	tblastn_protein_transfer	weak	83.784	0.402	37	8.79e-16	63.9	PX244394.1	Dudleya sp. T72600-1 chloroplast, complete genome	90687	90965
chloroplast	CDS	rps19	rps19	ribosomal protein S19	139908	140021	+	tblastn_protein_transfer	weak	94.737	0.413	38	2.34e-19	74.3	PX244393.1	Dudleya candelabrum chloroplast, complete genome	82044	82322
chloroplast	gene	trnH-GUG	trnH-GUG		140018	140089	-	blastn_feature_transfer	high	100.0	1.0	72	3.27e-33	131.0	PX244393.1	Dudleya candelabrum chloroplast, complete genome	1	72
chloroplast	tRNA	trnH-GUG	trnH-GUG	tRNA-His	140018	140089	-	blastn_feature_transfer	high	100.0	1.0	72	3.27e-33	131.0	PX244393.1	Dudleya candelabrum chloroplast, complete genome	1	72
chloroplast	gene	trnH-GUG	trnH-GUG		140018	140090	-	blastn_feature_transfer	high	100.0	1.0	73	9.54e-34	132.0	NC_085682.1	Dudleya farinosa chloroplast, complete genome	1	73
chloroplast	tRNA	trnH-GUG	trnH-GUG	tRNA-His	140018	140090	-	blastn_feature_transfer	high	100.0	1.0	73	9.54e-34	132.0	NC_085682.1	Dudleya farinosa chloroplast, complete genome	1	73
chloroplast	gene	psbA	psbA		140337	140389	-	blastn_feature_transfer	high	100.0	1.0	53	4.54e-23	96.9	OL312335.1	Dudleya farinosa voucher MO:Carlsen3301 photosystem II protein D1 (psbA) gene, partial cds; psbA-trnH intergenic spacer, complete sequence; and tRNA-His (trnH-GUG) gene, partial sequence; chloroplast	1	53
chloroplast	CDS	psbA	psbA	photosystem II protein D1	140337	140389	-	blastn_feature_transfer	high	100.0	1.0	53	4.54e-23	96.9	OL312335.1	Dudleya farinosa voucher MO:Carlsen3301 photosystem II protein D1 (psbA) gene, partial cds; psbA-trnH intergenic spacer, complete sequence; and tRNA-His (trnH-GUG) gene, partial sequence; chloroplast	1	53
chloroplast	gene	psbA	psbA		140337	141398	-	blastn_feature_transfer	high	100.0	1.0	1062	0.0	1916.0	PX244391.1	Dudleya lanceolata chloroplast, complete genome	342	1403
chloroplast	CDS	psbA	psbA	photosystem II P680 reaction center D1 protein	140337	141398	-	blastn_feature_transfer	high	100.0	1.0	1062	0.0	1916.0	PX244391.1	Dudleya lanceolata chloroplast, complete genome	342	1403
chloroplast	CDS	psbA	psbA	photosystem II P680 reaction center D1 protein	140340	141398	-	tblastn_protein_transfer	high	100.0	1.0	353	0.0	685.0	PX244393.1	Dudleya candelabrum chloroplast, complete genome	345	1406
chloroplast	CDS	psbA	psbA	photosystem II P680 reaction center D1 protein	140349	141398	-	tblastn_protein_transfer	high	98.857	0.994	350	0.0	675.0	PX244392.1	Dudleya greenei chloroplast, complete genome	508	1566
chloroplast	CDS	psbD	psbD	photosystem II P680 reaction center D2 protein	140493	141377	-	tblastn_protein_transfer	weak	30.872	0.844	298	7.73e-37	134.0	PX244394.1	Dudleya sp. T72600-1 chloroplast, complete genome	36383	37444
chloroplast	tRNA	trnK-UUU	trnK-UUU	tRNA-Lys	141639	141673	-	blastn_feature_transfer	low	100.0	0.486	35	3.99e-13	64.4	PX244393.1	Dudleya candelabrum chloroplast, complete genome	1641	4134
chloroplast	gene	trnK-UUU	trnK-UUU		141639	144127	-	blastn_feature_transfer	high	99.317	1.0	2490	0.0	4411.0	PX244389.1	Dudleya virens chloroplast, complete genome	1641	4130
chloroplast	gene	matK	matK		141909	143411	-	blastn_feature_transfer	high	99.335	1.0	1503	0.0	2666.0	PX244389.1	Dudleya virens chloroplast, complete genome	1911	3413
chloroplast	CDS	matK	matK	maturase K	141909	143411	-	blastn_feature_transfer	high	99.335	1.0	1503	0.0	2666.0	PX244389.1	Dudleya virens chloroplast, complete genome	1911	3413
chloroplast	CDS	matK	matK	maturase K	141912	143411	-	tblastn_protein_transfer	high	98.8	1.0	500	0.0	1006.0	PX244389.1	Dudleya virens chloroplast, complete genome	1911	3413
chloroplast	CDS	matK	matK	maturase K	141915	143411	-	tblastn_protein_transfer	medium	55.512	0.998	508	2.72e-162	503.0	PX244394.1	Dudleya sp. T72600-1 chloroplast, complete genome	1887	3416
chloroplast	gene	matK	matK		141918	143411	-	blastn_feature_transfer	low	74.885	0.994	1521	0.0	1013.0	PX244392.1	Dudleya greenei chloroplast, complete genome	2061	3590
chloroplast	CDS	matK	matK	maturase K	141918	143411	-	blastn_feature_transfer	low	74.885	0.994	1521	0.0	1013.0	PX244392.1	Dudleya greenei chloroplast, complete genome	2061	3590
chloroplast	gene	matK	matK		141920	143411	-	blastn_feature_transfer	low	72.364	0.998	1527	0.0	848.0	PX244394.1	Dudleya sp. T72600-1 chloroplast, complete genome	1887	3416
chloroplast	CDS	matK	matK	maturase K	141920	143411	-	blastn_feature_transfer	low	72.364	0.998	1527	0.0	848.0	PX244394.1	Dudleya sp. T72600-1 chloroplast, complete genome	1887	3416
chloroplast	tRNA	trnK-UUU	trnK-UUU	tRNA-Lys	144081	144127	-	blastn_feature_transfer	medium	93.617	0.653	47	9.38e-15	69.8	PX244393.1	Dudleya candelabrum chloroplast, complete genome	1641	4134
chloroplast	gene	trnK-UUU	trnK-UUU		144091	144127	-	blastn_feature_transfer	high	100.0	1.0	37	1.25e-14	68.0	PX244394.1	Dudleya sp. T72600-1 chloroplast, complete genome	4133	4169
chloroplast	tRNA	trnK-UUU	trnK-UUU	tRNA-Lys	144091	144127	-	blastn_feature_transfer	high	100.0	1.0	37	1.25e-14	68.0	PX244394.1	Dudleya sp. T72600-1 chloroplast, complete genome	4133	4169
chloroplast	CDS	rps16	rps16	ribosomal protein S16	144790	145023	-	blastn_feature_transfer	high	98.718	0.867	234	3.73e-116	409.0	PX244389.1	Dudleya virens chloroplast, complete genome	4806	5861
chloroplast	gene	rps16	rps16		144790	145845	-	blastn_feature_transfer	high	99.338	1.002	1058	0.0	1872.0	PX244389.1	Dudleya virens chloroplast, complete genome	4806	5861
chloroplast	CDS	rps16	rps16	ribosomal protein S16	144793	145023	-	tblastn_protein_transfer	high	96.104	0.865	77	1.24e-46	151.0	PX244393.1	Dudleya candelabrum chloroplast, complete genome	4807	5857
chloroplast	CDS	rps16	rps16	ribosomal protein S16	144797	145023	-	blastn_feature_transfer	medium	82.379	0.85	227	2.05e-62	230.0	PX244392.1	Dudleya greenei chloroplast, complete genome	5278	6405
chloroplast	gene	rps16	rps16		144797	145845	-	blastn_feature_transfer	low	71.354	1.015	1145	8.51e-170	589.0	PX244392.1	Dudleya greenei chloroplast, complete genome	5278	6405
chloroplast	CDS	rps16	rps16	ribosomal protein S16	144799	145026	-	tblastn_protein_transfer	medium	75.0	0.864	76	1.51e-36	122.0	PX244394.1	Dudleya sp. T72600-1 chloroplast, complete genome	5165	6289
chloroplast	CDS	rps16	rps16	ribosomal protein S16	144820	145023	-	blastn_feature_transfer	medium	86.765	0.764	204	2.66e-67	247.0	PX244394.1	Dudleya sp. T72600-1 chloroplast, complete genome	5165	6289
chloroplast	gene	rps16	rps16		144820	145845	-	blastn_feature_transfer	low	71.582	0.995	1119	5.01e-160	557.0	PX244394.1	Dudleya sp. T72600-1 chloroplast, complete genome	5165	6289
chloroplast	gene	trnQ-UUG	trnQ-UUG		147337	147408	-	blastn_feature_transfer	high	100.0	1.0	72	3.27e-33	131.0	PX244393.1	Dudleya candelabrum chloroplast, complete genome	7348	7419
chloroplast	tRNA	trnQ-UUG	trnQ-UUG	tRNA-Gln	147337	147408	-	blastn_feature_transfer	high	100.0	1.0	72	3.27e-33	131.0	PX244393.1	Dudleya candelabrum chloroplast, complete genome	7348	7419
chloroplast	CDS	psbK	psbK	photosystem II reaction center protein K	147703	147885	+	tblastn_protein_transfer	high	100.0	1.0	61	3.28e-36	120.0	PX244393.1	Dudleya candelabrum chloroplast, complete genome	7748	7933
chloroplast	gene	psbK	psbK		147703	147888	+	blastn_feature_transfer	high	100.0	1.0	186	1.30e-94	336.0	PX244393.1	Dudleya candelabrum chloroplast, complete genome	7748	7933
chloroplast	CDS	psbK	psbK	photosystem II reaction center protein K	147703	147888	+	blastn_feature_transfer	high	100.0	1.0	186	1.30e-94	336.0	PX244393.1	Dudleya candelabrum chloroplast, complete genome	7748	7933
chloroplast	CDS	psbI	psbI	photosystem II reaction center protein I	148281	148388	+	tblastn_protein_transfer	high	100.0	1.0	36	5.30e-20	73.2	PX244394.1	Dudleya sp. T72600-1 chloroplast, complete genome	9122	9232
chloroplast	gene	psbI	psbI		148281	148391	+	blastn_feature_transfer	high	100.0	1.0	111	3.72e-54	201.0	PX244393.1	Dudleya candelabrum chloroplast, complete genome	8324	8434
chloroplast	CDS	psbI	psbI	photosystem II reaction center protein I	148281	148391	+	blastn_feature_transfer	high	100.0	1.0	111	3.72e-54	201.0	PX244393.1	Dudleya candelabrum chloroplast, complete genome	8324	8434
chloroplast	gene	trnS-GCU	trnS-GCU		148560	148647	-	blastn_feature_transfer	high	100.0	1.0	88	8.70e-42	159.0	PX244393.1	Dudleya candelabrum chloroplast, complete genome	8604	8691
chloroplast	tRNA	trnS-GCU	trnS-GCU	tRNA-Ser	148560	148647	-	blastn_feature_transfer	high	100.0	1.0	88	8.70e-42	159.0	PX244393.1	Dudleya candelabrum chloroplast, complete genome	8604	8691
chloroplast	gene	trnG-GCC	trnG-GCC		149287	150024	+	blastn_feature_transfer	medium	77.778	1.029	783	0.0	630.0	PX244394.1	Dudleya sp. T72600-1 chloroplast, complete genome	10529	11289
chloroplast	gene	trnG-GCC	trnG-GCC		149287	150025	+	blastn_feature_transfer	high	99.323	1.0	739	0.0	1311.0	PX244389.1	Dudleya virens chloroplast, complete genome	9344	10082
chloroplast	tRNA	trnG-GCC	trnG-GCC	tRNA-Gly	149972	150024	+	blastn_feature_transfer	medium	94.34	0.746	53	1.46e-18	83.3	PX244394.1	Dudleya sp. T72600-1 chloroplast, complete genome	10529	11289
chloroplast	tRNA	trnG-GCC	trnG-GCC	tRNA-Gly	149972	150025	+	blastn_feature_transfer	medium	96.296	0.75	54	1.00e-20	89.7	PX244393.1	Dudleya candelabrum chloroplast, complete genome	9331	10067
chloroplast	tRNA	trnG-GCC	trnG-GCC	tRNA-Gly	149988	150025	+	blastn_feature_transfer	low	100.0	0.603	38	7.84e-15	69.8	NC_085682.1	Dudleya farinosa chloroplast, complete genome	9329	10066
chloroplast	gene	trnR-UCU	trnR-UCU		150245	150316	+	blastn_feature_transfer	high	100.0	1.0	72	3.27e-33	131.0	PX244394.1	Dudleya sp. T72600-1 chloroplast, complete genome	11411	11482
chloroplast	tRNA	trnR-UCU	trnR-UCU	tRNA-Arg	150245	150316	+	blastn_feature_transfer	high	100.0	1.0	72	3.27e-33	131.0	PX244394.1	Dudleya sp. T72600-1 chloroplast, complete genome	11411	11482
chloroplast	gene	atpA	atpA		150374	151892	-	blastn_feature_transfer	medium	88.545	0.997	1519	0.0	1956.0	PX244394.1	Dudleya sp. T72600-1 chloroplast, complete genome	11948	13471
chloroplast	CDS	atpA	atpA	ATP synthase CF1 alpha subunit	150374	151892	-	blastn_feature_transfer	medium	88.545	0.997	1519	0.0	1956.0	PX244394.1	Dudleya sp. T72600-1 chloroplast, complete genome	11948	13471
chloroplast	gene	atpA	atpA		150374	151897	-	blastn_feature_transfer	high	99.672	1.0	1524	0.0	2727.0	PX244389.1	Dudleya virens chloroplast, complete genome	10447	11970
chloroplast	CDS	atpA	atpA	ATP synthase CF1 alpha subunit	150374	151897	-	blastn_feature_transfer	high	99.672	1.0	1524	0.0	2727.0	PX244389.1	Dudleya virens chloroplast, complete genome	10447	11970
chloroplast	CDS	atpA	atpA	ATP synthase CF1 alpha subunit	150380	151897	-	tblastn_protein_transfer	high	92.095	0.998	506	0.0	945.0	PX244394.1	Dudleya sp. T72600-1 chloroplast, complete genome	11948	13471
chloroplast	CDS	atpA	atpA	ATP synthase CF1 alpha subunit	150416	151897	-	tblastn_protein_transfer	high	99.798	0.974	494	0.0	955.0	PX244393.1	Dudleya candelabrum chloroplast, complete genome	10428	11951
chloroplast	CDS	atpF	atpF	ATP synthase CF0 subunit b	151956	152366	-	blastn_feature_transfer	medium	98.783	0.741	411	0.0	719.0	PX244389.1	Dudleya virens chloroplast, complete genome	12029	13317
chloroplast	gene	atpF	atpF		151956	153242	-	blastn_feature_transfer	high	99.456	1.0	1287	0.0	2290.0	PX244391.1	Dudleya lanceolata chloroplast, complete genome	12008	13294
chloroplast	CDS	atpF	atpF	ATP synthase CF0 subunit b	151959	152345	-	tblastn_protein_transfer	medium	83.721	0.701	129	3.56e-69	221.0	PX244392.1	Dudleya greenei chloroplast, complete genome	11668	12914
chloroplast	CDS	atpF	atpF	ATP synthase CF0 subunit b	151959	152432	-	tblastn_protein_transfer	high	86.076	0.859	158	1.56e-84	265.0	PX244393.1	Dudleya candelabrum chloroplast, complete genome	12010	13295
chloroplast	gene	atpH	atpH		153632	153877	-	blastn_feature_transfer	high	99.593	1.0	246	1.99e-125	440.0	PX244389.1	Dudleya virens chloroplast, complete genome	13708	13953
chloroplast	CDS	atpH	atpH	ATP synthase CF0 subunit III	153632	153877	-	blastn_feature_transfer	high	99.593	1.0	246	1.99e-125	440.0	PX244389.1	Dudleya virens chloroplast, complete genome	13708	13953
chloroplast	CDS	atpH	atpH	ATP synthase CF0 subunit III	153635	153877	-	tblastn_protein_transfer	high	98.765	1.0	81	1.05e-46	151.0	PX244392.1	Dudleya greenei chloroplast, complete genome	13278	13523
chloroplast	gene	atpI	atpI		154553	155287	-	blastn_feature_transfer	high	99.728	1.0	735	0.0	1317.0	PX244389.1	Dudleya virens chloroplast, complete genome	14633	15367
chloroplast	CDS	atpI	atpI	ATP synthase CF0 subunit a	154553	155287	-	blastn_feature_transfer	high	99.728	1.0	735	0.0	1317.0	PX244389.1	Dudleya virens chloroplast, complete genome	14633	15367
chloroplast	gene	atpI	atpI		154555	155287	-	blastn_feature_transfer	medium	87.197	0.997	742	0.0	914.0	PX244394.1	Dudleya sp. T72600-1 chloroplast, complete genome	16129	16872
chloroplast	CDS	atpI	atpI	ATP synthase CF0 subunit a	154555	155287	-	blastn_feature_transfer	medium	87.197	0.997	742	0.0	914.0	PX244394.1	Dudleya sp. T72600-1 chloroplast, complete genome	16129	16872
chloroplast	CDS	atpI	atpI	ATP synthase CF0 subunit a	154556	155287	-	tblastn_protein_transfer	high	99.59	1.0	244	2.06e-137	419.0	PX244393.1	Dudleya candelabrum chloroplast, complete genome	14606	15340
chloroplast	gene	rps2	rps2		155478	156187	-	blastn_feature_transfer	high	99.297	1.0	711	0.0	1257.0	PX244393.1	Dudleya candelabrum chloroplast, complete genome	15531	16241
chloroplast	CDS	rps2	rps2	ribosomal protein S2	155478	156187	-	blastn_feature_transfer	high	99.297	1.0	711	0.0	1257.0	PX244393.1	Dudleya candelabrum chloroplast, complete genome	15531	16241
chloroplast	CDS	rps2	rps2	ribosomal protein S2	155481	155912	-	tblastn_protein_transfer	low	98.611	0.61	144	2.81e-118	271.0	PX244393.1	Dudleya candelabrum chloroplast, complete genome	15531	16241
chloroplast	CDS	rps2	rps2	ribosomal protein S2	155481	155960	-	tblastn_protein_transfer	medium	91.25	0.678	160	5.45e-124	295.0	PX244394.1	Dudleya sp. T72600-1 chloroplast, complete genome	17079	17789
chloroplast	gene	rpoC2	rpoC2		156435	160574	-	blastn_feature_transfer	medium	82.592	1.008	4205	0.0	4272.0	PX244392.1	Dudleya greenei chloroplast, complete genome	16403	20575
chloroplast	CDS	rpoC2	rpoC2	RNA polymerase beta'' subunit	156435	160574	-	blastn_feature_transfer	medium	82.592	1.008	4205	0.0	4272.0	PX244392.1	Dudleya greenei chloroplast, complete genome	16403	20575
chloroplast	CDS	rpoC2	rpoC2	RNA polymerase beta'' subunit	156441	160574	-	tblastn_protein_transfer	medium	76.774	1.004	1395	0.0	2083.0	PX244392.1	Dudleya greenei chloroplast, complete genome	16403	20575
chloroplast	CDS	rpoC2	rpoC2	RNA polymerase beta'' subunit	156462	160574	-	tblastn_protein_transfer	medium	75.199	1.013	1383	0.0	2002.0	PX244394.1	Dudleya sp. T72600-1 chloroplast, complete genome	18014	22111
chloroplast	gene	rpoC2	rpoC2		156464	160574	-	blastn_feature_transfer	medium	82.718	1.011	4143	0.0	4246.0	PX244394.1	Dudleya sp. T72600-1 chloroplast, complete genome	18014	22111
chloroplast	CDS	rpoC2	rpoC2	RNA polymerase beta'' subunit	156464	160574	-	blastn_feature_transfer	medium	82.718	1.011	4143	0.0	4246.0	PX244394.1	Dudleya sp. T72600-1 chloroplast, complete genome	18014	22111
chloroplast	gene	rpoC2	rpoC2		156495	160586	-	blastn_feature_transfer	high	99.56	1.0	4092	0.0	7299.0	PX244389.1	Dudleya virens chloroplast, complete genome	16578	20669
chloroplast	CDS	rpoC2	rpoC2	RNA polymerase beta'' subunit	156495	160586	-	blastn_feature_transfer	high	99.56	1.0	4092	0.0	7299.0	PX244389.1	Dudleya virens chloroplast, complete genome	16578	20669
chloroplast	CDS	rpoC2	rpoC2	RNA polymerase beta'' subunit	156498	160586	-	tblastn_protein_transfer	high	99.266	1.0	1363	0.0	2739.0	PX244389.1	Dudleya virens chloroplast, complete genome	16578	20669
chloroplast	CDS	rpoC1	rpoC1	RNA polymerase beta' subunit	160747	162358	-	blastn_feature_transfer	medium	99.752	0.787	1612	0.0	2890.0	PX244389.1	Dudleya virens chloroplast, complete genome	20830	23617
chloroplast	CDS	rpoC1	rpoC1	RNA polymerase beta' subunit	160747	162367	-	blastn_feature_transfer	medium	99.262	0.789	1626	0.0	2879.0	PX244393.1	Dudleya candelabrum chloroplast, complete genome	20803	23603
chloroplast	gene	rpoC1	rpoC1		160747	163531	-	blastn_feature_transfer	high	99.391	1.001	2790	0.0	4953.0	PX244389.1	Dudleya virens chloroplast, complete genome	20830	23617
chloroplast	CDS	rpoC1	rpoC1	RNA polymerase beta' subunit	160750	162357	-	tblastn_protein_transfer	medium	99.627	0.786	536	0.0	1067.0	PX244389.1	Dudleya virens chloroplast, complete genome	20830	23617
chloroplast	gene	rpoB	rpoB		163568	166777	-	blastn_feature_transfer	high	99.72	1.0	3213	0.0	5748.0	NC_085682.1	Dudleya farinosa chloroplast, complete genome	23642	26854
chloroplast	CDS	rpoB	rpoB	RNA polymerase beta subunit	163568	166777	-	blastn_feature_transfer	high	99.72	1.0	3213	0.0	5748.0	NC_085682.1	Dudleya farinosa chloroplast, complete genome	23642	26854
chloroplast	CDS	rpoB	rpoB	RNA polymerase beta subunit	163571	165328	-	tblastn_protein_transfer	low	99.488	0.548	586	0.0	1200.0	NC_085682.1	Dudleya farinosa chloroplast, complete genome	23642	26854
chloroplast	gene	trnC-GCA	trnC-GCA		167901	167979	+	blastn_feature_transfer	high	100.0	1.0	79	5.84e-37	143.0	PX244393.1	Dudleya candelabrum chloroplast, complete genome	27976	28054
chloroplast	tRNA	trnC-GCA	trnC-GCA	tRNA-Cys	167901	167979	+	blastn_feature_transfer	high	100.0	1.0	79	5.84e-37	143.0	PX244393.1	Dudleya candelabrum chloroplast, complete genome	27976	28054
chloroplast	CDS	petN	petN	cytochrome b6-f complex subunit VIII	168821	168907	+	tblastn_protein_transfer	high	100.0	1.0	29	4.01e-14	55.8	PX244394.1	Dudleya sp. T72600-1 chloroplast, complete genome	30710	30799
chloroplast	gene	petN	petN		168821	168909	+	blastn_feature_transfer	high	95.506	0.989	89	6.88e-37	143.0	PX244394.1	Dudleya sp. T72600-1 chloroplast, complete genome	30710	30799
chloroplast	CDS	petN	petN	cytochrome b6-f complex subunit VIII	168821	168909	+	blastn_feature_transfer	high	95.506	0.989	89	6.88e-37	143.0	PX244394.1	Dudleya sp. T72600-1 chloroplast, complete genome	30710	30799
chloroplast	gene	petN	petN		168821	168910	+	blastn_feature_transfer	high	100.0	1.0	90	7.34e-43	163.0	PX244393.1	Dudleya candelabrum chloroplast, complete genome	28896	28985
chloroplast	CDS	petN	petN	cytochrome b6-f complex subunit VIII	168821	168910	+	blastn_feature_transfer	high	100.0	1.0	90	7.34e-43	163.0	PX244393.1	Dudleya candelabrum chloroplast, complete genome	28896	28985
chloroplast	gene	psbM	psbM		169712	169816	-	blastn_feature_transfer	high	100.0	1.0	105	6.29e-51	190.0	PX244389.1	Dudleya virens chloroplast, complete genome	29803	29907
chloroplast	CDS	psbM	psbM	photosystem II reaction center protein M	169712	169816	-	blastn_feature_transfer	high	100.0	1.0	105	6.29e-51	190.0	PX244389.1	Dudleya virens chloroplast, complete genome	29803	29907
chloroplast	CDS	psbM	psbM	photosystem II reaction center protein M	169715	169816	-	tblastn_protein_transfer	high	100.0	1.0	34	1.80e-17	65.9	PX244393.1	Dudleya candelabrum chloroplast, complete genome	29780	29884
chloroplast	gene	trnD-GUC	trnD-GUC		170761	170834	-	blastn_feature_transfer	high	100.0	1.0	74	2.78e-34	134.0	PX244393.1	Dudleya candelabrum chloroplast, complete genome	30833	30906
chloroplast	tRNA	trnD-GUC	trnD-GUC	tRNA-Asp	170761	170834	-	blastn_feature_transfer	high	100.0	1.0	74	2.78e-34	134.0	PX244393.1	Dudleya candelabrum chloroplast, complete genome	30833	30906
chloroplast	gene	trnY-GUA	trnY-GUA		171136	171219	-	blastn_feature_transfer	high	100.0	1.0	84	1.22e-39	152.0	PX244394.1	Dudleya sp. T72600-1 chloroplast, complete genome	33558	33641
chloroplast	tRNA	trnY-GUA	trnY-GUA	tRNA-Tyr	171136	171219	-	blastn_feature_transfer	high	100.0	1.0	84	1.22e-39	152.0	PX244394.1	Dudleya sp. T72600-1 chloroplast, complete genome	33558	33641
chloroplast	gene	trnE-UUC	trnE-UUC		171279	171351	-	blastn_feature_transfer	high	100.0	1.0	73	9.54e-34	132.0	PX244394.1	Dudleya sp. T72600-1 chloroplast, complete genome	33706	33778
chloroplast	tRNA	trnE-UUC	trnE-UUC	tRNA-Glu	171279	171351	-	blastn_feature_transfer	high	100.0	1.0	73	9.54e-34	132.0	PX244394.1	Dudleya sp. T72600-1 chloroplast, complete genome	33706	33778
chloroplast	gene	trnT-GGU	trnT-GGU		171733	171804	+	blastn_feature_transfer	high	100.0	1.0	72	3.27e-33	131.0	PX244393.1	Dudleya candelabrum chloroplast, complete genome	31805	31876
chloroplast	tRNA	trnT-GGU	trnT-GGU	tRNA-Thr	171733	171804	+	blastn_feature_transfer	high	100.0	1.0	72	3.27e-33	131.0	PX244393.1	Dudleya candelabrum chloroplast, complete genome	31805	31876
chloroplast	CDS	psbD	psbD	photosystem II P680 reaction center D2 protein	172483	173541	+	tblastn_protein_transfer	high	99.433	1.0	353	0.0	692.0	PX244394.1	Dudleya sp. T72600-1 chloroplast, complete genome	36383	37444
chloroplast	gene	psbD	psbD		172483	173544	+	blastn_feature_transfer	high	99.906	1.0	1062	0.0	1911.0	PX244393.1	Dudleya candelabrum chloroplast, complete genome	32611	33672
chloroplast	CDS	psbD	psbD	photosystem II P680 reaction center D2 protein	172483	173544	+	blastn_feature_transfer	high	99.906	1.0	1062	0.0	1911.0	PX244393.1	Dudleya candelabrum chloroplast, complete genome	32611	33672
chloroplast	CDS	psbA	psbA	photosystem II P680 reaction center D1 protein	172510	173379	+	tblastn_protein_transfer	weak	30.537	0.844	298	2.47e-36	133.0	PX244394.1	Dudleya sp. T72600-1 chloroplast, complete genome	281	1342
chloroplast	CDS	psbA	psbA	photosystem II P680 reaction center D1 protein	172558	173379	+	tblastn_protein_transfer	weak	31.673	0.796	281	3.28e-36	132.0	PX244393.1	Dudleya candelabrum chloroplast, complete genome	345	1406
chloroplast	CDS	psbC	psbC	photosystem II CP43 chlorophyll apoprotein	173492	174910	+	tblastn_protein_transfer	high	100.0	1.0	473	0.0	864.0	PX244393.1	Dudleya candelabrum chloroplast, complete genome	33620	35041
chloroplast	gene	psbC	psbC		173492	174913	+	blastn_feature_transfer	high	99.93	1.0	1422	0.0	2561.0	PX244393.1	Dudleya candelabrum chloroplast, complete genome	33620	35041
chloroplast	CDS	psbC	psbC	photosystem II CP43 chlorophyll apoprotein	173492	174913	+	blastn_feature_transfer	high	99.93	1.0	1422	0.0	2561.0	PX244393.1	Dudleya candelabrum chloroplast, complete genome	33620	35041
chloroplast	CDS	psbC	psbC	photosystem II CP43 chlorophyll apoprotein	173528	174910	+	tblastn_protein_transfer	high	97.614	1.0	461	0.0	825.0	PX244394.1	Dudleya sp. T72600-1 chloroplast, complete genome	37428	38813
chloroplast	gene	psbC	psbC		173528	174913	+	blastn_feature_transfer	high	91.919	1.0	1386	0.0	1995.0	PX244394.1	Dudleya sp. T72600-1 chloroplast, complete genome	37428	38813
chloroplast	CDS	psbC	psbC	photosystem II CP43 chlorophyll apoprotein	173528	174913	+	blastn_feature_transfer	high	91.919	1.0	1386	0.0	1995.0	PX244394.1	Dudleya sp. T72600-1 chloroplast, complete genome	37428	38813
chloroplast	gene	trnS-UGA	trnS-UGA		175099	175191	-	blastn_feature_transfer	high	100.0	1.0	93	1.80e-44	168.0	PX244393.1	Dudleya candelabrum chloroplast, complete genome	35220	35312
chloroplast	tRNA	trnS-UGA	trnS-UGA	tRNA-Ser	175099	175191	-	blastn_feature_transfer	high	100.0	1.0	93	1.80e-44	168.0	PX244393.1	Dudleya candelabrum chloroplast, complete genome	35220	35312
chloroplast	gene	trnS-UGA	trnS-UGA		175138	175191	-	blastn_feature_transfer	high	98.148	1.0	54	5.68e-22	94.2	PX244394.1	Dudleya sp. T72600-1 chloroplast, complete genome	39099	39152
chloroplast	tRNA	trnS-UGA	trnS-UGA	tRNA-Ser	175138	175191	-	blastn_feature_transfer	high	98.148	1.0	54	5.68e-22	94.2	PX244394.1	Dudleya sp. T72600-1 chloroplast, complete genome	39099	39152
chloroplast	CDS	lhbA	lhbA	LhbA	175498	175683	+	tblastn_protein_transfer	high	100.0	1.0	62	1.81e-34	115.0	NC_085682.1	Dudleya farinosa chloroplast, complete genome	36029	36217
chloroplast	CDS	psbZ	psbZ	photosystem II reaction center protein Z	175498	175683	+	tblastn_protein_transfer	high	100.0	1.0	62	1.81e-34	115.0	PX244393.1	Dudleya candelabrum chloroplast, complete genome	35618	35806
chloroplast	gene	lhbA	lhbA		175498	175686	+	blastn_feature_transfer	high	100.0	1.0	189	3.10e-96	342.0	NC_085682.1	Dudleya farinosa chloroplast, complete genome	36029	36217
chloroplast	CDS	lhbA	lhbA	LhbA	175498	175686	+	blastn_feature_transfer	high	100.0	1.0	189	3.10e-96	342.0	NC_085682.1	Dudleya farinosa chloroplast, complete genome	36029	36217
chloroplast	gene	psbZ	psbZ		175498	175686	+	blastn_feature_transfer	high	100.0	1.0	189	3.10e-96	342.0	PX244393.1	Dudleya candelabrum chloroplast, complete genome	35618	35806
chloroplast	CDS	psbZ	psbZ	photosystem II reaction center protein Z	175498	175686	+	blastn_feature_transfer	high	100.0	1.0	189	3.10e-96	342.0	PX244393.1	Dudleya candelabrum chloroplast, complete genome	35618	35806
chloroplast	gene	trnG-UCC	trnG-UCC		176341	176410	+	blastn_feature_transfer	high	97.143	1.0	70	1.99e-29	118.0	PX244394.1	Dudleya sp. T72600-1 chloroplast, complete genome	40032	40101
chloroplast	tRNA	trnG-UCC	trnG-UCC	tRNA-Gly	176341	176410	+	blastn_feature_transfer	high	97.143	1.0	70	1.99e-29	118.0	PX244394.1	Dudleya sp. T72600-1 chloroplast, complete genome	40032	40101
chloroplast	gene	trnG-UCC	trnG-UCC		176341	176411	+	blastn_feature_transfer	high	100.0	1.0	71	1.12e-32	129.0	PX244393.1	Dudleya candelabrum chloroplast, complete genome	36477	36547
chloroplast	tRNA	trnG-UCC	trnG-UCC	tRNA-Gly	176341	176411	+	blastn_feature_transfer	high	100.0	1.0	71	1.12e-32	129.0	PX244393.1	Dudleya candelabrum chloroplast, complete genome	36477	36547
chloroplast	gene	trnfM-CAU	trnfM-CAU		176549	176622	-	blastn_feature_transfer	high	100.0	1.0	74	2.78e-34	134.0	PX244393.1	Dudleya candelabrum chloroplast, complete genome	36685	36758
chloroplast	tRNA	trnfM-CAU	trnfM-CAU	tRNA-fMet	176549	176622	-	blastn_feature_transfer	high	100.0	1.0	74	2.78e-34	134.0	PX244393.1	Dudleya candelabrum chloroplast, complete genome	36685	36758
chloroplast	gene	trnfM-CAU	trnfM-CAU		176550	176622	-	blastn_feature_transfer	high	98.63	1.0	73	4.06e-32	128.0	PX244394.1	Dudleya sp. T72600-1 chloroplast, complete genome	40270	40342
chloroplast	tRNA	trnfM-CAU	trnfM-CAU	tRNA-fMet	176550	176622	-	blastn_feature_transfer	high	98.63	1.0	73	4.06e-32	128.0	PX244394.1	Dudleya sp. T72600-1 chloroplast, complete genome	40270	40342
chloroplast	gene	rps14	rps14		176785	176964	-	blastn_feature_transfer	low	99.444	0.594	180	1.68e-89	321.0	PX244389.1	Dudleya virens chloroplast, complete genome	36896	37198
chloroplast	CDS	rps14	rps14	ribosomal protein S14	176785	176964	-	blastn_feature_transfer	low	99.444	0.594	180	1.68e-89	321.0	PX244389.1	Dudleya virens chloroplast, complete genome	36896	37198
chloroplast	CDS	rps14	rps14	ribosomal protein S14	176788	176964	-	tblastn_protein_transfer	low	98.305	0.59	59	2.55e-37	125.0	PX244393.1	Dudleya candelabrum chloroplast, complete genome	36921	37223
