canonical_path	size_bytes	sha256	status
.gitattributes	133	535756a14e70a9bf1ec6df7970bfd37f5ec63d54d03ef57d4f7d0967652a8ff5	canonical
.github/workflows/publication-package.yml	1325	0d2fd3a15ae88f6b452489700fdf1a1655b017aabbf028f2d88854cb2ba53e4d	canonical
.gitignore	1517	9524f4da5b4440a78bb3acd5593c3d9092425fcb3edf0bc8e17c2bf80acfaf7f	canonical
README.md	1255	88571d02145af7858cb0e8ab3a4d380d7d52a76d8d73958b3c033757dbda1b3c	canonical
canonical_publication/CURRENT_PACKAGE	43	98d49fccd818f8ee40b640fb9dbb2f91adccfe34e2e83b191a8ce4e41c5faefb	canonical
canonical_publication/CURRENT_RUN	26	fee7579b8c679f1b729b35a1cdd3c9d0dc91dbf3e45f6143eb9b94c8525509d4	canonical
canonical_publication/README.md	4365	9f56fefef7bd7d6edb9c2159288056711d451e1c78260a6a424a5adb3ed32fc0	canonical
canonical_publication/config/publication_config.toml	2703	aea3f0ddf0b95e79566bce9ba3ad3635fbc5c3c97172fa83677b0f7529838378	canonical
canonical_publication/environment.yml	448	395fa8d8f2d5e761578226048eb7bc632ac81f764bc180e8a8a8b6b8fa989928	canonical
canonical_publication/metadata/populations/populations.tsv	1892	d11b2c0a0114f69d368a53a4a1ae9ed1d3d503e10a92993452335ed8fc38f094	canonical
canonical_publication/metadata/qc/.gitkeep	1	01ba4719c80b6fe911b091a7c05124b64eeece964e09c058ef8f9805daca546b	canonical
canonical_publication/metadata/qc/publication-20260817/chloroplast_samples.tsv	15836	613831e85e35d5f7b5acf8b2c45cb4b5e382c3e53dd88be2dc8e091a7ffb389b	canonical
canonical_publication/metadata/qc/publication-20260817/mitochondria_samples.tsv	15551	f10dfd88e7df1ee4e33f1b79bec1ec58fa030d4b9bc25488fcd0f8067b5e82e3	canonical
canonical_publication/metadata/qc/publication-20260817/organelle_eligibility.tsv	22501	1678e891570990ab0abdaf28c59bdcd8b455ee344771cb0cbb0d68b0ff7b4ab5	canonical
canonical_publication/metadata/qc/publication-20260817/shared_samples.tsv	15551	f10dfd88e7df1ee4e33f1b79bec1ec58fa030d4b9bc25488fcd0f8067b5e82e3	canonical
canonical_publication/metadata/qc/publication-20260817/source_metadata_ambiguities.tsv	373	cc3883116b060783bed5e53d2702463d0e56886b5db5cf836f2563c03932349d	canonical
canonical_publication/metadata/samples/samples.tsv	96141	863d63b74551996015a7af939330ce6671a23b0b1f93d5749fae1a7eb7e96ee2	canonical
canonical_publication/pipeline/ci_environment.yml	250	2b5071e7c7e49c1430cacbb4c69ed92af1b5a417ad41611dc61a7d54c61c1ea3	canonical
canonical_publication/pipeline/scripts/attest_publication_package.py	1473	48e14858de073b4eb1086cf324f27a5e200134bd3fefe084f891275bf11b263b	canonical
canonical_publication/pipeline/scripts/build_consensus.py	10992	1d07674aa3bae9384ebb38a9c4c50fd18df58cdb47269d21b1c908edb212c082	canonical
canonical_publication/pipeline/scripts/build_reports.py	52357	ea1cfae329f68bfb2f9194127d75fe2a92d87ffc7b0ad6b27f00d269b5d9f144	canonical
canonical_publication/pipeline/scripts/build_sample_manifest.py	6952	4be53abeec279ef70984c26e6fab5bfc754c0f5700ab6e2dad6353566a672e44	canonical
canonical_publication/pipeline/scripts/build_source_manifest.py	1695	c51a86549aaeb9550c69d97f2815b2921762be2fa55f7f1fb4c2884ad7d28875	canonical
canonical_publication/pipeline/scripts/call_variants.py	7525	05857ac569d730c2e059584435df6c953140347f9893b118467a3455b5ed18c8	canonical
canonical_publication/pipeline/scripts/compute_qc.py	26167	ae3ee1a8fd74737536356ce3e1c68e40ef7aeb21dee5fef20ba503eccd6ea104	canonical
canonical_publication/pipeline/scripts/crosscheck_scikit_allel.py	10501	0bbde6b1d00cd33a25b3c4c137bb5b4b12c4aab1e13eb346db8674fe4cfa5cb2	canonical
canonical_publication/pipeline/scripts/finalize_mapping_provenance.py	18427	819a5729318a81f5225a6794da83bc43cb24401fe2cb8ec52aa4a2c3169ba577	canonical
canonical_publication/pipeline/scripts/map_samples.py	15207	7adef24354694b8b2899bab0d487669fd4d915cc77eba53765d139ddfb27c706	canonical
canonical_publication/pipeline/scripts/population_genetics.py	12717	a9a5910b4c970b06cb31322cbb5a955d3f6aa184ea4923c7c99ae5f06a1f1013	canonical
canonical_publication/pipeline/scripts/prepare_references.py	18339	0c0e91665498773d4610cd7abae8451997fe359b9634c2107baec68acf3efaa3	canonical
canonical_publication/pipeline/scripts/project_annotations.py	8189	a747efaab7f5c3b628e304b8d9301e3ff6eb08907735ec5d748ac24f5148aff0	canonical
canonical_publication/pipeline/scripts/render_figures.py	37135	844233036d1588b1f4c9bd3682830b7824e8d9d0ca8d51e23fc46347b6ed5fda	canonical
canonical_publication/pipeline/scripts/run_admixture.py	14504	c981aa1a7dfb96121cc7f76f67afc90cbac056eb7cb4b065d584cffb580c9baa	canonical
canonical_publication/pipeline/scripts/run_haplotypes.py	7411	8b60ace3d5eda00783a8659735e8c5c56f366bfb5e9e8c9bec010bf01fc4842e	canonical
canonical_publication/pipeline/scripts/run_pca.py	6581	90ebacd784db6a7e29cdeb738cfb00b4819c51360a8d6123fe6c5b349eade222	canonical
canonical_publication/pipeline/scripts/run_pipeline.py	8874	1101af501a6c62661033fc822aa2ea9888c0755d84ddf1a721a6295ed19ca33e	canonical
canonical_publication/pipeline/scripts/run_trees.py	20960	5f411c667bfacdbaf3ed3ee8bb7f1702bf802f1bb036fec197276a10f8a1405d	canonical
canonical_publication/pipeline/scripts/sample_distances.py	8088	cffd4243c018aa522d9dad5d5eab5e1a4a6a3c9e1d6785b902234efd74ee9f75	canonical
canonical_publication/pipeline/scripts/verify_source_md5.py	9976	04263257f0ba7d5fde233f4fb6a954f08f0943ab95b2ac2014674a2a1a275026	canonical
canonical_publication/pipeline/scripts/verify_tree_reproducibility.py	8676	e629da842066153d05319b59b2315b4978c3ce7f0bcd78c4a093847aeecbd2a5	canonical
canonical_publication/pipeline/src/organelle_pipeline/__init__.py	94	41d765a69e790b9024d16893dd75edeb26cd719d6b1e11d47bff4b3af21d141c	canonical
canonical_publication/pipeline/src/organelle_pipeline/admixture.py	1250	a3b6e109c3bfebcd14b0b7cad04c6605e2d3e9c01a9f0b0e828b0b57eac8f23d	canonical
canonical_publication/pipeline/src/organelle_pipeline/analysis.py	4090	539cd1780aaea88fb361bcaf72613b3be54826799a603b94094de6194c1d51ed	canonical
canonical_publication/pipeline/src/organelle_pipeline/annotations.py	821	37205c628291edc7fb14bc4c967af43499bea4fa718896dcc2a7733cf672d1ba	canonical
canonical_publication/pipeline/src/organelle_pipeline/commands.py	2535	528d86415749cc7b2abb3179fb69f0c8531b88e81718c585b2fa5aa510206d65	canonical
canonical_publication/pipeline/src/organelle_pipeline/configuration.py	3453	c7e9b9244d20997dae9a789fd3108996f867772340e4f255abcd25201b560411	canonical
canonical_publication/pipeline/src/organelle_pipeline/consensus.py	4929	3dc9acaae5c284a739bde0267163fab1fc74400b4575853d8a73c962f4bdc22e	canonical
canonical_publication/pipeline/src/organelle_pipeline/crosscheck.py	1557	0ec1a786a0f035e11bfba1cb9b9fd2cea08a5fb1f4b61a6d032cb36c673ff670	canonical
canonical_publication/pipeline/src/organelle_pipeline/distances.py	4704	fbcdb5d4255bec62d780dee150c86d4ad042fb9b8d22d5c934595707d395144b	canonical
canonical_publication/pipeline/src/organelle_pipeline/figures.py	5726	78c9cd3a89c75c3f177c7daa239842c24e975dd975b1605ac42407f00dff9da4	canonical
canonical_publication/pipeline/src/organelle_pipeline/haplotypes.py	1635	47ae60ab2255154b81293e8543e4a885cc576a6d38791214ed7c5308075d2fc7	canonical
canonical_publication/pipeline/src/organelle_pipeline/inventory.py	6944	e113a9446a019594c7567c36873872656364e70300ec5075df9174c0077d1eaa	canonical
canonical_publication/pipeline/src/organelle_pipeline/logs.py	645	7853129d58897bedb32ade6f6fbe8350dda4e9ffc109c95a70882430fb57169e	canonical
canonical_publication/pipeline/src/organelle_pipeline/metadata.py	6534	982d72428a257f64c6a24158d45c895737e2cbd01c0af69bfab313805b2a7339	canonical
canonical_publication/pipeline/src/organelle_pipeline/ordination.py	1064	00020dbe696d617433803ba3e183bbb102dfb58b500dcf394834a40739cef056	canonical
canonical_publication/pipeline/src/organelle_pipeline/paths.py	1625	afc5cd3bdab6d1ba456c72e9a3f01210b1cf0e5cb04f24b18e661b61f5521615	canonical
canonical_publication/pipeline/src/organelle_pipeline/popgen.py	10829	605f10ca3454b082709797c8293fb326f97b4d4b5f34e50190552b60fa3b84b2	canonical
canonical_publication/pipeline/src/organelle_pipeline/provenance.py	9223	e7ae15f9f341a644b7690501600fe3be9f509f37d4f326e61fda2e46f60ea250	canonical
canonical_publication/pipeline/src/organelle_pipeline/publication_package.py	18872	7afc1f1da2f162598c5bbc6b337949f1baf6567c72508ed281d6619b8d4b8854	canonical
canonical_publication/pipeline/src/organelle_pipeline/qc.py	7051	a7930ae10b139e5d50bf1125d31bc2d1524a1957e9f3d664d2322fc1fc42b0b7	canonical
canonical_publication/pipeline/src/organelle_pipeline/reference_evidence.py	8217	93e231a55cc7191ab07d451761ba07b5c40096dfadddf045fb5279323a265be7	canonical
canonical_publication/pipeline/src/organelle_pipeline/references.py	2664	d2d8330a8c1b6dbda5b1c7bacdda5652422027e89e931ab6bfa2b60403d04c0b	canonical
canonical_publication/pipeline/src/organelle_pipeline/tree_reproducibility.py	3205	6df590c8602bf9c5d88552b712d9c1be33dbd8c0861fffda1026894f7c1c48e8	canonical
canonical_publication/pipeline/src/organelle_pipeline/variants.py	5171	81656213ebdd4e08201380d18bfdc71f0c61a62e314996558061df7ced3b9243	canonical
canonical_publication/pipeline/tests/fixtures/genotype_filter_input.vcf	425	7ca0180ae5b3886c28a44c75daae583ccbdc5a7ac0b972e761e504a12deabf81	canonical
canonical_publication/pipeline/tests/test_admixture.py	746	2cf355e72252cbdb84ef7c282ffcc2eda53f80bcc48687066274afeb5d502375	canonical
canonical_publication/pipeline/tests/test_analysis_commands.py	2702	d03ee12a2c3790a90bac6da51ab05b3f587903facaf796adae5f1b6d4c4f6601	canonical
canonical_publication/pipeline/tests/test_annotations.py	565	dfd6fc61e271e37ab9a9e35b08090b74fe3d28c277ee683aa0ec35e213d70253	canonical
canonical_publication/pipeline/tests/test_configuration.py	1221	de6f92efc8c6cd4cc28f2f9557127f7d0cc93dc54ead3ba9c3a5e2c63f5e07fd	canonical
canonical_publication/pipeline/tests/test_consensus.py	2792	b22412c183eee7765f8f9479133b259a9cd3dfd1ad3f8bb1a133250121a915f1	canonical
canonical_publication/pipeline/tests/test_crosscheck.py	653	e46818b7f9ca09b0d373ab70802277f9971ed51005c3055b91eb956071f5add8	canonical
canonical_publication/pipeline/tests/test_distances.py	7266	19efc38df62aaab6c5ce22a34674f92a3dd2717036fc615d650e5f2ac6112c22	canonical
canonical_publication/pipeline/tests/test_figures.py	14834	e490afa9b1ce553730fb786cea53e09568080db7bbd47e30d8bbd5bcce18753b	canonical
canonical_publication/pipeline/tests/test_haplotypes.py	1033	cb041ee66ade357923df9b287f5b14757cc3b27c19f8453e484a874b64c5803f	canonical
canonical_publication/pipeline/tests/test_inventory.py	6805	879a6df30c05a42ab49f6625b063916c2ae4a6adca44b7890f915fd0fab9127a	canonical
canonical_publication/pipeline/tests/test_layout.py	5025	5658e078d87f436b5e56cb0f9cc9df0d2c7397051c15263d2b9ce7276c4de75f	canonical
canonical_publication/pipeline/tests/test_metadata.py	2686	9f82647a48aa655d83d5ed0ea094a75be3b34d88a1e9beeb60ec69ac3c1826bc	canonical
canonical_publication/pipeline/tests/test_ordination.py	407	89e2b5b37e926a3f8d197dfcbbb87fd20f5696b6516ed4a090316ecc41637bd8	canonical
canonical_publication/pipeline/tests/test_popgen.py	4163	c1856ff750fda26633edfebe202d0450bc0476ad00f7d71fed6d853793f1de50	canonical
canonical_publication/pipeline/tests/test_provenance.py	9475	1fcbb11d50330e48677b43f27ba3ca336a713a0c0cd7c80226d5dad3b5f0da6e	canonical
canonical_publication/pipeline/tests/test_publication_package.py	11276	ceef214cc9f1b3e1908922ebea8a7d8d5c1885f49a107dece62e87d48f996db0	canonical
canonical_publication/pipeline/tests/test_qc.py	3343	6e3ea633ce41a0dd17e3037e7e6fcc6aab4676e4b10480e475d005d1bbf81a39	canonical
canonical_publication/pipeline/tests/test_reference_evidence.py	2755	f673bddafdc28d0a7e993115660aff642bf82f660500498dd21752442a59f2f6	canonical
canonical_publication/pipeline/tests/test_references.py	921	8269d7df6b677cb73cbfc49ed33cee663acff6d45090c0f9463f3f5e10ed2d91	canonical
canonical_publication/pipeline/tests/test_tree_reproducibility.py	1542	ffaba4215883411c0a59cceb220c6b414a5a8cbd273d5702a8fd760c2f1b68b8	canonical
canonical_publication/pipeline/tests/test_variants.py	5411	b0d67d007b6374534a5368c8021499f8371ec1d214a5ce9e0801d71df29ecadc	canonical
canonical_publication/pipeline/tests/test_workflow_commands.py	5776	9be21bf90b67a7f11765bb5e743e1926e1a93d57dbddb8d06b3c7c9f1108c1ad	canonical
canonical_publication/pipeline/workflow/README.md	2159	d806301d55758cee92e292a93eca09aaa1c3dbf6edcae415fb8e8f0a72b8abe6	canonical
canonical_publication/pipeline/workflow/plans/2026-08-19-publication-figures.md	6373	4f6f7eb05da91ae68bcc8684e3563361ebcd33efb25b3c567e99d361feface51	canonical
canonical_publication/pipeline/workflow/specs/2026-08-19-publication-figures-design.md	4489	93201e3eb07d9dce0f9134d91516a873d608653dc49eb6fedd2d8e098ff606ee	canonical
canonical_publication/provenance/archive/2026-08-17_pre_remediation/manifest.tsv	2238567	7d7d0eb52daaf27c0d12f0608d37b064e15c8161fc5d79b86cd19a828a7ef047	archive_audit_manifest
canonical_publication/provenance/archive/README.md	1492	92fd97cc2ccd0f0a612fc54b9a1133ba7bd9fb69fc54cf5a7b6bebfc9f3b0381	archive_audit_manifest
canonical_publication/provenance/invalidation/.gitkeep	1	01ba4719c80b6fe911b091a7c05124b64eeece964e09c058ef8f9805daca546b	historical_provenance
canonical_publication/provenance/invalidation/publication-20260817.legacy_artifact_invalidation.tsv	2775537	0a57f6904519b81208adfd8f164a3ef106b8e6c6cfa08045804ed6e4b093289f	historical_provenance
canonical_publication/provenance/manifests/publication-20260817.final_artifacts.tsv	138186	0817889739b03b9b33c4fe3aa41baf95d6d6b20b2a2a2daf314a7dbf952890f8	historical_provenance
canonical_publication/provenance/manifests/publication-20260817.provider_md5_validation.tsv	195121	3a60b377d7e21d771b5f7b95220319c5ae4350a7e5a9571d7f8cd13f674be88e	historical_provenance
canonical_publication/provenance/manifests/source_inputs.tsv	125315	937188150e1f7c77d26374e8d020411f3465390476802d9dff6afc5f7ee4566d	historical_provenance
canonical_publication/provenance/runs/publication-20260817/ACCEPTANCE.json	625	585f72eef82130f5709aed9a850367c76dd8035945a18ddc5d86e3ab1c3c4fda	historical_provenance
canonical_publication/provenance/runs/publication-20260817/admixture/chloroplast.json	53449	5ef051d41a2e056f1567af33348c8139be73c7f1b89af21c1451277dedf50bd3	historical_provenance
canonical_publication/provenance/runs/publication-20260817/admixture/mitochondria.json	53699	753aa64b5f7aa303fa33f9ac48a4127dcd88478c661028edfa22c9538b778dc5	historical_provenance
canonical_publication/provenance/runs/publication-20260817/consensus/chloroplast.json	2913	ae147d5615423fa6a0e98d03a48ce96b4e24efffff5339626d0d2c9c9375b4d8	historical_provenance
canonical_publication/provenance/runs/publication-20260817/consensus/mitochondria.json	2949	4dad37cc1db50bccbbc3bc6e09de2c6ad4cf8733ca0bef38c0e3b18500617041	historical_provenance
canonical_publication/provenance/runs/publication-20260817/distances/chloroplast.json	2495	936b261af1dc290979002eef282761203386520c2f0b035db0dd4c576a1dfdca	historical_provenance
canonical_publication/provenance/runs/publication-20260817/distances/mitochondria.json	2498	7560091ab3e2c2cc1f8fe3713d654aecfb651cb94cacbe24281108437d0e8638	historical_provenance
canonical_publication/provenance/runs/publication-20260817/figures.json	21223	bf34466d388045ed8b345e43f9f049a67334339c92637519497c73965a3aec13	historical_provenance
canonical_publication/provenance/runs/publication-20260817/haplotypes/chloroplast.json	2345	e500f0f147d2e5694c664694adf27b1420d0167a92dbf0ac35ecadb06135fb2b	historical_provenance
canonical_publication/provenance/runs/publication-20260817/haplotypes/mitochondria.json	2351	e886a1a80066dfd0f1942b54367bd1c133e49c396a95ea38d1c20136a5c724a2	historical_provenance
canonical_publication/provenance/runs/publication-20260817/mapping/ABAB_MAD_LP_222_Du-589.json	10855	e336173987ffca831cbfaffe6b7e90dbc252ef6f30875c0c500d0fe79dc275a8	historical_provenance
canonical_publication/provenance/runs/publication-20260817/mapping/ABAB_MAD_LP_223_Du-590.json	10859	3bf8813f8af20283d5b4e360859f8175725bbe9cc20eacec982dd76993d944c8	historical_provenance
canonical_publication/provenance/runs/publication-20260817/mapping/ABAB_MAD_LP_322_Du-593.json	10863	a721d2947c5a78f5173344b787bc06d0d8582587e59ec361fad83bb494d1038e	historical_provenance
canonical_publication/provenance/runs/publication-20260817/mapping/ABAB_MAD_LP_323_Du-594.json	10861	8b16b941468e0bba363268f0e7185daec0919c351988e87fea8aa4c14e9a3946	historical_provenance
canonical_publication/provenance/runs/publication-20260817/mapping/ABAB_MAD_LP_324_Du-595.json	10861	cd2821dcb898534ed4fd4e6da86cf82281bac838c21c60179e4c36f2bc518b1c	historical_provenance
canonical_publication/provenance/runs/publication-20260817/mapping/ABAB_MAD_LP_325_Du-596.json	10863	ff4fe6facbe302ccd13738c350529c1d48cbd5a13e47dcaf4cd4240e7f3f677f	historical_provenance
canonical_publication/provenance/runs/publication-20260817/mapping/ABAB_MAD_LP_326_Du-597.json	10861	129e533c6455bdac1a0bd380e3119a08752feed47bc0bf97337f195e49129a13	historical_provenance
canonical_publication/provenance/runs/publication-20260817/mapping/ABAB_MAD_LP_327_Du-598.json	10861	0215d5de91064ad4e4bc6485ff30dbb3d1ea65705b03ba2c4c1bebf3b51a973d	historical_provenance
canonical_publication/provenance/runs/publication-20260817/mapping/ABBE_BERN_LP_311_Du-780.json	10920	0d7bbe8e206b43c6cc67f137fe84d6a0f26c25c87caa4081210b580da32dcfa8	historical_provenance
canonical_publication/provenance/runs/publication-20260817/mapping/ABBE_BERN_LP_312_Du-781.json	10920	51128ae303c29bf28f6efff4e1445bfd6e8e84697d65bedd3fba9f05b7f622a7	historical_provenance
canonical_publication/provenance/runs/publication-20260817/mapping/ABBE_BERN_LP_313_Du-782.json	10918	6197b377d949f362c1cf92261d7dbf92be34e0b78a4f51254ea5bce2be8c3c84	historical_provenance
canonical_publication/provenance/runs/publication-20260817/mapping/ABBE_BERN_LP_314_Du-783.json	10920	28b961b34947ceeb77eda5b38b2e2901cc520cd6c3569b0469e86f25a35082fe	historical_provenance
canonical_publication/provenance/runs/publication-20260817/mapping/ABMU_HOR_LP_306_Du-775.json	10861	9aa42ee3118cccf4b12fac6a69861a99804678c211f96ac82c4060df7ccefb25	historical_provenance
canonical_publication/provenance/runs/publication-20260817/mapping/ABMU_HOR_LP_308_Du-777.json	10861	f1390a9784e23fdc9ef5b81599b51e6fa769a3d26446fb01f24e0d924ebcfe0d	historical_provenance
canonical_publication/provenance/runs/publication-20260817/mapping/ABMU_HOR_LP_358_Du-770.json	10863	80a7d011728d127c48142420d1e0a491df9ead42d482dabb3990cd9d728a2f81	historical_provenance
canonical_publication/provenance/runs/publication-20260817/mapping/ABMU_HOR_LP_359_Du-771.json	10861	f0e40e12c3c2523d1682c3fda5e45d7ffc20fce0df4c40efa526c6ea0f366188	historical_provenance
canonical_publication/provenance/runs/publication-20260817/mapping/ABMU_HOR_LP_360_Du-772.json	10861	0082479a5ee11391d727da8f0170a7d5702b2c05ed31931a14a37677ee896186	historical_provenance
canonical_publication/provenance/runs/publication-20260817/mapping/ABMU_HOR_LP_361_Du-773.json	10861	e25df40e9debc79816bef2da611bdba5e5bbc3ee894efaa2b52fe2684b587711	historical_provenance
canonical_publication/provenance/runs/publication-20260817/mapping/BAI_LP_105_Du-222.json	10554	5d74e9875caec94832e30cacf06d94dd28a4b53fc89250e3411b1e61199b7def	historical_provenance
canonical_publication/provenance/runs/publication-20260817/mapping/BAI_LP_106_Du-223.json	10556	57a5acbe896ff35f7cbfd26353ac144d17610a03f68a454d5655c27a19eb27e2	historical_provenance
canonical_publication/provenance/runs/publication-20260817/mapping/BAI_LP_108_Du-225.json	10554	c06a1762ec6aa24661e99ba1b328a30fdcd34691fd3d9db6d4e8da6c11217a6a	historical_provenance
canonical_publication/provenance/runs/publication-20260817/mapping/BAI_LP_109_Du-226.json	10556	243fb5c2fbdcd57d2fc190fba07950b5976055443a6d09f36587fa2a82e9b009	historical_provenance
canonical_publication/provenance/runs/publication-20260817/mapping/BAI_LP_110_Du-227.json	10556	6ea7efc0283a3aaf4679669aa34d4069e03c2324e8a5d9c9d666c06a64b7984b	historical_provenance
canonical_publication/provenance/runs/publication-20260817/mapping/BAI_LP_111_Du-228.json	10554	52523360ebfbbbf98cbee64b3a685c6ffc7358bc4e6d528f152756cfd57d18f3	historical_provenance
canonical_publication/provenance/runs/publication-20260817/mapping/BAI_LP_112_Du-230.json	10566	7ee4f01f7fafc3fc1f70bba6bd7e23d06d395d37e7ee27ffcbbf1e9772a2804c	historical_provenance
canonical_publication/provenance/runs/publication-20260817/mapping/BAI_LP_113_Du-231.json	10568	a3af804894e219bf92a0f0f2497912acc20d7b328ba55b8a30ba0f636b932ca9	historical_provenance
canonical_publication/provenance/runs/publication-20260817/mapping/BAI_LP_114_Du-232.json	10566	90d5a3cb0da256728dab3946ccd2a569bd1664c5497966d26da90cd354b0aaba	historical_provenance
canonical_publication/provenance/runs/publication-20260817/mapping/BAI_LP_319_Du-233.json	10554	0c3126da5bc8e115809a7d7944d37f648a40adba72cb423ae4b54c4d7926d9fb	historical_provenance
canonical_publication/provenance/runs/publication-20260817/mapping/COM_LP_269_Du-703.json	10566	2eb58206ca7e2d6adebc4346afe7c894e29470a89d4bbce7958c363d28e1420b	historical_provenance
canonical_publication/provenance/runs/publication-20260817/mapping/COM_LP_270_Du-704.json	10566	736d2ee8c74f77a007eaa36b72daf4f533e5fae12cac131fc9dd52f0ca559868	historical_provenance
canonical_publication/provenance/runs/publication-20260817/mapping/COM_LP_272_Du-707.json	10566	df707b011841d4214f52eb53e6031e86cd6ffe1fa928980e2eca3e7c698d8c4e	historical_provenance
canonical_publication/provenance/runs/publication-20260817/mapping/COM_LP_274_Du-709.json	10566	bbb3aabb7c1a41914a6788c143d941cc16492e84547574d28c7c43b78800d84a	historical_provenance
canonical_publication/provenance/runs/publication-20260817/mapping/COM_LP_276_Du-711.json	10568	46bbfcbceb3d50e2fd151f29736342547b0cb3e72267f1f7a610e86097b26d99	historical_provenance
canonical_publication/provenance/runs/publication-20260817/mapping/COM_LP_277_Du-712.json	10568	dad086b2b52ecd2826f4f63275cca384829ae67affee01a0eb8ee2055bdd1abf	historical_provenance
canonical_publication/provenance/runs/publication-20260817/mapping/COM_LP_341_Du-713.json	10568	f5c53c29b0fb8832cd9bd8c9612cf1fc200228811188ebd001b9b8eaf7319fd2	historical_provenance
canonical_publication/provenance/runs/publication-20260817/mapping/COM_LP_342_Du-714.json	10566	4f7dfd6dc53c6850184d585a82994a2a656aaf207d1b0b877946a8c8ffccad48	historical_provenance
canonical_publication/provenance/runs/publication-20260817/mapping/COM_LP_343_Du-715.json	10566	0059b490e0f0b417bee37e41664cbeaf2e421e56466d92cd8fa52628750b6389	historical_provenance
canonical_publication/provenance/runs/publication-20260817/mapping/CROB_LP_169_Du-381.json	10625	895284bd97454da7a763ce97634faa423bd70c1c427b228288d704ec47faa039	historical_provenance
canonical_publication/provenance/runs/publication-20260817/mapping/CROB_LP_170_Du-382.json	10627	ec572a00bcf57b0f05969b1ddbf1f9a7d293a8c519ba2a816213d8d2145ace5d	historical_provenance
canonical_publication/provenance/runs/publication-20260817/mapping/CROB_LP_172_Du-384.json	10625	0fa8c91fbc0158a6698446454e30c4eb516ce8a3e10eb4992cd6fb56a654b75e	historical_provenance
canonical_publication/provenance/runs/publication-20260817/mapping/CROB_LP_173_Du-385.json	10627	7909dd7c803769e4a7486aa3f2242132433c95847316852dd526d52f67ec74f8	historical_provenance
canonical_publication/provenance/runs/publication-20260817/mapping/CROB_LP_174_Du-386.json	10627	b3a190fd6543065238d27aa5db93d5df2b88d7c8c6b80b74067152a1b5a93497	historical_provenance
canonical_publication/provenance/runs/publication-20260817/mapping/CROB_LP_175_Du-387.json	10627	a7ec573f623ca291093ee9a04610b20e298fbdb52f0dbc6c2d3711bb8e6a1ca1	historical_provenance
canonical_publication/provenance/runs/publication-20260817/mapping/CROB_LP_176_Du-388.json	10627	e188a86f664221d23c38e784b9806112e83237fe2efc26d168cb0dae15e11c24	historical_provenance
canonical_publication/provenance/runs/publication-20260817/mapping/CROB_LP_177_Du-389.json	10627	c3a2a12622f5c931a6224abe66179a678aec5458e2737a79e493779c44421688	historical_provenance
canonical_publication/provenance/runs/publication-20260817/mapping/CROB_LP_320_Du-395.json	10627	aac828c7b291fc47cc90dab9559cc3fcc18d2f233fc13e48e775864ea07262f7	historical_provenance
canonical_publication/provenance/runs/publication-20260817/mapping/CROB_LP_321_Du-396.json	10627	9ab61089e2244d7a59a65cb1e055575be7ee4e07c64f2bb7aae22f78a4c8ddb4	historical_provenance
canonical_publication/provenance/runs/publication-20260817/mapping/CROS_LP_085_Du-181.json	10613	1381c6e67e879d79b8709f69067bae538420b02fed52ac1ab573795edd7c79d4	historical_provenance
canonical_publication/provenance/runs/publication-20260817/mapping/CROS_LP_086_Du-182.json	10615	44d3da752a8a6e649f6f7dad8ca4f170b9f8c007d257a7aaeb974c53a646af00	historical_provenance
canonical_publication/provenance/runs/publication-20260817/mapping/CROS_LP_087_Du-183.json	10613	2842d299061c14fea263c7a34174747f481a191feaf83493b61ec2d56079ed41	historical_provenance
canonical_publication/provenance/runs/publication-20260817/mapping/CROS_LP_088_Du-184.json	10627	d93d4253d24d86bf845654fb274fda48329ac1bbbf4d409bc29f6e4b59678da0	historical_provenance
canonical_publication/provenance/runs/publication-20260817/mapping/CROS_LP_089_Du-185.json	10615	92c20d1e29d35eab588f7b19a86e647439fd5f79db66625ea38a0511ffb84b55	historical_provenance
canonical_publication/provenance/runs/publication-20260817/mapping/CROS_LP_090_Du-186.json	10615	4a3758baa53bc68a33efdba0ea21c5845dd081c35fb1bc6203b03c402d689d37	historical_provenance
canonical_publication/provenance/runs/publication-20260817/mapping/CROS_LP_091_Du-187.json	10613	e212f397468629f232c75fe43b6a104426d6025873f3df6a3dea6ae1a85e5e24	historical_provenance
canonical_publication/provenance/runs/publication-20260817/mapping/CROS_LP_092_Du-188.json	10613	c202504aec0329ae27d407e1fa134837d09620676fb75df06693352bcfe9cdf1	historical_provenance
canonical_publication/provenance/runs/publication-20260817/mapping/CROS_LP_093_Du-189.json	10613	bad11f2c1af7bda5664e4af366bb69fb2560dad87871ec083bf85c5189831ec2	historical_provenance
canonical_publication/provenance/runs/publication-20260817/mapping/CROS_LP_094_Du-190.json	10615	b33123e179f00c0947509db3b1c2e60ec83aa1a9fdc0629617a1b8404f192f73	historical_provenance
canonical_publication/provenance/runs/publication-20260817/mapping/CY_ALA_LP_298-Du-767.json	10743	5b7b90b1f1049ee19046542321d4381be85d9b34710d4e633466fc3120145535	historical_provenance
canonical_publication/provenance/runs/publication-20260817/mapping/CY_ALA_LP_299-Du-768.json	10743	5f3606d29c4e7a4f23570fb9ae8b3280f2af0706bf321b399465a7dab299e416	historical_provenance
canonical_publication/provenance/runs/publication-20260817/mapping/CY_ALA_LP_357_Du-769.json	10745	0e884c4165191a12498bdf6a734140ec28b60e8f1eb65070caabd995bada0183	historical_provenance
canonical_publication/provenance/runs/publication-20260817/mapping/CY_BAL_LP_226_Du-602.json	10743	e7596c9974e9da97cdc5d8421d23d2bd162bfff27e0695e5107337ed380c2a0b	historical_provenance
canonical_publication/provenance/runs/publication-20260817/mapping/CY_BAL_LP_227_Du-603.json	10743	b709765983e5e80e3eaf2ee878dd735b7eece37aa9f20679f138220700d13e64	historical_provenance
canonical_publication/provenance/runs/publication-20260817/mapping/CY_BAL_LP_228_Du-604.json	10741	b1fed440aceeb6c96ac641f1da690bb65ab8b9b86049d3098bc6ddfad4b04bc6	historical_provenance
canonical_publication/provenance/runs/publication-20260817/mapping/CY_BGL_LP_210_Du-577.json	10743	9e655c8d82c7bb03352969c8034075fcfc3e4e402fe15e5880cb4b0867a870fa	historical_provenance
canonical_publication/provenance/runs/publication-20260817/mapping/CY_BGL_LP_212_Du-579.json	10743	d70255ba9039b897fb933305004f640067fd419275b68156675578827b9f112e	historical_provenance
canonical_publication/provenance/runs/publication-20260817/mapping/CY_BOU_LP_288_Du-737.json	10743	c68b3dc552b1c710d12c4f0857b55a15a3e9de500c4c78c6c3c5a903d52ecce3	historical_provenance
canonical_publication/provenance/runs/publication-20260817/mapping/CY_BOU_LP_290_Du-739.json	10745	021050d2b8f6c0fba499cd5055fba80af6edcd6d726f4a770e9c1c63a5bd7f79	historical_provenance
canonical_publication/provenance/runs/publication-20260817/mapping/CY_BOU_LP_291_Du-740.json	10743	829b46a5a544dae1807e55580652aef4d4b4602f6bf96c09fa44ec5f687f687b	historical_provenance
canonical_publication/provenance/runs/publication-20260817/mapping/CY_BOU_LP_292_Du-741.json	10743	3c2161e56628f09777a580e536eff24b1a6f16920b1d52d81fbd02d79119b11f	historical_provenance
canonical_publication/provenance/runs/publication-20260817/mapping/CY_BOU_LP_354_Du-742.json	10745	88c4d5067f639c2ea983c0bb26906a42d76bc863738f4b044065499c8d324ee6	historical_provenance
canonical_publication/provenance/runs/publication-20260817/mapping/CY_CAS_LP_328_Du-610.json	10743	c27923d7a3bf9650be7edfce0c466e9a3d2ddb7ca9b3205d537d3f12cd27d164	historical_provenance
canonical_publication/provenance/runs/publication-20260817/mapping/CY_CAS_LP_329_Du-611.json	10745	1a4da2ebb5bae57db6387c51211636ec0e9960be6934e40f78edbccf7a761ea4	historical_provenance
canonical_publication/provenance/runs/publication-20260817/mapping/CY_CAS_LP_330_Du-607.json	10743	16143fb7dca07d1b2faa92fa435d58413a1d230e56acee6e71e2bcb7c85ef951	historical_provenance
canonical_publication/provenance/runs/publication-20260817/mapping/CY_CAS_LP_331_Du-608.json	10743	a4256f88055d6cff7be10d42f2f08efe08a576b66c8ca227668af5233c4aae35	historical_provenance
canonical_publication/provenance/runs/publication-20260817/mapping/CY_CAS_LP_332_Du-609.json	10745	5efc48b36cc29b8f245849d9a474031e8a938e8cb28488a9f530c2480e90709b	historical_provenance
canonical_publication/provenance/runs/publication-20260817/mapping/CY_HICN_LP_236_Du-614.json	10804	c777d112143790deaabbdc7681a5c3e05835c5b5ccb6c89301c2ec8e51a4b421	historical_provenance
canonical_publication/provenance/runs/publication-20260817/mapping/CY_HICN_LP_333_Du-612.json	10802	100a8252882516d099dc2ed2a336d5b34586b3ff92f79772358490308b97ded5	historical_provenance
canonical_publication/provenance/runs/publication-20260817/mapping/CY_HICN_LP_334_Du-613.json	10802	d7e603ca98c9c5fc598df0486e1467cc54fd55be107aaa48f992d0791fb28e22	historical_provenance
canonical_publication/provenance/runs/publication-20260817/mapping/CY_HICN_LP_335_Du-615.json	10804	f46f4c08cc07809611c124ba9a18a81ea53065aa4a84515b9ed4d0ade2a39b58	historical_provenance
canonical_publication/provenance/runs/publication-20260817/mapping/CY_HICN_LP_336_Du-616.json	10802	3417baf7b7d32e3e9cc1e4cf7c15be80ec6daf4a26471e7a6a4d3c6ed5ab6686	historical_provenance
canonical_publication/provenance/runs/publication-20260817/mapping/CY_HICS_LP_293_Du-757.json	10802	080b8aa1c1c9bbb83ddd3b031338b620543dd869cd51b6644e0228ac8c1e7d42	historical_provenance
canonical_publication/provenance/runs/publication-20260817/mapping/CY_HICS_LP_295_Du-759.json	10800	fe44a88316ae131e0e14b5ec9362b824406e15024a52065cbaaef9471f702435	historical_provenance
canonical_publication/provenance/runs/publication-20260817/mapping/CY_HICS_LP_297_Du-761.json	10802	70b8d1b8a970a0653cc2362f0e3e7d8ebf9d47b000862ff674c352ca72e4a555	historical_provenance
canonical_publication/provenance/runs/publication-20260817/mapping/CY_HICS_LP_355_Du-762.json	10802	2d7b7c0956f8d09e3578cc67ffd7f06eee98d1d5896232f3333cc16cb0a886fa	historical_provenance
canonical_publication/provenance/runs/publication-20260817/mapping/CY_HICS_LP_356_Du-763.json	10802	eb8d78a6c6b161ee2129aa0b29ddff0110a20acf0b0fb91710c9229276aa97fb	historical_provenance
canonical_publication/provenance/runs/publication-20260817/mapping/CY_HUN_LP_264_Du-683.json	10743	faf745883587e0a3e89cbd3914061997ff6ebe7113a6661f99161611e0660b34	historical_provenance
canonical_publication/provenance/runs/publication-20260817/mapping/CY_HUN_LP_265_Du-684.json	10739	3de95e03c4072a8cbde12c2075f3b0a343a1b880038b4747e48e734db7bd74e4	historical_provenance
canonical_publication/provenance/runs/publication-20260817/mapping/CY_HUN_LP_266_Du-685.json	10743	3e7025164f8a6071369b4e0a47668c70afac114e600c388e2ed86499a94de5e8	historical_provenance
canonical_publication/provenance/runs/publication-20260817/mapping/CY_HUN_LP_267_Du-686.json	10743	60e3bdd1d4a4a283c686846085d494357775dd1f1f7e3a21759401c7fa373b2d	historical_provenance
canonical_publication/provenance/runs/publication-20260817/mapping/CY_HUN_LP_268_Du-687.json	10743	9e0db143b85a2c9f0184b888c7657b1f0bd17b8f5f43701894f2e8c5d67c4867	historical_provenance
canonical_publication/provenance/runs/publication-20260817/mapping/CY_RED_LP_202_Du-561.json	10737	0bf3eac9eb108cc7b408146a793461c671eba0b2452000b89aaf14cc2892f548	historical_provenance
canonical_publication/provenance/runs/publication-20260817/mapping/CY_SIE_LP_188_Du-445.json	10745	401b94f4c4e889dff167a3d2f5e735cf818da291ab7bde05a21d2d0125be648e	historical_provenance
canonical_publication/provenance/runs/publication-20260817/mapping/CY_SIE_LP_189_Du-446.json	10745	73cf5a16597366c4f69f610e72cb3adee52b24551f027ed200c9eabdffdbc3e0	historical_provenance
canonical_publication/provenance/runs/publication-20260817/mapping/CY_SIE_LP_190_Du-447.json	10745	c14d56847f61c3b6b48c6e5e75ae318a3074495f676d9995a4ecafa291782327	historical_provenance
canonical_publication/provenance/runs/publication-20260817/mapping/CY_SIE_LP_191_Du-448.json	10743	5eb9ccc97f74e79babcafb29877f5a9552f4feb2924e68eda8fbb3537165289a	historical_provenance
canonical_publication/provenance/runs/publication-20260817/mapping/CY_WOO_LP_259_Du-664.json	10743	3a09a61d5e89b3cc226e529caa9f8d567bb592a615d87b0d8f2c847e62e26b29	historical_provenance
canonical_publication/provenance/runs/publication-20260817/mapping/CY_WOO_LP_260_Du-665.json	10743	4de1df3ff9a83768db554206df6a1ee778b37dde465be14fe8f37c803e322df2	historical_provenance
canonical_publication/provenance/runs/publication-20260817/mapping/CY_WOO_LP_261_Du-667.json	10741	25afab2b1c2b7fcb8fbc4f4e7a34aef9f3d285dcd6a64a389e24bb3045e06178	historical_provenance
canonical_publication/provenance/runs/publication-20260817/mapping/CY_WOO_LP_262_Du-668.json	10743	2932d4297e8edc928cea17dc7b2f32cd8ef21b211da376254287f54505e0b66e	historical_provenance
canonical_publication/provenance/runs/publication-20260817/mapping/CY_WOO_LP_263_Du-669.json	10743	e1374a03dd406821c8d9c8fbf076b89147da3d43ddec36a168fee6c1c6154973	historical_provenance
canonical_publication/provenance/runs/publication-20260817/mapping/DAN_LP_043_Du-68.json	10507	5f1d4621d93c75b07832544da38402ba0d598f78330771df9f3d451f88e41bfd	historical_provenance
canonical_publication/provenance/runs/publication-20260817/mapping/DAN_LP_044_Du-69.json	10507	bb24b0cd41139c5ecc36441c4a0acc7852b621317c70129403bfc1258d32f506	historical_provenance
canonical_publication/provenance/runs/publication-20260817/mapping/DAN_LP_045_Du-70.json	10509	696c9f6060b49780f6c6c48e48249b9c01b50cd5df0fe43eb1c2d6bf8abde94c	historical_provenance
canonical_publication/provenance/runs/publication-20260817/mapping/DAN_LP_046_Du-71.json	10509	c734c153559871b6066c53f266395cc5c5f15604c81b19818f3b49595ccb785b	historical_provenance
canonical_publication/provenance/runs/publication-20260817/mapping/DAN_LP_047_Du-72.json	10507	6e760da26750986ae5ce1dba47a9bc3c22bd7ec4543a1e5298eb3dd4b427edd0	historical_provenance
canonical_publication/provenance/runs/publication-20260817/mapping/DOV_LP_078_Du-174.json	10554	42f977f679f613641e3b5e473d8f967e349bcb2a1c57a69d65959f30aca3115c	historical_provenance
canonical_publication/provenance/runs/publication-20260817/mapping/DOV_LP_079_Du-175.json	10554	1210e725b3170064028d09585f3c33774bb8aaae792a59f897c88153561c53fc	historical_provenance
canonical_publication/provenance/runs/publication-20260817/mapping/DOV_LP_080_Du-176.json	10568	8821019d92cfca03a4ffc3a50be72b5cc9b452e5fcc3bb6e1ed3306b88d5638d	historical_provenance
canonical_publication/provenance/runs/publication-20260817/mapping/DOV_LP_081_Du-177.json	10556	b6851d743638e14a1c1f2efae088bc164c1134d41e1206c21f30fc5064a72c73	historical_provenance
canonical_publication/provenance/runs/publication-20260817/mapping/DOV_LP_082_Du-178.json	10554	78737f3eda9d9f1eb6b4d4d664eda03e2661a9be97f3736543bd9fbdfbd6820c	historical_provenance
canonical_publication/provenance/runs/publication-20260817/mapping/DOV_LP_083_Du-179.json	10556	1e07ecd54f98b33898a20d1b9c9352904eb2df55efc67cbc80c60f365417a675	historical_provenance
canonical_publication/provenance/runs/publication-20260817/mapping/DOV_LP_084_Du-180.json	10556	1dc17e9fc5958b94e96a99b555234031a4aca42244585d4c2c9255282a0a334f	historical_provenance
canonical_publication/provenance/runs/publication-20260817/mapping/DU-173.json	10087	8a442294e98910ca25b8664869a15bf938f5bf991ac623f404c1f7d894a79a27	historical_provenance
canonical_publication/provenance/runs/publication-20260817/mapping/DU-229.json	10087	e78a900f4d284b37bbe770ccc2fde57c53fc16d4248f24e6ef0a716cbf64db06	historical_provenance
canonical_publication/provenance/runs/publication-20260817/mapping/DU-247.json	10087	d1ac962736c417d6a6973e13818167ec6f4d0b3953c725c9685509c0af72e2c7	historical_provenance
canonical_publication/provenance/runs/publication-20260817/mapping/DU-254.json	10089	b55d4d64b33f6eeabfd925403696c67b5b4f494e9834a7275aac5e3b21bf372c	historical_provenance
canonical_publication/provenance/runs/publication-20260817/mapping/DU-270.json	10087	92094430a675769d7c34e1a4c890e6f22d41f7421629617c2230a3222314b33d	historical_provenance
canonical_publication/provenance/runs/publication-20260817/mapping/DU-297.json	10089	6a8d7ef91da62b623a840490c2c41ce134967251d24bd5b0e652f135fcdb56bb	historical_provenance
canonical_publication/provenance/runs/publication-20260817/mapping/DU-443.json	10087	1122de26ea2fcc7f78678605fd71d5cf3ab8c9c9df94277e3ff97990bad4989e	historical_provenance
canonical_publication/provenance/runs/publication-20260817/mapping/DU-4A.json	10042	61ef70087ec6f9ad5389ec2c88bbaace186660d1d39f8c19d9fd9e1588401e4b	historical_provenance
canonical_publication/provenance/runs/publication-20260817/mapping/DU014LP012.json	10263	7291e6fae95287af75f987459459b1f5030bca06d251808f13d7eb0cad8a5a42	historical_provenance
canonical_publication/provenance/runs/publication-20260817/mapping/DU037LP013.json	10263	c528b869adf5e0c8be13eb3c2a327d133bba672118ca314e24a1519bd56211b2	historical_provenance
canonical_publication/provenance/runs/publication-20260817/mapping/DU059LP015.json	10263	842f3831d850b5ee2488133546467cec1d18f0bef42099c5031c6a01a7a26e25	historical_provenance
canonical_publication/provenance/runs/publication-20260817/mapping/DU078LP011.json	10263	9ebaf5994c499ea9729fd6f9a5f85e5cddab3385a105dd64bf7156f90c43338f	historical_provenance
canonical_publication/provenance/runs/publication-20260817/mapping/DU079LP010.json	10263	3170ed5117c469ca2f43c0dee96fb60d7ce3655090cafd4f9690b3b994cffd06	historical_provenance
canonical_publication/provenance/runs/publication-20260817/mapping/DUD_LP_132_Du-283.json	10566	aff8fae0015004180a902f7210241530023429d56b67a62014174e0f62204b6e	historical_provenance
canonical_publication/provenance/runs/publication-20260817/mapping/DUD_LP_133_Du-284.json	10566	398710b77e16ef223da1e548d9314e39ea1072e413c6c712cd30c9fcd0a430bb	historical_provenance
canonical_publication/provenance/runs/publication-20260817/mapping/DUD_LP_134_Du-285.json	10568	a95ff55bcfa552e49cdb1c8776e658f579be6073ab6bb4bfe277e4636cb1b5f9	historical_provenance
canonical_publication/provenance/runs/publication-20260817/mapping/DUD_LP_135_Du-286.json	10566	f8f3e0dcf688f01bd6078beb366c054c5d83e88c4d78bc96c05de1ee241f6916	historical_provenance
canonical_publication/provenance/runs/publication-20260817/mapping/DUD_LP_136_Du-287.json	10568	23e93b0306090533c21544df5bde2aa495e3fc470e61e352d1b397e17d99378d	historical_provenance
canonical_publication/provenance/runs/publication-20260817/mapping/DUD_LP_137_Du-288.json	10566	fd71a9a3efc92750618b56344ddbdf8b794adb9133fc26bb4d41d1a5ec2b8973	historical_provenance
canonical_publication/provenance/runs/publication-20260817/mapping/DUD_LP_138_Du-289.json	10568	1b82033d372fce1455874b685b24486be41058267ef31b5cad0fa02740c46f0c	historical_provenance
canonical_publication/provenance/runs/publication-20260817/mapping/DUD_LP_139_Du-290.json	10566	8e54729c07e4af7b252a83246f2fbfd4a97093c6b652b6afb11e10334bee8613	historical_provenance
canonical_publication/provenance/runs/publication-20260817/mapping/KIRN_LP_179_Du-421.json	10627	1e217ea576c56e27ddfcf355169fc9f91b12b4bf0cf0ea1e47492e22a74f30c1	historical_provenance
canonical_publication/provenance/runs/publication-20260817/mapping/KIRN_LP_180_Du-422.json	10627	e5758b61b6f73c75754b2b989fddf3927da1a1bd59c8c8f30cc83b27666d09bb	historical_provenance
canonical_publication/provenance/runs/publication-20260817/mapping/KIRN_LP_181_Du-423.json	10625	182e2cb8e14e95b25822931d62b051710c703623b40a446e061b0a879cba70b4	historical_provenance
canonical_publication/provenance/runs/publication-20260817/mapping/KIRN_LP_182_Du-424.json	10627	bdbf7b66804d95b33f73809566c54e46d7a21412f71092b2085089d1ae7813b0	historical_provenance
canonical_publication/provenance/runs/publication-20260817/mapping/KIRN_LP_183_Du-425.json	10627	a6913912a790fbce62e2f4d6c7e5c6080c8da63b3311bdf08e4ca27fcaff6f79	historical_provenance
canonical_publication/provenance/runs/publication-20260817/mapping/KIRN_LP_184_Du-426.json	10627	1a62c305958d107f848d1c21ed9acf9173f0377eda28f3214d6d8fbbe3e90e0a	historical_provenance
canonical_publication/provenance/runs/publication-20260817/mapping/KIRN_LP_185_Du-427.json	10627	f67af7b8b79594c3746736616d5cfbfa1f8893bc925881c525aad58b859d71fd	historical_provenance
canonical_publication/provenance/runs/publication-20260817/mapping/KIRN_LP_186_Du-428.json	10627	b00b12e296a89156173bd06a908764be8d8dc6aedd5108b52b19f0ae030b9d5a	historical_provenance
canonical_publication/provenance/runs/publication-20260817/mapping/KIRN_LP_187_Du-429.json	10627	cf7cf0cc74c5be46533bb6cf958a3abf5b987255abc2a50e6bd9e353397e7e52	historical_provenance
canonical_publication/provenance/runs/publication-20260817/mapping/KIRT_LP_159_Du-364.json	10625	54bf093af713bba76c8e4b9d999f7a4d69ea646405a9e1a503017050c41410dc	historical_provenance
canonical_publication/provenance/runs/publication-20260817/mapping/KIRT_LP_160_Du-365.json	10625	a218fe6ea33872cc233e118c07e4ee038e7d9334b28ed4207bdcd69c3d29697a	historical_provenance
canonical_publication/provenance/runs/publication-20260817/mapping/KIRT_LP_161_Du-366.json	10625	db2ca73cbd9f701313dc315eb1ebd538427afadbbc252e0b2d9317aff2ca0051	historical_provenance
canonical_publication/provenance/runs/publication-20260817/mapping/KIRT_LP_162_Du-367.json	10625	4ea348a75568172a88837b093aca8dc3ffb95417e986c728db1ab592409ea72c	historical_provenance
canonical_publication/provenance/runs/publication-20260817/mapping/KIRT_LP_163_Du-368.json	10625	c26aca8aa3a1b4b01c92929917e7b7adc513a582a15f26def92e1642e28c8deb	historical_provenance
canonical_publication/provenance/runs/publication-20260817/mapping/KIRT_LP_164_Du-369.json	10625	20025f63b7941db729cff23a2c1b955a5157d665b6cddb4755cbcb8bba762661	historical_provenance
canonical_publication/provenance/runs/publication-20260817/mapping/KIRT_LP_165_Du-370.json	10625	1e895d6a49b3040d50e47a01ee5ec5b9727f6d572b9dfff7038b3ca2adfc955a	historical_provenance
canonical_publication/provenance/runs/publication-20260817/mapping/KIRT_LP_166_Du-371.json	10625	e88712086ff85293a979a104cb7c62b579fa99a551584cc9acfe2df543449236	historical_provenance
canonical_publication/provenance/runs/publication-20260817/mapping/KIRT_LP_167_Du-372.json	10625	423aa55217f586d530aa2824c70abc8b88445105734f9fc335574746236e0fb2	historical_provenance
canonical_publication/provenance/runs/publication-20260817/mapping/KIRT_LP_168_Du-373.json	10625	9964db8cabcc56bfc813686359e53f82750324994d2d36da5589aed8dd042d3f	historical_provenance
canonical_publication/provenance/runs/publication-20260817/mapping/MALV_LP_095_Du-201.json	10615	37607b26b1aa1c92b0364678ae153234c972a0bbb35cb3f545e45a70ff6fd8d5	historical_provenance
canonical_publication/provenance/runs/publication-20260817/mapping/MALV_LP_096_Du-202.json	10625	89333a8eae4641960cd8bd604e45d53686d9a18fd4446c2ce1e554b19dc65e68	historical_provenance
canonical_publication/provenance/runs/publication-20260817/mapping/MALV_LP_097_Du-203.json	10615	092c532ab14d30806d0dedc216f6cbbdbbf6375a592bc16faed8148fc0b03a75	historical_provenance
canonical_publication/provenance/runs/publication-20260817/mapping/MALV_LP_098_Du-204.json	10613	9b40191b656796f54c14d198852babe1caf409cb2393b9514513433262697047	historical_provenance
canonical_publication/provenance/runs/publication-20260817/mapping/MALV_LP_099_Du-205.json	10613	603bab42d5a1788655a8f28c10ed4849ff36ddf9d32bc395a7da31454077be0c	historical_provenance
canonical_publication/provenance/runs/publication-20260817/mapping/MALV_LP_100_Du-206.json	10615	9f18d5b523f5fff94bbbb90a36f202ba70dbe1ef7119cb5d32bf832da49a80ab	historical_provenance
canonical_publication/provenance/runs/publication-20260817/mapping/MALV_LP_101_Du-207.json	10615	dab9c074c6d948d909b780d9b2ddfb8e3c105ce5ac0dc56bcf4df246e5cb271d	historical_provenance
canonical_publication/provenance/runs/publication-20260817/mapping/MALV_LP_102_Du-208.json	10615	90cbd7f8c11554e992d87e98fc4e1182394d95eb532760a040a2841d26d622e8	historical_provenance
canonical_publication/provenance/runs/publication-20260817/mapping/MALV_LP_103_Du-209.json	10615	09c9247245fbe978469849c1c5709bf3b40e9b7968f642d55114891ba79bc815	historical_provenance
canonical_publication/provenance/runs/publication-20260817/mapping/MALV_LP_104_Du-210.json	10625	ea3a342f908217eee11403178f3cc9704edc18043cd30c1618165dd053f3c9cc	historical_provenance
canonical_publication/provenance/runs/publication-20260817/mapping/OCO_LP_058_Du-115.json	10554	6e4bfe75168115778e26b1ef4fb9ab4f47745118cdb66ec2eb7495d134000701	historical_provenance
canonical_publication/provenance/runs/publication-20260817/mapping/OCO_LP_059_Du-106.json	10554	5a56b0f70db0219e8183e55f084c135a04b75564ca6eaf949d7722fa19a78931	historical_provenance
canonical_publication/provenance/runs/publication-20260817/mapping/OCO_LP_060_Du-107.json	10554	fa269f3f30868d3774ba7852a166bfa0fd4af9a8a9963e733c3726d65825b7c6	historical_provenance
canonical_publication/provenance/runs/publication-20260817/mapping/OCO_LP_061_Du-108.json	10556	a3503cb9cbe483aae53eac4d5265dfbe9f7cdeb4133545e78d977b1e1d9cec00	historical_provenance
canonical_publication/provenance/runs/publication-20260817/mapping/OCO_LP_062_Du-109.json	10556	89689a6faadf7d74ece201330df26afe34115ea245cc62b617a50e53d0d9e940	historical_provenance
canonical_publication/provenance/runs/publication-20260817/mapping/OCO_LP_063_Du-110.json	10554	1b673addf34fcd098b24c768e14f65b9c70c32be7f07a90fe3d4ed67e71be0ea	historical_provenance
canonical_publication/provenance/runs/publication-20260817/mapping/OCO_LP_064_Du-111.json	10566	91619a24bbb6bbfc4278c0756ed77bcc7adaddbfbccc691a5a09bebcac51d10a	historical_provenance
canonical_publication/provenance/runs/publication-20260817/mapping/OCO_LP_065_Du-112.json	10554	9f4f1c124da76d01812889f9565583f198271965cc90eb56cf73de50c7749adf	historical_provenance
canonical_publication/provenance/runs/publication-20260817/mapping/OCO_LP_066_Du-113.json	10554	e63daf423b742f62a7da5c0550470251a53b75bb847b9e229ff8b3b8dbc1fea4	historical_provenance
canonical_publication/provenance/runs/publication-20260817/mapping/OCO_LP_067_Du-114.json	10554	9662af980139efe243fe872bd03809353d28c3b00ee1890749f8bb69a04073f5	historical_provenance
canonical_publication/provenance/runs/publication-20260817/mapping/QUI1_LP_249_Du-648.json	10627	660d1b98e987c91e627da71ad2134da9d85128632bc49d1a0e2975bbfe89d37a	historical_provenance
canonical_publication/provenance/runs/publication-20260817/mapping/QUI1_LP_250_Du-649.json	10625	883fcff4728ccc84f207f2dabe2a5dd059544d3b6a3d8087caf2ec5acb5aacc4	historical_provenance
canonical_publication/provenance/runs/publication-20260817/mapping/QUI1_LP_251_Du-650.json	10625	139158b13824af48449da4db526bea369967e7909d95bcf45d18574317a0ff89	historical_provenance
canonical_publication/provenance/runs/publication-20260817/mapping/QUI1_LP_252_Du-651.json	10625	8d6f178a530d852b1aa4dde036a6eb92a142e1a570daa87729b342d3d5b9350d	historical_provenance
canonical_publication/provenance/runs/publication-20260817/mapping/QUI1_LP_253_Du-652.json	10627	db58da1769eed357d0a87f64b952fd2abab25f765f4c09940d09c7739589526c	historical_provenance
canonical_publication/provenance/runs/publication-20260817/mapping/QUI1_LP_254_Du-653.json	10625	db82e1ca8ac0806e7be8a289c832bc3398e120f1805aedacd73a49bedbf5bf6f	historical_provenance
canonical_publication/provenance/runs/publication-20260817/mapping/QUI1_LP_255_Du-654.json	10627	c528b3e585fd279d771a5aec051044696f909ab2b008c4041f1447431d93b6c5	historical_provenance
canonical_publication/provenance/runs/publication-20260817/mapping/QUI1_LP_257_Du-656.json	10625	4599f82fb3f07096ffd823ca890f83de1ca5b8738c43f96fa83b9e70d7668488	historical_provenance
canonical_publication/provenance/runs/publication-20260817/mapping/QUI1_LP_258_Du-657.json	10627	0ccb85f92de4b6538ab8a3f1d2669c1718e0df6f0b8f780ddf67f388f4eb4941	historical_provenance
canonical_publication/provenance/runs/publication-20260817/mapping/QUI2_LP_243_Du-631.json	10627	b55eaca4d6b9b8eb02998b5ed275102961b992d02df4627fc9199011c6e0841f	historical_provenance
canonical_publication/provenance/runs/publication-20260817/mapping/QUI2_LP_244_Du-632.json	10625	cfdd99c5bc5cf3c860d3f415afde73bb9e9e574fb6dfbb1af3cf56dca0e3bc0b	historical_provenance
canonical_publication/provenance/runs/publication-20260817/mapping/QUI2_LP_245_Du-633.json	10625	0e147d363c12f16bff3d0f8fe47a28a95ec8b09b85c68d5cea7618a08f44ffe7	historical_provenance
canonical_publication/provenance/runs/publication-20260817/mapping/QUI2_LP_246_Du-634.json	10625	ccca5f22a07281d6c21dd4e7e1d01acef055a2b8cdb1eb81e7d3830eed20a383	historical_provenance
canonical_publication/provenance/runs/publication-20260817/mapping/QUI2_LP_247_Du-635.json	10625	d918322a1147360166d0dd002685c73933a4d064e6408bc1d127caae494af554	historical_provenance
canonical_publication/provenance/runs/publication-20260817/mapping/QUI2_LP_248_Du-636.json	10627	13bc6615a54589ea3d0317f82716c9407d9847a9aba901234c9265ee7cacfd35	historical_provenance
canonical_publication/provenance/runs/publication-20260817/mapping/QUI2_LP_337_Du-638.json	10625	fdc55a100d06f4ce48159ffc99df62023a4ec93d1485714bce55cab863b5a52d	historical_provenance
canonical_publication/provenance/runs/publication-20260817/mapping/QUI2_LP_338_Du-639.json	10625	0ee9fcc9db60a7155b0ff5fbbb114cf1253620293440551fbb2b79c2b4f4b117	historical_provenance
canonical_publication/provenance/runs/publication-20260817/mapping/QUI2_LP_339_Du-640.json	10625	3aebd033e466085b9148b70f12bd30ce79636f4e229b0058ea181259af4d57ef	historical_provenance
canonical_publication/provenance/runs/publication-20260817/mapping/QUI2_LP_340_Du-641.json	10625	898e20fed814e1d05135012e0fb1cc530bd3060aafda756229cd2a3b54e98b92	historical_provenance
canonical_publication/provenance/runs/publication-20260817/mapping/QUIN_LP_069_Du-155.json	10613	de6aece2bae8443ce91c4ffdc420dbf25868d933cc0372be922813dd74e8fd35	historical_provenance
canonical_publication/provenance/runs/publication-20260817/mapping/QUIN_LP_070_Du-156.json	10613	cc20aa919924c633ac417618ac9de00cafd2b630225154730238716a89731120	historical_provenance
canonical_publication/provenance/runs/publication-20260817/mapping/QUIN_LP_071_Du-157.json	10613	ef0627e72cdffa04379ebbef1d347fe98696aec70398cfb1a19d4f0f3ad79c06	historical_provenance
canonical_publication/provenance/runs/publication-20260817/mapping/QUIN_LP_072_Du-158.json	10625	b9add28eebf338b4d247e595344eeb4be196446379d73aa525f24bf797fd9fe3	historical_provenance
canonical_publication/provenance/runs/publication-20260817/mapping/QUIN_LP_073_Du-159.json	10613	418e4f73135edfb22ca01ec5a716835a421e9e32cc7d87ca60001c61650f3f1e	historical_provenance
canonical_publication/provenance/runs/publication-20260817/mapping/QUIN_LP_074_Du-160.json	10613	2199a9ef81d0e43f83aa043c0cf57fde9f6251aadde398af07cf7eca3a2a9b89	historical_provenance
canonical_publication/provenance/runs/publication-20260817/mapping/QUIN_LP_075_Du-161.json	10615	c59890c8075d083f929efd5c73cb248595ea05301b262feb25ac63f2f314d3a7	historical_provenance
canonical_publication/provenance/runs/publication-20260817/mapping/QUIN_LP_076_Du-162.json	10615	fb382091182e266b5e34a9f21d75a6c208e240cd9c9e6f640084ce3b31a9ae76	historical_provenance
canonical_publication/provenance/runs/publication-20260817/mapping/QUIN_LP_077_Du-163.json	10615	66cd114713d1717e91d7426a686f588bfcc477650ecf860a55a21f86ff15898e	historical_provenance
canonical_publication/provenance/runs/publication-20260817/mapping/QUIN_LP_318_Du-164.json	10613	ac65851f78e18f6821740c642c46bbca11af954ea575b45d8292fe5ac468ebba	historical_provenance
canonical_publication/provenance/runs/publication-20260817/mapping/RIC_LP_192_Du-521.json	10568	3b3fe39ca6ae8f10a8ebb13ba1be0bd4240b1e8d2f38e6de911584a39f402692	historical_provenance
canonical_publication/provenance/runs/publication-20260817/mapping/RIC_LP_193_Du-522.json	10568	984f646de7a5e26755e067bae47278de4e0f3ae1c7b34bec430bb7e04b674488	historical_provenance
canonical_publication/provenance/runs/publication-20260817/mapping/RIC_LP_194_Du-523.json	10568	aabbb35cc9c0e4e33e9c65fd915e6cebce91c2ec283dea2de968c14318b459b5	historical_provenance
canonical_publication/provenance/runs/publication-20260817/mapping/RIC_LP_195_Du-524.json	10568	7da4792435b9ecdee21cf04510a3ce116e2839f6f157f82d495ac1a4be0bc589	historical_provenance
canonical_publication/provenance/runs/publication-20260817/mapping/RIC_LP_196_Du-525.json	10568	4f906284295902a364701db7ea13889c7959ae40818cb6ae82d8b8d0cb1e401d	historical_provenance
canonical_publication/provenance/runs/publication-20260817/mapping/RIC_LP_197_Du-526.json	10566	276464388dce17653d554bee7664025b7b3ed38dd26a95df434cb4106633b942	historical_provenance
canonical_publication/provenance/runs/publication-20260817/mapping/RIC_LP_198_Du-527.json	10568	30a9bbc74c5ef5376d785989bb9021c12c0f044be23467c33ac87bcf8ed058f8	historical_provenance
canonical_publication/provenance/runs/publication-20260817/mapping/RIC_LP_199_Du-528.json	10568	d3a51e9ef59cd7b90bae7084e991e7522320ed15685bbc19cb86f7aa7c6fb969	historical_provenance
canonical_publication/provenance/runs/publication-20260817/mapping/RIC_LP_200_Du-529.json	10568	6f584e5adbd11b149b23b694417f4ef924c1c31702fdb041d903f63c5fb00cfa	historical_provenance
canonical_publication/provenance/runs/publication-20260817/mapping/RIC_LP_201_Du-530.json	10568	14456a4f07dd5ff37d7229fc53f1b0fade35b64bf07961291721318d1e18bda6	historical_provenance
canonical_publication/provenance/runs/publication-20260817/mapping/RSV_LP_049_Du-85.json	10509	c1fc1f6aba5ec53ca2ecc63442377925166d7204748893304916ee3576c00510	historical_provenance
canonical_publication/provenance/runs/publication-20260817/mapping/RSV_LP_050_Du-87.json	10509	76142918abfc81c9bd52616342617f690c079ada9c644b93599e81ee8d4f8c9e	historical_provenance
canonical_publication/provenance/runs/publication-20260817/mapping/RSV_LP_051_Du-88.json	10507	b518cef7bf47db6de724209dd911c707b9a83ecb3bda1d82b843322a465f45b8	historical_provenance
canonical_publication/provenance/runs/publication-20260817/mapping/RSV_LP_052_Du-89.json	10509	9433d246d5267eb243ae1181304b59ff7cdfa953214ac5671449555c49e5805f	historical_provenance
canonical_publication/provenance/runs/publication-20260817/mapping/RSV_LP_053_Du-90.json	10509	965d98dfea64ebcc73d1cbeb11c830a87840d72929114cbe6578ac0d18330b74	historical_provenance
canonical_publication/provenance/runs/publication-20260817/mapping/RSV_LP_055_Du-92.json	10507	ba353daa8d7c521aee240886dfa82b9bf5b7e8e0603e6ebf97fec842291859a6	historical_provenance
canonical_publication/provenance/runs/publication-20260817/mapping/RSV_LP_057_Du-94.json	10507	f69097f206f65326bf9985c9988f1f0b1e3abaca8a429e10001c1bc837900243	historical_provenance
canonical_publication/provenance/runs/publication-20260817/mapping/RSV_LP_315_Du-95.json	10507	10ec4d457b10c5fa64a2a92f216807ea5ee6bb06c439fdb54b74853a6bc1da82	historical_provenance
canonical_publication/provenance/runs/publication-20260817/mapping/RSV_LP_316_Du-96.json	10507	bce5abe88632aca6df267d44688418b3fad1de5bf91de5984d6b14fc3d337b54	historical_provenance
canonical_publication/provenance/runs/publication-20260817/mapping/SILG_LP_149_Du-343.json	10625	53268a2cb4b37cc24504244b24f0b7c76ef80eccfe5f49a4788d33124dc39fcb	historical_provenance
canonical_publication/provenance/runs/publication-20260817/mapping/SILG_LP_150_Du-344.json	10625	5e66255aeadb696b1a89e09163836a367d3f581d556cacf577696956dce84c85	historical_provenance
canonical_publication/provenance/runs/publication-20260817/mapping/SILG_LP_151_Du-345.json	10625	c82b05243b6a592ee9fb8c8e1faae8aec5df0713778c7938ff9fb6bbcb98a67d	historical_provenance
canonical_publication/provenance/runs/publication-20260817/mapping/SILG_LP_152_Du-346.json	10625	86d25674f7405443eede52bb00bde1715d6c27b2b5d23e65b764ce112e190420	historical_provenance
canonical_publication/provenance/runs/publication-20260817/mapping/SILG_LP_153_Du-347.json	10625	ca6744989a59ae36f449edbbe3db25c162530c4f1a46465f4c7c275b0d88ae59	historical_provenance
canonical_publication/provenance/runs/publication-20260817/mapping/SILG_LP_154_Du-348.json	10625	cd9c08c5bf0e950c0183acddb71d0e754c7042499242ea34423149008b78811a	historical_provenance
canonical_publication/provenance/runs/publication-20260817/mapping/SILG_LP_155_Du-349.json	10625	fb297f2901cf15bbb90e3a67199f04e2b08b7519ccf47e73fd04e8790d6f8fb3	historical_provenance
canonical_publication/provenance/runs/publication-20260817/mapping/SILG_LP_156_Du-350.json	10623	0d11270bce53b0dcd11e73d1d80bae5d8817b9d92d98267aa1dae26b1adb8a2f	historical_provenance
canonical_publication/provenance/runs/publication-20260817/mapping/SILG_LP_157_Du-351.json	10625	179e119c00f36e790e385b6c7aa76aeaadee325ca926536bf0c6d5d38c6fb06e	historical_provenance
canonical_publication/provenance/runs/publication-20260817/mapping/SILG_LP_158_Du-352.json	10623	ea09aed4942841612f9d24698ee8d12d4c1e77751fac63690944f142db1bc907	historical_provenance
canonical_publication/provenance/runs/publication-20260817/mapping/SILR_LP_346_Du-729.json	10625	4c40eca7d19ac0689396c2e4ad688ec60fc9b0368ad9546e5e1c68eb42790198	historical_provenance
canonical_publication/provenance/runs/publication-20260817/mapping/SILR_LP_347_Du-730.json	10627	6d56c661927e0821a70baca02eddb9710376e277a93262fa2af58e60c114062e	historical_provenance
canonical_publication/provenance/runs/publication-20260817/mapping/SILR_LP_348_Du-731.json	10627	c028fac2b93254709076ea309dbf8372e4071c6efe2afc3897ee5023b61aa31d	historical_provenance
canonical_publication/provenance/runs/publication-20260817/mapping/SILR_LP_349_Du-732.json	10627	5c83c8fa41862218ef0385c2fb7b751cc648f226661ab7864c4cd637b42a7e34	historical_provenance
canonical_publication/provenance/runs/publication-20260817/mapping/SILR_LP_351_Du-734.json	10627	4e43c77134e19523613ce8def44d459629fbbfc04cd35c5100fd374c466317db	historical_provenance
canonical_publication/provenance/runs/publication-20260817/mapping/SILR_LP_353_Du-736.json	10625	8aa6f07e04dfd8bb414bc1afa8e326f33e72d4b6fb19bc629ad20283503e56ed	historical_provenance
canonical_publication/provenance/runs/publication-20260817/mapping/STI_LP_027_Du-45.json	10519	5f7976f5e4c31fa81bdeb51d85d770dc799c4a52b9d9ebe21034599f58d87fda	historical_provenance
canonical_publication/provenance/runs/publication-20260817/mapping/STI_LP_028_Du-46.json	10507	09e75c9fb8ac8aaf5754faf623757c9c549283fd32902d4566f06a3201b878ab	historical_provenance
canonical_publication/provenance/runs/publication-20260817/mapping/STI_LP_029_Du-47.json	10507	d5f2ceb81d97b99e86126bc9daecb187aadd1956e2d6ce5260507170cca841bf	historical_provenance
canonical_publication/provenance/runs/publication-20260817/mapping/STI_LP_030_Du-48.json	10507	dd99406a9dd727afc074651aed3078801db9e766736894843e7023cc2a64fdfd	historical_provenance
canonical_publication/provenance/runs/publication-20260817/mapping/STI_LP_031_Du-49.json	10507	9002cafbf3a4f276fdc906aa9ddcd6724aaac2dfa5db9b631979010ad50a9dbf	historical_provenance
canonical_publication/provenance/runs/publication-20260817/mapping/STI_LP_032_Du-50.json	10507	fcee030b5b7cd327c7becb3ba2de490ab70a52cef931669ef546b8a7c55ecc0f	historical_provenance
canonical_publication/provenance/runs/publication-20260817/mapping/STI_LP_033_Du-51.json	10507	b5a0a12c6451b5f6361f949975030fb4734b037a85dbb4d0b6183a37415798f6	historical_provenance
canonical_publication/provenance/runs/publication-20260817/mapping/STI_LP_034_Du-52.json	10519	12360057cad7c7f7aeb96d058c9f1aed607cdbc80a5b94316064df90175f20bf	historical_provenance
canonical_publication/provenance/runs/publication-20260817/mapping/STI_LP_035_Du-53.json	10507	790f0f043f457dee93b89d77657a4fbf1691afb16a9696b682de9ebde2affb8a	historical_provenance
canonical_publication/provenance/runs/publication-20260817/mapping/STI_LP_036_Du-54.json	10507	2521de1290df7f4d8734ac70261aadb8ea657c3c63704b72aba675c648d0ebc3	historical_provenance
canonical_publication/provenance/runs/publication-20260817/mapping/STI_LP_037_Du-55.json	10507	b90f327d624afc86ff7ba9ce04d9eb91620da7b1e1954eae186b98f7dec7e5a1	historical_provenance
canonical_publication/provenance/runs/publication-20260817/mapping/STI_LP_038_Du-56.json	10507	de1ddae9b7abc053397939c4c09804e7d5a6fdb825db68cb31132361ed639a6e	historical_provenance
canonical_publication/provenance/runs/publication-20260817/mapping/STI_LP_039_Du-57.json	10507	06f81e906be4ff39239a32699d8cad429cda1551e5a36c3774fd3752fae934c1	historical_provenance
canonical_publication/provenance/runs/publication-20260817/mapping/STI_LP_040_Du-58.json	10519	e714da4e25b773fad5d2ec3bfff26feaa96d08a3d08c68957bdc6c22588b45e7	historical_provenance
canonical_publication/provenance/runs/publication-20260817/mapping/STI_LP_041_Du-60.json	10511	c003d1222e641569d1406288c11e12a743cb51c074190323449c851387436ca6	historical_provenance
canonical_publication/provenance/runs/publication-20260817/mapping/STI_LP_042_Du-61.json	10507	cb87e81763114a56a402a639af192620cda00ce5bee01e4f598dbcd5d788ae31	historical_provenance
canonical_publication/provenance/runs/publication-20260817/mapping/TIL_LP_123_Du-263.json	10566	8be4f7ed3485bd0c669db21cdc0f2cbf730ed00c8a987e8f3fdd97897ddc4299	historical_provenance
canonical_publication/provenance/runs/publication-20260817/mapping/TIL_LP_124_Du-264.json	10568	0dea67a4f804edaae6296aeb6718fdc9794f6223af89cfbd79efdf179a37e5e1	historical_provenance
canonical_publication/provenance/runs/publication-20260817/mapping/TIL_LP_125_Du-265.json	10566	0175d42206118d05bcdee5ceb15ce5e370e5db3195915af4c698cc554f615023	historical_provenance
canonical_publication/provenance/runs/publication-20260817/mapping/TIL_LP_126_Du-266.json	10566	c0c50eab5f0fa3c83b7691440fa2c45950b4500848b488bad1873d3b40dd677e	historical_provenance
canonical_publication/provenance/runs/publication-20260817/mapping/TIL_LP_127_Du-267.json	10564	b4e934d8c147be667fd6d50c4e1041469713daffb5122994b82876ea72c60390	historical_provenance
canonical_publication/provenance/runs/publication-20260817/mapping/TIL_LP_128_Du-268.json	10568	0a8b4732fe248722cdaec85c391f823fd0bf8fe4629e70a7f6db2d503c262deb	historical_provenance
canonical_publication/provenance/runs/publication-20260817/mapping/TIL_LP_129_Du-269.json	10566	7d7466e38679b5665c7df2157a865a35721aeeb0f3b767bfad5a2e51c7f96e30	historical_provenance
canonical_publication/provenance/runs/publication-20260817/mapping/TIL_LP_130_Du-271.json	10568	93d438c5d40af4fabbe882fbfb46ccf4a92173bcfe5b3ae7ccd3b46134153260	historical_provenance
canonical_publication/provenance/runs/publication-20260817/mapping/TIL_LP_131_Du-272.json	10566	39cc4ffed2e689b51fd16522776bd5deda0eaef135a5d349a39dfcf6e2f6096d	historical_provenance
canonical_publication/provenance/runs/publication-20260817/mapping/TULP_LP_115_Du-242.json	10627	8cf719b2f3b600a7d9ab2386c6958471bb229fb49bab52531be79b40172e5152	historical_provenance
canonical_publication/provenance/runs/publication-20260817/mapping/TULP_LP_116_Du-243.json	10627	218463f9e893ab63ad69c210c7104267f61a332e3c08295f159fe29c9f030125	historical_provenance
canonical_publication/provenance/runs/publication-20260817/mapping/TULP_LP_117_Du-244.json	10625	8085daff56c8f51123e4d0c9aaf17d27ab45eb1a24ecebda874979a299e49360	historical_provenance
canonical_publication/provenance/runs/publication-20260817/mapping/TULP_LP_118_Du-245.json	10627	0b61a738c5f496671b1529e8c3936d31a72a95b31f79106d10dc6e2657e5612a	historical_provenance
canonical_publication/provenance/runs/publication-20260817/mapping/TULP_LP_119_Du-246.json	10627	1d9ff58a6c10e84612431634104500f79a9a590915d9c1c307632fc5162ee23a	historical_provenance
canonical_publication/provenance/runs/publication-20260817/mapping/TULP_LP_120_Du-248.json	10627	7c69439f0d8a2e0ec2a3e3836a21ccbf6d62bea0c9af6ee5f0dd1a7dc52ddea9	historical_provenance
canonical_publication/provenance/runs/publication-20260817/mapping/TULP_LP_121_Du-249.json	10625	37fb3c71a1d7dd3f7b12ef4b06ad0252d689aa5fce7e75894c3846c79b158f4d	historical_provenance
canonical_publication/provenance/runs/publication-20260817/mapping/TULP_LP_122_Du-250.json	10627	cbc24369268612bf04154eb0c4fe9aaa873f7e40b36ccc5116914fe0167b7b5c	historical_provenance
canonical_publication/provenance/runs/publication-20260817/mapping/TULP_LP_140_Du-302.json	10625	e860c76a0e6c33d7b8ca22f6cb4eba4ec8b9bc7e48c8faa6d68efd44625e1778	historical_provenance
canonical_publication/provenance/runs/publication-20260817/mapping/TULP_LP_141_Du-303.json	10625	98dd3124cd7df3b07976975be6a74769b45e739df9e77c7aa0b237f7b7cda090	historical_provenance
canonical_publication/provenance/runs/publication-20260817/mapping/TULP_LP_142_Du-304.json	10625	8f090ae4e5e7d1536456cfdf018d0ca05b9be218e921abfee88cce5bb521685e	historical_provenance
canonical_publication/provenance/runs/publication-20260817/mapping/TULP_LP_143_Du-305.json	10625	58d674055689d808f3ebb0e76484056e2c85afc6da520858eb2bc88469534cee	historical_provenance
canonical_publication/provenance/runs/publication-20260817/mapping/TULP_LP_144_Du-306.json	10625	5545150a17687d4b8aeec7e3db95ed96bcf1ff5499bf769f7616cae2d9d42a1a	historical_provenance
canonical_publication/provenance/runs/publication-20260817/mapping/TULP_LP_145_Du-307.json	10625	9ec617c80acbf319d8f546f850f5dfcbe958518893ddab066ce1d3a1d36b3d26	historical_provenance
canonical_publication/provenance/runs/publication-20260817/mapping/TULP_LP_146_Du-308.json	10623	4193dd20c5e684daf9fe67be9cf8f719526668bdbfdd04579c3c1fa1d4821fd4	historical_provenance
canonical_publication/provenance/runs/publication-20260817/mapping/TULP_LP_147_Du-309.json	10627	c8710820de86041a937e6f002bdc777be348455c7ad0463057373eae95a34c7d	historical_provenance
canonical_publication/provenance/runs/publication-20260817/mapping/TULP_LP_148_Du-310.json	10625	e30d3e086bbdd4f3a4cea2e85072b19f0644f11e9b7b92ca9b1a0411bc63457b	historical_provenance
canonical_publication/provenance/runs/publication-20260817/mapping_complete.json	81890	abfc7c72eb3dfa7b9d2449e0ea1761308affae5f8300d61c5978ec421cc11c26	historical_provenance
canonical_publication/provenance/runs/publication-20260817/metadata.json	2118	188e0336be75bb589bcd2add3c6845b28598d818f89934983249fabec1629ff3	historical_provenance
canonical_publication/provenance/runs/publication-20260817/pca/chloroplast.json	2130	1a24dd58557927958232e1d944fc5a929d1203c080a5a4cb3c607ef018006d17	historical_provenance
canonical_publication/provenance/runs/publication-20260817/pca/mitochondria.json	2135	df22f0d15bf3691d3fcd770024511153ec0bea638304ea4bd295a48b78d85ca0	historical_provenance
canonical_publication/provenance/runs/publication-20260817/popgen/chloroplast.json	2712	cf2b823f93c6f5e7023d339cd6c4aba9c6b9e9c657bb8d6491221f0891728cd0	historical_provenance
canonical_publication/provenance/runs/publication-20260817/popgen/mitochondria.json	2721	13ec160630f14fa59d57232e2aad9c42c6df9e67c5da805a549a1c64c491737e	historical_provenance
canonical_publication/provenance/runs/publication-20260817/qc.json	144729	4b8271d4f185afc15a4cae4013ab204c7c21d6351319f090b6448c9b051122e3	historical_provenance
canonical_publication/provenance/runs/publication-20260817/references.json	9645	8e18b38b093541781168dd544de5140ff87919be9845fee3dc0bbe5741f92144	historical_provenance
canonical_publication/provenance/runs/publication-20260817/reports.json	103310	e1c6db0b572487fde9cfc41e938a61d5fff338e9f1e6b4b17e22962f40888291	historical_provenance
canonical_publication/provenance/runs/publication-20260817/source_validation.json	2377	0ac15ba3535286abfc4a19f1124b94056613c5eb0ee5e55d590e0624e166c5aa	historical_provenance
canonical_publication/provenance/runs/publication-20260817/tree_reproducibility.json	4448	256787af575953ebde5b9aa39b9c122c3a41e6533d5c5879b198026a3b730a02	historical_provenance
canonical_publication/provenance/runs/publication-20260817/trees/chloroplast.json	2377	164b3e81e543fddb661f80fce884b4bed3554fc155a685cd42a0287d2819ccf2	historical_provenance
canonical_publication/provenance/runs/publication-20260817/trees/concatenated.json	3343	d5ab163477291b106a54c721960fcfcaee8aabc0d65bf7b3d4fa7625e5c8c558	historical_provenance
canonical_publication/provenance/runs/publication-20260817/trees/conflicts.json	1956	2a4171786880c769dbcdcc823785bba1233e5bd4f9a98bbb947d621338a96797	historical_provenance
canonical_publication/provenance/runs/publication-20260817/trees/mitochondria.json	2385	4b550167b34f26857176a304f27313cd261441f3cdeb1c675b30f549c60328f5	historical_provenance
canonical_publication/provenance/runs/publication-20260817/trusted_crosscheck.json	2851	79c0530f4747389a67e441ee7359c56c5165bd598ef99846cecfe2cc8e8b537f	historical_provenance
canonical_publication/provenance/runs/publication-20260817/variants/chloroplast.json	6288	a86adeaf16b2092982533e46113fc84d6a7fc3781c4e91a349801620baef971d	historical_provenance
canonical_publication/provenance/runs/publication-20260817/variants/mitochondria.json	6377	ace3cd3740851a4898c7e5ba2a835cefc08e975ef6d1eee5bbfca8dae0800230	historical_provenance
canonical_publication/pyproject.toml	197	f6905bf5e6385c8183a7bb8be98d1ff21ccafbd995cc7d136949abac76fd59f6	canonical
canonical_publication/references/annotations/chloroplast.projected.gff3	50596	75e8fc4b2dac775110c8967d87bada2d1f30049bcb2ceddd99df78d01db8de8f	canonical
canonical_publication/references/annotations/chloroplast.projected.tsv	24060	e512bd7ae4368395962dcc8be043a3887435cf4703b28842d01c7393580270f0	canonical
canonical_publication/references/annotations/mitochondria.projected.gff3	11586	af327dd35ea1df2d6ebd010aed53f43fd883924048e045554c48582a4e73dd1c	canonical
canonical_publication/references/annotations/mitochondria.projected.tsv	5442	f2e7432054043ac1318b63efbbd9639cea662e4ae2d21edcf175cc071457ea5b	canonical
canonical_publication/references/evidence/annotation_projection/annotation_projection_summary.tsv	291	e9a8cb66416fbe6cf492ed811cc236e7a93684a3d95d9c97df746ef4baadbbeb	canonical
canonical_publication/references/evidence/annotation_projection/chloroplast.external_features.fa	197615	b6bcb502c4f3bea09135ba61f2d4feb373429f43445246884c921ee2096056f5	canonical
canonical_publication/references/evidence/annotation_projection/chloroplast.feature_projection.blastn.tsv	18717	1a0cf39dbc45404c876216003599103a80e9e1d7a4af9071c412d6b239cfd584	canonical
canonical_publication/references/evidence/annotation_projection/chloroplast.unmapped_features.tsv	1336	fe5b9c7fd72c876b8f63dee85e193f5c4d686e77835f9e4acbe7a9579fa50bf5	canonical
canonical_publication/references/evidence/annotation_projection/mitochondria.external_features.fa	97197	b373e30f9a70e1f3676bb51f9e9a7ea2d8aa57bc412ebbc58f20df23ea4a3a9d	canonical
canonical_publication/references/evidence/annotation_projection/mitochondria.feature_projection.blastn.tsv	5205	a17ed27ea057494270d677a448e3f7273a88cc2515a2b24147134052947eccc4	canonical
canonical_publication/references/evidence/annotation_projection/mitochondria.unmapped_features.tsv	1557	dfb060f53b5fbe3c010f19fe03029433a523632a7c7c46ee5774de9dfd125764	canonical
canonical_publication/references/evidence/chloroplast_raw_self.blastn.tsv	573	cfa493865b16732b76c364cf531d022760edcd17550d93f20bc1523e77454ddf	canonical
canonical_publication/references/evidence/chloroplast_raw_vs_NC_085682.1.blastn.tsv	813	525186d55dcd9adf8251876f491a8e92036ad28c31cc884c28dd61af7e7be7cb	canonical
canonical_publication/references/evidence/chloroplast_removed_terminal_sequence.fa	27046	49ed31888f3f9ea42ca9abfff10d855a181bab23821b7d5baaadad7e8ead9e98	canonical
canonical_publication/references/evidence/chloroplast_selected_self.blastn.tsv	401	873fa6d6d869afec4329c44b531b9f2854ffa7627dcdaa90d73076ddfba5555d	canonical
canonical_publication/references/evidence/chloroplast_selected_vs_NC_085682.1.blastn.tsv	722	a06e6529f620efd80454d15ae8219181bdf4c69f849fae5ffd301e004d41514a	canonical
canonical_publication/references/evidence/chloroplast_terminal_repeat_validation.tsv	172	2f0bf5d6a6587819069f1120e85c64ee6f4b8d80fb43f8469ddcac5f36d05296	canonical
canonical_publication/references/evidence/external_accession_sequence_consistency.tsv	198	44912df07c0216b0a2bbb2a94f232a767a6b4d3c2582ab998cd3cf02d5eedd84	canonical
canonical_publication/references/evidence/mitochondria_repeat_summary.tsv	280	98edd73f6635422e870d5c24bc3ed0e28e57723bd0ae056b32e66781034e008c	canonical
canonical_publication/references/evidence/mitochondria_selected_self.blastn.tsv	1721	ecdfc2b92e41eb956fb75f6e3d02b0b990859badfd2bb78506bc4b9a2cbe2cae	canonical
canonical_publication/references/evidence/mitochondria_selected_vs_PV256627.1.blastn.tsv	9062	afcc36ef818bd3231fbb0bc0b15d177a4e025e6289a14f04f5d5470e5b2cfc94	canonical
canonical_publication/references/evidence/publication-20260817/mitochondria_high_confidence_annotation_overlap.tsv	4443	3a3aab534078fcc7ed69a48c2087bc4b4f7f478553889ca89ce10f809f7dc2cb	canonical
canonical_publication/references/evidence/publication-20260817/mitochondria_repeat_read_support.tsv	40239	aae152500ed86796e91301107b32ffe07734ec665ad475beca4c0bf3a0fd57a9	canonical
canonical_publication/references/evidence/publication-20260817/read_backed_reference_validation.tsv	1632	332307d05f532adef143d6f1234c67ce10136c2980eca6c3c7609cda22d2cb2f	canonical
canonical_publication/references/evidence/reference_orientation_and_boundary_checks.tsv	594	491c10704491c2c1b0a0d46a2b9e0829485f422e23ac9ad52358139f47697896	canonical
canonical_publication/references/evidence/reference_selection.tsv	113	7f8e3ce900a6778416f97e6823ad7fb5c7c600ac8d1eaf5cf4ae2661a13880b7	canonical
canonical_publication/references/evidence/reference_similarity_summary.tsv	603	24b7af12cad6dea6002c9ae933d3fb0e678237f66f7abf92f033a3c0e5062a3f	canonical
canonical_publication/references/masks/chloroplast_duplicate_ir_mask.bed	44	781acf8199a4f093709d895be91c6ae07458b19340cb6f51e0d7ee261d278235	canonical
canonical_publication/references/masks/chloroplast_full_reference.bed	36	6c647a0c77dd17e5bead03be27bc2bd8395d9a80751cd6d5b4ce9bc51ecd73af	canonical
canonical_publication/references/masks/chloroplast_ir_copies.bed	70	b3f7ff958213d25aadbffa099d93d6077dff0f4d48b10e6b2a4dbe97f968d91c	canonical
canonical_publication/references/masks/chloroplast_population_sites.bed	120	e31faa1b6e19fc11cedaedfe4cabfb88c3946971ebd7b460dd47e11ec7207917	canonical
canonical_publication/references/masks/chloroplast_unique_eligibility_sites.bed	146	3b1bf2e392daa01350874231f7354d15f6926016022079ed0700c5921c2f7c41	canonical
canonical_publication/references/masks/mitochondria_full_reference.bed	37	1863ebd09252a281b23ea9925603128b4c5e7de3e494c0dadbe87f57305f25cc	canonical
canonical_publication/references/masks/mitochondria_repeat_mask.bed	194	453fd2c2698fd7985fc4f272ca368aa1c0b20d9b6e39f412192bb80c9f2f728b	canonical
canonical_publication/references/masks/publication-20260817/mitochondria_high_confidence_sites.bed	174	0368d3ed7e3073cba93505d63692985a437ca9313af8143bf7e97c19f6aa7be5	canonical
canonical_publication/references/selected/chloroplast.fa	152166	b5e97f512314b89b0753542f9632edc88bbe5e7a6325d354ae09bc1401f5d612	canonical
canonical_publication/references/selected/mitochondria.fa	246415	9148e0f823866064d193c542140b322538e55db9f01cfd278bdfc928be7934c7	canonical
canonical_publication/references/selected/organelle_combined.fa	398581	84a53a58f60464ba18c0f0da0445201c9bbfc5d10a9216932f8bf4df8d4cf4f8	canonical
canonical_publication/reports/figures/.gitkeep	1	01ba4719c80b6fe911b091a7c05124b64eeece964e09c058ef8f9805daca546b	canonical
canonical_publication/reports/figures/publication-20260817/chloroplast.haplotype_network.pdf	45330	6a0f1654b0c26feb199efc3c5f88d8bbc3ae3dcf13ed128031a071f41f4274f4	canonical
canonical_publication/reports/figures/publication-20260817/chloroplast.haplotype_network.png	182887	80efe952db4fa608685548378f208f8e5e382559baaef1da43f8006382b7fdaf	canonical
canonical_publication/reports/figures/publication-20260817/chloroplast.haplotype_network.svg	177171	b32f67d0fac22573fc44bc9220da62a673f69f4d86d32966fe0d35751fd1a010	canonical
canonical_publication/reports/figures/publication-20260817/chloroplast.pairwise_differences.pdf	106742	79662d0e6f6e86c96b9348305fa955e196b41a12e6c0e731ba4931dd15d3244e	canonical
canonical_publication/reports/figures/publication-20260817/chloroplast.pairwise_differences.png	202540	51fc55b4c1724e996f8cb3f5307d5c4ebe509cb2558bdd56b929cf3cff7f236c	canonical
canonical_publication/reports/figures/publication-20260817/chloroplast.pairwise_differences.svg	160621	2259c49c46d31012c8a39a96a8d7b096feb8457e9677880cf6c5057cbdded6aa	canonical
canonical_publication/reports/figures/publication-20260817/chloroplast.pca.pdf	59080	594aa54d6f7577921cd14a7093b3d37f9aedb4b57abb354aff32565e490d1018	canonical
canonical_publication/reports/figures/publication-20260817/chloroplast.pca.png	136368	8a571c61a30e1f095e66491af658a5c117132a5edf56b74cf57d08cef91d11fd	canonical
canonical_publication/reports/figures/publication-20260817/chloroplast.pca.svg	128171	80f8941326cbacaf02f67c05e3209565d1e24e2afc9393c092d1cf5349d4c5bd	canonical
canonical_publication/reports/figures/publication-20260817/chloroplast.primary_unrooted_tree.pdf	78896	8c47aa0539f1233e1d3ffc3e0feb3e80e6188d97175e0188a33ff4e5ef178183	canonical
canonical_publication/reports/figures/publication-20260817/chloroplast.primary_unrooted_tree.png	263597	042c08a4fbb88bce712e98a80b22f4ae0941f13cb930fdfd8a94827fef3fbf79	canonical
canonical_publication/reports/figures/publication-20260817/chloroplast.primary_unrooted_tree.svg	222042	3fd1c56e5c5d80374f3e6d831832321b4bb136b58ec719ee1cd2cff7bc192e1c	canonical
canonical_publication/reports/figures/publication-20260817/chloroplast.signed_hudson_fst.pdf	35130	c11ced6909753e1072a0c082d133e7e057bf5228be0fa9c2fe39325a2bd22f07	canonical
canonical_publication/reports/figures/publication-20260817/chloroplast.signed_hudson_fst.png	220067	c2177283a06da37662cc6cb675aa8827f47002ba291245f67448567ff5b88d0f	canonical
canonical_publication/reports/figures/publication-20260817/chloroplast.signed_hudson_fst.svg	99856	6189d0f2c6dd0cefd69176a09f3fe300de615d54317e9d9f41f98d123d3d2988	canonical
canonical_publication/reports/figures/publication-20260817/chloroplast.supplementary_admixture.pdf	90406	8d12008a2d8666d11a982eebb6060cd74db3feb5e8fddf088a396bd3e71352c3	canonical
canonical_publication/reports/figures/publication-20260817/chloroplast.supplementary_admixture.png	235453	504ac3f41de599cdf0eeae98a1f714d9124fbeafcb30e871e01c61e182edb84a	canonical
canonical_publication/reports/figures/publication-20260817/chloroplast.supplementary_admixture.svg	759759	2bccbf66bc2161f396cb8f53e6340aa36f86ba966cf5280a1fe41c84c820040d	canonical
canonical_publication/reports/figures/publication-20260817/figure_manifest.tsv	7991	0745723c9463586247feef3db6d25ac07d0c1dd40e50df858381fb4b3d35cfa5	canonical
canonical_publication/reports/figures/publication-20260817/mitochondria.haplotype_network.pdf	45324	b20ced2eeccd49cce415602dbcde124c87439dcd10202af9e909ae4e916087b9	canonical
canonical_publication/reports/figures/publication-20260817/mitochondria.haplotype_network.png	240326	945f5359e915835fc0be5517c08bea294c982b87785a934461dd7bc4ec7fcf48	canonical
canonical_publication/reports/figures/publication-20260817/mitochondria.haplotype_network.svg	172231	f76ecbc55a1745f69585b81c83e25456123ba2e06b9dffa6cb3c518349d8e02d	canonical
canonical_publication/reports/figures/publication-20260817/mitochondria.pairwise_differences.pdf	71108	ffe38f570009b418564ab8c26c081596f1fc7981db48d84036090421006e8ca9	canonical
canonical_publication/reports/figures/publication-20260817/mitochondria.pairwise_differences.png	168981	f57dbb22d7187db9dea473c9253b0242369c6ce420b32145f4b1ea20abd7c06e	canonical
canonical_publication/reports/figures/publication-20260817/mitochondria.pairwise_differences.svg	124864	1ea6f18cb53593b99e17e0ec619054a90a6565c6460e8ae6fc72892bbd275811	canonical
canonical_publication/reports/figures/publication-20260817/mitochondria.pca.pdf	43926	cf47958ab58ac6b8f933fe533d2d479272ddec7816728ec6aa6ed9af46f392ac	canonical
canonical_publication/reports/figures/publication-20260817/mitochondria.pca.png	149638	8b9436213614c7ccd840a94189abbc97a22912e672e81d3ec5686cf36d66bc21	canonical
canonical_publication/reports/figures/publication-20260817/mitochondria.pca.svg	125984	5ca2341f0460aad4f6f00772d5ac8f747d53dad05b233abf58c241a5179cab29	canonical
canonical_publication/reports/figures/publication-20260817/mitochondria.primary_unrooted_tree.pdf	68473	71d14400ebbf19338f6ef721e1abf21a1ac344bddc15f861df6f19088f24925b	canonical
canonical_publication/reports/figures/publication-20260817/mitochondria.primary_unrooted_tree.png	366983	4ad5cdfe8aad24fb76dba41e186e5f15abdd7f0c2d085c4b7e302016a469168d	canonical
canonical_publication/reports/figures/publication-20260817/mitochondria.primary_unrooted_tree.svg	217738	02c8a0198a9776d6abb432e15c3416c7773feaeda5c06620dd9b1484bea07ab4	canonical
canonical_publication/reports/figures/publication-20260817/mitochondria.signed_hudson_fst.pdf	34915	b6d5ea10bbae168f7eb12c0332558d054d2149cb7badf63a5ce0544172b646d5	canonical
canonical_publication/reports/figures/publication-20260817/mitochondria.signed_hudson_fst.png	220698	336f88b1ba1910fe28df1bdf20617bd3aad01536826ce47a525c71f2f6e3f8b4	canonical
canonical_publication/reports/figures/publication-20260817/mitochondria.signed_hudson_fst.svg	99790	9852935011fad9c2cde17738877f75d28165eeaf77a5b53ba8fe8f9258371797	canonical
canonical_publication/reports/figures/publication-20260817/mitochondria.supplementary_admixture.pdf	88180	fc757ca0f9835ab8cee3c8b4387146dff4647f44782f8ba78e07e7bef3420987	canonical
canonical_publication/reports/figures/publication-20260817/mitochondria.supplementary_admixture.png	251560	c6ece771a3b97e401b5475661b384565f65578d4b5f32ebe28713a787f2f8248	canonical
canonical_publication/reports/figures/publication-20260817/mitochondria.supplementary_admixture.svg	750605	606a5cd7cfc098bb20ffc5b187671d39359ebbe43988b32682be98ac86d64dcd	canonical
canonical_publication/reports/figures/publication-20260817/preprocessing_qc.pdf	32919	2bbd1bb4ff620597cfecbf3efe448249e788307f9ab86f8811a4d130343f727a	canonical
canonical_publication/reports/figures/publication-20260817/preprocessing_qc.png	182961	a669baf7dded9fdf76e4f8002c154d477df45e65ec76d223fe3562a191227526	canonical
canonical_publication/reports/figures/publication-20260817/preprocessing_qc.svg	194064	a8b373f83fc47e94eb8a586725b489b71d0e0d85600683b316c85db9d7648fe3	canonical
canonical_publication/reports/figures/publication-20260817/reference_callability.pdf	69897	87ea0a3c956928eecdde2bb1d3eabfb04aaad12e9ae7168b7e72be7a312e75f2	canonical
canonical_publication/reports/figures/publication-20260817/reference_callability.png	294341	efec4ad9b5b9b6a146dc92187b69e4cbd3350fad9b64b7dcc87c19bf17124da0	canonical
canonical_publication/reports/figures/publication-20260817/reference_callability.svg	199831	7ee72440d4ab1e5f27c19adfe292a516ef0587a084b35c8d7a22e7b09dd313e6	canonical
canonical_publication/reports/manuscript_support/.gitkeep	1	01ba4719c80b6fe911b091a7c05124b64eeece964e09c058ef8f9805daca546b	canonical
canonical_publication/reports/manuscript_support/publication-20260817/canonical_analysis_report.md	6928	d2a7f468fe162910bac38a3b16be3ed2901254528442d59aeb3d866ed16fa890	canonical
canonical_publication/reports/tables/.gitkeep	1	01ba4719c80b6fe911b091a7c05124b64eeece964e09c058ef8f9805daca546b	canonical
canonical_publication/reports/tables/publication-20260817/canonical_summary.tsv	303	072df1fe8b7cdcfa0e74c591a505d9165304bc7c2b4b75b526faa54f360ce2dc	canonical
canonical_publication/reports/tables/publication-20260817/review_response_method_resolutions.tsv	1880	65bf17b2df96bb81dab662ba2f82cb4620ce680faee2f762aabfc5a11c9390ab	canonical
canonical_publication/results/alignments/.gitkeep	1	01ba4719c80b6fe911b091a7c05124b64eeece964e09c058ef8f9805daca546b	canonical
canonical_publication/results/alignments/publication-20260817/chloroplast.callable_alignment.fa	41999654	73f143fb7da0035a7d7903948d48dba4fbe7d9966fc015eda7fb5d8cfb9e5801	canonical
canonical_publication/results/alignments/publication-20260817/chloroplast.callable_summary.tsv	24296	ce47a514780ed804bcf89a72995ea9e27136357d34db1372623f498efac29859	canonical
canonical_publication/results/alignments/publication-20260817/mitochondria.callable_alignment.fa	66779991	50b9ee3d72aa5cf56e2b41f137bcdaf791d08b8dcd18695a073631a63d77e90e	canonical
canonical_publication/results/alignments/publication-20260817/mitochondria.callable_summary.tsv	22406	bb137c038f74a3397670958bda8530ef3211e208e26431f71d28a2f214591305	canonical
canonical_publication/results/haplotypes/.gitkeep	1	01ba4719c80b6fe911b091a7c05124b64eeece964e09c058ef8f9805daca546b	canonical
canonical_publication/results/haplotypes/publication-20260817/chloroplast.haplotype_positions.tsv	14102	6d339ea8e8a82be539a6c54bc67a5120b71cf4946d68805ddcfc8c7e03d51313	canonical
canonical_publication/results/haplotypes/publication-20260817/chloroplast.haplotypes.tsv	113786	7f9160de4bc0e6477c06fcc6886be9da0c7a283520cd6dc264a6d33ec31fe185	canonical
canonical_publication/results/haplotypes/publication-20260817/chloroplast.network_edges.tsv	542	e9c4c7e441decd671d51e9054f50d3dd50171cff1ebd0a3cec14069b6b371e57	canonical
canonical_publication/results/haplotypes/publication-20260817/chloroplast.sample_haplotypes.tsv	8800	2269ea7cf96dc8df78f0db1ad8a56857037bcb3c45f2496f2dad12ece45319fb	canonical
canonical_publication/results/haplotypes/publication-20260817/mitochondria.haplotype_positions.tsv	963	f14358dfc3a28ee1a1566f155a06d7d5bed04c928c8b16f52a4fa12589799449	canonical
canonical_publication/results/haplotypes/publication-20260817/mitochondria.haplotypes.tsv	7378	f030f59b824a15ae3341f82a671da748f4f8fafeb7086d0dc263029cbbd3ceaa	canonical
canonical_publication/results/haplotypes/publication-20260817/mitochondria.network_edges.tsv	477	9396332eb40d7e182ca965cc4b4c667befe44b9d32aaaae8d83ab83e1e992b30	canonical
canonical_publication/results/haplotypes/publication-20260817/mitochondria.sample_haplotypes.tsv	7997	4362fcd608f07de89b46c6527ab42fd7e17f1aee967b8f754e5f3a2f21548b2d	canonical
canonical_publication/results/pca/.gitkeep	1	01ba4719c80b6fe911b091a7c05124b64eeece964e09c058ef8f9805daca546b	canonical
canonical_publication/results/pca/publication-20260817/chloroplast.coordinates.tsv	48740	ac7034e3b94b251ac8a7895801e47f08c1fc9c7eddb98eb692c1d2dfec90ee4e	canonical
canonical_publication/results/pca/publication-20260817/chloroplast.variance.tsv	232	505a301dcb718c7f7b14bb86ef1ff3a5adf526cf37fe90f4755671e1087a5377	canonical
canonical_publication/results/pca/publication-20260817/mitochondria.coordinates.tsv	47663	bfbe12ce551308246d178601c290ef2b28a4256d258558b050271a75f7761eab	canonical
canonical_publication/results/pca/publication-20260817/mitochondria.variance.tsv	233	03f05e259c0b335e721e6ff3f7b1f900eb0cb5e112c3814333e12daab681eb1f	canonical
canonical_publication/results/popgen/.gitkeep	1	01ba4719c80b6fe911b091a7c05124b64eeece964e09c058ef8f9805daca546b	canonical
canonical_publication/results/popgen/publication-20260817/chloroplast.pairwise_hudson_fst.tsv	69918	e94a7ee568861a22822a2921e9d14e54f6ea957abbfc4379cd94baf440187827	canonical
canonical_publication/results/popgen/publication-20260817/chloroplast.pi_crosscheck.tsv	2525	bac8fd77d4bb93e37a9d45b9ade68165e1bab268086b83cf6f7981eba159de7d	canonical
canonical_publication/results/popgen/publication-20260817/chloroplast.population_summary.tsv	8131	adaeaa7b7ea33c2b8f0929c049fefb46730d95ae983a2ef4227971e1b7bc225a	canonical
canonical_publication/results/popgen/publication-20260817/mitochondria.pairwise_hudson_fst.tsv	61818	3d60f01920068b3726017489e4b8e460ba3066a62bbf2e88966e395a40a66895	canonical
canonical_publication/results/popgen/publication-20260817/mitochondria.pi_crosscheck.tsv	2361	c2f3772b47df56087136f5d214b612623e0b73357a47c2e60f3440651db8f21e	canonical
canonical_publication/results/popgen/publication-20260817/mitochondria.population_summary.tsv	7828	8bb742f272a8d3bcdd62323b9080e33d99c17125a29d2a02ec60d5e648998b89	canonical
canonical_publication/results/popgen/publication-20260817/trusted_scikit_allel_crosscheck.tsv	395576	1b272b2c50ae11b462c68307131562c465668b67bc7f16348463df4f230a2035	canonical
canonical_publication/results/qc/publication-20260817/read_preprocessing_summary.tsv	45389	cf7524100b0f4493f85b76e81fca47646c56b47a3e2896ead9f821c5c4347ed5	canonical
canonical_publication/results/qc/publication-20260817/sample_breadth.tsv	81397	38c7ff17e91495524983c7b0a3a7dee130d60f3b7cc061b786456bfe112e4c4e	canonical
canonical_publication/results/supplement/.gitkeep	1	01ba4719c80b6fe911b091a7c05124b64eeece964e09c058ef8f9805daca546b	canonical
canonical_publication/results/supplement/publication-20260817/admixture/chloroplast/INTERPRETATION_LIMITATIONS.md	386	09e00fdcf55cca2f1d42b766a19ace65900f45ac97156608118723d2dcc9dfba	canonical
canonical_publication/results/supplement/publication-20260817/admixture/chloroplast/K1.replicate_1.Q.tsv	2484	2e1f23f2d0ed98381b11a9f2aeb5d588e4626c67dd94234383187e7827c2645c	canonical
canonical_publication/results/supplement/publication-20260817/admixture/chloroplast/K1.replicate_10.Q.tsv	2484	2e1f23f2d0ed98381b11a9f2aeb5d588e4626c67dd94234383187e7827c2645c	canonical
canonical_publication/results/supplement/publication-20260817/admixture/chloroplast/K1.replicate_2.Q.tsv	2484	2e1f23f2d0ed98381b11a9f2aeb5d588e4626c67dd94234383187e7827c2645c	canonical
canonical_publication/results/supplement/publication-20260817/admixture/chloroplast/K1.replicate_3.Q.tsv	2484	2e1f23f2d0ed98381b11a9f2aeb5d588e4626c67dd94234383187e7827c2645c	canonical
canonical_publication/results/supplement/publication-20260817/admixture/chloroplast/K1.replicate_4.Q.tsv	2484	2e1f23f2d0ed98381b11a9f2aeb5d588e4626c67dd94234383187e7827c2645c	canonical
canonical_publication/results/supplement/publication-20260817/admixture/chloroplast/K1.replicate_5.Q.tsv	2484	2e1f23f2d0ed98381b11a9f2aeb5d588e4626c67dd94234383187e7827c2645c	canonical
canonical_publication/results/supplement/publication-20260817/admixture/chloroplast/K1.replicate_6.Q.tsv	2484	2e1f23f2d0ed98381b11a9f2aeb5d588e4626c67dd94234383187e7827c2645c	canonical
canonical_publication/results/supplement/publication-20260817/admixture/chloroplast/K1.replicate_7.Q.tsv	2484	2e1f23f2d0ed98381b11a9f2aeb5d588e4626c67dd94234383187e7827c2645c	canonical
canonical_publication/results/supplement/publication-20260817/admixture/chloroplast/K1.replicate_8.Q.tsv	2484	2e1f23f2d0ed98381b11a9f2aeb5d588e4626c67dd94234383187e7827c2645c	canonical
canonical_publication/results/supplement/publication-20260817/admixture/chloroplast/K1.replicate_9.Q.tsv	2484	2e1f23f2d0ed98381b11a9f2aeb5d588e4626c67dd94234383187e7827c2645c	canonical
canonical_publication/results/supplement/publication-20260817/admixture/chloroplast/K10.replicate_1.Q.tsv	24840	4dc848be6c464ca3cb79b338e6c7a9c18b4b482b50399b06578d1d318b31b323	canonical
canonical_publication/results/supplement/publication-20260817/admixture/chloroplast/K10.replicate_10.Q.tsv	24840	4b05d5c5f7e3da2a53dfb5cffebc23830d885687435258d3165964fdffdcc491	canonical
canonical_publication/results/supplement/publication-20260817/admixture/chloroplast/K10.replicate_2.Q.tsv	24840	1d55bb40f00b3edfb703ac2880d6b9e7731bfc14945d0034c14d837f6cd976f1	canonical
canonical_publication/results/supplement/publication-20260817/admixture/chloroplast/K10.replicate_3.Q.tsv	24840	dc32646d3c4dfad10fbf9201dba5830ec32185342c88d4e5bbb8f1dd96f4cbc1	canonical
canonical_publication/results/supplement/publication-20260817/admixture/chloroplast/K10.replicate_4.Q.tsv	24840	ca33b35346587a6b50fa6fcf9b6ec634aa3f50f6c971a2e8f71544a6db566a4e	canonical
canonical_publication/results/supplement/publication-20260817/admixture/chloroplast/K10.replicate_5.Q.tsv	24840	6d16143aa3ab7a2ef5d91a6784c5a4b527384f71e429d4c5d3d1172dfe29220e	canonical
canonical_publication/results/supplement/publication-20260817/admixture/chloroplast/K10.replicate_6.Q.tsv	24840	e4d1b17a532a892282e076c115d4172dd67d9fff6946d2c9dfbc7e1b06b0f45b	canonical
canonical_publication/results/supplement/publication-20260817/admixture/chloroplast/K10.replicate_7.Q.tsv	24840	8d4952aaead7406b5e4bd63e24e6519d021de5fb1ba91332017addac7c994bad	canonical
canonical_publication/results/supplement/publication-20260817/admixture/chloroplast/K10.replicate_8.Q.tsv	24840	6db4f34384b5269509e6265981e2c20ea936937a862789c1046460df9abf11b3	canonical
canonical_publication/results/supplement/publication-20260817/admixture/chloroplast/K10.replicate_9.Q.tsv	24840	c58dcdfbff553c34e59c50911e35a07d45c58aae41c0e40414fc784cb4c78c58	canonical
canonical_publication/results/supplement/publication-20260817/admixture/chloroplast/K11.replicate_1.Q.tsv	27324	daf1d1afb6a2eed6559506e27cd0c89d219985f85840aa6397406065db11e767	canonical
canonical_publication/results/supplement/publication-20260817/admixture/chloroplast/K11.replicate_10.Q.tsv	27324	c7c31df89513a597b2e700cc97c49515d53b6a2992dce4cc49df9294d20689c3	canonical
canonical_publication/results/supplement/publication-20260817/admixture/chloroplast/K11.replicate_2.Q.tsv	27324	7d827c61dd8b238fdb45381d9f4732bf334bc7ddd0da031279f5720fe5b94bd8	canonical
canonical_publication/results/supplement/publication-20260817/admixture/chloroplast/K11.replicate_3.Q.tsv	27324	4628b6cfe97dbe8c372e600556c6fb9e02ed87f93d83170895ac9edac5894ae6	canonical
canonical_publication/results/supplement/publication-20260817/admixture/chloroplast/K11.replicate_4.Q.tsv	27324	f725fa4d9618c64d371b9956e3fcea91438d4e3ef7056a3a5c6e0c9786a18e2e	canonical
canonical_publication/results/supplement/publication-20260817/admixture/chloroplast/K11.replicate_5.Q.tsv	27324	c07e67bfd0bdcfee3b6951d913ca838741583f55f5dc3315eb548dcf6211fcb1	canonical
canonical_publication/results/supplement/publication-20260817/admixture/chloroplast/K11.replicate_6.Q.tsv	27324	5d26a6e34bdfb68edaa16b37dd9e674c61e307a011ba379541fc4c7386cc149f	canonical
canonical_publication/results/supplement/publication-20260817/admixture/chloroplast/K11.replicate_7.Q.tsv	27324	8493a8213f40eea628066f0e5e22eb0547a145f6a687e9335efe44e9d3cb23bb	canonical
canonical_publication/results/supplement/publication-20260817/admixture/chloroplast/K11.replicate_8.Q.tsv	27324	89b3ee89aba59c16f471e0d9dfb51fa963e34ee15fe216d23ce9ceff177f05f4	canonical
canonical_publication/results/supplement/publication-20260817/admixture/chloroplast/K11.replicate_9.Q.tsv	27324	b6b328c7e69868a6b285e16b9e44f3da5e6366bd89a8538d58c90ae3d8eb3dc9	canonical
canonical_publication/results/supplement/publication-20260817/admixture/chloroplast/K12.replicate_1.Q.tsv	29808	5c111064db6411e9e0872a4eea463dbf161dfa7eae8604608fe5a223d3bc6da0	canonical
canonical_publication/results/supplement/publication-20260817/admixture/chloroplast/K12.replicate_10.Q.tsv	29808	c557d62436179dc9057ab26a38a6dbb64c2380a3cc3a5961e0d11ea564529c7a	canonical
canonical_publication/results/supplement/publication-20260817/admixture/chloroplast/K12.replicate_2.Q.tsv	29808	e83c53253361e4e98c0ba5d6996f824f2f22d9a6a2cd4417d6c38f27f5117ee1	canonical
canonical_publication/results/supplement/publication-20260817/admixture/chloroplast/K12.replicate_3.Q.tsv	29808	ff8e23fcf62d7a647cf6afe28bd37d230492eb0621ce9ed5ae951fbe8642393c	canonical
canonical_publication/results/supplement/publication-20260817/admixture/chloroplast/K12.replicate_4.Q.tsv	29808	1a5c6ca57e43a0f752fe66b66c42e55a6dfe5145e80a83cf7f712a22c592660a	canonical
canonical_publication/results/supplement/publication-20260817/admixture/chloroplast/K12.replicate_5.Q.tsv	29808	f5970333f51fec127ee0227e6f093feec6dd1984bec73ccc83486d43e7340bc6	canonical
canonical_publication/results/supplement/publication-20260817/admixture/chloroplast/K12.replicate_6.Q.tsv	29808	d0b75609c49a8b0108bd932096853378f545942bebcac3657bc0af7c3df10a89	canonical
canonical_publication/results/supplement/publication-20260817/admixture/chloroplast/K12.replicate_7.Q.tsv	29808	10e68b46f79e080842aa0ce3805e97182ff242becc03f4c185bc8556f2633cce	canonical
canonical_publication/results/supplement/publication-20260817/admixture/chloroplast/K12.replicate_8.Q.tsv	29808	7e66d82eaf500a5641f788189cd22bd4cc4a36036403a95349278ab0093a0531	canonical
canonical_publication/results/supplement/publication-20260817/admixture/chloroplast/K12.replicate_9.Q.tsv	29808	f84c8cb47ce635621b304f0411e2334b4b05c460d020c2fc8a7f413fe329a94c	canonical
canonical_publication/results/supplement/publication-20260817/admixture/chloroplast/K2.replicate_1.Q.tsv	4968	fa0ed992ad14c7def38bd9bbe8e85bd27ef93542e0848b6327cfe48a21c38f81	canonical
canonical_publication/results/supplement/publication-20260817/admixture/chloroplast/K2.replicate_10.Q.tsv	4968	e6375c06bb52c8c4f774d422b7c53af62488fbfd3b11f8ba250f5480e99dc2a1	canonical
canonical_publication/results/supplement/publication-20260817/admixture/chloroplast/K2.replicate_2.Q.tsv	4968	ed0aefe68317c5889f8f90d2ed123645447f9ee2f823cdfbf4ae50959f33aecc	canonical
canonical_publication/results/supplement/publication-20260817/admixture/chloroplast/K2.replicate_3.Q.tsv	4968	ed0aefe68317c5889f8f90d2ed123645447f9ee2f823cdfbf4ae50959f33aecc	canonical
canonical_publication/results/supplement/publication-20260817/admixture/chloroplast/K2.replicate_4.Q.tsv	4968	ed0aefe68317c5889f8f90d2ed123645447f9ee2f823cdfbf4ae50959f33aecc	canonical
canonical_publication/results/supplement/publication-20260817/admixture/chloroplast/K2.replicate_5.Q.tsv	4968	5aa2cbb7ee8f853b9d92b072150ba25eb03fa9522ca4687ef124cbad96e637b2	canonical
canonical_publication/results/supplement/publication-20260817/admixture/chloroplast/K2.replicate_6.Q.tsv	4968	5aa2cbb7ee8f853b9d92b072150ba25eb03fa9522ca4687ef124cbad96e637b2	canonical
canonical_publication/results/supplement/publication-20260817/admixture/chloroplast/K2.replicate_7.Q.tsv	4968	5aa2cbb7ee8f853b9d92b072150ba25eb03fa9522ca4687ef124cbad96e637b2	canonical
canonical_publication/results/supplement/publication-20260817/admixture/chloroplast/K2.replicate_8.Q.tsv	4968	8dfdf962da4e3b9a64bd322fdf47adbddae4309443259acf3dc03ecc9a8afaa7	canonical
canonical_publication/results/supplement/publication-20260817/admixture/chloroplast/K2.replicate_9.Q.tsv	4968	ed0aefe68317c5889f8f90d2ed123645447f9ee2f823cdfbf4ae50959f33aecc	canonical
canonical_publication/results/supplement/publication-20260817/admixture/chloroplast/K3.replicate_1.Q.tsv	7452	86d13affeaa5a01429df13c37fbd650607c3f78ef4c394b0335d4bf993a60b8b	canonical
canonical_publication/results/supplement/publication-20260817/admixture/chloroplast/K3.replicate_10.Q.tsv	7452	2601e146876273f36a107b6036e32cc287cbe371a3565f0c855c8d68141f1414	canonical
canonical_publication/results/supplement/publication-20260817/admixture/chloroplast/K3.replicate_2.Q.tsv	7452	ec66c52b5aee208346cfa161b8305573d196d557e7cafd919214f862e6d16e9e	canonical
canonical_publication/results/supplement/publication-20260817/admixture/chloroplast/K3.replicate_3.Q.tsv	7452	34122a19a30537d4fa84ba467bd24d5ae0513fb2236941b308692760c243af7b	canonical
canonical_publication/results/supplement/publication-20260817/admixture/chloroplast/K3.replicate_4.Q.tsv	7452	26c5d6919692c4583d98446b0c2eea61b4154ba1c304d96b83d030a5ac84f8d4	canonical
canonical_publication/results/supplement/publication-20260817/admixture/chloroplast/K3.replicate_5.Q.tsv	7452	0d0c1cc05003d7cdcab16948c3c374a31c5950f9e1d562ddd3fe349cd04f8df6	canonical
canonical_publication/results/supplement/publication-20260817/admixture/chloroplast/K3.replicate_6.Q.tsv	7452	85afe5c8bcb9572065167062036d99d3b5faa7ce10486f372d29e95f79c6bb14	canonical
canonical_publication/results/supplement/publication-20260817/admixture/chloroplast/K3.replicate_7.Q.tsv	7452	a479ad78f47e1eb8d7a610d75e1d26f154da23da23d33c4aa40ba941a4841b87	canonical
canonical_publication/results/supplement/publication-20260817/admixture/chloroplast/K3.replicate_8.Q.tsv	7452	da6294a59375535be4be99c0fbee8c5ae9ccc3dedb8700c5302ef3337d6185b5	canonical
canonical_publication/results/supplement/publication-20260817/admixture/chloroplast/K3.replicate_9.Q.tsv	7452	cf2c5ba2a51c56b30c9fe8ad2ff4f15326e9fed34d5159dd906a938b80fca4fc	canonical
canonical_publication/results/supplement/publication-20260817/admixture/chloroplast/K4.replicate_1.Q.tsv	9936	57934be758ec2e963d7ef1ab65b66817e3ee65933c3f3a7c92ef85bc2564eefd	canonical
canonical_publication/results/supplement/publication-20260817/admixture/chloroplast/K4.replicate_10.Q.tsv	9936	b8bcb395df69cb88a721b53c57e0a0c792b772c564916efc5625b8e194791624	canonical
canonical_publication/results/supplement/publication-20260817/admixture/chloroplast/K4.replicate_2.Q.tsv	9936	0cc50664c8e6d291bf3ba7e45c7d10217af5953c5b3df4368079fe83405f154a	canonical
canonical_publication/results/supplement/publication-20260817/admixture/chloroplast/K4.replicate_3.Q.tsv	9936	d0cd11b1260652c2d146f4327f5eb050163c9e585092d19f5a28c04136eb6b70	canonical
canonical_publication/results/supplement/publication-20260817/admixture/chloroplast/K4.replicate_4.Q.tsv	9936	76bf4911d647262dd2b23a9e2dc0114483f01b5ad9d35737aeebbfe4e196975e	canonical
canonical_publication/results/supplement/publication-20260817/admixture/chloroplast/K4.replicate_5.Q.tsv	9936	f81e824525287edf9e53b3d316b2253c70d9e41764983e5abca0de6c439dfd41	canonical
canonical_publication/results/supplement/publication-20260817/admixture/chloroplast/K4.replicate_6.Q.tsv	9936	fbb39319c9808186234a06c95939442e7d2b39cb77d0978cb288f5a5e0f39a13	canonical
canonical_publication/results/supplement/publication-20260817/admixture/chloroplast/K4.replicate_7.Q.tsv	9936	ad2dfd9754674291add80bc60b9ad68fe644135a192a0e90ac96427625244b21	canonical
canonical_publication/results/supplement/publication-20260817/admixture/chloroplast/K4.replicate_8.Q.tsv	9936	5863ddecbfd70d9ab74db6ad315c2143f9a85dc4fbc00cb441759e44e3e383dd	canonical
canonical_publication/results/supplement/publication-20260817/admixture/chloroplast/K4.replicate_9.Q.tsv	9936	5433f963a8f1ee4d2b542c2ae5a05028031c221caf6ede6e5b1c5d880c9bf8a3	canonical
canonical_publication/results/supplement/publication-20260817/admixture/chloroplast/K5.replicate_1.Q.tsv	12420	607f8dc0c40ea2db7c028adc3c8c5a823a5ed42b6833b1f25c03f1a51b81eacb	canonical
canonical_publication/results/supplement/publication-20260817/admixture/chloroplast/K5.replicate_10.Q.tsv	12420	5f313595a6547a2e017cf7ddbd158e93616adb9c64df4158b76dada62de75dcd	canonical
canonical_publication/results/supplement/publication-20260817/admixture/chloroplast/K5.replicate_2.Q.tsv	12420	e162bb86ce80cc2fb01ce6da9de0433fd554ea9cc81362d5edc37d951cbd2c14	canonical
canonical_publication/results/supplement/publication-20260817/admixture/chloroplast/K5.replicate_3.Q.tsv	12420	cb33cf4afc5187aec98ec191cb5fef8b5c39c03c61c61d070e4db6cf7c7b3aa4	canonical
canonical_publication/results/supplement/publication-20260817/admixture/chloroplast/K5.replicate_4.Q.tsv	12420	017e76bba4d2bb5c19dc78e7b373be65f9b7b612affcf4d45eb58c81b799eaa6	canonical
canonical_publication/results/supplement/publication-20260817/admixture/chloroplast/K5.replicate_5.Q.tsv	12420	0ad2b5edc3c4963e36550f826d88f21a5806e669b6994a553316531fe4ee4f8c	canonical
canonical_publication/results/supplement/publication-20260817/admixture/chloroplast/K5.replicate_6.Q.tsv	12420	dbf5794bb4e0b8a053da5c8fdc6a494c90220b30ccf7f72d8134f1b7a0516668	canonical
canonical_publication/results/supplement/publication-20260817/admixture/chloroplast/K5.replicate_7.Q.tsv	12420	d52bd109ca5cf5376828ff738d7f911bd3c18205ef71840ccf41a086ba70911c	canonical
canonical_publication/results/supplement/publication-20260817/admixture/chloroplast/K5.replicate_8.Q.tsv	12420	12f2eb8b5678438cd4f461cd01aca06295fc26f40ac79033311e52e77af4e898	canonical
canonical_publication/results/supplement/publication-20260817/admixture/chloroplast/K5.replicate_9.Q.tsv	12420	3c20bd7f2160fba855ebee9443543b9c2e71456647e9bda817ca314237b7d7af	canonical
canonical_publication/results/supplement/publication-20260817/admixture/chloroplast/K6.replicate_1.Q.tsv	14904	bfebc7a103f31352ae646fe6c91e6dd15ee8c3fa87cfe41305e144210879b020	canonical
canonical_publication/results/supplement/publication-20260817/admixture/chloroplast/K6.replicate_10.Q.tsv	14904	2480a5c26e5fece54b92a50f9f9ac6ee1d7fc53156cc10206907e5be1e0ffef2	canonical
canonical_publication/results/supplement/publication-20260817/admixture/chloroplast/K6.replicate_2.Q.tsv	14904	2f732bd1785aa9639c5ebd3fb3a00c3231cf8c337440fc360720b74606a4684e	canonical
canonical_publication/results/supplement/publication-20260817/admixture/chloroplast/K6.replicate_3.Q.tsv	14904	da32e6c02aa59b5fc077ccf25c80c5bb55cb9803bf31a28d837dc01c7b405bc4	canonical
canonical_publication/results/supplement/publication-20260817/admixture/chloroplast/K6.replicate_4.Q.tsv	14904	027db1682ba63d45e14ebf8bd8c8b3340251a08e227c821ef2b697727c75c9e9	canonical
canonical_publication/results/supplement/publication-20260817/admixture/chloroplast/K6.replicate_5.Q.tsv	14904	426354106711486ba55720316b0d4e51318eb19109cec3458235110b6a925603	canonical
canonical_publication/results/supplement/publication-20260817/admixture/chloroplast/K6.replicate_6.Q.tsv	14904	e96e89d7fe99baff34baf6a25351fef7e4b660943a9b9b7dac504fa6de83c7af	canonical
canonical_publication/results/supplement/publication-20260817/admixture/chloroplast/K6.replicate_7.Q.tsv	14904	8d20fcb1949f1f38dae722b5b333822d72ad17495b47247f95ab5fa9182bc3e9	canonical
canonical_publication/results/supplement/publication-20260817/admixture/chloroplast/K6.replicate_8.Q.tsv	14904	98544ad95b389bd7aeabc7bc0cbd844034d1612cb70c1e6c940edff85a128fa1	canonical
canonical_publication/results/supplement/publication-20260817/admixture/chloroplast/K6.replicate_9.Q.tsv	14904	2b72b321dbe35ca70b74b8c66b1715eb67499320e827102750722ed9839a77d3	canonical
canonical_publication/results/supplement/publication-20260817/admixture/chloroplast/K7.replicate_1.Q.tsv	17388	f71c4ed7b1750b1340e238c441d5826eef0df0e70cc15c7019c45094825f7880	canonical
canonical_publication/results/supplement/publication-20260817/admixture/chloroplast/K7.replicate_10.Q.tsv	17388	f9eeabd3e6cb2201265dc3835df5787f14939c7439c1f842891eabf14179ac83	canonical
canonical_publication/results/supplement/publication-20260817/admixture/chloroplast/K7.replicate_2.Q.tsv	17388	149c73de2d1d3e1169e368642172ca0dd0b0b7366404fad17bdef41eca2a246c	canonical
canonical_publication/results/supplement/publication-20260817/admixture/chloroplast/K7.replicate_3.Q.tsv	17388	ab9c5678fd29b79eea814cdec4ecc843c72ca5f41baffa62f0ac9e156f3cb0d8	canonical
canonical_publication/results/supplement/publication-20260817/admixture/chloroplast/K7.replicate_4.Q.tsv	17388	fcf13d15814a9defeac7133f3871e3d85b05309133c064ac7afe2ab683c0bfbf	canonical
canonical_publication/results/supplement/publication-20260817/admixture/chloroplast/K7.replicate_5.Q.tsv	17388	0e835a0930d25efe4a7c6cae139b56441d46dc81e9f580c9f869305dd8e51c5d	canonical
canonical_publication/results/supplement/publication-20260817/admixture/chloroplast/K7.replicate_6.Q.tsv	17388	0e0008481e1f3b049edc818e1b0cba1ef80235f1f17a6e9b9193d515156c25e3	canonical
canonical_publication/results/supplement/publication-20260817/admixture/chloroplast/K7.replicate_7.Q.tsv	17388	0f57c9174a3bcef9a27a2f7116a24a18f3cff3eb8e29549999464ba0001a30d1	canonical
canonical_publication/results/supplement/publication-20260817/admixture/chloroplast/K7.replicate_8.Q.tsv	17388	6cdf3288fdea216a4622452ed0ee8de193e0f20ea3f896860dd2a56b8cf2a0a6	canonical
canonical_publication/results/supplement/publication-20260817/admixture/chloroplast/K7.replicate_9.Q.tsv	17388	8b84f252d2ed95845bc9d09259a5a329b8a8db03f5ea3f609c07ec599369b805	canonical
canonical_publication/results/supplement/publication-20260817/admixture/chloroplast/K8.replicate_1.Q.tsv	19872	577bcdf92ebf3edcbd73a422b2bc78e11d01f43b49194359f3afbc7308084a1b	canonical
canonical_publication/results/supplement/publication-20260817/admixture/chloroplast/K8.replicate_10.Q.tsv	19872	78c8659982ac33691ac3820b5ad4f97c6b0b2b9b6f19a2215c8f56843b0894bf	canonical
canonical_publication/results/supplement/publication-20260817/admixture/chloroplast/K8.replicate_2.Q.tsv	19872	fdf0a7e4985fc36635e6ba6634fb947fa722327c8b9712b0f7fb1194c0808ef9	canonical
canonical_publication/results/supplement/publication-20260817/admixture/chloroplast/K8.replicate_3.Q.tsv	19872	482291744298a10b16013309f33ad3fef0518c2296ff8e09a9f1f27577b5c34f	canonical
canonical_publication/results/supplement/publication-20260817/admixture/chloroplast/K8.replicate_4.Q.tsv	19872	cb23cd4dd69bf1600b6fa12ab3c1fefa7f27ef49ba1aea8459ac1d1138861498	canonical
canonical_publication/results/supplement/publication-20260817/admixture/chloroplast/K8.replicate_5.Q.tsv	19872	aea473dd9274a775f9ed3dd3121dec748060324ff2bb026b162386ade2e5824e	canonical
canonical_publication/results/supplement/publication-20260817/admixture/chloroplast/K8.replicate_6.Q.tsv	19872	791a8aa8c567145b5d9135fc9d464ddb13e2c3716a0aa60aa8a1952909c0bd6e	canonical
canonical_publication/results/supplement/publication-20260817/admixture/chloroplast/K8.replicate_7.Q.tsv	19872	a4a707488b10f6974d9bf1b147f5b6f4ecb4a2fa6b0f4b33b0329f48bfc3f79f	canonical
canonical_publication/results/supplement/publication-20260817/admixture/chloroplast/K8.replicate_8.Q.tsv	19872	a47831f96be8ceea4cc32390b16d082fa71c72d4c87d36bd144047a925d39b56	canonical
canonical_publication/results/supplement/publication-20260817/admixture/chloroplast/K8.replicate_9.Q.tsv	19872	729cd9bd168ad49eb96355c17f734513c1be0fb3c152c26af00107b071e08ec1	canonical
canonical_publication/results/supplement/publication-20260817/admixture/chloroplast/K9.replicate_1.Q.tsv	22356	6802c7df1c6e10ae10b14b70fed5ce6656a475322443c74c62c2b2ed9fe1bd0f	canonical
canonical_publication/results/supplement/publication-20260817/admixture/chloroplast/K9.replicate_10.Q.tsv	22356	0da41cd0bc982b8a23e5d471aff183261e0ed7d5ad4c5c2e6a037c0457d61e1f	canonical
canonical_publication/results/supplement/publication-20260817/admixture/chloroplast/K9.replicate_2.Q.tsv	22356	90b3f7b85d9f38c198bda8c3b7f91920ae50598f1b2056d596fe12b3beee138d	canonical
canonical_publication/results/supplement/publication-20260817/admixture/chloroplast/K9.replicate_3.Q.tsv	22356	ec1f1f17a0c8112dea345c2e42d330522d8ee13c7827801338aada569b6aebbf	canonical
canonical_publication/results/supplement/publication-20260817/admixture/chloroplast/K9.replicate_4.Q.tsv	22356	85ea8591233618a870a0741c8934099002e1ae286d7cfcc812f6a1c8caecb15e	canonical
canonical_publication/results/supplement/publication-20260817/admixture/chloroplast/K9.replicate_5.Q.tsv	22356	3a564b3fb9c4c8afff847475914dee2314c8fd8eac00535aa2bde8739e753920	canonical
canonical_publication/results/supplement/publication-20260817/admixture/chloroplast/K9.replicate_6.Q.tsv	22356	202cd61fa29c9393bcc8dd7f7f882bcf3fecc27e9185425f3b1a4fd1a0380135	canonical
canonical_publication/results/supplement/publication-20260817/admixture/chloroplast/K9.replicate_7.Q.tsv	22356	2067b9bed33a9f382c5079f5aea1c172047e119b3e7d474c5ad6ff8cb5b4e5f5	canonical
canonical_publication/results/supplement/publication-20260817/admixture/chloroplast/K9.replicate_8.Q.tsv	22356	67cccff31caba97742998ae78367be90a54b8e02dc4da75ae96fcdbf94ef0a24	canonical
canonical_publication/results/supplement/publication-20260817/admixture/chloroplast/K9.replicate_9.Q.tsv	22356	2aad54aa85b58abe0896d184bd7b7186d00a640acd5af4eb334e24eb53fd332c	canonical
canonical_publication/results/supplement/publication-20260817/admixture/chloroplast/k_summary.tsv	247	771d7caeba0f566db7edfa64404028a0a3dc94ceb3f44853f7ecbadcfafd3068	canonical
canonical_publication/results/supplement/publication-20260817/admixture/chloroplast/replicate_cv.tsv	16437	fe1638deff80d3de76c46a8256ba01d2fa7d9c4989c0fae1073a8411801c8472	canonical
canonical_publication/results/supplement/publication-20260817/admixture/chloroplast/sample_order.tsv	6169	439aac0dc1a04eb332e0a5c027849d82be3d8be958a26ec732476fe3dd866662	canonical
canonical_publication/results/supplement/publication-20260817/admixture/chloroplast/selected_K12.best_cv.Q.tsv	29808	f84c8cb47ce635621b304f0411e2334b4b05c460d020c2fc8a7f413fe329a94c	canonical
canonical_publication/results/supplement/publication-20260817/admixture/chloroplast/selected_solution.tsv	194	f8add9ed1fe6d37983404d9905871c90fa27415d9897a0a5d808cbe2aacba215	canonical
canonical_publication/results/supplement/publication-20260817/admixture/mitochondria/INTERPRETATION_LIMITATIONS.md	386	09e00fdcf55cca2f1d42b766a19ace65900f45ac97156608118723d2dcc9dfba	canonical
canonical_publication/results/supplement/publication-20260817/admixture/mitochondria/K1.replicate_1.Q.tsv	2439	e18c2a450f73ac4bdd87ce4945bb0ab3c89752d88c149b7bab595bc6baad1c8f	canonical
canonical_publication/results/supplement/publication-20260817/admixture/mitochondria/K1.replicate_10.Q.tsv	2439	e18c2a450f73ac4bdd87ce4945bb0ab3c89752d88c149b7bab595bc6baad1c8f	canonical
canonical_publication/results/supplement/publication-20260817/admixture/mitochondria/K1.replicate_2.Q.tsv	2439	e18c2a450f73ac4bdd87ce4945bb0ab3c89752d88c149b7bab595bc6baad1c8f	canonical
canonical_publication/results/supplement/publication-20260817/admixture/mitochondria/K1.replicate_3.Q.tsv	2439	e18c2a450f73ac4bdd87ce4945bb0ab3c89752d88c149b7bab595bc6baad1c8f	canonical
canonical_publication/results/supplement/publication-20260817/admixture/mitochondria/K1.replicate_4.Q.tsv	2439	e18c2a450f73ac4bdd87ce4945bb0ab3c89752d88c149b7bab595bc6baad1c8f	canonical
canonical_publication/results/supplement/publication-20260817/admixture/mitochondria/K1.replicate_5.Q.tsv	2439	e18c2a450f73ac4bdd87ce4945bb0ab3c89752d88c149b7bab595bc6baad1c8f	canonical
canonical_publication/results/supplement/publication-20260817/admixture/mitochondria/K1.replicate_6.Q.tsv	2439	e18c2a450f73ac4bdd87ce4945bb0ab3c89752d88c149b7bab595bc6baad1c8f	canonical
canonical_publication/results/supplement/publication-20260817/admixture/mitochondria/K1.replicate_7.Q.tsv	2439	e18c2a450f73ac4bdd87ce4945bb0ab3c89752d88c149b7bab595bc6baad1c8f	canonical
canonical_publication/results/supplement/publication-20260817/admixture/mitochondria/K1.replicate_8.Q.tsv	2439	e18c2a450f73ac4bdd87ce4945bb0ab3c89752d88c149b7bab595bc6baad1c8f	canonical
canonical_publication/results/supplement/publication-20260817/admixture/mitochondria/K1.replicate_9.Q.tsv	2439	e18c2a450f73ac4bdd87ce4945bb0ab3c89752d88c149b7bab595bc6baad1c8f	canonical
canonical_publication/results/supplement/publication-20260817/admixture/mitochondria/K10.replicate_1.Q.tsv	24390	71a3faaefdaee5e3f11cdd087844d8c05a3d65daecb3ac97560c322045a1233d	canonical
canonical_publication/results/supplement/publication-20260817/admixture/mitochondria/K10.replicate_10.Q.tsv	24390	8d58b9323ba55c0b1df6f85e9f0c6af44e27e681c762aa083b0121533b4a6f43	canonical
canonical_publication/results/supplement/publication-20260817/admixture/mitochondria/K10.replicate_2.Q.tsv	24390	a6d4415abef453537e8046135f8a93d994b0c2f2bd703ed5e631e4956a0e0a40	canonical
canonical_publication/results/supplement/publication-20260817/admixture/mitochondria/K10.replicate_3.Q.tsv	24390	9552ee6c4ff257dedcd4b02144b29027790812ee534d92a0b54838a56a2f4bf8	canonical
canonical_publication/results/supplement/publication-20260817/admixture/mitochondria/K10.replicate_4.Q.tsv	24390	51c6f742d2f0ba67ebb7783546c64d067deb05729f4ce7ef90fbb00d7c239905	canonical
canonical_publication/results/supplement/publication-20260817/admixture/mitochondria/K10.replicate_5.Q.tsv	24390	e9ad20069b6178ee7e44ae451a954a8b0b96540f4fbafb763e84fafa48c8d967	canonical
canonical_publication/results/supplement/publication-20260817/admixture/mitochondria/K10.replicate_6.Q.tsv	24390	dc2a49f547bbf19546ac5109c27afa1974467447e91aacc80c051068c61dfbd4	canonical
canonical_publication/results/supplement/publication-20260817/admixture/mitochondria/K10.replicate_7.Q.tsv	24390	b2fa83ad9329537246f167c96269b318aeaf3587f6201de3d0650d9d3227a591	canonical
canonical_publication/results/supplement/publication-20260817/admixture/mitochondria/K10.replicate_8.Q.tsv	24390	3652d40377a10a94d07b0491d0294482523ece63a5fa5b1d4542ec671d3b417b	canonical
canonical_publication/results/supplement/publication-20260817/admixture/mitochondria/K10.replicate_9.Q.tsv	24390	1aa9597f7c5bba7979f042d3d8994e9292721f85b5cc1c3863e0aa351be39ea3	canonical
canonical_publication/results/supplement/publication-20260817/admixture/mitochondria/K11.replicate_1.Q.tsv	26829	c441e98c923bae2a44af82174e923802a9854863cb8a1e8a4f2d418dc251cb4f	canonical
canonical_publication/results/supplement/publication-20260817/admixture/mitochondria/K11.replicate_10.Q.tsv	26829	f1073d5c201a71d3b6c08d256ee9ed2351c426ef8a33f091b0739d730aaf39da	canonical
canonical_publication/results/supplement/publication-20260817/admixture/mitochondria/K11.replicate_2.Q.tsv	26829	7c8c5aefbc7071237c2734087b35c7b286b3f2e6c087cd1b20462c25eb00d5c8	canonical
canonical_publication/results/supplement/publication-20260817/admixture/mitochondria/K11.replicate_3.Q.tsv	26829	aadce8049bd575db44ec6b6e278ade473066a4ebab32e0d2958dd6064d407abf	canonical
canonical_publication/results/supplement/publication-20260817/admixture/mitochondria/K11.replicate_4.Q.tsv	26829	9cce67ed409467ec8791422364c52749d0bac7b11ea72463a62b50351bee72b2	canonical
canonical_publication/results/supplement/publication-20260817/admixture/mitochondria/K11.replicate_5.Q.tsv	26829	9a8214fc395280f212e88979d460de6814a9f9586841f866abe66c12633e3a99	canonical
canonical_publication/results/supplement/publication-20260817/admixture/mitochondria/K11.replicate_6.Q.tsv	26829	92f353309edd6f8122748a031aec4b620d09a684371c8325cba6106cada71f0a	canonical
canonical_publication/results/supplement/publication-20260817/admixture/mitochondria/K11.replicate_7.Q.tsv	26829	6bb218e68f068804526a6e957a7affa046c6a1996f9c00b121b06f84e2e44ad5	canonical
canonical_publication/results/supplement/publication-20260817/admixture/mitochondria/K11.replicate_8.Q.tsv	26829	a5d1bdbd7b21b1bfc02c68f0c939c0dfc312e617f7008bc684f35940b978d44b	canonical
canonical_publication/results/supplement/publication-20260817/admixture/mitochondria/K11.replicate_9.Q.tsv	26829	905cc10c099737f0ebf51359ed398da8ddff7df86287e675ee7ccc1c7889d591	canonical
canonical_publication/results/supplement/publication-20260817/admixture/mitochondria/K12.replicate_1.Q.tsv	29268	6adacfec65111b3eb71454983bab1fb67d941a3e03ab2740d58e09edc6eae822	canonical
canonical_publication/results/supplement/publication-20260817/admixture/mitochondria/K12.replicate_10.Q.tsv	29268	7b1f2d988d3692b580df07e8a7699007b4163f5bcc9e91cd60e319491dd20f5a	canonical
canonical_publication/results/supplement/publication-20260817/admixture/mitochondria/K12.replicate_2.Q.tsv	29268	9eeed3650cfe363eca5bc49ad49da07608e4fbe96826d125553c182c0e5d6068	canonical
canonical_publication/results/supplement/publication-20260817/admixture/mitochondria/K12.replicate_3.Q.tsv	29268	f2e763a8f7f2ce162091bf8fe2607559ce29c47143941f2f4bf6f8a68480274c	canonical
canonical_publication/results/supplement/publication-20260817/admixture/mitochondria/K12.replicate_4.Q.tsv	29268	87dcd1f1af0fa4e912aecc6e29cda603ea0de0badc600392689f9e76a2c6bc46	canonical
canonical_publication/results/supplement/publication-20260817/admixture/mitochondria/K12.replicate_5.Q.tsv	29268	4b579f98f6d5e1c96c203c0f0be99a3cc7185aaafd3c301c0136fe488ef5460a	canonical
canonical_publication/results/supplement/publication-20260817/admixture/mitochondria/K12.replicate_6.Q.tsv	29268	a18690ad7696923f01d99c48a736e8517e2e46c8994c38782381e6b7b76b60ea	canonical
canonical_publication/results/supplement/publication-20260817/admixture/mitochondria/K12.replicate_7.Q.tsv	29268	bc7dee6b16136e7f6cdc53f43b42b0a5e474e931e6dea22eefce2852e07a2187	canonical
canonical_publication/results/supplement/publication-20260817/admixture/mitochondria/K12.replicate_8.Q.tsv	29268	99b0b1d603b6f0558d19d1342a7306f408c162035d6f7e9f4a2f18d65c639d31	canonical
canonical_publication/results/supplement/publication-20260817/admixture/mitochondria/K12.replicate_9.Q.tsv	29268	dd238562924945870552c4fa5e194d821c79fb6d0b8d2b1e0c8afa7f2fc19535	canonical
canonical_publication/results/supplement/publication-20260817/admixture/mitochondria/K2.replicate_1.Q.tsv	4878	b8cf8407fecbbd8dd1a131cf46bbe12cec1c62a8f96a1e322125fc528ad675b8	canonical
canonical_publication/results/supplement/publication-20260817/admixture/mitochondria/K2.replicate_10.Q.tsv	4878	b8cf8407fecbbd8dd1a131cf46bbe12cec1c62a8f96a1e322125fc528ad675b8	canonical
canonical_publication/results/supplement/publication-20260817/admixture/mitochondria/K2.replicate_2.Q.tsv	4878	b8cf8407fecbbd8dd1a131cf46bbe12cec1c62a8f96a1e322125fc528ad675b8	canonical
canonical_publication/results/supplement/publication-20260817/admixture/mitochondria/K2.replicate_3.Q.tsv	4878	b8cf8407fecbbd8dd1a131cf46bbe12cec1c62a8f96a1e322125fc528ad675b8	canonical
canonical_publication/results/supplement/publication-20260817/admixture/mitochondria/K2.replicate_4.Q.tsv	4878	5a33d9714b06099772af918c714ef08a17ff62e9d1fcb2f4c94dde6a8391e03d	canonical
canonical_publication/results/supplement/publication-20260817/admixture/mitochondria/K2.replicate_5.Q.tsv	4878	5a33d9714b06099772af918c714ef08a17ff62e9d1fcb2f4c94dde6a8391e03d	canonical
canonical_publication/results/supplement/publication-20260817/admixture/mitochondria/K2.replicate_6.Q.tsv	4878	b8cf8407fecbbd8dd1a131cf46bbe12cec1c62a8f96a1e322125fc528ad675b8	canonical
canonical_publication/results/supplement/publication-20260817/admixture/mitochondria/K2.replicate_7.Q.tsv	4878	b8cf8407fecbbd8dd1a131cf46bbe12cec1c62a8f96a1e322125fc528ad675b8	canonical
canonical_publication/results/supplement/publication-20260817/admixture/mitochondria/K2.replicate_8.Q.tsv	4878	b8cf8407fecbbd8dd1a131cf46bbe12cec1c62a8f96a1e322125fc528ad675b8	canonical
canonical_publication/results/supplement/publication-20260817/admixture/mitochondria/K2.replicate_9.Q.tsv	4878	b8cf8407fecbbd8dd1a131cf46bbe12cec1c62a8f96a1e322125fc528ad675b8	canonical
canonical_publication/results/supplement/publication-20260817/admixture/mitochondria/K3.replicate_1.Q.tsv	7317	5b3a50a77563a2e06aa0f4722d99ead0ac7674dde10c6eeff9b2fb8c63255dc3	canonical
canonical_publication/results/supplement/publication-20260817/admixture/mitochondria/K3.replicate_10.Q.tsv	7317	34fbb996ec9edb8f97a21aa273b170a0bc9d74e1b1168097f5b0400efcdfd655	canonical
canonical_publication/results/supplement/publication-20260817/admixture/mitochondria/K3.replicate_2.Q.tsv	7317	67fd2a8b5aeb7644d4ba9e64cbae36f26ac2e67cf1f074d239906f2bff597257	canonical
canonical_publication/results/supplement/publication-20260817/admixture/mitochondria/K3.replicate_3.Q.tsv	7317	93d7fca98f6f74682ebf13ed9edcfcf5497629d14681ff383c5b14fc2f9739e5	canonical
canonical_publication/results/supplement/publication-20260817/admixture/mitochondria/K3.replicate_4.Q.tsv	7317	920534db0f3199736198fabe2188321d26dfd69309ff709757f9ca68db2f2e4c	canonical
canonical_publication/results/supplement/publication-20260817/admixture/mitochondria/K3.replicate_5.Q.tsv	7317	71306c7e78a15e95861417b26545b4262353cc0ed143f43584cf9afb267d7a9c	canonical
canonical_publication/results/supplement/publication-20260817/admixture/mitochondria/K3.replicate_6.Q.tsv	7317	33c46eb55271ff770a82cc4114fa6bb00ae40c69ef0f621f28a890f46550e7e1	canonical
canonical_publication/results/supplement/publication-20260817/admixture/mitochondria/K3.replicate_7.Q.tsv	7317	3d858f1340bedbf60d0fc6384f7322662f1848f31754010995034133793cafbd	canonical
canonical_publication/results/supplement/publication-20260817/admixture/mitochondria/K3.replicate_8.Q.tsv	7317	d97fbb2890047ae923a4fd399659ab05df8ed90e364b55b62a8be23399402610	canonical
canonical_publication/results/supplement/publication-20260817/admixture/mitochondria/K3.replicate_9.Q.tsv	7317	eb1284ea4e5fd771b6b8787bc055b42d00548b0dac9d039571b9ead82503662d	canonical
canonical_publication/results/supplement/publication-20260817/admixture/mitochondria/K4.replicate_1.Q.tsv	9756	7e3fbc8abde8b1c11aec5c7d2726632b01c13c8e38a23f6eed08f82d5702d092	canonical
canonical_publication/results/supplement/publication-20260817/admixture/mitochondria/K4.replicate_10.Q.tsv	9756	e8172f0993f4c5b6b632255c7f8ce7c5f0f4c8585882666531248e6353c6a8a8	canonical
canonical_publication/results/supplement/publication-20260817/admixture/mitochondria/K4.replicate_2.Q.tsv	9756	da7063381e9840d245a7812f3692166cc68e6ee77fff6fa721bc52f932d1798c	canonical
canonical_publication/results/supplement/publication-20260817/admixture/mitochondria/K4.replicate_3.Q.tsv	9756	ee575d0dc03f7ac3f927f73ef2f3925c166e40abd741c6f3fee2990fd9b36039	canonical
canonical_publication/results/supplement/publication-20260817/admixture/mitochondria/K4.replicate_4.Q.tsv	9756	dd4474dd181679227de0a4a340c15829f9e1f4cff9293ca1375bfb712872ef00	canonical
canonical_publication/results/supplement/publication-20260817/admixture/mitochondria/K4.replicate_5.Q.tsv	9756	fac0c67d6efb81b60eedfb30be23272721fb51941f93d6a84ca1212cf75be95f	canonical
canonical_publication/results/supplement/publication-20260817/admixture/mitochondria/K4.replicate_6.Q.tsv	9756	42a538cea737f89d52e1aedda3cf5fba81cf8457912e3600cc169f813f6a76b6	canonical
canonical_publication/results/supplement/publication-20260817/admixture/mitochondria/K4.replicate_7.Q.tsv	9756	66f59a6cf733cfb26fcea2e595aaed10ab910b181c408e06565e8449121cb211	canonical
canonical_publication/results/supplement/publication-20260817/admixture/mitochondria/K4.replicate_8.Q.tsv	9756	6686941b3b4c94258bfe79b51818ff54c10280196ac079ce8cb30e5689085067	canonical
canonical_publication/results/supplement/publication-20260817/admixture/mitochondria/K4.replicate_9.Q.tsv	9756	e2a845c9d29c7194472ac6da280b2bc901c64c95edbb4d52cd5b13635191c506	canonical
canonical_publication/results/supplement/publication-20260817/admixture/mitochondria/K5.replicate_1.Q.tsv	12195	4c6afc9c415a69c01b8e422b62166f6c85cfac7c292bd98924fd48479bda21d2	canonical
canonical_publication/results/supplement/publication-20260817/admixture/mitochondria/K5.replicate_10.Q.tsv	12195	b0b3e90244b51b8eaac2fc465b9fe3bd57470b35f8c6122d7daf6b9c31074538	canonical
canonical_publication/results/supplement/publication-20260817/admixture/mitochondria/K5.replicate_2.Q.tsv	12195	4bc36410a1f91d5fde5aa077870baf03b0c66ee1155e05dac9525b64eb9e00d6	canonical
canonical_publication/results/supplement/publication-20260817/admixture/mitochondria/K5.replicate_3.Q.tsv	12195	8ef4b7a85687c122b4950e13c468080bd31041a2e0ed0fa25cbdad6a8712b4df	canonical
canonical_publication/results/supplement/publication-20260817/admixture/mitochondria/K5.replicate_4.Q.tsv	12195	076b6113f3affab86e161204c2da18c6a0a5fcd4b04fb2f2d67ff3577383d2e2	canonical
canonical_publication/results/supplement/publication-20260817/admixture/mitochondria/K5.replicate_5.Q.tsv	12195	4ee85235dbeca1e06395f7217f494e12e9086813c46883f879246fd485a8bcae	canonical
canonical_publication/results/supplement/publication-20260817/admixture/mitochondria/K5.replicate_6.Q.tsv	12195	8d9f2ca853f8b7143c875ba8452719e2e5370fbf1e6cacc666943ab36ced0849	canonical
canonical_publication/results/supplement/publication-20260817/admixture/mitochondria/K5.replicate_7.Q.tsv	12195	f4c33b75cff8eb6c13cc68db7de4f98f8e1ff6a3747558c158b44cf89fb95dec	canonical
canonical_publication/results/supplement/publication-20260817/admixture/mitochondria/K5.replicate_8.Q.tsv	12195	79a4b3d65f804b30136da6440adc23ccee23922ac7b4cc449caaa0bb2254c37f	canonical
canonical_publication/results/supplement/publication-20260817/admixture/mitochondria/K5.replicate_9.Q.tsv	12195	0ca260fe52893cded5590c182b95fa9876459a815f713439d3c1c794baaf7022	canonical
canonical_publication/results/supplement/publication-20260817/admixture/mitochondria/K6.replicate_1.Q.tsv	14634	edc7a4631401484890170722e6774f3faad5f89d8e5c357730cf79a9ea62f7e6	canonical
canonical_publication/results/supplement/publication-20260817/admixture/mitochondria/K6.replicate_10.Q.tsv	14634	a7d960d9de686f71a41f58d4c28693fb085fe0a45a421f605711d90746b38bb8	canonical
canonical_publication/results/supplement/publication-20260817/admixture/mitochondria/K6.replicate_2.Q.tsv	14634	25b1475783fd65a33bce355e9fab1f6092f8c873b472a63536cced15df293430	canonical
canonical_publication/results/supplement/publication-20260817/admixture/mitochondria/K6.replicate_3.Q.tsv	14634	8a88439e1fb38af5d320c915461c68d03b74ce3368972d616bd0aab6f6051af0	canonical
canonical_publication/results/supplement/publication-20260817/admixture/mitochondria/K6.replicate_4.Q.tsv	14634	5f0cd579ab14668d67318b04e12eb043938a7d78b8df7f6bf8487ccebdc73c3d	canonical
canonical_publication/results/supplement/publication-20260817/admixture/mitochondria/K6.replicate_5.Q.tsv	14634	da6e9294f1b36e7f4dce93ffcd579b660d0d4f9fb75996541c2e5a0d82afe393	canonical
canonical_publication/results/supplement/publication-20260817/admixture/mitochondria/K6.replicate_6.Q.tsv	14634	d52282f71f16b84113ff08b45b5708108b3d8657febc775821a43adfb300751e	canonical
canonical_publication/results/supplement/publication-20260817/admixture/mitochondria/K6.replicate_7.Q.tsv	14634	e61d02f309f0844dd003972833f90923158921391fa5449e891638ef6e91a3d7	canonical
canonical_publication/results/supplement/publication-20260817/admixture/mitochondria/K6.replicate_8.Q.tsv	14634	67d7dbb64fbb3a42774e7051c4771aa0cf3c0f1efa5c6bb62daf6671be733336	canonical
canonical_publication/results/supplement/publication-20260817/admixture/mitochondria/K6.replicate_9.Q.tsv	14634	ab1ffd8d0022fd4408f75dc15d4012ed1fd0ccedf1305e91863d475f9fa5359d	canonical
canonical_publication/results/supplement/publication-20260817/admixture/mitochondria/K7.replicate_1.Q.tsv	17073	149ac99fdcfc6f502b1a997c948fcbbf0228c8ccb16b1cdead4ff69772e042d2	canonical
canonical_publication/results/supplement/publication-20260817/admixture/mitochondria/K7.replicate_10.Q.tsv	17073	488c7da2d010c352a01562043bf37c3c4895d4f7c545d961fa19c6b48f0b72c6	canonical
canonical_publication/results/supplement/publication-20260817/admixture/mitochondria/K7.replicate_2.Q.tsv	17073	8f654269a48b993b34b99c7e290e3053b17a05f996016986f8308da1179015fc	canonical
canonical_publication/results/supplement/publication-20260817/admixture/mitochondria/K7.replicate_3.Q.tsv	17073	6b99b3fa312a07929aa92beea3417994e6bb44d33b94f7e6930bac4a1cf2f2a6	canonical
canonical_publication/results/supplement/publication-20260817/admixture/mitochondria/K7.replicate_4.Q.tsv	17073	3c9d3c68ab57c11fb32e761a7a9ab733ea9b8592e55ad6d1bc4d498f29554e3f	canonical
canonical_publication/results/supplement/publication-20260817/admixture/mitochondria/K7.replicate_5.Q.tsv	17073	ea3a60cc2ac38e21923cd3529534a17ac14ad763c027e3130480591e54b3208d	canonical
canonical_publication/results/supplement/publication-20260817/admixture/mitochondria/K7.replicate_6.Q.tsv	17073	f43b77c074df5a7b98ac8d861f3f5f7f5c006a6d12d8bdc34dff83b967c29a52	canonical
canonical_publication/results/supplement/publication-20260817/admixture/mitochondria/K7.replicate_7.Q.tsv	17073	9da7d8239ce89e83ded8d565e35c08856490b3735a95bcc0d4db755874ff26e9	canonical
canonical_publication/results/supplement/publication-20260817/admixture/mitochondria/K7.replicate_8.Q.tsv	17073	ef778bb54df0a1b76af0a28596a76e71a90a11fdab7eebf8d878ac8a91ec0ddf	canonical
canonical_publication/results/supplement/publication-20260817/admixture/mitochondria/K7.replicate_9.Q.tsv	17073	c8ce0d2b7f8d5d9c31822f5f0311e5f5a022e1b6da9d922bdf601218d7369e07	canonical
canonical_publication/results/supplement/publication-20260817/admixture/mitochondria/K8.replicate_1.Q.tsv	19512	2e6b5402fd1a44131d557607f01416159563ae99c5c48b6d689d41e4aaaa5340	canonical
canonical_publication/results/supplement/publication-20260817/admixture/mitochondria/K8.replicate_10.Q.tsv	19512	3295b5c4482e9ac43e4486f2a3b104c9bdd6a1889dae5f80db7a885d2184caf9	canonical
canonical_publication/results/supplement/publication-20260817/admixture/mitochondria/K8.replicate_2.Q.tsv	19512	1338632767d98b410e54d3eb781a7bdddc3f8511cbbaf396d4ad2377286d46e8	canonical
canonical_publication/results/supplement/publication-20260817/admixture/mitochondria/K8.replicate_3.Q.tsv	19512	93f9c1295179c30a16adeb3424874858f1d817daac3b462cc1a3df5257aadad9	canonical
canonical_publication/results/supplement/publication-20260817/admixture/mitochondria/K8.replicate_4.Q.tsv	19512	84bbd2b3631c065fbc46193de58a25a610831d522e617e72d63673255483233a	canonical
canonical_publication/results/supplement/publication-20260817/admixture/mitochondria/K8.replicate_5.Q.tsv	19512	36f9baa87540f1879640e14e26933bc1fde2bb3fbcaa07ab8abb8c6c8df30aba	canonical
canonical_publication/results/supplement/publication-20260817/admixture/mitochondria/K8.replicate_6.Q.tsv	19512	8c02627b28b6e258df35d9b8810248e3f4bec373e50fcf71d379b33115695f6a	canonical
canonical_publication/results/supplement/publication-20260817/admixture/mitochondria/K8.replicate_7.Q.tsv	19512	b94e949139195bf44703b982bcf6815a0d8f210899b0afc20ff85125c71f1786	canonical
canonical_publication/results/supplement/publication-20260817/admixture/mitochondria/K8.replicate_8.Q.tsv	19512	872775b33336db33690f9246861c580f18e9bf22e8fd73b7249d50da82f2ebf1	canonical
canonical_publication/results/supplement/publication-20260817/admixture/mitochondria/K8.replicate_9.Q.tsv	19512	79f012a305c56d311d943899f729329dd5a1ff9e3a7b378fb42ba1e79d474376	canonical
canonical_publication/results/supplement/publication-20260817/admixture/mitochondria/K9.replicate_1.Q.tsv	21951	91e8fc903a9f4e7b3492d6a21ab464ed021f0eed94fabb6004861590468d2437	canonical
canonical_publication/results/supplement/publication-20260817/admixture/mitochondria/K9.replicate_10.Q.tsv	21951	e340f3fcf47359b59431d4e25724bbc5bdfc17d426251be850be9583f80f89cd	canonical
canonical_publication/results/supplement/publication-20260817/admixture/mitochondria/K9.replicate_2.Q.tsv	21951	cc2f57de89eccea384a55102a9767311898de10bd502a61c3dccddba78833601	canonical
canonical_publication/results/supplement/publication-20260817/admixture/mitochondria/K9.replicate_3.Q.tsv	21951	a4a4681a79be9c08b18a019736ddf28a4e5e46ea271085717f372a6130e4af73	canonical
canonical_publication/results/supplement/publication-20260817/admixture/mitochondria/K9.replicate_4.Q.tsv	21951	032a0ee4fbf3d37e68a23c1cd2afa51cc1769cf700416c191926d7440a20bc77	canonical
canonical_publication/results/supplement/publication-20260817/admixture/mitochondria/K9.replicate_5.Q.tsv	21951	6ede5b67b3943f917eaba047ca547c71d8678a0c9eaecd4b3427ca6204db11a0	canonical
canonical_publication/results/supplement/publication-20260817/admixture/mitochondria/K9.replicate_6.Q.tsv	21951	15952aeeae3b5c96402217a0ef1425c666af24e716525d73160774de36abddc1	canonical
canonical_publication/results/supplement/publication-20260817/admixture/mitochondria/K9.replicate_7.Q.tsv	21951	86c310c255e9b0e0471bffd6ef989c941d021dbdb9b99da76c177c11b756f2b0	canonical
canonical_publication/results/supplement/publication-20260817/admixture/mitochondria/K9.replicate_8.Q.tsv	21951	30d7ad1ddcfcf83b50d3c0d45b65a9e0501ff7aef1c59379984a01a4354af512	canonical
canonical_publication/results/supplement/publication-20260817/admixture/mitochondria/K9.replicate_9.Q.tsv	21951	f97d583172566709aa6494dd2e3ab16685ca635868ff89a16ff07213e6bbe538	canonical
canonical_publication/results/supplement/publication-20260817/admixture/mitochondria/k_summary.tsv	248	47cacce006181ad96fb0aaca07403e0e2fc9b5bb6d4ebffcdf5f671e8ee007be	canonical
canonical_publication/results/supplement/publication-20260817/admixture/mitochondria/replicate_cv.tsv	16676	c4db20729678a3ef0d0cac8b89da60b07a1b7960803cc12590dd438771041656	canonical
canonical_publication/results/supplement/publication-20260817/admixture/mitochondria/sample_order.tsv	6048	6cad35edb787e9b12a5758c2c51aa2bc0b07d5843709b775dbc77fe068cfa34d	canonical
canonical_publication/results/supplement/publication-20260817/admixture/mitochondria/selected_K12.best_cv.Q.tsv	29268	99b0b1d603b6f0558d19d1342a7306f408c162035d6f7e9f4a2f18d65c639d31	canonical
canonical_publication/results/supplement/publication-20260817/admixture/mitochondria/selected_solution.tsv	195	7762c3c57c050bdbfb7dcf564a8443401eb022998290dab2f42bb72d504b8e2e	canonical
canonical_publication/results/supplement/publication-20260817/concatenated.partitioned.best_model.nex	439	cd9eece33022ea6fd2c966c9cfaa5a24415ee58fc6317cb531e1ace15865a5f7	canonical
canonical_publication/results/supplement/publication-20260817/concatenated.partitioned.best_scheme	64	dbecac1df26e5512255f9c3fcc4bad64b3a27aae10150dbfeeb2cf677b107f5a	canonical
canonical_publication/results/supplement/publication-20260817/concatenated.partitioned.best_scheme.nex	183	dbc3fa43b764d6e484150a99f201b31c0fdac5a7824c9d27fb0fda129b0b8db1	canonical
canonical_publication/results/supplement/publication-20260817/concatenated.partitioned.bionj	11070	5b5c1a8d82c10f5c6e6264b778726a483fb35e048a07fd7d656b6518695641de	canonical
canonical_publication/results/supplement/publication-20260817/concatenated.partitioned.contree	13198	34bf181ed74d16316dcc5256ab2ff6854505ba1b0f3819829892cecac7ab280b	canonical
canonical_publication/results/supplement/publication-20260817/concatenated.partitioned.iqtree	122705	5991cee99d7829c26ccacdcfcb8827f5a7e0d3fae79159e898376f4a46887c4e	canonical
canonical_publication/results/supplement/publication-20260817/concatenated.partitioned.log	27332	607ba1730fce436dce5282bdb2fa684b358b165c916486eab3656a93e583ca4a	canonical
canonical_publication/results/supplement/publication-20260817/concatenated.partitioned.mldist	741189	ab05cd2de84cc9243202dda5225c31b185274d2a68df832af1a91afbdfe7d137	canonical
canonical_publication/results/supplement/publication-20260817/concatenated.partitioned.model.gz	22176	0c7ca4db85169ccb62f92831748ad8263bb0b8cfc15025b6b35fa22d7f19c291	canonical
canonical_publication/results/supplement/publication-20260817/concatenated.partitioned.splits.nex	110751	28477ea7264332c053a65fb6613c0c5001bfc830692adfb417996a5b0bcabe1c	canonical
canonical_publication/results/supplement/publication-20260817/concatenated.partitioned.treefile	14133	8871fc55c2a37ca272b9b21c7e4fe0c6569af9293fe38d2582867dc5f25b9bb7	canonical
canonical_publication/results/supplement/publication-20260817/concatenated_site_contribution.tsv	564	d4481a1a54e620e95a073d640b5b63f3947e98dbb732002191bf37116e6e0a89	canonical
canonical_publication/results/supplement/publication-20260817/pairwise_distances/chloroplast.sample_pairwise_callable_sites.tsv	542436	252e94eaa0b13d059ef0c83e1b022d532ba20047dceecdbbc37462ae9f289a97	canonical
canonical_publication/results/supplement/publication-20260817/pairwise_distances/chloroplast.sample_pairwise_differences.tsv	294428	5090cf1ecdbd206fddc2e21254411662b58399b5373cf46df48ab9235bd7761d	canonical
canonical_publication/results/supplement/publication-20260817/pairwise_distances/chloroplast.sample_pairwise_distances.tsv	2920775	679d9ff6851feea37ae6d58c254441ac5faf43a0caa7600b3c6ccdf5e3326dee	canonical
canonical_publication/results/supplement/publication-20260817/pairwise_distances/mitochondria.sample_pairwise_callable_sites.tsv	450754	9e483864ad8819a8bee8f6e4917ec4fa82206f66102b1f2b9327016ef39525d5	canonical
canonical_publication/results/supplement/publication-20260817/pairwise_distances/mitochondria.sample_pairwise_differences.tsv	193060	752338441b0b73d29ea09f7c52e213032a172c8fe5d38f69fed441325718a535	canonical
canonical_publication/results/supplement/publication-20260817/pairwise_distances/mitochondria.sample_pairwise_distances.tsv	2781304	23d5fc93448e0dd9bf46b36e2eeaf78b8fe320728cabc1635c912e04a1c431fd	canonical
canonical_publication/results/supplement/publication-20260817/shared_partitioned_concatenated.fa	108013454	e3926bab8d6302688623bfd9e86b8275cafec179dc35cab5e47aa5f24704f65f	canonical
canonical_publication/results/supplement/publication-20260817/shared_partitioned_concatenated.nex	98	6963383c293d8dedc1a82e8a0b0be1c322e70997ccd8178fdb3fa130f605263f	canonical
canonical_publication/results/supplement/publication-20260817/strongly_supported_organelle_conflicts.tsv	143	20b881fd1bf101f21340e16c182fef7b3b5c5dae4ebcdf0583631099fa03d16b	canonical
canonical_publication/results/trees/.gitkeep	1	01ba4719c80b6fe911b091a7c05124b64eeece964e09c058ef8f9805daca546b	canonical
canonical_publication/results/trees/publication-20260817/chloroplast.primary.bionj	13436	7f72fd5479f8ebd767472ce37992baf3d497baa543a631d291cfc1797a45829e	canonical
canonical_publication/results/trees/publication-20260817/chloroplast.primary.contree	13456	e6ea1339289beae8f1fa2908a4e153a6dfbc0cd168aa587e10497039688db05c	canonical
canonical_publication/results/trees/publication-20260817/chloroplast.primary.iqtree	130269	fcae879a8f158eb3ef3b8900a52e9c891c9424ce8d1460c9d1779ef78099950b	canonical
canonical_publication/results/trees/publication-20260817/chloroplast.primary.log	29319	8f21de0ed98a09cc4b37c7a7e241bce3d6dae24ee2cbd31d055201782bd6c08c	canonical
canonical_publication/results/trees/publication-20260817/chloroplast.primary.mldist	844840	49b0d5ba654a341a95d1a478e775f595c1e22a3c685c2c7c3921384510931287	canonical
canonical_publication/results/trees/publication-20260817/chloroplast.primary.model.gz	10783	8db5ea467f1c8fb63a990aa436ef4fb1ce4e33f3e4ba965a491ebd89571a3463	canonical
canonical_publication/results/trees/publication-20260817/chloroplast.primary.splits.nex	113573	469c262634aa28267f08d34348a47dd726e82fb2da55f9e59e24c9b07ab06c53	canonical
canonical_publication/results/trees/publication-20260817/chloroplast.primary.treefile	14563	38d92ee9d4480189e9eb729329b359214a988c54af1ca4a1078953e6fe580b48	canonical
canonical_publication/results/trees/publication-20260817/fixed_seed_reproducibility.tsv	853	28403dcbbba28dbd16376d330082a93fcf9981ca7528b7e9ce2e24759f2cf681	canonical
canonical_publication/results/trees/publication-20260817/mitochondria.primary.bionj	11074	dbf63fcfac0dacdad3612f08d8c56e44a27af75d96899b9e6719f9e715c1e828	canonical
canonical_publication/results/trees/publication-20260817/mitochondria.primary.contree	13028	0ac8a16fa07ec890e6d7d670f5ee3e6e4a0c50eac750a45672ff91c13e427385	canonical
canonical_publication/results/trees/publication-20260817/mitochondria.primary.iqtree	115772	9288a1db62831f5f6af70c8b0a824994f5d0e92ecdbd9308817b6a5566c55d25	canonical
canonical_publication/results/trees/publication-20260817/mitochondria.primary.log	35158	b7efdb0b18698983953b6b4a121f1e31410bf04af4e69dc48a0075869dbf1f1a	canonical
canonical_publication/results/trees/publication-20260817/mitochondria.primary.mldist	582580	dfad994463a6ede44a90bbb1ecc01f672350671b882091f7d4084cf97ccaa13d	canonical
canonical_publication/results/trees/publication-20260817/mitochondria.primary.model.gz	5183	0693e98399dacfaf226dca24dc5f3fc8498b8119bd54d9cf3127a568512ab913	canonical
canonical_publication/results/trees/publication-20260817/mitochondria.primary.splits.nex	502132	c3ae1986839fa9a22dfd714e79786602350ecdfb05aa3250eacf693515161729	canonical
canonical_publication/results/trees/publication-20260817/mitochondria.primary.treefile	13606	5197a5e6dd5a8f94feb56ba07389be528439747563176d2be0d668d0ea436240	canonical
canonical_publication/results/trees/publication-20260817/mitochondria.primary.uniqueseq.phy	55734947	ad54d991cb0f1a71e8c082e9ce0adb9cddce9b9d6279b7f9e93e311b985fc19c	canonical
canonical_publication/results/trees/publication-20260817/rendered/chloroplast.primary.png	1839779	14814a47f8d46f046061fee222298d21dea0caa6fc1e62b2003173185a92aa43	canonical
canonical_publication/results/trees/publication-20260817/rendered/chloroplast.primary.svg	806383	010be70dbcab530815ced24511afbbf85f01f734795c73b14e65836947fd06e8	canonical
canonical_publication/results/trees/publication-20260817/rendered/mitochondria.primary.png	1806779	0d908677377d1032e939719a5bd34764d00f7551e6ae11006ac4affaef7825f5	canonical
canonical_publication/results/trees/publication-20260817/rendered/mitochondria.primary.svg	732970	3ed6ede8eb57c1f1ded1b24851f92552dbac0cc5ea1a99f35b0c7297c078d574	canonical
canonical_publication/results/variants/.gitkeep	1	01ba4719c80b6fe911b091a7c05124b64eeece964e09c058ef8f9805daca546b	canonical
canonical_publication/results/variants/publication-20260817/chloroplast.high_confidence_variant_sites.vcf.gz	2025231	072f9203b833a2a11e6d12bec6bd1f31bf18484dc5f8fabd1b1977363805a526	canonical
canonical_publication/results/variants/publication-20260817/chloroplast.mac2_ordination.vcf.gz	1825377	41f3562747aa5ab49ccefa939b28d35f7c0143aee37f7621e708757023c86e2d	canonical
canonical_publication/results/variants/publication-20260817/chloroplast.primary.vcf.gz	2013834	f47069ed6a2d529d6e87605d03a1c967cf161a57c77a6a646fb0fadf1ff343bb	canonical
canonical_publication/results/variants/publication-20260817/mitochondria.high_confidence_variant_sites.vcf.gz	137649	018a4f4f0c2107a0d43a2f38374623a98f792b6f518722cf45f7be433efe2ef3	canonical
canonical_publication/results/variants/publication-20260817/mitochondria.mac2_ordination.vcf.gz	108183	c42ca2992e31992888c4ae26e8883af461d15ecdf4a0bf7971457f5b6f1e4f25	canonical
canonical_publication/results/variants/publication-20260817/mitochondria.primary.vcf.gz	126811	9017f54a06680df8c15846eaf033bb3d53f106eea3c7aadca079ac17cbf2ee49	canonical
canonical_publication/run_pipeline.sh	409	09d104030f3818731f69c26ca5c359c91bcb5b6fe66656d2e0ed86edc1c5cee2	canonical
canonical_publication/validation_environment.yml	163	fe95eedc495b795cc6b299f6ac2c621b8ea5e811a0955af0062bed3302f7630b	canonical
