source_path	artifact_type	size_bytes	sha256	immutable
source_data/README.md	file	944	7998c907418f513643cc729c7b034630370c64d673f50410edab827ae14eb232	yes
source_data/raw_reads/genomicsDrive_data_dump/QB3.Berkeley.241122/QB3.Dudleya.Results.250118/DU-173_S73_L008_R1_001.fastq.gz	file	4816881301	13afe03b5f6396daf9ad1f1cbe595a89420fa1dccf5a8f3f1cc3ce5ae573f718	yes
source_data/raw_reads/genomicsDrive_data_dump/QB3.Berkeley.241122/QB3.Dudleya.Results.250118/DU-173_S73_L008_R2_001.fastq.gz	file	4808144208	6691824c08006317d598c5663e84ba1b11ea0247057ede92707e1742c3706ee0	yes
source_data/raw_reads/genomicsDrive_data_dump/QB3.Berkeley.241122/QB3.Dudleya.Results.250118/DU-229_S75_L008_R1_001.fastq.gz	file	4788112416	5e1aab5fec6bbfeedd38686afbecf2afcfa5c1aac58b2a643a9e41243168bc55	yes
source_data/raw_reads/genomicsDrive_data_dump/QB3.Berkeley.241122/QB3.Dudleya.Results.250118/DU-229_S75_L008_R2_001.fastq.gz	file	4778863600	5830bb3f6262e3f9bc91bfe5ebdcf3f831ef269ca44579e78904e205857f07b6	yes
source_data/raw_reads/genomicsDrive_data_dump/QB3.Berkeley.241122/QB3.Dudleya.Results.250118/DU-247_S70_L008_R1_001.fastq.gz	file	3809155693	d4b484abac97580c6d954e0281fbd065f4452103a35e3150da4583cddfb9e0db	yes
source_data/raw_reads/genomicsDrive_data_dump/QB3.Berkeley.241122/QB3.Dudleya.Results.250118/DU-247_S70_L008_R2_001.fastq.gz	file	3781618651	3abd4df09a9cbc841027482cbb7ad2bd7ab59c7c99582773d177744fc8e1dc63	yes
source_data/raw_reads/genomicsDrive_data_dump/QB3.Berkeley.241122/QB3.Dudleya.Results.250118/DU-254_S71_L008_R1_001.fastq.gz	file	5134192833	45535fd70a7fb19cf5b5bbc547e6165baa784179dc0905389ffd05eb1c5b63f0	yes
source_data/raw_reads/genomicsDrive_data_dump/QB3.Berkeley.241122/QB3.Dudleya.Results.250118/DU-254_S71_L008_R2_001.fastq.gz	file	5089077807	769f81b77c14301be16df3acda86f2d5fbb07f99fb7a1ed245bb5d409c399c9e	yes
source_data/raw_reads/genomicsDrive_data_dump/QB3.Berkeley.241122/QB3.Dudleya.Results.250118/DU-270_S72_L008_R1_001.fastq.gz	file	4519404685	6fd688901e28651c8f477e47cb2534ba8a9fd029bc589885262d9db96b14b1bd	yes
source_data/raw_reads/genomicsDrive_data_dump/QB3.Berkeley.241122/QB3.Dudleya.Results.250118/DU-270_S72_L008_R2_001.fastq.gz	file	4482943999	4697aca19504e49f6bc51eda1fbeebbe09906207f605edc740cba2cf3d8cb449	yes
source_data/raw_reads/genomicsDrive_data_dump/QB3.Berkeley.241122/QB3.Dudleya.Results.250118/DU-297_S69_L008_R1_001.fastq.gz	file	4055216447	be68f936f69cd7ca90f126ecf48a0143b70da01e56f3964f57233db4b0fd9b04	yes
source_data/raw_reads/genomicsDrive_data_dump/QB3.Berkeley.241122/QB3.Dudleya.Results.250118/DU-297_S69_L008_R2_001.fastq.gz	file	4043950213	978233f465eee2ed651626a8a89f922a56c09ea77d3f38dd0db914f69a36c652	yes
source_data/raw_reads/genomicsDrive_data_dump/QB3.Berkeley.241122/QB3.Dudleya.Results.250118/DU-443_S74_L008_R1_001.fastq.gz	file	4183544877	0b219f2d709cad0837d8cf61735c7c463d02dd3c94397926fcfda9ccf7c7975e	yes
source_data/raw_reads/genomicsDrive_data_dump/QB3.Berkeley.241122/QB3.Dudleya.Results.250118/DU-443_S74_L008_R2_001.fastq.gz	file	4154561765	91f206128b377fd710e3c8d78f3473977d405ebbffb7a6f553dd3ca18424547d	yes
source_data/raw_reads/genomicsDrive_data_dump/QB3.Berkeley.241122/QB3.Dudleya.Results.250118/DU-4A_S68_L008_R1_001.fastq.gz	file	3853946276	f7a9b9bf5884635c925c4a07d4890b1d51ea600ca18e47d1419d8467d523772a	yes
source_data/raw_reads/genomicsDrive_data_dump/QB3.Berkeley.241122/QB3.Dudleya.Results.250118/DU-4A_S68_L008_R2_001.fastq.gz	file	3840025313	aba09d527651cd64af05a8bd02cb9ef6dff8de28ad0e373e408da3d4da7a057b	yes
source_data/raw_reads/genomicsDrive_data_dump/QB3.Berkeley.241122/QB3.Dudleya.Results.250118/md5sum.txt	file	1054	ddc8ca2210c20bc05c112a0ef9397b5f3f27b069a5c132791b163df41eaa7950	yes
source_data/raw_reads/genomicsDrive_data_dump/QB3.Berkeley.250811/QB3.250916.Results5genomes/DU014LP012_S4_L005_R1_001.fastq.gz	file	2556387492	76ef59ad01d277c1cef2be599fd5bbb409ba4a576a5cc68736786c8052064561	yes
source_data/raw_reads/genomicsDrive_data_dump/QB3.Berkeley.250811/QB3.250916.Results5genomes/DU014LP012_S4_L005_R2_001.fastq.gz	file	2650966177	5619e295346e9158645fb027bfb00f28e76be8b4d4e3b30546fed0b3976f9452	yes
source_data/raw_reads/genomicsDrive_data_dump/QB3.Berkeley.250811/QB3.250916.Results5genomes/DU037LP013_S5_L005_R1_001.fastq.gz	file	1660968864	31c8b01faeb6fbd4247a870315573c17eaf9862484c2229de5e60df60365568e	yes
source_data/raw_reads/genomicsDrive_data_dump/QB3.Berkeley.250811/QB3.250916.Results5genomes/DU037LP013_S5_L005_R2_001.fastq.gz	file	1731136798	bded1f18a83f3a2ed862263756242ffeb771350d50b79769e1c8018da6833f2d	yes
source_data/raw_reads/genomicsDrive_data_dump/QB3.Berkeley.250811/QB3.250916.Results5genomes/DU059LP015_S6_L005_R1_001.fastq.gz	file	2610367371	cdd0135c9d1f4b4812d107ad4dd2fc4d2626d1e7aa7ba75aa012cc33ecba554c	yes
source_data/raw_reads/genomicsDrive_data_dump/QB3.Berkeley.250811/QB3.250916.Results5genomes/DU059LP015_S6_L005_R2_001.fastq.gz	file	2682965140	a46e7e5c544ad3e1cfd9c80de1d4e0bea7f526b05ccd1c8a68d060c2a1ba8eb1	yes
source_data/raw_reads/genomicsDrive_data_dump/QB3.Berkeley.250811/QB3.250916.Results5genomes/DU078LP011_S7_L005_R1_001.fastq.gz	file	3045930093	34d50745838acba4b7901b1fe0a8fc15f4e3da1bdb12ae51dfcd6d51a50edb41	yes
source_data/raw_reads/genomicsDrive_data_dump/QB3.Berkeley.250811/QB3.250916.Results5genomes/DU078LP011_S7_L005_R2_001.fastq.gz	file	3082433418	a88fd48d9c27141c5443ba766e688d1c6a1377efe001a3fdd16cb538cbcd5b82	yes
source_data/raw_reads/genomicsDrive_data_dump/QB3.Berkeley.250811/QB3.250916.Results5genomes/DU079LP010_S8_L005_R1_001.fastq.gz	file	4340776388	2e55cdb112f7fffc775aedc37bb3589094a93dfe152e2c6f7dab34c449c4da1a	yes
source_data/raw_reads/genomicsDrive_data_dump/QB3.Berkeley.250811/QB3.250916.Results5genomes/DU079LP010_S8_L005_R2_001.fastq.gz	file	4453934976	72d5623da10d9d1f4f53541f6814ef98cac2ec0e6785f1b50134bf3261f3c480	yes
source_data/raw_reads/genomicsDrive_data_dump/QB3.Berkeley.250811/QB3.250916.Results5genomes/download_results5genomes.log	file	3893	91c78253bc72da0f9c58e57f09ae94e42ba60779ee332b6fc787a5745eaf6ef0	yes
source_data/raw_reads/genomicsDrive_data_dump/QB3.Berkeley.250811/QB3.250916.Results5genomes/download_results5genomes_progress.json	file	275	70776e0eca9f1fa09b0fdf9d2a31891bace744f95d60922e8318aeff54d9a60d	yes
source_data/raw_reads/genomicsDrive_data_dump/QB3.Berkeley.250811/QB3.250916.Results5genomes/laneBarcode_M006485.html	file	4512	2cbfd242a146ae6c7a375da3ab15f6c53400945311e44e1ded46129e3669d407	yes
source_data/raw_reads/genomicsDrive_data_dump/QB3.Berkeley.250811/QB3.250916.Results5genomes/md5sum.txt	file	794	4f8050e27f8b3866f0b88d2a030b0f78c0c18ad3fe34b862d5eebeea568b51f8	yes
source_data/raw_reads/genomicsDrive_data_dump/QB3.Berkeley.251217/Dudleya DNAx - Population Codes.csv	file	1961	2d7a9ef311d4a84d90afb18df9b0b8f90a1fd9021047c85afd05697bf06801fc	yes
source_data/raw_reads/genomicsDrive_data_dump/QB3.Berkeley.251217/QB3.Results.260109/ABAB_MAD/ABAB_MAD_LP_222_Du-589_S244_L005_R1_001.fastq.gz	file	200562	2610d6c8aa294af4100dee13fa05401bdabdc6fd02278984f02d37540f12b4bb	yes
source_data/raw_reads/genomicsDrive_data_dump/QB3.Berkeley.251217/QB3.Results.260109/ABAB_MAD/ABAB_MAD_LP_222_Du-589_S244_L005_R2_001.fastq.gz	file	199825	4eeccc973e8667d12ee159fc753a56de0f10f4a0500b1c0784adbbfe48aeb3d9	yes
source_data/raw_reads/genomicsDrive_data_dump/QB3.Berkeley.251217/QB3.Results.260109/ABAB_MAD/ABAB_MAD_LP_223_Du-590_S253_L005_R1_001.fastq.gz	file	39500121	7948966f7e781a84b54100f6f1a81658d143019fb5d79ef3d3003b36d6aef941	yes
source_data/raw_reads/genomicsDrive_data_dump/QB3.Berkeley.251217/QB3.Results.260109/ABAB_MAD/ABAB_MAD_LP_223_Du-590_S253_L005_R2_001.fastq.gz	file	39216558	6ecfc02ddf9cec181124fd4d401b81daf48eb988153d4c631f39328152ce66c8	yes
source_data/raw_reads/genomicsDrive_data_dump/QB3.Berkeley.251217/QB3.Results.260109/ABAB_MAD/ABAB_MAD_LP_225_Du-592_S272_L005_R2_001.fastq.gz	file	24507146	5420f85247501816ef49cc23feb3f5c71856bc4a3df985226149eb5584534c00	yes
source_data/raw_reads/genomicsDrive_data_dump/QB3.Berkeley.251217/QB3.Results.260109/ABAB_MAD/ABAB_MAD_LP_322_Du-593_S172_L005_R1_001.fastq.gz	file	513820994	e6e575ed015ea3079d0f79248676a9c5ffc1da8cfed307c42ef160183f81b524	yes
source_data/raw_reads/genomicsDrive_data_dump/QB3.Berkeley.251217/QB3.Results.260109/ABAB_MAD/ABAB_MAD_LP_322_Du-593_S172_L005_R2_001.fastq.gz	file	511825352	57b585e137accec756bbf6246e2ddea1b21ae8faf29ba2e1fd9e18e192c80e65	yes
source_data/raw_reads/genomicsDrive_data_dump/QB3.Berkeley.251217/QB3.Results.260109/ABAB_MAD/ABAB_MAD_LP_323_Du-594_S183_L005_R1_001.fastq.gz	file	89007768	90f4591c403aa9114f7cb2b02d90d358f6a1424b36c509f26f780df41eecd81e	yes
source_data/raw_reads/genomicsDrive_data_dump/QB3.Berkeley.251217/QB3.Results.260109/ABAB_MAD/ABAB_MAD_LP_323_Du-594_S183_L005_R2_001.fastq.gz	file	91510170	74faa1a4d01247ddf7324ccd438f64fab84d290ddf955908ca2811ae67a2d649	yes
source_data/raw_reads/genomicsDrive_data_dump/QB3.Berkeley.251217/QB3.Results.260109/ABAB_MAD/ABAB_MAD_LP_324_Du-595_S194_L005_R1_001.fastq.gz	file	254078738	c365d5306f129c7a36321d7ff25a3f9fba5874c64bedd706a521df57d51e0cb4	yes
source_data/raw_reads/genomicsDrive_data_dump/QB3.Berkeley.251217/QB3.Results.260109/ABAB_MAD/ABAB_MAD_LP_324_Du-595_S194_L005_R2_001.fastq.gz	file	271309833	f4eb5e4292018adfe93d13c2db7b66d1ce72ea026189809756bda881e1c0e091	yes
source_data/raw_reads/genomicsDrive_data_dump/QB3.Berkeley.251217/QB3.Results.260109/ABAB_MAD/ABAB_MAD_LP_325_Du-596_S212_L005_R1_001.fastq.gz	file	330114156	c4388477d67b1c4ff1dbe09c85b036a5bbe388d690c108b078db13ab539f67c1	yes
source_data/raw_reads/genomicsDrive_data_dump/QB3.Berkeley.251217/QB3.Results.260109/ABAB_MAD/ABAB_MAD_LP_325_Du-596_S212_L005_R2_001.fastq.gz	file	341753927	220bd4b3a10f8d7a31d80fa3e5437d9a35e02684d4aa8366d91c99f0d9386c0b	yes
source_data/raw_reads/genomicsDrive_data_dump/QB3.Berkeley.251217/QB3.Results.260109/ABAB_MAD/ABAB_MAD_LP_326_Du-597_S222_L005_R1_001.fastq.gz	file	291838221	12eb9d7d0de7d02acb9455622114eaa88f6385966b35a7d526609d5e66c51b0b	yes
source_data/raw_reads/genomicsDrive_data_dump/QB3.Berkeley.251217/QB3.Results.260109/ABAB_MAD/ABAB_MAD_LP_326_Du-597_S222_L005_R2_001.fastq.gz	file	300233522	8c9c9508d60e604f3a5bb127f52af27275b364e840a5788638523109cb323a34	yes
source_data/raw_reads/genomicsDrive_data_dump/QB3.Berkeley.251217/QB3.Results.260109/ABAB_MAD/ABAB_MAD_LP_327_Du-598_S233_L005_R1_001.fastq.gz	file	84686896	a87f6ce93532eb392702cd2585e12ecfa803dfead09af22d4bda6270ea8d629c	yes
source_data/raw_reads/genomicsDrive_data_dump/QB3.Berkeley.251217/QB3.Results.260109/ABAB_MAD/ABAB_MAD_LP_327_Du-598_S233_L005_R2_001.fastq.gz	file	89086293	ca789e53761e9e0b7d75863c0b4f8051f30d092740098f94b222ec450e9f4d5d	yes
source_data/raw_reads/genomicsDrive_data_dump/QB3.Berkeley.251217/QB3.Results.260109/ABBE_BERN/ABBE_BERN_LP_311_Du-780_S261_L005_R1_001.fastq.gz	file	373866894	0991d7579e8babfce05de4c9ff243e98039895b7066c3e189d6e938d160d5fa2	yes
source_data/raw_reads/genomicsDrive_data_dump/QB3.Berkeley.251217/QB3.Results.260109/ABBE_BERN/ABBE_BERN_LP_311_Du-780_S261_L005_R2_001.fastq.gz	file	374746207	8b3064ec4e22c26c9c2c6f35dba0925d2f32106a9aff0a8916447de3102a148f	yes
source_data/raw_reads/genomicsDrive_data_dump/QB3.Berkeley.251217/QB3.Results.260109/ABBE_BERN/ABBE_BERN_LP_312_Du-781_S271_L005_R1_001.fastq.gz	file	439835325	e1de4debd5d5fdefe98117a9db203775d870b8da2c0bfc6f38d2d283ec886743	yes
source_data/raw_reads/genomicsDrive_data_dump/QB3.Berkeley.251217/QB3.Results.260109/ABBE_BERN/ABBE_BERN_LP_312_Du-781_S271_L005_R2_001.fastq.gz	file	441790431	30a14891ad908d0c4c6eb6b26afcaf0686b9fbb8c42140d76e7be73dfe1a71fa	yes
source_data/raw_reads/genomicsDrive_data_dump/QB3.Berkeley.251217/QB3.Results.260109/ABBE_BERN/ABBE_BERN_LP_313_Du-782_S280_L005_R1_001.fastq.gz	file	199406420	8b7d3fbec07b49d00fdf314b8c2ffc2c038f32485534fa9d08f572fd8443cdc5	yes
source_data/raw_reads/genomicsDrive_data_dump/QB3.Berkeley.251217/QB3.Results.260109/ABBE_BERN/ABBE_BERN_LP_313_Du-782_S280_L005_R2_001.fastq.gz	file	200802140	7b29a6aa20f1bd31995bec658ed0bbffdce3b6b61765d744347ed97e0e7884f4	yes
source_data/raw_reads/genomicsDrive_data_dump/QB3.Berkeley.251217/QB3.Results.260109/ABBE_BERN/ABBE_BERN_LP_314_Du-783_S291_L005_R1_001.fastq.gz	file	332588601	d529de7553383fecbe21503cd5941d55c0021636ea1a4158fc76fa625d4b7776	yes
source_data/raw_reads/genomicsDrive_data_dump/QB3.Berkeley.251217/QB3.Results.260109/ABBE_BERN/ABBE_BERN_LP_314_Du-783_S291_L005_R2_001.fastq.gz	file	334479655	ced1231e286494daf4d6b40be92e2bff7ccbb0876c60c320841abf67ad1c9e99	yes
source_data/raw_reads/genomicsDrive_data_dump/QB3.Berkeley.251217/QB3.Results.260109/ABMU_HOR/ABMU_HOR_LP_306_Du-775_S290_L005_R1_001.fastq.gz	file	486198480	1d1a943ab1634b28928a04ecf4b65b2ca67afaf95e228c35e24f1f74a8fa07ca	yes
source_data/raw_reads/genomicsDrive_data_dump/QB3.Berkeley.251217/QB3.Results.260109/ABMU_HOR/ABMU_HOR_LP_306_Du-775_S290_L005_R2_001.fastq.gz	file	486879541	f115897495086b5bb7d665cb5f82d3023f1dfcc9b3dd93a68e0c6c392300ed54	yes
source_data/raw_reads/genomicsDrive_data_dump/QB3.Berkeley.251217/QB3.Results.260109/ABMU_HOR/ABMU_HOR_LP_308_Du-777_S232_L005_R1_001.fastq.gz	file	539984891	4c65e79fb417e28da56ad851e35b296cd0946162e1dcba4559495cabcf672392	yes
source_data/raw_reads/genomicsDrive_data_dump/QB3.Berkeley.251217/QB3.Results.260109/ABMU_HOR/ABMU_HOR_LP_308_Du-777_S232_L005_R2_001.fastq.gz	file	537217469	dc76a65fbc2833686659cb5e2abdcde0b19c8fc0db1deb639f0282211d5fc8e6	yes
source_data/raw_reads/genomicsDrive_data_dump/QB3.Berkeley.251217/QB3.Results.260109/ABMU_HOR/ABMU_HOR_LP_358_Du-770_S243_L005_R1_001.fastq.gz	file	442805351	099a421a997e1b56da872156129e6b3c0d657031c7fbbc3d18041401e9950629	yes
source_data/raw_reads/genomicsDrive_data_dump/QB3.Berkeley.251217/QB3.Results.260109/ABMU_HOR/ABMU_HOR_LP_358_Du-770_S243_L005_R2_001.fastq.gz	file	439760538	4c93132c41e7094c58575d32326747e21345eb4a8d27a69919f3e1ab56cc4a7e	yes
source_data/raw_reads/genomicsDrive_data_dump/QB3.Berkeley.251217/QB3.Results.260109/ABMU_HOR/ABMU_HOR_LP_359_Du-771_S252_L005_R1_001.fastq.gz	file	414208641	5851a724f2885cd349ad3b12b5cbd4ed5e8a162732dd5ece5c8a0bbd215bd50a	yes
source_data/raw_reads/genomicsDrive_data_dump/QB3.Berkeley.251217/QB3.Results.260109/ABMU_HOR/ABMU_HOR_LP_359_Du-771_S252_L005_R2_001.fastq.gz	file	411875624	3cb500cfeced77d1088226fab683707f045af1e6fba0e0090672950dd935bf23	yes
source_data/raw_reads/genomicsDrive_data_dump/QB3.Berkeley.251217/QB3.Results.260109/ABMU_HOR/ABMU_HOR_LP_360_Du-772_S260_L005_R1_001.fastq.gz	file	385642597	f93776c6b05548040821a78753abc474cdb33d9e7e37699558dd53333a401901	yes
source_data/raw_reads/genomicsDrive_data_dump/QB3.Berkeley.251217/QB3.Results.260109/ABMU_HOR/ABMU_HOR_LP_360_Du-772_S260_L005_R2_001.fastq.gz	file	384587750	dee2185b5a6983851f68af13d4cdda5d599c0083b1e3e50bf5e15a8fb29120da	yes
source_data/raw_reads/genomicsDrive_data_dump/QB3.Berkeley.251217/QB3.Results.260109/ABMU_HOR/ABMU_HOR_LP_361_Du-773_S270_L005_R1_001.fastq.gz	file	344741192	d09d74f6343b56abe58494e38dacfcddffe409022ca8d42a88b3982538d672ba	yes
source_data/raw_reads/genomicsDrive_data_dump/QB3.Berkeley.251217/QB3.Results.260109/ABMU_HOR/ABMU_HOR_LP_361_Du-773_S270_L005_R2_001.fastq.gz	file	343256671	31029a2496de8d456f7f88d92dd111f6818a4f232b588fbd5682fd3b0022aab9	yes
source_data/raw_reads/genomicsDrive_data_dump/QB3.Berkeley.251217/QB3.Results.260109/BAI/BAI_LP_105_Du-222_S37_L005_R1_001.fastq.gz	file	416727132	2c8a8756a14014363bc746c8681523b10aec494c290828633a2168ce2ed19563	yes
source_data/raw_reads/genomicsDrive_data_dump/QB3.Berkeley.251217/QB3.Results.260109/BAI/BAI_LP_105_Du-222_S37_L005_R2_001.fastq.gz	file	417348326	24a8c6a04a0621e7bc1d42d7857e1c24473d82df9594bd9f2d69af64c9aad6ae	yes
source_data/raw_reads/genomicsDrive_data_dump/QB3.Berkeley.251217/QB3.Results.260109/BAI/BAI_LP_106_Du-223_S47_L005_R1_001.fastq.gz	file	546575446	cd649f7831eaf2fd49901ad664fb7a0b5897fd7a4bf46ee7398ce7f65f760153	yes
source_data/raw_reads/genomicsDrive_data_dump/QB3.Berkeley.251217/QB3.Results.260109/BAI/BAI_LP_106_Du-223_S47_L005_R2_001.fastq.gz	file	548385017	3708f8dae47612c899aad38622ca48de795306422835b8a8513ea36346547b38	yes
source_data/raw_reads/genomicsDrive_data_dump/QB3.Berkeley.251217/QB3.Results.260109/BAI/BAI_LP_108_Du-225_S68_L005_R1_001.fastq.gz	file	141362474	7c0a40818624f91234a1848ddeb55182f0d07bc77c16f16580d0c5de500f0349	yes
source_data/raw_reads/genomicsDrive_data_dump/QB3.Berkeley.251217/QB3.Results.260109/BAI/BAI_LP_108_Du-225_S68_L005_R2_001.fastq.gz	file	142792678	6dbad8a9e352eadee497dc7819a1b669c613da5af9f1b1130a81690d38554fa4	yes
source_data/raw_reads/genomicsDrive_data_dump/QB3.Berkeley.251217/QB3.Results.260109/BAI/BAI_LP_109_Du-226_S79_L005_R1_001.fastq.gz	file	461488047	a1ab21fac20b99481a458751cbbee382c43b489e1d4999e697f2ecdc0bdbf603	yes
source_data/raw_reads/genomicsDrive_data_dump/QB3.Berkeley.251217/QB3.Results.260109/BAI/BAI_LP_109_Du-226_S79_L005_R2_001.fastq.gz	file	460478544	bb90171e130dde54f2b8ec411ec857c3eb55f384aacbc8c6c6de810909f54566	yes
source_data/raw_reads/genomicsDrive_data_dump/QB3.Berkeley.251217/QB3.Results.260109/BAI/BAI_LP_110_Du-227_S89_L005_R1_001.fastq.gz	file	606621390	74fb61ec5d73e2d2f05d98eaedba51399c351256241c84fc32adcf9a8cee700a	yes
source_data/raw_reads/genomicsDrive_data_dump/QB3.Berkeley.251217/QB3.Results.260109/BAI/BAI_LP_110_Du-227_S89_L005_R2_001.fastq.gz	file	607802990	6613a39119b82249508a9f795a8e9a64df1dfaf1afe42dfd81d986375993acea	yes
source_data/raw_reads/genomicsDrive_data_dump/QB3.Berkeley.251217/QB3.Results.260109/BAI/BAI_LP_111_Du-228_S99_L005_R1_001.fastq.gz	file	414444360	03f3be397d7f53f1eaf2430ff0fc761b03c0dfd2759405adab2a50be4b83b9f7	yes
source_data/raw_reads/genomicsDrive_data_dump/QB3.Berkeley.251217/QB3.Results.260109/BAI/BAI_LP_111_Du-228_S99_L005_R2_001.fastq.gz	file	414350238	1218d61748280a956ef39ee4374a1d61c0a35c1506178301bcaf662fb62c090d	yes
source_data/raw_reads/genomicsDrive_data_dump/QB3.Berkeley.251217/QB3.Results.260109/BAI/BAI_LP_112_Du-230_S109_L005_R1_001.fastq.gz	file	106286374	1215880f4bdbd800522e736be649f403625325d2318e0ade9580e4fa214d64ff	yes
source_data/raw_reads/genomicsDrive_data_dump/QB3.Berkeley.251217/QB3.Results.260109/BAI/BAI_LP_112_Du-230_S109_L005_R2_001.fastq.gz	file	106945840	dfccdab7f2db86db122417f5e940fe85d580030276625024af57f474c2ba8113	yes
source_data/raw_reads/genomicsDrive_data_dump/QB3.Berkeley.251217/QB3.Results.260109/BAI/BAI_LP_113_Du-231_S195_L005_R1_001.fastq.gz	file	459259802	57f296730172f2c83d50f3cbbf3414a7c36069f385d99df8931f5c9e63bbbde6	yes
source_data/raw_reads/genomicsDrive_data_dump/QB3.Berkeley.251217/QB3.Results.260109/BAI/BAI_LP_113_Du-231_S195_L005_R2_001.fastq.gz	file	460012528	d901f30f2c5f3742d3f0e909ee42c10657d3c42296e481952cba4cc45fa9f922	yes
source_data/raw_reads/genomicsDrive_data_dump/QB3.Berkeley.251217/QB3.Results.260109/BAI/BAI_LP_114_Du-232_S197_L005_R1_001.fastq.gz	file	161148652	04fc51222bcf4aeba16adff11c8e126ca685051e558bae9f83625a4daf8b83a1	yes
source_data/raw_reads/genomicsDrive_data_dump/QB3.Berkeley.251217/QB3.Results.260109/BAI/BAI_LP_114_Du-232_S197_L005_R2_001.fastq.gz	file	162682688	2d77b496fe6eebeb1b1a5beff157658272e47504682ec09d8d9d394a2bbf4465	yes
source_data/raw_reads/genomicsDrive_data_dump/QB3.Berkeley.251217/QB3.Results.260109/BAI/BAI_LP_319_Du-233_S58_L005_R1_001.fastq.gz	file	44084544	c801a87535aadddcf6abd39a47de1f066ad545c4b97f13b1c89e57fe2b31d630	yes
source_data/raw_reads/genomicsDrive_data_dump/QB3.Berkeley.251217/QB3.Results.260109/BAI/BAI_LP_319_Du-233_S58_L005_R2_001.fastq.gz	file	44272927	e98c0803b6f0954d153605b51e5e7471b6b150be7445968bedb6baa2d44e597f	yes
source_data/raw_reads/genomicsDrive_data_dump/QB3.Berkeley.251217/QB3.Results.260109/COM/COM_LP_269_Du-703_S239_L005_R1_001.fastq.gz	file	397886654	164f9878bcc0d69c1c99415eb6d08bc11c9f7fe0902b93d21249c3a0087c3960	yes
source_data/raw_reads/genomicsDrive_data_dump/QB3.Berkeley.251217/QB3.Results.260109/COM/COM_LP_269_Du-703_S239_L005_R2_001.fastq.gz	file	395154955	3f5b28e1397e574ee73435a07913d054048496b2ba6b3bb3131f5727927af4c5	yes
source_data/raw_reads/genomicsDrive_data_dump/QB3.Berkeley.251217/QB3.Results.260109/COM/COM_LP_270_Du-704_S250_L005_R1_001.fastq.gz	file	192587105	8f1a1cab832a6d143ae0f73a279540585c0336963f77b13bb2fa23d264c24c2f	yes
source_data/raw_reads/genomicsDrive_data_dump/QB3.Berkeley.251217/QB3.Results.260109/COM/COM_LP_270_Du-704_S250_L005_R2_001.fastq.gz	file	193390231	587d90ed56b09fd72e2786c38cfa7a75d2bc86816fda7350c6160d28617d06b9	yes
source_data/raw_reads/genomicsDrive_data_dump/QB3.Berkeley.251217/QB3.Results.260109/COM/COM_LP_272_Du-707_S266_L005_R1_001.fastq.gz	file	402021822	589dad1a587e828e3dd6cc4454e74a882f791b75e5d3a2a1353c341b5085fcd6	yes
source_data/raw_reads/genomicsDrive_data_dump/QB3.Berkeley.251217/QB3.Results.260109/COM/COM_LP_272_Du-707_S266_L005_R2_001.fastq.gz	file	398398918	06e5bc3d0ca0c94952c2e572b97c32bec754cc4f6e91ae64a3a5a6e47dc21baa	yes
source_data/raw_reads/genomicsDrive_data_dump/QB3.Berkeley.251217/QB3.Results.260109/COM/COM_LP_274_Du-709_S286_L005_R1_001.fastq.gz	file	327047139	103267c438bed2d1d65ea8c51d84bdb8b57386fd7fbc28d0d2f40d4d58bc2e47	yes
source_data/raw_reads/genomicsDrive_data_dump/QB3.Berkeley.251217/QB3.Results.260109/COM/COM_LP_274_Du-709_S286_L005_R2_001.fastq.gz	file	323872762	5b90c2f3fcb15a9a94aed947863a5ba6fd4b18541350ffefd34d3c0821d324a7	yes
source_data/raw_reads/genomicsDrive_data_dump/QB3.Berkeley.251217/QB3.Results.260109/COM/COM_LP_276_Du-711_S229_L005_R1_001.fastq.gz	file	427039482	c4be559a9155de4ea3df62e6e2f66da325498eb955ffecbd87f118b73f721524	yes
source_data/raw_reads/genomicsDrive_data_dump/QB3.Berkeley.251217/QB3.Results.260109/COM/COM_LP_276_Du-711_S229_L005_R2_001.fastq.gz	file	428195114	795168a26f66bc3a0b41586ecc44b3270f18cba300ed27ca208771f7a4e951f0	yes
source_data/raw_reads/genomicsDrive_data_dump/QB3.Berkeley.251217/QB3.Results.260109/COM/COM_LP_277_Du-712_S240_L005_R1_001.fastq.gz	file	413400020	cb181a7cedba51c193ca2bef53c425fedf693dcfd779344dfdf5bbcc2047a7ec	yes
source_data/raw_reads/genomicsDrive_data_dump/QB3.Berkeley.251217/QB3.Results.260109/COM/COM_LP_277_Du-712_S240_L005_R2_001.fastq.gz	file	414124557	5c7ac81e7a72cf7269f94812bdeec2ff1afb4a7f40f84939afe8b8811e5cb348	yes
source_data/raw_reads/genomicsDrive_data_dump/QB3.Berkeley.251217/QB3.Results.260109/COM/COM_LP_341_Du-713_S207_L005_R1_001.fastq.gz	file	359725931	db537b3d7ca72532f64c149ce5d9fdc5fe2ed599257a804afac1b746183d6308	yes
source_data/raw_reads/genomicsDrive_data_dump/QB3.Berkeley.251217/QB3.Results.260109/COM/COM_LP_341_Du-713_S207_L005_R2_001.fastq.gz	file	357770047	050787224e818e182d842ccd473eae1e568955843be4727724aea63ca19494ce	yes
source_data/raw_reads/genomicsDrive_data_dump/QB3.Berkeley.251217/QB3.Results.260109/COM/COM_LP_342_Du-714_S210_L005_R1_001.fastq.gz	file	94946018	cd69191ab74a442722ef22e9daa70270893633f4ccc3378ec617abd32b9dee6f	yes
source_data/raw_reads/genomicsDrive_data_dump/QB3.Berkeley.251217/QB3.Results.260109/COM/COM_LP_342_Du-714_S210_L005_R2_001.fastq.gz	file	94076668	f54fb5650740699f4a4816af2cb652e106e7e7974fe17cb7c2e800e52152db2b	yes
source_data/raw_reads/genomicsDrive_data_dump/QB3.Berkeley.251217/QB3.Results.260109/COM/COM_LP_343_Du-715_S205_L005_R1_001.fastq.gz	file	431565222	54a39eacaf2ea91a1edc49df5e705b87679ea1017645f313c330cefa1ffb0ae5	yes
source_data/raw_reads/genomicsDrive_data_dump/QB3.Berkeley.251217/QB3.Results.260109/COM/COM_LP_343_Du-715_S205_L005_R2_001.fastq.gz	file	427362171	6666d39d6d38aad043edf20da3303d3e6a686bb5f7efdaf999c020e3527a679b	yes
source_data/raw_reads/genomicsDrive_data_dump/QB3.Berkeley.251217/QB3.Results.260109/CROB/CROB_LP_169_Du-381_S178_L005_R1_001.fastq.gz	file	40563462	df6022cae1922ca3cd714fda3044d1284248d6cdc486d690f3fe0c5d68727aab	yes
source_data/raw_reads/genomicsDrive_data_dump/QB3.Berkeley.251217/QB3.Results.260109/CROB/CROB_LP_169_Du-381_S178_L005_R2_001.fastq.gz	file	41218788	cf2f131bd6e78aa3dcbc8187d04c4d90d153a62ec17eb828cf057cb5af49b585	yes
source_data/raw_reads/genomicsDrive_data_dump/QB3.Berkeley.251217/QB3.Results.260109/CROB/CROB_LP_170_Du-382_S189_L005_R1_001.fastq.gz	file	503490222	97ed99cd8d9df8384fcbd6af43f5019d5954254f0a6bdd1219928e9e80d0e585	yes
source_data/raw_reads/genomicsDrive_data_dump/QB3.Berkeley.251217/QB3.Results.260109/CROB/CROB_LP_170_Du-382_S189_L005_R2_001.fastq.gz	file	501142563	c5b12f9acbdad7b11a92e47dcd244a371ac8774674798b4922e79be94dac6a50	yes
source_data/raw_reads/genomicsDrive_data_dump/QB3.Berkeley.251217/QB3.Results.260109/CROB/CROB_LP_172_Du-384_S127_L005_R1_001.fastq.gz	file	466773510	c7f95e9a7696bfac9c4c7183c4a4225718ded186f6251263316b74c931b9dcd0	yes
source_data/raw_reads/genomicsDrive_data_dump/QB3.Berkeley.251217/QB3.Results.260109/CROB/CROB_LP_172_Du-384_S127_L005_R2_001.fastq.gz	file	480487745	59352a0882e7bdcf0330884036dabc40cbec0adde5a78fcea32f729f21feba10	yes
source_data/raw_reads/genomicsDrive_data_dump/QB3.Berkeley.251217/QB3.Results.260109/CROB/CROB_LP_173_Du-385_S137_L005_R1_001.fastq.gz	file	575039105	ba471b5b672b5527ed834a60642500462ec1d0eadec4b93b3c4059db95ba10a6	yes
source_data/raw_reads/genomicsDrive_data_dump/QB3.Berkeley.251217/QB3.Results.260109/CROB/CROB_LP_173_Du-385_S137_L005_R2_001.fastq.gz	file	577888764	6b085a0d185a1862c61e4402099c7429d58fa3dc8e24d65f2b4f5035618d9156	yes
source_data/raw_reads/genomicsDrive_data_dump/QB3.Berkeley.251217/QB3.Results.260109/CROB/CROB_LP_174_Du-386_S148_L005_R1_001.fastq.gz	file	621732405	3ea6ca80c5f7966a72a03b310b55de9614fba7c690f1f27cd806bf63946ac505	yes
source_data/raw_reads/genomicsDrive_data_dump/QB3.Berkeley.251217/QB3.Results.260109/CROB/CROB_LP_174_Du-386_S148_L005_R2_001.fastq.gz	file	618383961	b7571304f9476a180ac99b29368d8b038a22e763f9a2c32ac277ec9966618c16	yes
source_data/raw_reads/genomicsDrive_data_dump/QB3.Berkeley.251217/QB3.Results.260109/CROB/CROB_LP_175_Du-387_S158_L005_R1_001.fastq.gz	file	504491481	2103144527900e203a251f0d60b9241baeb01263d3383b448ab5e10c557d17ac	yes
source_data/raw_reads/genomicsDrive_data_dump/QB3.Berkeley.251217/QB3.Results.260109/CROB/CROB_LP_175_Du-387_S158_L005_R2_001.fastq.gz	file	499709993	4b2b63e7fb8bdf4cb14d0e48dac02573a85379cf0410983415834aa1f3e09335	yes
source_data/raw_reads/genomicsDrive_data_dump/QB3.Berkeley.251217/QB3.Results.260109/CROB/CROB_LP_176_Du-388_S168_L005_R1_001.fastq.gz	file	654690409	9d67fc55637dddf46c49616d73f5a63cd455263c6439c11d3067c6d81ac949a6	yes
source_data/raw_reads/genomicsDrive_data_dump/QB3.Berkeley.251217/QB3.Results.260109/CROB/CROB_LP_176_Du-388_S168_L005_R2_001.fastq.gz	file	651571951	039cc8abdf1e4c0b648009b5d1cbf2fd05cb64b94fa826919b0822edbf131565	yes
source_data/raw_reads/genomicsDrive_data_dump/QB3.Berkeley.251217/QB3.Results.260109/CROB/CROB_LP_177_Du-389_S179_L005_R1_001.fastq.gz	file	649233342	1de041bf1f34351cdcd9910ddda54cee2dcf002fc407f15af564d792d1f3cfa1	yes
source_data/raw_reads/genomicsDrive_data_dump/QB3.Berkeley.251217/QB3.Results.260109/CROB/CROB_LP_177_Du-389_S179_L005_R2_001.fastq.gz	file	647174837	afd53c05ae92bff219250720bcc44231b418a5abdf5200354e73d9897aca9616	yes
source_data/raw_reads/genomicsDrive_data_dump/QB3.Berkeley.251217/QB3.Results.260109/CROB/CROB_LP_320_Du-395_S110_L005_R1_001.fastq.gz	file	524628520	eec1b1f5a91797efd75a8f64253bad10194180e1cd0408a030894d8706e45676	yes
source_data/raw_reads/genomicsDrive_data_dump/QB3.Berkeley.251217/QB3.Results.260109/CROB/CROB_LP_320_Du-395_S110_L005_R2_001.fastq.gz	file	518742214	9ecd4db200081e5516f26ccf1f1ef1e42239659a78c7e3805c80c2cb2973b68e	yes
source_data/raw_reads/genomicsDrive_data_dump/QB3.Berkeley.251217/QB3.Results.260109/CROB/CROB_LP_321_Du-396_S111_L005_R1_001.fastq.gz	file	411467720	49a39fc56104fba533dfcd7ac265441d9d3c11332ae0b159ab41773b9790f7ef	yes
source_data/raw_reads/genomicsDrive_data_dump/QB3.Berkeley.251217/QB3.Results.260109/CROB/CROB_LP_321_Du-396_S111_L005_R2_001.fastq.gz	file	408908749	bde73e78c7c1ca818fda2c7ad7e92a7521b7b83b3783ddcc2b98f32d014b1889	yes
source_data/raw_reads/genomicsDrive_data_dump/QB3.Berkeley.251217/QB3.Results.260109/CROS/CROS_LP_085_Du-181_S76_L005_R1_001.fastq.gz	file	537461834	56fa01bdb51961882cbc94a17fe52bbca54ff64a636f3945e6fe029d7237df6c	yes
source_data/raw_reads/genomicsDrive_data_dump/QB3.Berkeley.251217/QB3.Results.260109/CROS/CROS_LP_085_Du-181_S76_L005_R2_001.fastq.gz	file	535488594	b97661153dc58a895bf2ba7d806531e01462a29af4548688c3b41bb8ff8968af	yes
source_data/raw_reads/genomicsDrive_data_dump/QB3.Berkeley.251217/QB3.Results.260109/CROS/CROS_LP_086_Du-182_S86_L005_R1_001.fastq.gz	file	618024067	45e2cb50ceb60d934b39b290464987ab64c848e915848cec5f1c6f050743d4b3	yes
source_data/raw_reads/genomicsDrive_data_dump/QB3.Berkeley.251217/QB3.Results.260109/CROS/CROS_LP_086_Du-182_S86_L005_R2_001.fastq.gz	file	621449509	290d6016e3b383a3ea312149fc94ced543ad95ef03d3a1cb236ad0f4f2fda4ea	yes
source_data/raw_reads/genomicsDrive_data_dump/QB3.Berkeley.251217/QB3.Results.260109/CROS/CROS_LP_087_Du-183_S96_L005_R1_001.fastq.gz	file	134460432	d537e6a171a3ca0b898edff6bae37d86205040122721ed6c2502e32723854efe	yes
source_data/raw_reads/genomicsDrive_data_dump/QB3.Berkeley.251217/QB3.Results.260109/CROS/CROS_LP_087_Du-183_S96_L005_R2_001.fastq.gz	file	136503603	7d20ec22ff622930a6ce2085ceb47050aa2c720255730445e36cf084a1ddf183	yes
source_data/raw_reads/genomicsDrive_data_dump/QB3.Berkeley.251217/QB3.Results.260109/CROS/CROS_LP_088_Du-184_S106_L005_R1_001.fastq.gz	file	732445469	f8fde9c8fff271eda8256175b82b755ab50e33aaf1980b4738947a8fa04cfb59	yes
source_data/raw_reads/genomicsDrive_data_dump/QB3.Berkeley.251217/QB3.Results.260109/CROS/CROS_LP_088_Du-184_S106_L005_R2_001.fastq.gz	file	734176819	818fe2fd7cda93ae7a8d9b0d768a461b51f1e6d07020a6ac00fba668a515331e	yes
source_data/raw_reads/genomicsDrive_data_dump/QB3.Berkeley.251217/QB3.Results.260109/CROS/CROS_LP_089_Du-185_S35_L005_R1_001.fastq.gz	file	1253160542	188600b0de820cb797e12a83c68c876daf6ef02bf03a658db6559a8116908b13	yes
source_data/raw_reads/genomicsDrive_data_dump/QB3.Berkeley.251217/QB3.Results.260109/CROS/CROS_LP_089_Du-185_S35_L005_R2_001.fastq.gz	file	1261552017	fc7525f45f80da96c5d4242cf17533d5b6ceec98b46a2c0989fd2fc1e17f5d21	yes
source_data/raw_reads/genomicsDrive_data_dump/QB3.Berkeley.251217/QB3.Results.260109/CROS/CROS_LP_090_Du-186_S45_L005_R1_001.fastq.gz	file	855166295	e4b2495f5bf7536e5e8d47755cc78c06d55c0abe94312b7e51d0a71af921a636	yes
source_data/raw_reads/genomicsDrive_data_dump/QB3.Berkeley.251217/QB3.Results.260109/CROS/CROS_LP_090_Du-186_S45_L005_R2_001.fastq.gz	file	853698409	4995cddfd85574aabfe583adf4c338915d29d1f4392c97012eb63359bdf1a2e3	yes
source_data/raw_reads/genomicsDrive_data_dump/QB3.Berkeley.251217/QB3.Results.260109/CROS/CROS_LP_091_Du-187_S56_L005_R1_001.fastq.gz	file	335645772	33e1596a6abf49c3df0bc96ece614d7b8b5ed140525cab98814e9e1f72eb820a	yes
source_data/raw_reads/genomicsDrive_data_dump/QB3.Berkeley.251217/QB3.Results.260109/CROS/CROS_LP_091_Du-187_S56_L005_R2_001.fastq.gz	file	337959327	ae2ad06c7e52ed277e67c5b80a80dbfcc18206fdb450e3c35281a72893d7be7f	yes
source_data/raw_reads/genomicsDrive_data_dump/QB3.Berkeley.251217/QB3.Results.260109/CROS/CROS_LP_092_Du-188_S66_L005_R1_001.fastq.gz	file	236979343	cf111d9f3b75614940bc4c9c3e191d1fa02fed816407f5b85c1901ededa1da10	yes
source_data/raw_reads/genomicsDrive_data_dump/QB3.Berkeley.251217/QB3.Results.260109/CROS/CROS_LP_092_Du-188_S66_L005_R2_001.fastq.gz	file	237986972	0e8726be61f1ada39c0b8fe5db4b2d34887cf20a474d62a9acc579e83fd385cf	yes
source_data/raw_reads/genomicsDrive_data_dump/QB3.Berkeley.251217/QB3.Results.260109/CROS/CROS_LP_093_Du-189_S77_L005_R1_001.fastq.gz	file	479597007	758630b5b7329729ea08ee742c323ac129df5b178dc404d44aa0520ec030022c	yes
source_data/raw_reads/genomicsDrive_data_dump/QB3.Berkeley.251217/QB3.Results.260109/CROS/CROS_LP_093_Du-189_S77_L005_R2_001.fastq.gz	file	478372882	49b25b62825cdaaf2200ee17c46b57f4d69b0876e5e4586e26e8a02b7d95b613	yes
source_data/raw_reads/genomicsDrive_data_dump/QB3.Berkeley.251217/QB3.Results.260109/CROS/CROS_LP_094_Du-190_S87_L005_R1_001.fastq.gz	file	620814316	c5e0d84a5a7b0db2c61a57d9aff5b1622eba8a91d1b1fb7921cc6fb859449135	yes
source_data/raw_reads/genomicsDrive_data_dump/QB3.Berkeley.251217/QB3.Results.260109/CROS/CROS_LP_094_Du-190_S87_L005_R2_001.fastq.gz	file	622122948	3ccbd436fd6d5180a7cf4b2fe3f729387caa5b787756516354b2b931a803ee84	yes
source_data/raw_reads/genomicsDrive_data_dump/QB3.Berkeley.251217/QB3.Results.260109/CY_ALA/CY_ALA_LP_298-Du-767_S289_L005_R1_001.fastq.gz	file	338783359	a191283e7ebfec30723e8d5ac48ffd0e45dcdd9aa0939b929c4c1cc06eb9ae8b	yes
source_data/raw_reads/genomicsDrive_data_dump/QB3.Berkeley.251217/QB3.Results.260109/CY_ALA/CY_ALA_LP_298-Du-767_S289_L005_R2_001.fastq.gz	file	343669347	fa5d0f8392e0c199fb1c2b934ae4c044f0e452971dc2ff6ab1ec7439bf3500ae	yes
source_data/raw_reads/genomicsDrive_data_dump/QB3.Berkeley.251217/QB3.Results.260109/CY_ALA/CY_ALA_LP_299-Du-768_S221_L005_R1_001.fastq.gz	file	333728197	898754ffe47d062944e37e1630a5cdd09fe8e81570150d505b6f379dc1108b5c	yes
source_data/raw_reads/genomicsDrive_data_dump/QB3.Berkeley.251217/QB3.Results.260109/CY_ALA/CY_ALA_LP_299-Du-768_S221_L005_R2_001.fastq.gz	file	335951224	ec7339da21b045489257351515b81f71cf1d9b067e54761978a01af1418aa9b3	yes
source_data/raw_reads/genomicsDrive_data_dump/QB3.Berkeley.251217/QB3.Results.260109/CY_ALA/CY_ALA_LP_357_Du-769_S231_L005_R1_001.fastq.gz	file	512844695	f42aee92de7cf0fce96e3c34af0b079c38055b771679c8a04a9738e604649410	yes
source_data/raw_reads/genomicsDrive_data_dump/QB3.Berkeley.251217/QB3.Results.260109/CY_ALA/CY_ALA_LP_357_Du-769_S231_L005_R2_001.fastq.gz	file	509081689	bf43056b7e984373e37b666f629e01f1158cf7f3f361e79bbb5eee0949b05f5f	yes
source_data/raw_reads/genomicsDrive_data_dump/QB3.Berkeley.251217/QB3.Results.260109/CY_BAL/CY_BAL_LP_226_Du-602_S281_L005_R1_001.fastq.gz	file	156080214	93b5a568a182d75f655408907eb02f2faf3c3cc59e42f7d48b3ea31bfa1c1817	yes
source_data/raw_reads/genomicsDrive_data_dump/QB3.Berkeley.251217/QB3.Results.260109/CY_BAL/CY_BAL_LP_226_Du-602_S281_L005_R2_001.fastq.gz	file	154986944	f12e7c876b19078f549faf03d818d0442c44107580d5b9e6e6a0dd27f020a6ab	yes
source_data/raw_reads/genomicsDrive_data_dump/QB3.Berkeley.251217/QB3.Results.260109/CY_BAL/CY_BAL_LP_227_Du-603_S213_L005_R1_001.fastq.gz	file	68546419	76d5d1e8dbc30717fee12cc164b90a70936e8b8cc684b93d162ae6d63b46a25d	yes
source_data/raw_reads/genomicsDrive_data_dump/QB3.Berkeley.251217/QB3.Results.260109/CY_BAL/CY_BAL_LP_227_Du-603_S213_L005_R2_001.fastq.gz	file	68894059	0226a9afc4a5e0c6382bf96ee82e6d646069e318b841cf2620856c6fa480e10e	yes
source_data/raw_reads/genomicsDrive_data_dump/QB3.Berkeley.251217/QB3.Results.260109/CY_BAL/CY_BAL_LP_228_Du-604_S223_L005_R1_001.fastq.gz	file	43641457	52c12df5a87f0ab0fe8914bc388e867bcba7eebb5b7049e93c1e99734b7f8054	yes
source_data/raw_reads/genomicsDrive_data_dump/QB3.Berkeley.251217/QB3.Results.260109/CY_BAL/CY_BAL_LP_228_Du-604_S223_L005_R2_001.fastq.gz	file	43801537	ca926394b2a4a70b2e39672372d5029751976f1a1422f35e941c4587a2f087dd	yes
source_data/raw_reads/genomicsDrive_data_dump/QB3.Berkeley.251217/QB3.Results.260109/CY_BGL/CY_BGL_LP_210_Du-577_S193_L005_R1_001.fastq.gz	file	344904018	d35416948d7f8475e0fa502b350b96bece74b09e6a99ef44d93a43c13fc2d6da	yes
source_data/raw_reads/genomicsDrive_data_dump/QB3.Berkeley.251217/QB3.Results.260109/CY_BGL/CY_BGL_LP_210_Du-577_S193_L005_R2_001.fastq.gz	file	342312953	a07e61c36098eb70b2684fb6fbdff6557e82d9cd6a5cfe9430437c45f9b5031a	yes
source_data/raw_reads/genomicsDrive_data_dump/QB3.Berkeley.251217/QB3.Results.260109/CY_BGL/CY_BGL_LP_212_Du-579_S131_L005_R1_001.fastq.gz	file	363827419	f7344dcd51f2ef950a5205ce10abd93cd487973e54634606dde6c9f47b810fae	yes
source_data/raw_reads/genomicsDrive_data_dump/QB3.Berkeley.251217/QB3.Results.260109/CY_BGL/CY_BGL_LP_212_Du-579_S131_L005_R2_001.fastq.gz	file	361856261	b73430232de4fdffb33ed845c510ca544aea1576f3ed56e5586db3352321868f	yes
source_data/raw_reads/genomicsDrive_data_dump/QB3.Berkeley.251217/QB3.Results.260109/CY_BOU/CY_BOU_LP_288_Du-737_S268_L005_R1_001.fastq.gz	file	59625004	894f46e46930f9c47e2aa0e6b33aad7aa337a234cfe398d423f934f46d34b1b0	yes
source_data/raw_reads/genomicsDrive_data_dump/QB3.Berkeley.251217/QB3.Results.260109/CY_BOU/CY_BOU_LP_288_Du-737_S268_L005_R2_001.fastq.gz	file	59357904	6a4d9a0ffd2eb75bea73735754c592fdf0862d087ce958c4182c8c1178fa51b9	yes
source_data/raw_reads/genomicsDrive_data_dump/QB3.Berkeley.251217/QB3.Results.260109/CY_BOU/CY_BOU_LP_290_Du-739_S288_L005_R1_001.fastq.gz	file	350093335	1b1ac700681df811ace53c31777b5e7b830157bb1129cbddfb265fc09940743c	yes
source_data/raw_reads/genomicsDrive_data_dump/QB3.Berkeley.251217/QB3.Results.260109/CY_BOU/CY_BOU_LP_290_Du-739_S288_L005_R2_001.fastq.gz	file	350848088	530783acd270de5d35f830d5c54e278a90723bfb0b4c3f4f95f8b1c757965b23	yes
source_data/raw_reads/genomicsDrive_data_dump/QB3.Berkeley.251217/QB3.Results.260109/CY_BOU/CY_BOU_LP_291_Du-740_S220_L005_R1_001.fastq.gz	file	145381562	cb2dd8dd93dedf6f53dee49206f58e19f85c976ab026283c342075f41ecb3587	yes
source_data/raw_reads/genomicsDrive_data_dump/QB3.Berkeley.251217/QB3.Results.260109/CY_BOU/CY_BOU_LP_291_Du-740_S220_L005_R2_001.fastq.gz	file	144517766	49a3b129ba60d7ab16ce867b47291dfffbd70c0904f28ed83dddc4513d32cf14	yes
source_data/raw_reads/genomicsDrive_data_dump/QB3.Berkeley.251217/QB3.Results.260109/CY_BOU/CY_BOU_LP_292_Du-741_S230_L005_R1_001.fastq.gz	file	272296822	afbb5408967efc8ec433607b7b7ed955d40d829af7854ea53390deeda9db8290	yes
source_data/raw_reads/genomicsDrive_data_dump/QB3.Berkeley.251217/QB3.Results.260109/CY_BOU/CY_BOU_LP_292_Du-741_S230_L005_R2_001.fastq.gz	file	273448731	cb739149e29d6e4a8e20adfaf47f496a2683272b3954513b81c070a0522d81a6	yes
source_data/raw_reads/genomicsDrive_data_dump/QB3.Berkeley.251217/QB3.Results.260109/CY_BOU/CY_BOU_LP_354_Du-742_S278_L005_R1_001.fastq.gz	file	311975971	669da0e817c1702575f9dd5103118ad1a2aa1c3a043dcecb1949fbfc7bca5657	yes
source_data/raw_reads/genomicsDrive_data_dump/QB3.Berkeley.251217/QB3.Results.260109/CY_BOU/CY_BOU_LP_354_Du-742_S278_L005_R2_001.fastq.gz	file	310552905	7627f2cdae7b7dd7639c541e9a451d9bd542450960ab67f78bd9e3c1215c1e4f	yes
source_data/raw_reads/genomicsDrive_data_dump/QB3.Berkeley.251217/QB3.Results.260109/CY_CAS/CY_CAS_LP_328_Du-610_S234_L005_R1_001.fastq.gz	file	512404465	becf95a2d6c5dee630e8d341128321d7a18d63dcdfdd8139b6591087b80bc0b8	yes
source_data/raw_reads/genomicsDrive_data_dump/QB3.Berkeley.251217/QB3.Results.260109/CY_CAS/CY_CAS_LP_328_Du-610_S234_L005_R2_001.fastq.gz	file	530179897	d3c1b4c955791b4c19fb41c91be89f19036883ada86c824e2e01d6c1518cacf6	yes
source_data/raw_reads/genomicsDrive_data_dump/QB3.Berkeley.251217/QB3.Results.260109/CY_CAS/CY_CAS_LP_329_Du-611_S245_L005_R1_001.fastq.gz	file	381837497	2e4c8acb963680f7fcfeed38cae992c758ed309e813dcbadd166ad51a0aa0312	yes
source_data/raw_reads/genomicsDrive_data_dump/QB3.Berkeley.251217/QB3.Results.260109/CY_CAS/CY_CAS_LP_329_Du-611_S245_L005_R2_001.fastq.gz	file	394882186	a1014c62e820168e21694daa2f010d0699d47edeae1be862fe9ebde5d47e9132	yes
source_data/raw_reads/genomicsDrive_data_dump/QB3.Berkeley.251217/QB3.Results.260109/CY_CAS/CY_CAS_LP_330_Du-607_S254_L005_R1_001.fastq.gz	file	126633348	4afbfda85f7bde1b7311ae146c99c4b21115255e9a1f3839b1ae103fd8b9136e	yes
source_data/raw_reads/genomicsDrive_data_dump/QB3.Berkeley.251217/QB3.Results.260109/CY_CAS/CY_CAS_LP_330_Du-607_S254_L005_R2_001.fastq.gz	file	136099586	9a497996e56210f842afbea0a59bcc6e53b0e1ddb39f8b56beac0b6ff9a6ab87	yes
source_data/raw_reads/genomicsDrive_data_dump/QB3.Berkeley.251217/QB3.Results.260109/CY_CAS/CY_CAS_LP_331_Du-608_S262_L005_R1_001.fastq.gz	file	197586199	a7f8a10e0dd0dce09a830af491e41f36110a3ab8498fd88c8837ce109041ea04	yes
source_data/raw_reads/genomicsDrive_data_dump/QB3.Berkeley.251217/QB3.Results.260109/CY_CAS/CY_CAS_LP_331_Du-608_S262_L005_R2_001.fastq.gz	file	206369049	88b60d44acda4d9bede60a89922e72c788e7151fcf18c57d27a72ae88ca847cf	yes
source_data/raw_reads/genomicsDrive_data_dump/QB3.Berkeley.251217/QB3.Results.260109/CY_CAS/CY_CAS_LP_332_Du-609_S273_L005_R1_001.fastq.gz	file	385828405	4c539150c73a7a98138cfb88aa883a15c6d17478c16e571aa4916a59e03e9cea	yes
source_data/raw_reads/genomicsDrive_data_dump/QB3.Berkeley.251217/QB3.Results.260109/CY_CAS/CY_CAS_LP_332_Du-609_S273_L005_R2_001.fastq.gz	file	422427381	e836a0730fcaae08fbf8ba08edc4feaaf76b2e451ee06cc94ba4bb31f11f7814	yes
source_data/raw_reads/genomicsDrive_data_dump/QB3.Berkeley.251217/QB3.Results.260109/CY_HICN/CY_HICN_LP_236_Du-614_S224_L005_R1_001.fastq.gz	file	581135289	b7c4e898fe779585ddf3b123da50a4b476812c5fdd535b77ffb2168c59d9f484	yes
source_data/raw_reads/genomicsDrive_data_dump/QB3.Berkeley.251217/QB3.Results.260109/CY_HICN/CY_HICN_LP_236_Du-614_S224_L005_R2_001.fastq.gz	file	575746915	7e17f79ab07becc349a394eeb0cbe939b38025f4013ddbce929763fbd25651d7	yes
source_data/raw_reads/genomicsDrive_data_dump/QB3.Berkeley.251217/QB3.Results.260109/CY_HICN/CY_HICN_LP_333_Du-612_S282_L005_R1_001.fastq.gz	file	179625181	5f6f59ea96f22bf10d22beefb3538684f9f53a7d6eb176829b399610f6d36225	yes
source_data/raw_reads/genomicsDrive_data_dump/QB3.Berkeley.251217/QB3.Results.260109/CY_HICN/CY_HICN_LP_333_Du-612_S282_L005_R2_001.fastq.gz	file	186415620	6c494492ad85f06a400c21ab35d35382183df86817aeb7ae4b8fee54ddb1c0b4	yes
source_data/raw_reads/genomicsDrive_data_dump/QB3.Berkeley.251217/QB3.Results.260109/CY_HICN/CY_HICN_LP_334_Du-613_S214_L005_R1_001.fastq.gz	file	303620830	8f133f6528e91f8083dad3107bc44dbbae806e6bf5c99332c087683dca8b9848	yes
source_data/raw_reads/genomicsDrive_data_dump/QB3.Berkeley.251217/QB3.Results.260109/CY_HICN/CY_HICN_LP_334_Du-613_S214_L005_R2_001.fastq.gz	file	329407390	9a1ba641f09331d994526e03b31a028505a30d37f94f04f395727e85e68b283a	yes
source_data/raw_reads/genomicsDrive_data_dump/QB3.Berkeley.251217/QB3.Results.260109/CY_HICN/CY_HICN_LP_335_Du-615_S235_L005_R1_001.fastq.gz	file	448686193	d09be2d3d61aa9197338e8d4e57d15f7c97f99608eee8415c7ec84b4b221cf71	yes
source_data/raw_reads/genomicsDrive_data_dump/QB3.Berkeley.251217/QB3.Results.260109/CY_HICN/CY_HICN_LP_335_Du-615_S235_L005_R2_001.fastq.gz	file	479173560	c166ea95521324cd07240662aa93546ce59a4df0c2d4f7400acf13d5eb78a8f9	yes
source_data/raw_reads/genomicsDrive_data_dump/QB3.Berkeley.251217/QB3.Results.260109/CY_HICN/CY_HICN_LP_336_Du-616_S246_L005_R1_001.fastq.gz	file	449310274	da5fb62f2049a405758c7952a26d8aeed565ae8383c5bcd536b179d504dbe2a9	yes
source_data/raw_reads/genomicsDrive_data_dump/QB3.Berkeley.251217/QB3.Results.260109/CY_HICN/CY_HICN_LP_336_Du-616_S246_L005_R2_001.fastq.gz	file	460154846	5a33728a6ce5fcdd07dddcf8b7cd60636ee17c02d4e52cd0fb85aa1b8ffd78f0	yes
source_data/raw_reads/genomicsDrive_data_dump/QB3.Berkeley.251217/QB3.Results.260109/CY_HICS/CY_HICS_LP_293_Du-757_S242_L005_R1_001.fastq.gz	file	248102288	949ca424aa6b7dddf68db554fa2199b95c1a60a7bd6051ed0b009869c4521c02	yes
source_data/raw_reads/genomicsDrive_data_dump/QB3.Berkeley.251217/QB3.Results.260109/CY_HICS/CY_HICS_LP_293_Du-757_S242_L005_R2_001.fastq.gz	file	251439133	4a283ba3b9a84168c66837e5108e51742595175cb71291af6768c1e1c362cb95	yes
source_data/raw_reads/genomicsDrive_data_dump/QB3.Berkeley.251217/QB3.Results.260109/CY_HICS/CY_HICS_LP_295_Du-759_S259_L005_R1_001.fastq.gz	file	21428815	9cfcde75db771259dcc267c5be3e7e30b366e0b11412809e9981d827b88261ec	yes
source_data/raw_reads/genomicsDrive_data_dump/QB3.Berkeley.251217/QB3.Results.260109/CY_HICS/CY_HICS_LP_295_Du-759_S259_L005_R2_001.fastq.gz	file	21816551	417ed49f44f9fe4ef45d92612b792add9d3ba0cee403052b07bc8983754f0cae	yes
source_data/raw_reads/genomicsDrive_data_dump/QB3.Berkeley.251217/QB3.Results.260109/CY_HICS/CY_HICS_LP_297_Du-761_S279_L005_R1_001.fastq.gz	file	71663915	d5a93cb10be22eae85d3953344f3c986d2683d90b018ef21b6407000e44d2586	yes
source_data/raw_reads/genomicsDrive_data_dump/QB3.Berkeley.251217/QB3.Results.260109/CY_HICS/CY_HICS_LP_297_Du-761_S279_L005_R2_001.fastq.gz	file	72053078	749f6a3c66162e06a90f8aeca542d8069a3ed78c400cf8c259034c3814482bed	yes
source_data/raw_reads/genomicsDrive_data_dump/QB3.Berkeley.251217/QB3.Results.260109/CY_HICS/CY_HICS_LP_355_Du-762_S251_L005_R1_001.fastq.gz	file	405563112	d03f383746b210bd467b7b616a6eab76aef0c60d8ebbab923c0f10d078fe4de1	yes
source_data/raw_reads/genomicsDrive_data_dump/QB3.Berkeley.251217/QB3.Results.260109/CY_HICS/CY_HICS_LP_355_Du-762_S251_L005_R2_001.fastq.gz	file	407353633	108a6af456638ca45fee6334e687a19c1fc1c16aa085eed3e7c15369eea3744d	yes
source_data/raw_reads/genomicsDrive_data_dump/QB3.Berkeley.251217/QB3.Results.260109/CY_HICS/CY_HICS_LP_356_Du-763_S269_L005_R1_001.fastq.gz	file	188017322	66116392da5180ede5795a8797edd1fe1a1c29848add8c80f9bb16e0f36d4431	yes
source_data/raw_reads/genomicsDrive_data_dump/QB3.Berkeley.251217/QB3.Results.260109/CY_HICS/CY_HICS_LP_356_Du-763_S269_L005_R2_001.fastq.gz	file	188089784	f2ae66b6653c43c3ce6c25097afd668d65f1789e0d15f1ae854e2e84d8dbae56	yes
source_data/raw_reads/genomicsDrive_data_dump/QB3.Berkeley.251217/QB3.Results.260109/CY_HUN/CY_HUN_LP_264_Du-683_S265_L005_R1_001.fastq.gz	file	40833185	480aa36f1d35dc7442ba052652067229c0870a283dc5c2add9deb9ef6280679d	yes
source_data/raw_reads/genomicsDrive_data_dump/QB3.Berkeley.251217/QB3.Results.260109/CY_HUN/CY_HUN_LP_264_Du-683_S265_L005_R2_001.fastq.gz	file	40810367	f6fccb6a2beabec268ea10507e730e419813427b629c0a6f11d2cb75e077110d	yes
source_data/raw_reads/genomicsDrive_data_dump/QB3.Berkeley.251217/QB3.Results.260109/CY_HUN/CY_HUN_LP_265_Du-684_S276_L005_R1_001.fastq.gz	file	2028611	1efbe22182cc539856a205ea076709bcf7d4fc75924382b55bd197004be89be1	yes
source_data/raw_reads/genomicsDrive_data_dump/QB3.Berkeley.251217/QB3.Results.260109/CY_HUN/CY_HUN_LP_265_Du-684_S276_L005_R2_001.fastq.gz	file	2063229	278fb5f48775948fca0e7a1736c8d3ba59bda85f3348c0c8dbb13562ad65f5af	yes
source_data/raw_reads/genomicsDrive_data_dump/QB3.Berkeley.251217/QB3.Results.260109/CY_HUN/CY_HUN_LP_266_Du-685_S285_L005_R1_001.fastq.gz	file	51716021	f14af756222b164744487a3fef2f7fd7402bb1bc248244a470fb5d7dd1775fdc	yes
source_data/raw_reads/genomicsDrive_data_dump/QB3.Berkeley.251217/QB3.Results.260109/CY_HUN/CY_HUN_LP_266_Du-685_S285_L005_R2_001.fastq.gz	file	51726649	b5596955ebdf0a9fab0c6a50aa2c8faf5da156eda3d012c7fa98b35e6fa1e296	yes
source_data/raw_reads/genomicsDrive_data_dump/QB3.Berkeley.251217/QB3.Results.260109/CY_HUN/CY_HUN_LP_267_Du-686_S218_L005_R1_001.fastq.gz	file	82003414	0e331d858ed810c426e48374e2f577dca7df6305d7cf1d6bec3d19d4b53464f2	yes
source_data/raw_reads/genomicsDrive_data_dump/QB3.Berkeley.251217/QB3.Results.260109/CY_HUN/CY_HUN_LP_267_Du-686_S218_L005_R2_001.fastq.gz	file	85387152	2237271afe1fb7827cd2b46491e52be311b526b6f6892be0137fc17d4d4b271c	yes
source_data/raw_reads/genomicsDrive_data_dump/QB3.Berkeley.251217/QB3.Results.260109/CY_HUN/CY_HUN_LP_268_Du-687_S228_L005_R1_001.fastq.gz	file	48427242	0689443ff320a707f1dfcf759bf115c60e8ad7a3d264bacc18a91775623f25cb	yes
source_data/raw_reads/genomicsDrive_data_dump/QB3.Berkeley.251217/QB3.Results.260109/CY_HUN/CY_HUN_LP_268_Du-687_S228_L005_R2_001.fastq.gz	file	49732672	ed1d205d2977def900aa4bdd7c3d869f22f24f51be7a6cf2fbb16ec7abc0eb26	yes
source_data/raw_reads/genomicsDrive_data_dump/QB3.Berkeley.251217/QB3.Results.260109/CY_RED/CY_RED_LP_202_Du-561_S192_L005_R1_001.fastq.gz	file	1852453	5d1263e393ed7a8ec5a5dba0d88a09833bb5ddcd6d14084b220305ecb9a83500	yes
source_data/raw_reads/genomicsDrive_data_dump/QB3.Berkeley.251217/QB3.Results.260109/CY_RED/CY_RED_LP_202_Du-561_S192_L005_R2_001.fastq.gz	file	1834681	dfa234e090bea9591bd52e25d2f6ec4307612800a75571adcfd66fa1826c00a4	yes
source_data/raw_reads/genomicsDrive_data_dump/QB3.Berkeley.251217/QB3.Results.260109/CY_SIE/CY_SIE_LP_188_Du-445_S129_L005_R1_001.fastq.gz	file	699626137	32c9fd741b8d5bebe1d7d3a9bc4798e8117d7bed6f1b870649ad996d90358b20	yes
source_data/raw_reads/genomicsDrive_data_dump/QB3.Berkeley.251217/QB3.Results.260109/CY_SIE/CY_SIE_LP_188_Du-445_S129_L005_R2_001.fastq.gz	file	706148405	08c3d66ba9649ca00ad7d243055616a88527b0e862b424330c96caac83f3a01c	yes
source_data/raw_reads/genomicsDrive_data_dump/QB3.Berkeley.251217/QB3.Results.260109/CY_SIE/CY_SIE_LP_189_Du-446_S139_L005_R1_001.fastq.gz	file	1022246382	0854769f197c61d4d5a98e25fe8f0ac48b63115c11dac3e247a041d2ceac3de4	yes
source_data/raw_reads/genomicsDrive_data_dump/QB3.Berkeley.251217/QB3.Results.260109/CY_SIE/CY_SIE_LP_189_Du-446_S139_L005_R2_001.fastq.gz	file	1024834246	e60bb98f11223ac5c9021cb8c2496524578ad638551827966b160b9e02ee2d0c	yes
source_data/raw_reads/genomicsDrive_data_dump/QB3.Berkeley.251217/QB3.Results.260109/CY_SIE/CY_SIE_LP_190_Du-447_S150_L005_R1_001.fastq.gz	file	418754740	2afa73d6716fed32f38d149cbb558513363bb4fa800d7826d9b9cc3566890f04	yes
source_data/raw_reads/genomicsDrive_data_dump/QB3.Berkeley.251217/QB3.Results.260109/CY_SIE/CY_SIE_LP_190_Du-447_S150_L005_R2_001.fastq.gz	file	421231092	052aa8852975d0778d57dbe4c4973094caaac41b384adc9156e5f62a02455883	yes
source_data/raw_reads/genomicsDrive_data_dump/QB3.Berkeley.251217/QB3.Results.260109/CY_SIE/CY_SIE_LP_191_Du-448_S160_L005_R1_001.fastq.gz	file	191518757	68282f19405d62a490a71bccb0ea42bced210cb4b398abbab5e487f4a8955728	yes
source_data/raw_reads/genomicsDrive_data_dump/QB3.Berkeley.251217/QB3.Results.260109/CY_SIE/CY_SIE_LP_191_Du-448_S160_L005_R2_001.fastq.gz	file	194778558	e88fdb12547205d63aadf91c1e3faab6faf5dc591cd9a326d79f35a711a51111	yes
source_data/raw_reads/genomicsDrive_data_dump/QB3.Berkeley.251217/QB3.Results.260109/CY_WOO/CY_WOO_LP_259_Du-664_S217_L005_R1_001.fastq.gz	file	55188443	2a0c56db26c18ada85d846dec6723ed18e812c85881fcf93a2615eda02fb616a	yes
source_data/raw_reads/genomicsDrive_data_dump/QB3.Berkeley.251217/QB3.Results.260109/CY_WOO/CY_WOO_LP_259_Du-664_S217_L005_R2_001.fastq.gz	file	55285841	d42a2fce1c43e415ee1cc6ef4ac0bd2448aecea7fa29c2740de37eb90ddced28	yes
source_data/raw_reads/genomicsDrive_data_dump/QB3.Berkeley.251217/QB3.Results.260109/CY_WOO/CY_WOO_LP_260_Du-665_S227_L005_R1_001.fastq.gz	file	44678766	3276ce6f7d328caad1b1081bc306229e9eab961c72f35b0cf37fa4e34b3798f0	yes
source_data/raw_reads/genomicsDrive_data_dump/QB3.Berkeley.251217/QB3.Results.260109/CY_WOO/CY_WOO_LP_260_Du-665_S227_L005_R2_001.fastq.gz	file	46168055	c34a06506523ad7d769043ec7334b4c38c42393ba10c7ba4518e3bb66fdbaf4e	yes
source_data/raw_reads/genomicsDrive_data_dump/QB3.Berkeley.251217/QB3.Results.260109/CY_WOO/CY_WOO_LP_261_Du-667_S238_L005_R1_001.fastq.gz	file	327713241	b3d8da2bed6dd08db281790086981060dbf7ce83b277d724f364e9ffc539c881	yes
source_data/raw_reads/genomicsDrive_data_dump/QB3.Berkeley.251217/QB3.Results.260109/CY_WOO/CY_WOO_LP_261_Du-667_S238_L005_R2_001.fastq.gz	file	351822499	f94da8dbbf1d0ea66afb36cf64a92b08c412355633a45e62dfd7d6feb112fdf1	yes
source_data/raw_reads/genomicsDrive_data_dump/QB3.Berkeley.251217/QB3.Results.260109/CY_WOO/CY_WOO_LP_262_Du-668_S249_L005_R1_001.fastq.gz	file	88652235	16b5c3b0f78c413095050633ea199fd2524b4f3537c6714497f7921a44f01a77	yes
source_data/raw_reads/genomicsDrive_data_dump/QB3.Berkeley.251217/QB3.Results.260109/CY_WOO/CY_WOO_LP_262_Du-668_S249_L005_R2_001.fastq.gz	file	95238842	d4de1bfbd0910b119579066f66a22cda031d03af40d5149a8f7fc796978368e9	yes
source_data/raw_reads/genomicsDrive_data_dump/QB3.Berkeley.251217/QB3.Results.260109/CY_WOO/CY_WOO_LP_263_Du-669_S257_L005_R1_001.fastq.gz	file	102203697	cc0c65ef2fe3549cda990bf2d2624c1549fc7b5a8b788b89f72b6a7cd45e35b6	yes
source_data/raw_reads/genomicsDrive_data_dump/QB3.Berkeley.251217/QB3.Results.260109/CY_WOO/CY_WOO_LP_263_Du-669_S257_L005_R2_001.fastq.gz	file	104018999	9aff611e2fa2a8ec95c442cd16ca68730f7110edf780e8de9f4a3df66e03beec	yes
source_data/raw_reads/genomicsDrive_data_dump/QB3.Berkeley.251217/QB3.Results.260109/DAN/DAN_LP_043_Du-68_S50_L005_R1_001.fastq.gz	file	84492688	4f79e02e46a782184da36af5d241df1abdb56b9d9e30ef8e6fe80bd4da52275a	yes
source_data/raw_reads/genomicsDrive_data_dump/QB3.Berkeley.251217/QB3.Results.260109/DAN/DAN_LP_043_Du-68_S50_L005_R2_001.fastq.gz	file	85121140	a54d6e85d82127a55aaaf2d25e48d5a855cf86890357c95a63107cb9402c66c6	yes
source_data/raw_reads/genomicsDrive_data_dump/QB3.Berkeley.251217/QB3.Results.260109/DAN/DAN_LP_044_Du-69_S61_L005_R1_001.fastq.gz	file	131073385	5b1c9daf16ea62aba5a0dd7ff9e7af6ef5e5bb103966b6796f477fbef48d83e7	yes
source_data/raw_reads/genomicsDrive_data_dump/QB3.Berkeley.251217/QB3.Results.260109/DAN/DAN_LP_044_Du-69_S61_L005_R2_001.fastq.gz	file	131354834	2285116185e514706f4dff4daf496e829e380725b4eed3b499b6a39231f3c507	yes
source_data/raw_reads/genomicsDrive_data_dump/QB3.Berkeley.251217/QB3.Results.260109/DAN/DAN_LP_045_Du-70_S71_L005_R1_001.fastq.gz	file	908247642	671a7b90dd06aed6e169852c4d5623dffdea28ed90dfa2bc2d6348e8cef9d584	yes
source_data/raw_reads/genomicsDrive_data_dump/QB3.Berkeley.251217/QB3.Results.260109/DAN/DAN_LP_045_Du-70_S71_L005_R2_001.fastq.gz	file	906171633	0cad476324d2fa9856d4263f2fa4efad8078e6dd293c2e92eb59f07c96ffc43c	yes
source_data/raw_reads/genomicsDrive_data_dump/QB3.Berkeley.251217/QB3.Results.260109/DAN/DAN_LP_046_Du-71_S82_L005_R1_001.fastq.gz	file	1222891283	4ba60b0024b039cea982d4e35353bd788d9082279ef8dd289fa61cf66c100b7c	yes
source_data/raw_reads/genomicsDrive_data_dump/QB3.Berkeley.251217/QB3.Results.260109/DAN/DAN_LP_046_Du-71_S82_L005_R2_001.fastq.gz	file	1216518148	cd3e0a38f9e2d38927d9ae530ba65cf39ad77034112e6c8b6aab369949108063	yes
source_data/raw_reads/genomicsDrive_data_dump/QB3.Berkeley.251217/QB3.Results.260109/DAN/DAN_LP_047_Du-72_S91_L005_R1_001.fastq.gz	file	102257945	cb4cde739359c12c0afed5a650a3e7d103fc55caca2923611ee9950610975ee3	yes
source_data/raw_reads/genomicsDrive_data_dump/QB3.Berkeley.251217/QB3.Results.260109/DAN/DAN_LP_047_Du-72_S91_L005_R2_001.fastq.gz	file	103309609	b18697c55166433d50d36040c17856647c27a934fb9a0ee9b8d45cc4961532b9	yes
source_data/raw_reads/genomicsDrive_data_dump/QB3.Berkeley.251217/QB3.Results.260109/DOV/DOV_LP_078_Du-174_S85_L005_R1_001.fastq.gz	file	35441272	322283b3b77a564af400118e97acd27a702f361c633dd47eb3d53f2e7e2dc097	yes
source_data/raw_reads/genomicsDrive_data_dump/QB3.Berkeley.251217/QB3.Results.260109/DOV/DOV_LP_078_Du-174_S85_L005_R2_001.fastq.gz	file	36092617	d13a8c71da22567c8df21d02664703746001db1c846db4928bb9abd14af27596	yes
source_data/raw_reads/genomicsDrive_data_dump/QB3.Berkeley.251217/QB3.Results.260109/DOV/DOV_LP_079_Du-175_S95_L005_R1_001.fastq.gz	file	437297766	17e881f96e65f3deea241dd11b27911d3481e843b05b7aad8295178d3b5d8bf4	yes
source_data/raw_reads/genomicsDrive_data_dump/QB3.Berkeley.251217/QB3.Results.260109/DOV/DOV_LP_079_Du-175_S95_L005_R2_001.fastq.gz	file	436381570	49f16206da5587f9d7a981793026323dd187c062f53ce3fa823ce0a54c8604b7	yes
source_data/raw_reads/genomicsDrive_data_dump/QB3.Berkeley.251217/QB3.Results.260109/DOV/DOV_LP_080_Du-176_S105_L005_R1_001.fastq.gz	file	1402199610	e67faa0c87717f2a7fca66cc21b1e12c1dc242b5fe116c3284dc2d9b29f6f017	yes
source_data/raw_reads/genomicsDrive_data_dump/QB3.Berkeley.251217/QB3.Results.260109/DOV/DOV_LP_080_Du-176_S105_L005_R2_001.fastq.gz	file	1406814067	76e005f57f5ab78318303495d8a7a2036a4520c998b610057b90c9fbffaf2533	yes
source_data/raw_reads/genomicsDrive_data_dump/QB3.Berkeley.251217/QB3.Results.260109/DOV/DOV_LP_081_Du-177_S34_L005_R1_001.fastq.gz	file	837913348	c74e7f780b96704aac745a9e0d8ab83518be3e8789dbeea2bc6ac29031d38ee5	yes
source_data/raw_reads/genomicsDrive_data_dump/QB3.Berkeley.251217/QB3.Results.260109/DOV/DOV_LP_081_Du-177_S34_L005_R2_001.fastq.gz	file	839326452	eca006e194e2076f907dc522b664524d35c4934c6d5043d36f814b3619a2c3ae	yes
source_data/raw_reads/genomicsDrive_data_dump/QB3.Berkeley.251217/QB3.Results.260109/DOV/DOV_LP_082_Du-178_S44_L005_R1_001.fastq.gz	file	117765847	9f4ab4cd1451aaadc2a6b4705df1cffaf663c168f3204c978bfa3a35304f9986	yes
source_data/raw_reads/genomicsDrive_data_dump/QB3.Berkeley.251217/QB3.Results.260109/DOV/DOV_LP_082_Du-178_S44_L005_R2_001.fastq.gz	file	120048247	b54a7cd2eadaac7c380efd5f4b5f5902ee3773187d9f7f28db900c636062773c	yes
source_data/raw_reads/genomicsDrive_data_dump/QB3.Berkeley.251217/QB3.Results.260109/DOV/DOV_LP_083_Du-179_S55_L005_R1_001.fastq.gz	file	682570262	8a5ac2ac21948acffed11ef300830bd4828f64662bb637c77edfbcc7411cdc11	yes
source_data/raw_reads/genomicsDrive_data_dump/QB3.Berkeley.251217/QB3.Results.260109/DOV/DOV_LP_083_Du-179_S55_L005_R2_001.fastq.gz	file	685354016	4a8ccdaf5c6b755224a93f937d5ae48316547b051201f296542b3c499f114dd8	yes
source_data/raw_reads/genomicsDrive_data_dump/QB3.Berkeley.251217/QB3.Results.260109/DOV/DOV_LP_084_Du-180_S65_L005_R1_001.fastq.gz	file	628339129	85e50fcfcace98c3145f9f93350e86a9ccff3a2be78138a5bc80eb6024f20f5e	yes
source_data/raw_reads/genomicsDrive_data_dump/QB3.Berkeley.251217/QB3.Results.260109/DOV/DOV_LP_084_Du-180_S65_L005_R2_001.fastq.gz	file	629962092	b5b9de4ff0bb2c042e06b2c4610c5f8cb9367d26396b5e0a46329015b2aa50b7	yes
source_data/raw_reads/genomicsDrive_data_dump/QB3.Berkeley.251217/QB3.Results.260109/DUD/DUD_LP_132_Du-283_S122_L005_R1_001.fastq.gz	file	79306585	24c9040fbf2a886b6d609b7bd50f7b2c1736cd0196812198e5d0a27a4a750e6a	yes
source_data/raw_reads/genomicsDrive_data_dump/QB3.Berkeley.251217/QB3.Results.260109/DUD/DUD_LP_132_Du-283_S122_L005_R2_001.fastq.gz	file	82082518	91a0b0145be6a15e0c91805371efcbad543f6b613ca69940796f299bd8c94cf1	yes
source_data/raw_reads/genomicsDrive_data_dump/QB3.Berkeley.251217/QB3.Results.260109/DUD/DUD_LP_133_Du-284_S133_L005_R1_001.fastq.gz	file	427654201	7bf5e50a7e126d84773debf4e882a53441dfee1929b79e1a062b955461b3312c	yes
source_data/raw_reads/genomicsDrive_data_dump/QB3.Berkeley.251217/QB3.Results.260109/DUD/DUD_LP_133_Du-284_S133_L005_R2_001.fastq.gz	file	422590720	ebcd602ae9711bd43c11b3d13899e347727ba496399daa2d4d26dcd4f3d7000a	yes
source_data/raw_reads/genomicsDrive_data_dump/QB3.Berkeley.251217/QB3.Results.260109/DUD/DUD_LP_134_Du-285_S142_L005_R1_001.fastq.gz	file	392129191	7c59a0064442460b4617e83f5f5a69a7f157cb75652a0b013541fe328f819246	yes
source_data/raw_reads/genomicsDrive_data_dump/QB3.Berkeley.251217/QB3.Results.260109/DUD/DUD_LP_134_Du-285_S142_L005_R2_001.fastq.gz	file	387588547	9831de7d84c63bf54678dceabe8245380655475a368c9db7aec08285df35dab2	yes
source_data/raw_reads/genomicsDrive_data_dump/QB3.Berkeley.251217/QB3.Results.260109/DUD/DUD_LP_135_Du-286_S153_L005_R1_001.fastq.gz	file	161115277	6803c09d3da2e9153d82ba9910a10090d12a784c370ec497dc92411a9d9d7947	yes
source_data/raw_reads/genomicsDrive_data_dump/QB3.Berkeley.251217/QB3.Results.260109/DUD/DUD_LP_135_Du-286_S153_L005_R2_001.fastq.gz	file	159612904	8b679e1abca3b9e25fe52fefa93834ae4e1e6020b5099d300afe1af1af871a69	yes
source_data/raw_reads/genomicsDrive_data_dump/QB3.Berkeley.251217/QB3.Results.260109/DUD/DUD_LP_136_Du-287_S163_L005_R1_001.fastq.gz	file	459738724	a9faaab561186bd5e38d2861e6213009d25e88da9d193066a3db8eb02a39bf5c	yes
source_data/raw_reads/genomicsDrive_data_dump/QB3.Berkeley.251217/QB3.Results.260109/DUD/DUD_LP_136_Du-287_S163_L005_R2_001.fastq.gz	file	455931872	92c50fa5b5f63e12057fb64a0b1383064837bcfb34cc4a03d5fa23b119033f09	yes
source_data/raw_reads/genomicsDrive_data_dump/QB3.Berkeley.251217/QB3.Results.260109/DUD/DUD_LP_137_Du-288_S174_L005_R1_001.fastq.gz	file	50448604	ed2b8d7b8ba2ae74c2e35b0a13f55b76591fb20784f261c0120d2d4ad77fc4d4	yes
source_data/raw_reads/genomicsDrive_data_dump/QB3.Berkeley.251217/QB3.Results.260109/DUD/DUD_LP_137_Du-288_S174_L005_R2_001.fastq.gz	file	50144830	35b42a33a747bc0819027e2d1628ecaca30d687bde381688afaddc08aafad2a1	yes
source_data/raw_reads/genomicsDrive_data_dump/QB3.Berkeley.251217/QB3.Results.260109/DUD/DUD_LP_138_Du-289_S185_L005_R1_001.fastq.gz	file	427131147	f554ded7448d44355f8c84a08c34bc50d16848c67c7e9c319971599c338926c5	yes
source_data/raw_reads/genomicsDrive_data_dump/QB3.Berkeley.251217/QB3.Results.260109/DUD/DUD_LP_138_Du-289_S185_L005_R2_001.fastq.gz	file	422090276	82b456a8ea2668525cd4d28099961ef010754cb6aa930a393bffddbf5f553c4d	yes
source_data/raw_reads/genomicsDrive_data_dump/QB3.Berkeley.251217/QB3.Results.260109/DUD/DUD_LP_139_Du-290_S114_L005_R1_001.fastq.gz	file	53049277	8ec5ffdf16028fe642ecc254e5bd26aab8f5e1f1413608883be7a1edc99df5c0	yes
source_data/raw_reads/genomicsDrive_data_dump/QB3.Berkeley.251217/QB3.Results.260109/DUD/DUD_LP_139_Du-290_S114_L005_R2_001.fastq.gz	file	52916471	5c58d69eac13848f8fb26d7ddf9772906727c988a0c3755ba7dc286e02757962	yes
source_data/raw_reads/genomicsDrive_data_dump/QB3.Berkeley.251217/QB3.Results.260109/KIRN/KIRN_LP_179_Du-421_S118_L005_R1_001.fastq.gz	file	657481690	a36a0a0318a72ab38d6b158e7aafe37fe144f45f8f03e214025e27ba7ceed35a	yes
source_data/raw_reads/genomicsDrive_data_dump/QB3.Berkeley.251217/QB3.Results.260109/KIRN/KIRN_LP_179_Du-421_S118_L005_R2_001.fastq.gz	file	659905309	939a7a8b849bbca064871cd587289b0441a13782e7482e6a5ffd7a99dcc50230	yes
source_data/raw_reads/genomicsDrive_data_dump/QB3.Berkeley.251217/QB3.Results.260109/KIRN/KIRN_LP_180_Du-422_S128_L005_R1_001.fastq.gz	file	497419008	3fa985050922ee9a88ffb509843e687c715b6486260070bfccd0134b46fd3dff	yes
source_data/raw_reads/genomicsDrive_data_dump/QB3.Berkeley.251217/QB3.Results.260109/KIRN/KIRN_LP_180_Du-422_S128_L005_R2_001.fastq.gz	file	499360298	1efbd1af38309700578a5a2840244c525f45e3d9c1dcec828cf66d93d1c0cc5c	yes
source_data/raw_reads/genomicsDrive_data_dump/QB3.Berkeley.251217/QB3.Results.260109/KIRN/KIRN_LP_181_Du-423_S138_L005_R1_001.fastq.gz	file	480147580	b6aae2b921bfafd69374c475a15e58ab8f7bacc8fa892e89338b5ac1692bbd6a	yes
source_data/raw_reads/genomicsDrive_data_dump/QB3.Berkeley.251217/QB3.Results.260109/KIRN/KIRN_LP_181_Du-423_S138_L005_R2_001.fastq.gz	file	483412866	3219b938729369a5c309f0b7489609a372020997e6440471098a024e12c8fa60	yes
source_data/raw_reads/genomicsDrive_data_dump/QB3.Berkeley.251217/QB3.Results.260109/KIRN/KIRN_LP_182_Du-424_S149_L005_R1_001.fastq.gz	file	545651949	5cb9892f8e6d7d980b4b1577ca6a78ca56e0b9665668e97286cb6095aa3f9c3b	yes
source_data/raw_reads/genomicsDrive_data_dump/QB3.Berkeley.251217/QB3.Results.260109/KIRN/KIRN_LP_182_Du-424_S149_L005_R2_001.fastq.gz	file	547390546	cde7070c7fbffce91e2e690ff187c1fc3247782f6b39228f58af1958f27ccf6d	yes
source_data/raw_reads/genomicsDrive_data_dump/QB3.Berkeley.251217/QB3.Results.260109/KIRN/KIRN_LP_183_Du-425_S159_L005_R1_001.fastq.gz	file	596533914	4a0188dabe65832f2d5d878ad60e33812ff9521fc0c4eab0930e7311bbf48c81	yes
source_data/raw_reads/genomicsDrive_data_dump/QB3.Berkeley.251217/QB3.Results.260109/KIRN/KIRN_LP_183_Du-425_S159_L005_R2_001.fastq.gz	file	602979863	460924986e8aab3c829a6cb805e6e44922b6c62b056f9eabb4561dcf5b61550f	yes
source_data/raw_reads/genomicsDrive_data_dump/QB3.Berkeley.251217/QB3.Results.260109/KIRN/KIRN_LP_184_Du-426_S169_L005_R1_001.fastq.gz	file	872143160	5ff1444958d12185153e1dc0df9dddb411fa4fde232aed99f8bc22a1c09e1a80	yes
source_data/raw_reads/genomicsDrive_data_dump/QB3.Berkeley.251217/QB3.Results.260109/KIRN/KIRN_LP_184_Du-426_S169_L005_R2_001.fastq.gz	file	868376798	7d21be33dff5316790c6beb0f74a108961ae1e35c983f6640d95de71f494e696	yes
source_data/raw_reads/genomicsDrive_data_dump/QB3.Berkeley.251217/QB3.Results.260109/KIRN/KIRN_LP_185_Du-427_S180_L005_R1_001.fastq.gz	file	628159150	223488767109e2d290cc09be68412b73aedfcfe9f1c91c0b86d818b28fe87432	yes
source_data/raw_reads/genomicsDrive_data_dump/QB3.Berkeley.251217/QB3.Results.260109/KIRN/KIRN_LP_185_Du-427_S180_L005_R2_001.fastq.gz	file	627353383	25520302e8722b18026710b1c9513af758588817d01e05bda42dc33dedb4885c	yes
source_data/raw_reads/genomicsDrive_data_dump/QB3.Berkeley.251217/QB3.Results.260109/KIRN/KIRN_LP_186_Du-428_S190_L005_R1_001.fastq.gz	file	640327832	7a4d1f7bd223988033a05097dbd84bce7f17f38690eef60daf59e64f54262a12	yes
source_data/raw_reads/genomicsDrive_data_dump/QB3.Berkeley.251217/QB3.Results.260109/KIRN/KIRN_LP_186_Du-428_S190_L005_R2_001.fastq.gz	file	645377390	3584dede93bda4d080e243f14dd82aab6e833244ae2459d41e3facdd4d062f4e	yes
source_data/raw_reads/genomicsDrive_data_dump/QB3.Berkeley.251217/QB3.Results.260109/KIRN/KIRN_LP_187_Du-429_S119_L005_R1_001.fastq.gz	file	765529412	343281b8eaddf30e65ae35940209ec3432947d667de30246f69165d69b1fc386	yes
source_data/raw_reads/genomicsDrive_data_dump/QB3.Berkeley.251217/QB3.Results.260109/KIRN/KIRN_LP_187_Du-429_S119_L005_R2_001.fastq.gz	file	776318584	1e1b70e8d6cf49cba2f5802a0319745c319a020f917cd099a68a3ef61d7a3d21	yes
source_data/raw_reads/genomicsDrive_data_dump/QB3.Berkeley.251217/QB3.Results.260109/KIRT/KIRT_LP_159_Du-364_S156_L005_R1_001.fastq.gz	file	65166497	5ac63aa41c909b5f0127e1a0df725564254747438a32ef3630356c01463396a9	yes
source_data/raw_reads/genomicsDrive_data_dump/QB3.Berkeley.251217/QB3.Results.260109/KIRT/KIRT_LP_159_Du-364_S156_L005_R2_001.fastq.gz	file	65921739	5668c6ac32f722d5f8964a013a9dea1155caa8f4fb579565d6af1780de271468	yes
source_data/raw_reads/genomicsDrive_data_dump/QB3.Berkeley.251217/QB3.Results.260109/KIRT/KIRT_LP_160_Du-365_S166_L005_R1_001.fastq.gz	file	67378508	f348277ded304638256982a7fe25b3f0c82df9de00bfaf81139b2fa9b4285af0	yes
source_data/raw_reads/genomicsDrive_data_dump/QB3.Berkeley.251217/QB3.Results.260109/KIRT/KIRT_LP_160_Du-365_S166_L005_R2_001.fastq.gz	file	67436257	d33ff1d6618f1247ca82f1ca9bc52c5709a8b9eb7fc9b8c219f78a9ae4b201a8	yes
source_data/raw_reads/genomicsDrive_data_dump/QB3.Berkeley.251217/QB3.Results.260109/KIRT/KIRT_LP_161_Du-366_S177_L005_R1_001.fastq.gz	file	110903323	d8ee5c2859bcd2d0fdf85498992fb373cc423c309951024dcc1e9ecac8272b2d	yes
source_data/raw_reads/genomicsDrive_data_dump/QB3.Berkeley.251217/QB3.Results.260109/KIRT/KIRT_LP_161_Du-366_S177_L005_R2_001.fastq.gz	file	110995411	59fa1479cf868fec26a4101388dfc254e21feb9a277136264bc7b2d62f996492	yes
source_data/raw_reads/genomicsDrive_data_dump/QB3.Berkeley.251217/QB3.Results.260109/KIRT/KIRT_LP_162_Du-367_S188_L005_R1_001.fastq.gz	file	80364393	595c62e41f9262b5c2fd172d07dd70d89861dfdf23ae5bcd4eae44a763d8dfe2	yes
source_data/raw_reads/genomicsDrive_data_dump/QB3.Berkeley.251217/QB3.Results.260109/KIRT/KIRT_LP_162_Du-367_S188_L005_R2_001.fastq.gz	file	80420071	388713faf22bb9192c8cc408e00c18eb8d2a4c98dc07e01d3cbcc6a561470dc1	yes
source_data/raw_reads/genomicsDrive_data_dump/QB3.Berkeley.251217/QB3.Results.260109/KIRT/KIRT_LP_163_Du-368_S117_L005_R1_001.fastq.gz	file	106828647	a1c4c7d44da2c6d248be7fe3245e4c14150ecc51013c6840030f3a6345addb85	yes
source_data/raw_reads/genomicsDrive_data_dump/QB3.Berkeley.251217/QB3.Results.260109/KIRT/KIRT_LP_163_Du-368_S117_L005_R2_001.fastq.gz	file	106813005	580244f5e11e82b09c4cb6a4a273cd80a98cf1eadc4f43478c62f65ddb515d34	yes
source_data/raw_reads/genomicsDrive_data_dump/QB3.Berkeley.251217/QB3.Results.260109/KIRT/KIRT_LP_164_Du-369_S126_L005_R1_001.fastq.gz	file	89462618	bae980a7765ea97be935648872129d3d1e6d26179e1450fad9d18a77bbc755e5	yes
source_data/raw_reads/genomicsDrive_data_dump/QB3.Berkeley.251217/QB3.Results.260109/KIRT/KIRT_LP_164_Du-369_S126_L005_R2_001.fastq.gz	file	89707191	28aa12f9b7129b833665387e8d41abb281bef6f6107e3f652c5cd0b8bc181f50	yes
source_data/raw_reads/genomicsDrive_data_dump/QB3.Berkeley.251217/QB3.Results.260109/KIRT/KIRT_LP_165_Du-370_S136_L005_R1_001.fastq.gz	file	130983417	2e0ea01d1c9491bf35db559c39cdd24a8caf6c8ce6dfabdf9de49de2f61e61dd	yes
source_data/raw_reads/genomicsDrive_data_dump/QB3.Berkeley.251217/QB3.Results.260109/KIRT/KIRT_LP_165_Du-370_S136_L005_R2_001.fastq.gz	file	131853280	ff17b6a59ecb8c28b20ae46ed93d4d82ed55d0b54566e88991da7fa0edd5163b	yes
source_data/raw_reads/genomicsDrive_data_dump/QB3.Berkeley.251217/QB3.Results.260109/KIRT/KIRT_LP_166_Du-371_S147_L005_R1_001.fastq.gz	file	59219524	09aa757978758e244b20a994122465c4aef03e1b19965b6660f29eee3ed52b46	yes
source_data/raw_reads/genomicsDrive_data_dump/QB3.Berkeley.251217/QB3.Results.260109/KIRT/KIRT_LP_166_Du-371_S147_L005_R2_001.fastq.gz	file	59803964	b98321493a98e45b77981cf3a62f10f641dbd9d89b7e1c1359795cf2b767b9f8	yes
source_data/raw_reads/genomicsDrive_data_dump/QB3.Berkeley.251217/QB3.Results.260109/KIRT/KIRT_LP_167_Du-372_S157_L005_R1_001.fastq.gz	file	63500553	eeff622e9e9944b83a6f1705c37fe3c95ee1960b2c8fdda0ecffb26a78a83e02	yes
source_data/raw_reads/genomicsDrive_data_dump/QB3.Berkeley.251217/QB3.Results.260109/KIRT/KIRT_LP_167_Du-372_S157_L005_R2_001.fastq.gz	file	63281664	3e92c9cc240827b7bd7e732620ae80b9ff487fa58ab3fd0866c04da0baf677fd	yes
source_data/raw_reads/genomicsDrive_data_dump/QB3.Berkeley.251217/QB3.Results.260109/KIRT/KIRT_LP_168_Du-373_S167_L005_R1_001.fastq.gz	file	112776025	5d9e72869fb70b20db3dc1ed16ba86ee324160bd7fa61000201eb371be4528ab	yes
source_data/raw_reads/genomicsDrive_data_dump/QB3.Berkeley.251217/QB3.Results.260109/KIRT/KIRT_LP_168_Du-373_S167_L005_R2_001.fastq.gz	file	112820786	7771fd867be0bccfe8d2152c1579c6b29251f6144c21e2acfe5af9dd37f0a85c	yes
source_data/raw_reads/genomicsDrive_data_dump/QB3.Berkeley.251217/QB3.Results.260109/MALV/MALV_LP_095_Du-201_S97_L005_R1_001.fastq.gz	file	1370453501	a9699d249289decdd02cb4bea04c96eec0402d340d06dec7f21783d2486ba3d5	yes
source_data/raw_reads/genomicsDrive_data_dump/QB3.Berkeley.251217/QB3.Results.260109/MALV/MALV_LP_095_Du-201_S97_L005_R2_001.fastq.gz	file	1368632357	e161384c31dada7c77305afdec1008010b21a7d8b247aba26375751b604a32a3	yes
source_data/raw_reads/genomicsDrive_data_dump/QB3.Berkeley.251217/QB3.Results.260109/MALV/MALV_LP_096_Du-202_S107_L005_R1_001.fastq.gz	file	280530746	8bf94ea46955b2db75c6a10a8f2be0351d04e94820c38e9d7dfa0c05cdb518af	yes
source_data/raw_reads/genomicsDrive_data_dump/QB3.Berkeley.251217/QB3.Results.260109/MALV/MALV_LP_096_Du-202_S107_L005_R2_001.fastq.gz	file	285272349	ae1202b9390bf066a0ff6b22a047505586bf394ca71bd940df1a16cb491d1494	yes
source_data/raw_reads/genomicsDrive_data_dump/QB3.Berkeley.251217/QB3.Results.260109/MALV/MALV_LP_097_Du-203_S36_L005_R1_001.fastq.gz	file	970704944	f7f8476fdeb23ba4c7f0fe623a0f2cf8d4ae9e648e02579280b67c5e8ecd80bd	yes
source_data/raw_reads/genomicsDrive_data_dump/QB3.Berkeley.251217/QB3.Results.260109/MALV/MALV_LP_097_Du-203_S36_L005_R2_001.fastq.gz	file	975011766	11f330c94c5285e635b0c6a64547e7e1b7bbe441515ee8cefe5c274348524afd	yes
source_data/raw_reads/genomicsDrive_data_dump/QB3.Berkeley.251217/QB3.Results.260109/MALV/MALV_LP_098_Du-204_S46_L005_R1_001.fastq.gz	file	744452632	8a2837790e72f4843794feae92b109fcadff9cd757751f2f4c1579201c335b02	yes
source_data/raw_reads/genomicsDrive_data_dump/QB3.Berkeley.251217/QB3.Results.260109/MALV/MALV_LP_098_Du-204_S46_L005_R2_001.fastq.gz	file	747305935	0b3bd602841c03e6a950676b045cff1baba7dd6689422d3396fe07dda579fade	yes
source_data/raw_reads/genomicsDrive_data_dump/QB3.Berkeley.251217/QB3.Results.260109/MALV/MALV_LP_099_Du-205_S57_L005_R1_001.fastq.gz	file	334205222	49dde10acd686e25d173bb3447250118acfc0a16be4e3ce17eeb6b79c4ea4e47	yes
source_data/raw_reads/genomicsDrive_data_dump/QB3.Berkeley.251217/QB3.Results.260109/MALV/MALV_LP_099_Du-205_S57_L005_R2_001.fastq.gz	file	334028606	636aab217e36fdae8ba5545d4b09b4e078cc59613ca2ec5155f8437c88c90e22	yes
source_data/raw_reads/genomicsDrive_data_dump/QB3.Berkeley.251217/QB3.Results.260109/MALV/MALV_LP_100_Du-206_S67_L005_R1_001.fastq.gz	file	567760639	1dc6f7f33c2e02656cbd4f9a95885e97cc34c38c9b1a3919d2cdb4a35bb71000	yes
source_data/raw_reads/genomicsDrive_data_dump/QB3.Berkeley.251217/QB3.Results.260109/MALV/MALV_LP_100_Du-206_S67_L005_R2_001.fastq.gz	file	569879848	17b685013317c58c550febc00873d89eba7f78731673ad731115427a5c8fa2d7	yes
source_data/raw_reads/genomicsDrive_data_dump/QB3.Berkeley.251217/QB3.Results.260109/MALV/MALV_LP_101_Du-207_S78_L005_R1_001.fastq.gz	file	656098341	1b0578657398274012e7ed636aecd0683560f717d26a76417eed9ab3116e41e8	yes
source_data/raw_reads/genomicsDrive_data_dump/QB3.Berkeley.251217/QB3.Results.260109/MALV/MALV_LP_101_Du-207_S78_L005_R2_001.fastq.gz	file	661344486	ff077a98a8674f864b9b010e9e897cf006982892ff3a69855f27cece600c9350	yes
source_data/raw_reads/genomicsDrive_data_dump/QB3.Berkeley.251217/QB3.Results.260109/MALV/MALV_LP_102_Du-208_S88_L005_R1_001.fastq.gz	file	633241113	b188ce21041cba860863d0b4260eadb78a685b23635057bd233fc9f084215e4c	yes
source_data/raw_reads/genomicsDrive_data_dump/QB3.Berkeley.251217/QB3.Results.260109/MALV/MALV_LP_102_Du-208_S88_L005_R2_001.fastq.gz	file	637829443	a7ce6c6764f15f566f0d1f698ada408b4b846a94e596e1bfb8a0f9e0ea6030b9	yes
source_data/raw_reads/genomicsDrive_data_dump/QB3.Berkeley.251217/QB3.Results.260109/MALV/MALV_LP_103_Du-209_S98_L005_R1_001.fastq.gz	file	811094112	33cf81a68aa81ea2ef225d7cbdc6caaed79b31099d08016aebe78cb0456c32b1	yes
source_data/raw_reads/genomicsDrive_data_dump/QB3.Berkeley.251217/QB3.Results.260109/MALV/MALV_LP_103_Du-209_S98_L005_R2_001.fastq.gz	file	812391593	91efa893f6db81323dde653ab3665c7fccf06c1e85f94dcbbdeb1f0adf7cffd3	yes
source_data/raw_reads/genomicsDrive_data_dump/QB3.Berkeley.251217/QB3.Results.260109/MALV/MALV_LP_104_Du-210_S108_L005_R1_001.fastq.gz	file	253363017	8647fbd3af29c36eb4b128f60228cbbbabae9899aeffebd7cf05ab19b7f14649	yes
source_data/raw_reads/genomicsDrive_data_dump/QB3.Berkeley.251217/QB3.Results.260109/MALV/MALV_LP_104_Du-210_S108_L005_R2_001.fastq.gz	file	256032326	317eea45876c4f77651401fdeb01010c718f9da5b7f1391a42ec64c3df66bc4a	yes
source_data/raw_reads/genomicsDrive_data_dump/QB3.Berkeley.251217/QB3.Results.260109/OCO/OCO_LP_058_Du-115_S41_L005_R1_001.fastq.gz	file	127663386	fbc4f817e7cb3203701b928580d228b4c5740de43afe36b712ca5649124c4384	yes
source_data/raw_reads/genomicsDrive_data_dump/QB3.Berkeley.251217/QB3.Results.260109/OCO/OCO_LP_058_Du-115_S41_L005_R2_001.fastq.gz	file	136040296	bd6dab4b82a13355e6630dffae32c467f78afd88dfc0aec7841d0bd3d3accee1	yes
source_data/raw_reads/genomicsDrive_data_dump/QB3.Berkeley.251217/QB3.Results.260109/OCO/OCO_LP_059_Du-106_S52_L005_R1_001.fastq.gz	file	76152749	96afb0b7993f500a765a3922f17ce5eda965838eeb8d13cf54900b28bc779927	yes
source_data/raw_reads/genomicsDrive_data_dump/QB3.Berkeley.251217/QB3.Results.260109/OCO/OCO_LP_059_Du-106_S52_L005_R2_001.fastq.gz	file	79043745	c037cc93f3b075fa5420241078882a7f439e781d705e4e850da4db11e46586c1	yes
source_data/raw_reads/genomicsDrive_data_dump/QB3.Berkeley.251217/QB3.Results.260109/OCO/OCO_LP_060_Du-107_S63_L005_R1_001.fastq.gz	file	87558781	9007db6223f469d780b7c0b28713e66568fc2c5d03b57e6e894471434f8cbe6d	yes
source_data/raw_reads/genomicsDrive_data_dump/QB3.Berkeley.251217/QB3.Results.260109/OCO/OCO_LP_060_Du-107_S63_L005_R2_001.fastq.gz	file	94583223	c35fa52a53acf61911c9bc32f06f5c93e6b6c02c4901debc2c204669202f6a56	yes
source_data/raw_reads/genomicsDrive_data_dump/QB3.Berkeley.251217/QB3.Results.260109/OCO/OCO_LP_061_Du-108_S73_L005_R1_001.fastq.gz	file	452347144	4c84d7ccc5252d22e7155de82198bd00fc06ae1a3bac96c4199329b328c63b7d	yes
source_data/raw_reads/genomicsDrive_data_dump/QB3.Berkeley.251217/QB3.Results.260109/OCO/OCO_LP_061_Du-108_S73_L005_R2_001.fastq.gz	file	467912525	f09a1397c922f1abf4314cd1fe7aaaa237f2cdf50c3d1f0e681443b9ee63f7d1	yes
source_data/raw_reads/genomicsDrive_data_dump/QB3.Berkeley.251217/QB3.Results.260109/OCO/OCO_LP_062_Du-109_S83_L005_R1_001.fastq.gz	file	439300171	e7aa0d4ed450b366ad68c382bc3df91c288bd2315c8a875604095edefd028365	yes
source_data/raw_reads/genomicsDrive_data_dump/QB3.Berkeley.251217/QB3.Results.260109/OCO/OCO_LP_062_Du-109_S83_L005_R2_001.fastq.gz	file	446431631	955fbd051892fbf682413185a1df88243dece04d1d9746d2176d637f0e0ef33d	yes
source_data/raw_reads/genomicsDrive_data_dump/QB3.Berkeley.251217/QB3.Results.260109/OCO/OCO_LP_063_Du-110_S93_L005_R1_001.fastq.gz	file	87948672	57da8de83eff910e22742ce7f52e44694b9591a08c4ca068839fd532f99f305d	yes
source_data/raw_reads/genomicsDrive_data_dump/QB3.Berkeley.251217/QB3.Results.260109/OCO/OCO_LP_063_Du-110_S93_L005_R2_001.fastq.gz	file	92861626	cb1d2898d261ae2053e4732d996e4edb5cf97bcc8d0ef9c82551dcff73c5814c	yes
source_data/raw_reads/genomicsDrive_data_dump/QB3.Berkeley.251217/QB3.Results.260109/OCO/OCO_LP_064_Du-111_S103_L005_R1_001.fastq.gz	file	109618305	6da9e8e20189e38e8483c3b0ae65c9d8e6e965b4aef317efc3d9eda3b9e0abb6	yes
source_data/raw_reads/genomicsDrive_data_dump/QB3.Berkeley.251217/QB3.Results.260109/OCO/OCO_LP_064_Du-111_S103_L005_R2_001.fastq.gz	file	118207983	0db36e8f646d75b42c0a3fcfce2e8bb77da2aad71479ac4c78e7d5c6a1fa5d0b	yes
source_data/raw_reads/genomicsDrive_data_dump/QB3.Berkeley.251217/QB3.Results.260109/OCO/OCO_LP_065_Du-112_S32_L005_R1_001.fastq.gz	file	86777053	a808f4e46806a45507021e31a8449f25896af0b1ea540e15b6f7b4c7a4cfc8d5	yes
source_data/raw_reads/genomicsDrive_data_dump/QB3.Berkeley.251217/QB3.Results.260109/OCO/OCO_LP_065_Du-112_S32_L005_R2_001.fastq.gz	file	92276447	bbfe067f27572eba25a888b19c45dc08c69977b7af8b7255961203e285d25aed	yes
source_data/raw_reads/genomicsDrive_data_dump/QB3.Berkeley.251217/QB3.Results.260109/OCO/OCO_LP_066_Du-113_S42_L005_R1_001.fastq.gz	file	149955654	b8db2b3181b03e1cdbbe422887725fb4214bfd80420c55765a7491963eca6d63	yes
source_data/raw_reads/genomicsDrive_data_dump/QB3.Berkeley.251217/QB3.Results.260109/OCO/OCO_LP_066_Du-113_S42_L005_R2_001.fastq.gz	file	167382728	4c3c5b5d1c049002dbd2af13fc51c3d2cb0f75064f72cbe3a372d1b1cc167373	yes
source_data/raw_reads/genomicsDrive_data_dump/QB3.Berkeley.251217/QB3.Results.260109/OCO/OCO_LP_067_Du-114_S53_L005_R1_001.fastq.gz	file	92769844	a6190432ea6945d831f1ae29c8ef10328b010ebbff4be309a8fbaee889fa2baf	yes
source_data/raw_reads/genomicsDrive_data_dump/QB3.Berkeley.251217/QB3.Results.260109/OCO/OCO_LP_067_Du-114_S53_L005_R2_001.fastq.gz	file	98896989	1b3223982c76f7265a0c5410942eb7906dd232e822a462581529907df89c8494	yes
source_data/raw_reads/genomicsDrive_data_dump/QB3.Berkeley.251217/QB3.Results.260109/QUI1/QUI1_LP_249_Du-648_S274_L005_R1_001.fastq.gz	file	247293359	af2a5bc1e8864390ff505347a9177fab97524ded308d6593ccb9fe4f6e12e1d6	yes
source_data/raw_reads/genomicsDrive_data_dump/QB3.Berkeley.251217/QB3.Results.260109/QUI1/QUI1_LP_249_Du-648_S274_L005_R2_001.fastq.gz	file	257474812	553910f13cb6e48556df6607dc67ded5e9960aaa81671fff2dcb70034b3319cd	yes
source_data/raw_reads/genomicsDrive_data_dump/QB3.Berkeley.251217/QB3.Results.260109/QUI1/QUI1_LP_250_Du-649_S283_L005_R1_001.fastq.gz	file	328472996	f7713600b4391e2234c967c01b64be38dc38992c3f89a7091d52d1d4b4bdae08	yes
source_data/raw_reads/genomicsDrive_data_dump/QB3.Berkeley.251217/QB3.Results.260109/QUI1/QUI1_LP_250_Du-649_S283_L005_R2_001.fastq.gz	file	338426308	7ecde5ddc26794bc13df8fe3ea923785f35f2627c6627a0b2d0e3bd1b8090bae	yes
source_data/raw_reads/genomicsDrive_data_dump/QB3.Berkeley.251217/QB3.Results.260109/QUI1/QUI1_LP_251_Du-650_S216_L005_R1_001.fastq.gz	file	47898653	bf130b09750d116aa17f974a4efd5aeb01f4213bdf607640e4467e890b4b0af2	yes
source_data/raw_reads/genomicsDrive_data_dump/QB3.Berkeley.251217/QB3.Results.260109/QUI1/QUI1_LP_251_Du-650_S216_L005_R2_001.fastq.gz	file	50332725	ef7bbe1562bc991f5b0f3f25920aea29d3c398793f0465163462013909b11b58	yes
source_data/raw_reads/genomicsDrive_data_dump/QB3.Berkeley.251217/QB3.Results.260109/QUI1/QUI1_LP_252_Du-651_S226_L005_R1_001.fastq.gz	file	373881630	c4c66a79d68b369328b65e814b3add86436543990549da10a8417611343840b0	yes
source_data/raw_reads/genomicsDrive_data_dump/QB3.Berkeley.251217/QB3.Results.260109/QUI1/QUI1_LP_252_Du-651_S226_L005_R2_001.fastq.gz	file	391498269	d88c081880edccad8756218d30e2cc148e647891209c42a1eea35ac0003cc1a2	yes
source_data/raw_reads/genomicsDrive_data_dump/QB3.Berkeley.251217/QB3.Results.260109/QUI1/QUI1_LP_253_Du-652_S237_L005_R1_001.fastq.gz	file	426764596	2ac4c27909350ee6cc0a6186e85c73f1d0bf240b01a21cd2d4257fe91aead8f1	yes
source_data/raw_reads/genomicsDrive_data_dump/QB3.Berkeley.251217/QB3.Results.260109/QUI1/QUI1_LP_253_Du-652_S237_L005_R2_001.fastq.gz	file	431524173	bcfaae7dc2f5398ef2fa755efcad37dc7c9af77002908d096409ffc27c0626d5	yes
source_data/raw_reads/genomicsDrive_data_dump/QB3.Berkeley.251217/QB3.Results.260109/QUI1/QUI1_LP_254_Du-653_S248_L005_R1_001.fastq.gz	file	50051653	d1fa6a30a45873e73d3e60536f7ad0cdbbfa52a6cddda2a4885e70af599374ea	yes
source_data/raw_reads/genomicsDrive_data_dump/QB3.Berkeley.251217/QB3.Results.260109/QUI1/QUI1_LP_254_Du-653_S248_L005_R2_001.fastq.gz	file	51825023	0103ddbee7a4bba1786da40871af5cee9f843d3be35bbad13b2d341210da8431	yes
source_data/raw_reads/genomicsDrive_data_dump/QB3.Berkeley.251217/QB3.Results.260109/QUI1/QUI1_LP_255_Du-654_S256_L005_R1_001.fastq.gz	file	434685010	16774abb96208fbfb68b0f0d7f500425867c70a1098c3158d79d47b2acad23e9	yes
source_data/raw_reads/genomicsDrive_data_dump/QB3.Berkeley.251217/QB3.Results.260109/QUI1/QUI1_LP_255_Du-654_S256_L005_R2_001.fastq.gz	file	446433983	ce444538bdd5a8aa4f66466b468f5c9ba5afad850d1287f054fed5c566db5366	yes
source_data/raw_reads/genomicsDrive_data_dump/QB3.Berkeley.251217/QB3.Results.260109/QUI1/QUI1_LP_256_Du-655_S264_L005_R1_001.fastq.gz	file	382414874	8de2bef93180583dfec28dcb64ced624073e5268366a0d7583f6f0fa1fd60efa	yes
source_data/raw_reads/genomicsDrive_data_dump/QB3.Berkeley.251217/QB3.Results.260109/QUI1/QUI1_LP_257_Du-656_S275_L005_R1_001.fastq.gz	file	81812351	6d670ca9e8979ddf01a60baf3f170f08f15ae4766591bb75a103370cd020dfcc	yes
source_data/raw_reads/genomicsDrive_data_dump/QB3.Berkeley.251217/QB3.Results.260109/QUI1/QUI1_LP_257_Du-656_S275_L005_R2_001.fastq.gz	file	83693497	0f6850e69f65baf3c398525a5c2dc166e20c3f3ab85295ed94c2948d30665e27	yes
source_data/raw_reads/genomicsDrive_data_dump/QB3.Berkeley.251217/QB3.Results.260109/QUI1/QUI1_LP_258_Du-657_S284_L005_R1_001.fastq.gz	file	435081500	b4de3bfe7f7277dab3c20582f112d817d1e7bea4d464daa0eebf38e137ab1b34	yes
source_data/raw_reads/genomicsDrive_data_dump/QB3.Berkeley.251217/QB3.Results.260109/QUI1/QUI1_LP_258_Du-657_S284_L005_R2_001.fastq.gz	file	434119780	e0e4a5dc31c4c0b77a1523d83018ebbecba0fb56035d1a21ff2b287bdece6385	yes
source_data/raw_reads/genomicsDrive_data_dump/QB3.Berkeley.251217/QB3.Results.260109/QUI2/QUI2_LP_243_Du-631_S215_L005_R1_001.fastq.gz	file	377396244	121ca01b62c771391177155521554d8745428c15d125c6dd711b5df1386b6342	yes
source_data/raw_reads/genomicsDrive_data_dump/QB3.Berkeley.251217/QB3.Results.260109/QUI2/QUI2_LP_243_Du-631_S215_L005_R2_001.fastq.gz	file	377265801	bbf561ca791adbb5986357144595d905f63a7ec00dc0da1d31ead872abd39a71	yes
source_data/raw_reads/genomicsDrive_data_dump/QB3.Berkeley.251217/QB3.Results.260109/QUI2/QUI2_LP_244_Du-632_S225_L005_R1_001.fastq.gz	file	315883074	7c67d5dbc0fc77c2c291a836573e5788b2dc18ee7d2bbbaf053355fcd411f8f5	yes
source_data/raw_reads/genomicsDrive_data_dump/QB3.Berkeley.251217/QB3.Results.260109/QUI2/QUI2_LP_244_Du-632_S225_L005_R2_001.fastq.gz	file	319944332	9d03f1c53fbdf20c9c94c16b52dabc86b7bc05d0aa69ab87edb1a2798f9fed86	yes
source_data/raw_reads/genomicsDrive_data_dump/QB3.Berkeley.251217/QB3.Results.260109/QUI2/QUI2_LP_245_Du-633_S236_L005_R1_001.fastq.gz	file	260714548	e3ccd32683c0e5c0d8f1a34f5334b2c84a842335e189b11c6cc28e6ecd4ee9f8	yes
source_data/raw_reads/genomicsDrive_data_dump/QB3.Berkeley.251217/QB3.Results.260109/QUI2/QUI2_LP_245_Du-633_S236_L005_R2_001.fastq.gz	file	275521410	ae39d905446809782ba0f71226e0134d08f7a4f4520c1b70c02c16345b58367e	yes
source_data/raw_reads/genomicsDrive_data_dump/QB3.Berkeley.251217/QB3.Results.260109/QUI2/QUI2_LP_246_Du-634_S247_L005_R1_001.fastq.gz	file	244717775	f36ef1416445f8e0fc8cc5d12416571e0c4c49c10b501d39c9e2b730daaaf300	yes
source_data/raw_reads/genomicsDrive_data_dump/QB3.Berkeley.251217/QB3.Results.260109/QUI2/QUI2_LP_246_Du-634_S247_L005_R2_001.fastq.gz	file	246145816	cdf1d3a57eee211727795d006f6188fc335f60c243796a17b1b2f85b21985ead	yes
source_data/raw_reads/genomicsDrive_data_dump/QB3.Berkeley.251217/QB3.Results.260109/QUI2/QUI2_LP_247_Du-635_S255_L005_R1_001.fastq.gz	file	358940709	20a3680e44e5fbeec0833d028ded1a469da2cff97a041b2d4e0fac4d31450a74	yes
source_data/raw_reads/genomicsDrive_data_dump/QB3.Berkeley.251217/QB3.Results.260109/QUI2/QUI2_LP_247_Du-635_S255_L005_R2_001.fastq.gz	file	362554049	aa7d8b2fa54801cb698ff09b989ca6128a60e36ae0130c453ad1e74d4db288ad	yes
source_data/raw_reads/genomicsDrive_data_dump/QB3.Berkeley.251217/QB3.Results.260109/QUI2/QUI2_LP_248_Du-636_S263_L005_R1_001.fastq.gz	file	401315947	e0e39fb7fc61e360831eeedf9f378055e14e3284acb7092c0d75a918d0e5e8cc	yes
source_data/raw_reads/genomicsDrive_data_dump/QB3.Berkeley.251217/QB3.Results.260109/QUI2/QUI2_LP_248_Du-636_S263_L005_R2_001.fastq.gz	file	401194976	75852c6fe75ab87cd2687a6c7b234beb7b120990863d6195e569c75894c149cb	yes
source_data/raw_reads/genomicsDrive_data_dump/QB3.Berkeley.251217/QB3.Results.260109/QUI2/QUI2_LP_337_Du-638_S206_L005_R1_001.fastq.gz	file	119344538	cdb098f0e36cd2742864329f446d15c1e75ab308c5a1050d627907458c62a887	yes
source_data/raw_reads/genomicsDrive_data_dump/QB3.Berkeley.251217/QB3.Results.260109/QUI2/QUI2_LP_337_Du-638_S206_L005_R2_001.fastq.gz	file	127732673	7ce01b3024cca9a4500a6c20c511b7de19fd7c178cd5644789fe885ebb7a083e	yes
source_data/raw_reads/genomicsDrive_data_dump/QB3.Berkeley.251217/QB3.Results.260109/QUI2/QUI2_LP_338_Du-639_S208_L005_R1_001.fastq.gz	file	72314480	70f050b5e55478829910bc0517499bf4e7e23a6a06a4e05b9c588ec079843e06	yes
source_data/raw_reads/genomicsDrive_data_dump/QB3.Berkeley.251217/QB3.Results.260109/QUI2/QUI2_LP_338_Du-639_S208_L005_R2_001.fastq.gz	file	75547877	52c970c24d90faa6036c47b77ba29e24693ee0f7d76702a9a38258011e1bb325	yes
source_data/raw_reads/genomicsDrive_data_dump/QB3.Berkeley.251217/QB3.Results.260109/QUI2/QUI2_LP_339_Du-640_S209_L005_R1_001.fastq.gz	file	256213587	b2f03aa64d5d7754eca6c1dd112399b1b6b97bd6387bfc1b4ce994e6053d8057	yes
source_data/raw_reads/genomicsDrive_data_dump/QB3.Berkeley.251217/QB3.Results.260109/QUI2/QUI2_LP_339_Du-640_S209_L005_R2_001.fastq.gz	file	254263374	75b8114f5d8646687fae73caa95a6128455611cf8d336cfda6ecce8641292a2a	yes
source_data/raw_reads/genomicsDrive_data_dump/QB3.Berkeley.251217/QB3.Results.260109/QUI2/QUI2_LP_340_Du-641_S211_L005_R1_001.fastq.gz	file	184674235	f716795f506f47ad0cdbc088c0f8b694db3a4130bf419fb7e2e8a6134b64d40c	yes
source_data/raw_reads/genomicsDrive_data_dump/QB3.Berkeley.251217/QB3.Results.260109/QUI2/QUI2_LP_340_Du-641_S211_L005_R2_001.fastq.gz	file	182410872	05179434d1810239938c1ffd93c411fbafd7069cd3dc4a398d16f83828171bda	yes
source_data/raw_reads/genomicsDrive_data_dump/QB3.Berkeley.251217/QB3.Results.260109/QUIN/QUIN_LP_069_Du-155_S74_L005_R1_001.fastq.gz	file	77348403	b3358bbd2865bcfb770c251930eb56b086b2d8cd0c9f15ce6f7fd90bdf5c8cee	yes
source_data/raw_reads/genomicsDrive_data_dump/QB3.Berkeley.251217/QB3.Results.260109/QUIN/QUIN_LP_069_Du-155_S74_L005_R2_001.fastq.gz	file	81405365	a1ed523060d03d48faba35c92e44290a19cdfc8a1e502411074fab8202d58587	yes
source_data/raw_reads/genomicsDrive_data_dump/QB3.Berkeley.251217/QB3.Results.260109/QUIN/QUIN_LP_070_Du-156_S84_L005_R1_001.fastq.gz	file	147017044	617169c74d8edcdc929b8175accbd080acce495a3ac5cd9c3d1ae8fb40b76752	yes
source_data/raw_reads/genomicsDrive_data_dump/QB3.Berkeley.251217/QB3.Results.260109/QUIN/QUIN_LP_070_Du-156_S84_L005_R2_001.fastq.gz	file	160713924	1375318170cb07095198f18c11427a46de3bfcdca1731113775d8f7e3800fdb9	yes
source_data/raw_reads/genomicsDrive_data_dump/QB3.Berkeley.251217/QB3.Results.260109/QUIN/QUIN_LP_071_Du-157_S94_L005_R1_001.fastq.gz	file	142132513	827b9855775106b7619726bdc6880c31e6d6c18a21154676e0243926e2df49e0	yes
source_data/raw_reads/genomicsDrive_data_dump/QB3.Berkeley.251217/QB3.Results.260109/QUIN/QUIN_LP_071_Du-157_S94_L005_R2_001.fastq.gz	file	150506215	7a7de32a2f370238b812e9ee88b3f8d4e8933d68a7d9d178f6674bf3c45fddd1	yes
source_data/raw_reads/genomicsDrive_data_dump/QB3.Berkeley.251217/QB3.Results.260109/QUIN/QUIN_LP_072_Du-158_S104_L005_R1_001.fastq.gz	file	199635136	d536a390483592e67202c3720d1bb473d67f0a901ae9c274f945a17a5f9162f3	yes
source_data/raw_reads/genomicsDrive_data_dump/QB3.Berkeley.251217/QB3.Results.260109/QUIN/QUIN_LP_072_Du-158_S104_L005_R2_001.fastq.gz	file	220589516	027de644060dc491a2a1dd29b55aeaccf214eebd6010bd99ac63b90402e11529	yes
source_data/raw_reads/genomicsDrive_data_dump/QB3.Berkeley.251217/QB3.Results.260109/QUIN/QUIN_LP_073_Du-159_S33_L005_R1_001.fastq.gz	file	245326393	780345a6e02bb30e7019f3f2daac79344c1684cc9ecafc7779347f64bc34ce71	yes
source_data/raw_reads/genomicsDrive_data_dump/QB3.Berkeley.251217/QB3.Results.260109/QUIN/QUIN_LP_073_Du-159_S33_L005_R2_001.fastq.gz	file	256791701	0fb9f2086d465bec48e3c17323785f2e12030f5a53f3235d83e037e08c8cf6bf	yes
source_data/raw_reads/genomicsDrive_data_dump/QB3.Berkeley.251217/QB3.Results.260109/QUIN/QUIN_LP_074_Du-160_S43_L005_R1_001.fastq.gz	file	98480863	b76629d8cb2a5c796f9d43b01022a8be8478dcaa0aaba856b7e3ee1370d3c70b	yes
source_data/raw_reads/genomicsDrive_data_dump/QB3.Berkeley.251217/QB3.Results.260109/QUIN/QUIN_LP_074_Du-160_S43_L005_R2_001.fastq.gz	file	102049542	08565482050453b2ffb8ea79f4fa4759af84acee21214fb797cd96add4ab9043	yes
source_data/raw_reads/genomicsDrive_data_dump/QB3.Berkeley.251217/QB3.Results.260109/QUIN/QUIN_LP_075_Du-161_S54_L005_R1_001.fastq.gz	file	774571851	d437c55cda76e94e84f54aafcb745590ba6186d5dc24d65aecca8c9ad8d56749	yes
source_data/raw_reads/genomicsDrive_data_dump/QB3.Berkeley.251217/QB3.Results.260109/QUIN/QUIN_LP_075_Du-161_S54_L005_R2_001.fastq.gz	file	774474799	6069c6ded1839b258fb53e505e1a58fe5dabe3bfb3d00daa372e523d1c1e9bf6	yes
source_data/raw_reads/genomicsDrive_data_dump/QB3.Berkeley.251217/QB3.Results.260109/QUIN/QUIN_LP_076_Du-162_S64_L005_R1_001.fastq.gz	file	566461879	2414d704f72c649c2ab8f4b90e51a34b6dab9e759483a0766005fd8f0da5a11b	yes
source_data/raw_reads/genomicsDrive_data_dump/QB3.Berkeley.251217/QB3.Results.260109/QUIN/QUIN_LP_076_Du-162_S64_L005_R2_001.fastq.gz	file	566677037	b5451beaa4e33bfa19a387469435618c32f29d09dbdb4178cfe27b9834de1b3a	yes
source_data/raw_reads/genomicsDrive_data_dump/QB3.Berkeley.251217/QB3.Results.260109/QUIN/QUIN_LP_077_Du-163_S75_L005_R1_001.fastq.gz	file	800669914	040599b891ec68ef07b2196a199855fd3000bc794afb66900bec6bf957229ec1	yes
source_data/raw_reads/genomicsDrive_data_dump/QB3.Berkeley.251217/QB3.Results.260109/QUIN/QUIN_LP_077_Du-163_S75_L005_R2_001.fastq.gz	file	801975524	da854bcc00d8c501fafc0ba70e7dbe9d4cfaf512cae22b74c6e13737ce943826	yes
source_data/raw_reads/genomicsDrive_data_dump/QB3.Berkeley.251217/QB3.Results.260109/QUIN/QUIN_LP_318_Du-164_S25_L005_R1_001.fastq.gz	file	69997092	cd2a6fc6fadb46cd8f9dab204f4b7b8d710e3eb390aa24f7cdb9d232805acb9c	yes
source_data/raw_reads/genomicsDrive_data_dump/QB3.Berkeley.251217/QB3.Results.260109/QUIN/QUIN_LP_318_Du-164_S25_L005_R2_001.fastq.gz	file	70754750	e9e38f29b9786b0e6c18bc2d3e94af2ce8678bb213737981995be26ad3fdf27b	yes
source_data/raw_reads/genomicsDrive_data_dump/QB3.Berkeley.251217/QB3.Results.260109/RIC/RIC_LP_192_Du-521_S170_L005_R1_001.fastq.gz	file	357545617	009f96227e49da7f191f11282aad02cb3f3e1c74272fda5444da080f7e97f55f	yes
source_data/raw_reads/genomicsDrive_data_dump/QB3.Berkeley.251217/QB3.Results.260109/RIC/RIC_LP_192_Du-521_S170_L005_R2_001.fastq.gz	file	359135684	a1bca0b73227b07ce493ddde90d6335659b8b3ecd982dd8e62d4937075a7fa5d	yes
source_data/raw_reads/genomicsDrive_data_dump/QB3.Berkeley.251217/QB3.Results.260109/RIC/RIC_LP_193_Du-522_S181_L005_R1_001.fastq.gz	file	356928361	676401e6137d8d58f0e54017e4ae4ac6aa5fa2ccf2eb520f28d8f5573fbf482f	yes
source_data/raw_reads/genomicsDrive_data_dump/QB3.Berkeley.251217/QB3.Results.260109/RIC/RIC_LP_193_Du-522_S181_L005_R2_001.fastq.gz	file	357459425	f8038c89e5ba92295f71ec85609bbbdcb58968373a1880c98ad4339abadfd4e9	yes
source_data/raw_reads/genomicsDrive_data_dump/QB3.Berkeley.251217/QB3.Results.260109/RIC/RIC_LP_194_Du-523_S191_L005_R1_001.fastq.gz	file	1162780469	600bdc9df090292779b4a14e82a0fac6f07c5b05b4ae21ec1e8561a39c825510	yes
source_data/raw_reads/genomicsDrive_data_dump/QB3.Berkeley.251217/QB3.Results.260109/RIC/RIC_LP_194_Du-523_S191_L005_R2_001.fastq.gz	file	1171925839	6ccb53eb9ff2d44ef232ea6bc9f8afee8858e6855ec30b7fbc9d0fb77240e8ff	yes
source_data/raw_reads/genomicsDrive_data_dump/QB3.Berkeley.251217/QB3.Results.260109/RIC/RIC_LP_195_Du-524_S120_L005_R1_001.fastq.gz	file	680639473	8b750f7c5506deaa735ad3166769215694b5ec295e2cbd2d1ee0aa01f5310224	yes
source_data/raw_reads/genomicsDrive_data_dump/QB3.Berkeley.251217/QB3.Results.260109/RIC/RIC_LP_195_Du-524_S120_L005_R2_001.fastq.gz	file	695499072	81c962088437d65206c0620003288cc30c7a2a67bd8aa6acff153f38c6103952	yes
source_data/raw_reads/genomicsDrive_data_dump/QB3.Berkeley.251217/QB3.Results.260109/RIC/RIC_LP_196_Du-525_S130_L005_R1_001.fastq.gz	file	780979941	f71f7d2090ebb33ba71ef2f2d65f36bd57561a9b783925fc26c40c1066269c89	yes
source_data/raw_reads/genomicsDrive_data_dump/QB3.Berkeley.251217/QB3.Results.260109/RIC/RIC_LP_196_Du-525_S130_L005_R2_001.fastq.gz	file	790525974	d46419d91dde669efe252e5526638aed6538c93771c3f7fec00966359cc32f0d	yes
source_data/raw_reads/genomicsDrive_data_dump/QB3.Berkeley.251217/QB3.Results.260109/RIC/RIC_LP_197_Du-526_S140_L005_R1_001.fastq.gz	file	96446245	b5a8c06d060443570cc37ecf436bf545084dbd1be7a30e3ed5debdfd11d1f5a6	yes
source_data/raw_reads/genomicsDrive_data_dump/QB3.Berkeley.251217/QB3.Results.260109/RIC/RIC_LP_197_Du-526_S140_L005_R2_001.fastq.gz	file	99071069	7d4496572f25f8a9d511117d69aaf0d30b00612ba9724969a804dfe68ad66e3a	yes
source_data/raw_reads/genomicsDrive_data_dump/QB3.Berkeley.251217/QB3.Results.260109/RIC/RIC_LP_198_Du-527_S151_L005_R1_001.fastq.gz	file	963197529	b0a8f4aefa0789bacf414ee7218b3bd2b53ff57cced8bc4a2f0c3fd7cab43620	yes
source_data/raw_reads/genomicsDrive_data_dump/QB3.Berkeley.251217/QB3.Results.260109/RIC/RIC_LP_198_Du-527_S151_L005_R2_001.fastq.gz	file	964812621	76151bf6d694f6e973760f22aff2eba32c5afa77ee64e20b43a17f75c40e234d	yes
source_data/raw_reads/genomicsDrive_data_dump/QB3.Berkeley.251217/QB3.Results.260109/RIC/RIC_LP_199_Du-528_S161_L005_R1_001.fastq.gz	file	1493531910	a4ffb163fd5249ca267e981d0069462f53150c8ce8282219854b93306ecc26e5	yes
source_data/raw_reads/genomicsDrive_data_dump/QB3.Berkeley.251217/QB3.Results.260109/RIC/RIC_LP_199_Du-528_S161_L005_R2_001.fastq.gz	file	1487029084	1c6df9640b11a358ac1da725840b43f6b215c3039b8332b4eea9dc33cad3eaae	yes
source_data/raw_reads/genomicsDrive_data_dump/QB3.Berkeley.251217/QB3.Results.260109/RIC/RIC_LP_200_Du-529_S171_L005_R1_001.fastq.gz	file	1058788296	ffd3deb34e20d1f272e6e80693016a37b24f5806ed9078564e0be0c0c517f63c	yes
source_data/raw_reads/genomicsDrive_data_dump/QB3.Berkeley.251217/QB3.Results.260109/RIC/RIC_LP_200_Du-529_S171_L005_R2_001.fastq.gz	file	1055595648	9ee5e4d20ab5d11840a0e5a2e4205c1c3b3645339905a587ff9bea1f6d1be54c	yes
source_data/raw_reads/genomicsDrive_data_dump/QB3.Berkeley.251217/QB3.Results.260109/RIC/RIC_LP_201_Du-530_S182_L005_R1_001.fastq.gz	file	902961180	e09958b378dae6f889c27994bfbb0be6a698307de317955d32b322130ad5fc11	yes
source_data/raw_reads/genomicsDrive_data_dump/QB3.Berkeley.251217/QB3.Results.260109/RIC/RIC_LP_201_Du-530_S182_L005_R2_001.fastq.gz	file	904771929	9defdcdb7ca0862625fa211b388ce3d25fe06121e7730a0ca052dbbd7c7d3684	yes
source_data/raw_reads/genomicsDrive_data_dump/QB3.Berkeley.251217/QB3.Results.260109/RSV/RSV_LP_049_Du-85_S30_L005_R1_001.fastq.gz	file	1052796691	0627d3845779c15111a8a1edf1f235888787c5c164d9a7e91a5e99c0f873adc8	yes
source_data/raw_reads/genomicsDrive_data_dump/QB3.Berkeley.251217/QB3.Results.260109/RSV/RSV_LP_049_Du-85_S30_L005_R2_001.fastq.gz	file	1040810991	6f620698f439975168da270522f3ebbc23c7cce22617d672a208bf7d988ec1f0	yes
source_data/raw_reads/genomicsDrive_data_dump/QB3.Berkeley.251217/QB3.Results.260109/RSV/RSV_LP_050_Du-87_S40_L005_R1_001.fastq.gz	file	1247229932	d1dbccf79abb176f176b9c99f35ff62718ea15fc74708c593e1b4eb0765b4693	yes
source_data/raw_reads/genomicsDrive_data_dump/QB3.Berkeley.251217/QB3.Results.260109/RSV/RSV_LP_050_Du-87_S40_L005_R2_001.fastq.gz	file	1235179241	efed7c80b1e1bf285d113e8eae156adb58e8e7a5d38f246a7b5d341ba3a5959d	yes
source_data/raw_reads/genomicsDrive_data_dump/QB3.Berkeley.251217/QB3.Results.260109/RSV/RSV_LP_051_Du-88_S51_L005_R1_001.fastq.gz	file	437635067	21ffe6baa853c894f4127ead19dca8cfd94160736a8a74b41c7856f0ff69cf5e	yes
source_data/raw_reads/genomicsDrive_data_dump/QB3.Berkeley.251217/QB3.Results.260109/RSV/RSV_LP_051_Du-88_S51_L005_R2_001.fastq.gz	file	441555049	cddc2e694deb722cb45e62fce5d05113cdbc61d38bab6cf7eabb880efcc8f9a8	yes
source_data/raw_reads/genomicsDrive_data_dump/QB3.Berkeley.251217/QB3.Results.260109/RSV/RSV_LP_052_Du-89_S62_L005_R1_001.fastq.gz	file	680410530	c22e7e1e54d04f299650fb79b51b6821ab32e5abeac2058c859c69c4ecf690bc	yes
source_data/raw_reads/genomicsDrive_data_dump/QB3.Berkeley.251217/QB3.Results.260109/RSV/RSV_LP_052_Du-89_S62_L005_R2_001.fastq.gz	file	681103606	f31ce7a40d2d6102d088a02a57d50696c7a9f33834f26c57a1ec56553a649ca4	yes
source_data/raw_reads/genomicsDrive_data_dump/QB3.Berkeley.251217/QB3.Results.260109/RSV/RSV_LP_053_Du-90_S72_L005_R1_001.fastq.gz	file	563366184	7fcfee7ea90c9878abaea132c1614c2f2b82e1555b101b626063849c37c6ae7d	yes
source_data/raw_reads/genomicsDrive_data_dump/QB3.Berkeley.251217/QB3.Results.260109/RSV/RSV_LP_053_Du-90_S72_L005_R2_001.fastq.gz	file	558905355	7ed73fffa769180aa828ffc00d1030dab519dd532bb8cc0a153c64e33a540b52	yes
source_data/raw_reads/genomicsDrive_data_dump/QB3.Berkeley.251217/QB3.Results.260109/RSV/RSV_LP_055_Du-92_S92_L005_R1_001.fastq.gz	file	82586859	08494fdcd00567ad7daf970dd59abfacdd08b67eaf308d3808858f3ab1de0a98	yes
source_data/raw_reads/genomicsDrive_data_dump/QB3.Berkeley.251217/QB3.Results.260109/RSV/RSV_LP_055_Du-92_S92_L005_R2_001.fastq.gz	file	84017190	192c7852a295c1ab3461f4e56dde3f1fd87972e083d489d2537b486280289455	yes
source_data/raw_reads/genomicsDrive_data_dump/QB3.Berkeley.251217/QB3.Results.260109/RSV/RSV_LP_057_Du-94_S31_L005_R1_001.fastq.gz	file	146123493	c1c3a1336fdeb4cfdfd1889151f4f91bf9a4eb82a3ba678392c162bc908fe839	yes
source_data/raw_reads/genomicsDrive_data_dump/QB3.Berkeley.251217/QB3.Results.260109/RSV/RSV_LP_057_Du-94_S31_L005_R2_001.fastq.gz	file	146904664	686d6741cdadf677461968f9ec7f1736fc750d353ae4eea78c7ede65f5007023	yes
source_data/raw_reads/genomicsDrive_data_dump/QB3.Berkeley.251217/QB3.Results.260109/RSV/RSV_LP_315_Du-95_S27_L005_R1_001.fastq.gz	file	182483946	001552d94b7e97d453e3d46ff72eeb8c265b41baa7070c06f524e832230c2e77	yes
source_data/raw_reads/genomicsDrive_data_dump/QB3.Berkeley.251217/QB3.Results.260109/RSV/RSV_LP_315_Du-95_S27_L005_R2_001.fastq.gz	file	182788672	66012116dc912ed66661e19275d180b9dc79af584532bbb053c52791edd0623e	yes
source_data/raw_reads/genomicsDrive_data_dump/QB3.Berkeley.251217/QB3.Results.260109/RSV/RSV_LP_316_Du-96_S26_L005_R1_001.fastq.gz	file	102762395	48748e0a8da0fb99678e5e9c065aef031bf8ebb4d2c30124793bc2d55077c63e	yes
source_data/raw_reads/genomicsDrive_data_dump/QB3.Berkeley.251217/QB3.Results.260109/RSV/RSV_LP_316_Du-96_S26_L005_R2_001.fastq.gz	file	103719604	4938677dd77c9514ac82549e22c276ee8305fec70743d0b1b26880765c68a0a3	yes
source_data/raw_reads/genomicsDrive_data_dump/QB3.Berkeley.251217/QB3.Results.260109/SILG/SILG_LP_149_Du-343_S134_L005_R1_001.fastq.gz	file	34582468	7ac96167132300045623e150533e54028bb6083098ffbceacc59b9bfae29be46	yes
source_data/raw_reads/genomicsDrive_data_dump/QB3.Berkeley.251217/QB3.Results.260109/SILG/SILG_LP_149_Du-343_S134_L005_R2_001.fastq.gz	file	34675843	aa94784f280d35553c05e2f95fe2b61742d152b0bb95f19de6a58db5ddf05820	yes
source_data/raw_reads/genomicsDrive_data_dump/QB3.Berkeley.251217/QB3.Results.260109/SILG/SILG_LP_150_Du-344_S145_L005_R1_001.fastq.gz	file	73809880	6c83d87122a1d95f9e1231b061ba733266d047bcb538661df01781ee8cfa2486	yes
source_data/raw_reads/genomicsDrive_data_dump/QB3.Berkeley.251217/QB3.Results.260109/SILG/SILG_LP_150_Du-344_S145_L005_R2_001.fastq.gz	file	76823017	cadcc8899e82190bf15317fb5ea6b732e65e350c5344f9a1e1de74bde761f80c	yes
source_data/raw_reads/genomicsDrive_data_dump/QB3.Berkeley.251217/QB3.Results.260109/SILG/SILG_LP_151_Du-345_S155_L005_R1_001.fastq.gz	file	71396492	237f70b8226c2ad70bda766e8df59dccc4daa43e08f14a2f4bd4b199e0cb20b8	yes
source_data/raw_reads/genomicsDrive_data_dump/QB3.Berkeley.251217/QB3.Results.260109/SILG/SILG_LP_151_Du-345_S155_L005_R2_001.fastq.gz	file	71000068	fca6c183cb9cbb005e578bae410f8dafe73b392ab1c4f03a429e42282e173046	yes
source_data/raw_reads/genomicsDrive_data_dump/QB3.Berkeley.251217/QB3.Results.260109/SILG/SILG_LP_152_Du-346_S165_L005_R1_001.fastq.gz	file	70848718	ed904b7b1db506c574f21256d0e1f60321f41f21e756afb4d4691a86d6e099f9	yes
source_data/raw_reads/genomicsDrive_data_dump/QB3.Berkeley.251217/QB3.Results.260109/SILG/SILG_LP_152_Du-346_S165_L005_R2_001.fastq.gz	file	71949803	bbb5ad949d7a83b386da9157e333318184f50ce7d04fad65711c09a3ed2c2053	yes
source_data/raw_reads/genomicsDrive_data_dump/QB3.Berkeley.251217/QB3.Results.260109/SILG/SILG_LP_153_Du-347_S176_L005_R1_001.fastq.gz	file	52532666	614c51b87876eec621147fff2ba8b95c00da7bb29591a968b7ebe105484c68ac	yes
source_data/raw_reads/genomicsDrive_data_dump/QB3.Berkeley.251217/QB3.Results.260109/SILG/SILG_LP_153_Du-347_S176_L005_R2_001.fastq.gz	file	53138358	3d4177aa259ca726874d44a827a84fc722169e1f869d80853b092b292cad58a8	yes
source_data/raw_reads/genomicsDrive_data_dump/QB3.Berkeley.251217/QB3.Results.260109/SILG/SILG_LP_154_Du-348_S187_L005_R1_001.fastq.gz	file	233379976	256bd4bec5a09e9208eaff17404e901d89ffb040fabb4530f9836c45991a660d	yes
source_data/raw_reads/genomicsDrive_data_dump/QB3.Berkeley.251217/QB3.Results.260109/SILG/SILG_LP_154_Du-348_S187_L005_R2_001.fastq.gz	file	234198249	8806a79810dfc7ea210b8a6d91dd8fe0665b5efe366ff6912c96349257089dea	yes
source_data/raw_reads/genomicsDrive_data_dump/QB3.Berkeley.251217/QB3.Results.260109/SILG/SILG_LP_155_Du-349_S116_L005_R1_001.fastq.gz	file	68339714	2eb27aaae9a90aeede53e7c1afe487d9fc40611a2ed686e8fde731d700685bd4	yes
source_data/raw_reads/genomicsDrive_data_dump/QB3.Berkeley.251217/QB3.Results.260109/SILG/SILG_LP_155_Du-349_S116_L005_R2_001.fastq.gz	file	69545492	ac90f1e63ab5d3dada8ae842bbe485029b8de168b48a72db19b2d7b590b03e60	yes
source_data/raw_reads/genomicsDrive_data_dump/QB3.Berkeley.251217/QB3.Results.260109/SILG/SILG_LP_156_Du-350_S125_L005_R1_001.fastq.gz	file	47029799	678007e29b5f75574af736611f594fe6e4a4d68455ac0e6c2de93139a71a18ca	yes
source_data/raw_reads/genomicsDrive_data_dump/QB3.Berkeley.251217/QB3.Results.260109/SILG/SILG_LP_156_Du-350_S125_L005_R2_001.fastq.gz	file	46918200	929ddfdcf4e937c7a053766230b734b34a566b67304d42da6d389a0747963f03	yes
source_data/raw_reads/genomicsDrive_data_dump/QB3.Berkeley.251217/QB3.Results.260109/SILG/SILG_LP_157_Du-351_S135_L005_R1_001.fastq.gz	file	57472926	0ca537e961841b29856f492fbbdab7a482ee5c9a84d93663ddc3a4184bf5d2b3	yes
source_data/raw_reads/genomicsDrive_data_dump/QB3.Berkeley.251217/QB3.Results.260109/SILG/SILG_LP_157_Du-351_S135_L005_R2_001.fastq.gz	file	58505294	75fcd171c3c8da4968e322635eb23c036f88bc03987268f88c74a7d08402a73e	yes
source_data/raw_reads/genomicsDrive_data_dump/QB3.Berkeley.251217/QB3.Results.260109/SILG/SILG_LP_158_Du-352_S146_L005_R1_001.fastq.gz	file	58029595	684d2a9e4aa23fdf807e962382324a8af8a5d9c5bb399869bcda22416e100eab	yes
source_data/raw_reads/genomicsDrive_data_dump/QB3.Berkeley.251217/QB3.Results.260109/SILG/SILG_LP_158_Du-352_S146_L005_R2_001.fastq.gz	file	59476465	7f26dfd03ae2cc7dff4d46f0dc242851b03b42dcdfb103fd5a7395948ca786e5	yes
source_data/raw_reads/genomicsDrive_data_dump/QB3.Berkeley.251217/QB3.Results.260109/SILR/SILR_LP_346_Du-729_S267_L005_R1_001.fastq.gz	file	233609212	7b3e5b335ee070af28c2e158f461fedd0d2c68377904cae60a8bf0245fdee3da	yes
source_data/raw_reads/genomicsDrive_data_dump/QB3.Berkeley.251217/QB3.Results.260109/SILR/SILR_LP_346_Du-729_S267_L005_R2_001.fastq.gz	file	233107085	b3afddaf670eb01b44bd3f98faf6cf23d47070fb48b4182c5bd960595b6b6a3a	yes
source_data/raw_reads/genomicsDrive_data_dump/QB3.Berkeley.251217/QB3.Results.260109/SILR/SILR_LP_347_Du-730_S277_L005_R1_001.fastq.gz	file	688101367	ba42c2784ddfe3e58181d89accccb0ba98cf06d221a61f786e77af4e01bd2b9e	yes
source_data/raw_reads/genomicsDrive_data_dump/QB3.Berkeley.251217/QB3.Results.260109/SILR/SILR_LP_347_Du-730_S277_L005_R2_001.fastq.gz	file	678900765	d1b5f73a4ba7cd2fe44269e382a3b031ca85354e7ca2b9bbb81fe0060f5791ed	yes
source_data/raw_reads/genomicsDrive_data_dump/QB3.Berkeley.251217/QB3.Results.260109/SILR/SILR_LP_348_Du-731_S287_L005_R1_001.fastq.gz	file	369022090	9c26e0d9478f2d3ce3800a9a6285a3ee9855b0a6f65366382f0ba168dd20d803	yes
source_data/raw_reads/genomicsDrive_data_dump/QB3.Berkeley.251217/QB3.Results.260109/SILR/SILR_LP_348_Du-731_S287_L005_R2_001.fastq.gz	file	365898721	e73143860dde4fb0189204eab2163edd5373b4f3abec2bc675b33f7ecf0921ff	yes
source_data/raw_reads/genomicsDrive_data_dump/QB3.Berkeley.251217/QB3.Results.260109/SILR/SILR_LP_349_Du-732_S219_L005_R1_001.fastq.gz	file	554619049	31ce8996a0ab2d8507919f79374bbace6573812c02fa7dae2d948f44be6f16ac	yes
source_data/raw_reads/genomicsDrive_data_dump/QB3.Berkeley.251217/QB3.Results.260109/SILR/SILR_LP_349_Du-732_S219_L005_R2_001.fastq.gz	file	548982414	70a630ce20d0b453861b63e41434821fbcfb58296361bb45254595997dd8476e	yes
source_data/raw_reads/genomicsDrive_data_dump/QB3.Berkeley.251217/QB3.Results.260109/SILR/SILR_LP_351_Du-734_S241_L005_R1_001.fastq.gz	file	570795362	0efe0245cd0cd66455607d68cb0bf91461dbb4684d1007106a472c1163dd0ab2	yes
source_data/raw_reads/genomicsDrive_data_dump/QB3.Berkeley.251217/QB3.Results.260109/SILR/SILR_LP_351_Du-734_S241_L005_R2_001.fastq.gz	file	566425522	073f17a404bf2de724cedcbde8273b6059165eacbe42a53f52fda44ec80cd502	yes
source_data/raw_reads/genomicsDrive_data_dump/QB3.Berkeley.251217/QB3.Results.260109/SILR/SILR_LP_353_Du-736_S258_L005_R1_001.fastq.gz	file	223706189	46d8736f83b6f25eace765e68765a213717c882b61df72dd1522072882cd4161	yes
source_data/raw_reads/genomicsDrive_data_dump/QB3.Berkeley.251217/QB3.Results.260109/SILR/SILR_LP_353_Du-736_S258_L005_R2_001.fastq.gz	file	226283785	6f60567d0f7a0dfd8ca8e43e416764d83de692b34255720d206b23adced4a34e	yes
source_data/raw_reads/genomicsDrive_data_dump/QB3.Berkeley.251217/QB3.Results.260109/STI/STI_LP_027_Du-45_S100_L005_R1_001.fastq.gz	file	69720760	a1ded68763f2c0990f6b5e708b35e1353f8a690021ebc119148256082e3a80cc	yes
source_data/raw_reads/genomicsDrive_data_dump/QB3.Berkeley.251217/QB3.Results.260109/STI/STI_LP_027_Du-45_S100_L005_R2_001.fastq.gz	file	71610541	59b2ae8bc18114ac11e0e38d2a25b4fc634466719401c4bd898e551e668d3bc0	yes
source_data/raw_reads/genomicsDrive_data_dump/QB3.Berkeley.251217/QB3.Results.260109/STI/STI_LP_028_Du-46_S28_L005_R1_001.fastq.gz	file	114653441	44b9765915646f05629c456060c124202f664c7bf74ff157dcc685005064f4a8	yes
source_data/raw_reads/genomicsDrive_data_dump/QB3.Berkeley.251217/QB3.Results.260109/STI/STI_LP_028_Du-46_S28_L005_R2_001.fastq.gz	file	115504952	e811d4fc634f3bffa45c81a409fa7d150ed34cdedf63a2e4352806694cc64fb7	yes
source_data/raw_reads/genomicsDrive_data_dump/QB3.Berkeley.251217/QB3.Results.260109/STI/STI_LP_029_Du-47_S38_L005_R1_001.fastq.gz	file	46212727	cc40b588fed12fdf5a755819dc028a3379f0eac1c4300b9c3aa1570cf0430bb6	yes
source_data/raw_reads/genomicsDrive_data_dump/QB3.Berkeley.251217/QB3.Results.260109/STI/STI_LP_029_Du-47_S38_L005_R2_001.fastq.gz	file	47250582	15042ff96273ba7f550739ea39b0e25af011e28dfad9b8d0b97c79e3efc83b1a	yes
source_data/raw_reads/genomicsDrive_data_dump/QB3.Berkeley.251217/QB3.Results.260109/STI/STI_LP_030_Du-48_S48_L005_R1_001.fastq.gz	file	118672606	a26d63dc82791e088ac7d54752311effa0c03179d0bf615c3ad2bc474be9cb44	yes
source_data/raw_reads/genomicsDrive_data_dump/QB3.Berkeley.251217/QB3.Results.260109/STI/STI_LP_030_Du-48_S48_L005_R2_001.fastq.gz	file	119774837	0ce7aeee761a1760b1f9a401237c62d1565aa5fe778f5381609a04a047266d75	yes
source_data/raw_reads/genomicsDrive_data_dump/QB3.Berkeley.251217/QB3.Results.260109/STI/STI_LP_031_Du-49_S59_L005_R1_001.fastq.gz	file	172399313	8a0b9d3d4844938d3057b55fa7ee81a51d8fec2be9ec8f6de7f2415d517b2d00	yes
source_data/raw_reads/genomicsDrive_data_dump/QB3.Berkeley.251217/QB3.Results.260109/STI/STI_LP_031_Du-49_S59_L005_R2_001.fastq.gz	file	181194396	7ed3a8bd331a4de55834294cc035c45765652b43d5c822f709f577265f514a3a	yes
source_data/raw_reads/genomicsDrive_data_dump/QB3.Berkeley.251217/QB3.Results.260109/STI/STI_LP_032_Du-50_S69_L005_R1_001.fastq.gz	file	241804739	b1a2c17922d24cfded1e257d67f280e8fec3668da91fcada47af9e5ce484eef6	yes
source_data/raw_reads/genomicsDrive_data_dump/QB3.Berkeley.251217/QB3.Results.260109/STI/STI_LP_032_Du-50_S69_L005_R2_001.fastq.gz	file	243143472	65c66e24fec31b0d865fb07a4323132ce70d8e55fe156a1b2f9a85dd1fe7586e	yes
source_data/raw_reads/genomicsDrive_data_dump/QB3.Berkeley.251217/QB3.Results.260109/STI/STI_LP_033_Du-51_S80_L005_R1_001.fastq.gz	file	86238867	f7ee865aa17517766858a8f5a531f739ed4a9c406de46f4aea61014bd8a99a7d	yes
source_data/raw_reads/genomicsDrive_data_dump/QB3.Berkeley.251217/QB3.Results.260109/STI/STI_LP_033_Du-51_S80_L005_R2_001.fastq.gz	file	88112702	2b6cc82f720ff1d1649871cf241841ffcb9dda36e63082e37ab51e2f56ad27bf	yes
source_data/raw_reads/genomicsDrive_data_dump/QB3.Berkeley.251217/QB3.Results.260109/STI/STI_LP_034_Du-52_S101_L005_R1_001.fastq.gz	file	689057125	9f6dce46df3f7330e8d7139bff7d20d780c45e3dc0a545b4ee4cd766011fef8d	yes
source_data/raw_reads/genomicsDrive_data_dump/QB3.Berkeley.251217/QB3.Results.260109/STI/STI_LP_034_Du-52_S101_L005_R2_001.fastq.gz	file	687130463	c7964727adabc6bd3bd14fa1d3287b6a307d39945628abd3c78913d6632059f2	yes
source_data/raw_reads/genomicsDrive_data_dump/QB3.Berkeley.251217/QB3.Results.260109/STI/STI_LP_035_Du-53_S49_L005_R1_001.fastq.gz	file	423044743	c3b014a5feebbadbde3eb02f5d2aa6ebff229fd72f62ac1f84fa073db764074c	yes
source_data/raw_reads/genomicsDrive_data_dump/QB3.Berkeley.251217/QB3.Results.260109/STI/STI_LP_035_Du-53_S49_L005_R2_001.fastq.gz	file	419877246	12ea389e0c4d6770c6a4a206b5e7cc2b17010a2dfe5213765a3ed7d7c9f359c0	yes
source_data/raw_reads/genomicsDrive_data_dump/QB3.Berkeley.251217/QB3.Results.260109/STI/STI_LP_036_Du-54_S60_L005_R1_001.fastq.gz	file	88509726	4a59a822c36f3e922b3627936ad29c42e71e0cf2eb47929540d9ae227ed8ef82	yes
source_data/raw_reads/genomicsDrive_data_dump/QB3.Berkeley.251217/QB3.Results.260109/STI/STI_LP_036_Du-54_S60_L005_R2_001.fastq.gz	file	89429283	51a6b225e1306199fc4719d346ada0ca4d7c4204cd17ac2c1e271c02af269c55	yes
source_data/raw_reads/genomicsDrive_data_dump/QB3.Berkeley.251217/QB3.Results.260109/STI/STI_LP_037_Du-55_S70_L005_R1_001.fastq.gz	file	173898877	e3e119cfe062cce9ff3f0027e126ac000dae4f9c6e3384d6c228b938013a9aaf	yes
source_data/raw_reads/genomicsDrive_data_dump/QB3.Berkeley.251217/QB3.Results.260109/STI/STI_LP_037_Du-55_S70_L005_R2_001.fastq.gz	file	176231426	9c666758e360546ab8226e3e057f70a3e6c6a93bee05b1b0e798d291d0dc2a07	yes
source_data/raw_reads/genomicsDrive_data_dump/QB3.Berkeley.251217/QB3.Results.260109/STI/STI_LP_038_Du-56_S81_L005_R1_001.fastq.gz	file	232123657	ae0e113e1e0756f789b0243073fc65463ad5126e2bc5d76dfbde3dad71e6acb3	yes
source_data/raw_reads/genomicsDrive_data_dump/QB3.Berkeley.251217/QB3.Results.260109/STI/STI_LP_038_Du-56_S81_L005_R2_001.fastq.gz	file	236981711	858ed9c5bf7f3040dec77a6828c6d6992e2f185fb3adf1d6bb9ee69a426de0fa	yes
source_data/raw_reads/genomicsDrive_data_dump/QB3.Berkeley.251217/QB3.Results.260109/STI/STI_LP_039_Du-57_S90_L005_R1_001.fastq.gz	file	252734474	cdf0ee2dab3a016d0a4ebd73f6b21bd82d9e0c79cd8d076e459ef77a575d3be2	yes
source_data/raw_reads/genomicsDrive_data_dump/QB3.Berkeley.251217/QB3.Results.260109/STI/STI_LP_039_Du-57_S90_L005_R2_001.fastq.gz	file	267333549	af336f12464ee905e78a2628462f85bdf6b0c2fdba6c15342c53b737d80a3e60	yes
source_data/raw_reads/genomicsDrive_data_dump/QB3.Berkeley.251217/QB3.Results.260109/STI/STI_LP_040_Du-58_S102_L005_R1_001.fastq.gz	file	92494107	81696414eb8dd68efb08a6ccbac846d20e162743d4ef07e6e7ee3302bb36536d	yes
source_data/raw_reads/genomicsDrive_data_dump/QB3.Berkeley.251217/QB3.Results.260109/STI/STI_LP_040_Du-58_S102_L005_R2_001.fastq.gz	file	103384387	c88c3b041354241aaeff5dca3b82937d2afc21ea24ae01db51b2c254e3bd030f	yes
source_data/raw_reads/genomicsDrive_data_dump/QB3.Berkeley.251217/QB3.Results.260109/STI/STI_LP_041_Du-60_S29_L005_R1_001.fastq.gz	file	6397284535	dca750644d425fc502bd61bbe49a24dae49da32bf09a59250f3e559512b973d3	yes
source_data/raw_reads/genomicsDrive_data_dump/QB3.Berkeley.251217/QB3.Results.260109/STI/STI_LP_041_Du-60_S29_L005_R2_001.fastq.gz	file	7127027969	7d2b2be564cb347617ff113fc8205d61cc139ee3ba596c0ba6fc8081c4c076e0	yes
source_data/raw_reads/genomicsDrive_data_dump/QB3.Berkeley.251217/QB3.Results.260109/STI/STI_LP_042_Du-61_S39_L005_R1_001.fastq.gz	file	511153279	42fa1073a7ac290c172c0df530752a3e3cacc24ef17ebcf884c0e2fdab4a5b14	yes
source_data/raw_reads/genomicsDrive_data_dump/QB3.Berkeley.251217/QB3.Results.260109/STI/STI_LP_042_Du-61_S39_L005_R2_001.fastq.gz	file	510459188	c5b53bb56c3294accaeba1e60b09f9ef5fa8f15c3513831be389d6e2b803da01	yes
source_data/raw_reads/genomicsDrive_data_dump/QB3.Berkeley.251217/QB3.Results.260109/TIL/TIL_LP_123_Du-263_S112_L005_R1_001.fastq.gz	file	35747691	b482155c572ce66cdd95986bd38f24cfc1404d1c42233cc2fc8319083d272812	yes
source_data/raw_reads/genomicsDrive_data_dump/QB3.Berkeley.251217/QB3.Results.260109/TIL/TIL_LP_123_Du-263_S112_L005_R2_001.fastq.gz	file	35943099	46072fe972b244664e029abfbdd5128367d2150d7469e497ebf9bb35a9db8061	yes
source_data/raw_reads/genomicsDrive_data_dump/QB3.Berkeley.251217/QB3.Results.260109/TIL/TIL_LP_124_Du-264_S121_L005_R1_001.fastq.gz	file	294770389	68ca7d1e2428b088f15c4adb97ebecfa73d98a7b740ba1c838286329eb7daa4a	yes
source_data/raw_reads/genomicsDrive_data_dump/QB3.Berkeley.251217/QB3.Results.260109/TIL/TIL_LP_124_Du-264_S121_L005_R2_001.fastq.gz	file	296008705	ac9201aa13e4d6cd349a572712593298fca590a1da906a6b768a5549c29db454	yes
source_data/raw_reads/genomicsDrive_data_dump/QB3.Berkeley.251217/QB3.Results.260109/TIL/TIL_LP_125_Du-265_S132_L005_R1_001.fastq.gz	file	64275827	5ac66e9c5430b60fe460b2884485514bdd30ee46eae1857114492ea74b10e43f	yes
source_data/raw_reads/genomicsDrive_data_dump/QB3.Berkeley.251217/QB3.Results.260109/TIL/TIL_LP_125_Du-265_S132_L005_R2_001.fastq.gz	file	66143176	b3c6e224e551babc8141a5643172f36c0947d742eb64bf68fdedf418caa6b84a	yes
source_data/raw_reads/genomicsDrive_data_dump/QB3.Berkeley.251217/QB3.Results.260109/TIL/TIL_LP_126_Du-266_S141_L005_R1_001.fastq.gz	file	65669151	9512460389fcc0e2df457035c5e634a78b5eb58d83c5ae9138af843dba820f87	yes
source_data/raw_reads/genomicsDrive_data_dump/QB3.Berkeley.251217/QB3.Results.260109/TIL/TIL_LP_126_Du-266_S141_L005_R2_001.fastq.gz	file	65248363	5d00280ab9c4966a504a699362bfb5a431d13d01f616bf7027f07143bc5c0e04	yes
source_data/raw_reads/genomicsDrive_data_dump/QB3.Berkeley.251217/QB3.Results.260109/TIL/TIL_LP_127_Du-267_S152_L005_R1_001.fastq.gz	file	100775598	a66ce020f34f50acc74a919f7c380dc07c70f6eba4333141f9ee42733ee29e91	yes
source_data/raw_reads/genomicsDrive_data_dump/QB3.Berkeley.251217/QB3.Results.260109/TIL/TIL_LP_127_Du-267_S152_L005_R2_001.fastq.gz	file	105272171	fd53e7fcef4161598f59096d66e8216c1665dc82d9cc8cc45b9947505ad2d705	yes
source_data/raw_reads/genomicsDrive_data_dump/QB3.Berkeley.251217/QB3.Results.260109/TIL/TIL_LP_128_Du-268_S162_L005_R1_001.fastq.gz	file	401915873	abf89ec8e4d59a3aa830c385619bf72cb9e20988e9b088ce4ef1eb3b827df894	yes
source_data/raw_reads/genomicsDrive_data_dump/QB3.Berkeley.251217/QB3.Results.260109/TIL/TIL_LP_128_Du-268_S162_L005_R2_001.fastq.gz	file	401957805	3e68e5e0759e93f7d06832affbdb5b279eab0ebfa85184082b4407ca9ba73468	yes
source_data/raw_reads/genomicsDrive_data_dump/QB3.Berkeley.251217/QB3.Results.260109/TIL/TIL_LP_129_Du-269_S173_L005_R1_001.fastq.gz	file	111236076	ea455615d44b0f66543962a1b0e518261594e9646e1979a7f2b52b405b76f042	yes
source_data/raw_reads/genomicsDrive_data_dump/QB3.Berkeley.251217/QB3.Results.260109/TIL/TIL_LP_129_Du-269_S173_L005_R2_001.fastq.gz	file	110919489	596cbf6e103c704eb37198af9e8d9327313682395ce0d87d5e0debb04a7529e2	yes
source_data/raw_reads/genomicsDrive_data_dump/QB3.Berkeley.251217/QB3.Results.260109/TIL/TIL_LP_130_Du-271_S184_L005_R1_001.fastq.gz	file	552238653	156ac89f1afd217fd36bdf8fe68595a134a0779a5ac492a1c2226b1d5f5e708f	yes
source_data/raw_reads/genomicsDrive_data_dump/QB3.Berkeley.251217/QB3.Results.260109/TIL/TIL_LP_130_Du-271_S184_L005_R2_001.fastq.gz	file	547064220	d90bd0fce4b766946c2faa6847c46832450595b1a229465f3a44da276c750bea	yes
source_data/raw_reads/genomicsDrive_data_dump/QB3.Berkeley.251217/QB3.Results.260109/TIL/TIL_LP_131_Du-272_S113_L005_R1_001.fastq.gz	file	139565221	56f0164615f8c77da8f40c7aa8fb0a0d7aff0f5317ca90e645a694aadc452919	yes
source_data/raw_reads/genomicsDrive_data_dump/QB3.Berkeley.251217/QB3.Results.260109/TIL/TIL_LP_131_Du-272_S113_L005_R2_001.fastq.gz	file	139491741	02fcd98ca0ff7486ccd9815738c577b9a5918d681ed690eca20d3faf31382168	yes
source_data/raw_reads/genomicsDrive_data_dump/QB3.Berkeley.251217/QB3.Results.260109/TULP/TULP_LP_115_Du-242_S199_L005_R1_001.fastq.gz	file	498181788	4a4ab1de802f18ab7dd79911de2d796a8b5332c40c4e4a7fe40cb7de4c5ce2b7	yes
source_data/raw_reads/genomicsDrive_data_dump/QB3.Berkeley.251217/QB3.Results.260109/TULP/TULP_LP_115_Du-242_S199_L005_R2_001.fastq.gz	file	504355701	770a3e0e8476e1000742e139e6fcde4b906b5f7619badf454e8253bafb45a18b	yes
source_data/raw_reads/genomicsDrive_data_dump/QB3.Berkeley.251217/QB3.Results.260109/TULP/TULP_LP_116_Du-243_S200_L005_R1_001.fastq.gz	file	470194398	ad69470d7619eab9208a3c3275758eb6d03bdbf512d2f8e179fd08f77fbd4ab0	yes
source_data/raw_reads/genomicsDrive_data_dump/QB3.Berkeley.251217/QB3.Results.260109/TULP/TULP_LP_116_Du-243_S200_L005_R2_001.fastq.gz	file	470628479	2257875149a2f9302f223e6b58bb8ab07a7752e1cc034d5d8ee19a0f4b17bb70	yes
source_data/raw_reads/genomicsDrive_data_dump/QB3.Berkeley.251217/QB3.Results.260109/TULP/TULP_LP_117_Du-244_S201_L005_R1_001.fastq.gz	file	91336516	7755ccfcff222bd6c4d16d6bc590d18c781bfa65af4b31a2b4c74aaf9ee2c03a	yes
source_data/raw_reads/genomicsDrive_data_dump/QB3.Berkeley.251217/QB3.Results.260109/TULP/TULP_LP_117_Du-244_S201_L005_R2_001.fastq.gz	file	92910688	1a2eb2554dc4f79608bd3ae48a426a40eaf3eb43dffff907bb6920bdb3d08903	yes
source_data/raw_reads/genomicsDrive_data_dump/QB3.Berkeley.251217/QB3.Results.260109/TULP/TULP_LP_118_Du-245_S202_L005_R1_001.fastq.gz	file	931128487	1251379a94356898e86d4ddfaaadf92a914c31521e74405e60809e25570d771b	yes
source_data/raw_reads/genomicsDrive_data_dump/QB3.Berkeley.251217/QB3.Results.260109/TULP/TULP_LP_118_Du-245_S202_L005_R2_001.fastq.gz	file	936041502	83df8aace9c5a6b3e6695e3c8b07e2db427a8b6f65e52f6f043227a04d45f5a3	yes
source_data/raw_reads/genomicsDrive_data_dump/QB3.Berkeley.251217/QB3.Results.260109/TULP/TULP_LP_119_Du-246_S203_L005_R1_001.fastq.gz	file	715663135	4fcff447ae85e176f6cf7756fe1fa75982627206415e4d3b0760a5db230008f6	yes
source_data/raw_reads/genomicsDrive_data_dump/QB3.Berkeley.251217/QB3.Results.260109/TULP/TULP_LP_119_Du-246_S203_L005_R2_001.fastq.gz	file	721036123	3997128856ae9d5b9d8a9926beb4ec5b494f15ec485f40cafef011e5c6093712	yes
source_data/raw_reads/genomicsDrive_data_dump/QB3.Berkeley.251217/QB3.Results.260109/TULP/TULP_LP_120_Du-248_S204_L005_R1_001.fastq.gz	file	1013986365	6b9f1b8778475dce1fcb7025219c70160586dba587804560d7d61b35ba6f2e7d	yes
source_data/raw_reads/genomicsDrive_data_dump/QB3.Berkeley.251217/QB3.Results.260109/TULP/TULP_LP_120_Du-248_S204_L005_R2_001.fastq.gz	file	1019756894	984601cc011f328cc2b0151702125fa41d065a0929af353661d089571d02dcb8	yes
source_data/raw_reads/genomicsDrive_data_dump/QB3.Berkeley.251217/QB3.Results.260109/TULP/TULP_LP_121_Du-249_S196_L005_R1_001.fastq.gz	file	146758216	1052736fb9289cdd6953a30e4b0044f3d014f41b54471d41ca014f23943ea79d	yes
source_data/raw_reads/genomicsDrive_data_dump/QB3.Berkeley.251217/QB3.Results.260109/TULP/TULP_LP_121_Du-249_S196_L005_R2_001.fastq.gz	file	149409076	2e4aa07053b5bc125e1dac2583d61a117e72bfe5917029a7bd87d08ed0e81ff5	yes
source_data/raw_reads/genomicsDrive_data_dump/QB3.Berkeley.251217/QB3.Results.260109/TULP/TULP_LP_122_Du-250_S198_L005_R1_001.fastq.gz	file	542800976	d8d16b28dd85b416b28b69f89b190c1550ce6fbe6387dd7513a515e0a1c8e9fa	yes
source_data/raw_reads/genomicsDrive_data_dump/QB3.Berkeley.251217/QB3.Results.260109/TULP/TULP_LP_122_Du-250_S198_L005_R2_001.fastq.gz	file	538662054	3eb5266a2132ef268f4c397f9c9401bfd7fd6f448f72ac329cd7994f3c801b6a	yes
source_data/raw_reads/genomicsDrive_data_dump/QB3.Berkeley.251217/QB3.Results.260109/TULP/TULP_LP_140_Du-302_S123_L005_R1_001.fastq.gz	file	355029428	95d913582f88cb7f2ab137447e2f371a91958017215a25897ae09fec1dad00a8	yes
source_data/raw_reads/genomicsDrive_data_dump/QB3.Berkeley.251217/QB3.Results.260109/TULP/TULP_LP_140_Du-302_S123_L005_R2_001.fastq.gz	file	381867413	dc395096e4f9bcccc23a4ca99968b05ae02d90c53c004b9eec3748d6421bcc79	yes
source_data/raw_reads/genomicsDrive_data_dump/QB3.Berkeley.251217/QB3.Results.260109/TULP/TULP_LP_141_Du-303_S143_L005_R1_001.fastq.gz	file	65770994	80c913d79683ec69da2caec7bf0be60c6ffc3cd7582acf1266d9b990d89b35c3	yes
source_data/raw_reads/genomicsDrive_data_dump/QB3.Berkeley.251217/QB3.Results.260109/TULP/TULP_LP_141_Du-303_S143_L005_R2_001.fastq.gz	file	65425420	2f808eafc4f4bb078cd1f8b3740402e64ba88cbfb1955c573173f8050f4a31ef	yes
source_data/raw_reads/genomicsDrive_data_dump/QB3.Berkeley.251217/QB3.Results.260109/TULP/TULP_LP_142_Du-304_S144_L005_R1_001.fastq.gz	file	35429938	0ca2e233b3b3377c864f840493bff659ceb978dff09790af334235b0ea2c39be	yes
source_data/raw_reads/genomicsDrive_data_dump/QB3.Berkeley.251217/QB3.Results.260109/TULP/TULP_LP_142_Du-304_S144_L005_R2_001.fastq.gz	file	36114685	16785b6d81c2dd61b4cd002bf931ffcdb6462e08dabb6cd4d15a3febabfe9184	yes
source_data/raw_reads/genomicsDrive_data_dump/QB3.Berkeley.251217/QB3.Results.260109/TULP/TULP_LP_143_Du-305_S154_L005_R1_001.fastq.gz	file	60366399	08dad332dd756a397eb5371d32543087afeca204775fc7f1a49a3e9e3b91c95a	yes
source_data/raw_reads/genomicsDrive_data_dump/QB3.Berkeley.251217/QB3.Results.260109/TULP/TULP_LP_143_Du-305_S154_L005_R2_001.fastq.gz	file	61496895	5edbac5f49cc2d17a6f7e42ae41d8684d8a8ee77b8ce37ed5b2bc7da7d068d31	yes
source_data/raw_reads/genomicsDrive_data_dump/QB3.Berkeley.251217/QB3.Results.260109/TULP/TULP_LP_144_Du-306_S164_L005_R1_001.fastq.gz	file	64018754	3729a4e6054f9a103aa36b3e0765e1e246ab9eba6df915de5be109fcffe53345	yes
source_data/raw_reads/genomicsDrive_data_dump/QB3.Berkeley.251217/QB3.Results.260109/TULP/TULP_LP_144_Du-306_S164_L005_R2_001.fastq.gz	file	64960263	83d8f817c9c0892adc588c2720835f9209529aeda7e559431a6c627fe0aa4530	yes
source_data/raw_reads/genomicsDrive_data_dump/QB3.Berkeley.251217/QB3.Results.260109/TULP/TULP_LP_145_Du-307_S175_L005_R1_001.fastq.gz	file	44598025	cd957a86062b467b4f437034294ad40e9df2ad3b373cb99c44aafeaa81532cd3	yes
source_data/raw_reads/genomicsDrive_data_dump/QB3.Berkeley.251217/QB3.Results.260109/TULP/TULP_LP_145_Du-307_S175_L005_R2_001.fastq.gz	file	45763033	fb7c1633b8f5f78d4bf2c5fc62ca7c7490965050763d782431e53870071b81c4	yes
source_data/raw_reads/genomicsDrive_data_dump/QB3.Berkeley.251217/QB3.Results.260109/TULP/TULP_LP_146_Du-308_S186_L005_R1_001.fastq.gz	file	30297677	e73a045612c031cf0a984f67b71bfb7c192d0e8b57c773bf666959239116d6bb	yes
source_data/raw_reads/genomicsDrive_data_dump/QB3.Berkeley.251217/QB3.Results.260109/TULP/TULP_LP_146_Du-308_S186_L005_R2_001.fastq.gz	file	30279737	1bed48f5aaf3714e4488cc20a9534a220968090a477f2ad893a1fbb8baac8f2f	yes
source_data/raw_reads/genomicsDrive_data_dump/QB3.Berkeley.251217/QB3.Results.260109/TULP/TULP_LP_147_Du-309_S115_L005_R1_001.fastq.gz	file	403946006	bb07254ff46366a8ea6fd9d43c8ebd7ce30bcc84c09e42655ff56f8852d5095a	yes
source_data/raw_reads/genomicsDrive_data_dump/QB3.Berkeley.251217/QB3.Results.260109/TULP/TULP_LP_147_Du-309_S115_L005_R2_001.fastq.gz	file	400046461	144d069d30738126f6a09c2ca5ab67d6e93ff88d4167c131e0ae6d06636d784b	yes
source_data/raw_reads/genomicsDrive_data_dump/QB3.Berkeley.251217/QB3.Results.260109/TULP/TULP_LP_148_Du-310_S124_L005_R1_001.fastq.gz	file	68706247	1bd5ef8e68e8ef84830d640448e96ab892ad9e747f08679a92a4e6849d651a7b	yes
source_data/raw_reads/genomicsDrive_data_dump/QB3.Berkeley.251217/QB3.Results.260109/TULP/TULP_LP_148_Du-310_S124_L005_R2_001.fastq.gz	file	68968872	d04919e776d5ecf8ec38cf2c3b015f0829e10edf35835de35e5e9b548329a827	yes
source_data/raw_reads/genomicsDrive_data_dump/QB3.Berkeley.251217/QB3.Results.260109/download_qb3_fastq.log	file	46026	a1d67c49cd8e893ad5a73ffbcb8c09d9abb11eb8cf302295aba1d56d01648d76	yes
source_data/raw_reads/genomicsDrive_data_dump/QB3.Berkeley.251217/QB3.Results.260109/download_qb3_fastq_parallel.log	file	181367	685d753b41eb6e67a4d67077c302a89126f047ae302572ef74e8eca8d1a9020c	yes
source_data/raw_reads/genomicsDrive_data_dump/QB3.Berkeley.251217/QB3.Results.260109/download_qb3_fastq_parallel_progress.json	file	805	1ab0a5e0849db4fa6967186e1a03e54ac2b441009dd3fed95679b80dc5e071dc	yes
source_data/raw_reads/genomicsDrive_data_dump/QB3.Berkeley.251217/QB3.Results.260109/download_qb3_fastq_progress.json	file	2356	dd1429ebfa5518c1c5ab09cf5411f12f3a04e6ced85050ec29c5f52cca58fb6b	yes
source_data/raw_reads/genomicsDrive_data_dump/QB3.Berkeley.251217/QB3.Results.260109/laneBarcode.html	file	165195	fcf7304d7a04fb3bf4eae43a8a7cf2091407d6d28d5e7061e2444b57d7a86984	yes
source_data/raw_reads/genomicsDrive_data_dump/QB3.Berkeley.251217/QB3.Results.260109/md5sum.txt	file	42335	c92f9a6b0517130899fc26c9b4212a6a0edcb64b143bf88b07cb0b667d29dc98	yes
source_data/reference_candidates/Dudleya_hifiasm_purged_manual_chloroplast.fa	file	179928	d879448329698e443be587c46d8800a03be62e2a207c4e8f549cddae2f2e4d3a	yes
source_data/reference_candidates/Dudleya_hifiasm_purged_manual_mitochondria.fa	file	247429	5ac70cb01596036a3885e31f5734bcafc93a10e5d910ad5f9f5100215edf2b5f	yes
source_data/reference_candidates/external/NC_085682.1.fasta	file	152994	fe937efda1661625b49d19e1a68b601b235e6551e9b0bd6c3a4861b215a21912	yes
source_data/reference_candidates/external/NC_085682.1.gb	file	293773	fbf74436bfb33b53a57f9d5f3d1e0a3d887017c0bbb968a8bef12088fe7d5609	yes
source_data/reference_candidates/external/PV256627.1.fasta	file	245588	45a91b8768762cd7cfe05fd5bd342424d1c23fcfe55bf911a64bf06ac9075b93	yes
source_data/reference_candidates/external/PV256627.1.gb	file	334828	172d4e3ba510910c2a0675afb34c6e73bbf7abfee28af726f9fbc98e49201cd9	yes
