sample_id	ABAB_MAD_LP_223_Du-590	ABAB_MAD_LP_322_Du-593	ABAB_MAD_LP_323_Du-594	ABAB_MAD_LP_324_Du-595	ABAB_MAD_LP_325_Du-596	ABAB_MAD_LP_326_Du-597	ABAB_MAD_LP_327_Du-598	ABBE_BERN_LP_311_Du-780	ABBE_BERN_LP_312_Du-781	ABBE_BERN_LP_313_Du-782	ABBE_BERN_LP_314_Du-783	ABMU_HOR_LP_306_Du-775	ABMU_HOR_LP_308_Du-777	ABMU_HOR_LP_358_Du-770	ABMU_HOR_LP_359_Du-771	ABMU_HOR_LP_360_Du-772	ABMU_HOR_LP_361_Du-773	BAI_LP_105_Du-222	BAI_LP_106_Du-223	BAI_LP_108_Du-225	BAI_LP_109_Du-226	BAI_LP_110_Du-227	BAI_LP_111_Du-228	BAI_LP_112_Du-230	BAI_LP_113_Du-231	BAI_LP_114_Du-232	BAI_LP_319_Du-233	COM_LP_269_Du-703	COM_LP_270_Du-704	COM_LP_272_Du-707	COM_LP_274_Du-709	COM_LP_276_Du-711	COM_LP_277_Du-712	COM_LP_341_Du-713	COM_LP_342_Du-714	COM_LP_343_Du-715	CROB_LP_169_Du-381	CROB_LP_170_Du-382	CROB_LP_172_Du-384	CROB_LP_173_Du-385	CROB_LP_174_Du-386	CROB_LP_175_Du-387	CROB_LP_176_Du-388	CROB_LP_177_Du-389	CROB_LP_320_Du-395	CROB_LP_321_Du-396	CROS_LP_085_Du-181	CROS_LP_086_Du-182	CROS_LP_087_Du-183	CROS_LP_088_Du-184	CROS_LP_089_Du-185	CROS_LP_090_Du-186	CROS_LP_091_Du-187	CROS_LP_092_Du-188	CROS_LP_093_Du-189	CROS_LP_094_Du-190	CY_ALA_LP_298-Du-767	CY_ALA_LP_299-Du-768	CY_ALA_LP_357_Du-769	CY_BAL_LP_226_Du-602	CY_BAL_LP_227_Du-603	CY_BAL_LP_228_Du-604	CY_BGL_LP_210_Du-577	CY_BGL_LP_212_Du-579	CY_BOU_LP_288_Du-737	CY_BOU_LP_290_Du-739	CY_BOU_LP_291_Du-740	CY_BOU_LP_292_Du-741	CY_BOU_LP_354_Du-742	CY_CAS_LP_328_Du-610	CY_CAS_LP_329_Du-611	CY_CAS_LP_330_Du-607	CY_CAS_LP_331_Du-608	CY_CAS_LP_332_Du-609	CY_HICN_LP_236_Du-614	CY_HICN_LP_333_Du-612	CY_HICN_LP_334_Du-613	CY_HICN_LP_335_Du-615	CY_HICN_LP_336_Du-616	CY_HICS_LP_293_Du-757	CY_HICS_LP_295_Du-759	CY_HICS_LP_297_Du-761	CY_HICS_LP_355_Du-762	CY_HICS_LP_356_Du-763	CY_HUN_LP_264_Du-683	CY_HUN_LP_265_Du-684	CY_HUN_LP_266_Du-685	CY_HUN_LP_267_Du-686	CY_HUN_LP_268_Du-687	CY_SIE_LP_188_Du-445	CY_SIE_LP_189_Du-446	CY_SIE_LP_190_Du-447	CY_SIE_LP_191_Du-448	CY_WOO_LP_259_Du-664	CY_WOO_LP_260_Du-665	CY_WOO_LP_261_Du-667	CY_WOO_LP_262_Du-668	CY_WOO_LP_263_Du-669	DAN_LP_043_Du-68	DAN_LP_044_Du-69	DAN_LP_045_Du-70	DAN_LP_046_Du-71	DAN_LP_047_Du-72	DOV_LP_078_Du-174	DOV_LP_079_Du-175	DOV_LP_080_Du-176	DOV_LP_081_Du-177	DOV_LP_082_Du-178	DOV_LP_083_Du-179	DOV_LP_084_Du-180	DU-173	DU-229	DU-247	DU-254	DU-270	DU-297	DU-443	DU-4A	DU014LP012	DU037LP013	DU059LP015	DU078LP011	DU079LP010	DUD_LP_132_Du-283	DUD_LP_133_Du-284	DUD_LP_134_Du-285	DUD_LP_135_Du-286	DUD_LP_136_Du-287	DUD_LP_137_Du-288	DUD_LP_138_Du-289	DUD_LP_139_Du-290	KIRN_LP_179_Du-421	KIRN_LP_180_Du-422	KIRN_LP_181_Du-423	KIRN_LP_182_Du-424	KIRN_LP_183_Du-425	KIRN_LP_184_Du-426	KIRN_LP_185_Du-427	KIRN_LP_186_Du-428	KIRN_LP_187_Du-429	KIRT_LP_159_Du-364	KIRT_LP_160_Du-365	KIRT_LP_161_Du-366	KIRT_LP_162_Du-367	KIRT_LP_163_Du-368	KIRT_LP_164_Du-369	KIRT_LP_165_Du-370	KIRT_LP_166_Du-371	KIRT_LP_167_Du-372	KIRT_LP_168_Du-373	MALV_LP_095_Du-201	MALV_LP_096_Du-202	MALV_LP_097_Du-203	MALV_LP_098_Du-204	MALV_LP_099_Du-205	MALV_LP_100_Du-206	MALV_LP_101_Du-207	MALV_LP_102_Du-208	MALV_LP_103_Du-209	MALV_LP_104_Du-210	OCO_LP_058_Du-115	OCO_LP_059_Du-106	OCO_LP_060_Du-107	OCO_LP_061_Du-108	OCO_LP_062_Du-109	OCO_LP_063_Du-110	OCO_LP_064_Du-111	OCO_LP_065_Du-112	OCO_LP_066_Du-113	OCO_LP_067_Du-114	QUI1_LP_249_Du-648	QUI1_LP_250_Du-649	QUI1_LP_251_Du-650	QUI1_LP_252_Du-651	QUI1_LP_253_Du-652	QUI1_LP_254_Du-653	QUI1_LP_255_Du-654	QUI1_LP_257_Du-656	QUI1_LP_258_Du-657	QUI2_LP_243_Du-631	QUI2_LP_244_Du-632	QUI2_LP_245_Du-633	QUI2_LP_246_Du-634	QUI2_LP_247_Du-635	QUI2_LP_248_Du-636	QUI2_LP_337_Du-638	QUI2_LP_338_Du-639	QUI2_LP_339_Du-640	QUI2_LP_340_Du-641	QUIN_LP_069_Du-155	QUIN_LP_070_Du-156	QUIN_LP_071_Du-157	QUIN_LP_072_Du-158	QUIN_LP_073_Du-159	QUIN_LP_074_Du-160	QUIN_LP_075_Du-161	QUIN_LP_076_Du-162	QUIN_LP_077_Du-163	QUIN_LP_318_Du-164	RIC_LP_192_Du-521	RIC_LP_193_Du-522	RIC_LP_194_Du-523	RIC_LP_195_Du-524	RIC_LP_196_Du-525	RIC_LP_197_Du-526	RIC_LP_198_Du-527	RIC_LP_199_Du-528	RIC_LP_200_Du-529	RIC_LP_201_Du-530	RSV_LP_049_Du-85	RSV_LP_050_Du-87	RSV_LP_051_Du-88	RSV_LP_052_Du-89	RSV_LP_053_Du-90	RSV_LP_055_Du-92	RSV_LP_057_Du-94	RSV_LP_315_Du-95	RSV_LP_316_Du-96	SILG_LP_149_Du-343	SILG_LP_150_Du-344	SILG_LP_151_Du-345	SILG_LP_152_Du-346	SILG_LP_153_Du-347	SILG_LP_154_Du-348	SILG_LP_155_Du-349	SILG_LP_156_Du-350	SILG_LP_157_Du-351	SILG_LP_158_Du-352	SILR_LP_346_Du-729	SILR_LP_347_Du-730	SILR_LP_348_Du-731	SILR_LP_349_Du-732	SILR_LP_351_Du-734	SILR_LP_353_Du-736	STI_LP_027_Du-45	STI_LP_028_Du-46	STI_LP_029_Du-47	STI_LP_030_Du-48	STI_LP_031_Du-49	STI_LP_032_Du-50	STI_LP_033_Du-51	STI_LP_034_Du-52	STI_LP_035_Du-53	STI_LP_036_Du-54	STI_LP_037_Du-55	STI_LP_038_Du-56	STI_LP_039_Du-57	STI_LP_040_Du-58	STI_LP_041_Du-60	STI_LP_042_Du-61	TIL_LP_123_Du-263	TIL_LP_124_Du-264	TIL_LP_125_Du-265	TIL_LP_126_Du-266	TIL_LP_127_Du-267	TIL_LP_128_Du-268	TIL_LP_129_Du-269	TIL_LP_130_Du-271	TIL_LP_131_Du-272	TULP_LP_115_Du-242	TULP_LP_116_Du-243	TULP_LP_117_Du-244	TULP_LP_118_Du-245	TULP_LP_119_Du-246	TULP_LP_120_Du-248	TULP_LP_121_Du-249	TULP_LP_122_Du-250	TULP_LP_140_Du-302	TULP_LP_141_Du-303	TULP_LP_142_Du-304	TULP_LP_143_Du-305	TULP_LP_144_Du-306	TULP_LP_145_Du-307	TULP_LP_146_Du-308	TULP_LP_147_Du-309	TULP_LP_148_Du-310
ABAB_MAD_LP_223_Du-590	101133	101131	100922	100951	101130	101105	100918	101084	101039	100953	100896	101113	101052	101131	101130	101129	101130	101128	101130	101095	101119	101127	101127	101072	101126	101112	101075	101132	101112	101129	100925	101132	101132	101131	101043	101133	101062	101120	101083	101122	101117	101126	101126	101126	101130	101123	101133	101132	101088	101132	101132	101132	101133	101132	101133	101132	101119	101106	101129	101081	101058	100578	101015	101082	101106	101130	101128	101130	101130	101077	100969	100945	100884	101044	101105	101003	100730	101035	101046	101054	100245	101094	101131	101130	100997	80054	100978	101002	100968	101091	101081	101049	101127	101116	101069	100186	101062	101118	101109	101124	101125	101126	101119	100988	101118	101123	101114	101119	101121	101124	101121	101130	101132	101132	101115	101130	101076	101123	101130	101120	101131	101132	101132	101133	101133	101132	101133	101132	101012	101133	101133	101132	101133	101133	101132	101126	101133	101132	101117	101125	101053	101102	101069	101050	101060	101116	101075	101061	101081	101044	101125	101133	101132	101132	101133	101132	101132	101132	101132	101133	101021	101016	100838	101053	101034	100808	100938	101007	100677	100800	101092	101081	100544	100894	101124	100899	101123	101069	101123	101123	100864	101072	101119	101128	101120	100654	101031	101117	101111	100994	100775	101106	100937	101069	101117	101117	101109	101121	101070	101132	101132	101126	101127	101125	100663	101125	101126	101126	101125	101128	101128	101124	101127	101124	101097	101075	101127	101127	101019	101095	101065	101086	101074	101112	101066	101006	101099	100730	101132	101132	101131	101131	101130	101133	101124	101131	100985	101131	101042	101131	101088	101130	101131	101118	101125	101132	101123	100762	101130	101131	100971	101129	101113	101120	98316	101127	100982	101130	101129	101132	101132	101133	101132	101132	101132	101133	101132	101133	101126	101101	101133	101133	101069	101129	101131	101132
ABAB_MAD_LP_322_Du-593	101131	103592	101045	101155	101927	101572	101057	102934	101744	101610	101370	102520	102706	103329	103296	103383	103276	103385	103384	103276	103324	103372	103394	103256	103516	103299	102766	103001	102201	103121	102937	102192	102593	103397	102495	103159	102015	103321	102689	103327	103324	103332	103322	103332	103338	103318	103516	103457	103276	103421	103591	103480	103585	103585	103358	103590	101853	101739	103299	102010	101842	100748	102554	103393	102139	103390	102329	102198	103384	101486	102349	101700	101196	101792	103115	101195	100824	101359	101646	101533	100310	101872	103191	102720	101821	80090	102335	101462	101323	103292	103357	103248	103365	102566	101320	100256	101358	101916	102411	103122	103331	103320	102903	103166	103467	103453	103460	103353	103440	103492	103456	103518	103590	103589	103320	103588	103288	103557	103508	103456	103462	103589	103380	102206	103459	103581	103519	103517	103104	103422	103114	103348	103381	103360	103388	103326	103379	103373	103318	103324	101933	103291	103258	103225	103248	103304	103263	103250	103079	103233	103584	103475	103518	103519	103475	103529	103544	103494	103543	103448	101449	101671	101009	102055	102102	100927	101177	101489	100779	100921	101520	101438	100631	101024	102170	101057	102144	101365	102780	102939	101036	101291	102090	102356	102466	100742	101193	102596	102626	101417	100862	101466	101033	101370	101712	103360	103314	103347	102573	103380	103360	103331	103303	103261	102508	103330	103322	103324	103333	103417	103449	102101	103427	103369	102871	103262	103434	103367	102175	102067	102771	102504	102202	103087	102205	102788	102070	101141	103065	103390	103226	103344	103363	101735	102062	102989	101262	102666	101615	102605	101543	103095	103445	102262	103322	103410	102861	100891	102818	102796	101982	102768	101542	102229	98382	102878	102388	103230	102365	103589	103590	103590	103591	103591	103590	103585	103590	101902	103148	101922	102137	102550	101739	102533	103430	102712
ABAB_MAD_LP_323_Du-594	100922	101045	101049	100964	101045	101046	100902	100996	100948	100861	100807	101025	100963	101043	101043	101043	101045	101042	101046	101000	101040	101042	101042	100980	101041	101022	100979	101048	101028	101044	100841	101048	101048	101047	100956	101049	100966	101036	100993	101044	101039	101048	101039	101048	101046	101036	101049	101048	100996	101048	101048	101048	101048	101048	101049	101048	101038	101029	101045	100990	100969	100473	100923	100994	101015	101044	101042	101045	101044	100976	100875	100867	100827	100958	101019	100924	100745	100934	100968	100973	100259	101022	101046	101044	100896	80065	100882	100931	100842	101009	100985	100968	101042	101027	100963	100218	100998	101039	101016	101031	101047	101039	101032	100890	101034	101039	101030	101034	101037	101040	101034	101046	101048	101048	101036	101046	100988	101039	101046	101035	101047	101048	101048	101049	101049	101048	101049	101048	100920	101049	101049	101048	101047	101049	101047	101042	101049	101048	101034	101041	100960	101010	100977	100956	100968	101026	100982	100969	100988	100951	101041	101049	101048	101048	101049	101047	101048	101046	101048	101048	100936	100932	100792	100967	100948	100765	100884	100929	100623	100753	100992	100970	100588	100913	101040	100858	101038	101001	101039	101035	100847	101007	101041	101044	101041	100664	100982	101030	101022	100989	100778	101035	100910	100990	101038	101033	101030	101036	100977	101048	101048	101047	101049	101042	100585	101044	101039	101042	101047	101043	101043	101040	101042	101039	101015	100982	101039	101043	100924	101008	100968	100996	100979	101033	100972	100907	101006	100676	101047	101047	101047	101047	101046	101048	101043	101046	100957	101046	100968	101046	101039	101047	101046	101036	101044	101048	101033	100803	101041	101046	100880	101045	101043	101034	98351	101042	100898	101045	101042	101048	101048	101048	101048	101048	101048	101049	101048	101049	101042	101013	101049	101049	100980	101042	101047	101048
ABAB_MAD_LP_324_Du-595	100951	101155	100964	101160	101153	101153	100919	101105	101055	100968	100907	101134	101071	101153	101154	101153	101154	101151	101154	101110	101151	101152	101152	101090	101150	101132	101089	101157	101136	101154	100949	101158	101158	101157	101064	101159	101076	101146	101104	101154	101150	101157	101147	101158	101155	101145	101159	101158	101106	101157	101158	101158	101157	101157	101158	101158	101151	101140	101155	101098	101073	100528	101029	101103	101125	101154	101151	101155	101154	101084	100983	100977	100883	101066	101128	100977	100744	101009	101079	101049	100274	101132	101156	101153	101006	80067	100992	101049	100962	101118	101093	101078	101152	101137	101068	100226	101064	101150	101127	101142	101158	101146	101142	101000	101144	101149	101140	101141	101147	101150	101145	101156	101158	101157	101149	101157	101102	101148	101156	101145	101157	101157	101158	101159	101159	101158	101158	101158	101030	101159	101158	101157	101157	101159	101156	101152	101158	101158	101146	101150	101070	101121	101087	101067	101078	101136	101093	101079	101098	101062	101151	101159	101158	101158	101157	101157	101158	101156	101158	101158	101036	101039	100823	101074	101057	100814	100959	100999	100669	100797	101095	101036	100583	100927	101150	100945	101148	101085	101149	101143	100898	101060	101154	101154	101151	100683	101029	101141	101130	101071	100808	101130	100948	101075	101145	101143	101141	101146	101088	101158	101157	101156	101159	101151	100697	101155	101147	101150	101158	101151	101153	101149	101152	101149	101125	101092	101148	101152	101034	101119	101077	101106	101089	101144	101083	101017	101116	100826	101157	101158	101157	101157	101155	101158	101153	101155	101014	101155	101079	101156	101136	101157	101153	101146	101153	101156	101144	100849	101148	101156	100989	101154	101143	101143	98357	101152	101008	101154	101151	101157	101158	101158	101158	101158	101158	101158	101158	101159	101151	101123	101159	101159	101076	101151	101157	101158
ABAB_MAD_LP_325_Du-596	101130	101927	101045	101153	101936	101561	101057	101876	101620	101515	101316	101904	101841	101926	101924	101922	101920	101924	101928	101862	101902	101924	101923	101841	101919	101884	101841	101930	101901	101927	101723	101906	101930	101929	101838	101931	101730	101898	101855	101906	101901	101910	101901	101910	101919	101898	101931	101930	101857	101929	101930	101930	101927	101926	101932	101930	101763	101666	101926	101795	101690	100735	101804	101874	101855	101925	101909	101886	101925	101473	101756	101613	101180	101700	101899	101180	100811	101343	101590	101497	100298	101759	101927	101924	101675	80078	101741	101446	101311	101871	101866	101829	101923	101888	101306	100244	101319	101774	101848	101893	101909	101900	101893	101751	101915	101922	101911	101914	101919	101921	101914	101929	101930	101929	101898	101929	101850	101919	101927	101919	101929	101929	101930	101811	101931	101930	101930	101931	101781	101932	101930	101926	101930	101931	101931	101905	101931	101930	101896	101903	101756	101872	101838	101819	101829	101887	101845	101830	101849	101815	101924	101931	101931	101930	101930	101930	101930	101930	101930	101931	101430	101582	100996	101780	101813	100912	101140	101464	100765	100907	101502	101408	100617	101008	101893	101043	101835	101350	101920	101898	101022	101277	101875	101905	101902	100728	101179	101891	101883	101386	100846	101452	101020	101357	101684	101914	101891	101918	101839	101931	101930	101909	101911	101905	101446	101907	101901	101905	101910	101924	101924	101832	101923	101921	101875	101842	101921	101924	101786	101863	101829	101858	101831	101895	101826	101768	101856	101119	101930	101931	101929	101929	101927	101706	101751	101923	101251	101924	101589	101920	101532	101909	101925	101892	101903	101925	101892	100877	101921	101927	101703	101925	101491	101892	98367	101924	101776	101927	101919	101929	101931	101930	101930	101932	101930	101930	101930	101763	101923	101739	101870	101894	101638	101913	101929	101930
ABAB_MAD_LP_326_Du-597	101105	101572	101046	101153	101561	101576	101058	101520	101447	101290	101225	101551	101488	101570	101570	101571	101570	101567	101570	101522	101564	101567	101567	101502	101567	101545	101502	101573	101554	101569	101365	101573	101573	101572	101481	101574	101484	101559	101515	101566	101562	101570	101561	101571	101571	101558	101574	101573	101518	101573	101573	101573	101573	101573	101576	101574	101550	101534	101570	101514	101460	100693	101447	101518	101536	101569	101566	101569	101569	101367	101400	101373	101095	101483	101544	101126	100802	101250	101423	101379	100294	101544	101570	101568	101417	80077	101403	101322	101228	101532	101509	101492	101567	101549	101287	100240	101278	101562	101538	101553	101570	101561	101554	101412	101559	101566	101555	101558	101562	101565	101559	101571	101573	101573	101559	101571	101511	101564	101571	101562	101573	101573	101573	101545	101574	101573	101574	101574	101442	101575	101574	101575	101572	101574	101574	101565	101574	101573	101557	101563	101482	101532	101499	101478	101490	101548	101504	101491	101510	101475	101566	101574	101573	101573	101574	101572	101573	101572	101573	101573	101316	101436	100954	101490	101473	100914	101082	101318	100744	100894	101379	101299	100613	101004	101566	101039	101557	101299	101564	101560	101009	101250	101566	101569	101565	100723	101174	101552	101544	101315	100842	101389	101014	101282	101498	101558	101553	101563	101500	101574	101573	101569	101572	101566	101106	101568	101561	101564	101571	101568	101569	101554	101568	101564	101537	101504	101564	101568	101446	101530	101491	101519	101502	101557	101494	101429	101528	100997	101572	101572	101572	101572	101571	101530	101534	101572	101224	101570	101421	101571	101471	101573	101571	101558	101566	101573	101556	100872	101566	101572	101390	101570	101368	101556	98363	101568	101423	101571	101568	101573	101573	101573	101573	101574	101573	101574	101573	101552	101567	101501	101574	101574	101426	101567	101572	101573
ABAB_MAD_LP_327_Du-598	100918	101057	100902	100919	101057	101058	101061	101010	100962	100904	100835	101041	100976	101057	101055	101056	101058	101055	101057	101037	101052	101054	101055	101015	101052	101045	101014	101060	101039	101056	100853	101059	101059	101059	100970	101060	101005	101048	101020	101056	101052	101060	101052	101059	101057	101049	101061	101059	101020	101059	101060	101060	101060	101059	101060	101059	101055	101041	101056	101006	100991	100522	100939	101009	101033	101055	101054	101056	101055	101004	100887	100879	100820	100970	101032	100918	100689	100969	100982	100985	100270	101047	101057	101056	100917	80060	100913	100942	100866	101024	101000	100982	101054	101044	100990	100216	101026	101052	101046	101046	101059	101051	101049	100930	101045	101051	101041	101046	101048	101052	101047	101057	101059	101059	101051	101057	101008	101051	101058	101047	101058	101059	101059	101060	101060	101060	101060	101060	100956	101060	101060	101060	101061	101060	101059	101056	101060	101059	101047	101054	100995	101027	101014	100995	101004	101046	101014	101005	101016	100987	101053	101060	101059	101059	101060	101060	101060	101059	101059	101060	100946	100942	100762	100979	100960	100758	100892	100946	100635	100780	101020	101001	100578	100875	101051	100883	101049	101000	101050	101047	100895	101030	101055	101055	101053	100667	100982	101045	101034	101014	100779	101044	100912	101032	101053	101044	101043	101048	101002	101059	101059	101060	101061	101053	100598	101057	101052	101055	101060	101055	101054	101051	101053	101051	101034	101008	101054	101054	100962	101029	100983	101025	101004	101047	100997	100947	101026	100679	101060	101059	101058	101058	101057	101060	101054	101057	100984	101058	100991	101058	101056	101058	101057	101055	101058	101059	101048	100735	101053	101058	100900	101057	101023	101049	98340	101053	100909	101057	101054	101059	101059	101060	101060	101059	101059	101060	101059	101060	101053	101028	101061	101060	100992	101053	101058	101059
ABBE_BERN_LP_311_Du-780	101084	102934	100996	101105	101876	101520	101010	103018	101765	101639	101399	102403	102584	102890	102916	102958	102898	103003	103000	102897	102941	102989	103010	102877	102989	102919	102644	102882	102190	102859	102661	102182	102550	102998	102481	102946	101995	102935	102611	102941	102939	102947	102935	102948	102940	102932	103018	103017	102891	103016	103017	103017	102995	102995	102974	102998	101845	101732	102967	102031	101860	100759	102501	102990	102136	103005	102315	102189	103011	101497	102323	101691	101187	101781	102921	101205	100832	101364	101654	101523	100302	101869	102936	102687	101838	80089	102351	101479	101340	102921	102966	102879	102985	102519	101313	100250	101349	101909	102389	102908	102947	102932	102716	102786	103004	103009	103000	102969	103007	103010	102997	103016	103017	103016	102936	103015	102904	103006	103015	103004	103000	103016	102995	102153	102993	103017	103003	103014	102757	102993	102852	102962	102995	102977	103003	102942	102994	102989	102934	102937	101923	102906	102872	102852	102863	102920	102878	102864	102817	102847	103010	103018	103017	103017	103014	103016	103017	103015	103017	103017	101463	101686	101024	102070	102115	100924	101176	101502	100795	100938	101509	101429	100624	101017	102160	101047	102133	101356	102753	102817	101027	101282	102082	102346	102435	100733	101184	102558	102571	101409	100850	101456	101023	101358	101704	102976	102929	102960	102534	102995	102974	102944	102949	102934	102265	102944	102935	102938	102947	103008	103010	102089	103010	102985	102740	102877	103005	102991	102159	102058	102672	102451	102196	102864	102197	102598	102061	101132	102891	103007	102925	102988	102988	101727	102052	102797	101240	102532	101588	102512	101519	102815	102992	102226	102919	102992	102688	100882	102651	102679	101954	102717	101514	102189	98373	102774	102362	102934	102333	103016	103017	103017	103017	103017	103017	103017	103017	101869	102827	101822	102123	102390	101730	102394	102982	102558
ABBE_BERN_LP_312_Du-781	101039	101744	100948	101055	101620	101447	100962	101765	101794	101494	101385	101733	101694	101742	101736	101736	101735	101786	101791	101697	101740	101786	101788	101675	101764	101717	101678	101793	101770	101789	101573	101772	101792	101792	101748	101793	101657	101736	101721	101743	101739	101748	101739	101747	101756	101735	101794	101792	101694	101791	101793	101793	101770	101771	101773	101773	101623	101631	101791	101707	101632	100711	101733	101767	101704	101788	101774	101735	101788	101423	101620	101511	101098	101593	101776	101161	100813	101295	101480	101482	100263	101613	101786	101776	101580	80063	101604	101376	101291	101725	101746	101679	101782	101722	101271	100249	101305	101661	101707	101730	101746	101737	101730	101585	101779	101785	101775	101772	101782	101786	101774	101791	101792	101791	101735	101790	101705	101782	101791	101779	101775	101791	101785	101756	101793	101793	101792	101793	101618	101793	101792	101762	101792	101776	101790	101741	101793	101788	101733	101741	101644	101709	101676	101656	101666	101724	101681	101667	101686	101650	101786	101793	101792	101792	101792	101792	101793	101790	101792	101792	101396	101574	100982	101694	101716	100941	101076	101374	100753	100894	101443	101367	100584	100971	101746	101014	101707	101285	101784	101735	100984	101238	101697	101782	101742	100751	101140	101730	101733	101295	100807	101411	100979	101309	101582	101775	101729	101760	101678	101792	101776	101747	101749	101741	101269	101744	101739	101741	101747	101788	101787	101743	101786	101783	101728	101682	101783	101788	101625	101684	101677	101698	101688	101734	101662	101630	101698	101023	101792	101791	101791	101791	101789	101591	101659	101765	101188	101745	101506	101736	101416	101729	101770	101709	101722	101770	101711	100838	101765	101791	101555	101789	101389	101713	98329	101786	101608	101790	101765	101791	101792	101793	101793	101792	101792	101788	101792	101648	101790	101651	101777	101793	101596	101785	101792	101789
ABBE_BERN_LP_313_Du-782	100953	101610	100861	100968	101515	101290	100904	101639	101494	101658	101276	101578	101568	101608	101602	101603	101600	101655	101656	101634	101652	101654	101654	101611	101630	101641	101616	101657	101618	101655	101450	101629	101657	101656	101606	101658	101487	101646	101642	101655	101650	101658	101651	101658	101655	101649	101658	101658	101619	101658	101658	101658	101637	101636	101658	101639	101495	101468	101656	101585	101502	100692	101602	101637	101600	101655	101635	101554	101656	101268	101489	101408	100994	101435	101644	101061	100737	101176	101377	101332	100219	101494	101656	101651	101512	80052	101537	101316	101186	101639	101614	101594	101649	101640	101167	100189	101202	101537	101644	101645	101658	101651	101648	101528	101645	101650	101641	101645	101648	101651	101646	101657	101658	101658	101650	101656	101621	101649	101656	101646	101641	101658	101658	101602	101658	101658	101658	101658	101555	101658	101658	101658	101658	101658	101658	101654	101658	101658	101646	101652	101525	101626	101612	101593	101603	101645	101613	101605	101616	101587	101651	101658	101658	101658	101658	101658	101658	101658	101658	101658	101286	101420	100874	101543	101546	100858	101020	101267	100670	100819	101344	101200	100523	100887	101571	100947	101576	101169	101649	101649	100904	101145	101607	101628	101653	100655	101052	101645	101642	101248	100724	101312	100898	101204	101444	101643	101643	101647	101606	101658	101658	101658	101658	101652	101183	101655	101651	101655	101658	101654	101654	101599	101653	101650	101643	101607	101651	101653	101547	101582	101591	101625	101613	101645	101576	101562	101591	100941	101657	101657	101657	101657	101656	101449	101585	101631	101128	101631	101452	101620	101326	101636	101637	101629	101635	101636	101626	100758	101634	101656	101455	101654	101300	101622	98288	101647	101482	101656	101602	101658	101658	101658	101658	101658	101658	101654	101658	101491	101653	101481	101558	101657	101440	101632	101658	101654
ABBE_BERN_LP_314_Du-783	100896	101370	100807	100907	101316	101225	100835	101399	101385	101276	101419	101365	101360	101369	101363	101362	101361	101415	101417	101409	101412	101415	101414	101411	101390	101412	101413	101418	101407	101419	101211	101402	101418	101417	101409	101419	101398	101413	101416	101416	101411	101419	101419	101419	101416	101417	101419	101419	101419	101419	101419	101419	101398	101398	101419	101400	101346	101330	101417	101371	101376	100574	101376	101394	101393	101414	101413	101401	101415	101209	101256	101198	100893	101291	101405	100991	100694	101089	101272	101261	100199	101330	101416	101410	101291	80008	101339	101148	101116	101398	101382	101351	101409	101408	101109	100176	101105	101406	101416	101418	101419	101419	101416	101328	101406	101411	101402	101406	101409	101412	101409	101418	101419	101419	101412	101417	101387	101410	101417	101409	101402	101419	101419	101414	101419	101419	101419	101419	101358	101419	101419	101419	101419	101419	101419	101419	101419	101419	101419	101419	101387	101416	101415	101396	101406	101416	101413	101408	101415	101389	101419	101419	101419	101419	101419	101419	101419	101419	101419	101419	101203	101274	100840	101361	101343	100834	100891	101166	100588	100716	101214	101138	100463	100832	101404	100887	101382	101079	101410	101416	100840	101077	101407	101411	101413	100635	100981	101413	101413	101103	100676	101172	100845	101132	101324	101404	101403	101408	101406	101419	101419	101419	101419	101419	100946	101419	101419	101419	101419	101414	101414	101403	101413	101411	101413	101410	101412	101414	101368	101398	101392	101401	101394	101405	101395	101378	101400	100840	101418	101418	101418	101418	101417	101338	101346	101391	101030	101392	101324	101391	101189	101396	101397	101388	101397	101397	101397	100703	101396	101416	101244	101415	101168	101389	98264	101412	101247	101416	101392	101419	101419	101418	101419	101419	101419	101415	101419	101382	101417	101350	101410	101419	101312	101414	101419	101415
ABMU_HOR_LP_306_Du-775	101113	102520	101025	101134	101904	101551	101041	102403	101733	101578	101365	102538	102373	102529	102519	102520	102518	102528	102529	102418	102472	102521	102530	102394	102526	102437	102359	102505	102168	102507	102293	102153	102402	102535	102306	102536	101950	102469	102275	102473	102472	102474	102459	102480	102486	102455	102537	102535	102418	102534	102536	102536	102534	102533	102507	102535	101829	101731	102527	101983	101821	100726	102330	102478	102098	102519	102228	102136	102520	101473	102213	101675	101171	101765	102501	101181	100806	101334	101633	101522	100287	101830	102520	102424	101778	80076	102183	101450	101304	102429	102460	102397	102503	102279	101295	100244	101334	101878	102201	102450	102479	102466	102436	102307	102521	102528	102517	102494	102524	102528	102517	102533	102535	102534	102468	102533	102421	102525	102534	102524	102534	102534	102523	102024	102536	102536	102535	102537	102338	102537	102521	102496	102519	102509	102535	102477	102517	102521	102466	102470	101892	102429	102396	102378	102386	102444	102402	102387	102404	102371	102529	102536	102535	102535	102523	102536	102536	102536	102535	102536	101426	101648	100986	102025	102088	100921	101154	101466	100756	100899	101494	101413	100606	101010	102119	101034	102070	101340	102474	102455	101011	101266	102037	102224	102367	100730	101168	102354	102397	101405	100836	101441	101010	101344	101698	102508	102459	102494	102317	102528	102506	102477	102482	102463	101996	102478	102459	102462	102481	102518	102528	102034	102519	102518	102370	102402	102517	102513	102137	102039	102302	102333	102104	102467	102100	102308	102012	101114	102530	102535	102534	102534	102532	101722	101947	102460	101241	102410	101607	102383	101520	102457	102518	102181	102463	102521	102410	100866	102487	102479	101916	102475	101505	102141	98358	102475	102228	102522	102257	102534	102535	102536	102536	102536	102535	102531	102535	101849	102496	101807	102093	102322	101713	102292	102534	102396
ABMU_HOR_LP_308_Du-777	101052	102706	100963	101071	101841	101488	100976	102584	101694	101568	101360	102373	102713	102694	102705	102707	102707	102702	102707	102631	102673	102703	102704	102609	102701	102652	102527	102665	102116	102700	102490	102066	102405	102709	102399	102710	101897	102670	102530	102677	102673	102682	102674	102681	102690	102670	102711	102709	102629	102708	102710	102710	102708	102709	102709	102710	101763	101661	102704	101922	101755	100660	102396	102655	102031	102704	102234	102081	102704	101397	102216	101610	101105	101702	102656	101108	100761	101268	101556	101501	100232	101782	102706	102565	101735	80027	102239	101373	101237	102643	102648	102598	102699	102456	101234	100221	101270	101825	102308	102659	102680	102672	102618	102519	102695	102703	102691	102695	102698	102702	102691	102707	102709	102708	102669	102707	102622	102699	102708	102698	102709	102708	102708	101971	102710	102710	102709	102711	102553	102711	102649	102698	102709	102710	102709	102675	102710	102709	102667	102675	101863	102644	102611	102591	102601	102659	102616	102602	102611	102587	102703	102710	102709	102709	102709	102709	102710	102708	102709	102709	101363	101564	100924	101934	101990	100915	101093	101401	100692	100835	101429	101341	100550	100935	102062	100979	102024	101275	102594	102660	100948	101202	102000	102173	102350	100727	101105	102455	102458	101341	100773	101378	100944	101281	101621	102694	102663	102695	102420	102710	102709	102682	102683	102676	102157	102679	102674	102676	102682	102705	102704	102012	102703	102700	102606	102619	102700	102704	102089	101980	102515	102327	102117	102662	102113	102485	101982	101050	102675	102708	102704	102708	102706	101644	101941	102609	101177	102472	101589	102453	101456	102684	102705	102170	102678	102708	102598	100802	102550	102554	101897	102549	101457	102143	98292	102590	102279	102703	102216	102708	102709	102710	102710	102710	102709	102705	102709	101745	102644	101726	102001	102279	101663	102270	102708	102450
ABMU_HOR_LP_358_Du-770	101131	103329	101043	101153	101926	101570	101057	102890	101742	101608	101369	102529	102694	103391	103243	103322	103256	103310	103307	103192	103249	103298	103318	103170	103377	103213	102742	102971	102199	103110	102876	102200	102602	103351	102494	103140	102014	103244	102677	103249	103248	103250	103234	103257	103262	103231	103390	103382	103194	103346	103389	103341	103385	103384	103284	103388	101863	101749	103258	102010	101840	100746	102552	103324	102136	103302	102328	102196	103313	101496	102345	101698	101194	101788	103084	101202	100823	101356	101656	101530	100307	101870	103147	102703	101822	80089	102333	101473	101324	103203	103270	103172	103279	102553	101318	100253	101357	101927	102410	103105	103256	103236	102890	103081	103375	103377	103371	103270	103365	103381	103352	103387	103389	103388	103245	103387	103196	103378	103387	103378	103386	103388	103305	102197	103265	103375	103356	103354	103073	103232	102978	103272	103295	103286	103314	103252	103293	103298	103243	103245	101932	103205	103171	103152	103162	103216	103178	103163	103029	103147	103382	103390	103389	103389	103376	103389	103389	103389	103389	103375	101449	101671	101009	102056	102113	100924	101176	101488	100778	100920	101517	101436	100629	101034	102168	101055	102140	101363	102770	102914	101034	101289	102100	102346	102473	100740	101191	102574	102624	101427	100858	101464	101032	101367	101722	103285	103236	103270	102570	103305	103282	103252	103215	103187	102491	103254	103234	103238	103257	103328	103364	102099	103341	103295	102830	103176	103349	103289	102174	102065	102735	102494	102181	103075	102203	102774	102069	101136	103100	103317	103223	103289	103347	101746	102071	102948	101260	102663	101612	102614	101540	103083	103357	102259	103236	103323	102852	100889	102812	102792	101980	102765	101539	102227	98379	102838	102397	103159	102361	103388	103389	103389	103389	103390	103389	103385	103389	101912	103073	101903	102146	102507	101750	102475	103258	102659
ABMU_HOR_LP_359_Du-771	101130	103296	101043	101154	101924	101570	101055	102916	101736	101602	101363	102519	102705	103243	103333	103322	103252	103301	103301	103193	103240	103288	103309	103173	103320	103216	102753	102988	102193	103038	102903	102183	102564	103277	102487	103147	102007	103236	102681	103243	103239	103247	103237	103248	103254	103234	103331	103330	103193	103329	103330	103330	103327	103327	103275	103331	101845	101731	103269	102004	101834	100740	102545	103271	102130	103306	102321	102190	103268	101478	102339	101692	101188	101782	103094	101187	100817	101350	101639	101524	100300	101863	103174	102712	101815	80083	102329	101455	101317	103207	103265	103164	103282	102558	101312	100246	101350	101908	102403	103081	103247	103236	102877	103083	103316	103322	103312	103270	103319	103322	103308	103328	103330	103329	103236	103329	103189	103319	103328	103318	103330	103329	103296	102145	103206	103330	103286	103284	103069	103197	102928	103263	103297	103277	103304	103242	103296	103289	103234	103239	101925	103208	103174	103154	103165	103223	103180	103166	103025	103150	103323	103331	103330	103330	103329	103329	103330	103329	103330	103330	101442	101665	101003	102049	102093	100920	101172	101482	100772	100914	101512	101430	100623	101016	102162	101048	102134	101357	102774	102932	101028	101283	102082	102347	102455	100734	101185	102588	102618	101409	100852	101458	101025	101361	101704	103276	103229	103261	102565	103296	103276	103246	103199	103212	102492	103245	103237	103240	103248	103323	103325	102093	103324	103285	102855	103179	103320	103290	102167	102059	102744	102496	102195	103056	102197	102770	102062	101129	103049	103308	103142	103217	103251	101727	102054	102939	101255	102659	101608	102597	101536	103063	103325	102255	103240	103326	102859	100882	102754	102777	101975	102756	101535	102224	98372	102859	102381	103178	102357	103329	103330	103330	103330	103331	103330	103326	103330	101882	102967	101834	102128	102439	101731	102407	103216	102591
ABMU_HOR_LP_360_Du-772	101129	103383	101043	101153	101922	101571	101056	102958	101736	101603	101362	102520	102707	103322	103322	103743	103369	103706	103706	103598	103646	103693	103714	103578	103734	103621	102818	103029	102193	103067	103003	102183	102570	103449	102487	103172	102007	103607	102681	103627	103644	103652	103642	103653	103526	103614	103742	103741	103598	103740	103741	103737	103740	103740	103680	103742	101845	101731	103383	102003	101833	100740	102546	103562	102130	103658	102321	102190	103553	101477	102340	101692	101188	101783	103148	101186	100816	101350	101638	101525	100301	101864	103254	102712	101814	80085	102328	101454	101316	103612	103675	103569	103687	102558	101312	100247	101350	101908	102403	103306	103652	103472	102928	103488	103727	103733	103723	103675	103730	103733	103717	103739	103741	103740	103641	103739	103592	103730	103739	103729	103741	103740	103701	102188	103353	103554	103494	103502	103269	103312	103010	103668	103702	103682	103709	103647	103701	103694	103639	103644	101925	103600	103569	103531	103570	103483	103585	103571	103091	103555	103734	103742	103741	103741	103740	103740	103741	103740	103741	103741	101442	101664	101002	102048	102093	100922	101173	101481	100771	100914	101511	101430	100623	101016	102162	101049	102135	101357	102790	102950	101028	101283	102082	102347	102456	100734	101185	102588	102618	101409	100853	101458	101025	101362	101704	103681	103635	103667	102565	103701	103681	103651	103470	103453	102501	103650	103642	103645	103653	103735	103737	102093	103585	103690	102923	103584	103731	103663	102167	102059	102823	102496	102196	103130	102197	102780	102062	101130	103105	103712	103237	103326	103447	101727	102054	103056	101257	102661	101610	102600	101538	103122	103737	102257	103647	103735	102862	100882	102761	102784	101977	102759	101537	102224	98373	102880	102383	103249	102360	103740	103741	103741	103741	103742	103741	103737	103741	101888	103019	101840	102128	102445	101731	102413	103248	102597
ABMU_HOR_LP_361_Du-773	101130	103276	101045	101154	101920	101570	101058	102898	101735	101600	101361	102518	102707	103256	103252	103369	103376	103346	103347	103239	103285	103333	103355	103219	103367	103261	102810	102996	102190	103034	102937	102181	102561	103358	102485	103142	102006	103282	102680	103288	103285	103293	103284	103293	103239	103280	103376	103374	103239	103373	103375	103375	103373	103373	103319	103374	101843	101729	103231	102002	101834	100739	102542	103319	102129	103335	102320	102188	103339	101476	102338	101691	101186	101781	103114	101186	100816	101348	101636	101523	100299	101862	103161	102710	101813	80084	102327	101453	101315	103253	103310	103209	103327	102557	101311	100245	101349	101906	102402	103133	103292	103271	102880	103129	103360	103366	103356	103316	103363	103367	103352	103372	103374	103373	103281	103372	103233	103364	103373	103361	103373	103373	103341	102117	103225	103353	103270	103331	103149	103215	102986	103308	103343	103322	103348	103287	103342	103334	103279	103286	101924	103254	103221	103201	103211	103255	103226	103212	103009	103195	103368	103375	103374	103374	103374	103374	103375	103372	103374	103374	101441	101663	101001	102047	102090	100922	101172	101480	100771	100913	101508	101428	100622	101014	102159	101047	102132	101355	102788	102947	101027	101282	102079	102319	102454	100733	101184	102587	102606	101407	100852	101457	101024	101359	101702	103321	103274	103306	102563	103340	103322	103292	103267	103255	102478	103290	103284	103286	103293	103369	103369	102091	103342	103330	102887	103225	103365	103338	102166	102058	102789	102492	102194	103102	102196	102747	102061	101129	103061	103352	103165	103236	103306	101725	102051	102985	101257	102658	101609	102598	101538	103087	103370	102257	103288	103373	102859	100881	102753	102775	101976	102751	101536	102224	98371	102829	102381	103167	102358	103373	103374	103375	103375	103374	103374	103370	103374	101879	102971	101831	102126	102436	101729	102404	103191	102588
BAI_LP_105_Du-222	101128	103385	101042	101151	101924	101567	101055	103003	101786	101655	101415	102528	102702	103310	103301	103706	103346	105977	105798	105559	105573	105952	105926	105424	105698	105582	102881	103059	102251	103105	103084	102250	102611	103519	102547	103219	102068	104089	102739	104328	104696	104254	104301	105280	103682	103974	105342	105948	105786	105942	105977	105966	105947	105441	105680	105894	101913	101800	103469	102053	101885	100782	102573	103764	102190	103858	102379	102247	103586	101536	102393	101749	101245	101840	103196	101247	100866	101400	101697	101581	100357	101922	103314	102771	101865	80114	102379	101516	101367	104845	104922	105198	104446	102616	101368	100306	101407	101976	102462	103386	105757	103601	102987	104806	105898	105969	105960	105915	105923	105941	105957	105932	105784	105467	105683	105837	105685	105960	105973	105963	105958	105977	105959	102411	103613	103828	103759	103768	103382	103571	103275	105439	104707	104431	105449	105064	105147	105374	105531	105539	101985	104407	104175	103929	104409	103940	105605	105222	103150	104832	105970	105950	105977	105947	105421	105955	105960	105828	105953	105864	101491	101713	101051	102096	102155	100950	101201	101529	100820	100962	101567	101486	100681	101084	102217	101107	102191	101414	102850	103007	101086	101341	102150	102405	102525	100792	101244	102646	102676	101478	100909	101515	101083	101417	101773	105943	105376	105922	102623	105371	105106	105289	103654	103613	102548	105840	104793	105637	105757	104433	105152	102151	103705	104259	103066	104579	105262	104197	102229	102118	102883	102557	102256	103202	102257	102843	102123	101189	103176	104579	103284	103387	103491	101798	102121	103105	101296	102697	101646	102649	101576	103158	104576	102294	104531	104637	102898	100942	102782	102812	102016	102792	101574	102261	98433	102934	102430	103278	102382	105970	105966	105610	105977	105977	105977	105760	105918	102044	103237	102047	102288	102539	101831	102516	103509	102817
BAI_LP_106_Du-223	101130	103384	101046	101154	101928	101570	101057	103000	101791	101656	101417	102529	102707	103307	103301	103706	103347	105798	106000	105595	105593	105973	105917	105416	105668	105558	102882	103060	102254	103104	103089	102248	102610	103517	102548	103218	102071	104090	102744	104331	104696	104255	104305	105277	103686	103978	105342	105958	105754	105906	105999	105983	105921	105486	105749	105952	101914	101801	103470	102056	101888	100783	102574	103760	102192	103858	102382	102250	103585	101537	102394	101753	101248	101844	103192	101249	100870	101403	101698	101585	100358	101925	103312	102772	101868	80115	102382	101516	101370	104849	104924	105200	104448	102619	101373	100307	101411	101976	102466	103391	105760	103604	102991	104824	105903	105991	105982	105949	105924	105927	105973	105865	105737	105462	105715	105784	105684	105939	105995	105984	105980	105998	105984	102411	103613	103827	103758	103767	103386	103571	103274	105438	104709	104432	105445	105061	105151	105360	105529	105523	101988	104412	104179	103933	104413	103944	105704	105219	103154	104837	105992	106000	105999	105999	105471	105967	105999	105940	105938	105953	101496	101718	101056	102097	102154	100954	101206	101533	100825	100967	101569	101489	100684	101084	102220	101109	102193	101417	102848	103011	101091	101346	102151	102404	102525	100797	101248	102651	102681	101478	100914	101520	101087	101422	101773	105968	105376	105952	102627	105371	105109	105292	103655	103616	102552	105818	104797	105627	105789	104434	105151	102153	103703	104258	103069	104582	105261	104201	102232	102123	102887	102560	102259	103202	102261	102845	102126	101190	103176	104576	103281	103384	103487	101798	102123	103103	101298	102701	101651	102649	101578	103161	104576	102298	104535	104637	102903	100944	102783	102812	102018	102791	101578	102265	98434	102932	102431	103278	102381	105998	105989	105567	105999	105991	105999	105797	105926	102044	103236	102045	102288	102539	101829	102515	103508	102817
BAI_LP_108_Du-225	101095	103276	101000	101110	101862	101522	101037	102897	101697	101634	101409	102418	102631	103192	103193	103598	103239	105559	105595	105610	105480	105604	105595	105375	105435	105454	102870	102955	102167	102995	103009	102135	102496	103404	102447	103105	102064	104040	102720	104276	104641	104205	104266	105189	103619	103940	105217	105609	105536	105608	105609	105609	105589	105349	105501	105590	101861	101742	103361	101984	101845	100773	102470	103647	102160	103750	102299	102158	103477	101481	102297	101705	101194	101771	103077	101194	100838	101346	101640	101527	100351	101893	103208	102688	101842	80106	102369	101462	101343	104799	104808	105140	104357	102589	101340	100296	101363	101919	102448	103360	105556	103558	102958	104812	105544	105598	105589	105586	105596	105599	105594	105596	105490	105265	105532	105536	105480	105600	105604	105595	105587	105609	105608	102303	103505	103719	103651	103659	103376	103463	103167	105300	104615	104348	105263	104964	105055	105155	105354	105344	101979	104384	104169	103924	104403	103917	105517	105189	103138	104826	105602	105610	105609	105609	105296	105579	105609	105575	105605	105567	101458	101622	101004	101989	102047	100918	101160	101488	100779	100925	101515	101404	100650	101028	102124	101087	102102	101360	102732	102969	101049	101298	102095	102296	102466	100752	101207	102613	102639	101423	100875	101472	101049	101379	101720	105589	105245	105592	102604	105211	105008	105156	103599	103574	102512	105604	104758	105451	105509	104326	104998	102081	103595	104153	103029	104560	105142	104100	102228	102090	102856	102538	102236	103144	102241	102837	102099	101172	103072	104464	103168	103270	103375	101735	102061	102990	101286	102630	101613	102578	101538	103106	104469	102258	104488	104531	102867	100899	102671	102704	101984	102685	101530	102220	98424	102824	102340	103170	102273	105609	105607	105380	105609	105609	105609	105522	105609	101936	103129	101941	102180	102431	101725	102408	103400	102713
BAI_LP_109_Du-226	101119	103324	101040	101151	101902	101564	101052	102941	101740	101652	101412	102472	102673	103249	103240	103646	103285	105573	105593	105480	105608	105602	105602	105345	105523	105435	102878	102998	102207	103043	103051	102189	102551	103459	102486	103159	102066	104088	102739	104327	104696	104253	104299	105272	103670	103973	105291	105607	105525	105606	105607	105607	105585	105386	105549	105588	101913	101801	103419	102028	101883	100779	102511	103702	102187	103798	102344	102205	103526	101535	102334	101749	101241	101816	103134	101247	100865	101392	101698	101573	100354	101921	103266	102730	101863	80113	102377	101516	101365	104845	104861	105196	104400	102614	101368	100303	101406	101976	102461	103386	105573	103598	102986	104810	105589	105599	105590	105573	105597	105600	105593	105597	105543	105379	105567	105557	105508	105597	105603	105592	105588	105606	105606	102360	103562	103776	103707	103716	103381	103520	103223	105399	104657	104403	105364	105062	105098	105267	105422	105420	101983	104407	104174	103928	104408	103939	105445	105179	103149	104832	105600	105608	105607	105607	105342	105599	105607	105597	105605	105592	101491	101664	101049	102034	102104	100950	101201	101529	100820	100962	101562	101451	100679	101084	102171	101105	102150	101405	102790	103007	101088	101342	102154	102344	102528	100795	101245	102648	102677	101480	100911	101517	101084	101420	101775	105593	105337	105597	102624	105304	105075	105256	103654	103611	102547	105599	104791	105513	105587	104374	105089	102123	103646	104213	103065	104579	105200	104149	102227	102118	102883	102555	102255	103202	102256	102840	102121	101186	103126	104518	103223	103326	103429	101790	102121	103046	101293	102671	101646	102632	101574	103154	104515	102293	104530	104575	102898	100942	102721	102753	102015	102732	101574	102260	98430	102876	102400	103217	102322	105606	105606	105489	105607	105607	105607	105577	105607	101993	103185	101994	102237	102488	101778	102464	103457	102766
BAI_LP_110_Du-227	101127	103372	101042	101152	101924	101567	101054	102989	101786	101654	101415	102521	102703	103298	103288	103693	103333	105952	105973	105604	105602	106328	106082	105424	105730	105619	102878	103045	102249	103091	103084	102237	102598	103506	102534	103206	102067	104090	102739	104328	104697	104255	104301	105281	103682	103974	105337	106199	105943	106147	106328	106259	106163	105481	105751	106142	101915	101802	103467	102054	101885	100781	102558	103751	102189	103845	102380	102248	103574	101538	102382	101750	101246	101841	103183	101248	100866	101401	101699	101582	100356	101922	103309	102770	101865	80113	102379	101517	101367	104846	104909	105205	104445	102616	101369	100305	101408	101978	102462	103386	105822	103600	102986	104821	106056	106321	106310	106218	106087	106199	106284	106028	105824	105461	105727	105875	105763	106205	106325	106315	106310	106327	106320	102406	103608	103823	103753	103763	103381	103566	103269	105447	104705	104432	105438	105065	105145	105375	105557	105542	101984	104407	104174	103929	104408	103939	105753	105221	103149	104832	106321	106293	106308	106266	105459	106216	106264	106001	106127	106073	101492	101712	101052	102082	102152	100950	101202	101530	100821	100963	101568	101487	100680	101085	102217	101106	102192	101414	102838	103008	101087	101342	102152	102392	102527	100793	101244	102647	102677	101479	100910	101516	101084	101418	101774	106308	105377	106246	102623	105371	105106	105297	103655	103613	102547	105954	104793	105643	105901	104420	105139	102151	103692	104260	103065	104578	105248	104194	102228	102119	102883	102557	102255	103203	102257	102842	102123	101190	103174	104566	103271	103374	103477	101799	102123	103093	101295	102698	101647	102650	101575	103159	104562	102294	104532	104623	102899	100942	102769	102799	102015	102778	101574	102262	98432	102921	102432	103265	102368	106295	106272	105612	106324	106302	106328	105874	106124	102039	103231	102041	102283	102534	101825	102510	103504	102812
BAI_LP_111_Du-228	101127	103394	101042	101152	101923	101567	101055	103010	101788	101654	101414	102530	102704	103318	103309	103714	103355	105926	105917	105595	105602	106082	106126	105424	105743	105601	102878	103067	102250	103111	103085	102253	102619	103528	102545	103227	102066	104091	102739	104328	104698	104256	104302	105281	103682	103974	105360	106116	105866	106053	106126	106108	106087	105503	105713	106051	101914	101802	103471	102053	101885	100781	102580	103774	102190	103862	102379	102248	103595	101539	102398	101750	101246	101841	103204	101249	100866	101402	101699	101582	100356	101921	103323	102771	101864	80113	102378	101518	101366	104847	104931	105206	104447	102615	101369	100305	101407	101977	102461	103386	105795	103600	102986	104821	105995	106119	106109	106022	106055	106118	106105	106002	105834	105483	105728	105894	105763	106089	106123	106111	106107	106124	106103	102428	103630	103846	103775	103786	103381	103588	103291	105449	104708	104432	105448	105064	105147	105375	105557	105543	101983	104407	104175	103929	104408	103939	105684	105221	103149	104832	106119	106123	106118	106101	105480	106049	106086	105950	106083	105990	101493	101714	101052	102100	102157	100951	101202	101531	100822	100964	101568	101487	100681	101086	102218	101106	102192	101415	102859	103009	101087	101342	102153	102407	102529	100794	101245	102647	102677	101481	100911	101517	101083	101418	101774	106086	105377	106064	102624	105372	105106	105298	103656	103613	102547	105936	104794	105642	105804	104442	105160	102151	103713	104260	103066	104580	105270	104199	102227	102119	102885	102556	102256	103205	102258	102842	102122	101189	103177	104579	103292	103395	103498	101798	102124	103114	101295	102698	101647	102651	101576	103159	104583	102295	104531	104644	102899	100942	102790	102821	102016	102800	101575	102261	98432	102939	102432	103287	102390	106123	106115	105631	106126	106125	106125	105869	106069	102061	103253	102062	102306	102556	101846	102532	103526	102834
BAI_LP_112_Du-230	101072	103256	100980	101090	101841	101502	101015	102877	101675	101611	101411	102394	102609	103170	103173	103578	103219	105424	105416	105375	105345	105424	105424	105429	105309	105295	102874	102932	102142	102970	102986	102111	102472	103380	102421	103081	102065	104016	102697	104252	104617	104181	104243	105178	103595	103917	105143	105428	105427	105428	105428	105428	105407	105214	105378	105409	101837	101721	103340	101962	101823	100752	102448	103626	102140	103730	102278	102138	103457	101460	102277	101683	101174	101751	103056	101173	100818	101325	101619	101506	100356	101872	103187	102668	101820	80110	102371	101441	101346	104779	104777	105069	104338	102565	101320	100284	101342	101897	102422	103337	105420	103534	102935	104741	105412	105420	105411	105416	105418	105421	105415	105427	105341	105212	105382	105385	105327	105419	105424	105415	105409	105428	105427	102258	103460	103674	103606	103614	103380	103418	103122	105216	104590	104324	105211	104940	105031	105155	105276	105275	101981	104377	104173	103926	104407	103894	105343	105146	103141	104830	105428	105429	105428	105428	105165	105427	105428	105399	105428	105420	101454	101599	100984	101969	102025	100896	101140	101468	100759	100904	101495	101384	100630	101007	102104	101064	102082	101339	102711	102949	101029	101278	102074	102276	102445	100729	101187	102592	102619	101401	100855	101452	101027	101359	101696	105411	105217	105415	102609	105159	104955	105118	103575	103551	102489	105428	104724	105367	105382	104306	104965	102061	103575	104131	103007	104566	105095	104080	102230	102070	102862	102515	102218	103122	102248	102840	102078	101154	103047	104439	103144	103246	103351	101710	102039	102969	101264	102610	101592	102557	101518	103086	104449	102238	104467	104510	102847	100877	102650	102684	101961	102664	101510	102198	98429	102804	102319	103150	102253	105428	105428	105280	105428	105428	105428	105391	105428	101891	103084	101893	102135	102386	101677	102363	103355	102668
BAI_LP_113_Du-231	101126	103516	101041	101150	101919	101567	101052	102989	101764	101630	101390	102526	102701	103377	103320	103734	103367	105698	105668	105435	105523	105730	105743	105309	105887	105475	102856	103065	102228	103156	103062	102230	102633	103563	102523	103220	102044	104067	102717	104305	104674	104232	104278	105243	103660	103951	105437	105815	105555	105779	105886	105813	105885	105569	105556	105886	101891	101779	103448	102030	101861	100768	102574	103815	102165	103840	102356	102225	103624	101515	102375	101727	101223	101818	103187	101225	100843	101378	101676	101560	100336	101899	103302	102747	101841	80114	102355	101494	101343	104823	104931	105136	104423	102592	101346	100281	101384	101954	102439	103364	105656	103577	102964	104757	105769	105810	105819	105693	105776	105850	105814	105854	105815	105552	105574	105836	105592	105875	105863	105811	105817	105885	105738	102464	103737	103951	103882	103891	103359	103695	103398	105374	104686	104410	105380	105041	105121	105324	105433	105467	101961	104385	104152	103906	104386	103917	105453	105159	103127	104810	105879	105834	105874	105870	105431	105824	105878	105736	105885	105703	101469	101691	101029	102076	102132	100950	101201	101507	100798	100940	101544	101464	100657	101062	102195	101083	102169	101391	102836	102985	101066	101320	102131	102384	102507	100772	101223	102626	102656	101457	100889	101494	101062	101398	101752	105719	105299	105704	102602	105335	105083	105273	103633	103590	102525	105673	104770	105529	105625	104444	105180	102128	103727	104239	103043	104556	105262	104177	102205	102096	102861	102533	102233	103180	102234	102818	102099	101164	103154	104557	103332	103445	103542	101776	102103	103152	101293	102696	101645	102648	101574	103158	104631	102293	104527	104659	102897	100920	102855	102823	102013	102797	101572	102260	98408	102920	102432	103295	102397	105885	105886	105712	105886	105886	105886	105797	105886	102066	103360	102135	102289	102651	101825	102635	103632	102932
BAI_LP_114_Du-232	101112	103299	101022	101132	101884	101545	101045	102919	101717	101641	101412	102437	102652	103213	103216	103621	103261	105582	105558	105454	105435	105619	105601	105295	105475	105625	102878	102974	102185	103012	103028	102153	102514	103422	102463	103123	102066	104058	102735	104294	104659	104223	104285	105201	103637	103959	105244	105623	105551	105621	105623	105623	105601	105295	105487	105604	101879	101763	103382	102004	101865	100778	102491	103668	102182	103772	102320	102180	103499	101503	102319	101725	101216	101793	103099	101215	100854	101368	101662	101548	100356	101912	103229	102710	101858	80110	102377	101483	101359	104822	104848	105131	104379	102607	101362	100302	101384	101939	102460	103377	105547	103576	102977	104792	105529	105616	105606	105567	105613	105616	105610	105594	105524	105326	105517	105564	105485	105603	105619	105609	105605	105623	105622	102317	103519	103733	103665	103674	103381	103478	103181	105330	104632	104366	105302	104999	105068	105230	105360	105419	101983	104400	104174	103927	104408	103936	105514	105196	103149	104832	105616	105624	105623	105623	105293	105597	105623	105558	105602	105585	101474	101641	101026	102011	102068	100938	101182	101511	100801	100946	101538	101426	100668	101049	102147	101101	102124	101381	102753	102992	101070	101320	102117	102318	102487	100771	101229	102634	102661	101443	100897	101494	101069	101400	101738	105606	105279	105610	102622	105262	105042	105231	103617	103591	102531	105605	104777	105484	105506	104348	105056	102103	103617	104173	103049	104577	105155	104122	102231	102112	102875	102553	102254	103165	102259	102840	102117	101188	103089	104481	103186	103288	103393	101752	102082	103011	101297	102652	101634	102599	101559	103128	104491	102280	104509	104552	102890	100919	102692	102726	102003	102706	101552	102239	98429	102846	102361	103193	102295	105623	105621	105439	105623	105624	105623	105552	105620	101950	103143	101952	102195	102445	101736	102422	103414	102727
BAI_LP_319_Du-233	101075	102766	100979	101089	101841	101502	101014	102644	101678	101616	101413	102359	102527	102742	102753	102818	102810	102881	102882	102870	102878	102878	102878	102874	102856	102878	102883	102759	102145	102745	102605	102114	102445	102881	102336	102813	102017	102876	102606	102879	102874	102882	102882	102882	102820	102880	102883	102882	102883	102882	102882	102882	102862	102861	102883	102863	101842	101724	102803	101967	101828	100755	102405	102821	102113	102866	102282	102124	102875	101459	102270	101686	101177	101755	102759	101176	100821	101328	101622	101510	100356	101854	102831	102561	101826	80114	102313	101445	101352	102834	102817	102788	102872	102564	101323	100285	101346	101901	102402	102822	102882	102875	102711	102786	102869	102874	102865	102870	102872	102875	102872	102882	102882	102882	102874	102880	102822	102873	102878	102870	102864	102882	102882	102019	102832	102865	102823	102873	102815	102862	102781	102882	102883	102883	102882	102881	102883	102882	102882	102882	101983	102880	102872	102853	102863	102869	102877	102864	102796	102846	102882	102883	102882	102882	102883	102882	102882	102882	102882	102883	101458	101603	100988	101974	102030	100901	101144	101472	100763	100908	101498	101387	100634	101011	102107	101071	102063	101343	102636	102759	101031	101281	102077	102213	102423	100732	101191	102584	102496	101405	100859	101455	101032	101363	101700	102866	102866	102871	102529	102882	102882	102882	102868	102882	102235	102882	102882	102882	102882	102877	102877	102053	102853	102873	102737	102870	102875	102876	102214	102073	102639	102431	102210	102784	102246	102585	102083	101156	102752	102882	102795	102816	102855	101714	102003	102735	101266	102532	101595	102460	101517	102765	102861	102221	102860	102860	102680	100881	102597	102588	101967	102596	101513	102200	98432	102642	102253	102803	102236	102882	102882	102882	102882	102882	102882	102879	102882	101793	102674	101748	102047	102350	101658	102287	102817	102461
COM_LP_269_Du-703	101132	103001	101048	101157	101930	101573	101060	102882	101793	101657	101418	102505	102665	102971	102988	103029	102996	103059	103060	102955	102998	103045	103067	102932	103065	102974	102759	103100	102260	102993	102819	102250	102638	103098	102556	103076	102046	102999	102665	103004	103001	103009	103000	103009	102981	102996	103100	103097	102955	103096	103098	103095	103075	103075	103035	103078	101907	101793	102999	102058	101891	100784	102593	103031	102193	103062	102384	102252	103087	101531	102402	101757	101250	101845	103036	101244	100871	101407	101691	101587	100359	101926	103034	102765	101869	80116	102385	101509	101371	102956	103020	102912	103038	102601	101374	100308	101412	101969	102468	102984	103008	102998	102831	102841	103079	103085	103075	103028	103082	103087	103069	103095	103097	103096	102994	103094	102935	103088	103092	103081	103076	103096	103057	102216	103092	103098	103060	103098	102845	103095	102954	103024	103059	103038	103064	103003	103058	103050	102995	103003	101993	102970	102937	102918	102927	102985	102942	102928	102883	102911	103092	103098	103097	103097	103097	103097	103098	103095	103097	103097	101501	101722	101057	102103	102149	100956	101207	101536	100827	100970	101571	101491	100685	101077	102222	101110	102195	101419	102845	102893	101093	101347	102144	102410	102520	100799	101249	102653	102679	101473	100917	101522	101089	101424	101769	103033	102986	103018	102610	103056	103038	103008	103011	103003	102332	103006	103000	103002	103010	103088	103088	102156	103087	103042	102864	102937	103084	103050	102235	102123	102777	102535	102259	102961	102261	102711	102126	101192	102945	103068	103061	103065	103094	101794	102117	102943	101300	102680	101654	102598	101582	102929	103070	102288	102979	103068	102799	100947	102806	102820	102020	102825	101580	102268	98436	102863	102425	103073	102401	103096	103097	103098	103099	103097	103097	103093	103097	101955	102973	101907	102195	102512	101798	102480	103066	102664
COM_LP_270_Du-704	101112	102201	101028	101136	101901	101554	101039	102190	101770	101618	101407	102168	102116	102199	102193	102193	102190	102251	102254	102167	102207	102249	102250	102142	102228	102185	102145	102260	102263	102257	102045	102132	102259	102261	102158	102261	101914	102206	102169	102214	102209	102218	102208	102218	102226	102205	102261	102260	102165	102260	102260	102260	102239	102240	102247	102242	101861	101774	102252	101989	101843	100764	102111	102193	102109	102250	102157	102116	102250	101511	102076	101727	101229	101824	102217	101222	100856	101386	101671	101579	100344	101884	102250	102242	101834	80097	102035	101488	101351	102164	102182	102120	102245	102181	101353	100305	101391	101913	102119	102200	102217	102208	102201	102051	102242	102249	102238	102238	102245	102248	102238	102258	102260	102260	102203	102257	102144	102250	102254	102246	102240	102260	102253	102029	102261	102260	102261	102261	102089	102262	102261	102235	102259	102247	102261	102212	102260	102258	102204	102210	101935	102179	102146	102125	102137	102195	102151	102138	102157	102122	102253	102261	102260	102260	102260	102259	102260	102259	102260	102260	101479	101695	101038	101960	102055	100952	101184	101514	100805	100948	101552	101470	100669	101057	102089	101093	102055	101399	102245	102202	101073	101326	102053	102194	102194	100796	101228	102185	102182	101459	100895	101501	101068	101405	101748	102241	102196	102227	102147	102261	102246	102217	102219	102212	101732	102215	102208	102211	102218	102250	102251	102030	102250	102247	102185	102147	102246	102250	102014	102054	102125	102152	102098	102201	102093	102077	102023	101170	102259	102259	102259	102259	102258	101773	101957	102229	101280	102194	101639	102194	101561	102196	102235	102134	102188	102235	102178	100927	102228	102254	101904	102254	101546	102097	98416	102250	102075	102254	102154	102260	102260	102260	102260	102261	102260	102257	102260	101888	102256	101848	102096	102162	101753	102225	102259	102240
COM_LP_272_Du-707	101129	103121	101044	101154	101927	101569	101056	102859	101789	101655	101419	102507	102700	103110	103038	103067	103034	103105	103104	102995	103043	103091	103111	102970	103156	103012	102745	102993	102257	103189	102830	102252	102655	103177	102552	103109	102073	103041	102686	103048	103044	103048	103037	103053	103061	103034	103189	103179	102996	103143	103188	103138	103167	103166	103080	103169	101910	101796	103095	102055	101886	100781	102602	103119	102189	103101	102381	102249	103155	101532	102398	101753	101247	101841	103005	101243	100867	101403	101693	101583	100356	101923	103069	102755	101866	80113	102378	101511	101368	102992	103059	102954	103077	102606	101370	100306	101409	101972	102468	102996	103053	103041	102884	102880	103169	103169	103166	103067	103158	103176	103145	103186	103188	103187	103039	103185	102979	103177	103182	103173	103163	103187	103102	102242	103180	103188	103188	103188	102898	103158	103011	103068	103098	103082	103109	103049	103096	103094	103040	103044	101990	103008	102974	102955	102965	103023	102981	102966	102926	102949	103181	103189	103188	103188	103181	103188	103188	103187	103188	103172	101496	101718	101053	102100	102150	100955	101203	101531	100822	100965	101568	101488	100681	101079	102219	101107	102192	101416	102814	102880	101089	101343	102146	102392	102520	100799	101245	102628	102675	101475	100912	101518	101086	101420	101772	103078	103030	103062	102624	103100	103081	103051	103053	103034	102414	103050	103037	103041	103053	103127	103159	102153	103139	103088	102823	102975	103148	103088	102232	102119	102752	102535	102235	102994	102257	102760	102123	101187	103018	103113	103159	103177	103171	101798	102120	102910	101297	102683	101650	102645	101578	102985	103139	102296	103018	103106	102843	100944	102847	102815	102017	102820	101576	102265	98433	102849	102427	103106	102398	103187	103188	103188	103188	103188	103188	103184	103188	101964	103074	101959	102197	102561	101806	102529	103168	102713
COM_LP_274_Du-709	100925	102937	100841	100949	101723	101365	100853	102661	101573	101450	101211	102293	102490	102876	102903	103003	102937	103084	103089	103009	103051	103084	103085	102986	103062	103028	102605	102819	102045	102830	103097	102012	102374	103029	102324	102915	101869	103049	102468	103058	103054	103063	103054	103062	102990	103050	103097	103094	103009	103093	103095	103096	103072	103072	103088	103075	101699	101585	102953	101850	101684	100577	102339	103016	101986	103050	102175	102035	103036	101323	102165	101549	101042	101638	102876	101037	100664	101199	101483	101379	100152	101719	102963	102560	101662	79945	102178	101301	101164	103010	103018	102965	103079	102410	101167	100101	101205	101761	102264	102920	103061	103011	102713	102895	103076	103082	103072	103075	103079	103084	103072	103092	103094	103093	103047	103091	102988	103085	103089	103078	103073	103093	103089	101952	102986	103053	102981	103001	102853	102978	102769	103077	103094	103091	103092	103056	103095	103094	103048	103057	101786	103024	102991	102930	102974	102996	102996	102982	102772	102965	103089	103095	103094	103094	103094	103094	103095	103092	103094	103094	101294	101499	100850	101865	101924	100749	101000	101328	100620	100763	101363	101281	100478	100869	102001	100903	101979	101212	102608	102740	100886	101140	101936	102173	102312	100592	101042	102446	102475	101265	100710	101315	100882	101217	101561	103075	103040	103071	102423	103094	103091	103062	103043	103037	102244	103059	103054	103056	103063	103086	103085	101948	103026	103081	102718	102991	103081	103084	102028	101916	102647	102353	102052	102887	102054	102585	101919	100985	102820	103093	102931	102954	103023	101586	101909	102747	101093	102495	101447	102432	101374	102816	103068	102084	103033	103069	102647	100740	102543	102580	101813	102564	101373	102061	98239	102662	102217	102965	102151	103093	103094	103095	103096	103094	103094	103090	103094	101691	102753	101643	101946	102248	101554	102216	102931	102400
COM_LP_276_Du-711	101132	102192	101048	101158	101906	101573	101059	102182	101772	101629	101402	102153	102066	102200	102183	102183	102181	102250	102248	102135	102189	102237	102253	102111	102230	102153	102114	102250	102132	102252	102012	102263	102254	102261	102093	102263	101906	102189	102132	102194	102192	102194	102179	102201	102206	102176	102263	102263	102138	102262	102263	102263	102240	102240	102226	102244	101903	101802	102242	101984	101854	100785	102072	102193	102083	102241	102153	102117	102243	101542	102070	101733	101251	101840	102218	101252	100871	101407	101695	101587	100360	101846	102242	102212	101837	80117	102007	101509	101371	102134	102171	102101	102218	102147	101374	100309	101412	101929	102148	102170	102200	102187	102170	102020	102245	102250	102241	102210	102248	102251	102239	102261	102263	102262	102186	102260	102126	102252	102257	102247	102242	102262	102244	102095	102263	102263	102262	102263	102058	102263	102262	102215	102236	102229	102256	102195	102237	102242	102187	102190	101938	102149	102115	102095	102106	102164	102121	102108	102126	102090	102256	102263	102263	102263	102250	102262	102263	102261	102263	102262	101500	101722	101057	101969	102075	100955	101207	101528	100826	100969	101573	101492	100685	101089	102131	101110	102105	101420	102247	102171	101093	101347	102053	102216	102176	100799	101249	102166	102134	101485	100916	101521	101089	101424	101780	102225	102176	102209	102113	102248	102227	102197	102201	102183	101698	102197	102179	102182	102200	102241	102252	101992	102243	102234	102149	102116	102237	102229	102023	102017	102099	102130	102089	102182	102061	102037	102051	101188	102248	102259	102262	102262	102260	101806	101987	102231	101300	102182	101654	102161	101582	102167	102224	102108	102158	102225	102147	100948	102228	102245	101914	102244	101580	102065	98437	102242	102057	102244	102184	102262	102263	102262	102263	102263	102263	102258	102263	101932	102255	101865	102135	102222	101804	102220	102262	102221
COM_LP_277_Du-712	101132	102593	101048	101158	101930	101573	101059	102550	101792	101657	101418	102402	102405	102602	102564	102570	102561	102611	102610	102496	102551	102598	102619	102472	102633	102514	102445	102638	102259	102655	102374	102254	102666	102664	102400	102644	102009	102549	102414	102554	102552	102554	102539	102561	102567	102536	102666	102665	102500	102651	102665	102646	102643	102643	102588	102646	101917	101806	102603	102046	101884	100784	102437	102594	102184	102603	102335	102244	102644	101542	102349	101757	101251	101845	102590	101252	100871	101407	101703	101587	100359	101911	102610	102561	101869	80116	102283	101521	101371	102494	102561	102462	102579	102428	101374	100308	101412	101981	102342	102531	102561	102547	102530	102381	102646	102652	102643	102571	102650	102653	102637	102663	102665	102664	102547	102662	102487	102654	102659	102649	102644	102664	102611	102208	102666	102665	102665	102665	102419	102666	102648	102576	102599	102590	102616	102556	102598	102602	102548	102550	101985	102510	102476	102456	102467	102525	102482	102468	102487	102451	102658	102666	102665	102665	102652	102664	102665	102663	102665	102665	101500	101722	101057	102094	102140	100955	101207	101535	100826	100969	101572	101492	100685	101089	102218	101110	102184	101420	102613	102531	101093	101347	102151	102346	102464	100799	101249	102488	102476	101485	100916	101522	101089	101424	101780	102586	102536	102570	102418	102608	102587	102557	102562	102543	102036	102558	102539	102542	102561	102629	102653	102119	102642	102595	102510	102477	102639	102590	102191	102122	102432	102384	102232	102544	102220	102354	102115	101190	102609	102620	102663	102664	102661	101807	102095	102631	101300	102481	101654	102444	101582	102528	102626	102260	102519	102608	102507	100947	102628	102601	102012	102628	101580	102204	98436	102584	102354	102640	102348	102664	102665	102665	102665	102665	102665	102661	102665	101974	102658	101935	102203	102456	101811	102460	102664	102592
COM_LP_341_Du-713	101131	103397	101047	101157	101929	101572	101059	102998	101792	101656	101417	102535	102709	103351	103277	103449	103358	103519	103517	103404	103459	103506	103528	103380	103563	103422	102881	103098	102261	103177	103029	102261	102664	103597	102556	103251	102075	103458	102748	103462	103462	103464	103448	103470	103409	103444	103597	103595	103407	103559	103596	103555	103573	103573	103496	103576	101918	101805	103357	102057	101889	100783	102602	103519	102192	103492	102383	102252	103500	101543	102401	101756	101250	101844	103214	101253	100870	101407	101703	101586	100358	101925	103268	102774	101868	80115	102384	101521	101370	103403	103470	103372	103487	102621	101373	100307	101411	101981	102470	103252	103469	103439	102982	103289	103577	103583	103573	103479	103574	103584	103560	103593	103595	103594	103455	103592	103396	103585	103590	103579	103574	103594	103518	102275	103452	103551	103473	103547	103230	103416	103153	103485	103508	103499	103525	103464	103506	103511	103456	103459	101992	103418	103382	103365	103375	103389	103390	103376	103145	103359	103589	103596	103595	103595	103582	103595	103596	103593	103595	103587	101500	101721	101056	102103	102161	100955	101206	101535	100826	100969	101571	101491	100684	101089	102222	101109	102195	101419	102863	103010	101092	101346	102156	102410	102531	100798	101248	102652	102681	101485	100916	101521	101088	101423	101780	103494	103445	103479	102629	103517	103495	103466	103416	103377	102541	103467	103448	103450	103470	103538	103573	102156	103520	103503	102990	103385	103557	103497	102234	102122	102866	102559	102258	103206	102260	102844	102125	101190	103148	103529	103323	103423	103473	101806	102128	103100	101299	102703	101653	102655	101581	103150	103549	102299	103427	103516	102901	100946	102851	102850	102019	102824	101579	102267	98435	102929	102437	103282	102401	103594	103595	103596	103596	103595	103595	103591	103595	101973	103110	101956	102207	102561	101810	102529	103387	102713
COM_LP_342_Du-714	101043	102495	100956	101064	101838	101481	100970	102481	101748	101606	101409	102306	102399	102494	102487	102487	102485	102547	102548	102447	102486	102534	102545	102421	102523	102463	102336	102556	102158	102552	102324	102093	102400	102556	102556	102556	101959	102485	102327	102492	102488	102496	102487	102497	102506	102484	102556	102555	102444	102555	102555	102555	102535	102535	102524	102536	101784	101713	102540	101967	101799	100699	102375	102488	102073	102545	102204	102062	102545	101438	102195	101664	101157	101741	102511	101151	100803	101313	101586	101545	100288	101835	102535	102481	101744	80052	102173	101416	101282	102442	102476	102398	102526	102293	101281	100263	101320	101831	102249	102479	102496	102487	102447	102333	102537	102542	102533	102517	102540	102543	102532	102553	102555	102555	102482	102552	102422	102545	102549	102540	102534	102555	102540	102015	102556	102555	102556	102555	102359	102556	102508	102512	102546	102526	102554	102494	102546	102538	102483	102489	101876	102458	102425	102406	102416	102474	102431	102417	102436	102399	102548	102556	102555	102555	102556	102555	102555	102555	102555	102556	101407	101629	100966	101998	102032	100935	101091	101442	100733	100876	101478	101398	100601	100985	102063	101035	102001	101326	102500	102466	101001	101254	102018	102215	102330	100773	101156	102336	102419	101382	100823	101429	100998	101331	101677	102521	102474	102505	102358	102544	102526	102495	102498	102491	101987	102493	102487	102491	102496	102545	102546	102060	102545	102531	102439	102430	102545	102538	102096	102021	102370	102280	102102	102479	102097	102381	101980	101108	102546	102555	102554	102554	102553	101695	101969	102491	101214	102378	101613	102334	101491	102475	102529	102173	102468	102531	102436	100858	102455	102473	101848	102522	101453	102157	98351	102502	102197	102547	102216	102555	102555	102555	102555	102555	102555	102552	102555	101812	102553	101808	102039	102241	101709	102252	102554	102401
COM_LP_343_Du-715	101133	103159	101049	101159	101931	101574	101060	102946	101793	101658	101419	102536	102710	103140	103147	103172	103142	103219	103218	103105	103159	103206	103227	103081	103220	103123	102813	103076	102261	103109	102915	102263	102644	103251	102556	103253	102077	103158	102735	103163	103161	103163	103148	103170	103155	103145	103253	103252	103108	103251	103252	103252	103230	103230	103196	103233	101920	101806	103176	102059	101890	100785	102601	103182	102194	103212	102385	102254	103232	101543	102403	101758	101252	101846	103132	101253	100872	101408	101704	101588	100360	101927	103184	102776	101870	80117	102386	101521	101372	103103	103161	103071	103188	102623	101375	100309	101413	101982	102472	103106	103169	103156	102908	102990	103234	103239	103230	103180	103237	103240	103225	103250	103252	103251	103155	103249	103095	103241	103246	103236	103231	103251	103218	102224	103234	103252	103231	103252	102993	103223	103013	103184	103208	103199	103225	103164	103207	103211	103156	103159	101994	103119	103085	103065	103076	103134	103091	103077	102995	103060	103245	103253	103252	103252	103240	103251	103252	103250	103252	103252	101501	101723	101058	102105	102161	100956	101208	101536	100827	100970	101573	101493	100686	101090	102224	101111	102197	101421	102864	102977	101094	101348	102157	102412	102531	100800	101250	102654	102683	101486	100917	101523	101090	101425	101781	103194	103145	103178	102631	103217	103196	103166	103163	103152	102476	103166	103148	103151	103169	103230	103241	102158	103232	103203	102901	103086	103227	103199	102236	102124	102812	102561	102260	103093	102262	102824	102127	101191	103091	103229	103207	103232	103249	101807	102130	102974	101301	102701	101655	102656	101583	103052	103214	102301	103128	103215	102880	100948	102810	102836	102021	102822	101581	102269	98437	102892	102438	103196	102403	103251	103252	103252	103252	103252	103252	103248	103252	101962	103054	101914	102207	102519	101811	102487	103218	102671
CROB_LP_169_Du-381	101062	102015	100966	101076	101730	101484	101005	101995	101657	101487	101398	101950	101897	102014	102007	102007	102006	102068	102071	102064	102066	102067	102066	102065	102044	102066	102017	102046	101914	102073	101869	101906	102009	102075	101959	102077	102080	102076	101956	102079	102074	102079	102079	102079	102080	102079	102080	102079	102080	102079	102079	102079	102059	102058	102080	102060	101701	101673	102068	101782	101760	100750	101893	102009	101916	102066	101902	101879	102066	101443	101827	101616	101135	101660	102032	101162	100808	101304	101523	101469	100355	101763	102068	102015	101639	80112	101916	101404	101341	102023	102007	101977	102061	101954	101312	100280	101332	101741	101958	102076	102076	102076	102039	101981	102058	102063	102054	102059	102061	102064	102065	102074	102079	102079	102066	102076	102014	102073	102070	102066	102055	102076	102076	101835	102080	102079	102080	102079	102019	102077	102078	102079	102080	102080	102079	102079	102080	102079	102079	102079	101859	102080	102079	102060	102070	102080	102077	102071	102049	102054	102079	102080	102079	102079	102080	102079	102079	102079	102079	102080	101427	101560	100973	101791	101844	100887	101075	101405	100748	100894	101468	101373	100619	100996	101869	101057	101821	101317	102035	102036	101018	101267	101861	101926	101996	100722	101177	102011	102027	101345	100845	101445	101019	101349	101672	102060	102059	102064	102048	102079	102079	102079	102080	102079	101595	102079	102079	102079	102079	102067	102067	101843	102066	102067	102002	102063	102066	102067	101957	101908	102034	102028	101923	102059	101931	102008	101894	101144	102076	102076	102075	102075	102074	101646	101755	101992	101254	101964	101536	102022	101487	102045	102051	101937	102051	102052	102051	100871	101994	102022	101744	102023	101434	101924	98433	102034	101840	102069	101985	102079	102079	102080	102079	102079	102079	102076	102079	101687	102075	101688	101922	101990	101582	101984	102075	101983
CROB_LP_170_Du-382	101120	103321	101036	101146	101898	101559	101048	102935	101736	101646	101413	102469	102670	103244	103236	103607	103282	104089	104090	104040	104088	104090	104091	104016	104067	104058	102876	102999	102206	103041	103049	102189	102549	103458	102485	103158	102076	104105	102746	104023	104101	104023	104065	104103	103669	103819	104105	104103	104046	104102	104104	104105	104080	104080	104102	104084	101907	101794	103413	102023	101879	100779	102507	103697	102188	103749	102339	102200	103495	101530	102335	101745	101236	101811	103129	101242	100859	101389	101691	101567	100360	101914	103260	102725	101863	80117	102379	101512	101368	104035	104016	104002	104002	102616	101371	100303	101401	101970	102468	103345	104099	103604	102993	103925	104082	104088	104078	104070	104085	104090	104085	104098	104103	104102	104085	104100	104032	104101	104095	104087	104079	104099	104099	102225	103424	103632	103569	103560	103388	103382	103085	104103	104091	104096	104101	104097	104091	104103	104089	104100	101993	104014	103912	103768	103955	103789	104035	104020	103159	104001	104098	104103	104103	104103	104090	104103	104104	104101	104103	104102	101489	101662	101044	102029	102101	100950	101195	101524	100815	100958	101558	101446	100673	101077	102166	101104	102145	101401	102784	103007	101081	101335	102144	102339	102521	100787	101244	102650	102676	101476	100911	101513	101083	101412	101768	104087	104081	104088	102627	104103	104100	104100	103653	103585	102545	104100	104088	104086	104104	104014	104089	102119	103640	104012	103024	104015	104074	103878	102231	102120	102885	102557	102256	103196	102255	102842	102123	101188	103126	104097	103222	103324	103428	101787	102114	103040	101294	102667	101642	102627	101570	103149	104061	102288	104056	104014	102899	100936	102717	102748	102014	102729	101568	102256	98437	102868	102393	103214	102316	104102	104103	104103	104105	104103	104103	104098	104103	101870	103047	101856	102125	102427	101733	102395	103320	102628
CROB_LP_172_Du-384	101083	102689	100993	101104	101855	101515	101020	102611	101721	101642	101416	102275	102530	102677	102681	102681	102680	102739	102744	102720	102739	102739	102739	102697	102717	102735	102606	102665	102169	102686	102468	102132	102414	102748	102327	102735	101956	102746	102753	102749	102744	102752	102752	102752	102750	102750	102753	102752	102720	102751	102752	102752	102730	102731	102752	102733	101854	101744	102736	101949	101839	100753	102379	102682	102128	102739	102272	102140	102739	101473	102220	101702	101191	101768	102672	101190	100843	101343	101636	101552	100333	101883	102702	102555	101829	80087	102269	101457	101330	102696	102680	102650	102734	102557	101339	100303	101359	101909	102401	102725	102749	102748	102662	102606	102731	102736	102727	102731	102734	102737	102732	102747	102752	102751	102739	102749	102678	102742	102743	102733	102729	102748	102748	102040	102728	102752	102752	102752	102647	102731	102635	102751	102751	102753	102750	102746	102753	102752	102740	102752	101974	102728	102704	102684	102695	102746	102710	102696	102706	102679	102745	102753	102752	102752	102752	102751	102752	102750	102752	102752	101449	101619	101001	101919	102043	100938	101157	101485	100776	100922	101512	101401	100647	101025	102105	101086	102079	101357	102564	102716	101048	101296	102092	102220	102364	100778	101205	102502	102478	101427	100874	101471	101046	101373	101717	102731	102730	102734	102468	102752	102752	102752	102749	102746	102181	102749	102752	102750	102752	102741	102741	102077	102740	102737	102645	102701	102737	102741	102161	102083	102512	102377	102212	102710	102227	102512	102082	101154	102728	102748	102710	102745	102743	101731	102008	102596	101271	102473	101637	102460	101532	102706	102724	102241	102724	102725	102622	100896	102523	102586	101979	102544	101528	102208	98406	102584	102265	102707	102217	102751	102752	102752	102752	102752	102752	102748	102752	101814	102655	101777	102057	102316	101699	102296	102751	102460
CROB_LP_173_Du-385	101122	103327	101044	101154	101906	101566	101056	102941	101743	101655	101416	102473	102677	103249	103243	103627	103288	104328	104331	104276	104327	104328	104328	104252	104305	104294	102879	103004	102214	103048	103058	102194	102554	103462	102492	103163	102079	104023	102749	104342	104337	104200	104213	104342	103673	103953	104342	104342	104283	104341	104342	104342	104319	104319	104341	104323	101913	101799	103418	102030	101886	100782	102514	103699	102191	103793	102346	102207	103527	101534	102337	101753	101243	101819	103134	101248	100868	101395	101697	101574	100360	101923	103265	102732	101866	80117	102382	101517	101371	104276	104250	104239	104234	102619	101374	100306	101409	101975	102471	103393	104339	103605	102992	104119	104320	104325	104316	104311	104323	104326	104323	104336	104342	104341	104324	104339	104268	104335	104332	104325	104317	104338	104338	102226	103425	103640	103570	103580	103391	103383	103086	104341	104327	104279	104340	104336	104332	104342	104329	104335	101996	104200	104080	103871	104146	103916	104269	104228	103162	104238	104335	104342	104342	104342	104322	104341	104342	104340	104342	104341	101497	101670	101052	102037	102105	100952	101204	101531	100823	100966	101565	101453	100682	101083	102173	101107	102152	101409	102789	103009	101090	101344	102150	102346	102524	100796	101247	102653	102678	101482	100913	101522	101086	101421	101775	104322	104319	104325	102630	104342	104341	104341	103659	103621	102554	104339	104323	104326	104342	104255	104329	102126	103646	104147	103062	104236	104313	103967	102234	102123	102887	102560	102259	103200	102258	102845	102126	101189	103129	104316	103227	103329	103433	101792	102119	103045	101297	102675	101651	102632	101578	103156	104255	102297	104262	104242	102902	100945	102724	102754	102017	102734	101577	102265	98437	102874	102398	103221	102323	104341	104342	104341	104342	104342	104342	104337	104342	101875	103048	101857	102129	102432	101738	102400	103321	102629
CROB_LP_174_Du-386	101117	103324	101039	101150	101901	101562	101052	102939	101739	101650	101411	102472	102673	103248	103239	103644	103285	104696	104696	104641	104696	104697	104698	104617	104674	104659	102874	103001	102209	103044	103054	102192	102552	103462	102488	103161	102074	104101	102744	104337	104712	104260	104299	104711	103678	103981	104712	104711	104648	104710	104712	104712	104688	104688	104710	104692	101911	101799	103417	102026	101882	100777	102510	103702	102186	103795	102342	102203	103524	101534	102332	101749	101239	101814	103133	101246	100863	101392	101696	101570	100360	101918	103264	102728	101861	80117	102377	101517	101366	104614	104572	104609	104368	102614	101369	100301	101405	101975	102466	103388	104708	103601	102991	104459	104689	104695	104685	104676	104692	104696	104692	104705	104711	104710	104692	104708	104643	104710	104702	104696	104685	104707	104707	102236	103435	103651	103580	103591	103386	103393	103096	104711	104608	104408	104709	104697	104690	104710	104698	104701	101991	104377	104158	103937	104336	103930	104637	104594	103157	104590	104705	104711	104711	104711	104665	104711	104712	104709	104711	104710	101493	101665	101047	102032	102105	100948	101199	101528	100819	100962	101561	101449	100677	101082	102169	101102	102148	101404	102788	103004	101085	101339	102149	102342	102524	100791	101242	102648	102673	101481	100909	101517	101081	101416	101773	104695	104690	104695	102625	104711	104707	104707	103660	103617	102549	104709	104635	104691	104712	104358	104694	102122	103643	104213	103063	104473	104678	104106	102229	102118	102883	102555	102254	103200	102253	102840	102121	101185	103129	104505	103226	103328	103432	101791	102117	103044	101292	102670	101646	102631	101574	103152	104474	102292	104455	104427	102897	100940	102719	102751	102012	102731	101572	102260	98437	102872	102397	103217	102319	104710	104711	104711	104712	104711	104711	104706	104711	101874	103058	101867	102129	102431	101737	102399	103331	102639
CROB_LP_175_Du-387	101126	103332	101048	101157	101910	101570	101060	102947	101748	101658	101419	102474	102682	103250	103247	103652	103293	104254	104255	104205	104253	104255	104256	104181	104232	104223	102882	103009	102218	103048	103063	102194	102554	103464	102496	103163	102079	104023	102752	104200	104260	104269	104210	104268	103677	103949	104269	104268	104209	104267	104269	104269	104245	104245	104267	104249	101912	101799	103419	102034	101890	100785	102519	103707	102194	103803	102350	102211	103532	101536	102341	101756	101247	101823	103135	101249	100871	101400	101697	101578	100360	101926	103266	102736	101869	80117	102385	101515	101371	104205	104180	104166	104191	102622	101374	100309	101412	101975	102471	103396	104264	103604	102996	104067	104247	104253	104243	104240	104250	104254	104247	104263	104268	104267	104250	104265	104191	104259	104260	104249	104244	104264	104264	102204	103403	103619	103548	103559	103394	103361	103064	104268	104261	104263	104266	104262	104261	104268	104254	104258	101996	104184	104078	103886	104152	103874	104194	104160	103162	104163	104262	104268	104268	104268	104260	104268	104269	104266	104268	104267	101501	101674	101056	102040	102107	100956	101207	101535	100827	100970	101569	101457	100685	101083	102177	101110	102156	101413	102790	103013	101093	101347	102150	102350	102526	100799	101249	102653	102682	101479	100917	101522	101089	101424	101774	104246	104241	104250	102630	104268	104264	104265	103662	103625	102557	104265	104253	104255	104268	104213	104253	102130	103651	104174	103050	104186	104244	104012	102235	102123	102888	102560	102259	103201	102261	102845	102126	101192	103131	104262	103228	103330	103434	101793	102119	103046	101300	102679	101654	102633	101581	103160	104211	102300	104218	104231	102905	100948	102722	102759	102020	102739	101580	102268	98437	102880	102399	103226	102327	104267	104268	104268	104269	104268	104268	104263	104268	101876	103026	101835	102131	102433	101739	102401	103299	102607
CROB_LP_176_Du-388	101126	103322	101039	101147	101901	101561	101052	102935	101739	101651	101419	102459	102674	103234	103237	103642	103284	104301	104305	104266	104299	104301	104302	104243	104278	104285	102882	103000	102208	103037	103054	102179	102539	103448	102487	103148	102079	104065	102752	104213	104299	104210	104316	104315	103665	103953	104316	104315	104270	104314	104316	104316	104292	104292	104314	104296	101897	101783	103403	102025	101883	100785	102511	103691	102194	103793	102341	102201	103521	101520	102341	101747	101237	101815	103119	101234	100863	101390	101681	101569	100360	101917	103250	102726	101869	80117	102385	101499	101371	104259	104243	104213	104184	102622	101374	100309	101404	101959	102471	103396	104311	103601	102996	104122	104293	104299	104289	104292	104296	104300	104293	104309	104315	104314	104296	104312	104238	104306	104306	104295	104290	104311	104311	102230	103429	103645	103574	103585	103394	103387	103090	104315	104305	104266	104313	104309	104315	104315	104301	104315	101996	104218	104082	103870	104164	103891	104257	104217	103162	104226	104309	104315	104315	104315	104314	104315	104316	104313	104315	104314	101493	101665	101047	102032	102091	100956	101199	101526	100818	100962	101559	101447	100677	101067	102167	101110	102146	101403	102774	103013	101084	101338	102134	102340	102510	100790	101249	102653	102682	101463	100917	101514	101086	101415	101759	104292	104289	104296	102630	104315	104315	104316	103646	103616	102549	104312	104316	104313	104315	104228	104302	102120	103640	104160	103056	104242	104296	104017	102235	102123	102888	102560	102259	103185	102261	102845	102126	101192	103115	104296	103212	103314	103418	101777	102104	103030	101300	102670	101646	102617	101572	103150	104255	102292	104262	104259	102905	100940	102714	102749	102020	102729	101572	102260	98437	102868	102383	103216	102317	104314	104315	104315	104316	104315	104315	104310	104315	101868	103052	101861	102123	102417	101723	102385	103325	102633
CROB_LP_177_Du-389	101126	103332	101048	101158	101910	101571	101059	102948	101747	101658	101419	102480	102681	103257	103248	103653	103293	105280	105277	105189	105272	105281	105281	105178	105243	105201	102882	103009	102218	103053	103062	102201	102561	103470	102497	103170	102079	104103	102752	104342	104711	104268	104315	105296	103684	103987	105209	105296	105232	105295	105296	105296	105273	105145	105271	105277	101919	101806	103426	102035	101889	100785	102518	103710	102194	103804	102351	102212	103533	101542	102341	101757	101248	101823	103142	101253	100871	101400	101704	101579	100360	101926	103273	102737	101869	80117	102385	101521	101371	104853	104849	105104	104407	102622	101374	100309	101412	101982	102471	103396	105292	103610	102996	104724	105273	105278	105269	105260	105276	105279	105272	105289	105288	105237	105274	105292	105218	105286	105285	105275	105269	105292	105292	102350	103552	103767	103697	103707	103394	103510	103213	105243	104672	104417	105215	105051	105104	105232	105250	105242	101996	104420	104187	103941	104421	103952	105153	105055	103162	104830	105289	105296	105296	105296	105146	105295	105296	105285	105296	105295	101500	101674	101056	102041	102113	100955	101207	101535	100826	100969	101570	101458	100685	101090	102178	101110	102157	101413	102797	103013	101093	101347	102157	102351	102532	100799	101249	102653	102682	101486	100916	101522	101089	101424	101781	105271	105171	105274	102630	105231	105042	105174	103668	103626	102557	105292	104808	105276	105295	104380	105044	102131	103652	104219	103071	104584	105116	104154	102235	102123	102887	102560	102259	103207	102261	102845	102126	101191	103137	104531	103235	103337	103441	101800	102126	103053	101300	102679	101654	102640	101582	103161	104522	102300	104537	104584	102905	100948	102728	102759	102020	102739	101580	102268	98437	102881	102406	103225	102328	105295	105296	105272	105296	105296	105296	105286	105296	101984	103175	101984	102227	102478	101768	102454	103448	102756
CROB_LP_320_Du-395	101130	103338	101046	101155	101919	101571	101057	102940	101756	101655	101416	102486	102690	103262	103254	103526	103239	103682	103686	103619	103670	103682	103682	103595	103660	103637	102820	102981	102226	103061	102990	102206	102567	103409	102506	103155	102080	103669	102750	103673	103678	103677	103665	103684	103696	103616	103696	103695	103625	103694	103695	103695	103673	103673	103695	103676	101914	101800	103416	102044	101887	100782	102527	103533	102191	103655	102360	102220	103445	101537	102349	101755	101248	101831	103105	101248	100869	101404	101698	101585	100360	101924	103250	102745	101867	80117	102383	101518	101372	103617	103604	103582	103668	102620	101375	100306	101410	101976	102472	103288	103680	103544	102997	103504	103674	103679	103670	103666	103677	103680	103674	103690	103695	103694	103666	103692	103609	103688	103686	103679	103671	103691	103691	102188	103352	103535	103518	103455	103284	103281	102980	103694	103685	103696	103693	103678	103687	103695	103670	103676	101997	103639	103593	103558	103596	103570	103611	103597	103163	103580	103688	103696	103695	103695	103686	103694	103695	103693	103695	103695	101498	101683	101055	102050	102117	100953	101205	101533	100824	100967	101569	101466	100683	101084	102186	101108	102164	101417	102784	102991	101091	101345	102151	102358	102525	100797	101248	102654	102680	101483	100914	101523	101087	101422	101776	103676	103660	103679	102631	103695	103695	103682	103523	103440	102555	103680	103665	103668	103683	103673	103683	102139	103585	103682	102925	103603	103670	103650	102235	102124	102843	102561	102258	103157	102259	102846	102127	101189	103142	103691	103228	103335	103399	101801	102124	102967	101298	102687	101652	102645	101580	103162	103656	102298	103642	103658	102903	100945	102736	102767	102018	102747	101578	102266	98437	102887	102411	103212	102336	103694	103695	103695	103695	103695	103695	103691	103695	101888	103020	101840	102142	102445	101751	102413	103271	102597
CROB_LP_321_Du-396	101123	103318	101036	101145	101898	101558	101049	102932	101735	101649	101417	102455	102670	103231	103234	103614	103280	103974	103978	103940	103973	103974	103974	103917	103951	103959	102880	102996	102205	103034	103050	102176	102536	103444	102484	103145	102079	103819	102750	103953	103981	103949	103953	103987	103616	103987	103987	103987	103943	103986	103987	103987	103964	103964	103986	103968	101895	101781	103398	102022	101880	100783	102507	103609	102192	103730	102338	102198	103517	101516	102338	101745	101234	101812	103116	101231	100861	101386	101679	101566	100360	101915	103247	102723	101867	80117	102383	101498	101371	103931	103914	103884	103913	102620	101374	100307	101402	101957	102471	103394	103984	103590	102996	103803	103966	103971	103962	103965	103969	103972	103968	103982	103987	103986	103970	103984	103912	103979	103978	103970	103963	103983	103983	102157	103346	103561	103488	103501	103387	103304	103007	103986	103984	103972	103985	103981	103987	103987	103974	103987	101996	103925	103830	103716	103868	103622	103932	103898	103162	103901	103980	103987	103987	103987	103986	103986	103987	103985	103987	103986	101490	101662	101044	102029	102087	100953	101197	101523	100815	100959	101556	101444	100675	101065	102164	101108	102143	101400	102771	103010	101082	101336	102132	102337	102506	100788	101247	102653	102679	101463	100914	101514	101084	101413	101757	103967	103965	103970	102630	103987	103987	103987	103592	103596	102547	103984	103987	103985	103987	103975	103975	102117	103618	103935	103052	103924	103969	103840	102234	102123	102887	102560	102259	103182	102259	102845	102126	101190	103110	103982	103209	103311	103415	101774	102101	103027	101298	102667	101644	102614	101570	103147	103936	102290	103957	103957	102903	100938	102711	102745	102018	102725	101570	102258	98437	102865	102380	103212	102314	103986	103987	103986	103987	103987	103987	103982	103987	101857	102989	101809	102111	102414	101720	102382	103242	102566
CROS_LP_085_Du-181	101133	103516	101049	101159	101931	101574	101061	103018	101794	101658	101419	102537	102711	103390	103331	103742	103376	105342	105342	105217	105291	105337	105360	105143	105437	105244	102883	103100	102261	103189	103097	102263	102666	103597	102556	103253	102080	104105	102753	104342	104712	104269	104316	105209	103696	103987	105493	105432	105244	105396	105491	105419	105468	105364	105308	105471	101920	101808	103477	102059	101892	100785	102604	103845	102194	103868	102385	102254	103652	101545	102403	101758	101252	101846	103216	101256	100872	101409	101705	101588	100360	101927	103331	102776	101870	80117	102386	101524	101372	104855	104950	105122	104452	102623	101375	100309	101413	101983	102472	103397	105302	103610	102997	104757	105429	105418	105426	105302	105406	105459	105419	105469	105490	105452	105286	105487	105230	105481	105474	105422	105410	105486	105352	102500	103760	103975	103905	103915	103395	103718	103421	105312	104724	104446	105318	105036	105156	105261	105234	105263	101997	104421	104189	103944	104422	103953	105177	105080	103163	104848	105485	105451	105490	105490	105333	105490	105491	105468	105490	105424	101502	101723	101058	102105	102163	100957	101208	101537	100828	100971	101573	101493	100686	101091	102224	101111	102197	101421	102865	103013	101094	101348	102158	102412	102534	100800	101250	102654	102683	101487	100918	101523	101090	101425	101782	105325	105209	105310	102631	105279	105120	105190	103670	103626	102558	105304	104809	105272	105308	104471	105198	102158	103753	104266	103072	104585	105233	104205	102236	102124	102889	102561	102260	103211	102262	102846	102127	101193	103189	104592	103365	103478	103575	101809	102131	103159	101301	102705	101655	102657	101583	103166	104641	102301	104538	104669	102906	100948	102865	102852	102021	102827	101581	102269	98437	102946	102439	103324	102403	105489	105490	105487	105492	105490	105490	105481	105490	102102	103383	102171	102326	102686	101861	102662	103655	102964
CROS_LP_086_Du-182	101132	103457	101048	101158	101930	101573	101059	103017	101792	101658	101419	102535	102709	103382	103330	103741	103374	105948	105958	105609	105607	106199	106116	105428	105815	105623	102882	103097	102260	103179	103094	102263	102665	103595	102555	103252	102079	104103	102752	104342	104711	104268	104315	105296	103695	103987	105432	106598	106120	106200	106584	106388	106327	105578	105751	106318	101924	101807	103476	102058	101889	100785	102602	103835	102194	103867	102384	102253	103652	101543	102403	101757	101251	101846	103216	101253	100871	101407	101704	101587	100360	101926	103330	102775	101869	80117	102385	101522	101371	104853	104961	105212	104451	102622	101374	100309	101412	101982	102471	103396	105830	103615	102996	104824	106166	106568	106483	106156	106211	106318	106420	106117	105925	105561	105740	105975	105776	106289	106573	106577	106551	106594	106430	102499	103703	103921	103851	103861	103394	103664	103364	105463	104722	104445	105463	105079	105162	105390	105572	105557	101996	104420	104187	103941	104421	103952	105746	105235	103162	104847	106591	106543	106575	106518	105553	106434	106500	106090	106233	106246	101500	101722	101057	102104	102162	100955	101207	101535	100826	100969	101573	101492	100685	101090	102223	101110	102197	101420	102864	103013	101093	101347	102157	102412	102532	100799	101249	102653	102682	101486	100916	101522	101089	101424	101781	106302	105383	106293	102630	105387	105121	105312	103668	103626	102557	105972	104808	105657	105875	104470	105214	102157	103753	104266	103071	104584	105320	104204	102235	102123	102887	102560	102259	103208	102261	102845	102126	101191	103186	104591	103360	103463	103566	101808	102130	103158	101300	102704	101654	102656	101582	103165	104640	102300	104537	104668	102905	100948	102859	102850	102020	102824	101580	102268	98437	102945	102438	103323	102402	106458	106297	105710	106540	106515	106598	106039	106327	102101	103327	102133	102329	102630	101860	102603	103602	102910
CROS_LP_087_Du-183	101088	103276	100996	101106	101857	101518	101020	102891	101694	101619	101419	102418	102629	103194	103193	103598	103239	105786	105754	105536	105525	105943	105866	105427	105555	105551	102883	102955	102165	102996	103009	102138	102500	103407	102444	103108	102080	104046	102720	104283	104648	104209	104270	105232	103625	103943	105244	106120	106144	105926	106143	106086	106021	105379	105610	105997	101860	101745	103363	101981	101842	100759	102467	103649	102155	103749	102297	102157	103476	101479	102296	101704	101193	101770	103079	101196	100832	101345	101642	101525	100360	101886	103210	102683	101838	80117	102386	101465	101365	104800	104826	105149	104352	102582	101339	100289	101361	101920	102442	103360	105682	103561	102958	104825	105917	106125	106114	105938	105945	105983	106067	105848	105666	105360	105632	105724	105645	105949	106132	106124	106097	106140	106116	102311	103513	103727	103659	103667	103395	103471	103175	105385	104617	104354	105343	105018	105060	105285	105520	105463	101997	104403	104188	103941	104422	103920	105650	105235	103163	104847	106143	106104	106143	106106	105375	106098	106110	105839	105945	105988	101476	101621	101003	101989	102049	100915	101159	101487	100778	100924	101514	101403	100646	101030	102123	101079	102101	101359	102734	102968	101048	101297	102097	102295	102468	100749	101206	102612	102638	101426	100875	101472	101047	101379	101722	106030	105322	106063	102630	105276	105032	105253	103605	103577	102508	105848	104763	105595	105749	104326	105038	102077	103595	104156	103027	104585	105153	104100	102236	102088	102876	102529	102236	103146	102261	102846	102096	101167	103074	104468	103171	103274	103378	101738	102065	102990	101275	102626	101613	102577	101534	103106	104469	102254	104487	104531	102867	100898	102674	102704	101981	102685	101530	102218	98437	102824	102343	103170	102273	106102	105956	105503	106143	106119	106143	105835	106019	101944	103137	101946	102188	102439	101730	102416	103408	102717
CROS_LP_088_Du-184	101132	103421	101048	101157	101929	101573	101059	103016	101791	101658	101419	102534	102708	103346	103329	103740	103373	105942	105906	105608	105606	106147	106053	105428	105779	105621	102882	103096	102260	103143	103093	102262	102651	103559	102555	103251	102079	104102	102751	104341	104710	104267	104314	105295	103694	103986	105396	106200	105926	106239	106239	106184	106184	105523	105741	106152	101918	101806	103475	102057	101889	100785	102602	103799	102194	103866	102383	102252	103622	101542	102402	101756	101250	101845	103216	101252	100871	101406	101703	101586	100360	101926	103329	102775	101869	80117	102385	101522	101371	104852	104959	105211	104450	102622	101373	100309	101411	101981	102470	103395	105830	103610	102996	104822	106036	106221	106212	106081	106079	106155	106205	106057	105877	105521	105734	105927	105765	106207	106228	106218	106212	106236	106194	102463	103665	103880	103811	103820	103394	103623	103327	105463	104721	104444	105463	105078	105161	105389	105561	105556	101996	104419	104187	103940	104421	103952	105732	105235	103162	104846	106232	106199	106223	106158	105499	106138	106158	105972	106156	106017	101499	101721	101056	102103	102161	100955	101206	101534	100825	100968	101572	101491	100685	101089	102222	101110	102196	101419	102863	103012	101092	101346	102156	102411	102531	100798	101248	102652	102681	101485	100915	101521	101088	101423	101780	106167	105382	106136	102629	105386	105120	105311	103667	103625	102557	105947	104807	105656	105865	104469	105188	102157	103741	104265	103071	104584	105296	104203	102235	102122	102886	102560	102259	103207	102260	102845	102126	101191	103185	104590	103324	103427	103531	101807	102129	103142	101300	102703	101653	102655	101582	103164	104612	102299	104536	104668	102904	100948	102818	102848	102020	102824	101580	102267	98437	102944	102437	103314	102401	106218	106185	105671	106239	106239	106239	105904	106161	102096	103289	102098	102323	102591	101860	102568	103561	102869
CROS_LP_089_Du-185	101132	103591	101048	101158	101930	101573	101060	103017	101793	101658	101419	102536	102710	103389	103330	103741	103375	105977	105999	105609	105607	106328	106126	105428	105886	105623	102882	103098	102260	103188	103095	102263	102665	103596	102555	103252	102079	104104	102752	104342	104712	104269	104316	105296	103695	103987	105491	106584	106143	106239	107509	106537	106560	105763	105766	106520	101923	101807	103476	102058	101890	100785	102603	103845	102194	103867	102384	102253	103652	101544	102403	101757	101251	101846	103216	101254	100871	101408	101704	101587	100360	101926	103330	102775	101869	80117	102385	101523	101371	104854	104962	105213	104451	102622	101374	100309	101412	101982	102471	103396	105836	103614	102996	104824	106219	107082	106778	106312	106220	106486	106619	106186	106109	105745	105740	106159	105795	106458	107138	107215	106906	107444	106837	102499	103845	104092	103983	104046	103394	103818	103475	105464	104723	104445	105463	105079	105162	105390	105572	105558	101996	104420	104188	103942	104421	103952	105771	105235	103162	104847	107280	106754	106889	106827	105573	106735	106753	106168	106354	106303	101501	101722	101057	102104	102163	100956	101207	101536	100827	100970	101573	101492	100685	101090	102223	101110	102197	101420	102864	103013	101093	101347	102157	102412	102533	100799	101249	102653	102682	101486	100917	101522	101089	101424	101781	106650	105383	106429	102630	105387	105121	105313	103669	103626	102557	105973	104809	105657	105918	104471	105220	102157	103753	104266	103071	104584	105320	104204	102235	102123	102888	102560	102259	103209	102261	102845	102126	101192	103187	104591	103365	103478	103575	101808	102130	103158	101300	102704	101654	102656	101582	103165	104640	102300	104537	104668	102905	100948	102869	102851	102020	102825	101580	102268	98437	102945	102438	103324	102402	106753	106608	105895	107095	106933	107377	106224	106520	102101	103450	102170	102329	102689	101860	102679	103765	102980
CROS_LP_090_Du-186	101132	103480	101048	101158	101930	101573	101060	103017	101793	101658	101419	102536	102710	103341	103330	103737	103375	105966	105983	105609	105607	106259	106108	105428	105813	105623	102882	103095	102260	103138	103096	102263	102646	103555	102555	103252	102079	104105	102752	104342	104712	104269	104316	105296	103695	103987	105419	106388	106086	106184	106537	106538	106356	105600	105766	106351	101919	101807	103476	102058	101891	100785	102603	103795	102194	103867	102384	102253	103617	101544	102403	101757	101251	101846	103216	101255	100871	101408	101704	101587	100360	101926	103330	102775	101869	80117	102385	101523	101371	104855	104956	105214	104451	102622	101374	100309	101412	101982	102471	103396	105836	103610	102996	104824	106152	106454	106435	106230	106183	106315	106428	106107	105944	105580	105735	105994	105773	106324	106481	106450	106444	106532	106432	102458	103725	103941	103870	103881	103394	103683	103386	105464	104723	104445	105463	105079	105162	105390	105572	105559	101996	104420	104188	103943	104421	103952	105769	105235	103162	104847	106531	106445	106495	106468	105512	106407	106494	106081	106256	106236	101501	101722	101057	102104	102163	100956	101207	101536	100827	100970	101573	101492	100685	101090	102223	101110	102197	101420	102864	103013	101093	101347	102157	102412	102534	100799	101249	102653	102682	101486	100917	101522	101089	101424	101781	106346	105383	106325	102630	105387	105121	105313	103669	103626	102557	105972	104809	105657	105904	104465	105183	102157	103736	104266	103071	104584	105291	104204	102235	102123	102888	102560	102259	103210	102261	102845	102126	101193	103188	104591	103319	103422	103525	101808	102130	103137	101300	102704	101654	102656	101582	103165	104606	102300	104537	104668	102905	100948	102813	102844	102020	102825	101580	102268	98437	102945	102438	103310	102402	106504	106363	105732	106538	106534	106536	106060	106336	102091	103348	102097	102325	102614	101860	102606	103621	102903
CROS_LP_091_Du-187	101133	103585	101048	101157	101927	101573	101060	102995	101770	101637	101398	102534	102708	103385	103327	103740	103373	105947	105921	105589	105585	106163	106087	105407	105885	105601	102862	103075	102239	103167	103072	102240	102643	103573	102535	103230	102059	104080	102730	104319	104688	104245	104292	105273	103673	103964	105468	106327	106021	106184	106560	106356	106891	105910	105714	106772	101904	101785	103454	102037	101869	100774	102581	103821	102172	103845	102363	102231	103629	101521	102380	101735	101229	101823	103194	101231	100850	101385	101682	101565	100343	101906	103308	102754	101849	80117	102365	101501	101351	104830	104939	105190	104429	102602	101352	100288	101391	101961	102450	103374	105802	103594	102975	104804	106162	106361	106366	106146	106167	106310	106363	106167	106357	105940	105773	106435	105774	106369	106416	106368	106371	106596	106291	102480	103824	104072	103964	104032	103373	103800	103458	105441	104701	104423	105442	105057	105140	105367	105549	105534	101976	104398	104166	103920	104400	103931	105709	105213	103141	104825	106525	106339	106427	106367	105552	106364	106390	106091	106324	106145	101478	101700	101035	102082	102139	100955	101206	101513	100804	100947	101550	101470	100664	101068	102201	101090	102174	101398	102842	102990	101071	101325	102135	102389	102509	100777	101227	102631	102660	101464	100894	101500	101068	101402	101760	106248	105360	106240	102608	105364	105098	105289	103646	103603	102536	105950	104785	105635	105839	104447	105197	102136	103730	104244	103050	104563	105299	104182	102215	102101	102865	102540	102238	103186	102239	102825	102106	101170	103165	104570	103342	103455	103553	101787	102108	103157	101301	102703	101653	102655	101582	103164	104637	102299	104537	104668	102904	100927	102867	102828	102021	102803	101580	102268	98416	102923	102437	103300	102401	106853	106754	106046	106879	106879	106890	106501	106766	102080	103433	102150	102310	102671	101842	102660	103746	102962
CROS_LP_092_Du-188	101132	103585	101048	101157	101926	101573	101059	102995	101771	101636	101398	102533	102709	103384	103327	103740	103373	105441	105486	105349	105386	105481	105503	105214	105569	105295	102861	103075	102240	103166	103072	102240	102643	103573	102535	103230	102058	104080	102731	104319	104688	104245	104292	105145	103673	103964	105364	105578	105379	105523	105763	105600	105910	105911	105410	105910	101899	101786	103454	102036	101868	100773	102582	103821	102172	103845	102362	102231	103629	101521	102380	101735	101229	101823	103194	101231	100850	101385	101682	101566	100343	101905	103308	102754	101848	80116	102364	101501	101350	104827	104876	105094	104420	102601	101352	100288	101390	101960	102449	103374	105389	103590	102975	104746	105573	105562	105571	105447	105550	105602	105569	105621	105812	105662	105440	105839	105353	105683	105619	105568	105572	105797	105496	102479	103824	104068	103960	104028	103373	103796	103455	105238	104700	104423	105246	104920	105083	105141	105256	105227	101975	104398	104166	103919	104399	103931	105307	105067	103141	104825	105726	105595	105637	105640	105432	105647	105665	105611	105663	105563	101478	101700	101035	102082	102139	100956	101206	101513	100804	100947	101550	101470	100664	101068	102201	101089	102174	101398	102842	102990	101071	101325	102135	102389	102509	100778	101227	102631	102660	101464	100894	101500	101067	101402	101759	105469	105150	105453	102608	105212	105042	105113	103646	103603	102536	105444	104755	105328	105381	104447	105087	102136	103730	104243	103051	104544	105209	104182	102214	102101	102865	102539	102238	103186	102239	102825	102105	101169	103164	104569	103342	103455	103553	101786	102108	103157	101300	102703	101654	102655	101582	103164	104637	102299	104535	104661	102904	100926	102863	102828	102020	102803	101580	102267	98415	102923	102437	103300	102401	105910	105910	105781	105910	105910	105910	105901	105910	102080	103429	102150	102306	102667	101842	102660	103742	102958
CROS_LP_093_Du-189	101133	103358	101049	101158	101932	101576	101060	102974	101773	101658	101419	102507	102709	103284	103275	103680	103319	105680	105749	105501	105549	105751	105713	105378	105556	105487	102883	103035	102247	103080	103088	102226	102588	103496	102524	103196	102080	104102	102752	104341	104710	104267	104314	105271	103695	103986	105308	105751	105610	105741	105766	105766	105714	105410	105769	105745	101919	101807	103452	102058	101890	100785	102546	103735	102194	103830	102377	102238	103558	101544	102366	101757	101251	101845	103169	101253	100872	101408	101705	101587	100360	101927	103299	102764	101870	80117	102386	101523	101372	104853	104897	105195	104433	102623	101374	100309	101412	101982	102471	103396	105680	103610	102997	104811	105727	105750	105739	105731	105715	105709	105738	105712	105629	105425	105648	105667	105591	105755	105755	105747	105740	105763	105762	102375	103577	103791	103723	103732	103395	103536	103239	105432	104698	104443	105424	105073	105140	105337	105497	105473	101997	104420	104188	103941	104422	103953	105608	105210	103163	104845	105759	105767	105766	105766	105392	105763	105766	105763	105742	105759	101500	101700	101057	102067	102139	100956	101207	101536	100826	100969	101574	101484	100686	101090	102205	101111	102182	101420	102823	103014	101093	101347	102159	102376	102531	100799	101249	102653	102682	101486	100916	101522	101089	101426	101781	105741	105375	105743	102631	105366	105117	105278	103668	103626	102558	105685	104807	105594	105700	104405	105124	102158	103677	104245	103072	104585	105233	104180	102236	102123	102887	102562	102260	103209	102261	102846	102127	101191	103163	104557	103260	103363	103467	101808	102132	103079	101301	102704	101654	102656	101583	103165	104549	102300	104537	104611	102906	100948	102754	102785	102021	102766	101581	102268	98437	102907	102432	103251	102354	105766	105766	105521	105766	105767	105766	105633	105718	102008	103201	102010	102253	102503	101794	102480	103472	102781
CROS_LP_094_Du-190	101132	103590	101048	101158	101930	101574	101059	102998	101773	101639	101400	102535	102710	103388	103331	103742	103374	105894	105952	105590	105588	106142	106051	105409	105886	105604	102863	103078	102242	103169	103075	102244	102646	103576	102536	103233	102060	104084	102733	104323	104692	104249	104296	105277	103676	103968	105471	106318	105997	106152	106520	106351	106772	105910	105745	106885	101906	101788	103457	102039	101870	100776	102584	103825	102175	103848	102365	102234	103633	101525	102384	101738	101232	101827	103198	101234	100852	101389	101686	101568	100345	101907	103311	102756	101850	80117	102366	101503	101352	104835	104943	105194	104432	102603	101355	100290	101393	101963	102452	103377	105817	103597	102977	104805	106124	106322	106326	106097	106156	106252	106310	106146	106344	105943	105777	106424	105778	106345	106376	106328	106332	106555	106251	102483	103827	104076	103966	104037	103375	103804	103460	105445	104703	104426	105445	105060	105143	105371	105553	105538	101977	104401	104168	103922	104402	103933	105739	105216	103143	104829	106485	106335	106392	106369	105554	106324	106392	106088	106275	106142	101481	101703	101038	102085	102144	100955	101207	101517	100807	100950	101555	101473	100666	101071	102205	101091	102178	101401	102845	102995	101074	101328	102139	102393	102513	100780	101230	102634	102663	101467	100897	101503	101070	101406	101762	106206	105364	106209	102612	105369	105102	105293	103649	103608	102538	105948	104789	105638	105866	104451	105201	102138	103734	104247	103052	104565	105301	104185	102216	102104	102868	102542	102240	103190	102242	102826	102107	101172	103167	104572	103346	103459	103556	101789	102112	103158	101300	102704	101654	102656	101582	103165	104639	102300	104537	104668	102906	100929	102871	102831	102020	102805	101580	102268	98418	102926	102438	103305	102402	106873	106740	106049	106873	106884	106884	106505	106752	102083	103435	102151	102314	102674	101843	102662	103750	102965
CY_ALA_LP_298-Du-767	101119	101853	101038	101151	101763	101550	101055	101845	101623	101495	101346	101829	101763	101863	101845	101845	101843	101913	101914	101861	101913	101915	101914	101837	101891	101879	101842	101907	101861	101910	101699	101903	101917	101918	101784	101920	101701	101907	101854	101913	101911	101912	101897	101919	101914	101895	101920	101924	101860	101918	101923	101919	101904	101899	101919	101906	101926	101721	101920	101764	101681	100781	101739	101855	101815	101906	101905	101880	101906	101506	101737	101569	101241	101712	101880	101246	100865	101383	101643	101550	100359	101756	101918	101900	101711	80114	101735	101481	101346	101859	101834	101826	101900	101886	101371	100306	101370	101848	101880	101892	101919	101911	101892	101750	101906	101916	101903	101895	101909	101913	101912	101924	101925	101924	101916	101923	101859	101914	101922	101914	101908	101924	101919	101839	101922	101925	101925	101925	101780	101926	101922	101918	101909	101920	101918	101916	101908	101919	101907	101909	101766	101871	101837	101819	101828	101886	101844	101829	101848	101812	101918	101920	101919	101924	101907	101919	101922	101919	101919	101920	101472	101581	101047	101718	101784	100949	101201	101494	100820	100962	101548	101425	100682	101084	101895	101109	101840	101406	101912	101893	101084	101339	101896	101892	101902	100791	101239	101891	101861	101454	100908	101501	101083	101395	101708	101904	101900	101907	101838	101919	101916	101915	101920	101901	101423	101918	101897	101901	101919	101901	101912	101796	101903	101911	101875	101842	101901	101902	101748	101801	101824	101858	101806	101906	101817	101771	101857	101135	101919	101919	101918	101918	101916	101751	101822	101892	101283	101880	101557	101892	101547	101886	101885	101852	101883	101885	101873	100938	101894	101906	101658	101904	101540	101837	98431	101903	101748	101904	101867	101924	101925	101923	101925	101925	101925	101918	101925	101789	101916	101699	101866	101884	101675	101897	101924	101921
CY_ALA_LP_299-Du-768	101106	101739	101029	101140	101666	101534	101041	101732	101631	101468	101330	101731	101661	101749	101731	101731	101729	101800	101801	101742	101801	101802	101802	101721	101779	101763	101724	101793	101774	101796	101585	101802	101806	101805	101713	101806	101673	101794	101744	101799	101799	101799	101783	101806	101800	101781	101808	101807	101745	101806	101807	101807	101785	101786	101807	101788	101721	101808	101805	101701	101644	100766	101669	101742	101756	101791	101788	101772	101792	101480	101621	101556	101207	101671	101767	101219	100862	101352	101575	101544	100348	101717	101805	101786	101594	80107	101617	101466	101314	101745	101720	101713	101786	101768	101358	100304	101396	101750	101751	101776	101807	101791	101776	101631	101793	101799	101790	101781	101797	101800	101793	101806	101807	101806	101796	101805	101740	101798	101806	101795	101790	101806	101807	101755	101808	101807	101807	101807	101664	101808	101807	101806	101793	101807	101804	101801	101794	101806	101794	101795	101669	101755	101721	101701	101712	101770	101728	101714	101732	101696	101800	101808	101807	101807	101793	101806	101807	101805	101807	101807	101448	101603	101030	101694	101698	100948	101162	101438	100809	100951	101524	101397	100670	101075	101767	101097	101774	101395	101798	101779	101073	101327	101795	101790	101799	100791	101230	101775	101771	101416	100897	101500	101070	101365	101663	101793	101787	101795	101723	101806	101802	101801	101807	101787	101309	101804	101783	101786	101807	101787	101798	101734	101789	101798	101765	101728	101784	101788	101666	101750	101710	101742	101730	101794	101706	101663	101725	101088	101805	101805	101805	101806	101803	101692	101749	101779	101282	101766	101523	101779	101537	101772	101771	101755	101768	101771	101757	100927	101775	101792	101588	101790	101473	101756	98418	101790	101635	101790	101765	101806	101807	101807	101807	101807	101807	101803	101807	101713	101801	101680	101808	101804	101611	101800	101806	101803
CY_ALA_LP_357_Du-769	101129	103299	101045	101155	101926	101570	101056	102967	101791	101656	101417	102527	102704	103258	103269	103383	103231	103469	103470	103361	103419	103467	103471	103340	103448	103382	102803	102999	102252	103095	102953	102242	102603	103357	102540	103176	102068	103413	102736	103418	103417	103419	103403	103426	103416	103398	103477	103476	103363	103475	103476	103476	103454	103454	103452	103457	101920	101805	103477	102056	101887	100782	102566	103412	102193	103459	102384	102253	103393	101541	102390	101754	101251	101844	103131	101251	100869	101404	101702	101588	100359	101925	103248	102764	101867	80115	102381	101519	101369	103364	103390	103333	103450	102612	101374	100307	101412	101982	102463	103202	103425	103378	102935	103250	103463	103468	103459	103440	103466	103469	103458	103475	103476	103475	103414	103474	103357	103465	103475	103464	103459	103475	103468	102222	103292	103458	103395	103412	103187	103272	102971	103440	103461	103455	103474	103420	103462	103467	103412	103414	101986	103374	103340	103320	103331	103358	103346	103332	103112	103315	103469	103477	103476	103476	103463	103475	103476	103474	103476	103476	101495	101717	101055	102089	102157	100954	101205	101533	100824	100966	101571	101492	100685	101089	102222	101110	102195	101419	102814	102974	101088	101343	102153	102396	102527	100795	101245	102633	102678	101481	100912	101518	101085	101420	101775	103454	103405	103438	102625	103473	103451	103421	103341	103363	102550	103422	103403	103406	103425	103457	103468	102153	103439	103463	102908	103345	103454	103458	102228	102120	102812	102553	102239	103122	102258	102842	102123	101187	103148	103475	103203	103300	103337	101799	102124	102988	101296	102700	101650	102652	101577	103115	103441	102296	103387	103441	102894	100942	102772	102805	102016	102784	101576	102263	98432	102918	102434	103208	102374	103475	103476	103476	103476	103476	103476	103472	103476	101922	103018	101874	102176	102479	101786	102447	103262	102631
CY_BAL_LP_226_Du-602	101081	102010	100990	101098	101795	101514	101006	102031	101707	101585	101371	101983	101922	102010	102004	102003	102002	102053	102056	101984	102028	102054	102053	101962	102030	102004	101967	102058	101989	102055	101850	101984	102046	102057	101967	102059	101782	102023	101949	102030	102026	102034	102025	102035	102044	102022	102059	102058	101981	102057	102058	102058	102037	102036	102058	102039	101764	101701	102056	102059	101806	100781	101966	102054	101933	102054	101988	101945	102054	101493	101885	101629	101183	101716	102044	101200	100833	101373	101635	101520	100299	101735	102056	102038	101792	80102	101892	101451	101351	102017	102012	101980	102049	101997	101310	100246	101347	101817	101980	102018	102034	102024	102016	101875	102045	102050	102041	102043	102048	102051	102041	102057	102058	102057	102023	102056	101994	102047	102056	102046	102041	102057	102058	101891	102059	102058	102058	102058	101905	102059	102058	102049	102059	102059	102057	102031	102059	102058	102021	102027	101757	101996	101962	101944	101953	102011	101969	101954	101973	101937	102051	102059	102058	102058	102058	102058	102058	102058	102058	102059	101469	101663	101035	101906	101928	100931	101145	101504	100806	100947	101505	101414	100621	101011	101957	101046	101932	101352	102050	102022	101024	101279	101867	102027	102029	100730	101181	102017	102001	101375	100847	101441	101022	101355	101697	102043	102016	102046	101937	102058	102058	102033	102036	102029	101556	102031	102025	102029	102034	102052	102053	101878	102052	102050	101994	101967	102051	102054	101844	101877	101951	101945	101898	102021	101904	101897	101895	101084	102058	102058	102057	102057	102055	101700	101893	102031	101235	102024	101563	101975	101505	102017	102035	101946	102010	102036	101994	100880	102030	102031	101721	102054	101461	101929	98372	102052	101874	102054	101961	102057	102058	102058	102058	102058	102058	102054	102058	101774	102052	101723	101911	101972	101631	102004	102058	102019
CY_BAL_LP_227_Du-603	101058	101842	100969	101073	101690	101460	100991	101860	101632	101502	101376	101821	101755	101840	101834	101833	101834	101885	101888	101845	101883	101885	101885	101823	101861	101865	101828	101891	101843	101886	101684	101854	101884	101889	101799	101890	101760	101879	101839	101886	101882	101890	101883	101889	101887	101880	101892	101889	101842	101889	101890	101891	101869	101868	101890	101870	101681	101644	101887	101806	101892	100780	101814	101874	101839	101885	101840	101832	101885	101468	101719	101553	101147	101643	101876	101184	100818	101348	101596	101473	100281	101687	101887	101881	101670	80095	101773	101414	101308	101876	101850	101846	101880	101868	101291	100230	101328	101739	101864	101877	101889	101882	101878	101735	101876	101882	101872	101877	101879	101884	101876	101888	101889	101889	101880	101887	101852	101882	101888	101877	101872	101889	101889	101826	101890	101890	101890	101890	101766	101890	101890	101890	101891	101890	101889	101885	101890	101889	101877	101885	101706	101856	101824	101806	101814	101872	101829	101815	101834	101797	101884	101890	101889	101889	101890	101890	101890	101889	101889	101890	101454	101608	101019	101777	101827	100925	101147	101461	100795	100939	101480	101369	100604	100992	101828	101031	101813	101321	101881	101879	101006	101261	101801	101870	101885	100712	101162	101877	101866	101346	100832	101386	101004	101337	101664	101874	101873	101878	101823	101889	101889	101890	101891	101883	101415	101887	101883	101886	101891	101885	101884	101753	101883	101881	101861	101828	101882	101884	101765	101833	101810	101844	101812	101878	101800	101757	101814	101045	101891	101889	101888	101888	101887	101648	101735	101862	101219	101863	101533	101853	101455	101867	101868	101847	101867	101868	101858	100862	101864	101888	101677	101888	101433	101847	98356	101883	101718	101887	101862	101889	101889	101890	101891	101889	101889	101886	101889	101705	101884	101617	101854	101890	101567	101881	101889	101864
CY_BAL_LP_228_Du-604	100578	100748	100473	100528	100735	100693	100522	100759	100711	100692	100574	100726	100660	100746	100740	100740	100739	100782	100783	100773	100779	100781	100781	100752	100768	100778	100755	100784	100764	100781	100577	100785	100784	100783	100699	100785	100750	100779	100753	100782	100777	100785	100785	100785	100782	100783	100785	100785	100759	100785	100785	100785	100774	100773	100785	100776	100781	100766	100782	100781	100780	100785	100729	100781	100772	100782	100780	100782	100783	100760	100623	100598	100608	100698	100772	100678	100437	100759	100743	100710	100011	100764	100783	100778	100718	79971	100702	100708	100674	100771	100750	100740	100777	100775	100728	99883	100745	100778	100782	100785	100785	100785	100782	100735	100772	100777	100768	100772	100775	100778	100776	100784	100785	100785	100778	100783	100755	100776	100783	100773	100778	100785	100785	100785	100785	100785	100785	100785	100759	100785	100785	100785	100785	100785	100785	100785	100785	100785	100779	100785	100734	100766	100756	100756	100756	100782	100753	100755	100756	100756	100778	100785	100785	100785	100785	100785	100785	100785	100785	100785	100729	100713	100552	100749	100732	100432	100672	100689	100402	100512	100777	100737	100234	100586	100777	100572	100777	100737	100776	100783	100588	100748	100781	100782	100780	100300	100671	100779	100768	100676	100410	100766	100547	100760	100778	100770	100770	100774	100741	100785	100785	100785	100785	100785	100312	100785	100785	100785	100785	100781	100781	100763	100780	100777	100760	100747	100779	100780	100711	100763	100719	100761	100749	100772	100735	100707	100766	100354	100784	100784	100784	100784	100783	100785	100779	100769	100708	100768	100702	100768	100738	100773	100775	100766	100773	100773	100773	100375	100774	100783	100621	100781	100750	100769	98086	100779	100623	100783	100771	100785	100785	100785	100785	100785	100785	100781	100785	100785	100779	100750	100785	100785	100719	100784	100785	100781
CY_BGL_LP_210_Du-577	101015	102554	100923	101029	101804	101447	100939	102501	101733	101602	101376	102330	102396	102552	102545	102546	102542	102573	102574	102470	102511	102558	102580	102448	102574	102491	102405	102593	102111	102602	102339	102072	102437	102602	102375	102601	101893	102507	102379	102514	102510	102519	102511	102518	102527	102507	102604	102602	102467	102602	102603	102603	102581	102582	102546	102584	101739	101669	102566	101966	101814	100729	102605	102595	102046	102576	102196	102084	102597	101428	102186	101620	101115	101701	102578	101136	100786	101316	101591	101491	100235	101785	102572	102477	101756	80060	102189	101427	101293	102501	102559	102472	102552	102350	101245	100214	101280	101789	102223	102502	102517	102510	102489	102358	102588	102595	102584	102544	102591	102595	102577	102601	102602	102602	102505	102600	102476	102593	102600	102589	102585	102602	102567	101988	102603	102603	102603	102604	102390	102604	102542	102535	102568	102547	102575	102512	102567	102559	102504	102512	101830	102481	102449	102428	102439	102497	102453	102440	102459	102423	102596	102603	102602	102602	102603	102602	102603	102601	102602	102602	101415	101637	100975	102012	102058	100924	101103	101454	100747	100891	101438	101357	100559	100945	102042	100985	102009	101285	102520	102498	100957	101212	101976	102174	102324	100713	101115	102358	102420	101327	100782	101387	100953	101289	101630	102545	102499	102531	102341	102566	102547	102519	102520	102513	102008	102516	102511	102513	102519	102597	102596	102014	102595	102554	102478	102453	102592	102562	102097	101989	102357	102282	102070	102503	102067	102330	101939	101062	102567	102577	102601	102601	102600	101647	101915	102542	101167	102409	101563	102374	101445	102499	102580	102140	102493	102580	102483	100813	102516	102541	101830	102554	101411	102117	98305	102537	102177	102600	102189	102602	102602	102603	102603	102603	102602	102599	102602	101791	102598	101786	102023	102304	101660	102261	102602	102441
CY_BGL_LP_212_Du-579	101082	103393	100994	101103	101874	101518	101009	102990	101767	101637	101394	102478	102655	103324	103271	103562	103319	103764	103760	103647	103702	103751	103774	103626	103815	103668	102821	103031	102193	103119	103016	102193	102594	103519	102488	103182	102009	103697	102682	103699	103702	103707	103691	103710	103533	103609	103845	103835	103649	103799	103845	103795	103821	103821	103735	103825	101855	101742	103412	102054	101874	100781	102595	103845	102137	103649	102323	102192	103562	101509	102342	101694	101190	101785	103175	101216	100836	101380	101675	101526	100304	101868	103266	102715	101854	80107	102368	101503	101355	103682	103744	103653	103735	102560	101316	100252	101352	101919	102404	103262	103709	103499	102911	103538	103831	103831	103827	103726	103819	103838	103805	103843	103844	103843	103698	103842	103668	103834	103843	103831	103823	103843	103758	102243	103441	103649	103550	103584	103280	103409	103112	103725	103750	103738	103765	103704	103748	103751	103696	103699	101926	103659	103607	103554	103616	103547	103632	103619	103092	103601	103838	103844	103844	103844	103833	103844	103845	103842	103844	103826	101480	101703	101041	102087	102141	100938	101187	101519	100811	100952	101513	101432	100628	101028	102163	101051	102137	101360	102801	102951	101030	101285	102092	102350	102468	100736	101188	102590	102620	101420	100854	101459	101026	101361	101713	103738	103689	103723	102567	103757	103735	103706	103496	103519	102497	103707	103691	103693	103710	103785	103817	102094	103623	103722	102956	103632	103804	103724	102171	102061	102812	102498	102201	103143	102201	102787	102065	101135	103110	103768	103293	103401	103499	101737	102062	103092	101240	102641	101591	102591	101519	103102	103795	102238	103673	103761	102842	100887	102796	102788	101958	102761	101517	102206	98378	102882	102372	103261	102342	103843	103844	103844	103845	103844	103844	103839	103844	101904	103063	101897	102138	102501	101741	102469	103348	102658
CY_BOU_LP_288_Du-737	101106	102139	101015	101125	101855	101536	101033	102136	101704	101600	101393	102098	102031	102136	102130	102130	102129	102190	102192	102160	102187	102189	102190	102140	102165	102182	102113	102193	102109	102189	101986	102083	102184	102192	102073	102194	101916	102188	102128	102191	102186	102194	102194	102194	102191	102192	102194	102194	102155	102194	102194	102194	102172	102172	102194	102175	101815	101756	102193	101933	101839	100772	102046	102137	102194	102193	102080	102080	102193	101497	102016	101713	101211	101786	102156	101209	100842	101360	101646	101544	100359	101865	102194	102193	101800	80109	102026	101479	101352	102148	102131	102100	102192	102147	101356	100294	101380	101871	102115	102188	102194	102194	102191	102052	102181	102186	102177	102181	102184	102187	102181	102193	102194	102194	102185	102192	102131	102185	102193	102183	102177	102194	102194	101947	102194	102194	102194	102194	102079	102194	102176	102194	102192	102194	102193	102188	102194	102194	102182	102194	101906	102169	102136	102115	102127	102185	102141	102129	102147	102110	102187	102194	102194	102194	102194	102193	102194	102192	102194	102193	101467	101637	101022	101888	101995	100935	101171	101498	100797	100940	101532	101421	100662	101044	102013	101096	102028	101379	102186	102190	101058	101311	102022	102140	102177	100762	101221	102158	102175	101436	100889	101486	101061	101388	101729	102179	102178	102182	102134	102194	102194	102194	102194	102188	101704	102191	102194	102192	102194	102189	102189	101956	102188	102185	102168	102142	102185	102189	102038	102045	102119	102156	102110	102181	102071	102075	102008	101169	102192	102192	102193	102193	102192	101743	101938	102169	101287	102158	101618	102120	101553	102171	102172	102128	102171	102172	102169	100916	102171	102175	101898	102190	101525	102061	98425	102187	102020	102191	102119	102194	102194	102193	102194	102194	102194	102194	102194	101810	102187	101776	102036	102087	101670	102128	102193	102129
CY_BOU_LP_290_Du-739	101130	103390	101044	101154	101925	101569	101055	103005	101788	101655	101414	102519	102704	103302	103306	103658	103335	103858	103858	103750	103798	103845	103862	103730	103840	103772	102866	103062	102250	103101	103050	102241	102603	103492	102545	103212	102066	103749	102739	103793	103795	103803	103793	103804	103655	103730	103868	103867	103749	103866	103867	103867	103845	103845	103830	103848	101906	101791	103459	102054	101885	100782	102576	103649	102193	103868	102384	102253	103579	101528	102400	101753	101250	101843	103187	101240	100868	101403	101689	101588	100360	101926	103311	102774	101865	80115	102379	101506	101368	103755	103793	103712	103824	102617	101373	100307	101411	101968	102461	103377	103803	103584	102983	103627	103854	103859	103850	103827	103857	103860	103847	103866	103867	103866	103792	103865	103735	103856	103866	103855	103850	103866	103846	102227	103426	103634	103565	103575	103333	103373	103072	103818	103851	103833	103859	103798	103852	103845	103790	103795	101983	103740	103704	103630	103721	103635	103736	103711	103149	103705	103860	103868	103867	103867	103866	103866	103867	103865	103867	103867	101494	101716	101054	102099	102143	100953	101204	101532	100823	100965	101570	101491	100684	101076	102220	101110	102195	101418	102846	103007	101087	101342	102139	102405	102514	100793	101244	102646	102676	101468	100912	101517	101084	101420	101763	103832	103786	103817	102623	103851	103832	103802	103568	103521	102548	103800	103793	103796	103803	103861	103863	102151	103698	103841	102970	103735	103857	103753	102226	102118	102880	102555	102255	103189	102256	102840	102121	101187	103164	103863	103273	103375	103478	101786	102112	103055	101295	102698	101648	102638	101576	103158	103834	102294	103777	103844	102899	100941	102776	102817	102014	102795	101575	102261	98432	102937	102420	103282	102386	103866	103867	103867	103867	103867	103867	103863	103867	101922	103053	101874	102175	102478	101785	102446	103321	102631
CY_BOU_LP_291_Du-740	101128	102329	101042	101151	101909	101566	101054	102315	101774	101635	101413	102228	102234	102328	102321	102321	102320	102379	102382	102299	102344	102380	102379	102278	102356	102320	102282	102384	102157	102381	102175	102153	102335	102383	102204	102385	101902	102339	102272	102346	102342	102350	102341	102351	102360	102338	102385	102384	102297	102383	102384	102384	102363	102362	102377	102365	101905	101788	102384	101988	101840	100780	102196	102323	102080	102384	102385	102130	102383	101525	102160	101745	101247	101840	102345	101237	100866	101400	101686	101585	100360	101869	102385	102374	101840	80113	102105	101503	101367	102302	102311	102258	102376	102323	101372	100305	101411	101965	102252	102333	102350	102340	102316	102189	102371	102376	102367	102369	102374	102377	102367	102383	102384	102383	102339	102382	102282	102373	102383	102373	102367	102383	102379	102055	102385	102384	102384	102384	102221	102385	102373	102365	102384	102380	102383	102346	102385	102384	102337	102343	101937	102312	102278	102259	102269	102327	102285	102270	102289	102253	102377	102385	102384	102384	102384	102384	102384	102383	102384	102385	101492	101699	101052	101999	102065	100950	101202	101528	100821	100963	101567	101487	100683	101073	102143	101110	102093	101417	102360	102337	101085	101340	102112	102218	102292	100791	101242	102301	102263	101465	100909	101515	101083	101417	101758	102369	102332	102363	102248	102384	102380	102349	102352	102345	101856	102347	102341	102345	102350	102378	102379	102057	102378	102376	102316	102283	102376	102379	102099	102049	102258	102219	102097	102337	102097	102187	102056	101185	102384	102384	102383	102383	102381	101784	101966	102357	101294	102340	101646	102316	101574	102333	102361	102156	102326	102362	102313	100940	102346	102364	101967	102378	101570	102167	98430	102376	102155	102380	102189	102383	102384	102384	102384	102384	102384	102380	102384	101889	102377	101825	102092	102259	101753	102218	102383	102354
CY_BOU_LP_292_Du-741	101130	102198	101045	101155	101886	101569	101056	102189	101735	101554	101401	102136	102081	102196	102190	102190	102188	102247	102250	102158	102205	102248	102248	102138	102225	102180	102124	102252	102116	102249	102035	102117	102244	102252	102062	102254	101879	102200	102140	102207	102203	102211	102201	102212	102220	102198	102254	102253	102157	102252	102253	102253	102231	102231	102238	102234	101880	101772	102253	101945	101832	100782	102084	102192	102080	102253	102130	102254	102252	101529	102058	101689	101251	101838	102214	101241	100869	101404	101690	101588	100360	101855	102254	102238	101792	80115	102002	101507	101369	102162	102179	102119	102245	102158	101374	100307	101391	101939	102092	102193	102211	102200	102193	102048	102240	102245	102236	102235	102243	102246	102235	102252	102253	102252	102200	102251	102143	102242	102252	102241	102236	102252	102246	101980	102254	102253	102253	102253	102081	102254	102245	102226	102252	102241	102251	102206	102253	102253	102198	102203	101893	102172	102138	102118	102129	102187	102144	102130	102149	102113	102246	102254	102253	102253	102252	102252	102253	102251	102253	102253	101495	101678	101055	101949	102020	100953	101205	101533	100824	100966	101571	101492	100685	101077	102118	101110	102131	101419	102246	102197	101088	101343	102019	102160	102182	100794	101245	102179	102166	101469	100912	101518	101085	101420	101763	102238	102193	102224	102106	102253	102240	102210	102213	102205	101722	102208	102201	102204	102211	102246	102248	101947	102247	102244	102176	102143	102243	102247	101992	102005	102126	102122	102045	102198	102025	102023	101992	101173	102252	102252	102252	102252	102250	101787	101964	102226	101296	102196	101627	102154	101577	102194	102230	102071	102185	102230	102174	100942	102224	102243	101865	102249	101574	102013	98432	102247	102052	102249	102122	102252	102253	102253	102253	102253	102253	102249	102253	101901	102246	101834	102102	102124	101763	102197	102252	102195
CY_BOU_LP_354_Du-742	101130	103384	101044	101154	101925	101569	101055	103011	101788	101656	101415	102520	102704	103313	103268	103553	103339	103586	103585	103477	103526	103574	103595	103457	103624	103499	102875	103087	102250	103155	103036	102243	102644	103500	102545	103232	102066	103495	102739	103527	103524	103532	103521	103533	103445	103517	103652	103652	103476	103622	103652	103617	103629	103629	103558	103633	101906	101792	103393	102054	101885	100783	102597	103562	102193	103579	102383	102252	103652	101529	102401	101753	101249	101844	103201	101240	100868	101403	101690	101587	100360	101926	103306	102774	101865	80116	102379	101507	101368	103483	103548	103440	103567	102617	101372	100308	101410	101968	102461	103319	103532	103436	102960	103367	103639	103644	103635	103554	103642	103645	103625	103651	103652	103651	103521	103650	103464	103641	103651	103640	103635	103651	103581	102278	103423	103580	103498	103561	103219	103371	103097	103547	103580	103561	103588	103527	103579	103574	103519	103523	101983	103478	103446	103410	103448	103406	103463	103450	103140	103432	103645	103652	103652	103652	103649	103651	103652	103650	103652	103649	101494	101716	101054	102099	102145	100953	101204	101532	100823	100965	101571	101490	100683	101077	102220	101109	102196	101417	102850	103007	101087	101342	102140	102406	102516	100793	101244	102646	102676	101469	100912	101517	101084	101420	101763	103561	103514	103546	102623	103580	103560	103530	103424	103468	102519	103529	103521	103524	103532	103616	103642	102151	103541	103570	102979	103462	103634	103559	102226	102118	102868	102555	102255	103185	102256	102839	102121	101188	103139	103591	103311	103398	103508	101787	102113	103109	101295	102698	101648	102639	101576	103160	103627	102294	103504	103592	102898	100942	102833	102845	102014	102817	101575	102261	98433	102938	102421	103318	102397	103651	103652	103651	103652	103652	103652	103647	103652	101954	103077	101931	102186	102535	101791	102503	103329	102687
CY_CAS_LP_328_Du-610	101077	101486	100976	101084	101473	101367	101004	101497	101423	101268	101209	101473	101397	101496	101478	101477	101476	101536	101537	101481	101535	101538	101539	101460	101515	101503	101459	101531	101511	101532	101323	101542	101542	101543	101438	101543	101443	101530	101473	101534	101534	101536	101520	101542	101537	101516	101545	101543	101479	101542	101544	101544	101521	101521	101544	101525	101506	101480	101541	101493	101468	100760	101428	101509	101497	101528	101525	101529	101529	101546	101357	101323	101148	101427	101529	101224	100844	101360	101476	101400	100310	101440	101542	101527	101398	80099	101383	101310	101276	101511	101486	101485	101527	101507	101292	100261	101295	101530	101496	101511	101541	101527	101511	101370	101530	101537	101526	101518	101533	101537	101529	101542	101543	101542	101530	101541	101504	101534	101542	101531	101527	101542	101543	101522	101544	101544	101543	101545	101399	101545	101543	101544	101531	101544	101542	101536	101531	101543	101528	101531	101428	101490	101457	101437	101447	101505	101462	101448	101467	101432	101537	101544	101543	101543	101530	101543	101544	101542	101543	101543	101385	101388	101034	101470	101468	100892	101119	101382	100805	100948	101433	101388	100635	101038	101525	101022	101522	101312	101535	101517	101037	101292	101520	101528	101537	100744	101193	101511	101503	101272	100861	101357	101033	101355	101525	101528	101521	101533	101458	101544	101539	101538	101544	101524	101055	101540	101520	101522	101543	101525	101535	101481	101526	101534	101494	101461	101521	101526	101403	101489	101450	101477	101461	101530	101447	101390	101486	100915	101543	101542	101542	101542	101540	101538	101519	101519	101212	101507	101365	101520	101378	101509	101508	101494	101503	101508	101493	100865	101512	101530	101323	101528	101378	101495	98384	101527	101372	101529	101505	101542	101543	101544	101544	101544	101543	101543	101543	101541	101536	101507	101546	101541	101434	101536	101542	101543
CY_CAS_LP_329_Du-611	100969	102349	100875	100983	101756	101400	100887	102323	101620	101489	101256	102213	102216	102345	102339	102340	102338	102393	102394	102297	102334	102382	102398	102277	102375	102319	102270	102402	102076	102398	102165	102070	102349	102401	102195	102403	101827	102335	102220	102337	102332	102341	102341	102341	102349	102338	102403	102403	102296	102402	102403	102403	102380	102380	102366	102384	101737	101621	102390	101885	101719	100623	102186	102342	102016	102400	102160	102058	102401	101357	102403	101741	101202	101762	102364	101070	100700	101232	101518	101417	100201	101729	102389	102334	101706	79955	102086	101335	101208	102294	102339	102248	102376	102250	101214	100149	101244	101796	102166	102332	102340	102340	102309	102187	102390	102395	102386	102366	102393	102396	102384	102402	102403	102402	102329	102401	102272	102392	102402	102391	102386	102402	102384	101963	102403	102403	102402	102403	102220	102403	102395	102355	102387	102369	102394	102335	102389	102382	102327	102340	101824	102311	102277	102257	102268	102326	102283	102270	102284	102252	102396	102403	102403	102403	102402	102402	102403	102401	102403	102402	101326	101547	100885	101903	101967	100793	101036	101362	100654	100797	101400	101320	100517	100905	102045	100951	102002	101249	102382	102330	100918	101173	101961	102153	102292	100624	101084	102320	102267	101297	100752	101349	100921	101251	101592	102369	102324	102354	102212	102388	102370	102341	102341	102335	101850	102337	102341	102339	102340	102399	102399	101943	102398	102378	102279	102282	102393	102385	102015	101957	102243	102193	102060	102326	102056	102177	101950	101028	102375	102397	102402	102402	102400	101615	101898	102374	101135	102316	101480	102208	101406	102323	102381	102096	102317	102380	102286	100774	102381	102347	101842	102384	101407	102027	98273	102355	102124	102401	102140	102402	102403	102402	102403	102403	102403	102398	102403	101750	102395	101702	102004	102204	101613	102195	102402	102317
CY_CAS_LP_330_Du-607	100945	101700	100867	100977	101613	101373	100879	101691	101511	101408	101198	101675	101610	101698	101692	101692	101691	101749	101753	101705	101749	101750	101750	101683	101727	101725	101686	101757	101727	101753	101549	101733	101757	101756	101664	101758	101616	101745	101702	101753	101749	101756	101747	101757	101755	101745	101758	101757	101704	101756	101757	101757	101735	101735	101757	101738	101569	101556	101754	101629	101553	100598	101620	101694	101713	101753	101745	101689	101753	101323	101741	101758	101180	101611	101716	101063	100692	101199	101421	101364	100181	101602	101755	101748	101507	79937	101581	101294	101176	101707	101682	101662	101747	101732	101196	100131	101233	101600	101694	101740	101757	101746	101740	101593	101742	101747	101738	101740	101745	101748	101741	101756	101757	101756	101744	101754	101687	101747	101755	101745	101738	101756	101757	101646	101758	101757	101757	101757	101628	101758	101757	101756	101756	101758	101755	101751	101758	101757	101744	101750	101593	101719	101685	101665	101676	101734	101691	101677	101696	101660	101750	101758	101757	101757	101757	101756	101757	101755	101757	101757	101287	101453	100876	101607	101631	100776	100968	101274	100647	100790	101363	101258	100507	100899	101669	100932	101666	101214	101747	101741	100912	101166	101724	101733	101748	100618	101068	101738	101728	101242	100735	101340	100908	101227	101537	101740	101737	101743	101685	101757	101757	101755	101758	101751	101275	101754	101747	101750	101757	101749	101750	101720	101749	101746	101721	101688	101746	101750	101625	101692	101672	101703	101686	101743	101666	101614	101676	100989	101756	101756	101756	101756	101754	101511	101624	101728	101111	101727	101452	101728	101377	101733	101732	101716	101730	101734	101719	100766	101727	101753	101553	101752	101303	101720	98255	101749	101584	101751	101727	101756	101757	101757	101757	101757	101757	101753	101757	101566	101750	101580	101695	101740	101455	101745	101756	101753
CY_CAS_LP_331_Du-608	100884	101196	100827	100883	101180	101095	100820	101187	101098	100994	100893	101171	101105	101194	101188	101188	101186	101245	101248	101194	101241	101246	101246	101174	101223	101216	101177	101250	101229	101247	101042	101251	101251	101250	101157	101252	101135	101236	101191	101243	101239	101247	101237	101248	101248	101234	101252	101251	101193	101250	101251	101251	101229	101229	101251	101232	101241	101207	101251	101183	101147	100608	101115	101190	101211	101250	101247	101251	101249	101148	101202	101180	101252	101232	101212	101037	100727	101140	101159	101141	100217	101187	101251	101244	101084	79972	101070	101058	100998	101198	101177	101155	101243	101221	101077	100166	101115	101241	101214	101229	101247	101236	101229	101084	101238	101243	101234	101235	101241	101244	101237	101250	101251	101250	101236	101249	101179	101241	101250	101239	101234	101250	101251	101222	101252	101251	101251	101251	101117	101252	101251	101250	101250	101252	101249	101242	101251	101251	101234	101239	101157	101208	101174	101154	101165	101223	101180	101166	101185	101149	101244	101252	101251	101251	101250	101250	101251	101249	101251	101251	101091	101103	100899	101159	101143	100714	100978	101058	100682	100812	101202	101145	100542	100935	101244	100891	101242	101149	101244	101233	100884	101094	101241	101247	101241	100652	101012	101228	101220	101065	100756	101116	100902	101144	101201	101236	101229	101239	101175	101251	101250	101246	101249	101241	100764	101244	101237	101240	101247	101244	101246	101197	101245	101242	101212	101179	101241	101245	101114	101207	101163	101194	101177	101234	101167	101105	101204	100670	101250	101250	101250	101250	101248	101240	101246	101224	101023	101223	101077	101224	101127	101229	101228	101208	101221	101228	101210	100716	101222	101249	101033	101247	101164	101210	98290	101245	101080	101247	101223	101250	101251	101251	101251	101251	101251	101247	101251	101252	101244	101198	101251	101241	101148	101244	101250	101247
CY_CAS_LP_332_Du-609	101044	101792	100958	101066	101700	101483	100970	101781	101593	101435	101291	101765	101702	101788	101782	101783	101781	101840	101844	101771	101816	101841	101841	101751	101818	101793	101755	101845	101824	101841	101638	101840	101845	101844	101741	101846	101660	101811	101768	101819	101814	101823	101815	101823	101831	101812	101846	101846	101770	101845	101846	101846	101823	101823	101845	101827	101712	101671	101844	101716	101643	100698	101701	101785	101786	101843	101840	101838	101844	101427	101762	101611	101232	101847	101807	101153	100783	101315	101579	101499	100274	101697	101844	101837	101595	80030	101647	101405	101274	101777	101774	101730	101837	101798	101287	100224	101296	101755	101786	101806	101822	101814	101806	101661	101833	101838	101829	101832	101837	101839	101828	101846	101846	101845	101812	101844	101754	101835	101845	101834	101829	101845	101846	101751	101846	101846	101845	101846	101694	101846	101845	101837	101844	101846	101844	101817	101846	101846	101809	101816	101677	101785	101751	101731	101742	101800	101757	101744	101762	101726	101840	101846	101847	101846	101845	101845	101846	101844	101846	101845	101407	101558	100968	101721	101734	100868	101107	101423	100737	100880	101483	101378	100598	100988	101812	101024	101822	101330	101837	101812	101001	101256	101808	101842	101817	100707	101159	101805	101797	101372	100827	101429	100998	101326	101638	101831	101806	101835	101752	101846	101846	101823	101823	101817	101339	101819	101815	101818	101822	101842	101842	101740	101841	101837	101789	101756	101836	101840	101690	101765	101741	101771	101743	101808	101735	101682	101736	101059	101844	101844	101845	101845	101843	101690	101722	101819	101205	101819	101512	101811	101487	101805	101824	101785	101798	101823	101787	100857	101821	101844	101598	101841	101449	101781	98348	101841	101674	101844	101815	101845	101847	101845	101846	101847	101846	101841	101846	101746	101838	101637	101842	101820	101615	101837	101845	101841
CY_HICN_LP_236_Du-614	101105	103115	101019	101128	101899	101544	101032	102921	101776	101644	101405	102501	102656	103084	103094	103148	103114	103196	103192	103077	103134	103183	103204	103056	103187	103099	102759	103036	102217	103005	102876	102218	102590	103214	102511	103132	102032	103129	102672	103134	103133	103135	103119	103142	103105	103116	103216	103216	103079	103216	103216	103216	103194	103194	103169	103198	101880	101767	103131	102044	101876	100772	102578	103175	102156	103187	102345	102214	103201	101529	102364	101716	101212	101807	103217	101248	100863	101401	101701	101548	100322	101888	103139	102727	101853	80105	102366	101504	101354	103114	103164	103082	103165	102578	101336	100272	101374	101944	102426	103042	103141	103128	102845	102966	103203	103209	103199	103156	103206	103209	103194	103215	103216	103216	103130	103214	103108	103206	103214	103204	103200	103216	103190	102176	103168	103211	103164	103209	102959	103155	102954	103158	103178	103170	103199	103136	103177	103183	103128	103130	101949	103089	103056	103035	103047	103105	103061	103049	102942	103031	103209	103216	103216	103216	103203	103215	103216	103215	103216	103215	101478	101701	101039	102085	102142	100938	101188	101518	100809	100952	101536	101454	100648	101052	102186	101073	102159	101381	102826	102904	101052	101307	102118	102372	102492	100758	101209	102612	102641	101444	100875	101481	101048	101384	101738	103170	103121	103155	102589	103190	103167	103137	103142	103124	102385	103139	103119	103122	103142	103197	103208	102117	103194	103179	102878	103061	103193	103173	102192	102083	102800	102522	102220	103038	102221	102762	102087	101154	103030	103200	103139	103180	103213	101762	102088	102987	101260	102663	101612	102609	101541	103005	103181	102258	103102	103181	102821	100907	102761	102780	101980	102772	101541	102227	98397	102884	102397	103139	102361	103216	103216	103215	103216	103217	103216	103212	103216	101909	102989	101862	102163	102466	101767	102435	103144	102618
CY_HICN_LP_333_Du-612	101003	101195	100924	100977	101180	101126	100918	101205	101161	101061	100991	101181	101108	101202	101187	101186	101186	101247	101249	101194	101247	101248	101249	101173	101225	101215	101176	101244	101222	101243	101037	101252	101252	101253	101151	101253	101162	101242	101190	101248	101246	101249	101234	101253	101248	101231	101256	101253	101196	101252	101254	101255	101231	101231	101253	101234	101246	101219	101251	101200	101184	100678	101136	101216	101209	101240	101237	101241	101240	101224	101070	101063	101037	101153	101248	101256	100834	101213	101229	101171	100291	101177	101252	101235	101106	80075	101091	101135	101081	101235	101228	101222	101235	101220	101148	100242	101193	101246	101213	101228	101253	101240	101228	101083	101240	101246	101236	101231	101243	101248	101239	101252	101253	101252	101244	101251	101226	101245	101252	101240	101236	101252	101253	101254	101254	101254	101253	101254	101116	101254	101253	101253	101243	101254	101251	101247	101243	101253	101241	101246	101156	101207	101174	101155	101164	101222	101179	101165	101184	101148	101248	101254	101253	101253	101242	101253	101254	101251	101253	101253	101148	101123	100961	101174	101167	100856	101065	101130	100780	100900	101218	101207	100617	101018	101236	100994	101234	101192	101245	101230	100973	101181	101250	101240	101249	100729	101114	101228	101219	101101	100839	101202	100989	101225	101246	101238	101236	101242	101174	101253	101250	101251	101255	101236	100767	101251	101234	101236	101255	101238	101246	101230	101238	101244	101212	101178	101233	101237	101115	101206	101161	101194	101179	101242	101166	101107	101203	100795	101254	101252	101252	101252	101250	101253	101247	101226	101056	101216	101139	101226	101153	101221	101221	101207	101218	101220	101209	100832	101223	101242	101054	101241	101215	101210	98365	101239	101082	101241	101216	101252	101253	101254	101255	101253	101253	101249	101253	101254	101246	101218	101255	101254	101186	101246	101252	101249
CY_HICN_LP_334_Du-613	100730	100824	100745	100744	100811	100802	100689	100832	100813	100737	100694	100806	100761	100823	100817	100816	100816	100866	100870	100838	100865	100866	100866	100818	100843	100854	100821	100871	100856	100867	100664	100871	100871	100870	100803	100872	100808	100859	100843	100868	100863	100871	100863	100871	100869	100861	100872	100871	100832	100871	100871	100871	100850	100850	100872	100852	100865	100862	100869	100833	100818	100437	100786	100836	100842	100868	100866	100869	100868	100844	100700	100692	100727	100783	100863	100834	100872	100831	100815	100818	100258	100855	100870	100864	100743	80088	100739	100769	100728	100855	100830	100808	100863	100851	100848	100249	100864	100864	100855	100858	100871	100863	100861	100728	100858	100863	100854	100859	100861	100864	100857	100870	100871	100871	100863	100869	100837	100862	100869	100858	100854	100871	100871	100872	100872	100871	100872	100871	100761	100872	100872	100871	100870	100872	100870	100865	100872	100871	100859	100865	100810	100839	100818	100797	100809	100858	100823	100810	100828	100792	100864	100872	100871	100871	100872	100870	100871	100869	100871	100871	100779	100770	100761	100805	100787	100643	100765	100773	100667	100714	100863	100863	100583	100838	100864	100753	100862	100856	100863	100860	100766	100869	100868	100868	100865	100649	100825	100858	100854	100785	100718	100859	100790	100863	100864	100856	100855	100859	100814	100871	100871	100871	100872	100865	100399	100868	100863	100866	100871	100866	100866	100860	100865	100862	100850	100821	100862	100866	100761	100843	100793	100839	100825	100858	100808	100756	100838	100512	100870	100870	100870	100870	100869	100871	100866	100844	100793	100845	100808	100844	100831	100849	100850	100840	100848	100850	100839	100663	100845	100869	100686	100868	100848	100839	98365	100865	100700	100868	100844	100871	100871	100871	100871	100871	100871	100868	100871	100872	100866	100850	100872	100872	100821	100865	100870	100867
CY_HICN_LP_335_Du-615	101035	101359	100934	101009	101343	101250	100969	101364	101295	101176	101089	101334	101268	101356	101350	101350	101348	101400	101403	101346	101392	101401	101402	101325	101378	101368	101328	101407	101386	101403	101199	101407	101407	101407	101313	101408	101304	101389	101343	101395	101392	101400	101390	101400	101404	101386	101409	101407	101345	101406	101408	101408	101385	101385	101408	101389	101383	101352	101404	101373	101348	100759	101316	101380	101360	101403	101400	101404	101403	101360	101232	101199	101140	101315	101401	101213	100831	101410	101378	101321	100290	101321	101405	101398	101277	80095	101263	101232	101196	101390	101379	101374	101398	101373	101224	100240	101257	101391	101366	101381	101399	101388	101381	101235	101393	101400	101389	101390	101396	101400	101389	101406	101407	101406	101387	101404	101371	101398	101405	101395	101390	101406	101407	101383	101408	101408	101407	101409	101269	101409	101407	101408	101407	101408	101406	101394	101407	101407	101386	101392	101309	101360	101327	101307	101317	101375	101332	101318	101337	101302	101401	101408	101407	101407	101406	101407	101408	101406	101407	101407	101297	101289	101029	101354	101341	100877	101125	101281	100800	100940	101347	101331	100617	101010	101400	101012	101397	101283	101398	101386	101004	101245	101394	101403	101394	100729	101133	101381	101372	101191	100833	101293	100996	101309	101384	101391	101380	101396	101328	101408	101406	101399	101402	101394	100921	101398	101390	101392	101401	101400	101401	101359	101400	101397	101363	101330	101396	101400	101266	101358	101315	101346	101328	101388	101318	101256	101355	100824	101407	101406	101406	101406	101404	101406	101399	101379	101133	101378	101242	101379	101293	101381	101383	101359	101372	101384	101362	100831	101377	101405	101189	101404	101310	101363	98367	101400	101235	101404	101378	101406	101407	101408	101408	101408	101407	101403	101407	101408	101400	101363	101410	101402	101334	101400	101406	101403
CY_HICN_LP_336_Du-616	101046	101646	100968	101079	101590	101423	100982	101654	101480	101377	101272	101633	101556	101656	101639	101638	101636	101697	101698	101640	101698	101699	101699	101619	101676	101662	101622	101691	101671	101693	101483	101695	101703	101703	101586	101704	101523	101691	101636	101697	101696	101697	101681	101704	101698	101679	101705	101704	101642	101703	101704	101704	101682	101682	101705	101686	101643	101575	101702	101635	101596	100743	101591	101675	101646	101689	101686	101690	101690	101476	101518	101421	101159	101579	101701	101229	100815	101378	101707	101464	100271	101560	101703	101684	101548	80077	101558	101412	101283	101687	101679	101697	101684	101666	101266	100221	101284	101676	101659	101674	101704	101689	101674	101529	101691	101697	101687	101679	101694	101697	101691	101703	101704	101703	101693	101702	101677	101694	101702	101692	101688	101703	101704	101651	101705	101704	101704	101705	101562	101706	101704	101704	101691	101705	101703	101698	101692	101704	101691	101693	101546	101653	101619	101599	101610	101668	101625	101611	101630	101595	101697	101705	101704	101704	101691	101703	101704	101703	101704	101704	101447	101508	101010	101618	101634	100908	101148	101469	100782	100924	101450	101348	100598	101003	101683	101023	101683	101324	101696	101679	101003	101258	101684	101689	101698	100709	101159	101674	101665	101377	100826	101379	100999	101330	101600	101689	101684	101693	101621	101705	101700	101699	101705	101686	101215	101702	101681	101684	101705	101685	101696	101596	101687	101695	101657	101624	101682	101686	101557	101625	101608	101640	101603	101692	101603	101550	101633	100982	101703	101703	101703	101703	101701	101642	101673	101677	101196	101664	101445	101677	101433	101670	101669	101653	101666	101669	101656	100856	101672	101690	101459	101688	101437	101649	98348	101688	101533	101689	101659	101703	101704	101704	101704	101705	101704	101700	101704	101696	101697	101557	101689	101675	101538	101697	101703	101700
CY_HICS_LP_293_Du-757	101054	101533	100973	101049	101497	101379	100985	101523	101482	101332	101261	101522	101501	101530	101524	101525	101523	101581	101585	101527	101573	101582	101582	101506	101560	101548	101510	101587	101579	101583	101379	101587	101587	101586	101545	101588	101469	101567	101552	101574	101570	101578	101569	101579	101585	101566	101588	101587	101525	101586	101587	101587	101565	101566	101587	101568	101550	101544	101588	101520	101473	100710	101491	101526	101544	101588	101585	101588	101587	101400	101417	101364	101141	101499	101548	101171	100818	101321	101464	101588	100299	101496	101588	101581	101396	80064	101402	101303	101211	101531	101514	101487	101579	101553	101286	100289	101302	101548	101546	101561	101578	101568	101561	101416	101574	101579	101570	101572	101577	101580	101570	101586	101587	101586	101567	101585	101510	101577	101586	101575	101570	101586	101587	101554	101588	101587	101587	101587	101449	101588	101587	101586	101586	101588	101585	101573	101588	101587	101565	101571	101474	101540	101506	101486	101497	101555	101512	101498	101517	101481	101580	101588	101587	101587	101587	101586	101587	101585	101587	101587	101357	101412	100985	101496	101479	100941	101091	101375	100753	100895	101446	101365	100621	101008	101580	101053	101579	101347	101580	101566	101018	101272	101572	101583	101573	100787	101161	101560	101564	101277	100842	101382	101014	101310	101547	101572	101561	101576	101513	101587	101587	101577	101580	101573	101094	101575	101569	101572	101578	101582	101583	101538	101582	101578	101559	101513	101578	101582	101454	101540	101509	101528	101520	101565	101494	101456	101517	100942	101586	101586	101586	101586	101584	101559	101568	101561	101197	101559	101432	101560	101410	101562	101565	101542	101553	101565	101542	100871	101560	101586	101361	101583	101372	101542	98362	101582	101416	101584	101560	101586	101587	101587	101587	101587	101587	101583	101587	101574	101585	101518	101588	101573	101531	101580	101586	101583
CY_HICS_LP_295_Du-759	100245	100310	100259	100274	100298	100294	100270	100302	100263	100219	100199	100287	100232	100307	100300	100301	100299	100357	100358	100351	100354	100356	100356	100356	100336	100356	100356	100359	100344	100356	100152	100360	100359	100358	100288	100360	100355	100360	100333	100360	100360	100360	100360	100360	100360	100360	100360	100360	100360	100360	100360	100360	100343	100343	100360	100345	100359	100348	100359	100299	100281	100011	100235	100304	100359	100360	100360	100360	100360	100310	100201	100181	100217	100274	100322	100291	100258	100290	100271	100299	100360	100359	100360	100359	100233	80068	100249	100252	100241	100315	100297	100267	100358	100353	100350	100080	100356	100356	100360	100360	100360	100360	100360	100330	100347	100352	100343	100347	100350	100353	100355	100359	100360	100360	100353	100358	100312	100359	100359	100357	100347	100360	100360	100360	100360	100360	100360	100360	100353	100360	100360	100360	100360	100360	100360	100360	100360	100360	100360	100360	100340	100360	100360	100360	100360	100360	100360	100360	100360	100360	100360	100360	100360	100360	100360	100360	100360	100360	100360	100360	100272	100238	100233	100275	100257	100164	100253	100241	100226	100233	100352	100352	100249	100349	100352	100323	100352	100348	100352	100357	100319	100356	100355	100356	100354	100263	100350	100356	100344	100339	100343	100352	100353	100357	100353	100353	100353	100354	100347	100360	100360	100360	100360	100360	99882	100360	100360	100360	100360	100356	100356	100350	100355	100355	100339	100355	100354	100355	100319	100341	100329	100340	100334	100347	100341	100314	100344	100124	100359	100359	100359	100359	100358	100360	100354	100339	100339	100340	100289	100340	100339	100342	100343	100337	100342	100342	100342	100253	100343	100358	100190	100356	100339	100337	98320	100354	100192	100358	100339	100360	100360	100360	100360	100360	100360	100359	100360	100360	100354	100338	100360	100360	100302	100357	100359	100358
CY_HICS_LP_297_Du-761	101094	101872	101022	101132	101759	101544	101047	101869	101613	101494	101330	101830	101782	101870	101863	101864	101862	101922	101925	101893	101921	101922	101921	101872	101899	101912	101854	101926	101884	101923	101719	101846	101911	101925	101835	101927	101763	101914	101883	101923	101918	101926	101917	101926	101924	101915	101927	101926	101886	101926	101926	101926	101906	101905	101927	101907	101756	101717	101925	101735	101687	100764	101785	101868	101865	101926	101869	101855	101926	101440	101729	101602	101187	101697	101888	101177	100855	101321	101560	101496	100359	101927	101927	101926	101640	80111	101769	101449	101293	101881	101855	101834	101922	101882	101355	100301	101373	101764	101828	101913	101926	101917	101915	101786	101913	101918	101909	101913	101916	101919	101913	101925	101926	101926	101918	101924	101862	101917	101925	101915	101909	101926	101926	101755	101927	101926	101927	101926	101811	101927	101927	101926	101927	101927	101926	101922	101927	101926	101914	101920	101784	101894	101868	101849	101859	101912	101874	101860	101880	101843	101919	101927	101926	101926	101927	101926	101926	101926	101926	101927	101420	101597	101001	101717	101772	100934	101155	101437	100797	100948	101490	101363	100672	101050	101809	101098	101795	101378	101918	101914	101068	101306	101889	101855	101885	100769	101218	101878	101900	101421	100888	101473	101064	101336	101663	101911	101911	101915	101865	101926	101926	101925	101927	101920	101448	101923	101917	101921	101926	101922	101922	101837	101921	101918	101899	101873	101919	101922	101769	101870	101850	101862	101849	101913	101815	101806	101811	101177	101926	101926	101925	101925	101924	101680	101724	101903	101291	101863	101537	101903	101558	101905	101906	101858	101903	101905	101893	100920	101899	101925	101660	101923	101443	101865	98425	101921	101755	101924	101860	101926	101926	101927	101926	101926	101926	101927	101926	101719	101920	101671	101859	101840	101605	101917	101925	101926
CY_HICS_LP_355_Du-762	101131	103191	101046	101156	101927	101570	101057	102936	101786	101656	101416	102520	102706	103147	103174	103254	103161	103314	103312	103208	103266	103309	103323	103187	103302	103229	102831	103034	102250	103069	102963	102242	102610	103268	102535	103184	102068	103260	102702	103265	103264	103266	103250	103273	103250	103247	103331	103330	103210	103329	103330	103330	103308	103308	103299	103311	101918	101805	103248	102056	101887	100783	102572	103266	102194	103311	102385	102254	103306	101542	102389	101755	101251	101844	103139	101252	100870	101405	101703	101588	100360	101927	103331	102776	101867	80116	102381	101520	101370	103211	103244	103180	103294	102619	101374	100308	101412	101981	102463	103118	103272	103258	102928	103097	103317	103322	103313	103287	103320	103323	103309	103329	103330	103329	103261	103328	103204	103319	103329	103318	103313	103329	103311	102224	103257	103330	103299	103302	103051	103230	102993	103287	103302	103302	103316	103267	103302	103314	103259	103261	101985	103221	103187	103161	103178	103224	103193	103179	103027	103162	103323	103331	103330	103330	103317	103329	103330	103328	103330	103330	101496	101711	101056	102090	102149	100954	101206	101534	100825	100967	101572	101492	100685	101090	102218	101110	102196	101419	102851	102957	101089	101344	102153	102395	102527	100795	101246	102648	102678	101482	100913	101519	101086	101421	101776	103299	103252	103285	102625	103314	103298	103268	103228	103252	102464	103269	103250	103253	103272	103311	103322	102153	103311	103305	102938	103192	103308	103296	102228	102120	102840	102557	102256	103079	102258	102804	102123	101188	103061	103320	103194	103232	103318	101800	102125	103030	101297	102700	101650	102646	101578	103072	103295	102296	103234	103295	102895	100943	102780	102806	102016	102791	101577	102263	98433	102929	102434	103240	102381	103329	103330	103330	103330	103330	103330	103326	103330	101930	102995	101882	102183	102486	101792	102454	103192	102638
CY_HICS_LP_356_Du-763	101130	102720	101044	101153	101924	101568	101056	102687	101776	101651	101410	102424	102565	102703	102712	102712	102710	102771	102772	102688	102730	102770	102771	102668	102747	102710	102561	102765	102242	102755	102560	102212	102561	102774	102481	102776	102015	102725	102555	102732	102728	102736	102726	102737	102745	102723	102776	102775	102683	102775	102775	102775	102754	102754	102764	102756	101900	101786	102764	102038	101881	100778	102477	102715	102193	102774	102374	102238	102774	101527	102334	101748	101244	101837	102727	101235	100864	101398	101684	101581	100359	101926	102776	102776	101861	80111	102370	101502	101364	102687	102701	102644	102772	102522	101367	100306	101405	101962	102422	102718	102736	102726	102683	102579	102762	102767	102758	102760	102765	102768	102758	102774	102775	102775	102725	102773	102669	102765	102774	102763	102758	102775	102767	102129	102776	102775	102776	102775	102600	102776	102723	102752	102774	102766	102774	102731	102775	102775	102723	102728	101979	102697	102664	102643	102655	102713	102669	102656	102661	102638	102768	102776	102775	102775	102775	102774	102775	102773	102775	102775	101489	101701	101049	102064	102128	100948	101199	101527	100818	100960	101565	101485	100680	101072	102208	101105	102187	101413	102686	102711	101082	101337	102134	102350	102474	100788	101240	102557	102583	101464	100906	101512	101079	101414	101758	102760	102718	102749	102543	102775	102765	102735	102738	102730	102169	102733	102726	102729	102736	102768	102770	102144	102769	102766	102687	102670	102766	102769	102219	102113	102596	102484	102244	102724	102256	102523	102117	101187	102734	102774	102767	102774	102773	101781	102104	102696	101296	102562	101643	102538	101577	102719	102753	102282	102710	102753	102686	100937	102657	102682	102011	102710	101571	102248	98428	102694	102415	102771	102356	102775	102775	102775	102775	102775	102775	102776	102775	101892	102726	101845	102145	102423	101756	102417	102774	102569
CY_HUN_LP_264_Du-683	100997	101821	100896	101006	101675	101417	100917	101838	101580	101512	101291	101778	101735	101822	101815	101814	101813	101865	101868	101842	101863	101865	101864	101820	101841	101858	101826	101869	101834	101866	101662	101837	101869	101868	101744	101870	101639	101863	101829	101866	101861	101869	101869	101869	101867	101867	101870	101869	101838	101869	101869	101869	101849	101848	101870	101850	101711	101594	101867	101792	101670	100718	101756	101854	101800	101865	101840	101792	101865	101398	101706	101507	101084	101595	101853	101106	100743	101277	101548	101396	100233	101640	101867	101861	101870	80117	101830	101441	101351	101850	101831	101820	101860	101859	101230	100171	101254	101753	101856	101870	101869	101869	101867	101736	101856	101861	101852	101857	101859	101862	101859	101868	101869	101869	101862	101867	101834	101860	101867	101857	101852	101869	101869	101772	101870	101869	101870	101869	101763	101870	101870	101869	101870	101870	101869	101868	101870	101869	101863	101869	101713	101851	101820	101801	101811	101865	101826	101812	101832	101795	101862	101870	101869	101869	101870	101869	101869	101869	101869	101870	101427	101583	100982	101745	101790	100900	101139	101470	100757	100910	101403	101295	100537	100918	101805	100969	101785	101250	101861	101866	100935	101187	101774	101854	101852	100638	101096	101864	101833	101300	100764	101353	100938	101268	101584	101854	101853	101857	101819	101869	101869	101869	101870	101869	101396	101869	101869	101869	101869	101864	101864	101722	101863	101861	101844	101824	101862	101865	101715	101739	101802	101829	101794	101856	101796	101760	101823	101002	101869	101869	101868	101868	101867	101618	101775	101842	101167	101843	101461	101837	101409	101847	101848	101812	101848	101848	101848	100790	101846	101867	101621	101866	101419	101799	98306	101864	101698	101866	101807	101869	101869	101870	101869	101869	101869	101866	101869	101672	101864	101609	101778	101828	101554	101865	101869	101866
CY_HUN_LP_265_Du-684	80054	80090	80065	80067	80078	80077	80060	80089	80063	80052	80008	80076	80027	80089	80083	80085	80084	80114	80115	80106	80113	80113	80113	80110	80114	80110	80114	80116	80097	80113	79945	80117	80116	80115	80052	80117	80112	80117	80087	80117	80117	80117	80117	80117	80117	80117	80117	80117	80117	80117	80117	80117	80117	80116	80117	80117	80114	80107	80115	80102	80095	79971	80060	80107	80109	80115	80113	80115	80116	80099	79955	79937	79972	80030	80105	80075	80088	80095	80077	80064	80068	80111	80116	80111	80117	80117	80117	80117	80117	80104	80085	80074	80112	80107	80105	80026	80111	80111	80117	80117	80117	80117	80117	80101	80110	80112	80107	80110	80112	80115	80116	80116	80117	80117	80115	80115	80103	80117	80116	80115	80116	80117	80117	80117	80117	80117	80117	80117	80117	80117	80117	80117	80117	80117	80117	80117	80117	80117	80117	80117	80100	80117	80117	80117	80117	80117	80117	80117	80117	80117	80117	80117	80117	80117	80117	80117	80117	80117	80117	80117	80115	80087	80084	80107	80103	80041	80115	80087	80113	80113	80116	80113	80105	80114	80115	80096	80116	80111	80115	80115	80091	80116	80115	80116	80115	80047	80111	80116	80106	80094	80116	80111	80115	80116	80112	80114	80116	80114	80105	80117	80117	80117	80117	80117	79741	80117	80117	80117	80117	80116	80116	80105	80116	80116	80099	80113	80114	80114	80080	80105	80087	80102	80099	80110	80101	80083	80109	79904	80116	80116	80116	80116	80115	80117	80115	80112	80111	80111	80072	80112	80112	80116	80116	80109	80116	80116	80116	80112	80115	80116	79994	80116	80114	80114	78872	80116	79994	80116	80115	80117	80117	80117	80117	80117	80117	80113	80117	80117	80111	80096	80117	80117	80063	80116	80117	80113
CY_HUN_LP_266_Du-685	100978	102335	100882	100992	101741	101403	100913	102351	101604	101537	101339	102183	102239	102333	102329	102328	102327	102379	102382	102369	102377	102379	102378	102371	102355	102377	102313	102385	102035	102378	102178	102007	102283	102384	102173	102386	101916	102379	102269	102382	102377	102385	102385	102385	102383	102383	102386	102385	102386	102385	102385	102385	102365	102364	102386	102366	101735	101617	102381	101892	101773	100702	102189	102368	102026	102379	102105	102002	102379	101383	102086	101581	101070	101647	102366	101091	100739	101263	101558	101402	100249	101769	102381	102370	101830	80117	102386	101444	101355	102364	102345	102334	102374	102239	101219	100177	101240	101795	102190	102385	102385	102385	102383	102284	102370	102375	102366	102371	102373	102376	102373	102384	102385	102385	102376	102382	102347	102376	102382	102375	102366	102385	102385	101910	102386	102385	102386	102385	102316	102386	102377	102385	102386	102386	102385	102384	102386	102385	102385	102385	101871	102383	102373	102354	102364	102383	102379	102365	102380	102347	102385	102386	102385	102385	102386	102385	102385	102385	102385	102386	101438	101589	100967	101931	101996	100880	101123	101454	100742	100893	101392	101281	100529	100904	102001	100963	101958	101237	102361	102380	100924	101173	101961	102123	102236	100625	101082	102297	102305	101297	100750	101347	100924	101254	101594	102368	102367	102372	102330	102385	102385	102385	102386	102385	101861	102385	102385	102385	102385	102378	102378	101898	102377	102375	102352	102371	102376	102379	102083	101964	102315	102283	102079	102371	102098	102286	101974	101048	102375	102385	102384	102384	102383	101607	101881	102333	101159	102222	101489	102260	101409	102361	102362	102085	102362	102363	102361	100777	102327	102330	101858	102353	101405	102026	98325	102371	102179	102380	102135	102385	102385	102385	102385	102385	102385	102382	102385	101686	102360	101642	101940	102158	101551	102191	102385	102265
CY_HUN_LP_267_Du-686	101002	101462	100931	101049	101446	101322	100942	101479	101376	101316	101148	101450	101373	101473	101455	101454	101453	101516	101516	101462	101516	101517	101518	101441	101494	101483	101445	101509	101488	101511	101301	101509	101521	101521	101416	101521	101404	101512	101457	101517	101517	101515	101499	101521	101518	101498	101524	101522	101465	101522	101523	101523	101501	101501	101523	101503	101481	101466	101519	101451	101414	100708	101427	101503	101479	101506	101503	101507	101507	101310	101335	101294	101058	101405	101504	101135	100769	101232	101412	101303	100252	101449	101520	101502	101441	80117	101444	101524	101295	101489	101461	101472	101500	101486	101217	100197	101226	101496	101465	101493	101522	101507	101499	101352	101508	101515	101505	101497	101512	101516	101511	101521	101522	101522	101513	101520	101484	101517	101521	101512	101505	101522	101522	101485	101523	101523	101523	101523	101384	101523	101523	101523	101509	101522	101520	101516	101509	101521	101510	101511	101427	101477	101445	101424	101435	101493	101449	101436	101455	101418	101516	101523	101522	101522	101509	101522	101523	101520	101522	101522	101362	101414	100988	101480	101498	100930	101151	101348	100797	100941	101339	101218	100574	100973	101497	100997	101484	101237	101513	101495	100938	101197	101518	101501	101516	100680	101124	101496	101482	101300	100798	101374	100972	101242	101437	101510	101505	101514	101444	101521	101517	101517	101523	101502	101032	101520	101499	101501	101523	101503	101513	101460	101504	101516	101479	101449	101499	101504	101385	101473	101429	101464	101450	101510	101434	101378	101475	100970	101521	101520	101520	101521	101519	101471	101491	101494	101131	101481	101331	101494	101361	101487	101487	101473	101483	101487	101474	100830	101490	101508	101320	101507	101364	101475	98328	101506	101350	101506	101483	101522	101522	101523	101523	101522	101522	101519	101522	101478	101517	101431	101524	101518	101390	101516	101522	101519
CY_HUN_LP_268_Du-687	100968	101323	100842	100962	101311	101228	100866	101340	101291	101186	101116	101304	101237	101324	101317	101316	101315	101367	101370	101343	101365	101367	101366	101346	101343	101359	101352	101371	101351	101368	101164	101371	101371	101370	101282	101372	101341	101368	101330	101371	101366	101371	101371	101371	101372	101371	101372	101371	101365	101371	101371	101371	101351	101350	101372	101352	101346	101314	101369	101351	101308	100674	101293	101355	101352	101368	101367	101369	101368	101276	101208	101176	100998	101274	101354	101081	100728	101196	101283	101211	100241	101293	101370	101364	101351	80117	101355	101295	101372	101352	101333	101322	101362	101361	101198	100167	101178	101365	101362	101371	101371	101371	101372	101261	101359	101363	101355	101360	101361	101364	101364	101370	101371	101371	101363	101369	101338	101365	101369	101364	101354	101371	101371	101356	101372	101371	101372	101371	101289	101372	101372	101371	101372	101372	101371	101371	101372	101371	101371	101371	101333	101372	101349	101330	101340	101369	101355	101341	101360	101323	101371	101372	101371	101371	101372	101371	101371	101371	101371	101372	101298	101285	100967	101356	101348	100834	101045	101257	100742	100886	101287	101208	100520	100905	101364	100908	101362	101163	101363	101368	100885	101151	101355	101368	101365	100625	101080	101369	101355	101118	100751	101263	100925	101226	101332	101359	101358	101363	101349	101371	101371	101371	101372	101371	100897	101371	101371	101371	101371	101366	101366	101341	101365	101366	101346	101354	101365	101367	101292	101350	101333	101338	101331	101359	101339	101287	101356	100843	101371	101371	101370	101370	101369	101340	101366	101344	101097	101345	101222	101344	101231	101349	101350	101338	101350	101350	101350	100739	101348	101369	101196	101368	101272	101342	98318	101366	101200	101368	101345	101371	101371	101371	101371	101371	101371	101368	101371	101349	101366	101341	101372	101372	101269	101365	101371	101368
CY_SIE_LP_188_Du-445	101091	103292	101009	101118	101871	101532	101024	102921	101725	101639	101398	102429	102643	103203	103207	103612	103253	104845	104849	104799	104845	104846	104847	104779	104823	104822	102834	102956	102164	102992	103010	102134	102494	103403	102442	103103	102023	104035	102696	104276	104614	104205	104259	104853	103617	103931	104855	104853	104800	104852	104854	104855	104830	104827	104853	104835	101859	101745	103364	102017	101876	100771	102501	103682	102148	103755	102302	102162	103483	101511	102294	101707	101198	101777	103114	101235	100855	101390	101687	101531	100315	101881	103211	102687	101850	80104	102364	101489	101352	104857	104729	104796	104347	102574	101329	100265	101366	101922	102418	103343	104853	103547	102943	104560	104838	104845	104834	104836	104842	104846	104836	104851	104853	104852	104840	104851	104827	104845	104850	104839	104834	104852	104852	102237	103439	103655	103584	103596	103338	103398	103100	104854	104583	104346	104852	104814	104848	104853	104840	104849	101940	104364	104127	103887	104357	103896	104787	104723	103106	104668	104849	104853	104854	104853	104816	104853	104854	104852	104853	104852	101478	101651	101036	102019	102078	100938	101187	101517	100809	100951	101522	101409	100640	101030	102131	101065	102109	101364	102736	102966	101044	101299	102096	102300	102472	100750	101201	102604	102633	101422	100869	101473	101040	101378	101717	104835	104834	104841	102581	104847	104800	104853	103598	103569	102513	104852	104704	104847	104856	104332	104843	102079	103600	104155	103022	104509	104833	104103	102184	102075	102841	102513	102213	103147	102213	102798	102078	101148	103071	104461	103167	103269	103373	101732	102063	102990	101252	102628	101605	102576	101531	103110	104468	102251	104481	104489	102857	100900	102670	102709	101971	102688	101532	102220	98390	102829	102342	103177	102278	104852	104854	104853	104855	104855	104853	104843	104853	101871	103062	101871	102116	102369	101675	102342	103335	102643
CY_SIE_LP_189_Du-446	101081	103357	100985	101093	101866	101509	101000	102966	101746	101614	101382	102460	102648	103270	103265	103675	103310	104922	104924	104808	104861	104909	104931	104777	104931	104848	102817	103020	102182	103059	103018	102171	102561	103470	102476	103161	102007	104016	102680	104250	104572	104180	104243	104849	103604	103914	104950	104961	104826	104959	104962	104956	104939	104876	104897	104943	101834	101720	103390	102012	101850	100750	102559	103744	102131	103793	102311	102179	103548	101486	102339	101682	101177	101774	103164	101228	100830	101379	101679	101514	100297	101855	103244	102701	101831	80085	102345	101461	101333	104729	104965	104784	104378	102558	101313	100247	101342	101897	102402	103327	104869	103531	102927	104490	104946	104953	104942	104894	104949	104954	104935	104958	104961	104960	104856	104959	104845	104952	104958	104947	104943	104960	104918	102317	103519	103734	103664	103675	103322	103478	103180	104886	104571	104350	104925	104815	104844	104891	104856	104871	101924	104320	104090	103871	104257	103880	104813	104757	103090	104612	104956	104962	104961	104961	104882	104961	104962	104960	104961	104961	101451	101672	101010	102056	102099	100918	101160	101489	100781	100924	101500	101419	100616	101005	102151	101048	102123	101347	102779	102949	101019	101274	102071	102336	102446	100725	101185	102588	102618	101397	100852	101449	101021	101351	101692	104896	104841	104882	102565	104887	104819	104864	103574	103544	102489	104868	104701	104868	104872	104372	104899	102081	103665	104176	102999	104455	104933	104087	102168	102059	102824	102497	102196	103122	102197	102782	102062	101149	103096	104499	103233	103335	103439	101715	102042	103056	101236	102630	101581	102568	101506	103089	104532	102227	104397	104515	102841	100874	102739	102775	101955	102749	101508	102196	98375	102867	102350	103242	102327	104960	104961	104962	104963	104962	104961	104957	104961	101951	103142	101951	102178	102445	101719	102421	103414	102723
CY_SIE_LP_190_Du-447	101049	103248	100968	101078	101829	101492	100982	102879	101679	101594	101351	102397	102598	103172	103164	103569	103209	105198	105200	105140	105196	105205	105206	105069	105136	105131	102788	102912	102120	102954	102965	102101	102462	103372	102398	103071	101977	104002	102650	104239	104609	104166	104213	105104	103582	103884	105122	105212	105149	105211	105213	105214	105190	105094	105195	105194	101826	101713	103333	101980	101846	100740	102472	103653	102100	103712	102258	102119	103440	101485	102248	101662	101155	101730	103082	101222	100808	101374	101697	101487	100267	101834	103180	102644	101820	80074	102334	101472	101322	104796	104784	105216	104315	102528	101282	100217	101320	101890	102372	103297	105210	103510	102897	104678	105196	105204	105194	105178	105200	105205	105195	105209	105200	105124	105197	105205	105186	105204	105209	105198	105193	105211	105211	102264	103466	103681	103611	103622	103292	103425	103127	105167	104571	104315	105119	104894	104976	105080	105146	105140	101894	104318	104086	103841	104319	103850	105103	104933	103060	104746	105207	105213	105212	105212	105121	105212	105213	105211	105212	105212	101448	101622	101007	101991	102062	100906	101155	101488	100779	100921	101478	101366	100593	100998	102087	101019	102065	101320	102705	102920	100998	101253	102064	102256	102440	100704	101155	102558	102588	101390	100823	101427	100994	101331	101684	105194	105067	105200	102535	105131	104966	105022	103567	103524	102472	105210	104699	105184	105214	104286	104937	102036	103557	104123	102976	104489	105041	104059	102143	102029	102795	102467	102166	103115	102167	102751	102032	101123	103040	104432	103135	103237	103341	101701	102031	102959	101205	102584	101558	102545	101486	103067	104428	102205	104442	104488	102811	100851	102633	102666	101925	102645	101486	102173	98344	102787	102311	103132	102234	105211	105212	105170	105214	105213	105212	105183	105212	101897	103089	101898	102143	102392	101682	102368	103361	102670
CY_SIE_LP_191_Du-448	101127	103365	101042	101152	101923	101567	101054	102985	101782	101649	101409	102503	102699	103279	103282	103687	103327	104446	104448	104357	104400	104445	104447	104338	104423	104379	102872	103038	102245	103077	103079	102218	102579	103487	102526	103188	102061	104002	102734	104234	104368	104191	104184	104407	103668	103913	104452	104451	104352	104450	104451	104451	104429	104420	104433	104432	101900	101786	103450	102049	101880	100777	102552	103735	102192	103824	102376	102245	103567	101527	102376	101747	101243	101837	103165	101235	100863	101398	101684	101579	100358	101922	103294	102772	101860	80112	102374	101500	101362	104347	104378	104315	104452	102616	101366	100304	101404	101962	102456	103381	104406	103585	102981	104175	104438	104443	104434	104430	104441	104444	104434	104450	104451	104450	104395	104449	104340	104440	104450	104439	104434	104450	104443	102232	103431	103645	103576	103585	103376	103389	103092	104421	104418	104324	104449	104401	104445	104448	104393	104398	101978	104186	104059	103870	104139	103890	104339	104298	103144	104284	104444	104452	104451	104451	104444	104450	104451	104449	104451	104451	101488	101706	101048	102076	102134	100946	101198	101526	100817	100959	101564	101484	100678	101071	102214	101103	102188	101412	102821	103001	101082	101336	102134	102383	102508	100787	101239	102641	102671	101463	100905	101511	101078	101413	101757	104435	104388	104419	102619	104451	104435	104405	103637	103607	102547	104403	104396	104399	104406	104312	104446	102150	103678	104184	103015	104252	104442	104073	102225	102113	102882	102550	102250	103185	102257	102837	102116	101188	103154	104369	103251	103353	103457	101780	102106	103077	101294	102697	101642	102638	101576	103154	104318	102294	104300	104293	102894	100935	102752	102792	102010	102771	101570	102258	98429	102912	102415	103257	102362	104450	104451	104451	104451	104451	104451	104451	104451	101897	103054	101863	102151	102454	101760	102422	103326	102639
CY_WOO_LP_259_Du-664	101116	102566	101027	101137	101888	101549	101044	102519	101722	101640	101408	102279	102456	102553	102558	102558	102557	102616	102619	102589	102614	102616	102615	102565	102592	102607	102564	102601	102181	102606	102410	102147	102428	102621	102293	102623	101954	102616	102557	102619	102614	102622	102622	102622	102620	102620	102623	102622	102582	102622	102622	102622	102602	102601	102623	102603	101886	101768	102612	101997	101868	100775	102350	102560	102147	102617	102323	102158	102617	101507	102250	101732	101221	101798	102578	101220	100851	101373	101666	101553	100353	101882	102619	102522	101859	80107	102239	101486	101361	102574	102558	102528	102616	102623	101367	100302	101392	101947	102407	102617	102622	102622	102589	102477	102607	102612	102603	102608	102610	102613	102607	102621	102622	102622	102611	102619	102555	102613	102620	102612	102603	102622	102622	102058	102623	102622	102623	102622	102506	102623	102573	102622	102623	102623	102622	102618	102623	102622	102610	102622	101977	102596	102563	102544	102554	102612	102569	102555	102563	102537	102615	102623	102622	102622	102623	102622	102622	102622	102622	102623	101478	101648	101031	101965	102069	100943	101186	101512	100804	100948	101543	101432	100666	101055	102139	101102	102097	101388	102561	102613	101068	101322	102118	102244	102392	100774	101231	102517	102429	101447	100900	101497	101072	101399	101744	102605	102604	102608	102427	102622	102622	102622	102623	102616	102076	102619	102622	102621	102622	102615	102615	102089	102614	102612	102578	102566	102613	102615	102160	102097	102480	102360	102203	102606	102224	102416	102105	101182	102603	102622	102621	102621	102620	101757	102036	102563	101292	102484	101630	102421	101562	102598	102599	102250	102599	102600	102559	100925	102510	102525	102007	102526	101555	102232	98424	102542	102238	102617	102226	102622	102622	102622	102622	102622	102622	102623	102622	101836	102569	101791	102079	102320	101701	102274	102621	102452
CY_WOO_LP_260_Du-665	101069	101320	100963	101068	101306	101287	100990	101313	101271	101167	101109	101295	101234	101318	101312	101312	101311	101368	101373	101340	101368	101369	101369	101320	101346	101362	101323	101374	101353	101370	101167	101374	101374	101373	101281	101375	101312	101371	101339	101374	101369	101374	101374	101374	101375	101374	101375	101374	101339	101373	101374	101374	101352	101352	101374	101355	101371	101358	101374	101310	101291	100728	101245	101316	101356	101373	101372	101374	101372	101292	101214	101196	101077	101287	101336	101148	100848	101224	101266	101286	100350	101355	101374	101367	101230	80105	101219	101217	101198	101329	101313	101282	101366	101367	101375	100297	101278	101373	101363	101369	101374	101373	101374	101230	101361	101366	101357	101361	101364	101367	101363	101373	101374	101373	101366	101372	101314	101367	101373	101366	101357	101373	101374	101375	101375	101374	101374	101374	101263	101375	101374	101373	101373	101375	101372	101368	101375	101374	101362	101374	101306	101353	101323	101303	101314	101371	101329	101315	101334	101298	101367	101375	101374	101374	101374	101373	101374	101372	101374	101374	101230	101252	100995	101288	101269	100877	101073	101211	100790	100923	101352	101279	100666	101046	101368	101043	101366	101267	101368	101370	101016	101266	101370	101370	101367	100766	101212	101371	101359	101197	100891	101328	101057	101274	101367	101362	101361	101365	101324	101374	101374	101374	101375	101368	100893	101371	101374	101372	101374	101369	101369	101361	101368	101368	101349	101328	101365	101370	101264	101356	101306	101343	101328	101361	101313	101256	101351	100925	101373	101373	101373	101373	101371	101374	101369	101347	101177	101348	101264	101347	101317	101352	101352	101345	101352	101352	101350	100868	101351	101372	101195	101370	101296	101343	98422	101368	101203	101371	101348	101373	101374	101374	101374	101374	101374	101370	101374	101373	101367	101337	101375	101375	101304	101367	101373	101370
CY_WOO_LP_261_Du-667	100186	100256	100218	100226	100244	100240	100216	100250	100249	100189	100176	100244	100221	100253	100246	100247	100245	100306	100307	100296	100303	100305	100305	100284	100281	100302	100285	100308	100305	100306	100101	100309	100308	100307	100263	100309	100280	100303	100303	100306	100301	100309	100309	100309	100306	100307	100309	100309	100289	100309	100309	100309	100288	100288	100309	100290	100306	100304	100307	100246	100230	99883	100214	100252	100294	100307	100305	100307	100308	100261	100149	100131	100166	100224	100272	100242	100249	100240	100221	100289	100080	100301	100308	100306	100171	80026	100177	100197	100167	100265	100247	100217	100304	100302	100297	100309	100303	100303	100303	100303	100309	100309	100306	100209	100296	100301	100292	100296	100299	100302	100297	100308	100309	100309	100301	100307	100247	100300	100308	100299	100292	100309	100309	100309	100309	100309	100309	100309	100235	100309	100309	100309	100309	100309	100309	100306	100309	100309	100299	100309	100278	100296	100286	100273	100283	100303	100283	100282	100285	100266	100304	100309	100309	100309	100309	100309	100309	100309	100309	100309	100200	100186	100193	100223	100205	100153	100197	100189	100219	100210	100302	100301	100285	100302	100302	100291	100302	100295	100301	100306	100279	100305	100304	100305	100303	100274	100298	100302	100300	100293	100307	100298	100305	100301	100302	100294	100294	100299	100277	100309	100309	100309	100309	100303	99845	100306	100309	100308	100309	100305	100305	100301	100304	100301	100300	100279	100303	100304	100246	100288	100267	100288	100281	100296	100271	100241	100284	100051	100308	100308	100308	100308	100307	100309	100303	100284	100270	100285	100268	100285	100282	100287	100288	100283	100287	100287	100284	100232	100288	100307	100135	100305	100284	100279	98271	100303	100137	100307	100284	100309	100309	100308	100309	100309	100309	100308	100309	100309	100307	100297	100309	100309	100284	100303	100308	100307
CY_WOO_LP_262_Du-668	101062	101358	100998	101064	101319	101278	101026	101349	101305	101202	101105	101334	101270	101357	101350	101350	101349	101407	101411	101363	101406	101408	101407	101342	101384	101384	101346	101412	101391	101409	101205	101412	101412	101411	101320	101413	101332	101401	101359	101409	101405	101412	101404	101412	101410	101402	101413	101412	101361	101411	101412	101412	101391	101390	101412	101393	101370	101396	101412	101347	101328	100745	101280	101352	101380	101411	101411	101391	101410	101295	101244	101233	101115	101296	101374	101193	100864	101257	101284	101302	100356	101373	101412	101405	101254	80111	101240	101226	101178	101366	101342	101320	101404	101392	101278	100303	101413	101404	101383	101397	101412	101403	101397	101253	101399	101404	101395	101399	101402	101405	101399	101411	101412	101411	101401	101410	101346	101403	101411	101402	101395	101411	101412	101413	101413	101412	101412	101412	101285	101413	101412	101411	101412	101413	101411	101407	101413	101412	101399	101406	101326	101376	101342	101323	101333	101391	101350	101335	101353	101317	101405	101413	101412	101412	101412	101412	101412	101411	101412	101413	101227	101288	101014	101322	101305	100903	101140	101217	100817	100961	101335	101273	100681	101069	101387	101071	101404	101330	101406	101400	101042	101282	101400	101408	101405	100787	101205	101396	101387	101213	100901	101330	101065	101309	101366	101398	101396	101400	101343	101412	101412	101412	101413	101406	100930	101409	101404	101408	101412	101407	101407	101396	101406	101404	101380	101348	101404	101407	101283	101370	101331	101363	101345	101399	101335	101274	101373	100898	101412	101412	101411	101411	101409	101367	101407	101385	101212	101386	101272	101385	101292	101390	101390	101376	101390	101390	101378	100902	101386	101410	101224	101408	101312	101378	98428	101406	101241	101409	101384	101411	101412	101412	101412	101412	101412	101408	101412	101389	101405	101365	101413	101413	101321	101405	101411	101408
CY_WOO_LP_263_Du-669	101118	101916	101039	101150	101774	101562	101052	101909	101661	101537	101406	101878	101825	101927	101908	101908	101906	101976	101976	101919	101976	101978	101977	101897	101954	101939	101901	101969	101913	101972	101761	101929	101981	101981	101831	101982	101741	101970	101909	101975	101975	101975	101959	101982	101976	101957	101983	101982	101920	101981	101982	101982	101961	101960	101982	101963	101848	101750	101982	101817	101739	100778	101789	101919	101871	101968	101965	101939	101968	101530	101796	101600	101241	101755	101944	101246	100864	101391	101676	101548	100356	101764	101981	101962	101753	80111	101795	101496	101365	101922	101897	101890	101962	101947	101373	100303	101404	101983	101936	101952	101982	101967	101952	101808	101969	101974	101965	101957	101972	101975	101969	101981	101982	101981	101971	101980	101916	101973	101981	101972	101965	101981	101982	101873	101983	101982	101982	101982	101840	101983	101982	101981	101970	101983	101981	101977	101970	101982	101969	101971	101808	101931	101897	101878	101888	101946	101905	101890	101908	101872	101975	101983	101982	101982	101969	101982	101982	101981	101982	101983	101481	101632	101048	101821	101819	100948	101200	101526	100819	100961	101555	101448	100681	101084	101939	101107	101928	101407	101976	101955	101082	101337	101910	101966	101953	100788	101239	101951	101917	101475	100906	101503	101080	101414	101724	101968	101963	101970	101897	101982	101978	101977	101983	101963	101474	101979	101959	101963	101982	101963	101974	101806	101965	101974	101935	101903	101961	101964	101778	101844	101886	101904	101856	101969	101871	101829	101901	101120	101982	101982	101981	101981	101979	101782	101898	101955	101291	101942	101600	101950	101571	101948	101947	101883	101945	101947	101933	100937	101950	101968	101713	101966	101567	101868	98428	101966	101811	101966	101912	101981	101982	101982	101982	101982	101982	101978	101982	101850	101975	101739	101926	101928	101710	101967	101981	101972
DAN_LP_043_Du-68	101109	102411	101016	101127	101848	101538	101046	102389	101707	101644	101416	102201	102308	102410	102403	102403	102402	102462	102466	102448	102461	102462	102461	102422	102439	102460	102402	102468	102119	102468	102264	102148	102342	102470	102249	102472	101958	102468	102401	102471	102466	102471	102471	102471	102472	102471	102472	102471	102442	102470	102471	102471	102450	102449	102471	102452	101880	101751	102463	101980	101864	100782	102223	102404	102115	102461	102252	102092	102461	101496	102166	101694	101214	101786	102426	101213	100855	101366	101659	101546	100360	101828	102463	102422	101856	80117	102190	101465	101362	102418	102402	102372	102456	102407	101363	100303	101383	101936	102472	102469	102471	102470	102450	102334	102453	102458	102449	102453	102456	102459	102460	102469	102471	102470	102461	102468	102406	102464	102465	102459	102450	102470	102471	102062	102472	102471	102471	102471	102369	102472	102441	102470	102472	102472	102470	102471	102472	102471	102462	102471	101944	102453	102429	102411	102420	102471	102436	102421	102440	102404	102464	102472	102471	102471	102471	102471	102471	102471	102471	102472	101475	101642	101024	101941	102035	100935	101180	101508	100799	100945	101535	101424	100669	101047	102129	101104	102096	101380	102428	102463	101069	101318	102065	102235	102328	100770	101228	102394	102342	101446	100896	101488	101070	101398	101740	102455	102454	102458	102398	102471	102471	102471	102472	102468	101940	102471	102471	102471	102471	102462	102462	102027	102461	102462	102435	102428	102461	102462	102157	102057	102387	102318	102169	102454	102176	102350	102092	101172	102468	102471	102470	102470	102468	101755	102056	102416	101297	102401	101634	102292	101554	102445	102445	102209	102446	102446	102418	100919	102405	102420	101972	102429	101550	102192	98437	102400	102181	102464	102222	102470	102471	102471	102471	102471	102471	102467	102471	101834	102441	101754	102057	102268	101698	102212	102470	102321
DAN_LP_044_Du-69	101124	103122	101031	101142	101893	101553	101046	102908	101730	101645	101418	102450	102659	103105	103081	103306	103133	103386	103391	103360	103386	103386	103386	103337	103364	103377	102822	102984	102200	102996	102920	102170	102531	103252	102479	103106	102076	103345	102725	103393	103388	103396	103396	103396	103288	103394	103397	103396	103360	103395	103396	103396	103374	103374	103396	103377	101892	101776	103202	102018	101877	100785	102502	103262	102188	103377	102333	102193	103319	101511	102332	101740	101229	101806	103042	101228	100858	101381	101674	101561	100360	101913	103118	102718	101870	80117	102385	101493	101371	103343	103327	103297	103381	102617	101369	100303	101397	101952	102469	103397	103396	103306	102933	103228	103378	103383	103374	103378	103381	103384	103381	103394	103396	103395	103385	103393	103329	103386	103390	103380	103375	103395	103395	102149	103228	103305	103263	103319	103118	103177	102934	103395	103395	103397	103394	103393	103397	103396	103389	103396	101993	103344	103333	103294	103332	103290	103347	103316	103063	103316	103389	103397	103396	103396	103396	103395	103396	103394	103396	103396	101492	101657	101039	102024	102081	100950	101194	101520	100812	100956	101550	101439	100672	101062	102159	101105	102137	101395	102766	103004	101079	101333	102129	102331	102500	100785	101242	102648	102674	101458	100911	101508	101081	101415	101754	103377	103376	103380	102630	103396	103396	103396	103312	103284	102464	103396	103396	103395	103396	103387	103387	102112	103302	103383	102912	103342	103383	103351	102235	102118	102843	102556	102259	103163	102261	102820	102126	101190	103064	103395	103112	103163	103269	101769	102096	102902	101300	102654	101641	102609	101567	103039	103353	102285	103370	103371	102849	100933	102705	102740	102015	102720	101565	102255	98436	102812	102375	103112	102309	103395	103396	103396	103396	103396	103396	103392	103396	101849	102958	101801	102103	102406	101712	102374	103137	102558
DAN_LP_045_Du-70	101125	103331	101047	101158	101909	101570	101059	102947	101746	101658	101419	102479	102680	103256	103247	103652	103292	105757	105760	105556	105573	105822	105795	105420	105656	105547	102882	103008	102217	103053	103061	102200	102561	103469	102496	103169	102076	104099	102749	104339	104708	104264	104311	105292	103680	103984	105302	105830	105682	105830	105836	105836	105802	105389	105680	105817	101919	101807	103425	102034	101889	100785	102517	103709	102194	103803	102350	102211	103532	101541	102340	101757	101247	101822	103141	101253	100871	101399	101704	101578	100360	101926	103272	102736	101869	80117	102385	101522	101371	104853	104869	105210	104406	102622	101374	100309	101412	101982	102471	103396	105836	103609	102996	104803	105755	105821	105812	105793	105791	105802	105815	105804	105717	105426	105699	105761	105695	105826	105828	105818	105812	105835	105835	102369	103571	103786	103716	103726	103391	103529	103232	105443	104668	104413	105402	105075	105110	105345	105539	105546	101993	104417	104184	103938	104418	103949	105610	105223	103159	104844	105829	105836	105836	105834	105369	105786	105832	105727	105831	105740	101500	101673	101055	102040	102112	100955	101207	101535	100826	100969	101569	101457	100685	101090	102177	101110	102156	101412	102796	103012	101093	101347	102157	102350	102531	100799	101249	102653	102681	101486	100916	101522	101089	101424	101781	105814	105383	105817	102630	105336	105088	105307	103664	103622	102557	105801	104804	105634	105743	104379	105098	102130	103651	104219	103071	104584	105206	104153	102235	102123	102887	102560	102259	103208	102261	102845	102126	101191	103136	104530	103234	103337	103440	101800	102126	103052	101300	102678	101654	102639	101582	103160	104521	102300	104537	104583	102905	100948	102728	102758	102020	102738	101580	102268	98437	102880	102405	103224	102327	105835	105836	105560	105836	105836	105836	105684	105811	102002	103194	102003	102246	102497	101787	102473	103467	102775
DAN_LP_046_Du-71	101126	103320	101039	101146	101900	101561	101051	102932	101737	101651	101419	102466	102672	103236	103236	103472	103271	103601	103604	103558	103598	103600	103600	103534	103577	103576	102875	102998	102208	103041	103011	102187	102547	103439	102487	103156	102076	103604	102748	103605	103601	103604	103601	103610	103544	103590	103610	103615	103561	103610	103614	103610	103594	103590	103610	103597	101911	101791	103378	102024	101882	100785	102510	103499	102194	103584	102340	102200	103436	101527	102340	101746	101236	101814	103128	101240	100863	101388	101689	101568	100360	101917	103258	102726	101869	80117	102385	101507	101371	103547	103531	103510	103585	102622	101373	100309	101403	101967	102470	103306	103609	103616	102993	103443	103592	103602	103589	103586	103595	103599	103598	103614	103616	103616	103601	103613	103541	103606	103608	103600	103595	103616	103609	102166	103362	103539	103439	103488	103283	103317	103014	103610	103599	103610	103609	103604	103601	103610	103596	103609	101993	103571	103535	103493	103529	103527	103543	103531	103156	103512	103609	103610	103610	103615	103601	103609	103613	103608	103610	103609	101491	101664	101046	102032	102098	100955	101198	101524	100816	100960	101558	101446	100677	101075	102166	101110	102145	101402	102782	103012	101083	101337	102142	102339	102517	100789	101248	102652	102681	101471	100915	101513	101085	101414	101767	103591	103587	103594	102629	103610	103610	103610	103498	103456	102549	103608	103601	103599	103609	103592	103601	102120	103550	103597	102973	103539	103587	103574	102235	102122	102871	102560	102259	103192	102260	102845	102126	101191	103098	103608	103206	103318	103410	101785	102112	103000	101300	102669	101645	102625	101572	103148	103575	102291	103573	103576	102904	100940	102728	102747	102020	102728	101572	102259	98437	102867	102391	103209	102316	103616	103616	103613	103616	103616	103616	103609	103616	101865	102988	101818	102125	102426	101729	102391	103262	102580
DAN_LP_047_Du-72	101119	102903	101032	101142	101893	101554	101049	102716	101730	101648	101416	102436	102618	102890	102877	102928	102880	102987	102991	102958	102986	102986	102986	102935	102964	102977	102711	102831	102201	102884	102713	102170	102530	102982	102447	102908	102039	102993	102662	102992	102991	102996	102996	102996	102997	102996	102997	102996	102958	102996	102996	102996	102975	102975	102997	102977	101892	101776	102935	102016	101878	100782	102489	102911	102191	102983	102316	102193	102960	101511	102309	101740	101229	101806	102845	101228	100861	101381	101674	101561	100360	101915	102928	102683	101867	80117	102383	101499	101372	102943	102927	102897	102981	102589	101374	100306	101397	101952	102450	102933	102996	102993	102997	102844	102978	102983	102974	102979	102981	102984	102981	102994	102996	102996	102984	102993	102928	102990	102990	102983	102975	102996	102996	102092	102989	102966	102970	102967	102823	102909	102804	102996	102995	102997	102995	102990	102997	102996	102984	102996	101994	102975	102942	102921	102933	102956	102947	102934	102930	102916	102989	102997	102996	102996	102997	102995	102996	102994	102996	102996	101487	101657	101039	102023	102081	100951	101195	101522	100814	100958	101550	101439	100675	101062	102159	101108	102137	101395	102710	102852	101081	101333	102129	102311	102479	100785	101243	102607	102660	101461	100911	101511	101083	101410	101754	102980	102979	102983	102588	102996	102996	102996	102971	102928	102308	102993	102996	102994	102996	102987	102987	102113	102974	102986	102802	102943	102983	102987	102235	102123	102664	102535	102242	102903	102252	102651	102127	101189	102884	102995	102912	102930	102969	101769	102095	102750	101298	102603	101643	102549	101570	102914	102971	102288	102970	102972	102783	100934	102664	102699	102016	102689	101566	102233	98437	102768	102375	102923	102309	102996	102996	102996	102996	102996	102996	102993	102996	101849	102791	101802	102103	102406	101713	102375	102923	102558
DOV_LP_078_Du-174	100988	103166	100890	101000	101751	101412	100930	102786	101585	101528	101328	102307	102519	103081	103083	103488	103129	104806	104824	104812	104810	104821	104821	104741	104757	104792	102786	102841	102051	102880	102895	102020	102381	103289	102333	102990	101981	103925	102606	104119	104459	104067	104122	104724	103504	103803	104757	104824	104825	104822	104824	104824	104804	104746	104811	104805	101750	101631	103250	101875	101735	100735	102358	103538	102052	103627	102189	102048	103367	101370	102187	101593	101084	101661	102966	101083	100728	101235	101529	101416	100330	101786	103097	102579	101736	80101	102284	101352	101261	104560	104490	104678	104175	102477	101230	100209	101253	101808	102334	103228	104803	103443	102844	104825	104824	104824	104822	104825	104824	104824	104814	104824	104816	104755	104813	104817	104765	104815	104821	104813	104806	104824	104823	102112	103311	103525	103457	103465	103354	103269	102973	104790	104445	104205	104776	104667	104716	104742	104822	104784	101891	104285	104076	103861	104308	103803	104814	104728	103050	104623	104824	104825	104824	104824	104748	104824	104824	104824	104824	104825	101365	101511	100895	101881	101936	100808	101052	101380	100670	100816	101405	101294	100543	100918	102014	100978	101992	101250	102621	102859	100938	101189	101984	102187	102355	100639	101099	102502	102530	101313	100765	101363	100939	101269	101607	104808	104740	104812	102521	104758	104697	104712	103484	103456	102398	104824	104492	104799	104809	104168	104690	101972	103486	104011	102918	104453	104720	103985	102154	101997	102790	102439	102141	103045	102171	102781	102004	101080	102957	104290	103053	103155	103260	101620	101950	102879	101180	102520	101503	102469	101429	102996	104348	102149	104313	104329	102757	100789	102561	102594	101876	102574	101420	102111	98389	102714	102229	103060	102164	104824	104824	104794	104824	104824	104824	104820	104824	101749	102935	101747	101993	102256	101565	102228	103206	102519
DOV_LP_079_Du-175	101118	103467	101034	101144	101915	101559	101045	103004	101779	101645	101406	102521	102695	103375	103316	103727	103360	105898	105903	105544	105589	106056	105995	105412	105769	105529	102869	103079	102242	103169	103076	102245	102646	103577	102537	103234	102058	104082	102731	104320	104689	104247	104293	105273	103674	103966	105429	106166	105917	106036	106219	106152	106162	105573	105727	106124	101906	101793	103463	102045	101876	100772	102588	103831	102181	103854	102371	102240	103639	101530	102390	101742	101238	101833	103203	101240	100858	101393	101691	101574	100347	101913	103317	102762	101856	80110	102370	101508	101359	104838	104946	105196	104438	102607	101361	100296	101399	101969	102453	103378	105755	103592	102978	104824	106219	106198	106212	106059	106083	106159	106167	106046	105871	105553	105699	105929	105714	106152	106216	106192	106182	106218	106118	102474	103700	103915	103845	103855	103373	103658	103361	105436	104700	104424	105440	105055	105139	105367	105548	105511	101975	104399	104166	103920	104400	103931	105647	105196	103141	104824	106212	106196	106219	106195	105549	106212	106212	106061	106135	106082	101484	101707	101044	102091	102147	100942	101195	101523	100813	100956	101560	101479	100672	101077	102210	101097	102184	101406	102851	103000	101079	101335	102144	102400	102519	100785	101237	102639	102670	101472	100902	101509	101075	101410	101765	106083	105370	106062	102616	105364	105098	105287	103647	103605	102539	105866	104785	105634	105847	104456	105204	102144	103740	104251	103057	104570	105306	104190	102219	102123	102886	102559	102258	103206	102260	102845	102126	101191	103168	104571	103347	103459	103557	101789	102115	103144	101287	102690	101640	102643	101568	103151	104627	102286	104523	104653	102891	100934	102851	102836	102007	102809	101566	102254	98427	102931	102424	103309	102388	106217	106159	105704	106219	106219	106219	105946	106137	102076	103323	102132	102299	102626	101835	102602	103596	102904
DOV_LP_080_Du-176	101123	103453	101039	101149	101922	101566	101051	103009	101785	101650	101411	102528	102703	103377	103322	103733	103366	105969	105991	105598	105599	106321	106119	105420	105810	105616	102874	103085	102249	103169	103082	102250	102652	103583	102542	103239	102063	104088	102736	104325	104695	104253	104299	105278	103679	103971	105418	106568	106125	106221	107082	106454	106361	105562	105750	106322	101916	101799	103468	102050	101882	100777	102595	103831	102186	103859	102376	102245	103644	101537	102395	101747	101243	101838	103209	101246	100863	101400	101697	101579	100352	101918	103322	102767	101861	80112	102375	101515	101363	104845	104953	105204	104443	102612	101366	100301	101404	101974	102458	103383	105821	103602	102983	104824	106198	107159	106758	106312	106220	106443	106581	106115	105910	105546	105730	105961	105769	106331	107034	107141	106884	107136	106775	102484	103689	103909	103838	103850	103378	103652	103352	105448	104706	104429	105447	105061	105144	105372	105554	105540	101980	104404	104172	103926	104405	103936	105753	105218	103146	104831	107037	106721	106810	106725	105538	106640	106650	106116	106252	106285	101490	101711	101049	102096	102154	100948	101199	101529	100819	100961	101567	101484	100677	101082	102216	101102	102189	101411	102856	103007	101084	101340	102151	102405	102525	100790	101242	102644	102675	101477	100908	101514	101080	101417	101770	106632	105375	106421	102622	105370	105103	105295	103653	103611	102544	105957	104791	105639	105901	104462	105205	102149	103745	104257	103062	104575	105311	104195	102224	102123	102888	102561	102259	103209	102261	102845	102126	101192	103174	104576	103350	103453	103556	101795	102123	103149	101292	102695	101645	102648	101573	103156	104632	102291	104528	104658	102897	100939	102854	102842	102012	102815	101571	102259	98430	102936	102429	103316	102393	106554	106409	105697	106873	106727	107107	106023	106321	102085	103315	102120	102315	102618	101844	102590	103589	102897
DOV_LP_081_Du-177	101114	103460	101030	101140	101911	101555	101041	103000	101775	101641	101402	102517	102691	103371	103312	103723	103356	105960	105982	105589	105590	106310	106109	105411	105819	105606	102865	103075	102238	103166	103072	102241	102643	103573	102533	103230	102054	104078	102727	104316	104685	104243	104289	105269	103670	103962	105426	106483	106114	106212	106778	106435	106366	105571	105739	106326	101903	101790	103459	102041	101872	100768	102584	103827	102177	103850	102367	102236	103635	101526	102386	101738	101234	101829	103199	101236	100854	101389	101687	101570	100343	101909	103313	102758	101852	80107	102366	101505	101355	104834	104942	105194	104434	102603	101357	100292	101395	101965	102449	103374	105812	103589	102974	104822	106212	106758	106782	106307	106213	106409	106529	106120	105915	105551	105717	105966	105754	106335	106773	106758	106687	106781	106612	102474	103698	103913	103843	103853	103369	103656	103358	105436	104696	104420	105436	105052	105135	105363	105545	105530	101971	104395	104162	103916	104396	103927	105744	105209	103137	104820	106770	106607	106685	106622	105546	106519	106578	106124	106261	106266	101480	101703	101040	102087	102143	100938	101191	101519	100809	100952	101556	101475	100668	101073	102206	101093	102180	101402	102847	102996	101075	101331	102140	102396	102515	100781	101233	102635	102666	101468	100898	101505	101071	101406	101761	106507	105366	106397	102612	105360	105094	105285	103643	103601	102537	105944	104781	105630	105890	104452	105197	102140	103736	104248	103053	104566	105302	104186	102217	102121	102884	102556	102254	103203	102257	102843	102124	101188	103164	104567	103343	103456	103553	101786	102112	103140	101283	102686	101636	102639	101564	103147	104623	102282	104519	104649	102887	100930	102849	102832	102003	102805	101562	102250	98423	102927	102420	103305	102384	106556	106405	105701	106749	106654	106782	106031	106320	102076	103320	102129	102300	102623	101835	102599	103594	102902
DOV_LP_082_Du-178	101119	103353	101034	101141	101914	101558	101046	102969	101772	101645	101406	102494	102695	103270	103270	103675	103316	105915	105949	105586	105573	106218	106022	105416	105693	105567	102870	103028	102238	103067	103075	102210	102571	103479	102517	103180	102059	104070	102731	104311	104676	104240	104292	105260	103666	103965	105302	106156	105938	106081	106312	106230	106146	105447	105731	106097	101895	101781	103440	102043	101877	100772	102544	103726	102181	103827	102369	102235	103554	101518	102366	101740	101235	101832	103156	101231	100859	101390	101679	101572	100347	101913	103287	102760	101857	80110	102371	101497	101360	104836	104894	105178	104430	102608	101361	100296	101399	101957	102453	103378	105793	103586	102979	104825	106059	106312	106307	106313	106047	106154	106252	105985	105788	105426	105698	105840	105735	106152	106309	106298	106294	106312	106304	102371	103573	103787	103719	103727	103374	103531	103235	105419	104686	104412	105410	105042	105128	105352	105535	105526	101976	104399	104167	103920	104401	103932	105726	105213	103142	104824	106305	106260	106301	106251	105438	106216	106255	105986	106101	106043	101484	101697	101043	102067	102124	100943	101195	101521	100812	100956	101556	101476	100673	101065	102201	101098	102179	101404	102811	102999	101078	101334	102132	102374	102506	100784	101237	102639	102670	101460	100902	101509	101074	101409	101754	106290	105359	106230	102616	105343	105089	105273	103635	103602	102540	105907	104784	105630	105872	104403	105114	102142	103673	104231	103058	104571	105230	104177	102220	102123	102886	102560	102259	103194	102260	102846	102127	101191	103146	104538	103243	103345	103450	101777	102104	103066	101288	102689	101640	102631	101567	103148	104547	102286	104523	104607	102891	100934	102747	102781	102008	102761	101567	102253	98427	102901	102412	103247	102350	106264	106216	105577	106294	106272	106312	105833	106094	102004	103197	102006	102248	102499	101790	102476	103468	102777
DOV_LP_083_Du-179	101121	103440	101037	101147	101919	101562	101048	103007	101782	101648	101409	102524	102698	103365	103319	103730	103363	105923	105924	105596	105597	106087	106055	105418	105776	105613	102872	103082	102245	103158	103079	102248	102650	103574	102540	103237	102061	104085	102734	104323	104692	104250	104296	105276	103677	103969	105406	106211	105945	106079	106220	106183	106167	105550	105715	106156	101909	101797	103466	102048	101879	100775	102591	103819	102184	103857	102374	102243	103642	101533	102393	101745	101241	101837	103206	101243	100861	101396	101694	101577	100350	101916	103320	102765	101859	80112	102373	101512	101361	104842	104949	105200	104441	102610	101364	100299	101402	101972	102456	103381	105791	103595	102981	104824	106083	106220	106213	106047	106221	106190	106192	106049	105879	105530	105724	105937	105751	106149	106217	106206	106202	106219	106149	102475	103677	103892	103822	103832	103376	103635	103338	105443	104703	104427	105443	105059	105142	105370	105552	105537	101978	104402	104169	103923	104403	103934	105705	105216	103144	104827	106214	106220	106221	106220	105527	106187	106220	106029	106114	106125	101487	101709	101047	102094	102150	100945	101197	101525	100816	100958	101563	101482	100675	101080	102214	101100	102187	101409	102854	103003	101082	101338	102147	102403	102522	100788	101240	102642	102673	101475	100905	101512	101078	101414	101768	106104	105373	106111	102619	105367	105101	105292	103650	103608	102542	105932	104788	105637	105822	104459	105202	102147	103743	104255	103060	104573	105309	104193	102222	102123	102887	102560	102259	103207	102261	102845	102126	101191	103171	104574	103339	103442	103545	101793	102119	103147	101290	102693	101643	102646	101571	103154	104630	102289	104526	104656	102894	100937	102838	102839	102010	102812	101569	102257	98430	102935	102427	103312	102391	106206	106154	105678	106220	106220	106220	105961	106149	102083	103300	102109	102306	102603	101842	102579	103573	102881
DOV_LP_084_Du-180	101124	103492	101040	101150	101921	101565	101052	103010	101786	101651	101412	102528	102702	103381	103322	103733	103367	105941	105927	105599	105600	106199	106118	105421	105850	105616	102875	103087	102248	103176	103084	102251	102653	103584	102543	103240	102064	104090	102737	104326	104696	104254	104300	105279	103680	103972	105459	106318	105983	106155	106486	106315	106310	105602	105709	106252	101913	101800	103469	102051	101884	100778	102595	103838	102187	103860	102377	102246	103645	101537	102396	101748	101244	101839	103209	101248	100864	101400	101697	101580	100353	101919	103323	102768	101862	80115	102376	101516	101364	104846	104954	105205	104444	102613	101367	100302	101405	101975	102459	103384	105802	103599	102984	104824	106159	106443	106409	106154	106190	106487	106385	106127	105946	105582	105727	105997	105765	106287	106483	106440	106419	106484	106356	102484	103729	103945	103874	103885	103379	103687	103389	105447	104707	104430	105446	105062	105145	105373	105555	105542	101981	104405	104173	103928	104406	103937	105704	105219	103147	104830	106477	106384	106394	106385	105556	106297	106370	106087	106225	106159	101491	101712	101050	102097	102154	100949	101200	101529	100820	100962	101566	101485	100678	101083	102216	101103	102190	101412	102857	103006	101085	101341	102150	102406	102527	100791	101243	102645	102676	101478	100909	101515	101081	101416	101771	106292	105376	106201	102622	105370	105104	105296	103654	103611	102545	105951	104792	105640	105828	104463	105212	102150	103746	104258	103063	104576	105312	104196	102225	102123	102888	102560	102258	103208	102261	102845	102126	101193	103176	104577	103353	103466	103563	101796	102122	103150	101293	102696	101646	102649	101574	103157	104633	102292	104529	104659	102897	100940	102859	102843	102013	102817	101572	102260	98433	102937	102430	103316	102394	106395	106291	105732	106484	106451	106485	106042	106303	102086	103351	102155	102311	102654	101845	102630	103625	102933
DU-173	101121	103456	101034	101145	101914	101559	101047	102997	101774	101646	101409	102517	102691	103352	103308	103717	103352	105957	105973	105594	105593	106284	106105	105415	105814	105610	102872	103069	102238	103145	103072	102239	102637	103560	102532	103225	102065	104085	102732	104323	104692	104247	104293	105272	103674	103968	105419	106420	106067	106205	106619	106428	106363	105569	105738	106310	101912	101793	103458	102041	101876	100776	102577	103805	102181	103847	102367	102235	103625	101529	102384	101741	101237	101828	103194	101239	100857	101389	101691	101570	100355	101913	103309	102758	101859	80116	102373	101511	101364	104836	104935	105195	104434	102607	101363	100297	101399	101969	102460	103381	105815	103598	102981	104814	106167	106581	106529	106252	106192	106385	106625	106110	105917	105553	105734	105969	105771	106340	106609	106581	106575	106620	106520	102464	103696	103916	103844	103856	103376	103659	103359	105436	104697	104420	105434	105059	105134	105362	105551	105533	101982	104404	104172	103927	104405	103937	105754	105218	103147	104829	106614	106491	106559	106490	105512	106470	106488	106103	106256	106255	101486	101701	101043	102085	102143	100941	101194	101521	100812	100954	101560	101474	100672	101077	102205	101098	102179	101404	102844	103000	101081	101335	102146	102394	102522	100787	101240	102644	102671	101477	100904	101513	101079	101416	101769	106426	105378	106374	102625	105359	105093	105288	103647	103608	102539	105952	104784	105635	105890	104450	105197	102140	103733	104257	103060	104579	105300	104189	102223	102112	102880	102550	102252	103194	102251	102839	102119	101183	103165	104567	103325	103428	103531	101789	102119	103135	101292	102687	101640	102641	101569	103151	104614	102288	104525	104644	102895	100939	102831	102828	102010	102803	101567	102255	98433	102930	102423	103301	102383	106496	106363	105702	106613	106607	106623	106018	106328	102071	103322	102112	102304	102625	101835	102597	103597	102905
DU-229	101130	103518	101046	101156	101929	101571	101057	103016	101791	101657	101418	102533	102707	103387	103328	103739	103372	105932	105865	105596	105597	106028	106002	105427	105854	105594	102882	103095	102258	103186	103092	102261	102663	103593	102553	103250	102074	104098	102747	104336	104705	104263	104309	105289	103690	103982	105469	106117	105848	106057	106186	106107	106167	105621	105712	106146	101924	101806	103475	102057	101888	100784	102601	103843	102193	103866	102383	102252	103651	101542	102402	101756	101250	101846	103215	101252	100870	101406	101703	101586	100359	101925	103329	102774	101868	80116	102384	101521	101370	104851	104958	105209	104450	102621	101373	100308	101411	101981	102469	103394	105804	103614	102994	104824	106046	106115	106120	105985	106049	106127	106110	106191	105979	105621	105736	106029	105769	106178	106161	106120	106107	106187	106041	102497	103763	103983	103911	103923	103389	103726	103426	105456	104716	104440	105456	105072	105155	105383	105564	105550	101991	104415	104182	103936	104416	103947	105667	105229	103157	104840	106182	106123	106163	106146	105548	106114	106170	105997	106168	105966	101499	101721	101056	102103	102161	100954	101206	101534	100825	100968	101572	101491	100684	101089	102223	101109	102196	101419	102863	103012	101092	101346	102156	102411	102531	100798	101248	102652	102681	101484	100914	101520	101087	101423	101779	106016	105381	106000	102628	105380	105114	105305	103663	103621	102555	105930	104801	105647	105815	104468	105218	102155	103751	104264	103069	104582	105318	104202	102235	102123	102887	102560	102259	103208	102261	102845	102126	101191	103184	104587	103363	103476	103573	101806	102128	103156	101298	102702	101652	102654	101580	103163	104638	102298	104535	104666	102903	100946	102870	102848	102018	102822	101578	102266	98435	102944	102436	103321	102400	106189	106190	105769	106190	106191	106190	105942	106160	102097	103389	102165	102327	102672	101857	102645	103664	102952
DU-247	101132	103590	101048	101158	101930	101573	101059	103017	101792	101658	101419	102535	102709	103389	103330	103741	103374	105784	105737	105490	105543	105824	105834	105341	105815	105524	102882	103097	102260	103188	103094	102263	102665	103595	102555	103252	102079	104103	102752	104342	104711	104268	104315	105288	103695	103987	105490	105925	105666	105877	106109	105944	106357	105812	105629	106344	101925	101807	103476	102058	101889	100785	102602	103844	102194	103867	102384	102253	103652	101543	102403	101757	101251	101846	103216	101253	100871	101407	101704	101587	100360	101926	103330	102775	101869	80117	102385	101522	101371	104853	104961	105200	104451	102622	101374	100309	101412	101982	102471	103396	105717	103616	102996	104816	105871	105910	105915	105788	105879	105946	105917	105979	106380	105962	105718	106367	105707	106030	105965	105916	105904	106144	105840	102502	103846	104095	103985	104055	103394	103822	103479	105463	104722	104445	105463	105079	105162	105389	105550	105553	101996	104420	104187	103941	104421	103952	105543	105187	103162	104847	106074	105938	105981	105985	105504	105945	106009	105859	106006	105824	101500	101722	101057	102104	102162	100955	101207	101535	100826	100969	101573	101492	100685	101090	102223	101110	102197	101420	102864	103013	101093	101347	102157	102412	102532	100799	101249	102653	102682	101486	100916	101522	101089	101424	101781	105813	105381	105797	102630	105375	105121	105312	103668	103626	102557	105777	104808	105625	105729	104470	105220	102157	103753	104266	103071	104584	105312	104204	102235	102123	102887	102560	102259	103208	102261	102845	102126	101191	103186	104591	103365	103478	103575	101808	102130	103158	101300	102704	101654	102656	101582	103165	104640	102300	104537	104668	102905	100948	102872	102850	102020	102824	101580	102268	98437	102945	102438	103323	102402	106379	106380	106044	106380	106380	106380	106193	106362	102102	103454	102170	102332	102693	101862	102681	103769	102984
DU-254	101132	103589	101048	101157	101929	101573	101059	103016	101791	101658	101419	102534	102708	103388	103329	103740	103373	105467	105462	105265	105379	105461	105483	105212	105552	105326	102882	103096	102260	103187	103093	102262	102664	103594	102555	103251	102079	104102	102751	104341	104710	104267	104314	105237	103694	103986	105452	105561	105360	105521	105745	105580	105940	105662	105425	105943	101924	101806	103475	102057	101889	100785	102602	103843	102194	103866	102383	102252	103651	101542	102402	101756	101250	101845	103216	101252	100871	101406	101703	101586	100360	101926	103329	102775	101869	80117	102385	101522	101371	104852	104960	105124	104450	102622	101373	100309	101411	101981	102470	103395	105426	103616	102996	104755	105553	105546	105551	105426	105530	105582	105553	105621	105962	106080	105470	105959	105378	105667	105601	105552	105540	105781	105476	102501	103845	104094	103985	104054	103394	103821	103479	105393	104721	104444	105403	105078	105145	105346	105374	105385	101996	104419	104187	103940	104421	103952	105270	105104	103162	104846	105710	105574	105617	105623	105344	105627	105646	105590	105643	105544	101499	101721	101056	102103	102161	100955	101206	101534	100825	100968	101572	101491	100685	101089	102222	101110	102196	101419	102863	103012	101092	101346	102156	102411	102531	100798	101248	102652	102681	101485	100915	101521	101088	101423	101780	105449	105312	105433	102629	105307	105109	105303	103667	103625	102557	105429	104807	105396	105430	104469	105219	102157	103752	104265	103071	104584	105277	104203	102235	102122	102886	102560	102259	103207	102260	102845	102126	101191	103185	104590	103364	103477	103575	101807	102129	103157	101300	102703	101653	102655	101582	103164	104640	102299	104536	104667	102904	100948	102871	102849	102020	102824	101580	102267	98437	102944	102437	103322	102401	105962	105962	105885	105962	105962	105962	105938	105962	102101	103454	102170	102331	102692	101862	102681	103768	102983
DU-270	101115	103320	101036	101149	101898	101559	101051	102936	101735	101650	101412	102468	102669	103245	103236	103641	103281	105683	105715	105532	105567	105727	105728	105382	105574	105517	102874	102994	102203	103039	103047	102186	102547	103455	102482	103155	102066	104085	102739	104324	104692	104250	104296	105274	103666	103970	105286	105740	105632	105734	105740	105735	105773	105440	105648	105777	101916	101796	103414	102023	101880	100778	102505	103698	102185	103792	102339	102200	103521	101530	102329	101744	101236	101812	103130	101244	100863	101387	101693	101567	100353	101918	103261	102725	101862	80115	102376	101513	101363	104840	104856	105197	104395	102611	101366	100301	101401	101971	102461	103385	105699	103601	102984	104813	105699	105730	105717	105698	105724	105727	105734	105736	105718	105470	105797	105762	105659	105732	105735	105726	105724	105767	105734	102359	103561	103782	103709	103722	103381	103525	103224	105426	104653	104399	105384	105059	105093	105313	105512	105497	101983	104405	104174	103928	104407	103939	105562	105200	103149	104831	105735	105735	105736	105740	105374	105717	105738	105696	105735	105704	101490	101660	101044	102029	102099	100946	101198	101527	100817	100960	101558	101446	100677	101081	102167	101102	102145	101400	102785	103002	101087	101340	102151	102341	102524	100792	101241	102646	102673	101478	100909	101514	101083	101420	101773	105724	105377	105726	102625	105318	105071	105290	103650	103609	102544	105730	104787	105604	105671	104372	105091	102120	103644	104213	103065	104579	105199	104145	102225	102115	102877	102552	102252	103196	102254	102838	102119	101184	103122	104514	103220	103323	103426	101786	102118	103042	101294	102668	101646	102629	101573	103150	104511	102292	104527	104572	102898	100943	102725	102749	102014	102730	101570	102258	98431	102875	102398	103215	102318	105795	105797	105570	105796	105797	105796	105685	105793	101990	103187	101990	102241	102490	101776	102462	103463	102770
DU-297	101130	103588	101046	101157	101929	101571	101057	103015	101790	101656	101417	102533	102707	103387	103329	103739	103372	105837	105784	105536	105557	105875	105894	105385	105836	105564	102880	103094	102257	103185	103091	102260	102662	103592	102552	103249	102076	104100	102749	104339	104708	104265	104312	105292	103692	103984	105487	105975	105724	105927	106159	105994	106435	105839	105667	106424	101923	101805	103474	102056	101887	100783	102600	103842	102192	103865	102382	102251	103650	101541	102401	101754	101249	101844	103214	101251	100869	101404	101702	101585	100358	101924	103328	102773	101867	80115	102382	101520	101369	104851	104959	105205	104449	102619	101372	100307	101410	101980	102468	103393	105761	103613	102993	104817	105929	105961	105966	105840	105937	105997	105969	106029	106367	105959	105762	106459	105750	106080	106016	105966	105955	106194	105890	102499	103843	104092	103982	104052	103391	103819	103476	105460	104719	104442	105460	105076	105159	105387	105556	105554	101993	104417	104184	103938	104418	103949	105589	105215	103159	104844	106124	105988	106031	106037	105534	106003	106060	105903	106056	105869	101497	101719	101055	102102	102160	100953	101206	101533	100824	100966	101572	101490	100683	101088	102221	101108	102195	101417	102862	103011	101090	101345	102155	102410	102530	100796	101247	102650	102680	101483	100914	101520	101087	101422	101778	105864	105381	105848	102627	105378	105118	105309	103665	103623	102554	105834	104805	105633	105747	104468	105218	102155	103751	104264	103069	104582	105317	104202	102232	102121	102885	102558	102257	103205	102259	102843	102124	101189	103183	104589	103362	103475	103572	101805	102127	103156	101298	102702	101651	102654	101579	103163	104638	102298	104535	104665	102903	100945	102870	102848	102018	102821	101578	102265	98435	102943	102436	103321	102400	106457	106458	106057	106458	106458	106458	106280	106438	102099	103451	102167	102329	102690	101859	102678	103766	102981
DU-443	101076	103288	100988	101102	101850	101511	101008	102904	101705	101621	101387	102421	102622	103196	103189	103592	103233	105685	105684	105480	105508	105763	105763	105327	105592	105485	102822	102935	102144	102979	102988	102126	102487	103396	102422	103095	102014	104032	102678	104268	104643	104191	104238	105218	103609	103912	105230	105776	105645	105765	105795	105773	105774	105353	105591	105778	101859	101740	103357	101994	101852	100755	102476	103668	102131	103735	102282	102143	103464	101504	102272	101687	101179	101754	103108	101226	100837	101371	101677	101510	100312	101862	103204	102669	101834	80103	102347	101484	101338	104827	104845	105186	104340	102555	101314	100247	101346	101916	102406	103329	105695	103541	102928	104765	105714	105769	105754	105735	105751	105765	105771	105769	105707	105378	105659	105750	105800	105786	105773	105770	105759	105795	105771	102298	103519	103739	103667	103680	103326	103482	103169	105372	104595	104339	105329	105004	105036	105271	105497	105481	101931	104355	104123	103877	104356	103884	105553	105139	103097	104783	105790	105772	105772	105777	105321	105732	105776	105667	105772	105679	101460	101625	101010	101995	102067	100913	101165	101495	100786	100929	101504	101390	100623	101026	102111	101047	102089	101345	102729	102944	101026	101280	102091	102281	102463	100731	101182	102588	102612	101421	100849	101456	101022	101362	101711	105762	105323	105763	102573	105263	105014	105235	103591	103555	102493	105764	104731	105578	105695	104310	105028	102060	103581	104152	103005	104529	105137	104083	102174	102060	102829	102498	102204	103141	102202	102790	102069	101135	103063	104457	103160	103263	103366	101726	102056	102982	101241	102608	101587	102570	101515	103090	104451	102234	104467	104512	102841	100880	102664	102689	101953	102668	101511	102200	98392	102810	102335	103156	102259	105796	105797	105521	105798	105798	105797	105627	105790	101930	103140	101930	102182	102429	101715	102401	103419	102709
DU-4A	101123	103557	101039	101148	101919	101564	101051	103006	101782	101649	101410	102525	102699	103378	103319	103730	103364	105960	105939	105600	105597	106205	106089	105419	105875	105603	102873	103088	102250	103177	103085	102252	102654	103585	102545	103241	102073	104101	102742	104335	104710	104259	104306	105286	103688	103979	105481	106289	105949	106207	106458	106324	106369	105683	105755	106345	101914	101798	103465	102047	101882	100776	102593	103834	102185	103856	102373	102242	103641	101534	102392	101747	101241	101835	103206	101245	100862	101398	101694	101577	100359	101917	103319	102765	101860	80117	102376	101517	101365	104845	104952	105204	104440	102613	101367	100300	101403	101973	102464	103386	105826	103606	102990	104815	106152	106331	106335	106152	106149	106287	106340	106178	106030	105667	105732	106080	105786	106463	106385	106341	106323	106456	106260	102491	103806	104027	103955	103967	103385	103769	103469	105454	104712	104434	105453	105069	105151	105379	105562	105549	101990	104413	104182	103936	104415	103946	105756	105230	103156	104840	106454	106328	106381	106332	105560	106309	106356	106099	106291	106114	101491	101711	101047	102093	102152	100947	101197	101526	100817	100960	101563	101481	100676	101080	102212	101101	102186	101410	102853	103003	101083	101337	102147	102401	102524	100789	101240	102646	102672	101479	100907	101515	101079	101414	101771	106241	105382	106199	102623	105376	105110	105303	103659	103616	102548	105963	104799	105647	105887	104460	105209	102147	103742	104258	103062	104580	105309	104193	102228	102116	102881	102554	102253	103200	102251	102839	102120	101185	103177	104580	103354	103467	103565	101798	102120	103147	101291	102693	101644	102645	101573	103155	104630	102290	104527	104658	102895	100939	102860	102840	102011	102816	101571	102258	98437	102934	102427	103313	102391	106442	106398	105817	106463	106461	106461	106065	106334	102091	103434	102160	102321	102682	101852	102671	103707	102972
DU014LP012	101130	103508	101046	101156	101927	101571	101058	103015	101791	101656	101417	102534	102708	103387	103328	103739	103373	105973	105995	105604	105603	106325	106123	105424	105863	105619	102878	103092	102254	103182	103089	102257	102659	103590	102549	103246	102070	104095	102743	104332	104702	104260	104306	105285	103686	103978	105474	106573	106132	106228	107138	106481	106416	105619	105755	106376	101922	101806	103475	102056	101888	100783	102600	103843	102193	103866	102383	102252	103651	101542	102402	101755	101250	101845	103214	101252	100869	101405	101702	101586	100359	101925	103329	102774	101867	80116	102382	101521	101369	104850	104958	105209	104450	102620	101373	100308	101411	101981	102465	103390	105828	103608	102990	104821	106216	107034	106773	106309	106217	106483	106609	106161	105965	105601	105735	106016	105773	106385	107170	107102	106897	107164	106800	102490	103746	103964	103893	103904	103385	103706	103406	105453	104713	104436	105452	105068	105151	105379	105561	105547	101987	104411	104179	103933	104412	103943	105760	105225	103153	104836	107119	106741	106867	106800	105562	106703	106707	106157	106308	106292	101498	101719	101055	102102	102160	100954	101205	101534	100825	100967	101572	101491	100684	101089	102222	101109	102196	101418	102863	103009	101088	101343	102153	102408	102529	100794	101245	102648	102678	101481	100913	101518	101085	101420	101776	106638	105379	106425	102625	105376	105110	105302	103660	103617	102553	105963	104798	105646	105907	104467	105216	102153	103749	104262	103067	104580	105316	104200	102230	102120	102885	102557	102256	103205	102258	102842	102123	101189	103181	104583	103359	103472	103569	101802	102125	103154	101296	102700	101649	102652	101577	103161	104636	102296	104533	104663	102901	100943	102865	102847	102016	102820	101576	102263	98433	102941	102434	103320	102398	106609	106464	105751	106908	106784	107145	106080	106376	102092	103369	102161	102320	102672	101851	102646	103644	102952
DU037LP013	101120	103456	101035	101145	101919	101562	101047	103004	101779	101646	101409	102524	102698	103378	103318	103729	103361	105963	105984	105595	105592	106315	106111	105415	105811	105609	102870	103081	102246	103173	103078	102247	102649	103579	102540	103236	102066	104087	102733	104325	104696	104249	104295	105275	103679	103970	105422	106577	106124	106218	107215	106450	106368	105568	105747	106328	101914	101795	103464	102046	101877	100773	102589	103831	102183	103855	102373	102241	103640	101531	102391	101745	101239	101834	103204	101240	100858	101395	101692	101575	100357	101915	103318	102763	101857	80115	102375	101512	101364	104839	104947	105198	104439	102612	101366	100299	101402	101972	102459	103380	105818	103600	102983	104813	106192	107141	106758	106298	106206	106440	106581	106120	105916	105552	105726	105966	105770	106341	107102	107553	106933	107431	106818	102481	103695	103914	103844	103855	103377	103658	103357	105444	104703	104426	105445	105059	105141	105369	105552	105536	101983	104405	104173	103928	104407	103936	105756	105220	103148	104833	107210	106726	106828	106743	105543	106652	106655	106122	106257	106283	101488	101709	101044	102091	102149	100942	101194	101523	100813	100956	101563	101480	100673	101078	102212	101099	102185	101408	102852	103000	101078	101332	102144	102397	102517	100784	101235	102641	102667	101474	100901	101510	101075	101411	101767	106640	105374	106419	102621	105367	105100	105291	103649	103608	102543	105953	104787	105637	105897	104455	105199	102142	103738	104255	103056	104574	105306	104189	102225	102112	102878	102551	102248	103195	102249	102837	102116	101180	103171	104574	103349	103458	103559	101793	102117	103143	101286	102689	101639	102641	101567	103150	104625	102285	104523	104653	102891	100934	102856	102835	102006	102809	101565	102254	98432	102930	102423	103309	102387	106560	106415	105701	106903	106742	107259	106029	106327	102082	103320	102126	102312	102623	101842	102595	103595	102903
DU059LP015	101131	103462	101047	101157	101929	101573	101058	103000	101775	101641	101402	102534	102709	103386	103330	103741	103373	105958	105980	105587	105588	106310	106107	105409	105817	105605	102864	103076	102240	103163	103073	102242	102644	103574	102534	103231	102055	104079	102729	104317	104685	104244	104290	105269	103671	103963	105410	106551	106097	106212	106906	106444	106371	105572	105740	106332	101908	101790	103459	102041	101872	100778	102585	103823	102177	103850	102367	102236	103635	101527	102386	101738	101234	101829	103200	101236	100854	101390	101688	101570	100347	101909	103313	102758	101852	80116	102366	101505	101354	104834	104943	105193	104434	102603	101357	100292	101395	101965	102450	103375	105812	103595	102975	104806	106182	106884	106687	106294	106202	106419	106575	106107	105904	105540	105724	105955	105759	106323	106897	106933	106948	106946	106737	102476	103684	103903	103833	103844	103370	103647	103346	105437	104697	104421	105437	105052	105135	105363	105545	105530	101972	104395	104163	103917	104396	103928	105744	105209	103138	104821	106922	106682	106738	106657	105531	106627	106637	106109	106245	106276	101480	101702	101040	102087	102144	100954	101206	101519	100809	100951	101557	101475	100668	101073	102207	101093	102180	101402	102847	102998	101076	101331	102142	102396	102516	100782	101233	102636	102666	101469	100900	101506	101073	101409	101763	106591	105367	106413	102614	105361	105094	105285	103644	103603	102536	105947	104781	105630	105891	104454	105198	102141	103737	104250	103055	104568	105304	104188	102214	102106	102870	102544	102242	103191	102244	102828	102109	101174	103165	104568	103343	103447	103550	101787	102114	103158	101300	102704	101653	102656	101581	103165	104640	102300	104537	104667	102906	100931	102865	102834	102020	102807	101580	102267	98421	102929	102438	103308	102402	106537	106403	105689	106769	106717	106946	106017	106315	102077	103309	102114	102307	102612	101836	102584	103584	102892
DU078LP011	101132	103589	101048	101157	101929	101573	101059	103016	101791	101658	101419	102534	102708	103388	103329	103740	103373	105977	105998	105609	105606	106327	106124	105428	105885	105623	102882	103096	102260	103187	103093	102262	102664	103594	102555	103251	102076	104099	102748	104338	104707	104264	104311	105292	103691	103983	105486	106594	106140	106236	107444	106532	106596	105797	105763	106555	101924	101806	103475	102057	101889	100785	102602	103843	102194	103866	102383	102252	103651	101542	102402	101756	101250	101845	103216	101252	100871	101406	101703	101586	100360	101926	103329	102775	101869	80117	102385	101522	101371	104852	104960	105211	104450	102622	101373	100309	101411	101981	102470	103395	105835	103616	102996	104824	106218	107136	106781	106312	106219	106484	106620	106187	106144	105781	105767	106194	105795	106456	107164	107431	106946	107782	106836	102496	103841	104089	103982	104049	103391	103816	103474	105460	104718	104441	105460	105075	105158	105386	105568	105553	101993	104416	104184	103937	104418	103949	105767	105232	103159	104843	107424	106750	106895	106828	105570	106730	106748	106164	106350	106299	101499	101721	101056	102103	102161	100955	101206	101534	100825	100968	101572	101491	100685	101089	102222	101110	102196	101419	102863	103012	101092	101346	102156	102411	102531	100798	101248	102652	102681	101485	100915	101521	101088	101423	101780	106649	105382	106427	102629	105383	105117	105308	103664	103622	102557	105969	104804	105653	105913	104469	105219	102157	103752	104265	103071	104584	105319	104203	102235	102122	102886	102560	102259	103207	102260	102845	102126	101191	103185	104590	103364	103477	103575	101807	102129	103157	101300	102703	101653	102655	101582	103164	104640	102299	104536	104668	102904	100948	102870	102849	102020	102824	101580	102267	98437	102944	102437	103322	102401	106789	106643	105929	107132	106969	107475	106258	106555	102097	103449	102167	102326	102687	101857	102676	103763	102978
DU079LP010	101132	103380	101048	101158	101930	101573	101059	102995	101785	101658	101419	102523	102708	103305	103296	103701	103341	105959	105984	105608	105606	106320	106103	105427	105738	105622	102882	103057	102253	103102	103089	102244	102611	103518	102540	103218	102076	104099	102748	104338	104707	104264	104311	105292	103691	103983	105352	106430	106116	106194	106837	106432	106291	105496	105762	106251	101919	101807	103468	102058	101889	100785	102567	103758	102194	103846	102379	102246	103581	101543	102384	101757	101251	101846	103190	101253	100871	101407	101704	101587	100360	101926	103311	102767	101869	80117	102385	101522	101371	104852	104918	105211	104443	102622	101374	100309	101412	101982	102471	103395	105835	103609	102996	104823	106118	106775	106612	106304	106149	106356	106520	106041	105840	105476	105734	105890	105771	106260	106800	106818	106737	106836	106838	102420	103621	103836	103766	103776	103390	103579	103283	105459	104711	104441	105445	105075	105151	105379	105568	105553	101993	104416	104183	103937	104417	103948	105767	105231	103158	104843	106781	106602	106654	106540	105473	106534	106542	106050	106187	106231	101500	101715	101057	102084	102155	100955	101207	101535	100826	100969	101573	101486	100685	101090	102216	101110	102190	101420	102843	103012	101093	101347	102157	102394	102532	100799	101249	102653	102682	101486	100916	101522	101089	101424	101781	106622	105382	106426	102630	105376	105116	105308	103664	103622	102556	105967	104804	105653	105913	104428	105147	102157	103700	104258	103070	104583	105255	104196	102235	102123	102886	102560	102259	103207	102261	102844	102126	101191	103178	104573	103283	103386	103489	101808	102130	103102	101300	102704	101654	102656	101582	103164	104570	102300	104536	104632	102905	100948	102778	102807	102020	102787	101580	102268	98437	102924	102434	103273	102377	106468	106339	105627	106693	106639	106833	105956	106251	102053	103244	102054	102297	102548	101836	102524	103517	102826
DUD_LP_132_Du-283	101133	102206	101049	101159	101811	101545	101060	102153	101756	101602	101414	102024	101971	102197	102145	102188	102117	102411	102411	102303	102360	102406	102428	102258	102464	102317	102019	102216	102029	102242	101952	102095	102208	102275	102015	102224	101835	102225	102040	102226	102236	102204	102230	102350	102188	102157	102500	102499	102311	102463	102499	102458	102480	102479	102375	102483	101839	101755	102222	101891	101826	100785	101988	102243	101947	102227	102055	101980	102278	101522	101963	101646	101222	101751	102176	101254	100872	101383	101651	101554	100360	101755	102224	102129	101772	80117	101910	101485	101356	102237	102317	102264	102232	102058	101375	100309	101413	101873	102062	102149	102369	102166	102092	102112	102474	102484	102474	102371	102475	102484	102464	102497	102502	102501	102359	102499	102298	102491	102490	102481	102476	102496	102420	102503	102498	102502	102499	102502	101973	102494	102428	102388	102283	102261	102402	102303	102359	102378	102325	102328	101861	102216	102126	102077	102117	102208	102258	102221	102080	102233	102493	102500	102499	102499	102478	102498	102499	102497	102499	102491	101499	101697	101056	101883	101952	100956	101208	101488	100827	100970	101573	101478	100686	101091	102046	101111	101967	101399	102165	102082	101094	101348	101962	102136	102067	100800	101250	102071	102047	101477	100917	101494	101090	101425	101756	102395	102314	102379	102022	102376	102323	102367	102175	102164	101585	102370	102289	102339	102373	102279	102409	101944	102254	102251	102101	102185	102393	102208	101898	101931	102024	102049	101992	102110	101974	101987	101980	101137	102174	102295	102275	102283	102301	101769	101936	102251	101301	102095	101614	102078	101535	102091	102341	102009	102190	102352	102064	100948	102203	102179	101861	102187	101579	102001	98437	102206	101967	102243	102104	102501	102502	102502	102502	102502	102502	102496	102502	102037	102436	102025	102170	102293	101822	102269	102466	102393
DUD_LP_133_Du-284	101133	103459	101049	101159	101931	101574	101060	102993	101793	101658	101419	102536	102710	103265	103206	103353	103225	103613	103613	103505	103562	103608	103630	103460	103737	103519	102832	103092	102261	103180	102986	102263	102666	103452	102556	103234	102080	103424	102728	103425	103435	103403	103429	103552	103352	103346	103760	103703	103513	103665	103845	103725	103824	103824	103577	103827	101922	101808	103292	102059	101890	100785	102603	103441	102194	103426	102385	102254	103423	101544	102403	101758	101252	101846	103168	101254	100872	101408	101705	101588	100360	101927	103257	102776	101870	80117	102386	101523	101372	103439	103519	103466	103431	102623	101375	100309	101413	101983	102472	103228	103571	103362	102989	103311	103700	103689	103698	103573	103677	103729	103696	103763	103846	103845	103561	103843	103519	103806	103746	103695	103684	103841	103621	102498	103847	103824	103780	103818	103103	103724	103443	103590	103482	103460	103604	103505	103561	103580	103527	103530	101997	103415	103323	103271	103316	103381	103460	103423	103115	103435	103836	103720	103762	103765	103700	103773	103790	103737	103788	103693	101501	101723	101058	102105	102162	100956	101208	101536	100827	100970	101573	101493	100686	101091	102224	101111	102197	101421	102865	102994	101094	101348	102158	102412	102532	100800	101250	102654	102683	101487	100917	101523	101090	101425	101782	103597	103516	103581	102631	103578	103523	103569	103335	103281	102499	103572	103491	103541	103575	103478	103617	102158	103444	103450	102936	103384	103595	103403	102236	102124	102861	102561	102260	103158	102262	102829	102127	101191	103107	103494	103275	103393	103429	101809	102131	103064	101301	102697	101655	102657	101583	103088	103540	102301	103389	103554	102870	100948	102867	102851	102021	102825	101581	102269	98437	102943	102439	103279	102403	103845	103846	103844	103846	103846	103846	103842	103846	102103	103405	102171	102328	102689	101862	102681	103696	102980
DUD_LP_134_Du-285	101132	103581	101048	101158	101930	101573	101060	103017	101793	101658	101419	102536	102710	103375	103330	103554	103353	103828	103827	103719	103776	103823	103846	103674	103951	103733	102865	103098	102260	103188	103053	102263	102665	103551	102555	103252	102079	103632	102752	103640	103651	103619	103645	103767	103535	103561	103975	103921	103727	103880	104092	103941	104072	104068	103791	104076	101925	101807	103458	102058	101890	100785	102603	103649	102194	103634	102384	102253	103580	101544	102403	101757	101251	101846	103211	101254	100871	101408	101704	101587	100360	101926	103330	102775	101869	80117	102385	101523	101371	103655	103734	103681	103645	102622	101374	100309	101412	101982	102471	103305	103786	103539	102966	103525	103915	103909	103913	103787	103892	103945	103916	103983	104095	104094	103782	104092	103739	104027	103964	103914	103903	104089	103836	102502	103824	104096	103920	103997	103280	103805	103458	103806	103697	103674	103819	103720	103775	103795	103742	103746	101996	103625	103538	103469	103530	103581	103674	103638	103151	103649	104062	103934	103977	103983	103914	103989	104007	103952	104003	103907	101501	101722	101057	102104	102163	100956	101207	101536	100827	100970	101573	101492	100685	101090	102223	101110	102197	101420	102864	103013	101093	101347	102157	102412	102533	100799	101249	102653	102682	101486	100917	101522	101089	101424	101781	103812	103731	103797	102630	103793	103738	103785	103481	103478	102557	103790	103707	103756	103791	103694	103832	102157	103622	103665	102970	103598	103809	103615	102235	102123	102871	102560	102259	103198	102261	102845	102126	101192	103166	103708	103333	103459	103545	101808	102130	103110	101300	102704	101654	102656	101582	103150	103754	102300	103603	103768	102905	100948	102872	102851	102020	102825	101580	102268	98437	102945	102438	103324	102402	104094	104095	104093	104096	104095	104095	104086	104095	102102	103432	102170	102333	102693	101862	102681	103769	102984
DUD_LP_135_Du-286	101133	103519	101049	101158	101930	101574	101060	103003	101792	101658	101419	102535	102709	103356	103286	103494	103270	103759	103758	103651	103707	103753	103775	103606	103882	103665	102823	103060	102261	103188	102981	102262	102665	103473	102556	103231	102080	103569	102752	103570	103580	103548	103574	103697	103518	103488	103905	103851	103659	103811	103983	103870	103964	103960	103723	103966	101925	101807	103395	102058	101890	100785	102603	103550	102194	103565	102384	102253	103498	101543	102402	101757	101251	101845	103164	101253	100872	101407	101704	101587	100360	101927	103299	102776	101870	80117	102386	101523	101372	103584	103664	103611	103576	102623	101374	100309	101412	101982	102471	103263	103716	103439	102970	103457	103845	103838	103843	103719	103822	103874	103844	103911	103985	103985	103709	103982	103667	103955	103893	103844	103833	103982	103766	102499	103780	103920	103986	103868	103242	103703	103414	103736	103627	103605	103750	103650	103706	103725	103672	103675	101997	103560	103469	103401	103462	103536	103605	103569	103154	103580	103978	103865	103907	103913	103846	103918	103936	103882	103933	103838	101500	101722	101057	102104	102161	100956	101207	101535	100826	100969	101572	101492	100686	101090	102223	101111	102196	101420	102846	102993	101093	101347	102157	102411	102531	100799	101249	102653	102682	101486	100916	101522	101089	101424	101781	103742	103661	103726	102630	103723	103668	103714	103413	103363	102524	103719	103636	103686	103720	103623	103762	102158	103562	103595	102928	103530	103740	103537	102236	102123	102848	102561	102258	103149	102261	102841	102127	101191	103185	103639	103312	103437	103510	101808	102130	103055	101301	102704	101654	102656	101583	103134	103686	102300	103534	103700	102905	100948	102870	102850	102021	102825	101581	102268	98437	102945	102438	103302	102402	103985	103985	103983	103985	103985	103985	103979	103985	102101	103453	102171	102330	102691	101861	102680	103714	102982
DUD_LP_136_Du-287	101132	103517	101048	101158	101931	101574	101060	103014	101793	101658	101419	102537	102711	103354	103284	103502	103331	103768	103767	103659	103716	103763	103786	103614	103891	103674	102873	103098	102261	103188	103001	102263	102665	103547	102555	103252	102079	103560	102752	103580	103591	103559	103585	103707	103455	103501	103915	103861	103667	103820	104046	103881	104032	104028	103732	104037	101925	101807	103412	102058	101890	100785	102604	103584	102194	103575	102384	102253	103561	101545	102403	101757	101251	101846	103209	101254	100871	101409	101705	101587	100360	101926	103302	102775	101869	80117	102385	101523	101371	103596	103675	103622	103585	102622	101374	100309	101412	101982	102471	103319	103726	103488	102967	103465	103855	103850	103853	103727	103832	103885	103856	103923	104055	104054	103722	104052	103680	103967	103904	103855	103844	104049	103776	102502	103818	103997	103868	104057	103228	103789	103466	103747	103637	103614	103760	103660	103715	103735	103682	103686	101996	103559	103478	103424	103470	103505	103614	103578	103143	103590	104011	103874	103917	103923	103854	103929	103947	103893	103943	103847	101501	101722	101057	102104	102164	100956	101207	101537	100827	100970	101574	101492	100685	101090	102224	101110	102197	101420	102864	103014	101093	101347	102158	102412	102533	100799	101249	102653	102682	101486	100917	101522	101089	101425	101781	103752	103671	103738	102631	103734	103678	103725	103403	103446	102530	103731	103647	103696	103732	103634	103772	102157	103549	103605	102978	103538	103749	103550	102235	102123	102872	102561	102259	103207	102261	102845	102126	101192	103148	103648	103329	103442	103516	101808	102131	103107	101300	102704	101654	102656	101582	103156	103694	102300	103543	103708	102906	100948	102872	102851	102020	102825	101580	102268	98437	102934	102438	103292	102402	104054	104055	104053	104056	104056	104055	104046	104055	102102	103426	102170	102334	102693	101862	102681	103762	102984
DUD_LP_137_Du-288	101012	103104	100920	101030	101781	101442	100956	102757	101618	101555	101358	102338	102553	103073	103069	103269	103149	103382	103386	103376	103381	103381	103381	103380	103359	103381	102815	102845	102089	102898	102853	102058	102419	103230	102359	102993	102019	103388	102647	103391	103386	103394	103394	103394	103284	103387	103395	103394	103395	103394	103394	103394	103373	103373	103395	103375	101780	101664	103187	101905	101766	100759	102390	103280	102079	103333	102221	102081	103219	101399	102220	101628	101117	101694	102959	101116	100761	101269	101562	101449	100353	101811	103051	102600	101763	80117	102316	101384	101289	103338	103322	103292	103376	102506	101263	100235	101285	101840	102369	103118	103391	103283	102823	103354	103373	103378	103369	103374	103376	103379	103376	103389	103394	103394	103381	103391	103326	103385	103385	103377	103370	103391	103390	101973	103103	103280	103242	103228	103395	103104	102875	103394	103393	103395	103393	103391	103395	103394	103394	103394	101931	103392	103392	103390	103392	103362	103388	103390	103020	103391	103394	103395	103394	103394	103395	103393	103394	103392	103394	103394	101400	101545	100927	101912	101969	100839	101083	101411	100702	100848	101438	101327	100573	100950	102047	101007	102025	101283	102654	102892	100972	101221	102017	102185	102388	100673	101130	102536	102543	101346	100799	101396	100971	101303	101642	103372	103371	103376	102554	103394	103394	103394	103304	103292	102428	103394	103394	103393	103394	103382	103382	102001	103319	103378	102840	103375	103378	103371	102182	102012	102782	102447	102160	103027	102185	102748	102020	101091	102975	103390	103026	103119	103180	101657	101977	102825	101204	102541	101537	102497	101458	102984	103366	102178	103365	103367	102783	100822	102593	102628	101905	102598	101454	102142	98413	102692	102263	103020	102197	103394	103394	103394	103394	103394	103394	103391	103394	101740	102849	101693	101994	102297	101604	102266	103070	102449
DUD_LP_138_Du-289	101133	103422	101049	101159	101932	101575	101060	102993	101793	101658	101419	102537	102711	103232	103197	103312	103215	103571	103571	103463	103520	103566	103588	103418	103695	103478	102862	103095	102262	103158	102978	102263	102666	103416	102556	103223	102077	103382	102731	103383	103393	103361	103387	103510	103281	103304	103718	103664	103471	103623	103818	103683	103800	103796	103536	103804	101926	101808	103272	102059	101890	100785	102604	103409	102194	103373	102385	102254	103371	101545	102403	101758	101252	101846	103155	101254	100872	101409	101706	101588	100360	101927	103230	102776	101870	80117	102386	101523	101372	103398	103478	103425	103389	102623	101375	100309	101413	101983	102472	103177	103529	103317	102909	103269	103658	103652	103656	103531	103635	103687	103659	103726	103822	103821	103525	103819	103482	103769	103706	103658	103647	103816	103579	102494	103724	103805	103703	103789	103104	103824	103475	103549	103440	103418	103563	103463	103519	103538	103485	103488	101997	103373	103281	103229	103274	103363	103418	103381	103042	103394	103798	103678	103720	103726	103658	103731	103749	103696	103746	103651	101501	101723	101058	102105	102163	100956	101208	101537	100827	100970	101574	101493	100686	101091	102225	101111	102197	101421	102865	102995	101094	101348	102159	102412	102532	100800	101250	102654	102683	101487	100917	101523	101090	101426	101782	103555	103474	103540	102632	103537	103481	103527	103309	103287	102528	103533	103449	103499	103534	103436	103575	102158	103388	103408	102944	103342	103553	103361	102236	102124	102824	102562	102260	103139	102262	102823	102127	101191	103068	103452	103250	103352	103363	101809	102132	103063	101301	102705	101655	102647	101583	103057	103498	102301	103347	103512	102862	100948	102872	102851	102021	102825	101581	102269	98437	102905	102439	103233	102403	103821	103822	103820	103822	103823	103822	103814	103822	102103	103396	102171	102334	102694	101863	102682	103712	102985
DUD_LP_139_Du-290	101133	103114	101049	101158	101930	101574	101060	102852	101792	101658	101419	102521	102649	102978	102928	103010	102986	103275	103274	103167	103223	103269	103291	103122	103398	103181	102781	102954	102261	103011	102769	102262	102648	103153	102508	103013	102078	103085	102635	103086	103096	103064	103090	103213	102980	103007	103421	103364	103175	103327	103475	103386	103458	103455	103239	103460	101922	101807	102971	102058	101890	100785	102542	103112	102176	103072	102373	102245	103097	101543	102395	101757	101251	101845	102954	101253	100872	101407	101704	101587	100360	101927	102993	102723	101870	80117	102377	101523	101372	103100	103180	103127	103092	102573	101374	100309	101412	101982	102441	102934	103232	103014	102804	102973	103361	103352	103358	103235	103338	103389	103359	103426	103479	103479	103224	103476	103169	103469	103406	103357	103346	103474	103283	102428	103443	103458	103414	103466	102875	103475	103480	103252	103143	103121	103266	103166	103222	103241	103188	103191	101997	103076	102985	102932	102978	103071	103121	103085	102820	103096	103470	103381	103423	103426	103362	103434	103449	103398	103449	103354	101500	101722	101057	102104	102161	100956	101207	101535	100826	100969	101572	101492	100686	101090	102223	101111	102182	101420	102828	102867	101093	101347	102157	102354	102510	100799	101249	102641	102640	101486	100916	101522	101089	101424	101781	103258	103177	103242	102604	103239	103184	103230	103022	102996	102346	103234	103152	103202	103236	103139	103278	102158	103087	103111	102782	103046	103256	103064	102232	102123	102737	102522	102260	102934	102255	102623	102127	101191	102912	103155	103038	103106	103098	101808	102100	102879	101301	102614	101654	102613	101583	102855	103202	102280	103050	103216	102759	100948	102826	102795	102021	102774	101581	102252	98437	102771	102422	102993	102389	103479	103479	103479	103479	103479	103479	103472	103479	102102	103233	102171	102329	102689	101863	102682	103420	102971
KIRN_LP_179_Du-421	101132	103348	101048	101157	101926	101575	101060	102962	101762	101658	101419	102496	102698	103272	103263	103668	103308	105439	105438	105300	105399	105447	105449	105216	105374	105330	102882	103024	102235	103068	103077	102215	102576	103485	102512	103184	102079	104103	102751	104341	104711	104268	104315	105243	103694	103986	105312	105463	105385	105463	105464	105464	105441	105238	105432	105445	101918	101806	103440	102049	101890	100785	102535	103725	102194	103818	102365	102226	103547	101544	102355	101756	101250	101837	103158	101253	100871	101408	101704	101586	100360	101926	103287	102752	101869	80117	102385	101523	101371	104854	104886	105167	104421	102622	101373	100309	101411	101981	102470	103395	105443	103610	102996	104790	105436	105448	105436	105419	105443	105447	105436	105456	105463	105393	105426	105460	105372	105454	105453	105444	105437	105460	105459	102388	103590	103806	103736	103747	103394	103549	103252	105466	104687	104431	105387	105074	105126	105311	105385	105393	101996	104419	104188	103941	104421	103952	105288	105133	103162	104848	105457	105463	105463	105463	105277	105463	105464	105459	105463	105462	101500	101688	101056	102055	102129	100956	101206	101536	100826	100969	101574	101472	100685	101089	102193	101110	102171	101419	102811	103014	101092	101346	102158	102365	102532	100798	101248	102652	102681	101485	100916	101521	101088	101425	101780	105438	105312	105443	102630	105301	105106	105272	103668	103626	102557	105446	104808	105413	105449	104395	105113	102146	103666	104234	103071	104584	105179	104168	102235	102122	102887	102561	102259	103209	102260	102845	102126	101192	103152	104545	103249	103352	103456	101807	102131	103067	101300	102693	101653	102654	101582	103164	104537	102299	104536	104599	102905	100948	102743	102774	102020	102755	101580	102267	98437	102895	102420	103241	102342	105463	105463	105425	105464	105464	105463	105430	105463	102021	103214	102023	102267	102516	101807	102493	103486	102794
KIRN_LP_180_Du-422	101133	103381	101047	101157	101930	101572	101061	102995	101792	101658	101419	102519	102709	103295	103297	103702	103343	104707	104709	104615	104657	104705	104708	104590	104686	104632	102883	103059	102259	103098	103094	102236	102599	103508	102546	103208	102080	104091	102751	104327	104608	104261	104305	104672	103685	103984	104724	104722	104617	104721	104723	104723	104701	104700	104698	104703	101909	101793	103461	102059	101891	100785	102568	103750	102192	103851	102384	102252	103580	101531	102387	101756	101250	101844	103178	101243	100870	101407	101691	101586	100360	101927	103302	102774	101870	80117	102386	101509	101372	104583	104571	104571	104418	102623	101373	100309	101412	101970	102472	103395	104668	103599	102995	104445	104700	104706	104696	104686	104703	104707	104697	104716	104722	104721	104653	104719	104595	104712	104713	104703	104697	104718	104711	102283	103482	103697	103627	103637	103393	103440	103143	104687	104724	104432	104719	104636	104719	104713	104658	104664	101996	104346	104169	103935	104332	103935	104605	104555	103161	104559	104716	104723	104722	104722	104706	104723	104723	104722	104722	104723	101500	101720	101056	102087	102148	100955	101206	101535	100826	100969	101571	101491	100684	101077	102222	101111	102195	101419	102833	103011	101092	101346	102144	102397	102519	100798	101248	102652	102681	101473	100916	101521	101090	101423	101770	104692	104645	104677	102629	104719	104700	104671	103656	103624	102556	104669	104602	104665	104672	104384	104697	102156	103699	104252	103060	104439	104705	104146	102235	102122	102887	102560	102258	103195	102260	102846	102126	101191	103174	104514	103271	103373	103477	101795	102117	103090	101301	102703	101653	102643	101581	103164	104501	102299	104447	104487	102904	100947	102767	102809	102021	102789	101579	102269	98437	102926	102425	103274	102377	104721	104722	104723	104723	104722	104722	104717	104722	101921	103105	101916	102176	102477	101783	102445	103377	102686
KIRN_LP_181_Du-423	101133	103360	101049	101159	101931	101574	101060	102977	101776	101658	101419	102509	102710	103286	103277	103682	103322	104431	104432	104348	104403	104432	104432	104324	104410	104366	102883	103038	102247	103082	103091	102229	102590	103499	102526	103199	102080	104096	102753	104279	104408	104263	104266	104417	103696	103972	104446	104445	104354	104444	104445	104445	104423	104423	104443	104426	101920	101807	103455	102059	101890	100785	102547	103738	102194	103833	102380	102241	103561	101544	102369	101758	101252	101846	103170	101254	100872	101408	101705	101588	100360	101927	103302	102766	101870	80117	102386	101522	101372	104346	104350	104315	104324	102623	101375	100309	101413	101983	102472	103397	104413	103610	102997	104205	104424	104429	104420	104412	104427	104430	104420	104440	104445	104444	104399	104442	104339	104434	104436	104426	104421	104441	104441	102261	103460	103674	103605	103614	103395	103418	103121	104431	104432	104446	104443	104411	104433	104445	104403	104405	101997	104260	104107	103900	104186	103912	104337	104297	103163	104306	104438	104446	104445	104445	104432	104444	104445	104443	104445	104445	101501	101703	101058	102070	102141	100956	101208	101536	100827	100970	101573	101487	100686	101091	102207	101111	102185	101421	102826	103013	101094	101348	102158	102379	102532	100800	101250	102654	102683	101487	100917	101523	101090	101425	101782	104423	104389	104422	102631	104445	104441	104412	103669	103626	102558	104413	104394	104397	104416	104307	104430	102158	103680	104241	103047	104301	104416	104076	102236	102124	102888	102561	102260	103208	102262	102846	102127	101191	103166	104420	103263	103365	103469	101808	102130	103082	101301	102705	101655	102657	101583	103166	104371	102301	104347	104317	102906	100948	102756	102788	102021	102768	101581	102269	98437	102910	102435	103253	102357	104444	104445	104445	104445	104445	104445	104441	104445	101912	103083	101892	102166	102469	101775	102437	103355	102664
KIRN_LP_182_Du-424	101132	103388	101047	101156	101931	101574	101059	103003	101790	101658	101419	102535	102709	103314	103304	103709	103348	105449	105445	105263	105364	105438	105448	105211	105380	105302	102882	103064	102261	103109	103092	102256	102616	103525	102554	103225	102079	104101	102750	104340	104709	104266	104313	105215	103693	103985	105318	105463	105343	105463	105463	105463	105442	105246	105424	105445	101918	101804	103474	102057	101889	100785	102575	103765	102193	103859	102383	102251	103588	101542	102394	101755	101249	101844	103199	101251	100870	101406	101703	101585	100360	101926	103316	102774	101869	80117	102385	101520	101371	104852	104925	105119	104449	102622	101372	100309	101411	101981	102470	103394	105402	103609	102995	104776	105440	105447	105436	105410	105443	105446	105434	105456	105463	105403	105384	105460	105329	105453	105452	105445	105437	105460	105445	102402	103604	103819	103750	103760	103393	103563	103266	105387	104719	104443	105465	105075	105144	105314	105355	105386	101996	104418	104186	103940	104420	103951	105277	105130	103161	104847	105456	105463	105463	105463	105274	105463	105463	105462	105463	105463	101498	101720	101055	102096	102161	100954	101205	101534	100824	100967	101573	101490	100684	101088	102222	101110	102195	101418	102852	103013	101091	101345	102157	102406	102530	100797	101247	102651	102680	101484	100914	101520	101088	101424	101780	105424	105335	105409	102629	105317	105102	105258	103666	103625	102556	105403	104806	105387	105406	104435	105154	102156	103707	104264	103070	104583	105207	104202	102235	102121	102885	102561	102258	103206	102259	102845	102126	101191	103185	104587	103290	103392	103497	101806	102129	103108	101300	102702	101652	102654	101581	103163	104578	102298	104536	104640	102904	100948	102783	102814	102020	102795	101579	102267	98437	102936	102436	103281	102383	105463	105463	105432	105463	105464	105463	105436	105463	102036	103228	102038	102280	102530	101822	102507	103500	102808
KIRN_LP_183_Du-425	101126	103326	101042	101152	101905	101565	101056	102942	101741	101654	101419	102477	102675	103252	103242	103647	103287	105064	105061	104964	105062	105065	105064	104940	105041	104999	102881	103003	102212	103049	103056	102195	102556	103464	102494	103164	102079	104097	102746	104336	104697	104262	104309	105051	103678	103981	105036	105079	105018	105078	105079	105079	105057	104920	105073	105060	101916	101801	103420	102031	101885	100785	102512	103704	102188	103798	102346	102206	103527	101536	102335	101751	101242	101817	103136	101247	100865	101394	101698	101573	100360	101922	103267	102731	101868	80117	102384	101516	101371	104814	104815	104894	104401	102618	101368	100306	101407	101977	102471	103393	105075	103604	102990	104667	105055	105061	105052	105042	105059	105062	105059	105072	105079	105078	105059	105076	105004	105069	105068	105059	105052	105075	105075	102303	103505	103720	103650	103660	103391	103463	103166	105074	104636	104411	105075	105079	104984	105078	105068	105066	101994	104417	104164	103940	104394	103949	104959	104916	103159	104741	105072	105079	105079	105079	104946	105079	105079	105078	105079	105079	101497	101668	101050	102035	102107	100949	101201	101529	100820	100963	101564	101452	100679	101084	102172	101106	102151	101407	102791	103007	101087	101341	102151	102345	102526	100793	101243	102647	102676	101480	100910	101516	101085	101421	101776	105054	105037	105057	102627	105065	104956	105062	103662	103623	102551	105078	104791	105060	105078	104374	104991	102125	103646	104215	103065	104581	104969	104148	102234	102117	102884	102555	102256	103202	102258	102845	102124	101189	103132	104526	103229	103332	103435	101796	102121	103047	101299	102673	101648	102634	101576	103155	104516	102294	104526	104528	102902	100943	102723	102753	102017	102733	101574	102264	98437	102875	102400	103219	102322	105078	105079	105074	105079	105079	105079	105069	105079	101937	103128	101940	102180	102435	101742	102408	103401	102709
KIRN_LP_184_Du-426	101133	103379	101049	101158	101931	101574	101060	102994	101793	101658	101419	102517	102710	103293	103296	103701	103342	105147	105151	105055	105098	105145	105147	105031	105121	105068	102883	103058	102260	103096	103095	102237	102598	103506	102546	103207	102080	104091	102753	104332	104690	104261	104315	105104	103687	103987	105156	105162	105060	105161	105162	105162	105140	105083	105140	105143	101908	101794	103462	102059	101890	100785	102567	103748	102194	103852	102385	102253	103579	101531	102389	101758	101251	101846	103177	101243	100872	101407	101692	101588	100360	101927	103302	102775	101870	80117	102386	101509	101372	104848	104844	104976	104445	102623	101375	100309	101413	101970	102472	103397	105110	103601	102997	104716	105139	105144	105135	105128	105142	105145	105134	105155	105162	105145	105093	105159	105036	105151	105151	105141	105135	105158	105151	102359	103561	103775	103706	103715	103395	103519	103222	105126	104719	104433	105144	104984	105163	105148	105085	105106	101997	104421	104188	103942	104422	103953	105027	104966	103163	104798	105155	105163	105162	105162	105070	105161	105162	105160	105162	105162	101501	101723	101058	102089	102148	100956	101208	101536	100827	100970	101572	101492	100686	101078	102223	101111	102196	101420	102833	103013	101094	101348	102145	102398	102519	100800	101250	102654	102683	101474	100917	101523	101090	101425	101770	105132	105061	105116	102631	105152	105014	105056	103656	103626	102558	105110	104778	105107	105113	104428	105014	102157	103698	104252	103072	104585	105056	104203	102236	102124	102888	102561	102260	103195	102262	102846	102127	101191	103173	104567	103270	103372	103476	101795	102118	103089	101301	102704	101655	102644	101583	103165	104570	102301	104537	104627	102906	100948	102767	102807	102021	102787	101581	102269	98437	102927	102426	103272	102376	105161	105162	105160	105162	105162	105162	105153	105162	101993	103184	101993	102236	102488	101785	102464	103456	102765
KIRN_LP_185_Du-427	101132	103373	101048	101158	101930	101573	101059	102989	101788	101658	101419	102521	102709	103298	103289	103694	103334	105374	105360	105155	105267	105375	105375	105155	105324	105230	102882	103050	102258	103094	103094	102242	102602	103511	102538	103211	102079	104103	102752	104342	104710	104268	104315	105232	103695	103987	105261	105390	105285	105389	105390	105390	105367	105141	105337	105371	101919	101806	103467	102058	101889	100785	102559	103751	102194	103845	102384	102253	103574	101543	102382	101757	101251	101846	103183	101253	100871	101407	101704	101587	100360	101926	103314	102775	101869	80117	102385	101521	101371	104853	104891	105080	104448	102622	101374	100309	101412	101982	102471	103396	105345	103610	102996	104742	105367	105372	105363	105352	105370	105373	105362	105383	105389	105346	105313	105387	105271	105379	105379	105369	105363	105386	105379	102378	103580	103795	103725	103735	103394	103538	103241	105311	104713	104445	105314	105078	105148	105390	105322	105336	101996	104420	104187	103941	104421	103952	105194	105061	103162	104831	105383	105390	105390	105390	105195	105389	105390	105359	105390	105380	101500	101715	101057	102082	102154	100955	101207	101535	100826	100969	101573	101492	100685	101090	102219	101110	102197	101420	102838	103013	101093	101347	102157	102392	102532	100799	101249	102653	102682	101486	100916	101522	101089	101424	101781	105365	105237	105351	102630	105295	105097	105223	103668	103626	102557	105345	104808	105323	105348	104421	105121	102157	103693	104260	103071	104584	105147	104195	102235	102123	102887	102560	102259	103207	102261	102845	102126	101191	103178	104572	103276	103378	103482	101807	102129	103094	101300	102704	101654	102656	101582	103165	104563	102300	104537	104625	102905	100948	102769	102800	102020	102780	101580	102268	98437	102922	102438	103266	102369	105389	105390	105350	105390	105390	105390	105377	105390	102012	103203	102012	102255	102506	101796	102482	103476	102784
KIRN_LP_186_Du-428	101117	103318	101034	101146	101896	101557	101047	102934	101733	101646	101419	102466	102667	103243	103234	103639	103279	105531	105529	105354	105422	105557	105557	105276	105433	105360	102882	102995	102204	103040	103048	102187	102548	103456	102483	103156	102079	104089	102740	104329	104698	104254	104301	105250	103670	103974	105234	105572	105520	105561	105572	105572	105549	105256	105497	105553	101907	101794	103412	102021	101877	100779	102504	103696	102182	103790	102337	102198	103519	101528	102327	101744	101234	101809	103128	101241	100859	101386	101691	101565	100360	101914	103259	102723	101863	80117	102385	101510	101371	104840	104856	105146	104393	102610	101362	100299	101399	101969	102462	103389	105539	103596	102984	104822	105548	105554	105545	105535	105552	105555	105551	105564	105550	105374	105512	105556	105497	105562	105561	105552	105545	105568	105568	102325	103527	103742	103672	103682	103394	103485	103188	105385	104658	104403	105355	105068	105085	105322	105572	105456	101996	104418	104187	103941	104421	103943	105404	105142	103162	104841	105571	105572	105572	105572	105278	105571	105572	105526	105572	105549	101500	101660	101042	102027	102099	100943	101195	101523	100814	100957	101556	101444	100673	101078	102164	101098	102143	101399	102783	102999	101081	101335	102145	102337	102518	100787	101236	102641	102668	101474	100904	101510	101077	101417	101769	105547	105317	105550	102630	105289	105078	105264	103654	103618	102545	105572	104794	105499	105549	104366	105085	102117	103638	104206	103059	104584	105180	104140	102235	102111	102886	102548	102253	103195	102261	102845	102120	101185	103123	104517	103221	103324	103427	101787	102113	103039	101294	102665	101642	102626	101570	103147	104508	102288	104524	104570	102896	100936	102715	102745	102008	102725	101567	102256	98437	102867	102392	103211	102314	105571	105572	105448	105572	105572	105572	105511	105572	101959	103150	101959	102202	102453	101744	102429	103423	102731
KIRN_LP_187_Du-429	101125	103324	101041	101150	101903	101563	101054	102937	101741	101652	101419	102470	102675	103245	103239	103644	103286	105539	105523	105344	105420	105542	105543	105275	105467	105419	102882	103003	102210	103044	103057	102190	102550	103459	102489	103159	102079	104100	102752	104335	104701	104258	104315	105242	103676	103987	105263	105557	105463	105556	105558	105559	105534	105227	105473	105538	101909	101795	103414	102027	101885	100785	102512	103699	102194	103795	102343	102203	103523	101531	102340	101750	101239	101816	103130	101246	100865	101392	101693	101571	100360	101920	103261	102728	101869	80117	102385	101511	101371	104849	104871	105140	104398	102622	101374	100309	101406	101971	102471	103396	105546	103609	102996	104784	105511	105540	105530	105526	105537	105542	105533	105550	105553	105385	105497	105554	105481	105549	105547	105536	105530	105553	105553	102328	103530	103746	103675	103686	103394	103488	103191	105393	104664	104405	105386	105066	105106	105336	105456	105559	101996	104420	104188	103943	104421	103952	105401	105167	103162	104843	105552	105557	105557	105557	105244	105533	105558	105489	105557	105501	101495	101667	101049	102034	102102	100956	101201	101529	100821	100964	101561	101449	100679	101079	102169	101110	102148	101405	102785	103012	101087	101341	102146	102342	102522	100793	101249	102653	102681	101475	100917	101516	101089	101418	101771	105532	105340	105536	102630	105292	105084	105273	103657	103618	102551	105555	104808	105500	105542	104374	105090	102122	103642	104207	103065	104584	105171	104146	102235	102123	102888	102560	102259	103198	102261	102845	102126	101193	103127	104519	103223	103325	103429	101788	102115	103041	101300	102671	101648	102628	101575	103152	104514	102294	104532	104576	102905	100942	102722	102751	102020	102732	101574	102262	98437	102870	102394	103218	102319	105556	105557	105454	105559	105557	105557	105479	105557	101962	103153	101962	102206	102456	101746	102432	103426	102734
KIRT_LP_159_Du-364	101053	101933	100960	101070	101756	101482	100995	101923	101644	101525	101387	101892	101863	101932	101925	101925	101924	101985	101988	101979	101983	101984	101983	101981	101961	101983	101983	101993	101935	101990	101786	101938	101985	101992	101876	101994	101859	101993	101974	101996	101991	101996	101996	101996	101997	101996	101997	101996	101997	101996	101996	101996	101976	101975	101997	101977	101766	101669	101986	101757	101706	100734	101830	101926	101906	101983	101937	101893	101983	101428	101824	101593	101157	101677	101949	101156	100810	101309	101546	101474	100340	101784	101985	101979	101713	80100	101871	101427	101333	101940	101924	101894	101978	101977	101306	100278	101326	101808	101944	101993	101993	101993	101994	101891	101975	101980	101971	101976	101978	101981	101982	101991	101996	101996	101983	101993	101931	101990	101987	101983	101972	101993	101993	101861	101997	101996	101997	101996	101931	101997	101997	101996	101996	101997	101996	101994	101997	101996	101996	101996	101997	101997	101991	101971	101982	101997	101994	101983	101996	101965	101996	101997	101996	101996	101997	101996	101996	101995	101996	101997	101424	101562	100967	101722	101828	100900	101123	101428	100742	100888	101464	101356	100614	100990	101865	101050	101835	101323	101978	101985	101007	101261	101902	101932	101960	100735	101171	101986	101953	101383	100839	101439	101012	101343	101659	101977	101976	101981	101975	101996	101996	101996	101997	101996	101503	101996	101996	101996	101996	101984	101984	101829	101983	101984	101970	101980	101981	101984	101878	101872	101956	101966	101941	101976	101943	101921	101921	101133	101993	101993	101992	101992	101991	101677	101791	101962	101245	101955	101549	101962	101498	101967	101968	101930	101968	101969	101968	100863	101966	101987	101748	101987	101494	101922	98415	101983	101816	101986	101946	101996	101996	101996	101996	101996	101996	101993	101996	101727	101991	101684	101918	101948	101649	101969	101995	101985
KIRT_LP_160_Du-365	101102	103291	101010	101121	101872	101532	101027	102906	101709	101626	101416	102429	102644	103205	103208	103600	103254	104407	104412	104384	104407	104407	104407	104377	104385	104400	102880	102970	102179	103008	103024	102149	102510	103418	102458	103119	102080	104014	102728	104200	104377	104184	104218	104420	103639	103925	104421	104420	104403	104419	104420	104420	104398	104398	104420	104401	101871	101755	103374	101996	101856	100766	102481	103659	102169	103740	102312	102172	103478	101490	102311	101719	101208	101785	103089	101207	100839	101360	101653	101540	100360	101894	103221	102697	101851	80117	102383	101477	101372	104364	104320	104318	104186	102596	101353	100296	101376	101931	102453	103344	104417	103571	102975	104285	104399	104404	104395	104399	104402	104405	104404	104415	104420	104419	104405	104417	104355	104413	104411	104405	104395	104416	104416	102216	103415	103625	103560	103559	103392	103373	103076	104419	104346	104260	104418	104417	104421	104420	104418	104420	101997	104421	104110	103891	104237	103913	104393	104377	103163	104362	104418	104421	104420	104420	104404	104419	104420	104418	104420	104420	101481	101636	101018	102003	102060	100929	101174	101501	100793	100937	101529	101418	100653	101041	102138	101086	102116	101374	102745	102983	101060	101312	102108	102310	102479	100764	101222	102630	102653	101440	100890	101490	101062	101394	101733	104400	104399	104404	102631	104420	104418	104420	103616	103576	102522	104420	104414	104419	104420	104253	104407	102091	103610	104115	103040	104381	104402	104058	102235	102102	102884	102539	102246	103156	102259	102846	102111	101177	103085	104314	103182	103284	103388	101748	102075	103001	101282	102641	101622	102588	101548	103121	104313	102267	104293	104336	102882	100912	102684	102719	101994	102699	101544	102233	98437	102839	102354	103185	102288	104419	104420	104420	104420	104420	104420	104415	104420	101853	103038	101847	102108	102388	101694	102356	103310	102619
KIRT_LP_161_Du-366	101069	103258	100977	101087	101838	101499	101014	102872	101676	101612	101415	102396	102611	103171	103174	103569	103221	104175	104179	104169	104174	104174	104175	104173	104152	104174	102872	102937	102146	102974	102991	102115	102476	103382	102425	103085	102079	103912	102704	104080	104158	104078	104082	104187	103593	103830	104189	104187	104188	104187	104188	104188	104166	104166	104188	104168	101837	101721	103340	101962	101824	100756	102449	103607	102136	103704	102278	102138	103446	101457	102277	101685	101174	101751	103056	101174	100818	101327	101619	101506	100360	101868	103187	102664	101820	80117	102373	101445	101349	104127	104090	104086	104059	102563	101323	100286	101342	101897	102429	103333	104184	103535	102942	104076	104166	104172	104162	104167	104169	104173	104172	104182	104187	104187	104174	104184	104123	104182	104179	104173	104163	104184	104183	102126	103323	103538	103469	103478	103392	103281	102985	104188	104169	104107	104186	104164	104188	104187	104187	104188	101991	104110	104189	103905	104142	103829	104184	104171	103151	104162	104188	104188	104187	104187	104188	104187	104188	104185	104187	104187	101458	101602	100984	101969	102027	100897	101140	101469	100760	100906	101495	101384	100630	101007	102104	101064	102082	101340	102711	102949	101029	101278	102074	102276	102446	100730	101188	102596	102619	101406	100857	101456	101028	101360	101699	104168	104167	104173	102614	104187	104187	104188	103575	103547	102489	104188	104163	104186	104188	104066	104175	102058	103565	103998	103008	104146	104170	103945	102235	102072	102861	102517	102220	103123	102242	102846	102080	101150	103052	104121	103137	103244	103355	101714	102041	102967	101261	102607	101594	102554	101515	103084	104114	102235	104089	104134	102848	100879	102650	102686	101962	102667	101511	102199	98437	102805	102320	103152	102254	104187	104187	104188	104188	104187	104187	104184	104187	101797	102958	101778	102052	102354	101661	102323	103218	102534
KIRT_LP_162_Du-367	101050	103225	100956	101067	101819	101478	100995	102852	101656	101593	101396	102378	102591	103152	103154	103531	103201	103929	103933	103924	103928	103929	103929	103926	103906	103927	102853	102918	102125	102955	102930	102095	102456	103365	102406	103065	102060	103768	102684	103871	103937	103886	103870	103941	103558	103716	103944	103941	103941	103940	103942	103943	103920	103919	103941	103922	101819	101701	103320	101944	101806	100756	102428	103554	102115	103630	102259	102118	103410	101437	102257	101665	101154	101731	103035	101155	100797	101307	101599	101486	100360	101849	103161	102643	101801	80117	102354	101424	101330	103887	103871	103841	103870	102544	101303	100273	101323	101878	102411	103294	103938	103493	102921	103861	103920	103926	103916	103920	103923	103928	103927	103936	103941	103940	103928	103938	103877	103936	103933	103928	103917	103937	103937	102077	103271	103469	103401	103424	103390	103229	102932	103941	103935	103900	103940	103940	103942	103941	103941	103943	101971	103891	103905	103944	103941	103698	103939	103936	103130	103935	103943	103942	103941	103941	103941	103942	103942	103941	103941	103942	101438	101582	100964	101949	102007	100876	101120	101449	100740	100886	101475	101364	100609	100987	102084	101045	102062	101320	102691	102929	101009	101258	102054	102256	102427	100710	101168	102576	102599	101386	100837	101436	101010	101340	101680	103922	103921	103927	102594	103941	103941	103942	103497	103492	102468	103942	103936	103941	103943	103856	103929	102037	103531	103839	102963	103920	103927	103798	102221	102052	102841	102497	102199	103104	102222	102829	102060	101131	103034	103892	103128	103230	103317	101695	102021	102947	101242	102587	101574	102534	101494	103067	103911	102215	103853	103876	102828	100859	102630	102666	101943	102647	101490	102181	98437	102785	102300	103121	102234	103940	103941	103942	103943	103941	103941	103937	103941	101777	102909	101731	102032	102334	101641	102302	103166	102486
KIRT_LP_163_Du-368	101060	103248	100968	101078	101829	101490	101004	102863	101666	101603	101406	102386	102601	103162	103165	103570	103211	104409	104413	104403	104408	104408	104408	104407	104386	104408	102863	102927	102137	102965	102974	102106	102467	103375	102416	103076	102070	103955	102695	104146	104336	104152	104164	104421	103596	103868	104422	104421	104422	104421	104421	104421	104400	104399	104422	104402	101828	101712	103331	101953	101814	100756	102439	103616	102127	103721	102269	102129	103448	101447	102268	101676	101165	101742	103047	101164	100809	101317	101610	101497	100360	101859	103178	102655	101811	80117	102364	101435	101340	104357	104257	104319	104139	102554	101314	100283	101333	101888	102420	103332	104418	103529	102933	104308	104400	104405	104396	104401	104403	104406	104405	104416	104421	104421	104407	104418	104356	104415	104412	104407	104396	104418	104417	102117	103316	103530	103462	103470	103392	103274	102978	104421	104332	104186	104420	104394	104422	104421	104421	104421	101982	104237	104142	103941	104422	103845	104418	104379	103142	104390	104421	104422	104421	104421	104422	104420	104421	104419	104421	104421	101448	101593	100975	101960	102017	100887	101131	101459	100750	100896	101486	101375	100621	100998	102095	101055	102073	101331	102702	102940	101020	101269	102065	102267	102436	100721	101179	102587	102610	101397	100847	101447	101019	101351	101690	104401	104400	104405	102605	104421	104411	104421	103573	103547	102480	104421	104335	104420	104421	104177	104405	102049	103567	104086	102999	104344	104398	103994	102232	102063	102851	102508	102211	103113	102233	102839	102071	101140	103042	104214	103139	103241	103346	101705	102032	102958	101252	102598	101585	102545	101506	103078	104228	102226	104232	104284	102839	100870	102641	102676	101953	102657	101502	102190	98437	102796	102311	103142	102245	104421	104421	104421	104421	104421	104421	104413	104421	101788	102940	101749	102042	102345	101652	102314	103211	102520
KIRT_LP_164_Du-369	101116	103304	101026	101136	101887	101548	101046	102920	101724	101645	101416	102444	102659	103216	103223	103483	103255	103940	103944	103917	103939	103939	103939	103894	103917	103936	102869	102985	102195	103023	102996	102164	102525	103389	102474	103134	102080	103789	102746	103916	103930	103874	103891	103952	103570	103622	103953	103952	103920	103952	103952	103952	103931	103931	103953	103933	101886	101770	103358	102011	101872	100782	102497	103547	102185	103635	102327	102187	103406	101505	102326	101734	101223	101800	103105	101222	100858	101375	101668	101555	100360	101912	103224	102713	101865	80117	102383	101493	101369	103896	103880	103850	103890	102612	101371	100303	101391	101946	102471	103290	103949	103527	102956	103803	103931	103936	103927	103932	103934	103937	103937	103947	103952	103952	103939	103949	103884	103946	103943	103936	103928	103949	103948	102208	103381	103581	103536	103505	103362	103363	103071	103952	103935	103912	103951	103949	103953	103952	103943	103952	101997	103913	103829	103698	103845	103953	103909	103896	103147	103878	103945	103953	103952	103952	103953	103951	103952	103950	103952	103952	101484	101651	101033	102018	102075	100945	101189	101517	100808	100954	101544	101433	100672	101056	102153	101105	102131	101389	102760	102998	101078	101327	102123	102325	102494	100779	101237	102645	102668	101455	100905	101505	101077	101407	101748	103933	103932	103936	102630	103952	103952	103952	103547	103462	102538	103952	103952	103951	103952	103852	103940	102107	103574	103801	102962	103902	103936	103720	102235	102120	102880	102558	102260	103162	102258	102846	102126	101189	103100	103901	103187	103297	103363	101763	102090	102958	101298	102656	101640	102603	101564	103127	103924	102283	103864	103907	102897	100928	102699	102734	102010	102715	101560	102248	98437	102854	102369	103195	102303	103952	103952	103952	103952	103952	103952	103949	103952	101862	103048	101857	102117	102403	101710	102372	103319	102628
KIRT_LP_165_Du-370	101075	103263	100982	101093	101845	101504	101014	102878	101681	101613	101413	102402	102616	103178	103180	103585	103226	105605	105704	105517	105445	105753	105684	105343	105453	105514	102877	102942	102151	102981	102996	102121	102482	103390	102431	103091	102077	104035	102710	104269	104637	104194	104257	105153	103611	103932	105177	105746	105650	105732	105771	105769	105709	105307	105608	105739	101844	101728	103346	101969	101829	100753	102453	103632	102141	103736	102285	102144	103463	101462	102283	101691	101180	101757	103061	101179	100823	101332	101625	101512	100360	101874	103193	102669	101826	80117	102379	101449	101355	104787	104813	105103	104339	102569	101329	100283	101350	101905	102436	103347	105610	103543	102947	104814	105647	105753	105744	105726	105705	105704	105754	105667	105543	105270	105562	105589	105553	105756	105760	105756	105744	105767	105767	102258	103460	103674	103605	103614	103388	103418	103121	105288	104605	104337	105277	104959	105027	105194	105404	105401	101994	104393	104184	103939	104418	103909	105772	105194	103156	104838	105771	105772	105771	105771	105303	105734	105771	105708	105713	105722	101463	101608	100990	101975	102032	100901	101146	101474	100765	100911	101501	101390	100635	101013	102110	101070	102088	101346	102717	102955	101035	101284	102080	102282	102451	100736	101194	102602	102625	101412	100862	101462	101035	101366	101706	105752	105269	105753	102620	105228	105015	105160	103588	103564	102494	105683	104750	105504	105633	104313	105019	102063	103582	104142	103013	104577	105141	104087	102232	102078	102866	102523	102225	103128	102248	102843	102086	101155	103058	104452	103154	103256	103360	101721	102047	102973	101267	102613	101600	102560	101520	103093	104455	102241	104475	104517	102854	100885	102656	102691	101968	102671	101516	102206	98437	102811	102326	103157	102260	105770	105757	105374	105771	105771	105771	105567	105713	101892	103083	101893	102135	102386	101677	102362	103355	102664
KIRT_LP_166_Du-371	101061	103250	100969	101079	101830	101491	101005	102864	101667	101605	101408	102387	102602	103163	103166	103571	103212	105222	105219	105189	105179	105221	105221	105146	105159	105196	102864	102928	102138	102966	102982	102108	102468	103376	102417	103077	102071	104020	102696	104228	104594	104160	104217	105055	103597	103898	105080	105235	105235	105235	105235	105235	105213	105067	105210	105216	101829	101714	103332	101954	101815	100755	102440	103619	102129	103711	102270	102130	103450	101448	102270	101677	101166	101744	103049	101165	100810	101318	101611	101498	100360	101860	103179	102656	101812	80117	102365	101436	101341	104723	104757	104933	104298	102555	101315	100282	101335	101890	102421	103316	105223	103531	102934	104728	105196	105218	105209	105213	105216	105219	105218	105229	105187	105104	105200	105215	105139	105230	105225	105220	105209	105232	105231	102221	103423	103638	103569	103578	103390	103381	103085	105133	104555	104297	105130	104916	104966	105061	105142	105167	101983	104377	104171	103936	104379	103896	105194	105235	103143	104775	105235	105235	105235	105235	105051	105234	105235	105232	105235	105234	101449	101594	100976	101961	102019	100888	101132	101460	100751	100897	101488	101376	100622	100999	102096	101056	102075	101332	102703	102942	101021	101270	102066	102269	102438	100722	101180	102588	102611	101398	100848	101448	101020	101352	101691	105215	105099	105218	102606	105090	104956	105035	103574	103549	102481	105235	104703	105190	105182	104272	104917	102050	103569	104102	103000	104523	105017	104062	102230	102064	102852	102509	102212	103114	102234	102840	102072	101142	103043	104409	103141	103243	103348	101706	102033	102959	101253	102599	101586	102546	101507	103079	104442	102227	104409	104476	102840	100872	102643	102677	101954	102658	101503	102191	98437	102797	102312	103144	102246	105235	105235	105181	105235	105235	105235	105226	105235	101855	103047	101856	102098	102350	101653	102327	103319	102627
KIRT_LP_167_Du-372	101081	103079	100988	101098	101849	101510	101016	102817	101686	101616	101415	102404	102611	103029	103025	103091	103009	103150	103154	103138	103149	103149	103149	103141	103127	103149	102796	102883	102157	102926	102772	102126	102487	103145	102436	102995	102049	103159	102706	103162	103157	103162	103162	103162	103163	103162	103163	103162	103163	103162	103162	103162	103141	103141	103163	103143	101848	101732	103112	101973	101834	100756	102459	103092	102147	103149	102289	102149	103140	101467	102284	101696	101185	101762	102942	101184	100828	101337	101630	101517	100360	101880	103027	102661	101832	80117	102380	101455	101360	103106	103090	103060	103144	102563	101334	100285	101353	101908	102440	103063	103159	103156	102930	103050	103141	103146	103137	103142	103144	103147	103147	103157	103162	103162	103149	103159	103097	103156	103153	103148	103138	103159	103158	102080	103115	103151	103154	103143	103020	103042	102820	103162	103161	103163	103161	103159	103163	103162	103162	103162	101996	103163	103151	103130	103142	103147	103156	103143	103163	103126	103162	103163	103162	103162	103163	103161	103162	103160	103162	103162	101468	101613	100995	101980	102037	100907	101151	101479	100770	100916	101506	101395	100641	101018	102115	101075	102093	101351	102680	102914	101040	101289	102085	102287	102452	100741	101199	102584	102628	101417	100867	101467	101039	101371	101710	103143	103142	103147	102604	103162	103162	103162	103136	103113	102410	103162	103162	103161	103162	103150	103150	102069	103149	103149	102854	103146	103146	103150	102234	102083	102733	102510	102211	102989	102254	102782	102091	101161	102969	103158	102993	103084	103112	101725	102052	102811	101272	102601	101605	102527	101526	102993	103134	102246	103133	103135	102796	100890	102652	102692	101973	102677	101522	102211	98437	102796	102331	103032	102265	103162	103162	103163	103162	103162	103162	103159	103162	101808	102843	101761	102062	102365	101673	102335	103075	102517
KIRT_LP_168_Du-373	101044	103233	100951	101062	101815	101475	100987	102847	101650	101587	101389	102371	102587	103147	103150	103555	103195	104832	104837	104826	104832	104832	104832	104830	104810	104832	102846	102911	102122	102949	102965	102090	102451	103359	102399	103060	102054	104001	102679	104238	104590	104163	104226	104830	103580	103901	104848	104847	104847	104846	104847	104847	104825	104825	104845	104829	101812	101696	103315	101937	101797	100756	102423	103601	102110	103705	102253	102113	103432	101432	102252	101660	101149	101726	103031	101148	100792	101302	101595	101481	100360	101843	103162	102638	101795	80117	102347	101418	101323	104668	104612	104746	104284	102537	101298	100266	101317	101872	102404	103316	104844	103512	102916	104623	104824	104831	104820	104824	104827	104830	104829	104840	104847	104846	104831	104844	104783	104840	104836	104833	104821	104843	104843	102233	103435	103649	103580	103590	103391	103394	103096	104848	104559	104306	104847	104741	104798	104831	104841	104843	101965	104362	104162	103935	104390	103878	104838	104775	103126	104850	104847	104848	104847	104847	104816	104846	104847	104846	104847	104847	101432	101577	100959	101944	102002	100870	101115	101444	100734	100880	101472	101359	100604	100982	102080	101038	102057	101315	102686	102926	101004	101253	102051	102251	102420	100705	101163	102571	102594	101381	100831	101431	101003	101337	101674	104825	104818	104830	102590	104833	104797	104840	103557	103534	102463	104848	104641	104846	104848	104282	104762	102032	103551	104110	102982	104497	104791	104038	102215	102047	102835	102492	102194	103098	102218	102823	102054	101124	103026	104415	103123	103225	103329	101689	102018	102942	101236	102582	101569	102529	101489	103062	104421	102210	104395	104452	102824	100853	102625	102660	101936	102640	101485	102175	98437	102780	102295	103127	102229	104846	104847	104848	104847	104848	104847	104841	104847	101867	103058	101867	102111	102361	101652	102338	103330	102639
MALV_LP_095_Du-201	101125	103584	101041	101151	101924	101566	101053	103010	101786	101651	101419	102529	102703	103382	103323	103734	103368	105970	105992	105602	105600	106321	106119	105428	105879	105616	102882	103092	102253	103181	103089	102256	102658	103589	102548	103245	102079	104098	102745	104335	104705	104262	104309	105289	103688	103980	105485	106591	106143	106232	107280	106531	106525	105726	105759	106485	101918	101800	103469	102051	101884	100778	102596	103838	102187	103860	102377	102246	103645	101537	102396	101750	101244	101840	103209	101248	100864	101401	101697	101580	100360	101919	103323	102768	101862	80117	102385	101516	101371	104849	104956	105207	104444	102615	101367	100304	101405	101975	102464	103389	105829	103609	102989	104824	106212	107037	106770	106305	106214	106477	106614	106182	106074	105710	105735	106124	105790	106454	107119	107210	106922	107424	106781	102493	103836	104062	103978	104011	103394	103798	103470	105457	104716	104438	105456	105072	105155	105383	105571	105552	101996	104418	104188	103943	104421	103945	105771	105235	103162	104847	107499	106747	106892	106825	105566	106719	106746	106161	106347	106296	101501	101715	101050	102097	102156	100949	101200	101529	100820	100963	101566	101485	100678	101083	102217	101103	102190	101413	102857	103006	101086	101340	102150	102405	102527	100792	101242	102646	102675	101479	100910	101515	101082	101418	101774	106632	105376	106421	102630	105380	105114	105306	103662	103619	102550	105967	104802	105650	105912	104464	105213	102150	103746	104259	103064	104584	105313	104197	102235	102116	102888	102553	102252	103203	102261	102845	102119	101186	103181	104584	103358	103471	103568	101801	102123	103151	101293	102697	101647	102649	101575	103158	104633	102293	104530	104661	102898	100941	102864	102844	102013	102819	101573	102261	98437	102939	102431	103317	102395	106718	106574	105860	107005	106890	107281	106187	106485	102094	103445	102163	102324	102684	101853	102672	103736	102975
MALV_LP_096_Du-202	101133	103475	101049	101159	101931	101574	101060	103018	101793	101658	101419	102536	102710	103390	103331	103742	103375	105950	106000	105610	105608	106293	106123	105429	105834	105624	102883	103098	102261	103189	103095	102263	102666	103596	102556	103253	102080	104103	102753	104342	104711	104268	104315	105296	103696	103987	105451	106543	106104	106199	106754	106445	106339	105595	105767	106335	101920	101808	103477	102059	101890	100785	102603	103844	102194	103868	102385	102254	103652	101544	102403	101758	101252	101846	103216	101254	100872	101408	101705	101588	100360	101927	103331	102776	101870	80117	102386	101523	101372	104853	104962	105213	104452	102623	101375	100309	101413	101983	102472	103397	105836	103610	102997	104825	106196	106721	106607	106260	106220	106384	106491	106123	105938	105574	105735	105988	105772	106328	106741	106726	106682	106750	106602	102500	103720	103934	103865	103874	103395	103678	103381	105463	104723	104446	105463	105079	105163	105390	105572	105557	101997	104421	104188	103942	104422	103953	105772	105235	103163	104848	106747	106755	106733	106657	105572	106593	106649	106148	106245	106304	101501	101723	101058	102105	102162	100956	101208	101536	100827	100970	101573	101493	100686	101091	102224	101111	102197	101421	102865	103013	101094	101348	102158	102412	102532	100800	101250	102654	102683	101487	100917	101523	101090	101425	101782	106475	105383	106357	102631	105387	105121	105312	103669	103626	102558	105971	104808	105657	105917	104470	105214	102158	103753	104266	103072	104585	105321	104205	102236	102124	102888	102561	102260	103209	102262	102846	102127	101191	103187	104592	103365	103477	103575	101809	102131	103159	101301	102705	101655	102657	101583	103166	104641	102301	104538	104669	102906	100948	102865	102851	102021	102825	101581	102269	98437	102946	102439	103323	102403	106547	106417	105726	106637	106599	106751	106055	106329	102102	103343	102152	102325	102646	101861	102622	103615	102924
MALV_LP_097_Du-203	101132	103518	101048	101158	101931	101573	101059	103017	101792	101658	101419	102535	102709	103389	103330	103741	103374	105977	105999	105609	105607	106308	106118	105428	105874	105623	102882	103097	102260	103188	103094	102263	102665	103595	102555	103252	102079	104103	102752	104342	104711	104268	104315	105296	103695	103987	105490	106575	106143	106223	106889	106495	106427	105637	105766	106392	101919	101807	103476	102058	101889	100785	102602	103844	102194	103867	102384	102253	103652	101543	102403	101757	101251	101847	103216	101253	100871	101407	101704	101587	100360	101926	103330	102775	101869	80117	102385	101522	101371	104854	104961	105212	104451	102622	101374	100309	101412	101982	102471	103396	105836	103610	102996	104824	106219	106810	106685	106301	106221	106394	106559	106163	105981	105617	105736	106031	105772	106381	106867	106828	106738	106895	106654	102499	103762	103977	103907	103917	103394	103720	103423	105463	104722	104445	105463	105079	105162	105390	105572	105557	101996	104420	104187	103941	104421	103952	105771	105235	103162	104847	106892	106733	106900	106735	105573	106692	106707	106168	106328	106303	101500	101722	101057	102104	102162	100955	101207	101535	100826	100969	101573	101492	100685	101090	102224	101110	102197	101420	102864	103013	101093	101347	102157	102412	102532	100799	101249	102653	102682	101486	100916	101522	101089	101425	101781	106525	105383	106409	102630	105387	105121	105312	103668	103626	102557	105971	104808	105657	105917	104470	105220	102157	103753	104266	103071	104584	105320	104204	102235	102123	102887	102560	102259	103208	102261	102845	102126	101191	103186	104591	103365	103478	103575	101808	102130	103158	101300	102704	101654	102656	101582	103165	104640	102300	104537	104668	102905	100948	102865	102850	102020	102824	101580	102268	98437	102946	102438	103323	102402	106616	106479	105768	106759	106691	106896	106097	106390	102101	103385	102170	102324	102687	101860	102664	103658	102966
MALV_LP_098_Du-204	101132	103519	101048	101158	101930	101573	101059	103017	101792	101658	101419	102535	102709	103389	103330	103741	103374	105947	105999	105609	105607	106266	106101	105428	105870	105623	102882	103097	102260	103188	103094	102263	102665	103595	102555	103252	102079	104103	102752	104342	104711	104268	104315	105296	103695	103987	105490	106518	106106	106158	106827	106468	106367	105640	105766	106369	101924	101807	103476	102058	101889	100785	102602	103844	102194	103867	102384	102253	103652	101543	102403	101757	101251	101846	103216	101253	100871	101407	101704	101587	100360	101926	103330	102775	101869	80117	102385	101522	101371	104853	104961	105212	104451	102622	101374	100309	101412	101982	102471	103396	105834	103615	102996	104824	106195	106725	106622	106251	106220	106385	106490	106146	105985	105623	105740	106037	105777	106332	106800	106743	106657	106828	106540	102499	103765	103983	103913	103923	103394	103726	103426	105463	104722	104445	105463	105079	105162	105390	105572	105557	101996	104420	104187	103941	104421	103952	105771	105235	103162	104847	106825	106657	106735	106832	105573	106589	106688	106168	106275	106303	101500	101722	101057	102104	102162	100955	101207	101535	100826	100969	101573	101492	100685	101090	102223	101110	102197	101420	102864	103013	101093	101347	102157	102412	102532	100799	101249	102653	102682	101486	100916	101522	101089	101424	101781	106403	105383	106330	102630	105387	105121	105312	103668	103626	102557	105973	104808	105657	105914	104470	105220	102157	103753	104266	103071	104584	105320	104204	102235	102123	102887	102560	102259	103208	102261	102845	102126	101191	103186	104591	103365	103478	103575	101808	102130	103158	101300	102704	101654	102656	101582	103165	104640	102300	104537	104668	102905	100948	102870	102850	102020	102824	101580	102268	98437	102945	102438	103323	102402	106570	106439	105772	106705	106619	106818	106101	106353	102101	103389	102170	102329	102690	101860	102665	103664	102972
MALV_LP_099_Du-205	101133	103475	101049	101157	101930	101574	101060	103014	101792	101658	101419	102523	102709	103376	103329	103740	103374	105421	105471	105296	105342	105459	105480	105165	105431	105293	102883	103097	102260	103181	103094	102250	102652	103582	102556	103240	102080	104090	102752	104322	104665	104260	104314	105146	103686	103986	105333	105553	105375	105499	105573	105512	105552	105432	105392	105554	101907	101793	103463	102058	101890	100785	102603	103833	102194	103866	102384	102252	103649	101530	102402	101757	101250	101845	103203	101242	100872	101406	101691	101587	100360	101927	103317	102775	101870	80117	102386	101509	101372	104816	104882	105121	104444	102623	101374	100309	101412	101969	102471	103396	105369	103601	102997	104748	105549	105538	105546	105438	105527	105556	105512	105548	105504	105344	105374	105534	105321	105560	105562	105543	105531	105570	105473	102478	103700	103914	103846	103854	103395	103658	103362	105277	104706	104432	105274	104946	105070	105195	105278	105244	101997	104404	104188	103941	104422	103953	105303	105051	103163	104816	105566	105572	105573	105573	105574	105572	105573	105571	105573	105545	101500	101722	101057	102103	102148	100956	101207	101535	100826	100969	101571	101491	100686	101077	102222	101111	102195	101419	102851	103012	101093	101347	102144	102410	102518	100799	101249	102653	102682	101473	100916	101522	101089	101424	101769	105446	105175	105430	102630	105249	105057	105098	103655	103625	102558	105418	104783	105335	105353	104459	105118	102157	103750	104251	103072	104527	105219	104204	102236	102123	102887	102561	102260	103194	102261	102846	102127	101191	103173	104542	103351	103463	103562	101794	102117	103145	101301	102703	101654	102643	101583	103164	104631	102300	104532	104669	102905	100948	102854	102849	102021	102824	101581	102268	98437	102942	102425	103321	102401	105573	105573	105448	105573	105573	105573	105544	105573	102080	103324	102133	102303	102626	101840	102603	103595	102904
MALV_LP_100_Du-206	101132	103529	101047	101157	101930	101572	101060	103016	101792	101658	101419	102536	102709	103389	103329	103740	103374	105955	105967	105579	105599	106216	106049	105427	105824	105597	102882	103097	102259	103188	103094	102262	102664	103595	102555	103251	102079	104103	102751	104341	104711	104268	104315	105295	103694	103986	105490	106434	106098	106138	106735	106407	106364	105647	105763	106324	101919	101806	103475	102058	101890	100785	102602	103844	102193	103866	102384	102252	103651	101543	102402	101756	101250	101845	103215	101253	100870	101407	101703	101586	100360	101926	103329	102774	101869	80117	102385	101522	101371	104853	104961	105212	104450	102622	101373	100309	101412	101982	102471	103395	105786	103609	102995	104824	106212	106640	106519	106216	106187	106297	106470	106114	105945	105627	105717	106003	105732	106309	106703	106652	106627	106730	106534	102498	103773	103989	103918	103929	103393	103731	103434	105463	104723	104444	105463	105079	105161	105389	105571	105533	101996	104419	104187	103942	104420	103951	105734	105234	103161	104846	106719	106593	106692	106589	105572	106735	106627	106164	106272	106301	101500	101721	101056	102103	102162	100955	101206	101535	100826	100969	101572	101491	100684	101089	102222	101110	102196	101419	102863	103012	101092	101346	102156	102411	102532	100798	101248	102652	102681	101485	100916	101521	101089	101423	101781	106413	105382	106331	102629	105386	105120	105312	103668	103625	102556	105930	104808	105655	105910	104470	105219	102156	103752	104266	103070	104583	105320	104203	102235	102122	102887	102560	102258	103208	102260	102845	102126	101192	103187	104591	103364	103477	103574	101808	102129	103157	101300	102703	101653	102655	101581	103164	104639	102299	104537	104667	102904	100948	102864	102850	102020	102824	101579	102268	98437	102944	102437	103323	102401	106501	106406	105776	106613	106584	106734	106103	106321	102100	103396	102170	102324	102686	101860	102675	103669	102975
MALV_LP_101_Du-207	101132	103544	101048	101158	101930	101573	101060	103017	101793	101658	101419	102536	102710	103389	103330	103741	103375	105960	105999	105609	105607	106264	106086	105428	105878	105623	102882	103098	102260	103188	103095	102263	102665	103596	102555	103252	102079	104104	102752	104342	104712	104269	104316	105296	103695	103987	105491	106500	106110	106158	106753	106494	106390	105665	105766	106392	101922	101807	103476	102058	101890	100785	102603	103845	102194	103867	102384	102253	103652	101544	102403	101757	101251	101846	103216	101254	100871	101408	101704	101587	100360	101926	103330	102775	101869	80117	102385	101523	101371	104854	104962	105213	104451	102622	101374	100309	101412	101982	102471	103396	105832	103613	102996	104824	106212	106650	106578	106255	106220	106370	106488	106170	106009	105646	105738	106060	105776	106356	106707	106655	106637	106748	106542	102499	103790	104007	103936	103947	103394	103749	103449	105464	104723	104445	105463	105079	105162	105390	105572	105558	101996	104420	104188	103942	104421	103952	105771	105235	103162	104847	106746	106649	106707	106688	105573	106627	106753	106168	106304	106303	101501	101722	101057	102104	102163	100956	101207	101536	100827	100970	101573	101492	100685	101090	102223	101110	102197	101420	102864	103013	101093	101347	102157	102412	102533	100799	101249	102653	102682	101486	100917	101522	101089	101424	101781	106413	105383	106331	102630	105387	105121	105313	103669	103626	102557	105973	104809	105657	105918	104471	105220	102157	103753	104266	103071	104584	105320	104204	102235	102123	102888	102560	102259	103209	102261	102845	102126	101192	103187	104591	103365	103478	103575	101808	102130	103158	101300	102704	101654	102656	101582	103165	104640	102300	104537	104668	102905	100948	102868	102851	102020	102825	101580	102268	98437	102945	102438	103324	102402	106587	106462	105796	106673	106641	106752	106126	106376	102101	103412	102170	102328	102688	101860	102679	103687	102979
MALV_LP_102_Du-208	101132	103494	101046	101156	101930	101572	101059	103015	101790	101658	101419	102536	102708	103389	103329	103740	103372	105828	105940	105575	105597	106001	105950	105399	105736	105558	102882	103095	102259	103187	103092	102261	102663	103593	102555	103250	102079	104101	102750	104340	104709	104266	104313	105285	103693	103985	105468	106090	105839	105972	106168	106081	106091	105611	105763	106088	101919	101805	103474	102058	101889	100785	102601	103842	102192	103865	102383	102251	103650	101542	102401	101755	101249	101844	103215	101251	100869	101406	101703	101585	100360	101926	103328	102773	101869	80117	102385	101520	101371	104852	104960	105211	104449	102622	101372	100309	101411	101981	102471	103394	105727	103608	102994	104824	106061	106116	106124	105986	106029	106087	106103	105997	105859	105590	105696	105903	105667	106099	106157	106122	106109	106164	106050	102497	103737	103952	103882	103893	103392	103696	103398	105459	104722	104443	105462	105078	105160	105359	105526	105489	101995	104418	104185	103941	104419	103950	105708	105232	103160	104846	106161	106148	106168	106168	105571	106164	106168	106169	106086	106106	101498	101720	101055	102102	102161	100953	101205	101534	100824	100967	101572	101490	100683	101088	102222	101110	102195	101418	102862	103012	101091	101345	102156	102410	102530	100797	101247	102651	102680	101484	100914	101520	101089	101423	101780	106022	105380	106008	102629	105386	105119	105305	103666	103625	102555	105835	104806	105630	105818	104468	105218	102155	103751	104265	103069	104582	105320	104202	102234	102121	102885	102560	102257	103207	102259	102845	102125	101190	103185	104590	103363	103476	103573	101807	102129	103156	101300	102702	101652	102654	101580	103163	104638	102298	104536	104666	102904	100947	102863	102848	102020	102822	101578	102268	98437	102943	102436	103322	102400	106167	106130	105686	106168	106162	106168	105939	106068	102099	103360	102170	102323	102663	101859	102639	103633	102941
MALV_LP_103_Du-209	101132	103543	101048	101158	101930	101573	101059	103017	101792	101658	101419	102535	102709	103389	103330	103741	103374	105953	105938	105605	105605	106127	106083	105428	105885	105602	102882	103097	102260	103188	103094	102263	102665	103595	102555	103252	102079	104103	102752	104342	104711	104268	104315	105296	103695	103987	105490	106233	105945	106156	106354	106256	106324	105663	105742	106275	101919	101807	103476	102058	101889	100785	102602	103844	102194	103867	102384	102253	103652	101543	102403	101757	101251	101846	103216	101253	100871	101407	101704	101587	100360	101926	103330	102775	101869	80117	102385	101522	101371	104853	104961	105212	104451	102622	101374	100309	101412	101982	102471	103396	105831	103610	102996	104824	106135	106252	106261	106101	106114	106225	106256	106168	106006	105643	105735	106056	105772	106291	106308	106257	106245	106350	106187	102499	103788	104003	103933	103943	103394	103746	103449	105463	104722	104445	105463	105079	105162	105390	105572	105557	101996	104420	104187	103941	104421	103952	105713	105235	103162	104847	106347	106245	106328	106275	105573	106272	106304	106086	106354	106069	101500	101722	101057	102104	102162	100955	101207	101535	100826	100969	101573	101492	100685	101090	102223	101110	102197	101420	102864	103013	101093	101347	102157	102412	102532	100799	101249	102653	102682	101486	100916	101522	101089	101424	101781	106159	105383	106144	102630	105387	105121	105312	103668	103626	102557	105966	104808	105657	105853	104470	105220	102157	103753	104266	103071	104584	105320	104204	102235	102123	102887	102560	102259	103208	102261	102845	102126	101191	103186	104591	103365	103478	103575	101808	102130	103158	101300	102704	101654	102656	101582	103165	104640	102300	104537	104668	102905	100948	102865	102850	102020	102824	101580	102268	98437	102945	102438	103323	102402	106339	106318	105793	106354	106354	106354	106036	106284	102101	103411	102170	102324	102687	101860	102679	103684	102976
MALV_LP_104_Du-210	101133	103448	101048	101158	101931	101573	101060	103017	101792	101658	101419	102536	102709	103375	103330	103741	103374	105864	105953	105567	105592	106073	105990	105420	105703	105585	102883	103097	102260	103172	103094	102262	102665	103587	102556	103252	102080	104102	102752	104341	104710	104267	104314	105295	103695	103986	105424	106246	105988	106017	106303	106236	106145	105563	105759	106142	101920	101807	103476	102059	101890	100785	102602	103826	102193	103867	102385	102253	103649	101543	102402	101757	101251	101845	103215	101253	100871	101407	101704	101587	100360	101927	103330	102775	101870	80117	102386	101522	101372	104852	104961	105212	104451	102623	101374	100309	101413	101983	102472	103396	105740	103609	102996	104825	106082	106285	106266	106043	106125	106159	106255	105966	105824	105544	105704	105869	105679	106114	106292	106283	106276	106299	106231	102491	103693	103907	103838	103847	103394	103651	103354	105462	104723	104445	105463	105079	105162	105380	105549	105501	101997	104420	104187	103942	104421	103952	105722	105234	103162	104847	106296	106304	106303	106303	105545	106301	106303	106106	106069	106304	101500	101722	101057	102104	102161	100955	101207	101535	100826	100969	101572	101492	100685	101090	102223	101111	102196	101420	102864	103012	101093	101347	102157	102411	102531	100799	101249	102653	102682	101486	100916	101522	101090	101424	101782	106138	105382	106145	102630	105386	105120	105311	103668	103625	102557	105861	104807	105646	105829	104469	105210	102157	103752	104266	103071	104584	105321	104204	102236	102123	102887	102561	102259	103208	102261	102846	102127	101191	103187	104592	103351	103454	103557	101809	102130	103158	101301	102704	101654	102656	101582	103165	104639	102300	104538	104668	102905	100948	102845	102850	102021	102824	101580	102269	98437	102945	102438	103322	102402	106273	106160	105641	106303	106288	106303	105979	106138	102101	103316	102126	102324	102619	101861	102595	103588	102897
OCO_LP_058_Du-115	101021	101449	100936	101036	101430	101316	100946	101463	101396	101286	101203	101426	101363	101449	101442	101442	101441	101491	101496	101458	101491	101492	101493	101454	101469	101474	101458	101501	101479	101496	101294	101500	101500	101500	101407	101501	101427	101489	101449	101497	101493	101501	101493	101500	101498	101490	101502	101500	101476	101499	101501	101501	101478	101478	101500	101481	101472	101448	101495	101469	101454	100729	101415	101480	101467	101494	101492	101495	101494	101385	101326	101287	101091	101407	101478	101148	100779	101297	101447	101357	100272	101420	101496	101489	101427	80115	101438	101362	101298	101478	101451	101448	101488	101478	101230	100200	101227	101481	101475	101492	101500	101491	101487	101365	101484	101490	101480	101484	101487	101491	101486	101499	101500	101499	101490	101497	101460	101491	101498	101488	101480	101499	101500	101499	101501	101501	101500	101501	101400	101501	101500	101500	101500	101501	101498	101497	101501	101500	101500	101495	101424	101481	101458	101438	101448	101484	101463	101449	101468	101432	101501	101501	101500	101500	101500	101500	101501	101498	101500	101500	101502	101432	101022	101480	101475	100916	101139	101394	100796	100943	101396	101303	100572	100960	101490	100991	101488	101247	101489	101486	100975	101229	101489	101494	101492	100681	101128	101485	101473	101272	100799	101331	100970	101300	101471	101482	101481	101486	101456	101500	101500	101501	101502	101500	101025	101501	101493	101496	101501	101493	101492	101447	101491	101488	101467	101459	101488	101493	101399	101462	101442	101449	101441	101486	101440	101388	101462	100883	101500	101499	101499	101499	101497	101491	101489	101470	101149	101471	101341	101470	101356	101475	101475	101463	101474	101476	101468	100830	101471	101496	101310	101495	101373	101466	98347	101492	101326	101495	101471	101499	101500	101501	101501	101500	101500	101496	101500	101501	101494	101437	101502	101501	101392	101493	101500	101497
OCO_LP_059_Du-106	101016	101671	100932	101039	101582	101436	100942	101686	101574	101420	101274	101648	101564	101671	101665	101664	101663	101713	101718	101622	101664	101712	101714	101599	101691	101641	101603	101722	101695	101718	101499	101722	101722	101721	101629	101723	101560	101662	101619	101670	101665	101674	101665	101674	101683	101662	101723	101722	101621	101721	101722	101722	101700	101700	101700	101703	101581	101603	101717	101663	101608	100713	101637	101703	101637	101716	101699	101678	101716	101388	101547	101453	101103	101558	101701	101123	100770	101289	101508	101412	100238	101597	101711	101701	101583	80087	101589	101414	101285	101651	101672	101622	101706	101648	101252	100186	101288	101632	101642	101657	101673	101664	101657	101511	101707	101711	101703	101697	101709	101712	101701	101721	101722	101721	101660	101719	101625	101711	101719	101709	101702	101721	101715	101697	101723	101722	101722	101722	101545	101723	101722	101688	101720	101703	101720	101668	101723	101715	101660	101667	101562	101636	101602	101582	101593	101651	101608	101594	101613	101577	101715	101723	101722	101722	101722	101721	101722	101720	101722	101722	101432	101723	101045	101696	101711	100918	101140	101453	100787	100936	101421	101325	100563	100952	101671	100986	101689	101289	101711	101659	100967	101221	101648	101716	101665	100673	101123	101655	101646	101320	100789	101365	100962	101260	101556	101699	101653	101683	101601	101721	101703	101673	101675	101668	101196	101670	101665	101668	101673	101714	101714	101646	101713	101708	101637	101604	101710	101715	101544	101617	101588	101619	101605	101659	101584	101534	101625	100976	101721	101721	101721	101721	101719	101585	101623	101692	101175	101669	101441	101660	101431	101653	101697	101633	101646	101698	101635	100823	101692	101717	101472	101716	101361	101638	98313	101714	101532	101716	101693	101721	101722	101722	101722	101722	101722	101718	101722	101669	101716	101581	101710	101723	101539	101715	101722	101719
OCO_LP_060_Du-107	100838	101009	100792	100823	100996	100954	100762	101024	100982	100874	100840	100986	100924	101009	101003	101002	101001	101051	101056	101004	101049	101052	101052	100984	101029	101026	100988	101057	101038	101053	100850	101057	101057	101056	100966	101058	100973	101044	101001	101052	101047	101056	101047	101056	101055	101044	101058	101057	101003	101056	101057	101057	101035	101035	101057	101038	101047	101030	101055	101035	101019	100552	100975	101041	101022	101054	101052	101055	101054	101034	100885	100876	100899	100968	101039	100961	100761	101029	101010	100985	100233	101001	101056	101049	100982	80084	100967	100988	100967	101036	101010	101007	101048	101031	100995	100193	101014	101048	101024	101039	101055	101046	101039	100895	101044	101049	101040	101043	101047	101050	101043	101056	101057	101056	101044	101055	101010	101047	101055	101044	101040	101056	101057	101056	101058	101057	101057	101057	100927	101058	101057	101056	101056	101058	101055	101050	101058	101057	101042	101049	100967	101018	100984	100964	100975	101033	100990	100976	100995	100959	101050	101058	101057	101057	101057	101056	101057	101055	101057	101057	101022	101045	101058	101051	101048	100769	100938	101026	100761	100861	101045	101049	100546	100908	101050	100839	101048	100996	101049	101044	100824	101014	101050	101054	101050	100671	100925	101039	101031	100905	100759	101010	100881	101031	101046	101042	101038	101045	100986	101057	101057	101055	101057	101050	100578	101052	101047	101050	101055	101052	101052	101044	101051	101048	101022	100989	101048	101053	100926	101017	100973	101004	100990	101042	100979	100918	101015	100627	101056	101056	101056	101056	101054	101057	101052	101030	100890	101030	100935	101030	100975	101035	101035	101018	101031	101035	101020	100698	101030	101055	100865	101053	101020	101022	98318	101052	100886	101054	101031	101056	101057	101057	101057	101057	101057	101053	101057	101058	101051	101024	101058	101058	100988	101050	101057	101054
OCO_LP_061_Du-108	101053	102055	100967	101074	101780	101490	100979	102070	101694	101543	101361	102025	101934	102056	102049	102048	102047	102096	102097	101989	102034	102082	102100	101969	102076	102011	101974	102103	101960	102100	101865	101969	102094	102103	101998	102105	101791	102029	101919	102037	102032	102040	102032	102041	102050	102029	102105	102104	101989	102103	102104	102104	102082	102082	102067	102085	101718	101694	102089	101906	101777	100749	102012	102087	101888	102099	101999	101949	102099	101470	101903	101607	101159	101721	102085	101174	100805	101354	101618	101496	100275	101717	102090	102064	101745	80107	101931	101480	101356	102019	102056	101991	102076	101965	101288	100223	101322	101821	101941	102024	102040	102032	102023	101881	102091	102096	102087	102067	102094	102097	102085	102103	102104	102103	102029	102102	101995	102093	102102	102091	102087	102103	102084	101883	102105	102104	102104	102104	101912	102105	102104	102055	102087	102070	102096	102035	102089	102082	102027	102034	101722	102003	101969	101949	101960	102018	101975	101961	101980	101944	102097	102105	102104	102104	102103	102103	102104	102102	102104	102104	101480	101696	101051	102105	101967	100938	101153	101522	100810	100953	101481	101401	100600	100989	101984	101023	101926	101330	102096	102029	101001	101256	101870	102021	102019	100707	101160	102018	102013	101355	100825	101431	100997	101332	101653	102069	102023	102053	101950	102088	102070	102041	102042	102034	101563	102037	102032	102035	102040	102098	102099	101863	102097	102078	102007	101975	102095	102086	101862	101903	101959	101955	101855	102028	101860	101904	101869	101063	102089	102100	102103	102103	102101	101678	101811	102077	101212	102004	101559	102006	101489	102022	102081	101902	102016	102081	102004	100857	102076	102081	101714	102099	101441	101913	98350	102098	101886	102100	102009	102103	102104	102104	102104	102104	102104	102100	102104	101801	102098	101770	101965	102020	101639	102062	102104	102095
OCO_LP_062_Du-109	101034	102102	100948	101057	101813	101473	100960	102115	101716	101546	101343	102088	101990	102113	102093	102093	102090	102155	102154	102047	102104	102152	102157	102025	102132	102068	102030	102149	102055	102150	101924	102075	102140	102161	102032	102161	101844	102101	102043	102105	102105	102107	102091	102113	102117	102087	102163	102162	102049	102161	102163	102163	102139	102139	102139	102144	101784	101698	102157	101928	101827	100732	102058	102141	101995	102143	102065	102020	102145	101468	101967	101631	101143	101734	102142	101167	100787	101341	101634	101479	100257	101772	102149	102128	101790	80103	101996	101498	101348	102078	102099	102062	102134	102069	101269	100205	101305	101819	102035	102081	102112	102098	102081	101936	102147	102154	102143	102124	102150	102154	102143	102161	102162	102161	102099	102160	102067	102152	102160	102149	102144	102161	102155	101952	102162	102163	102161	102164	101969	102163	102161	102129	102148	102141	102161	102107	102148	102154	102099	102102	101828	102060	102027	102007	102017	102075	102032	102019	102037	102002	102156	102162	102162	102162	102148	102162	102163	102161	102162	102161	101475	101711	101048	101967	102164	100931	101166	101528	100804	100946	101467	101385	100581	100984	102019	101004	101974	101313	102151	102086	100983	101238	101945	102080	102106	100689	101141	102079	102071	101370	100807	101412	100979	101315	101670	102139	102090	102125	102027	102161	102138	102109	102114	102095	101620	102111	102091	102093	102114	102142	102152	101934	102143	102148	102063	102030	102138	102142	101957	101945	102015	102045	101973	102099	101971	101959	101946	101088	102161	102160	102161	102161	102159	101695	101856	102132	101193	102095	101529	102083	101472	102080	102124	102029	102071	102124	102061	100839	102128	102146	101800	102144	101442	102011	98332	102144	101962	102146	102079	102161	102162	102162	102163	102163	102162	102157	102162	101804	102155	101762	102036	102092	101653	102117	102162	102128
OCO_LP_063_Du-110	100808	100927	100765	100814	100912	100914	100758	100924	100941	100858	100834	100921	100915	100924	100920	100922	100922	100950	100954	100918	100950	100950	100951	100896	100950	100938	100901	100956	100952	100955	100749	100955	100955	100955	100935	100956	100887	100950	100938	100952	100948	100956	100956	100955	100953	100953	100957	100955	100915	100955	100956	100956	100955	100956	100956	100955	100949	100948	100954	100931	100925	100432	100924	100938	100935	100953	100950	100953	100953	100892	100793	100776	100714	100868	100938	100856	100643	100877	100908	100941	100164	100934	100954	100948	100900	80041	100880	100930	100834	100938	100918	100906	100946	100943	100877	100153	100903	100948	100935	100950	100955	100955	100951	100808	100942	100948	100938	100943	100945	100949	100941	100954	100955	100955	100946	100953	100913	100947	100954	100942	100954	100955	100955	100956	100956	100956	100956	100956	100839	100956	100956	100956	100955	100956	100954	100949	100956	100955	100943	100956	100900	100929	100897	100876	100887	100945	100901	100888	100907	100870	100949	100956	100955	100955	100956	100955	100956	100953	100955	100955	100916	100918	100769	100938	100931	100957	100890	100918	100647	100795	100890	100887	100447	100776	100948	100845	100947	100911	100947	100953	100757	100897	100952	100952	100951	100653	100883	100950	100949	100917	100692	100945	100848	100899	100948	100940	100940	100945	100902	100955	100955	100956	100957	100949	100481	100953	100956	100953	100956	100952	100951	100943	100950	100946	100947	100905	100946	100951	100847	100929	100898	100924	100920	100943	100894	100856	100927	100600	100955	100954	100954	100954	100953	100955	100950	100951	100838	100950	100940	100949	100945	100955	100954	100945	100954	100955	100952	100695	100952	100955	100798	100953	100949	100946	98227	100951	100805	100954	100952	100955	100955	100956	100956	100955	100955	100952	100955	100956	100954	100938	100957	100956	100948	100950	100955	100952
OCO_LP_064_Du-111	100938	101177	100884	100959	101140	101082	100892	101176	101076	101020	100891	101154	101093	101176	101172	101173	101172	101201	101206	101160	101201	101202	101202	101140	101201	101182	101144	101207	101184	101203	101000	101207	101207	101206	101091	101208	101075	101195	101157	101204	101199	101207	101199	101207	101205	101197	101208	101207	101159	101206	101207	101207	101206	101206	101207	101207	101201	101162	101205	101145	101147	100672	101103	101187	101171	101204	101202	101205	101204	101119	101036	100968	100978	101107	101188	101065	100765	101125	101148	101091	100253	101155	101206	101199	101139	80115	101123	101151	101045	101187	101160	101155	101198	101186	101073	100197	101140	101200	101180	101194	101207	101198	101195	101052	101195	101199	101191	101195	101197	101200	101194	101206	101207	101206	101198	101206	101165	101197	101205	101194	101206	101206	101207	101208	101208	101207	101207	101207	101083	101208	101207	101206	101206	101208	101205	101201	101208	101207	101195	101201	101123	101174	101140	101120	101131	101189	101146	101132	101151	101115	101200	101208	101207	101207	101207	101206	101207	101205	101207	101207	101139	101140	100938	101153	101166	100890	101209	101124	100791	100937	101140	101090	100566	100950	101200	100952	101198	101147	101199	101196	100918	101106	101204	101204	101201	100681	101050	101194	101175	101107	100789	101138	100940	101124	101163	101192	101191	101195	101141	101207	101207	101207	101208	101201	100732	101204	101199	101202	101207	101202	101202	101132	101201	101198	101178	101145	101198	101203	101069	101146	101126	101160	101146	101195	101134	101075	101172	100730	101206	101207	101206	101206	101204	101191	101202	101202	101046	101202	101076	101201	101142	101206	101204	101196	101205	101206	101196	100789	101200	101205	101041	101203	101203	101182	98324	101202	101057	101204	101203	101206	101207	101207	101207	101207	101207	101203	101207	101205	101201	101116	101208	101208	101138	101200	101207	101204
OCO_LP_065_Du-112	101007	101489	100929	100999	101464	101318	100946	101502	101374	101267	101166	101466	101401	101488	101482	101481	101480	101529	101533	101488	101529	101530	101531	101468	101507	101511	101472	101536	101514	101531	101328	101528	101535	101535	101442	101536	101405	101524	101485	101531	101528	101535	101526	101535	101533	101523	101537	101535	101487	101534	101536	101536	101513	101513	101536	101517	101494	101438	101533	101504	101461	100689	101454	101519	101498	101532	101528	101533	101532	101382	101362	101274	101058	101423	101518	101130	100773	101281	101469	101375	100241	101437	101534	101527	101470	80087	101454	101348	101257	101517	101489	101488	101526	101512	101211	100189	101217	101526	101508	101520	101535	101524	101522	101380	101523	101529	101519	101521	101525	101529	101521	101534	101535	101534	101527	101533	101495	101526	101534	101523	101519	101534	101535	101488	101536	101536	101535	101537	101411	101537	101535	101536	101535	101536	101534	101529	101536	101535	101523	101529	101428	101501	101469	101449	101459	101517	101474	101460	101479	101444	101529	101536	101535	101535	101535	101535	101536	101534	101535	101535	101394	101453	101026	101522	101528	100918	101124	101538	100790	100940	101350	101287	100566	100949	101529	100969	101526	101258	101527	101523	100969	101195	101506	101532	101530	100672	101115	101520	101509	101233	100790	101324	100964	101251	101493	101520	101518	101525	101470	101536	101535	101534	101537	101530	101058	101534	101526	101528	101537	101530	101530	101446	101529	101526	101506	101473	101526	101531	101410	101493	101453	101489	101456	101525	101462	101403	101500	100885	101535	101534	101534	101534	101532	101519	101516	101508	101112	101507	101325	101508	101360	101513	101512	101500	101510	101513	101502	100820	101507	101534	101306	101532	101353	101500	98316	101530	101364	101533	101505	101534	101535	101536	101536	101536	101535	101531	101535	101530	101529	101438	101532	101507	101422	101528	101535	101532
OCO_LP_066_Du-113	100677	100779	100623	100669	100765	100744	100635	100795	100753	100670	100588	100756	100692	100778	100772	100771	100771	100820	100825	100779	100820	100821	100822	100759	100798	100801	100763	100827	100805	100822	100620	100826	100826	100826	100733	100827	100748	100815	100776	100823	100819	100827	100818	100826	100824	100815	100828	100826	100778	100825	100827	100827	100804	100804	100826	100807	100820	100809	100824	100806	100795	100402	100747	100811	100797	100823	100821	100824	100823	100805	100654	100647	100682	100737	100809	100780	100667	100800	100782	100753	100226	100797	100825	100818	100757	80113	100742	100797	100742	100809	100781	100779	100817	100804	100790	100219	100817	100819	100799	100812	100826	100816	100814	100670	100813	100819	100809	100812	100816	100820	100812	100825	100826	100825	100817	100824	100786	100817	100825	100813	100809	100825	100826	100827	100827	100827	100826	100827	100702	100827	100826	100826	100826	100827	100824	100820	100827	100826	100814	100821	100742	100793	100760	100740	100750	100808	100765	100751	100770	100734	100820	100827	100826	100826	100826	100826	100827	100824	100826	100826	100796	100787	100761	100810	100804	100647	100791	100790	100828	100788	100818	100818	100522	100744	100819	100735	100817	100807	100818	100814	100745	100818	100823	100823	100821	100634	100768	100812	100801	100752	100695	100815	100752	100818	100819	100811	100810	100815	100760	100826	100826	100826	100828	100820	100350	100824	100818	100820	100827	100822	100821	100813	100820	100817	100797	100764	100817	100822	100701	100792	100745	100779	100765	100814	100754	100693	100790	100478	100826	100825	100825	100825	100823	100826	100821	100799	100727	100799	100731	100799	100771	100804	100804	100792	100802	100804	100793	100604	100799	100825	100638	100823	100800	100794	98347	100821	100655	100824	100800	100825	100826	100827	100827	100826	100826	100822	100826	100827	100820	100792	100828	100827	100757	100819	100826	100823
OCO_LP_067_Du-114	100800	100921	100753	100797	100907	100894	100780	100938	100894	100819	100716	100899	100835	100920	100914	100914	100913	100962	100967	100925	100962	100963	100964	100904	100940	100946	100908	100970	100948	100965	100763	100969	100969	100969	100876	100970	100894	100958	100922	100966	100962	100970	100962	100969	100967	100959	100971	100969	100924	100968	100970	100970	100947	100947	100969	100950	100962	100951	100966	100947	100939	100512	100891	100952	100940	100965	100963	100966	100965	100948	100797	100790	100812	100880	100952	100900	100714	100940	100924	100895	100233	100948	100967	100960	100910	80113	100893	100941	100886	100951	100924	100921	100959	100948	100923	100210	100961	100961	100945	100956	100969	100960	100958	100816	100956	100961	100952	100956	100958	100962	100954	100968	100969	100968	100960	100966	100929	100960	100967	100956	100951	100968	100969	100970	100970	100970	100969	100970	100848	100970	100969	100969	100969	100970	100967	100963	100970	100969	100957	100964	100888	100937	100906	100886	100896	100954	100911	100897	100916	100880	100963	100970	100969	100969	100969	100969	100970	100967	100969	100969	100943	100936	100861	100953	100946	100795	100937	100940	100788	100971	100960	100935	100552	100857	100961	100837	100959	100946	100960	100957	100820	100942	100965	100965	100963	100682	100918	100956	100944	100920	100782	100958	100897	100944	100962	100953	100952	100957	100906	100969	100969	100970	100971	100963	100494	100967	100962	100964	100970	100964	100963	100953	100962	100959	100941	100909	100959	100964	100847	100938	100888	100924	100910	100958	100898	100839	100936	100579	100969	100968	100968	100968	100966	100969	100964	100941	100886	100942	100877	100941	100938	100946	100946	100935	100945	100947	100936	100712	100942	100967	100781	100966	100943	100937	98337	100963	100797	100966	100942	100968	100969	100970	100970	100969	100969	100965	100969	100970	100963	100935	100971	100970	100900	100962	100969	100966
QUI1_LP_249_Du-648	101092	101520	100992	101095	101502	101379	101020	101509	101443	101344	101214	101494	101429	101517	101512	101511	101508	101567	101569	101515	101562	101568	101568	101495	101544	101538	101498	101571	101552	101568	101363	101573	101572	101571	101478	101573	101468	101558	101512	101565	101561	101569	101559	101570	101569	101556	101573	101573	101514	101572	101573	101573	101550	101550	101574	101555	101548	101524	101571	101505	101480	100777	101438	101513	101532	101570	101567	101571	101571	101433	101400	101363	101202	101483	101536	101218	100863	101347	101450	101446	100352	101490	101572	101565	101403	80116	101392	101339	101287	101522	101500	101478	101564	101543	101352	100302	101335	101555	101535	101550	101569	101558	101550	101405	101560	101567	101556	101556	101563	101566	101560	101572	101573	101572	101558	101572	101504	101563	101572	101563	101557	101572	101573	101573	101573	101573	101572	101574	101438	101574	101572	101574	101571	101573	101573	101564	101572	101573	101556	101561	101464	101529	101495	101475	101486	101544	101501	101488	101506	101472	101566	101573	101573	101573	101571	101572	101573	101572	101573	101572	101396	101421	101045	101481	101467	100890	101140	101350	100818	100960	101576	101410	100685	101077	101573	101059	101572	101351	101572	101557	101067	101321	101563	101569	101563	100787	101219	101549	101541	101310	100905	101393	101075	101381	101538	101558	101551	101562	101497	101574	101572	101568	101570	101564	101083	101567	101559	101562	101570	101566	101568	101529	101567	101564	101533	101500	101562	101566	101435	101528	101484	101516	101498	101556	101479	101426	101523	100948	101571	101572	101572	101572	101570	101564	101569	101545	101259	101544	101415	101545	101402	101550	101549	101529	101542	101549	101532	100893	101544	101570	101376	101568	101412	101531	98426	101566	101401	101570	101544	101572	101573	101572	101573	101574	101573	101568	101573	101560	101565	101511	101574	101573	101473	101565	101572	101568
QUI1_LP_250_Du-649	101081	101438	100970	101036	101408	101299	101001	101429	101367	101200	101138	101413	101341	101436	101430	101430	101428	101486	101489	101404	101451	101487	101487	101384	101464	101426	101387	101491	101470	101488	101281	101492	101492	101491	101398	101493	101373	101446	101401	101453	101449	101457	101447	101458	101466	101444	101493	101492	101403	101491	101492	101492	101470	101470	101484	101473	101425	101397	101492	101414	101369	100737	101357	101432	101421	101491	101487	101492	101490	101388	101320	101258	101145	101378	101454	101207	100863	101331	101348	101365	100352	101363	101492	101485	101295	80113	101281	101218	101208	101409	101419	101366	101484	101432	101279	100301	101273	101448	101424	101439	101457	101446	101439	101294	101479	101484	101475	101476	101482	101485	101474	101491	101492	101491	101446	101490	101390	101481	101491	101480	101475	101491	101486	101478	101493	101492	101492	101492	101327	101493	101492	101472	101491	101487	101490	101452	101492	101492	101444	101449	101356	101418	101384	101364	101375	101433	101390	101376	101395	101359	101485	101493	101492	101492	101491	101491	101492	101490	101492	101492	101303	101325	101049	101401	101385	100887	101090	101287	100818	100935	101410	101493	100685	101068	101492	101070	101489	101287	101491	101443	101067	101289	101434	101488	101451	100787	101171	101438	101430	101221	100888	101324	101052	101354	101448	101477	101439	101470	101385	101492	101486	101456	101459	101451	100972	101454	101447	101450	101457	101485	101487	101442	101486	101483	101422	101389	101482	101486	101324	101417	101373	101404	101387	101444	101371	101315	101414	100871	101491	101491	101491	101491	101489	101460	101452	101465	101162	101455	101298	101447	101324	101440	101469	101418	101431	101469	101420	100879	101463	101490	101258	101488	101336	101420	98425	101486	101319	101488	101464	101491	101492	101492	101492	101492	101492	101488	101492	101490	101485	101454	101493	101493	101409	101485	101491	101488
QUI1_LP_251_Du-650	100544	100631	100588	100583	100617	100613	100578	100624	100584	100523	100463	100606	100550	100629	100623	100623	100622	100681	100684	100650	100679	100680	100681	100630	100657	100668	100634	100685	100669	100681	100478	100685	100685	100684	100601	100686	100619	100673	100647	100682	100677	100685	100677	100685	100683	100675	100686	100685	100646	100685	100685	100685	100664	100664	100686	100666	100682	100670	100685	100621	100604	100234	100559	100628	100662	100684	100683	100685	100683	100635	100517	100507	100542	100598	100648	100617	100583	100617	100598	100621	100249	100672	100685	100680	100537	80105	100529	100574	100520	100640	100616	100593	100678	100666	100666	100285	100681	100681	100669	100672	100685	100677	100675	100543	100672	100677	100668	100673	100675	100678	100672	100684	100685	100685	100677	100683	100623	100676	100684	100673	100668	100685	100685	100686	100686	100685	100686	100685	100573	100686	100686	100685	100684	100686	100684	100679	100686	100685	100673	100679	100614	100653	100630	100609	100621	100672	100635	100622	100641	100604	100678	100686	100685	100685	100686	100684	100685	100683	100685	100685	100572	100563	100546	100600	100581	100447	100566	100566	100522	100552	100685	100685	100686	100682	100686	100636	100684	100685	100686	100673	100637	100682	100681	100681	100678	100556	100667	100671	100660	100657	100649	100675	100652	100677	100678	100670	100669	100673	100631	100685	100685	100685	100686	100679	100205	100682	100677	100680	100685	100680	100680	100673	100679	100676	100661	100634	100677	100681	100577	100656	100606	100650	100634	100673	100620	100570	100652	100355	100684	100684	100684	100684	100683	100685	100680	100658	100634	100659	100603	100659	100656	100663	100664	100655	100662	100664	100653	100530	100659	100683	100501	100682	100661	100653	98371	100679	100514	100682	100660	100685	100685	100685	100685	100685	100685	100682	100685	100686	100679	100652	100686	100686	100621	100682	100684	100681
QUI1_LP_252_Du-651	100894	101024	100913	100927	101008	101004	100875	101017	100971	100887	100832	101010	100935	101034	101016	101016	101014	101084	101084	101028	101084	101085	101086	101007	101062	101049	101011	101077	101057	101079	100869	101089	101089	101089	100985	101090	100996	101077	101025	101083	101082	101083	101067	101090	101084	101065	101091	101090	101030	101089	101090	101090	101068	101068	101090	101071	101084	101075	101089	101011	100992	100586	100945	101028	101044	101076	101073	101077	101077	101038	100905	100899	100935	100988	101052	101018	100838	101010	101003	101008	100349	101050	101090	101072	100918	80114	100904	100973	100905	101030	101005	100998	101071	101055	101046	100302	101069	101084	101047	101062	101090	101075	101062	100918	101077	101082	101073	101065	101080	101083	101077	101089	101090	101089	101081	101088	101026	101080	101089	101078	101073	101089	101090	101091	101091	101090	101090	101090	100950	101091	101090	101089	101077	101091	101088	101084	101078	101090	101078	101079	100990	101041	101007	100987	100998	101056	101013	100999	101018	100982	101083	101091	101090	101090	101077	101089	101090	101088	101090	101090	100960	100952	100908	100989	100984	100776	100950	100949	100744	100857	101077	101068	100682	101091	101078	100948	101076	101071	101089	101063	100959	101073	101086	101074	101083	100769	101049	101061	101050	101023	100871	101065	100973	101068	101082	101075	101071	101078	101009	101090	101086	101085	101091	101071	100594	101087	101067	101070	101090	101071	101082	101065	101073	101081	101046	101013	101069	101072	100948	101040	100996	101027	101011	101078	101001	100940	101037	100701	101089	101089	101089	101089	101087	101090	101084	101063	100998	101050	100980	101064	101045	101056	101055	101042	101052	101055	101043	100817	101058	101076	100889	101074	101050	101042	98423	101074	100919	101074	101051	101089	101090	101090	101090	101090	101090	101086	101090	101091	101083	101055	101091	101091	101022	101083	101089	101086
QUI1_LP_253_Du-652	101124	102170	101040	101150	101893	101566	101051	102160	101746	101571	101404	102119	102062	102168	102162	102162	102159	102217	102220	102124	102171	102217	102218	102104	102195	102147	102107	102222	102089	102219	102001	102131	102218	102222	102063	102224	101869	102166	102105	102173	102169	102177	102167	102178	102186	102164	102224	102223	102123	102222	102223	102223	102201	102201	102205	102205	101895	101767	102222	101957	101828	100777	102042	102163	102013	102220	102143	102118	102220	101525	102045	101669	101244	101812	102186	101236	100864	101400	101683	101580	100352	101809	102218	102208	101805	80115	102001	101497	101364	102131	102151	102087	102214	102139	101368	100302	101387	101939	102129	102159	102177	102166	102159	102014	102210	102216	102206	102201	102214	102216	102205	102223	102223	102222	102167	102221	102111	102212	102222	102212	102207	102222	102216	102046	102224	102223	102223	102224	102047	102225	102223	102193	102222	102207	102222	102172	102223	102219	102164	102169	101865	102138	102104	102084	102095	102153	102110	102096	102115	102080	102217	102224	102224	102223	102222	102222	102223	102222	102223	102223	101490	101671	101050	101984	102019	100948	101200	101529	100819	100961	101573	101492	100686	101078	102226	101110	102078	101420	102222	102164	101082	101337	102008	102175	102148	100788	101239	102158	102124	101457	100906	101512	101079	101416	101754	102206	102159	102191	102102	102224	102206	102176	102179	102172	101680	102175	102167	102170	102178	102216	102218	101956	102217	102214	102142	102109	102213	102217	101980	102010	102093	102108	102032	102165	102026	102033	102043	101160	102222	102222	102222	102222	102220	101781	101957	102196	101290	102175	101620	102144	101562	102160	102200	102051	102151	102200	102141	100936	102194	102218	101876	102219	101570	102029	98426	102218	102039	102220	102137	102222	102224	102223	102223	102225	102223	102219	102223	101885	102216	101823	102082	102158	101755	102181	102222	102183
QUI1_LP_254_Du-653	100899	101057	100858	100945	101043	101039	100883	101047	101014	100947	100887	101034	100979	101055	101048	101049	101047	101107	101109	101087	101105	101106	101106	101064	101083	101101	101071	101110	101093	101107	100903	101110	101110	101109	101035	101111	101057	101104	101086	101107	101102	101110	101110	101110	101108	101108	101111	101110	101079	101110	101110	101110	101090	101089	101111	101091	101109	101097	101110	101046	101031	100572	100985	101051	101096	101110	101110	101110	101109	101022	100951	100932	100891	101024	101073	100994	100753	101012	101023	101053	100323	101098	101110	101105	100969	80096	100963	100997	100908	101065	101048	101019	101103	101102	101043	100291	101071	101107	101104	101105	101110	101110	101108	100978	101097	101102	101093	101098	101100	101103	101098	101109	101110	101110	101102	101108	101047	101101	101109	101099	101093	101110	101110	101111	101111	101110	101111	101110	101007	101111	101111	101110	101111	101111	101110	101106	101111	101110	101098	101110	101050	101086	101064	101045	101055	101105	101070	101056	101075	101038	101103	101111	101110	101110	101111	101110	101110	101110	101110	101111	100991	100986	100839	101023	101004	100845	100952	100969	100735	100837	101059	101070	100636	100948	101110	101111	101110	101091	101111	101107	100953	101057	101106	101106	101104	100743	101023	101104	101094	101056	100838	101100	100958	101070	101104	101095	101095	101099	101061	101110	101110	101110	101111	101104	100630	101107	101110	101109	101110	101106	101106	101099	101105	101102	101091	101069	101104	101105	101007	101089	101044	101087	101074	101098	101053	101004	101086	100776	101110	101110	101109	101109	101108	101111	101105	101084	100987	101084	101032	101084	101079	101089	101090	101081	101089	101089	101086	100861	101088	101109	100936	101107	101083	101079	98403	101105	100939	101108	101084	101110	101110	101110	101110	101110	101110	101107	101110	101111	101104	101080	101111	101111	101053	101105	101109	101106
QUI1_LP_255_Du-654	101123	102144	101038	101148	101835	101557	101049	102133	101707	101576	101382	102070	102024	102140	102134	102135	102132	102191	102193	102102	102150	102192	102192	102082	102169	102124	102063	102195	102055	102192	101979	102105	102184	102195	102001	102197	101821	102145	102079	102152	102148	102156	102146	102157	102164	102143	102197	102197	102101	102196	102197	102197	102174	102174	102182	102178	101840	101774	102195	101932	101813	100777	102009	102137	102028	102195	102093	102131	102196	101522	102002	101666	101242	101822	102159	101234	100862	101397	101683	101579	100352	101795	102196	102187	101785	80116	101958	101484	101362	102109	102123	102065	102188	102097	101366	100302	101404	101928	102096	102137	102156	102145	102137	101992	102184	102189	102180	102179	102187	102190	102179	102196	102197	102196	102145	102195	102089	102186	102196	102185	102180	102196	102190	101967	102197	102197	102196	102197	102025	102197	102182	102171	102195	102185	102195	102151	102196	102197	102143	102148	101835	102116	102082	102062	102073	102131	102088	102075	102093	102057	102190	102197	102197	102197	102195	102196	102197	102195	102197	102196	101488	101689	101048	101926	101974	100947	101198	101526	100817	100959	101572	101489	100684	101076	102078	101110	102197	101418	102196	102143	101080	101335	101956	102151	102123	100786	101237	102117	102097	101461	100905	101504	101077	101413	101735	102182	102139	102170	102065	102197	102185	102155	102157	102150	101645	102153	102146	102149	102156	102191	102193	101882	102192	102188	102120	102087	102186	102190	101947	101942	102071	102089	102002	102142	101991	101982	101968	101134	102195	102195	102196	102196	102194	101777	101995	102170	101288	102152	101629	102094	101569	102139	102174	102019	102129	102173	102118	100935	102169	102183	101840	102192	101568	101955	98426	102191	102012	102194	102094	102196	102197	102196	102197	102197	102197	102192	102197	101890	102189	101810	102043	102112	101745	102151	102196	102120
QUI1_LP_257_Du-656	101069	101365	101001	101085	101350	101299	101000	101356	101285	101169	101079	101340	101275	101363	101357	101357	101355	101414	101417	101360	101405	101414	101415	101339	101391	101381	101343	101419	101399	101416	101212	101420	101420	101419	101326	101421	101317	101401	101357	101409	101404	101413	101403	101413	101417	101400	101421	101420	101359	101419	101420	101420	101398	101398	101420	101401	101406	101395	101419	101352	101321	100737	101285	101360	101379	101418	101417	101419	101417	101312	101249	101214	101149	101330	101381	101192	100856	101283	101324	101347	100348	101378	101419	101413	101250	80111	101237	101237	101163	101364	101347	101320	101412	101388	101267	100295	101330	101407	101380	101395	101412	101402	101395	101250	101406	101411	101402	101404	101409	101412	101404	101419	101420	101419	101400	101417	101345	101410	101418	101408	101402	101419	101420	101399	101421	101420	101420	101420	101283	101421	101420	101419	101419	101421	101418	101407	101420	101420	101399	101405	101323	101374	101340	101320	101331	101389	101346	101332	101351	101315	101413	101421	101420	101420	101419	101419	101420	101418	101420	101420	101247	101289	100996	101330	101313	100911	101147	101258	100807	100946	101351	101287	100685	101071	101420	101091	101418	101421	101420	101398	101034	101254	101405	101415	101405	100781	101197	101394	101385	101220	100898	101324	101051	101277	101400	101404	101394	101407	101342	101420	101419	101412	101414	101406	100928	101409	101403	101406	101412	101413	101414	101374	101413	101410	101378	101345	101410	101413	101280	101372	101329	101359	101343	101400	101333	101271	101369	100892	101419	101419	101419	101419	101417	101416	101411	101392	101192	101392	101255	101393	101333	101394	101397	101374	101386	101397	101375	100914	101391	101417	101207	101416	101324	101376	98419	101413	101248	101416	101392	101419	101420	101420	101420	101420	101420	101416	101420	101421	101413	101372	101421	101418	101351	101413	101419	101416
QUI1_LP_258_Du-657	101123	102780	101039	101149	101920	101564	101050	102753	101784	101649	101410	102474	102594	102770	102774	102790	102788	102850	102848	102732	102790	102838	102859	102711	102836	102753	102636	102845	102245	102814	102608	102247	102613	102863	102500	102864	102035	102784	102564	102789	102788	102790	102774	102797	102784	102771	102865	102864	102734	102863	102864	102864	102842	102842	102823	102845	101912	101798	102814	102050	101881	100776	102520	102801	102186	102846	102360	102246	102850	101535	102382	101747	101244	101837	102826	101245	100863	101398	101696	101580	100352	101918	102851	102686	101861	80115	102361	101513	101363	102736	102779	102705	102821	102561	101368	100301	101406	101976	102428	102766	102796	102782	102710	102621	102851	102856	102847	102811	102854	102857	102844	102863	102864	102863	102785	102862	102729	102853	102863	102852	102847	102863	102843	102165	102865	102864	102846	102864	102654	102865	102828	102811	102833	102826	102852	102791	102833	102838	102783	102785	101978	102745	102711	102691	102702	102760	102717	102703	102680	102686	102857	102865	102864	102864	102851	102863	102864	102862	102864	102864	101489	101711	101049	102096	102151	100947	101199	101527	100818	100960	101572	101491	100686	101089	102222	101111	102196	101420	102865	102762	101081	101336	102146	102364	102509	100787	101238	102607	102586	101474	100905	101511	101078	101413	101768	102825	102776	102809	102555	102844	102822	102792	102798	102778	102194	102793	102774	102777	102796	102845	102856	102146	102847	102834	102706	102716	102842	102829	102221	102113	102640	102484	102249	102781	102237	102542	102116	101180	102800	102856	102856	102851	102861	101792	102108	102783	101289	102584	101642	102551	101570	102745	102829	102277	102758	102829	102687	100935	102724	102699	102009	102736	101569	102234	98425	102762	102407	102843	102384	102863	102864	102864	102864	102864	102864	102860	102864	101932	102797	101884	102186	102467	101795	102449	102852	102623
QUI2_LP_243_Du-631	101123	102939	101035	101143	101898	101560	101047	102817	101735	101649	101416	102455	102660	102914	102932	102950	102947	103007	103011	102969	103007	103008	103009	102949	102985	102992	102759	102893	102202	102880	102740	102171	102531	103010	102466	102977	102036	103007	102716	103009	103004	103013	103013	103013	102991	103010	103013	103013	102968	103012	103013	103013	102990	102990	103014	102995	101893	101779	102974	102022	101879	100783	102498	102951	102190	103007	102337	102197	103007	101517	102330	101741	101233	101812	102904	101230	100860	101386	101679	101566	100357	101914	102957	102711	101866	80115	102380	101495	101368	102966	102949	102920	103001	102613	101370	100306	101400	101955	102463	103004	103012	103012	102852	102859	103000	103007	102996	102999	103003	103006	103000	103012	103013	103012	103002	103011	102944	103003	103009	103000	102998	103012	103012	102082	102994	103013	102993	103014	102892	102995	102867	103014	103011	103013	103013	103007	103013	103013	102999	103012	101985	102983	102949	102929	102940	102998	102955	102942	102914	102926	103006	103013	103013	103013	103012	103012	103013	103012	103013	103012	101486	101659	101044	102029	102086	100953	101196	101523	100814	100957	101557	101443	100673	101063	102164	101107	102143	101398	102762	103015	101081	101336	102135	102300	102503	100788	101247	102637	102654	101460	100914	101512	101083	101415	101755	103000	102997	103005	102604	103014	103013	103013	103013	103008	102389	103010	103013	103011	103013	103010	103010	102117	103009	103005	102801	102956	103005	103009	102228	102120	102714	102533	102257	102993	102258	102696	102123	101189	102923	103011	102937	102990	103001	101769	102092	102754	101297	102623	101642	102574	101568	102913	102992	102282	102990	102991	102777	100937	102694	102746	102018	102709	101570	102256	98435	102737	102380	102956	102315	103012	103013	103012	103013	103014	103013	103008	103013	101849	102814	101801	102104	102406	101712	102374	102998	102558
QUI2_LP_244_Du-632	100864	101036	100847	100898	101022	101009	100895	101027	100984	100904	100840	101011	100948	101034	101028	101028	101027	101086	101091	101049	101088	101087	101087	101029	101066	101070	101031	101093	101073	101089	100886	101093	101093	101092	101001	101094	101018	101081	101048	101090	101085	101093	101084	101093	101091	101082	101094	101093	101048	101092	101093	101093	101071	101071	101093	101074	101084	101073	101088	101024	101006	100588	100957	101030	101058	101087	101085	101088	101087	101037	100918	100912	100884	101001	101052	100973	100766	101004	101003	101018	100319	101068	101089	101082	100935	80091	100924	100938	100885	101044	101019	100998	101082	101068	101016	100279	101042	101082	101069	101079	101093	101083	101081	100938	101079	101084	101075	101078	101082	101085	101081	101092	101093	101092	101087	101090	101026	101083	101088	101078	101076	101092	101093	101094	101094	101093	101093	101093	100972	101094	101093	101092	101092	101094	101091	101087	101094	101093	101081	101087	101007	101060	101029	101009	101020	101078	101035	101021	101040	101004	101086	101094	101093	101093	101093	101092	101093	101091	101093	101093	100975	100967	100824	101001	100983	100757	100918	100969	100745	100820	101067	101067	100637	100959	101082	100953	101080	101034	101081	101081	101094	101073	101092	101091	101089	100741	101019	101082	101070	101040	100831	101065	100954	101066	101089	101081	101079	101084	101033	101093	101093	101092	101094	101087	100609	101090	101084	101087	101093	101090	101090	101080	101089	101086	101067	101035	101087	101091	100969	101061	101010	101048	101031	101080	101022	100960	101057	100702	101092	101092	101092	101092	101090	101093	101091	101066	101004	101066	100998	101066	101051	101071	101071	101060	101069	101072	101060	100812	101066	101092	100906	101092	101019	101061	98403	101089	100925	101090	101067	101092	101093	101093	101093	101093	101093	101089	101093	101094	101086	101059	101094	101094	101025	101086	101092	101089
QUI2_LP_245_Du-633	101072	101291	101007	101060	101277	101250	101030	101282	101238	101145	101077	101266	101202	101289	101283	101283	101282	101341	101346	101298	101342	101342	101342	101278	101320	101320	101281	101347	101326	101343	101140	101347	101347	101346	101254	101348	101267	101335	101296	101344	101339	101347	101338	101347	101345	101336	101348	101347	101297	101346	101347	101347	101325	101325	101347	101328	101339	101327	101343	101279	101261	100748	101212	101285	101311	101342	101340	101343	101342	101292	101173	101166	101094	101256	101307	101181	100869	101245	101258	101272	100356	101306	101344	101337	101187	80116	101173	101197	101151	101299	101274	101253	101336	101322	101266	100305	101282	101337	101318	101333	101347	101337	101333	101189	101335	101340	101331	101334	101338	101341	101335	101346	101347	101346	101340	101345	101280	101337	101343	101332	101331	101346	101347	101348	101348	101347	101347	101347	101221	101348	101347	101346	101346	101348	101345	101341	101348	101347	101335	101341	101261	101312	101278	101258	101269	101327	101284	101270	101289	101253	101340	101348	101347	101347	101347	101346	101347	101345	101347	101347	101229	101221	101014	101256	101238	100897	101106	101195	100818	100942	101321	101289	100682	101073	101337	101057	101335	101254	101336	101336	101073	101348	101346	101346	101343	100798	101216	101335	101325	101231	100914	101330	101088	101313	101342	101334	101334	101337	101282	101347	101347	101346	101348	101341	100863	101344	101338	101341	101347	101344	101344	101336	101344	101340	101317	101284	101340	101344	101218	101312	101266	101299	101282	101335	101272	101210	101309	100886	101346	101346	101346	101346	101344	101347	101345	101321	101191	101321	101249	101322	101287	101326	101327	101313	101324	101326	101315	100908	101322	101346	101161	101345	101286	101315	98435	101343	101178	101345	101320	101346	101347	101347	101347	101347	101347	101343	101347	101348	101340	101312	101348	101348	101278	101340	101346	101343
QUI2_LP_246_Du-634	101119	102090	101041	101154	101875	101566	101055	102082	101697	101607	101407	102037	102000	102100	102082	102082	102079	102150	102151	102095	102154	102152	102153	102074	102131	102117	102077	102144	102053	102146	101936	102053	102151	102156	102018	102157	101861	102144	102092	102150	102149	102150	102134	102157	102151	102132	102158	102157	102097	102156	102157	102157	102135	102135	102159	102139	101896	101795	102153	101867	101801	100781	101976	102092	102022	102139	102112	102019	102140	101520	101961	101724	101241	101808	102118	101250	100868	101394	101684	101572	100355	101889	102153	102134	101774	80115	101961	101518	101355	102096	102071	102064	102134	102118	101370	100304	101400	101910	102065	102129	102157	102142	102129	101984	102144	102151	102140	102132	102147	102150	102146	102156	102157	102156	102151	102155	102091	102147	102153	102144	102142	102156	102157	101962	102158	102157	102157	102158	102017	102159	102157	102158	102144	102158	102157	102151	102145	102157	102145	102146	101902	102108	102074	102054	102065	102123	102080	102066	102085	102051	102150	102158	102157	102157	102144	102156	102157	102156	102157	102157	101489	101648	101050	101870	101945	100952	101204	101506	100823	100965	101563	101434	100681	101086	102008	101106	101956	101405	102146	102135	101092	101346	102160	102061	102137	100799	101247	102130	102094	101484	100914	101520	101088	101412	101758	102146	102141	102150	102079	102158	102153	102152	102158	102139	101659	102155	102134	102137	102158	102141	102152	101984	102143	102151	102114	102082	102139	102143	101965	102029	102061	102083	102036	102145	102002	102005	101979	101185	102156	102156	102156	102156	102154	101777	101886	102131	101297	102109	101644	102131	101578	102124	102123	102077	102120	102123	102112	100945	102126	102145	101874	102144	101553	102078	98433	102144	101986	102143	102078	102156	102157	102157	102157	102158	102157	102153	102157	101846	102150	101786	102020	102093	101724	102081	102156	102153
QUI2_LP_247_Du-635	101128	102356	101044	101154	101905	101569	101055	102346	101782	101628	101411	102224	102173	102346	102347	102347	102319	102405	102404	102296	102344	102392	102407	102276	102384	102318	102213	102410	102194	102392	102173	102216	102346	102410	102215	102412	101926	102339	102220	102346	102342	102350	102340	102351	102358	102337	102412	102412	102295	102411	102412	102412	102389	102389	102376	102393	101892	101790	102396	102027	101870	100782	102174	102350	102140	102405	102218	102160	102406	101528	102153	101733	101247	101842	102372	101240	100868	101403	101689	101583	100356	101855	102395	102350	101854	80116	102123	101501	101368	102300	102336	102256	102383	102244	101370	100305	101408	101966	102235	102331	102350	102339	102311	102187	102400	102405	102396	102374	102403	102406	102394	102411	102412	102411	102341	102410	102281	102401	102408	102397	102396	102411	102394	102136	102412	102412	102411	102412	102185	102412	102354	102365	102397	102379	102406	102345	102398	102392	102337	102342	101932	102310	102276	102256	102267	102325	102282	102269	102287	102251	102405	102412	102412	102412	102410	102411	102412	102410	102412	102411	101494	101716	101054	102021	102080	100952	101204	101532	100823	100965	101569	101488	100681	101074	102175	101106	102151	101415	102364	102300	101091	101346	102061	102412	102263	100797	101249	102271	102265	101472	100914	101521	101087	101422	101766	102381	102335	102365	102233	102398	102379	102349	102351	102344	101780	102347	102340	102343	102350	102407	102409	102007	102409	102390	102316	102283	102403	102396	102058	102049	102207	102253	102131	102323	102160	102208	102087	101189	102383	102409	102411	102411	102409	101787	102069	102385	101298	102305	101651	102221	101579	102316	102390	102174	102324	102389	102287	100946	102345	102339	101958	102386	101577	102086	98435	102407	102170	102409	102272	102411	102412	102411	102412	102412	102412	102407	102412	101921	102390	101851	102130	102257	101784	102251	102411	102277
QUI2_LP_248_Du-636	101120	102466	101041	101151	101902	101565	101053	102435	101742	101653	101413	102367	102350	102473	102455	102456	102454	102525	102525	102466	102528	102527	102529	102445	102507	102487	102423	102520	102194	102520	102312	102176	102464	102531	102330	102531	101996	102521	102364	102524	102524	102526	102510	102532	102525	102506	102534	102532	102468	102531	102533	102534	102509	102509	102531	102513	101902	101799	102527	102029	101885	100780	102324	102468	102177	102514	102292	102182	102516	101537	102292	101748	101241	101817	102492	101249	100865	101394	101698	101573	100354	101885	102527	102474	101852	80115	102236	101516	101365	102472	102446	102440	102508	102392	101367	100303	101405	101953	102328	102500	102531	102517	102479	102355	102519	102525	102515	102506	102522	102527	102522	102531	102532	102531	102524	102530	102463	102524	102529	102517	102516	102531	102532	102067	102532	102533	102531	102533	102388	102532	102510	102532	102519	102532	102530	102526	102519	102532	102518	102522	101960	102479	102446	102427	102436	102494	102451	102438	102452	102420	102527	102532	102532	102532	102518	102532	102533	102530	102532	102531	101492	101665	101050	102019	102106	100951	101201	101530	100821	100963	101563	101451	100678	101083	102148	101104	102123	101405	102509	102503	101089	101343	102137	102263	102534	100796	101246	102471	102453	101481	100913	101518	101085	101421	101776	102522	102516	102527	102378	102532	102528	102528	102533	102513	102020	102529	102510	102512	102533	102519	102529	102091	102520	102527	102458	102453	102514	102517	102209	102107	102410	102363	102191	102519	102189	102343	102089	101188	102521	102530	102531	102531	102529	101789	102063	102504	101294	102466	101647	102384	101575	102499	102498	102282	102493	102497	102457	100945	102502	102461	101984	102504	101564	102216	98432	102494	102279	102520	102262	102531	102532	102532	102534	102532	102532	102527	102532	101869	102524	101821	102115	102338	101722	102298	102531	102435
QUI2_LP_337_Du-638	100654	100742	100664	100683	100728	100723	100667	100733	100751	100655	100635	100730	100727	100740	100734	100734	100733	100792	100797	100752	100795	100793	100794	100729	100772	100771	100732	100799	100796	100799	100592	100799	100799	100798	100773	100800	100722	100787	100778	100796	100791	100799	100790	100799	100797	100788	100800	100799	100749	100798	100799	100799	100777	100778	100799	100780	100791	100791	100795	100730	100712	100300	100713	100736	100762	100793	100791	100794	100793	100744	100624	100618	100652	100707	100758	100729	100649	100729	100709	100787	100263	100769	100795	100788	100638	80047	100625	100680	100625	100750	100725	100704	100787	100774	100766	100274	100787	100788	100770	100785	100799	100789	100785	100639	100785	100790	100781	100784	100788	100791	100787	100798	100799	100798	100792	100796	100731	100789	100794	100784	100782	100798	100799	100800	100800	100799	100799	100799	100673	100800	100799	100798	100798	100800	100797	100793	100800	100799	100787	100793	100735	100764	100730	100710	100721	100779	100736	100722	100741	100705	100792	100800	100799	100799	100799	100798	100799	100797	100799	100799	100681	100673	100671	100707	100689	100653	100681	100672	100634	100682	100787	100787	100556	100769	100788	100743	100786	100781	100787	100788	100741	100798	100799	100797	100796	100800	100782	100788	100788	100788	100766	100790	100788	100793	100796	100787	100785	100790	100740	100799	100799	100798	100800	100793	100316	100796	100790	100793	100799	100796	100796	100788	100795	100792	100787	100740	100793	100797	100679	100763	100731	100757	100747	100786	100727	100686	100759	100469	100798	100798	100798	100798	100796	100799	100798	100772	100728	100772	100764	100772	100767	100777	100777	100766	100775	100778	100766	100640	100772	100798	100613	100798	100774	100766	98346	100795	100630	100796	100772	100798	100799	100799	100799	100799	100799	100795	100799	100800	100797	100792	100800	100800	100791	100792	100798	100795
QUI2_LP_338_Du-639	101031	101193	100982	101029	101179	101174	100982	101184	101140	101052	100981	101168	101105	101191	101185	101185	101184	101244	101248	101207	101245	101244	101245	101187	101223	101229	101191	101249	101228	101245	101042	101249	101249	101248	101156	101250	101177	101244	101205	101247	101242	101249	101249	101249	101248	101247	101250	101249	101206	101248	101249	101249	101227	101227	101249	101230	101239	101230	101245	101181	101162	100671	101115	101188	101221	101244	101242	101245	101244	101193	101084	101068	101012	101159	101209	101114	100825	101133	101159	101161	100350	101218	101246	101240	101096	80111	101082	101124	101080	101201	101185	101155	101239	101231	101212	100298	101205	101239	101228	101242	101249	101248	101243	101099	101237	101242	101233	101237	101240	101243	101240	101248	101249	101248	101241	101247	101182	101240	101245	101235	101233	101248	101249	101250	101250	101249	101249	101249	101130	101250	101249	101248	101248	101250	101247	101243	101250	101249	101236	101249	101171	101222	101188	101168	101179	101237	101194	101180	101199	101163	101242	101250	101249	101249	101249	101248	101249	101247	101249	101249	101128	101123	100925	101160	101141	100883	101050	101115	100768	100918	101219	101171	100667	101049	101239	101023	101237	101197	101238	101247	101019	101216	101247	101249	101246	100782	101250	101246	101238	101181	100907	101246	101074	101208	101246	101238	101237	101241	101199	101249	101249	101249	101250	101243	100765	101246	101249	101247	101249	101247	101247	101238	101247	101244	101221	101196	101244	101247	101128	101222	101179	101209	101193	101238	101182	101121	101219	100827	101248	101248	101248	101248	101246	101249	101248	101223	101146	101224	101151	101225	101217	101228	101229	101215	101228	101228	101224	100895	101228	101249	101072	101248	101213	101217	98429	101246	101081	101247	101224	101248	101249	101249	101249	101249	101249	101245	101249	101250	101242	101214	101250	101250	101180	101242	101248	101245
QUI2_LP_339_Du-640	101117	102596	101030	101141	101891	101552	101045	102558	101730	101645	101413	102354	102455	102574	102588	102588	102587	102646	102651	102613	102648	102647	102647	102592	102626	102634	102584	102653	102185	102628	102446	102166	102488	102652	102336	102654	102011	102650	102502	102653	102648	102653	102653	102653	102654	102653	102654	102653	102612	102652	102653	102653	102631	102631	102653	102634	101891	101775	102633	102017	101877	100779	102358	102590	102158	102646	102301	102179	102646	101511	102320	101738	101228	101805	102612	101228	100858	101381	101674	101560	100356	101878	102648	102557	101864	80116	102297	101496	101369	102604	102588	102558	102641	102517	101371	100302	101396	101951	102394	102648	102653	102652	102607	102502	102639	102644	102635	102639	102642	102645	102644	102652	102653	102652	102646	102650	102588	102646	102648	102641	102636	102652	102653	102071	102654	102653	102653	102653	102536	102654	102641	102652	102652	102654	102651	102647	102654	102653	102641	102653	101986	102630	102596	102576	102587	102645	102602	102588	102584	102571	102646	102654	102653	102653	102653	102652	102653	102651	102653	102653	101485	101655	101039	102018	102079	100950	101194	101520	100812	100956	101549	101438	100671	101061	102158	101104	102117	101394	102607	102637	101082	101335	102130	102271	102471	100788	101246	102654	102503	101462	100912	101512	101083	101412	101755	102643	102642	102646	102482	102653	102653	102653	102654	102647	102096	102650	102653	102651	102653	102650	102650	102083	102649	102649	102572	102602	102646	102650	102203	102113	102539	102439	102232	102638	102250	102444	102124	101186	102607	102652	102652	102652	102650	101765	102063	102591	101295	102520	101641	102420	101567	102627	102631	102260	102631	102632	102572	100935	102590	102552	102016	102593	101565	102209	98434	102569	102299	102650	102292	102652	102653	102653	102653	102653	102653	102649	102653	101845	102608	101797	102099	102366	101708	102318	102652	102467
QUI2_LP_340_Du-641	101111	102626	101022	101130	101883	101544	101034	102571	101733	101642	101413	102397	102458	102624	102618	102618	102606	102676	102681	102639	102677	102677	102677	102619	102656	102661	102496	102679	102182	102675	102475	102134	102476	102681	102419	102683	102027	102676	102478	102678	102673	102682	102682	102682	102680	102679	102683	102682	102638	102681	102682	102682	102660	102660	102682	102663	101861	101771	102678	102001	101866	100768	102420	102620	102175	102676	102263	102166	102676	101503	102267	101728	101220	101797	102641	101219	100854	101372	101665	101564	100344	101900	102678	102583	101833	80106	102305	101482	101355	102633	102618	102588	102671	102429	101359	100300	101387	101917	102342	102674	102681	102681	102660	102530	102670	102675	102666	102670	102673	102676	102671	102681	102682	102681	102673	102680	102612	102672	102678	102667	102666	102681	102682	102047	102683	102682	102682	102682	102543	102683	102640	102681	102681	102683	102680	102676	102683	102682	102668	102681	101953	102653	102619	102599	102610	102668	102625	102611	102628	102594	102675	102683	102682	102682	102682	102681	102682	102680	102682	102682	101473	101646	101031	102013	102071	100949	101175	101509	100801	100944	101541	101430	100660	101050	102124	101094	102097	101385	102586	102654	101070	101325	102094	102265	102453	100788	101238	102503	102683	101449	100901	101501	101073	101401	101743	102670	102668	102673	102502	102682	102682	102682	102683	102676	102156	102678	102682	102680	102681	102680	102680	102106	102680	102676	102600	102626	102676	102680	102215	102108	102520	102457	102201	102669	102196	102500	102077	101175	102672	102681	102681	102681	102679	101756	102056	102558	101286	102505	101641	102474	101556	102659	102662	102258	102660	102661	102616	100925	102554	102603	101971	102591	101536	102198	98421	102584	102306	102680	102247	102681	102682	102682	102682	102682	102682	102678	102682	101831	102656	101789	102072	102341	101689	102326	102681	102488
QUIN_LP_069_Du-155	100994	101417	100989	101071	101386	101315	101014	101409	101295	101248	101103	101405	101341	101427	101409	101409	101407	101478	101478	101423	101480	101479	101481	101401	101457	101443	101405	101473	101459	101475	101265	101485	101485	101485	101382	101486	101345	101476	101427	101482	101481	101479	101463	101486	101483	101463	101487	101486	101426	101485	101486	101486	101464	101464	101486	101467	101454	101416	101481	101375	101346	100676	101327	101420	101436	101468	101465	101469	101469	101272	101297	101242	101065	101372	101444	101101	100785	101191	101377	101277	100339	101421	101482	101464	101300	80094	101297	101300	101118	101422	101397	101390	101463	101447	101197	100293	101213	101475	101446	101458	101486	101471	101461	101313	101472	101477	101468	101460	101475	101478	101477	101484	101486	101485	101478	101483	101421	101479	101481	101474	101469	101485	101486	101477	101487	101486	101486	101486	101346	101487	101486	101485	101473	101487	101484	101480	101474	101486	101474	101475	101383	101440	101406	101386	101397	101455	101412	101398	101417	101381	101479	101487	101486	101486	101473	101485	101486	101484	101486	101486	101272	101320	100905	101355	101370	100917	101107	101233	100752	100920	101310	101221	100657	101023	101457	101056	101461	101220	101474	101460	101040	101231	101484	101472	101481	100788	101181	101462	101449	101487	100889	101340	101058	101244	101416	101476	101472	101479	101416	101486	101482	101481	101487	101467	100988	101483	101463	101466	101486	101468	101479	101410	101471	101481	101443	101416	101467	101470	101341	101420	101396	101426	101413	101474	101397	101337	101435	100926	101485	101485	101485	101485	101483	101448	101469	101459	101183	101446	101325	101461	101381	101452	101452	101439	101448	101452	101439	100914	101455	101473	101288	101472	101346	101435	98413	101471	101316	101470	101448	101485	101486	101486	101486	101486	101486	101482	101486	101478	101482	101382	101482	101487	101393	101479	101485	101482
QUIN_LP_070_Du-156	100775	100862	100778	100808	100846	100842	100779	100850	100807	100724	100676	100836	100773	100858	100852	100853	100852	100909	100914	100875	100911	100910	100911	100855	100889	100897	100859	100917	100895	100912	100710	100916	100916	100916	100823	100917	100845	100911	100874	100913	100909	100917	100917	100916	100914	100914	100918	100916	100875	100915	100917	100917	100894	100894	100916	100897	100908	100897	100912	100847	100832	100410	100782	100854	100889	100912	100909	100912	100912	100861	100752	100735	100756	100827	100875	100839	100718	100833	100826	100842	100343	100888	100913	100906	100764	80116	100750	100798	100751	100869	100852	100823	100905	100900	100891	100307	100901	100906	100896	100911	100916	100915	100911	100765	100902	100908	100898	100902	100905	100909	100904	100914	100916	100915	100909	100914	100849	100907	100913	100901	100900	100915	100916	100917	100917	100917	100916	100917	100799	100917	100916	100916	100916	100917	100914	100910	100917	100916	100904	100917	100839	100890	100857	100837	100847	100905	100862	100848	100867	100831	100910	100917	100916	100916	100916	100916	100917	100914	100916	100916	100799	100789	100759	100825	100807	100692	100789	100790	100695	100782	100905	100888	100649	100871	100906	100838	100905	100898	100905	100914	100831	100914	100914	100914	100913	100766	100907	100912	100901	100889	100918	100908	100907	100901	100911	100903	100903	100908	100859	100916	100916	100917	100918	100910	100433	100914	100917	100914	100917	100915	100914	100904	100913	100909	100889	100863	100909	100913	100795	100888	100844	100875	100859	100903	100848	100786	100885	100599	100916	100915	100915	100915	100913	100916	100913	100891	100848	100891	100820	100890	100884	100896	100896	100883	100895	100895	100893	100754	100895	100918	100739	100915	100892	100884	98436	100913	100747	100916	100891	100915	100916	100917	100917	100916	100916	100912	100916	100917	100909	100881	100918	100917	100847	100909	100915	100912
QUIN_LP_071_Du-157	101106	101466	101035	101130	101452	101389	101044	101456	101411	101312	101172	101441	101378	101464	101458	101458	101457	101515	101520	101472	101517	101516	101517	101452	101494	101494	101455	101522	101501	101518	101315	101521	101522	101521	101429	101523	101445	101513	101471	101522	101517	101522	101514	101522	101523	101514	101523	101522	101472	101521	101522	101522	101500	101500	101522	101503	101501	101500	101518	101441	101386	100766	101387	101459	101486	101517	101515	101518	101517	101357	101349	101340	101116	101429	101481	101202	100859	101293	101379	101382	100352	101473	101519	101512	101353	80111	101347	101374	101263	101473	101449	101427	101511	101497	101328	100298	101330	101503	101488	101508	101522	101513	101511	101363	101509	101514	101505	101509	101512	101515	101513	101520	101522	101521	101514	101520	101456	101515	101518	101510	101506	101521	101522	101494	101523	101522	101522	101522	101396	101523	101522	101521	101521	101523	101520	101516	101523	101522	101510	101516	101439	101490	101456	101436	101447	101505	101462	101448	101467	101431	101515	101523	101522	101522	101522	101521	101522	101520	101522	101522	101331	101365	101010	101431	101412	100945	101138	101324	100815	100958	101393	101324	100675	101065	101512	101100	101504	101324	101511	101512	101065	101330	101520	101521	101518	100790	101246	101512	101501	101340	100908	101523	101081	101343	101484	101513	101512	101516	101464	101522	101522	101522	101523	101516	101039	101519	101514	101517	101522	101519	101519	101508	101519	101518	101493	101464	101516	101520	101394	101489	101444	101476	101459	101509	101446	101387	101486	101031	101521	101521	101521	101521	101519	101487	101513	101496	101225	101497	101386	101497	101439	101501	101502	101488	101500	101501	101490	100940	101498	101522	101338	101520	101419	101490	98431	101518	101353	101520	101496	101521	101522	101522	101522	101522	101522	101518	101522	101487	101515	101473	101523	101523	101427	101515	101521	101518
QUIN_LP_072_Du-158	100937	101033	100910	100948	101020	101014	100912	101023	100979	100898	100845	101010	100944	101032	101025	101025	101024	101083	101087	101049	101084	101084	101083	101027	101062	101069	101032	101089	101068	101086	100882	101089	101089	101088	100998	101090	101019	101083	101046	101086	101081	101089	101086	101089	101087	101084	101090	101089	101047	101088	101089	101089	101068	101067	101089	101070	101083	101070	101085	101022	101004	100547	100953	101026	101061	101084	101083	101085	101084	101033	100921	100908	100902	100998	101048	100989	100790	100996	100999	101014	100353	101064	101086	101079	100938	80115	100924	100972	100925	101040	101021	100994	101078	101072	101057	100305	101065	101080	101070	101081	101089	101085	101083	100939	101075	101080	101071	101074	101078	101081	101079	101087	101089	101088	101083	101087	101022	101079	101085	101075	101073	101088	101089	101090	101090	101089	101089	101089	100971	101090	101089	101088	101090	101090	101088	101085	101090	101089	101077	101089	101012	101062	101028	101010	101019	101077	101035	101020	101039	101003	101082	101090	101089	101089	101089	101089	101089	101089	101089	101090	100970	100962	100881	100997	100979	100848	100940	100964	100752	100897	101075	101052	100652	100973	101079	100958	101077	101051	101078	101083	100954	101088	101088	101087	101085	100788	101074	101083	101073	101058	100907	101081	101090	101065	101086	101077	101076	101080	101033	101089	101089	101088	101090	101083	100605	101086	101086	101086	101089	101087	101087	101077	101086	101084	101062	101035	101085	101087	100968	101060	101012	101048	101030	101075	101020	100960	101058	100742	101089	101089	101088	101088	101086	101090	101087	101063	101009	101063	100994	101063	101059	101068	101068	101056	101068	101068	101063	100869	101064	101089	100911	101088	101064	101058	98434	101086	100921	101087	101063	101088	101089	101089	101089	101089	101089	101085	101089	101090	101082	101056	101090	101090	101021	101082	101088	101085
QUIN_LP_073_Du-159	101069	101370	100990	101075	101357	101282	101032	101358	101309	101204	101132	101344	101281	101367	101361	101362	101359	101417	101422	101379	101420	101418	101418	101359	101398	101400	101363	101424	101405	101420	101217	101424	101424	101423	101331	101425	101349	101412	101373	101421	101416	101424	101415	101424	101422	101413	101425	101424	101379	101423	101424	101424	101402	101402	101426	101406	101395	101365	101420	101355	101337	100760	101289	101361	101388	101420	101417	101420	101420	101355	101251	101227	101144	101326	101384	101225	100863	101309	101330	101310	100357	101336	101421	101414	101268	80116	101254	101242	101226	101378	101351	101331	101413	101399	101274	100301	101309	101414	101398	101415	101424	101414	101410	101269	101410	101417	101406	101409	101414	101416	101416	101423	101424	101423	101420	101422	101362	101414	101420	101411	101409	101423	101424	101425	101425	101424	101424	101425	101303	101426	101424	101425	101423	101425	101424	101421	101425	101424	101417	101418	101343	101394	101360	101340	101351	101407	101366	101352	101371	101337	101418	101425	101425	101424	101424	101423	101424	101423	101424	101424	101300	101260	101031	101332	101315	100899	101124	101251	100818	100944	101381	101354	100677	101068	101416	101070	101413	101277	101413	101415	101066	101313	101412	101422	101421	100793	101208	101412	101401	101244	100901	101343	101065	101428	101408	101412	101412	101417	101365	101425	101424	101423	101425	101424	100940	101425	101415	101419	101425	101423	101423	101394	101422	101418	101395	101367	101418	101422	101299	101387	101347	101375	101363	101411	101352	101290	101389	100888	101423	101423	101423	101423	101421	101423	101424	101399	101202	101398	101311	101398	101304	101404	101404	101390	101401	101403	101396	100899	101399	101425	101238	101423	101367	101391	98435	101423	101256	101424	101399	101423	101425	101424	101424	101426	101424	101420	101424	101425	101417	101389	101426	101425	101330	101417	101423	101420
QUIN_LP_074_Du-160	101117	101712	101038	101145	101684	101498	101053	101704	101582	101444	101324	101698	101621	101722	101704	101704	101702	101773	101773	101720	101775	101774	101774	101696	101752	101738	101700	101769	101748	101772	101561	101780	101780	101780	101677	101781	101672	101768	101717	101775	101773	101774	101759	101781	101776	101757	101782	101781	101722	101780	101781	101781	101760	101759	101781	101762	101708	101663	101775	101697	101664	100778	101630	101713	101729	101763	101758	101763	101763	101525	101592	101537	101201	101638	101738	101246	100864	101384	101600	101547	100353	101663	101776	101758	101584	80112	101594	101437	101332	101717	101692	101684	101757	101744	101367	100302	101366	101724	101740	101754	101781	101767	101754	101607	101765	101770	101761	101754	101768	101771	101769	101779	101781	101780	101773	101778	101711	101771	101776	101767	101763	101780	101781	101756	101782	101781	101781	101781	101642	101782	101781	101780	101770	101782	101780	101776	101770	101781	101769	101771	101659	101733	101699	101680	101690	101748	101706	101691	101710	101674	101774	101782	101781	101781	101769	101781	101781	101780	101781	101782	101471	101556	101046	101653	101670	100948	101163	101493	100819	100962	101538	101448	100678	101082	101754	101104	101735	101400	101768	101755	101089	101342	101758	101766	101776	100796	101246	101755	101743	101416	100911	101484	101086	101408	101782	101768	101764	101771	101705	101781	101778	101777	101782	101763	101284	101778	101759	101763	101781	101764	101775	101693	101766	101774	101737	101705	101763	101766	101639	101729	101683	101717	101699	101766	101680	101628	101715	101111	101781	101781	101780	101780	101778	101719	101713	101753	101276	101741	101539	101753	101543	101747	101746	101732	101744	101747	101734	100944	101749	101768	101570	101768	101506	101735	98431	101767	101611	101765	101742	101780	101781	101781	101781	101781	101781	101777	101781	101727	101774	101649	101782	101781	101646	101774	101780	101777
QUIN_LP_075_Du-161	101117	103360	101033	101143	101914	101558	101044	102976	101775	101643	101404	102508	102694	103285	103276	103681	103321	105943	105968	105589	105593	106308	106086	105411	105719	105606	102866	103033	102241	103078	103075	102225	102586	103494	102521	103194	102060	104087	102731	104322	104695	104246	104292	105271	103676	103967	105325	106302	106030	106167	106650	106346	106248	105469	105741	106206	101904	101793	103454	102043	101874	100770	102545	103738	102179	103832	102369	102238	103561	101528	102369	101740	101236	101831	103170	101238	100856	101391	101689	101572	100353	101911	103299	102760	101854	80114	102368	101510	101359	104835	104896	105194	104435	102605	101362	100294	101398	101968	102455	103377	105814	103591	102980	104808	106083	106632	106507	106290	106104	106292	106426	106016	105813	105449	105724	105864	105762	106241	106638	106640	106591	106649	106622	102395	103597	103812	103742	103752	103372	103555	103258	105438	104692	104423	105424	105054	105132	105365	105547	105532	101977	104400	104168	103922	104401	103933	105752	105215	103143	104825	106632	106475	106525	106403	105446	106413	106413	106022	106159	106138	101482	101699	101042	102069	102139	100940	101192	101520	100811	100953	101558	101477	100670	101075	102206	101095	102182	101404	102825	103000	101081	101334	102146	102381	102522	100787	101238	102643	102670	101476	100903	101513	101077	101412	101768	106650	105381	106384	102620	105358	105096	105287	103646	103604	102538	105946	104783	105632	105892	104412	105131	102143	103684	104256	103059	104577	105241	104187	102218	102111	102875	102548	102247	103192	102246	102833	102114	101177	103161	104553	103259	103362	103465	101789	102119	103082	101286	102690	101639	102642	101567	103151	104551	102286	104523	104612	102891	100939	102758	102789	102008	102770	101567	102253	98431	102914	102427	103255	102359	106393	106312	105600	106542	106521	106647	105924	106181	102028	103220	102029	102272	102523	101813	102499	103493	102801
QUIN_LP_076_Du-162	101109	103314	101030	101141	101891	101553	101043	102929	101729	101643	101403	102459	102663	103236	103229	103635	103274	105376	105376	105245	105337	105377	105377	105217	105299	105279	102866	102986	102196	103030	103040	102176	102536	103445	102474	103145	102059	104081	102730	104319	104690	104241	104289	105171	103660	103965	105209	105383	105322	105382	105383	105383	105360	105150	105375	105364	101900	101787	103405	102016	101873	100770	102499	103689	102178	103786	102332	102193	103514	101521	102324	101737	101229	101806	103121	101236	100855	101380	101684	101561	100353	101911	103252	102718	101853	80116	102367	101505	101358	104834	104841	105067	104388	102604	101361	100294	101396	101963	102454	103376	105383	103587	102979	104740	105370	105375	105366	105359	105373	105376	105378	105381	105381	105312	105377	105381	105323	105382	105379	105374	105367	105382	105382	102314	103516	103731	103661	103671	103371	103474	103177	105312	104645	104389	105335	105037	105061	105237	105317	105340	101976	104399	104167	103921	104400	103932	105269	105099	103142	104818	105376	105383	105383	105383	105175	105382	105383	105380	105383	105382	101481	101653	101038	102023	102090	100940	101191	101518	100810	100952	101551	101439	100669	101071	102159	101095	102139	101394	102776	102997	101079	101334	102141	102335	102516	100785	101237	102642	102668	101472	100903	101512	101076	101412	101764	105381	105383	105380	102620	105221	105027	105228	103640	103600	102537	105380	104780	105366	105378	104367	105084	102114	103639	104206	103057	104575	105124	104138	102217	102111	102875	102548	102248	103187	102246	102833	102114	101178	103112	104504	103210	103312	103416	101775	102109	103034	101286	102662	101639	102621	101566	103144	104507	102285	104521	104565	102890	100937	102712	102743	102007	102723	101564	102253	98433	102868	102388	103210	102312	105382	105383	105335	105383	105383	105383	105342	105383	101947	103139	101948	102191	102442	101732	102418	103412	102720
QUIN_LP_077_Du-163	101121	103347	101036	101146	101918	101563	101048	102960	101760	101647	101408	102494	102695	103270	103261	103667	103306	105922	105952	105592	105597	106246	106064	105415	105704	105610	102871	103018	102227	103062	103071	102209	102570	103479	102505	103178	102064	104088	102734	104325	104695	104250	104296	105274	103679	103970	105310	106293	106063	106136	106429	106325	106240	105453	105743	106209	101907	101795	103438	102046	101878	100774	102531	103723	102182	103817	102363	102224	103546	101533	102354	101743	101239	101835	103155	101242	100859	101396	101693	101576	100354	101915	103285	102749	101857	80114	102372	101514	101363	104841	104882	105200	104419	102608	101365	100299	101400	101970	102458	103380	105817	103594	102983	104812	106062	106421	106397	106230	106111	106201	106374	106000	105797	105433	105726	105848	105763	106199	106425	106419	106413	106427	106426	102379	103581	103797	103726	103738	103376	103540	103242	105443	104677	104422	105409	105057	105116	105351	105550	105536	101981	104404	104173	103927	104405	103936	105753	105218	103147	104830	106421	106357	106409	106330	105430	106331	106331	106008	106144	106145	101486	101683	101045	102053	102125	100945	101195	101525	100815	100957	101562	101470	100673	101078	102191	101099	102170	101407	102809	103005	101084	101337	102150	102365	102527	100790	101241	102646	102673	101479	100908	101516	101080	101417	101771	106384	105380	106430	102625	105343	105094	105291	103650	103608	102541	105951	104787	105635	105897	104398	105116	102144	103669	104239	103062	104579	105225	104171	102222	102114	102881	102552	102251	103197	102250	102837	102117	101183	103146	104537	103243	103346	103449	101792	102123	103067	101289	102692	101642	102645	101570	103155	104536	102289	104526	104596	102895	100941	102743	102775	102011	102755	101570	102256	98432	102898	102422	103242	102344	106360	106254	105585	106420	106400	106428	105908	106177	102012	103204	102013	102258	102507	101797	102483	103477	102785
QUIN_LP_318_Du-164	101070	102573	100977	101088	101839	101500	101002	102534	101678	101606	101406	102317	102420	102570	102565	102565	102563	102623	102627	102604	102624	102623	102624	102609	102602	102622	102529	102610	102147	102624	102423	102113	102418	102629	102358	102631	102048	102627	102468	102630	102625	102630	102630	102630	102631	102630	102631	102630	102630	102629	102630	102630	102608	102608	102631	102612	101838	101723	102625	101937	101823	100741	102341	102567	102134	102623	102248	102106	102623	101458	102212	101685	101175	101752	102589	101174	100814	101328	101621	101513	100347	101865	102625	102543	101819	80105	102330	101444	101349	102581	102565	102535	102619	102427	101324	100277	101343	101897	102398	102630	102630	102629	102588	102521	102616	102622	102612	102616	102619	102622	102625	102628	102630	102629	102625	102627	102573	102623	102625	102621	102614	102629	102630	102022	102631	102630	102630	102631	102554	102632	102604	102630	102629	102631	102629	102627	102631	102630	102630	102630	101975	102631	102614	102594	102605	102630	102620	102606	102604	102590	102630	102631	102630	102630	102630	102629	102630	102629	102630	102630	101456	101601	100986	101950	102027	100902	101141	101470	100760	100906	101497	101385	100631	101009	102102	101061	102065	101342	102555	102604	101033	101282	102079	102233	102378	100740	101199	102482	102502	101416	100859	101464	101033	101365	101705	102620	102620	102625	102632	102631	102630	102630	102631	102631	102092	102631	102630	102629	102631	102627	102627	102056	102627	102626	102536	102621	102624	102627	102199	102074	102529	102465	102202	102619	102246	102527	102081	101151	102621	102629	102629	102629	102627	101712	102023	102507	101259	102462	101603	102456	101518	102608	102609	102226	102608	102609	102583	100883	102535	102547	101966	102560	101512	102185	98424	102535	102271	102628	102258	102629	102630	102630	102630	102631	102630	102626	102630	101792	102592	101745	102047	102317	101658	102286	102629	102402
RIC_LP_192_Du-521	101132	103380	101048	101158	101931	101574	101059	102995	101792	101658	101419	102528	102710	103305	103296	103701	103340	105371	105371	105211	105304	105371	105372	105159	105335	105262	102882	103056	102261	103100	103094	102248	102608	103517	102544	103217	102079	104103	102752	104342	104711	104268	104315	105231	103695	103987	105279	105387	105276	105386	105387	105387	105364	105212	105366	105369	101919	101806	103473	102058	101889	100785	102566	103757	102194	103851	102384	102253	103580	101544	102388	101757	101251	101846	103190	101253	100871	101408	101705	101587	100360	101926	103314	102775	101869	80117	102385	101521	101371	104847	104887	105131	104451	102622	101374	100309	101412	101982	102471	103396	105336	103610	102996	104758	105364	105370	105360	105343	105367	105370	105359	105380	105375	105307	105318	105378	105263	105376	105376	105367	105361	105383	105376	102376	103578	103793	103723	103734	103394	103537	103239	105301	104719	104445	105317	105065	105152	105295	105289	105292	101996	104420	104187	103941	104421	103952	105228	105090	103162	104833	105380	105387	105387	105387	105249	105386	105387	105386	105387	105386	101500	101721	101057	102088	102161	100955	101207	101536	100826	100969	101574	101492	100685	101090	102224	101110	102197	101420	102844	103014	101093	101347	102158	102398	102532	100799	101249	102653	102682	101486	100916	101522	101089	101425	101781	105358	105221	105343	102631	105388	105118	105177	103668	103627	102557	105337	104808	105320	105340	104427	105127	102157	103699	104265	103071	104584	105184	104201	102235	102123	102887	102561	102259	103208	102261	102845	102126	101191	103184	104578	103282	103384	103488	101807	102130	103100	101300	102704	101654	102656	101582	103165	104569	102300	104537	104630	102906	100948	102775	102806	102020	102786	101580	102268	98437	102928	102438	103273	102375	105386	105387	105369	105387	105388	105387	105377	105387	102010	103201	102010	102254	102504	101794	102480	103474	102782
RIC_LP_193_Du-522	101132	103360	101048	101157	101930	101573	101059	102974	101776	101658	101419	102506	102709	103282	103276	103681	103322	105106	105109	105008	105075	105106	105106	104955	105083	105042	102882	103038	102246	103081	103091	102227	102587	103495	102526	103196	102079	104100	102752	104341	104707	104264	104315	105042	103695	103987	105120	105121	105032	105120	105121	105121	105098	105042	105117	105102	101916	101802	103451	102058	101889	100785	102547	103735	102194	103832	102380	102240	103560	101539	102370	101757	101250	101846	103167	101250	100871	101406	101700	101587	100360	101926	103298	102765	101869	80117	102385	101517	101371	104800	104819	104966	104435	102622	101374	100309	101412	101978	102471	103396	105088	103610	102996	104697	105098	105103	105094	105089	105101	105104	105093	105114	105121	105109	105071	105118	105014	105110	105110	105100	105094	105117	105116	102323	103523	103738	103668	103678	103394	103481	103184	105106	104700	104441	105102	104956	105014	105097	105078	105084	101996	104418	104187	103941	104411	103952	105015	104956	103162	104797	105114	105121	105121	105121	105057	105120	105121	105119	105121	105120	101500	101703	101057	102070	102138	100955	101207	101535	100826	100969	101572	101486	100685	101086	102206	101110	102185	101419	102822	103013	101093	101347	102153	102379	102528	100799	101249	102653	102682	101482	100916	101522	101089	101424	101778	105096	105027	105094	102630	105118	105121	105022	103664	103626	102557	105088	104780	105076	105091	104407	105003	102156	103679	104244	103071	104565	105064	104181	102235	102123	102887	102560	102259	103203	102261	102845	102126	101191	103162	104556	103260	103362	103466	101803	102126	103078	101300	102703	101654	102652	101582	103164	104550	102300	104519	104598	102905	100948	102757	102787	102020	102767	101580	102268	98437	102907	102431	103253	102356	105120	105121	105120	105121	105121	105121	105111	105121	101959	103146	101955	102202	102465	101771	102433	103419	102727
RIC_LP_194_Du-523	101126	103331	101047	101156	101909	101569	101060	102944	101747	101658	101419	102477	102682	103252	103246	103651	103292	105289	105292	105156	105256	105297	105298	105118	105273	105231	102882	103008	102217	103051	103062	102197	102557	103466	102495	103166	102079	104100	102752	104341	104707	104265	104316	105174	103682	103987	105190	105312	105253	105311	105313	105313	105289	105113	105278	105293	101915	101801	103421	102033	101890	100785	102519	103706	102194	103802	102349	102210	103530	101538	102341	101755	101246	101823	103137	101251	100871	101399	101699	101577	100360	101925	103268	102735	101869	80117	102385	101517	101371	104853	104864	105022	104405	102622	101374	100309	101412	101977	102471	103396	105307	103610	102996	104712	105287	105295	105285	105273	105292	105296	105288	105305	105312	105303	105290	105309	105235	105303	105302	105291	105285	105308	105308	102367	103569	103785	103714	103725	103394	103527	103230	105272	104671	104412	105258	105062	105056	105223	105264	105273	101996	104420	104188	103942	104421	103952	105160	105035	103162	104840	105306	105312	105312	105312	105098	105312	105313	105305	105312	105311	101501	101673	101055	102041	102109	100956	101207	101534	100826	100970	101568	101456	100685	101085	102176	101110	102155	101412	102792	103013	101092	101346	102152	102349	102528	100798	101249	102653	102682	101481	100917	101522	101088	101423	101777	105287	105228	105291	102630	105177	105022	105313	103664	103624	102557	105309	104809	105284	105312	104380	105071	102129	103649	104214	103071	104584	105084	104152	102235	102123	102888	102560	102259	103203	102261	102845	102126	101192	103133	104526	103230	103332	103436	101795	102122	103048	101300	102679	101654	102635	101580	103159	104521	102300	104536	104568	102905	100948	102728	102758	102020	102738	101580	102267	98437	102877	102401	103225	102326	105311	105312	105297	105313	105312	105312	105302	105312	102000	103192	102001	102245	102495	101785	102471	103465	102773
RIC_LP_195_Du-524	101127	103303	101049	101159	101911	101572	101061	102949	101749	101658	101419	102482	102683	103215	103199	103470	103267	103654	103655	103599	103654	103655	103656	103575	103633	103617	102868	103011	102219	103053	103043	102201	102562	103416	102498	103163	102080	103653	102749	103659	103660	103662	103646	103668	103523	103592	103670	103668	103605	103667	103669	103669	103646	103646	103668	103649	101920	101807	103341	102036	101891	100785	102520	103496	102194	103568	102352	102213	103424	101544	102341	101758	101249	101823	103142	101255	100872	101402	101705	101580	100360	101927	103228	102738	101870	80117	102386	101523	101372	103598	103574	103567	103637	102623	101375	100309	101413	101983	102472	103312	103664	103498	102971	103484	103647	103653	103643	103635	103650	103654	103647	103663	103668	103667	103650	103665	103591	103659	103660	103649	103644	103664	103664	102175	103335	103481	103413	103403	103304	103309	103022	103668	103656	103669	103666	103662	103656	103668	103654	103657	101997	103616	103575	103497	103573	103547	103588	103574	103136	103557	103662	103669	103668	103668	103655	103668	103669	103666	103668	103668	101502	101675	101057	102042	102114	100957	101208	101537	100828	100971	101570	101459	100686	101091	102179	101111	102157	101414	102798	103013	101094	101348	102158	102351	102533	100800	101250	102654	102683	101487	100918	101523	101090	101425	101782	103646	103640	103650	102631	103668	103664	103664	103670	103451	102534	103665	103646	103648	103668	103643	103653	102132	103527	103652	103011	103580	103639	103588	102236	102124	102874	102561	102260	103197	102262	102839	102127	101192	103136	103664	103214	103321	103382	101801	102127	103036	101301	102680	101655	102641	101583	103119	103626	102301	103622	103627	102877	100948	102728	102761	102021	102741	101581	102269	98437	102882	102407	103207	102329	103667	103668	103669	103669	103668	103668	103664	103668	101884	103016	101836	102139	102441	101747	102409	103252	102593
RIC_LP_196_Du-525	101125	103261	101042	101151	101905	101566	101053	102934	101741	101652	101419	102463	102676	103187	103212	103453	103255	103613	103616	103574	103611	103613	103613	103551	103590	103591	102882	103003	102212	103034	103037	102183	102543	103377	102491	103152	102079	103585	102746	103621	103617	103625	103616	103626	103440	103596	103626	103626	103577	103625	103626	103626	103603	103603	103626	103608	101901	101787	103363	102029	101883	100785	102513	103519	102188	103521	102345	102205	103468	101524	102335	101751	101241	101817	103124	101236	100865	101394	101686	101573	100360	101920	103252	102730	101869	80117	102385	101502	101371	103569	103544	103524	103607	102616	101368	100303	101406	101963	102468	103284	103622	103456	102928	103456	103605	103611	103601	103602	103608	103611	103608	103621	103626	103625	103609	103623	103555	103616	103617	103608	103603	103622	103622	102164	103281	103478	103363	103446	103292	103287	102996	103626	103624	103626	103625	103623	103626	103626	103618	103618	101996	103576	103547	103492	103547	103462	103564	103549	103113	103534	103619	103626	103626	103626	103625	103625	103626	103625	103626	103625	101500	101668	101050	102034	102095	100949	101201	101530	100820	100963	101564	101451	100679	101071	102172	101104	102150	101406	102778	103008	101087	101341	102139	102344	102513	100793	101243	102647	102676	101467	100910	101516	101083	101424	101763	103604	103600	103608	102631	103627	103626	103624	103451	103627	102543	103626	103616	103620	103626	103613	103614	102124	103454	103605	103003	103556	103609	103593	102235	102117	102872	102555	102259	103154	102261	102845	102126	101191	103076	103621	103190	103293	103364	101781	102109	103033	101300	102672	101648	102621	101576	103118	103593	102294	103592	103597	102903	100942	102713	102752	102014	102732	101574	102262	98437	102872	102387	103211	102321	103625	103626	103625	103626	103627	103626	103621	103626	101864	102967	101816	102119	102421	101727	102389	103221	102573
RIC_LP_197_Du-526	100663	102508	100585	100697	101446	101106	100598	102265	101269	101183	100946	101996	102157	102491	102492	102501	102478	102548	102552	102512	102547	102547	102547	102489	102525	102531	102235	102332	101732	102414	102244	101698	102036	102541	101987	102476	101595	102545	102181	102554	102549	102557	102549	102557	102555	102547	102558	102557	102508	102557	102557	102557	102536	102536	102558	102538	101423	101309	102550	101556	101415	100312	102008	102497	101704	102548	101856	101722	102519	101055	101850	101275	100764	101339	102385	100767	100399	100921	101215	101094	99882	101448	102464	102169	101396	79741	101861	101032	100897	102513	102489	102472	102547	102076	100893	99845	100930	101474	101940	102464	102557	102549	102308	102398	102539	102544	102537	102540	102542	102545	102539	102555	102557	102557	102544	102554	102493	102548	102553	102543	102536	102557	102556	101585	102499	102557	102524	102530	102428	102528	102346	102557	102556	102558	102556	102551	102558	102557	102545	102551	101503	102522	102489	102468	102480	102538	102494	102481	102410	102463	102550	102558	102557	102557	102558	102556	102557	102555	102557	102557	101025	101196	100578	101563	101620	100481	100732	101058	100350	100494	101083	100972	100205	100594	101680	100630	101645	100928	102194	102389	100609	100863	101659	101780	102020	100316	100765	102096	102156	100988	100433	101039	100605	100940	101284	102538	102537	102541	102092	102557	102557	102557	102534	102543	102558	102554	102549	102552	102557	102548	102548	101648	102547	102544	102248	102490	102544	102548	101769	101640	102182	101999	101745	102458	101752	102252	101624	100714	102429	102556	102444	102504	102507	101300	101584	102220	100823	102143	101172	102129	101102	102430	102532	101819	102530	102533	102291	100465	102172	102237	101518	102176	101097	101784	97964	102197	101854	102462	101792	102557	102557	102557	102557	102557	102557	102558	102557	101380	102364	101335	101634	101914	101246	101885	102508	102088
RIC_LP_198_Du-527	101125	103330	101044	101155	101907	101568	101057	102944	101744	101655	101419	102478	102679	103254	103245	103650	103290	105840	105818	105604	105599	105954	105936	105428	105673	105605	102882	103006	102215	103050	103059	102197	102558	103467	102493	103166	102079	104100	102749	104339	104709	104265	104312	105292	103680	103984	105304	105972	105848	105947	105973	105972	105950	105444	105685	105948	101918	101804	103422	102031	101887	100785	102516	103707	102191	103800	102347	102208	103529	101540	102337	101754	101244	101819	103139	101251	100868	101398	101702	101575	100360	101923	103269	102733	101869	80117	102385	101520	101371	104852	104868	105210	104403	102619	101371	100306	101409	101979	102471	103396	105801	103608	102993	104824	105866	105957	105944	105907	105932	105951	105952	105930	105777	105429	105730	105834	105764	105963	105963	105953	105947	105969	105967	102370	103572	103790	103719	103731	103394	103533	103234	105446	104669	104413	105403	105078	105110	105345	105572	105555	101996	104420	104188	103942	104421	103952	105683	105235	103162	104848	105967	105971	105971	105973	105418	105930	105973	105835	105966	105861	101501	101670	101052	102037	102111	100953	101204	101534	100824	100967	101567	101454	100682	101087	102175	101107	102153	101409	102793	103010	101090	101344	102155	102347	102529	100796	101246	102650	102678	101483	100914	101519	101086	101425	101778	105946	105380	105951	102631	105337	105088	105309	103665	103626	102554	105975	104805	105654	105810	104377	105095	102127	103648	104216	103068	104584	105203	104150	102235	102120	102888	102558	102259	103207	102261	102845	102126	101192	103134	104527	103231	103334	103437	101797	102124	103049	101300	102675	101651	102636	101579	103157	104518	102297	104534	104580	102906	100945	102727	102756	102017	102736	101577	102265	98437	102877	102402	103223	102324	105972	105973	105581	105974	105974	105973	105783	105963	102003	103197	102004	102251	102500	101788	102474	103470	102778
RIC_LP_199_Du-528	101126	103322	101039	101147	101901	101561	101052	102935	101739	101651	101419	102459	102674	103234	103237	103642	103284	104793	104797	104758	104791	104793	104794	104724	104770	104777	102882	103000	102208	103037	103054	102179	102539	103448	102487	103148	102079	104088	102752	104323	104635	104253	104316	104808	103665	103987	104809	104808	104763	104807	104809	104809	104785	104755	104807	104789	101897	101783	103403	102025	101883	100785	102511	103691	102194	103793	102341	102201	103521	101520	102341	101747	101237	101815	103119	101234	100863	101390	101681	101569	100360	101917	103250	102726	101869	80117	102385	101499	101371	104704	104701	104699	104396	102622	101374	100309	101404	101959	102471	103396	104804	103601	102996	104492	104785	104791	104781	104784	104788	104792	104784	104801	104808	104807	104787	104805	104731	104799	104798	104787	104781	104804	104804	102289	103491	103707	103636	103647	103394	103449	103152	104808	104602	104394	104806	104791	104778	104808	104794	104808	101996	104414	104163	103936	104335	103952	104750	104703	103162	104641	104802	104808	104808	104808	104783	104808	104809	104806	104808	104807	101493	101665	101047	102032	102091	100956	101199	101526	100818	100962	101559	101447	100677	101067	102167	101110	102146	101403	102774	103013	101084	101338	102134	102340	102510	100790	101249	102653	102682	101463	100917	101514	101086	101415	101759	104783	104780	104787	102630	104808	104780	104809	103646	103616	102549	104805	104809	104806	104808	104372	104784	102120	103640	104196	103064	104504	104778	104126	102235	102123	102888	102560	102259	103185	102261	102845	102126	101192	103115	104495	103212	103314	103418	101777	102104	103030	101300	102670	101646	102617	101572	103150	104470	102292	104488	104513	102905	100940	102714	102749	102020	102729	101572	102260	98437	102868	102383	103216	102317	104807	104808	104808	104809	104808	104808	104802	104808	101923	103114	101923	102167	102423	101723	102395	103387	102695
RIC_LP_200_Du-529	101126	103324	101042	101150	101905	101564	101055	102938	101741	101655	101419	102462	102676	103238	103240	103645	103286	105637	105627	105451	105513	105643	105642	105367	105529	105484	102882	103002	102211	103041	103056	102182	102542	103450	102491	103151	102079	104086	102750	104326	104691	104255	104313	105276	103668	103985	105272	105657	105595	105656	105657	105657	105635	105328	105594	105638	101901	101786	103406	102029	101886	100785	102513	103693	102192	103796	102345	102204	103524	101522	102339	101750	101240	101818	103122	101236	100866	101392	101684	101572	100360	101921	103253	102729	101869	80117	102385	101501	101371	104847	104868	105184	104399	102621	101372	100308	101408	101963	102471	103395	105634	103599	102994	104799	105634	105639	105630	105630	105637	105640	105635	105647	105625	105396	105604	105633	105578	105647	105646	105637	105630	105653	105653	102339	103541	103756	103686	103696	103393	103499	103202	105413	104665	104397	105387	105060	105107	105323	105499	105500	101996	104419	104186	103941	104420	103951	105504	105190	103161	104846	105650	105657	105657	105657	105335	105655	105657	105630	105657	105646	101496	101668	101050	102035	102093	100953	101202	101528	100820	100964	101562	101450	100680	101070	102170	101109	102149	101406	102777	103011	101087	101341	102137	102343	102512	100793	101247	102651	102680	101466	100914	101517	101086	101419	101763	105632	105366	105635	102629	105320	105076	105284	103648	103620	102552	105654	104806	105657	105647	104374	105082	102123	103643	104200	103067	104583	105201	104147	102235	102121	102886	102559	102258	103187	102260	102845	102126	101191	103118	104512	103215	103317	103421	101781	102107	103033	101300	102673	101649	102620	101575	103153	104515	102295	104534	104577	102904	100944	102716	102751	102019	102731	101575	102264	98437	102871	102386	103218	102320	105656	105657	105494	105657	105657	105657	105566	105657	101972	103164	101974	102216	102467	101758	102443	103437	102745
RIC_LP_201_Du-530	101125	103333	101047	101158	101910	101571	101060	102947	101747	101658	101419	102481	102682	103257	103248	103653	103293	105757	105789	105509	105587	105901	105804	105382	105625	105506	102882	103010	102218	103053	103063	102200	102561	103470	102496	103169	102079	104104	102752	104342	104712	104268	104315	105295	103683	103987	105308	105875	105749	105865	105918	105904	105839	105381	105700	105866	101919	101807	103425	102034	101891	100785	102519	103710	102194	103803	102350	102211	103532	101543	102340	101757	101247	101822	103142	101255	100871	101401	101705	101578	100360	101926	103272	102736	101869	80117	102385	101523	101371	104856	104872	105214	104406	102622	101374	100309	101412	101982	102471	103396	105743	103609	102996	104809	105847	105901	105890	105872	105822	105828	105890	105815	105729	105430	105671	105747	105695	105887	105907	105897	105891	105913	105913	102373	103575	103791	103720	103732	103394	103534	103236	105449	104672	104416	105406	105078	105113	105348	105549	105542	101996	104420	104188	103943	104421	103952	105633	105182	103162	104848	105912	105917	105917	105914	105353	105910	105918	105818	105853	105829	101501	101673	101055	102040	102114	100956	101207	101537	100827	100970	101570	101457	100685	101090	102178	101110	102156	101412	102796	103013	101093	101347	102158	102350	102533	100799	101249	102653	102681	101486	100917	101522	101089	101425	101781	105892	105378	105897	102631	105340	105091	105312	103668	103626	102557	105810	104808	105647	105920	104380	105098	102130	103651	104219	103071	104584	105206	104153	102235	102123	102888	102561	102259	103211	102261	102845	102126	101193	103138	104530	103234	103337	103440	101800	102127	103052	101300	102678	101654	102639	101582	103160	104521	102300	104537	104583	102906	100948	102728	102759	102020	102740	101580	102268	98437	102880	102405	103226	102327	105916	105908	105577	105919	105912	105917	105678	105838	102006	103198	102007	102252	102501	101791	102477	103471	102779
RSV_LP_049_Du-85	101128	103417	101043	101151	101924	101568	101055	103008	101788	101654	101414	102518	102705	103328	103323	103735	103369	104433	104434	104326	104374	104420	104442	104306	104444	104348	102877	103088	102250	103127	103086	102241	102629	103538	102545	103230	102067	104014	102741	104255	104358	104213	104228	104380	103673	103975	104471	104470	104326	104469	104471	104465	104447	104447	104405	104451	101901	101787	103457	102052	101885	100781	102597	103785	102189	103861	102378	102246	103616	101525	102399	101749	101244	101842	103197	101238	100866	101400	101685	101582	100356	101922	103311	102768	101864	80116	102378	101503	101366	104332	104372	104286	104312	102615	101369	100305	101407	101963	102462	103387	104379	103592	102987	104168	104456	104462	104452	104403	104459	104463	104450	104468	104470	104469	104372	104468	104310	104460	104467	104455	104454	104469	104428	102279	103478	103694	103623	103634	103382	103436	103139	104395	104384	104307	104435	104374	104428	104421	104366	104374	101984	104253	104066	103856	104177	103852	104313	104272	103150	104282	104464	104470	104470	104470	104459	104470	104471	104468	104470	104469	101493	101714	101052	102098	102142	100952	101202	101530	100822	100964	101566	101485	100680	101071	102216	101106	102191	101413	102845	103010	101090	101344	102141	102407	102519	100796	101247	102650	102680	101468	100915	101519	101087	101423	101764	104412	104367	104398	102627	104427	104407	104380	103643	103613	102548	104377	104372	104374	104380	104471	104470	102151	103739	104206	103068	104279	104463	104125	102226	102118	102884	102555	102255	103188	102256	102840	102121	101188	103164	104410	103302	103404	103508	101784	102114	103126	101296	102699	101649	102638	101576	103160	104357	102296	104342	104378	102901	100946	102806	102846	102017	102821	101576	102263	98434	102941	102422	103313	102398	104469	104470	104470	104471	104470	104470	104464	104470	101947	103101	101910	102185	102504	101788	102472	103374	102682
RSV_LP_050_Du-87	101128	103449	101043	101153	101924	101569	101054	103010	101787	101654	101414	102528	102704	103364	103325	103737	103369	105152	105151	104998	105089	105139	105160	104965	105180	105056	102877	103088	102251	103159	103085	102252	102653	103573	102546	103241	102067	104089	102741	104329	104694	104253	104302	105044	103683	103975	105198	105214	105038	105188	105220	105183	105197	105087	105124	105201	101912	101798	103468	102053	101884	100781	102596	103817	102189	103863	102379	102248	103642	101535	102399	101750	101246	101842	103208	101246	100866	101401	101696	101583	100356	101922	103322	102770	101864	80116	102378	101513	101366	104843	104899	104937	104446	102615	101369	100305	101407	101974	102462	103387	105098	103601	102987	104690	105204	105205	105197	105114	105202	105212	105197	105218	105220	105219	105091	105218	105028	105209	105216	105199	105198	105219	105147	102409	103617	103832	103762	103772	103382	103575	103278	105113	104697	104430	105154	104991	105014	105121	105085	105090	101984	104407	104175	103929	104405	103940	105019	104917	103150	104762	105213	105214	105220	105220	105118	105219	105220	105218	105220	105210	101492	101714	101052	102099	102152	100951	101202	101530	100821	100963	101568	101487	100680	101082	102218	101106	102193	101414	102856	103010	101090	101344	102152	102409	102529	100796	101247	102650	102680	101479	100914	101519	101087	101423	101775	105131	105084	105116	102627	105127	105003	105071	103653	103614	102548	105095	104784	105082	105098	104470	105220	102153	103752	104261	103068	104581	105141	104202	102226	102118	102883	102555	102255	103198	102256	102840	102121	101187	103174	104577	103338	103440	103544	101795	102125	103151	101296	102700	101649	102649	101577	103162	104629	102296	104533	104634	102901	100946	102840	102848	102017	102822	101576	102263	98434	102943	102433	103321	102400	105219	105220	105219	105220	105220	105220	105210	105220	102022	103240	102049	102244	102546	101799	102520	103513	102821
RSV_LP_051_Du-88	101124	102101	101040	101149	101832	101554	101051	102089	101743	101599	101403	102034	102012	102099	102093	102093	102091	102151	102153	102081	102123	102151	102151	102061	102128	102103	102053	102156	102030	102153	101948	101992	102119	102156	102060	102158	101843	102119	102077	102126	102122	102130	102120	102131	102139	102117	102158	102157	102077	102157	102157	102157	102136	102136	102158	102138	101796	101734	102153	101878	101753	100763	102014	102094	101956	102151	102057	101947	102151	101481	101943	101720	101197	101740	102117	101230	100860	101359	101596	101538	100350	101837	102153	102144	101722	80105	101898	101460	101341	102079	102081	102036	102150	102089	101361	100301	101396	101806	102027	102112	102130	102120	102113	101972	102144	102149	102140	102142	102147	102150	102140	102155	102157	102157	102120	102155	102060	102147	102153	102142	102141	102157	102157	101944	102158	102157	102158	102157	102001	102158	102158	102146	102156	102158	102156	102125	102157	102157	102117	102122	101829	102091	102058	102037	102049	102107	102063	102050	102069	102032	102150	102158	102157	102157	102157	102156	102157	102155	102157	102157	101447	101646	101044	101863	101934	100943	101132	101446	100813	100953	101529	101442	100673	101065	101956	101099	101882	101374	102146	102117	101080	101336	101984	102007	102091	100788	101238	102083	102106	101410	100904	101508	101077	101394	101693	102143	102114	102144	102056	102157	102156	102129	102132	102124	101648	102127	102120	102123	102130	102151	102153	102158	102153	102149	102097	102064	102148	102152	101925	101957	102050	102030	101980	102117	101964	101989	101929	101178	102156	102156	102156	102156	102155	101696	101849	102131	101284	102106	101621	102093	101539	102114	102137	102041	102105	102136	102089	100936	102127	102156	101788	102147	101469	102039	98426	102125	101940	102154	102035	102157	102157	102157	102157	102157	102157	102158	102157	101780	102151	101766	101943	102053	101639	102075	102156	102152
RSV_LP_052_Du-89	101127	103427	101042	101152	101923	101568	101053	103010	101786	101653	101413	102519	102703	103341	103324	103585	103342	103705	103703	103595	103646	103692	103713	103575	103727	103617	102853	103087	102250	103139	103026	102243	102642	103520	102545	103232	102066	103640	102740	103646	103643	103651	103640	103652	103585	103618	103753	103753	103595	103741	103753	103736	103730	103730	103677	103734	101903	101789	103439	102052	101883	100780	102595	103623	102188	103698	102378	102247	103541	101526	102398	101749	101245	101841	103194	101238	100865	101400	101687	101582	100355	101921	103311	102769	101863	80116	102377	101504	101365	103600	103665	103557	103678	102614	101368	100304	101406	101965	102461	103302	103651	103550	102974	103486	103740	103745	103736	103673	103743	103746	103733	103751	103753	103752	103644	103751	103581	103742	103749	103738	103737	103752	103700	102254	103444	103622	103562	103549	103319	103388	103087	103666	103699	103680	103707	103646	103698	103693	103638	103642	101983	103610	103565	103531	103567	103574	103582	103569	103149	103551	103746	103753	103753	103753	103750	103752	103753	103751	103753	103752	101491	101713	101051	102097	102143	100950	101201	101529	100820	100962	101567	101486	100679	101073	102217	101105	102192	101413	102847	103009	101089	101344	102143	102409	102520	100795	101247	102649	102680	101471	100913	101519	101086	101422	101766	103684	103639	103669	102627	103699	103679	103649	103527	103454	102547	103648	103640	103643	103651	103739	103752	102153	103753	103693	102960	103583	103745	103655	102225	102118	102867	102555	102255	103183	102256	102840	102121	101187	103165	103710	103314	103417	103491	101786	102117	103080	101296	102699	101649	102641	101577	103161	103731	102295	103624	103712	102900	100946	102817	102847	102017	102821	101575	102263	98434	102943	102424	103314	102399	103752	103753	103752	103753	103753	103753	103748	103753	101953	103092	101912	102186	102517	101790	102485	103349	102669
RSV_LP_053_Du-90	101124	103369	101039	101149	101921	101564	101051	102985	101783	101650	101411	102518	102700	103295	103285	103690	103330	104259	104258	104153	104213	104260	104260	104131	104239	104173	102873	103042	102247	103088	103081	102234	102595	103503	102531	103203	102067	104012	102737	104147	104213	104174	104160	104219	103682	103935	104266	104266	104156	104265	104266	104266	104244	104243	104245	104247	101911	101798	103463	102050	101881	100777	102554	103722	102185	103841	102376	102244	103570	101534	102378	101746	101242	101837	103179	101244	100862	101397	101695	101578	100355	101918	103305	102766	101861	80116	102375	101516	101366	104155	104176	104123	104184	102612	101368	100301	101404	101974	102462	103383	104219	103597	102986	104011	104251	104257	104248	104231	104255	104258	104257	104264	104266	104265	104213	104264	104152	104258	104262	104255	104250	104265	104258	102251	103450	103665	103595	103605	103378	103408	103111	104234	104252	104241	104264	104215	104252	104260	104206	104207	101984	104115	103998	103839	104086	103801	104142	104102	103149	104110	104259	104266	104266	104266	104251	104266	104266	104265	104266	104266	101488	101708	101048	102078	102148	100946	101198	101526	100817	100959	101564	101483	100676	101081	102214	101102	102188	101410	102834	103005	101086	101340	102151	102390	102527	100792	101244	102649	102676	101481	100909	101518	101084	101418	101774	104256	104206	104239	102626	104265	104244	104214	103652	103605	102544	104216	104196	104200	104219	104206	104261	102149	103693	104266	103041	104135	104247	103985	102225	102117	102881	102555	102253	103198	102252	102840	102121	101184	103171	104264	103268	103371	103474	101796	102124	103091	101293	102696	101645	102648	101573	103157	104201	102292	104171	104216	102897	100944	102767	102798	102014	102779	101572	102260	98433	102923	102432	103264	102367	104265	104266	104265	104266	104266	104266	104261	104266	101914	103073	101883	102168	102471	101778	102439	103346	102654
RSV_LP_055_Du-92	101097	102871	101015	101125	101875	101537	101034	102740	101728	101643	101413	102370	102606	102830	102855	102923	102887	103066	103069	103029	103065	103065	103066	103007	103043	103049	102737	102864	102185	102823	102718	102149	102510	102990	102439	102901	102002	103024	102645	103062	103063	103050	103056	103071	102925	103052	103072	103071	103027	103071	103071	103071	103050	103051	103072	103052	101875	101765	102908	101994	101861	100760	102478	102956	102168	102970	102316	102176	102979	101494	102279	101721	101212	101789	102878	101212	100850	101363	101657	101559	100339	101899	102938	102687	101844	80099	102352	101479	101346	103022	102999	102976	103015	102578	101349	100300	101380	101935	102435	102912	103071	102973	102802	102918	103057	103062	103053	103058	103060	103063	103060	103069	103071	103071	103065	103069	103005	103062	103067	103056	103055	103071	103070	102101	102936	102970	102928	102978	102840	102944	102782	103071	103060	103047	103070	103065	103072	103071	103059	103065	101970	103040	103008	102963	102999	102962	103013	103000	102854	102982	103064	103072	103071	103071	103072	103070	103071	103069	103071	103071	101467	101637	101022	102007	102063	100947	101178	101506	100797	100941	101533	101422	100661	101046	102142	101091	102120	101378	102706	102801	101067	101317	102114	102316	102458	100787	101221	102572	102600	101443	100889	101493	101062	101395	101737	103059	103057	103062	102536	103071	103071	103071	103011	103003	102248	103068	103064	103067	103071	103068	103068	102097	102960	103041	103072	103017	103065	103069	102209	102097	102733	102463	102241	102863	102224	102631	102101	101167	102825	103070	102913	102909	102969	101748	102080	102902	101278	102548	101640	102517	101554	102870	103048	102274	103049	103051	102782	100920	102614	102660	101995	102663	101550	102237	98415	102779	102361	102945	102296	103071	103071	103071	103071	103071	103071	103068	103071	101828	102781	101786	102082	102358	101711	102354	102904	102536
RSV_LP_057_Du-94	101075	103262	100982	101092	101842	101504	101008	102877	101682	101607	101410	102402	102619	103176	103179	103584	103225	104579	104582	104560	104579	104578	104580	104566	104556	104577	102870	102937	102147	102975	102991	102116	102477	103385	102430	103086	102063	104015	102701	104236	104473	104186	104242	104584	103603	103924	104585	104584	104585	104584	104584	104584	104563	104544	104585	104565	101842	101728	103345	101967	101828	100747	102453	103632	102142	103735	102283	102143	103462	101461	102282	101688	101179	101756	103061	101178	100821	101330	101624	101513	100355	101873	103192	102670	101824	80113	102371	101449	101354	104509	104455	104489	104252	102566	101328	100279	101348	101903	102428	103342	104584	103539	102943	104453	104570	104575	104566	104571	104573	104576	104579	104582	104584	104584	104579	104582	104529	104580	104580	104574	104568	104584	104583	102185	103384	103598	103530	103538	103375	103342	103046	104584	104439	104301	104583	104581	104585	104584	104584	104584	101980	104381	104146	103920	104344	103902	104577	104523	103146	104497	104584	104585	104584	104584	104527	104583	104584	104582	104584	104584	101459	101604	100989	101975	102030	100905	101145	101473	100764	100909	101500	101389	100634	101013	102109	101069	102087	101345	102716	102956	101035	101284	102082	102283	102453	100740	101196	102602	102626	101416	100863	101464	101035	101367	101705	104577	104575	104579	102621	104584	104565	104584	103580	103556	102490	104584	104504	104583	104584	104279	104581	102064	103583	104135	103017	104585	104572	104057	102221	102077	102868	102520	102230	103127	102248	102839	102085	101155	103052	104375	103149	103251	103356	101715	102048	102973	101264	102613	101603	102561	101521	103093	104376	102242	104368	104371	102854	100886	102656	102692	101971	102672	101518	102204	98431	102812	102327	103157	102262	104584	104584	104584	104584	104584	104584	104576	104584	101822	103008	101819	102077	102352	101663	102321	103279	102588
RSV_LP_315_Du-95	101127	103434	101039	101148	101921	101564	101054	103005	101783	101651	101412	102517	102700	103349	103320	103731	103365	105262	105261	105142	105200	105248	105270	105095	105262	105155	102875	103084	102246	103148	103081	102237	102639	103557	102545	103227	102066	104074	102737	104313	104678	104244	104296	105116	103670	103969	105233	105320	105153	105296	105320	105291	105299	105209	105233	105301	101901	101784	103454	102051	101882	100779	102592	103804	102185	103857	102376	102243	103634	101521	102393	101746	101241	101836	103193	101233	100862	101396	101682	101578	100354	101919	103308	102766	101862	80114	102376	101499	101365	104833	104933	105041	104442	102613	101365	100303	101404	101961	102461	103383	105206	103587	102983	104720	105306	105311	105302	105230	105309	105312	105300	105318	105312	105277	105199	105317	105137	105309	105316	105306	105304	105319	105255	102393	103595	103809	103740	103749	103378	103553	103256	105179	104705	104416	105207	104969	105056	105147	105180	105171	101981	104402	104170	103927	104398	103936	105141	105017	103146	104791	105313	105321	105320	105320	105219	105320	105320	105320	105320	105321	101488	101710	101048	102095	102138	100946	101198	101526	100817	100959	101562	101482	100677	101069	102213	101104	102186	101410	102842	103005	101087	101340	102139	102403	102514	100793	101244	102646	102676	101467	100909	101516	101085	101418	101763	105241	105124	105225	102624	105184	105064	105084	103639	103609	102544	105203	104778	105201	105206	104463	105141	102148	103745	104247	103065	104572	105321	104198	102224	102114	102879	102552	102251	103185	102253	102840	102118	101183	103161	104563	103321	103423	103527	101782	102112	103137	101295	102695	101645	102636	101574	103156	104625	102293	104525	104642	102897	100944	102823	102842	102018	102817	101573	102261	98432	102937	102420	103314	102396	105319	105320	105294	105320	105320	105320	105300	105320	102008	103218	102030	102230	102524	101786	102498	103490	102799
RSV_LP_316_Du-96	101127	103367	101043	101152	101924	101568	101054	102991	101788	101653	101414	102513	102704	103289	103290	103663	103338	104197	104201	104100	104149	104194	104199	104080	104177	104122	102876	103050	102250	103088	103084	102229	102590	103497	102538	103199	102067	103878	102741	103967	104106	104012	104017	104154	103650	103840	104205	104204	104100	104203	104204	104204	104182	104182	104180	104185	101902	101788	103458	102054	101884	100780	102562	103724	102189	103753	102379	102247	103559	101526	102385	101750	101245	101840	103173	101237	100866	101400	101686	101582	100355	101922	103296	102769	101865	80114	102379	101504	101367	104103	104087	104059	104073	102615	101370	100304	101407	101964	102462	103351	104153	103574	102987	103985	104190	104195	104186	104177	104193	104196	104189	104202	104204	104203	104145	104202	104083	104193	104200	104189	104188	104203	104196	102208	103403	103615	103537	103550	103371	103361	103064	104168	104146	104076	104202	104148	104203	104195	104140	104146	101984	104058	103945	103798	103994	103720	104087	104062	103150	104038	104197	104205	104204	104204	104204	104203	104204	104202	104204	104204	101493	101715	101053	102086	102142	100951	101203	101531	100822	100964	101566	101486	100681	101072	102217	101105	102190	101413	102829	103009	101091	101344	102143	102396	102517	100797	101247	102650	102680	101470	100913	101520	101087	101422	101766	104187	104138	104171	102627	104201	104181	104152	103588	103593	102548	104150	104126	104147	104153	104125	104202	102152	103655	103985	103069	104057	104198	104205	102227	102118	102881	102555	102255	103188	102256	102841	102121	101186	103164	104124	103258	103364	103468	101785	102115	103086	101297	102699	101649	102639	101577	103160	104096	102296	104121	104128	102901	100947	102764	102805	102018	102785	101577	102264	98433	102926	102424	103269	102376	104203	104204	104204	104204	104204	104204	104198	104204	101908	103037	101860	102162	102465	101771	102433	103298	102617
SILG_LP_149_Du-343	101019	102175	100924	101034	101786	101446	100962	102159	101625	101547	101368	102137	102089	102174	102167	102167	102166	102229	102232	102228	102227	102228	102227	102230	102205	102231	102214	102235	102014	102232	102028	102023	102191	102234	102096	102236	101957	102231	102161	102234	102229	102235	102235	102235	102235	102234	102236	102235	102236	102235	102235	102235	102215	102214	102236	102216	101748	101666	102228	101844	101765	100711	102097	102171	102038	102226	102099	101992	102226	101403	102015	101625	101114	101690	102192	101115	100761	101266	101557	101454	100319	101769	102228	102219	101715	80080	102083	101385	101292	102184	102168	102143	102225	102160	101264	100246	101283	101778	102157	102235	102235	102235	102235	102154	102219	102224	102217	102220	102222	102225	102223	102235	102235	102235	102225	102232	102174	102228	102230	102225	102214	102235	102235	101898	102236	102235	102236	102235	102182	102236	102232	102235	102235	102236	102235	102234	102236	102235	102235	102235	101878	102235	102235	102221	102232	102235	102232	102230	102234	102215	102235	102236	102235	102235	102236	102235	102235	102234	102235	102236	101399	101544	100926	101862	101957	100847	101069	101410	100701	100847	101435	101324	100577	100948	101980	101007	101947	101280	102221	102228	100969	101218	101965	102058	102209	100679	101128	102203	102215	101341	100795	101394	100968	101299	101639	102218	102217	102222	102199	102235	102235	102235	102236	102235	101769	102235	102235	102235	102235	102226	102226	101925	102225	102225	102209	102221	102224	102227	102236	101990	102189	102191	102048	102220	102043	102161	101975	101097	102235	102235	102234	102234	102233	101654	101829	102207	101212	102185	101543	102171	101458	102209	102210	102099	102210	102211	102210	100821	102209	102222	101857	102219	101425	102070	98390	102225	102028	102228	102112	102235	102235	102235	102235	102235	102235	102236	102235	101723	102230	101687	101964	102147	101582	102106	102234	102185
SILG_LP_150_Du-344	101095	102067	101008	101119	101863	101530	101029	102058	101684	101582	101398	102039	101980	102065	102059	102059	102058	102118	102123	102090	102118	102119	102119	102070	102096	102112	102073	102123	102054	102119	101916	102017	102122	102122	102021	102124	101908	102120	102083	102123	102118	102123	102123	102123	102124	102123	102124	102123	102088	102122	102123	102123	102101	102101	102123	102104	101801	101750	102120	101877	101833	100763	101989	102061	102045	102118	102049	102005	102118	101489	101957	101692	101207	101765	102083	101206	100843	101358	101625	101540	100341	101870	102120	102113	101739	80105	101964	101473	101350	102075	102059	102029	102113	102097	101356	100288	101370	101844	102057	102118	102123	102122	102123	101997	102123	102123	102121	102123	102123	102123	102112	102123	102123	102122	102115	102121	102060	102116	102120	102112	102106	102122	102123	101931	102124	102123	102123	102123	102012	102124	102123	102122	102122	102124	102121	102117	102124	102123	102111	102123	101872	102102	102072	102052	102063	102120	102078	102064	102083	102047	102116	102124	102123	102123	102123	102122	102123	102121	102123	102123	101462	101617	101017	101903	101945	100929	101146	101493	100792	100938	101528	101417	100656	101040	102010	101089	101942	101372	102113	102120	101061	101312	102029	102049	102107	100763	101222	102113	102108	101420	100888	101489	101060	101387	101729	102111	102111	102114	102074	102123	102123	102123	102124	102117	101640	102120	102123	102121	102123	102118	102118	101957	102118	102117	102097	102077	102114	102118	101990	102124	102070	102103	102060	102123	102019	102021	101996	101184	102122	102122	102122	102122	102120	101729	101831	102096	101279	102082	101625	102095	101546	102101	102102	102057	102101	102101	102099	100910	102101	102121	101874	102119	101502	102060	98421	102117	101952	102120	102057	102122	102123	102123	102123	102123	102123	102119	102123	101786	102116	101773	102007	102058	101647	102084	102122	102105
SILG_LP_151_Du-345	101065	102771	100968	101077	101829	101491	100983	102672	101677	101591	101392	102302	102515	102735	102744	102823	102789	102883	102887	102856	102883	102883	102885	102862	102861	102875	102639	102777	102125	102752	102647	102099	102432	102866	102370	102812	102034	102885	102512	102887	102883	102888	102888	102887	102843	102887	102889	102887	102876	102886	102888	102888	102865	102865	102887	102868	101824	101710	102812	101951	101810	100719	102357	102812	102119	102880	102258	102126	102868	101450	102243	101672	101163	101741	102800	101161	100793	101315	101608	101509	100329	101850	102840	102596	101802	80087	102315	101429	101333	102841	102824	102795	102882	102480	101306	100267	101331	101886	102387	102843	102887	102871	102664	102790	102886	102888	102884	102886	102887	102888	102880	102887	102887	102886	102877	102885	102829	102881	102885	102878	102870	102886	102886	102024	102861	102871	102848	102872	102782	102824	102737	102887	102887	102888	102885	102884	102888	102887	102886	102888	101956	102884	102861	102841	102851	102880	102866	102852	102733	102835	102888	102888	102887	102887	102887	102887	102888	102885	102887	102887	101442	101588	100973	101959	102015	100898	101126	101453	100745	100888	101484	101373	100606	100996	102093	101044	102071	101329	102640	102714	101010	101266	102061	102207	102410	100731	101179	102539	102520	101396	100844	101444	101012	101347	101683	102875	102875	102881	102529	102887	102887	102888	102874	102872	102182	102888	102888	102886	102888	102884	102883	102050	102867	102881	102733	102868	102879	102881	102189	102070	102889	102408	102213	102805	102202	102597	102076	101148	102743	102886	102827	102838	102868	101698	102014	102736	101238	102477	101585	102470	101503	102759	102867	102199	102865	102865	102687	100865	102569	102571	101948	102583	101498	102182	98403	102657	102289	102840	102237	102886	102887	102888	102888	102887	102887	102887	102887	101778	102731	101733	102033	102279	101654	102303	102793	102455
SILG_LP_152_Du-346	101086	102504	100996	101106	101858	101519	101025	102451	101698	101625	101401	102333	102327	102494	102496	102496	102492	102557	102560	102538	102555	102557	102556	102515	102533	102553	102431	102535	102152	102535	102353	102130	102384	102559	102280	102561	102028	102557	102377	102560	102555	102560	102560	102560	102561	102560	102561	102560	102529	102560	102560	102560	102540	102539	102562	102542	101858	101742	102553	101945	101844	100761	102282	102498	102156	102555	102219	102122	102555	101477	102193	101703	101194	101771	102522	101194	100839	101346	101640	101528	100340	101862	102557	102484	101829	80102	102283	101464	101338	102513	102497	102467	102550	102360	101343	100288	101363	101904	102318	102556	102560	102560	102535	102439	102559	102561	102556	102560	102560	102560	102550	102560	102560	102560	102552	102558	102498	102554	102557	102551	102544	102560	102560	102049	102561	102560	102561	102561	102447	102562	102522	102561	102560	102561	102561	102555	102561	102560	102548	102560	101966	102539	102517	102497	102508	102558	102523	102509	102510	102492	102553	102561	102560	102560	102561	102560	102560	102560	102560	102561	101449	101619	101004	101955	102045	100924	101160	101489	100779	100924	101516	101404	100650	101027	102108	101087	102089	101359	102484	102533	101048	101299	102083	102253	102363	100757	101209	102439	102457	101426	100875	101476	101048	101375	101717	102548	102548	102552	102465	102561	102560	102560	102561	102555	101999	102558	102560	102559	102561	102555	102555	102030	102555	102555	102463	102520	102552	102555	102191	102103	102408	102562	102209	102560	102218	102434	102108	101173	102544	102560	102559	102559	102558	101730	102009	102445	101275	102416	101615	102391	101534	102528	102540	102228	102539	102539	102507	100899	102465	102468	101983	102491	101530	102161	98417	102500	102245	102558	102273	102560	102560	102560	102560	102561	102560	102557	102560	101809	102500	101767	102064	102324	101682	102277	102559	102337
SILG_LP_153_Du-347	101074	102202	100979	101089	101831	101502	101004	102196	101688	101613	101394	102104	102117	102181	102195	102196	102194	102256	102259	102236	102255	102255	102256	102218	102233	102254	102210	102259	102098	102235	102052	102089	102232	102258	102102	102260	101923	102256	102212	102259	102254	102259	102259	102259	102258	102259	102260	102259	102236	102259	102259	102259	102238	102238	102260	102240	101806	101730	102239	101898	101812	100749	102070	102201	102110	102255	102097	102045	102255	101461	102060	101686	101177	101743	102220	101179	100825	101328	101603	101520	100334	101849	102256	102244	101794	80099	102079	101450	101331	102213	102196	102166	102250	102203	101328	100281	101345	101856	102169	102259	102259	102259	102242	102141	102258	102259	102254	102259	102259	102258	102252	102259	102259	102259	102252	102257	102204	102253	102256	102248	102242	102259	102259	101992	102260	102259	102258	102259	102160	102260	102260	102259	102258	102260	102258	102256	102260	102259	102253	102259	101941	102246	102220	102199	102211	102260	102225	102212	102211	102194	102252	102260	102259	102259	102260	102258	102259	102257	102259	102259	101441	101605	100990	101855	101973	100920	101146	101456	100765	100910	101498	101387	100634	101011	102032	101074	102002	101343	102249	102257	101031	101282	102036	102131	102191	100747	101193	102232	102201	101413	100859	101459	101030	101363	101699	102247	102248	102251	102202	102259	102259	102259	102260	102259	101745	102259	102259	102258	102259	102255	102255	101980	102255	102253	102241	102230	102251	102255	102048	102060	102213	102209	102260	102259	102128	102158	102046	101170	102238	102258	102258	102258	102257	101702	101935	102233	101265	102188	101611	102161	101519	102232	102240	102145	102237	102238	102228	100886	102222	102232	101934	102236	101513	102071	98410	102227	102055	102257	102123	102259	102259	102259	102259	102259	102259	102256	102259	101772	102233	101752	102015	102141	101670	102155	102258	102182
SILG_LP_154_Du-348	101112	103087	101033	101144	101895	101557	101047	102864	101734	101645	101405	102467	102662	103075	103056	103130	103102	103202	103202	103144	103202	103203	103205	103122	103180	103165	102784	102961	102201	102994	102887	102182	102544	103206	102479	103093	102059	103196	102710	103200	103200	103201	103185	103207	103157	103182	103211	103208	103146	103207	103209	103210	103186	103186	103209	103190	101906	101794	103122	102021	101878	100772	102503	103143	102181	103189	102337	102198	103185	101530	102326	101743	101234	101808	103038	101242	100858	101388	101692	101565	100347	101913	103079	102724	101856	80110	102371	101510	101359	103147	103122	103115	103185	102606	101361	100296	101399	101969	102454	103163	103208	103192	102903	103045	103206	103209	103203	103194	103207	103208	103194	103208	103208	103207	103196	103205	103141	103200	103205	103195	103191	103207	103207	102110	103158	103198	103149	103207	103027	103139	102934	103209	103195	103208	103206	103202	103195	103207	103195	103198	101976	103156	103123	103104	103113	103162	103128	103114	102989	103098	103203	103209	103208	103208	103194	103208	103209	103207	103208	103208	101486	101659	101042	102028	102099	100943	101195	101525	100814	100958	101556	101444	100673	101078	102165	101098	102142	101400	102781	102993	101080	101335	102145	102323	102519	100786	101238	102638	102669	101474	100903	101509	101075	101411	101766	103192	103187	103197	102619	103208	103203	103203	103197	103154	102458	103207	103185	103187	103211	103188	103198	102117	103183	103198	102863	103127	103185	103188	102220	102123	102805	102560	102259	103212	102261	102800	102126	101193	103012	103206	103070	103114	103182	101783	102114	102852	101288	102664	101641	102627	101570	103039	103172	102285	103168	103172	102823	100934	102714	102743	102008	102724	101566	102255	98427	102767	102391	103064	102314	103207	103208	103209	103210	103209	103208	103204	103208	101863	102930	101815	102119	102420	101726	102388	103124	102572
SILG_LP_155_Du-349	101066	102205	100972	101083	101826	101494	100997	102197	101662	101576	101395	102100	102113	102203	102197	102197	102196	102257	102261	102241	102256	102257	102258	102248	102234	102259	102246	102261	102093	102257	102054	102061	102220	102260	102097	102262	101931	102255	102227	102258	102253	102261	102261	102261	102259	102259	102262	102261	102261	102260	102261	102261	102239	102239	102261	102242	101817	101706	102258	101904	101800	100735	102067	102201	102071	102256	102097	102025	102256	101447	102056	101666	101167	101735	102221	101166	100808	101318	101603	101494	100341	101815	102258	102256	101796	80101	102098	101434	101339	102213	102197	102167	102257	102224	101313	100271	101335	101871	102176	102261	102261	102260	102252	102171	102260	102261	102257	102260	102261	102261	102251	102261	102261	102260	102254	102259	102202	102251	102258	102249	102244	102260	102261	101974	102262	102261	102261	102261	102185	102262	102255	102260	102260	102262	102259	102258	102262	102261	102261	102261	101943	102259	102242	102222	102233	102258	102248	102234	102254	102218	102261	102262	102261	102261	102261	102260	102261	102259	102261	102261	101440	101584	100979	101860	101971	100894	101134	101462	100754	100898	101479	101371	100620	101001	102026	101053	101991	101333	102237	102258	101022	101272	102002	102160	102189	100727	101182	102250	102196	101397	100848	101446	101020	101352	101680	102246	102246	102250	102246	102261	102261	102261	102262	102261	101752	102261	102261	102260	102261	102256	102256	101964	102256	102252	102224	102248	102253	102256	102043	102019	102202	102218	102128	102261	102262	102190	102063	101161	102260	102260	102260	102260	102258	101696	101951	102222	101254	102225	101591	102170	101512	102239	102240	102143	102239	102239	102240	100870	102234	102250	101898	102257	101502	102059	98417	102233	102045	102258	102136	102260	102261	102262	102261	102261	102261	102261	102261	101773	102253	101726	102002	102144	101644	102140	102260	102175
SILG_LP_156_Du-350	101006	102788	100907	101017	101768	101429	100947	102598	101630	101562	101378	102308	102485	102774	102770	102780	102747	102843	102845	102837	102840	102842	102842	102840	102818	102840	102585	102711	102077	102760	102585	102037	102354	102844	102381	102824	102008	102842	102512	102845	102840	102845	102845	102845	102846	102845	102846	102845	102846	102845	102845	102845	102825	102825	102846	102826	101771	101663	102842	101897	101757	100707	102330	102787	102075	102840	102187	102023	102839	101390	102177	101614	101105	101682	102762	101107	100756	101256	101550	101456	100314	101806	102804	102523	101760	80083	102286	101378	101287	102798	102782	102751	102837	102416	101256	100241	101274	101829	102350	102820	102845	102845	102651	102781	102845	102845	102843	102846	102845	102845	102839	102845	102845	102845	102838	102843	102790	102839	102842	102837	102828	102845	102844	101987	102829	102845	102841	102845	102748	102823	102623	102845	102846	102846	102845	102845	102846	102845	102845	102845	101921	102846	102846	102829	102839	102846	102843	102840	102782	102823	102845	102846	102845	102845	102846	102845	102845	102845	102845	102846	101388	101534	100918	101904	101959	100856	101075	101403	100693	100839	101426	101315	100570	100940	102033	101004	101982	101271	102542	102696	100960	101210	102005	102208	102343	100686	101121	102444	102500	101337	100786	101387	100960	101290	101628	102833	102833	102837	102527	102845	102845	102845	102839	102845	102252	102845	102845	102845	102845	102840	102840	101989	102840	102840	102631	102839	102840	102841	102161	102021	102597	102434	102158	102800	102190	102846	102028	101109	102767	102845	102821	102838	102835	101641	101971	102610	101205	102494	101540	102442	101448	102755	102825	102167	102824	102824	102634	100814	102524	102551	101888	102536	101441	102135	98389	102588	102222	102827	102187	102845	102845	102846	102845	102845	102845	102842	102845	101720	102731	101679	101974	102244	101610	102219	102825	102380
SILG_LP_157_Du-351	101099	102070	101006	101116	101856	101528	101026	102061	101698	101591	101400	102012	101982	102069	102062	102062	102061	102123	102126	102099	102121	102123	102122	102078	102099	102117	102083	102126	102023	102123	101919	102051	102115	102125	101980	102127	101894	102123	102082	102126	102121	102126	102126	102126	102127	102126	102127	102126	102096	102126	102126	102126	102106	102105	102127	102107	101857	101725	102123	101895	101814	100766	101939	102065	102008	102121	102056	101992	102121	101486	101950	101676	101204	101736	102087	101203	100838	101355	101633	101517	100344	101811	102123	102117	101823	80109	101974	101475	101356	102078	102062	102032	102116	102105	101351	100284	101373	101901	102092	102126	102126	102126	102127	102004	102126	102126	102124	102127	102126	102126	102119	102126	102126	102126	102119	102124	102069	102120	102123	102116	102109	102126	102126	101980	102127	102126	102127	102126	102020	102127	102127	102126	102126	102127	102126	102124	102127	102126	102120	102126	101921	102111	102080	102060	102071	102126	102086	102072	102091	102054	102119	102127	102126	102126	102127	102126	102126	102125	102126	102127	101462	101625	101015	101869	101946	100927	101172	101500	100790	100936	101523	101414	100652	101037	102043	101086	101968	101369	102116	102123	101057	101309	101979	102087	102089	100759	101219	102124	102077	101435	100885	101486	101058	101389	101715	102114	102114	102117	102081	102126	102126	102126	102127	102126	101624	102126	102126	102126	102126	102121	102121	101929	102121	102121	102101	102085	102118	102121	101975	101996	102076	102108	102046	102126	102063	102028	102127	101177	102126	102126	102125	102125	102124	101740	101925	102099	101282	102096	101606	102079	101544	102104	102106	102046	102105	102105	102105	100909	102104	102124	101869	102123	101540	102023	98424	102120	101955	102123	102089	102126	102126	102126	102126	102126	102126	102123	102126	101808	102120	101751	101996	102079	101684	102103	102125	102080
SILG_LP_158_Du-352	100730	101141	100676	100826	101119	100997	100679	101132	101023	100941	100840	101114	101050	101136	101129	101130	101129	101189	101190	101172	101186	101190	101189	101154	101164	101188	101156	101192	101170	101187	100985	101188	101190	101190	101108	101191	101144	101188	101154	101189	101185	101192	101192	101191	101189	101190	101193	101191	101167	101191	101192	101193	101170	101169	101191	101172	101135	101088	101187	101084	101045	100354	101062	101135	101169	101187	101185	101173	101188	100915	101028	100989	100670	101059	101154	100795	100512	100824	100982	100942	100124	101177	101188	101187	101002	79904	101048	100970	100843	101148	101149	101123	101188	101182	100925	100051	100898	101120	101172	101190	101191	101191	101189	101080	101191	101192	101188	101191	101191	101193	101183	101191	101191	101191	101184	101189	101135	101185	101189	101180	101174	101191	101191	101137	101191	101192	101191	101192	101091	101191	101191	101192	101191	101191	101191	101189	101191	101191	101185	101193	101133	101177	101150	101131	101140	101189	101155	101142	101161	101124	101186	101191	101191	101191	101191	101192	101192	101190	101191	101191	100883	100976	100627	101063	101088	100600	100730	100885	100478	100579	100948	100871	100355	100701	101160	100776	101134	100892	101180	101189	100702	100886	101185	101189	101188	100469	100827	101186	101175	100926	100599	101031	100742	100888	101111	101177	101178	101183	101151	101191	101191	101192	101192	101191	100714	101192	101192	101191	101193	101188	101187	101178	101187	101184	101167	101155	101183	101186	101097	101184	101148	101173	101170	101193	101161	101109	101177	101193	101192	101190	101190	101190	101189	101079	101088	101167	100817	101168	101014	101169	101035	101169	101171	101165	101169	101169	101169	100666	101171	101190	101014	101189	100969	101163	98269	101185	101019	101190	101166	101191	101191	101192	101193	101191	101191	101191	101191	101085	101184	101059	101180	101191	101034	101184	101190	101190
SILR_LP_346_Du-729	101132	103065	101047	101157	101930	101572	101060	102891	101792	101657	101418	102530	102675	103100	103049	103105	103061	103176	103176	103072	103126	103174	103177	103047	103154	103089	102752	102945	102259	103018	102820	102248	102609	103148	102546	103091	102076	103126	102728	103129	103129	103131	103115	103137	103142	103110	103189	103186	103074	103185	103187	103188	103165	103164	103163	103167	101919	101805	103148	102058	101891	100784	102567	103110	102192	103164	102384	102252	103139	101543	102375	101756	101250	101844	103030	101254	100870	101407	101703	101586	100359	101926	103061	102734	101869	80116	102375	101521	101371	103071	103096	103040	103154	102603	101373	100308	101412	101982	102468	103064	103136	103098	102884	102957	103168	103174	103164	103146	103171	103176	103165	103184	103186	103185	103122	103183	103063	103177	103181	103171	103165	103185	103178	102174	103107	103166	103185	103148	102975	103068	102912	103152	103174	103166	103185	103132	103173	103178	103123	103127	101993	103085	103052	103034	103042	103100	103058	103043	102969	103026	103181	103187	103186	103186	103173	103187	103187	103185	103186	103187	101500	101721	101056	102089	102161	100955	101206	101535	100826	100969	101571	101491	100684	101089	102222	101110	102195	101419	102800	102923	101092	101346	102156	102383	102521	100798	101248	102607	102672	101485	100916	101521	101089	101423	101781	103161	103112	103146	102621	103184	103162	103133	103136	103076	102429	103134	103115	103118	103138	103164	103174	102156	103165	103171	102825	103052	103161	103164	102235	102122	102743	102544	102238	103012	102260	102767	102126	101192	103189	103187	103108	103148	103154	101807	102128	102861	101300	102669	101653	102655	101581	102984	103147	102299	103095	103148	102845	100947	102739	102795	102020	102786	101579	102268	98436	102862	102429	103063	102372	103185	103186	103187	103188	103186	103186	103182	103186	101928	103007	101881	102183	102485	101792	102453	103105	102637
SILR_LP_347_Du-730	101132	103390	101047	101158	101931	101572	101059	103007	101791	101657	101418	102535	102708	103317	103308	103712	103352	104579	104576	104464	104518	104566	104579	104439	104557	104481	102882	103068	102259	103113	103093	102259	102620	103529	102555	103229	102076	104097	102748	104316	104505	104262	104296	104531	103691	103982	104592	104591	104468	104590	104591	104591	104570	104569	104557	104572	101919	101805	103475	102058	101889	100784	102577	103768	102192	103863	102384	102252	103591	101542	102397	101756	101250	101844	103200	101252	100870	101406	101703	101586	100359	101926	103320	102774	101869	80116	102385	101520	101371	104461	104499	104432	104369	102622	101373	100308	101412	101982	102471	103395	104530	103608	102995	104290	104571	104576	104567	104538	104574	104577	104567	104587	104591	104590	104514	104589	104457	104580	104583	104574	104568	104590	104573	102295	103494	103708	103639	103648	103390	103452	103155	104545	104514	104420	104587	104526	104567	104572	104517	104519	101993	104314	104121	103892	104214	103901	104452	104409	103158	104415	104584	104592	104591	104591	104542	104591	104591	104590	104591	104592	101499	101721	101056	102100	102160	100954	101207	101534	100825	100968	101572	101491	100684	101089	102222	101110	102195	101419	102856	103011	101092	101346	102156	102409	102530	100798	101248	102652	102681	101485	100915	101521	101089	101423	101781	104553	104504	104537	102629	104578	104556	104526	103664	103621	102556	104527	104495	104512	104530	104410	104577	102156	103710	104264	103070	104375	104563	104124	102235	102122	102886	102560	102258	103206	102260	102845	102126	101190	103187	104593	103294	103396	103500	101807	102128	103112	101300	102703	101653	102655	101581	103164	104445	102299	104416	104414	102904	100947	102786	102818	102020	102798	101579	102268	98436	102940	102437	103283	102387	104590	104591	104591	104591	104591	104591	104587	104591	101939	103117	101927	102193	102496	101803	102464	103389	102698
SILR_LP_348_Du-731	101131	103226	101047	101157	101929	101572	101058	102925	101791	101657	101418	102534	102704	103223	103142	103237	103165	103284	103281	103168	103223	103271	103292	103144	103332	103186	102795	103061	102259	103159	102931	102262	102663	103323	102554	103207	102075	103222	102710	103227	103226	103228	103212	103235	103228	103209	103365	103360	103171	103324	103365	103319	103342	103342	103260	103346	101918	101805	103203	102057	101888	100784	102601	103293	102193	103273	102383	102252	103311	101542	102402	101756	101250	101845	103139	101252	100870	101406	101703	101586	100359	101925	103194	102767	101868	80116	102384	101520	101370	103167	103233	103135	103251	102621	101373	100308	101411	101981	102470	103112	103234	103206	102912	103053	103347	103350	103343	103243	103339	103353	103325	103363	103365	103364	103220	103362	103160	103354	103359	103349	103343	103364	103283	102275	103275	103333	103312	103329	103026	103250	103038	103249	103271	103263	103290	103229	103270	103276	103221	103223	101992	103182	103137	103128	103139	103187	103154	103141	102993	103123	103358	103365	103365	103365	103351	103364	103365	103363	103365	103351	101499	101721	101056	102103	102161	100954	101206	101534	100825	100968	101572	101491	100684	101089	102222	101109	102196	101419	102856	102937	101092	101346	102156	102411	102531	100798	101248	102652	102681	101485	100915	101521	101088	101423	101780	103259	103210	103243	102629	103282	103260	103230	103214	103190	102444	103231	103212	103215	103234	103302	103338	102156	103314	103268	102913	103149	103321	103258	102234	102122	102827	102559	102258	103070	102260	102821	102125	101190	103108	103294	103365	103333	103334	101806	102128	103026	101299	102703	101653	102655	101581	103084	103313	102299	103191	103280	102877	100947	102857	102844	102019	102823	101579	102267	98436	102913	102437	103219	102401	103364	103365	103364	103365	103365	103365	103360	103365	101973	103120	101961	102206	102566	101810	102534	103262	102718
SILR_LP_349_Du-732	101131	103344	101047	101157	101929	101572	101058	102988	101791	101657	101418	102534	102708	103289	103217	103326	103236	103387	103384	103270	103326	103374	103395	103246	103445	103288	102816	103065	102259	103177	102954	102262	102664	103423	102554	103232	102075	103324	102745	103329	103328	103330	103314	103337	103335	103311	103478	103463	103274	103427	103478	103422	103455	103455	103363	103459	101918	101806	103300	102057	101888	100784	102601	103401	102193	103375	102383	102252	103398	101542	102402	101756	101250	101845	103180	101252	100870	101406	101703	101586	100359	101925	103232	102774	101868	80116	102384	101521	101370	103269	103335	103237	103353	102621	101373	100308	101411	101981	102470	103163	103337	103318	102930	103155	103459	103453	103456	103345	103442	103466	103428	103476	103478	103477	103323	103475	103263	103467	103472	103458	103447	103477	103386	102283	103393	103459	103437	103442	103119	103352	103106	103352	103373	103365	103392	103332	103372	103378	103324	103325	101992	103284	103244	103230	103241	103297	103256	103243	103084	103225	103471	103477	103478	103478	103463	103477	103478	103476	103478	103454	101499	101721	101056	102103	102161	100954	101206	101534	100825	100968	101572	101491	100684	101089	102222	101109	102196	101419	102851	102990	101092	101346	102156	102411	102531	100798	101248	102652	102681	101485	100915	101521	101088	101423	101780	103362	103312	103346	102629	103384	103362	103332	103321	103293	102504	103334	103314	103317	103337	103404	103440	102156	103417	103371	102909	103251	103423	103364	102234	102122	102838	102559	102258	103114	102260	102838	102125	101190	103148	103396	103333	103478	103406	101807	102129	103045	101299	102703	101653	102655	101581	103100	103415	102299	103293	103382	102879	100947	102864	102849	102019	102823	101579	102267	98436	102940	102437	103255	102401	103477	103478	103477	103478	103478	103478	103473	103478	101974	103136	101972	102207	102577	101811	102545	103367	102729
SILR_LP_351_Du-734	101130	103363	101046	101155	101927	101571	101057	102988	101789	101656	101417	102532	102706	103347	103251	103447	103306	103491	103487	103375	103429	103477	103498	103351	103542	103393	102855	103094	102258	103171	103023	102260	102661	103473	102553	103249	102074	103428	102743	103433	103432	103434	103418	103441	103399	103415	103575	103566	103378	103531	103575	103525	103553	103553	103467	103556	101916	101803	103337	102055	101887	100783	102600	103499	102192	103478	102381	102250	103508	101540	102400	101754	101248	101843	103213	101250	100869	101404	101701	101584	100358	101924	103318	102773	101867	80115	102383	101519	101369	103373	103439	103341	103457	102620	101371	100307	101409	101979	102468	103269	103440	103410	102969	103260	103557	103556	103553	103450	103545	103563	103531	103573	103575	103575	103426	103572	103366	103565	103569	103559	103550	103575	103489	102301	103429	103545	103510	103516	103180	103363	103098	103456	103477	103469	103497	103435	103476	103482	103427	103429	101991	103388	103355	103317	103346	103363	103360	103348	103112	103329	103568	103575	103575	103575	103562	103574	103575	103573	103575	103557	101497	101719	101054	102101	102159	100953	101204	101532	100823	100966	101570	101489	100683	101087	102220	101108	102194	101417	102861	103001	101090	101344	102154	102409	102529	100796	101246	102650	102679	101483	100913	101519	101086	101421	101778	103465	103416	103449	102627	103488	103466	103436	103382	103364	102507	103437	103418	103421	103440	103508	103544	102155	103491	103474	102969	103356	103527	103468	102233	102120	102868	102558	102257	103182	102258	102835	102124	101189	103154	103500	103334	103406	103575	101804	102126	103108	101298	102701	101651	102653	101580	103145	103520	102297	103397	103487	102902	100946	102859	102847	102018	102822	101578	102265	98435	102941	102435	103318	102399	103575	103575	103574	103575	103575	103575	103571	103575	101971	103136	101964	102204	102568	101809	102537	103329	102720
SILR_LP_353_Du-736	101133	101735	101048	101158	101706	101530	101060	101727	101591	101449	101338	101722	101644	101746	101727	101727	101725	101798	101798	101735	101790	101799	101798	101710	101776	101752	101714	101794	101773	101798	101586	101806	101807	101806	101695	101807	101646	101787	101731	101792	101791	101793	101777	101800	101801	101774	101809	101808	101738	101807	101808	101808	101787	101786	101808	101789	101751	101692	101799	101700	101648	100785	101647	101737	101743	101786	101784	101787	101787	101538	101615	101511	101240	101690	101762	101253	100871	101406	101642	101559	100360	101680	101800	101781	101618	80117	101607	101471	101340	101732	101715	101701	101780	101757	101374	100309	101367	101782	101755	101769	101800	101785	101769	101620	101789	101795	101786	101777	101793	101796	101789	101806	101808	101807	101786	101805	101726	101798	101802	101793	101787	101807	101808	101769	101809	101808	101808	101808	101657	101809	101808	101807	101795	101808	101806	101796	101795	101807	101787	101788	101677	101748	101714	101695	101705	101763	101721	101706	101725	101689	101801	101809	101808	101808	101794	101808	101808	101807	101808	101809	101491	101585	101057	101678	101695	100955	101191	101519	100826	100969	101564	101460	100685	101090	101781	101111	101777	101416	101792	101769	101093	101347	101777	101787	101789	100799	101249	101765	101756	101448	100916	101487	101090	101423	101719	101789	101775	101792	101712	101807	101803	101795	101801	101781	101300	101797	101777	101781	101800	101784	101795	101696	101786	101796	101748	101715	101782	101785	101654	101729	101698	101730	101702	101783	101696	101641	101740	101079	101807	101807	101806	101807	101804	101809	101759	101776	101282	101763	101554	101776	101545	101766	101768	101744	101758	101769	101746	100948	101772	101789	101560	101788	101535	101748	98437	101787	101632	101787	101763	101807	101808	101808	101808	101808	101808	101804	101808	101791	101801	101678	101809	101788	101668	101801	101807	101804
STI_LP_027_Du-45	101124	102062	101043	101153	101751	101534	101054	102052	101659	101585	101346	101947	101941	102071	102054	102054	102051	102121	102123	102061	102121	102123	102124	102039	102103	102082	102003	102117	101957	102120	101909	101987	102095	102128	101969	102130	101755	102114	102008	102119	102117	102119	102104	102126	102124	102101	102131	102130	102065	102129	102130	102130	102108	102108	102132	102112	101822	101749	102124	101893	101735	100779	101915	102062	101938	102112	101966	101964	102113	101519	101898	101624	101246	101722	102088	101247	100866	101399	101673	101568	100354	101724	102125	102104	101775	80115	101881	101491	101366	102063	102042	102031	102106	102036	101369	100303	101407	101898	102056	102096	102126	102112	102095	101950	102115	102123	102112	102104	102119	102122	102119	102128	102130	102129	102118	102127	102056	102120	102125	102117	102114	102129	102130	101936	102131	102130	102130	102131	101977	102132	102100	102131	102117	102130	102129	102121	102118	102129	102113	102115	101791	102075	102041	102021	102032	102090	102047	102033	102052	102018	102123	102131	102130	102130	102117	102129	102130	102129	102130	102130	101489	101623	101052	101811	101856	100950	101202	101516	100821	100964	101569	101452	100680	101084	101957	101105	101995	101411	102108	102092	101091	101345	101886	102069	102063	100798	101248	102063	102056	101469	100913	101513	101087	101424	101713	102119	102109	102123	102023	102130	102126	102122	102127	102109	101584	102124	102104	102107	102127	102114	102125	101849	102117	102124	102080	102048	102112	102115	101829	101831	102014	102009	101935	102114	101951	101971	101925	101088	102128	102128	102128	102129	102126	101759	102133	102102	101297	102080	101571	101982	101555	102096	102096	101971	102088	102096	102077	100948	102087	102079	101736	102117	101569	101897	98433	102086	101917	102116	101984	102129	102130	102130	102130	102131	102130	102126	102130	101821	102123	101744	101920	101985	101707	102025	102129	102034
STI_LP_028_Du-46	101131	102989	101046	101155	101923	101572	101057	102797	101765	101631	101391	102460	102609	102948	102939	103056	102985	103105	103103	102990	103046	103093	103114	102969	103152	103011	102735	102943	102229	102910	102747	102231	102631	103100	102491	102974	101992	103040	102596	103045	103044	103046	103030	103053	102967	103027	103159	103158	102990	103142	103158	103137	103157	103157	103079	103158	101892	101779	102988	102031	101862	100769	102542	103092	102169	103055	102357	102226	103109	101519	102374	101728	101224	101819	102987	101226	100844	101379	101677	101561	100339	101903	103030	102696	101842	80112	102333	101494	101344	102990	103056	102959	103077	102563	101347	100284	101385	101955	102416	102902	103052	103000	102750	102879	103144	103149	103140	103066	103147	103150	103135	103156	103158	103157	103042	103156	102982	103147	103154	103143	103158	103157	103102	102251	103064	103110	103055	103107	102825	103063	102879	103067	103090	103082	103108	103047	103089	103094	103039	103041	101962	103001	102967	102947	102958	102958	102973	102959	102811	102942	103151	103159	103158	103158	103145	103157	103158	103156	103158	103158	101470	101692	101030	102077	102132	100951	101202	101508	100799	100941	101545	101465	100658	101063	102196	101084	102170	101392	102783	102754	101066	101321	102131	102385	102504	100772	101223	102591	102558	101459	100891	101496	101063	101399	101753	103082	103034	103067	102507	103100	103078	103048	103036	103033	102220	103049	103030	103033	103052	103126	103151	102131	103080	103091	102902	102973	103137	103086	102207	102096	102736	102445	102233	102852	102222	102610	102099	101167	102861	103112	103026	103045	103108	101776	102102	103159	101299	102634	101648	102560	101580	102878	103144	102299	103036	103124	102768	100920	102791	102716	102015	102758	101575	102262	98411	102879	102422	103034	102399	103157	103158	103158	103158	103158	103158	103157	103158	101943	102899	101906	102176	102482	101780	102473	102997	102658
STI_LP_029_Du-47	100985	101262	100957	101014	101251	101224	100984	101240	101188	101128	101030	101241	101177	101260	101255	101257	101257	101296	101298	101286	101293	101295	101295	101264	101293	101297	101266	101300	101280	101297	101093	101300	101300	101299	101214	101301	101254	101294	101271	101297	101292	101300	101300	101300	101298	101298	101301	101300	101275	101300	101300	101300	101301	101300	101301	101300	101283	101282	101296	101235	101219	100708	101167	101240	101287	101295	101294	101296	101295	101212	101135	101111	101023	101205	101260	101056	100793	101133	101196	101197	100339	101291	101297	101296	101167	80111	101159	101131	101097	101252	101236	101205	101294	101292	101177	100270	101212	101291	101297	101300	101300	101300	101298	101180	101287	101292	101283	101288	101290	101293	101292	101298	101300	101300	101294	101298	101241	101291	101296	101286	101300	101300	101300	101301	101301	101300	101301	101300	101204	101301	101301	101300	101301	101301	101300	101299	101301	101300	101294	101300	101245	101282	101261	101242	101252	101298	101267	101253	101272	101236	101293	101301	101300	101300	101301	101300	101300	101300	101300	101301	101149	101175	100890	101212	101193	100838	101046	101112	100727	100886	101259	101162	100634	100998	101290	100987	101288	101192	101289	101297	101004	101191	101297	101298	101294	100728	101146	101295	101286	101183	100848	101225	101009	101202	101276	101286	101286	101289	101259	101300	101300	101300	101301	101300	100823	101300	101300	101300	101300	101296	101296	101284	101296	101293	101278	101264	101295	101297	101212	101279	101238	101275	101265	101288	101254	101205	101282	100817	101300	101300	101299	101299	101298	101282	101297	101299	101301	101300	101227	101301	101253	101300	101300	101298	101301	101301	101301	100825	101299	101299	101149	101298	101216	101296	98410	101295	101151	101298	101298	101300	101300	101301	101300	101300	101300	101301	101300	101301	101295	101264	101301	101301	101221	101298	101299	101300
STI_LP_030_Du-48	101131	102666	101046	101155	101924	101570	101058	102532	101745	101631	101392	102410	102472	102663	102659	102661	102658	102697	102701	102630	102671	102698	102698	102610	102696	102652	102532	102680	102194	102683	102495	102182	102481	102703	102378	102701	101964	102667	102473	102675	102670	102679	102670	102679	102687	102667	102705	102704	102626	102703	102704	102704	102703	102703	102704	102704	101880	101766	102700	102024	101863	100768	102409	102641	102158	102698	102340	102196	102698	101507	102316	101727	101223	101819	102663	101216	100845	101378	101664	101559	100340	101863	102700	102562	101843	80111	102222	101481	101345	102628	102630	102584	102697	102484	101348	100285	101386	101942	102401	102654	102678	102669	102603	102520	102690	102695	102686	102689	102693	102696	102687	102702	102704	102703	102668	102702	102608	102693	102700	102689	102704	102703	102704	102095	102697	102704	102704	102704	102541	102705	102614	102693	102703	102705	102702	102673	102704	102704	102665	102671	101955	102641	102607	102587	102598	102656	102613	102599	102601	102582	102697	102705	102704	102704	102703	102703	102704	102702	102704	102704	101471	101669	101030	102004	102095	100950	101202	101507	100799	100942	101544	101455	100659	101050	102175	101084	102152	101392	102584	102623	101066	101321	102109	102305	102466	100772	101224	102520	102505	101446	100891	101497	101063	101398	101741	102690	102662	102692	102462	102704	102703	102679	102680	102672	102143	102675	102670	102673	102678	102699	102700	102106	102699	102696	102548	102613	102695	102699	102185	102082	102477	102416	102188	102664	102225	102494	102096	101168	102669	102703	102703	102703	102701	101763	102080	102634	101300	102705	101649	102482	101579	102679	102701	102287	102676	102703	102579	100921	102620	102596	102011	102598	101576	102248	98411	102585	102295	102695	102299	102703	102704	102704	102704	102704	102704	102704	102704	101861	102668	101813	102115	102381	101724	102299	102703	102470
STI_LP_031_Du-49	101042	101615	100968	101079	101589	101421	100991	101588	101506	101452	101324	101607	101589	101612	101608	101610	101609	101646	101651	101613	101646	101647	101647	101592	101645	101634	101595	101654	101639	101650	101447	101654	101654	101653	101613	101655	101536	101642	101637	101651	101646	101654	101646	101654	101652	101644	101655	101654	101613	101653	101654	101654	101653	101654	101654	101654	101557	101523	101650	101563	101533	100702	101563	101591	101618	101648	101646	101627	101648	101365	101480	101452	101077	101512	101612	101139	100808	101242	101445	101432	100289	101537	101650	101643	101461	80072	101489	101331	101222	101605	101581	101558	101642	101630	101264	100268	101272	101600	101634	101641	101654	101645	101643	101503	101640	101645	101636	101640	101643	101646	101640	101652	101654	101653	101646	101651	101587	101644	101649	101639	101653	101653	101654	101614	101655	101654	101654	101654	101537	101655	101654	101653	101653	101655	101652	101648	101655	101654	101642	101648	101549	101622	101594	101574	101585	101640	101600	101586	101605	101569	101647	101655	101654	101654	101654	101653	101654	101652	101654	101654	101341	101441	100935	101559	101529	100940	101076	101325	100731	100877	101415	101298	100603	100980	101620	101032	101629	101255	101642	101642	100998	101249	101644	101651	101647	100764	101151	101641	101641	101325	100820	101386	100994	101311	101539	101639	101639	101642	101603	101654	101654	101654	101655	101648	101172	101651	101646	101649	101654	101649	101649	101621	101649	101645	101640	101603	101645	101649	101543	101625	101585	101615	101611	101641	101591	101540	101606	101014	101653	101653	101653	101653	101651	101554	101571	101648	101227	101649	101655	101649	101418	101653	101651	101645	101652	101654	101643	100852	101647	101652	101490	101651	101392	101644	98350	101648	101504	101651	101648	101653	101654	101654	101654	101654	101654	101650	101654	101600	101649	101569	101609	101655	101501	101644	101653	101650
STI_LP_032_Du-50	101131	102605	101046	101156	101920	101571	101058	102512	101736	101620	101391	102383	102453	102614	102597	102600	102598	102649	102649	102578	102632	102650	102651	102557	102648	102599	102460	102598	102194	102645	102432	102161	102444	102655	102334	102656	102022	102627	102460	102632	102631	102633	102617	102640	102645	102614	102657	102656	102577	102655	102656	102656	102655	102655	102656	102656	101892	101779	102652	101975	101853	100768	102374	102591	102120	102638	102316	102154	102639	101520	102208	101728	101224	101811	102609	101226	100844	101379	101677	101560	100340	101903	102646	102538	101837	80112	102260	101494	101344	102576	102568	102545	102638	102421	101347	100285	101385	101950	102292	102609	102639	102625	102549	102469	102643	102648	102639	102631	102646	102649	102641	102654	102656	102655	102629	102654	102570	102645	102652	102641	102656	102655	102656	102078	102657	102656	102656	102656	102497	102647	102613	102654	102643	102657	102654	102634	102644	102656	102626	102628	101962	102588	102554	102534	102545	102603	102560	102546	102527	102529	102649	102657	102656	102656	102643	102655	102656	102654	102656	102656	101470	101660	101030	102006	102083	100949	101201	101508	100799	100941	101545	101447	100659	101064	102144	101084	102094	101393	102551	102574	101066	101322	102131	102221	102384	100772	101225	102420	102474	101461	100890	101497	101063	101398	101753	102642	102621	102645	102456	102656	102652	102635	102641	102621	102129	102636	102617	102620	102639	102638	102649	102093	102641	102648	102517	102561	102636	102639	102171	102095	102470	102391	102161	102627	102170	102442	102079	101169	102655	102655	102655	102655	102653	101776	101982	102560	101301	102482	101649	102657	101582	102620	102641	102232	102623	102643	102612	100921	102535	102571	102009	102533	101575	102253	98412	102580	102310	102641	102266	102655	102656	102656	102656	102656	102656	102656	102656	101865	102648	101817	102114	102385	101728	102363	102645	102510
STI_LP_033_Du-51	101088	101543	101039	101136	101532	101471	101056	101519	101416	101326	101189	101520	101456	101540	101536	101538	101538	101576	101578	101538	101574	101575	101576	101518	101574	101559	101517	101582	101561	101578	101374	101582	101582	101581	101491	101583	101487	101570	101532	101578	101574	101581	101572	101582	101580	101570	101583	101582	101534	101582	101582	101582	101582	101582	101583	101582	101547	101537	101577	101505	101455	100738	101445	101519	101553	101576	101574	101577	101576	101378	101406	101377	101127	101487	101541	101153	100831	101293	101433	101410	100339	101558	101578	101577	101409	80112	101409	101361	101231	101531	101506	101486	101576	101562	101317	100282	101292	101571	101554	101567	101582	101572	101570	101429	101568	101573	101564	101567	101571	101574	101569	101580	101582	101582	101573	101579	101515	101573	101577	101567	101581	101582	101582	101535	101583	101582	101583	101582	101458	101583	101583	101582	101581	101583	101581	101576	101583	101582	101570	101575	101498	101548	101515	101494	101506	101564	101520	101507	101526	101489	101575	101583	101582	101582	101583	101581	101582	101580	101582	101582	101356	101431	100975	101489	101472	100945	101142	101360	100771	100938	101402	101324	100656	101045	101562	101079	101569	101333	101570	101568	101051	101287	101578	101579	101575	100767	101217	101567	101556	101381	100884	101439	101059	101304	101543	101567	101566	101570	101518	101582	101582	101580	101583	101576	101102	101579	101572	101575	101582	101576	101577	101539	101577	101573	101554	101521	101574	101577	101458	101546	101503	101534	101519	101570	101512	101448	101544	101035	101581	101581	101581	101581	101580	101545	101555	101580	101253	101579	101418	101582	101583	101581	101580	101575	101578	101583	101569	100917	101575	101580	101407	101580	101428	101572	98411	101576	101432	101578	101577	101582	101582	101582	101582	101582	101582	101583	101582	101555	101576	101490	101583	101583	101478	101576	101581	101582
STI_LP_034_Du-52	101130	103095	101047	101157	101909	101573	101058	102815	101729	101636	101396	102457	102684	103083	103063	103122	103087	103158	103161	103106	103154	103159	103159	103086	103158	103128	102765	102929	102196	102985	102816	102167	102528	103150	102475	103052	102045	103149	102706	103156	103152	103160	103150	103161	103162	103147	103166	103165	103106	103164	103165	103165	103164	103164	103165	103165	101886	101772	103115	102017	101867	100773	102499	103102	102171	103158	102333	102194	103160	101509	102323	101733	101229	101805	103005	101221	100849	101381	101670	101562	100342	101905	103072	102719	101847	80116	102361	101487	101349	103110	103089	103067	103154	102598	101352	100287	101390	101948	102445	103039	103160	103148	102914	102996	103151	103156	103147	103148	103154	103157	103151	103163	103165	103164	103150	103163	103090	103155	103161	103150	103165	103164	103164	102091	103088	103150	103134	103156	102984	103057	102855	103164	103164	103166	103163	103155	103165	103165	103147	103152	101967	103121	103084	103067	103078	103127	103093	103079	102993	103062	103158	103166	103165	103165	103164	103164	103165	103163	103165	103165	101475	101653	101035	102022	102080	100955	101206	101513	100804	100946	101550	101440	100663	101056	102160	101089	102139	101394	102745	102913	101071	101326	102124	102316	102499	100777	101228	102627	102659	101452	100896	101501	101068	101404	101747	103151	103144	103155	102608	103165	103164	103159	103119	103118	102430	103157	103150	103153	103160	103160	103162	102114	103161	103157	102870	103093	103156	103160	102209	102101	102759	102528	102232	103039	102239	102755	102104	101169	102984	103164	103084	103100	103145	101766	102096	102878	101300	102679	101653	102620	101581	103166	103162	102300	103156	103164	102892	100925	102720	102722	102020	102721	101580	102267	98416	102807	102398	103069	102333	103164	103165	103165	103165	103165	103165	103161	103165	101846	102914	101798	102100	102403	101709	102371	103078	102555
STI_LP_035_Du-53	101131	103445	101046	101153	101925	101571	101057	102992	101770	101637	101397	102518	102705	103357	103325	103737	103370	104576	104576	104469	104515	104562	104583	104449	104631	104491	102861	103070	102235	103139	103068	102224	102626	103549	102529	103214	102051	104061	102724	104255	104474	104211	104255	104522	103656	103936	104641	104640	104469	104612	104640	104606	104637	104637	104549	104639	101885	101771	103441	102035	101868	100775	102580	103795	102172	103834	102361	102230	103627	101508	102381	101732	101228	101824	103181	101221	100850	101383	101669	101565	100343	101906	103295	102753	101848	80116	102362	101487	101350	104468	104532	104428	104318	102599	101352	100288	101390	101947	102445	103353	104521	103575	102971	104348	104627	104632	104623	104547	104630	104633	104614	104638	104640	104640	104511	104638	104451	104630	104636	104625	104640	104640	104570	102341	103540	103754	103686	103694	103366	103498	103202	104537	104501	104371	104578	104516	104570	104563	104508	104514	101968	104313	104114	103911	104228	103924	104455	104442	103134	104421	104633	104641	104640	104640	104631	104639	104640	104638	104640	104639	101475	101697	101035	102081	102124	100954	101204	101512	100804	100946	101549	101469	100664	101055	102200	101090	102174	101397	102829	102992	101071	101327	102123	102390	102498	100777	101229	102631	102662	101452	100896	101502	101068	101404	101746	104551	104507	104536	102609	104569	104550	104521	103626	103593	102532	104518	104470	104515	104521	104357	104629	102137	103731	104201	103048	104376	104625	104096	102210	102102	102867	102540	102240	103172	102240	102825	102106	101171	103147	104445	103313	103415	103520	101768	102096	103144	101300	102701	101651	102641	101580	103162	104641	102298	104368	104425	102902	100927	102836	102829	102019	102802	101578	102266	98418	102922	102422	103302	102400	104640	104640	104640	104640	104640	104640	104637	104640	101954	103164	101973	102188	102516	101773	102485	103435	102744
STI_LP_036_Du-54	101118	102262	101036	101146	101892	101558	101055	102226	101709	101629	101388	102181	102170	102259	102255	102257	102257	102294	102298	102258	102293	102294	102295	102238	102293	102280	102221	102288	102134	102296	102084	102108	102260	102299	102173	102301	101937	102288	102241	102297	102292	102300	102292	102300	102298	102290	102301	102300	102254	102299	102300	102300	102299	102299	102300	102300	101852	101755	102296	101946	101847	100766	102140	102238	102128	102294	102156	102071	102294	101494	102096	101716	101208	101785	102258	101207	100840	101359	101653	101542	100337	101858	102296	102282	101812	80109	102085	101473	101338	102251	102227	102205	102294	102250	101345	100283	101376	101883	102209	102285	102300	102291	102288	102149	102286	102291	102282	102286	102289	102292	102288	102298	102300	102299	102292	102298	102234	102290	102296	102285	102300	102299	102300	102009	102301	102300	102300	102300	102178	102301	102280	102299	102299	102301	102298	102294	102301	102300	102288	102294	101930	102267	102235	102215	102226	102283	102241	102227	102246	102210	102293	102301	102300	102300	102300	102299	102300	102298	102300	102300	101463	101633	101018	101902	102029	100945	101196	101500	100792	100935	101529	101418	100655	101042	102051	101081	102019	101374	102277	102282	101060	101313	102077	102174	102282	100766	101215	102260	102258	101439	100883	101488	101056	101390	101732	102286	102285	102289	102226	102300	102300	102300	102301	102294	101819	102297	102292	102295	102300	102296	102296	102041	102295	102292	102274	102242	102293	102296	102099	102057	102199	102228	102145	102285	102143	102167	102046	101165	102299	102299	102299	102299	102297	101744	101971	102299	101298	102287	101645	102232	101575	102300	102298	102301	102299	102300	102290	100913	102283	102280	101946	102285	101554	102169	98408	102280	102112	102298	102207	102299	102300	102300	102300	102300	102300	102300	102300	101823	102293	101769	102039	102180	101678	102147	102299	102234
STI_LP_037_Du-55	101125	103322	101044	101153	101903	101566	101058	102919	101722	101635	101397	102463	102678	103236	103240	103647	103288	104531	104535	104488	104530	104532	104531	104467	104527	104509	102860	102979	102188	103018	103033	102158	102519	103427	102468	103128	102051	104056	102724	104262	104455	104218	104262	104537	103642	103957	104538	104537	104487	104536	104537	104537	104537	104535	104537	104537	101883	101768	103387	102010	101867	100773	102493	103673	102171	103777	102326	102185	103504	101503	102317	101730	101221	101798	103102	101218	100848	101372	101666	101553	100342	101903	103234	102710	101848	80116	102362	101483	101350	104481	104397	104442	104300	102599	101352	100287	101390	101945	102446	103370	104537	103573	102970	104313	104523	104528	104519	104523	104526	104529	104525	104535	104537	104536	104527	104535	104467	104527	104533	104523	104537	104536	104536	102190	103389	103603	103534	103543	103365	103347	103050	104536	104447	104347	104536	104526	104537	104537	104524	104532	101968	104293	104089	103853	104232	103864	104475	104409	103133	104395	104530	104538	104537	104537	104532	104537	104537	104536	104537	104538	101474	101646	101031	102016	102071	100954	101205	101510	100802	100945	101542	101431	100662	101052	102151	101089	102129	101386	102758	102990	101069	101324	102120	102324	102493	100775	101228	102631	102660	101448	100895	101500	101068	101401	101744	104523	104521	104526	102608	104537	104519	104536	103622	103592	102530	104534	104488	104534	104537	104342	104533	102105	103624	104171	103049	104368	104525	104121	102210	102101	102865	102539	102237	103168	102239	102824	102105	101169	103095	104416	103191	103293	103397	101758	102088	103036	101301	102676	101652	102623	101578	103156	104368	102299	104538	104360	102905	100925	102714	102733	102021	102712	101579	102266	98416	102853	102389	103199	102323	104536	104537	104537	104537	104537	104537	104528	104537	101837	103012	101822	102091	102394	101701	102362	103284	102593
STI_LP_038_Du-56	101132	103410	101048	101156	101925	101573	101059	102992	101770	101636	101397	102521	102708	103323	103326	103735	103373	104637	104637	104531	104575	104623	104644	104510	104659	104552	102860	103068	102235	103106	103069	102225	102608	103516	102531	103215	102052	104014	102725	104242	104427	104231	104259	104584	103658	103957	104669	104668	104531	104668	104668	104668	104668	104661	104611	104668	101885	101771	103441	102036	101868	100773	102580	103761	102172	103844	102362	102230	103592	101508	102380	101734	101228	101823	103181	101220	100850	101384	101669	101565	100342	101905	103295	102753	101848	80116	102363	101487	101350	104489	104515	104488	104293	102600	101352	100287	101390	101947	102446	103371	104583	103576	102972	104329	104653	104658	104649	104607	104656	104659	104644	104666	104668	104667	104572	104665	104512	104658	104663	104653	104667	104668	104632	102352	103554	103768	103700	103708	103367	103512	103216	104599	104487	104317	104640	104528	104627	104625	104570	104576	101969	104336	104134	103876	104284	103907	104517	104476	103135	104452	104661	104669	104668	104668	104669	104667	104668	104666	104668	104668	101476	101698	101035	102081	102124	100955	101206	101513	100804	100947	101549	101469	100664	101055	102200	101089	102173	101397	102829	102991	101072	101326	102123	102389	102497	100778	101228	102632	102661	101452	100895	101501	101068	101403	101747	104612	104565	104596	102609	104630	104598	104568	103627	103597	102533	104580	104513	104577	104583	104378	104634	102136	103712	104216	103051	104371	104642	104128	102211	102101	102865	102539	102238	103172	102239	102824	102105	101169	103148	104414	103280	103382	103487	101769	102096	103124	101301	102703	101654	102643	101583	103164	104425	102300	104360	104669	102905	100927	102799	102821	102021	102802	101581	102268	98416	102921	102425	103286	102401	104668	104668	104667	104668	104668	104668	104664	104668	101986	103178	101987	102218	102483	101774	102458	103449	102758
STI_LP_039_Du-57	101123	102861	101033	101144	101892	101556	101048	102688	101711	101626	101397	102410	102598	102852	102859	102862	102859	102898	102903	102867	102898	102899	102899	102847	102897	102890	102680	102799	102178	102843	102647	102147	102507	102901	102436	102880	102051	102899	102622	102902	102897	102905	102905	102905	102903	102903	102906	102905	102867	102904	102905	102905	102904	102904	102906	102906	101873	101757	102894	101994	101858	100773	102483	102842	102169	102899	102313	102174	102898	101493	102286	101719	101210	101787	102821	101209	100839	101362	101656	101542	100342	101893	102895	102686	101848	80116	102361	101474	101350	102857	102841	102811	102894	102559	101350	100284	101378	101933	102418	102849	102905	102904	102783	102757	102891	102897	102887	102891	102894	102897	102895	102903	102905	102904	102898	102903	102841	102895	102901	102891	102906	102904	102905	102064	102870	102905	102905	102906	102783	102862	102759	102905	102904	102906	102904	102902	102906	102905	102896	102905	101968	102882	102848	102828	102839	102897	102854	102840	102796	102824	102898	102906	102905	102905	102905	102904	102905	102904	102905	102905	101468	101635	101020	102004	102061	100952	101196	101502	100793	100936	101532	101420	100653	101043	102141	101086	102118	101375	102687	102777	101060	101315	102112	102287	102457	100766	101224	102572	102616	101439	100893	101490	101063	101396	101734	102891	102890	102895	102583	102906	102905	102905	102877	102903	102291	102906	102905	102904	102906	102901	102901	102089	102900	102897	102782	102854	102897	102901	102210	102099	102687	102507	102228	102823	102240	102634	102105	101169	102845	102904	102877	102879	102902	101746	102077	102768	101301	102579	101643	102612	101569	102892	102902	102290	102905	102905	102907	100914	102659	102660	102018	102681	101568	102253	98416	102752	102377	102894	102311	102904	102905	102905	102905	102906	102905	102901	102905	101826	102811	101778	102081	102379	101689	102351	102869	102535
STI_LP_040_Du-58	100762	100891	100803	100849	100877	100872	100735	100882	100838	100758	100703	100866	100802	100889	100882	100882	100881	100942	100944	100899	100942	100942	100942	100877	100920	100919	100881	100947	100927	100944	100740	100948	100947	100946	100858	100948	100871	100936	100896	100945	100940	100948	100940	100948	100945	100938	100948	100948	100898	100948	100948	100948	100927	100926	100948	100929	100938	100927	100942	100880	100862	100375	100813	100887	100916	100941	100940	100942	100942	100865	100774	100766	100716	100857	100907	100832	100663	100831	100856	100871	100253	100920	100943	100937	100790	80112	100777	100830	100739	100900	100874	100851	100935	100925	100868	100232	100902	100937	100919	100933	100948	100940	100934	100789	100934	100939	100930	100934	100937	100940	100939	100946	100948	100948	100943	100945	100880	100939	100943	100934	100931	100948	100948	100948	100948	100948	100948	100948	100822	100948	100948	100948	100947	100948	100948	100943	100948	100948	100936	100942	100863	100912	100879	100859	100870	100928	100885	100872	100890	100853	100941	100948	100948	100948	100948	100948	100948	100947	100948	100948	100830	100823	100698	100857	100839	100695	100789	100820	100604	100712	100893	100879	100530	100817	100936	100861	100935	100914	100935	100937	100812	100908	100945	100946	100945	100640	100895	100935	100925	100914	100754	100940	100869	100899	100944	100939	100937	100941	100883	100948	100948	100948	100948	100942	100465	100945	100940	100944	100948	100946	100946	100936	100946	100944	100920	100886	100944	100947	100821	100910	100865	100899	100886	100934	100870	100814	100909	100666	100947	100947	100947	100947	100946	100948	100948	100920	100825	100921	100852	100921	100917	100925	100927	100913	100925	100927	100914	100948	100923	100946	100764	100948	100924	100918	98422	100945	100779	100946	100923	100948	100948	100947	100948	100948	100948	100944	100948	100948	100941	100914	100948	100948	100880	100941	100947	100943
STI_LP_041_Du-60	101130	102818	101041	101148	101921	101566	101053	102651	101765	101634	101396	102487	102550	102812	102754	102761	102753	102782	102783	102671	102721	102769	102790	102650	102855	102692	102597	102806	102228	102847	102543	102228	102628	102851	102455	102810	101994	102717	102523	102724	102719	102722	102714	102728	102736	102711	102865	102859	102674	102818	102869	102813	102867	102863	102754	102871	101894	101775	102772	102030	101864	100774	102516	102796	102171	102776	102346	102224	102833	101512	102381	101727	101222	101821	102761	101223	100845	101377	101672	101560	100343	101899	102780	102657	101846	80115	102327	101490	101348	102670	102739	102633	102752	102510	101351	100288	101386	101950	102405	102705	102728	102728	102664	102561	102851	102854	102849	102747	102838	102859	102831	102870	102872	102871	102725	102870	102664	102860	102865	102856	102865	102870	102778	102203	102867	102872	102870	102872	102593	102872	102826	102743	102767	102756	102783	102723	102767	102769	102715	102722	101966	102684	102650	102630	102641	102699	102656	102643	102652	102625	102864	102865	102865	102870	102854	102864	102868	102863	102865	102845	101471	101692	101030	102076	102128	100952	101200	101507	100799	100942	101544	101463	100659	101058	102194	101088	102169	101391	102724	102694	101066	101322	102126	102345	102502	100772	101228	102590	102554	101455	100895	101498	101064	101399	101749	102758	102712	102743	102535	102775	102757	102728	102728	102713	102172	102727	102714	102716	102728	102806	102840	102127	102817	102767	102614	102656	102823	102764	102209	102101	102569	102465	102222	102714	102234	102524	102104	101171	102739	102786	102857	102864	102859	101772	102087	102791	101299	102620	101647	102535	101575	102720	102836	102283	102714	102799	102659	100923	103072	102707	102017	102739	101573	102247	98417	102704	102399	102816	102394	102871	102872	102869	102872	102872	102872	102864	102872	101939	102831	101933	102179	102542	101777	102490	102871	102671
STI_LP_042_Du-61	101131	102796	101046	101156	101927	101572	101058	102679	101791	101656	101416	102479	102554	102792	102777	102784	102775	102812	102812	102704	102753	102799	102821	102684	102823	102726	102588	102820	102254	102815	102580	102245	102601	102850	102473	102836	102022	102748	102586	102754	102751	102759	102749	102759	102767	102745	102852	102850	102704	102848	102851	102844	102828	102828	102785	102831	101906	101792	102805	102031	101888	100783	102541	102788	102175	102817	102364	102243	102845	101530	102347	101753	101249	101844	102780	101242	100869	101405	101690	101586	100358	101925	102806	102682	101867	80116	102330	101508	101369	102709	102775	102666	102792	102525	101372	100307	101410	101968	102420	102740	102758	102747	102699	102594	102836	102842	102832	102781	102839	102843	102828	102848	102850	102849	102749	102848	102689	102840	102847	102835	102834	102849	102807	102179	102851	102851	102850	102851	102628	102851	102795	102774	102809	102788	102814	102753	102807	102800	102745	102751	101987	102719	102686	102666	102676	102734	102691	102677	102692	102660	102844	102851	102850	102850	102849	102850	102851	102848	102850	102850	101496	101717	101055	102081	102146	100955	101205	101534	100825	100967	101570	101490	100683	101076	102218	101109	102183	101417	102699	102746	101092	101346	102145	102339	102461	100798	101249	102552	102603	101473	100918	101522	101089	101425	101768	102789	102743	102775	102547	102806	102787	102758	102761	102752	102237	102756	102749	102751	102759	102846	102848	102156	102847	102798	102660	102692	102842	102805	102222	102121	102571	102468	102232	102743	102250	102551	102124	101190	102795	102818	102844	102849	102847	101789	102079	102716	101299	102596	101652	102571	101580	102722	102829	102280	102733	102821	102660	100946	102707	102852	102020	102738	101579	102266	98436	102692	102378	102849	102372	102849	102850	102851	102851	102850	102850	102846	102850	101953	102801	101905	102190	102505	101793	102478	102849	102640
TIL_LP_123_Du-263	100971	101982	100880	100989	101703	101390	100900	101954	101555	101455	101244	101916	101897	101980	101975	101977	101976	102016	102018	101984	102015	102015	102016	101961	102013	102003	101967	102020	101904	102017	101813	101914	102012	102019	101848	102021	101744	102014	101979	102017	102012	102020	102020	102020	102018	102018	102021	102020	101981	102020	102020	102020	102021	102020	102021	102020	101658	101588	102016	101721	101677	100621	101830	101958	101898	102014	101967	101865	102014	101323	101842	101553	101033	101598	101980	101054	100686	101189	101459	101361	100190	101660	102016	102011	101621	79994	101858	101320	101196	101971	101955	101925	102010	102007	101195	100135	101224	101713	101972	102015	102020	102020	102016	101876	102007	102012	102003	102008	102010	102013	102010	102018	102020	102020	102014	102018	101953	102011	102016	102006	102020	102020	102020	101861	102021	102020	102021	102020	101905	102021	102021	102020	102021	102021	102020	102017	102021	102020	102008	102020	101748	101994	101962	101943	101953	102010	101968	101954	101973	101936	102013	102021	102020	102020	102021	102020	102020	102020	102020	102021	101310	101472	100865	101714	101800	100798	101041	101306	100638	100781	101376	101258	100501	100889	101876	100936	101840	101207	102009	102018	100906	101161	101874	101958	101984	100613	101072	102016	101971	101288	100739	101338	100911	101238	101570	102008	102007	102011	101966	102020	102020	102020	102021	102014	101518	102017	102020	102019	102020	102017	102017	101788	102017	102014	101995	101971	102018	102018	101857	101874	101948	101983	101934	102008	101898	101888	101869	101014	102020	102020	102019	102019	102018	101560	101736	102015	101149	102011	101490	102009	101407	102020	102019	101946	102021	102021	102018	100764	102017	102020	102021	102019	101415	101919	98265	102016	102018	102018	101969	102020	102020	102020	102020	102020	102020	102017	102020	101629	102014	101602	101873	101996	101515	101969	102019	101987
TIL_LP_124_Du-264	101129	102768	101045	101154	101925	101570	101057	102717	101789	101654	101415	102475	102549	102765	102756	102759	102751	102792	102791	102685	102732	102778	102800	102664	102797	102706	102596	102825	102254	102820	102564	102244	102628	102824	102522	102822	102023	102729	102544	102734	102731	102739	102729	102739	102747	102725	102827	102824	102685	102824	102825	102825	102803	102803	102766	102805	101904	101790	102784	102054	101888	100781	102554	102761	102190	102795	102378	102249	102817	101528	102384	101752	101247	101841	102772	101241	100868	101404	101688	101583	100356	101923	102791	102710	101866	80116	102353	101507	101368	102688	102749	102645	102771	102526	101370	100305	101408	101966	102429	102720	102738	102728	102689	102574	102809	102815	102805	102761	102812	102817	102803	102822	102824	102824	102730	102821	102668	102816	102820	102809	102807	102824	102787	102187	102825	102825	102825	102825	102598	102825	102774	102755	102789	102768	102795	102733	102787	102780	102725	102732	101987	102699	102667	102647	102657	102715	102671	102658	102677	102640	102819	102825	102824	102824	102824	102824	102825	102822	102824	102824	101495	101716	101053	102099	102144	100953	101203	101532	100823	100966	101568	101488	100682	101074	102219	101107	102192	101416	102736	102709	101092	101345	102144	102386	102504	100798	101248	102593	102591	101472	100915	101520	101088	101423	101768	102770	102723	102755	102560	102786	102767	102738	102741	102732	102176	102736	102729	102731	102740	102821	102822	102147	102821	102779	102663	102672	102817	102785	102219	102119	102583	102491	102236	102724	102257	102536	102123	101189	102786	102798	102823	102823	102822	101788	102117	102758	101298	102598	101651	102533	101580	102721	102802	102285	102712	102802	102681	100948	102739	102738	102019	102827	101578	102254	98434	102749	102400	102822	102399	102824	102824	102825	102826	102824	102824	102821	102824	101946	102804	101899	102189	102485	101793	102462	102823	102614
TIL_LP_125_Du-265	101113	101542	101043	101143	101491	101368	101023	101514	101389	101300	101168	101505	101457	101539	101535	101537	101536	101574	101578	101530	101574	101574	101575	101510	101572	101552	101513	101580	101546	101576	101373	101580	101580	101579	101453	101581	101434	101568	101528	101577	101572	101580	101572	101580	101578	101570	101581	101580	101530	101580	101580	101580	101580	101580	101581	101580	101540	101473	101576	101461	101433	100750	101411	101517	101525	101575	101570	101574	101575	101378	101407	101303	101164	101449	101541	101215	100848	101310	101437	101372	100339	101443	101577	101571	101419	80114	101405	101364	101272	101532	101508	101486	101570	101555	101296	100284	101312	101567	101550	101565	101580	101572	101566	101420	101566	101571	101562	101567	101569	101572	101567	101578	101580	101580	101570	101578	101511	101571	101576	101565	101580	101580	101580	101579	101581	101580	101581	101580	101454	101581	101581	101580	101579	101581	101579	101574	101581	101580	101567	101574	101494	101544	101511	101490	101502	101560	101516	101503	101522	101485	101573	101581	101580	101580	101581	101579	101580	101578	101580	101580	101373	101361	101020	101441	101442	100949	101203	101353	100800	100943	101412	101336	100661	101050	101570	101083	101568	101324	101569	101570	101019	101286	101553	101577	101564	100774	101213	101565	101536	101346	100892	101419	101064	101367	101506	101567	101564	101570	101512	101580	101580	101580	101581	101574	101097	101577	101572	101575	101580	101576	101576	101469	101575	101572	101550	101518	101573	101577	101425	101502	101498	101530	101513	101566	101502	101441	101540	100969	101579	101579	101579	101579	101578	101535	101569	101575	101216	101576	101392	101575	101428	101580	101578	101554	101579	101581	101568	100924	101573	101579	101415	101578	101581	101541	98413	101575	101431	101578	101574	101580	101580	101580	101580	101580	101580	101577	101580	101550	101574	101469	101579	101581	101482	101574	101579	101576
TIL_LP_126_Du-266	101120	102229	101034	101143	101892	101556	101049	102189	101713	101622	101389	102141	102143	102227	102224	102224	102224	102261	102265	102220	102260	102262	102261	102198	102260	102239	102200	102268	102097	102265	102061	102065	102204	102267	102157	102269	101924	102256	102208	102265	102260	102268	102260	102268	102266	102258	102269	102268	102218	102267	102268	102268	102268	102267	102268	102268	101837	101756	102263	101929	101847	100769	102117	102206	102061	102261	102167	102013	102261	101495	102027	101720	101210	101781	102227	101210	100839	101363	101649	101542	100337	101865	102263	102248	101799	80114	102026	101475	101342	102220	102196	102173	102258	102232	101343	100279	101378	101868	102192	102255	102268	102259	102233	102111	102254	102259	102250	102253	102257	102260	102255	102266	102268	102267	102258	102265	102200	102258	102263	102254	102267	102267	102268	102001	102269	102268	102268	102268	102142	102269	102252	102267	102269	102269	102267	102264	102269	102268	102256	102262	101922	102233	102199	102181	102190	102248	102206	102191	102211	102175	102261	102269	102268	102268	102268	102268	102268	102268	102268	102269	101466	101638	101022	101913	102011	100946	101182	101500	100794	100937	101531	101420	100653	101042	102029	101079	101955	101376	102234	102256	101061	101315	102078	102086	102216	100766	101217	102209	102198	101435	100884	101490	101058	101391	101735	102253	102253	102256	102185	102268	102268	102267	102269	102262	101784	102265	102260	102264	102268	102263	102263	102039	102263	102260	102237	102204	102261	102264	102070	102060	102182	102161	102071	102255	102059	102135	102023	101163	102268	102268	102267	102267	102265	101748	101897	102262	101296	102248	101644	102253	101572	102267	102266	102169	102266	102268	102253	100918	102247	102266	101919	102254	101541	102269	98411	102255	102054	102265	102153	102267	102268	102269	102268	102268	102268	102264	102268	101811	102261	101772	102028	102165	101666	102135	102267	102227
TIL_LP_127_Du-267	98316	98382	98351	98357	98367	98363	98340	98373	98329	98288	98264	98358	98292	98379	98372	98373	98371	98433	98434	98424	98430	98432	98432	98429	98408	98429	98432	98436	98416	98433	98239	98437	98436	98435	98351	98437	98433	98437	98406	98437	98437	98437	98437	98437	98437	98437	98437	98437	98437	98437	98437	98437	98416	98415	98437	98418	98431	98418	98432	98372	98356	98086	98305	98378	98425	98432	98430	98432	98433	98384	98273	98255	98290	98348	98397	98365	98365	98367	98348	98362	98320	98425	98433	98428	98306	78872	98325	98328	98318	98390	98375	98344	98429	98424	98422	98271	98428	98428	98437	98436	98437	98437	98437	98389	98427	98430	98423	98427	98430	98433	98433	98435	98437	98437	98431	98435	98392	98437	98433	98432	98421	98437	98437	98437	98437	98437	98437	98437	98413	98437	98437	98437	98437	98437	98437	98437	98437	98437	98437	98437	98415	98437	98437	98437	98437	98437	98437	98437	98437	98437	98437	98437	98437	98437	98437	98437	98437	98437	98437	98437	98347	98313	98318	98350	98332	98227	98324	98316	98347	98337	98426	98425	98371	98423	98426	98403	98426	98419	98425	98435	98403	98435	98433	98435	98432	98346	98429	98434	98421	98413	98436	98431	98434	98435	98431	98431	98433	98432	98424	98437	98437	98437	98437	98437	97964	98437	98437	98437	98437	98434	98434	98426	98434	98433	98415	98431	98432	98433	98390	98421	98403	98417	98410	98427	98417	98389	98424	98269	98436	98436	98436	98436	98435	98437	98433	98411	98410	98411	98350	98412	98411	98416	98418	98408	98416	98416	98416	98422	98417	98436	98265	98434	98413	98411	98437	98433	98266	98436	98413	98437	98437	98437	98437	98437	98437	98433	98437	98437	98430	98405	98437	98437	98371	98435	98436	98432
TIL_LP_128_Du-268	101127	102878	101042	101152	101924	101568	101053	102774	101786	101647	101412	102475	102590	102838	102859	102880	102829	102934	102932	102824	102876	102921	102939	102804	102920	102846	102642	102863	102250	102849	102662	102242	102584	102929	102502	102892	102034	102868	102584	102874	102872	102880	102868	102881	102887	102865	102946	102945	102824	102944	102945	102945	102923	102923	102907	102926	101903	101790	102918	102052	101883	100779	102537	102882	102187	102937	102376	102247	102938	101527	102355	101749	101245	101841	102884	101239	100865	101400	101688	101582	100354	101921	102929	102694	101864	80116	102371	101506	101366	102829	102867	102787	102912	102542	101368	100303	101406	101966	102400	102812	102880	102867	102768	102714	102931	102936	102927	102901	102935	102937	102930	102944	102945	102944	102875	102943	102810	102934	102941	102930	102929	102944	102924	102206	102943	102945	102945	102934	102692	102905	102771	102895	102926	102910	102936	102875	102927	102922	102867	102870	101983	102839	102805	102785	102796	102854	102811	102797	102796	102780	102939	102946	102946	102945	102942	102944	102945	102943	102945	102945	101492	101714	101052	102098	102144	100951	101202	101530	100821	100963	101566	101486	100679	101074	102218	101105	102191	101413	102762	102737	101089	101343	102144	102407	102494	100795	101246	102569	102584	101471	100913	101518	101086	101423	101767	102914	102868	102898	102535	102928	102907	102877	102882	102872	102197	102877	102868	102871	102880	102941	102943	102125	102943	102923	102779	102812	102937	102926	102225	102117	102657	102500	102227	102767	102233	102588	102120	101185	102862	102940	102913	102940	102941	101787	102086	102879	101295	102585	101648	102580	101576	102807	102922	102280	102853	102921	102752	100945	102704	102692	102016	102749	101575	102255	98433	102947	102411	102942	102389	102944	102946	102945	102945	102946	102945	102941	102945	101924	102836	101876	102178	102462	101787	102446	102903	102594
TIL_LP_129_Du-269	100982	102388	100898	101008	101776	101423	100909	102362	101608	101482	101247	102228	102279	102397	102381	102383	102381	102430	102431	102340	102400	102432	102432	102319	102432	102361	102253	102425	102075	102427	102217	102057	102354	102437	102197	102438	101840	102393	102265	102398	102397	102399	102383	102406	102411	102380	102439	102438	102343	102437	102438	102438	102437	102437	102432	102438	101748	101635	102434	101874	101718	100623	102177	102372	102020	102420	102155	102052	102421	101372	102124	101584	101080	101674	102397	101082	100700	101235	101533	101416	100192	101755	102434	102415	101698	79994	102179	101350	101200	102342	102350	102311	102415	102238	101203	100137	101241	101811	102181	102375	102405	102391	102375	102229	102424	102429	102420	102412	102427	102430	102423	102436	102438	102437	102398	102436	102335	102427	102434	102423	102438	102437	102434	101967	102439	102438	102438	102438	102263	102439	102422	102420	102425	102435	102436	102400	102426	102438	102392	102394	101816	102354	102320	102300	102311	102369	102326	102312	102331	102295	102431	102439	102438	102438	102425	102437	102438	102436	102438	102438	101326	101532	100886	101886	101962	100805	101057	101364	100655	100797	101401	101319	100514	100919	102039	100939	102012	101248	102407	102380	100925	101178	101986	102170	102279	100630	101081	102299	102306	101316	100747	101353	100921	101256	101611	102427	102388	102422	102271	102438	102431	102401	102407	102387	101854	102402	102383	102386	102405	102422	102433	101940	102424	102432	102361	102327	102420	102424	102028	101952	102289	102245	102055	102391	102045	102222	101955	101019	102429	102437	102437	102437	102435	101632	101917	102422	101151	102295	101504	102310	101432	102398	102422	102112	102389	102425	102377	100779	102399	102378	102018	102400	101431	102054	98266	102411	102439	102423	102201	102437	102438	102438	102438	102438	102438	102434	102438	101737	102415	101689	101991	102214	101600	102247	102437	102331
TIL_LP_130_Du-271	101130	103230	101045	101154	101927	101571	101057	102934	101790	101656	101416	102522	102703	103159	103178	103249	103167	103278	103278	103170	103217	103265	103287	103150	103295	103193	102803	103073	102254	103106	102965	102244	102640	103282	102547	103196	102069	103214	102707	103221	103217	103226	103216	103225	103212	103212	103324	103323	103170	103314	103324	103310	103300	103300	103251	103305	101904	101790	103208	102054	101887	100783	102600	103261	102191	103282	102380	102249	103318	101529	102401	101751	101247	101844	103139	101241	100868	101404	101689	101584	100358	101924	103240	102771	101866	80116	102380	101506	101368	103177	103242	103132	103257	102617	101371	100307	101409	101966	102464	103112	103224	103209	102923	103060	103309	103316	103305	103247	103312	103316	103301	103321	103323	103322	103215	103321	103156	103313	103320	103309	103308	103322	103273	102243	103279	103324	103302	103292	103020	103233	102993	103241	103274	103253	103281	103219	103272	103266	103211	103218	101986	103185	103152	103121	103142	103195	103157	103144	103032	103127	103317	103323	103323	103323	103321	103323	103324	103322	103323	103322	101495	101716	101054	102100	102146	100954	101204	101533	100824	100966	101570	101488	100682	101074	102220	101108	102194	101416	102843	102956	101090	101345	102143	102409	102520	100796	101247	102650	102680	101470	100916	101520	101087	101424	101765	103255	103210	103242	102628	103273	103253	103225	103207	103211	102462	103223	103216	103218	103226	103313	103321	102154	103314	103264	102945	103157	103314	103269	102228	102120	102840	102558	102257	103064	102258	102827	102123	101190	103063	103283	103219	103255	103318	101787	102116	103034	101298	102695	101651	102641	101578	103069	103302	102298	103199	103286	102894	100946	102816	102849	102018	102822	101578	102265	98436	102942	102423	103325	102400	103322	103323	103323	103324	103324	103323	103318	103323	101954	103042	101910	102189	102515	101791	102483	103218	102667
TIL_LP_131_Du-272	101129	102365	101042	101151	101919	101568	101054	102333	101765	101602	101392	102257	102216	102361	102357	102360	102358	102382	102381	102273	102322	102368	102390	102253	102397	102295	102236	102401	102154	102398	102151	102184	102348	102401	102216	102403	101985	102316	102217	102323	102319	102327	102317	102328	102336	102314	102403	102402	102273	102401	102402	102402	102401	102401	102354	102402	101867	101765	102374	101961	101862	100771	102189	102342	102119	102386	102189	102122	102397	101505	102140	101727	101223	101815	102361	101216	100844	101378	101659	101560	100339	101860	102381	102356	101807	80115	102135	101483	101345	102278	102327	102234	102362	102226	101348	100284	101384	101912	102222	102309	102327	102316	102309	102164	102388	102393	102384	102350	102391	102394	102383	102400	102402	102401	102318	102400	102259	102391	102398	102387	102402	102401	102377	102104	102403	102402	102402	102402	102197	102403	102389	102342	102377	102357	102383	102322	102376	102369	102314	102319	101946	102288	102254	102234	102245	102303	102260	102246	102265	102229	102395	102403	102402	102402	102401	102401	102402	102400	102402	102402	101471	101693	101031	102009	102079	100952	101203	101505	100800	100942	101544	101464	100660	101051	102137	101084	102094	101392	102384	102315	101067	101320	102078	102272	102262	100772	101224	102292	102247	101448	100891	101496	101063	101399	101742	102359	102312	102344	102258	102375	102356	102326	102329	102321	101792	102324	102317	102320	102327	102398	102400	102035	102399	102367	102296	102262	102396	102376	102112	102057	102237	102273	102123	102314	102136	102187	102089	101166	102372	102387	102401	102401	102399	101763	101984	102399	101298	102299	101648	102266	101577	102333	102400	102207	102323	102401	102311	100923	102394	102372	101969	102399	101574	102153	98413	102389	102201	102400	102403	102401	102402	102402	102402	102402	102402	102398	102402	101904	102382	101852	102143	102292	101767	102276	102401	102303
TULP_LP_115_Du-242	101132	103589	101048	101157	101929	101573	101059	103016	101791	101658	101419	102534	102708	103388	103329	103740	103373	105970	105998	105609	105606	106295	106123	105428	105885	105623	102882	103096	102260	103187	103093	102262	102664	103594	102555	103251	102079	104102	102751	104341	104710	104267	104314	105295	103694	103986	105489	106458	106102	106218	106753	106504	106853	105910	105766	106873	101924	101806	103475	102057	101889	100785	102602	103843	102194	103866	102383	102252	103651	101542	102402	101756	101250	101845	103216	101252	100871	101406	101703	101586	100360	101926	103329	102775	101869	80117	102385	101522	101371	104852	104960	105211	104450	102622	101373	100309	101411	101981	102470	103395	105835	103616	102996	104824	106217	106554	106556	106264	106206	106395	106496	106189	106379	105962	105795	106457	105796	106442	106609	106560	106537	106789	106468	102501	103845	104094	103985	104054	103394	103821	103479	105463	104721	104444	105463	105078	105161	105389	105571	105556	101996	104419	104187	103940	104421	103952	105770	105235	103162	104846	106718	106547	106616	106570	105573	106501	106587	106167	106339	106273	101499	101721	101056	102103	102161	100955	101206	101534	100825	100968	101572	101491	100685	101089	102222	101110	102196	101419	102863	103012	101092	101346	102156	102411	102531	100798	101248	102652	102681	101485	100915	101521	101088	101423	101780	106393	105382	106360	102629	105386	105120	105311	103667	103625	102557	105972	104807	105656	105916	104469	105219	102157	103752	104265	103071	104584	105319	104203	102235	102122	102886	102560	102259	103207	102260	102845	102126	101191	103185	104590	103364	103477	103575	101807	102129	103157	101300	102703	101653	102655	101582	103164	104640	102299	104536	104668	102904	100948	102871	102849	102020	102824	101580	102267	98437	102944	102437	103322	102401	107114	106880	106067	107104	107087	107114	106539	106826	102101	103454	102170	102331	102692	101862	102681	103768	102983
TULP_LP_116_Du-243	101132	103590	101048	101158	101931	101573	101059	103017	101792	101658	101419	102535	102709	103389	103330	103741	103374	105966	105989	105607	105606	106272	106115	105428	105886	105621	102882	103097	102260	103188	103094	102263	102665	103595	102555	103252	102079	104103	102752	104342	104711	104268	104315	105296	103695	103987	105490	106297	105956	106185	106608	106363	106754	105910	105766	106740	101925	101807	103476	102058	101889	100785	102602	103844	102194	103867	102384	102253	103652	101543	102403	101757	101251	101847	103216	101253	100871	101407	101704	101587	100360	101926	103330	102775	101869	80117	102385	101522	101371	104854	104961	105212	104451	102622	101374	100309	101412	101982	102471	103396	105836	103616	102996	104824	106159	106409	106405	106216	106154	106291	106363	106190	106380	105962	105797	106458	105797	106398	106464	106415	106403	106643	106339	102502	103846	104095	103985	104055	103394	103822	103479	105463	104722	104445	105463	105079	105162	105390	105572	105557	101996	104420	104187	103941	104421	103952	105757	105235	103162	104847	106574	106417	106479	106439	105573	106406	106462	106130	106318	106160	101500	101722	101057	102104	102162	100955	101207	101535	100826	100969	101573	101492	100685	101090	102224	101110	102197	101420	102864	103013	101093	101347	102157	102412	102532	100799	101249	102653	102682	101486	100916	101522	101089	101425	101781	106312	105383	106254	102630	105387	105121	105312	103668	103626	102557	105973	104808	105657	105908	104470	105220	102157	103753	104266	103071	104584	105320	104204	102235	102123	102887	102560	102259	103208	102261	102845	102126	101191	103186	104591	103365	103478	103575	101808	102130	103158	101300	102704	101654	102656	101582	103165	104640	102300	104537	104668	102905	100948	102872	102850	102020	102824	101580	102268	98437	102946	102438	103323	102402	106880	106917	106068	106885	106864	106916	106463	106704	102102	103454	102170	102332	102693	101862	102681	103769	102984
TULP_LP_117_Du-244	101133	103590	101048	101158	101930	101573	101060	103017	101793	101658	101418	102536	102710	103389	103330	103741	103375	105610	105567	105380	105489	105612	105631	105280	105712	105439	102882	103098	102260	103188	103095	102262	102665	103596	102555	103252	102080	104103	102752	104341	104711	104268	104315	105272	103695	103986	105487	105710	105503	105671	105895	105732	106046	105781	105521	106049	101923	101807	103476	102058	101890	100785	102603	103844	102193	103867	102384	102253	103651	101544	102402	101757	101251	101845	103215	101254	100871	101408	101704	101587	100360	101927	103330	102775	101870	80117	102385	101523	101371	104853	104962	105170	104451	102622	101374	100308	101412	101982	102471	103396	105560	103613	102996	104794	105704	105697	105701	105577	105678	105732	105702	105769	106044	105885	105570	106057	105521	105817	105751	105701	105689	105929	105627	102502	103844	104093	103983	104053	103394	103820	103479	105425	104723	104445	105432	105074	105160	105350	105448	105454	101996	104420	104188	103942	104421	103952	105374	105181	103163	104848	105860	105726	105768	105772	105448	105776	105796	105686	105793	105641	101501	101722	101057	102104	102162	100956	101207	101536	100827	100970	101572	101492	100685	101090	102223	101110	102196	101420	102864	103012	101093	101347	102157	102411	102532	100799	101249	102653	102682	101486	100917	101522	101089	101424	101781	105600	105335	105585	102630	105369	105120	105297	103669	103625	102557	105581	104808	105494	105577	104470	105219	102157	103752	104265	103071	104584	105294	104204	102235	102123	102888	102560	102259	103209	102262	102846	102126	101192	103187	104591	103364	103477	103574	101808	102130	103158	101301	102704	101654	102656	101582	103165	104640	102300	104537	104667	102905	100947	102869	102851	102020	102825	101580	102269	98437	102945	102438	103323	102402	106067	106068	106070	106069	106068	106068	106040	106068	102102	103454	102170	102331	102693	101863	102682	103766	102982
TULP_LP_118_Du-245	101132	103591	101048	101158	101930	101573	101060	103017	101793	101658	101419	102536	102710	103389	103330	103741	103375	105977	105999	105609	105607	106324	106126	105428	105886	105623	102882	103099	102260	103188	103096	102263	102665	103596	102555	103252	102079	104105	102752	104342	104712	104269	104316	105296	103695	103987	105492	106540	106143	106239	107095	106538	106879	105910	105766	106873	101925	101807	103476	102058	101891	100785	102603	103845	102194	103867	102384	102253	103652	101544	102403	101757	101251	101846	103216	101255	100871	101408	101704	101587	100360	101926	103330	102775	101869	80117	102385	101523	101371	104855	104963	105214	104451	102622	101374	100309	101412	101982	102471	103396	105836	103616	102996	104824	106219	106873	106749	106294	106220	106484	106613	106190	106380	105962	105796	106458	105798	106463	106908	106903	106769	107132	106693	102502	103846	104096	103985	104056	103394	103822	103479	105464	104723	104445	105463	105079	105162	105390	105572	105559	101996	104420	104188	103943	104421	103952	105771	105235	103162	104847	107005	106637	106759	106705	105573	106613	106673	106168	106354	106303	101501	101722	101057	102104	102163	100956	101207	101536	100827	100970	101573	101492	100685	101090	102223	101110	102197	101420	102864	103013	101093	101347	102157	102412	102534	100799	101249	102653	102682	101486	100917	101522	101089	101424	101781	106542	105383	106420	102630	105387	105121	105313	103669	103626	102557	105974	104809	105657	105919	104471	105220	102157	103753	104266	103071	104584	105320	104204	102235	102123	102888	102560	102259	103210	102261	102845	102126	101193	103188	104591	103365	103478	103575	101808	102130	103158	101300	102704	101654	102656	101582	103165	104640	102300	104537	104668	102905	100948	102872	102851	102020	102826	101580	102268	98437	102945	102438	103324	102402	107104	106885	106069	107454	107251	107452	106539	106836	102102	103454	102170	102333	102693	101862	102681	103769	102984
TULP_LP_119_Du-246	101132	103591	101048	101158	101932	101574	101059	103017	101792	101658	101419	102536	102710	103390	103331	103742	103374	105977	105991	105609	105607	106302	106125	105428	105886	105624	102882	103097	102261	103188	103094	102263	102665	103595	102555	103252	102079	104103	102752	104342	104711	104268	104315	105296	103695	103987	105490	106515	106119	106239	106933	106534	106879	105910	105767	106884	101925	101807	103476	102058	101889	100785	102603	103844	102194	103867	102384	102253	103652	101544	102403	101757	101251	101847	103217	101253	100871	101408	101705	101587	100360	101926	103330	102775	101869	80117	102385	101522	101371	104855	104962	105213	104451	102622	101374	100309	101412	101982	102471	103396	105836	103616	102996	104824	106219	106727	106654	106272	106220	106451	106607	106191	106380	105962	105797	106458	105798	106461	106784	106742	106717	106969	106639	102502	103846	104095	103985	104056	103394	103823	103479	105464	104722	104445	105464	105079	105162	105390	105572	105557	101996	104420	104187	103941	104421	103952	105771	105235	103162	104848	106890	106599	106691	106619	105573	106584	106641	106162	106354	106288	101500	101722	101057	102104	102163	100955	101207	101536	100826	100969	101574	101492	100685	101090	102225	101110	102197	101420	102864	103014	101093	101347	102158	102412	102532	100799	101249	102653	102682	101486	100916	101522	101089	101426	101781	106521	105383	106400	102631	105388	105121	105312	103668	103627	102557	105974	104808	105657	105912	104470	105220	102157	103753	104266	103071	104584	105320	104204	102235	102123	102887	102561	102259	103209	102261	102845	102126	101191	103186	104591	103365	103478	103575	101808	102131	103158	101300	102704	101654	102656	101582	103165	104640	102300	104537	104668	102906	100948	102872	102850	102020	102824	101580	102268	98437	102946	102438	103324	102402	107087	106864	106068	107251	107300	107298	106539	106836	102102	103454	102170	102333	102693	101862	102681	103769	102984
TULP_LP_120_Du-248	101132	103590	101048	101158	101930	101573	101059	103017	101792	101658	101419	102535	102709	103389	103330	103741	103374	105977	105999	105609	105607	106328	106125	105428	105886	105623	102882	103097	102260	103188	103094	102263	102665	103595	102555	103252	102079	104103	102752	104342	104711	104268	104315	105296	103695	103987	105490	106598	106143	106239	107377	106536	106890	105910	105766	106884	101925	101807	103476	102058	101889	100785	102602	103844	102194	103867	102384	102253	103652	101543	102403	101757	101251	101846	103216	101253	100871	101407	101704	101587	100360	101926	103330	102775	101869	80117	102385	101522	101371	104853	104961	105212	104451	102622	101374	100309	101412	101982	102471	103396	105836	103616	102996	104824	106219	107107	106782	106312	106220	106485	106623	106190	106380	105962	105796	106458	105797	106461	107145	107259	106946	107475	106833	102502	103846	104095	103985	104055	103394	103822	103479	105463	104722	104445	105463	105079	105162	105390	105572	105557	101996	104420	104187	103941	104421	103952	105771	105235	103162	104847	107281	106751	106896	106818	105573	106734	106752	106168	106354	106303	101500	101722	101057	102104	102162	100955	101207	101535	100826	100969	101573	101492	100685	101090	102223	101110	102197	101420	102864	103013	101093	101347	102157	102412	102532	100799	101249	102653	102682	101486	100916	101522	101089	101424	101781	106647	105383	106428	102630	105387	105121	105312	103668	103626	102557	105973	104808	105657	105917	104470	105220	102157	103753	104266	103071	104584	105320	104204	102235	102123	102887	102560	102259	103208	102261	102845	102126	101191	103186	104591	103365	103478	103575	101808	102130	103158	101300	102704	101654	102656	101582	103165	104640	102300	104537	104668	102905	100948	102872	102850	102020	102824	101580	102268	98437	102945	102438	103323	102402	107114	106916	106068	107452	107298	107918	106539	106836	102102	103454	102170	102332	102693	101862	102681	103769	102984
TULP_LP_121_Du-249	101133	103585	101049	101158	101930	101574	101060	103017	101788	101654	101415	102531	102705	103385	103326	103737	103370	105760	105797	105522	105577	105874	105869	105391	105797	105552	102879	103093	102257	103184	103090	102258	102661	103591	102552	103248	102076	104098	102748	104337	104706	104263	104310	105286	103691	103982	105481	106039	105835	105904	106224	106060	106501	105901	105633	106505	101918	101803	103472	102054	101886	100781	102599	103839	102194	103863	102380	102249	103647	101543	102398	101753	101247	101841	103212	101249	100868	101403	101700	101583	100359	101927	103326	102776	101866	80113	102382	101519	101368	104843	104957	105183	104451	102623	101370	100308	101408	101978	102467	103392	105684	103609	102993	104820	105946	106023	106031	105833	105961	106042	106018	105942	106193	105938	105685	106280	105627	106065	106080	106029	106017	106258	105956	102496	103842	104086	103979	104046	103391	103814	103472	105430	104717	104441	105436	105069	105153	105377	105511	105479	101993	104415	104184	103937	104413	103949	105567	105226	103159	104841	106187	106055	106097	106101	105544	106103	106126	105939	106036	105979	101496	101718	101053	102100	102157	100952	101203	101531	100822	100965	101568	101488	100682	101086	102219	101107	102192	101416	102860	103008	101089	101343	102153	102407	102527	100795	101245	102649	102678	101482	100912	101518	101085	101420	101777	105924	105342	105908	102626	105377	105111	105302	103664	103621	102558	105783	104802	105566	105678	104464	105210	102158	103748	104261	103068	104576	105300	104198	102236	102119	102887	102557	102256	103204	102261	102842	102123	101191	103182	104587	103360	103473	103571	101804	102126	103157	101301	102704	101650	102656	101583	103161	104637	102300	104528	104664	102901	100944	102864	102846	102017	102821	101577	102264	98433	102941	102434	103318	102398	106539	106463	106040	106539	106539	106539	106540	106509	102098	103447	102167	102324	102685	101858	102677	103760	102980
TULP_LP_122_Du-250	101132	103590	101048	101158	101930	101573	101059	103017	101792	101658	101419	102535	102709	103389	103330	103741	103374	105918	105926	105609	105607	106124	106069	105428	105886	105620	102882	103097	102260	103188	103094	102263	102665	103595	102555	103252	102079	104103	102752	104342	104711	104268	104315	105296	103695	103987	105490	106327	106019	106161	106520	106336	106766	105910	105718	106752	101925	101807	103476	102058	101889	100785	102602	103844	102194	103867	102384	102253	103652	101543	102403	101757	101251	101846	103216	101253	100871	101407	101704	101587	100360	101926	103330	102775	101869	80117	102385	101522	101371	104853	104961	105212	104451	102622	101374	100309	101412	101982	102471	103396	105811	103616	102996	104824	106137	106321	106320	106094	106149	106303	106328	106160	106362	105962	105793	106438	105790	106334	106376	106327	106315	106555	106251	102502	103846	104095	103985	104055	103394	103822	103479	105463	104722	104445	105463	105079	105162	105390	105572	105557	101996	104420	104187	103941	104421	103952	105713	105235	103162	104847	106485	106329	106390	106353	105573	106321	106376	106068	106284	106138	101500	101722	101057	102104	102162	100955	101207	101535	100826	100969	101573	101492	100685	101090	102223	101110	102197	101420	102864	103013	101093	101347	102157	102412	102532	100799	101249	102653	102682	101486	100916	101522	101089	101424	101781	106181	105383	106177	102630	105387	105121	105312	103668	103626	102557	105963	104808	105657	105838	104470	105220	102157	103753	104266	103071	104584	105320	104204	102235	102123	102887	102560	102259	103208	102261	102845	102126	101191	103186	104591	103365	103478	103575	101808	102130	103158	101300	102704	101654	102656	101582	103165	104640	102300	104537	104668	102905	100948	102872	102850	102020	102824	101580	102268	98437	102945	102438	103323	102402	106826	106704	106068	106836	106836	106836	106509	106836	102102	103454	102170	102332	102693	101862	102681	103769	102984
TULP_LP_140_Du-302	101133	101902	101049	101159	101763	101552	101060	101869	101648	101491	101382	101849	101745	101912	101882	101888	101879	102044	102044	101936	101993	102039	102061	101891	102066	101950	101793	101955	101888	101964	101691	101932	101974	101973	101812	101962	101687	101870	101814	101875	101874	101876	101868	101984	101888	101857	102102	102101	101944	102096	102101	102091	102080	102080	102008	102083	101789	101713	101922	101774	101705	100785	101791	101904	101810	101922	101889	101901	101954	101541	101750	101566	101252	101746	101909	101254	100872	101408	101696	101574	100360	101719	101930	101892	101672	80117	101686	101478	101349	101871	101951	101897	101897	101836	101373	100309	101389	101850	101834	101849	102002	101865	101849	101749	102076	102085	102076	102004	102083	102086	102071	102097	102102	102101	101990	102099	101930	102091	102092	102082	102077	102097	102053	102037	102103	102102	102101	102102	101740	102103	102102	102021	101921	101912	102036	101937	101993	102012	101959	101962	101727	101853	101797	101777	101788	101862	101892	101855	101808	101867	102094	102102	102101	102101	102080	102100	102101	102099	102101	102101	101501	101669	101058	101801	101804	100956	101205	101530	100827	100970	101560	101490	100686	101091	101885	101111	101890	101421	101932	101849	101094	101348	101846	101921	101869	100800	101250	101845	101831	101478	100917	101487	101090	101425	101727	102028	101947	102012	101792	102010	101959	102000	101884	101864	101380	102003	101923	101972	102006	101947	102022	101780	101953	101914	101828	101822	102008	101908	101723	101786	101778	101809	101772	101863	101773	101720	101808	101085	101928	101939	101973	101974	101971	101791	101821	101943	101301	101861	101600	101865	101555	101846	101954	101823	101837	101986	101826	100948	101939	101953	101629	101946	101550	101811	98437	101924	101737	101954	101904	102101	102102	102102	102102	102102	102102	102098	102102	102103	102095	101927	102046	102009	101804	102040	102101	102098
TULP_LP_141_Du-303	101126	103148	101042	101151	101923	101567	101053	102827	101790	101653	101417	102496	102644	103073	102967	103019	102971	103237	103236	103129	103185	103231	103253	103084	103360	103143	102674	102973	102256	103074	102753	102255	102658	103110	102553	103054	102075	103047	102655	103048	103058	103026	103052	103175	103020	102989	103383	103327	103137	103289	103450	103348	103433	103429	103201	103435	101916	101801	103018	102052	101884	100779	102598	103063	102187	103053	102377	102246	103077	101536	102395	101750	101244	101838	102989	101246	100866	101400	101697	101585	100354	101920	102995	102726	101864	80111	102360	101517	101366	103062	103142	103089	103054	102569	101367	100307	101405	101975	102441	102958	103194	102988	102791	102935	103323	103315	103320	103197	103300	103351	103322	103389	103454	103454	103187	103451	103140	103434	103369	103320	103309	103449	103244	102436	103405	103432	103453	103426	102849	103396	103233	103214	103105	103083	103228	103128	103184	103203	103150	103153	101991	103038	102958	102909	102940	103048	103083	103047	102843	103058	103445	103343	103385	103389	103324	103396	103412	103360	103411	103316	101494	101716	101051	102098	102155	100954	101201	101529	100820	100963	101565	101485	100679	101083	102216	101104	102189	101413	102797	102814	101086	101340	102150	102390	102524	100797	101242	102608	102656	101482	100909	101515	101082	101417	101774	103220	103139	103204	102592	103201	103146	103192	103016	102967	102364	103197	103114	103164	103198	103101	103240	102151	103092	103073	102781	103008	103218	103037	102230	102116	102731	102500	102233	102930	102253	102731	102120	101184	103007	103117	103120	103136	103136	101801	102123	102899	101295	102668	101649	102648	101576	102914	103164	102293	103012	103178	102811	100941	102831	102801	102014	102804	101574	102261	98430	102836	102415	103042	102382	103454	103454	103454	103454	103454	103454	103447	103454	102095	103455	102168	102323	102680	101862	102674	103399	102971
TULP_LP_142_Du-304	101101	101922	101013	101123	101739	101501	101028	101822	101651	101481	101350	101807	101726	101903	101834	101840	101831	102047	102045	101941	101994	102041	102062	101893	102135	101952	101748	101907	101848	101959	101643	101865	101935	101956	101808	101914	101688	101856	101777	101857	101867	101835	101861	101984	101840	101809	102171	102133	101946	102098	102170	102097	102150	102150	102010	102151	101699	101680	101874	101723	101617	100750	101786	101897	101776	101874	101825	101834	101931	101507	101702	101580	101198	101637	101862	101218	100850	101363	101557	101518	100338	101671	101882	101845	101609	80096	101642	101431	101341	101871	101951	101898	101863	101791	101337	100297	101365	101739	101754	101801	102003	101818	101802	101747	102132	102120	102129	102006	102109	102155	102112	102165	102170	102170	101990	102167	101930	102160	102161	102126	102114	102167	102054	102025	102171	102170	102171	102170	101693	102171	102171	102023	101916	101892	102038	101940	101993	102012	101959	101962	101684	101847	101778	101731	101749	101857	101893	101856	101761	101867	102163	102152	102170	102170	102133	102170	102170	102170	102170	102126	101437	101581	101024	101770	101762	100938	101116	101438	100792	100935	101511	101454	100652	101055	101823	101080	101810	101372	101884	101801	101059	101312	101786	101851	101821	100792	101214	101797	101789	101382	100881	101473	101056	101389	101649	102029	101948	102013	101745	102010	101955	102001	101836	101816	101335	102004	101923	101974	102007	101910	102049	101766	101912	101883	101786	101819	102030	101860	101687	101773	101733	101767	101752	101815	101726	101679	101751	101059	101881	101927	101961	101972	101964	101678	101744	101906	101264	101813	101569	101817	101490	101798	101973	101769	101822	101987	101778	100914	101933	101905	101602	101899	101469	101772	98405	101876	101689	101910	101852	102170	102170	102170	102170	102170	102170	102167	102170	101927	102168	102171	101984	102025	101722	102061	102170	102167
TULP_LP_143_Du-305	101133	102137	101049	101159	101870	101574	101061	102123	101777	101558	101410	102093	102001	102146	102128	102128	102126	102288	102288	102180	102237	102283	102306	102135	102289	102195	102047	102195	102096	102197	101946	102135	102203	102207	102039	102207	101922	102125	102057	102129	102129	102131	102123	102227	102142	102111	102326	102329	102188	102323	102329	102325	102310	102306	102253	102314	101866	101808	102176	101911	101854	100785	102023	102138	102036	102175	102092	102102	102186	101546	102004	101695	101251	101842	102163	101255	100872	101410	101689	101588	100360	101859	102183	102145	101778	80117	101940	101524	101372	102116	102178	102143	102151	102079	101375	100309	101413	101926	102057	102103	102246	102125	102103	101993	102299	102315	102300	102248	102306	102311	102304	102327	102332	102331	102241	102329	102182	102321	102320	102312	102307	102326	102297	102170	102328	102333	102330	102334	101994	102334	102329	102267	102176	102166	102280	102180	102236	102255	102202	102206	101918	102108	102052	102032	102042	102117	102135	102098	102062	102111	102324	102325	102324	102329	102303	102324	102328	102323	102324	102324	101502	101710	101058	101965	102036	100957	101208	101532	100828	100971	101574	101493	100686	101091	102082	101111	102043	101421	102186	102104	101094	101348	102020	102130	102115	100800	101250	102099	102072	101482	100918	101523	101090	101426	101782	102272	102191	102258	102047	102254	102202	102245	102139	102119	101634	102251	102167	102216	102252	102185	102244	101943	102186	102168	102082	102077	102230	102162	101964	102007	102033	102064	102015	102119	102002	101974	101996	101180	102183	102193	102206	102207	102204	101809	101920	102176	101301	102115	101609	102114	101583	102100	102188	102039	102091	102218	102081	100948	102179	102190	101873	102189	101579	102028	98437	102178	101991	102189	102143	102331	102332	102331	102333	102333	102332	102324	102332	102046	102323	101984	102335	102234	101862	102275	102331	102310
TULP_LP_144_Du-306	101133	102550	101049	101159	101894	101574	101060	102390	101793	101657	101419	102322	102279	102507	102439	102445	102436	102539	102539	102431	102488	102534	102556	102386	102651	102445	102350	102512	102162	102561	102248	102222	102456	102561	102241	102519	101990	102427	102316	102432	102431	102433	102417	102478	102445	102414	102686	102630	102439	102591	102689	102614	102671	102667	102503	102674	101884	101804	102479	101972	101890	100785	102304	102501	102087	102478	102259	102124	102535	101541	102204	101740	101241	101820	102466	101254	100872	101402	101675	101573	100360	101840	102486	102423	101828	80117	102158	101518	101372	102369	102445	102392	102454	102320	101375	100309	101413	101928	102268	102406	102497	102426	102406	102256	102626	102618	102623	102499	102603	102654	102625	102672	102693	102692	102490	102690	102429	102682	102672	102623	102612	102687	102548	102293	102689	102693	102691	102693	102297	102694	102689	102516	102477	102469	102530	102435	102488	102506	102453	102456	101948	102388	102354	102334	102345	102403	102386	102350	102365	102361	102684	102646	102687	102690	102626	102686	102688	102663	102687	102619	101501	101723	101058	102020	102092	100956	101208	101507	100827	100970	101573	101493	100686	101091	102158	101111	102112	101418	102467	102406	101094	101348	102093	102257	102338	100800	101250	102366	102341	101487	100917	101523	101090	101425	101781	102523	102442	102507	102317	102504	102465	102495	102441	102421	101914	102500	102423	102467	102501	102504	102546	102053	102517	102471	102358	102352	102524	102465	102147	102058	102279	102324	102141	102420	102144	102244	102079	101191	102485	102496	102566	102577	102568	101788	101985	102482	101301	102381	101655	102385	101583	102403	102516	102180	102394	102483	102379	100948	102542	102505	101996	102485	101581	102165	98437	102462	102214	102515	102292	102692	102693	102693	102693	102693	102693	102685	102693	102009	102680	102025	102234	102694	101853	102522	102692	102615
TULP_LP_145_Du-307	101069	101739	100980	101076	101638	101426	100992	101730	101596	101440	101312	101713	101663	101750	101731	101731	101729	101831	101829	101725	101778	101825	101846	101677	101825	101736	101658	101798	101753	101806	101554	101804	101811	101810	101709	101811	101582	101733	101699	101738	101737	101739	101723	101768	101751	101720	101861	101860	101730	101860	101860	101860	101842	101842	101794	101843	101675	101611	101786	101631	101567	100719	101660	101741	101670	101785	101753	101763	101791	101434	101613	101455	101148	101615	101767	101186	100821	101334	101538	101531	100302	101605	101792	101756	101554	80063	101551	101390	101269	101675	101719	101682	101760	101701	101304	100284	101321	101710	101698	101712	101787	101729	101713	101565	101835	101844	101835	101790	101842	101845	101835	101857	101862	101862	101776	101859	101715	101852	101851	101842	101836	101857	101836	101822	101862	101862	101861	101862	101604	101863	101863	101807	101783	101775	101822	101742	101785	101796	101744	101746	101649	101694	101661	101641	101652	101710	101677	101653	101673	101652	101853	101861	101860	101860	101840	101860	101860	101859	101860	101861	101392	101539	100988	101639	101653	100948	101138	101422	100757	100900	101473	101409	100621	101022	101755	101053	101745	101351	101795	101712	101025	101278	101724	101784	101722	100791	101180	101708	101689	101393	100847	101427	101021	101330	101646	101813	101732	101797	101658	101794	101771	101785	101747	101727	101246	101788	101723	101758	101791	101788	101799	101639	101790	101778	101711	101663	101786	101771	101582	101647	101654	101682	101670	101726	101644	101610	101684	101034	101792	101803	101810	101811	101809	101668	101707	101780	101221	101724	101501	101728	101478	101709	101773	101678	101701	101774	101689	100880	101777	101793	101515	101793	101482	101666	98371	101787	101600	101791	101767	101862	101862	101863	101862	101862	101862	101858	101862	101804	101862	101722	101862	101853	101863	101858	101861	101858
TULP_LP_146_Du-308	101129	102533	101042	101151	101913	101567	101053	102394	101785	101632	101414	102292	102270	102475	102407	102413	102404	102516	102515	102408	102464	102510	102532	102363	102635	102422	102287	102480	102225	102529	102216	102220	102460	102529	102252	102487	101984	102395	102296	102400	102399	102401	102385	102454	102413	102382	102662	102603	102416	102568	102679	102606	102660	102660	102480	102662	101897	101800	102447	102004	101881	100784	102261	102469	102128	102446	102218	102197	102503	101536	102195	101745	101244	101837	102435	101246	100865	101400	101697	101580	100357	101917	102454	102417	101865	80116	102191	101516	101365	102342	102421	102368	102422	102274	101367	100303	101405	101967	102212	102374	102473	102391	102375	102228	102602	102590	102599	102476	102579	102630	102597	102645	102681	102681	102462	102678	102401	102671	102646	102595	102584	102676	102524	102269	102681	102681	102680	102681	102266	102682	102682	102493	102445	102437	102507	102408	102464	102482	102429	102432	101969	102356	102323	102302	102314	102372	102362	102327	102335	102338	102672	102622	102664	102665	102603	102675	102679	102639	102679	102595	101493	101715	101050	102062	102117	100950	101200	101528	100819	100962	101565	101485	100682	101083	102181	101105	102151	101413	102449	102374	101086	101340	102081	102251	102298	100792	101242	102318	102326	101479	100909	101515	101082	101417	101774	102499	102418	102483	102286	102480	102433	102471	102409	102389	101885	102474	102395	102443	102477	102472	102520	102075	102485	102439	102354	102321	102498	102433	102106	102084	102303	102277	102155	102388	102140	102219	102103	101184	102453	102464	102534	102545	102537	101801	102025	102473	101298	102299	101644	102363	101576	102371	102485	102147	102362	102458	102351	100941	102490	102478	101969	102462	101574	102135	98435	102446	102247	102483	102276	102681	102681	102682	102681	102681	102681	102677	102681	102040	102674	102061	102275	102522	101858	102682	102680	102628
TULP_LP_147_Du-309	101131	103430	101047	101157	101929	101572	101058	102982	101792	101658	101419	102534	102708	103258	103216	103248	103191	103509	103508	103400	103457	103504	103526	103355	103632	103414	102817	103066	102259	103168	102931	102262	102664	103387	102554	103218	102075	103320	102751	103321	103331	103299	103325	103448	103271	103242	103655	103602	103408	103561	103765	103621	103746	103742	103472	103750	101924	101806	103262	102058	101889	100785	102602	103348	102193	103321	102383	102252	103329	101542	102402	101756	101250	101845	103144	101252	100870	101406	101703	101586	100359	101925	103192	102774	101869	80117	102385	101522	101371	103335	103414	103361	103326	102621	101373	100308	101411	101981	102470	103137	103467	103262	102923	103206	103596	103589	103594	103468	103573	103625	103597	103664	103769	103768	103463	103766	103419	103707	103644	103595	103584	103763	103517	102466	103696	103769	103714	103762	103070	103712	103420	103486	103377	103355	103500	103401	103456	103476	103423	103426	101995	103310	103218	103166	103211	103319	103355	103319	103075	103330	103736	103615	103658	103664	103595	103669	103687	103633	103684	103588	101500	101722	101057	102104	102162	100955	101207	101535	100826	100969	101572	101491	100684	101089	102222	101109	102196	101419	102852	102998	101092	101346	102156	102411	102531	100798	101248	102652	102681	101485	100915	101521	101088	101423	101780	103493	103412	103477	102629	103474	103419	103465	103252	103221	102508	103470	103387	103437	103471	103374	103513	102156	103349	103346	102904	103279	103490	103298	102234	102122	102793	102559	102258	103124	102260	102825	102125	101190	103105	103389	103262	103367	103329	101807	102129	102997	101299	102703	101653	102645	101581	103078	103435	102299	103284	103449	102869	100947	102871	102849	102019	102823	101579	102267	98436	102903	102437	103218	102401	103768	103769	103766	103769	103769	103769	103760	103769	102101	103399	102170	102331	102692	101861	102680	103769	102984
TULP_LP_148_Du-310	101132	102712	101048	101158	101930	101573	101059	102558	101789	101654	101415	102396	102450	102659	102591	102597	102588	102817	102817	102713	102766	102812	102834	102668	102932	102727	102461	102664	102240	102713	102400	102221	102592	102713	102401	102671	101983	102628	102460	102629	102639	102607	102633	102756	102597	102566	102964	102910	102717	102869	102980	102903	102962	102958	102781	102965	101921	101803	102631	102019	101864	100781	102441	102658	102129	102631	102354	102195	102687	101543	102317	101753	101247	101841	102618	101249	100867	101403	101700	101583	100358	101926	102638	102569	101866	80113	102265	101519	101368	102643	102723	102670	102639	102452	101370	100307	101408	101972	102321	102558	102775	102580	102558	102519	102904	102897	102902	102777	102881	102933	102905	102952	102984	102983	102770	102981	102709	102972	102952	102903	102892	102978	102826	102393	102980	102984	102982	102984	102449	102985	102971	102794	102686	102664	102808	102709	102765	102784	102731	102734	101985	102619	102534	102486	102520	102628	102664	102627	102517	102639	102975	102924	102966	102972	102904	102975	102979	102941	102976	102897	101497	101719	101054	102095	102128	100952	101204	101532	100823	100966	101568	101488	100681	101086	102183	101106	102120	101416	102623	102558	101089	101343	102153	102277	102435	100795	101245	102467	102488	101482	100912	101518	101085	101420	101777	102801	102720	102785	102402	102782	102727	102773	102593	102573	102088	102778	102695	102745	102779	102682	102821	102152	102669	102654	102536	102588	102799	102617	102185	102105	102455	102337	102182	102572	102175	102380	102080	101190	102637	102698	102718	102729	102720	101804	102034	102658	101300	102470	101650	102510	101582	102555	102744	102234	102593	102758	102535	100943	102671	102640	101987	102614	101576	102227	98432	102594	102331	102667	102303	102983	102984	102982	102984	102984	102984	102980	102984	102098	102971	102167	102310	102615	101858	102628	102984	102985
