sample_id	ABAB_MAD_LP_223_Du-590	ABAB_MAD_LP_322_Du-593	ABAB_MAD_LP_323_Du-594	ABAB_MAD_LP_324_Du-595	ABAB_MAD_LP_325_Du-596	ABAB_MAD_LP_326_Du-597	ABAB_MAD_LP_327_Du-598	ABBE_BERN_LP_311_Du-780	ABBE_BERN_LP_312_Du-781	ABBE_BERN_LP_313_Du-782	ABBE_BERN_LP_314_Du-783	ABMU_HOR_LP_306_Du-775	ABMU_HOR_LP_308_Du-777	ABMU_HOR_LP_358_Du-770	ABMU_HOR_LP_359_Du-771	ABMU_HOR_LP_360_Du-772	ABMU_HOR_LP_361_Du-773	BAI_LP_105_Du-222	BAI_LP_106_Du-223	BAI_LP_108_Du-225	BAI_LP_109_Du-226	BAI_LP_110_Du-227	BAI_LP_111_Du-228	BAI_LP_112_Du-230	BAI_LP_113_Du-231	BAI_LP_114_Du-232	BAI_LP_319_Du-233	COM_LP_269_Du-703	COM_LP_270_Du-704	COM_LP_272_Du-707	COM_LP_274_Du-709	COM_LP_276_Du-711	COM_LP_277_Du-712	COM_LP_341_Du-713	COM_LP_342_Du-714	COM_LP_343_Du-715	CROB_LP_169_Du-381	CROB_LP_170_Du-382	CROB_LP_172_Du-384	CROB_LP_173_Du-385	CROB_LP_174_Du-386	CROB_LP_175_Du-387	CROB_LP_176_Du-388	CROB_LP_177_Du-389	CROB_LP_320_Du-395	CROB_LP_321_Du-396	CROS_LP_085_Du-181	CROS_LP_086_Du-182	CROS_LP_087_Du-183	CROS_LP_088_Du-184	CROS_LP_089_Du-185	CROS_LP_090_Du-186	CROS_LP_091_Du-187	CROS_LP_092_Du-188	CROS_LP_093_Du-189	CROS_LP_094_Du-190	CY_ALA_LP_298-Du-767	CY_ALA_LP_299-Du-768	CY_ALA_LP_357_Du-769	CY_BAL_LP_226_Du-602	CY_BAL_LP_227_Du-603	CY_BGL_LP_210_Du-577	CY_BGL_LP_212_Du-579	CY_BOU_LP_288_Du-737	CY_BOU_LP_290_Du-739	CY_BOU_LP_291_Du-740	CY_BOU_LP_292_Du-741	CY_BOU_LP_354_Du-742	CY_CAS_LP_328_Du-610	CY_CAS_LP_329_Du-611	CY_CAS_LP_330_Du-607	CY_CAS_LP_331_Du-608	CY_CAS_LP_332_Du-609	CY_HICN_LP_236_Du-614	CY_HICN_LP_333_Du-612	CY_HICN_LP_334_Du-613	CY_HICN_LP_335_Du-615	CY_HICN_LP_336_Du-616	CY_HICS_LP_293_Du-757	CY_HICS_LP_297_Du-761	CY_HICS_LP_355_Du-762	CY_HICS_LP_356_Du-763	CY_HUN_LP_264_Du-683	CY_HUN_LP_266_Du-685	CY_HUN_LP_267_Du-686	CY_HUN_LP_268_Du-687	CY_SIE_LP_188_Du-445	CY_SIE_LP_189_Du-446	CY_SIE_LP_190_Du-447	CY_SIE_LP_191_Du-448	CY_WOO_LP_259_Du-664	CY_WOO_LP_260_Du-665	CY_WOO_LP_261_Du-667	CY_WOO_LP_262_Du-668	CY_WOO_LP_263_Du-669	DAN_LP_043_Du-68	DAN_LP_044_Du-69	DAN_LP_045_Du-70	DAN_LP_046_Du-71	DAN_LP_047_Du-72	DOV_LP_078_Du-174	DOV_LP_079_Du-175	DOV_LP_080_Du-176	DOV_LP_081_Du-177	DOV_LP_082_Du-178	DOV_LP_083_Du-179	DOV_LP_084_Du-180	DU-173	DU-229	DU-247	DU-254	DU-270	DU-297	DU-443	DU-4A	DU014LP012	DU037LP013	DU059LP015	DU078LP011	DU079LP010	DUD_LP_132_Du-283	DUD_LP_133_Du-284	DUD_LP_134_Du-285	DUD_LP_135_Du-286	DUD_LP_136_Du-287	DUD_LP_137_Du-288	DUD_LP_138_Du-289	DUD_LP_139_Du-290	KIRN_LP_179_Du-421	KIRN_LP_180_Du-422	KIRN_LP_181_Du-423	KIRN_LP_182_Du-424	KIRN_LP_183_Du-425	KIRN_LP_184_Du-426	KIRN_LP_185_Du-427	KIRN_LP_186_Du-428	KIRN_LP_187_Du-429	KIRT_LP_159_Du-364	KIRT_LP_160_Du-365	KIRT_LP_161_Du-366	KIRT_LP_162_Du-367	KIRT_LP_163_Du-368	KIRT_LP_164_Du-369	KIRT_LP_165_Du-370	KIRT_LP_166_Du-371	KIRT_LP_167_Du-372	KIRT_LP_168_Du-373	MALV_LP_095_Du-201	MALV_LP_096_Du-202	MALV_LP_097_Du-203	MALV_LP_098_Du-204	MALV_LP_099_Du-205	MALV_LP_100_Du-206	MALV_LP_101_Du-207	MALV_LP_102_Du-208	MALV_LP_103_Du-209	MALV_LP_104_Du-210	OCO_LP_058_Du-115	OCO_LP_059_Du-106	OCO_LP_060_Du-107	OCO_LP_061_Du-108	OCO_LP_062_Du-109	OCO_LP_063_Du-110	OCO_LP_064_Du-111	OCO_LP_065_Du-112	OCO_LP_066_Du-113	OCO_LP_067_Du-114	QUI1_LP_249_Du-648	QUI1_LP_250_Du-649	QUI1_LP_252_Du-651	QUI1_LP_253_Du-652	QUI1_LP_254_Du-653	QUI1_LP_255_Du-654	QUI1_LP_257_Du-656	QUI1_LP_258_Du-657	QUI2_LP_243_Du-631	QUI2_LP_244_Du-632	QUI2_LP_245_Du-633	QUI2_LP_246_Du-634	QUI2_LP_247_Du-635	QUI2_LP_248_Du-636	QUI2_LP_337_Du-638	QUI2_LP_338_Du-639	QUI2_LP_339_Du-640	QUI2_LP_340_Du-641	QUIN_LP_069_Du-155	QUIN_LP_070_Du-156	QUIN_LP_071_Du-157	QUIN_LP_072_Du-158	QUIN_LP_073_Du-159	QUIN_LP_074_Du-160	QUIN_LP_075_Du-161	QUIN_LP_076_Du-162	QUIN_LP_077_Du-163	QUIN_LP_318_Du-164	RIC_LP_192_Du-521	RIC_LP_193_Du-522	RIC_LP_194_Du-523	RIC_LP_195_Du-524	RIC_LP_196_Du-525	RIC_LP_197_Du-526	RIC_LP_198_Du-527	RIC_LP_199_Du-528	RIC_LP_200_Du-529	RIC_LP_201_Du-530	RSV_LP_049_Du-85	RSV_LP_050_Du-87	RSV_LP_051_Du-88	RSV_LP_052_Du-89	RSV_LP_053_Du-90	RSV_LP_055_Du-92	RSV_LP_057_Du-94	RSV_LP_315_Du-95	RSV_LP_316_Du-96	SILG_LP_149_Du-343	SILG_LP_150_Du-344	SILG_LP_151_Du-345	SILG_LP_152_Du-346	SILG_LP_153_Du-347	SILG_LP_154_Du-348	SILG_LP_155_Du-349	SILG_LP_156_Du-350	SILG_LP_157_Du-351	SILG_LP_158_Du-352	SILR_LP_346_Du-729	SILR_LP_347_Du-730	SILR_LP_348_Du-731	SILR_LP_349_Du-732	SILR_LP_351_Du-734	SILR_LP_353_Du-736	STI_LP_027_Du-45	STI_LP_028_Du-46	STI_LP_029_Du-47	STI_LP_030_Du-48	STI_LP_031_Du-49	STI_LP_032_Du-50	STI_LP_033_Du-51	STI_LP_034_Du-52	STI_LP_035_Du-53	STI_LP_036_Du-54	STI_LP_037_Du-55	STI_LP_038_Du-56	STI_LP_039_Du-57	STI_LP_040_Du-58	STI_LP_041_Du-60	STI_LP_042_Du-61	TIL_LP_123_Du-263	TIL_LP_124_Du-264	TIL_LP_125_Du-265	TIL_LP_126_Du-266	TIL_LP_128_Du-268	TIL_LP_129_Du-269	TIL_LP_130_Du-271	TIL_LP_131_Du-272	TULP_LP_115_Du-242	TULP_LP_116_Du-243	TULP_LP_117_Du-244	TULP_LP_118_Du-245	TULP_LP_119_Du-246	TULP_LP_120_Du-248	TULP_LP_121_Du-249	TULP_LP_122_Du-250	TULP_LP_140_Du-302	TULP_LP_141_Du-303	TULP_LP_142_Du-304	TULP_LP_143_Du-305	TULP_LP_144_Du-306	TULP_LP_145_Du-307	TULP_LP_146_Du-308	TULP_LP_147_Du-309	TULP_LP_148_Du-310
ABAB_MAD_LP_223_Du-590	0	1	1	1	5	1	1	31	31	31	31	7	7	10	7	7	7	23	24	23	23	24	24	23	24	23	23	30	28	28	29	28	29	28	28	29	16	22	24	22	22	22	22	22	22	22	22	22	22	22	21	22	24	24	23	24	23	23	23	33	31	32	32	19	20	20	20	20	39	20	19	20	20	40	35	40	40	41	20	17	20	20	32	34	33	32	40	41	40	20	20	20	18	20	20	28	27	27	28	27	23	23	23	23	23	23	23	25	24	22	22	25	22	41	22	20	20	24	29	29	22	22	22	22	22	21	22	22	23	23	23	23	23	23	23	23	23	23	23	23	23	23	23	23	23	23	23	24	24	24	24	24	24	24	24	24	24	36	39	38	39	38	37	36	37	32	34	20	21	20	20	20	20	20	21	25	25	25	25	25	25	25	25	25	25	25	25	25	25	25	25	25	25	25	25	23	23	23	23	23	16	23	23	23	23	24	25	25	23	25	24	24	24	25	24	24	25	25	24	24	25	25	24	18	27	27	27	27	27	27	22	24	20	24	24	24	24	23	24	24	24	24	23	19	24	24	25	26	21	23	24	25	25	25	23	22	22	22	22	23	22	22	22	23	23	23	23	23	22	23	23
ABAB_MAD_LP_322_Du-593	1	0	1	1	4	0	0	34	33	33	33	6	6	9	6	6	6	25	26	25	25	26	26	25	26	25	25	32	30	30	31	30	31	30	30	31	18	24	26	24	24	24	24	24	24	24	24	24	24	24	23	24	26	26	25	26	25	25	25	35	33	34	35	21	22	22	22	22	46	22	21	22	22	46	41	45	46	47	22	19	22	22	37	39	38	37	46	47	46	23	22	23	20	23	23	30	29	29	31	29	25	25	25	25	25	25	25	27	26	24	24	27	24	47	24	22	22	26	31	32	24	24	24	24	24	23	24	24	25	25	25	25	25	25	25	25	25	25	25	25	25	25	25	25	25	25	25	26	26	26	26	26	26	26	26	26	26	40	43	42	43	42	41	40	41	35	38	22	23	22	22	22	22	22	23	27	27	27	27	27	27	27	27	27	27	27	27	27	27	27	27	27	27	27	27	25	25	25	25	25	17	25	25	25	25	26	27	27	25	27	26	26	26	27	26	26	28	28	26	26	28	28	26	20	29	29	29	29	29	29	25	26	22	26	26	26	26	25	26	26	26	26	25	20	26	27	27	29	23	25	27	27	27	27	25	24	24	24	24	25	24	24	24	25	25	25	25	25	24	25	25
ABAB_MAD_LP_323_Du-594	1	1	0	0	5	1	1	35	34	34	34	7	7	10	7	7	7	26	27	26	26	27	27	26	27	26	26	33	31	31	32	31	32	31	31	32	19	25	27	25	25	25	25	25	25	25	25	25	25	25	24	25	27	27	26	27	26	26	26	36	34	35	36	22	23	23	23	23	47	23	22	23	23	47	42	46	47	48	23	20	23	23	38	40	39	38	47	48	47	24	23	24	21	24	24	31	30	30	32	30	26	26	26	26	26	26	26	28	27	25	25	28	25	48	25	23	23	27	32	33	25	25	25	25	25	24	25	25	26	26	26	26	26	26	26	26	26	26	26	26	26	26	26	26	26	26	26	27	27	27	27	27	27	27	27	27	27	41	44	43	44	43	42	41	42	36	39	23	23	23	23	23	23	22	23	28	28	28	28	28	28	28	28	28	28	28	28	28	28	28	28	28	28	28	28	26	26	26	26	26	18	26	26	26	26	27	28	28	26	28	27	27	27	28	27	27	29	29	27	27	29	29	27	21	30	30	30	30	30	30	26	27	23	27	27	27	27	26	27	27	27	27	26	21	27	28	28	30	24	26	28	28	28	28	26	25	25	25	25	26	25	25	25	26	26	26	26	26	25	26	26
ABAB_MAD_LP_324_Du-595	1	1	0	0	5	1	1	35	34	34	34	7	7	10	7	7	7	26	27	26	26	27	27	26	27	26	26	33	31	31	32	31	32	31	31	32	19	25	27	25	25	25	25	25	25	25	25	25	25	25	24	25	27	27	26	27	26	26	26	36	34	35	36	22	23	23	23	23	47	23	22	23	23	47	42	46	47	48	23	20	23	23	38	40	39	38	47	48	47	24	23	24	21	24	24	31	30	30	32	30	26	26	26	26	26	26	26	28	27	25	25	28	25	48	25	23	23	27	32	33	25	25	25	25	25	24	25	25	26	26	26	26	26	26	26	26	26	26	26	26	26	26	26	26	26	26	26	27	27	27	27	27	27	27	27	27	27	41	44	43	44	43	42	41	42	36	39	23	24	23	23	23	23	23	24	28	28	28	28	28	28	28	28	28	28	28	28	28	28	28	28	28	28	28	28	26	26	26	26	26	18	26	26	26	26	27	28	28	26	28	27	27	27	28	27	27	29	29	27	27	29	29	27	21	30	30	30	30	30	30	26	27	23	27	27	27	27	26	27	27	27	27	26	21	27	28	28	30	24	26	28	28	28	28	26	25	25	25	25	26	25	25	25	26	26	26	26	26	25	26	26
ABAB_MAD_LP_325_Du-596	5	4	5	5	0	4	4	32	31	31	31	4	4	7	4	4	4	22	23	22	22	23	23	22	23	22	22	28	26	26	27	26	27	26	26	27	15	21	23	21	21	21	21	21	21	21	21	21	21	21	20	21	23	23	22	23	22	22	22	31	29	32	32	18	19	19	19	19	44	19	18	19	19	43	39	42	43	44	19	16	19	19	34	36	35	34	43	44	43	20	20	20	17	20	20	26	26	26	27	26	22	22	22	22	22	22	22	24	23	21	21	24	21	44	21	19	19	23	27	28	21	21	21	21	21	20	21	21	22	22	22	22	22	22	22	22	22	22	22	22	22	22	22	22	22	22	22	23	23	23	23	23	23	23	23	23	23	37	40	39	40	39	38	37	38	32	35	19	20	19	19	19	19	19	20	24	24	24	24	24	24	24	24	24	24	24	24	24	24	24	24	24	24	24	24	22	22	22	22	22	16	22	22	22	22	23	24	24	22	24	23	23	23	24	23	23	25	25	23	23	25	25	23	17	26	26	26	26	26	26	22	23	20	23	23	23	23	22	23	23	23	23	22	18	23	24	24	26	21	22	24	24	24	24	22	21	21	21	21	22	21	21	21	22	22	22	22	22	21	22	22
ABAB_MAD_LP_326_Du-597	1	0	1	1	4	0	0	34	33	33	33	6	6	9	6	6	6	24	25	24	24	25	25	24	25	24	24	31	29	29	30	29	30	29	29	30	17	23	25	23	23	23	23	23	23	23	23	23	23	23	22	23	25	25	24	25	24	24	24	35	33	34	34	20	21	21	21	21	46	21	20	21	21	46	41	45	46	47	21	18	21	21	36	38	37	36	46	47	46	22	22	22	19	22	22	29	28	28	30	28	24	24	24	24	24	24	24	26	25	23	23	26	23	47	23	21	21	25	30	31	23	23	23	23	23	22	23	23	24	24	24	24	24	24	24	24	24	24	24	24	24	24	24	24	24	24	24	25	25	25	25	25	25	25	25	25	25	39	42	41	42	41	40	39	40	34	37	21	22	21	21	21	21	21	22	26	26	26	26	26	26	26	26	26	26	26	26	26	26	26	26	26	26	26	26	24	24	24	24	24	17	24	24	24	24	25	26	26	24	26	25	25	25	26	25	25	27	27	25	25	27	27	25	19	28	28	28	28	28	28	24	25	21	25	25	25	25	24	25	25	25	25	24	20	25	26	26	28	22	24	26	26	26	26	24	23	23	23	23	24	23	23	23	24	24	24	24	24	23	24	24
ABAB_MAD_LP_327_Du-598	1	0	1	1	4	0	0	33	32	32	32	6	6	9	6	6	6	24	25	24	24	25	25	24	25	24	24	31	29	29	30	29	30	29	29	30	17	23	25	23	23	23	23	23	23	23	23	23	23	23	22	23	25	25	24	25	24	24	24	34	32	32	34	20	21	21	21	21	43	21	20	21	21	44	39	43	44	45	21	18	21	21	35	37	36	35	44	45	44	22	21	22	19	22	22	29	28	28	30	28	24	24	24	24	24	24	24	26	25	23	23	26	23	45	23	21	21	25	30	31	23	23	23	23	23	22	23	23	24	24	24	24	24	24	24	24	24	24	24	24	24	24	24	24	24	24	24	25	25	25	25	25	25	25	25	25	25	38	41	40	41	40	39	38	39	33	36	21	22	21	21	21	21	21	22	26	26	26	26	26	26	26	26	26	26	26	26	26	26	26	26	26	26	26	26	24	24	24	24	24	17	24	24	24	24	25	26	26	24	26	25	25	25	26	25	25	27	27	25	25	27	27	25	19	28	28	28	28	28	28	24	25	21	25	25	25	25	24	25	25	25	25	24	19	25	26	25	28	22	24	26	26	26	26	24	23	23	23	23	24	23	23	23	24	24	24	24	24	23	24	24
ABBE_BERN_LP_311_Du-780	31	34	35	35	32	34	33	0	1	1	1	30	30	33	30	30	30	28	29	28	28	29	29	28	29	28	28	33	31	31	32	31	32	31	31	32	26	31	29	31	31	31	31	31	31	31	31	31	31	31	30	31	29	29	28	29	26	26	26	3	3	2	2	23	23	23	23	23	30	25	25	25	25	32	25	31	32	33	23	20	23	23	17	20	20	19	32	33	32	24	24	24	22	24	24	31	30	30	32	30	28	28	28	28	28	28	28	30	29	27	27	30	27	33	31	23	23	29	32	33	27	27	27	27	27	30	27	27	28	28	28	28	28	28	28	28	28	28	28	28	28	28	28	28	28	28	28	29	29	29	29	29	29	29	29	29	29	19	22	21	22	21	20	20	21	15	19	25	26	25	25	24	25	25	26	30	30	30	30	30	30	30	30	30	30	30	30	30	30	30	30	30	30	30	30	28	28	28	28	28	27	28	28	28	28	29	30	30	28	30	29	29	29	30	29	29	31	31	29	29	31	31	27	26	30	30	30	30	30	30	30	29	26	29	29	29	29	28	29	29	29	29	28	26	29	32	25	32	27	27	30	30	30	30	28	27	27	27	27	28	27	27	27	28	28	28	28	28	27	28	28
ABBE_BERN_LP_312_Du-781	31	33	34	34	31	33	32	1	0	0	0	29	29	32	29	29	29	27	28	27	27	28	28	27	28	27	27	32	30	30	31	30	31	30	30	31	25	30	28	30	30	30	30	30	30	30	30	30	30	30	29	30	28	28	27	28	25	25	25	2	2	1	1	22	22	22	22	22	29	24	24	24	24	31	24	30	31	32	22	19	22	22	17	19	19	19	31	32	31	23	23	23	21	23	23	30	29	29	31	29	27	27	27	27	27	27	27	29	28	26	26	29	26	32	30	22	22	28	31	32	26	26	26	26	26	29	26	26	27	27	27	27	27	27	27	27	27	27	27	27	27	27	27	27	27	27	27	28	28	28	28	28	28	28	28	28	28	18	21	20	21	20	19	19	20	14	18	24	25	24	24	23	24	24	25	29	29	29	29	29	29	29	29	29	29	29	29	29	29	29	29	29	29	29	29	27	27	27	27	27	26	27	27	27	27	28	29	29	27	29	28	28	28	29	28	28	30	30	28	28	30	30	26	26	29	29	29	29	29	29	29	28	25	28	28	28	28	27	28	28	28	28	27	25	28	31	24	31	27	26	29	29	29	29	27	26	26	26	26	27	26	26	26	27	27	27	27	27	26	27	27
ABBE_BERN_LP_313_Du-782	31	33	34	34	31	33	32	1	0	0	0	29	29	32	29	29	29	28	29	28	28	29	29	28	29	28	28	33	31	31	32	31	32	31	31	32	26	31	29	31	31	31	31	31	31	31	31	31	31	31	30	31	29	29	28	29	26	26	26	2	2	1	2	23	23	23	23	23	29	25	25	25	25	31	24	30	31	32	23	20	23	23	18	20	20	20	31	32	31	24	23	24	22	24	24	31	30	30	32	30	28	28	28	28	28	28	28	30	29	27	27	30	27	32	31	23	23	29	32	33	27	27	27	27	27	30	27	27	28	28	28	28	28	28	28	28	28	28	28	28	28	28	28	28	28	28	28	29	29	29	29	29	29	29	29	29	29	19	22	21	22	21	20	20	21	15	19	25	26	25	25	24	25	25	26	30	30	30	30	30	30	30	30	30	30	30	30	30	30	30	30	30	30	30	30	28	28	28	28	28	26	28	28	28	28	29	30	30	28	30	29	29	29	30	29	29	31	31	29	29	31	31	27	27	30	30	30	30	30	30	30	29	26	29	29	29	29	28	29	29	29	29	28	25	29	32	25	32	28	27	30	30	30	30	28	27	27	27	27	28	27	27	27	28	28	28	28	28	27	28	28
ABBE_BERN_LP_314_Du-783	31	33	34	34	31	33	32	1	0	0	0	29	29	32	29	29	29	28	29	28	28	29	29	28	29	28	28	33	31	31	32	31	32	31	31	32	26	31	29	31	31	31	31	31	31	31	31	31	31	31	30	31	29	29	28	29	26	26	26	2	2	1	2	23	23	23	23	23	29	25	25	25	25	31	24	30	31	32	23	20	23	23	18	20	20	20	31	32	31	24	23	24	22	24	24	31	30	30	32	30	28	28	28	28	28	28	28	30	29	27	27	30	27	32	31	23	23	29	32	33	27	27	27	27	27	30	27	27	28	28	28	28	28	28	28	28	28	28	28	28	28	28	28	28	28	28	28	29	29	29	29	29	29	29	29	29	29	19	22	21	22	21	20	20	21	15	19	25	26	25	25	24	25	25	26	30	30	30	30	30	30	30	30	30	30	30	30	30	30	30	30	30	30	30	30	28	28	28	28	28	26	28	28	28	28	29	30	30	28	30	29	29	29	30	29	29	31	31	29	29	31	31	27	27	30	30	30	30	30	30	30	29	26	29	29	29	29	28	29	29	29	29	28	25	29	32	25	32	28	27	30	30	30	30	28	27	27	27	27	28	27	27	27	28	28	28	28	28	27	28	28
ABMU_HOR_LP_306_Du-775	7	6	7	7	4	6	6	30	29	29	29	0	0	7	0	0	0	20	21	20	20	21	21	20	21	20	20	27	25	25	26	25	26	25	25	26	15	21	21	21	21	21	21	21	21	21	21	21	21	21	20	21	21	21	20	21	20	20	20	31	29	30	30	16	17	17	17	17	42	17	16	17	17	42	37	41	42	43	17	14	17	17	34	36	35	34	42	43	42	18	18	18	15	18	18	25	24	24	26	24	20	20	20	20	20	20	20	22	21	19	19	22	19	43	21	17	17	21	26	27	19	19	19	19	19	20	19	19	20	20	20	20	20	20	20	20	20	20	20	20	20	20	20	20	20	20	20	21	21	21	21	21	21	21	21	21	21	37	40	39	40	39	38	37	38	31	35	17	18	17	17	17	17	17	18	22	22	22	22	22	22	22	22	22	22	22	22	22	22	22	22	22	22	22	22	20	20	20	20	20	14	20	20	20	20	21	22	22	20	22	21	21	21	22	21	21	23	23	21	21	23	23	21	17	24	24	24	24	24	24	20	21	18	21	21	21	21	20	21	21	21	21	20	17	21	22	21	24	20	20	22	22	22	22	20	19	19	19	19	20	19	19	19	20	20	20	20	20	19	20	20
ABMU_HOR_LP_308_Du-777	7	6	7	7	4	6	6	30	29	29	29	0	0	7	0	0	0	20	21	20	20	21	21	20	21	20	20	27	25	25	26	25	26	25	25	26	15	21	21	21	21	21	21	21	21	21	21	21	21	21	20	21	21	21	20	21	20	20	20	31	29	30	30	16	17	17	17	17	42	17	16	17	17	42	37	41	42	43	17	14	17	17	34	36	35	34	42	43	42	18	18	18	15	18	18	25	24	24	26	24	20	20	20	20	20	20	20	22	21	19	19	22	19	43	21	17	17	21	26	27	19	19	19	19	19	20	19	19	20	20	20	20	20	20	20	20	20	20	20	20	20	20	20	20	20	20	20	21	21	21	21	21	21	21	21	21	21	37	40	39	40	39	38	37	38	31	35	17	18	17	17	17	17	17	18	22	22	22	22	22	22	22	22	22	22	22	22	22	22	22	22	22	22	22	22	20	20	20	20	20	14	20	20	20	20	21	22	22	20	22	21	21	21	22	21	21	23	23	21	21	23	23	21	17	24	24	24	24	24	24	20	21	18	21	21	21	21	20	21	21	21	21	20	17	21	22	21	24	20	20	22	22	22	22	20	19	19	19	19	20	19	19	19	20	20	20	20	20	19	20	20
ABMU_HOR_LP_358_Du-770	10	9	10	10	7	9	9	33	32	32	32	7	7	0	7	7	7	23	24	23	23	24	24	23	24	23	23	30	28	28	29	28	29	28	28	29	17	22	24	22	22	22	22	22	22	22	22	22	22	22	21	22	24	24	23	24	23	23	23	34	32	33	33	19	20	20	20	20	45	20	19	20	20	45	40	44	45	46	20	17	20	20	34	37	36	34	45	46	45	21	21	21	18	21	21	28	27	27	29	27	23	23	23	23	23	23	23	25	24	22	22	25	22	46	22	20	20	24	29	30	22	22	22	22	22	21	22	22	23	23	23	23	23	23	23	23	23	23	23	23	23	23	23	23	23	23	23	24	24	24	24	24	24	24	24	24	24	38	41	40	41	40	39	38	39	33	36	20	21	20	20	20	20	21	21	25	25	25	25	25	25	25	25	25	25	25	25	25	25	25	25	25	25	25	25	23	23	23	23	23	17	23	23	23	23	24	25	25	23	25	24	24	24	25	24	24	26	26	24	24	26	26	23	19	27	27	27	27	27	27	23	24	19	24	24	24	24	23	24	24	24	24	23	20	24	25	25	27	21	23	25	25	25	25	23	22	22	22	22	23	22	22	22	23	23	23	23	23	22	23	23
ABMU_HOR_LP_359_Du-771	7	6	7	7	4	6	6	30	29	29	29	0	0	7	0	0	0	20	21	20	20	21	21	20	21	20	20	27	25	25	26	25	26	25	25	26	15	21	21	21	21	21	21	21	21	21	21	21	21	21	20	21	21	21	20	21	20	20	20	31	29	30	30	16	17	17	17	17	42	17	16	17	17	42	37	41	42	43	17	14	17	17	34	36	35	34	42	43	42	18	18	18	15	18	18	25	24	24	26	24	20	20	20	20	20	20	20	22	21	19	19	22	19	43	21	17	17	21	26	27	19	19	19	19	19	20	19	19	20	20	20	20	20	20	20	20	20	20	20	20	20	20	20	20	20	20	20	21	21	21	21	21	21	21	21	21	21	37	40	39	40	39	38	37	38	31	35	17	18	17	17	17	17	17	18	22	22	22	22	22	22	22	22	22	22	22	22	22	22	22	22	22	22	22	22	20	20	20	20	20	14	20	20	20	20	21	22	22	20	22	21	21	21	22	21	21	23	23	21	21	23	23	21	17	24	24	24	24	24	24	20	21	18	21	21	21	21	20	21	21	21	21	20	17	21	22	21	24	20	20	22	22	22	22	20	19	19	19	19	20	19	19	19	20	20	20	20	20	19	20	20
ABMU_HOR_LP_360_Du-772	7	6	7	7	4	6	6	30	29	29	29	0	0	7	0	0	0	21	22	21	21	22	22	21	22	21	21	28	26	26	27	26	27	26	26	27	16	22	22	22	22	22	22	22	22	22	22	22	22	22	21	22	22	22	21	22	21	21	21	31	29	30	31	17	18	18	18	18	42	18	17	18	18	42	37	41	42	43	18	15	18	18	35	37	36	35	42	43	42	19	18	19	16	19	19	26	25	25	27	25	21	21	21	21	21	21	21	23	22	20	20	23	20	43	22	18	18	22	27	28	20	20	20	20	20	21	20	20	21	21	21	21	21	21	21	21	21	21	21	21	21	21	21	21	21	21	21	22	22	22	22	22	22	22	22	22	22	38	41	40	41	40	39	38	39	32	36	18	19	18	18	18	18	18	19	23	23	23	23	23	23	23	23	23	23	23	23	23	23	23	23	23	23	23	23	21	21	21	21	21	14	21	21	21	21	22	23	23	21	23	22	22	22	23	22	22	24	24	22	22	24	24	22	18	25	25	25	25	25	25	21	22	19	22	22	22	22	21	22	22	22	22	21	17	22	23	22	25	21	21	23	23	23	23	21	20	20	20	20	21	20	20	20	21	21	21	21	21	20	21	21
ABMU_HOR_LP_361_Du-773	7	6	7	7	4	6	6	30	29	29	29	0	0	7	0	0	0	20	21	20	20	21	21	20	21	20	20	27	25	25	26	25	26	25	25	26	15	21	21	21	21	21	21	21	21	21	21	21	21	21	20	21	21	21	20	21	20	20	20	31	29	30	30	16	17	17	17	17	42	17	16	17	17	42	37	41	42	43	17	14	17	17	34	36	35	34	42	43	42	18	18	18	15	18	18	25	24	24	26	24	20	20	20	20	20	20	20	22	21	19	19	22	19	43	21	17	17	21	26	27	19	19	19	19	19	20	19	19	20	20	20	20	20	20	20	20	20	20	20	20	20	20	20	20	20	20	20	21	21	21	21	21	21	21	21	21	21	37	40	39	40	39	38	37	38	31	35	17	18	17	17	17	17	17	18	22	22	22	22	22	22	22	22	22	22	22	22	22	22	22	22	22	22	22	22	20	20	20	20	20	14	20	20	20	20	21	22	22	20	22	21	21	21	22	21	21	23	23	21	21	23	23	21	17	24	24	24	24	24	24	20	21	18	21	21	21	21	20	21	21	21	21	20	17	21	22	21	24	20	20	22	22	22	22	20	19	19	19	19	20	19	19	19	20	20	20	20	20	19	20	20
BAI_LP_105_Du-222	23	25	26	26	22	24	24	28	27	28	28	20	20	23	20	21	20	0	1	0	0	1	1	0	1	0	0	11	9	9	10	9	10	9	9	10	6	9	7	9	9	9	9	9	9	9	9	9	9	9	8	9	7	7	6	7	8	8	8	30	28	29	28	4	5	5	5	5	42	7	6	7	7	43	35	41	42	43	5	5	5	5	32	33	33	32	43	44	43	6	6	6	3	6	6	11	10	10	12	10	6	6	6	6	6	6	6	10	1	5	5	10	5	44	9	5	5	9	12	13	5	5	5	5	5	8	5	5	6	6	6	6	6	6	6	6	6	6	6	6	6	6	6	6	6	6	6	7	7	7	7	7	7	7	7	7	7	33	36	35	36	35	34	33	34	27	31	5	6	5	5	4	5	6	6	10	10	10	10	10	10	10	10	10	10	10	10	10	10	10	10	10	10	10	10	6	6	6	6	6	7	6	6	6	6	9	8	8	8	8	9	9	9	10	7	7	9	9	7	7	9	9	6	7	10	10	10	10	10	10	12	9	7	9	9	9	9	8	9	9	9	9	8	8	9	12	10	12	8	8	10	10	10	10	6	5	5	5	5	6	5	5	5	6	6	4	4	6	5	6	6
BAI_LP_106_Du-223	24	26	27	27	23	25	25	29	28	29	29	21	21	24	21	22	21	1	0	1	1	0	0	1	2	1	1	12	10	10	11	10	11	10	10	11	7	10	8	10	10	10	10	10	10	10	10	10	10	10	9	10	8	8	7	8	9	9	9	31	29	30	29	5	6	6	6	6	43	8	7	8	8	44	36	42	43	44	6	6	6	6	33	34	34	33	44	45	44	7	7	7	4	7	7	12	11	11	13	11	7	7	7	7	7	7	7	11	0	6	6	11	6	45	10	6	6	10	13	14	6	6	6	6	6	9	6	6	7	7	7	7	7	7	7	7	7	7	7	7	7	7	7	7	7	7	7	8	8	8	8	8	8	8	8	8	8	34	37	36	37	36	35	34	35	28	32	6	7	6	6	5	6	7	7	11	11	11	11	11	11	11	11	11	11	11	11	11	11	11	11	11	11	11	11	7	7	7	7	7	8	7	7	7	7	10	9	9	9	9	10	10	10	11	8	8	10	10	8	8	10	10	7	8	11	11	11	11	11	11	13	10	8	10	10	10	10	9	10	10	10	10	9	9	10	13	11	13	9	9	11	11	11	11	7	6	6	6	6	7	6	6	6	7	7	5	5	7	6	7	7
BAI_LP_108_Du-225	23	25	26	26	22	24	24	28	27	28	28	20	20	23	20	21	20	0	1	0	0	1	1	0	1	0	0	11	9	9	10	9	10	9	9	10	6	9	7	9	9	9	9	9	9	9	9	9	9	9	8	9	7	7	6	7	8	8	8	30	28	29	28	4	5	5	5	5	42	7	6	7	7	43	35	41	42	43	5	5	5	5	32	33	33	32	43	44	43	6	6	6	3	6	6	11	10	10	12	10	6	6	6	6	6	6	6	10	1	5	5	10	5	44	9	5	5	9	12	13	5	5	5	5	5	8	5	5	6	6	6	6	6	6	6	6	6	6	6	6	6	6	6	6	6	6	6	7	7	7	7	7	7	7	7	7	7	33	36	35	36	35	34	33	34	27	31	5	6	5	5	4	5	6	6	10	10	10	10	10	10	10	10	10	10	10	10	10	10	10	10	10	10	10	10	6	6	6	6	6	7	6	6	6	6	9	8	8	8	8	9	9	9	10	7	7	9	9	7	7	9	9	6	7	10	10	10	10	10	10	12	9	7	9	9	9	9	8	9	9	9	9	8	8	9	12	10	12	8	8	10	10	10	10	6	5	5	5	5	6	5	5	5	6	6	4	4	6	5	6	6
BAI_LP_109_Du-226	23	25	26	26	22	24	24	28	27	28	28	20	20	23	20	21	20	0	1	0	0	1	1	0	1	0	0	11	9	9	10	9	10	9	9	10	6	9	7	9	9	9	9	9	9	9	9	9	9	9	8	9	7	7	6	7	8	8	8	30	28	29	28	4	5	5	5	5	42	7	6	7	7	43	35	41	42	43	5	5	5	5	32	33	33	32	43	44	43	6	6	6	3	6	6	11	10	10	12	10	6	6	6	6	6	6	6	10	1	5	5	10	5	44	9	5	5	9	12	13	5	5	5	5	5	8	5	5	6	6	6	6	6	6	6	6	6	6	6	6	6	6	6	6	6	6	6	7	7	7	7	7	7	7	7	7	7	33	36	35	36	35	34	33	34	27	31	5	6	5	5	4	5	6	6	10	10	10	10	10	10	10	10	10	10	10	10	10	10	10	10	10	10	10	10	6	6	6	6	6	7	6	6	6	6	9	8	8	8	8	9	9	9	10	7	7	9	9	7	7	9	9	6	7	10	10	10	10	10	10	12	9	7	9	9	9	9	8	9	9	9	9	8	8	9	12	10	12	8	8	10	10	10	10	6	5	5	5	5	6	5	5	5	6	6	4	4	6	5	6	6
BAI_LP_110_Du-227	24	26	27	27	23	25	25	29	28	29	29	21	21	24	21	22	21	1	0	1	1	0	0	1	2	1	1	12	10	10	11	10	11	10	10	11	7	10	8	10	10	10	10	10	10	10	10	10	10	10	9	10	8	8	7	8	9	9	9	31	29	30	29	5	6	6	6	6	43	8	7	8	8	44	36	42	43	44	6	6	6	6	33	34	34	33	44	45	44	7	7	7	4	7	7	12	11	11	13	11	7	7	7	7	7	7	7	11	0	6	6	11	6	45	10	6	6	10	13	14	6	6	6	6	6	9	6	6	7	7	7	7	7	7	7	7	7	7	7	7	7	7	7	7	7	7	7	8	8	8	8	8	8	8	8	8	8	34	37	36	37	36	35	34	35	28	32	6	7	6	6	5	6	7	7	11	11	11	11	11	11	11	11	11	11	11	11	11	11	11	11	11	11	11	11	7	7	7	7	7	8	7	7	7	7	10	9	9	9	9	10	10	10	11	8	8	10	10	8	8	10	10	7	8	11	11	11	11	11	11	13	10	8	10	10	10	10	9	10	10	10	10	9	9	10	13	11	13	9	9	11	11	11	11	7	6	6	6	6	7	6	6	6	7	7	5	5	7	6	7	7
BAI_LP_111_Du-228	24	26	27	27	23	25	25	29	28	29	29	21	21	24	21	22	21	1	0	1	1	0	0	1	2	1	1	12	10	10	11	10	11	10	10	11	7	10	8	10	10	10	10	10	10	10	10	10	10	10	9	10	8	8	7	8	9	9	9	31	29	30	29	5	6	6	6	6	43	8	7	8	8	44	36	42	43	44	6	6	6	6	33	34	34	33	44	45	44	7	7	7	4	7	7	12	11	11	13	11	7	7	7	7	7	7	7	11	0	6	6	11	6	45	10	6	6	10	13	14	6	6	6	6	6	9	6	6	7	7	7	7	7	7	7	7	7	7	7	7	7	7	7	7	7	7	7	8	8	8	8	8	8	8	8	8	8	34	37	36	37	36	35	34	35	28	32	6	7	6	6	5	6	7	7	11	11	11	11	11	11	11	11	11	11	11	11	11	11	11	11	11	11	11	11	7	7	7	7	7	8	7	7	7	7	10	9	9	9	9	10	10	10	11	8	8	10	10	8	8	10	10	7	8	11	11	11	11	11	11	13	10	8	10	10	10	10	9	10	10	10	10	9	9	10	13	11	13	9	9	11	11	11	11	7	6	6	6	6	7	6	6	6	7	7	5	5	7	6	7	7
BAI_LP_112_Du-230	23	25	26	26	22	24	24	28	27	28	28	20	20	23	20	21	20	0	1	0	0	1	1	0	1	0	0	11	9	9	10	9	10	9	9	10	6	9	7	9	9	9	9	9	9	9	9	9	9	9	8	9	7	7	6	7	8	8	8	30	28	29	28	4	5	5	5	5	42	7	6	7	7	43	35	41	42	43	5	5	5	5	32	33	33	32	43	44	43	6	6	6	3	6	6	11	10	10	12	10	6	6	6	6	6	6	6	10	1	5	5	10	5	44	9	5	5	9	12	13	5	5	5	5	5	8	5	5	6	6	6	6	6	6	6	6	6	6	6	6	6	6	6	6	6	6	6	7	7	7	7	7	7	7	7	7	7	33	36	35	36	35	34	33	34	27	31	5	6	5	5	4	5	6	6	10	10	10	10	10	10	10	10	10	10	10	10	10	10	10	10	10	10	10	10	6	6	6	6	6	7	6	6	6	6	9	8	8	8	8	9	9	9	10	7	7	9	9	7	7	9	9	6	7	10	10	10	10	10	10	12	9	7	9	9	9	9	8	9	9	9	9	8	8	9	12	10	12	8	8	10	10	10	10	6	5	5	5	5	6	5	5	5	6	6	4	4	6	5	6	6
BAI_LP_113_Du-231	24	26	27	27	23	25	25	29	28	29	29	21	21	24	21	22	21	1	2	1	1	2	2	1	0	1	1	12	10	10	11	10	11	10	10	11	7	10	8	10	10	10	10	10	10	10	10	10	10	10	9	10	8	8	7	8	9	9	9	31	29	30	29	5	6	6	6	6	43	8	7	8	8	44	36	42	43	44	6	6	6	6	33	34	34	33	44	45	44	7	7	7	4	7	7	12	11	11	13	11	7	7	7	7	7	7	7	11	2	6	6	11	6	45	10	6	6	10	13	14	6	6	6	6	6	9	6	6	7	7	7	7	7	7	7	7	7	7	7	7	7	7	7	7	7	7	7	8	8	8	8	8	8	8	8	8	8	34	37	36	37	36	35	34	35	28	32	6	7	6	6	4	6	7	7	11	11	11	11	11	11	11	11	11	11	11	11	11	11	11	11	11	11	11	11	7	7	7	7	7	8	7	7	7	7	10	9	9	9	9	10	10	10	11	8	8	10	10	8	8	10	10	6	8	11	11	11	11	11	11	13	10	8	10	10	10	10	9	10	10	10	10	9	9	10	13	11	13	9	9	11	11	11	11	7	6	6	6	6	7	6	6	6	7	7	5	5	7	6	7	7
BAI_LP_114_Du-232	23	25	26	26	22	24	24	28	27	28	28	20	20	23	20	21	20	0	1	0	0	1	1	0	1	0	0	11	9	9	10	9	10	9	9	10	6	9	7	9	9	9	9	9	9	9	9	9	9	9	8	9	7	7	6	7	8	8	8	30	28	29	28	4	5	5	5	5	42	7	6	7	7	43	35	41	42	43	5	5	5	5	32	33	33	32	43	44	43	6	6	6	3	6	6	11	10	10	12	10	6	6	6	6	6	6	6	10	1	5	5	10	5	44	9	5	5	9	12	13	5	5	5	5	5	8	5	5	6	6	6	6	6	6	6	6	6	6	6	6	6	6	6	6	6	6	6	7	7	7	7	7	7	7	7	7	7	33	36	35	36	35	34	33	34	27	31	5	6	5	5	4	5	6	6	10	10	10	10	10	10	10	10	10	10	10	10	10	10	10	10	10	10	10	10	6	6	6	6	6	7	6	6	6	6	9	8	8	8	8	9	9	9	10	7	7	9	9	7	7	9	9	6	7	10	10	10	10	10	10	12	9	7	9	9	9	9	8	9	9	9	9	8	8	9	12	10	12	8	8	10	10	10	10	6	5	5	5	5	6	5	5	5	6	6	4	4	6	5	6	6
BAI_LP_319_Du-233	23	25	26	26	22	24	24	28	27	28	28	20	20	23	20	21	20	0	1	0	0	1	1	0	1	0	0	11	9	9	10	9	10	9	9	10	6	9	7	9	9	9	9	9	9	9	9	9	9	9	8	9	7	7	6	7	8	8	8	30	28	29	28	4	5	5	5	5	42	7	6	7	7	43	35	41	42	43	5	5	5	5	32	33	33	32	43	44	43	6	6	6	3	6	6	11	10	10	12	10	6	6	6	6	6	6	6	10	1	5	5	10	5	44	9	5	5	9	12	13	5	5	5	5	5	8	5	5	6	6	6	6	6	6	6	6	6	6	6	6	6	6	6	6	6	6	6	7	7	7	7	7	7	7	7	7	7	33	36	35	36	35	34	33	34	27	31	5	6	5	5	4	5	6	6	10	10	10	10	10	10	10	10	10	10	10	10	10	10	10	10	10	10	10	10	6	6	6	6	6	7	6	6	6	6	9	8	8	8	8	9	9	9	10	7	7	9	9	7	7	9	9	6	7	10	10	10	10	10	10	12	9	7	9	9	9	9	8	9	9	9	9	8	8	9	12	10	12	8	8	10	10	10	10	6	5	5	5	5	6	5	5	5	6	6	4	4	6	5	6	6
COM_LP_269_Du-703	30	32	33	33	28	31	31	33	32	33	33	27	27	30	27	28	27	11	12	11	11	12	12	11	12	11	11	0	2	2	2	2	2	2	2	2	8	12	10	12	12	12	12	12	12	12	12	12	12	12	11	12	10	10	9	10	15	15	15	33	31	34	33	11	12	12	12	12	47	14	12	14	14	46	39	44	45	45	12	12	12	12	37	39	38	37	46	46	46	13	13	13	10	13	13	8	8	8	9	8	11	11	11	11	11	11	11	17	12	8	8	17	8	46	12	12	12	16	9	10	8	8	8	8	8	11	8	8	9	9	9	9	9	9	9	9	9	9	9	9	9	9	9	9	9	9	9	10	10	10	10	10	10	10	10	10	10	38	41	40	41	40	39	38	39	32	36	12	13	12	12	11	12	13	13	17	17	17	17	17	17	17	17	17	17	17	17	17	17	17	17	17	17	17	17	9	9	9	9	9	10	9	9	9	9	16	15	15	15	15	16	16	16	17	11	12	14	14	12	12	14	14	10	11	8	8	8	8	8	9	18	16	13	16	16	16	15	15	16	16	16	16	15	12	16	19	17	19	14	15	17	17	17	17	9	8	8	8	8	9	8	8	8	9	9	7	7	9	8	9	9
COM_LP_270_Du-704	28	30	31	31	26	29	29	31	30	31	31	25	25	28	25	26	25	9	10	9	9	10	10	9	10	9	9	2	0	0	0	0	0	0	0	0	6	10	8	10	10	10	10	10	10	10	10	10	10	10	9	10	8	8	7	8	13	13	13	31	29	32	31	9	10	10	10	10	45	12	10	12	12	44	37	42	43	43	10	10	10	10	35	37	36	35	44	44	44	11	11	11	8	11	11	8	8	8	9	8	11	11	11	11	11	11	11	15	10	6	6	15	6	44	10	10	10	14	9	10	6	6	6	6	6	9	6	6	7	7	7	7	7	7	7	7	7	7	7	7	7	7	7	7	7	7	7	8	8	8	8	8	8	8	8	8	8	36	39	38	39	38	37	36	37	30	34	10	11	10	10	10	10	11	11	15	15	15	15	15	15	15	15	15	15	15	15	15	15	15	15	15	15	15	15	7	7	7	7	7	8	7	7	7	7	14	13	13	13	13	14	14	14	15	11	12	14	14	12	12	14	14	10	11	8	8	8	8	8	9	16	14	11	14	14	14	14	13	14	14	14	14	13	10	14	17	15	17	12	13	15	15	15	15	7	6	6	6	6	7	6	6	6	7	7	5	5	7	6	7	7
COM_LP_272_Du-707	28	30	31	31	26	29	29	31	30	31	31	25	25	28	25	26	25	9	10	9	9	10	10	9	10	9	9	2	0	0	0	0	0	0	0	0	6	10	8	10	10	10	10	10	10	10	10	10	10	10	9	10	8	8	7	8	13	13	13	31	29	32	31	9	10	10	10	10	45	12	10	12	12	44	37	42	43	43	10	10	10	10	35	37	36	35	44	44	44	11	11	11	8	11	11	8	8	8	9	8	11	11	11	11	11	11	11	15	10	6	6	15	6	44	10	10	10	14	9	10	6	6	6	6	6	9	6	6	7	7	7	7	7	7	7	7	7	7	7	7	7	7	7	7	7	7	7	8	8	8	8	8	8	8	8	8	8	36	39	38	39	38	37	36	37	30	34	10	11	10	10	10	10	11	11	15	15	15	15	15	15	15	15	15	15	15	15	15	15	15	15	15	15	15	15	7	7	7	7	7	8	7	7	7	7	14	13	13	13	13	14	14	14	15	11	12	14	14	12	12	14	14	10	11	8	8	8	8	8	9	16	14	11	14	14	14	14	13	14	14	14	14	13	10	14	17	15	17	12	13	15	15	15	15	7	6	6	6	6	7	6	6	6	7	7	5	5	7	6	7	7
COM_LP_274_Du-709	29	31	32	32	27	30	30	32	31	32	32	26	26	29	26	27	26	10	11	10	10	11	11	10	11	10	10	2	0	0	0	0	0	0	0	0	6	11	9	11	11	11	11	11	11	11	11	11	11	11	10	11	9	9	8	9	14	14	14	32	30	33	32	10	11	11	11	11	46	13	11	13	13	44	37	43	43	43	11	11	11	11	36	38	37	36	44	44	44	12	12	12	9	12	12	9	9	9	10	9	12	12	12	12	12	12	12	16	11	7	7	16	7	44	11	11	11	15	10	11	7	7	7	7	7	10	7	7	8	8	8	8	8	8	8	8	8	8	8	8	8	8	8	8	8	8	8	9	9	9	9	9	9	9	9	9	9	37	40	39	40	39	38	37	38	31	35	11	12	11	11	11	11	12	12	16	16	16	16	16	16	16	16	16	16	16	16	16	16	16	16	16	16	16	16	8	8	8	8	8	9	8	8	8	8	15	14	14	14	14	15	15	15	16	11	13	15	15	13	13	15	15	10	12	9	9	9	9	9	10	17	15	11	15	15	15	15	14	15	15	15	15	14	10	15	18	16	18	12	14	16	16	16	16	8	7	7	7	7	8	7	7	7	8	8	6	6	8	7	8	8
COM_LP_276_Du-711	28	30	31	31	26	29	29	31	30	31	31	25	25	28	25	26	25	9	10	9	9	10	10	9	10	9	9	2	0	0	0	0	0	0	0	0	6	10	8	10	10	10	10	10	10	10	10	10	10	10	9	10	8	8	7	8	13	13	13	31	29	32	31	9	10	10	10	10	45	12	10	12	12	44	37	42	43	43	10	10	10	10	35	37	36	35	44	44	44	11	11	11	8	11	11	8	8	8	9	8	11	11	11	11	11	11	11	15	10	6	6	15	6	44	10	10	10	14	9	10	6	6	6	6	6	9	6	6	7	7	7	7	7	7	7	7	7	7	7	7	7	7	7	7	7	7	7	8	8	8	8	8	8	8	8	8	8	36	39	38	39	38	37	36	37	30	34	10	11	10	10	10	10	11	11	15	15	15	15	15	15	15	15	15	15	15	15	15	15	15	15	15	15	15	15	7	7	7	7	7	8	7	7	7	7	14	13	13	13	13	14	14	14	15	11	12	14	14	12	12	14	14	10	11	8	8	8	8	8	9	16	14	11	14	14	14	14	13	14	14	14	14	13	10	14	17	15	17	12	13	15	15	15	15	7	6	6	6	6	7	6	6	6	7	7	5	5	7	6	7	7
COM_LP_277_Du-712	29	31	32	32	27	30	30	32	31	32	32	26	26	29	26	27	26	10	11	10	10	11	11	10	11	10	10	2	0	0	0	0	0	0	0	0	6	11	9	11	11	11	11	11	11	11	11	11	11	11	10	11	9	9	8	9	14	14	14	32	30	33	32	10	11	11	11	11	46	13	11	13	13	44	37	43	43	43	11	11	11	11	36	38	37	36	44	44	44	12	12	12	9	12	12	9	9	9	10	9	12	12	12	12	12	12	12	16	11	7	7	16	7	44	11	11	11	15	10	11	7	7	7	7	7	10	7	7	8	8	8	8	8	8	8	8	8	8	8	8	8	8	8	8	8	8	8	9	9	9	9	9	9	9	9	9	9	37	40	39	40	39	38	37	38	31	35	11	12	11	11	11	11	12	12	16	16	16	16	16	16	16	16	16	16	16	16	16	16	16	16	16	16	16	16	8	8	8	8	8	9	8	8	8	8	15	14	14	14	14	15	15	15	16	11	13	15	15	13	13	15	15	10	12	9	9	9	9	9	10	17	15	11	15	15	15	15	14	15	15	15	15	14	10	15	18	16	18	12	14	16	16	16	16	8	7	7	7	7	8	7	7	7	8	8	6	6	8	7	8	8
COM_LP_341_Du-713	28	30	31	31	26	29	29	31	30	31	31	25	25	28	25	26	25	9	10	9	9	10	10	9	10	9	9	2	0	0	0	0	0	0	0	0	6	10	8	10	10	10	10	10	10	10	10	10	10	10	9	10	8	8	7	8	13	13	13	31	29	32	31	9	10	10	10	10	45	12	10	12	12	44	37	42	43	43	10	10	10	10	35	37	36	35	44	44	44	11	11	11	8	11	11	8	8	8	9	8	11	11	11	11	11	11	11	15	10	6	6	15	6	44	10	10	10	14	9	10	6	6	6	6	6	9	6	6	7	7	7	7	7	7	7	7	7	7	7	7	7	7	7	7	7	7	7	8	8	8	8	8	8	8	8	8	8	36	39	38	39	38	37	36	37	30	34	10	11	10	10	10	10	11	11	15	15	15	15	15	15	15	15	15	15	15	15	15	15	15	15	15	15	15	15	7	7	7	7	7	8	7	7	7	7	14	13	13	13	13	14	14	14	15	11	12	14	14	12	12	14	14	10	11	8	8	8	8	8	9	16	14	11	14	14	14	14	13	14	14	14	14	13	10	14	17	15	17	12	13	15	15	15	15	7	6	6	6	6	7	6	6	6	7	7	5	5	7	6	7	7
COM_LP_342_Du-714	28	30	31	31	26	29	29	31	30	31	31	25	25	28	25	26	25	9	10	9	9	10	10	9	10	9	9	2	0	0	0	0	0	0	0	0	6	10	8	10	10	10	10	10	10	10	10	10	10	10	9	10	8	8	7	8	13	13	13	31	29	32	31	9	10	10	10	10	45	12	10	12	12	44	37	42	43	43	10	10	10	10	35	37	36	35	44	44	44	11	11	11	8	11	11	8	8	8	9	8	11	11	11	11	11	11	11	15	10	6	6	15	6	44	10	10	10	14	9	10	6	6	6	6	6	9	6	6	7	7	7	7	7	7	7	7	7	7	7	7	7	7	7	7	7	7	7	8	8	8	8	8	8	8	8	8	8	36	39	38	39	38	37	36	37	30	34	10	11	10	10	10	10	11	11	15	15	15	15	15	15	15	15	15	15	15	15	15	15	15	15	15	15	15	15	7	7	7	7	7	8	7	7	7	7	14	13	13	13	13	14	14	14	15	11	12	14	14	12	12	14	14	10	11	8	8	8	8	8	9	16	14	11	14	14	14	14	13	14	14	14	14	13	10	14	17	15	17	12	13	15	15	15	15	7	6	6	6	6	7	6	6	6	7	7	5	5	7	6	7	7
COM_LP_343_Du-715	29	31	32	32	27	30	30	32	31	32	32	26	26	29	26	27	26	10	11	10	10	11	11	10	11	10	10	2	0	0	0	0	0	0	0	0	6	11	9	11	11	11	11	11	11	11	11	11	11	11	10	11	9	9	8	9	14	14	14	32	30	33	32	10	11	11	11	11	46	13	11	13	13	44	37	43	43	43	11	11	11	11	36	38	37	36	44	44	44	12	12	12	9	12	12	9	9	9	10	9	12	12	12	12	12	12	12	16	11	7	7	16	7	44	11	11	11	15	10	11	7	7	7	7	7	10	7	7	8	8	8	8	8	8	8	8	8	8	8	8	8	8	8	8	8	8	8	9	9	9	9	9	9	9	9	9	9	37	40	39	40	39	38	37	38	31	35	11	12	11	11	11	11	12	12	16	16	16	16	16	16	16	16	16	16	16	16	16	16	16	16	16	16	16	16	8	8	8	8	8	9	8	8	8	8	15	14	14	14	14	15	15	15	16	11	13	15	15	13	13	15	15	10	12	9	9	9	9	9	10	17	15	11	15	15	15	15	14	15	15	15	15	14	10	15	18	16	18	12	14	16	16	16	16	8	7	7	7	7	8	7	7	7	8	8	6	6	8	7	8	8
CROB_LP_169_Du-381	16	18	19	19	15	17	17	26	25	26	26	15	15	17	15	16	15	6	7	6	6	7	7	6	7	6	6	8	6	6	6	6	6	6	6	6	0	0	1	0	0	0	0	0	0	0	1	1	1	1	0	1	3	3	0	3	8	8	8	27	25	27	26	4	5	5	5	5	39	6	5	6	6	36	34	34	35	35	5	5	5	5	25	26	25	24	36	36	36	6	6	6	3	6	6	6	6	6	7	6	6	6	6	6	6	6	6	10	7	1	1	10	1	36	1	5	5	9	7	8	1	1	1	1	1	0	1	1	0	0	0	0	0	0	0	0	0	0	0	0	0	0	0	0	0	0	0	1	1	1	1	1	1	1	1	1	1	27	30	30	30	29	28	27	28	24	25	4	5	4	4	4	4	5	5	10	10	10	10	10	10	10	10	10	10	10	10	10	10	10	10	10	10	10	10	0	0	0	0	0	2	0	0	0	0	9	10	10	8	10	9	9	9	10	7	7	8	8	7	7	8	8	7	6	6	6	6	6	6	6	9	9	7	9	9	9	9	8	9	9	9	9	8	7	9	10	10	11	8	8	9	10	10	10	2	1	1	1	1	2	1	1	1	2	2	2	2	2	1	2	2
CROB_LP_170_Du-382	22	24	25	25	21	23	23	31	30	31	31	21	21	22	21	22	21	9	10	9	9	10	10	9	10	9	9	12	10	10	11	10	11	10	10	11	0	0	4	0	0	0	0	0	0	0	2	2	2	2	1	2	6	6	3	6	11	11	11	33	31	32	31	7	8	8	8	8	45	10	9	10	10	46	38	44	45	46	8	8	8	8	30	31	30	29	46	47	46	9	9	9	6	9	9	10	9	9	11	9	9	9	9	9	9	9	9	13	10	4	4	13	4	47	2	8	8	12	11	12	4	4	4	4	4	1	4	4	3	3	3	3	3	3	3	3	3	3	3	3	3	3	3	3	3	3	3	4	4	4	4	4	4	4	4	4	4	32	35	34	35	34	33	32	33	27	30	8	9	8	8	8	8	9	9	13	13	13	13	13	13	13	13	13	13	13	13	13	13	13	13	13	13	13	13	3	3	3	3	3	5	3	3	3	3	12	13	13	11	13	12	12	12	13	10	10	12	12	10	10	12	12	10	7	9	9	9	9	9	9	14	12	9	12	12	12	12	11	12	12	12	12	11	11	12	15	13	15	10	11	13	13	13	13	5	4	4	4	4	5	4	4	4	5	5	5	5	5	4	5	5
CROB_LP_172_Du-384	24	26	27	27	23	25	25	29	28	29	29	21	21	24	21	22	21	7	8	7	7	8	8	7	8	7	7	10	8	8	9	8	9	8	8	9	1	4	0	4	4	4	4	4	4	4	4	4	4	4	3	4	4	4	1	4	9	9	9	31	29	30	29	5	6	6	6	6	43	8	7	8	8	44	36	42	43	44	6	6	6	6	32	33	32	30	44	45	44	7	7	7	4	7	7	8	7	7	9	7	7	7	7	7	7	7	7	11	8	2	2	11	2	45	4	6	6	10	9	10	2	2	2	2	2	3	2	2	1	1	1	1	1	1	1	1	1	1	1	1	1	1	1	1	1	1	1	0	0	0	0	0	0	0	0	0	0	34	37	36	37	36	35	34	35	28	32	6	7	6	6	6	6	7	7	11	11	11	11	11	11	11	11	11	11	11	11	11	11	11	11	11	11	11	11	1	1	1	1	1	3	1	1	1	1	10	11	11	9	11	10	10	10	11	8	8	10	10	8	8	10	10	8	7	7	7	7	7	7	7	12	10	8	10	10	10	10	9	10	10	10	10	9	9	10	13	11	13	9	9	11	11	11	11	3	2	2	2	2	3	2	2	2	3	3	3	3	3	2	3	3
CROB_LP_173_Du-385	22	24	25	25	21	23	23	31	30	31	31	21	21	22	21	22	21	9	10	9	9	10	10	9	10	9	9	12	10	10	11	10	11	10	10	11	0	0	4	0	0	0	0	0	0	0	2	2	2	2	1	2	6	6	3	6	11	11	11	33	31	32	31	7	8	8	8	8	45	10	9	10	10	46	38	44	45	46	8	8	8	8	30	31	30	29	46	47	46	9	9	9	6	9	9	10	9	9	11	9	9	9	9	9	9	9	9	13	10	4	4	13	4	47	2	8	8	12	11	12	4	4	4	4	4	1	4	4	3	3	3	3	3	3	3	3	3	3	3	3	3	3	3	3	3	3	3	4	4	4	4	4	4	4	4	4	4	32	35	34	35	34	33	32	33	27	30	8	9	8	8	8	8	9	9	13	13	13	13	13	13	13	13	13	13	13	13	13	13	13	13	13	13	13	13	3	3	3	3	3	5	3	3	3	3	12	13	13	11	13	12	12	12	13	10	10	12	12	10	10	12	12	10	7	9	9	9	9	9	9	14	12	9	12	12	12	12	11	12	12	12	12	11	11	12	15	13	15	10	11	13	13	13	13	5	4	4	4	4	5	4	4	4	5	5	5	5	5	4	5	5
CROB_LP_174_Du-386	22	24	25	25	21	23	23	31	30	31	31	21	21	22	21	22	21	9	10	9	9	10	10	9	10	9	9	12	10	10	11	10	11	10	10	11	0	0	4	0	0	0	0	0	0	0	2	2	2	2	1	2	6	6	3	6	11	11	11	33	31	32	31	7	8	8	8	8	45	10	9	10	10	46	38	44	45	46	8	8	8	8	30	31	30	29	46	47	46	9	9	9	6	9	9	10	9	9	11	9	9	9	9	9	9	9	9	13	10	4	4	13	4	47	2	8	8	12	11	12	4	4	4	4	4	1	4	4	3	3	3	3	3	3	3	3	3	3	3	3	3	3	3	3	3	3	3	4	4	4	4	4	4	4	4	4	4	32	35	34	35	34	33	32	33	27	30	8	9	8	8	8	8	9	9	13	13	13	13	13	13	13	13	13	13	13	13	13	13	13	13	13	13	13	13	3	3	3	3	3	5	3	3	3	3	12	13	13	11	13	12	12	12	13	10	10	12	12	10	10	12	12	10	7	9	9	9	9	9	9	14	12	9	12	12	12	12	11	12	12	12	12	11	11	12	15	13	15	10	11	13	13	13	13	5	4	4	4	4	5	4	4	4	5	5	5	5	5	4	5	5
CROB_LP_175_Du-387	22	24	25	25	21	23	23	31	30	31	31	21	21	22	21	22	21	9	10	9	9	10	10	9	10	9	9	12	10	10	11	10	11	10	10	11	0	0	4	0	0	0	0	0	0	0	2	2	2	2	1	2	6	6	3	6	11	11	11	33	31	32	31	7	8	8	8	8	45	10	9	10	10	46	38	44	45	46	8	8	8	8	30	31	30	29	46	47	46	9	9	9	6	9	9	10	9	9	11	9	9	9	9	9	9	9	9	13	10	4	4	13	4	47	2	8	8	12	11	12	4	4	4	4	4	1	4	4	3	3	3	3	3	3	3	3	3	3	3	3	3	3	3	3	3	3	3	4	4	4	4	4	4	4	4	4	4	32	35	34	35	34	33	32	33	27	30	8	9	8	8	8	8	9	9	13	13	13	13	13	13	13	13	13	13	13	13	13	13	13	13	13	13	13	13	3	3	3	3	3	5	3	3	3	3	12	13	13	11	13	12	12	12	13	10	10	12	12	10	10	12	12	10	7	9	9	9	9	9	9	14	12	9	12	12	12	12	11	12	12	12	12	11	11	12	15	13	15	10	11	13	13	13	13	5	4	4	4	4	5	4	4	4	5	5	5	5	5	4	5	5
CROB_LP_176_Du-388	22	24	25	25	21	23	23	31	30	31	31	21	21	22	21	22	21	9	10	9	9	10	10	9	10	9	9	12	10	10	11	10	11	10	10	11	0	0	4	0	0	0	0	0	0	0	2	2	2	2	1	2	6	6	3	6	11	11	11	33	31	32	31	7	8	8	8	8	45	10	9	10	10	46	38	44	45	46	8	8	8	8	30	31	30	29	46	47	46	9	9	9	6	9	9	10	9	9	11	9	9	9	9	9	9	9	9	13	10	4	4	13	4	47	2	8	8	12	11	12	4	4	4	4	4	1	4	4	3	3	3	3	3	3	3	3	3	3	3	3	3	3	3	3	3	3	3	4	4	4	4	4	4	4	4	4	4	32	35	34	35	34	33	32	33	27	30	8	9	8	8	8	8	9	9	13	13	13	13	13	13	13	13	13	13	13	13	13	13	13	13	13	13	13	13	3	3	3	3	3	5	3	3	3	3	12	13	13	11	13	12	12	12	13	10	10	12	12	10	10	12	12	10	7	9	9	9	9	9	9	14	12	9	12	12	12	12	11	12	12	12	12	11	11	12	15	13	15	10	11	13	13	13	13	5	4	4	4	4	5	4	4	4	5	5	5	5	5	4	5	5
CROB_LP_177_Du-389	22	24	25	25	21	23	23	31	30	31	31	21	21	22	21	22	21	9	10	9	9	10	10	9	10	9	9	12	10	10	11	10	11	10	10	11	0	0	4	0	0	0	0	0	0	0	2	2	2	2	1	2	6	6	3	6	11	11	11	33	31	32	31	7	8	8	8	8	45	10	9	10	10	46	38	44	45	46	8	8	8	8	30	31	30	29	46	47	46	9	9	9	6	9	9	10	9	9	11	9	9	9	9	9	9	9	9	13	10	4	4	13	4	47	2	8	8	12	11	12	4	4	4	4	4	1	4	4	3	3	3	3	3	3	3	3	3	3	3	3	3	3	3	3	3	3	3	4	4	4	4	4	4	4	4	4	4	32	35	34	35	34	33	32	33	27	30	8	9	8	8	8	8	9	9	13	13	13	13	13	13	13	13	13	13	13	13	13	13	13	13	13	13	13	13	3	3	3	3	3	5	3	3	3	3	12	13	13	11	13	12	12	12	13	10	10	12	12	10	10	12	12	10	7	9	9	9	9	9	9	14	12	9	12	12	12	12	11	12	12	12	12	11	11	12	15	13	15	10	11	13	13	13	13	5	4	4	4	4	5	4	4	4	5	5	5	5	5	4	5	5
CROB_LP_320_Du-395	22	24	25	25	21	23	23	31	30	31	31	21	21	22	21	22	21	9	10	9	9	10	10	9	10	9	9	12	10	10	11	10	11	10	10	11	0	0	4	0	0	0	0	0	0	0	2	2	2	2	1	2	6	6	3	6	11	11	11	33	31	32	31	7	8	8	8	8	45	10	9	10	10	46	38	44	45	46	8	8	8	8	30	31	30	29	46	47	46	9	9	9	6	9	9	10	9	9	11	9	9	9	9	9	9	9	9	13	10	4	4	13	4	47	2	8	8	12	11	12	4	4	4	4	4	1	4	4	3	3	3	3	3	3	3	3	3	3	3	3	3	3	3	3	3	3	3	4	4	4	4	4	4	4	4	4	4	32	35	34	35	34	33	32	33	27	30	8	9	8	8	8	8	9	9	13	13	13	13	13	13	13	13	13	13	13	13	13	13	13	13	13	13	13	13	3	3	3	3	3	5	3	3	3	3	12	13	13	11	13	12	12	12	13	10	10	12	12	10	10	12	12	10	7	9	9	9	9	9	9	14	12	9	12	12	12	12	11	12	12	12	12	11	11	12	15	13	15	10	11	13	13	13	13	5	4	4	4	4	5	4	4	4	5	5	5	5	5	4	5	5
CROB_LP_321_Du-396	22	24	25	25	21	23	23	31	30	31	31	21	21	22	21	22	21	9	10	9	9	10	10	9	10	9	9	12	10	10	11	10	11	10	10	11	0	0	4	0	0	0	0	0	0	0	2	2	2	2	1	2	6	6	3	6	11	11	11	33	31	32	31	7	8	8	8	8	45	10	9	10	10	46	38	44	45	46	8	8	8	8	30	31	30	29	46	47	46	9	9	9	6	9	9	10	9	9	11	9	9	9	9	9	9	9	9	13	10	4	4	13	4	47	2	8	8	12	11	12	4	4	4	4	4	1	4	4	3	3	3	3	3	3	3	3	3	3	3	3	3	3	3	3	3	3	3	4	4	4	4	4	4	4	4	4	4	32	35	34	35	34	33	32	33	27	30	8	9	8	8	8	8	9	9	13	13	13	13	13	13	13	13	13	13	13	13	13	13	13	13	13	13	13	13	3	3	3	3	3	5	3	3	3	3	12	13	13	11	13	12	12	12	13	10	10	12	12	10	10	12	12	10	7	9	9	9	9	9	9	14	12	9	12	12	12	12	11	12	12	12	12	11	11	12	15	13	15	10	11	13	13	13	13	5	4	4	4	4	5	4	4	4	5	5	5	5	5	4	5	5
CROS_LP_085_Du-181	22	24	25	25	21	23	23	31	30	31	31	21	21	22	21	22	21	9	10	9	9	10	10	9	10	9	9	12	10	10	11	10	11	10	10	11	1	2	4	2	2	2	2	2	2	2	0	0	0	0	1	0	6	6	3	6	11	11	11	33	31	32	31	7	8	8	8	8	45	10	9	10	10	46	38	44	45	46	8	8	8	8	30	31	30	29	46	47	46	9	9	9	6	9	9	10	9	9	11	9	9	9	9	9	9	9	9	13	10	4	4	13	4	47	0	8	8	12	11	12	4	4	4	4	4	1	4	4	3	3	3	3	3	3	3	3	3	3	3	3	3	3	3	3	3	3	3	4	4	4	4	4	4	4	4	4	4	32	35	34	35	34	33	32	33	27	30	8	9	8	8	8	8	9	9	13	13	13	13	13	13	13	13	13	13	13	13	13	13	13	13	13	13	13	13	3	3	3	3	3	5	3	3	3	3	12	13	13	11	13	12	12	12	13	10	10	12	12	10	10	12	12	10	7	9	9	9	9	9	9	14	12	9	12	12	12	12	11	12	12	12	12	11	11	12	15	13	15	10	11	13	13	13	13	5	4	4	4	4	5	4	4	4	5	5	5	5	5	4	5	5
CROS_LP_086_Du-182	22	24	25	25	21	23	23	31	30	31	31	21	21	22	21	22	21	9	10	9	9	10	10	9	10	9	9	12	10	10	11	10	11	10	10	11	1	2	4	2	2	2	2	2	2	2	0	0	0	0	1	0	6	6	3	6	11	11	11	33	31	32	31	7	8	8	8	8	45	10	9	10	10	46	38	44	45	46	8	8	8	8	30	31	30	29	46	47	46	9	9	9	6	9	9	10	9	9	11	9	9	9	9	9	9	9	9	13	10	4	4	13	4	47	0	8	8	12	11	12	4	4	4	4	4	1	4	4	3	3	3	3	3	3	3	3	3	3	3	3	3	3	3	3	3	3	3	4	4	4	4	4	4	4	4	4	4	32	35	34	35	34	33	32	33	27	30	8	9	8	8	8	8	9	9	13	13	13	13	13	13	13	13	13	13	13	13	13	13	13	13	13	13	13	13	3	3	3	3	3	5	3	3	3	3	12	13	13	11	13	12	12	12	13	10	10	12	12	10	10	12	12	10	7	9	9	9	9	9	9	14	12	9	12	12	12	12	11	12	12	12	12	11	11	12	15	13	15	10	11	13	13	13	13	5	4	4	4	4	5	4	4	4	5	5	5	5	5	4	5	5
CROS_LP_087_Du-183	22	24	25	25	21	23	23	31	30	31	31	21	21	22	21	22	21	9	10	9	9	10	10	9	10	9	9	12	10	10	11	10	11	10	10	11	1	2	4	2	2	2	2	2	2	2	0	0	0	0	1	0	6	6	3	6	11	11	11	33	31	32	31	7	8	8	8	8	45	10	9	10	10	46	38	44	45	46	8	8	8	8	30	31	30	29	46	47	46	9	9	9	6	9	9	10	9	9	11	9	9	9	9	9	9	9	9	13	10	4	4	13	4	47	0	8	8	12	11	12	4	4	4	4	4	1	4	4	3	3	3	3	3	3	3	3	3	3	3	3	3	3	3	3	3	3	3	4	4	4	4	4	4	4	4	4	4	32	35	34	35	34	33	32	33	27	30	8	9	8	8	8	8	9	9	13	13	13	13	13	13	13	13	13	13	13	13	13	13	13	13	13	13	13	13	3	3	3	3	3	5	3	3	3	3	12	13	13	11	13	12	12	12	13	10	10	12	12	10	10	12	12	10	7	9	9	9	9	9	9	14	12	9	12	12	12	12	11	12	12	12	12	11	11	12	15	13	15	10	11	13	13	13	13	5	4	4	4	4	5	4	4	4	5	5	5	5	5	4	5	5
CROS_LP_088_Du-184	22	24	25	25	21	23	23	31	30	31	31	21	21	22	21	22	21	9	10	9	9	10	10	9	10	9	9	12	10	10	11	10	11	10	10	11	1	2	4	2	2	2	2	2	2	2	0	0	0	0	1	0	6	6	3	6	11	11	11	33	31	32	31	7	8	8	8	8	45	10	9	10	10	46	38	44	45	46	8	8	8	8	30	31	30	29	46	47	46	9	9	9	6	9	9	10	9	9	11	9	9	9	9	9	9	9	9	13	10	4	4	13	4	47	0	8	8	12	11	12	4	4	4	4	4	1	4	4	3	3	3	3	3	3	3	3	3	3	3	3	3	3	3	3	3	3	3	4	4	4	4	4	4	4	4	4	4	32	35	34	35	34	33	32	33	27	30	8	9	8	8	8	8	9	9	13	13	13	13	13	13	13	13	13	13	13	13	13	13	13	13	13	13	13	13	3	3	3	3	3	5	3	3	3	3	12	13	13	11	13	12	12	12	13	10	10	12	12	10	10	12	12	10	7	9	9	9	9	9	9	14	12	9	12	12	12	12	11	12	12	12	12	11	11	12	15	13	15	10	11	13	13	13	13	5	4	4	4	4	5	4	4	4	5	5	5	5	5	4	5	5
CROS_LP_089_Du-185	21	23	24	24	20	22	22	30	29	30	30	20	20	21	20	21	20	8	9	8	8	9	9	8	9	8	8	11	9	9	10	9	10	9	9	10	0	1	3	1	1	1	1	1	1	1	1	1	1	1	0	1	5	5	2	5	10	10	10	32	30	31	30	6	7	7	7	7	44	9	8	9	9	45	37	43	44	45	7	7	7	7	29	30	29	28	45	46	45	8	8	8	5	8	8	9	8	8	10	8	8	8	8	8	8	8	8	12	9	3	3	12	3	46	1	7	7	11	10	11	3	3	3	3	3	0	3	3	2	2	2	2	2	2	2	2	2	2	2	2	2	2	2	2	2	2	2	3	3	3	3	3	3	3	3	3	3	31	34	33	34	33	32	31	32	26	29	7	8	7	7	7	7	8	8	12	12	12	12	12	12	12	12	12	12	12	12	12	12	12	12	12	12	12	12	2	2	2	2	2	4	2	2	2	2	11	12	12	10	12	11	11	11	12	9	9	11	11	9	9	11	11	9	6	8	8	8	8	8	8	13	11	9	11	11	11	11	10	11	11	11	11	10	10	11	14	12	14	9	10	12	12	12	12	4	3	3	3	3	4	3	3	3	4	4	4	4	4	3	4	4
CROS_LP_090_Du-186	22	24	25	25	21	23	23	31	30	31	31	21	21	22	21	22	21	9	10	9	9	10	10	9	10	9	9	12	10	10	11	10	11	10	10	11	1	2	4	2	2	2	2	2	2	2	0	0	0	0	1	0	6	6	3	6	11	11	11	33	31	32	31	7	8	8	8	8	45	10	9	10	10	46	38	44	45	46	8	8	8	8	30	31	30	29	46	47	46	9	9	9	6	9	9	10	9	9	11	9	9	9	9	9	9	9	9	13	10	4	4	13	4	47	0	8	8	12	11	12	4	4	4	4	4	1	4	4	3	3	3	3	3	3	3	3	3	3	3	3	3	3	3	3	3	3	3	4	4	4	4	4	4	4	4	4	4	32	35	34	35	34	33	32	33	27	30	8	9	8	8	8	8	9	9	13	13	13	13	13	13	13	13	13	13	13	13	13	13	13	13	13	13	13	13	3	3	3	3	3	5	3	3	3	3	12	13	13	11	13	12	12	12	13	10	10	12	12	10	10	12	12	10	7	9	9	9	9	9	9	14	12	9	12	12	12	12	11	12	12	12	12	11	11	12	15	13	15	10	11	13	13	13	13	5	4	4	4	4	5	4	4	4	5	5	5	5	5	4	5	5
CROS_LP_091_Du-187	24	26	27	27	23	25	25	29	28	29	29	21	21	24	21	22	21	7	8	7	7	8	8	7	8	7	7	10	8	8	9	8	9	8	8	9	3	6	4	6	6	6	6	6	6	6	6	6	6	6	5	6	0	0	3	0	9	9	9	31	29	30	29	5	6	6	6	6	43	8	7	8	8	44	36	42	43	44	6	6	6	6	33	35	34	33	44	45	44	7	7	7	4	7	7	8	7	7	9	7	7	7	7	7	7	7	7	11	8	2	2	11	2	45	6	6	6	10	9	10	2	2	2	2	2	5	2	2	3	3	3	3	3	3	3	3	3	3	3	3	3	3	3	3	3	3	3	4	4	4	4	4	4	4	4	4	4	36	39	38	39	38	37	36	37	30	34	6	7	6	6	6	6	7	7	11	11	11	11	11	11	11	11	11	11	11	11	11	11	11	11	11	11	11	11	3	3	3	3	3	4	3	3	3	3	10	11	11	9	11	10	10	10	11	8	8	10	10	8	8	10	10	8	7	7	7	7	7	7	7	12	10	8	10	10	10	10	9	10	10	10	10	9	9	10	13	11	13	9	9	11	11	11	11	1	2	2	2	2	1	2	2	2	1	1	3	3	1	2	1	1
CROS_LP_092_Du-188	24	26	27	27	23	25	25	29	28	29	29	21	21	24	21	22	21	7	8	7	7	8	8	7	8	7	7	10	8	8	9	8	9	8	8	9	3	6	4	6	6	6	6	6	6	6	6	6	6	6	5	6	0	0	3	0	9	9	9	31	29	30	29	5	6	6	6	6	43	8	7	8	8	44	36	42	43	44	6	6	6	6	33	35	34	33	44	45	44	7	7	7	4	7	7	8	7	7	9	7	7	7	7	7	7	7	7	11	8	2	2	11	2	45	6	6	6	10	9	10	2	2	2	2	2	5	2	2	3	3	3	3	3	3	3	3	3	3	3	3	3	3	3	3	3	3	3	4	4	4	4	4	4	4	4	4	4	36	39	38	39	38	37	36	37	30	34	6	7	6	6	6	6	7	7	11	11	11	11	11	11	11	11	11	11	11	11	11	11	11	11	11	11	11	11	3	3	3	3	3	4	3	3	3	3	10	11	11	9	11	10	10	10	11	8	8	10	10	8	8	10	10	8	7	7	7	7	7	7	7	12	10	8	10	10	10	10	9	10	10	10	10	9	9	10	13	11	13	9	9	11	11	11	11	1	2	2	2	2	1	2	2	2	1	1	3	3	1	2	1	1
CROS_LP_093_Du-189	23	25	26	26	22	24	24	28	27	28	28	20	20	23	20	21	20	6	7	6	6	7	7	6	7	6	6	9	7	7	8	7	8	7	7	8	0	3	1	3	3	3	3	3	3	3	3	3	3	3	2	3	3	3	0	3	8	8	8	30	28	29	28	4	5	5	5	5	42	7	6	7	7	43	35	41	42	43	5	5	5	5	31	32	31	30	43	44	43	6	6	6	3	6	6	7	6	6	8	6	6	6	6	6	6	6	6	10	7	1	1	10	1	44	3	5	5	9	8	9	1	1	1	1	1	2	1	1	0	0	0	0	0	0	0	0	0	0	0	0	0	0	0	0	0	0	0	1	1	1	1	1	1	1	1	1	1	33	36	35	36	35	34	33	34	27	31	5	6	5	5	5	5	6	6	10	10	10	10	10	10	10	10	10	10	10	10	10	10	10	10	10	10	10	10	0	0	0	0	0	2	0	0	0	0	9	10	10	8	10	9	9	9	10	7	7	9	9	7	7	9	9	7	6	6	6	6	6	6	6	11	9	7	9	9	9	9	8	9	9	9	9	8	8	9	12	10	12	8	8	10	10	10	10	2	1	1	1	1	2	1	1	1	2	2	2	2	2	1	2	2
CROS_LP_094_Du-190	24	26	27	27	23	25	25	29	28	29	29	21	21	24	21	22	21	7	8	7	7	8	8	7	8	7	7	10	8	8	9	8	9	8	8	9	3	6	4	6	6	6	6	6	6	6	6	6	6	6	5	6	0	0	3	0	9	9	9	31	29	30	29	5	6	6	6	6	43	8	7	8	8	44	36	42	43	44	6	6	6	6	33	35	34	33	44	45	44	7	7	7	4	7	7	8	7	7	9	7	7	7	7	7	7	7	7	11	8	2	2	11	2	45	6	6	6	10	9	10	2	2	2	2	2	5	2	2	3	3	3	3	3	3	3	3	3	3	3	3	3	3	3	3	3	3	3	4	4	4	4	4	4	4	4	4	4	36	39	38	39	38	37	36	37	30	34	6	7	6	6	6	6	7	7	11	11	11	11	11	11	11	11	11	11	11	11	11	11	11	11	11	11	11	11	3	3	3	3	3	4	3	3	3	3	10	11	11	9	11	10	10	10	11	8	8	10	10	8	8	10	10	8	7	7	7	7	7	7	7	12	10	8	10	10	10	10	9	10	10	10	10	9	9	10	13	11	13	9	9	11	11	11	11	1	2	2	2	2	1	2	2	2	1	1	3	3	1	2	1	1
CY_ALA_LP_298-Du-767	23	25	26	26	22	24	24	26	25	26	26	20	20	23	20	21	20	8	9	8	8	9	9	8	9	8	8	15	13	13	14	13	14	13	13	14	8	11	9	11	11	11	11	11	11	11	11	11	11	11	10	11	9	9	8	9	0	0	0	28	26	27	26	2	3	3	3	3	40	3	3	3	3	41	33	39	40	41	3	3	3	3	30	32	31	30	41	42	41	4	4	4	3	4	4	13	12	12	14	12	8	8	8	8	8	8	8	10	9	7	7	10	7	42	11	3	3	9	14	15	7	7	7	7	7	10	7	7	8	8	8	8	8	8	8	8	8	8	8	8	8	8	8	8	8	8	8	9	9	9	9	9	9	9	9	9	9	33	36	35	36	35	34	33	34	27	32	5	6	5	5	5	5	6	6	10	10	10	10	10	10	10	10	10	10	10	10	10	10	10	10	10	10	10	10	8	8	8	8	8	9	8	8	8	8	9	10	10	8	10	9	9	9	10	9	9	11	11	9	9	11	11	9	9	12	12	12	12	12	12	12	9	7	9	9	9	9	8	9	9	9	9	8	9	9	12	10	12	8	7	10	10	10	10	8	7	7	7	7	8	7	7	7	8	8	8	8	8	7	8	8
CY_ALA_LP_299-Du-768	23	25	26	26	22	24	24	26	25	26	26	20	20	23	20	21	20	8	9	8	8	9	9	8	9	8	8	15	13	13	14	13	14	13	13	14	8	11	9	11	11	11	11	11	11	11	11	11	11	11	10	11	9	9	8	9	0	0	0	28	26	27	26	2	3	3	3	3	40	3	3	3	3	41	33	39	40	41	3	3	3	3	30	32	31	30	41	42	41	4	4	4	3	4	4	13	12	12	14	12	8	8	8	8	8	8	8	10	9	7	7	10	7	42	11	3	3	9	14	15	7	7	7	7	7	10	7	7	8	8	8	8	8	8	8	8	8	8	8	8	8	8	8	8	8	8	8	9	9	9	9	9	9	9	9	9	9	33	36	35	36	35	34	33	34	27	32	5	6	5	5	5	5	6	6	10	10	10	10	10	10	10	10	10	10	10	10	10	10	10	10	10	10	10	10	8	8	8	8	8	9	8	8	8	8	9	10	10	8	10	9	9	9	10	9	9	11	11	9	9	11	11	9	9	12	12	12	12	12	12	12	9	7	9	9	9	9	8	9	9	9	9	8	9	9	12	10	12	8	7	10	10	10	10	8	7	7	7	7	8	7	7	7	8	8	8	8	8	7	8	8
CY_ALA_LP_357_Du-769	23	25	26	26	22	24	24	26	25	26	26	20	20	23	20	21	20	8	9	8	8	9	9	8	9	8	8	15	13	13	14	13	14	13	13	14	8	11	9	11	11	11	11	11	11	11	11	11	11	11	10	11	9	9	8	9	0	0	0	28	26	27	26	2	3	3	3	3	40	3	3	3	3	41	33	39	40	41	3	3	3	3	30	32	31	30	41	42	41	4	4	4	3	4	4	13	12	12	14	12	8	8	8	8	8	8	8	10	9	7	7	10	7	42	11	3	3	9	14	15	7	7	7	7	7	10	7	7	8	8	8	8	8	8	8	8	8	8	8	8	8	8	8	8	8	8	8	9	9	9	9	9	9	9	9	9	9	33	36	35	36	35	34	33	34	27	32	5	6	5	5	5	5	6	6	10	10	10	10	10	10	10	10	10	10	10	10	10	10	10	10	10	10	10	10	8	8	8	8	8	9	8	8	8	8	9	10	10	8	10	9	9	9	10	9	9	11	11	9	9	11	11	9	9	12	12	12	12	12	12	12	9	7	9	9	9	9	8	9	9	9	9	8	9	9	12	10	12	8	7	10	10	10	10	8	7	7	7	7	8	7	7	7	8	8	8	8	8	7	8	8
CY_BAL_LP_226_Du-602	33	35	36	36	31	35	34	3	2	2	2	31	31	34	31	31	31	30	31	30	30	31	31	30	31	30	30	33	31	31	32	31	32	31	31	32	27	33	31	33	33	33	33	33	33	33	33	33	33	33	32	33	31	31	30	31	28	28	28	0	0	3	2	25	25	25	25	25	31	27	27	27	27	31	25	30	31	32	25	22	25	25	20	22	22	22	31	32	31	26	25	26	24	26	26	31	31	31	32	31	30	30	30	30	30	30	30	32	31	29	29	32	29	32	33	25	25	31	32	33	29	29	29	29	29	32	29	29	30	30	30	30	30	30	30	30	30	30	30	30	30	30	30	30	30	30	30	31	31	31	31	31	31	31	31	31	31	21	24	23	24	23	22	22	23	17	21	27	28	27	27	26	27	27	28	32	32	32	32	32	32	32	32	32	32	32	32	32	32	32	32	32	32	32	32	30	30	30	30	30	28	30	30	30	30	31	32	32	30	32	31	31	31	32	30	31	33	33	31	31	33	33	28	29	31	31	31	31	31	32	32	31	27	31	31	31	31	30	31	31	31	31	30	26	31	34	26	34	29	29	32	32	32	32	30	29	29	29	29	30	29	29	29	30	30	30	30	30	29	30	30
CY_BAL_LP_227_Du-603	31	33	34	34	29	33	32	3	2	2	2	29	29	32	29	29	29	28	29	28	28	29	29	28	29	28	28	31	29	29	30	29	30	29	29	30	25	31	29	31	31	31	31	31	31	31	31	31	31	31	30	31	29	29	28	29	26	26	26	0	0	3	2	23	23	23	23	23	29	25	25	25	25	29	23	28	29	30	23	20	23	23	20	22	22	22	29	30	29	24	23	24	22	24	24	29	29	29	30	29	28	28	28	28	28	28	28	30	29	27	27	30	27	30	31	23	23	29	30	31	27	27	27	27	27	30	27	27	28	28	28	28	28	28	28	28	28	28	28	28	28	28	28	28	28	28	28	29	29	29	29	29	29	29	29	29	29	21	23	22	23	23	22	22	23	17	21	25	26	25	25	24	25	25	26	30	30	30	30	30	30	30	30	30	30	30	30	30	30	30	30	30	30	30	30	28	28	28	28	28	26	28	28	28	28	29	30	30	28	30	29	29	29	30	28	29	31	31	29	29	31	31	26	27	29	29	29	29	29	30	30	29	25	29	29	29	29	28	29	29	29	29	28	24	29	32	26	32	27	27	30	30	30	30	28	27	27	27	27	28	27	27	27	28	28	28	28	28	27	28	28
CY_BGL_LP_210_Du-577	32	34	35	35	32	34	32	2	1	1	1	30	30	33	30	30	30	29	30	29	29	30	30	29	30	29	29	34	32	32	33	32	33	32	32	33	27	32	30	32	32	32	32	32	32	32	32	32	32	32	31	32	30	30	29	30	27	27	27	3	3	0	3	24	24	24	24	24	30	26	26	26	26	32	25	31	32	33	24	21	24	24	19	21	21	21	32	33	32	25	24	25	23	25	25	32	31	31	33	31	29	29	29	29	29	29	29	31	30	28	28	31	28	33	32	24	24	30	33	34	28	28	28	28	28	31	28	28	29	29	29	29	29	29	29	29	29	29	29	29	29	29	29	29	29	29	29	30	30	30	30	30	30	30	30	30	30	20	23	22	23	22	21	21	22	16	20	26	27	26	26	25	26	26	27	31	31	31	31	31	31	31	31	31	31	31	31	31	31	31	31	31	31	31	31	29	29	29	29	29	27	29	29	29	29	30	31	31	29	31	30	30	30	31	30	30	32	32	30	30	32	32	28	28	31	31	31	31	31	31	31	30	27	30	30	30	30	29	30	30	30	30	29	26	30	33	26	33	29	28	31	31	31	31	29	28	28	28	28	29	28	28	28	29	29	29	29	29	28	29	29
CY_BGL_LP_212_Du-579	32	35	36	36	32	34	34	2	1	2	2	30	30	33	30	31	30	28	29	28	28	29	29	28	29	28	28	33	31	31	32	31	32	31	31	32	26	31	29	31	31	31	31	31	31	31	31	31	31	31	30	31	29	29	28	29	26	26	26	2	2	3	0	23	23	23	23	23	30	25	25	25	25	33	25	31	32	33	23	20	23	23	18	20	20	20	33	34	33	24	24	24	22	24	24	31	30	30	32	30	28	28	28	28	28	28	28	30	29	27	27	30	27	34	31	23	23	29	32	33	27	27	27	27	27	30	27	27	28	28	28	28	28	28	28	28	28	28	28	28	28	28	28	28	28	28	28	29	29	29	29	29	29	29	29	29	29	19	22	21	22	21	20	20	21	15	19	25	26	25	25	24	25	25	26	30	30	30	30	30	30	30	30	30	30	30	30	30	30	30	30	30	30	30	30	28	28	28	28	28	27	28	28	28	28	29	30	30	28	30	29	29	29	30	29	29	31	31	29	29	31	31	27	27	30	30	30	30	30	30	30	29	26	29	29	29	29	28	29	29	29	29	28	26	29	32	24	32	28	27	30	30	30	30	28	27	27	27	27	28	27	27	27	28	28	28	28	28	27	28	28
CY_BOU_LP_288_Du-737	19	21	22	22	18	20	20	23	22	23	23	16	16	19	16	17	16	4	5	4	4	5	5	4	5	4	4	11	9	9	10	9	10	9	9	10	4	7	5	7	7	7	7	7	7	7	7	7	7	7	6	7	5	5	4	5	2	2	2	25	23	24	23	0	0	0	0	0	37	2	2	2	2	38	30	36	37	38	0	0	0	0	27	29	28	27	38	39	38	1	1	1	0	1	1	9	8	8	10	8	4	4	4	4	4	4	4	6	5	3	3	6	3	39	7	0	0	5	10	11	3	3	3	3	3	6	3	3	4	4	4	4	4	4	4	4	4	4	4	4	4	4	4	4	4	4	4	5	5	5	5	5	5	5	5	5	5	30	33	32	33	32	31	30	31	24	29	1	2	1	1	1	1	2	2	6	6	6	6	6	6	6	6	6	6	6	6	6	6	6	6	6	6	6	6	4	4	4	4	4	5	4	4	4	4	5	6	6	4	6	5	5	5	6	5	5	7	7	5	5	7	7	5	5	8	8	8	8	8	8	8	5	3	5	5	5	5	4	5	5	5	5	4	5	5	8	6	8	4	4	6	6	6	6	4	3	3	3	3	4	3	3	3	4	4	4	4	4	3	4	4
CY_BOU_LP_290_Du-739	20	22	23	23	19	21	21	23	22	23	23	17	17	20	17	18	17	5	6	5	5	6	6	5	6	5	5	12	10	10	11	10	11	10	10	11	5	8	6	8	8	8	8	8	8	8	8	8	8	8	7	8	6	6	5	6	3	3	3	25	23	24	23	0	0	0	0	0	37	2	2	2	2	38	30	36	37	38	0	0	0	0	27	29	28	27	38	39	38	1	1	1	0	1	1	10	9	9	11	9	5	5	5	5	5	5	5	7	6	4	4	7	4	39	8	0	0	6	11	12	4	4	4	4	4	7	4	4	5	5	5	5	5	5	5	5	5	5	5	5	5	5	5	5	5	5	5	6	6	6	6	6	6	6	6	6	6	30	33	32	33	32	31	30	31	24	29	2	3	2	2	2	2	3	3	7	7	7	7	7	7	7	7	7	7	7	7	7	7	7	7	7	7	7	7	5	5	5	5	5	6	5	5	5	5	6	7	7	5	7	6	6	6	7	6	6	8	8	6	6	8	8	6	6	9	9	9	9	9	9	9	6	4	6	6	6	6	5	6	6	6	6	5	6	6	9	7	9	5	4	7	7	7	7	5	4	4	4	4	5	4	4	4	5	5	5	5	5	4	5	5
CY_BOU_LP_291_Du-740	20	22	23	23	19	21	21	23	22	23	23	17	17	20	17	18	17	5	6	5	5	6	6	5	6	5	5	12	10	10	11	10	11	10	10	11	5	8	6	8	8	8	8	8	8	8	8	8	8	8	7	8	6	6	5	6	3	3	3	25	23	24	23	0	0	0	0	0	37	2	2	2	2	38	30	36	37	38	0	0	0	0	27	29	28	27	38	39	38	1	1	1	0	1	1	10	9	9	11	9	5	5	5	5	5	5	5	7	6	4	4	7	4	39	8	0	0	6	11	12	4	4	4	4	4	7	4	4	5	5	5	5	5	5	5	5	5	5	5	5	5	5	5	5	5	5	5	6	6	6	6	6	6	6	6	6	6	30	33	32	33	32	31	30	31	24	29	2	3	2	2	2	2	3	3	7	7	7	7	7	7	7	7	7	7	7	7	7	7	7	7	7	7	7	7	5	5	5	5	5	6	5	5	5	5	6	7	7	5	7	6	6	6	7	6	6	8	8	6	6	8	8	6	6	9	9	9	9	9	9	9	6	4	6	6	6	6	5	6	6	6	6	5	6	6	9	7	9	5	4	7	7	7	7	5	4	4	4	4	5	4	4	4	5	5	5	5	5	4	5	5
CY_BOU_LP_292_Du-741	20	22	23	23	19	21	21	23	22	23	23	17	17	20	17	18	17	5	6	5	5	6	6	5	6	5	5	12	10	10	11	10	11	10	10	11	5	8	6	8	8	8	8	8	8	8	8	8	8	8	7	8	6	6	5	6	3	3	3	25	23	24	23	0	0	0	0	0	37	2	2	2	2	38	30	36	37	38	0	0	0	0	27	29	28	27	38	39	38	1	1	1	0	1	1	10	9	9	11	9	5	5	5	5	5	5	5	7	6	4	4	7	4	39	8	0	0	6	11	12	4	4	4	4	4	7	4	4	5	5	5	5	5	5	5	5	5	5	5	5	5	5	5	5	5	5	5	6	6	6	6	6	6	6	6	6	6	30	33	32	33	32	31	30	31	24	29	2	3	2	2	2	2	3	3	7	7	7	7	7	7	7	7	7	7	7	7	7	7	7	7	7	7	7	7	5	5	5	5	5	6	5	5	5	5	6	7	7	5	7	6	6	6	7	6	6	8	8	6	6	8	8	6	6	9	9	9	9	9	9	9	6	4	6	6	6	6	5	6	6	6	6	5	6	6	9	7	9	5	4	7	7	7	7	5	4	4	4	4	5	4	4	4	5	5	5	5	5	4	5	5
CY_BOU_LP_354_Du-742	20	22	23	23	19	21	21	23	22	23	23	17	17	20	17	18	17	5	6	5	5	6	6	5	6	5	5	12	10	10	11	10	11	10	10	11	5	8	6	8	8	8	8	8	8	8	8	8	8	8	7	8	6	6	5	6	3	3	3	25	23	24	23	0	0	0	0	0	37	2	2	2	2	38	30	36	37	38	0	0	0	0	27	29	28	27	38	39	38	1	1	1	0	1	1	10	9	9	11	9	5	5	5	5	5	5	5	7	6	4	4	7	4	39	8	0	0	6	11	12	4	4	4	4	4	7	4	4	5	5	5	5	5	5	5	5	5	5	5	5	5	5	5	5	5	5	5	6	6	6	6	6	6	6	6	6	6	30	33	32	33	32	31	30	31	24	29	2	3	2	2	2	2	3	3	7	7	7	7	7	7	7	7	7	7	7	7	7	7	7	7	7	7	7	7	5	5	5	5	5	6	5	5	5	5	6	7	7	5	7	6	6	6	7	6	6	8	8	6	6	8	8	6	6	9	9	9	9	9	9	9	6	4	6	6	6	6	5	6	6	6	6	5	6	6	9	7	9	5	4	7	7	7	7	5	4	4	4	4	5	4	4	4	5	5	5	5	5	4	5	5
CY_CAS_LP_328_Du-610	39	46	47	47	44	46	43	30	29	29	29	42	42	45	42	42	42	42	43	42	42	43	43	42	43	42	42	47	45	45	46	45	46	45	45	46	39	45	43	45	45	45	45	45	45	45	45	45	45	45	44	45	43	43	42	43	40	40	40	31	29	30	30	37	37	37	37	37	0	37	37	37	37	22	17	22	22	23	37	34	37	37	32	34	32	30	22	23	22	38	38	38	36	38	38	43	42	42	44	42	42	42	42	42	42	42	42	44	43	41	41	44	41	23	45	37	37	43	44	45	41	41	41	41	41	44	41	41	42	42	42	42	42	42	42	42	42	42	42	42	42	42	42	42	42	42	42	43	43	43	43	43	43	43	43	43	43	35	38	37	38	37	36	34	35	29	32	39	40	39	39	39	39	39	40	44	44	44	44	44	44	44	44	44	44	44	44	44	44	44	44	44	44	44	44	42	42	42	42	42	42	42	42	42	42	43	44	44	42	44	43	43	43	44	43	43	45	45	43	43	45	45	41	39	42	42	42	42	42	42	41	43	35	43	43	43	41	42	43	43	43	43	42	38	43	43	40	45	41	41	43	44	44	44	42	41	41	41	41	42	41	41	41	42	42	42	42	42	41	42	42
CY_CAS_LP_329_Du-611	20	22	23	23	19	21	21	25	24	25	25	17	17	20	17	18	17	7	8	7	7	8	8	7	8	7	7	14	12	12	13	12	13	12	12	13	6	10	8	10	10	10	10	10	10	10	10	10	10	10	9	10	8	8	7	8	3	3	3	27	25	26	25	2	2	2	2	2	37	0	0	0	0	38	31	36	37	38	2	2	2	2	29	31	30	29	38	39	38	3	3	3	2	3	3	12	11	11	13	11	7	7	7	7	7	7	7	9	8	6	6	9	6	39	10	2	2	8	13	14	6	6	6	6	6	9	6	6	7	7	7	7	7	7	7	7	7	7	7	7	7	7	7	7	7	7	7	8	8	8	8	8	8	8	8	8	8	32	35	34	35	34	33	32	33	26	31	4	5	4	4	4	4	5	5	9	9	9	9	9	9	9	9	9	9	9	9	9	9	9	9	9	9	9	9	7	7	7	7	7	8	7	7	7	7	8	9	9	7	9	8	8	8	9	8	8	10	10	8	8	10	10	8	7	11	11	11	11	11	11	11	8	6	8	8	8	8	7	8	8	8	8	7	7	8	11	9	11	7	6	9	9	9	9	7	6	6	6	6	7	6	6	6	7	7	7	7	7	6	7	7
CY_CAS_LP_330_Du-607	19	21	22	22	18	20	20	25	24	25	25	16	16	19	16	17	16	6	7	6	6	7	7	6	7	6	6	12	10	10	11	10	11	10	10	11	5	9	7	9	9	9	9	9	9	9	9	9	9	9	8	9	7	7	6	7	3	3	3	27	25	26	25	2	2	2	2	2	37	0	0	0	0	38	31	36	37	38	2	2	2	2	29	31	30	29	38	39	38	3	3	3	2	3	3	11	10	10	12	10	6	6	6	6	6	6	6	8	7	5	5	8	5	39	9	2	2	7	12	13	5	5	5	5	5	8	5	5	6	6	6	6	6	6	6	6	6	6	6	6	6	6	6	6	6	6	6	7	7	7	7	7	7	7	7	7	7	32	35	34	35	34	33	32	33	26	31	3	4	3	3	3	3	4	4	8	8	8	8	8	8	8	8	8	8	8	8	8	8	8	8	8	8	8	8	6	6	6	6	6	7	6	6	6	6	7	8	8	6	8	7	7	7	8	7	7	9	9	7	7	9	9	7	6	10	10	10	10	10	10	10	7	5	7	7	7	7	6	7	7	7	7	6	6	7	10	8	10	6	6	8	8	8	8	6	5	5	5	5	6	5	5	5	6	6	6	6	6	5	6	6
CY_CAS_LP_331_Du-608	20	22	23	23	19	21	21	25	24	25	25	17	17	20	17	18	17	7	8	7	7	8	8	7	8	7	7	14	12	12	13	12	13	12	12	13	6	10	8	10	10	10	10	10	10	10	10	10	10	10	9	10	8	8	7	8	3	3	3	27	25	26	25	2	2	2	2	2	37	0	0	0	0	38	31	36	37	38	2	2	2	2	29	31	30	29	38	39	38	3	3	3	2	3	3	12	11	11	13	11	7	7	7	7	7	7	7	9	8	6	6	9	6	39	10	2	2	8	13	14	6	6	6	6	6	9	6	6	7	7	7	7	7	7	7	7	7	7	7	7	7	7	7	7	7	7	7	8	8	8	8	8	8	8	8	8	8	32	35	34	35	34	33	32	33	26	31	4	5	4	4	4	4	5	5	9	9	9	9	9	9	9	9	9	9	9	9	9	9	9	9	9	9	9	9	7	7	7	7	7	8	7	7	7	7	8	9	9	7	9	8	8	8	9	8	8	10	10	8	8	10	10	8	7	11	11	11	11	11	11	11	8	6	8	8	8	8	7	8	8	8	8	7	7	8	11	9	11	7	6	9	9	9	9	7	6	6	6	6	7	6	6	6	7	7	7	7	7	6	7	7
CY_CAS_LP_332_Du-609	20	22	23	23	19	21	21	25	24	25	25	17	17	20	17	18	17	7	8	7	7	8	8	7	8	7	7	14	12	12	13	12	13	12	12	13	6	10	8	10	10	10	10	10	10	10	10	10	10	10	9	10	8	8	7	8	3	3	3	27	25	26	25	2	2	2	2	2	37	0	0	0	0	38	31	36	37	38	2	2	2	2	29	31	30	29	38	39	38	3	3	3	2	3	3	12	11	11	13	11	7	7	7	7	7	7	7	9	8	6	6	9	6	39	10	2	2	8	13	14	6	6	6	6	6	9	6	6	7	7	7	7	7	7	7	7	7	7	7	7	7	7	7	7	7	7	7	8	8	8	8	8	8	8	8	8	8	32	35	34	35	34	33	32	33	26	31	4	5	4	4	4	4	5	5	9	9	9	9	9	9	9	9	9	9	9	9	9	9	9	9	9	9	9	9	7	7	7	7	7	8	7	7	7	7	8	9	9	7	9	8	8	8	9	8	8	10	10	8	8	10	10	8	7	11	11	11	11	11	11	11	8	6	8	8	8	8	7	8	8	8	8	7	7	8	11	9	11	7	6	9	9	9	9	7	6	6	6	6	7	6	6	6	7	7	7	7	7	6	7	7
CY_HICN_LP_236_Du-614	40	46	47	47	43	46	44	32	31	31	31	42	42	45	42	42	42	43	44	43	43	44	44	43	44	43	43	46	44	44	44	44	44	44	44	44	36	46	44	46	46	46	46	46	46	46	46	46	46	46	45	46	44	44	43	44	41	41	41	31	29	32	33	38	38	38	38	38	22	38	38	38	38	0	3	0	0	0	38	35	38	38	35	37	36	35	0	0	0	39	38	39	37	39	39	42	42	42	43	42	43	43	43	43	43	43	43	45	44	42	42	45	42	0	46	38	38	44	43	44	42	42	42	42	42	45	42	42	43	43	43	43	43	43	43	43	43	43	43	43	43	43	43	43	43	43	43	44	44	44	44	44	44	44	44	44	44	38	41	40	41	40	39	38	39	31	37	40	41	40	40	40	40	40	41	45	45	45	45	45	45	45	45	45	45	45	45	45	45	45	45	45	45	45	45	43	43	43	43	43	42	43	43	43	43	44	45	45	43	45	44	44	44	45	43	44	46	46	44	44	46	46	42	35	42	42	42	42	42	43	40	44	37	44	44	44	44	43	44	44	44	44	43	35	44	43	40	45	37	42	43	45	45	45	43	42	42	42	42	43	42	42	42	43	43	43	42	43	42	43	43
CY_HICN_LP_333_Du-612	35	41	42	42	39	41	39	25	24	24	24	37	37	40	37	37	37	35	36	35	35	36	36	35	36	35	35	39	37	37	37	37	37	37	37	37	34	38	36	38	38	38	38	38	38	38	38	38	38	38	37	38	36	36	35	36	33	33	33	25	23	25	25	30	30	30	30	30	17	31	31	31	31	3	0	3	3	3	30	27	30	30	27	29	28	27	3	3	3	31	31	31	29	31	31	35	35	35	36	35	35	35	35	35	35	35	35	37	36	34	34	37	34	3	38	30	30	36	36	37	34	34	34	34	34	37	34	34	35	35	35	35	35	35	35	35	35	35	35	35	35	35	35	35	35	35	35	36	36	36	36	36	36	36	36	36	36	30	33	32	33	32	31	30	31	23	29	32	33	32	32	32	32	32	33	37	37	37	37	37	37	37	37	37	37	37	37	37	37	37	37	37	37	37	37	35	35	35	35	35	35	35	35	35	35	36	37	37	35	37	36	36	36	37	36	36	38	38	36	36	38	38	35	33	35	35	35	35	35	35	33	36	30	36	36	36	36	35	36	36	36	36	35	31	36	36	32	37	33	34	35	37	37	37	35	34	34	34	34	35	34	34	34	35	35	35	34	35	34	35	35
CY_HICN_LP_334_Du-613	40	45	46	46	42	45	43	31	30	30	30	41	41	44	41	41	41	41	42	41	41	42	42	41	42	41	41	44	42	42	43	42	43	42	42	43	34	44	42	44	44	44	44	44	44	44	44	44	44	44	43	44	42	42	41	42	39	39	39	30	28	31	31	36	36	36	36	36	22	36	36	36	36	0	3	0	0	1	36	33	36	36	33	35	34	33	0	1	0	37	37	37	35	37	37	40	40	40	41	40	41	41	41	41	41	41	41	43	42	40	40	43	40	1	44	36	36	42	41	42	40	40	40	40	40	43	40	40	41	41	41	41	41	41	41	41	41	41	41	41	41	41	41	41	41	41	41	42	42	42	42	42	42	42	42	42	42	36	39	38	39	38	37	36	37	30	35	38	39	38	38	38	38	38	39	43	43	43	43	43	43	43	43	43	43	43	43	43	43	43	43	43	43	43	43	41	41	41	41	41	41	41	41	41	41	42	43	43	41	43	42	42	42	43	41	42	44	44	42	42	44	44	40	34	40	40	40	40	40	41	38	42	36	42	42	42	42	41	42	42	42	42	41	35	42	41	39	43	35	40	41	43	43	43	41	40	40	40	40	41	40	40	40	41	41	41	40	41	40	41	41
CY_HICN_LP_335_Du-615	40	46	47	47	43	46	44	32	31	31	31	42	42	45	42	42	42	42	43	42	42	43	43	42	43	42	42	45	43	43	43	43	43	43	43	43	35	45	43	45	45	45	45	45	45	45	45	45	45	45	44	45	43	43	42	43	40	40	40	31	29	32	32	37	37	37	37	37	22	37	37	37	37	0	3	0	0	0	37	34	37	37	34	36	35	34	0	0	0	38	38	38	36	38	38	41	41	41	42	41	42	42	42	42	42	42	42	44	43	41	41	44	41	0	45	37	37	43	42	43	41	41	41	41	41	44	41	41	42	42	42	42	42	42	42	42	42	42	42	42	42	42	42	42	42	42	42	43	43	43	43	43	43	43	43	43	43	37	40	39	40	39	38	37	38	30	36	39	40	39	39	39	39	39	40	44	44	44	44	44	44	44	44	44	44	44	44	44	44	44	44	44	44	44	44	42	42	42	42	42	42	42	42	42	42	43	44	44	42	44	43	43	43	44	42	43	45	45	43	43	45	45	41	34	41	41	41	41	41	42	39	43	36	43	43	43	43	42	43	43	43	43	42	35	43	42	39	44	36	41	42	44	44	44	42	41	41	41	41	42	41	41	41	42	42	42	41	42	41	42	42
CY_HICN_LP_336_Du-616	41	47	48	48	44	47	45	33	32	32	32	43	43	46	43	43	43	43	44	43	43	44	44	43	44	43	43	45	43	43	43	43	43	43	43	43	35	46	44	46	46	46	46	46	46	46	46	46	46	46	45	46	44	44	43	44	41	41	41	32	30	33	33	38	38	38	38	38	23	38	38	38	38	0	3	1	0	0	38	35	38	38	35	37	36	35	0	0	0	39	39	39	37	39	39	42	42	42	43	42	43	43	43	43	43	43	43	45	44	42	42	45	42	0	46	38	38	44	43	44	42	42	42	42	42	45	42	42	43	43	43	43	43	43	43	43	43	43	43	43	43	43	43	43	43	43	43	44	44	44	44	44	44	44	44	44	44	38	41	40	41	40	39	38	39	31	37	40	41	40	40	40	40	40	41	45	45	45	45	45	45	45	45	45	45	45	45	45	45	45	45	45	45	45	45	43	43	43	43	43	43	43	43	43	43	44	45	45	43	45	44	44	44	45	42	44	46	46	44	44	46	46	41	35	42	42	42	42	42	43	40	44	36	44	44	44	44	43	44	44	44	44	43	35	44	43	40	45	36	42	43	45	45	45	43	42	42	42	42	43	42	42	42	43	43	43	42	43	42	43	43
CY_HICS_LP_293_Du-757	20	22	23	23	19	21	21	23	22	23	23	17	17	20	17	18	17	5	6	5	5	6	6	5	6	5	5	12	10	10	11	10	11	10	10	11	5	8	6	8	8	8	8	8	8	8	8	8	8	8	7	8	6	6	5	6	3	3	3	25	23	24	23	0	0	0	0	0	37	2	2	2	2	38	30	36	37	38	0	0	0	0	27	29	28	27	38	39	38	1	1	1	0	1	1	10	9	9	11	9	5	5	5	5	5	5	5	7	6	4	4	7	4	39	8	0	0	6	11	12	4	4	4	4	4	7	4	4	5	5	5	5	5	5	5	5	5	5	5	5	5	5	5	5	5	5	5	6	6	6	6	6	6	6	6	6	6	30	33	32	33	32	31	30	31	24	29	2	3	2	2	2	2	3	3	7	7	7	7	7	7	7	7	7	7	7	7	7	7	7	7	7	7	7	7	5	5	5	5	5	6	5	5	5	5	6	7	7	5	7	6	6	6	7	6	6	8	8	6	6	8	8	6	6	9	9	9	9	9	9	9	6	4	6	6	6	6	5	6	6	6	6	5	6	6	9	7	9	5	4	7	7	7	7	5	4	4	4	4	5	4	4	4	5	5	5	5	5	4	5	5
CY_HICS_LP_297_Du-761	17	19	20	20	16	18	18	20	19	20	20	14	14	17	14	15	14	5	6	5	5	6	6	5	6	5	5	12	10	10	11	10	11	10	10	11	5	8	6	8	8	8	8	8	8	8	8	8	8	8	7	8	6	6	5	6	3	3	3	22	20	21	20	0	0	0	0	0	34	2	2	2	2	35	27	33	34	35	0	0	0	0	24	26	25	24	35	36	35	1	1	1	0	1	1	10	9	9	11	9	5	5	5	5	5	5	5	7	6	4	4	7	4	36	8	0	0	6	11	12	4	4	4	4	4	7	4	4	5	5	5	5	5	5	5	5	5	5	5	5	5	5	5	5	5	5	5	6	6	6	6	6	6	6	6	6	6	27	30	29	30	29	28	27	28	21	26	2	3	2	2	2	2	3	3	7	7	7	7	7	7	7	7	7	7	7	7	7	7	7	7	7	7	7	7	5	5	5	5	5	6	5	5	5	5	6	7	7	5	7	6	6	6	7	6	6	8	8	6	6	8	8	6	6	9	9	9	9	9	9	9	6	4	6	6	6	6	5	6	6	6	6	5	6	6	9	7	9	5	4	7	7	7	7	5	4	4	4	4	5	4	4	4	5	5	5	5	5	4	5	5
CY_HICS_LP_355_Du-762	20	22	23	23	19	21	21	23	22	23	23	17	17	20	17	18	17	5	6	5	5	6	6	5	6	5	5	12	10	10	11	10	11	10	10	11	5	8	6	8	8	8	8	8	8	8	8	8	8	8	7	8	6	6	5	6	3	3	3	25	23	24	23	0	0	0	0	0	37	2	2	2	2	38	30	36	37	38	0	0	0	0	27	29	28	27	38	39	38	1	1	1	0	1	1	10	9	9	11	9	5	5	5	5	5	5	5	7	6	4	4	7	4	39	8	0	0	6	11	12	4	4	4	4	4	7	4	4	5	5	5	5	5	5	5	5	5	5	5	5	5	5	5	5	5	5	5	6	6	6	6	6	6	6	6	6	6	30	33	32	33	32	31	30	31	24	29	2	3	2	2	2	2	3	3	7	7	7	7	7	7	7	7	7	7	7	7	7	7	7	7	7	7	7	7	5	5	5	5	5	6	5	5	5	5	6	7	7	5	7	6	6	6	7	6	6	8	8	6	6	8	8	6	6	9	9	9	9	9	9	9	6	4	6	6	6	6	5	6	6	6	6	5	6	6	9	7	9	5	4	7	7	7	7	5	4	4	4	4	5	4	4	4	5	5	5	5	5	4	5	5
CY_HICS_LP_356_Du-763	20	22	23	23	19	21	21	23	22	23	23	17	17	20	17	18	17	5	6	5	5	6	6	5	6	5	5	12	10	10	11	10	11	10	10	11	5	8	6	8	8	8	8	8	8	8	8	8	8	8	7	8	6	6	5	6	3	3	3	25	23	24	23	0	0	0	0	0	37	2	2	2	2	38	30	36	37	38	0	0	0	0	27	29	28	27	38	39	38	1	1	1	0	1	1	10	9	9	11	9	5	5	5	5	5	5	5	7	6	4	4	7	4	39	8	0	0	6	11	12	4	4	4	4	4	7	4	4	5	5	5	5	5	5	5	5	5	5	5	5	5	5	5	5	5	5	5	6	6	6	6	6	6	6	6	6	6	30	33	32	33	32	31	30	31	24	29	2	3	2	2	2	2	3	3	7	7	7	7	7	7	7	7	7	7	7	7	7	7	7	7	7	7	7	7	5	5	5	5	5	6	5	5	5	5	6	7	7	5	7	6	6	6	7	6	6	8	8	6	6	8	8	6	6	9	9	9	9	9	9	9	6	4	6	6	6	6	5	6	6	6	6	5	6	6	9	7	9	5	4	7	7	7	7	5	4	4	4	4	5	4	4	4	5	5	5	5	5	4	5	5
CY_HUN_LP_264_Du-683	32	37	38	38	34	36	35	17	17	18	18	34	34	34	34	35	34	32	33	32	32	33	33	32	33	32	32	37	35	35	36	35	36	35	35	36	25	30	32	30	30	30	30	30	30	30	30	30	30	30	29	30	33	33	31	33	30	30	30	20	20	19	18	27	27	27	27	27	32	29	29	29	29	35	27	33	34	35	27	24	27	27	0	0	0	0	35	36	35	28	28	28	25	28	28	35	34	34	36	34	32	32	32	32	32	32	32	34	33	31	31	34	31	36	30	27	27	33	36	37	31	31	31	31	31	29	31	31	31	31	31	31	31	31	31	31	31	31	31	31	31	31	31	31	31	31	31	32	32	32	32	32	32	32	32	32	32	4	7	7	7	6	5	5	6	4	4	29	30	29	29	28	29	29	30	34	34	34	34	34	34	34	34	34	34	34	34	34	34	34	34	34	34	34	34	31	31	31	31	31	32	31	31	31	31	33	34	34	32	34	33	33	33	34	33	33	35	35	33	33	35	35	31	26	34	34	34	34	34	34	34	33	31	33	33	33	33	32	33	33	33	33	32	29	33	36	30	36	30	31	34	34	34	34	32	31	31	31	31	32	31	31	31	32	32	32	32	32	31	32	32
CY_HUN_LP_266_Du-685	34	39	40	40	36	38	37	20	19	20	20	36	36	37	36	37	36	33	34	33	33	34	34	33	34	33	33	39	37	37	38	37	38	37	37	38	26	31	33	31	31	31	31	31	31	31	31	31	31	31	30	31	35	35	32	35	32	32	32	22	22	21	20	29	29	29	29	29	34	31	31	31	31	37	29	35	36	37	29	26	29	29	0	0	0	0	37	38	37	30	30	30	27	30	30	37	36	36	38	36	34	34	34	34	34	34	34	36	34	33	33	36	33	38	31	29	29	35	38	39	33	33	33	33	33	30	33	33	32	32	32	32	32	32	32	32	32	32	32	32	32	32	32	32	32	32	32	33	33	33	33	33	33	33	33	33	33	5	8	8	8	7	6	6	7	5	5	31	32	31	31	30	31	31	32	36	36	36	36	36	36	36	36	36	36	36	36	36	36	36	36	36	36	36	36	32	32	32	32	32	33	32	32	32	32	35	36	36	34	36	35	35	35	36	35	35	37	37	35	35	37	37	32	28	36	36	36	36	36	36	36	35	33	35	35	35	35	34	35	35	35	35	34	31	35	38	32	38	32	33	36	36	36	36	34	33	33	33	33	34	33	33	33	34	34	34	34	34	33	34	34
CY_HUN_LP_267_Du-686	33	38	39	39	35	37	36	20	19	20	20	35	35	36	35	36	35	33	34	33	33	34	34	33	34	33	33	38	36	36	37	36	37	36	36	37	25	30	32	30	30	30	30	30	30	30	30	30	30	30	29	30	34	34	31	34	31	31	31	22	22	21	20	28	28	28	28	28	32	30	30	30	30	36	28	34	35	36	28	25	28	28	0	0	0	0	36	37	36	29	29	29	26	29	29	36	35	35	37	35	33	33	33	33	33	33	33	35	34	32	32	35	32	37	30	28	28	34	37	38	32	32	32	32	32	29	32	32	31	31	31	31	31	31	31	31	31	31	31	31	31	31	31	31	31	31	31	32	32	32	32	32	32	32	32	32	32	5	8	8	8	7	6	6	7	5	5	30	31	30	30	29	30	30	31	35	35	35	35	35	35	35	35	35	35	35	35	35	35	35	35	35	35	35	35	31	31	31	31	31	32	31	31	31	31	34	35	35	33	35	34	34	34	35	34	34	36	36	34	34	36	36	31	27	35	35	35	35	35	35	35	34	32	34	34	34	34	33	34	34	34	34	33	30	34	37	32	37	31	32	35	35	35	35	33	32	32	32	32	33	32	32	32	33	33	33	33	33	32	33	33
CY_HUN_LP_268_Du-687	32	37	38	38	34	36	35	19	19	20	20	34	34	34	34	35	34	32	33	32	32	33	33	32	33	32	32	37	35	35	36	35	36	35	35	36	24	29	30	29	29	29	29	29	29	29	29	29	29	29	28	29	33	33	30	33	30	30	30	22	22	21	20	27	27	27	27	27	30	29	29	29	29	35	27	33	34	35	27	24	27	27	0	0	0	0	35	36	35	28	28	28	25	28	28	35	34	34	36	34	31	31	31	31	31	31	31	34	33	31	31	34	31	36	29	27	27	33	36	37	31	31	31	31	31	28	31	31	30	30	30	30	30	30	30	30	30	30	30	30	30	30	30	30	30	30	30	30	30	30	30	30	30	30	30	30	30	5	8	8	8	7	6	6	7	5	5	29	30	29	29	28	29	29	30	34	34	34	34	34	34	34	34	34	34	34	34	34	34	34	34	34	34	34	34	30	30	30	30	30	31	30	30	30	30	33	34	34	32	34	33	33	33	34	32	32	34	34	32	32	34	34	29	25	34	34	34	34	34	34	34	33	31	33	33	33	33	32	33	33	33	33	32	29	33	36	32	36	30	31	34	34	34	34	32	31	31	31	31	32	31	31	31	32	32	32	32	32	31	32	32
CY_SIE_LP_188_Du-445	40	46	47	47	43	46	44	32	31	31	31	42	42	45	42	42	42	43	44	43	43	44	44	43	44	43	43	46	44	44	44	44	44	44	44	44	36	46	44	46	46	46	46	46	46	46	46	46	46	46	45	46	44	44	43	44	41	41	41	31	29	32	33	38	38	38	38	38	22	38	38	38	38	0	3	0	0	0	38	35	38	38	35	37	36	35	0	0	0	39	38	39	37	39	39	42	42	42	43	42	43	43	43	43	43	43	43	45	44	42	42	45	42	0	46	38	38	44	43	44	42	42	42	42	42	45	42	42	43	43	43	43	43	43	43	43	43	43	43	43	43	43	43	43	43	43	43	44	44	44	44	44	44	44	44	44	44	38	41	40	41	40	39	38	39	31	37	40	41	40	40	40	40	40	41	45	45	45	45	45	45	45	45	45	45	45	45	45	45	45	45	45	45	45	45	43	43	43	43	43	42	43	43	43	43	44	45	45	43	45	44	44	44	45	43	44	46	46	44	44	46	46	42	35	42	42	42	42	42	43	40	44	37	44	44	44	44	43	44	44	44	44	43	35	44	43	40	45	37	42	43	45	45	45	43	42	42	42	42	43	42	42	42	43	43	43	42	43	42	43	43
CY_SIE_LP_189_Du-446	41	47	48	48	44	47	45	33	32	32	32	43	43	46	43	43	43	44	45	44	44	45	45	44	45	44	44	46	44	44	44	44	44	44	44	44	36	47	45	47	47	47	47	47	47	47	47	47	47	47	46	47	45	45	44	45	42	42	42	32	30	33	34	39	39	39	39	39	23	39	39	39	39	0	3	1	0	0	39	36	39	39	36	38	37	36	0	0	0	40	39	40	38	40	40	43	43	43	44	43	44	44	44	44	44	44	44	46	45	43	43	46	43	0	47	39	39	45	44	45	43	43	43	43	43	46	43	43	44	44	44	44	44	44	44	44	44	44	44	44	44	44	44	44	44	44	44	45	45	45	45	45	45	45	45	45	45	39	42	41	42	41	40	39	40	32	38	41	42	41	41	41	41	41	42	46	46	46	46	46	46	46	46	46	46	46	46	46	46	46	46	46	46	46	46	44	44	44	44	44	43	44	44	44	44	45	46	46	44	46	45	45	45	46	43	45	47	47	45	45	47	47	42	36	43	43	43	43	43	44	41	45	37	45	45	45	45	44	45	45	45	45	44	35	45	44	41	46	37	43	44	46	46	46	44	43	43	43	43	44	43	43	43	44	44	44	43	44	43	44	44
CY_SIE_LP_190_Du-447	40	46	47	47	43	46	44	32	31	31	31	42	42	45	42	42	42	43	44	43	43	44	44	43	44	43	43	46	44	44	44	44	44	44	44	44	36	46	44	46	46	46	46	46	46	46	46	46	46	46	45	46	44	44	43	44	41	41	41	31	29	32	33	38	38	38	38	38	22	38	38	38	38	0	3	0	0	0	38	35	38	38	35	37	36	35	0	0	0	39	38	39	37	39	39	42	42	42	43	42	43	43	43	43	43	43	43	45	44	42	42	45	42	0	46	38	38	44	43	44	42	42	42	42	42	45	42	42	43	43	43	43	43	43	43	43	43	43	43	43	43	43	43	43	43	43	43	44	44	44	44	44	44	44	44	44	44	38	41	40	41	40	39	38	39	31	37	40	41	40	40	40	40	40	41	45	45	45	45	45	45	45	45	45	45	45	45	45	45	45	45	45	45	45	45	43	43	43	43	43	42	43	43	43	43	44	45	45	43	45	44	44	44	45	43	44	46	46	44	44	46	46	42	35	42	42	42	42	42	43	40	44	37	44	44	44	44	43	44	44	44	44	43	35	44	43	40	45	37	42	43	45	45	45	43	42	42	42	42	43	42	42	42	43	43	43	42	43	42	43	43
CY_SIE_LP_191_Du-448	20	23	24	24	20	22	22	24	23	24	24	18	18	21	18	19	18	6	7	6	6	7	7	6	7	6	6	13	11	11	12	11	12	11	11	12	6	9	7	9	9	9	9	9	9	9	9	9	9	9	8	9	7	7	6	7	4	4	4	26	24	25	24	1	1	1	1	1	38	3	3	3	3	39	31	37	38	39	1	1	1	1	28	30	29	28	39	40	39	0	2	2	1	2	2	11	10	10	12	10	6	6	6	6	6	6	6	8	7	5	5	8	5	40	9	1	1	7	12	13	5	5	5	5	5	8	5	5	6	6	6	6	6	6	6	6	6	6	6	6	6	6	6	6	6	6	6	7	7	7	7	7	7	7	7	7	7	31	34	33	34	33	32	31	32	25	30	3	4	3	3	3	3	4	4	8	8	8	8	8	8	8	8	8	8	8	8	8	8	8	8	8	8	8	8	6	6	6	6	6	7	6	6	6	6	7	8	8	6	8	7	7	7	8	7	7	9	9	7	7	9	9	7	7	10	10	10	10	10	10	10	7	5	7	7	7	7	6	7	7	7	7	6	7	7	10	8	10	6	5	8	8	8	8	6	5	5	5	5	6	5	5	5	6	6	6	6	6	5	6	6
CY_WOO_LP_259_Du-664	20	22	23	23	20	22	21	24	23	23	23	18	18	21	18	18	18	6	7	6	6	7	7	6	7	6	6	13	11	11	12	11	12	11	11	12	6	9	7	9	9	9	9	9	9	9	9	9	9	9	8	9	7	7	6	7	4	4	4	25	23	24	24	1	1	1	1	1	38	3	3	3	3	38	31	37	38	39	1	1	1	1	28	30	29	28	38	39	38	2	0	0	1	0	0	11	10	10	12	10	6	6	6	6	6	6	6	8	7	5	5	8	5	39	9	1	1	7	12	13	5	5	5	5	5	8	5	5	6	6	6	6	6	6	6	6	6	6	6	6	6	6	6	6	6	6	6	7	7	7	7	7	7	7	7	7	7	31	34	33	34	33	32	31	32	25	30	3	4	3	3	3	3	4	4	8	8	8	8	8	8	8	8	8	8	8	8	8	8	8	8	8	8	8	8	6	6	6	6	6	7	6	6	6	6	7	8	8	6	8	7	7	7	8	7	7	9	9	7	7	9	9	7	7	10	10	10	10	10	10	10	7	5	7	7	7	7	6	7	7	7	7	6	6	7	10	8	10	6	5	8	8	8	8	6	5	5	5	5	6	5	5	5	6	6	6	6	6	5	6	6
CY_WOO_LP_260_Du-665	20	23	24	24	20	22	22	24	23	24	24	18	18	21	18	19	18	6	7	6	6	7	7	6	7	6	6	13	11	11	12	11	12	11	11	12	6	9	7	9	9	9	9	9	9	9	9	9	9	9	8	9	7	7	6	7	4	4	4	26	24	25	24	1	1	1	1	1	38	3	3	3	3	39	31	37	38	39	1	1	1	1	28	30	29	28	39	40	39	2	0	0	1	0	0	11	10	10	12	10	6	6	6	6	6	6	6	8	7	5	5	8	5	40	9	1	1	7	12	13	5	5	5	5	5	8	5	5	6	6	6	6	6	6	6	6	6	6	6	6	6	6	6	6	6	6	6	7	7	7	7	7	7	7	7	7	7	31	34	33	34	33	32	31	32	25	30	3	4	3	3	3	3	4	4	8	8	8	8	8	8	8	8	8	8	8	8	8	8	8	8	8	8	8	8	6	6	6	6	6	7	6	6	6	6	7	8	8	6	8	7	7	7	8	7	7	9	9	7	7	9	9	7	7	10	10	10	10	10	10	10	7	5	7	7	7	7	6	7	7	7	7	6	6	7	10	8	10	6	5	8	8	8	8	6	5	5	5	5	6	5	5	5	6	6	6	6	6	5	6	6
CY_WOO_LP_261_Du-667	18	20	21	21	17	19	19	22	21	22	22	15	15	18	15	16	15	3	4	3	3	4	4	3	4	3	3	10	8	8	9	8	9	8	8	9	3	6	4	6	6	6	6	6	6	6	6	6	6	6	5	6	4	4	3	4	3	3	3	24	22	23	22	0	0	0	0	0	36	2	2	2	2	37	29	35	36	37	0	0	0	0	25	27	26	25	37	38	37	1	1	1	0	1	1	8	7	7	9	7	3	3	3	3	3	3	3	6	4	2	2	6	2	38	6	0	0	5	9	10	2	2	2	2	2	5	2	2	3	3	3	3	3	3	3	3	3	3	3	3	3	3	3	3	3	3	3	4	4	4	4	4	4	4	4	4	4	27	30	29	30	29	27	26	28	22	26	1	2	1	1	1	1	2	2	6	6	6	6	6	6	6	6	6	6	6	6	6	6	6	6	6	6	6	6	3	3	3	3	3	3	3	3	3	3	5	6	6	4	6	5	5	5	6	4	4	6	6	4	4	6	6	4	4	7	7	7	7	7	7	8	5	3	5	5	5	5	4	5	5	5	5	4	5	5	8	6	8	4	4	6	6	6	6	3	2	2	2	2	3	2	2	2	3	3	3	3	3	2	3	3
CY_WOO_LP_262_Du-668	20	23	24	24	20	22	22	24	23	24	24	18	18	21	18	19	18	6	7	6	6	7	7	6	7	6	6	13	11	11	12	11	12	11	11	12	6	9	7	9	9	9	9	9	9	9	9	9	9	9	8	9	7	7	6	7	4	4	4	26	24	25	24	1	1	1	1	1	38	3	3	3	3	39	31	37	38	39	1	1	1	1	28	30	29	28	39	40	39	2	0	0	1	0	0	11	10	10	12	10	6	6	6	6	6	6	6	8	7	5	5	8	5	40	9	1	1	7	12	13	5	5	5	5	5	8	5	5	6	6	6	6	6	6	6	6	6	6	6	6	6	6	6	6	6	6	6	7	7	7	7	7	7	7	7	7	7	31	34	33	34	33	32	31	32	25	30	3	4	3	3	3	3	4	4	8	8	8	8	8	8	8	8	8	8	8	8	8	8	8	8	8	8	8	8	6	6	6	6	6	7	6	6	6	6	7	8	8	6	8	7	7	7	8	7	7	9	9	7	7	9	9	7	7	10	10	10	10	10	10	10	7	5	7	7	7	7	6	7	7	7	7	6	6	7	10	8	10	6	5	8	8	8	8	6	5	5	5	5	6	5	5	5	6	6	6	6	6	5	6	6
CY_WOO_LP_263_Du-669	20	23	24	24	20	22	22	24	23	24	24	18	18	21	18	19	18	6	7	6	6	7	7	6	7	6	6	13	11	11	12	11	12	11	11	12	6	9	7	9	9	9	9	9	9	9	9	9	9	9	8	9	7	7	6	7	4	4	4	26	24	25	24	1	1	1	1	1	38	3	3	3	3	39	31	37	38	39	1	1	1	1	28	30	29	28	39	40	39	2	0	0	1	0	0	11	10	10	12	10	6	6	6	6	6	6	6	8	7	5	5	8	5	40	9	1	1	7	12	13	5	5	5	5	5	8	5	5	6	6	6	6	6	6	6	6	6	6	6	6	6	6	6	6	6	6	6	7	7	7	7	7	7	7	7	7	7	31	34	33	34	33	32	31	32	25	30	3	4	3	3	3	3	4	4	8	8	8	8	8	8	8	8	8	8	8	8	8	8	8	8	8	8	8	8	6	6	6	6	6	7	6	6	6	6	7	8	8	6	8	7	7	7	8	7	7	9	9	7	7	9	9	7	7	10	10	10	10	10	10	10	7	5	7	7	7	7	6	7	7	7	7	6	6	7	10	8	10	6	5	8	8	8	8	6	5	5	5	5	6	5	5	5	6	6	6	6	6	5	6	6
DAN_LP_043_Du-68	28	30	31	31	26	29	29	31	30	31	31	25	25	28	25	26	25	11	12	11	11	12	12	11	12	11	11	8	8	8	9	8	9	8	8	9	6	10	8	10	10	10	10	10	10	10	10	10	10	10	9	10	8	8	7	8	13	13	13	31	29	32	31	9	10	10	10	10	43	12	11	12	12	42	35	40	41	42	10	10	10	10	35	37	36	35	42	43	42	11	11	11	8	11	11	0	0	0	0	0	9	9	9	9	9	9	9	15	12	6	6	13	6	43	10	10	10	12	0	0	6	6	6	6	6	9	6	6	7	7	7	7	7	7	7	7	7	7	7	7	7	7	7	7	7	7	7	8	8	8	8	8	8	8	8	8	8	38	41	40	41	40	39	38	39	32	36	10	11	10	10	9	10	11	11	15	15	15	15	15	15	15	15	15	15	15	15	15	15	15	15	15	15	15	15	7	7	7	7	7	8	7	7	7	7	12	13	13	12	13	12	12	12	13	9	10	12	12	10	10	12	12	9	9	0	0	0	0	0	1	14	12	8	12	12	12	12	12	12	12	12	12	12	11	12	15	13	15	10	11	13	13	13	13	7	6	6	6	6	7	6	6	6	7	7	7	7	7	6	7	7
DAN_LP_044_Du-69	27	29	30	30	26	28	28	30	29	30	30	24	24	27	24	25	24	10	11	10	10	11	11	10	11	10	10	8	8	8	9	8	9	8	8	9	6	9	7	9	9	9	9	9	9	9	9	9	9	9	8	9	7	7	6	7	12	12	12	31	29	31	30	8	9	9	9	9	42	11	10	11	11	42	35	40	41	42	9	9	9	9	34	36	35	34	42	43	42	10	10	10	7	10	10	0	0	0	0	0	8	8	8	8	8	8	8	14	11	5	5	12	5	43	9	9	9	11	0	0	5	5	5	5	5	8	5	5	6	6	6	6	6	6	6	6	6	6	6	6	6	6	6	6	6	6	6	7	7	7	7	7	7	7	7	7	7	37	40	39	40	39	38	37	38	31	35	9	10	9	9	8	9	10	10	14	14	14	14	14	14	14	14	14	14	14	14	14	14	14	14	14	14	14	14	6	6	6	6	6	7	6	6	6	6	11	12	12	11	12	11	11	11	12	9	9	11	11	9	9	11	11	9	8	0	0	0	0	0	0	13	11	8	11	11	11	11	11	11	11	11	11	11	11	11	14	12	14	10	10	12	12	12	12	6	5	5	5	5	6	5	5	5	6	6	6	6	6	5	6	6
DAN_LP_045_Du-70	27	29	30	30	26	28	28	30	29	30	30	24	24	27	24	25	24	10	11	10	10	11	11	10	11	10	10	8	8	8	9	8	9	8	8	9	6	9	7	9	9	9	9	9	9	9	9	9	9	9	8	9	7	7	6	7	12	12	12	31	29	31	30	8	9	9	9	9	42	11	10	11	11	42	35	40	41	42	9	9	9	9	34	36	35	34	42	43	42	10	10	10	7	10	10	0	0	0	0	0	8	8	8	8	8	8	8	14	11	5	5	12	5	43	9	9	9	11	0	0	5	5	5	5	5	8	5	5	6	6	6	6	6	6	6	6	6	6	6	6	6	6	6	6	6	6	6	7	7	7	7	7	7	7	7	7	7	37	40	39	40	39	38	37	38	31	35	9	10	9	9	8	9	10	10	14	14	14	14	14	14	14	14	14	14	14	14	14	14	14	14	14	14	14	14	6	6	6	6	6	7	6	6	6	6	11	12	12	11	12	11	11	11	12	9	9	11	11	9	9	11	11	9	8	0	0	0	0	0	0	13	11	8	11	11	11	11	11	11	11	11	11	11	11	11	14	12	14	10	10	12	12	12	12	6	5	5	5	5	6	5	5	5	6	6	6	6	6	5	6	6
DAN_LP_046_Du-71	28	31	32	32	27	30	30	32	31	32	32	26	26	29	26	27	26	12	13	12	12	13	13	12	13	12	12	9	9	9	10	9	10	9	9	10	7	11	9	11	11	11	11	11	11	11	11	11	11	11	10	11	9	9	8	9	14	14	14	32	30	33	32	10	11	11	11	11	44	13	12	13	13	43	36	41	42	43	11	11	11	11	36	38	37	36	43	44	43	12	12	12	9	12	12	0	0	0	0	0	10	10	10	10	10	10	10	16	13	7	7	14	7	44	11	11	11	13	0	0	7	7	7	7	7	10	7	7	8	8	8	8	8	8	8	8	8	8	8	8	8	8	8	8	8	8	8	9	9	9	9	9	9	9	9	9	9	39	42	41	42	41	40	39	40	33	37	11	12	11	11	10	11	12	12	16	16	16	16	16	16	16	16	16	16	16	16	16	16	16	16	16	16	16	16	8	8	8	8	8	9	8	8	8	8	13	14	14	13	14	13	13	13	14	10	11	13	13	11	11	13	13	9	9	1	1	1	1	1	2	15	13	9	13	13	13	13	13	13	13	13	13	13	12	13	16	14	16	11	12	14	14	14	14	8	7	7	7	7	8	7	7	7	8	8	8	8	8	7	8	8
DAN_LP_047_Du-72	27	29	30	30	26	28	28	30	29	30	30	24	24	27	24	25	24	10	11	10	10	11	11	10	11	10	10	8	8	8	9	8	9	8	8	9	6	9	7	9	9	9	9	9	9	9	9	9	9	9	8	9	7	7	6	7	12	12	12	31	29	31	30	8	9	9	9	9	42	11	10	11	11	42	35	40	41	42	9	9	9	9	34	36	35	34	42	43	42	10	10	10	7	10	10	0	0	0	0	0	8	8	8	8	8	8	8	14	11	5	5	12	5	43	9	9	9	11	0	0	5	5	5	5	5	8	5	5	6	6	6	6	6	6	6	6	6	6	6	6	6	6	6	6	6	6	6	7	7	7	7	7	7	7	7	7	7	37	40	39	40	39	38	37	38	31	35	9	10	9	9	8	9	10	10	14	14	14	14	14	14	14	14	14	14	14	14	14	14	14	14	14	14	14	14	6	6	6	6	6	7	6	6	6	6	11	12	12	11	12	11	11	11	12	9	9	11	11	9	9	11	11	9	8	0	0	0	0	0	0	13	11	8	11	11	11	11	11	11	11	11	11	11	11	11	14	12	14	10	10	12	12	12	12	6	5	5	5	5	6	5	5	5	6	6	6	6	6	5	6	6
DOV_LP_078_Du-174	23	25	26	26	22	24	24	28	27	28	28	20	20	23	20	21	20	6	7	6	6	7	7	6	7	6	6	11	11	11	12	11	12	11	11	12	6	9	7	9	9	9	9	9	9	9	9	9	9	9	8	9	7	7	6	7	8	8	8	30	28	29	28	4	5	5	5	5	42	7	6	7	7	43	35	41	42	43	5	5	5	5	32	34	33	31	43	44	43	6	6	6	3	6	6	9	8	8	10	8	0	0	0	0	0	0	0	10	7	5	5	10	5	44	9	5	5	9	10	11	5	5	5	5	5	8	5	5	6	6	6	6	6	6	6	6	6	6	6	6	6	6	6	6	6	6	6	7	7	7	7	7	7	7	7	7	7	35	38	37	38	37	36	35	36	29	33	5	6	5	5	4	5	6	6	10	10	10	10	10	10	10	10	10	10	10	10	10	10	10	10	10	10	10	10	6	6	6	6	6	7	6	6	6	6	9	10	10	8	10	9	9	9	10	1	1	3	3	1	1	3	3	1	1	8	8	8	8	8	8	12	9	7	9	9	9	9	8	9	9	9	9	8	9	9	12	10	12	8	8	10	10	10	10	6	5	5	5	5	6	5	5	5	6	6	6	6	6	5	6	6
DOV_LP_079_Du-175	23	25	26	26	22	24	24	28	27	28	28	20	20	23	20	21	20	6	7	6	6	7	7	6	7	6	6	11	11	11	12	11	12	11	11	12	6	9	7	9	9	9	9	9	9	9	9	9	9	9	8	9	7	7	6	7	8	8	8	30	28	29	28	4	5	5	5	5	42	7	6	7	7	43	35	41	42	43	5	5	5	5	32	34	33	31	43	44	43	6	6	6	3	6	6	9	8	8	10	8	0	0	0	0	0	0	0	10	7	5	5	10	5	44	9	5	5	9	10	11	5	5	5	5	5	8	5	5	6	6	6	6	6	6	6	6	6	6	6	6	6	6	6	6	6	6	6	7	7	7	7	7	7	7	7	7	7	35	38	37	38	37	36	35	36	29	33	5	6	5	5	4	5	6	6	10	10	10	10	10	10	10	10	10	10	10	10	10	10	10	10	10	10	10	10	6	6	6	6	6	7	6	6	6	6	9	10	10	8	10	9	9	9	10	1	1	3	3	1	1	3	3	1	1	8	8	8	8	8	8	12	9	7	9	9	9	9	8	9	9	9	9	8	9	9	12	10	12	8	8	10	10	10	10	6	5	5	5	5	6	5	5	5	6	6	6	6	6	5	6	6
DOV_LP_080_Du-176	23	25	26	26	22	24	24	28	27	28	28	20	20	23	20	21	20	6	7	6	6	7	7	6	7	6	6	11	11	11	12	11	12	11	11	12	6	9	7	9	9	9	9	9	9	9	9	9	9	9	8	9	7	7	6	7	8	8	8	30	28	29	28	4	5	5	5	5	42	7	6	7	7	43	35	41	42	43	5	5	5	5	32	34	33	31	43	44	43	6	6	6	3	6	6	9	8	8	10	8	0	0	0	0	0	0	0	10	7	5	5	10	5	44	9	5	5	9	10	11	5	5	5	5	5	8	5	5	6	6	6	6	6	6	6	6	6	6	6	6	6	6	6	6	6	6	6	7	7	7	7	7	7	7	7	7	7	35	38	37	38	37	36	35	36	29	33	5	6	5	5	4	5	6	6	10	10	10	10	10	10	10	10	10	10	10	10	10	10	10	10	10	10	10	10	6	6	6	6	6	7	6	6	6	6	9	10	10	8	10	9	9	9	10	1	1	3	3	1	1	3	3	1	1	8	8	8	8	8	8	12	9	7	9	9	9	9	8	9	9	9	9	8	9	9	12	10	12	8	8	10	10	10	10	6	5	5	5	5	6	5	5	5	6	6	6	6	6	5	6	6
DOV_LP_081_Du-177	23	25	26	26	22	24	24	28	27	28	28	20	20	23	20	21	20	6	7	6	6	7	7	6	7	6	6	11	11	11	12	11	12	11	11	12	6	9	7	9	9	9	9	9	9	9	9	9	9	9	8	9	7	7	6	7	8	8	8	30	28	29	28	4	5	5	5	5	42	7	6	7	7	43	35	41	42	43	5	5	5	5	32	34	33	31	43	44	43	6	6	6	3	6	6	9	8	8	10	8	0	0	0	0	0	0	0	10	7	5	5	10	5	44	9	5	5	9	10	11	5	5	5	5	5	8	5	5	6	6	6	6	6	6	6	6	6	6	6	6	6	6	6	6	6	6	6	7	7	7	7	7	7	7	7	7	7	35	38	37	38	37	36	35	36	29	33	5	6	5	5	4	5	6	6	10	10	10	10	10	10	10	10	10	10	10	10	10	10	10	10	10	10	10	10	6	6	6	6	6	7	6	6	6	6	9	10	10	8	10	9	9	9	10	1	1	3	3	1	1	3	3	1	1	8	8	8	8	8	8	12	9	7	9	9	9	9	8	9	9	9	9	8	9	9	12	10	12	8	8	10	10	10	10	6	5	5	5	5	6	5	5	5	6	6	6	6	6	5	6	6
DOV_LP_082_Du-178	23	25	26	26	22	24	24	28	27	28	28	20	20	23	20	21	20	6	7	6	6	7	7	6	7	6	6	11	11	11	12	11	12	11	11	12	6	9	7	9	9	9	9	9	9	9	9	9	9	9	8	9	7	7	6	7	8	8	8	30	28	29	28	4	5	5	5	5	42	7	6	7	7	43	35	41	42	43	5	5	5	5	32	34	33	31	43	44	43	6	6	6	3	6	6	9	8	8	10	8	0	0	0	0	0	0	0	10	7	5	5	10	5	44	9	5	5	9	10	11	5	5	5	5	5	8	5	5	6	6	6	6	6	6	6	6	6	6	6	6	6	6	6	6	6	6	6	7	7	7	7	7	7	7	7	7	7	35	38	37	38	37	36	35	36	29	33	5	6	5	5	4	5	6	6	10	10	10	10	10	10	10	10	10	10	10	10	10	10	10	10	10	10	10	10	6	6	6	6	6	7	6	6	6	6	9	10	10	8	10	9	9	9	10	1	1	3	3	1	1	3	3	1	1	8	8	8	8	8	8	12	9	7	9	9	9	9	8	9	9	9	9	8	9	9	12	10	12	8	8	10	10	10	10	6	5	5	5	5	6	5	5	5	6	6	6	6	6	5	6	6
DOV_LP_083_Du-179	23	25	26	26	22	24	24	28	27	28	28	20	20	23	20	21	20	6	7	6	6	7	7	6	7	6	6	11	11	11	12	11	12	11	11	12	6	9	7	9	9	9	9	9	9	9	9	9	9	9	8	9	7	7	6	7	8	8	8	30	28	29	28	4	5	5	5	5	42	7	6	7	7	43	35	41	42	43	5	5	5	5	32	34	33	31	43	44	43	6	6	6	3	6	6	9	8	8	10	8	0	0	0	0	0	0	0	10	7	5	5	10	5	44	9	5	5	9	10	11	5	5	5	5	5	8	5	5	6	6	6	6	6	6	6	6	6	6	6	6	6	6	6	6	6	6	6	7	7	7	7	7	7	7	7	7	7	35	38	37	38	37	36	35	36	29	33	5	6	5	5	4	5	6	6	10	10	10	10	10	10	10	10	10	10	10	10	10	10	10	10	10	10	10	10	6	6	6	6	6	7	6	6	6	6	9	10	10	8	10	9	9	9	10	1	1	3	3	1	1	3	3	1	1	8	8	8	8	8	8	12	9	7	9	9	9	9	8	9	9	9	9	8	9	9	12	10	12	8	8	10	10	10	10	6	5	5	5	5	6	5	5	5	6	6	6	6	6	5	6	6
DOV_LP_084_Du-180	23	25	26	26	22	24	24	28	27	28	28	20	20	23	20	21	20	6	7	6	6	7	7	6	7	6	6	11	11	11	12	11	12	11	11	12	6	9	7	9	9	9	9	9	9	9	9	9	9	9	8	9	7	7	6	7	8	8	8	30	28	29	28	4	5	5	5	5	42	7	6	7	7	43	35	41	42	43	5	5	5	5	32	34	33	31	43	44	43	6	6	6	3	6	6	9	8	8	10	8	0	0	0	0	0	0	0	10	7	5	5	10	5	44	9	5	5	9	10	11	5	5	5	5	5	8	5	5	6	6	6	6	6	6	6	6	6	6	6	6	6	6	6	6	6	6	6	7	7	7	7	7	7	7	7	7	7	35	38	37	38	37	36	35	36	29	33	5	6	5	5	4	5	6	6	10	10	10	10	10	10	10	10	10	10	10	10	10	10	10	10	10	10	10	10	6	6	6	6	6	7	6	6	6	6	9	10	10	8	10	9	9	9	10	1	1	3	3	1	1	3	3	1	1	8	8	8	8	8	8	12	9	7	9	9	9	9	8	9	9	9	9	8	9	9	12	10	12	8	8	10	10	10	10	6	5	5	5	5	6	5	5	5	6	6	6	6	6	5	6	6
DU-173	25	27	28	28	24	26	26	30	29	30	30	22	22	25	22	23	22	10	11	10	10	11	11	10	11	10	10	17	15	15	16	15	16	15	15	16	10	13	11	13	13	13	13	13	13	13	13	13	13	13	12	13	11	11	10	11	10	10	10	32	30	31	30	6	7	7	7	7	44	9	8	9	9	45	37	43	44	45	7	7	7	7	34	36	35	34	45	46	45	8	8	8	6	8	8	15	14	14	16	14	10	10	10	10	10	10	10	0	11	9	9	6	9	46	13	7	7	5	16	17	8	9	9	9	9	12	9	9	10	10	10	10	10	10	10	10	10	10	10	10	10	10	10	10	10	10	10	11	11	11	11	11	11	11	11	11	11	37	40	39	40	39	38	37	38	31	35	7	8	7	7	7	7	8	8	0	0	0	0	0	0	0	0	0	0	0	0	0	0	0	0	0	0	0	0	10	10	10	10	10	11	10	10	10	10	5	6	6	4	6	5	5	5	4	11	11	13	13	11	11	13	13	10	9	14	14	14	14	14	14	8	5	5	5	5	5	5	4	5	5	5	5	4	4	5	8	6	8	3	4	6	6	6	6	10	9	9	9	9	10	9	9	9	10	10	10	10	10	9	10	10
DU-229	24	26	27	27	23	25	25	29	28	29	29	21	21	24	21	22	21	1	0	1	1	0	0	1	2	1	1	12	10	10	11	10	11	10	10	11	7	10	8	10	10	10	10	10	10	10	10	10	10	10	9	10	8	8	7	8	9	9	9	31	29	30	29	5	6	6	6	6	43	8	7	8	8	44	36	42	43	44	6	6	6	6	33	34	34	33	44	45	44	7	7	7	4	7	7	12	11	11	13	11	7	7	7	7	7	7	7	11	0	6	6	11	6	45	10	6	6	10	13	14	6	6	6	6	6	9	6	6	7	7	7	7	7	7	7	7	7	7	7	7	7	7	7	7	7	7	7	8	8	8	8	8	8	8	8	8	8	34	37	36	37	36	35	34	35	28	32	6	7	6	6	5	6	7	7	11	11	11	11	11	11	11	11	11	11	11	11	11	11	11	11	11	11	11	11	7	7	7	7	7	8	7	7	7	7	10	9	9	9	9	10	10	10	11	8	8	10	10	8	8	10	10	7	8	11	11	11	11	11	11	13	10	8	10	10	10	10	9	10	10	10	10	9	9	10	13	11	13	9	9	11	11	11	11	7	6	6	6	6	7	6	6	6	7	7	5	5	7	6	7	7
DU-247	22	24	25	25	21	23	23	27	26	27	27	19	19	22	19	20	19	5	6	5	5	6	6	5	6	5	5	8	6	6	7	6	7	6	6	7	1	4	2	4	4	4	4	4	4	4	4	4	4	4	3	4	2	2	1	2	7	7	7	29	27	28	27	3	4	4	4	4	41	6	5	6	6	42	34	40	41	42	4	4	4	4	31	33	32	31	42	43	42	5	5	5	2	5	5	6	5	5	7	5	5	5	5	5	5	5	5	9	6	0	0	9	0	43	4	4	4	8	7	8	0	0	0	0	0	3	0	0	1	1	1	1	1	1	1	1	1	1	1	1	1	1	1	1	1	1	1	2	2	2	2	2	2	2	2	2	2	34	37	36	37	36	35	34	35	28	32	4	5	4	4	4	4	5	5	9	9	9	9	9	9	9	9	9	9	9	9	9	9	9	9	9	9	9	9	1	1	1	1	1	2	1	1	1	1	8	9	9	7	9	8	8	8	9	6	6	8	8	6	6	8	8	6	5	5	5	5	5	5	5	10	8	6	8	8	8	8	7	8	8	8	8	7	7	8	11	9	11	7	7	9	9	9	9	1	0	0	0	0	1	0	0	0	1	1	1	1	1	0	1	1
DU-254	22	24	25	25	21	23	23	27	26	27	27	19	19	22	19	20	19	5	6	5	5	6	6	5	6	5	5	8	6	6	7	6	7	6	6	7	1	4	2	4	4	4	4	4	4	4	4	4	4	4	3	4	2	2	1	2	7	7	7	29	27	28	27	3	4	4	4	4	41	6	5	6	6	42	34	40	41	42	4	4	4	4	31	33	32	31	42	43	42	5	5	5	2	5	5	6	5	5	7	5	5	5	5	5	5	5	5	9	6	0	0	9	0	43	4	4	4	8	7	8	0	0	0	0	0	3	0	0	1	1	1	1	1	1	1	1	1	1	1	1	1	1	1	1	1	1	1	2	2	2	2	2	2	2	2	2	2	34	37	36	37	36	35	34	35	28	32	4	5	4	4	4	4	5	5	9	9	9	9	9	9	9	9	9	9	9	9	9	9	9	9	9	9	9	9	1	1	1	1	1	2	1	1	1	1	8	9	9	7	9	8	8	8	9	6	6	8	8	6	6	8	8	6	5	5	5	5	5	5	5	10	8	6	8	8	8	8	7	8	8	8	8	7	7	8	11	9	11	7	7	9	9	9	9	1	0	0	0	0	1	0	0	0	1	1	1	1	1	0	1	1
DU-270	25	27	28	28	24	26	26	30	29	30	30	22	22	25	22	23	22	10	11	10	10	11	11	10	11	10	10	17	15	15	16	15	16	15	15	16	10	13	11	13	13	13	13	13	13	13	13	13	13	13	12	13	11	11	10	11	10	10	10	32	30	31	30	6	7	7	7	7	44	9	8	9	9	45	37	43	44	45	7	7	7	7	34	36	35	34	45	46	45	8	8	8	6	8	8	13	12	12	14	12	10	10	10	10	10	10	10	6	11	9	9	0	9	46	13	7	7	3	14	15	9	9	9	9	9	12	9	9	10	10	10	10	10	10	10	10	10	10	10	10	10	10	10	10	10	10	10	11	11	11	11	11	11	11	11	11	11	37	40	39	40	39	38	37	38	31	35	7	8	7	7	6	7	8	8	6	6	6	6	6	6	6	6	6	6	6	6	6	6	6	6	6	6	6	6	10	10	10	10	10	11	10	10	10	10	3	4	4	3	4	3	3	3	4	11	11	13	13	11	11	13	13	11	10	12	12	12	12	12	12	6	3	3	3	3	3	3	3	3	3	3	3	3	4	3	6	2	6	2	2	4	0	0	0	10	9	9	9	9	10	9	9	9	10	10	10	10	10	9	10	10
DU-297	22	24	25	25	21	23	23	27	26	27	27	19	19	22	19	20	19	5	6	5	5	6	6	5	6	5	5	8	6	6	7	6	7	6	6	7	1	4	2	4	4	4	4	4	4	4	4	4	4	4	3	4	2	2	1	2	7	7	7	29	27	28	27	3	4	4	4	4	41	6	5	6	6	42	34	40	41	42	4	4	4	4	31	33	32	31	42	43	42	5	5	5	2	5	5	6	5	5	7	5	5	5	5	5	5	5	5	9	6	0	0	9	0	43	4	4	4	8	7	8	0	0	0	0	0	3	0	0	1	1	1	1	1	1	1	1	1	1	1	1	1	1	1	1	1	1	1	2	2	2	2	2	2	2	2	2	2	34	37	36	37	36	35	34	35	28	32	4	5	4	4	4	4	5	5	9	9	9	9	9	9	9	9	9	9	9	9	9	9	9	9	9	9	9	9	1	1	1	1	1	2	1	1	1	1	8	9	9	7	9	8	8	8	9	6	6	8	8	6	6	8	8	6	5	5	5	5	5	5	5	10	8	6	8	8	8	8	7	8	8	8	8	7	7	8	11	9	11	7	7	9	9	9	9	1	0	0	0	0	1	0	0	0	1	1	1	1	1	0	1	1
DU-443	41	47	48	48	44	47	45	33	32	32	32	43	43	46	43	43	43	44	45	44	44	45	45	44	45	44	44	46	44	44	44	44	44	44	44	44	36	47	45	47	47	47	47	47	47	47	47	47	47	47	46	47	45	45	44	45	42	42	42	32	30	33	34	39	39	39	39	39	23	39	39	39	39	0	3	1	0	0	39	36	39	39	36	38	37	36	0	0	0	40	39	40	38	40	40	43	43	43	44	43	44	44	44	44	44	44	44	46	45	43	43	46	43	0	47	39	39	45	44	45	43	43	43	43	43	46	43	43	44	44	44	44	44	44	44	44	44	44	44	44	44	44	44	44	44	44	44	45	45	45	45	45	45	45	45	45	45	39	42	41	42	41	40	39	40	32	38	41	42	41	41	41	41	41	42	46	46	46	46	46	46	46	46	46	46	46	46	46	46	46	46	46	46	46	46	44	44	44	44	44	43	44	44	44	44	45	46	46	44	46	45	45	45	46	43	45	47	47	45	45	47	47	42	36	43	43	43	43	43	44	41	45	37	45	45	45	45	44	45	45	45	45	44	35	45	44	41	46	37	43	44	46	46	46	44	43	43	43	43	44	43	43	43	44	44	44	43	44	43	44	44
DU-4A	22	24	25	25	21	23	23	31	30	31	31	21	21	22	21	22	21	9	10	9	9	10	10	9	10	9	9	12	10	10	11	10	11	10	10	11	1	2	4	2	2	2	2	2	2	2	0	0	0	0	1	0	6	6	3	6	11	11	11	33	31	32	31	7	8	8	8	8	45	10	9	10	10	46	38	44	45	46	8	8	8	8	30	31	30	29	46	47	46	9	9	9	6	9	9	10	9	9	11	9	9	9	9	9	9	9	9	13	10	4	4	13	4	47	0	8	8	12	11	12	4	4	4	4	4	1	4	4	3	3	3	3	3	3	3	3	3	3	3	3	3	3	3	3	3	3	3	4	4	4	4	4	4	4	4	4	4	32	35	34	35	34	33	32	33	27	30	8	9	8	8	8	8	9	9	13	13	13	13	13	13	13	13	13	13	13	13	13	13	13	13	13	13	13	13	3	3	3	3	3	5	3	3	3	3	12	13	13	11	13	12	12	12	13	10	10	12	12	10	10	12	12	10	7	9	9	9	9	9	9	14	12	9	12	12	12	12	11	12	12	12	12	11	11	12	15	13	15	10	11	13	13	13	13	5	4	4	4	4	5	4	4	4	5	5	5	5	5	4	5	5
DU014LP012	20	22	23	23	19	21	21	23	22	23	23	17	17	20	17	18	17	5	6	5	5	6	6	5	6	5	5	12	10	10	11	10	11	10	10	11	5	8	6	8	8	8	8	8	8	8	8	8	8	8	7	8	6	6	5	6	3	3	3	25	23	24	23	0	0	0	0	0	37	2	2	2	2	38	30	36	37	38	0	0	0	0	27	29	28	27	38	39	38	1	1	1	0	1	1	10	9	9	11	9	5	5	5	5	5	5	5	7	6	4	4	7	4	39	8	0	0	6	11	12	4	4	4	4	4	7	4	4	5	5	5	5	5	5	5	5	5	5	5	5	5	5	5	5	5	5	5	6	6	6	6	6	6	6	6	6	6	30	33	32	33	32	31	30	31	24	29	2	3	2	2	2	2	3	3	7	7	7	7	7	7	7	7	7	7	7	7	7	7	7	7	7	7	7	7	5	5	5	5	5	6	5	5	5	5	6	7	7	5	7	6	6	6	7	6	6	8	8	6	6	8	8	6	6	9	9	9	9	9	9	9	6	4	6	6	6	6	5	6	6	6	6	5	6	6	9	7	9	5	4	7	7	7	7	5	4	4	4	4	5	4	4	4	5	5	5	5	5	4	5	5
DU037LP013	20	22	23	23	19	21	21	23	22	23	23	17	17	20	17	18	17	5	6	5	5	6	6	5	6	5	5	12	10	10	11	10	11	10	10	11	5	8	6	8	8	8	8	8	8	8	8	8	8	8	7	8	6	6	5	6	3	3	3	25	23	24	23	0	0	0	0	0	37	2	2	2	2	38	30	36	37	38	0	0	0	0	27	29	28	27	38	39	38	1	1	1	0	1	1	10	9	9	11	9	5	5	5	5	5	5	5	7	6	4	4	7	4	39	8	0	0	6	11	12	4	4	4	4	4	7	4	4	5	5	5	5	5	5	5	5	5	5	5	5	5	5	5	5	5	5	5	6	6	6	6	6	6	6	6	6	6	30	33	32	33	32	31	30	31	24	29	2	3	2	2	2	2	3	3	7	7	7	7	7	7	7	7	7	7	7	7	7	7	7	7	7	7	7	7	5	5	5	5	5	6	5	5	5	5	6	7	7	5	7	6	6	6	7	6	6	8	8	6	6	8	8	6	6	9	9	9	9	9	9	9	6	4	6	6	6	6	5	6	6	6	6	5	6	6	9	7	9	5	4	7	7	7	7	5	4	4	4	4	5	4	4	4	5	5	5	5	5	4	5	5
DU059LP015	24	26	27	27	23	25	25	29	28	29	29	21	21	24	21	22	21	9	10	9	9	10	10	9	10	9	9	16	14	14	15	14	15	14	14	15	9	12	10	12	12	12	12	12	12	12	12	12	12	12	11	12	10	10	9	10	9	9	9	31	29	30	29	5	6	6	6	6	43	8	7	8	8	44	36	42	43	44	6	6	6	6	33	35	34	33	44	45	44	7	7	7	5	7	7	12	11	11	13	11	9	9	9	9	9	9	9	5	10	8	8	3	8	45	12	6	6	0	13	14	8	8	8	8	8	11	8	8	9	9	9	9	9	9	9	9	9	9	9	9	9	9	9	9	9	9	9	10	10	10	10	10	10	10	10	10	10	36	39	38	39	38	37	36	37	30	34	6	7	6	6	6	6	7	7	5	5	5	5	5	5	5	5	5	5	5	5	5	5	5	5	5	5	5	5	9	9	9	9	9	10	9	9	9	9	2	3	3	2	3	2	2	2	3	10	10	12	12	10	10	12	12	10	9	11	11	11	11	11	11	5	0	0	0	0	0	0	0	0	0	0	0	0	3	0	5	3	5	1	1	3	3	3	3	9	8	8	8	8	9	8	8	8	9	9	9	9	9	8	9	9
DU078LP011	29	31	32	32	27	30	30	32	31	32	32	26	26	29	26	27	26	12	13	12	12	13	13	12	13	12	12	9	9	9	10	9	10	9	9	10	7	11	9	11	11	11	11	11	11	11	11	11	11	11	10	11	9	9	8	9	14	14	14	32	30	33	32	10	11	11	11	11	44	13	12	13	13	43	36	41	42	43	11	11	11	11	36	38	37	36	43	44	43	12	12	12	9	12	12	0	0	0	0	0	10	10	10	10	10	10	10	16	13	7	7	14	7	44	11	11	11	13	0	0	7	7	7	7	7	10	7	7	8	8	8	8	8	8	8	8	8	8	8	8	8	8	8	8	8	8	8	9	9	9	9	9	9	9	9	9	9	39	42	41	42	41	40	39	40	33	37	11	12	11	11	10	11	12	12	16	16	16	16	16	16	16	16	16	16	16	16	16	16	16	16	16	16	16	16	8	8	8	8	8	9	8	8	8	8	13	14	14	13	14	13	13	13	14	10	11	13	13	11	11	13	13	10	10	1	1	1	1	1	2	14	13	9	13	13	13	13	13	13	13	13	13	13	11	13	16	14	16	11	12	14	14	14	14	8	7	7	7	7	8	7	7	7	8	8	8	8	8	7	8	8
DU079LP010	29	32	33	33	28	31	31	33	32	33	33	27	27	30	27	28	27	13	14	13	13	14	14	13	14	13	13	10	10	10	11	10	11	10	10	11	8	12	10	12	12	12	12	12	12	12	12	12	12	12	11	12	10	10	9	10	15	15	15	33	31	34	33	11	12	12	12	12	45	14	13	14	14	44	37	42	43	44	12	12	12	12	37	39	38	37	44	45	44	13	13	13	10	13	13	0	0	0	0	0	11	11	11	11	11	11	11	17	14	8	8	15	8	45	12	12	12	14	0	0	8	8	8	8	8	11	8	8	9	9	9	9	9	9	9	9	9	9	9	9	9	9	9	9	9	9	9	10	10	10	10	10	10	10	10	10	10	40	43	42	43	42	41	40	41	34	38	12	13	12	12	11	12	13	13	17	17	17	17	17	17	17	17	17	17	17	17	17	17	17	17	17	17	17	17	9	9	9	9	9	10	9	9	9	9	14	15	15	14	15	14	14	14	15	11	12	14	14	12	12	14	14	10	10	2	2	2	2	2	3	15	14	10	14	14	14	14	14	14	14	14	14	14	12	14	17	15	17	12	13	15	15	15	15	9	8	8	8	8	9	8	8	8	9	9	9	9	9	8	9	9
DUD_LP_132_Du-283	22	24	25	25	21	23	23	27	26	27	27	19	19	22	19	20	19	5	6	5	5	6	6	5	6	5	5	8	6	6	7	6	7	6	6	7	1	4	2	4	4	4	4	4	4	4	4	4	4	4	3	4	2	2	1	2	7	7	7	29	27	28	27	3	4	4	4	4	41	6	5	6	6	42	34	40	41	42	4	4	4	4	31	33	32	31	42	43	42	5	5	5	2	5	5	6	5	5	7	5	5	5	5	5	5	5	5	8	6	0	0	9	0	43	4	4	4	8	7	8	0	0	0	0	0	3	0	0	1	1	1	1	1	1	1	1	1	1	1	1	1	1	1	1	1	1	1	2	2	2	2	2	2	2	2	2	2	34	37	36	37	36	35	34	35	28	32	4	5	4	4	4	4	5	5	8	8	8	8	8	8	8	8	8	8	8	8	8	8	8	8	8	8	8	8	1	1	1	1	1	2	1	1	1	1	8	9	9	7	9	8	8	8	8	6	6	8	8	6	6	8	8	6	5	5	5	5	5	5	5	10	8	6	8	8	8	8	7	8	8	8	8	7	7	8	11	9	11	7	7	9	9	9	9	1	0	0	0	0	1	0	0	0	1	1	1	1	1	0	1	1
DUD_LP_133_Du-284	22	24	25	25	21	23	23	27	26	27	27	19	19	22	19	20	19	5	6	5	5	6	6	5	6	5	5	8	6	6	7	6	7	6	6	7	1	4	2	4	4	4	4	4	4	4	4	4	4	4	3	4	2	2	1	2	7	7	7	29	27	28	27	3	4	4	4	4	41	6	5	6	6	42	34	40	41	42	4	4	4	4	31	33	32	31	42	43	42	5	5	5	2	5	5	6	5	5	7	5	5	5	5	5	5	5	5	9	6	0	0	9	0	43	4	4	4	8	7	8	0	0	0	0	0	3	0	0	1	1	1	1	1	1	1	1	1	1	1	1	1	1	1	1	1	1	1	2	2	2	2	2	2	2	2	2	2	34	37	36	37	36	35	34	35	28	32	4	5	4	4	4	4	5	5	9	9	9	9	9	9	9	9	9	9	9	9	9	9	9	9	9	9	9	9	1	1	1	1	1	2	1	1	1	1	8	9	9	7	9	8	8	8	9	6	6	8	8	6	6	8	8	6	5	5	5	5	5	5	5	10	8	6	8	8	8	8	7	8	8	8	8	7	7	8	11	9	11	7	7	9	9	9	9	1	0	0	0	0	1	0	0	0	1	1	1	1	1	0	1	1
DUD_LP_134_Du-285	22	24	25	25	21	23	23	27	26	27	27	19	19	22	19	20	19	5	6	5	5	6	6	5	6	5	5	8	6	6	7	6	7	6	6	7	1	4	2	4	4	4	4	4	4	4	4	4	4	4	3	4	2	2	1	2	7	7	7	29	27	28	27	3	4	4	4	4	41	6	5	6	6	42	34	40	41	42	4	4	4	4	31	33	32	31	42	43	42	5	5	5	2	5	5	6	5	5	7	5	5	5	5	5	5	5	5	9	6	0	0	9	0	43	4	4	4	8	7	8	0	0	0	0	0	3	0	0	1	1	1	1	1	1	1	1	1	1	1	1	1	1	1	1	1	1	1	2	2	2	2	2	2	2	2	2	2	34	37	36	37	36	35	34	35	28	32	4	5	4	4	4	4	5	5	9	9	9	9	9	9	9	9	9	9	9	9	9	9	9	9	9	9	9	9	1	1	1	1	1	2	1	1	1	1	8	9	9	7	9	8	8	8	9	6	6	8	8	6	6	8	8	6	5	5	5	5	5	5	5	10	8	6	8	8	8	8	7	8	8	8	8	7	7	8	11	9	11	7	7	9	9	9	9	1	0	0	0	0	1	0	0	0	1	1	1	1	1	0	1	1
DUD_LP_135_Du-286	22	24	25	25	21	23	23	27	26	27	27	19	19	22	19	20	19	5	6	5	5	6	6	5	6	5	5	8	6	6	7	6	7	6	6	7	1	4	2	4	4	4	4	4	4	4	4	4	4	4	3	4	2	2	1	2	7	7	7	29	27	28	27	3	4	4	4	4	41	6	5	6	6	42	34	40	41	42	4	4	4	4	31	33	32	31	42	43	42	5	5	5	2	5	5	6	5	5	7	5	5	5	5	5	5	5	5	9	6	0	0	9	0	43	4	4	4	8	7	8	0	0	0	0	0	3	0	0	1	1	1	1	1	1	1	1	1	1	1	1	1	1	1	1	1	1	1	2	2	2	2	2	2	2	2	2	2	34	37	36	37	36	35	34	35	28	32	4	5	4	4	4	4	5	5	9	9	9	9	9	9	9	9	9	9	9	9	9	9	9	9	9	9	9	9	1	1	1	1	1	2	1	1	1	1	8	9	9	7	9	8	8	8	9	6	6	8	8	6	6	8	8	6	5	5	5	5	5	5	5	10	8	6	8	8	8	8	7	8	8	8	8	7	7	8	11	9	11	7	7	9	9	9	9	1	0	0	0	0	1	0	0	0	1	1	1	1	1	0	1	1
DUD_LP_136_Du-287	22	24	25	25	21	23	23	27	26	27	27	19	19	22	19	20	19	5	6	5	5	6	6	5	6	5	5	8	6	6	7	6	7	6	6	7	1	4	2	4	4	4	4	4	4	4	4	4	4	4	3	4	2	2	1	2	7	7	7	29	27	28	27	3	4	4	4	4	41	6	5	6	6	42	34	40	41	42	4	4	4	4	31	33	32	31	42	43	42	5	5	5	2	5	5	6	5	5	7	5	5	5	5	5	5	5	5	9	6	0	0	9	0	43	4	4	4	8	7	8	0	0	0	0	0	3	0	0	1	1	1	1	1	1	1	1	1	1	1	1	1	1	1	1	1	1	1	2	2	2	2	2	2	2	2	2	2	34	37	36	37	36	35	34	35	28	32	4	5	4	4	4	4	5	5	9	9	9	9	9	9	9	9	9	9	9	9	9	9	9	9	9	9	9	9	1	1	1	1	1	2	1	1	1	1	8	9	9	7	9	8	8	8	9	6	6	8	8	6	6	8	8	6	5	5	5	5	5	5	5	10	8	6	8	8	8	8	7	8	8	8	8	7	7	8	11	9	11	7	7	9	9	9	9	1	0	0	0	0	1	0	0	0	1	1	1	1	1	0	1	1
DUD_LP_137_Du-288	21	23	24	24	20	22	22	30	29	30	30	20	20	21	20	21	20	8	9	8	8	9	9	8	9	8	8	11	9	9	10	9	10	9	9	10	0	1	3	1	1	1	1	1	1	1	1	1	1	1	0	1	5	5	2	5	10	10	10	32	30	31	30	6	7	7	7	7	44	9	8	9	9	45	37	43	44	45	7	7	7	7	29	30	29	28	45	46	45	8	8	8	5	8	8	9	8	8	10	8	8	8	8	8	8	8	8	12	9	3	3	12	3	46	1	7	7	11	10	11	3	3	3	3	3	0	3	3	2	2	2	2	2	2	2	2	2	2	2	2	2	2	2	2	2	2	2	3	3	3	3	3	3	3	3	3	3	31	34	33	34	33	32	31	32	26	29	7	8	7	7	7	7	8	8	12	12	12	12	12	12	12	12	12	12	12	12	12	12	12	12	12	12	12	12	2	2	2	2	2	4	2	2	2	2	11	12	12	10	12	11	11	11	12	9	9	11	11	9	9	11	11	9	6	8	8	8	8	8	8	13	11	9	11	11	11	11	10	11	11	11	11	10	10	11	14	12	14	9	10	12	12	12	12	4	3	3	3	3	4	3	3	3	4	4	4	4	4	3	4	4
DUD_LP_138_Du-289	22	24	25	25	21	23	23	27	26	27	27	19	19	22	19	20	19	5	6	5	5	6	6	5	6	5	5	8	6	6	7	6	7	6	6	7	1	4	2	4	4	4	4	4	4	4	4	4	4	4	3	4	2	2	1	2	7	7	7	29	27	28	27	3	4	4	4	4	41	6	5	6	6	42	34	40	41	42	4	4	4	4	31	33	32	31	42	43	42	5	5	5	2	5	5	6	5	5	7	5	5	5	5	5	5	5	5	9	6	0	0	9	0	43	4	4	4	8	7	8	0	0	0	0	0	3	0	0	1	1	1	1	1	1	1	1	1	1	1	1	1	1	1	1	1	1	1	2	2	2	2	2	2	2	2	2	2	34	37	36	37	36	35	34	35	28	32	4	5	4	4	4	4	5	5	9	9	9	9	9	9	9	9	9	9	9	9	9	9	9	9	9	9	9	9	1	1	1	1	1	2	1	1	1	1	8	9	9	7	9	8	8	8	9	6	6	8	8	6	6	8	8	6	5	5	5	5	5	5	5	10	8	6	8	8	8	8	7	8	8	8	8	7	7	8	11	9	11	7	7	9	9	9	9	1	0	0	0	0	1	0	0	0	1	1	1	1	1	0	1	1
DUD_LP_139_Du-290	22	24	25	25	21	23	23	27	26	27	27	19	19	22	19	20	19	5	6	5	5	6	6	5	6	5	5	8	6	6	7	6	7	6	6	7	1	4	2	4	4	4	4	4	4	4	4	4	4	4	3	4	2	2	1	2	7	7	7	29	27	28	27	3	4	4	4	4	41	6	5	6	6	42	34	40	41	42	4	4	4	4	31	33	32	31	42	43	42	5	5	5	2	5	5	6	5	5	7	5	5	5	5	5	5	5	5	9	6	0	0	9	0	43	4	4	4	8	7	8	0	0	0	0	0	3	0	0	1	1	1	1	1	1	1	1	1	1	1	1	1	1	1	1	1	1	1	2	2	2	2	2	2	2	2	2	2	34	37	36	37	36	35	34	35	28	32	4	5	4	4	4	4	5	5	9	9	9	9	9	9	9	9	9	9	9	9	9	9	9	9	9	9	9	9	1	1	1	1	1	2	1	1	1	1	8	9	9	7	9	8	8	8	9	6	6	8	8	6	6	8	8	6	5	5	5	5	5	5	5	10	8	6	8	8	8	8	7	8	8	8	8	7	7	8	11	9	11	7	7	9	9	9	9	1	0	0	0	0	1	0	0	0	1	1	1	1	1	0	1	1
KIRN_LP_179_Du-421	23	25	26	26	22	24	24	28	27	28	28	20	20	23	20	21	20	6	7	6	6	7	7	6	7	6	6	9	7	7	8	7	8	7	7	8	0	3	1	3	3	3	3	3	3	3	3	3	3	3	2	3	3	3	0	3	8	8	8	30	28	29	28	4	5	5	5	5	42	7	6	7	7	43	35	41	42	43	5	5	5	5	31	32	31	30	43	44	43	6	6	6	3	6	6	7	6	6	8	6	6	6	6	6	6	6	6	10	7	1	1	10	1	44	3	5	5	9	8	9	1	1	1	1	1	2	1	1	0	0	0	0	0	0	0	0	0	0	0	0	0	0	0	0	0	0	0	1	1	1	1	1	1	1	1	1	1	33	36	35	36	35	34	33	34	27	31	5	6	5	5	5	5	6	6	10	10	10	10	10	10	10	10	10	10	10	10	10	10	10	10	10	10	10	10	0	0	0	0	0	2	0	0	0	0	9	10	10	8	10	9	9	9	10	7	7	9	9	7	7	9	9	7	6	6	6	6	6	6	6	11	9	7	9	9	9	9	8	9	9	9	9	8	8	9	12	10	12	8	8	10	10	10	10	2	1	1	1	1	2	1	1	1	2	2	2	2	2	1	2	2
KIRN_LP_180_Du-422	23	25	26	26	22	24	24	28	27	28	28	20	20	23	20	21	20	6	7	6	6	7	7	6	7	6	6	9	7	7	8	7	8	7	7	8	0	3	1	3	3	3	3	3	3	3	3	3	3	3	2	3	3	3	0	3	8	8	8	30	28	29	28	4	5	5	5	5	42	7	6	7	7	43	35	41	42	43	5	5	5	5	31	32	31	30	43	44	43	6	6	6	3	6	6	7	6	6	8	6	6	6	6	6	6	6	6	10	7	1	1	10	1	44	3	5	5	9	8	9	1	1	1	1	1	2	1	1	0	0	0	0	0	0	0	0	0	0	0	0	0	0	0	0	0	0	0	1	1	1	1	1	1	1	1	1	1	33	36	35	36	35	34	33	34	27	31	5	6	5	5	5	5	6	6	10	10	10	10	10	10	10	10	10	10	10	10	10	10	10	10	10	10	10	10	0	0	0	0	0	2	0	0	0	0	9	10	10	8	10	9	9	9	10	7	7	9	9	7	7	9	9	7	6	6	6	6	6	6	6	11	9	7	9	9	9	9	8	9	9	9	9	8	8	9	12	10	12	8	8	10	10	10	10	2	1	1	1	1	2	1	1	1	2	2	2	2	2	1	2	2
KIRN_LP_181_Du-423	23	25	26	26	22	24	24	28	27	28	28	20	20	23	20	21	20	6	7	6	6	7	7	6	7	6	6	9	7	7	8	7	8	7	7	8	0	3	1	3	3	3	3	3	3	3	3	3	3	3	2	3	3	3	0	3	8	8	8	30	28	29	28	4	5	5	5	5	42	7	6	7	7	43	35	41	42	43	5	5	5	5	31	32	31	30	43	44	43	6	6	6	3	6	6	7	6	6	8	6	6	6	6	6	6	6	6	10	7	1	1	10	1	44	3	5	5	9	8	9	1	1	1	1	1	2	1	1	0	0	0	0	0	0	0	0	0	0	0	0	0	0	0	0	0	0	0	1	1	1	1	1	1	1	1	1	1	33	36	35	36	35	34	33	34	27	31	5	6	5	5	5	5	6	6	10	10	10	10	10	10	10	10	10	10	10	10	10	10	10	10	10	10	10	10	0	0	0	0	0	2	0	0	0	0	9	10	10	8	10	9	9	9	10	7	7	9	9	7	7	9	9	7	6	6	6	6	6	6	6	11	9	7	9	9	9	9	8	9	9	9	9	8	8	9	12	10	12	8	8	10	10	10	10	2	1	1	1	1	2	1	1	1	2	2	2	2	2	1	2	2
KIRN_LP_182_Du-424	23	25	26	26	22	24	24	28	27	28	28	20	20	23	20	21	20	6	7	6	6	7	7	6	7	6	6	9	7	7	8	7	8	7	7	8	0	3	1	3	3	3	3	3	3	3	3	3	3	3	2	3	3	3	0	3	8	8	8	30	28	29	28	4	5	5	5	5	42	7	6	7	7	43	35	41	42	43	5	5	5	5	31	32	31	30	43	44	43	6	6	6	3	6	6	7	6	6	8	6	6	6	6	6	6	6	6	10	7	1	1	10	1	44	3	5	5	9	8	9	1	1	1	1	1	2	1	1	0	0	0	0	0	0	0	0	0	0	0	0	0	0	0	0	0	0	0	1	1	1	1	1	1	1	1	1	1	33	36	35	36	35	34	33	34	27	31	5	6	5	5	5	5	6	6	10	10	10	10	10	10	10	10	10	10	10	10	10	10	10	10	10	10	10	10	0	0	0	0	0	2	0	0	0	0	9	10	10	8	10	9	9	9	10	7	7	9	9	7	7	9	9	7	6	6	6	6	6	6	6	11	9	7	9	9	9	9	8	9	9	9	9	8	8	9	12	10	12	8	8	10	10	10	10	2	1	1	1	1	2	1	1	1	2	2	2	2	2	1	2	2
KIRN_LP_183_Du-425	23	25	26	26	22	24	24	28	27	28	28	20	20	23	20	21	20	6	7	6	6	7	7	6	7	6	6	9	7	7	8	7	8	7	7	8	0	3	1	3	3	3	3	3	3	3	3	3	3	3	2	3	3	3	0	3	8	8	8	30	28	29	28	4	5	5	5	5	42	7	6	7	7	43	35	41	42	43	5	5	5	5	31	32	31	30	43	44	43	6	6	6	3	6	6	7	6	6	8	6	6	6	6	6	6	6	6	10	7	1	1	10	1	44	3	5	5	9	8	9	1	1	1	1	1	2	1	1	0	0	0	0	0	0	0	0	0	0	0	0	0	0	0	0	0	0	0	1	1	1	1	1	1	1	1	1	1	33	36	35	36	35	34	33	34	27	31	5	6	5	5	5	5	6	6	10	10	10	10	10	10	10	10	10	10	10	10	10	10	10	10	10	10	10	10	0	0	0	0	0	2	0	0	0	0	9	10	10	8	10	9	9	9	10	7	7	9	9	7	7	9	9	7	6	6	6	6	6	6	6	11	9	7	9	9	9	9	8	9	9	9	9	8	8	9	12	10	12	8	8	10	10	10	10	2	1	1	1	1	2	1	1	1	2	2	2	2	2	1	2	2
KIRN_LP_184_Du-426	23	25	26	26	22	24	24	28	27	28	28	20	20	23	20	21	20	6	7	6	6	7	7	6	7	6	6	9	7	7	8	7	8	7	7	8	0	3	1	3	3	3	3	3	3	3	3	3	3	3	2	3	3	3	0	3	8	8	8	30	28	29	28	4	5	5	5	5	42	7	6	7	7	43	35	41	42	43	5	5	5	5	31	32	31	30	43	44	43	6	6	6	3	6	6	7	6	6	8	6	6	6	6	6	6	6	6	10	7	1	1	10	1	44	3	5	5	9	8	9	1	1	1	1	1	2	1	1	0	0	0	0	0	0	0	0	0	0	0	0	0	0	0	0	0	0	0	1	1	1	1	1	1	1	1	1	1	33	36	35	36	35	34	33	34	27	31	5	6	5	5	5	5	6	6	10	10	10	10	10	10	10	10	10	10	10	10	10	10	10	10	10	10	10	10	0	0	0	0	0	2	0	0	0	0	9	10	10	8	10	9	9	9	10	7	7	9	9	7	7	9	9	7	6	6	6	6	6	6	6	11	9	7	9	9	9	9	8	9	9	9	9	8	8	9	12	10	12	8	8	10	10	10	10	2	1	1	1	1	2	1	1	1	2	2	2	2	2	1	2	2
KIRN_LP_185_Du-427	23	25	26	26	22	24	24	28	27	28	28	20	20	23	20	21	20	6	7	6	6	7	7	6	7	6	6	9	7	7	8	7	8	7	7	8	0	3	1	3	3	3	3	3	3	3	3	3	3	3	2	3	3	3	0	3	8	8	8	30	28	29	28	4	5	5	5	5	42	7	6	7	7	43	35	41	42	43	5	5	5	5	31	32	31	30	43	44	43	6	6	6	3	6	6	7	6	6	8	6	6	6	6	6	6	6	6	10	7	1	1	10	1	44	3	5	5	9	8	9	1	1	1	1	1	2	1	1	0	0	0	0	0	0	0	0	0	0	0	0	0	0	0	0	0	0	0	1	1	1	1	1	1	1	1	1	1	33	36	35	36	35	34	33	34	27	31	5	6	5	5	5	5	6	6	10	10	10	10	10	10	10	10	10	10	10	10	10	10	10	10	10	10	10	10	0	0	0	0	0	2	0	0	0	0	9	10	10	8	10	9	9	9	10	7	7	9	9	7	7	9	9	7	6	6	6	6	6	6	6	11	9	7	9	9	9	9	8	9	9	9	9	8	8	9	12	10	12	8	8	10	10	10	10	2	1	1	1	1	2	1	1	1	2	2	2	2	2	1	2	2
KIRN_LP_186_Du-428	23	25	26	26	22	24	24	28	27	28	28	20	20	23	20	21	20	6	7	6	6	7	7	6	7	6	6	9	7	7	8	7	8	7	7	8	0	3	1	3	3	3	3	3	3	3	3	3	3	3	2	3	3	3	0	3	8	8	8	30	28	29	28	4	5	5	5	5	42	7	6	7	7	43	35	41	42	43	5	5	5	5	31	32	31	30	43	44	43	6	6	6	3	6	6	7	6	6	8	6	6	6	6	6	6	6	6	10	7	1	1	10	1	44	3	5	5	9	8	9	1	1	1	1	1	2	1	1	0	0	0	0	0	0	0	0	0	0	0	0	0	0	0	0	0	0	0	1	1	1	1	1	1	1	1	1	1	33	36	35	36	35	34	33	34	27	31	5	6	5	5	5	5	6	6	10	10	10	10	10	10	10	10	10	10	10	10	10	10	10	10	10	10	10	10	0	0	0	0	0	2	0	0	0	0	9	10	10	8	10	9	9	9	10	7	7	9	9	7	7	9	9	7	6	6	6	6	6	6	6	11	9	7	9	9	9	9	8	9	9	9	9	8	8	9	12	10	12	8	8	10	10	10	10	2	1	1	1	1	2	1	1	1	2	2	2	2	2	1	2	2
KIRN_LP_187_Du-429	23	25	26	26	22	24	24	28	27	28	28	20	20	23	20	21	20	6	7	6	6	7	7	6	7	6	6	9	7	7	8	7	8	7	7	8	0	3	1	3	3	3	3	3	3	3	3	3	3	3	2	3	3	3	0	3	8	8	8	30	28	29	28	4	5	5	5	5	42	7	6	7	7	43	35	41	42	43	5	5	5	5	31	32	31	30	43	44	43	6	6	6	3	6	6	7	6	6	8	6	6	6	6	6	6	6	6	10	7	1	1	10	1	44	3	5	5	9	8	9	1	1	1	1	1	2	1	1	0	0	0	0	0	0	0	0	0	0	0	0	0	0	0	0	0	0	0	1	1	1	1	1	1	1	1	1	1	33	36	35	36	35	34	33	34	27	31	5	6	5	5	5	5	6	6	10	10	10	10	10	10	10	10	10	10	10	10	10	10	10	10	10	10	10	10	0	0	0	0	0	2	0	0	0	0	9	10	10	8	10	9	9	9	10	7	7	9	9	7	7	9	9	7	6	6	6	6	6	6	6	11	9	7	9	9	9	9	8	9	9	9	9	8	8	9	12	10	12	8	8	10	10	10	10	2	1	1	1	1	2	1	1	1	2	2	2	2	2	1	2	2
KIRT_LP_159_Du-364	23	25	26	26	22	24	24	28	27	28	28	20	20	23	20	21	20	6	7	6	6	7	7	6	7	6	6	9	7	7	8	7	8	7	7	8	0	3	1	3	3	3	3	3	3	3	3	3	3	3	2	3	3	3	0	3	8	8	8	30	28	29	28	4	5	5	5	5	42	7	6	7	7	43	35	41	42	43	5	5	5	5	31	32	31	30	43	44	43	6	6	6	3	6	6	7	6	6	8	6	6	6	6	6	6	6	6	10	7	1	1	10	1	44	3	5	5	9	8	9	1	1	1	1	1	2	1	1	0	0	0	0	0	0	0	0	0	0	0	0	0	0	0	0	0	0	0	1	1	1	1	1	1	1	1	1	1	33	36	35	36	35	34	33	34	27	31	5	6	5	5	5	5	6	6	10	10	10	10	10	10	10	10	10	10	10	10	10	10	10	10	10	10	10	10	0	0	0	0	0	2	0	0	0	0	9	10	10	8	10	9	9	9	10	7	7	9	9	7	7	9	9	7	6	6	6	6	6	6	6	11	9	7	9	9	9	9	8	9	9	9	9	8	8	9	12	10	12	8	8	10	10	10	10	2	1	1	1	1	2	1	1	1	2	2	2	2	2	1	2	2
KIRT_LP_160_Du-365	23	25	26	26	22	24	24	28	27	28	28	20	20	23	20	21	20	6	7	6	6	7	7	6	7	6	6	9	7	7	8	7	8	7	7	8	0	3	1	3	3	3	3	3	3	3	3	3	3	3	2	3	3	3	0	3	8	8	8	30	28	29	28	4	5	5	5	5	42	7	6	7	7	43	35	41	42	43	5	5	5	5	31	32	31	30	43	44	43	6	6	6	3	6	6	7	6	6	8	6	6	6	6	6	6	6	6	10	7	1	1	10	1	44	3	5	5	9	8	9	1	1	1	1	1	2	1	1	0	0	0	0	0	0	0	0	0	0	0	0	0	0	0	0	0	0	0	1	1	1	1	1	1	1	1	1	1	33	36	35	36	35	34	33	34	27	31	5	6	5	5	5	5	6	6	10	10	10	10	10	10	10	10	10	10	10	10	10	10	10	10	10	10	10	10	0	0	0	0	0	2	0	0	0	0	9	10	10	8	10	9	9	9	10	7	7	9	9	7	7	9	9	7	6	6	6	6	6	6	6	11	9	7	9	9	9	9	8	9	9	9	9	8	8	9	12	10	12	8	8	10	10	10	10	2	1	1	1	1	2	1	1	1	2	2	2	2	2	1	2	2
KIRT_LP_161_Du-366	23	25	26	26	22	24	24	28	27	28	28	20	20	23	20	21	20	6	7	6	6	7	7	6	7	6	6	9	7	7	8	7	8	7	7	8	0	3	1	3	3	3	3	3	3	3	3	3	3	3	2	3	3	3	0	3	8	8	8	30	28	29	28	4	5	5	5	5	42	7	6	7	7	43	35	41	42	43	5	5	5	5	31	32	31	30	43	44	43	6	6	6	3	6	6	7	6	6	8	6	6	6	6	6	6	6	6	10	7	1	1	10	1	44	3	5	5	9	8	9	1	1	1	1	1	2	1	1	0	0	0	0	0	0	0	0	0	0	0	0	0	0	0	0	0	0	0	1	1	1	1	1	1	1	1	1	1	33	36	35	36	35	34	33	34	27	31	5	6	5	5	5	5	6	6	10	10	10	10	10	10	10	10	10	10	10	10	10	10	10	10	10	10	10	10	0	0	0	0	0	2	0	0	0	0	9	10	10	8	10	9	9	9	10	7	7	9	9	7	7	9	9	7	6	6	6	6	6	6	6	11	9	7	9	9	9	9	8	9	9	9	9	8	8	9	12	10	12	8	8	10	10	10	10	2	1	1	1	1	2	1	1	1	2	2	2	2	2	1	2	2
KIRT_LP_162_Du-367	23	25	26	26	22	24	24	28	27	28	28	20	20	23	20	21	20	6	7	6	6	7	7	6	7	6	6	9	7	7	8	7	8	7	7	8	0	3	1	3	3	3	3	3	3	3	3	3	3	3	2	3	3	3	0	3	8	8	8	30	28	29	28	4	5	5	5	5	42	7	6	7	7	43	35	41	42	43	5	5	5	5	31	32	31	30	43	44	43	6	6	6	3	6	6	7	6	6	8	6	6	6	6	6	6	6	6	10	7	1	1	10	1	44	3	5	5	9	8	9	1	1	1	1	1	2	1	1	0	0	0	0	0	0	0	0	0	0	0	0	0	0	0	0	0	0	0	1	1	1	1	1	1	1	1	1	1	33	36	35	36	35	34	33	34	27	31	5	6	5	5	5	5	6	6	10	10	10	10	10	10	10	10	10	10	10	10	10	10	10	10	10	10	10	10	0	0	0	0	0	2	0	0	0	0	9	10	10	8	10	9	9	9	10	7	7	9	9	7	7	9	9	7	6	6	6	6	6	6	6	11	9	7	9	9	9	9	8	9	9	9	9	8	8	9	12	10	12	8	8	10	10	10	10	2	1	1	1	1	2	1	1	1	2	2	2	2	2	1	2	2
KIRT_LP_163_Du-368	23	25	26	26	22	24	24	28	27	28	28	20	20	23	20	21	20	6	7	6	6	7	7	6	7	6	6	9	7	7	8	7	8	7	7	8	0	3	1	3	3	3	3	3	3	3	3	3	3	3	2	3	3	3	0	3	8	8	8	30	28	29	28	4	5	5	5	5	42	7	6	7	7	43	35	41	42	43	5	5	5	5	31	32	31	30	43	44	43	6	6	6	3	6	6	7	6	6	8	6	6	6	6	6	6	6	6	10	7	1	1	10	1	44	3	5	5	9	8	9	1	1	1	1	1	2	1	1	0	0	0	0	0	0	0	0	0	0	0	0	0	0	0	0	0	0	0	1	1	1	1	1	1	1	1	1	1	33	36	35	36	35	34	33	34	27	31	5	6	5	5	5	5	6	6	10	10	10	10	10	10	10	10	10	10	10	10	10	10	10	10	10	10	10	10	0	0	0	0	0	2	0	0	0	0	9	10	10	8	10	9	9	9	10	7	7	9	9	7	7	9	9	7	6	6	6	6	6	6	6	11	9	7	9	9	9	9	8	9	9	9	9	8	8	9	12	10	12	8	8	10	10	10	10	2	1	1	1	1	2	1	1	1	2	2	2	2	2	1	2	2
KIRT_LP_164_Du-369	23	25	26	26	22	24	24	28	27	28	28	20	20	23	20	21	20	6	7	6	6	7	7	6	7	6	6	9	7	7	8	7	8	7	7	8	0	3	1	3	3	3	3	3	3	3	3	3	3	3	2	3	3	3	0	3	8	8	8	30	28	29	28	4	5	5	5	5	42	7	6	7	7	43	35	41	42	43	5	5	5	5	31	32	31	30	43	44	43	6	6	6	3	6	6	7	6	6	8	6	6	6	6	6	6	6	6	10	7	1	1	10	1	44	3	5	5	9	8	9	1	1	1	1	1	2	1	1	0	0	0	0	0	0	0	0	0	0	0	0	0	0	0	0	0	0	0	1	1	1	1	1	1	1	1	1	1	33	36	35	36	35	34	33	34	27	31	5	6	5	5	5	5	6	6	10	10	10	10	10	10	10	10	10	10	10	10	10	10	10	10	10	10	10	10	0	0	0	0	0	2	0	0	0	0	9	10	10	8	10	9	9	9	10	7	7	9	9	7	7	9	9	7	6	6	6	6	6	6	6	11	9	7	9	9	9	9	8	9	9	9	9	8	8	9	12	10	12	8	8	10	10	10	10	2	1	1	1	1	2	1	1	1	2	2	2	2	2	1	2	2
KIRT_LP_165_Du-370	23	25	26	26	22	24	24	28	27	28	28	20	20	23	20	21	20	6	7	6	6	7	7	6	7	6	6	9	7	7	8	7	8	7	7	8	0	3	1	3	3	3	3	3	3	3	3	3	3	3	2	3	3	3	0	3	8	8	8	30	28	29	28	4	5	5	5	5	42	7	6	7	7	43	35	41	42	43	5	5	5	5	31	32	31	30	43	44	43	6	6	6	3	6	6	7	6	6	8	6	6	6	6	6	6	6	6	10	7	1	1	10	1	44	3	5	5	9	8	9	1	1	1	1	1	2	1	1	0	0	0	0	0	0	0	0	0	0	0	0	0	0	0	0	0	0	0	1	1	1	1	1	1	1	1	1	1	33	36	35	36	35	34	33	34	27	31	5	6	5	5	5	5	6	6	10	10	10	10	10	10	10	10	10	10	10	10	10	10	10	10	10	10	10	10	0	0	0	0	0	2	0	0	0	0	9	10	10	8	10	9	9	9	10	7	7	9	9	7	7	9	9	7	6	6	6	6	6	6	6	11	9	7	9	9	9	9	8	9	9	9	9	8	8	9	12	10	12	8	8	10	10	10	10	2	1	1	1	1	2	1	1	1	2	2	2	2	2	1	2	2
KIRT_LP_166_Du-371	23	25	26	26	22	24	24	28	27	28	28	20	20	23	20	21	20	6	7	6	6	7	7	6	7	6	6	9	7	7	8	7	8	7	7	8	0	3	1	3	3	3	3	3	3	3	3	3	3	3	2	3	3	3	0	3	8	8	8	30	28	29	28	4	5	5	5	5	42	7	6	7	7	43	35	41	42	43	5	5	5	5	31	32	31	30	43	44	43	6	6	6	3	6	6	7	6	6	8	6	6	6	6	6	6	6	6	10	7	1	1	10	1	44	3	5	5	9	8	9	1	1	1	1	1	2	1	1	0	0	0	0	0	0	0	0	0	0	0	0	0	0	0	0	0	0	0	1	1	1	1	1	1	1	1	1	1	33	36	35	36	35	34	33	34	27	31	5	6	5	5	5	5	6	6	10	10	10	10	10	10	10	10	10	10	10	10	10	10	10	10	10	10	10	10	0	0	0	0	0	2	0	0	0	0	9	10	10	8	10	9	9	9	10	7	7	9	9	7	7	9	9	7	6	6	6	6	6	6	6	11	9	7	9	9	9	9	8	9	9	9	9	8	8	9	12	10	12	8	8	10	10	10	10	2	1	1	1	1	2	1	1	1	2	2	2	2	2	1	2	2
KIRT_LP_167_Du-372	23	25	26	26	22	24	24	28	27	28	28	20	20	23	20	21	20	6	7	6	6	7	7	6	7	6	6	9	7	7	8	7	8	7	7	8	0	3	1	3	3	3	3	3	3	3	3	3	3	3	2	3	3	3	0	3	8	8	8	30	28	29	28	4	5	5	5	5	42	7	6	7	7	43	35	41	42	43	5	5	5	5	31	32	31	30	43	44	43	6	6	6	3	6	6	7	6	6	8	6	6	6	6	6	6	6	6	10	7	1	1	10	1	44	3	5	5	9	8	9	1	1	1	1	1	2	1	1	0	0	0	0	0	0	0	0	0	0	0	0	0	0	0	0	0	0	0	1	1	1	1	1	1	1	1	1	1	33	36	35	36	35	34	33	34	27	31	5	6	5	5	5	5	6	6	10	10	10	10	10	10	10	10	10	10	10	10	10	10	10	10	10	10	10	10	0	0	0	0	0	2	0	0	0	0	9	10	10	8	10	9	9	9	10	7	7	9	9	7	7	9	9	7	6	6	6	6	6	6	6	11	9	7	9	9	9	9	8	9	9	9	9	8	8	9	12	10	12	8	8	10	10	10	10	2	1	1	1	1	2	1	1	1	2	2	2	2	2	1	2	2
KIRT_LP_168_Du-373	23	25	26	26	22	24	24	28	27	28	28	20	20	23	20	21	20	6	7	6	6	7	7	6	7	6	6	9	7	7	8	7	8	7	7	8	0	3	1	3	3	3	3	3	3	3	3	3	3	3	2	3	3	3	0	3	8	8	8	30	28	29	28	4	5	5	5	5	42	7	6	7	7	43	35	41	42	43	5	5	5	5	31	32	31	30	43	44	43	6	6	6	3	6	6	7	6	6	8	6	6	6	6	6	6	6	6	10	7	1	1	10	1	44	3	5	5	9	8	9	1	1	1	1	1	2	1	1	0	0	0	0	0	0	0	0	0	0	0	0	0	0	0	0	0	0	0	1	1	1	1	1	1	1	1	1	1	33	36	35	36	35	34	33	34	27	31	5	6	5	5	5	5	6	6	10	10	10	10	10	10	10	10	10	10	10	10	10	10	10	10	10	10	10	10	0	0	0	0	0	2	0	0	0	0	9	10	10	8	10	9	9	9	10	7	7	9	9	7	7	9	9	7	6	6	6	6	6	6	6	11	9	7	9	9	9	9	8	9	9	9	9	8	8	9	12	10	12	8	8	10	10	10	10	2	1	1	1	1	2	1	1	1	2	2	2	2	2	1	2	2
MALV_LP_095_Du-201	24	26	27	27	23	25	25	29	28	29	29	21	21	24	21	22	21	7	8	7	7	8	8	7	8	7	7	10	8	8	9	8	9	8	8	9	1	4	0	4	4	4	4	4	4	4	4	4	4	4	3	4	4	4	1	4	9	9	9	31	29	30	29	5	6	6	6	6	43	8	7	8	8	44	36	42	43	44	6	6	6	6	32	33	32	30	44	45	44	7	7	7	4	7	7	8	7	7	9	7	7	7	7	7	7	7	7	11	8	2	2	11	2	45	4	6	6	10	9	10	2	2	2	2	2	3	2	2	1	1	1	1	1	1	1	1	1	1	1	1	1	1	1	1	1	1	1	0	0	0	0	0	0	0	0	0	0	34	37	36	37	36	35	34	35	28	32	6	7	6	6	6	6	7	7	11	11	11	11	11	11	11	11	11	11	11	11	11	11	11	11	11	11	11	11	1	1	1	1	1	3	1	1	1	1	10	11	11	9	11	10	10	10	11	8	8	10	10	8	8	10	10	8	7	7	7	7	7	7	7	12	10	8	10	10	10	10	9	10	10	10	10	9	9	10	13	11	13	9	9	11	11	11	11	3	2	2	2	2	3	2	2	2	3	3	3	3	3	2	3	3
MALV_LP_096_Du-202	24	26	27	27	23	25	25	29	28	29	29	21	21	24	21	22	21	7	8	7	7	8	8	7	8	7	7	10	8	8	9	8	9	8	8	9	1	4	0	4	4	4	4	4	4	4	4	4	4	4	3	4	4	4	1	4	9	9	9	31	29	30	29	5	6	6	6	6	43	8	7	8	8	44	36	42	43	44	6	6	6	6	32	33	32	30	44	45	44	7	7	7	4	7	7	8	7	7	9	7	7	7	7	7	7	7	7	11	8	2	2	11	2	45	4	6	6	10	9	10	2	2	2	2	2	3	2	2	1	1	1	1	1	1	1	1	1	1	1	1	1	1	1	1	1	1	1	0	0	0	0	0	0	0	0	0	0	34	37	36	37	36	35	34	35	28	32	6	7	6	6	6	6	7	7	11	11	11	11	11	11	11	11	11	11	11	11	11	11	11	11	11	11	11	11	1	1	1	1	1	3	1	1	1	1	10	11	11	9	11	10	10	10	11	8	8	10	10	8	8	10	10	8	7	7	7	7	7	7	7	12	10	8	10	10	10	10	9	10	10	10	10	9	9	10	13	11	13	9	9	11	11	11	11	3	2	2	2	2	3	2	2	2	3	3	3	3	3	2	3	3
MALV_LP_097_Du-203	24	26	27	27	23	25	25	29	28	29	29	21	21	24	21	22	21	7	8	7	7	8	8	7	8	7	7	10	8	8	9	8	9	8	8	9	1	4	0	4	4	4	4	4	4	4	4	4	4	4	3	4	4	4	1	4	9	9	9	31	29	30	29	5	6	6	6	6	43	8	7	8	8	44	36	42	43	44	6	6	6	6	32	33	32	30	44	45	44	7	7	7	4	7	7	8	7	7	9	7	7	7	7	7	7	7	7	11	8	2	2	11	2	45	4	6	6	10	9	10	2	2	2	2	2	3	2	2	1	1	1	1	1	1	1	1	1	1	1	1	1	1	1	1	1	1	1	0	0	0	0	0	0	0	0	0	0	34	37	36	37	36	35	34	35	28	32	6	7	6	6	6	6	7	7	11	11	11	11	11	11	11	11	11	11	11	11	11	11	11	11	11	11	11	11	1	1	1	1	1	3	1	1	1	1	10	11	11	9	11	10	10	10	11	8	8	10	10	8	8	10	10	8	7	7	7	7	7	7	7	12	10	8	10	10	10	10	9	10	10	10	10	9	9	10	13	11	13	9	9	11	11	11	11	3	2	2	2	2	3	2	2	2	3	3	3	3	3	2	3	3
MALV_LP_098_Du-204	24	26	27	27	23	25	25	29	28	29	29	21	21	24	21	22	21	7	8	7	7	8	8	7	8	7	7	10	8	8	9	8	9	8	8	9	1	4	0	4	4	4	4	4	4	4	4	4	4	4	3	4	4	4	1	4	9	9	9	31	29	30	29	5	6	6	6	6	43	8	7	8	8	44	36	42	43	44	6	6	6	6	32	33	32	30	44	45	44	7	7	7	4	7	7	8	7	7	9	7	7	7	7	7	7	7	7	11	8	2	2	11	2	45	4	6	6	10	9	10	2	2	2	2	2	3	2	2	1	1	1	1	1	1	1	1	1	1	1	1	1	1	1	1	1	1	1	0	0	0	0	0	0	0	0	0	0	34	37	36	37	36	35	34	35	28	32	6	7	6	6	6	6	7	7	11	11	11	11	11	11	11	11	11	11	11	11	11	11	11	11	11	11	11	11	1	1	1	1	1	3	1	1	1	1	10	11	11	9	11	10	10	10	11	8	8	10	10	8	8	10	10	8	7	7	7	7	7	7	7	12	10	8	10	10	10	10	9	10	10	10	10	9	9	10	13	11	13	9	9	11	11	11	11	3	2	2	2	2	3	2	2	2	3	3	3	3	3	2	3	3
MALV_LP_099_Du-205	24	26	27	27	23	25	25	29	28	29	29	21	21	24	21	22	21	7	8	7	7	8	8	7	8	7	7	10	8	8	9	8	9	8	8	9	1	4	0	4	4	4	4	4	4	4	4	4	4	4	3	4	4	4	1	4	9	9	9	31	29	30	29	5	6	6	6	6	43	8	7	8	8	44	36	42	43	44	6	6	6	6	32	33	32	30	44	45	44	7	7	7	4	7	7	8	7	7	9	7	7	7	7	7	7	7	7	11	8	2	2	11	2	45	4	6	6	10	9	10	2	2	2	2	2	3	2	2	1	1	1	1	1	1	1	1	1	1	1	1	1	1	1	1	1	1	1	0	0	0	0	0	0	0	0	0	0	34	37	36	37	36	35	34	35	28	32	6	7	6	6	6	6	7	7	11	11	11	11	11	11	11	11	11	11	11	11	11	11	11	11	11	11	11	11	1	1	1	1	1	3	1	1	1	1	10	11	11	9	11	10	10	10	11	8	8	10	10	8	8	10	10	8	7	7	7	7	7	7	7	12	10	8	10	10	10	10	9	10	10	10	10	9	9	10	13	11	13	9	9	11	11	11	11	3	2	2	2	2	3	2	2	2	3	3	3	3	3	2	3	3
MALV_LP_100_Du-206	24	26	27	27	23	25	25	29	28	29	29	21	21	24	21	22	21	7	8	7	7	8	8	7	8	7	7	10	8	8	9	8	9	8	8	9	1	4	0	4	4	4	4	4	4	4	4	4	4	4	3	4	4	4	1	4	9	9	9	31	29	30	29	5	6	6	6	6	43	8	7	8	8	44	36	42	43	44	6	6	6	6	32	33	32	30	44	45	44	7	7	7	4	7	7	8	7	7	9	7	7	7	7	7	7	7	7	11	8	2	2	11	2	45	4	6	6	10	9	10	2	2	2	2	2	3	2	2	1	1	1	1	1	1	1	1	1	1	1	1	1	1	1	1	1	1	1	0	0	0	0	0	0	0	0	0	0	34	37	36	37	36	35	34	35	28	32	6	7	6	6	6	6	7	7	11	11	11	11	11	11	11	11	11	11	11	11	11	11	11	11	11	11	11	11	1	1	1	1	1	3	1	1	1	1	10	11	11	9	11	10	10	10	11	8	8	10	10	8	8	10	10	8	7	7	7	7	7	7	7	12	10	8	10	10	10	10	9	10	10	10	10	9	9	10	13	11	13	9	9	11	11	11	11	3	2	2	2	2	3	2	2	2	3	3	3	3	3	2	3	3
MALV_LP_101_Du-207	24	26	27	27	23	25	25	29	28	29	29	21	21	24	21	22	21	7	8	7	7	8	8	7	8	7	7	10	8	8	9	8	9	8	8	9	1	4	0	4	4	4	4	4	4	4	4	4	4	4	3	4	4	4	1	4	9	9	9	31	29	30	29	5	6	6	6	6	43	8	7	8	8	44	36	42	43	44	6	6	6	6	32	33	32	30	44	45	44	7	7	7	4	7	7	8	7	7	9	7	7	7	7	7	7	7	7	11	8	2	2	11	2	45	4	6	6	10	9	10	2	2	2	2	2	3	2	2	1	1	1	1	1	1	1	1	1	1	1	1	1	1	1	1	1	1	1	0	0	0	0	0	0	0	0	0	0	34	37	36	37	36	35	34	35	28	32	6	7	6	6	6	6	7	7	11	11	11	11	11	11	11	11	11	11	11	11	11	11	11	11	11	11	11	11	1	1	1	1	1	3	1	1	1	1	10	11	11	9	11	10	10	10	11	8	8	10	10	8	8	10	10	8	7	7	7	7	7	7	7	12	10	8	10	10	10	10	9	10	10	10	10	9	9	10	13	11	13	9	9	11	11	11	11	3	2	2	2	2	3	2	2	2	3	3	3	3	3	2	3	3
MALV_LP_102_Du-208	24	26	27	27	23	25	25	29	28	29	29	21	21	24	21	22	21	7	8	7	7	8	8	7	8	7	7	10	8	8	9	8	9	8	8	9	1	4	0	4	4	4	4	4	4	4	4	4	4	4	3	4	4	4	1	4	9	9	9	31	29	30	29	5	6	6	6	6	43	8	7	8	8	44	36	42	43	44	6	6	6	6	32	33	32	30	44	45	44	7	7	7	4	7	7	8	7	7	9	7	7	7	7	7	7	7	7	11	8	2	2	11	2	45	4	6	6	10	9	10	2	2	2	2	2	3	2	2	1	1	1	1	1	1	1	1	1	1	1	1	1	1	1	1	1	1	1	0	0	0	0	0	0	0	0	0	0	34	37	36	37	36	35	34	35	28	32	6	7	6	6	6	6	7	7	11	11	11	11	11	11	11	11	11	11	11	11	11	11	11	11	11	11	11	11	1	1	1	1	1	3	1	1	1	1	10	11	11	9	11	10	10	10	11	8	8	10	10	8	8	10	10	8	7	7	7	7	7	7	7	12	10	8	10	10	10	10	9	10	10	10	10	9	9	10	13	11	13	9	9	11	11	11	11	3	2	2	2	2	3	2	2	2	3	3	3	3	3	2	3	3
MALV_LP_103_Du-209	24	26	27	27	23	25	25	29	28	29	29	21	21	24	21	22	21	7	8	7	7	8	8	7	8	7	7	10	8	8	9	8	9	8	8	9	1	4	0	4	4	4	4	4	4	4	4	4	4	4	3	4	4	4	1	4	9	9	9	31	29	30	29	5	6	6	6	6	43	8	7	8	8	44	36	42	43	44	6	6	6	6	32	33	32	30	44	45	44	7	7	7	4	7	7	8	7	7	9	7	7	7	7	7	7	7	7	11	8	2	2	11	2	45	4	6	6	10	9	10	2	2	2	2	2	3	2	2	1	1	1	1	1	1	1	1	1	1	1	1	1	1	1	1	1	1	1	0	0	0	0	0	0	0	0	0	0	34	37	36	37	36	35	34	35	28	32	6	7	6	6	6	6	7	7	11	11	11	11	11	11	11	11	11	11	11	11	11	11	11	11	11	11	11	11	1	1	1	1	1	3	1	1	1	1	10	11	11	9	11	10	10	10	11	8	8	10	10	8	8	10	10	8	7	7	7	7	7	7	7	12	10	8	10	10	10	10	9	10	10	10	10	9	9	10	13	11	13	9	9	11	11	11	11	3	2	2	2	2	3	2	2	2	3	3	3	3	3	2	3	3
MALV_LP_104_Du-210	24	26	27	27	23	25	25	29	28	29	29	21	21	24	21	22	21	7	8	7	7	8	8	7	8	7	7	10	8	8	9	8	9	8	8	9	1	4	0	4	4	4	4	4	4	4	4	4	4	4	3	4	4	4	1	4	9	9	9	31	29	30	29	5	6	6	6	6	43	8	7	8	8	44	36	42	43	44	6	6	6	6	32	33	32	30	44	45	44	7	7	7	4	7	7	8	7	7	9	7	7	7	7	7	7	7	7	11	8	2	2	11	2	45	4	6	6	10	9	10	2	2	2	2	2	3	2	2	1	1	1	1	1	1	1	1	1	1	1	1	1	1	1	1	1	1	1	0	0	0	0	0	0	0	0	0	0	34	37	36	37	36	35	34	35	28	32	6	7	6	6	6	6	7	7	11	11	11	11	11	11	11	11	11	11	11	11	11	11	11	11	11	11	11	11	1	1	1	1	1	3	1	1	1	1	10	11	11	9	11	10	10	10	11	8	8	10	10	8	8	10	10	8	7	7	7	7	7	7	7	12	10	8	10	10	10	10	9	10	10	10	10	9	9	10	13	11	13	9	9	11	11	11	11	3	2	2	2	2	3	2	2	2	3	3	3	3	3	2	3	3
OCO_LP_058_Du-115	36	40	41	41	37	39	38	19	18	19	19	37	37	38	37	38	37	33	34	33	33	34	34	33	34	33	33	38	36	36	37	36	37	36	36	37	27	32	34	32	32	32	32	32	32	32	32	32	32	32	31	32	36	36	33	36	33	33	33	21	21	20	19	30	30	30	30	30	35	32	32	32	32	38	30	36	37	38	30	27	30	30	4	5	5	5	38	39	38	31	31	31	27	31	31	38	37	37	39	37	35	35	35	35	35	35	35	37	34	34	34	37	34	39	32	30	30	36	39	40	34	34	34	34	34	31	34	34	33	33	33	33	33	33	33	33	33	33	33	33	33	33	33	33	33	33	33	34	34	34	34	34	34	34	34	34	34	0	3	3	3	2	1	1	2	1	0	32	33	32	32	31	32	32	33	37	37	37	37	37	37	37	37	37	37	37	37	37	37	37	37	37	37	37	37	33	33	33	33	33	34	33	33	33	33	36	35	35	35	35	36	36	36	37	36	36	38	38	36	36	38	38	34	29	37	37	37	37	37	37	37	36	34	36	36	36	36	35	36	36	36	36	35	31	36	39	33	39	33	34	37	37	37	37	35	34	34	34	34	35	34	34	34	35	35	33	33	35	34	35	35
OCO_LP_059_Du-106	39	43	44	44	40	42	41	22	21	22	22	40	40	41	40	41	40	36	37	36	36	37	37	36	37	36	36	41	39	39	40	39	40	39	39	40	30	35	37	35	35	35	35	35	35	35	35	35	35	35	34	35	39	39	36	39	36	36	36	24	23	23	22	33	33	33	33	33	38	35	35	35	35	41	33	39	40	41	33	30	33	33	7	8	8	8	41	42	41	34	34	34	30	34	34	41	40	40	42	40	38	38	38	38	38	38	38	40	37	37	37	40	37	42	35	33	33	39	42	43	37	37	37	37	37	34	37	37	36	36	36	36	36	36	36	36	36	36	36	36	36	36	36	36	36	36	36	37	37	37	37	37	37	37	37	37	37	3	0	0	0	1	4	4	1	4	2	35	36	35	35	33	35	35	36	40	40	40	40	40	40	40	40	40	40	40	40	40	40	40	40	40	40	40	40	36	36	36	36	36	37	36	36	36	36	39	38	38	38	38	39	39	39	40	39	39	41	41	39	39	41	41	37	32	40	40	40	40	40	40	40	39	36	39	39	39	39	38	39	39	39	39	38	34	39	42	36	42	35	37	40	40	40	40	38	37	37	37	37	38	37	37	37	38	38	36	36	38	37	38	38
OCO_LP_060_Du-107	38	42	43	43	39	41	40	21	20	21	21	39	39	40	39	40	39	35	36	35	35	36	36	35	36	35	35	40	38	38	39	38	39	38	38	39	30	34	36	34	34	34	34	34	34	34	34	34	34	34	33	34	38	38	35	38	35	35	35	23	22	22	21	32	32	32	32	32	37	34	34	34	34	40	32	38	39	40	32	29	32	32	7	8	8	8	40	41	40	33	33	33	29	33	33	40	39	39	41	39	37	37	37	37	37	37	37	39	36	36	36	39	36	41	34	32	32	38	41	42	36	36	36	36	36	33	36	36	35	35	35	35	35	35	35	35	35	35	35	35	35	35	35	35	35	35	35	36	36	36	36	36	36	36	36	36	36	3	0	0	0	1	4	4	1	3	2	34	35	34	34	32	34	34	35	39	39	39	39	39	39	39	39	39	39	39	39	39	39	39	39	39	39	39	39	35	35	35	35	35	36	35	35	35	35	38	37	37	37	37	38	38	38	39	38	38	40	40	38	38	40	40	36	32	39	39	39	39	39	39	39	38	35	38	38	38	38	37	38	38	38	38	37	33	38	41	35	41	34	36	39	39	39	39	37	36	36	36	36	37	36	36	36	37	37	35	35	37	36	37	37
OCO_LP_061_Du-108	39	43	44	44	40	42	41	22	21	22	22	40	40	41	40	41	40	36	37	36	36	37	37	36	37	36	36	41	39	39	40	39	40	39	39	40	30	35	37	35	35	35	35	35	35	35	35	35	35	35	34	35	39	39	36	39	36	36	36	24	23	23	22	33	33	33	33	33	38	35	35	35	35	41	33	39	40	41	33	30	33	33	7	8	8	8	41	42	41	34	34	34	30	34	34	41	40	40	42	40	38	38	38	38	38	38	38	40	37	37	37	40	37	42	35	33	33	39	42	43	37	37	37	37	37	34	37	37	36	36	36	36	36	36	36	36	36	36	36	36	36	36	36	36	36	36	36	37	37	37	37	37	37	37	37	37	37	3	0	0	0	1	4	4	1	4	2	35	36	35	35	33	35	35	36	40	40	40	40	40	40	40	40	40	40	40	40	40	40	40	40	40	40	40	40	36	36	36	36	36	37	36	36	36	36	39	38	38	38	38	39	39	39	40	39	39	41	41	39	39	41	41	37	32	40	40	40	40	40	40	40	39	36	39	39	39	39	38	39	39	39	39	38	34	39	42	36	42	35	37	40	40	40	40	38	37	37	37	37	38	37	37	37	38	38	36	36	38	37	38	38
OCO_LP_062_Du-109	38	42	43	43	39	41	40	21	20	21	21	39	39	40	39	40	39	35	36	35	35	36	36	35	36	35	35	40	38	38	39	38	39	38	38	39	29	34	36	34	34	34	34	34	34	34	34	34	34	34	33	34	38	38	35	38	35	35	35	23	23	22	21	32	32	32	32	32	37	34	34	34	34	40	32	38	39	40	32	29	32	32	6	7	7	7	40	41	40	33	33	33	29	33	33	40	39	39	41	39	37	37	37	37	37	37	37	39	36	36	36	39	36	41	34	32	32	38	41	42	36	36	36	36	36	33	36	36	35	35	35	35	35	35	35	35	35	35	35	35	35	35	35	35	35	35	35	36	36	36	36	36	36	36	36	36	36	2	1	1	1	0	3	3	0	3	1	34	35	34	34	32	34	34	35	39	39	39	39	39	39	39	39	39	39	39	39	39	39	39	39	39	39	39	39	35	35	35	35	35	36	35	35	35	35	38	37	37	37	37	38	38	38	39	38	38	40	40	38	38	40	40	36	31	39	39	39	39	39	39	39	38	35	38	38	38	38	37	38	38	38	38	37	33	38	41	35	41	34	36	39	39	39	39	37	36	36	36	36	37	36	36	36	37	37	35	35	37	36	37	37
OCO_LP_063_Du-110	37	41	42	42	38	40	39	20	19	20	20	38	38	39	38	39	38	34	35	34	34	35	35	34	35	34	34	39	37	37	38	37	38	37	37	38	28	33	35	33	33	33	33	33	33	33	33	33	33	33	32	33	37	37	34	37	34	34	34	22	22	21	20	31	31	31	31	31	36	33	33	33	33	39	31	37	38	39	31	28	31	31	5	6	6	6	39	40	39	32	32	32	27	32	32	39	38	38	40	38	36	36	36	36	36	36	36	38	35	35	35	38	35	40	33	31	31	37	40	41	35	35	35	35	35	32	35	35	34	34	34	34	34	34	34	34	34	34	34	34	34	34	34	34	34	34	34	35	35	35	35	35	35	35	35	35	35	1	4	4	4	3	0	0	3	2	1	33	34	33	33	32	33	33	34	38	38	38	38	38	38	38	38	38	38	38	38	38	38	38	38	38	38	38	38	34	34	34	34	34	35	34	34	34	34	37	36	36	36	36	37	37	37	38	37	37	39	39	37	37	39	39	35	30	38	38	38	38	38	38	38	37	35	37	37	37	37	36	37	37	37	37	36	32	37	40	33	40	34	35	38	38	38	38	36	35	35	35	35	36	35	35	35	36	36	34	34	36	35	36	36
OCO_LP_064_Du-111	36	40	41	41	37	39	38	20	19	20	20	37	37	38	37	38	37	33	34	33	33	34	34	33	34	33	33	38	36	36	37	36	37	36	36	37	27	32	34	32	32	32	32	32	32	32	32	32	32	32	31	32	36	36	33	36	33	33	33	22	22	21	20	30	30	30	30	30	34	32	32	32	32	38	30	36	37	38	30	27	30	30	5	6	6	6	38	39	38	31	31	31	26	31	31	38	37	37	39	37	35	35	35	35	35	35	35	37	34	34	34	37	34	39	32	30	30	36	39	40	34	34	34	34	34	31	34	34	33	33	33	33	33	33	33	33	33	33	33	33	33	33	33	33	33	33	33	34	34	34	34	34	34	34	34	34	34	1	4	4	4	3	0	0	3	2	1	32	33	32	32	31	32	32	33	37	37	37	37	37	37	37	37	37	37	37	37	37	37	37	37	37	37	37	37	33	33	33	33	33	34	33	33	33	33	36	35	35	35	35	36	36	36	37	36	36	38	38	36	36	38	38	34	29	37	37	37	37	37	37	37	36	34	36	36	36	36	35	36	36	36	36	35	31	36	39	33	39	33	34	37	37	37	37	35	34	34	34	34	35	34	34	34	35	35	33	33	35	34	35	35
OCO_LP_065_Du-112	37	41	42	42	38	40	39	21	20	21	21	38	38	39	38	39	38	34	35	34	34	35	35	34	35	34	34	39	37	37	38	37	38	37	37	38	28	33	35	33	33	33	33	33	33	33	33	33	33	33	32	33	37	37	34	37	34	34	34	23	23	22	21	31	31	31	31	31	35	33	33	33	33	39	31	37	38	39	31	28	31	31	6	7	7	7	39	40	39	32	32	32	28	32	32	39	38	38	40	38	36	36	36	36	36	36	36	38	35	35	35	38	35	40	33	31	31	37	40	41	35	35	35	35	35	32	35	35	34	34	34	34	34	34	34	34	34	34	34	34	34	34	34	34	34	34	34	35	35	35	35	35	35	35	35	35	35	2	1	1	1	0	3	3	0	3	1	33	34	33	33	31	33	33	34	38	38	38	38	38	38	38	38	38	38	38	38	38	38	38	38	38	38	38	38	34	34	34	34	34	35	34	34	34	34	37	36	36	36	36	37	37	37	38	37	37	39	39	37	37	39	39	35	30	38	38	38	38	38	38	38	37	34	37	37	37	37	36	37	37	37	37	36	32	37	40	35	40	33	35	38	38	38	38	36	35	35	35	35	36	35	35	35	36	36	34	34	36	35	36	36
OCO_LP_066_Du-113	32	35	36	36	32	34	33	15	14	15	15	31	31	33	31	32	31	27	28	27	27	28	28	27	28	27	27	32	30	30	31	30	31	30	30	31	24	27	28	27	27	27	27	27	27	27	27	27	27	27	26	27	30	30	27	30	27	27	27	17	17	16	15	24	24	24	24	24	29	26	26	26	26	31	23	30	30	31	24	21	24	24	4	5	5	5	31	32	31	25	25	25	22	25	25	32	31	31	33	31	29	29	29	29	29	29	29	31	28	28	28	31	28	32	27	24	24	30	33	34	28	28	28	28	28	26	28	28	27	27	27	27	27	27	27	27	27	27	27	27	27	27	27	27	27	27	27	28	28	28	28	28	28	28	28	28	28	1	4	3	4	3	2	2	3	0	1	26	27	26	26	25	26	26	27	31	31	31	31	31	31	31	31	31	31	31	31	31	31	31	31	31	31	31	31	27	27	27	27	27	28	27	27	27	27	30	29	29	29	29	30	30	30	31	30	30	32	32	30	30	32	32	28	26	31	31	31	31	31	31	30	30	28	30	30	30	30	29	30	30	30	30	29	25	30	32	28	32	28	28	30	31	31	31	29	28	28	28	28	29	28	28	28	29	29	27	27	29	28	29	29
OCO_LP_067_Du-114	34	38	39	39	35	37	36	19	18	19	19	35	35	36	35	36	35	31	32	31	31	32	32	31	32	31	31	36	34	34	35	34	35	34	34	35	25	30	32	30	30	30	30	30	30	30	30	30	30	30	29	30	34	34	31	34	32	32	32	21	21	20	19	29	29	29	29	29	32	31	31	31	31	37	29	35	36	37	29	26	29	29	4	5	5	5	37	38	37	30	30	30	26	30	30	36	35	35	37	35	33	33	33	33	33	33	33	35	32	32	32	35	32	38	30	29	29	34	37	38	32	32	32	32	32	29	32	32	31	31	31	31	31	31	31	31	31	31	31	31	31	31	31	31	31	31	31	32	32	32	32	32	32	32	32	32	32	0	2	2	2	1	1	1	1	1	0	30	31	30	30	29	30	30	31	35	35	35	35	35	35	35	35	35	35	35	35	35	35	35	35	35	35	35	35	31	31	31	31	31	32	31	31	31	31	34	33	33	33	33	34	34	34	35	34	34	36	36	34	34	36	36	32	27	35	35	35	35	35	35	35	34	32	34	34	34	34	33	34	34	34	34	33	29	34	37	32	37	31	33	35	35	35	35	33	32	32	32	32	33	32	32	32	33	33	31	31	33	32	33	33
QUI1_LP_249_Du-648	20	22	23	23	19	21	21	25	24	25	25	17	17	20	17	18	17	5	6	5	5	6	6	5	6	5	5	12	10	10	11	10	11	10	10	11	4	8	6	8	8	8	8	8	8	8	8	8	8	8	7	8	6	6	5	6	5	5	5	27	25	26	25	1	2	2	2	2	39	4	3	4	4	40	32	38	39	40	2	2	2	2	29	31	30	29	40	41	40	3	3	3	1	3	3	10	9	9	11	9	5	5	5	5	5	5	5	7	6	4	4	7	4	41	8	2	2	6	11	12	4	4	4	4	4	7	4	4	5	5	5	5	5	5	5	5	5	5	5	5	5	5	5	5	5	5	5	6	6	6	6	6	6	6	6	6	6	32	35	34	35	34	33	32	33	26	30	0	1	0	0	0	0	1	1	7	7	7	7	7	7	7	7	7	7	7	7	7	7	7	7	7	7	7	7	5	5	5	5	5	6	5	5	5	5	6	7	7	5	7	6	6	6	7	6	6	6	6	6	6	6	6	5	6	9	9	9	9	9	9	9	6	3	6	6	6	6	5	6	6	6	6	5	6	6	9	7	9	5	5	7	7	7	7	5	4	4	4	4	5	4	4	4	5	5	5	5	5	4	5	5
QUI1_LP_250_Du-649	21	23	23	24	20	22	22	26	25	26	26	18	18	21	18	19	18	6	7	6	6	7	7	6	7	6	6	13	11	11	12	11	12	11	11	12	5	9	7	9	9	9	9	9	9	9	9	9	9	9	8	9	7	7	6	7	6	6	6	28	26	27	26	2	3	3	3	3	40	5	4	5	5	41	33	39	40	41	3	3	3	3	30	32	31	30	41	42	41	4	4	4	2	4	4	11	10	10	12	10	6	6	6	6	6	6	6	8	7	5	5	8	5	42	9	3	3	7	12	13	5	5	5	5	5	8	5	5	6	6	6	6	6	6	6	6	6	6	6	6	6	6	6	6	6	6	6	7	7	7	7	7	7	7	7	7	7	33	36	35	36	35	34	33	34	27	31	1	0	1	1	1	1	0	0	8	8	8	8	8	8	8	8	8	8	8	8	8	8	8	8	8	8	8	8	6	6	6	6	6	7	6	6	6	6	7	8	8	6	8	7	7	7	8	7	7	7	7	7	7	7	7	6	7	10	10	10	10	10	10	10	7	4	7	7	7	7	6	7	7	7	7	6	7	7	10	8	10	6	6	8	8	8	8	6	5	5	5	5	6	5	5	5	6	6	6	6	6	5	6	6
QUI1_LP_252_Du-651	20	22	23	23	19	21	21	25	24	25	25	17	17	20	17	18	17	5	6	5	5	6	6	5	6	5	5	12	10	10	11	10	11	10	10	11	4	8	6	8	8	8	8	8	8	8	8	8	8	8	7	8	6	6	5	6	5	5	5	27	25	26	25	1	2	2	2	2	39	4	3	4	4	40	32	38	39	40	2	2	2	2	29	31	30	29	40	41	40	3	3	3	1	3	3	10	9	9	11	9	5	5	5	5	5	5	5	7	6	4	4	7	4	41	8	2	2	6	11	12	4	4	4	4	4	7	4	4	5	5	5	5	5	5	5	5	5	5	5	5	5	5	5	5	5	5	5	6	6	6	6	6	6	6	6	6	6	32	35	34	35	34	33	32	33	26	30	0	1	0	0	0	0	1	1	7	7	7	7	7	7	7	7	7	7	7	7	7	7	7	7	7	7	7	7	5	5	5	5	5	6	5	5	5	5	6	7	7	5	7	6	6	6	7	6	6	6	6	6	6	6	6	5	6	9	9	9	9	9	9	9	6	3	6	6	6	6	5	6	6	6	6	5	6	6	9	7	9	5	5	7	7	7	7	5	4	4	4	4	5	4	4	4	5	5	5	5	5	4	5	5
QUI1_LP_253_Du-652	20	22	23	23	19	21	21	25	24	25	25	17	17	20	17	18	17	5	6	5	5	6	6	5	6	5	5	12	10	10	11	10	11	10	10	11	4	8	6	8	8	8	8	8	8	8	8	8	8	8	7	8	6	6	5	6	5	5	5	27	25	26	25	1	2	2	2	2	39	4	3	4	4	40	32	38	39	40	2	2	2	2	29	31	30	29	40	41	40	3	3	3	1	3	3	10	9	9	11	9	5	5	5	5	5	5	5	7	6	4	4	7	4	41	8	2	2	6	11	12	4	4	4	4	4	7	4	4	5	5	5	5	5	5	5	5	5	5	5	5	5	5	5	5	5	5	5	6	6	6	6	6	6	6	6	6	6	32	35	34	35	34	33	32	33	26	30	0	1	0	0	0	0	1	1	7	7	7	7	7	7	7	7	7	7	7	7	7	7	7	7	7	7	7	7	5	5	5	5	5	6	5	5	5	5	6	7	7	5	7	6	6	6	7	6	6	6	6	6	6	6	6	5	6	9	9	9	9	9	9	9	6	3	6	6	6	6	5	6	6	6	6	5	6	6	9	7	9	5	5	7	7	7	7	5	4	4	4	4	5	4	4	4	5	5	5	5	5	4	5	5
QUI1_LP_254_Du-653	20	22	23	23	19	21	21	24	23	24	24	17	17	20	17	18	17	4	5	4	4	5	5	4	4	4	4	11	10	10	11	10	11	10	10	11	4	8	6	8	8	8	8	8	8	8	8	8	8	8	7	8	6	6	5	6	5	5	5	26	24	25	24	1	2	2	2	2	39	4	3	4	4	40	32	38	39	40	2	2	2	2	28	30	29	28	40	41	40	3	3	3	1	3	3	9	8	8	10	8	4	4	4	4	4	4	4	7	5	4	4	6	4	41	8	2	2	6	10	11	4	4	4	4	4	7	4	4	5	5	5	5	5	5	5	5	5	5	5	5	5	5	5	5	5	5	5	6	6	6	6	6	6	6	6	6	6	31	33	32	33	32	32	31	31	25	29	0	1	0	0	0	0	1	1	7	7	7	7	7	7	7	7	7	7	7	7	7	7	7	7	7	7	7	7	5	5	5	5	5	6	5	5	5	5	6	7	7	5	7	6	6	6	7	5	5	5	5	5	5	5	5	4	5	8	8	8	8	8	8	9	6	3	6	6	6	6	5	6	6	6	6	5	6	6	9	7	9	5	5	7	6	6	6	5	4	4	4	4	5	4	4	4	5	5	5	5	5	4	5	5
QUI1_LP_255_Du-654	20	22	23	23	19	21	21	25	24	25	25	17	17	20	17	18	17	5	6	5	5	6	6	5	6	5	5	12	10	10	11	10	11	10	10	11	4	8	6	8	8	8	8	8	8	8	8	8	8	8	7	8	6	6	5	6	5	5	5	27	25	26	25	1	2	2	2	2	39	4	3	4	4	40	32	38	39	40	2	2	2	2	29	31	30	29	40	41	40	3	3	3	1	3	3	10	9	9	11	9	5	5	5	5	5	5	5	7	6	4	4	7	4	41	8	2	2	6	11	12	4	4	4	4	4	7	4	4	5	5	5	5	5	5	5	5	5	5	5	5	5	5	5	5	5	5	5	6	6	6	6	6	6	6	6	6	6	32	35	34	35	34	33	32	33	26	30	0	1	0	0	0	0	1	1	7	7	7	7	7	7	7	7	7	7	7	7	7	7	7	7	7	7	7	7	5	5	5	5	5	6	5	5	5	5	6	7	7	5	7	6	6	6	7	6	6	6	6	6	6	6	6	5	6	9	9	9	9	9	9	9	6	3	6	6	6	6	5	6	6	6	6	5	6	6	9	7	9	5	5	7	7	7	7	5	4	4	4	4	5	4	4	4	5	5	5	5	5	4	5	5
QUI1_LP_257_Du-656	20	22	22	23	19	21	21	25	24	25	25	17	17	21	17	18	17	6	7	6	6	7	7	6	7	6	6	13	11	11	12	11	12	11	11	12	5	9	7	9	9	9	9	9	9	9	9	9	9	9	8	9	7	7	6	7	6	6	6	27	25	26	25	2	3	3	3	3	39	5	4	5	5	40	32	38	39	40	3	3	3	3	29	31	30	29	40	41	40	4	4	4	2	4	4	11	10	10	12	10	6	6	6	6	6	6	6	8	7	5	5	8	5	41	9	3	3	7	12	13	5	5	5	5	5	8	5	5	6	6	6	6	6	6	6	6	6	6	6	6	6	6	6	6	6	6	6	7	7	7	7	7	7	7	7	7	7	32	35	34	35	34	33	32	33	26	30	1	0	1	1	1	1	0	0	8	8	8	8	8	8	8	8	8	8	8	8	8	8	8	8	8	8	8	8	6	6	6	6	6	7	6	6	6	6	7	8	8	6	8	7	7	7	8	7	7	7	7	7	7	7	7	6	7	10	10	10	10	10	10	10	7	4	7	7	7	7	6	7	7	7	7	6	7	7	10	8	10	6	6	8	8	8	8	6	5	5	5	5	6	5	5	5	6	6	6	6	6	5	6	6
QUI1_LP_258_Du-657	21	23	23	24	20	22	22	26	25	26	26	18	18	21	18	19	18	6	7	6	6	7	7	6	7	6	6	13	11	11	12	11	12	11	11	12	5	9	7	9	9	9	9	9	9	9	9	9	9	9	8	9	7	7	6	7	6	6	6	28	26	27	26	2	3	3	3	3	40	5	4	5	5	41	33	39	40	41	3	3	3	3	30	32	31	30	41	42	41	4	4	4	2	4	4	11	10	10	12	10	6	6	6	6	6	6	6	8	7	5	5	8	5	42	9	3	3	7	12	13	5	5	5	5	5	8	5	5	6	6	6	6	6	6	6	6	6	6	6	6	6	6	6	6	6	6	6	7	7	7	7	7	7	7	7	7	7	33	36	35	36	35	34	33	34	27	31	1	0	1	1	1	1	0	0	8	8	8	8	8	8	8	8	8	8	8	8	8	8	8	8	8	8	8	8	6	6	6	6	6	7	6	6	6	6	7	8	8	6	8	7	7	7	8	7	7	7	7	7	7	7	7	6	7	10	10	10	10	10	10	10	7	4	7	7	7	7	6	7	7	7	7	6	7	7	10	8	10	6	6	8	8	8	8	6	5	5	5	5	6	5	5	5	6	6	6	6	6	5	6	6
QUI2_LP_243_Du-631	25	27	28	28	24	26	26	30	29	30	30	22	22	25	22	23	22	10	11	10	10	11	11	10	11	10	10	17	15	15	16	15	16	15	15	16	10	13	11	13	13	13	13	13	13	13	13	13	13	13	12	13	11	11	10	11	10	10	10	32	30	31	30	6	7	7	7	7	44	9	8	9	9	45	37	43	44	45	7	7	7	7	34	36	35	34	45	46	45	8	8	8	6	8	8	15	14	14	16	14	10	10	10	10	10	10	10	0	11	9	9	6	9	46	13	7	7	5	16	17	8	9	9	9	9	12	9	9	10	10	10	10	10	10	10	10	10	10	10	10	10	10	10	10	10	10	10	11	11	11	11	11	11	11	11	11	11	37	40	39	40	39	38	37	38	31	35	7	8	7	7	7	7	8	8	0	0	0	0	0	0	0	0	0	0	0	0	0	0	0	0	0	0	0	0	10	10	10	10	10	11	10	10	10	10	5	6	6	4	6	5	5	5	4	11	11	13	13	11	11	13	13	10	9	14	14	14	14	14	14	8	5	5	5	5	5	5	4	5	5	5	5	4	4	5	8	6	8	3	4	6	6	6	6	10	9	9	9	9	10	9	9	9	10	10	10	10	10	9	10	10
QUI2_LP_244_Du-632	25	27	28	28	24	26	26	30	29	30	30	22	22	25	22	23	22	10	11	10	10	11	11	10	11	10	10	17	15	15	16	15	16	15	15	16	10	13	11	13	13	13	13	13	13	13	13	13	13	13	12	13	11	11	10	11	10	10	10	32	30	31	30	6	7	7	7	7	44	9	8	9	9	45	37	43	44	45	7	7	7	7	34	36	35	34	45	46	45	8	8	8	6	8	8	15	14	14	16	14	10	10	10	10	10	10	10	0	11	9	9	6	9	46	13	7	7	5	16	17	8	9	9	9	9	12	9	9	10	10	10	10	10	10	10	10	10	10	10	10	10	10	10	10	10	10	10	11	11	11	11	11	11	11	11	11	11	37	40	39	40	39	38	37	38	31	35	7	8	7	7	7	7	8	8	0	0	0	0	0	0	0	0	0	0	0	0	0	0	0	0	0	0	0	0	10	10	10	10	10	11	10	10	10	10	5	6	6	4	6	5	5	5	4	11	11	13	13	11	11	13	13	10	9	14	14	14	14	14	14	8	5	5	5	5	5	5	4	5	5	5	5	4	4	5	8	6	8	3	4	6	6	6	6	10	9	9	9	9	10	9	9	9	10	10	10	10	10	9	10	10
QUI2_LP_245_Du-633	25	27	28	28	24	26	26	30	29	30	30	22	22	25	22	23	22	10	11	10	10	11	11	10	11	10	10	17	15	15	16	15	16	15	15	16	10	13	11	13	13	13	13	13	13	13	13	13	13	13	12	13	11	11	10	11	10	10	10	32	30	31	30	6	7	7	7	7	44	9	8	9	9	45	37	43	44	45	7	7	7	7	34	36	35	34	45	46	45	8	8	8	6	8	8	15	14	14	16	14	10	10	10	10	10	10	10	0	11	9	9	6	9	46	13	7	7	5	16	17	8	9	9	9	9	12	9	9	10	10	10	10	10	10	10	10	10	10	10	10	10	10	10	10	10	10	10	11	11	11	11	11	11	11	11	11	11	37	40	39	40	39	38	37	38	31	35	7	8	7	7	7	7	8	8	0	0	0	0	0	0	0	0	0	0	0	0	0	0	0	0	0	0	0	0	10	10	10	10	10	11	10	10	10	10	5	6	6	4	6	5	5	5	4	11	11	13	13	11	11	13	13	10	9	14	14	14	14	14	14	8	5	5	5	5	5	5	4	5	5	5	5	4	4	5	8	6	8	3	4	6	6	6	6	10	9	9	9	9	10	9	9	9	10	10	10	10	10	9	10	10
QUI2_LP_246_Du-634	25	27	28	28	24	26	26	30	29	30	30	22	22	25	22	23	22	10	11	10	10	11	11	10	11	10	10	17	15	15	16	15	16	15	15	16	10	13	11	13	13	13	13	13	13	13	13	13	13	13	12	13	11	11	10	11	10	10	10	32	30	31	30	6	7	7	7	7	44	9	8	9	9	45	37	43	44	45	7	7	7	7	34	36	35	34	45	46	45	8	8	8	6	8	8	15	14	14	16	14	10	10	10	10	10	10	10	0	11	9	9	6	9	46	13	7	7	5	16	17	8	9	9	9	9	12	9	9	10	10	10	10	10	10	10	10	10	10	10	10	10	10	10	10	10	10	10	11	11	11	11	11	11	11	11	11	11	37	40	39	40	39	38	37	38	31	35	7	8	7	7	7	7	8	8	0	0	0	0	0	0	0	0	0	0	0	0	0	0	0	0	0	0	0	0	10	10	10	10	10	11	10	10	10	10	5	6	6	4	6	5	5	5	4	11	11	13	13	11	11	13	13	10	9	14	14	14	14	14	14	8	5	5	5	5	5	5	4	5	5	5	5	4	4	5	8	6	8	3	4	6	6	6	6	10	9	9	9	9	10	9	9	9	10	10	10	10	10	9	10	10
QUI2_LP_247_Du-635	25	27	28	28	24	26	26	30	29	30	30	22	22	25	22	23	22	10	11	10	10	11	11	10	11	10	10	17	15	15	16	15	16	15	15	16	10	13	11	13	13	13	13	13	13	13	13	13	13	13	12	13	11	11	10	11	10	10	10	32	30	31	30	6	7	7	7	7	44	9	8	9	9	45	37	43	44	45	7	7	7	7	34	36	35	34	45	46	45	8	8	8	6	8	8	15	14	14	16	14	10	10	10	10	10	10	10	0	11	9	9	6	9	46	13	7	7	5	16	17	8	9	9	9	9	12	9	9	10	10	10	10	10	10	10	10	10	10	10	10	10	10	10	10	10	10	10	11	11	11	11	11	11	11	11	11	11	37	40	39	40	39	38	37	38	31	35	7	8	7	7	7	7	8	8	0	0	0	0	0	0	0	0	0	0	0	0	0	0	0	0	0	0	0	0	10	10	10	10	10	11	10	10	10	10	5	6	6	4	6	5	5	5	4	11	11	13	13	11	11	13	13	10	9	14	14	14	14	14	14	8	5	5	5	5	5	5	4	5	5	5	5	4	4	5	8	6	8	3	4	6	6	6	6	10	9	9	9	9	10	9	9	9	10	10	10	10	10	9	10	10
QUI2_LP_248_Du-636	25	27	28	28	24	26	26	30	29	30	30	22	22	25	22	23	22	10	11	10	10	11	11	10	11	10	10	17	15	15	16	15	16	15	15	16	10	13	11	13	13	13	13	13	13	13	13	13	13	13	12	13	11	11	10	11	10	10	10	32	30	31	30	6	7	7	7	7	44	9	8	9	9	45	37	43	44	45	7	7	7	7	34	36	35	34	45	46	45	8	8	8	6	8	8	15	14	14	16	14	10	10	10	10	10	10	10	0	11	9	9	6	9	46	13	7	7	5	16	17	8	9	9	9	9	12	9	9	10	10	10	10	10	10	10	10	10	10	10	10	10	10	10	10	10	10	10	11	11	11	11	11	11	11	11	11	11	37	40	39	40	39	38	37	38	31	35	7	8	7	7	7	7	8	8	0	0	0	0	0	0	0	0	0	0	0	0	0	0	0	0	0	0	0	0	10	10	10	10	10	11	10	10	10	10	5	6	6	4	6	5	5	5	4	11	11	13	13	11	11	13	13	10	9	14	14	14	14	14	14	8	5	5	5	5	5	5	4	5	5	5	5	4	4	5	8	6	8	3	4	6	6	6	6	10	9	9	9	9	10	9	9	9	10	10	10	10	10	9	10	10
QUI2_LP_337_Du-638	25	27	28	28	24	26	26	30	29	30	30	22	22	25	22	23	22	10	11	10	10	11	11	10	11	10	10	17	15	15	16	15	16	15	15	16	10	13	11	13	13	13	13	13	13	13	13	13	13	13	12	13	11	11	10	11	10	10	10	32	30	31	30	6	7	7	7	7	44	9	8	9	9	45	37	43	44	45	7	7	7	7	34	36	35	34	45	46	45	8	8	8	6	8	8	15	14	14	16	14	10	10	10	10	10	10	10	0	11	9	9	6	9	46	13	7	7	5	16	17	8	9	9	9	9	12	9	9	10	10	10	10	10	10	10	10	10	10	10	10	10	10	10	10	10	10	10	11	11	11	11	11	11	11	11	11	11	37	40	39	40	39	38	37	38	31	35	7	8	7	7	7	7	8	8	0	0	0	0	0	0	0	0	0	0	0	0	0	0	0	0	0	0	0	0	10	10	10	10	10	11	10	10	10	10	5	6	6	4	6	5	5	5	4	11	11	13	13	11	11	13	13	10	9	14	14	14	14	14	14	8	5	5	5	5	5	5	4	5	5	5	5	4	4	5	8	6	8	3	4	6	6	6	6	10	9	9	9	9	10	9	9	9	10	10	10	10	10	9	10	10
QUI2_LP_338_Du-639	25	27	28	28	24	26	26	30	29	30	30	22	22	25	22	23	22	10	11	10	10	11	11	10	11	10	10	17	15	15	16	15	16	15	15	16	10	13	11	13	13	13	13	13	13	13	13	13	13	13	12	13	11	11	10	11	10	10	10	32	30	31	30	6	7	7	7	7	44	9	8	9	9	45	37	43	44	45	7	7	7	7	34	36	35	34	45	46	45	8	8	8	6	8	8	15	14	14	16	14	10	10	10	10	10	10	10	0	11	9	9	6	9	46	13	7	7	5	16	17	8	9	9	9	9	12	9	9	10	10	10	10	10	10	10	10	10	10	10	10	10	10	10	10	10	10	10	11	11	11	11	11	11	11	11	11	11	37	40	39	40	39	38	37	38	31	35	7	8	7	7	7	7	8	8	0	0	0	0	0	0	0	0	0	0	0	0	0	0	0	0	0	0	0	0	10	10	10	10	10	11	10	10	10	10	5	6	6	4	6	5	5	5	4	11	11	13	13	11	11	13	13	10	9	14	14	14	14	14	14	8	5	5	5	5	5	5	4	5	5	5	5	4	4	5	8	6	8	3	4	6	6	6	6	10	9	9	9	9	10	9	9	9	10	10	10	10	10	9	10	10
QUI2_LP_339_Du-640	25	27	28	28	24	26	26	30	29	30	30	22	22	25	22	23	22	10	11	10	10	11	11	10	11	10	10	17	15	15	16	15	16	15	15	16	10	13	11	13	13	13	13	13	13	13	13	13	13	13	12	13	11	11	10	11	10	10	10	32	30	31	30	6	7	7	7	7	44	9	8	9	9	45	37	43	44	45	7	7	7	7	34	36	35	34	45	46	45	8	8	8	6	8	8	15	14	14	16	14	10	10	10	10	10	10	10	0	11	9	9	6	9	46	13	7	7	5	16	17	8	9	9	9	9	12	9	9	10	10	10	10	10	10	10	10	10	10	10	10	10	10	10	10	10	10	10	11	11	11	11	11	11	11	11	11	11	37	40	39	40	39	38	37	38	31	35	7	8	7	7	7	7	8	8	0	0	0	0	0	0	0	0	0	0	0	0	0	0	0	0	0	0	0	0	10	10	10	10	10	11	10	10	10	10	5	6	6	4	6	5	5	5	4	11	11	13	13	11	11	13	13	10	9	14	14	14	14	14	14	8	5	5	5	5	5	5	4	5	5	5	5	4	4	5	8	6	8	3	4	6	6	6	6	10	9	9	9	9	10	9	9	9	10	10	10	10	10	9	10	10
QUI2_LP_340_Du-641	25	27	28	28	24	26	26	30	29	30	30	22	22	25	22	23	22	10	11	10	10	11	11	10	11	10	10	17	15	15	16	15	16	15	15	16	10	13	11	13	13	13	13	13	13	13	13	13	13	13	12	13	11	11	10	11	10	10	10	32	30	31	30	6	7	7	7	7	44	9	8	9	9	45	37	43	44	45	7	7	7	7	34	36	35	34	45	46	45	8	8	8	6	8	8	15	14	14	16	14	10	10	10	10	10	10	10	0	11	9	9	6	9	46	13	7	7	5	16	17	8	9	9	9	9	12	9	9	10	10	10	10	10	10	10	10	10	10	10	10	10	10	10	10	10	10	10	11	11	11	11	11	11	11	11	11	11	37	40	39	40	39	38	37	38	31	35	7	8	7	7	7	7	8	8	0	0	0	0	0	0	0	0	0	0	0	0	0	0	0	0	0	0	0	0	10	10	10	10	10	11	10	10	10	10	5	6	6	4	6	5	5	5	4	11	11	13	13	11	11	13	13	10	9	14	14	14	14	14	14	8	5	5	5	5	5	5	4	5	5	5	5	4	4	5	8	6	8	3	4	6	6	6	6	10	9	9	9	9	10	9	9	9	10	10	10	10	10	9	10	10
QUIN_LP_069_Du-155	25	27	28	28	24	26	26	30	29	30	30	22	22	25	22	23	22	10	11	10	10	11	11	10	11	10	10	17	15	15	16	15	16	15	15	16	10	13	11	13	13	13	13	13	13	13	13	13	13	13	12	13	11	11	10	11	10	10	10	32	30	31	30	6	7	7	7	7	44	9	8	9	9	45	37	43	44	45	7	7	7	7	34	36	35	34	45	46	45	8	8	8	6	8	8	15	14	14	16	14	10	10	10	10	10	10	10	0	11	9	9	6	9	46	13	7	7	5	16	17	8	9	9	9	9	12	9	9	10	10	10	10	10	10	10	10	10	10	10	10	10	10	10	10	10	10	10	11	11	11	11	11	11	11	11	11	11	37	40	39	40	39	38	37	38	31	35	7	8	7	7	7	7	8	8	0	0	0	0	0	0	0	0	0	0	0	0	0	0	0	0	0	0	0	0	10	10	10	10	10	11	10	10	10	10	5	6	6	4	6	5	5	5	4	11	11	13	13	11	11	13	13	10	9	14	14	14	14	14	14	8	5	5	5	5	5	5	4	5	5	5	5	4	4	5	8	6	8	3	4	6	6	6	6	10	9	9	9	9	10	9	9	9	10	10	10	10	10	9	10	10
QUIN_LP_070_Du-156	25	27	28	28	24	26	26	30	29	30	30	22	22	25	22	23	22	10	11	10	10	11	11	10	11	10	10	17	15	15	16	15	16	15	15	16	10	13	11	13	13	13	13	13	13	13	13	13	13	13	12	13	11	11	10	11	10	10	10	32	30	31	30	6	7	7	7	7	44	9	8	9	9	45	37	43	44	45	7	7	7	7	34	36	35	34	45	46	45	8	8	8	6	8	8	15	14	14	16	14	10	10	10	10	10	10	10	0	11	9	9	6	9	46	13	7	7	5	16	17	8	9	9	9	9	12	9	9	10	10	10	10	10	10	10	10	10	10	10	10	10	10	10	10	10	10	10	11	11	11	11	11	11	11	11	11	11	37	40	39	40	39	38	37	38	31	35	7	8	7	7	7	7	8	8	0	0	0	0	0	0	0	0	0	0	0	0	0	0	0	0	0	0	0	0	10	10	10	10	10	11	10	10	10	10	5	6	6	4	6	5	5	5	4	11	11	13	13	11	11	13	13	10	9	14	14	14	14	14	14	8	5	5	5	5	5	5	4	5	5	5	5	4	4	5	8	6	8	3	4	6	6	6	6	10	9	9	9	9	10	9	9	9	10	10	10	10	10	9	10	10
QUIN_LP_071_Du-157	25	27	28	28	24	26	26	30	29	30	30	22	22	25	22	23	22	10	11	10	10	11	11	10	11	10	10	17	15	15	16	15	16	15	15	16	10	13	11	13	13	13	13	13	13	13	13	13	13	13	12	13	11	11	10	11	10	10	10	32	30	31	30	6	7	7	7	7	44	9	8	9	9	45	37	43	44	45	7	7	7	7	34	36	35	34	45	46	45	8	8	8	6	8	8	15	14	14	16	14	10	10	10	10	10	10	10	0	11	9	9	6	9	46	13	7	7	5	16	17	8	9	9	9	9	12	9	9	10	10	10	10	10	10	10	10	10	10	10	10	10	10	10	10	10	10	10	11	11	11	11	11	11	11	11	11	11	37	40	39	40	39	38	37	38	31	35	7	8	7	7	7	7	8	8	0	0	0	0	0	0	0	0	0	0	0	0	0	0	0	0	0	0	0	0	10	10	10	10	10	11	10	10	10	10	5	6	6	4	6	5	5	5	4	11	11	13	13	11	11	13	13	10	9	14	14	14	14	14	14	8	5	5	5	5	5	5	4	5	5	5	5	4	4	5	8	6	8	3	4	6	6	6	6	10	9	9	9	9	10	9	9	9	10	10	10	10	10	9	10	10
QUIN_LP_072_Du-158	25	27	28	28	24	26	26	30	29	30	30	22	22	25	22	23	22	10	11	10	10	11	11	10	11	10	10	17	15	15	16	15	16	15	15	16	10	13	11	13	13	13	13	13	13	13	13	13	13	13	12	13	11	11	10	11	10	10	10	32	30	31	30	6	7	7	7	7	44	9	8	9	9	45	37	43	44	45	7	7	7	7	34	36	35	34	45	46	45	8	8	8	6	8	8	15	14	14	16	14	10	10	10	10	10	10	10	0	11	9	9	6	9	46	13	7	7	5	16	17	8	9	9	9	9	12	9	9	10	10	10	10	10	10	10	10	10	10	10	10	10	10	10	10	10	10	10	11	11	11	11	11	11	11	11	11	11	37	40	39	40	39	38	37	38	31	35	7	8	7	7	7	7	8	8	0	0	0	0	0	0	0	0	0	0	0	0	0	0	0	0	0	0	0	0	10	10	10	10	10	11	10	10	10	10	5	6	6	4	6	5	5	5	4	11	11	13	13	11	11	13	13	10	9	14	14	14	14	14	14	8	5	5	5	5	5	5	4	5	5	5	5	4	4	5	8	6	8	3	4	6	6	6	6	10	9	9	9	9	10	9	9	9	10	10	10	10	10	9	10	10
QUIN_LP_073_Du-159	25	27	28	28	24	26	26	30	29	30	30	22	22	25	22	23	22	10	11	10	10	11	11	10	11	10	10	17	15	15	16	15	16	15	15	16	10	13	11	13	13	13	13	13	13	13	13	13	13	13	12	13	11	11	10	11	10	10	10	32	30	31	30	6	7	7	7	7	44	9	8	9	9	45	37	43	44	45	7	7	7	7	34	36	35	34	45	46	45	8	8	8	6	8	8	15	14	14	16	14	10	10	10	10	10	10	10	0	11	9	9	6	9	46	13	7	7	5	16	17	8	9	9	9	9	12	9	9	10	10	10	10	10	10	10	10	10	10	10	10	10	10	10	10	10	10	10	11	11	11	11	11	11	11	11	11	11	37	40	39	40	39	38	37	38	31	35	7	8	7	7	7	7	8	8	0	0	0	0	0	0	0	0	0	0	0	0	0	0	0	0	0	0	0	0	10	10	10	10	10	11	10	10	10	10	5	6	6	4	6	5	5	5	4	11	11	13	13	11	11	13	13	10	9	14	14	14	14	14	14	8	5	5	5	5	5	5	4	5	5	5	5	4	4	5	8	6	8	3	4	6	6	6	6	10	9	9	9	9	10	9	9	9	10	10	10	10	10	9	10	10
QUIN_LP_074_Du-160	25	27	28	28	24	26	26	30	29	30	30	22	22	25	22	23	22	10	11	10	10	11	11	10	11	10	10	17	15	15	16	15	16	15	15	16	10	13	11	13	13	13	13	13	13	13	13	13	13	13	12	13	11	11	10	11	10	10	10	32	30	31	30	6	7	7	7	7	44	9	8	9	9	45	37	43	44	45	7	7	7	7	34	36	35	34	45	46	45	8	8	8	6	8	8	15	14	14	16	14	10	10	10	10	10	10	10	0	11	9	9	6	9	46	13	7	7	5	16	17	8	9	9	9	9	12	9	9	10	10	10	10	10	10	10	10	10	10	10	10	10	10	10	10	10	10	10	11	11	11	11	11	11	11	11	11	11	37	40	39	40	39	38	37	38	31	35	7	8	7	7	7	7	8	8	0	0	0	0	0	0	0	0	0	0	0	0	0	0	0	0	0	0	0	0	10	10	10	10	10	11	10	10	10	10	5	6	6	4	6	5	5	5	4	11	11	13	13	11	11	13	13	10	9	14	14	14	14	14	14	8	5	5	5	5	5	5	4	5	5	5	5	4	4	5	8	6	8	3	4	6	6	6	6	10	9	9	9	9	10	9	9	9	10	10	10	10	10	9	10	10
QUIN_LP_075_Du-161	25	27	28	28	24	26	26	30	29	30	30	22	22	25	22	23	22	10	11	10	10	11	11	10	11	10	10	17	15	15	16	15	16	15	15	16	10	13	11	13	13	13	13	13	13	13	13	13	13	13	12	13	11	11	10	11	10	10	10	32	30	31	30	6	7	7	7	7	44	9	8	9	9	45	37	43	44	45	7	7	7	7	34	36	35	34	45	46	45	8	8	8	6	8	8	15	14	14	16	14	10	10	10	10	10	10	10	0	11	9	9	6	9	46	13	7	7	5	16	17	8	9	9	9	9	12	9	9	10	10	10	10	10	10	10	10	10	10	10	10	10	10	10	10	10	10	10	11	11	11	11	11	11	11	11	11	11	37	40	39	40	39	38	37	38	31	35	7	8	7	7	7	7	8	8	0	0	0	0	0	0	0	0	0	0	0	0	0	0	0	0	0	0	0	0	10	10	10	10	10	11	10	10	10	10	5	6	6	4	6	5	5	5	4	11	11	13	13	11	11	13	13	10	9	14	14	14	14	14	14	8	5	5	5	5	5	5	4	5	5	5	5	4	4	5	8	6	8	3	4	6	6	6	6	10	9	9	9	9	10	9	9	9	10	10	10	10	10	9	10	10
QUIN_LP_076_Du-162	25	27	28	28	24	26	26	30	29	30	30	22	22	25	22	23	22	10	11	10	10	11	11	10	11	10	10	17	15	15	16	15	16	15	15	16	10	13	11	13	13	13	13	13	13	13	13	13	13	13	12	13	11	11	10	11	10	10	10	32	30	31	30	6	7	7	7	7	44	9	8	9	9	45	37	43	44	45	7	7	7	7	34	36	35	34	45	46	45	8	8	8	6	8	8	15	14	14	16	14	10	10	10	10	10	10	10	0	11	9	9	6	9	46	13	7	7	5	16	17	8	9	9	9	9	12	9	9	10	10	10	10	10	10	10	10	10	10	10	10	10	10	10	10	10	10	10	11	11	11	11	11	11	11	11	11	11	37	40	39	40	39	38	37	38	31	35	7	8	7	7	7	7	8	8	0	0	0	0	0	0	0	0	0	0	0	0	0	0	0	0	0	0	0	0	10	10	10	10	10	11	10	10	10	10	5	6	6	4	6	5	5	5	4	11	11	13	13	11	11	13	13	10	9	14	14	14	14	14	14	8	5	5	5	5	5	5	4	5	5	5	5	4	4	5	8	6	8	3	4	6	6	6	6	10	9	9	9	9	10	9	9	9	10	10	10	10	10	9	10	10
QUIN_LP_077_Du-163	25	27	28	28	24	26	26	30	29	30	30	22	22	25	22	23	22	10	11	10	10	11	11	10	11	10	10	17	15	15	16	15	16	15	15	16	10	13	11	13	13	13	13	13	13	13	13	13	13	13	12	13	11	11	10	11	10	10	10	32	30	31	30	6	7	7	7	7	44	9	8	9	9	45	37	43	44	45	7	7	7	7	34	36	35	34	45	46	45	8	8	8	6	8	8	15	14	14	16	14	10	10	10	10	10	10	10	0	11	9	9	6	9	46	13	7	7	5	16	17	8	9	9	9	9	12	9	9	10	10	10	10	10	10	10	10	10	10	10	10	10	10	10	10	10	10	10	11	11	11	11	11	11	11	11	11	11	37	40	39	40	39	38	37	38	31	35	7	8	7	7	7	7	8	8	0	0	0	0	0	0	0	0	0	0	0	0	0	0	0	0	0	0	0	0	10	10	10	10	10	11	10	10	10	10	5	6	6	4	6	5	5	5	4	11	11	13	13	11	11	13	13	10	9	14	14	14	14	14	14	8	5	5	5	5	5	5	4	5	5	5	5	4	4	5	8	6	8	3	4	6	6	6	6	10	9	9	9	9	10	9	9	9	10	10	10	10	10	9	10	10
QUIN_LP_318_Du-164	25	27	28	28	24	26	26	30	29	30	30	22	22	25	22	23	22	10	11	10	10	11	11	10	11	10	10	17	15	15	16	15	16	15	15	16	10	13	11	13	13	13	13	13	13	13	13	13	13	13	12	13	11	11	10	11	10	10	10	32	30	31	30	6	7	7	7	7	44	9	8	9	9	45	37	43	44	45	7	7	7	7	34	36	35	34	45	46	45	8	8	8	6	8	8	15	14	14	16	14	10	10	10	10	10	10	10	0	11	9	9	6	9	46	13	7	7	5	16	17	8	9	9	9	9	12	9	9	10	10	10	10	10	10	10	10	10	10	10	10	10	10	10	10	10	10	10	11	11	11	11	11	11	11	11	11	11	37	40	39	40	39	38	37	38	31	35	7	8	7	7	7	7	8	8	0	0	0	0	0	0	0	0	0	0	0	0	0	0	0	0	0	0	0	0	10	10	10	10	10	11	10	10	10	10	5	6	6	4	6	5	5	5	4	11	11	13	13	11	11	13	13	10	9	14	14	14	14	14	14	8	5	5	5	5	5	5	4	5	5	5	5	4	4	5	8	6	8	3	4	6	6	6	6	10	9	9	9	9	10	9	9	9	10	10	10	10	10	9	10	10
RIC_LP_192_Du-521	23	25	26	26	22	24	24	28	27	28	28	20	20	23	20	21	20	6	7	6	6	7	7	6	7	6	6	9	7	7	8	7	8	7	7	8	0	3	1	3	3	3	3	3	3	3	3	3	3	3	2	3	3	3	0	3	8	8	8	30	28	29	28	4	5	5	5	5	42	7	6	7	7	43	35	41	42	43	5	5	5	5	31	32	31	30	43	44	43	6	6	6	3	6	6	7	6	6	8	6	6	6	6	6	6	6	6	10	7	1	1	10	1	44	3	5	5	9	8	9	1	1	1	1	1	2	1	1	0	0	0	0	0	0	0	0	0	0	0	0	0	0	0	0	0	0	0	1	1	1	1	1	1	1	1	1	1	33	36	35	36	35	34	33	34	27	31	5	6	5	5	5	5	6	6	10	10	10	10	10	10	10	10	10	10	10	10	10	10	10	10	10	10	10	10	0	0	0	0	0	2	0	0	0	0	9	10	10	8	10	9	9	9	10	7	7	9	9	7	7	9	9	7	6	6	6	6	6	6	6	11	9	7	9	9	9	9	8	9	9	9	9	8	8	9	12	10	12	8	8	10	10	10	10	2	1	1	1	1	2	1	1	1	2	2	2	2	2	1	2	2
RIC_LP_193_Du-522	23	25	26	26	22	24	24	28	27	28	28	20	20	23	20	21	20	6	7	6	6	7	7	6	7	6	6	9	7	7	8	7	8	7	7	8	0	3	1	3	3	3	3	3	3	3	3	3	3	3	2	3	3	3	0	3	8	8	8	30	28	29	28	4	5	5	5	5	42	7	6	7	7	43	35	41	42	43	5	5	5	5	31	32	31	30	43	44	43	6	6	6	3	6	6	7	6	6	8	6	6	6	6	6	6	6	6	10	7	1	1	10	1	44	3	5	5	9	8	9	1	1	1	1	1	2	1	1	0	0	0	0	0	0	0	0	0	0	0	0	0	0	0	0	0	0	0	1	1	1	1	1	1	1	1	1	1	33	36	35	36	35	34	33	34	27	31	5	6	5	5	5	5	6	6	10	10	10	10	10	10	10	10	10	10	10	10	10	10	10	10	10	10	10	10	0	0	0	0	0	2	0	0	0	0	9	10	10	8	10	9	9	9	10	7	7	9	9	7	7	9	9	7	6	6	6	6	6	6	6	11	9	7	9	9	9	9	8	9	9	9	9	8	8	9	12	10	12	8	8	10	10	10	10	2	1	1	1	1	2	1	1	1	2	2	2	2	2	1	2	2
RIC_LP_194_Du-523	23	25	26	26	22	24	24	28	27	28	28	20	20	23	20	21	20	6	7	6	6	7	7	6	7	6	6	9	7	7	8	7	8	7	7	8	0	3	1	3	3	3	3	3	3	3	3	3	3	3	2	3	3	3	0	3	8	8	8	30	28	29	28	4	5	5	5	5	42	7	6	7	7	43	35	41	42	43	5	5	5	5	31	32	31	30	43	44	43	6	6	6	3	6	6	7	6	6	8	6	6	6	6	6	6	6	6	10	7	1	1	10	1	44	3	5	5	9	8	9	1	1	1	1	1	2	1	1	0	0	0	0	0	0	0	0	0	0	0	0	0	0	0	0	0	0	0	1	1	1	1	1	1	1	1	1	1	33	36	35	36	35	34	33	34	27	31	5	6	5	5	5	5	6	6	10	10	10	10	10	10	10	10	10	10	10	10	10	10	10	10	10	10	10	10	0	0	0	0	0	2	0	0	0	0	9	10	10	8	10	9	9	9	10	7	7	9	9	7	7	9	9	7	6	6	6	6	6	6	6	11	9	7	9	9	9	9	8	9	9	9	9	8	8	9	12	10	12	8	8	10	10	10	10	2	1	1	1	1	2	1	1	1	2	2	2	2	2	1	2	2
RIC_LP_195_Du-524	23	25	26	26	22	24	24	28	27	28	28	20	20	23	20	21	20	6	7	6	6	7	7	6	7	6	6	9	7	7	8	7	8	7	7	8	0	3	1	3	3	3	3	3	3	3	3	3	3	3	2	3	3	3	0	3	8	8	8	30	28	29	28	4	5	5	5	5	42	7	6	7	7	43	35	41	42	43	5	5	5	5	31	32	31	30	43	44	43	6	6	6	3	6	6	7	6	6	8	6	6	6	6	6	6	6	6	10	7	1	1	10	1	44	3	5	5	9	8	9	1	1	1	1	1	2	1	1	0	0	0	0	0	0	0	0	0	0	0	0	0	0	0	0	0	0	0	1	1	1	1	1	1	1	1	1	1	33	36	35	36	35	34	33	34	27	31	5	6	5	5	5	5	6	6	10	10	10	10	10	10	10	10	10	10	10	10	10	10	10	10	10	10	10	10	0	0	0	0	0	2	0	0	0	0	9	10	10	8	10	9	9	9	10	7	7	9	9	7	7	9	9	7	6	6	6	6	6	6	6	11	9	7	9	9	9	9	8	9	9	9	9	8	8	9	12	10	12	8	8	10	10	10	10	2	1	1	1	1	2	1	1	1	2	2	2	2	2	1	2	2
RIC_LP_196_Du-525	23	25	26	26	22	24	24	28	27	28	28	20	20	23	20	21	20	6	7	6	6	7	7	6	7	6	6	9	7	7	8	7	8	7	7	8	0	3	1	3	3	3	3	3	3	3	3	3	3	3	2	3	3	3	0	3	8	8	8	30	28	29	28	4	5	5	5	5	42	7	6	7	7	43	35	41	42	43	5	5	5	5	31	32	31	30	43	44	43	6	6	6	3	6	6	7	6	6	8	6	6	6	6	6	6	6	6	10	7	1	1	10	1	44	3	5	5	9	8	9	1	1	1	1	1	2	1	1	0	0	0	0	0	0	0	0	0	0	0	0	0	0	0	0	0	0	0	1	1	1	1	1	1	1	1	1	1	33	36	35	36	35	34	33	34	27	31	5	6	5	5	5	5	6	6	10	10	10	10	10	10	10	10	10	10	10	10	10	10	10	10	10	10	10	10	0	0	0	0	0	2	0	0	0	0	9	10	10	8	10	9	9	9	10	7	7	9	9	7	7	9	9	7	6	6	6	6	6	6	6	11	9	7	9	9	9	9	8	9	9	9	9	8	8	9	12	10	12	8	8	10	10	10	10	2	1	1	1	1	2	1	1	1	2	2	2	2	2	1	2	2
RIC_LP_197_Du-526	16	17	18	18	16	17	17	27	26	26	26	14	14	17	14	14	14	7	8	7	7	8	8	7	8	7	7	10	8	8	9	8	9	8	8	9	2	5	3	5	5	5	5	5	5	5	5	5	5	5	4	5	4	4	2	4	9	9	9	28	26	27	27	5	6	6	6	6	42	8	7	8	8	42	35	41	42	43	6	6	6	6	32	33	32	31	42	43	42	7	7	7	3	7	7	8	7	7	9	7	7	7	7	7	7	7	7	11	8	2	2	11	2	43	5	6	6	10	9	10	2	2	2	2	2	4	2	2	2	2	2	2	2	2	2	2	2	2	2	2	2	2	2	2	2	2	2	3	3	3	3	3	3	3	3	3	3	34	37	36	37	36	35	34	35	28	32	6	7	6	6	6	6	7	7	11	11	11	11	11	11	11	11	11	11	11	11	11	11	11	11	11	11	11	11	2	2	2	2	2	0	2	2	2	2	10	11	11	9	11	10	10	10	11	8	8	10	10	8	8	10	10	8	7	7	7	7	7	7	7	12	10	8	10	10	10	10	9	10	10	10	10	9	9	10	13	11	13	9	9	11	11	11	11	3	2	2	2	2	3	2	2	2	3	3	3	3	3	2	3	3
RIC_LP_198_Du-527	23	25	26	26	22	24	24	28	27	28	28	20	20	23	20	21	20	6	7	6	6	7	7	6	7	6	6	9	7	7	8	7	8	7	7	8	0	3	1	3	3	3	3	3	3	3	3	3	3	3	2	3	3	3	0	3	8	8	8	30	28	29	28	4	5	5	5	5	42	7	6	7	7	43	35	41	42	43	5	5	5	5	31	32	31	30	43	44	43	6	6	6	3	6	6	7	6	6	8	6	6	6	6	6	6	6	6	10	7	1	1	10	1	44	3	5	5	9	8	9	1	1	1	1	1	2	1	1	0	0	0	0	0	0	0	0	0	0	0	0	0	0	0	0	0	0	0	1	1	1	1	1	1	1	1	1	1	33	36	35	36	35	34	33	34	27	31	5	6	5	5	5	5	6	6	10	10	10	10	10	10	10	10	10	10	10	10	10	10	10	10	10	10	10	10	0	0	0	0	0	2	0	0	0	0	9	10	10	8	10	9	9	9	10	7	7	9	9	7	7	9	9	7	6	6	6	6	6	6	6	11	9	7	9	9	9	9	8	9	9	9	9	8	8	9	12	10	12	8	8	10	10	10	10	2	1	1	1	1	2	1	1	1	2	2	2	2	2	1	2	2
RIC_LP_199_Du-528	23	25	26	26	22	24	24	28	27	28	28	20	20	23	20	21	20	6	7	6	6	7	7	6	7	6	6	9	7	7	8	7	8	7	7	8	0	3	1	3	3	3	3	3	3	3	3	3	3	3	2	3	3	3	0	3	8	8	8	30	28	29	28	4	5	5	5	5	42	7	6	7	7	43	35	41	42	43	5	5	5	5	31	32	31	30	43	44	43	6	6	6	3	6	6	7	6	6	8	6	6	6	6	6	6	6	6	10	7	1	1	10	1	44	3	5	5	9	8	9	1	1	1	1	1	2	1	1	0	0	0	0	0	0	0	0	0	0	0	0	0	0	0	0	0	0	0	1	1	1	1	1	1	1	1	1	1	33	36	35	36	35	34	33	34	27	31	5	6	5	5	5	5	6	6	10	10	10	10	10	10	10	10	10	10	10	10	10	10	10	10	10	10	10	10	0	0	0	0	0	2	0	0	0	0	9	10	10	8	10	9	9	9	10	7	7	9	9	7	7	9	9	7	6	6	6	6	6	6	6	11	9	7	9	9	9	9	8	9	9	9	9	8	8	9	12	10	12	8	8	10	10	10	10	2	1	1	1	1	2	1	1	1	2	2	2	2	2	1	2	2
RIC_LP_200_Du-529	23	25	26	26	22	24	24	28	27	28	28	20	20	23	20	21	20	6	7	6	6	7	7	6	7	6	6	9	7	7	8	7	8	7	7	8	0	3	1	3	3	3	3	3	3	3	3	3	3	3	2	3	3	3	0	3	8	8	8	30	28	29	28	4	5	5	5	5	42	7	6	7	7	43	35	41	42	43	5	5	5	5	31	32	31	30	43	44	43	6	6	6	3	6	6	7	6	6	8	6	6	6	6	6	6	6	6	10	7	1	1	10	1	44	3	5	5	9	8	9	1	1	1	1	1	2	1	1	0	0	0	0	0	0	0	0	0	0	0	0	0	0	0	0	0	0	0	1	1	1	1	1	1	1	1	1	1	33	36	35	36	35	34	33	34	27	31	5	6	5	5	5	5	6	6	10	10	10	10	10	10	10	10	10	10	10	10	10	10	10	10	10	10	10	10	0	0	0	0	0	2	0	0	0	0	9	10	10	8	10	9	9	9	10	7	7	9	9	7	7	9	9	7	6	6	6	6	6	6	6	11	9	7	9	9	9	9	8	9	9	9	9	8	8	9	12	10	12	8	8	10	10	10	10	2	1	1	1	1	2	1	1	1	2	2	2	2	2	1	2	2
RIC_LP_201_Du-530	23	25	26	26	22	24	24	28	27	28	28	20	20	23	20	21	20	6	7	6	6	7	7	6	7	6	6	9	7	7	8	7	8	7	7	8	0	3	1	3	3	3	3	3	3	3	3	3	3	3	2	3	3	3	0	3	8	8	8	30	28	29	28	4	5	5	5	5	42	7	6	7	7	43	35	41	42	43	5	5	5	5	31	32	31	30	43	44	43	6	6	6	3	6	6	7	6	6	8	6	6	6	6	6	6	6	6	10	7	1	1	10	1	44	3	5	5	9	8	9	1	1	1	1	1	2	1	1	0	0	0	0	0	0	0	0	0	0	0	0	0	0	0	0	0	0	0	1	1	1	1	1	1	1	1	1	1	33	36	35	36	35	34	33	34	27	31	5	6	5	5	5	5	6	6	10	10	10	10	10	10	10	10	10	10	10	10	10	10	10	10	10	10	10	10	0	0	0	0	0	2	0	0	0	0	9	10	10	8	10	9	9	9	10	7	7	9	9	7	7	9	9	7	6	6	6	6	6	6	6	11	9	7	9	9	9	9	8	9	9	9	9	8	8	9	12	10	12	8	8	10	10	10	10	2	1	1	1	1	2	1	1	1	2	2	2	2	2	1	2	2
RSV_LP_049_Du-85	24	26	27	27	23	25	25	29	28	29	29	21	21	24	21	22	21	9	10	9	9	10	10	9	10	9	9	16	14	14	15	14	15	14	14	15	9	12	10	12	12	12	12	12	12	12	12	12	12	12	11	12	10	10	9	10	9	9	9	31	29	30	29	5	6	6	6	6	43	8	7	8	8	44	36	42	43	44	6	6	6	6	33	35	34	33	44	45	44	7	7	7	5	7	7	12	11	11	13	11	9	9	9	9	9	9	9	5	10	8	8	3	8	45	12	6	6	2	13	14	8	8	8	8	8	11	8	8	9	9	9	9	9	9	9	9	9	9	9	9	9	9	9	9	9	9	9	10	10	10	10	10	10	10	10	10	10	36	39	38	39	38	37	36	37	30	34	6	7	6	6	6	6	7	7	5	5	5	5	5	5	5	5	5	5	5	5	5	5	5	5	5	5	5	5	9	9	9	9	9	10	9	9	9	9	0	1	1	0	1	0	0	0	1	10	10	12	12	10	10	12	12	10	8	11	11	11	11	11	11	5	2	2	2	2	2	2	2	2	2	2	2	2	3	2	5	3	5	0	1	3	3	3	3	9	8	8	8	8	9	8	8	8	9	9	9	9	9	8	9	9
RSV_LP_050_Du-87	25	27	28	28	24	26	26	30	29	30	30	22	22	25	22	23	22	8	9	8	8	9	9	8	9	8	8	15	13	13	14	13	14	13	13	14	10	13	11	13	13	13	13	13	13	13	13	13	13	13	12	13	11	11	10	11	10	10	10	32	30	31	30	6	7	7	7	7	44	9	8	9	9	45	37	43	44	45	7	7	7	7	34	36	35	34	45	46	45	8	8	8	6	8	8	13	12	12	14	12	10	10	10	10	10	10	10	6	9	9	9	4	9	46	13	7	7	3	14	15	9	9	9	9	9	12	9	9	10	10	10	10	10	10	10	10	10	10	10	10	10	10	10	10	10	10	10	11	11	11	11	11	11	11	11	11	11	35	38	37	38	37	36	35	36	29	33	7	8	7	7	7	7	8	8	6	6	6	6	6	6	6	6	6	6	6	6	6	6	6	6	6	6	6	6	10	10	10	10	10	11	10	10	10	10	1	0	0	1	0	1	1	1	2	11	11	13	13	11	11	13	13	11	9	12	12	12	12	12	12	6	3	3	3	3	3	3	3	3	3	3	3	3	3	3	6	4	6	1	2	4	4	4	4	10	9	9	9	9	10	9	9	9	10	10	8	8	10	9	10	10
RSV_LP_051_Du-88	25	27	28	28	24	26	26	30	29	30	30	22	22	25	22	23	22	8	9	8	8	9	9	8	9	8	8	15	13	13	14	13	14	13	13	14	10	13	11	13	13	13	13	13	13	13	13	13	13	13	12	13	11	11	10	11	10	10	10	32	30	31	30	6	7	7	7	7	44	9	8	9	9	45	37	43	44	45	7	7	7	7	34	36	35	34	45	46	45	8	8	8	6	8	8	13	12	12	14	12	10	10	10	10	10	10	10	6	9	9	9	4	9	46	13	7	7	3	14	15	9	9	9	9	9	12	9	9	10	10	10	10	10	10	10	10	10	10	10	10	10	10	10	10	10	10	10	11	11	11	11	11	11	11	11	11	11	35	38	37	38	37	36	35	36	29	33	7	8	7	7	7	7	8	8	6	6	6	6	6	6	6	6	6	6	6	6	6	6	6	6	6	6	6	6	10	10	10	10	10	11	10	10	10	10	1	0	0	1	0	1	1	1	2	11	11	13	13	11	11	13	13	11	9	12	12	12	12	12	12	6	3	3	3	3	3	3	3	3	3	3	3	3	3	3	6	4	6	1	2	4	4	4	4	10	9	9	9	9	10	9	9	9	10	10	8	8	10	9	10	10
RSV_LP_052_Du-89	23	25	26	26	22	24	24	28	27	28	28	20	20	23	20	21	20	8	9	8	8	9	9	8	9	8	8	15	13	13	14	13	14	13	13	14	8	11	9	11	11	11	11	11	11	11	11	11	11	11	10	11	9	9	8	9	8	8	8	30	28	29	28	4	5	5	5	5	42	7	6	7	7	43	35	41	42	43	5	5	5	5	32	34	33	32	43	44	43	6	6	6	4	6	6	12	11	11	13	11	8	8	8	8	8	8	8	4	9	7	7	3	7	44	11	5	5	2	13	14	7	7	7	7	7	10	7	7	8	8	8	8	8	8	8	8	8	8	8	8	8	8	8	8	8	8	8	9	9	9	9	9	9	9	9	9	9	35	38	37	38	37	36	35	36	29	33	5	6	5	5	5	5	6	6	4	4	4	4	4	4	4	4	4	4	4	4	4	4	4	4	4	4	4	4	8	8	8	8	8	9	8	8	8	8	0	1	1	0	1	0	0	0	1	9	9	11	11	9	9	11	11	9	7	11	11	11	11	11	11	5	2	2	2	2	2	2	2	2	2	2	2	2	3	2	5	3	5	0	1	3	3	3	3	8	7	7	7	7	8	7	7	7	8	8	8	8	8	7	8	8
RSV_LP_053_Du-90	25	27	28	28	24	26	26	30	29	30	30	22	22	25	22	23	22	8	9	8	8	9	9	8	9	8	8	15	13	13	14	13	14	13	13	14	10	13	11	13	13	13	13	13	13	13	13	13	13	13	12	13	11	11	10	11	10	10	10	32	30	31	30	6	7	7	7	7	44	9	8	9	9	45	37	43	44	45	7	7	7	7	34	36	35	34	45	46	45	8	8	8	6	8	8	13	12	12	14	12	10	10	10	10	10	10	10	6	9	9	9	4	9	46	13	7	7	3	14	15	9	9	9	9	9	12	9	9	10	10	10	10	10	10	10	10	10	10	10	10	10	10	10	10	10	10	10	11	11	11	11	11	11	11	11	11	11	35	38	37	38	37	36	35	36	29	33	7	8	7	7	7	7	8	8	6	6	6	6	6	6	6	6	6	6	6	6	6	6	6	6	6	6	6	6	10	10	10	10	10	11	10	10	10	10	1	0	0	1	0	1	1	1	2	11	11	13	13	11	11	13	13	11	9	12	12	12	12	12	12	6	3	3	3	3	3	3	3	3	3	3	3	3	3	3	6	4	6	1	2	4	4	4	4	10	9	9	9	9	10	9	9	9	10	10	8	8	10	9	10	10
RSV_LP_055_Du-92	24	26	27	27	23	25	25	29	28	29	29	21	21	24	21	22	21	9	10	9	9	10	10	9	10	9	9	16	14	14	15	14	15	14	14	15	9	12	10	12	12	12	12	12	12	12	12	12	12	12	11	12	10	10	9	10	9	9	9	31	29	30	29	5	6	6	6	6	43	8	7	8	8	44	36	42	43	44	6	6	6	6	33	35	34	33	44	45	44	7	7	7	5	7	7	12	11	11	13	11	9	9	9	9	9	9	9	5	10	8	8	3	8	45	12	6	6	2	13	14	8	8	8	8	8	11	8	8	9	9	9	9	9	9	9	9	9	9	9	9	9	9	9	9	9	9	9	10	10	10	10	10	10	10	10	10	10	36	39	38	39	38	37	36	37	30	34	6	7	6	6	6	6	7	7	5	5	5	5	5	5	5	5	5	5	5	5	5	5	5	5	5	5	5	5	9	9	9	9	9	10	9	9	9	9	0	1	1	0	1	0	0	0	1	10	10	12	12	10	10	12	12	10	8	11	11	11	11	11	11	5	2	2	2	2	2	2	2	2	2	2	2	2	3	2	5	3	5	0	1	3	3	3	3	9	8	8	8	8	9	8	8	8	9	9	9	9	9	8	9	9
RSV_LP_057_Du-94	24	26	27	27	23	25	25	29	28	29	29	21	21	24	21	22	21	9	10	9	9	10	10	9	10	9	9	16	14	14	15	14	15	14	14	15	9	12	10	12	12	12	12	12	12	12	12	12	12	12	11	12	10	10	9	10	9	9	9	31	29	30	29	5	6	6	6	6	43	8	7	8	8	44	36	42	43	44	6	6	6	6	33	35	34	33	44	45	44	7	7	7	5	7	7	12	11	11	13	11	9	9	9	9	9	9	9	5	10	8	8	3	8	45	12	6	6	2	13	14	8	8	8	8	8	11	8	8	9	9	9	9	9	9	9	9	9	9	9	9	9	9	9	9	9	9	9	10	10	10	10	10	10	10	10	10	10	36	39	38	39	38	37	36	37	30	34	6	7	6	6	6	6	7	7	5	5	5	5	5	5	5	5	5	5	5	5	5	5	5	5	5	5	5	5	9	9	9	9	9	10	9	9	9	9	0	1	1	0	1	0	0	0	1	10	10	12	12	10	10	12	12	10	8	11	11	11	11	11	11	5	2	2	2	2	2	2	2	2	2	2	2	2	3	2	5	3	5	0	1	3	3	3	3	9	8	8	8	8	9	8	8	8	9	9	9	9	9	8	9	9
RSV_LP_315_Du-95	24	26	27	27	23	25	25	29	28	29	29	21	21	24	21	22	21	9	10	9	9	10	10	9	10	9	9	16	14	14	15	14	15	14	14	15	9	12	10	12	12	12	12	12	12	12	12	12	12	12	11	12	10	10	9	10	9	9	9	31	29	30	29	5	6	6	6	6	43	8	7	8	8	44	36	42	43	44	6	6	6	6	33	35	34	33	44	45	44	7	7	7	5	7	7	12	11	11	13	11	9	9	9	9	9	9	9	5	10	8	8	3	8	45	12	6	6	2	13	14	8	8	8	8	8	11	8	8	9	9	9	9	9	9	9	9	9	9	9	9	9	9	9	9	9	9	9	10	10	10	10	10	10	10	10	10	10	36	39	38	39	38	37	36	37	30	34	6	7	6	6	6	6	7	7	5	5	5	5	5	5	5	5	5	5	5	5	5	5	5	5	5	5	5	5	9	9	9	9	9	10	9	9	9	9	0	1	1	0	1	0	0	0	1	10	10	12	12	10	10	12	12	10	8	11	11	11	11	11	11	5	2	2	2	2	2	2	2	2	2	2	2	2	3	2	5	3	5	0	1	3	3	3	3	9	8	8	8	8	9	8	8	8	9	9	9	9	9	8	9	9
RSV_LP_316_Du-96	25	27	28	28	24	26	26	30	29	30	30	22	22	25	22	23	22	10	11	10	10	11	11	10	11	10	10	17	15	15	16	15	16	15	15	16	10	13	11	13	13	13	13	13	13	13	13	13	13	13	12	13	11	11	10	11	10	10	10	32	30	31	30	6	7	7	7	7	44	9	8	9	9	45	37	43	44	45	7	7	7	7	34	36	35	34	45	46	45	8	8	8	6	8	8	13	12	12	14	12	10	10	10	10	10	10	10	4	11	9	9	4	9	46	13	7	7	3	14	15	8	9	9	9	9	12	9	9	10	10	10	10	10	10	10	10	10	10	10	10	10	10	10	10	10	10	10	11	11	11	11	11	11	11	11	11	11	37	40	39	40	39	38	37	38	31	35	7	8	7	7	7	7	8	8	4	4	4	4	4	4	4	4	4	4	4	4	4	4	4	4	4	4	4	4	10	10	10	10	10	11	10	10	10	10	1	2	2	1	2	1	1	1	0	11	11	13	13	11	11	13	13	10	9	12	12	12	12	12	12	6	3	3	3	3	3	3	3	3	3	3	3	3	3	3	6	4	6	1	2	4	4	4	4	10	9	9	9	9	10	9	9	9	10	10	10	10	10	9	10	10
SILG_LP_149_Du-343	24	26	27	27	23	25	25	29	28	29	29	21	21	24	21	22	21	7	8	7	7	8	8	7	8	7	7	11	11	11	11	11	11	11	11	11	7	10	8	10	10	10	10	10	10	10	10	10	10	10	9	10	8	8	7	8	9	9	9	30	28	30	29	5	6	6	6	6	43	8	7	8	8	43	36	41	42	42	6	6	6	6	33	35	34	32	43	43	43	7	7	7	4	7	7	9	9	9	10	9	1	1	1	1	1	1	1	11	8	6	6	11	6	43	10	6	6	10	10	11	6	6	6	6	6	9	6	6	7	7	7	7	7	7	7	7	7	7	7	7	7	7	7	7	7	7	7	8	8	8	8	8	8	8	8	8	8	36	39	38	39	38	37	36	37	30	34	6	7	6	6	5	6	7	7	11	11	11	11	11	11	11	11	11	11	11	11	11	11	11	11	11	11	11	11	7	7	7	7	7	8	7	7	7	7	10	11	11	9	11	10	10	10	11	0	0	4	4	0	0	4	4	0	0	9	9	9	9	9	9	13	10	8	10	10	10	10	9	10	10	10	10	9	10	10	13	11	13	9	9	11	11	11	11	7	6	6	6	6	7	6	6	6	7	7	7	7	7	6	7	7
SILG_LP_150_Du-344	24	26	27	27	23	25	25	29	28	29	29	21	21	24	21	22	21	7	8	7	7	8	8	7	8	7	7	12	12	12	13	12	13	12	12	13	7	10	8	10	10	10	10	10	10	10	10	10	10	10	9	10	8	8	7	8	9	9	9	31	29	30	29	5	6	6	6	6	43	8	7	8	8	44	36	42	43	44	6	6	6	6	33	35	34	32	44	45	44	7	7	7	4	7	7	10	9	9	11	9	1	1	1	1	1	1	1	11	8	6	6	11	6	45	10	6	6	10	11	12	6	6	6	6	6	9	6	6	7	7	7	7	7	7	7	7	7	7	7	7	7	7	7	7	7	7	7	8	8	8	8	8	8	8	8	8	8	36	39	38	39	38	37	36	37	30	34	6	7	6	6	5	6	7	7	11	11	11	11	11	11	11	11	11	11	11	11	11	11	11	11	11	11	11	11	7	7	7	7	7	8	7	7	7	7	10	11	11	9	11	10	10	10	11	0	0	4	4	0	0	4	4	0	0	9	9	9	9	9	9	13	10	8	10	10	10	10	9	10	10	10	10	9	10	10	13	11	13	9	9	11	11	11	11	7	6	6	6	6	7	6	6	6	7	7	7	7	7	6	7	7
SILG_LP_151_Du-345	25	28	29	29	25	27	27	31	30	31	31	23	23	26	23	24	23	9	10	9	9	10	10	9	10	9	9	14	14	14	15	14	15	14	14	15	8	12	10	12	12	12	12	12	12	12	12	12	12	12	11	12	10	10	9	10	11	11	11	33	31	32	31	7	8	8	8	8	45	10	9	10	10	46	38	44	45	46	8	8	8	8	35	37	36	34	46	47	46	9	9	9	6	9	9	12	11	11	13	11	3	3	3	3	3	3	3	13	10	8	8	13	8	47	12	8	8	12	13	14	8	8	8	8	8	11	8	8	9	9	9	9	9	9	9	9	9	9	9	9	9	9	9	9	9	9	9	10	10	10	10	10	10	10	10	10	10	38	41	40	41	40	39	38	39	32	36	6	7	6	6	5	6	7	7	13	13	13	13	13	13	13	13	13	13	13	13	13	13	13	13	13	13	13	13	9	9	9	9	9	10	9	9	9	9	12	13	13	11	13	12	12	12	13	4	4	0	0	4	4	0	0	3	4	11	11	11	11	11	11	15	12	9	12	12	12	12	11	12	12	12	12	11	12	12	15	13	15	11	11	13	13	13	13	9	8	8	8	8	9	8	8	8	9	9	9	9	9	8	9	9
SILG_LP_152_Du-346	25	28	29	29	25	27	27	31	30	31	31	23	23	26	23	24	23	9	10	9	9	10	10	9	10	9	9	14	14	14	15	14	15	14	14	15	8	12	10	12	12	12	12	12	12	12	12	12	12	12	11	12	10	10	9	10	11	11	11	33	31	32	31	7	8	8	8	8	45	10	9	10	10	46	38	44	45	46	8	8	8	8	35	37	36	34	46	47	46	9	9	9	6	9	9	12	11	11	13	11	3	3	3	3	3	3	3	13	10	8	8	13	8	47	12	8	8	12	13	14	8	8	8	8	8	11	8	8	9	9	9	9	9	9	9	9	9	9	9	9	9	9	9	9	9	9	9	10	10	10	10	10	10	10	10	10	10	38	41	40	41	40	39	38	39	32	36	6	7	6	6	5	6	7	7	13	13	13	13	13	13	13	13	13	13	13	13	13	13	13	13	13	13	13	13	9	9	9	9	9	10	9	9	9	9	12	13	13	11	13	12	12	12	13	4	4	0	0	4	4	0	0	3	4	11	11	11	11	11	11	15	12	9	12	12	12	12	11	12	12	12	12	11	12	12	15	13	15	11	11	13	13	13	13	9	8	8	8	8	9	8	8	8	9	9	9	9	9	8	9	9
SILG_LP_153_Du-347	24	26	27	27	23	25	25	29	28	29	29	21	21	24	21	22	21	7	8	7	7	8	8	7	8	7	7	12	12	12	13	12	13	12	12	13	7	10	8	10	10	10	10	10	10	10	10	10	10	10	9	10	8	8	7	8	9	9	9	31	29	30	29	5	6	6	6	6	43	8	7	8	8	44	36	42	43	44	6	6	6	6	33	35	34	32	44	45	44	7	7	7	4	7	7	10	9	9	11	9	1	1	1	1	1	1	1	11	8	6	6	11	6	45	10	6	6	10	11	12	6	6	6	6	6	9	6	6	7	7	7	7	7	7	7	7	7	7	7	7	7	7	7	7	7	7	7	8	8	8	8	8	8	8	8	8	8	36	39	38	39	38	37	36	37	30	34	6	7	6	6	5	6	7	7	11	11	11	11	11	11	11	11	11	11	11	11	11	11	11	11	11	11	11	11	7	7	7	7	7	8	7	7	7	7	10	11	11	9	11	10	10	10	11	0	0	4	4	0	0	4	4	0	0	9	9	9	9	9	9	13	10	8	10	10	10	10	9	10	10	10	10	9	10	10	13	11	13	9	9	11	11	11	11	7	6	6	6	6	7	6	6	6	7	7	7	7	7	6	7	7
SILG_LP_154_Du-348	24	26	27	27	23	25	25	29	28	29	29	21	21	24	21	22	21	7	8	7	7	8	8	7	8	7	7	12	12	12	13	12	13	12	12	13	7	10	8	10	10	10	10	10	10	10	10	10	10	10	9	10	8	8	7	8	9	9	9	31	29	30	29	5	6	6	6	6	43	8	7	8	8	44	36	42	43	44	6	6	6	6	33	35	34	32	44	45	44	7	7	7	4	7	7	10	9	9	11	9	1	1	1	1	1	1	1	11	8	6	6	11	6	45	10	6	6	10	11	12	6	6	6	6	6	9	6	6	7	7	7	7	7	7	7	7	7	7	7	7	7	7	7	7	7	7	7	8	8	8	8	8	8	8	8	8	8	36	39	38	39	38	37	36	37	30	34	6	7	6	6	5	6	7	7	11	11	11	11	11	11	11	11	11	11	11	11	11	11	11	11	11	11	11	11	7	7	7	7	7	8	7	7	7	7	10	11	11	9	11	10	10	10	11	0	0	4	4	0	0	4	4	0	0	9	9	9	9	9	9	13	10	8	10	10	10	10	9	10	10	10	10	9	10	10	13	11	13	9	9	11	11	11	11	7	6	6	6	6	7	6	6	6	7	7	7	7	7	6	7	7
SILG_LP_155_Du-349	25	28	29	29	25	27	27	31	30	31	31	23	23	26	23	24	23	9	10	9	9	10	10	9	10	9	9	14	14	14	15	14	15	14	14	15	8	12	10	12	12	12	12	12	12	12	12	12	12	12	11	12	10	10	9	10	11	11	11	33	31	32	31	7	8	8	8	8	45	10	9	10	10	46	38	44	45	46	8	8	8	8	35	37	36	34	46	47	46	9	9	9	6	9	9	12	11	11	13	11	3	3	3	3	3	3	3	13	10	8	8	13	8	47	12	8	8	12	13	14	8	8	8	8	8	11	8	8	9	9	9	9	9	9	9	9	9	9	9	9	9	9	9	9	9	9	9	10	10	10	10	10	10	10	10	10	10	38	41	40	41	40	39	38	39	32	36	6	7	6	6	5	6	7	7	13	13	13	13	13	13	13	13	13	13	13	13	13	13	13	13	13	13	13	13	9	9	9	9	9	10	9	9	9	9	12	13	13	11	13	12	12	12	13	4	4	0	0	4	4	0	0	3	4	11	11	11	11	11	11	15	12	9	12	12	12	12	11	12	12	12	12	11	12	12	15	13	15	11	11	13	13	13	13	9	8	8	8	8	9	8	8	8	9	9	9	9	9	8	9	9
SILG_LP_156_Du-350	25	28	29	29	25	27	27	31	30	31	31	23	23	26	23	24	23	9	10	9	9	10	10	9	10	9	9	14	14	14	15	14	15	14	14	15	8	12	10	12	12	12	12	12	12	12	12	12	12	12	11	12	10	10	9	10	11	11	11	33	31	32	31	7	8	8	8	8	45	10	9	10	10	46	38	44	45	46	8	8	8	8	35	37	36	34	46	47	46	9	9	9	6	9	9	12	11	11	13	11	3	3	3	3	3	3	3	13	10	8	8	13	8	47	12	8	8	12	13	14	8	8	8	8	8	11	8	8	9	9	9	9	9	9	9	9	9	9	9	9	9	9	9	9	9	9	9	10	10	10	10	10	10	10	10	10	10	38	41	40	41	40	39	38	39	32	36	6	7	6	6	5	6	7	7	13	13	13	13	13	13	13	13	13	13	13	13	13	13	13	13	13	13	13	13	9	9	9	9	9	10	9	9	9	9	12	13	13	11	13	12	12	12	13	4	4	0	0	4	4	0	0	3	4	11	11	11	11	11	11	15	12	9	12	12	12	12	11	12	12	12	12	11	12	12	15	13	15	11	11	13	13	13	13	9	8	8	8	8	9	8	8	8	9	9	9	9	9	8	9	9
SILG_LP_157_Du-351	24	26	27	27	23	25	25	27	26	27	27	21	21	23	21	22	21	6	7	6	6	7	7	6	6	6	6	10	10	10	10	10	10	10	10	10	7	10	8	10	10	10	10	10	10	10	10	10	10	10	9	10	8	8	7	8	9	9	9	28	26	28	27	5	6	6	6	6	41	8	7	8	8	42	35	40	41	41	6	6	6	6	31	32	31	29	42	42	42	7	7	7	4	7	7	9	9	9	9	9	1	1	1	1	1	1	1	10	7	6	6	11	6	42	10	6	6	10	10	10	6	6	6	6	6	9	6	6	7	7	7	7	7	7	7	7	7	7	7	7	7	7	7	7	7	7	7	8	8	8	8	8	8	8	8	8	8	34	37	36	37	36	35	34	35	28	32	5	6	5	5	4	5	6	6	10	10	10	10	10	10	10	10	10	10	10	10	10	10	10	10	10	10	10	10	7	7	7	7	7	8	7	7	7	7	10	11	11	9	11	10	10	10	10	0	0	3	3	0	0	3	3	0	0	9	9	9	9	9	9	13	10	8	10	10	10	10	9	10	10	10	10	9	10	10	13	11	13	9	9	11	11	11	11	7	6	6	6	6	7	6	6	6	7	7	7	7	7	6	7	7
SILG_LP_158_Du-352	18	20	21	21	17	19	19	26	26	27	27	17	17	19	17	18	17	7	8	7	7	8	8	7	8	7	7	11	11	11	12	11	12	11	11	12	6	7	7	7	7	7	7	7	7	7	7	7	7	7	6	7	7	7	6	7	9	9	9	29	27	28	27	5	6	6	6	6	39	7	6	7	7	35	33	34	34	35	6	6	6	6	26	28	27	25	35	36	35	7	7	7	4	7	7	9	8	8	9	8	1	1	1	1	1	1	1	9	8	5	5	10	5	36	7	6	6	9	10	10	5	5	5	5	5	6	5	5	6	6	6	6	6	6	6	6	6	6	6	6	6	6	6	6	6	6	6	7	7	7	7	7	7	7	7	7	7	29	32	32	32	31	30	29	30	26	27	6	7	6	6	5	6	7	7	9	9	9	9	9	9	9	9	9	9	9	9	9	9	9	9	9	9	9	9	6	6	6	6	6	7	6	6	6	6	8	9	9	7	9	8	8	8	9	0	0	4	4	0	0	4	4	0	0	8	8	8	8	8	8	9	9	7	9	9	9	9	8	9	9	9	9	8	8	9	9	10	10	8	8	8	10	10	10	6	5	5	5	5	6	5	5	5	6	6	6	6	6	5	6	6
SILR_LP_346_Du-729	27	29	30	30	26	28	28	30	29	30	30	24	24	27	24	25	24	10	11	10	10	11	11	10	11	10	10	8	8	8	9	8	9	8	8	9	6	9	7	9	9	9	9	9	9	9	9	9	9	9	8	9	7	7	6	7	12	12	12	31	29	31	30	8	9	9	9	9	42	11	10	11	11	42	35	40	41	42	9	9	9	9	34	36	35	34	42	43	42	10	10	10	7	10	10	0	0	0	1	0	8	8	8	8	8	8	8	14	11	5	5	12	5	43	9	9	9	11	1	2	5	5	5	5	5	8	5	5	6	6	6	6	6	6	6	6	6	6	6	6	6	6	6	6	6	6	6	7	7	7	7	7	7	7	7	7	7	37	40	39	40	39	38	37	38	31	35	9	10	9	9	8	9	10	10	14	14	14	14	14	14	14	14	14	14	14	14	14	14	14	14	14	14	14	14	6	6	6	6	6	7	6	6	6	6	11	12	12	11	12	11	11	11	12	9	9	11	11	9	9	11	11	9	8	0	0	0	0	0	0	13	11	8	11	11	11	11	11	11	11	11	11	11	11	11	14	12	14	10	10	12	12	12	12	6	5	5	5	5	6	5	5	5	6	6	6	6	6	5	6	6
SILR_LP_347_Du-730	27	29	30	30	26	28	28	30	29	30	30	24	24	27	24	25	24	10	11	10	10	11	11	10	11	10	10	8	8	8	9	8	9	8	8	9	6	9	7	9	9	9	9	9	9	9	9	9	9	9	8	9	7	7	6	7	12	12	12	31	29	31	30	8	9	9	9	9	42	11	10	11	11	42	35	40	41	42	9	9	9	9	34	36	35	34	42	43	42	10	10	10	7	10	10	0	0	0	1	0	8	8	8	8	8	8	8	14	11	5	5	12	5	43	9	9	9	11	1	2	5	5	5	5	5	8	5	5	6	6	6	6	6	6	6	6	6	6	6	6	6	6	6	6	6	6	6	7	7	7	7	7	7	7	7	7	7	37	40	39	40	39	38	37	38	31	35	9	10	9	9	8	9	10	10	14	14	14	14	14	14	14	14	14	14	14	14	14	14	14	14	14	14	14	14	6	6	6	6	6	7	6	6	6	6	11	12	12	11	12	11	11	11	12	9	9	11	11	9	9	11	11	9	8	0	0	0	0	0	0	13	11	8	11	11	11	11	11	11	11	11	11	11	11	11	14	12	14	10	10	12	12	12	12	6	5	5	5	5	6	5	5	5	6	6	6	6	6	5	6	6
SILR_LP_348_Du-731	27	29	30	30	26	28	28	30	29	30	30	24	24	27	24	25	24	10	11	10	10	11	11	10	11	10	10	8	8	8	9	8	9	8	8	9	6	9	7	9	9	9	9	9	9	9	9	9	9	9	8	9	7	7	6	7	12	12	12	31	29	31	30	8	9	9	9	9	42	11	10	11	11	42	35	40	41	42	9	9	9	9	34	36	35	34	42	43	42	10	10	10	7	10	10	0	0	0	1	0	8	8	8	8	8	8	8	14	11	5	5	12	5	43	9	9	9	11	1	2	5	5	5	5	5	8	5	5	6	6	6	6	6	6	6	6	6	6	6	6	6	6	6	6	6	6	6	7	7	7	7	7	7	7	7	7	7	37	40	39	40	39	38	37	38	31	35	9	10	9	9	8	9	10	10	14	14	14	14	14	14	14	14	14	14	14	14	14	14	14	14	14	14	14	14	6	6	6	6	6	7	6	6	6	6	11	12	12	11	12	11	11	11	12	9	9	11	11	9	9	11	11	9	8	0	0	0	0	0	0	13	11	8	11	11	11	11	11	11	11	11	11	11	11	11	14	12	14	10	10	12	12	12	12	6	5	5	5	5	6	5	5	5	6	6	6	6	6	5	6	6
SILR_LP_349_Du-732	27	29	30	30	26	28	28	30	29	30	30	24	24	27	24	25	24	10	11	10	10	11	11	10	11	10	10	8	8	8	9	8	9	8	8	9	6	9	7	9	9	9	9	9	9	9	9	9	9	9	8	9	7	7	6	7	12	12	12	31	29	31	30	8	9	9	9	9	42	11	10	11	11	42	35	40	41	42	9	9	9	9	34	36	35	34	42	43	42	10	10	10	7	10	10	0	0	0	1	0	8	8	8	8	8	8	8	14	11	5	5	12	5	43	9	9	9	11	1	2	5	5	5	5	5	8	5	5	6	6	6	6	6	6	6	6	6	6	6	6	6	6	6	6	6	6	6	7	7	7	7	7	7	7	7	7	7	37	40	39	40	39	38	37	38	31	35	9	10	9	9	8	9	10	10	14	14	14	14	14	14	14	14	14	14	14	14	14	14	14	14	14	14	14	14	6	6	6	6	6	7	6	6	6	6	11	12	12	11	12	11	11	11	12	9	9	11	11	9	9	11	11	9	8	0	0	0	0	0	0	13	11	8	11	11	11	11	11	11	11	11	11	11	11	11	14	12	14	10	10	12	12	12	12	6	5	5	5	5	6	5	5	5	6	6	6	6	6	5	6	6
SILR_LP_351_Du-734	27	29	30	30	26	28	28	30	29	30	30	24	24	27	24	25	24	10	11	10	10	11	11	10	11	10	10	8	8	8	9	8	9	8	8	9	6	9	7	9	9	9	9	9	9	9	9	9	9	9	8	9	7	7	6	7	12	12	12	31	29	31	30	8	9	9	9	9	42	11	10	11	11	42	35	40	41	42	9	9	9	9	34	36	35	34	42	43	42	10	10	10	7	10	10	0	0	0	1	0	8	8	8	8	8	8	8	14	11	5	5	12	5	43	9	9	9	11	1	2	5	5	5	5	5	8	5	5	6	6	6	6	6	6	6	6	6	6	6	6	6	6	6	6	6	6	6	7	7	7	7	7	7	7	7	7	7	37	40	39	40	39	38	37	38	31	35	9	10	9	9	8	9	10	10	14	14	14	14	14	14	14	14	14	14	14	14	14	14	14	14	14	14	14	14	6	6	6	6	6	7	6	6	6	6	11	12	12	11	12	11	11	11	12	9	9	11	11	9	9	11	11	9	8	0	0	0	0	0	0	13	11	8	11	11	11	11	11	11	11	11	11	11	11	11	14	12	14	10	10	12	12	12	12	6	5	5	5	5	6	5	5	5	6	6	6	6	6	5	6	6
SILR_LP_353_Du-736	27	29	30	30	26	28	28	30	29	30	30	24	24	27	24	25	24	10	11	10	10	11	11	10	11	10	10	9	9	9	10	9	10	9	9	10	6	9	7	9	9	9	9	9	9	9	9	9	9	9	8	9	7	7	6	7	12	12	12	32	30	31	30	8	9	9	9	9	42	11	10	11	11	43	35	41	42	43	9	9	9	9	34	36	35	34	43	44	43	10	10	10	7	10	10	1	0	0	2	0	8	8	8	8	8	8	8	14	11	5	5	12	5	44	9	9	9	11	2	3	5	5	5	5	5	8	5	5	6	6	6	6	6	6	6	6	6	6	6	6	6	6	6	6	6	6	6	7	7	7	7	7	7	7	7	7	7	37	40	39	40	39	38	37	38	31	35	9	10	9	9	8	9	10	10	14	14	14	14	14	14	14	14	14	14	14	14	14	14	14	14	14	14	14	14	6	6	6	6	6	7	6	6	6	6	11	12	12	11	12	11	11	11	12	9	9	11	11	9	9	11	11	9	8	0	0	0	0	0	0	13	11	8	11	11	11	11	11	11	11	11	11	11	11	11	14	12	14	10	10	12	12	12	12	6	5	5	5	5	6	5	5	5	6	6	6	6	6	5	6	6
STI_LP_027_Du-45	22	25	26	26	22	24	24	30	29	30	30	20	20	23	20	21	20	12	13	12	12	13	13	12	13	12	12	18	16	16	17	16	17	16	16	17	9	14	12	14	14	14	14	14	14	14	14	14	14	14	13	14	12	12	11	12	12	12	12	32	30	31	30	8	9	9	9	9	41	11	10	11	11	40	33	38	39	40	9	9	9	9	34	36	35	34	40	41	40	10	10	10	8	10	10	14	13	13	15	13	12	12	12	12	12	12	12	8	13	10	10	6	10	41	14	9	9	5	14	15	10	10	10	10	10	13	10	10	11	11	11	11	11	11	11	11	11	11	11	11	11	11	11	11	11	11	11	12	12	12	12	12	12	12	12	12	12	37	40	39	40	39	38	37	38	30	35	9	10	9	9	9	9	10	10	8	8	8	8	8	8	8	8	8	8	8	8	8	8	8	8	8	8	8	8	11	11	11	11	11	12	11	11	11	11	5	6	6	5	6	5	5	5	6	13	13	15	15	13	13	15	15	13	9	13	13	13	13	13	13	0	5	5	5	5	5	5	5	5	5	5	5	5	0	5	0	5	2	4	4	2	6	6	6	11	10	10	10	10	11	10	10	10	11	11	11	11	11	10	11	11
STI_LP_028_Du-46	24	26	27	27	23	25	25	29	28	29	29	21	21	24	21	22	21	9	10	9	9	10	10	9	10	9	9	16	14	14	15	14	15	14	14	15	9	12	10	12	12	12	12	12	12	12	12	12	12	12	11	12	10	10	9	10	9	9	9	31	29	30	29	5	6	6	6	6	43	8	7	8	8	44	36	42	43	44	6	6	6	6	33	35	34	33	44	45	44	7	7	7	5	7	7	12	11	11	13	11	9	9	9	9	9	9	9	5	10	8	8	3	8	45	12	6	6	0	13	14	8	8	8	8	8	11	8	8	9	9	9	9	9	9	9	9	9	9	9	9	9	9	9	9	9	9	9	10	10	10	10	10	10	10	10	10	10	36	39	38	39	38	37	36	37	30	34	6	7	6	6	6	6	7	7	5	5	5	5	5	5	5	5	5	5	5	5	5	5	5	5	5	5	5	5	9	9	9	9	9	10	9	9	9	9	2	3	3	2	3	2	2	2	3	10	10	12	12	10	10	12	12	10	9	11	11	11	11	11	11	5	0	0	0	0	0	0	0	0	0	0	0	0	3	0	5	3	5	1	1	3	3	3	3	9	8	8	8	8	9	8	8	8	9	9	9	9	9	8	9	9
STI_LP_029_Du-47	20	22	23	23	20	21	21	26	25	26	26	18	18	19	18	19	18	7	8	7	7	8	8	7	8	7	7	13	11	11	11	11	11	11	11	11	7	9	8	9	9	9	9	9	9	9	9	9	9	9	9	9	8	8	7	8	7	7	7	27	25	27	26	3	4	4	4	4	35	6	5	6	6	37	30	36	36	36	4	4	4	4	31	33	32	31	37	37	37	5	5	5	3	5	5	8	8	8	9	8	7	7	7	7	7	7	7	5	8	6	6	3	6	37	9	4	4	0	9	10	6	6	6	6	6	9	6	6	7	7	7	7	7	7	7	7	7	7	7	7	7	7	7	7	7	7	7	8	8	8	8	8	8	8	8	8	8	34	36	35	36	35	35	34	34	28	32	3	4	3	3	3	3	4	4	5	5	5	5	5	5	5	5	5	5	5	5	5	5	5	5	5	5	5	5	7	7	7	7	7	8	7	7	7	7	2	3	3	2	3	2	2	2	3	8	8	9	9	8	8	9	9	8	7	8	8	8	8	8	8	5	0	0	0	0	0	0	0	0	0	0	0	0	3	0	5	3	5	1	1	3	3	3	3	7	6	6	6	6	7	6	6	6	7	7	7	7	7	6	7	7
STI_LP_030_Du-48	24	26	27	27	23	25	25	29	28	29	29	21	21	24	21	22	21	9	10	9	9	10	10	9	10	9	9	16	14	14	15	14	15	14	14	15	9	12	10	12	12	12	12	12	12	12	12	12	12	12	11	12	10	10	9	10	9	9	9	31	29	30	29	5	6	6	6	6	43	8	7	8	8	44	36	42	43	44	6	6	6	6	33	35	34	33	44	45	44	7	7	7	5	7	7	12	11	11	13	11	9	9	9	9	9	9	9	5	10	8	8	3	8	45	12	6	6	0	13	14	8	8	8	8	8	11	8	8	9	9	9	9	9	9	9	9	9	9	9	9	9	9	9	9	9	9	9	10	10	10	10	10	10	10	10	10	10	36	39	38	39	38	37	36	37	30	34	6	7	6	6	6	6	7	7	5	5	5	5	5	5	5	5	5	5	5	5	5	5	5	5	5	5	5	5	9	9	9	9	9	10	9	9	9	9	2	3	3	2	3	2	2	2	3	10	10	12	12	10	10	12	12	10	9	11	11	11	11	11	11	5	0	0	0	0	0	0	0	0	0	0	0	0	3	0	5	3	5	1	1	3	3	3	3	9	8	8	8	8	9	8	8	8	9	9	9	9	9	8	9	9
STI_LP_031_Du-49	24	26	27	27	23	25	25	29	28	29	29	21	21	24	21	22	21	9	10	9	9	10	10	9	10	9	9	16	14	14	15	14	15	14	14	15	9	12	10	12	12	12	12	12	12	12	12	12	12	12	11	12	10	10	9	10	9	9	9	31	29	30	29	5	6	6	6	6	43	8	7	8	8	44	36	42	43	44	6	6	6	6	33	35	34	33	44	45	44	7	7	7	5	7	7	12	11	11	13	11	9	9	9	9	9	9	9	5	10	8	8	3	8	45	12	6	6	0	13	14	8	8	8	8	8	11	8	8	9	9	9	9	9	9	9	9	9	9	9	9	9	9	9	9	9	9	9	10	10	10	10	10	10	10	10	10	10	36	39	38	39	38	37	36	37	30	34	6	7	6	6	6	6	7	7	5	5	5	5	5	5	5	5	5	5	5	5	5	5	5	5	5	5	5	5	9	9	9	9	9	10	9	9	9	9	2	3	3	2	3	2	2	2	3	10	10	12	12	10	10	12	12	10	9	11	11	11	11	11	11	5	0	0	0	0	0	0	0	0	0	0	0	0	3	0	5	3	5	1	1	3	3	3	3	9	8	8	8	8	9	8	8	8	9	9	9	9	9	8	9	9
STI_LP_032_Du-50	24	26	27	27	23	25	25	29	28	29	29	21	21	24	21	22	21	9	10	9	9	10	10	9	10	9	9	16	14	14	15	14	15	14	14	15	9	12	10	12	12	12	12	12	12	12	12	12	12	12	11	12	10	10	9	10	9	9	9	31	29	30	29	5	6	6	6	6	43	8	7	8	8	44	36	42	43	44	6	6	6	6	33	35	34	33	44	45	44	7	7	7	5	7	7	12	11	11	13	11	9	9	9	9	9	9	9	5	10	8	8	3	8	45	12	6	6	0	13	14	8	8	8	8	8	11	8	8	9	9	9	9	9	9	9	9	9	9	9	9	9	9	9	9	9	9	9	10	10	10	10	10	10	10	10	10	10	36	39	38	39	38	37	36	37	30	34	6	7	6	6	6	6	7	7	5	5	5	5	5	5	5	5	5	5	5	5	5	5	5	5	5	5	5	5	9	9	9	9	9	10	9	9	9	9	2	3	3	2	3	2	2	2	3	10	10	12	12	10	10	12	12	10	9	11	11	11	11	11	11	5	0	0	0	0	0	0	0	0	0	0	0	0	3	0	5	3	5	1	1	3	3	3	3	9	8	8	8	8	9	8	8	8	9	9	9	9	9	8	9	9
STI_LP_033_Du-51	24	26	27	27	23	25	25	29	28	29	29	21	21	24	21	22	21	9	10	9	9	10	10	9	10	9	9	15	14	14	15	14	15	14	14	15	9	12	10	12	12	12	12	12	12	12	12	12	12	12	11	12	10	10	9	10	9	9	9	31	29	30	29	5	6	6	6	6	41	8	7	8	8	44	36	42	43	44	6	6	6	6	33	35	34	33	44	45	44	7	7	7	5	7	7	12	11	11	13	11	9	9	9	9	9	9	9	5	10	8	8	3	8	45	12	6	6	0	13	14	8	8	8	8	8	11	8	8	9	9	9	9	9	9	9	9	9	9	9	9	9	9	9	9	9	9	9	10	10	10	10	10	10	10	10	10	10	36	39	38	39	38	37	36	37	30	34	6	7	6	6	6	6	7	7	5	5	5	5	5	5	5	5	5	5	5	5	5	5	5	5	5	5	5	5	9	9	9	9	9	10	9	9	9	9	2	3	3	2	3	2	2	2	3	10	10	12	12	10	10	12	12	10	9	11	11	11	11	11	11	5	0	0	0	0	0	0	0	0	0	0	0	0	3	0	5	3	5	1	1	3	3	3	3	9	8	8	8	8	9	8	8	8	9	9	9	9	9	8	9	9
STI_LP_034_Du-52	23	25	26	26	22	24	24	28	27	28	28	20	20	23	20	21	20	8	9	8	8	9	9	8	9	8	8	15	13	13	14	13	14	13	13	14	8	11	9	11	11	11	11	11	11	11	11	11	11	11	10	11	9	9	8	9	8	8	8	30	28	29	28	4	5	5	5	5	42	7	6	7	7	43	35	41	42	43	5	5	5	5	32	34	33	32	43	44	43	6	6	6	4	6	6	12	11	11	13	11	8	8	8	8	8	8	8	4	9	7	7	3	7	44	11	5	5	0	13	14	7	7	7	7	7	10	7	7	8	8	8	8	8	8	8	8	8	8	8	8	8	8	8	8	8	8	8	9	9	9	9	9	9	9	9	9	9	35	38	37	38	37	36	35	36	29	33	5	6	5	5	5	5	6	6	4	4	4	4	4	4	4	4	4	4	4	4	4	4	4	4	4	4	4	4	8	8	8	8	8	9	8	8	8	8	2	3	3	2	3	2	2	2	3	9	9	11	11	9	9	11	11	9	8	11	11	11	11	11	11	5	0	0	0	0	0	0	0	0	0	0	0	0	3	0	5	3	5	1	1	3	3	3	3	8	7	7	7	7	8	7	7	7	8	8	8	8	8	7	8	8
STI_LP_035_Du-53	24	26	27	27	23	25	25	29	28	29	29	21	21	24	21	22	21	9	10	9	9	10	10	9	10	9	9	16	14	14	15	14	15	14	14	15	9	12	10	12	12	12	12	12	12	12	12	12	12	12	11	12	10	10	9	10	9	9	9	31	29	30	29	5	6	6	6	6	43	8	7	8	8	44	36	42	43	44	6	6	6	6	33	35	34	33	44	45	44	7	7	7	5	7	7	12	11	11	13	11	9	9	9	9	9	9	9	5	10	8	8	3	8	45	12	6	6	0	13	14	8	8	8	8	8	11	8	8	9	9	9	9	9	9	9	9	9	9	9	9	9	9	9	9	9	9	9	10	10	10	10	10	10	10	10	10	10	36	39	38	39	38	37	36	37	30	34	6	7	6	6	6	6	7	7	5	5	5	5	5	5	5	5	5	5	5	5	5	5	5	5	5	5	5	5	9	9	9	9	9	10	9	9	9	9	2	3	3	2	3	2	2	2	3	10	10	12	12	10	10	12	12	10	9	11	11	11	11	11	11	5	0	0	0	0	0	0	0	0	0	0	0	0	3	0	5	3	5	1	1	3	3	3	3	9	8	8	8	8	9	8	8	8	9	9	9	9	9	8	9	9
STI_LP_036_Du-54	24	26	27	27	23	25	25	29	28	29	29	21	21	24	21	22	21	9	10	9	9	10	10	9	10	9	9	16	14	14	15	14	15	14	14	15	9	12	10	12	12	12	12	12	12	12	12	12	12	12	11	12	10	10	9	10	9	9	9	31	29	30	29	5	6	6	6	6	43	8	7	8	8	44	36	42	43	44	6	6	6	6	33	35	34	33	44	45	44	7	7	7	5	7	7	12	11	11	13	11	9	9	9	9	9	9	9	5	10	8	8	3	8	45	12	6	6	0	13	14	8	8	8	8	8	11	8	8	9	9	9	9	9	9	9	9	9	9	9	9	9	9	9	9	9	9	9	10	10	10	10	10	10	10	10	10	10	36	39	38	39	38	37	36	37	30	34	6	7	6	6	6	6	7	7	5	5	5	5	5	5	5	5	5	5	5	5	5	5	5	5	5	5	5	5	9	9	9	9	9	10	9	9	9	9	2	3	3	2	3	2	2	2	3	10	10	12	12	10	10	12	12	10	9	11	11	11	11	11	11	5	0	0	0	0	0	0	0	0	0	0	0	0	3	0	5	3	5	1	1	3	3	3	3	9	8	8	8	8	9	8	8	8	9	9	9	9	9	8	9	9
STI_LP_037_Du-55	24	26	27	27	23	25	25	29	28	29	29	21	21	24	21	22	21	9	10	9	9	10	10	9	10	9	9	16	14	14	15	14	15	14	14	15	9	12	10	12	12	12	12	12	12	12	12	12	12	12	11	12	10	10	9	10	9	9	9	31	29	30	29	5	6	6	6	6	43	8	7	8	8	44	36	42	43	44	6	6	6	6	33	35	34	33	44	45	44	7	7	7	5	7	7	12	11	11	13	11	9	9	9	9	9	9	9	5	10	8	8	3	8	45	12	6	6	0	13	14	8	8	8	8	8	11	8	8	9	9	9	9	9	9	9	9	9	9	9	9	9	9	9	9	9	9	9	10	10	10	10	10	10	10	10	10	10	36	39	38	39	38	37	36	37	30	34	6	7	6	6	6	6	7	7	5	5	5	5	5	5	5	5	5	5	5	5	5	5	5	5	5	5	5	5	9	9	9	9	9	10	9	9	9	9	2	3	3	2	3	2	2	2	3	10	10	12	12	10	10	12	12	10	9	11	11	11	11	11	11	5	0	0	0	0	0	0	0	0	0	0	0	0	3	0	5	3	5	1	1	3	3	3	3	9	8	8	8	8	9	8	8	8	9	9	9	9	9	8	9	9
STI_LP_038_Du-56	24	26	27	27	23	25	25	29	28	29	29	21	21	24	21	22	21	9	10	9	9	10	10	9	10	9	9	16	14	14	15	14	15	14	14	15	9	12	10	12	12	12	12	12	12	12	12	12	12	12	11	12	10	10	9	10	9	9	9	31	29	30	29	5	6	6	6	6	43	8	7	8	8	44	36	42	43	44	6	6	6	6	33	35	34	33	44	45	44	7	7	7	5	7	7	12	11	11	13	11	9	9	9	9	9	9	9	5	10	8	8	3	8	45	12	6	6	0	13	14	8	8	8	8	8	11	8	8	9	9	9	9	9	9	9	9	9	9	9	9	9	9	9	9	9	9	9	10	10	10	10	10	10	10	10	10	10	36	39	38	39	38	37	36	37	30	34	6	7	6	6	6	6	7	7	5	5	5	5	5	5	5	5	5	5	5	5	5	5	5	5	5	5	5	5	9	9	9	9	9	10	9	9	9	9	2	3	3	2	3	2	2	2	3	10	10	12	12	10	10	12	12	10	9	11	11	11	11	11	11	5	0	0	0	0	0	0	0	0	0	0	0	0	3	0	5	3	5	1	1	3	3	3	3	9	8	8	8	8	9	8	8	8	9	9	9	9	9	8	9	9
STI_LP_039_Du-57	23	25	26	26	22	24	24	28	27	28	28	20	20	23	20	21	20	8	9	8	8	9	9	8	9	8	8	15	13	13	14	13	14	13	13	14	8	11	9	11	11	11	11	11	11	11	11	11	11	11	10	11	9	9	8	9	8	8	8	30	28	29	28	4	5	5	5	5	42	7	6	7	7	43	35	41	42	43	5	5	5	5	32	34	33	32	43	44	43	6	6	6	4	6	6	12	11	11	13	11	8	8	8	8	8	8	8	4	9	7	7	3	7	44	11	5	5	0	13	14	7	7	7	7	7	10	7	7	8	8	8	8	8	8	8	8	8	8	8	8	8	8	8	8	8	8	8	9	9	9	9	9	9	9	9	9	9	35	38	37	38	37	36	35	36	29	33	5	6	5	5	5	5	6	6	4	4	4	4	4	4	4	4	4	4	4	4	4	4	4	4	4	4	4	4	8	8	8	8	8	9	8	8	8	8	2	3	3	2	3	2	2	2	3	9	9	11	11	9	9	11	11	9	8	11	11	11	11	11	11	5	0	0	0	0	0	0	0	0	0	0	0	0	3	0	5	3	5	1	1	3	3	3	3	8	7	7	7	7	8	7	7	7	8	8	8	8	8	7	8	8
STI_LP_040_Du-58	19	20	21	21	18	20	19	26	25	25	25	17	17	20	17	17	17	8	9	8	8	9	9	8	9	8	8	12	10	10	10	10	10	10	10	10	7	11	9	11	11	11	11	11	11	11	11	11	11	11	10	11	9	9	8	9	9	9	9	26	24	26	26	5	6	6	6	6	38	7	6	7	7	35	31	35	35	35	6	6	6	6	29	31	30	29	35	35	35	7	6	6	5	6	6	11	11	11	12	11	9	9	9	9	9	9	9	4	9	7	7	4	7	35	11	6	6	3	11	12	7	7	7	7	7	10	7	7	8	8	8	8	8	8	8	8	8	8	8	8	8	8	8	8	8	8	8	9	9	9	9	9	9	9	9	9	9	31	34	33	34	33	32	31	32	25	29	6	7	6	6	6	6	7	7	4	4	4	4	4	4	4	4	4	4	4	4	4	4	4	4	4	4	4	4	8	8	8	8	8	9	8	8	8	8	3	3	3	3	3	3	3	3	3	10	10	12	12	10	10	12	12	10	8	11	11	11	11	11	11	0	3	3	3	3	3	3	3	3	3	3	3	3	0	3	0	4	1	2	2	1	4	4	4	8	7	7	7	7	8	7	7	7	8	8	7	7	8	7	8	8
STI_LP_041_Du-60	24	26	27	27	23	25	25	29	28	29	29	21	21	24	21	22	21	9	10	9	9	10	10	9	10	9	9	16	14	14	15	14	15	14	14	15	9	12	10	12	12	12	12	12	12	12	12	12	12	12	11	12	10	10	9	10	9	9	9	31	29	30	29	5	6	6	6	6	43	8	7	8	8	44	36	42	43	44	6	6	6	6	33	35	34	33	44	45	44	7	7	7	5	7	7	12	11	11	13	11	9	9	9	9	9	9	9	5	10	8	8	3	8	45	12	6	6	0	13	14	8	8	8	8	8	11	8	8	9	9	9	9	9	9	9	9	9	9	9	9	9	9	9	9	9	9	9	10	10	10	10	10	10	10	10	10	10	36	39	38	39	38	37	36	37	30	34	6	7	6	6	6	6	7	7	5	5	5	5	5	5	5	5	5	5	5	5	5	5	5	5	5	5	5	5	9	9	9	9	9	10	9	9	9	9	2	3	3	2	3	2	2	2	3	10	10	12	12	10	10	12	12	10	9	11	11	11	11	11	11	5	0	0	0	0	0	0	0	0	0	0	0	0	3	0	5	3	5	1	1	3	3	3	3	9	8	8	8	8	9	8	8	8	9	9	9	9	9	8	9	9
STI_LP_042_Du-61	24	27	28	28	24	26	26	32	31	32	32	22	22	25	22	23	22	12	13	12	12	13	13	12	13	12	12	19	17	17	18	17	18	17	17	18	10	15	13	15	15	15	15	15	15	15	15	15	15	15	14	15	13	13	12	13	12	12	12	34	32	33	32	8	9	9	9	9	43	11	10	11	11	43	36	41	42	43	9	9	9	9	36	38	37	36	43	44	43	10	10	10	8	10	10	15	14	14	16	14	12	12	12	12	12	12	12	8	13	11	11	6	11	44	15	9	9	5	16	17	11	11	11	11	11	14	11	11	12	12	12	12	12	12	12	12	12	12	12	12	12	12	12	12	12	12	12	13	13	13	13	13	13	13	13	13	13	39	42	41	42	41	40	39	40	32	37	9	10	9	9	9	9	10	10	8	8	8	8	8	8	8	8	8	8	8	8	8	8	8	8	8	8	8	8	12	12	12	12	12	13	12	12	12	12	5	6	6	5	6	5	5	5	6	13	13	15	15	13	13	15	15	13	9	14	14	14	14	14	14	0	5	5	5	5	5	5	5	5	5	5	5	5	0	5	0	5	2	4	4	2	6	6	6	12	11	11	11	11	12	11	11	11	12	12	12	12	12	11	12	12
TIL_LP_123_Du-263	25	27	28	28	24	26	25	25	24	25	25	21	21	25	21	22	21	10	11	10	10	11	11	10	11	10	10	17	15	15	16	15	16	15	15	16	10	13	11	13	13	13	13	13	13	13	13	13	13	13	12	13	11	11	10	11	10	10	10	26	26	26	24	6	7	7	7	7	40	9	8	9	9	40	32	39	39	40	7	7	7	7	30	32	32	32	40	41	40	8	8	8	6	8	8	13	12	12	14	12	10	10	10	10	10	10	10	6	11	9	9	2	9	41	13	7	7	3	14	15	9	9	9	9	9	12	9	9	10	10	10	10	10	10	10	10	10	10	10	10	10	10	10	10	10	10	10	11	11	11	11	11	11	11	11	11	11	33	36	35	36	35	33	33	35	28	32	7	8	7	7	7	7	8	8	6	6	6	6	6	6	6	6	6	6	6	6	6	6	6	6	6	6	6	6	10	10	10	10	10	11	10	10	10	10	3	4	4	3	4	3	3	3	4	11	11	13	13	11	11	13	13	11	10	12	12	12	12	12	12	5	3	3	3	3	3	3	3	3	3	3	3	3	4	3	5	0	4	2	2	3	2	2	2	10	9	9	9	9	10	9	9	9	10	10	10	10	10	9	10	10
TIL_LP_124_Du-264	26	29	30	30	26	28	28	32	31	32	32	24	24	27	24	25	24	12	13	12	12	13	13	12	13	12	12	19	17	17	18	17	18	17	17	18	11	15	13	15	15	15	15	15	15	15	15	15	15	15	14	15	13	13	12	13	12	12	12	34	32	33	32	8	9	9	9	9	45	11	10	11	11	45	37	43	44	45	9	9	9	9	36	38	37	36	45	46	45	10	10	10	8	10	10	15	14	14	16	14	12	12	12	12	12	12	12	8	13	11	11	6	11	46	15	9	9	5	16	17	11	11	11	11	11	14	11	11	12	12	12	12	12	12	12	12	12	12	12	12	12	12	12	12	12	12	12	13	13	13	13	13	13	13	13	13	13	39	42	41	42	41	40	39	40	32	37	9	10	9	9	9	9	10	10	8	8	8	8	8	8	8	8	8	8	8	8	8	8	8	8	8	8	8	8	12	12	12	12	12	13	12	12	12	12	5	6	6	5	6	5	5	5	6	13	13	15	15	13	13	15	15	13	10	14	14	14	14	14	14	2	5	5	5	5	5	5	5	5	5	5	5	5	1	5	2	4	0	4	4	2	6	6	6	12	11	11	11	11	12	11	11	11	12	12	12	12	12	11	12	12
TIL_LP_125_Du-265	21	23	24	24	21	22	22	27	27	28	28	20	20	21	20	21	20	8	9	8	8	9	9	8	9	8	8	14	12	12	12	12	12	12	12	12	8	10	9	10	10	10	10	10	10	10	10	10	10	10	9	10	9	9	8	9	8	8	8	29	27	29	28	4	5	5	5	5	41	7	6	7	7	37	33	35	36	36	5	5	5	5	30	32	31	30	37	37	37	6	6	6	4	6	6	10	10	10	11	10	8	8	8	8	8	8	8	3	9	7	7	2	7	37	10	5	5	1	11	12	7	7	7	7	7	9	7	7	8	8	8	8	8	8	8	8	8	8	8	8	8	8	8	8	8	8	8	9	9	9	9	9	9	9	9	9	9	33	35	34	35	34	34	33	33	28	31	5	6	5	5	5	5	6	6	3	3	3	3	3	3	3	3	3	3	3	3	3	3	3	3	3	3	3	3	8	8	8	8	8	9	8	8	8	8	0	1	1	0	1	0	0	0	1	9	9	11	11	9	9	11	11	9	8	10	10	10	10	10	10	4	1	1	1	1	1	1	1	1	1	1	1	1	2	1	4	2	4	0	0	2	2	2	2	8	7	7	7	7	8	7	7	7	8	8	8	8	8	7	8	8
TIL_LP_126_Du-266	23	25	26	26	22	24	24	27	26	27	27	20	20	23	20	21	20	8	9	8	8	9	9	8	9	8	8	15	13	13	14	13	14	13	13	14	8	11	9	11	11	11	11	11	11	11	11	11	11	11	10	11	9	9	8	9	7	7	7	29	27	28	27	4	4	4	4	4	41	6	6	6	6	42	34	40	41	42	4	4	4	4	31	33	32	31	42	43	42	5	5	5	4	5	5	11	10	10	12	10	8	8	8	8	8	8	8	4	9	7	7	2	7	43	11	4	4	1	12	13	7	7	7	7	7	10	7	7	8	8	8	8	8	8	8	8	8	8	8	8	8	8	8	8	8	8	8	9	9	9	9	9	9	9	9	9	9	34	37	36	37	36	35	34	35	28	33	5	6	5	5	5	5	6	6	4	4	4	4	4	4	4	4	4	4	4	4	4	4	4	4	4	4	4	4	8	8	8	8	8	9	8	8	8	8	1	2	2	1	2	1	1	1	2	9	9	11	11	9	9	11	11	9	8	10	10	10	10	10	10	4	1	1	1	1	1	1	1	1	1	1	1	1	2	1	4	2	4	0	0	2	2	2	2	8	7	7	7	7	8	7	7	7	8	8	8	8	8	7	8	8
TIL_LP_128_Du-268	24	27	28	28	24	26	26	30	29	30	30	22	22	25	22	23	22	10	11	10	10	11	11	10	11	10	10	17	15	15	16	15	16	15	15	16	9	13	11	13	13	13	13	13	13	13	13	13	13	13	12	13	11	11	10	11	10	10	10	32	30	31	30	6	7	7	7	7	43	9	8	9	9	43	35	41	42	43	7	7	7	7	34	36	35	34	43	44	43	8	8	8	6	8	8	13	12	12	14	12	10	10	10	10	10	10	10	6	11	9	9	4	9	44	13	7	7	3	14	15	9	9	9	9	9	12	9	9	10	10	10	10	10	10	10	10	10	10	10	10	10	10	10	10	10	10	10	11	11	11	11	11	11	11	11	11	11	37	40	39	40	39	38	37	38	30	35	7	8	7	7	7	7	8	8	6	6	6	6	6	6	6	6	6	6	6	6	6	6	6	6	6	6	6	6	10	10	10	10	10	11	10	10	10	10	3	4	4	3	4	3	3	3	4	11	11	13	13	11	11	13	13	11	8	12	12	12	12	12	12	2	3	3	3	3	3	3	3	3	3	3	3	3	1	3	2	3	2	2	2	0	4	4	4	10	9	9	9	9	10	9	9	9	10	10	10	10	10	9	10	10
TIL_LP_129_Du-269	25	27	28	28	24	26	26	30	29	30	30	22	22	25	22	23	22	10	11	10	10	11	11	10	11	10	10	17	15	15	16	15	16	15	15	16	10	13	11	13	13	13	13	13	13	13	13	13	13	13	12	13	11	11	10	11	10	10	10	32	30	31	30	6	7	7	7	7	44	9	8	9	9	45	37	43	44	45	7	7	7	7	34	36	35	34	45	46	45	8	8	8	6	8	8	13	12	12	14	12	10	10	10	10	10	10	10	6	11	9	9	0	9	46	13	7	7	3	14	15	9	9	9	9	9	12	9	9	10	10	10	10	10	10	10	10	10	10	10	10	10	10	10	10	10	10	10	11	11	11	11	11	11	11	11	11	11	37	40	39	40	39	38	37	38	31	35	7	8	7	7	6	7	8	8	6	6	6	6	6	6	6	6	6	6	6	6	6	6	6	6	6	6	6	6	10	10	10	10	10	11	10	10	10	10	3	4	4	3	4	3	3	3	4	11	11	13	13	11	11	13	13	11	10	12	12	12	12	12	12	6	3	3	3	3	3	3	3	3	3	3	3	3	4	3	6	2	6	2	2	4	0	0	0	10	9	9	9	9	10	9	9	9	10	10	10	10	10	9	10	10
TIL_LP_130_Du-271	25	27	28	28	24	26	26	30	29	30	30	22	22	25	22	23	22	10	11	10	10	11	11	10	11	10	10	17	15	15	16	15	16	15	15	16	10	13	11	13	13	13	13	13	13	13	13	13	13	13	12	13	11	11	10	11	10	10	10	32	30	31	30	6	7	7	7	7	44	9	8	9	9	45	37	43	44	45	7	7	7	7	34	36	35	34	45	46	45	8	8	8	6	8	8	13	12	12	14	12	10	10	10	10	10	10	10	6	11	9	9	0	9	46	13	7	7	3	14	15	9	9	9	9	9	12	9	9	10	10	10	10	10	10	10	10	10	10	10	10	10	10	10	10	10	10	10	11	11	11	11	11	11	11	11	11	11	37	40	39	40	39	38	37	38	31	35	7	8	7	7	6	7	8	8	6	6	6	6	6	6	6	6	6	6	6	6	6	6	6	6	6	6	6	6	10	10	10	10	10	11	10	10	10	10	3	4	4	3	4	3	3	3	4	11	11	13	13	11	11	13	13	11	10	12	12	12	12	12	12	6	3	3	3	3	3	3	3	3	3	3	3	3	4	3	6	2	6	2	2	4	0	0	0	10	9	9	9	9	10	9	9	9	10	10	10	10	10	9	10	10
TIL_LP_131_Du-272	25	27	28	28	24	26	26	30	29	30	30	22	22	25	22	23	22	10	11	10	10	11	11	10	11	10	10	17	15	15	16	15	16	15	15	16	10	13	11	13	13	13	13	13	13	13	13	13	13	13	12	13	11	11	10	11	10	10	10	32	30	31	30	6	7	7	7	7	44	9	8	9	9	45	37	43	44	45	7	7	7	7	34	36	35	34	45	46	45	8	8	8	6	8	8	13	12	12	14	12	10	10	10	10	10	10	10	6	11	9	9	0	9	46	13	7	7	3	14	15	9	9	9	9	9	12	9	9	10	10	10	10	10	10	10	10	10	10	10	10	10	10	10	10	10	10	10	11	11	11	11	11	11	11	11	11	11	37	40	39	40	39	38	37	38	31	35	7	8	7	7	6	7	8	8	6	6	6	6	6	6	6	6	6	6	6	6	6	6	6	6	6	6	6	6	10	10	10	10	10	11	10	10	10	10	3	4	4	3	4	3	3	3	4	11	11	13	13	11	11	13	13	11	10	12	12	12	12	12	12	6	3	3	3	3	3	3	3	3	3	3	3	3	4	3	6	2	6	2	2	4	0	0	0	10	9	9	9	9	10	9	9	9	10	10	10	10	10	9	10	10
TULP_LP_115_Du-242	23	25	26	26	22	24	24	28	27	28	28	20	20	23	20	21	20	6	7	6	6	7	7	6	7	6	6	9	7	7	8	7	8	7	7	8	2	5	3	5	5	5	5	5	5	5	5	5	5	5	4	5	1	1	2	1	8	8	8	30	28	29	28	4	5	5	5	5	42	7	6	7	7	43	35	41	42	43	5	5	5	5	32	34	33	32	43	44	43	6	6	6	3	6	6	7	6	6	8	6	6	6	6	6	6	6	6	10	7	1	1	10	1	44	5	5	5	9	8	9	1	1	1	1	1	4	1	1	2	2	2	2	2	2	2	2	2	2	2	2	2	2	2	2	2	2	2	3	3	3	3	3	3	3	3	3	3	35	38	37	38	37	36	35	36	29	33	5	6	5	5	5	5	6	6	10	10	10	10	10	10	10	10	10	10	10	10	10	10	10	10	10	10	10	10	2	2	2	2	2	3	2	2	2	2	9	10	10	8	10	9	9	9	10	7	7	9	9	7	7	9	9	7	6	6	6	6	6	6	6	11	9	7	9	9	9	9	8	9	9	9	9	8	8	9	12	10	12	8	8	10	10	10	10	0	1	1	1	1	0	1	1	1	0	0	2	2	0	1	0	0
TULP_LP_116_Du-243	22	24	25	25	21	23	23	27	26	27	27	19	19	22	19	20	19	5	6	5	5	6	6	5	6	5	5	8	6	6	7	6	7	6	6	7	1	4	2	4	4	4	4	4	4	4	4	4	4	4	3	4	2	2	1	2	7	7	7	29	27	28	27	3	4	4	4	4	41	6	5	6	6	42	34	40	41	42	4	4	4	4	31	33	32	31	42	43	42	5	5	5	2	5	5	6	5	5	7	5	5	5	5	5	5	5	5	9	6	0	0	9	0	43	4	4	4	8	7	8	0	0	0	0	0	3	0	0	1	1	1	1	1	1	1	1	1	1	1	1	1	1	1	1	1	1	1	2	2	2	2	2	2	2	2	2	2	34	37	36	37	36	35	34	35	28	32	4	5	4	4	4	4	5	5	9	9	9	9	9	9	9	9	9	9	9	9	9	9	9	9	9	9	9	9	1	1	1	1	1	2	1	1	1	1	8	9	9	7	9	8	8	8	9	6	6	8	8	6	6	8	8	6	5	5	5	5	5	5	5	10	8	6	8	8	8	8	7	8	8	8	8	7	7	8	11	9	11	7	7	9	9	9	9	1	0	0	0	0	1	0	0	0	1	1	1	1	1	0	1	1
TULP_LP_117_Du-244	22	24	25	25	21	23	23	27	26	27	27	19	19	22	19	20	19	5	6	5	5	6	6	5	6	5	5	8	6	6	7	6	7	6	6	7	1	4	2	4	4	4	4	4	4	4	4	4	4	4	3	4	2	2	1	2	7	7	7	29	27	28	27	3	4	4	4	4	41	6	5	6	6	42	34	40	41	42	4	4	4	4	31	33	32	31	42	43	42	5	5	5	2	5	5	6	5	5	7	5	5	5	5	5	5	5	5	9	6	0	0	9	0	43	4	4	4	8	7	8	0	0	0	0	0	3	0	0	1	1	1	1	1	1	1	1	1	1	1	1	1	1	1	1	1	1	1	2	2	2	2	2	2	2	2	2	2	34	37	36	37	36	35	34	35	28	32	4	5	4	4	4	4	5	5	9	9	9	9	9	9	9	9	9	9	9	9	9	9	9	9	9	9	9	9	1	1	1	1	1	2	1	1	1	1	8	9	9	7	9	8	8	8	9	6	6	8	8	6	6	8	8	6	5	5	5	5	5	5	5	10	8	6	8	8	8	8	7	8	8	8	8	7	7	8	11	9	11	7	7	9	9	9	9	1	0	0	0	0	1	0	0	0	1	1	1	1	1	0	1	1
TULP_LP_118_Du-245	22	24	25	25	21	23	23	27	26	27	27	19	19	22	19	20	19	5	6	5	5	6	6	5	6	5	5	8	6	6	7	6	7	6	6	7	1	4	2	4	4	4	4	4	4	4	4	4	4	4	3	4	2	2	1	2	7	7	7	29	27	28	27	3	4	4	4	4	41	6	5	6	6	42	34	40	41	42	4	4	4	4	31	33	32	31	42	43	42	5	5	5	2	5	5	6	5	5	7	5	5	5	5	5	5	5	5	9	6	0	0	9	0	43	4	4	4	8	7	8	0	0	0	0	0	3	0	0	1	1	1	1	1	1	1	1	1	1	1	1	1	1	1	1	1	1	1	2	2	2	2	2	2	2	2	2	2	34	37	36	37	36	35	34	35	28	32	4	5	4	4	4	4	5	5	9	9	9	9	9	9	9	9	9	9	9	9	9	9	9	9	9	9	9	9	1	1	1	1	1	2	1	1	1	1	8	9	9	7	9	8	8	8	9	6	6	8	8	6	6	8	8	6	5	5	5	5	5	5	5	10	8	6	8	8	8	8	7	8	8	8	8	7	7	8	11	9	11	7	7	9	9	9	9	1	0	0	0	0	1	0	0	0	1	1	1	1	1	0	1	1
TULP_LP_119_Du-246	22	24	25	25	21	23	23	27	26	27	27	19	19	22	19	20	19	5	6	5	5	6	6	5	6	5	5	8	6	6	7	6	7	6	6	7	1	4	2	4	4	4	4	4	4	4	4	4	4	4	3	4	2	2	1	2	7	7	7	29	27	28	27	3	4	4	4	4	41	6	5	6	6	42	34	40	41	42	4	4	4	4	31	33	32	31	42	43	42	5	5	5	2	5	5	6	5	5	7	5	5	5	5	5	5	5	5	9	6	0	0	9	0	43	4	4	4	8	7	8	0	0	0	0	0	3	0	0	1	1	1	1	1	1	1	1	1	1	1	1	1	1	1	1	1	1	1	2	2	2	2	2	2	2	2	2	2	34	37	36	37	36	35	34	35	28	32	4	5	4	4	4	4	5	5	9	9	9	9	9	9	9	9	9	9	9	9	9	9	9	9	9	9	9	9	1	1	1	1	1	2	1	1	1	1	8	9	9	7	9	8	8	8	9	6	6	8	8	6	6	8	8	6	5	5	5	5	5	5	5	10	8	6	8	8	8	8	7	8	8	8	8	7	7	8	11	9	11	7	7	9	9	9	9	1	0	0	0	0	1	0	0	0	1	1	1	1	1	0	1	1
TULP_LP_120_Du-248	23	25	26	26	22	24	24	28	27	28	28	20	20	23	20	21	20	6	7	6	6	7	7	6	7	6	6	9	7	7	8	7	8	7	7	8	2	5	3	5	5	5	5	5	5	5	5	5	5	5	4	5	1	1	2	1	8	8	8	30	28	29	28	4	5	5	5	5	42	7	6	7	7	43	35	41	42	43	5	5	5	5	32	34	33	32	43	44	43	6	6	6	3	6	6	7	6	6	8	6	6	6	6	6	6	6	6	10	7	1	1	10	1	44	5	5	5	9	8	9	1	1	1	1	1	4	1	1	2	2	2	2	2	2	2	2	2	2	2	2	2	2	2	2	2	2	2	3	3	3	3	3	3	3	3	3	3	35	38	37	38	37	36	35	36	29	33	5	6	5	5	5	5	6	6	10	10	10	10	10	10	10	10	10	10	10	10	10	10	10	10	10	10	10	10	2	2	2	2	2	3	2	2	2	2	9	10	10	8	10	9	9	9	10	7	7	9	9	7	7	9	9	7	6	6	6	6	6	6	6	11	9	7	9	9	9	9	8	9	9	9	9	8	8	9	12	10	12	8	8	10	10	10	10	0	1	1	1	1	0	1	1	1	0	0	2	2	0	1	0	0
TULP_LP_121_Du-249	22	24	25	25	21	23	23	27	26	27	27	19	19	22	19	20	19	5	6	5	5	6	6	5	6	5	5	8	6	6	7	6	7	6	6	7	1	4	2	4	4	4	4	4	4	4	4	4	4	4	3	4	2	2	1	2	7	7	7	29	27	28	27	3	4	4	4	4	41	6	5	6	6	42	34	40	41	42	4	4	4	4	31	33	32	31	42	43	42	5	5	5	2	5	5	6	5	5	7	5	5	5	5	5	5	5	5	9	6	0	0	9	0	43	4	4	4	8	7	8	0	0	0	0	0	3	0	0	1	1	1	1	1	1	1	1	1	1	1	1	1	1	1	1	1	1	1	2	2	2	2	2	2	2	2	2	2	34	37	36	37	36	35	34	35	28	32	4	5	4	4	4	4	5	5	9	9	9	9	9	9	9	9	9	9	9	9	9	9	9	9	9	9	9	9	1	1	1	1	1	2	1	1	1	1	8	9	9	7	9	8	8	8	9	6	6	8	8	6	6	8	8	6	5	5	5	5	5	5	5	10	8	6	8	8	8	8	7	8	8	8	8	7	7	8	11	9	11	7	7	9	9	9	9	1	0	0	0	0	1	0	0	0	1	1	1	1	1	0	1	1
TULP_LP_122_Du-250	22	24	25	25	21	23	23	27	26	27	27	19	19	22	19	20	19	5	6	5	5	6	6	5	6	5	5	8	6	6	7	6	7	6	6	7	1	4	2	4	4	4	4	4	4	4	4	4	4	4	3	4	2	2	1	2	7	7	7	29	27	28	27	3	4	4	4	4	41	6	5	6	6	42	34	40	41	42	4	4	4	4	31	33	32	31	42	43	42	5	5	5	2	5	5	6	5	5	7	5	5	5	5	5	5	5	5	9	6	0	0	9	0	43	4	4	4	8	7	8	0	0	0	0	0	3	0	0	1	1	1	1	1	1	1	1	1	1	1	1	1	1	1	1	1	1	1	2	2	2	2	2	2	2	2	2	2	34	37	36	37	36	35	34	35	28	32	4	5	4	4	4	4	5	5	9	9	9	9	9	9	9	9	9	9	9	9	9	9	9	9	9	9	9	9	1	1	1	1	1	2	1	1	1	1	8	9	9	7	9	8	8	8	9	6	6	8	8	6	6	8	8	6	5	5	5	5	5	5	5	10	8	6	8	8	8	8	7	8	8	8	8	7	7	8	11	9	11	7	7	9	9	9	9	1	0	0	0	0	1	0	0	0	1	1	1	1	1	0	1	1
TULP_LP_140_Du-302	22	24	25	25	21	23	23	27	26	27	27	19	19	22	19	20	19	5	6	5	5	6	6	5	6	5	5	8	6	6	7	6	7	6	6	7	1	4	2	4	4	4	4	4	4	4	4	4	4	4	3	4	2	2	1	2	7	7	7	29	27	28	27	3	4	4	4	4	41	6	5	6	6	42	34	40	41	42	4	4	4	4	31	33	32	31	42	43	42	5	5	5	2	5	5	6	5	5	7	5	5	5	5	5	5	5	5	9	6	0	0	9	0	43	4	4	4	8	7	8	0	0	0	0	0	3	0	0	1	1	1	1	1	1	1	1	1	1	1	1	1	1	1	1	1	1	1	2	2	2	2	2	2	2	2	2	2	34	37	36	37	36	35	34	35	28	32	4	5	4	4	4	4	5	5	9	9	9	9	9	9	9	9	9	9	9	9	9	9	9	9	9	9	9	9	1	1	1	1	1	2	1	1	1	1	8	9	9	7	9	8	8	8	9	6	6	8	8	6	6	8	8	6	5	5	5	5	5	5	5	10	8	6	8	8	8	8	7	8	8	8	8	7	7	8	11	9	11	7	7	9	9	9	9	1	0	0	0	0	1	0	0	0	1	1	1	1	1	0	1	1
TULP_LP_141_Du-303	23	25	26	26	22	24	24	28	27	28	28	20	20	23	20	21	20	6	7	6	6	7	7	6	7	6	6	9	7	7	8	7	8	7	7	8	2	5	3	5	5	5	5	5	5	5	5	5	5	5	4	5	1	1	2	1	8	8	8	30	28	29	28	4	5	5	5	5	42	7	6	7	7	43	35	41	42	43	5	5	5	5	32	34	33	32	43	44	43	6	6	6	3	6	6	7	6	6	8	6	6	6	6	6	6	6	6	10	7	1	1	10	1	44	5	5	5	9	8	9	1	1	1	1	1	4	1	1	2	2	2	2	2	2	2	2	2	2	2	2	2	2	2	2	2	2	2	3	3	3	3	3	3	3	3	3	3	35	38	37	38	37	36	35	36	29	33	5	6	5	5	5	5	6	6	10	10	10	10	10	10	10	10	10	10	10	10	10	10	10	10	10	10	10	10	2	2	2	2	2	3	2	2	2	2	9	10	10	8	10	9	9	9	10	7	7	9	9	7	7	9	9	7	6	6	6	6	6	6	6	11	9	7	9	9	9	9	8	9	9	9	9	8	8	9	12	10	12	8	8	10	10	10	10	0	1	1	1	1	0	1	1	1	0	0	2	2	0	1	0	0
TULP_LP_142_Du-304	23	25	26	26	22	24	24	28	27	28	28	20	20	23	20	21	20	6	7	6	6	7	7	6	7	6	6	9	7	7	8	7	8	7	7	8	2	5	3	5	5	5	5	5	5	5	5	5	5	5	4	5	1	1	2	1	8	8	8	30	28	29	28	4	5	5	5	5	42	7	6	7	7	43	35	41	42	43	5	5	5	5	32	34	33	32	43	44	43	6	6	6	3	6	6	7	6	6	8	6	6	6	6	6	6	6	6	10	7	1	1	10	1	44	5	5	5	9	8	9	1	1	1	1	1	4	1	1	2	2	2	2	2	2	2	2	2	2	2	2	2	2	2	2	2	2	2	3	3	3	3	3	3	3	3	3	3	35	38	37	38	37	36	35	36	29	33	5	6	5	5	5	5	6	6	10	10	10	10	10	10	10	10	10	10	10	10	10	10	10	10	10	10	10	10	2	2	2	2	2	3	2	2	2	2	9	10	10	8	10	9	9	9	10	7	7	9	9	7	7	9	9	7	6	6	6	6	6	6	6	11	9	7	9	9	9	9	8	9	9	9	9	8	8	9	12	10	12	8	8	10	10	10	10	0	1	1	1	1	0	1	1	1	0	0	2	2	0	1	0	0
TULP_LP_143_Du-305	23	25	26	26	22	24	24	28	27	28	28	20	20	23	20	21	20	4	5	4	4	5	5	4	5	4	4	7	5	5	6	5	6	5	5	6	2	5	3	5	5	5	5	5	5	5	5	5	5	5	4	5	3	3	2	3	8	8	8	30	28	29	28	4	5	5	5	5	42	7	6	7	7	43	35	41	42	43	5	5	5	5	32	34	33	32	43	44	43	6	6	6	3	6	6	7	6	6	8	6	6	6	6	6	6	6	6	10	5	1	1	10	1	44	5	5	5	9	8	9	1	1	1	1	1	4	1	1	2	2	2	2	2	2	2	2	2	2	2	2	2	2	2	2	2	2	2	3	3	3	3	3	3	3	3	3	3	33	36	35	36	35	34	33	34	27	31	5	6	5	5	5	5	6	6	10	10	10	10	10	10	10	10	10	10	10	10	10	10	10	10	10	10	10	10	2	2	2	2	2	3	2	2	2	2	9	8	8	8	8	9	9	9	10	7	7	9	9	7	7	9	9	7	6	6	6	6	6	6	6	11	9	7	9	9	9	9	8	9	9	9	9	8	7	9	12	10	12	8	8	10	10	10	10	2	1	1	1	1	2	1	1	1	2	2	0	0	2	1	2	2
TULP_LP_144_Du-306	23	25	26	26	22	24	24	28	27	28	28	20	20	23	20	21	20	4	5	4	4	5	5	4	5	4	4	7	5	5	6	5	6	5	5	6	2	5	3	5	5	5	5	5	5	5	5	5	5	5	4	5	3	3	2	3	8	8	8	30	28	29	28	4	5	5	5	5	42	7	6	7	7	42	34	40	41	42	5	5	5	5	32	34	33	32	42	43	42	6	6	6	3	6	6	7	6	6	8	6	6	6	6	6	6	6	6	10	5	1	1	10	1	43	5	5	5	9	8	9	1	1	1	1	1	4	1	1	2	2	2	2	2	2	2	2	2	2	2	2	2	2	2	2	2	2	2	3	3	3	3	3	3	3	3	3	3	33	36	35	36	35	34	33	34	27	31	5	6	5	5	5	5	6	6	10	10	10	10	10	10	10	10	10	10	10	10	10	10	10	10	10	10	10	10	2	2	2	2	2	3	2	2	2	2	9	8	8	8	8	9	9	9	10	7	7	9	9	7	7	9	9	7	6	6	6	6	6	6	6	11	9	7	9	9	9	9	8	9	9	9	9	8	7	9	12	10	12	8	8	10	10	10	10	2	1	1	1	1	2	1	1	1	2	2	0	0	2	1	2	2
TULP_LP_145_Du-307	23	25	26	26	22	24	24	28	27	28	28	20	20	23	20	21	20	6	7	6	6	7	7	6	7	6	6	9	7	7	8	7	8	7	7	8	2	5	3	5	5	5	5	5	5	5	5	5	5	5	4	5	1	1	2	1	8	8	8	30	28	29	28	4	5	5	5	5	42	7	6	7	7	43	35	41	42	43	5	5	5	5	32	34	33	32	43	44	43	6	6	6	3	6	6	7	6	6	8	6	6	6	6	6	6	6	6	10	7	1	1	10	1	44	5	5	5	9	8	9	1	1	1	1	1	4	1	1	2	2	2	2	2	2	2	2	2	2	2	2	2	2	2	2	2	2	2	3	3	3	3	3	3	3	3	3	3	35	38	37	38	37	36	35	36	29	33	5	6	5	5	5	5	6	6	10	10	10	10	10	10	10	10	10	10	10	10	10	10	10	10	10	10	10	10	2	2	2	2	2	3	2	2	2	2	9	10	10	8	10	9	9	9	10	7	7	9	9	7	7	9	9	7	6	6	6	6	6	6	6	11	9	7	9	9	9	9	8	9	9	9	9	8	8	9	12	10	12	8	8	10	10	10	10	0	1	1	1	1	0	1	1	1	0	0	2	2	0	1	0	0
TULP_LP_146_Du-308	22	24	25	25	21	23	23	27	26	27	27	19	19	22	19	20	19	5	6	5	5	6	6	5	6	5	5	8	6	6	7	6	7	6	6	7	1	4	2	4	4	4	4	4	4	4	4	4	4	4	3	4	2	2	1	2	7	7	7	29	27	28	27	3	4	4	4	4	41	6	5	6	6	42	34	40	41	42	4	4	4	4	31	33	32	31	42	43	42	5	5	5	2	5	5	6	5	5	7	5	5	5	5	5	5	5	5	9	6	0	0	9	0	43	4	4	4	8	7	8	0	0	0	0	0	3	0	0	1	1	1	1	1	1	1	1	1	1	1	1	1	1	1	1	1	1	1	2	2	2	2	2	2	2	2	2	2	34	37	36	37	36	35	34	35	28	32	4	5	4	4	4	4	5	5	9	9	9	9	9	9	9	9	9	9	9	9	9	9	9	9	9	9	9	9	1	1	1	1	1	2	1	1	1	1	8	9	9	7	9	8	8	8	9	6	6	8	8	6	6	8	8	6	5	5	5	5	5	5	5	10	8	6	8	8	8	8	7	8	8	8	8	7	7	8	11	9	11	7	7	9	9	9	9	1	0	0	0	0	1	0	0	0	1	1	1	1	1	0	1	1
TULP_LP_147_Du-309	23	25	26	26	22	24	24	28	27	28	28	20	20	23	20	21	20	6	7	6	6	7	7	6	7	6	6	9	7	7	8	7	8	7	7	8	2	5	3	5	5	5	5	5	5	5	5	5	5	5	4	5	1	1	2	1	8	8	8	30	28	29	28	4	5	5	5	5	42	7	6	7	7	43	35	41	42	43	5	5	5	5	32	34	33	32	43	44	43	6	6	6	3	6	6	7	6	6	8	6	6	6	6	6	6	6	6	10	7	1	1	10	1	44	5	5	5	9	8	9	1	1	1	1	1	4	1	1	2	2	2	2	2	2	2	2	2	2	2	2	2	2	2	2	2	2	2	3	3	3	3	3	3	3	3	3	3	35	38	37	38	37	36	35	36	29	33	5	6	5	5	5	5	6	6	10	10	10	10	10	10	10	10	10	10	10	10	10	10	10	10	10	10	10	10	2	2	2	2	2	3	2	2	2	2	9	10	10	8	10	9	9	9	10	7	7	9	9	7	7	9	9	7	6	6	6	6	6	6	6	11	9	7	9	9	9	9	8	9	9	9	9	8	8	9	12	10	12	8	8	10	10	10	10	0	1	1	1	1	0	1	1	1	0	0	2	2	0	1	0	0
TULP_LP_148_Du-310	23	25	26	26	22	24	24	28	27	28	28	20	20	23	20	21	20	6	7	6	6	7	7	6	7	6	6	9	7	7	8	7	8	7	7	8	2	5	3	5	5	5	5	5	5	5	5	5	5	5	4	5	1	1	2	1	8	8	8	30	28	29	28	4	5	5	5	5	42	7	6	7	7	43	35	41	42	43	5	5	5	5	32	34	33	32	43	44	43	6	6	6	3	6	6	7	6	6	8	6	6	6	6	6	6	6	6	10	7	1	1	10	1	44	5	5	5	9	8	9	1	1	1	1	1	4	1	1	2	2	2	2	2	2	2	2	2	2	2	2	2	2	2	2	2	2	2	3	3	3	3	3	3	3	3	3	3	35	38	37	38	37	36	35	36	29	33	5	6	5	5	5	5	6	6	10	10	10	10	10	10	10	10	10	10	10	10	10	10	10	10	10	10	10	10	2	2	2	2	2	3	2	2	2	2	9	10	10	8	10	9	9	9	10	7	7	9	9	7	7	9	9	7	6	6	6	6	6	6	6	11	9	7	9	9	9	9	8	9	9	9	9	8	8	9	12	10	12	8	8	10	10	10	10	0	1	1	1	1	0	1	1	1	0	0	2	2	0	1	0	0
