sample_id	ABAB_MAD_LP_223_Du-590	ABAB_MAD_LP_322_Du-593	ABAB_MAD_LP_323_Du-594	ABAB_MAD_LP_324_Du-595	ABAB_MAD_LP_325_Du-596	ABAB_MAD_LP_326_Du-597	ABAB_MAD_LP_327_Du-598	ABBE_BERN_LP_311_Du-780	ABBE_BERN_LP_312_Du-781	ABBE_BERN_LP_313_Du-782	ABBE_BERN_LP_314_Du-783	ABMU_HOR_LP_306_Du-775	ABMU_HOR_LP_308_Du-777	ABMU_HOR_LP_358_Du-770	ABMU_HOR_LP_359_Du-771	ABMU_HOR_LP_360_Du-772	ABMU_HOR_LP_361_Du-773	BAI_LP_105_Du-222	BAI_LP_106_Du-223	BAI_LP_108_Du-225	BAI_LP_109_Du-226	BAI_LP_110_Du-227	BAI_LP_111_Du-228	BAI_LP_112_Du-230	BAI_LP_113_Du-231	BAI_LP_114_Du-232	BAI_LP_319_Du-233	COM_LP_269_Du-703	COM_LP_270_Du-704	COM_LP_272_Du-707	COM_LP_274_Du-709	COM_LP_276_Du-711	COM_LP_277_Du-712	COM_LP_341_Du-713	COM_LP_342_Du-714	COM_LP_343_Du-715	CROB_LP_169_Du-381	CROB_LP_170_Du-382	CROB_LP_172_Du-384	CROB_LP_173_Du-385	CROB_LP_174_Du-386	CROB_LP_175_Du-387	CROB_LP_176_Du-388	CROB_LP_177_Du-389	CROB_LP_320_Du-395	CROB_LP_321_Du-396	CROS_LP_085_Du-181	CROS_LP_086_Du-182	CROS_LP_087_Du-183	CROS_LP_088_Du-184	CROS_LP_089_Du-185	CROS_LP_090_Du-186	CROS_LP_091_Du-187	CROS_LP_092_Du-188	CROS_LP_093_Du-189	CROS_LP_094_Du-190	CY_ALA_LP_298-Du-767	CY_ALA_LP_299-Du-768	CY_ALA_LP_357_Du-769	CY_BAL_LP_226_Du-602	CY_BAL_LP_227_Du-603	CY_BGL_LP_210_Du-577	CY_BGL_LP_212_Du-579	CY_BOU_LP_288_Du-737	CY_BOU_LP_290_Du-739	CY_BOU_LP_291_Du-740	CY_BOU_LP_292_Du-741	CY_BOU_LP_354_Du-742	CY_CAS_LP_328_Du-610	CY_CAS_LP_329_Du-611	CY_CAS_LP_330_Du-607	CY_CAS_LP_331_Du-608	CY_CAS_LP_332_Du-609	CY_HICN_LP_236_Du-614	CY_HICN_LP_333_Du-612	CY_HICN_LP_334_Du-613	CY_HICN_LP_335_Du-615	CY_HICN_LP_336_Du-616	CY_HICS_LP_293_Du-757	CY_HICS_LP_297_Du-761	CY_HICS_LP_355_Du-762	CY_HICS_LP_356_Du-763	CY_HUN_LP_264_Du-683	CY_HUN_LP_266_Du-685	CY_HUN_LP_267_Du-686	CY_HUN_LP_268_Du-687	CY_SIE_LP_188_Du-445	CY_SIE_LP_189_Du-446	CY_SIE_LP_190_Du-447	CY_SIE_LP_191_Du-448	CY_WOO_LP_259_Du-664	CY_WOO_LP_260_Du-665	CY_WOO_LP_261_Du-667	CY_WOO_LP_262_Du-668	CY_WOO_LP_263_Du-669	DAN_LP_043_Du-68	DAN_LP_044_Du-69	DAN_LP_045_Du-70	DAN_LP_046_Du-71	DAN_LP_047_Du-72	DOV_LP_078_Du-174	DOV_LP_079_Du-175	DOV_LP_080_Du-176	DOV_LP_081_Du-177	DOV_LP_082_Du-178	DOV_LP_083_Du-179	DOV_LP_084_Du-180	DU-173	DU-229	DU-247	DU-254	DU-270	DU-297	DU-443	DU-4A	DU014LP012	DU037LP013	DU059LP015	DU078LP011	DU079LP010	DUD_LP_132_Du-283	DUD_LP_133_Du-284	DUD_LP_134_Du-285	DUD_LP_135_Du-286	DUD_LP_136_Du-287	DUD_LP_137_Du-288	DUD_LP_138_Du-289	DUD_LP_139_Du-290	KIRN_LP_179_Du-421	KIRN_LP_180_Du-422	KIRN_LP_181_Du-423	KIRN_LP_182_Du-424	KIRN_LP_183_Du-425	KIRN_LP_184_Du-426	KIRN_LP_185_Du-427	KIRN_LP_186_Du-428	KIRN_LP_187_Du-429	KIRT_LP_159_Du-364	KIRT_LP_160_Du-365	KIRT_LP_161_Du-366	KIRT_LP_162_Du-367	KIRT_LP_163_Du-368	KIRT_LP_164_Du-369	KIRT_LP_165_Du-370	KIRT_LP_166_Du-371	KIRT_LP_167_Du-372	KIRT_LP_168_Du-373	MALV_LP_095_Du-201	MALV_LP_096_Du-202	MALV_LP_097_Du-203	MALV_LP_098_Du-204	MALV_LP_099_Du-205	MALV_LP_100_Du-206	MALV_LP_101_Du-207	MALV_LP_102_Du-208	MALV_LP_103_Du-209	MALV_LP_104_Du-210	OCO_LP_058_Du-115	OCO_LP_059_Du-106	OCO_LP_060_Du-107	OCO_LP_061_Du-108	OCO_LP_062_Du-109	OCO_LP_063_Du-110	OCO_LP_064_Du-111	OCO_LP_065_Du-112	OCO_LP_066_Du-113	OCO_LP_067_Du-114	QUI1_LP_249_Du-648	QUI1_LP_250_Du-649	QUI1_LP_252_Du-651	QUI1_LP_253_Du-652	QUI1_LP_254_Du-653	QUI1_LP_255_Du-654	QUI1_LP_257_Du-656	QUI1_LP_258_Du-657	QUI2_LP_243_Du-631	QUI2_LP_244_Du-632	QUI2_LP_245_Du-633	QUI2_LP_246_Du-634	QUI2_LP_247_Du-635	QUI2_LP_248_Du-636	QUI2_LP_337_Du-638	QUI2_LP_338_Du-639	QUI2_LP_339_Du-640	QUI2_LP_340_Du-641	QUIN_LP_069_Du-155	QUIN_LP_070_Du-156	QUIN_LP_071_Du-157	QUIN_LP_072_Du-158	QUIN_LP_073_Du-159	QUIN_LP_074_Du-160	QUIN_LP_075_Du-161	QUIN_LP_076_Du-162	QUIN_LP_077_Du-163	QUIN_LP_318_Du-164	RIC_LP_192_Du-521	RIC_LP_193_Du-522	RIC_LP_194_Du-523	RIC_LP_195_Du-524	RIC_LP_196_Du-525	RIC_LP_197_Du-526	RIC_LP_198_Du-527	RIC_LP_199_Du-528	RIC_LP_200_Du-529	RIC_LP_201_Du-530	RSV_LP_049_Du-85	RSV_LP_050_Du-87	RSV_LP_051_Du-88	RSV_LP_052_Du-89	RSV_LP_053_Du-90	RSV_LP_055_Du-92	RSV_LP_057_Du-94	RSV_LP_315_Du-95	RSV_LP_316_Du-96	SILG_LP_149_Du-343	SILG_LP_150_Du-344	SILG_LP_151_Du-345	SILG_LP_152_Du-346	SILG_LP_153_Du-347	SILG_LP_154_Du-348	SILG_LP_155_Du-349	SILG_LP_156_Du-350	SILG_LP_157_Du-351	SILG_LP_158_Du-352	SILR_LP_346_Du-729	SILR_LP_347_Du-730	SILR_LP_348_Du-731	SILR_LP_349_Du-732	SILR_LP_351_Du-734	SILR_LP_353_Du-736	STI_LP_027_Du-45	STI_LP_028_Du-46	STI_LP_029_Du-47	STI_LP_030_Du-48	STI_LP_031_Du-49	STI_LP_032_Du-50	STI_LP_033_Du-51	STI_LP_034_Du-52	STI_LP_035_Du-53	STI_LP_036_Du-54	STI_LP_037_Du-55	STI_LP_038_Du-56	STI_LP_039_Du-57	STI_LP_040_Du-58	STI_LP_041_Du-60	STI_LP_042_Du-61	TIL_LP_123_Du-263	TIL_LP_124_Du-264	TIL_LP_125_Du-265	TIL_LP_126_Du-266	TIL_LP_128_Du-268	TIL_LP_129_Du-269	TIL_LP_130_Du-271	TIL_LP_131_Du-272	TULP_LP_115_Du-242	TULP_LP_116_Du-243	TULP_LP_117_Du-244	TULP_LP_118_Du-245	TULP_LP_119_Du-246	TULP_LP_120_Du-248	TULP_LP_121_Du-249	TULP_LP_122_Du-250	TULP_LP_140_Du-302	TULP_LP_141_Du-303	TULP_LP_142_Du-304	TULP_LP_143_Du-305	TULP_LP_144_Du-306	TULP_LP_145_Du-307	TULP_LP_146_Du-308	TULP_LP_147_Du-309	TULP_LP_148_Du-310
ABAB_MAD_LP_223_Du-590	38963	38958	38721	38958	38957	38958	38169	38952	38951	38787	38951	38963	38962	38958	38959	38958	38958	38953	38963	38958	38963	38956	38960	38956	38962	38953	38947	38961	38959	38962	38963	38960	38959	38957	38957	38960	37992	38963	38958	38959	38962	38959	38963	38962	38959	38959	38963	38963	38962	38963	38963	38963	38960	38956	38963	38957	38957	38959	38960	38667	38440	38953	38951	38380	38958	38958	38958	38958	38948	38958	38863	38954	38959	38958	38953	38958	38957	38957	38958	38474	38958	38960	37739	38763	38623	37276	38962	38963	38957	38959	38959	38913	36591	38958	38961	38833	38829	38834	38835	38829	38850	38959	38963	38963	38956	38963	38963	38824	38956	38963	38963	38953	38963	38963	38963	38963	38963	38953	38836	38855	38937	38959	38959	38959	38960	38961	38958	38467	38962	38960	38959	38960	38958	38961	38959	38959	38959	38962	38960	38962	38962	38962	38963	38963	38963	38923	38963	38963	38963	38963	38962	38962	38962	38962	38963	38963	38962	38956	38942	38954	38956	38955	38954	38951	38951	38809	37956	38958	38958	38957	38960	37288	38958	38443	38958	38816	38805	38815	38815	38817	38816	38816	38612	38815	38816	38815	38815	38815	38815	38816	38815	38820	38819	38824	38818	38960	38959	38963	38963	38963	38953	38963	38963	38963	38963	38950	38951	38933	38948	38949	38944	38944	38945	38944	38877	38954	38955	38952	38940	38951	38953	38953	34409	36906	38958	38962	38958	38962	38962	38958	38484	38948	33161	38945	38944	38944	38681	38943	38945	38932	38945	38947	38943	37970	38951	38926	36037	38948	36030	38915	38944	38946	38946	38944	38959	38963	38963	38963	38963	38960	38961	38963	38958	38957	38900	38960	38856	38955	38763	38956	38881
ABAB_MAD_LP_322_Du-593	38958	43159	42855	43158	43154	43157	42258	43146	43146	42959	43147	43158	43158	43158	43158	43158	43158	43152	43159	43154	43159	43152	43156	43152	43159	43151	43142	43157	43158	43158	43159	43158	43159	43158	43158	43159	42169	43159	43159	43159	43159	43159	43159	43159	43159	43159	43159	43159	43159	43159	43159	43159	43156	43156	43159	43156	43157	43158	43155	42863	42618	43148	43146	42541	43159	43159	43159	43159	43142	43159	43055	43151	43159	43158	43153	43155	43156	43157	43159	42602	43159	43144	41768	42919	42816	41209	43158	43159	43158	43159	43140	43092	40395	43150	43150	42970	42969	42971	43001	42971	43037	43159	43159	43159	43152	43159	43159	43019	43152	43159	43159	43148	43159	43159	43159	43159	43159	43148	42973	43021	43138	43159	43159	43159	43159	43157	43159	42533	43159	43159	43159	43159	43159	43159	43159	43159	43159	43159	43159	43159	43159	43159	43159	43159	43159	43109	43159	43159	43159	43159	43159	43159	43159	43159	43159	43159	43159	43148	43137	43149	43150	43150	43149	43146	43147	42942	41999	43158	43159	43158	43159	41297	43158	42591	43158	43015	42995	43015	43014	43015	43015	43015	42786	43014	43015	43014	43015	43014	43014	43015	43015	43015	43015	43019	43015	43159	43159	43159	43159	43159	43153	43159	43159	43159	43159	43145	43146	43131	43143	43144	43143	43144	43144	43144	43066	43150	43151	43151	43139	43152	43151	43151	38272	40809	43158	43158	43158	43158	43158	43159	42626	43144	36524	43143	43144	43144	42807	43143	43144	43130	43143	43144	43143	42048	43146	43126	39851	43148	39848	43110	43144	43143	43144	43144	43156	43159	43159	43159	43159	43156	43159	43159	43159	43156	43098	43157	43034	43156	42959	43156	43077
ABAB_MAD_LP_323_Du-594	38721	42855	42859	42855	42853	42854	41987	42842	42842	42658	42843	42858	42857	42854	42854	42855	42854	42850	42859	42854	42859	42852	42856	42852	42858	42849	42843	42857	42855	42858	42859	42856	42855	42854	42854	42856	41875	42859	42855	42855	42858	42855	42859	42858	42856	42855	42859	42859	42858	42859	42859	42859	42856	42852	42859	42853	42854	42855	42855	42559	42331	42844	42843	42254	42855	42855	42855	42855	42839	42855	42760	42851	42855	42854	42849	42853	42852	42853	42855	42320	42855	42856	41469	42617	42513	40932	42858	42859	42854	42855	42854	42804	40135	42855	42858	42670	42667	42671	42701	42667	42738	42855	42859	42859	42852	42859	42859	42719	42852	42859	42859	42848	42859	42859	42859	42859	42859	42848	42673	42721	42834	42855	42855	42855	42856	42857	42855	42233	42858	42856	42855	42856	42855	42858	42855	42856	42855	42859	42856	42859	42858	42859	42859	42859	42859	42807	42859	42859	42859	42859	42858	42858	42858	42858	42859	42859	42858	42848	42834	42846	42847	42846	42846	42843	42843	42640	41708	42855	42855	42854	42856	41009	42855	42305	42855	42711	42696	42711	42711	42712	42711	42711	42483	42711	42711	42711	42711	42711	42711	42711	42711	42715	42714	42719	42714	42856	42855	42859	42859	42859	42849	42859	42859	42859	42859	42845	42846	42828	42843	42844	42840	42840	42840	42840	42765	42850	42851	42848	42837	42848	42849	42849	38050	40541	42854	42858	42854	42858	42858	42855	42330	42843	36288	42840	42840	42840	42504	42839	42840	42828	42841	42843	42839	41755	42846	42822	39550	42844	39571	42810	42840	42841	42841	42840	42855	42859	42859	42859	42859	42856	42857	42859	42855	42854	42796	42856	42735	42852	42659	42852	42777
ABAB_MAD_LP_324_Du-595	38958	43158	42855	43159	43155	43158	42258	43146	43146	42959	43147	43158	43158	43158	43158	43158	43158	43152	43159	43154	43159	43152	43156	43152	43159	43151	43142	43157	43158	43158	43159	43158	43159	43158	43158	43159	42169	43159	43159	43159	43159	43159	43159	43159	43159	43159	43159	43159	43159	43159	43159	43159	43156	43156	43159	43156	43158	43158	43155	42863	42618	43148	43146	42540	43159	43158	43158	43159	43143	43158	43054	43150	43159	43158	43152	43154	43156	43157	43159	42601	43158	43143	41768	42919	42816	41209	43158	43159	43158	43158	43139	43091	40394	43149	43149	42970	42969	42971	43001	42971	43037	43159	43159	43159	43152	43159	43159	43019	43152	43159	43159	43148	43159	43159	43159	43159	43159	43148	42973	43021	43138	43159	43159	43159	43159	43157	43159	42533	43159	43159	43159	43159	43159	43159	43159	43159	43159	43159	43159	43159	43159	43159	43159	43159	43159	43109	43159	43159	43159	43159	43159	43159	43159	43159	43159	43159	43159	43148	43137	43149	43150	43150	43149	43146	43147	42942	41999	43158	43158	43158	43159	41296	43157	42590	43158	43015	42995	43015	43014	43015	43015	43015	42786	43014	43015	43014	43015	43014	43014	43015	43015	43015	43015	43019	43015	43159	43159	43159	43159	43159	43153	43159	43159	43159	43159	43145	43146	43131	43143	43144	43143	43144	43144	43144	43066	43150	43151	43151	43139	43152	43151	43151	38272	40809	43158	43158	43158	43158	43158	43159	42626	43144	36525	43143	43144	43144	42807	43143	43144	43130	43143	43144	43143	42048	43146	43126	39851	43148	39848	43110	43144	43143	43144	43144	43156	43159	43159	43159	43159	43156	43159	43159	43159	43156	43098	43157	43034	43156	42959	43156	43077
ABAB_MAD_LP_325_Du-596	38957	43154	42853	43155	43155	43155	42256	43143	43143	42955	43143	43155	43155	43155	43155	43155	43155	43148	43155	43150	43155	43148	43152	43148	43155	43148	43139	43153	43154	43154	43155	43154	43155	43154	43154	43155	42166	43155	43155	43155	43155	43155	43155	43155	43155	43155	43155	43155	43155	43155	43155	43155	43152	43152	43155	43152	43154	43154	43151	42859	42615	43144	43143	42537	43155	43154	43154	43155	43140	43154	43051	43147	43155	43154	43150	43151	43153	43154	43155	42598	43154	43140	41765	42916	42813	41206	43154	43155	43154	43154	43137	43088	40390	43146	43146	42967	42967	42968	42997	42968	43034	43155	43155	43155	43148	43155	43155	43015	43148	43155	43155	43144	43155	43155	43155	43155	43155	43144	42969	43017	43134	43155	43155	43155	43155	43153	43155	42529	43155	43155	43155	43155	43155	43155	43155	43155	43155	43155	43155	43155	43155	43155	43155	43155	43155	43105	43155	43155	43155	43155	43155	43155	43155	43155	43155	43155	43155	43145	43134	43145	43146	43146	43146	43143	43143	42939	41996	43155	43154	43154	43155	41293	43153	42587	43155	43011	42992	43011	43011	43011	43011	43011	42783	43011	43011	43011	43011	43011	43011	43011	43011	43011	43011	43015	43011	43155	43155	43155	43155	43155	43150	43155	43155	43155	43155	43141	43142	43128	43139	43140	43140	43140	43140	43140	43063	43147	43148	43148	43136	43148	43148	43148	38270	40806	43155	43155	43155	43155	43155	43155	42623	43140	36524	43140	43140	43140	42804	43139	43140	43127	43140	43140	43139	42047	43142	43122	39848	43144	39846	43107	43140	43140	43140	43140	43152	43155	43155	43155	43155	43152	43155	43155	43155	43152	43094	43153	43030	43152	42955	43152	43073
ABAB_MAD_LP_326_Du-597	38958	43157	42854	43158	43155	43158	42257	43146	43146	42958	43146	43158	43158	43158	43158	43157	43158	43151	43158	43153	43158	43151	43155	43151	43158	43150	43141	43156	43157	43157	43158	43157	43158	43157	43157	43158	42168	43158	43158	43158	43158	43158	43158	43158	43158	43158	43158	43158	43158	43158	43158	43158	43155	43155	43158	43155	43157	43157	43154	42862	42617	43147	43145	42539	43158	43157	43157	43158	43143	43157	43053	43149	43158	43157	43152	43154	43156	43157	43158	42600	43157	43142	41767	42918	42815	41208	43157	43158	43157	43157	43139	43090	40393	43148	43148	42969	42968	42970	43000	42970	43036	43158	43158	43158	43151	43158	43158	43018	43151	43158	43158	43147	43158	43158	43158	43158	43158	43147	42972	43020	43137	43158	43158	43158	43158	43156	43158	42532	43158	43158	43158	43158	43158	43158	43158	43158	43158	43158	43158	43158	43158	43158	43158	43158	43158	43108	43158	43158	43158	43158	43158	43158	43158	43158	43158	43158	43158	43147	43136	43148	43149	43149	43148	43145	43146	42941	41998	43157	43157	43157	43158	41295	43156	42589	43157	43014	42994	43014	43013	43014	43014	43014	42785	43013	43014	43013	43014	43013	43013	43014	43014	43014	43014	43018	43014	43158	43158	43158	43158	43158	43153	43158	43158	43158	43158	43144	43145	43130	43142	43143	43142	43143	43143	43143	43065	43149	43150	43150	43138	43151	43150	43150	38271	40808	43157	43157	43157	43157	43157	43158	42625	43143	36524	43142	43143	43143	42806	43142	43143	43129	43142	43143	43142	42048	43145	43125	39850	43147	39847	43109	43143	43142	43143	43143	43155	43158	43158	43158	43158	43155	43158	43158	43158	43155	43097	43156	43033	43155	42958	43155	43076
ABAB_MAD_LP_327_Du-598	38169	42258	41987	42258	42256	42257	42260	42246	42245	42058	42246	42259	42258	42257	42258	42258	42257	42251	42260	42255	42260	42253	42257	42253	42259	42253	42244	42258	42259	42259	42260	42259	42259	42257	42257	42260	41270	42260	42258	42259	42259	42259	42260	42259	42259	42259	42260	42260	42259	42260	42260	42260	42257	42256	42260	42257	42257	42259	42256	41962	41719	42248	42246	41651	42258	42258	42258	42258	42242	42258	42163	42252	42259	42258	42252	42256	42256	42256	42258	41730	42258	42254	40872	42021	41916	40357	42259	42260	42257	42259	42249	42200	39539	42258	42258	42071	42070	42072	42102	42070	42139	42259	42260	42260	42253	42260	42260	42126	42253	42260	42260	42255	42260	42260	42260	42260	42260	42255	42074	42122	42237	42259	42259	42259	42260	42258	42258	41637	42259	42260	42259	42259	42258	42258	42259	42259	42259	42259	42260	42259	42260	42259	42260	42260	42260	42209	42260	42260	42260	42260	42259	42259	42259	42259	42260	42260	42259	42248	42237	42249	42251	42250	42249	42246	42246	42042	41131	42258	42258	42257	42260	40453	42258	41721	42258	42121	42105	42120	42120	42122	42121	42121	41897	42120	42121	42120	42120	42120	42120	42121	42120	42122	42121	42126	42120	42259	42259	42260	42260	42260	42253	42260	42260	42260	42260	42252	42253	42238	42250	42251	42249	42249	42250	42249	42166	42251	42252	42252	42240	42251	42252	42253	37514	39951	42258	42259	42258	42259	42259	42258	41735	42250	35848	42250	42249	42249	41935	42248	42250	42236	42249	42249	42248	41169	42253	42231	39047	42253	39053	42218	42249	42251	42251	42249	42256	42260	42260	42260	42260	42257	42260	42260	42258	42256	42199	42257	42138	42255	42060	42256	42178
ABBE_BERN_LP_311_Du-780	38952	43146	42842	43146	43143	43146	42246	43163	43162	42974	43162	43148	43149	43147	43148	43146	43147	43155	43163	43158	43163	43156	43160	43156	43163	43155	43146	43161	43162	43162	43163	43162	43163	43161	43161	43163	42173	43163	43162	43163	43163	43163	43163	43163	43162	43163	43163	43163	43163	43163	43163	43163	43160	43160	43163	43160	43151	43152	43150	42878	42633	43163	43161	42541	43159	43158	43158	43159	43137	43158	43054	43150	43160	43159	43147	43155	43158	43157	43159	42601	43158	43144	41780	42931	42827	41224	43159	43160	43158	43159	43141	43091	40394	43149	43149	42974	42972	42975	43005	42974	43041	43163	43163	43163	43156	43163	43163	43023	43156	43163	43163	43152	43163	43160	43163	43160	43160	43152	42977	43025	43141	43163	43163	43163	43163	43161	43162	42537	43163	43163	43163	43163	43162	43162	43163	43162	43163	43162	43163	43162	43163	43162	43163	43163	43163	43113	43163	43163	43163	43163	43163	43163	43163	43163	43163	43163	43163	43159	43148	43160	43162	43162	43160	43157	43158	42953	42010	43158	43158	43158	43160	41297	43157	42590	43158	43019	42998	43018	43017	43019	43019	43019	42789	43017	43019	43017	43018	43017	43017	43019	43018	43019	43019	43023	43018	43163	43163	43163	43163	43163	43157	43163	43163	43163	43163	43149	43150	43135	43147	43148	43146	43147	43148	43147	43070	43154	43155	43155	43142	43155	43155	43155	38276	40813	43162	43162	43162	43162	43162	43162	42630	43148	36523	43147	43147	43147	42811	43146	43148	43133	43146	43147	43146	42053	43150	43129	39855	43151	39852	43114	43147	43147	43148	43147	43160	43163	43163	43163	43163	43160	43163	43163	43162	43159	43102	43161	43038	43159	42963	43160	43081
ABBE_BERN_LP_312_Du-781	38951	43146	42842	43146	43143	43146	42245	43162	43162	42974	43162	43147	43148	43147	43147	43146	43147	43155	43162	43157	43162	43155	43159	43155	43162	43154	43145	43160	43161	43161	43162	43161	43162	43161	43161	43162	42172	43162	43162	43162	43162	43162	43162	43162	43162	43162	43162	43162	43162	43162	43162	43162	43159	43159	43162	43159	43151	43151	43149	42878	42633	43162	43161	42540	43159	43158	43158	43159	43137	43158	43054	43150	43159	43158	43147	43155	43157	43157	43159	42601	43158	43143	41779	42930	42827	41224	43158	43159	43158	43158	43140	43091	40393	43149	43149	42973	42972	42974	43004	42974	43040	43162	43162	43162	43155	43162	43162	43022	43155	43162	43162	43151	43162	43159	43162	43159	43159	43151	42976	43024	43141	43162	43162	43162	43162	43160	43162	42536	43162	43162	43162	43162	43162	43162	43162	43162	43162	43162	43162	43162	43162	43162	43162	43162	43162	43112	43162	43162	43162	43162	43162	43162	43162	43162	43162	43162	43162	43159	43148	43160	43161	43161	43160	43157	43158	42953	42010	43158	43158	43158	43159	41296	43157	42590	43158	43018	42998	43018	43017	43018	43018	43018	42789	43017	43018	43017	43018	43017	43017	43018	43018	43018	43018	43022	43018	43162	43162	43162	43162	43162	43157	43162	43162	43162	43162	43148	43149	43134	43146	43147	43146	43147	43147	43147	43069	43153	43154	43154	43142	43155	43154	43154	38275	40812	43161	43161	43161	43161	43161	43162	42629	43147	36522	43146	43147	43147	42810	43146	43147	43133	43146	43147	43146	42052	43149	43129	39854	43151	39851	43113	43147	43146	43147	43147	43159	43162	43162	43162	43162	43159	43162	43162	43162	43159	43101	43160	43037	43159	42962	43159	43080
ABBE_BERN_LP_313_Du-782	38787	42959	42658	42959	42955	42958	42058	42974	42974	42978	42975	42962	42963	42959	42959	42959	42959	42970	42978	42973	42978	42971	42975	42971	42978	42967	42961	42976	42974	42977	42978	42975	42975	42974	42974	42975	41987	42978	42975	42975	42978	42975	42978	42978	42975	42975	42978	42978	42978	42978	42978	42978	42975	42972	42978	42972	42964	42964	42965	42691	42449	42975	42974	42356	42972	42971	42971	42972	42949	42971	42867	42963	42972	42971	42959	42967	42969	42969	42972	42422	42971	42956	41665	42743	42640	41039	42974	42975	42971	42971	42955	42907	40209	42962	42965	42832	42828	42832	42861	42829	42856	42975	42978	42978	42971	42978	42978	42838	42971	42978	42978	42967	42978	42975	42978	42975	42975	42967	42834	42881	42954	42975	42975	42975	42975	42976	42975	42352	42978	42975	42975	42976	42975	42978	42975	42975	42975	42978	42975	42978	42977	42978	42978	42978	42978	42927	42978	42978	42978	42978	42978	42978	42978	42978	42978	42978	42978	42976	42961	42973	42974	42974	42973	42970	42971	42768	41830	42971	42971	42971	42972	41111	42970	42403	42971	42831	42811	42831	42830	42831	42831	42831	42602	42830	42831	42830	42831	42830	42830	42831	42831	42834	42834	42838	42834	42976	42975	42978	42978	42978	42969	42978	42978	42978	42978	42964	42965	42947	42962	42963	42959	42960	42960	42960	42886	42969	42970	42967	42955	42968	42968	42967	38160	40684	42974	42977	42974	42977	42977	42975	42443	42963	36339	42959	42960	42960	42623	42959	42960	42947	42960	42963	42959	41882	42965	42942	39681	42964	39670	42928	42960	42959	42960	42960	42975	42978	42978	42978	42978	42975	42976	42978	42975	42973	42915	42976	42853	42972	42778	42972	42896
ABBE_BERN_LP_314_Du-783	38951	43147	42843	43147	43143	43146	42246	43162	43162	42975	43163	43147	43148	43147	43147	43147	43147	43156	43163	43158	43163	43156	43160	43156	43163	43155	43146	43161	43162	43162	43163	43162	43163	43162	43162	43163	42173	43163	43163	43163	43163	43163	43163	43163	43163	43163	43163	43163	43163	43163	43163	43163	43160	43160	43163	43160	43152	43152	43150	42879	42634	43163	43162	42541	43160	43159	43159	43160	43137	43159	43055	43151	43160	43159	43147	43155	43157	43157	43160	42602	43159	43144	41780	42931	42828	41225	43159	43160	43159	43159	43140	43092	40394	43150	43150	42974	42973	42975	43005	42975	43041	43163	43163	43163	43156	43163	43163	43023	43156	43163	43163	43152	43163	43160	43163	43160	43160	43152	42977	43025	43142	43163	43163	43163	43163	43161	43163	42537	43163	43163	43163	43163	43163	43163	43163	43163	43163	43163	43163	43163	43163	43163	43163	43163	43163	43113	43163	43163	43163	43163	43163	43163	43163	43163	43163	43163	43163	43160	43149	43161	43162	43162	43161	43158	43159	42954	42011	43159	43159	43159	43160	41297	43158	42591	43159	43019	42999	43019	43018	43019	43019	43019	42790	43018	43019	43018	43019	43018	43018	43019	43019	43019	43019	43023	43019	43163	43163	43163	43163	43163	43157	43163	43163	43163	43163	43149	43150	43135	43147	43148	43147	43148	43148	43148	43070	43154	43155	43155	43143	43156	43155	43155	38276	40813	43162	43162	43162	43162	43162	43163	42630	43148	36523	43147	43148	43148	42811	43147	43148	43134	43147	43148	43147	42052	43150	43130	39855	43152	39852	43114	43148	43147	43148	43148	43160	43163	43163	43163	43163	43160	43163	43163	43163	43160	43102	43161	43038	43160	42963	43160	43081
ABMU_HOR_LP_306_Du-775	38963	43158	42858	43158	43155	43158	42259	43148	43147	42962	43147	43164	43163	43159	43160	43158	43159	43154	43164	43159	43164	43157	43161	43157	43163	43153	43147	43162	43160	43163	43164	43161	43160	43158	43158	43161	42171	43164	43159	43160	43163	43160	43164	43163	43160	43160	43164	43164	43163	43164	43164	43164	43161	43157	43164	43158	43157	43158	43160	42863	42622	43149	43146	42545	43159	43158	43158	43159	43143	43158	43054	43150	43160	43159	43153	43155	43158	43158	43159	42605	43158	43145	41773	42921	42816	41211	43163	43164	43158	43159	43144	43094	40399	43149	43152	42974	42970	42976	43006	42971	43042	43160	43164	43164	43157	43164	43164	43024	43157	43164	43164	43153	43164	43164	43164	43164	43164	43153	42978	43026	43138	43160	43160	43160	43161	43162	43159	42538	43163	43161	43160	43161	43159	43162	43160	43160	43160	43163	43161	43163	43163	43163	43164	43164	43164	43112	43164	43164	43164	43164	43163	43163	43163	43163	43164	43164	43163	43151	43137	43150	43152	43151	43149	43146	43147	42943	42002	43158	43158	43158	43161	41298	43157	42590	43158	43016	42995	43015	43014	43017	43016	43016	42786	43014	43016	43014	43015	43014	43014	43016	43015	43020	43019	43024	43018	43161	43160	43164	43164	43164	43154	43164	43164	43164	43164	43150	43151	43132	43148	43149	43143	43144	43145	43144	43070	43154	43155	43152	43140	43152	43153	43153	38276	40810	43159	43163	43159	43163	43163	43159	42629	43148	36529	43144	43144	43144	42808	43143	43145	43131	43144	43147	43143	42050	43151	43126	39854	43148	39853	43114	43144	43145	43146	43144	43160	43164	43164	43164	43164	43161	43162	43164	43159	43158	43101	43161	43039	43156	42964	43157	43082
ABMU_HOR_LP_308_Du-777	38962	43158	42857	43158	43155	43158	42258	43149	43148	42963	43148	43163	43164	43159	43160	43158	43159	43155	43164	43159	43164	43157	43161	43157	43164	43153	43147	43162	43160	43163	43164	43161	43161	43159	43159	43161	42172	43164	43160	43161	43164	43161	43164	43164	43160	43161	43164	43164	43164	43164	43164	43164	43161	43158	43164	43158	43158	43159	43160	42864	42622	43150	43147	42545	43160	43159	43159	43160	43144	43159	43055	43151	43161	43160	43154	43156	43159	43159	43160	42605	43159	43145	41773	42921	42817	41211	43163	43164	43159	43160	43145	43095	40399	43150	43153	42975	42970	42976	43006	42972	43042	43161	43164	43164	43157	43164	43164	43024	43157	43164	43164	43153	43164	43164	43164	43164	43164	43153	42978	43026	43139	43161	43161	43161	43161	43162	43160	42538	43164	43161	43161	43162	43160	43163	43161	43160	43161	43163	43161	43163	43163	43163	43164	43164	43164	43113	43164	43164	43164	43164	43164	43164	43164	43164	43164	43164	43164	43152	43138	43150	43152	43152	43150	43147	43148	42944	42003	43159	43159	43159	43161	41298	43158	42591	43159	43017	42996	43016	43015	43017	43017	43017	42787	43015	43017	43015	43016	43015	43015	43017	43016	43020	43020	43024	43019	43162	43161	43164	43164	43164	43155	43164	43164	43164	43164	43150	43151	43133	43148	43149	43144	43145	43146	43145	43071	43155	43156	43153	43140	43153	43154	43153	38276	40811	43160	43163	43160	43163	43163	43160	42629	43149	36529	43145	43145	43145	42809	43144	43146	43132	43145	43148	43144	42051	43151	43127	39854	43149	39853	43114	43145	43145	43146	43145	43161	43164	43164	43164	43164	43161	43162	43164	43160	43158	43101	43162	43039	43157	42964	43158	43082
ABMU_HOR_LP_358_Du-770	38958	43158	42854	43158	43155	43158	42257	43147	43147	42959	43147	43159	43159	43159	43159	43158	43159	43152	43159	43154	43159	43152	43156	43152	43159	43151	43142	43157	43158	43158	43159	43158	43159	43158	43158	43159	42169	43159	43159	43159	43159	43159	43159	43159	43159	43159	43159	43159	43159	43159	43159	43159	43156	43156	43159	43156	43157	43157	43155	42863	42618	43148	43146	42540	43159	43158	43158	43159	43143	43158	43054	43150	43159	43158	43153	43155	43157	43158	43159	42601	43158	43143	41768	42919	42816	41209	43158	43159	43158	43158	43140	43091	40394	43149	43149	42970	42969	42971	43001	42971	43037	43159	43159	43159	43152	43159	43159	43019	43152	43159	43159	43148	43159	43159	43159	43159	43159	43148	42973	43021	43138	43159	43159	43159	43159	43157	43159	42533	43159	43159	43159	43159	43159	43159	43159	43159	43159	43159	43159	43159	43159	43159	43159	43159	43159	43109	43159	43159	43159	43159	43159	43159	43159	43159	43159	43159	43159	43148	43137	43149	43150	43150	43149	43146	43147	42942	41999	43158	43158	43158	43159	41296	43157	42590	43158	43015	42995	43015	43014	43015	43015	43015	42786	43014	43015	43014	43015	43014	43014	43015	43015	43015	43015	43019	43015	43159	43159	43159	43159	43159	43154	43159	43159	43159	43159	43145	43146	43131	43143	43144	43143	43144	43144	43144	43066	43150	43151	43151	43139	43152	43151	43151	38272	40809	43158	43158	43158	43158	43158	43159	42626	43144	36524	43143	43144	43144	42807	43143	43144	43130	43143	43144	43143	42049	43146	43126	39851	43148	39848	43110	43144	43143	43144	43144	43156	43159	43159	43159	43159	43156	43159	43159	43159	43156	43098	43157	43034	43156	42959	43156	43077
ABMU_HOR_LP_359_Du-771	38959	43158	42854	43158	43155	43158	42258	43148	43147	42959	43147	43160	43160	43159	43160	43158	43159	43152	43160	43155	43160	43153	43157	43153	43160	43152	43143	43158	43159	43159	43160	43159	43160	43158	43158	43160	42170	43160	43159	43160	43160	43160	43160	43160	43159	43160	43160	43160	43160	43160	43160	43160	43157	43157	43160	43157	43157	43158	43156	42863	42618	43149	43146	42541	43159	43158	43158	43159	43143	43158	43054	43150	43160	43159	43153	43155	43158	43158	43159	42601	43158	43144	41769	42920	42816	41209	43159	43160	43158	43159	43141	43091	40395	43149	43149	42971	42969	42972	43002	42971	43038	43160	43160	43160	43153	43160	43160	43020	43153	43160	43160	43149	43160	43160	43160	43160	43160	43149	42974	43022	43138	43160	43160	43160	43160	43158	43159	42534	43160	43160	43160	43160	43159	43159	43160	43159	43160	43159	43160	43159	43160	43159	43160	43160	43160	43110	43160	43160	43160	43160	43160	43160	43160	43160	43160	43160	43160	43148	43137	43149	43151	43151	43149	43146	43147	42942	41999	43158	43158	43158	43160	41297	43157	42590	43158	43016	42995	43015	43014	43016	43016	43016	42786	43014	43016	43014	43015	43014	43014	43016	43015	43016	43016	43020	43015	43160	43160	43160	43160	43160	43154	43160	43160	43160	43160	43146	43147	43132	43144	43145	43143	43144	43145	43144	43067	43151	43152	43152	43139	43152	43152	43152	38273	40810	43159	43159	43159	43159	43159	43159	42627	43145	36525	43144	43144	43144	42808	43143	43145	43130	43143	43144	43143	42050	43147	43126	39852	43148	39849	43111	43144	43144	43145	43144	43157	43160	43160	43160	43160	43157	43160	43160	43159	43156	43099	43158	43035	43156	42960	43157	43078
ABMU_HOR_LP_360_Du-772	38958	43158	42855	43158	43155	43157	42258	43146	43146	42959	43147	43158	43158	43158	43158	43159	43158	43152	43159	43154	43159	43152	43156	43152	43159	43151	43142	43157	43158	43158	43159	43158	43159	43158	43158	43159	42169	43159	43159	43159	43159	43159	43159	43159	43159	43159	43159	43159	43159	43159	43159	43159	43156	43156	43159	43156	43157	43157	43155	42863	42618	43148	43146	42540	43159	43158	43158	43159	43142	43158	43054	43150	43159	43158	43152	43154	43156	43157	43159	42601	43158	43143	41768	42919	42816	41209	43158	43159	43158	43158	43139	43091	40394	43149	43149	42970	42969	42971	43001	42971	43037	43159	43159	43159	43152	43159	43159	43019	43152	43159	43159	43148	43159	43159	43159	43159	43159	43148	42973	43021	43138	43159	43159	43159	43159	43157	43159	42533	43159	43159	43159	43159	43159	43159	43159	43159	43159	43159	43159	43159	43159	43159	43159	43159	43159	43109	43159	43159	43159	43159	43159	43159	43159	43159	43159	43159	43159	43148	43137	43149	43150	43150	43149	43146	43147	42942	41999	43158	43158	43158	43159	41296	43157	42590	43158	43015	42995	43015	43014	43015	43015	43015	42786	43014	43015	43014	43015	43014	43014	43015	43015	43015	43015	43019	43015	43159	43159	43159	43159	43159	43153	43159	43159	43159	43159	43145	43146	43131	43143	43144	43143	43144	43144	43144	43066	43150	43151	43151	43139	43152	43151	43151	38272	40809	43158	43158	43158	43158	43158	43159	42626	43144	36525	43143	43144	43144	42807	43143	43144	43130	43143	43144	43143	42048	43146	43126	39851	43148	39848	43110	43144	43143	43144	43144	43156	43159	43159	43159	43159	43156	43159	43159	43159	43156	43098	43157	43034	43156	42959	43156	43077
ABMU_HOR_LP_361_Du-773	38958	43158	42854	43158	43155	43158	42257	43147	43147	42959	43147	43159	43159	43159	43159	43158	43159	43152	43159	43154	43159	43152	43156	43152	43159	43151	43142	43157	43158	43158	43159	43158	43159	43158	43158	43159	42169	43159	43159	43159	43159	43159	43159	43159	43159	43159	43159	43159	43159	43159	43159	43159	43156	43156	43159	43156	43157	43157	43155	42863	42618	43148	43146	42540	43159	43158	43158	43159	43143	43158	43054	43150	43159	43158	43153	43155	43157	43158	43159	42601	43158	43143	41768	42919	42816	41209	43158	43159	43158	43158	43140	43091	40394	43149	43149	42970	42969	42971	43001	42971	43037	43159	43159	43159	43152	43159	43159	43019	43152	43159	43159	43148	43159	43159	43159	43159	43159	43148	42973	43021	43138	43159	43159	43159	43159	43157	43159	42533	43159	43159	43159	43159	43159	43159	43159	43159	43159	43159	43159	43159	43159	43159	43159	43159	43159	43109	43159	43159	43159	43159	43159	43159	43159	43159	43159	43159	43159	43148	43137	43149	43150	43150	43149	43146	43147	42942	41999	43158	43158	43158	43159	41296	43157	42590	43158	43015	42995	43015	43014	43015	43015	43015	42786	43014	43015	43014	43015	43014	43014	43015	43015	43015	43015	43019	43015	43159	43159	43159	43159	43159	43154	43159	43159	43159	43159	43145	43146	43131	43143	43144	43143	43144	43144	43144	43066	43150	43151	43151	43139	43152	43151	43151	38272	40809	43158	43158	43158	43158	43158	43159	42626	43144	36524	43143	43144	43144	42807	43143	43144	43130	43143	43144	43143	42049	43146	43126	39851	43148	39848	43110	43144	43143	43144	43144	43156	43159	43159	43159	43159	43156	43159	43159	43159	43156	43098	43157	43034	43156	42959	43156	43077
BAI_LP_105_Du-222	38953	43152	42850	43152	43148	43151	42251	43155	43155	42970	43156	43154	43155	43152	43152	43152	43152	43171	43171	43171	43171	43171	43168	43171	43171	43168	43161	43169	43168	43170	43171	43168	43169	43168	43168	43169	42180	43171	43169	43169	43171	43169	43171	43171	43169	43169	43171	43171	43171	43171	43171	43171	43168	43166	43171	43166	43157	43157	43157	42872	42629	43157	43155	42548	43165	43164	43164	43165	43142	43164	43060	43156	43165	43164	43152	43160	43162	43162	43165	42609	43164	43149	41779	42928	42825	41223	43166	43167	43164	43164	43147	43099	40401	43155	43157	42982	42979	42983	43013	42981	43056	43169	43171	43171	43171	43171	43171	43031	43171	43171	43171	43160	43171	43167	43171	43167	43167	43160	42985	43033	43148	43169	43169	43169	43169	43169	43169	42545	43171	43169	43169	43170	43169	43171	43169	43169	43169	43171	43169	43171	43170	43171	43171	43171	43171	43120	43171	43171	43171	43171	43171	43171	43171	43171	43171	43171	43171	43159	43146	43158	43159	43159	43158	43155	43156	42952	42010	43164	43164	43164	43165	41302	43163	42596	43164	43025	43005	43025	43024	43025	43025	43025	42796	43024	43025	43024	43025	43024	43024	43025	43025	43027	43027	43031	43027	43170	43169	43171	43171	43171	43162	43171	43171	43171	43171	43157	43158	43141	43155	43156	43153	43154	43154	43154	43085	43169	43170	43168	43156	43169	43169	43168	38290	40826	43168	43170	43168	43170	43170	43169	42637	43156	36526	43153	43154	43154	42817	43153	43154	43141	43154	43156	43153	42058	43158	43136	39862	43158	39860	43121	43154	43153	43154	43154	43168	43171	43171	43171	43171	43168	43170	43171	43169	43167	43109	43169	43046	43166	42971	43166	43089
BAI_LP_106_Du-223	38963	43159	42859	43159	43155	43158	42260	43163	43162	42978	43163	43164	43164	43159	43160	43159	43159	43171	43181	43176	43181	43174	43178	43174	43180	43170	43164	43179	43177	43180	43181	43178	43177	43175	43175	43178	42188	43181	43176	43177	43180	43177	43181	43180	43177	43177	43181	43181	43180	43181	43181	43181	43178	43174	43181	43175	43164	43165	43167	42879	42638	43165	43162	42558	43172	43171	43171	43172	43149	43171	43067	43163	43173	43172	43159	43167	43170	43169	43172	42618	43171	43158	41789	42937	42832	41227	43176	43177	43171	43172	43156	43107	40411	43162	43165	42991	42987	42993	43023	42988	43059	43177	43181	43181	43174	43181	43181	43041	43174	43181	43181	43170	43181	43177	43181	43177	43177	43170	42995	43043	43155	43177	43177	43177	43178	43179	43176	42555	43180	43178	43177	43178	43176	43179	43177	43177	43177	43180	43178	43180	43180	43180	43181	43181	43181	43129	43181	43181	43181	43181	43180	43180	43180	43180	43181	43181	43180	43167	43153	43166	43168	43167	43165	43162	43163	42959	42018	43171	43171	43171	43174	41311	43170	42603	43171	43033	43012	43032	43031	43034	43033	43033	42803	43031	43033	43031	43032	43031	43031	43033	43032	43037	43036	43041	43035	43178	43177	43181	43181	43181	43169	43181	43181	43181	43181	43167	43168	43149	43165	43166	43160	43161	43162	43161	43087	43171	43172	43169	43157	43169	43170	43170	38293	40827	43176	43180	43176	43180	43180	43176	42646	43165	36536	43161	43161	43161	42825	43160	43162	43148	43161	43164	43160	42066	43168	43143	39871	43165	39870	43131	43161	43162	43163	43161	43177	43181	43181	43181	43181	43178	43179	43181	43176	43175	43118	43178	43056	43173	42981	43174	43099
BAI_LP_108_Du-225	38958	43154	42854	43154	43150	43153	42255	43158	43157	42973	43158	43159	43159	43154	43155	43154	43154	43171	43176	43176	43176	43174	43173	43174	43175	43170	43164	43174	43172	43175	43176	43173	43172	43170	43170	43173	42183	43176	43171	43172	43175	43172	43176	43175	43172	43172	43176	43176	43175	43176	43176	43176	43173	43169	43176	43170	43159	43160	43162	42874	42633	43160	43157	42553	43167	43166	43166	43167	43144	43166	43062	43158	43168	43167	43154	43162	43165	43164	43167	42613	43166	43153	41784	42932	42827	41224	43171	43172	43166	43167	43151	43102	40406	43157	43160	42986	42982	42988	43018	42983	43059	43172	43176	43176	43174	43176	43176	43036	43174	43176	43176	43165	43176	43172	43176	43172	43172	43165	42990	43038	43150	43172	43172	43172	43173	43174	43171	42550	43175	43173	43172	43173	43171	43174	43172	43172	43172	43175	43173	43175	43175	43175	43176	43176	43176	43124	43176	43176	43176	43176	43175	43175	43175	43175	43176	43176	43175	43162	43148	43161	43163	43162	43160	43157	43158	42954	42013	43166	43166	43166	43169	41306	43165	42598	43166	43028	43007	43027	43026	43029	43028	43028	42798	43026	43028	43026	43027	43026	43026	43028	43027	43032	43031	43036	43030	43173	43172	43176	43176	43176	43164	43176	43176	43176	43176	43162	43163	43144	43160	43161	43155	43156	43157	43156	43087	43171	43172	43169	43157	43169	43170	43170	38293	40827	43171	43175	43171	43175	43175	43171	42641	43160	36531	43156	43156	43156	42820	43155	43157	43143	43156	43159	43155	42061	43163	43138	39866	43160	39865	43126	43156	43157	43158	43156	43172	43176	43176	43176	43176	43173	43174	43176	43171	43170	43113	43173	43051	43168	42976	43169	43094
BAI_LP_109_Du-226	38963	43159	42859	43159	43155	43158	42260	43163	43162	42978	43163	43164	43164	43159	43160	43159	43159	43171	43181	43176	43181	43174	43178	43174	43180	43170	43164	43179	43177	43180	43181	43178	43177	43175	43175	43178	42188	43181	43176	43177	43180	43177	43181	43180	43177	43177	43181	43181	43180	43181	43181	43181	43178	43174	43181	43175	43164	43165	43167	42879	42638	43165	43162	42558	43172	43171	43171	43172	43149	43171	43067	43163	43173	43172	43159	43167	43170	43169	43172	42618	43171	43158	41789	42937	42832	41227	43176	43177	43171	43172	43156	43107	40411	43162	43165	42991	42987	42993	43023	42988	43059	43177	43181	43181	43174	43181	43181	43041	43174	43181	43181	43170	43181	43177	43181	43177	43177	43170	42995	43043	43155	43177	43177	43177	43178	43179	43176	42555	43180	43178	43177	43178	43176	43179	43177	43177	43177	43180	43178	43180	43180	43180	43181	43181	43181	43129	43181	43181	43181	43181	43180	43180	43180	43180	43181	43181	43180	43167	43153	43166	43168	43167	43165	43162	43163	42959	42018	43171	43171	43171	43174	41311	43170	42603	43171	43033	43012	43032	43031	43034	43033	43033	42803	43031	43033	43031	43032	43031	43031	43033	43032	43037	43036	43041	43035	43178	43177	43181	43181	43181	43169	43181	43181	43181	43181	43167	43168	43149	43165	43166	43160	43161	43162	43161	43087	43171	43172	43169	43157	43169	43170	43170	38293	40827	43176	43180	43176	43180	43180	43176	42646	43165	36536	43161	43161	43161	42825	43160	43162	43148	43161	43164	43160	42066	43168	43143	39871	43165	39870	43131	43161	43162	43163	43161	43177	43181	43181	43181	43181	43178	43179	43181	43176	43175	43118	43178	43056	43173	42981	43174	43099
BAI_LP_110_Du-227	38956	43152	42852	43152	43148	43151	42253	43156	43155	42971	43156	43157	43157	43152	43153	43152	43152	43171	43174	43174	43174	43174	43171	43174	43173	43170	43164	43172	43170	43173	43174	43171	43170	43168	43168	43171	42181	43174	43169	43170	43173	43170	43174	43173	43170	43170	43174	43174	43173	43174	43174	43174	43171	43167	43174	43168	43157	43158	43160	42872	42631	43158	43155	42551	43165	43164	43164	43165	43142	43164	43060	43156	43166	43165	43152	43160	43163	43162	43165	42611	43164	43151	41782	42930	42825	41224	43169	43170	43164	43165	43149	43100	40404	43155	43158	42984	42980	42986	43016	42981	43059	43170	43174	43174	43174	43174	43174	43034	43174	43174	43174	43163	43174	43170	43174	43170	43170	43163	42988	43036	43148	43170	43170	43170	43171	43172	43169	42548	43173	43171	43170	43171	43169	43172	43170	43170	43170	43173	43171	43173	43173	43173	43174	43174	43174	43122	43174	43174	43174	43174	43173	43173	43173	43173	43174	43174	43173	43160	43146	43159	43161	43160	43158	43155	43156	42952	42011	43164	43164	43164	43167	41304	43163	42596	43164	43026	43005	43025	43024	43027	43026	43026	42796	43024	43026	43024	43025	43024	43024	43026	43025	43030	43029	43034	43028	43171	43170	43174	43174	43174	43162	43174	43174	43174	43174	43160	43161	43142	43158	43159	43153	43154	43155	43154	43087	43171	43172	43169	43157	43169	43170	43170	38293	40827	43169	43173	43169	43173	43173	43169	42639	43158	36529	43154	43154	43154	42818	43153	43155	43141	43154	43157	43153	42059	43161	43136	39864	43158	39863	43124	43154	43155	43156	43154	43170	43174	43174	43174	43174	43171	43172	43174	43169	43168	43111	43171	43049	43166	42974	43167	43092
BAI_LP_111_Du-228	38960	43156	42856	43156	43152	43155	42257	43160	43159	42975	43160	43161	43161	43156	43157	43156	43156	43168	43178	43173	43178	43171	43178	43171	43177	43167	43161	43176	43174	43177	43178	43175	43174	43172	43172	43175	42185	43178	43173	43174	43177	43174	43178	43177	43174	43174	43178	43178	43177	43178	43178	43178	43175	43171	43178	43172	43161	43162	43164	42876	42635	43162	43159	42555	43169	43168	43168	43169	43146	43168	43064	43160	43170	43169	43156	43164	43167	43166	43169	42615	43168	43155	41786	42934	42829	41224	43173	43174	43168	43169	43153	43104	40408	43159	43162	42988	42984	42990	43020	42985	43056	43174	43178	43178	43171	43178	43178	43038	43171	43178	43178	43167	43178	43174	43178	43174	43174	43167	42992	43040	43152	43174	43174	43174	43175	43176	43173	42552	43177	43175	43174	43175	43173	43176	43174	43174	43174	43177	43175	43177	43177	43177	43178	43178	43178	43126	43178	43178	43178	43178	43177	43177	43177	43177	43178	43178	43177	43164	43150	43163	43165	43164	43162	43159	43160	42956	42015	43168	43168	43168	43171	41308	43167	42600	43168	43030	43009	43029	43028	43031	43030	43030	42800	43028	43030	43028	43029	43028	43028	43030	43029	43034	43033	43038	43032	43175	43174	43178	43178	43178	43166	43178	43178	43178	43178	43164	43165	43146	43162	43163	43157	43158	43159	43158	43084	43168	43169	43166	43154	43166	43167	43167	38290	40824	43173	43177	43173	43177	43177	43173	42643	43162	36533	43158	43158	43158	42822	43157	43159	43145	43158	43161	43157	42063	43165	43140	39868	43162	39867	43128	43158	43159	43160	43158	43174	43178	43178	43178	43178	43175	43176	43178	43173	43172	43115	43175	43053	43170	42978	43171	43096
BAI_LP_112_Du-230	38956	43152	42852	43152	43148	43151	42253	43156	43155	42971	43156	43157	43157	43152	43153	43152	43152	43171	43174	43174	43174	43174	43171	43174	43173	43170	43164	43172	43170	43173	43174	43171	43170	43168	43168	43171	42181	43174	43169	43170	43173	43170	43174	43173	43170	43170	43174	43174	43173	43174	43174	43174	43171	43167	43174	43168	43157	43158	43160	42872	42631	43158	43155	42551	43165	43164	43164	43165	43142	43164	43060	43156	43166	43165	43152	43160	43163	43162	43165	42611	43164	43151	41782	42930	42825	41224	43169	43170	43164	43165	43149	43100	40404	43155	43158	42984	42980	42986	43016	42981	43059	43170	43174	43174	43174	43174	43174	43034	43174	43174	43174	43163	43174	43170	43174	43170	43170	43163	42988	43036	43148	43170	43170	43170	43171	43172	43169	42548	43173	43171	43170	43171	43169	43172	43170	43170	43170	43173	43171	43173	43173	43173	43174	43174	43174	43122	43174	43174	43174	43174	43173	43173	43173	43173	43174	43174	43173	43160	43146	43159	43161	43160	43158	43155	43156	42952	42011	43164	43164	43164	43167	41304	43163	42596	43164	43026	43005	43025	43024	43027	43026	43026	42796	43024	43026	43024	43025	43024	43024	43026	43025	43030	43029	43034	43028	43171	43170	43174	43174	43174	43162	43174	43174	43174	43174	43160	43161	43142	43158	43159	43153	43154	43155	43154	43087	43171	43172	43169	43157	43169	43170	43170	38293	40827	43169	43173	43169	43173	43173	43169	42639	43158	36529	43154	43154	43154	42818	43153	43155	43141	43154	43157	43153	42059	43161	43136	39864	43158	39863	43124	43154	43155	43156	43154	43170	43174	43174	43174	43174	43171	43172	43174	43169	43168	43111	43171	43049	43166	42974	43167	43092
BAI_LP_113_Du-231	38962	43159	42858	43159	43155	43158	42259	43163	43162	42978	43163	43163	43164	43159	43160	43159	43159	43171	43180	43175	43180	43173	43177	43173	43180	43169	43163	43178	43176	43179	43180	43177	43177	43175	43175	43177	42188	43180	43176	43177	43180	43177	43180	43180	43176	43177	43180	43180	43180	43180	43180	43180	43177	43174	43180	43174	43164	43165	43166	42879	42637	43165	43162	42557	43172	43171	43171	43172	43149	43171	43067	43163	43173	43172	43159	43167	43170	43169	43172	42617	43171	43157	41788	42936	42832	41226	43175	43176	43171	43172	43156	43107	40410	43162	43165	42991	42986	42992	43022	42988	43058	43177	43180	43180	43173	43180	43180	43040	43173	43180	43180	43169	43180	43176	43180	43176	43176	43169	42994	43042	43155	43177	43177	43177	43177	43178	43176	42554	43180	43177	43177	43178	43176	43179	43177	43176	43177	43179	43177	43179	43179	43179	43180	43180	43180	43129	43180	43180	43180	43180	43180	43180	43180	43180	43180	43180	43180	43167	43153	43165	43167	43167	43165	43162	43163	42959	42018	43171	43171	43171	43173	41310	43170	42603	43171	43033	43012	43032	43031	43033	43033	43033	42803	43031	43033	43031	43032	43031	43031	43033	43032	43036	43036	43040	43035	43178	43177	43180	43180	43180	43169	43180	43180	43180	43180	43166	43167	43149	43164	43165	43160	43161	43162	43161	43087	43171	43172	43169	43156	43169	43170	43169	38292	40827	43176	43179	43176	43179	43179	43176	42645	43165	36535	43161	43161	43161	42825	43160	43162	43148	43161	43164	43160	42066	43167	43143	39870	43165	39869	43130	43161	43161	43162	43161	43177	43180	43180	43180	43180	43177	43178	43180	43176	43174	43117	43178	43055	43173	42980	43174	43098
BAI_LP_114_Du-232	38953	43151	42849	43151	43148	43150	42253	43155	43154	42967	43155	43153	43153	43151	43152	43151	43151	43168	43170	43170	43170	43170	43167	43170	43169	43170	43161	43168	43169	43169	43170	43169	43169	43167	43167	43170	42179	43170	43168	43169	43169	43169	43170	43169	43169	43169	43170	43170	43169	43170	43170	43170	43167	43166	43170	43167	43156	43157	43156	42871	42628	43157	43155	42548	43164	43163	43163	43164	43141	43163	43060	43156	43165	43164	43151	43159	43162	43161	43164	42608	43163	43151	41779	42930	42825	41223	43165	43166	43163	43164	43146	43097	40400	43155	43155	42981	42980	42982	43012	42980	43056	43169	43170	43170	43170	43170	43170	43030	43170	43170	43170	43159	43170	43166	43170	43166	43166	43159	42984	43032	43147	43169	43169	43169	43170	43168	43168	42544	43169	43170	43169	43169	43168	43168	43169	43169	43169	43169	43170	43169	43170	43169	43170	43170	43170	43119	43170	43170	43170	43170	43169	43169	43169	43169	43170	43170	43169	43157	43146	43158	43160	43159	43158	43155	43155	42951	42008	43164	43163	43163	43166	41304	43162	42596	43164	43025	43005	43024	43024	43026	43025	43025	42796	43024	43025	43024	43024	43024	43024	43025	43024	43026	43025	43030	43024	43169	43169	43170	43170	43170	43161	43170	43170	43170	43170	43156	43157	43142	43154	43155	43153	43153	43154	43153	43083	43168	43169	43169	43157	43168	43169	43170	38291	40827	43168	43169	43168	43169	43169	43168	42638	43154	36526	43154	43153	43153	42818	43152	43154	43140	43153	43153	43152	42059	43157	43135	39863	43157	39860	43122	43153	43155	43155	43153	43166	43170	43170	43170	43170	43167	43170	43170	43168	43166	43109	43167	43045	43165	42970	43166	43088
BAI_LP_319_Du-233	38947	43142	42843	43142	43139	43141	42244	43146	43145	42961	43146	43147	43147	43142	43143	43142	43142	43161	43164	43164	43164	43164	43161	43164	43163	43161	43164	43162	43160	43163	43164	43161	43160	43158	43158	43161	42171	43164	43159	43160	43163	43160	43164	43163	43160	43160	43164	43164	43163	43164	43164	43164	43161	43157	43164	43158	43147	43148	43150	42862	42622	43148	43146	42542	43155	43154	43154	43155	43132	43154	43051	43147	43156	43155	43142	43150	43153	43152	43155	42602	43154	43142	41773	42921	42816	41216	43159	43160	43154	43155	43140	43091	40394	43146	43149	42975	42971	42976	43006	42971	43050	43160	43164	43164	43164	43164	43164	43024	43164	43164	43164	43153	43164	43160	43164	43160	43160	43153	42978	43026	43138	43160	43160	43160	43161	43162	43159	42538	43163	43161	43160	43161	43159	43162	43160	43160	43160	43163	43161	43163	43163	43163	43164	43164	43164	43112	43164	43164	43164	43164	43163	43163	43163	43163	43164	43164	43163	43151	43137	43149	43151	43150	43149	43146	43146	42943	42002	43155	43154	43154	43157	41295	43153	42587	43155	43016	42996	43015	43015	43017	43016	43016	42787	43015	43016	43015	43015	43015	43015	43016	43015	43020	43019	43024	43018	43161	43160	43164	43164	43164	43152	43164	43164	43164	43164	43150	43151	43133	43148	43149	43144	43144	43145	43144	43082	43162	43163	43160	43148	43159	43161	43161	38289	40818	43159	43163	43159	43163	43163	43159	42634	43148	36524	43145	43144	43144	42809	43143	43145	43132	43145	43147	43143	42050	43151	43126	39855	43148	39854	43115	43144	43146	43146	43144	43160	43164	43164	43164	43164	43161	43162	43164	43159	43158	43101	43161	43039	43156	42964	43157	43082
COM_LP_269_Du-703	38961	43157	42857	43157	43153	43156	42258	43161	43160	42976	43161	43162	43162	43157	43158	43157	43157	43169	43179	43174	43179	43172	43176	43172	43178	43168	43162	43180	43177	43180	43180	43178	43176	43175	43175	43177	42188	43180	43175	43176	43179	43176	43180	43179	43176	43176	43180	43180	43179	43180	43180	43180	43177	43173	43180	43174	43162	43163	43165	42877	42636	43163	43160	42556	43170	43169	43169	43170	43147	43169	43065	43161	43171	43171	43158	43165	43169	43167	43170	42616	43169	43156	41787	42935	42830	41225	43175	43175	43170	43170	43154	43105	40409	43160	43163	42990	42986	42992	43022	42987	43057	43175	43179	43179	43172	43179	43179	43039	43172	43180	43180	43168	43180	43175	43180	43175	43175	43168	42994	43042	43154	43176	43176	43176	43177	43178	43175	42554	43179	43177	43176	43177	43175	43178	43176	43176	43176	43179	43177	43179	43179	43179	43180	43180	43180	43128	43180	43180	43180	43180	43179	43179	43179	43179	43180	43180	43179	43165	43151	43164	43166	43165	43163	43160	43161	42957	42016	43169	43169	43169	43172	41309	43168	42601	43169	43031	43010	43030	43029	43032	43031	43031	42801	43029	43031	43029	43030	43029	43029	43031	43030	43035	43034	43039	43033	43177	43176	43180	43180	43180	43167	43180	43180	43180	43180	43165	43166	43147	43163	43164	43158	43159	43160	43159	43086	43169	43170	43167	43155	43167	43168	43168	38292	40825	43175	43179	43175	43179	43179	43175	42644	43163	36535	43159	43159	43159	42823	43158	43160	43146	43159	43162	43158	42065	43166	43141	39869	43163	39869	43129	43159	43160	43161	43159	43176	43180	43180	43180	43180	43177	43178	43180	43175	43174	43117	43177	43055	43172	42980	43173	43098
COM_LP_270_Du-704	38959	43158	42855	43158	43154	43157	42259	43162	43161	42974	43162	43160	43160	43158	43159	43158	43158	43168	43177	43172	43177	43170	43174	43170	43176	43169	43160	43177	43178	43178	43178	43178	43177	43176	43176	43178	42188	43178	43176	43177	43177	43177	43178	43177	43177	43177	43178	43178	43177	43178	43178	43178	43175	43174	43178	43175	43163	43164	43163	42878	42634	43164	43161	42554	43171	43170	43170	43171	43148	43170	43066	43162	43172	43172	43159	43166	43170	43168	43171	42614	43170	43157	41785	42936	42831	41225	43173	43173	43171	43171	43152	43103	40407	43161	43161	42988	42987	42990	43020	42988	43055	43176	43177	43177	43170	43177	43177	43037	43170	43178	43178	43166	43178	43173	43178	43173	43173	43166	42992	43040	43155	43177	43177	43177	43178	43176	43176	42552	43177	43178	43177	43177	43176	43176	43177	43177	43177	43177	43178	43177	43178	43177	43178	43178	43178	43127	43178	43178	43178	43178	43177	43177	43177	43177	43178	43178	43177	43163	43152	43165	43167	43166	43164	43161	43162	42957	42014	43170	43170	43170	43173	41310	43169	42602	43170	43032	43011	43031	43030	43033	43032	43032	42802	43030	43032	43030	43031	43030	43030	43032	43031	43033	43032	43037	43031	43177	43177	43178	43178	43178	43168	43178	43178	43178	43178	43163	43164	43148	43161	43162	43159	43160	43161	43160	43084	43167	43168	43168	43156	43168	43168	43169	38291	40826	43176	43177	43176	43177	43177	43176	42644	43161	36533	43160	43160	43160	42824	43159	43161	43146	43159	43160	43159	42066	43164	43142	39869	43164	39867	43128	43160	43161	43162	43160	43174	43178	43178	43178	43178	43175	43178	43178	43176	43174	43117	43175	43053	43173	42978	43174	43096
COM_LP_272_Du-707	38962	43158	42858	43158	43154	43157	42259	43162	43161	42977	43162	43163	43163	43158	43159	43158	43158	43170	43180	43175	43180	43173	43177	43173	43179	43169	43163	43180	43178	43181	43181	43179	43177	43176	43176	43178	42189	43181	43176	43177	43180	43177	43181	43180	43177	43177	43181	43181	43180	43181	43181	43181	43178	43174	43181	43175	43163	43164	43166	42878	42637	43164	43161	42557	43171	43170	43170	43171	43148	43170	43066	43162	43172	43172	43159	43166	43170	43168	43171	42617	43170	43157	41788	42936	42831	41226	43176	43176	43171	43171	43155	43106	40410	43161	43164	42991	42987	42993	43023	42988	43058	43176	43180	43180	43173	43180	43180	43040	43173	43181	43181	43169	43181	43176	43181	43176	43176	43169	42995	43043	43155	43177	43177	43177	43178	43179	43176	42555	43180	43178	43177	43178	43176	43179	43177	43177	43177	43180	43178	43180	43180	43180	43181	43181	43181	43129	43181	43181	43181	43181	43180	43180	43180	43180	43181	43181	43180	43166	43152	43165	43167	43166	43164	43161	43162	42958	42017	43170	43170	43170	43173	41310	43169	42602	43170	43032	43011	43031	43030	43033	43032	43032	42802	43030	43032	43030	43031	43030	43030	43032	43031	43036	43035	43040	43034	43178	43177	43181	43181	43181	43168	43181	43181	43181	43181	43166	43167	43148	43164	43165	43159	43160	43161	43160	43087	43170	43171	43168	43156	43168	43169	43169	38293	40826	43176	43180	43176	43180	43180	43176	42645	43164	36536	43160	43160	43160	42824	43159	43161	43147	43160	43163	43159	42066	43167	43142	39870	43164	39870	43130	43160	43161	43162	43160	43177	43181	43181	43181	43181	43178	43179	43181	43176	43175	43118	43178	43056	43173	42981	43174	43099
COM_LP_274_Du-709	38963	43159	42859	43159	43155	43158	42260	43163	43162	42978	43163	43164	43164	43159	43160	43159	43159	43171	43181	43176	43181	43174	43178	43174	43180	43170	43164	43180	43178	43181	43182	43179	43178	43176	43176	43179	42189	43182	43177	43178	43181	43178	43182	43181	43178	43178	43182	43182	43181	43182	43182	43182	43179	43175	43182	43176	43164	43165	43167	42879	42638	43165	43162	42558	43172	43171	43171	43172	43149	43171	43067	43163	43173	43172	43159	43167	43170	43169	43172	42618	43171	43158	41789	42937	42832	41227	43176	43177	43171	43172	43156	43107	40411	43162	43165	42992	42988	42994	43024	42989	43059	43177	43181	43181	43174	43181	43181	43041	43174	43182	43182	43170	43182	43177	43182	43177	43177	43170	42996	43044	43156	43178	43178	43178	43179	43180	43177	42556	43181	43179	43178	43179	43177	43180	43178	43178	43178	43181	43179	43181	43181	43181	43182	43182	43182	43130	43182	43182	43182	43182	43181	43181	43181	43181	43182	43182	43181	43167	43153	43166	43168	43167	43165	43162	43163	42959	42018	43171	43171	43171	43174	41311	43170	42603	43171	43033	43012	43032	43031	43034	43033	43033	42803	43031	43033	43031	43032	43031	43031	43033	43032	43037	43036	43041	43035	43179	43178	43182	43182	43182	43169	43182	43182	43182	43182	43167	43168	43149	43165	43166	43160	43161	43162	43161	43087	43171	43172	43169	43157	43169	43170	43170	38293	40827	43177	43181	43177	43181	43181	43177	42646	43165	36536	43161	43161	43161	42825	43160	43162	43148	43161	43164	43160	42066	43168	43143	39871	43165	39870	43131	43161	43162	43163	43161	43178	43182	43182	43182	43182	43179	43180	43182	43177	43176	43119	43179	43057	43174	42982	43175	43100
COM_LP_276_Du-711	38960	43158	42856	43158	43154	43157	42259	43162	43161	42975	43162	43161	43161	43158	43159	43158	43158	43168	43178	43173	43178	43171	43175	43171	43177	43169	43161	43178	43178	43179	43179	43179	43177	43176	43176	43178	42188	43179	43176	43177	43178	43177	43179	43178	43177	43177	43179	43179	43178	43179	43179	43179	43176	43174	43179	43175	43163	43164	43164	42878	42635	43164	43161	42555	43171	43170	43170	43171	43148	43170	43066	43162	43172	43172	43159	43166	43170	43168	43171	42615	43170	43157	41786	42936	42831	41225	43174	43174	43171	43171	43153	43104	40408	43161	43162	42989	42987	42991	43021	42988	43056	43176	43178	43178	43171	43178	43178	43038	43171	43179	43179	43167	43179	43174	43179	43174	43174	43167	42993	43041	43155	43177	43177	43177	43178	43177	43176	42553	43178	43178	43177	43177	43176	43177	43177	43177	43177	43178	43178	43178	43179	43178	43179	43179	43179	43128	43179	43179	43179	43179	43178	43178	43178	43178	43179	43179	43178	43164	43152	43165	43167	43166	43164	43161	43162	42957	42015	43170	43170	43170	43173	41310	43169	42602	43170	43032	43011	43031	43030	43033	43032	43032	42802	43030	43032	43030	43031	43030	43030	43032	43031	43034	43033	43038	43032	43177	43177	43179	43179	43179	43168	43179	43179	43179	43179	43164	43165	43148	43162	43163	43159	43160	43161	43160	43085	43168	43169	43168	43156	43168	43168	43169	38292	40826	43176	43178	43176	43178	43178	43176	42644	43162	36534	43160	43160	43160	42824	43159	43161	43146	43159	43161	43159	42066	43165	43142	39869	43164	39868	43129	43160	43161	43162	43160	43175	43179	43179	43179	43179	43176	43178	43179	43176	43174	43117	43176	43054	43173	42979	43174	43097
COM_LP_277_Du-712	38959	43159	42855	43159	43155	43158	42259	43163	43162	42975	43163	43160	43161	43159	43160	43159	43159	43169	43177	43172	43177	43170	43174	43170	43177	43169	43160	43176	43177	43177	43178	43177	43178	43176	43176	43178	42188	43178	43177	43178	43178	43178	43178	43178	43177	43178	43178	43178	43178	43178	43178	43178	43175	43175	43178	43175	43164	43165	43163	42879	42634	43165	43162	42554	43172	43171	43171	43172	43149	43171	43067	43163	43173	43172	43159	43167	43170	43169	43172	42614	43171	43157	41785	42936	42832	41225	43172	43173	43171	43172	43153	43104	40407	43162	43162	42989	42987	42990	43020	42989	43055	43177	43177	43177	43170	43177	43177	43037	43170	43178	43178	43166	43178	43173	43178	43173	43173	43166	42992	43040	43156	43178	43178	43178	43178	43176	43177	42552	43178	43178	43178	43178	43177	43177	43178	43177	43178	43177	43178	43177	43178	43177	43178	43178	43178	43128	43178	43178	43178	43178	43178	43178	43178	43178	43178	43178	43178	43164	43153	43165	43167	43167	43165	43162	43163	42958	42015	43171	43171	43171	43173	41310	43170	42603	43171	43033	43012	43032	43031	43033	43033	43033	42803	43031	43033	43031	43032	43031	43031	43033	43032	43033	43033	43037	43032	43178	43178	43178	43178	43178	43169	43178	43178	43178	43178	43163	43164	43149	43161	43162	43160	43161	43162	43161	43084	43168	43169	43169	43156	43169	43169	43169	38290	40827	43177	43177	43177	43177	43177	43177	42644	43162	36532	43161	43161	43161	42825	43160	43162	43147	43160	43161	43160	42066	43164	43143	39869	43165	39866	43128	43161	43161	43162	43161	43175	43178	43178	43178	43178	43175	43178	43178	43177	43174	43117	43176	43053	43174	42978	43175	43096
COM_LP_341_Du-713	38957	43158	42854	43158	43154	43157	42257	43161	43161	42974	43162	43158	43159	43158	43158	43158	43158	43168	43175	43170	43175	43168	43172	43168	43175	43167	43158	43175	43176	43176	43176	43176	43176	43176	43176	43176	42187	43176	43176	43176	43176	43176	43176	43176	43176	43176	43176	43176	43176	43176	43176	43176	43173	43173	43176	43173	43163	43163	43161	42878	42633	43163	43161	42552	43171	43170	43170	43171	43148	43170	43066	43162	43171	43171	43159	43166	43169	43168	43171	42613	43170	43155	41783	42934	42831	41224	43171	43171	43171	43170	43151	43103	40405	43161	43161	42987	42986	42988	43018	42988	43053	43175	43175	43175	43168	43175	43175	43035	43168	43176	43176	43164	43176	43171	43176	43171	43171	43164	42990	43038	43155	43176	43176	43176	43176	43174	43176	42550	43176	43176	43176	43176	43176	43176	43176	43176	43176	43176	43176	43176	43176	43176	43176	43176	43176	43126	43176	43176	43176	43176	43176	43176	43176	43176	43176	43176	43176	43163	43152	43164	43165	43165	43164	43161	43162	42957	42014	43170	43170	43170	43171	41308	43169	42602	43170	43031	43011	43031	43030	43031	43031	43031	42802	43030	43031	43030	43031	43030	43030	43031	43031	43031	43031	43035	43031	43176	43176	43176	43176	43176	43168	43176	43176	43176	43176	43161	43162	43147	43159	43160	43159	43160	43160	43160	43083	43166	43167	43167	43155	43168	43167	43167	38289	40825	43175	43175	43175	43175	43175	43176	42642	43160	36531	43159	43160	43160	42823	43159	43160	43146	43159	43160	43159	42065	43162	43142	39867	43164	39865	43126	43160	43159	43160	43160	43173	43176	43176	43176	43176	43173	43176	43176	43176	43173	43115	43174	43051	43173	42976	43173	43094
COM_LP_342_Du-714	38957	43158	42854	43158	43154	43157	42257	43161	43161	42974	43162	43158	43159	43158	43158	43158	43158	43168	43175	43170	43175	43168	43172	43168	43175	43167	43158	43175	43176	43176	43176	43176	43176	43176	43176	43176	42187	43176	43176	43176	43176	43176	43176	43176	43176	43176	43176	43176	43176	43176	43176	43176	43173	43173	43176	43173	43163	43163	43161	42878	42633	43163	43161	42552	43171	43170	43170	43171	43148	43170	43066	43162	43171	43171	43159	43166	43169	43168	43171	42613	43170	43155	41783	42934	42831	41224	43171	43171	43171	43170	43151	43103	40405	43161	43161	42987	42986	42988	43018	42988	43053	43175	43175	43175	43168	43175	43175	43035	43168	43176	43176	43164	43176	43171	43176	43171	43171	43164	42990	43038	43155	43176	43176	43176	43176	43174	43176	42550	43176	43176	43176	43176	43176	43176	43176	43176	43176	43176	43176	43176	43176	43176	43176	43176	43176	43126	43176	43176	43176	43176	43176	43176	43176	43176	43176	43176	43176	43163	43152	43164	43165	43165	43164	43161	43162	42957	42014	43170	43170	43170	43171	41308	43169	42602	43170	43031	43011	43031	43030	43031	43031	43031	42802	43030	43031	43030	43031	43030	43030	43031	43031	43031	43031	43035	43031	43176	43176	43176	43176	43176	43168	43176	43176	43176	43176	43161	43162	43147	43159	43160	43159	43160	43160	43160	43083	43166	43167	43167	43155	43168	43167	43167	38289	40825	43175	43175	43175	43175	43175	43176	42642	43160	36531	43159	43160	43160	42823	43159	43160	43146	43159	43160	43159	42065	43162	43142	39867	43164	39865	43126	43160	43159	43160	43160	43173	43176	43176	43176	43176	43173	43176	43176	43176	43173	43115	43174	43051	43173	42976	43173	43094
COM_LP_343_Du-715	38960	43159	42856	43159	43155	43158	42260	43163	43162	42975	43163	43161	43161	43159	43160	43159	43159	43169	43178	43173	43178	43171	43175	43171	43177	43170	43161	43177	43178	43178	43179	43178	43178	43176	43176	43179	42188	43179	43177	43178	43178	43178	43179	43178	43178	43178	43179	43179	43178	43179	43179	43179	43176	43175	43179	43176	43164	43165	43164	42879	42635	43165	43162	42555	43172	43171	43171	43172	43149	43171	43067	43163	43173	43172	43159	43167	43170	43169	43172	42615	43171	43158	41786	42937	42832	41226	43173	43174	43171	43172	43153	43104	40408	43162	43162	42989	42988	42991	43021	42989	43056	43177	43178	43178	43171	43178	43178	43038	43171	43179	43179	43167	43179	43174	43179	43174	43174	43167	42993	43041	43156	43178	43178	43178	43179	43177	43177	42553	43178	43179	43178	43178	43177	43177	43178	43178	43178	43178	43179	43178	43179	43178	43179	43179	43179	43128	43179	43179	43179	43179	43178	43178	43178	43178	43179	43179	43178	43164	43153	43166	43168	43167	43165	43162	43163	42958	42015	43171	43171	43171	43174	41311	43170	42603	43171	43033	43012	43032	43031	43034	43033	43033	42803	43031	43033	43031	43032	43031	43031	43033	43032	43034	43033	43038	43032	43178	43178	43179	43179	43179	43169	43179	43179	43179	43179	43164	43165	43149	43162	43163	43160	43161	43162	43161	43084	43168	43169	43169	43157	43169	43169	43170	38291	40827	43177	43178	43177	43178	43178	43177	42645	43162	36533	43161	43161	43161	42825	43160	43162	43147	43160	43161	43160	42066	43165	43143	39870	43165	39867	43129	43161	43162	43163	43161	43175	43179	43179	43179	43179	43176	43179	43179	43177	43175	43118	43176	43054	43174	42979	43175	43097
CROB_LP_169_Du-381	37992	42169	41875	42169	42166	42168	41270	42173	42172	41987	42173	42171	42172	42169	42170	42169	42169	42180	42188	42183	42188	42181	42185	42181	42188	42179	42171	42188	42188	42189	42189	42188	42188	42187	42187	42188	42189	42189	42187	42188	42189	42188	42189	42189	42187	42188	42189	42189	42189	42189	42189	42189	42186	42185	42189	42185	42174	42175	42174	41889	41654	42175	42172	41565	42182	42181	42181	42182	42159	42181	42077	42173	42183	42183	42173	42177	42181	42179	42182	41647	42181	42173	40824	41946	41842	40249	42184	42184	42182	42182	42170	42119	39425	42172	42173	42000	41998	42002	42031	42000	42129	42187	42188	42188	42181	42188	42188	42048	42181	42189	42189	42177	42189	42184	42189	42184	42184	42177	42003	42051	42167	42188	42188	42188	42188	42187	42187	41563	42189	42188	42188	42189	42187	42188	42188	42187	42188	42188	42188	42188	42189	42188	42189	42189	42189	42139	42189	42189	42189	42189	42189	42189	42189	42189	42189	42189	42189	42176	42163	42176	42177	42177	42175	42172	42173	41975	41037	42181	42181	42181	42183	40344	42180	41628	42181	42043	42022	42042	42041	42043	42043	42043	41820	42041	42043	42041	42042	42041	42041	42043	42042	42044	42044	42048	42043	42189	42188	42189	42189	42189	42180	42189	42189	42189	42189	42174	42175	42159	42172	42173	42170	42171	42172	42171	42139	42180	42180	42179	42166	42179	42179	42179	37451	40081	42188	42189	42188	42189	42189	42187	41654	42173	35915	42171	42171	42171	41835	42170	42172	42158	42170	42172	42170	41126	42175	42153	39096	42175	39073	42139	42171	42171	42172	42171	42186	42189	42189	42189	42189	42186	42188	42189	42187	42184	42127	42187	42087	42184	41989	42185	42107
CROB_LP_170_Du-382	38963	43159	42859	43159	43155	43158	42260	43163	43162	42978	43163	43164	43164	43159	43160	43159	43159	43171	43181	43176	43181	43174	43178	43174	43180	43170	43164	43180	43178	43181	43182	43179	43178	43176	43176	43179	42189	43182	43177	43178	43181	43178	43182	43181	43178	43178	43182	43182	43181	43182	43182	43182	43179	43175	43182	43176	43164	43165	43167	42879	42638	43165	43162	42558	43172	43171	43171	43172	43149	43171	43067	43163	43173	43172	43159	43167	43170	43169	43172	42618	43171	43158	41789	42937	42832	41227	43176	43177	43171	43172	43156	43107	40411	43162	43165	42992	42988	42994	43024	42989	43059	43177	43181	43181	43174	43181	43181	43041	43174	43182	43182	43170	43182	43177	43182	43177	43177	43170	42996	43044	43156	43178	43178	43178	43179	43180	43177	42556	43181	43179	43178	43179	43177	43180	43178	43178	43178	43181	43179	43181	43181	43181	43182	43182	43182	43130	43182	43182	43182	43182	43181	43181	43181	43181	43182	43182	43181	43167	43153	43166	43168	43167	43165	43162	43163	42959	42018	43171	43171	43171	43174	41311	43170	42603	43171	43033	43012	43032	43031	43034	43033	43033	42803	43031	43033	43031	43032	43031	43031	43033	43032	43037	43036	43041	43035	43179	43178	43182	43182	43182	43169	43182	43182	43182	43182	43167	43168	43149	43165	43166	43160	43161	43162	43161	43087	43171	43172	43169	43157	43169	43170	43170	38293	40827	43177	43181	43177	43181	43181	43177	42646	43165	36536	43161	43161	43161	42825	43160	43162	43148	43161	43164	43160	42066	43168	43143	39871	43165	39870	43131	43161	43162	43163	43161	43178	43182	43182	43182	43182	43179	43180	43182	43177	43176	43119	43179	43057	43174	42982	43175	43100
CROB_LP_172_Du-384	38958	43159	42855	43159	43155	43158	42258	43162	43162	42975	43163	43159	43160	43159	43159	43159	43159	43169	43176	43171	43176	43169	43173	43169	43176	43168	43159	43175	43176	43176	43177	43176	43177	43176	43176	43177	42187	43177	43177	43177	43177	43177	43177	43177	43177	43177	43177	43177	43177	43177	43177	43177	43174	43174	43177	43174	43164	43164	43162	42879	42634	43164	43162	42553	43172	43171	43171	43172	43149	43171	43067	43163	43172	43171	43159	43167	43169	43169	43172	42614	43171	43156	41784	42935	42832	41225	43171	43172	43171	43171	43152	43104	40406	43162	43162	42988	42987	42989	43019	42989	43054	43176	43176	43176	43169	43176	43176	43036	43169	43177	43177	43165	43177	43172	43177	43172	43172	43165	42991	43039	43156	43177	43177	43177	43177	43175	43177	42551	43177	43177	43177	43177	43177	43177	43177	43177	43177	43177	43177	43177	43177	43177	43177	43177	43177	43127	43177	43177	43177	43177	43177	43177	43177	43177	43177	43177	43177	43164	43153	43165	43166	43166	43165	43162	43163	42958	42015	43171	43171	43171	43172	41309	43170	42603	43171	43032	43012	43032	43031	43032	43032	43032	42803	43031	43032	43031	43032	43031	43031	43032	43032	43032	43032	43036	43032	43177	43177	43177	43177	43177	43169	43177	43177	43177	43177	43162	43163	43148	43160	43161	43160	43161	43161	43161	43083	43167	43168	43168	43156	43169	43168	43168	38289	40826	43176	43176	43176	43176	43176	43177	42643	43161	36531	43160	43161	43161	42824	43160	43161	43147	43160	43161	43160	42065	43163	43143	39868	43165	39865	43127	43161	43160	43161	43161	43174	43177	43177	43177	43177	43174	43177	43177	43177	43174	43116	43175	43052	43174	42977	43174	43095
CROB_LP_173_Du-385	38959	43159	42855	43159	43155	43158	42259	43163	43162	42975	43163	43160	43161	43159	43160	43159	43159	43169	43177	43172	43177	43170	43174	43170	43177	43169	43160	43176	43177	43177	43178	43177	43178	43176	43176	43178	42188	43178	43177	43178	43178	43178	43178	43178	43177	43178	43178	43178	43178	43178	43178	43178	43175	43175	43178	43175	43164	43165	43163	42879	42634	43165	43162	42554	43172	43171	43171	43172	43149	43171	43067	43163	43173	43172	43159	43167	43170	43169	43172	42614	43171	43157	41785	42936	42832	41225	43172	43173	43171	43172	43153	43104	40407	43162	43162	42989	42987	42990	43020	42989	43055	43177	43177	43177	43170	43177	43177	43037	43170	43178	43178	43166	43178	43173	43178	43173	43173	43166	42992	43040	43156	43178	43178	43178	43178	43176	43177	42552	43178	43178	43178	43178	43177	43177	43178	43177	43178	43177	43178	43177	43178	43177	43178	43178	43178	43128	43178	43178	43178	43178	43178	43178	43178	43178	43178	43178	43178	43164	43153	43165	43167	43167	43165	43162	43163	42958	42015	43171	43171	43171	43173	41310	43170	42603	43171	43033	43012	43032	43031	43033	43033	43033	42803	43031	43033	43031	43032	43031	43031	43033	43032	43033	43033	43037	43032	43178	43178	43178	43178	43178	43169	43178	43178	43178	43178	43163	43164	43149	43161	43162	43160	43161	43162	43161	43084	43168	43169	43169	43156	43169	43169	43169	38290	40827	43177	43177	43177	43177	43177	43177	42644	43162	36532	43161	43161	43161	42825	43160	43162	43147	43160	43161	43160	42066	43164	43143	39869	43165	39866	43128	43161	43161	43162	43161	43175	43178	43178	43178	43178	43175	43178	43178	43177	43174	43117	43176	43053	43174	42978	43175	43096
CROB_LP_174_Du-386	38962	43159	42858	43159	43155	43158	42259	43163	43162	42978	43163	43163	43164	43159	43160	43159	43159	43171	43180	43175	43180	43173	43177	43173	43180	43169	43163	43179	43177	43180	43181	43178	43178	43176	43176	43178	42189	43181	43177	43178	43181	43178	43181	43181	43177	43178	43181	43181	43181	43181	43181	43181	43178	43175	43181	43175	43164	43165	43166	42879	42637	43165	43162	42557	43172	43171	43171	43172	43149	43171	43067	43163	43173	43172	43159	43167	43170	43169	43172	42617	43171	43157	41788	42936	42832	41226	43175	43176	43171	43172	43156	43107	40410	43162	43165	42992	42987	42993	43023	42989	43058	43177	43180	43180	43173	43180	43180	43040	43173	43181	43181	43169	43181	43176	43181	43176	43176	43169	42995	43043	43156	43178	43178	43178	43178	43179	43177	42555	43181	43178	43178	43179	43177	43180	43178	43177	43178	43180	43178	43180	43180	43180	43181	43181	43181	43130	43181	43181	43181	43181	43181	43181	43181	43181	43181	43181	43181	43167	43153	43165	43167	43167	43165	43162	43163	42959	42018	43171	43171	43171	43173	41310	43170	42603	43171	43033	43012	43032	43031	43033	43033	43033	42803	43031	43033	43031	43032	43031	43031	43033	43032	43036	43036	43040	43035	43179	43178	43181	43181	43181	43169	43181	43181	43181	43181	43166	43167	43149	43164	43165	43160	43161	43162	43161	43087	43171	43172	43169	43156	43169	43170	43169	38292	40827	43177	43180	43177	43180	43180	43177	42645	43165	36535	43161	43161	43161	42825	43160	43162	43148	43161	43164	43160	42066	43167	43143	39870	43165	39869	43130	43161	43161	43162	43161	43178	43181	43181	43181	43181	43178	43179	43181	43177	43175	43118	43179	43056	43174	42981	43175	43099
CROB_LP_175_Du-387	38959	43159	42855	43159	43155	43158	42259	43163	43162	42975	43163	43160	43161	43159	43160	43159	43159	43169	43177	43172	43177	43170	43174	43170	43177	43169	43160	43176	43177	43177	43178	43177	43178	43176	43176	43178	42188	43178	43177	43178	43178	43178	43178	43178	43177	43178	43178	43178	43178	43178	43178	43178	43175	43175	43178	43175	43164	43165	43163	42879	42634	43165	43162	42554	43172	43171	43171	43172	43149	43171	43067	43163	43173	43172	43159	43167	43170	43169	43172	42614	43171	43157	41785	42936	42832	41225	43172	43173	43171	43172	43153	43104	40407	43162	43162	42989	42987	42990	43020	42989	43055	43177	43177	43177	43170	43177	43177	43037	43170	43178	43178	43166	43178	43173	43178	43173	43173	43166	42992	43040	43156	43178	43178	43178	43178	43176	43177	42552	43178	43178	43178	43178	43177	43177	43178	43177	43178	43177	43178	43177	43178	43177	43178	43178	43178	43128	43178	43178	43178	43178	43178	43178	43178	43178	43178	43178	43178	43164	43153	43165	43167	43167	43165	43162	43163	42958	42015	43171	43171	43171	43173	41310	43170	42603	43171	43033	43012	43032	43031	43033	43033	43033	42803	43031	43033	43031	43032	43031	43031	43033	43032	43033	43033	43037	43032	43178	43178	43178	43178	43178	43169	43178	43178	43178	43178	43163	43164	43149	43161	43162	43160	43161	43162	43161	43084	43168	43169	43169	43156	43169	43169	43169	38290	40827	43177	43177	43177	43177	43177	43177	42644	43162	36532	43161	43161	43161	42825	43160	43162	43147	43160	43161	43160	42066	43164	43143	39869	43165	39866	43128	43161	43161	43162	43161	43175	43178	43178	43178	43178	43175	43178	43178	43177	43174	43117	43176	43053	43174	42978	43175	43096
CROB_LP_176_Du-388	38963	43159	42859	43159	43155	43158	42260	43163	43162	42978	43163	43164	43164	43159	43160	43159	43159	43171	43181	43176	43181	43174	43178	43174	43180	43170	43164	43180	43178	43181	43182	43179	43178	43176	43176	43179	42189	43182	43177	43178	43181	43178	43182	43181	43178	43178	43182	43182	43181	43182	43182	43182	43179	43175	43182	43176	43164	43165	43167	42879	42638	43165	43162	42558	43172	43171	43171	43172	43149	43171	43067	43163	43173	43172	43159	43167	43170	43169	43172	42618	43171	43158	41789	42937	42832	41227	43176	43177	43171	43172	43156	43107	40411	43162	43165	42992	42988	42994	43024	42989	43059	43177	43181	43181	43174	43181	43181	43041	43174	43182	43182	43170	43182	43177	43182	43177	43177	43170	42996	43044	43156	43178	43178	43178	43179	43180	43177	42556	43181	43179	43178	43179	43177	43180	43178	43178	43178	43181	43179	43181	43181	43181	43182	43182	43182	43130	43182	43182	43182	43182	43181	43181	43181	43181	43182	43182	43181	43167	43153	43166	43168	43167	43165	43162	43163	42959	42018	43171	43171	43171	43174	41311	43170	42603	43171	43033	43012	43032	43031	43034	43033	43033	42803	43031	43033	43031	43032	43031	43031	43033	43032	43037	43036	43041	43035	43179	43178	43182	43182	43182	43169	43182	43182	43182	43182	43167	43168	43149	43165	43166	43160	43161	43162	43161	43087	43171	43172	43169	43157	43169	43170	43170	38293	40827	43177	43181	43177	43181	43181	43177	42646	43165	36536	43161	43161	43161	42825	43160	43162	43148	43161	43164	43160	42066	43168	43143	39871	43165	39870	43131	43161	43162	43163	43161	43178	43182	43182	43182	43182	43179	43180	43182	43177	43176	43119	43179	43057	43174	42982	43175	43100
CROB_LP_177_Du-389	38962	43159	42858	43159	43155	43158	42259	43163	43162	42978	43163	43163	43164	43159	43160	43159	43159	43171	43180	43175	43180	43173	43177	43173	43180	43169	43163	43179	43177	43180	43181	43178	43178	43176	43176	43178	42189	43181	43177	43178	43181	43178	43181	43181	43177	43178	43181	43181	43181	43181	43181	43181	43178	43175	43181	43175	43164	43165	43166	42879	42637	43165	43162	42557	43172	43171	43171	43172	43149	43171	43067	43163	43173	43172	43159	43167	43170	43169	43172	42617	43171	43157	41788	42936	42832	41226	43175	43176	43171	43172	43156	43107	40410	43162	43165	42992	42987	42993	43023	42989	43058	43177	43180	43180	43173	43180	43180	43040	43173	43181	43181	43169	43181	43176	43181	43176	43176	43169	42995	43043	43156	43178	43178	43178	43178	43179	43177	42555	43181	43178	43178	43179	43177	43180	43178	43177	43178	43180	43178	43180	43180	43180	43181	43181	43181	43130	43181	43181	43181	43181	43181	43181	43181	43181	43181	43181	43181	43167	43153	43165	43167	43167	43165	43162	43163	42959	42018	43171	43171	43171	43173	41310	43170	42603	43171	43033	43012	43032	43031	43033	43033	43033	42803	43031	43033	43031	43032	43031	43031	43033	43032	43036	43036	43040	43035	43179	43178	43181	43181	43181	43169	43181	43181	43181	43181	43166	43167	43149	43164	43165	43160	43161	43162	43161	43087	43171	43172	43169	43156	43169	43170	43169	38292	40827	43177	43180	43177	43180	43180	43177	42645	43165	36535	43161	43161	43161	42825	43160	43162	43148	43161	43164	43160	42066	43167	43143	39870	43165	39869	43130	43161	43161	43162	43161	43178	43181	43181	43181	43181	43178	43179	43181	43177	43175	43118	43179	43056	43174	42981	43175	43099
CROB_LP_320_Du-395	38959	43159	42856	43159	43155	43158	42259	43162	43162	42975	43163	43160	43160	43159	43159	43159	43159	43169	43177	43172	43177	43170	43174	43170	43176	43169	43160	43176	43177	43177	43178	43177	43177	43176	43176	43178	42187	43178	43177	43177	43177	43177	43178	43177	43178	43177	43178	43178	43177	43178	43178	43178	43175	43174	43178	43175	43164	43164	43163	42879	42635	43164	43162	42554	43172	43171	43171	43172	43149	43171	43067	43163	43172	43171	43159	43167	43169	43169	43172	42615	43171	43157	41785	42936	42832	41226	43172	43173	43171	43171	43152	43104	40407	43162	43162	42988	42988	42990	43020	42989	43055	43176	43177	43177	43170	43177	43177	43037	43170	43178	43178	43166	43178	43173	43178	43173	43173	43166	42992	43040	43156	43177	43177	43177	43178	43176	43177	42552	43177	43178	43177	43177	43177	43177	43177	43178	43177	43178	43178	43178	43178	43178	43178	43178	43178	43127	43178	43178	43178	43178	43177	43177	43177	43177	43178	43178	43177	43164	43153	43166	43167	43166	43165	43162	43163	42958	42015	43171	43171	43171	43173	41310	43170	42603	43171	43032	43012	43032	43031	43033	43032	43032	42803	43031	43032	43031	43032	43031	43031	43032	43032	43033	43032	43037	43032	43177	43177	43178	43178	43178	43169	43178	43178	43178	43178	43163	43164	43148	43161	43162	43160	43161	43161	43161	43083	43167	43168	43168	43157	43169	43168	43169	38290	40826	43176	43177	43176	43177	43177	43177	42644	43161	36532	43160	43161	43161	42824	43160	43161	43147	43160	43161	43160	42065	43164	43143	39869	43165	39866	43128	43161	43161	43162	43161	43174	43178	43178	43178	43178	43175	43178	43178	43177	43175	43117	43175	43053	43174	42978	43174	43096
CROB_LP_321_Du-396	38959	43159	42855	43159	43155	43158	42259	43163	43162	42975	43163	43160	43161	43159	43160	43159	43159	43169	43177	43172	43177	43170	43174	43170	43177	43169	43160	43176	43177	43177	43178	43177	43178	43176	43176	43178	42188	43178	43177	43178	43178	43178	43178	43178	43177	43178	43178	43178	43178	43178	43178	43178	43175	43175	43178	43175	43164	43165	43163	42879	42634	43165	43162	42554	43172	43171	43171	43172	43149	43171	43067	43163	43173	43172	43159	43167	43170	43169	43172	42614	43171	43157	41785	42936	42832	41225	43172	43173	43171	43172	43153	43104	40407	43162	43162	42989	42987	42990	43020	42989	43055	43177	43177	43177	43170	43177	43177	43037	43170	43178	43178	43166	43178	43173	43178	43173	43173	43166	42992	43040	43156	43178	43178	43178	43178	43176	43177	42552	43178	43178	43178	43178	43177	43177	43178	43177	43178	43177	43178	43177	43178	43177	43178	43178	43178	43128	43178	43178	43178	43178	43178	43178	43178	43178	43178	43178	43178	43164	43153	43165	43167	43167	43165	43162	43163	42958	42015	43171	43171	43171	43173	41310	43170	42603	43171	43033	43012	43032	43031	43033	43033	43033	42803	43031	43033	43031	43032	43031	43031	43033	43032	43033	43033	43037	43032	43178	43178	43178	43178	43178	43169	43178	43178	43178	43178	43163	43164	43149	43161	43162	43160	43161	43162	43161	43084	43168	43169	43169	43156	43169	43169	43169	38290	40827	43177	43177	43177	43177	43177	43177	42644	43162	36532	43161	43161	43161	42825	43160	43162	43147	43160	43161	43160	42066	43164	43143	39869	43165	39866	43128	43161	43161	43162	43161	43175	43178	43178	43178	43178	43175	43178	43178	43177	43174	43117	43176	43053	43174	42978	43175	43096
CROS_LP_085_Du-181	38963	43159	42859	43159	43155	43158	42260	43163	43162	42978	43163	43164	43164	43159	43160	43159	43159	43171	43181	43176	43181	43174	43178	43174	43180	43170	43164	43180	43178	43181	43182	43179	43178	43176	43176	43179	42189	43182	43177	43178	43181	43178	43182	43181	43178	43178	43182	43182	43181	43182	43182	43182	43179	43175	43182	43176	43164	43165	43167	42879	42638	43165	43162	42558	43172	43171	43171	43172	43149	43171	43067	43163	43173	43172	43159	43167	43170	43169	43172	42618	43171	43158	41789	42937	42832	41227	43176	43177	43171	43172	43156	43107	40411	43162	43165	42992	42988	42994	43024	42989	43059	43177	43181	43181	43174	43181	43181	43041	43174	43182	43182	43170	43182	43177	43182	43177	43177	43170	42996	43044	43156	43178	43178	43178	43179	43180	43177	42556	43181	43179	43178	43179	43177	43180	43178	43178	43178	43181	43179	43181	43181	43181	43182	43182	43182	43130	43182	43182	43182	43182	43181	43181	43181	43181	43182	43182	43181	43167	43153	43166	43168	43167	43165	43162	43163	42959	42018	43171	43171	43171	43174	41311	43170	42603	43171	43033	43012	43032	43031	43034	43033	43033	42803	43031	43033	43031	43032	43031	43031	43033	43032	43037	43036	43041	43035	43179	43178	43182	43182	43182	43169	43182	43182	43182	43182	43167	43168	43149	43165	43166	43160	43161	43162	43161	43087	43171	43172	43169	43157	43169	43170	43170	38293	40827	43177	43181	43177	43181	43181	43177	42646	43165	36536	43161	43161	43161	42825	43160	43162	43148	43161	43164	43160	42066	43168	43143	39871	43165	39870	43131	43161	43162	43163	43161	43178	43182	43182	43182	43182	43179	43180	43182	43177	43176	43119	43179	43057	43174	42982	43175	43100
CROS_LP_086_Du-182	38963	43159	42859	43159	43155	43158	42260	43163	43162	42978	43163	43164	43164	43159	43160	43159	43159	43171	43181	43176	43181	43174	43178	43174	43180	43170	43164	43180	43178	43181	43182	43179	43178	43176	43176	43179	42189	43182	43177	43178	43181	43178	43182	43181	43178	43178	43182	43182	43181	43182	43182	43182	43179	43175	43182	43176	43164	43165	43167	42879	42638	43165	43162	42558	43172	43171	43171	43172	43149	43171	43067	43163	43173	43172	43159	43167	43170	43169	43172	42618	43171	43158	41789	42937	42832	41227	43176	43177	43171	43172	43156	43107	40411	43162	43165	42992	42988	42994	43024	42989	43059	43177	43181	43181	43174	43181	43181	43041	43174	43182	43182	43170	43182	43177	43182	43177	43177	43170	42996	43044	43156	43178	43178	43178	43179	43180	43177	42556	43181	43179	43178	43179	43177	43180	43178	43178	43178	43181	43179	43181	43181	43181	43182	43182	43182	43130	43182	43182	43182	43182	43181	43181	43181	43181	43182	43182	43181	43167	43153	43166	43168	43167	43165	43162	43163	42959	42018	43171	43171	43171	43174	41311	43170	42603	43171	43033	43012	43032	43031	43034	43033	43033	42803	43031	43033	43031	43032	43031	43031	43033	43032	43037	43036	43041	43035	43179	43178	43182	43182	43182	43169	43182	43182	43182	43182	43167	43168	43149	43165	43166	43160	43161	43162	43161	43087	43171	43172	43169	43157	43169	43170	43170	38293	40827	43177	43181	43177	43181	43181	43177	42646	43165	36536	43161	43161	43161	42825	43160	43162	43148	43161	43164	43160	42066	43168	43143	39871	43165	39870	43131	43161	43162	43163	43161	43178	43182	43182	43182	43182	43179	43180	43182	43177	43176	43119	43179	43057	43174	42982	43175	43100
CROS_LP_087_Du-183	38962	43159	42858	43159	43155	43158	42259	43163	43162	42978	43163	43163	43164	43159	43160	43159	43159	43171	43180	43175	43180	43173	43177	43173	43180	43169	43163	43179	43177	43180	43181	43178	43178	43176	43176	43178	42189	43181	43177	43178	43181	43178	43181	43181	43177	43178	43181	43181	43181	43181	43181	43181	43178	43175	43181	43175	43164	43165	43166	42879	42637	43165	43162	42557	43172	43171	43171	43172	43149	43171	43067	43163	43173	43172	43159	43167	43170	43169	43172	42617	43171	43157	41788	42936	42832	41226	43175	43176	43171	43172	43156	43107	40410	43162	43165	42992	42987	42993	43023	42989	43058	43177	43180	43180	43173	43180	43180	43040	43173	43181	43181	43169	43181	43176	43181	43176	43176	43169	42995	43043	43156	43178	43178	43178	43178	43179	43177	42555	43181	43178	43178	43179	43177	43180	43178	43177	43178	43180	43178	43180	43180	43180	43181	43181	43181	43130	43181	43181	43181	43181	43181	43181	43181	43181	43181	43181	43181	43167	43153	43165	43167	43167	43165	43162	43163	42959	42018	43171	43171	43171	43173	41310	43170	42603	43171	43033	43012	43032	43031	43033	43033	43033	42803	43031	43033	43031	43032	43031	43031	43033	43032	43036	43036	43040	43035	43179	43178	43181	43181	43181	43169	43181	43181	43181	43181	43166	43167	43149	43164	43165	43160	43161	43162	43161	43087	43171	43172	43169	43156	43169	43170	43169	38292	40827	43177	43180	43177	43180	43180	43177	42645	43165	36535	43161	43161	43161	42825	43160	43162	43148	43161	43164	43160	42066	43167	43143	39870	43165	39869	43130	43161	43161	43162	43161	43178	43181	43181	43181	43181	43178	43179	43181	43177	43175	43118	43179	43056	43174	42981	43175	43099
CROS_LP_088_Du-184	38963	43159	42859	43159	43155	43158	42260	43163	43162	42978	43163	43164	43164	43159	43160	43159	43159	43171	43181	43176	43181	43174	43178	43174	43180	43170	43164	43180	43178	43181	43182	43179	43178	43176	43176	43179	42189	43182	43177	43178	43181	43178	43182	43181	43178	43178	43182	43182	43181	43182	43182	43182	43179	43175	43182	43176	43164	43165	43167	42879	42638	43165	43162	42558	43172	43171	43171	43172	43149	43171	43067	43163	43173	43172	43159	43167	43170	43169	43172	42618	43171	43158	41789	42937	42832	41227	43176	43177	43171	43172	43156	43107	40411	43162	43165	42992	42988	42994	43024	42989	43059	43177	43181	43181	43174	43181	43181	43041	43174	43182	43182	43170	43182	43177	43182	43177	43177	43170	42996	43044	43156	43178	43178	43178	43179	43180	43177	42556	43181	43179	43178	43179	43177	43180	43178	43178	43178	43181	43179	43181	43181	43181	43182	43182	43182	43130	43182	43182	43182	43182	43181	43181	43181	43181	43182	43182	43181	43167	43153	43166	43168	43167	43165	43162	43163	42959	42018	43171	43171	43171	43174	41311	43170	42603	43171	43033	43012	43032	43031	43034	43033	43033	42803	43031	43033	43031	43032	43031	43031	43033	43032	43037	43036	43041	43035	43179	43178	43182	43182	43182	43169	43182	43182	43182	43182	43167	43168	43149	43165	43166	43160	43161	43162	43161	43087	43171	43172	43169	43157	43169	43170	43170	38293	40827	43177	43181	43177	43181	43181	43177	42646	43165	36536	43161	43161	43161	42825	43160	43162	43148	43161	43164	43160	42066	43168	43143	39871	43165	39870	43131	43161	43162	43163	43161	43178	43182	43182	43182	43182	43179	43180	43182	43177	43176	43119	43179	43057	43174	42982	43175	43100
CROS_LP_089_Du-185	38963	43159	42859	43159	43155	43158	42260	43163	43162	42978	43163	43164	43164	43159	43160	43159	43159	43171	43181	43176	43181	43174	43178	43174	43180	43170	43164	43180	43178	43181	43182	43179	43178	43176	43176	43179	42189	43182	43177	43178	43181	43178	43182	43181	43178	43178	43182	43182	43181	43182	43182	43182	43179	43175	43182	43176	43164	43165	43167	42879	42638	43165	43162	42558	43172	43171	43171	43172	43149	43171	43067	43163	43173	43172	43159	43167	43170	43169	43172	42618	43171	43158	41789	42937	42832	41227	43176	43177	43171	43172	43156	43107	40411	43162	43165	42992	42988	42994	43024	42989	43059	43177	43181	43181	43174	43181	43181	43041	43174	43182	43182	43170	43182	43177	43182	43177	43177	43170	42996	43044	43156	43178	43178	43178	43179	43180	43177	42556	43181	43179	43178	43179	43177	43180	43178	43178	43178	43181	43179	43181	43181	43181	43182	43182	43182	43130	43182	43182	43182	43182	43181	43181	43181	43181	43182	43182	43181	43167	43153	43166	43168	43167	43165	43162	43163	42959	42018	43171	43171	43171	43174	41311	43170	42603	43171	43033	43012	43032	43031	43034	43033	43033	42803	43031	43033	43031	43032	43031	43031	43033	43032	43037	43036	43041	43035	43179	43178	43182	43182	43182	43169	43182	43182	43182	43182	43167	43168	43149	43165	43166	43160	43161	43162	43161	43087	43171	43172	43169	43157	43169	43170	43170	38293	40827	43177	43181	43177	43181	43181	43177	42646	43165	36536	43161	43161	43161	42825	43160	43162	43148	43161	43164	43160	42066	43168	43143	39871	43165	39870	43131	43161	43162	43163	43161	43178	43182	43182	43182	43182	43179	43180	43182	43177	43176	43119	43179	43057	43174	42982	43175	43100
CROS_LP_090_Du-186	38963	43159	42859	43159	43155	43158	42260	43163	43162	42978	43163	43164	43164	43159	43160	43159	43159	43171	43181	43176	43181	43174	43178	43174	43180	43170	43164	43180	43178	43181	43182	43179	43178	43176	43176	43179	42189	43182	43177	43178	43181	43178	43182	43181	43178	43178	43182	43182	43181	43182	43182	43182	43179	43175	43182	43176	43164	43165	43167	42879	42638	43165	43162	42558	43172	43171	43171	43172	43149	43171	43067	43163	43173	43172	43159	43167	43170	43169	43172	42618	43171	43158	41789	42937	42832	41227	43176	43177	43171	43172	43156	43107	40411	43162	43165	42992	42988	42994	43024	42989	43059	43177	43181	43181	43174	43181	43181	43041	43174	43182	43182	43170	43182	43177	43182	43177	43177	43170	42996	43044	43156	43178	43178	43178	43179	43180	43177	42556	43181	43179	43178	43179	43177	43180	43178	43178	43178	43181	43179	43181	43181	43181	43182	43182	43182	43130	43182	43182	43182	43182	43181	43181	43181	43181	43182	43182	43181	43167	43153	43166	43168	43167	43165	43162	43163	42959	42018	43171	43171	43171	43174	41311	43170	42603	43171	43033	43012	43032	43031	43034	43033	43033	42803	43031	43033	43031	43032	43031	43031	43033	43032	43037	43036	43041	43035	43179	43178	43182	43182	43182	43169	43182	43182	43182	43182	43167	43168	43149	43165	43166	43160	43161	43162	43161	43087	43171	43172	43169	43157	43169	43170	43170	38293	40827	43177	43181	43177	43181	43181	43177	42646	43165	36536	43161	43161	43161	42825	43160	43162	43148	43161	43164	43160	42066	43168	43143	39871	43165	39870	43131	43161	43162	43163	43161	43178	43182	43182	43182	43182	43179	43180	43182	43177	43176	43119	43179	43057	43174	42982	43175	43100
CROS_LP_091_Du-187	38960	43156	42856	43156	43152	43155	42257	43160	43159	42975	43160	43161	43161	43156	43157	43156	43156	43168	43178	43173	43178	43171	43175	43171	43177	43167	43161	43177	43175	43178	43179	43176	43175	43173	43173	43176	42186	43179	43174	43175	43178	43175	43179	43178	43175	43175	43179	43179	43178	43179	43179	43179	43179	43175	43179	43176	43161	43162	43164	42876	42635	43162	43159	42555	43169	43168	43168	43169	43146	43168	43064	43160	43170	43169	43156	43164	43167	43166	43169	42615	43168	43155	41789	42934	42829	41224	43173	43174	43168	43169	43153	43104	40408	43159	43162	42989	42985	42991	43021	42986	43056	43174	43178	43178	43171	43178	43178	43038	43171	43179	43179	43167	43179	43174	43179	43174	43174	43167	42993	43041	43153	43175	43175	43175	43176	43177	43174	42553	43178	43176	43175	43176	43174	43177	43175	43175	43175	43178	43176	43178	43178	43178	43179	43179	43179	43127	43179	43179	43179	43179	43178	43178	43178	43178	43179	43179	43178	43164	43150	43163	43165	43164	43162	43159	43160	42956	42015	43168	43168	43168	43171	41308	43167	42600	43168	43030	43009	43029	43028	43031	43030	43030	42800	43028	43030	43028	43029	43028	43028	43030	43029	43034	43033	43038	43032	43176	43175	43179	43179	43179	43166	43179	43179	43179	43179	43164	43165	43146	43162	43163	43157	43158	43159	43158	43084	43168	43169	43166	43154	43166	43167	43167	38290	40824	43174	43178	43174	43178	43178	43174	42643	43162	36533	43158	43158	43158	42822	43157	43159	43145	43158	43161	43157	42063	43165	43140	39868	43162	39867	43128	43158	43159	43160	43158	43178	43179	43179	43179	43179	43179	43177	43179	43174	43176	43119	43176	43054	43174	42979	43175	43100
CROS_LP_092_Du-188	38956	43156	42852	43156	43152	43155	42256	43160	43159	42972	43160	43157	43158	43156	43157	43156	43156	43166	43174	43169	43174	43167	43171	43167	43174	43166	43157	43173	43174	43174	43175	43174	43175	43173	43173	43175	42185	43175	43174	43175	43175	43175	43175	43175	43174	43175	43175	43175	43175	43175	43175	43175	43175	43175	43175	43175	43161	43162	43160	42876	42631	43162	43159	42551	43169	43168	43168	43169	43146	43168	43064	43160	43170	43169	43156	43164	43167	43166	43169	42611	43168	43154	41785	42933	42829	41222	43169	43170	43168	43169	43150	43101	40404	43159	43159	42986	42984	42987	43017	42986	43052	43174	43174	43174	43167	43174	43174	43034	43167	43175	43175	43163	43175	43170	43175	43170	43170	43163	42989	43037	43153	43175	43175	43175	43175	43173	43174	42549	43175	43175	43175	43175	43174	43174	43175	43174	43175	43174	43175	43174	43175	43174	43175	43175	43175	43125	43175	43175	43175	43175	43175	43175	43175	43175	43175	43175	43175	43161	43150	43162	43164	43164	43162	43159	43160	42955	42012	43168	43168	43168	43170	41307	43167	42600	43168	43030	43009	43029	43028	43030	43030	43030	42800	43028	43030	43028	43029	43028	43028	43030	43029	43030	43030	43034	43029	43175	43175	43175	43175	43175	43166	43175	43175	43175	43175	43160	43161	43146	43158	43159	43157	43158	43159	43158	43081	43165	43166	43166	43153	43166	43166	43166	38287	40824	43174	43174	43174	43174	43174	43174	42641	43159	36529	43158	43158	43158	42822	43157	43159	43144	43157	43158	43157	42063	43161	43140	39866	43162	39863	43125	43158	43158	43159	43158	43175	43175	43175	43175	43175	43175	43175	43175	43174	43174	43117	43173	43050	43174	42975	43175	43096
CROS_LP_093_Du-189	38963	43159	42859	43159	43155	43158	42260	43163	43162	42978	43163	43164	43164	43159	43160	43159	43159	43171	43181	43176	43181	43174	43178	43174	43180	43170	43164	43180	43178	43181	43182	43179	43178	43176	43176	43179	42189	43182	43177	43178	43181	43178	43182	43181	43178	43178	43182	43182	43181	43182	43182	43182	43179	43175	43182	43176	43164	43165	43167	42879	42638	43165	43162	42558	43172	43171	43171	43172	43149	43171	43067	43163	43173	43172	43159	43167	43170	43169	43172	42618	43171	43158	41789	42937	42832	41227	43176	43177	43171	43172	43156	43107	40411	43162	43165	42992	42988	42994	43024	42989	43059	43177	43181	43181	43174	43181	43181	43041	43174	43182	43182	43170	43182	43177	43182	43177	43177	43170	42996	43044	43156	43178	43178	43178	43179	43180	43177	42556	43181	43179	43178	43179	43177	43180	43178	43178	43178	43181	43179	43181	43181	43181	43182	43182	43182	43130	43182	43182	43182	43182	43181	43181	43181	43181	43182	43182	43181	43167	43153	43166	43168	43167	43165	43162	43163	42959	42018	43171	43171	43171	43174	41311	43170	42603	43171	43033	43012	43032	43031	43034	43033	43033	42803	43031	43033	43031	43032	43031	43031	43033	43032	43037	43036	43041	43035	43179	43178	43182	43182	43182	43169	43182	43182	43182	43182	43167	43168	43149	43165	43166	43160	43161	43162	43161	43087	43171	43172	43169	43157	43169	43170	43170	38293	40827	43177	43181	43177	43181	43181	43177	42646	43165	36536	43161	43161	43161	42825	43160	43162	43148	43161	43164	43160	42066	43168	43143	39871	43165	39870	43131	43161	43162	43163	43161	43178	43182	43182	43182	43182	43179	43180	43182	43177	43176	43119	43179	43057	43174	42982	43175	43100
CROS_LP_094_Du-190	38957	43156	42853	43156	43152	43155	42257	43160	43159	42972	43160	43158	43158	43156	43157	43156	43156	43166	43175	43170	43175	43168	43172	43168	43174	43167	43158	43174	43175	43175	43176	43175	43175	43173	43173	43176	42185	43176	43174	43175	43175	43175	43176	43175	43175	43175	43176	43176	43175	43176	43176	43176	43176	43175	43176	43176	43161	43162	43161	42876	42632	43162	43159	42552	43169	43168	43168	43169	43146	43168	43064	43160	43170	43169	43156	43164	43167	43166	43169	42612	43168	43155	41786	42934	42829	41223	43170	43171	43168	43169	43150	43101	40405	43159	43159	42986	42985	42988	43018	42986	43053	43174	43175	43175	43168	43175	43175	43035	43168	43176	43176	43164	43176	43171	43176	43171	43171	43164	42990	43038	43153	43175	43175	43175	43176	43174	43174	42550	43175	43176	43175	43175	43174	43174	43175	43175	43175	43175	43176	43175	43176	43175	43176	43176	43176	43125	43176	43176	43176	43176	43175	43175	43175	43175	43176	43176	43175	43161	43150	43163	43165	43164	43162	43159	43160	42955	42012	43168	43168	43168	43171	41308	43167	42600	43168	43030	43009	43029	43028	43031	43030	43030	42800	43028	43030	43028	43029	43028	43028	43030	43029	43031	43030	43035	43029	43175	43175	43176	43176	43176	43166	43176	43176	43176	43176	43161	43162	43146	43159	43160	43157	43158	43159	43158	43081	43165	43166	43166	43154	43166	43166	43167	38288	40824	43174	43175	43174	43175	43175	43174	42642	43159	36530	43158	43158	43158	42822	43157	43159	43144	43157	43158	43157	42063	43162	43140	39867	43162	39864	43126	43158	43159	43160	43158	43175	43176	43176	43176	43176	43176	43176	43176	43174	43175	43118	43173	43051	43174	42976	43175	43097
CY_ALA_LP_298-Du-767	38957	43157	42854	43158	43154	43157	42257	43151	43151	42964	43152	43157	43158	43157	43157	43157	43157	43157	43164	43159	43164	43157	43161	43157	43164	43156	43147	43162	43163	43163	43164	43163	43164	43163	43163	43164	42174	43164	43164	43164	43164	43164	43164	43164	43164	43164	43164	43164	43164	43164	43164	43164	43161	43161	43164	43161	43164	43163	43160	42868	42623	43153	43151	42545	43164	43163	43163	43164	43148	43163	43059	43155	43164	43163	43157	43159	43161	43162	43164	42607	43163	43148	41773	42924	42821	41214	43163	43164	43163	43163	43144	43096	40399	43154	43154	42975	42974	42976	43006	42976	43042	43164	43164	43164	43157	43164	43164	43024	43157	43164	43164	43153	43164	43164	43164	43164	43164	43153	42978	43026	43143	43164	43164	43164	43164	43162	43164	42538	43164	43164	43164	43164	43164	43164	43164	43164	43164	43164	43164	43164	43164	43164	43164	43164	43164	43114	43164	43164	43164	43164	43164	43164	43164	43164	43164	43164	43164	43153	43142	43154	43155	43155	43154	43151	43152	42947	42004	43163	43163	43163	43164	41301	43162	42595	43163	43020	43000	43020	43019	43020	43020	43020	42791	43019	43020	43019	43020	43019	43019	43020	43020	43020	43020	43024	43020	43164	43164	43164	43164	43164	43158	43164	43164	43164	43164	43150	43151	43136	43148	43149	43148	43149	43149	43149	43071	43155	43156	43156	43144	43157	43156	43156	38277	40814	43163	43163	43163	43163	43163	43164	42631	43149	36526	43148	43149	43149	42812	43148	43149	43135	43148	43149	43148	42053	43151	43131	39856	43153	39853	43115	43149	43148	43149	43149	43161	43164	43164	43164	43164	43161	43164	43164	43164	43161	43103	43162	43039	43161	42964	43161	43082
CY_ALA_LP_299-Du-768	38959	43158	42855	43158	43154	43157	42259	43152	43151	42964	43152	43158	43159	43157	43158	43157	43157	43157	43165	43160	43165	43158	43162	43158	43165	43157	43148	43163	43164	43164	43165	43164	43165	43163	43163	43165	42175	43165	43164	43165	43165	43165	43165	43165	43164	43165	43165	43165	43165	43165	43165	43165	43162	43162	43165	43162	43163	43165	43161	42868	42623	43154	43151	42547	43164	43164	43164	43164	43148	43164	43060	43156	43165	43164	43158	43160	43162	43162	43164	42607	43164	43150	41774	42925	42821	41214	43164	43165	43163	43165	43146	43097	40401	43155	43155	42976	42974	42977	43007	42976	43043	43165	43165	43165	43158	43165	43165	43025	43158	43165	43165	43154	43165	43165	43165	43165	43165	43154	42979	43027	43143	43165	43165	43165	43165	43163	43164	42539	43165	43165	43165	43165	43164	43164	43165	43164	43165	43164	43165	43164	43165	43164	43165	43165	43165	43115	43165	43165	43165	43165	43165	43165	43165	43165	43165	43165	43165	43153	43142	43154	43156	43156	43154	43151	43152	42947	42004	43163	43164	43163	43165	41303	43163	42596	43163	43021	43000	43020	43019	43021	43021	43021	42791	43019	43021	43019	43020	43019	43019	43021	43020	43021	43021	43025	43020	43165	43165	43165	43165	43165	43158	43165	43165	43165	43165	43151	43152	43137	43149	43150	43148	43149	43150	43149	43072	43156	43157	43157	43144	43157	43157	43157	38278	40815	43164	43164	43164	43164	43164	43164	42632	43150	36527	43149	43149	43149	42813	43148	43150	43135	43148	43149	43148	42054	43152	43131	39857	43153	39854	43116	43149	43149	43150	43149	43162	43165	43165	43165	43165	43162	43165	43165	43164	43161	43104	43163	43040	43161	42965	43162	43083
CY_ALA_LP_357_Du-769	38960	43155	42855	43155	43151	43154	42256	43150	43149	42965	43150	43160	43160	43155	43156	43155	43155	43157	43167	43162	43167	43160	43164	43160	43166	43156	43150	43165	43163	43166	43167	43164	43163	43161	43161	43164	42174	43167	43162	43163	43166	43163	43167	43166	43163	43163	43167	43167	43166	43167	43167	43167	43164	43160	43167	43161	43160	43161	43167	42866	42625	43152	43149	42548	43162	43161	43161	43162	43145	43161	43057	43153	43163	43162	43155	43157	43160	43160	43162	42612	43161	43148	41776	42924	42819	41214	43166	43167	43161	43162	43146	43097	40402	43152	43155	42977	42973	42979	43009	42974	43045	43163	43167	43167	43160	43167	43167	43027	43160	43167	43167	43156	43167	43167	43167	43167	43167	43156	42981	43029	43141	43163	43163	43163	43164	43165	43162	42541	43166	43164	43163	43164	43162	43165	43163	43163	43163	43166	43164	43166	43166	43166	43167	43167	43167	43115	43167	43167	43167	43167	43166	43166	43166	43166	43167	43167	43166	43154	43140	43153	43155	43154	43152	43149	43150	42946	42005	43161	43161	43161	43164	41301	43160	42593	43161	43019	42998	43018	43017	43020	43019	43019	42789	43017	43019	43017	43018	43017	43017	43019	43018	43023	43022	43027	43021	43164	43163	43167	43167	43167	43156	43167	43167	43167	43167	43153	43154	43135	43151	43152	43146	43147	43148	43147	43073	43157	43158	43155	43143	43155	43156	43156	38279	40813	43162	43166	43162	43166	43166	43162	42632	43151	36528	43147	43147	43147	42811	43146	43148	43134	43147	43150	43146	42052	43154	43129	39860	43151	39856	43117	43147	43148	43149	43147	43163	43167	43167	43167	43167	43164	43165	43167	43162	43161	43104	43164	43042	43159	42967	43160	43085
CY_BAL_LP_226_Du-602	38667	42863	42559	42863	42859	42862	41962	42878	42878	42691	42879	42863	42864	42863	42863	42863	42863	42872	42879	42874	42879	42872	42876	42872	42879	42871	42862	42877	42878	42878	42879	42878	42879	42878	42878	42879	41889	42879	42879	42879	42879	42879	42879	42879	42879	42879	42879	42879	42879	42879	42879	42879	42876	42876	42879	42876	42868	42868	42866	42879	42634	42879	42878	42257	42876	42875	42875	42876	42853	42875	42771	42867	42876	42875	42863	42871	42873	42873	42876	42318	42875	42860	41497	42648	42545	40942	42875	42876	42875	42875	42856	42808	40145	42866	42866	42690	42689	42691	42721	42691	42757	42879	42879	42879	42872	42879	42879	42740	42872	42879	42879	42868	42879	42876	42879	42876	42876	42868	42693	42741	42858	42879	42879	42879	42879	42877	42879	42253	42879	42879	42879	42879	42879	42879	42879	42879	42879	42879	42879	42879	42879	42879	42879	42879	42879	42829	42879	42879	42879	42879	42879	42879	42879	42879	42879	42879	42879	42877	42866	42878	42879	42879	42878	42875	42876	42671	41728	42875	42875	42875	42876	41013	42874	42307	42875	42736	42716	42736	42735	42736	42736	42736	42507	42735	42736	42735	42736	42735	42735	42736	42736	42736	42736	42740	42736	42879	42879	42879	42879	42879	42873	42879	42879	42879	42879	42865	42866	42851	42863	42864	42863	42864	42864	42864	42786	42870	42871	42871	42859	42872	42871	42871	38009	40530	42878	42878	42878	42878	42878	42879	42346	42864	36283	42863	42864	42864	42527	42863	42864	42850	42863	42864	42863	41787	42866	42846	39571	42868	39569	42830	42864	42863	42864	42864	42876	42879	42879	42879	42879	42876	42879	42879	42879	42876	42818	42877	42754	42876	42679	42876	42797
CY_BAL_LP_227_Du-603	38440	42618	42331	42618	42615	42617	41719	42633	42633	42449	42634	42622	42622	42618	42618	42618	42618	42629	42638	42633	42638	42631	42635	42631	42637	42628	42622	42636	42634	42637	42638	42635	42634	42633	42633	42635	41654	42638	42634	42634	42637	42634	42638	42637	42635	42634	42638	42638	42637	42638	42638	42638	42635	42631	42638	42632	42623	42623	42625	42634	42638	42634	42634	42025	42631	42630	42630	42631	42608	42630	42527	42623	42631	42630	42618	42626	42628	42628	42631	42078	42630	42623	41258	42405	42306	40714	42634	42635	42630	42630	42621	42571	39911	42622	42625	42449	42446	42450	42480	42446	42517	42634	42638	42638	42631	42638	42638	42499	42631	42638	42638	42627	42638	42635	42638	42635	42635	42627	42452	42500	42613	42634	42634	42634	42635	42636	42634	42012	42637	42635	42634	42635	42634	42637	42634	42635	42634	42638	42635	42638	42637	42638	42638	42638	42638	42586	42638	42638	42638	42638	42637	42637	42637	42637	42638	42638	42637	42636	42622	42634	42635	42634	42634	42634	42634	42439	41491	42631	42630	42630	42632	40774	42629	42068	42631	42491	42481	42491	42491	42492	42491	42491	42264	42491	42491	42491	42491	42491	42491	42491	42491	42495	42494	42499	42494	42635	42634	42638	42638	42638	42628	42638	42638	42638	42638	42624	42625	42607	42622	42623	42619	42619	42619	42619	42544	42629	42630	42627	42616	42627	42628	42628	37775	40294	42633	42637	42633	42637	42637	42634	42104	42622	36138	42619	42619	42619	42286	42618	42619	42607	42620	42622	42618	41544	42625	42601	39334	42623	39347	42589	42619	42620	42620	42619	42634	42638	42638	42638	42638	42635	42636	42638	42634	42633	42576	42635	42513	42631	42438	42631	42556
CY_BGL_LP_210_Du-577	38953	43148	42844	43148	43144	43147	42248	43163	43162	42975	43163	43149	43150	43148	43149	43148	43148	43157	43165	43160	43165	43158	43162	43158	43165	43157	43148	43163	43164	43164	43165	43164	43165	43163	43163	43165	42175	43165	43164	43165	43165	43165	43165	43165	43164	43165	43165	43165	43165	43165	43165	43165	43162	43162	43165	43162	43153	43154	43152	42879	42634	43165	43162	42543	43161	43160	43160	43161	43138	43160	43056	43152	43162	43161	43148	43156	43159	43158	43161	42603	43160	43146	41782	42933	42829	41225	43161	43162	43160	43161	43142	43093	40396	43151	43151	42976	42974	42977	43007	42976	43043	43165	43165	43165	43158	43165	43165	43025	43158	43165	43165	43154	43165	43162	43165	43162	43162	43154	42979	43027	43143	43165	43165	43165	43165	43163	43164	42539	43165	43165	43165	43165	43164	43164	43165	43164	43165	43164	43165	43164	43165	43164	43165	43165	43165	43115	43165	43165	43165	43165	43165	43165	43165	43165	43165	43165	43165	43161	43150	43162	43164	43164	43162	43159	43160	42955	42012	43160	43160	43160	43162	41299	43159	42592	43160	43021	43000	43020	43019	43021	43021	43021	42791	43019	43021	43019	43020	43019	43019	43021	43020	43021	43021	43025	43020	43165	43165	43165	43165	43165	43158	43165	43165	43165	43165	43151	43152	43137	43149	43150	43148	43149	43150	43149	43072	43156	43157	43157	43144	43157	43157	43157	38278	40815	43164	43164	43164	43164	43164	43164	42632	43150	36525	43149	43149	43149	42813	43148	43150	43135	43148	43149	43148	42054	43152	43131	39857	43153	39854	43116	43149	43149	43150	43149	43162	43165	43165	43165	43165	43162	43165	43165	43164	43161	43104	43163	43040	43161	42965	43162	43083
CY_BGL_LP_212_Du-579	38951	43146	42843	43146	43143	43145	42246	43161	43161	42974	43162	43146	43147	43146	43146	43146	43146	43155	43162	43157	43162	43155	43159	43155	43162	43155	43146	43160	43161	43161	43162	43161	43162	43161	43161	43162	42172	43162	43162	43162	43162	43162	43162	43162	43162	43162	43162	43162	43162	43162	43162	43162	43159	43159	43162	43159	43151	43151	43149	42878	42634	43162	43162	42541	43159	43158	43158	43159	43136	43158	43055	43151	43159	43158	43146	43154	43156	43156	43159	42602	43158	43144	41780	42931	42828	41225	43158	43159	43158	43158	43140	43092	40393	43150	43150	42974	42973	42974	43004	42974	43041	43162	43162	43162	43155	43162	43162	43022	43155	43162	43162	43151	43162	43159	43162	43159	43159	43151	42976	43024	43141	43162	43162	43162	43162	43160	43162	42536	43162	43162	43162	43162	43162	43162	43162	43162	43162	43162	43162	43162	43162	43162	43162	43162	43162	43112	43162	43162	43162	43162	43162	43162	43162	43162	43162	43162	43162	43160	43149	43160	43161	43161	43161	43158	43158	42954	42011	43159	43158	43158	43159	41297	43157	42591	43159	43018	42999	43018	43018	43018	43018	43018	42790	43018	43018	43018	43018	43018	43018	43018	43018	43018	43018	43022	43018	43162	43162	43162	43162	43162	43156	43162	43162	43162	43162	43148	43149	43135	43146	43147	43147	43147	43147	43147	43069	43154	43155	43155	43143	43155	43155	43155	38276	40813	43161	43161	43161	43161	43161	43162	42630	43147	36523	43147	43147	43147	42811	43146	43147	43134	43147	43147	43146	42052	43149	43129	39855	43151	39852	43114	43147	43147	43147	43147	43159	43162	43162	43162	43162	43159	43162	43162	43162	43159	43101	43160	43037	43159	42962	43159	43080
CY_BOU_LP_288_Du-737	38380	42541	42254	42540	42537	42539	41651	42541	42540	42356	42541	42545	42545	42540	42541	42540	42540	42548	42558	42553	42558	42551	42555	42551	42557	42548	42542	42556	42554	42557	42558	42555	42554	42552	42552	42555	41565	42558	42553	42554	42557	42554	42558	42557	42554	42554	42558	42558	42557	42558	42558	42558	42555	42551	42558	42552	42545	42547	42548	42257	42025	42543	42541	42558	42553	42553	42553	42553	42530	42553	42473	42547	42554	42553	42541	42551	42551	42550	42553	42038	42553	42549	41240	42316	42244	40614	42557	42558	42552	42554	42547	42498	39936	42553	42556	42369	42365	42370	42400	42365	42437	42554	42558	42558	42551	42558	42558	42418	42551	42558	42558	42547	42558	42558	42558	42558	42558	42547	42372	42420	42532	42554	42554	42554	42555	42556	42553	42038	42557	42555	42554	42555	42553	42556	42554	42554	42554	42557	42555	42557	42557	42557	42558	42558	42558	42506	42558	42558	42558	42558	42557	42557	42557	42557	42558	42558	42557	42546	42544	42544	42546	42545	42544	42541	42541	42338	41439	42553	42553	42552	42555	40725	42553	42035	42553	42410	42398	42409	42409	42411	42410	42410	42182	42409	42410	42409	42409	42409	42409	42410	42409	42414	42413	42418	42412	42555	42554	42558	42558	42558	42547	42558	42558	42558	42558	42544	42545	42527	42542	42543	42538	42538	42539	42538	42476	42549	42550	42547	42535	42546	42548	42548	37880	40329	42553	42557	42553	42557	42557	42553	42028	42542	35960	42539	42538	42538	42203	42537	42539	42526	42539	42541	42537	41506	42545	42520	39258	42542	39305	42534	42538	42540	42540	42538	42554	42558	42558	42558	42558	42555	42556	42558	42553	42552	42495	42555	42433	42550	42358	42551	42476
CY_BOU_LP_290_Du-739	38958	43159	42855	43159	43155	43158	42258	43159	43159	42972	43160	43159	43160	43159	43159	43159	43159	43165	43172	43167	43172	43165	43169	43165	43172	43164	43155	43170	43171	43171	43172	43171	43172	43171	43171	43172	42182	43172	43172	43172	43172	43172	43172	43172	43172	43172	43172	43172	43172	43172	43172	43172	43169	43169	43172	43169	43164	43164	43162	42876	42631	43161	43159	42553	43172	43171	43171	43172	43149	43171	43067	43163	43172	43171	43159	43167	43169	43169	43172	42614	43171	43156	41781	42932	42829	41222	43171	43172	43171	43171	43152	43104	40406	43162	43162	42983	42982	42984	43014	42984	43050	43172	43172	43172	43165	43172	43172	43032	43165	43172	43172	43161	43172	43172	43172	43172	43172	43161	42986	43034	43151	43172	43172	43172	43172	43170	43172	42546	43172	43172	43172	43172	43172	43172	43172	43172	43172	43172	43172	43172	43172	43172	43172	43172	43172	43122	43172	43172	43172	43172	43172	43172	43172	43172	43172	43172	43172	43161	43150	43162	43163	43163	43162	43159	43160	42955	42012	43171	43171	43171	43172	41309	43170	42603	43171	43028	43008	43028	43027	43028	43028	43028	42799	43027	43028	43027	43028	43027	43027	43028	43028	43028	43028	43032	43028	43172	43172	43172	43172	43172	43166	43172	43172	43172	43172	43158	43159	43144	43156	43157	43156	43157	43157	43157	43079	43163	43164	43164	43152	43165	43164	43164	38285	40822	43171	43171	43171	43171	43171	43172	42639	43157	36527	43156	43157	43157	42820	43156	43157	43143	43156	43157	43156	42061	43159	43139	39864	43161	39861	43123	43157	43156	43157	43157	43169	43172	43172	43172	43172	43169	43172	43172	43172	43169	43111	43170	43047	43169	42972	43169	43090
CY_BOU_LP_291_Du-740	38958	43159	42855	43158	43154	43157	42258	43158	43158	42971	43159	43158	43159	43158	43158	43158	43158	43164	43171	43166	43171	43164	43168	43164	43171	43163	43154	43169	43170	43170	43171	43170	43171	43170	43170	43171	42181	43171	43171	43171	43171	43171	43171	43171	43171	43171	43171	43171	43171	43171	43171	43171	43168	43168	43171	43168	43163	43164	43161	42875	42630	43160	43158	42553	43171	43171	43171	43171	43148	43171	43067	43163	43171	43170	43159	43167	43168	43168	43171	42614	43171	43156	41780	42931	42828	41221	43170	43171	43170	43171	43152	43104	40406	43162	43162	42982	42981	42983	43013	42983	43049	43171	43171	43171	43164	43171	43171	43031	43164	43171	43171	43160	43171	43171	43171	43171	43171	43160	42985	43033	43150	43171	43171	43171	43171	43169	43171	42545	43171	43171	43171	43171	43171	43171	43171	43171	43171	43171	43171	43171	43171	43171	43171	43171	43171	43121	43171	43171	43171	43171	43171	43171	43171	43171	43171	43171	43171	43160	43149	43161	43162	43162	43161	43158	43159	42954	42011	43170	43171	43170	43171	41309	43170	42603	43170	43027	43007	43027	43026	43027	43027	43027	42798	43026	43027	43026	43027	43026	43026	43027	43027	43027	43027	43031	43027	43171	43171	43171	43171	43171	43165	43171	43171	43171	43171	43157	43158	43143	43155	43156	43155	43156	43156	43156	43078	43162	43163	43163	43151	43164	43163	43163	38284	40821	43170	43170	43170	43170	43170	43171	42638	43156	36526	43155	43156	43156	42819	43155	43156	43142	43155	43156	43155	42060	43158	43138	39863	43160	39860	43122	43156	43155	43156	43156	43168	43171	43171	43171	43171	43168	43171	43171	43171	43168	43110	43169	43046	43168	42971	43168	43089
CY_BOU_LP_292_Du-741	38958	43159	42855	43158	43154	43157	42258	43158	43158	42971	43159	43158	43159	43158	43158	43158	43158	43164	43171	43166	43171	43164	43168	43164	43171	43163	43154	43169	43170	43170	43171	43170	43171	43170	43170	43171	42181	43171	43171	43171	43171	43171	43171	43171	43171	43171	43171	43171	43171	43171	43171	43171	43168	43168	43171	43168	43163	43164	43161	42875	42630	43160	43158	42553	43171	43171	43171	43171	43148	43171	43067	43163	43171	43170	43159	43167	43168	43168	43171	42614	43171	43156	41780	42931	42828	41221	43170	43171	43170	43171	43152	43104	40406	43162	43162	42982	42981	42983	43013	42983	43049	43171	43171	43171	43164	43171	43171	43031	43164	43171	43171	43160	43171	43171	43171	43171	43171	43160	42985	43033	43150	43171	43171	43171	43171	43169	43171	42545	43171	43171	43171	43171	43171	43171	43171	43171	43171	43171	43171	43171	43171	43171	43171	43171	43171	43121	43171	43171	43171	43171	43171	43171	43171	43171	43171	43171	43171	43160	43149	43161	43162	43162	43161	43158	43159	42954	42011	43170	43171	43170	43171	41309	43170	42603	43170	43027	43007	43027	43026	43027	43027	43027	42798	43026	43027	43026	43027	43026	43026	43027	43027	43027	43027	43031	43027	43171	43171	43171	43171	43171	43165	43171	43171	43171	43171	43157	43158	43143	43155	43156	43155	43156	43156	43156	43078	43162	43163	43163	43151	43164	43163	43163	38284	40821	43170	43170	43170	43170	43170	43171	42638	43156	36526	43155	43156	43156	42819	43155	43156	43142	43155	43156	43155	42060	43158	43138	39863	43160	39860	43122	43156	43155	43156	43156	43168	43171	43171	43171	43171	43168	43171	43171	43171	43168	43110	43169	43046	43168	42971	43168	43089
CY_BOU_LP_354_Du-742	38958	43159	42855	43159	43155	43158	42258	43159	43159	42972	43160	43159	43160	43159	43159	43159	43159	43165	43172	43167	43172	43165	43169	43165	43172	43164	43155	43170	43171	43171	43172	43171	43172	43171	43171	43172	42182	43172	43172	43172	43172	43172	43172	43172	43172	43172	43172	43172	43172	43172	43172	43172	43169	43169	43172	43169	43164	43164	43162	42876	42631	43161	43159	42553	43172	43171	43171	43172	43149	43171	43067	43163	43172	43171	43159	43167	43169	43169	43172	42614	43171	43156	41781	42932	42829	41222	43171	43172	43171	43171	43152	43104	40406	43162	43162	42983	42982	42984	43014	42984	43050	43172	43172	43172	43165	43172	43172	43032	43165	43172	43172	43161	43172	43172	43172	43172	43172	43161	42986	43034	43151	43172	43172	43172	43172	43170	43172	42546	43172	43172	43172	43172	43172	43172	43172	43172	43172	43172	43172	43172	43172	43172	43172	43172	43172	43122	43172	43172	43172	43172	43172	43172	43172	43172	43172	43172	43172	43161	43150	43162	43163	43163	43162	43159	43160	42955	42012	43171	43171	43171	43172	41309	43170	42603	43171	43028	43008	43028	43027	43028	43028	43028	42799	43027	43028	43027	43028	43027	43027	43028	43028	43028	43028	43032	43028	43172	43172	43172	43172	43172	43166	43172	43172	43172	43172	43158	43159	43144	43156	43157	43156	43157	43157	43157	43079	43163	43164	43164	43152	43165	43164	43164	38285	40822	43171	43171	43171	43171	43171	43172	42639	43157	36527	43156	43157	43157	42820	43156	43157	43143	43156	43157	43156	42061	43159	43139	39864	43161	39861	43123	43157	43156	43157	43157	43169	43172	43172	43172	43172	43169	43172	43172	43172	43169	43111	43170	43047	43169	42972	43169	43090
CY_CAS_LP_328_Du-610	38948	43142	42839	43143	43140	43143	42242	43137	43137	42949	43137	43143	43144	43143	43143	43142	43143	43142	43149	43144	43149	43142	43146	43142	43149	43141	43132	43147	43148	43148	43149	43148	43149	43148	43148	43149	42159	43149	43149	43149	43149	43149	43149	43149	43149	43149	43149	43149	43149	43149	43149	43149	43146	43146	43149	43146	43148	43148	43145	42853	42608	43138	43136	42530	43149	43148	43148	43149	43149	43148	43044	43140	43149	43148	43143	43146	43147	43148	43149	42591	43148	43133	41758	42909	42806	41199	43148	43149	43148	43148	43130	43081	40384	43139	43139	42961	42960	42962	42992	42962	43027	43149	43149	43149	43142	43149	43149	43009	43142	43149	43149	43138	43149	43149	43149	43149	43149	43138	42964	43011	43129	43149	43149	43149	43149	43147	43149	42523	43149	43149	43149	43149	43149	43149	43149	43149	43149	43149	43149	43149	43149	43149	43149	43149	43149	43100	43149	43149	43149	43149	43149	43149	43149	43149	43149	43149	43149	43138	43127	43139	43140	43140	43139	43136	43137	42934	41989	43148	43148	43148	43149	41286	43147	42580	43148	43005	42985	43005	43004	43005	43005	43005	42776	43004	43005	43004	43005	43004	43004	43005	43005	43005	43005	43009	43005	43149	43149	43149	43149	43149	43144	43149	43149	43149	43149	43135	43136	43121	43133	43134	43133	43134	43134	43134	43056	43140	43141	43141	43129	43142	43141	43141	38263	40802	43148	43148	43148	43148	43148	43149	42618	43134	36512	43133	43134	43134	42797	43133	43134	43120	43133	43134	43133	42042	43136	43116	39843	43138	39838	43100	43134	43133	43134	43134	43146	43149	43149	43149	43149	43146	43149	43149	43149	43146	43088	43147	43024	43146	42949	43146	43067
CY_CAS_LP_329_Du-611	38958	43159	42855	43158	43154	43157	42258	43158	43158	42971	43159	43158	43159	43158	43158	43158	43158	43164	43171	43166	43171	43164	43168	43164	43171	43163	43154	43169	43170	43170	43171	43170	43171	43170	43170	43171	42181	43171	43171	43171	43171	43171	43171	43171	43171	43171	43171	43171	43171	43171	43171	43171	43168	43168	43171	43168	43163	43164	43161	42875	42630	43160	43158	42553	43171	43171	43171	43171	43148	43171	43067	43163	43171	43170	43159	43167	43168	43168	43171	42614	43171	43156	41780	42931	42828	41221	43170	43171	43170	43171	43152	43104	40406	43162	43162	42982	42981	42983	43013	42983	43049	43171	43171	43171	43164	43171	43171	43031	43164	43171	43171	43160	43171	43171	43171	43171	43171	43160	42985	43033	43150	43171	43171	43171	43171	43169	43171	42545	43171	43171	43171	43171	43171	43171	43171	43171	43171	43171	43171	43171	43171	43171	43171	43171	43171	43121	43171	43171	43171	43171	43171	43171	43171	43171	43171	43171	43171	43160	43149	43161	43162	43162	43161	43158	43159	42954	42011	43170	43171	43170	43171	41309	43170	42603	43170	43027	43007	43027	43026	43027	43027	43027	42798	43026	43027	43026	43027	43026	43026	43027	43027	43027	43027	43031	43027	43171	43171	43171	43171	43171	43165	43171	43171	43171	43171	43157	43158	43143	43155	43156	43155	43156	43156	43156	43078	43162	43163	43163	43151	43164	43163	43163	38284	40821	43170	43170	43170	43170	43170	43171	42638	43156	36526	43155	43156	43156	42819	43155	43156	43142	43155	43156	43155	42060	43158	43138	39863	43160	39860	43122	43156	43155	43156	43156	43168	43171	43171	43171	43171	43168	43171	43171	43171	43168	43110	43169	43046	43168	42971	43168	43089
CY_CAS_LP_330_Du-607	38863	43055	42760	43054	43051	43053	42163	43054	43054	42867	43055	43054	43055	43054	43054	43054	43054	43060	43067	43062	43067	43060	43064	43060	43067	43060	43051	43065	43066	43066	43067	43066	43067	43066	43066	43067	42077	43067	43067	43067	43067	43067	43067	43067	43067	43067	43067	43067	43067	43067	43067	43067	43064	43064	43067	43064	43059	43060	43057	42771	42527	43056	43055	42473	43067	43067	43067	43067	43044	43067	43067	43061	43067	43066	43055	43065	43064	43064	43067	42519	43067	43061	41677	42828	42725	41118	43066	43067	43066	43067	43057	43009	40338	43067	43067	42879	42878	42879	42909	42879	42946	43067	43067	43067	43060	43067	43067	42927	43060	43067	43067	43056	43067	43067	43067	43067	43067	43056	42881	42929	43046	43067	43067	43067	43067	43065	43067	42441	43067	43067	43067	43067	43067	43067	43067	43067	43067	43067	43067	43067	43067	43067	43067	43067	43067	43017	43067	43067	43067	43067	43067	43067	43067	43067	43067	43067	43067	43057	43046	43057	43058	43058	43058	43055	43055	42851	41940	43067	43067	43066	43067	41214	43067	42508	43067	42923	42904	42923	42923	42923	42923	42923	42695	42923	42923	42923	42923	42923	42923	42923	42923	42923	42923	42927	42923	43067	43067	43067	43067	43067	43061	43067	43067	43067	43067	43053	43054	43040	43051	43052	43052	43052	43052	43052	42974	43059	43060	43060	43048	43060	43060	43060	38181	40718	43066	43066	43066	43066	43066	43067	42535	43052	36425	43052	43052	43052	42716	43051	43052	43039	43052	43052	43051	41966	43054	43034	39773	43056	39757	43030	43052	43052	43052	43052	43064	43067	43067	43067	43067	43064	43067	43067	43067	43064	43006	43065	42942	43064	42867	43064	42985
CY_CAS_LP_331_Du-608	38954	43151	42851	43150	43147	43149	42252	43150	43150	42963	43151	43150	43151	43150	43150	43150	43150	43156	43163	43158	43163	43156	43160	43156	43163	43156	43147	43161	43162	43162	43163	43162	43163	43162	43162	43163	42173	43163	43163	43163	43163	43163	43163	43163	43163	43163	43163	43163	43163	43163	43163	43163	43160	43160	43163	43160	43155	43156	43153	42867	42623	43152	43151	42547	43163	43163	43163	43163	43140	43163	43061	43163	43163	43162	43151	43160	43160	43160	43163	42614	43163	43150	41773	42924	42821	41214	43162	43163	43162	43163	43146	43098	40401	43156	43156	42975	42974	42975	43005	42975	43042	43163	43163	43163	43156	43163	43163	43023	43156	43163	43163	43152	43163	43163	43163	43163	43163	43152	42977	43025	43142	43163	43163	43163	43163	43161	43163	42537	43163	43163	43163	43163	43163	43163	43163	43163	43163	43163	43163	43163	43163	43163	43163	43163	43163	43113	43163	43163	43163	43163	43163	43163	43163	43163	43163	43163	43163	43153	43142	43153	43154	43154	43154	43151	43151	42947	42004	43163	43163	43162	43163	41307	43163	42600	43163	43019	43000	43019	43019	43019	43019	43019	42791	43019	43019	43019	43019	43019	43019	43019	43019	43019	43019	43023	43019	43163	43163	43163	43163	43163	43157	43163	43163	43163	43163	43149	43150	43136	43147	43148	43148	43148	43148	43148	43070	43155	43156	43156	43144	43156	43156	43156	38277	40814	43162	43162	43162	43162	43162	43163	42631	43148	36519	43148	43148	43148	42812	43147	43148	43135	43148	43148	43147	42053	43150	43130	39856	43152	39853	43115	43148	43148	43148	43148	43160	43163	43163	43163	43163	43160	43163	43163	43163	43160	43102	43161	43038	43160	42963	43160	43081
CY_CAS_LP_332_Du-609	38959	43159	42855	43159	43155	43158	42259	43160	43159	42972	43160	43160	43161	43159	43160	43159	43159	43165	43173	43168	43173	43166	43170	43166	43173	43165	43156	43171	43172	43172	43173	43172	43173	43171	43171	43173	42183	43173	43172	43173	43173	43173	43173	43173	43172	43173	43173	43173	43173	43173	43173	43173	43170	43170	43173	43170	43164	43165	43163	42876	42631	43162	43159	42554	43172	43171	43171	43172	43149	43171	43067	43163	43173	43172	43159	43167	43170	43169	43172	42614	43171	43157	41782	42933	42829	41222	43172	43173	43171	43172	43153	43104	40407	43162	43162	42984	42982	42985	43015	42984	43051	43173	43173	43173	43166	43173	43173	43033	43166	43173	43173	43162	43173	43173	43173	43173	43173	43162	42987	43035	43151	43173	43173	43173	43173	43171	43172	42547	43173	43173	43173	43173	43172	43172	43173	43172	43173	43172	43173	43172	43173	43172	43173	43173	43173	43123	43173	43173	43173	43173	43173	43173	43173	43173	43173	43173	43173	43161	43150	43162	43164	43164	43162	43159	43160	42955	42012	43171	43171	43171	43173	41310	43170	42603	43171	43029	43008	43028	43027	43029	43029	43029	42799	43027	43029	43027	43028	43027	43027	43029	43028	43029	43029	43033	43028	43173	43173	43173	43173	43173	43166	43173	43173	43173	43173	43159	43160	43145	43157	43158	43156	43157	43158	43157	43080	43164	43165	43165	43152	43165	43165	43165	38286	40823	43172	43172	43172	43172	43172	43172	42640	43158	36528	43157	43157	43157	42821	43156	43158	43143	43156	43157	43156	42062	43160	43139	39865	43161	39862	43124	43157	43157	43158	43157	43170	43173	43173	43173	43173	43170	43173	43173	43172	43169	43112	43171	43048	43169	42973	43170	43091
CY_HICN_LP_236_Du-614	38958	43158	42854	43158	43154	43157	42258	43159	43158	42971	43159	43159	43160	43158	43159	43158	43158	43164	43172	43167	43172	43165	43169	43165	43172	43164	43155	43171	43172	43172	43172	43172	43172	43171	43171	43172	42183	43172	43171	43172	43172	43172	43172	43172	43171	43172	43172	43172	43172	43172	43172	43172	43169	43169	43172	43169	43163	43164	43162	42875	42630	43161	43158	42553	43171	43170	43170	43171	43148	43170	43066	43162	43172	43172	43159	43166	43170	43168	43171	42613	43170	43156	41781	42932	42828	41221	43172	43172	43171	43171	43152	43103	40406	43161	43161	42983	42981	42984	43014	42983	43050	43172	43172	43172	43165	43172	43172	43032	43165	43172	43172	43161	43172	43172	43172	43172	43172	43161	42986	43034	43150	43172	43172	43172	43172	43170	43171	42546	43172	43172	43172	43172	43171	43171	43172	43171	43172	43171	43172	43171	43172	43171	43172	43172	43172	43122	43172	43172	43172	43172	43172	43172	43172	43172	43172	43172	43172	43160	43149	43161	43163	43163	43161	43158	43159	42954	42011	43170	43170	43170	43172	41309	43169	42602	43170	43028	43007	43027	43026	43028	43028	43028	42798	43026	43028	43026	43027	43026	43026	43028	43027	43028	43028	43032	43027	43172	43172	43172	43172	43172	43165	43172	43172	43172	43172	43158	43159	43144	43156	43157	43155	43156	43157	43156	43080	43163	43164	43164	43151	43164	43164	43164	38286	40822	43171	43171	43171	43171	43171	43171	42639	43157	36528	43156	43156	43156	42820	43155	43157	43142	43155	43156	43155	42062	43159	43138	39864	43160	39862	43123	43156	43156	43157	43156	43169	43172	43172	43172	43172	43169	43172	43172	43171	43168	43111	43170	43047	43168	42972	43169	43090
CY_HICN_LP_333_Du-612	38953	43153	42849	43152	43150	43152	42252	43147	43147	42959	43147	43153	43154	43153	43153	43152	43153	43152	43159	43154	43159	43152	43156	43152	43159	43151	43142	43158	43159	43159	43159	43159	43159	43159	43159	43159	42173	43159	43159	43159	43159	43159	43159	43159	43159	43159	43159	43159	43159	43159	43159	43159	43156	43156	43159	43156	43157	43158	43155	42863	42618	43148	43146	42541	43159	43159	43159	43159	43143	43159	43055	43151	43159	43159	43159	43156	43158	43158	43159	42602	43159	43144	41768	42919	42816	41209	43159	43159	43159	43159	43141	43092	40395	43150	43150	42970	42970	42972	43001	42972	43037	43159	43159	43159	43152	43159	43159	43019	43152	43159	43159	43148	43159	43159	43159	43159	43159	43148	42973	43021	43138	43159	43159	43159	43159	43157	43159	42533	43159	43159	43159	43159	43159	43159	43159	43159	43159	43159	43159	43159	43159	43159	43159	43159	43159	43109	43159	43159	43159	43159	43159	43159	43159	43159	43159	43159	43159	43148	43137	43149	43150	43150	43149	43146	43147	42942	41999	43158	43159	43158	43159	41297	43158	42591	43158	43015	42995	43015	43014	43015	43015	43015	42786	43014	43015	43014	43015	43014	43014	43015	43015	43015	43015	43019	43015	43159	43159	43159	43159	43159	43154	43159	43159	43159	43159	43145	43146	43131	43143	43144	43143	43144	43144	43144	43068	43150	43151	43151	43139	43152	43151	43151	38274	40812	43159	43159	43159	43159	43159	43159	42626	43144	36522	43143	43144	43144	42807	43143	43144	43130	43143	43144	43143	42053	43146	43126	39851	43148	39850	43110	43144	43143	43144	43144	43156	43159	43159	43159	43159	43156	43159	43159	43159	43156	43098	43157	43034	43156	42959	43156	43077
CY_HICN_LP_334_Du-613	38958	43155	42853	43154	43151	43154	42256	43155	43155	42967	43155	43155	43156	43155	43155	43154	43155	43160	43167	43162	43167	43160	43164	43160	43167	43159	43150	43165	43166	43166	43167	43166	43167	43166	43166	43167	42177	43167	43167	43167	43167	43167	43167	43167	43167	43167	43167	43167	43167	43167	43167	43167	43164	43164	43167	43164	43159	43160	43157	42871	42626	43156	43154	42551	43167	43167	43167	43167	43146	43167	43065	43160	43167	43166	43156	43167	43165	43165	43167	42612	43167	43154	41776	42927	42824	41217	43166	43167	43166	43167	43151	43102	40404	43160	43160	42978	42977	42979	43009	42979	43045	43167	43167	43167	43160	43167	43167	43027	43160	43167	43167	43156	43167	43167	43167	43167	43167	43156	42981	43029	43146	43167	43167	43167	43167	43165	43167	42541	43167	43167	43167	43167	43167	43167	43167	43167	43167	43167	43167	43167	43167	43167	43167	43167	43167	43117	43167	43167	43167	43167	43167	43167	43167	43167	43167	43167	43167	43156	43145	43157	43158	43158	43157	43154	43155	42951	42007	43166	43167	43166	43167	41307	43167	42601	43166	43023	43003	43023	43022	43023	43023	43023	42794	43022	43023	43022	43023	43022	43022	43023	43023	43023	43023	43027	43023	43167	43167	43167	43167	43167	43162	43167	43167	43167	43167	43153	43154	43139	43151	43152	43151	43152	43152	43152	43074	43158	43159	43159	43147	43160	43159	43159	38280	40818	43166	43166	43166	43166	43166	43167	42634	43152	36523	43151	43152	43152	42815	43151	43152	43138	43151	43152	43151	42058	43154	43134	39860	43156	39856	43118	43152	43151	43152	43152	43164	43167	43167	43167	43167	43164	43167	43167	43167	43164	43106	43165	43042	43164	42967	43164	43085
CY_HICN_LP_335_Du-615	38957	43156	42852	43156	43153	43156	42256	43158	43157	42969	43157	43158	43159	43157	43158	43156	43157	43162	43170	43165	43170	43163	43167	43163	43170	43162	43153	43169	43170	43170	43170	43170	43170	43169	43169	43170	42181	43170	43169	43170	43170	43170	43170	43170	43169	43170	43170	43170	43170	43170	43170	43170	43167	43167	43170	43167	43161	43162	43160	42873	42628	43159	43156	42551	43169	43168	43168	43169	43147	43168	43064	43160	43170	43170	43158	43165	43170	43167	43169	42611	43168	43154	41779	42930	42826	41219	43170	43170	43169	43169	43151	43101	40405	43159	43159	42981	42979	42982	43012	42981	43048	43170	43170	43170	43163	43170	43170	43030	43163	43170	43170	43159	43170	43170	43170	43170	43170	43159	42984	43032	43148	43170	43170	43170	43170	43168	43169	42544	43170	43170	43170	43170	43169	43169	43170	43169	43170	43169	43170	43169	43170	43169	43170	43170	43170	43120	43170	43170	43170	43170	43170	43170	43170	43170	43170	43170	43170	43158	43147	43159	43161	43161	43159	43156	43157	42952	42009	43168	43168	43168	43170	41307	43167	42600	43168	43026	43005	43025	43024	43026	43026	43026	42796	43024	43026	43024	43025	43024	43024	43026	43025	43026	43026	43030	43025	43170	43170	43170	43170	43170	43164	43170	43170	43170	43170	43156	43157	43142	43154	43155	43153	43154	43155	43154	43078	43161	43162	43162	43149	43162	43162	43162	38284	40820	43169	43169	43169	43169	43169	43169	42637	43155	36527	43154	43154	43154	42818	43153	43155	43140	43153	43154	43153	42061	43157	43136	39862	43158	39860	43121	43154	43154	43155	43154	43167	43170	43170	43170	43170	43167	43170	43170	43169	43166	43109	43168	43045	43166	42970	43167	43088
CY_HICN_LP_336_Du-616	38957	43157	42853	43157	43154	43157	42256	43157	43157	42969	43157	43158	43159	43158	43158	43157	43158	43162	43169	43164	43169	43162	43166	43162	43169	43161	43152	43167	43168	43168	43169	43168	43169	43168	43168	43169	42179	43169	43169	43169	43169	43169	43169	43169	43169	43169	43169	43169	43169	43169	43169	43169	43166	43166	43169	43166	43162	43162	43160	42873	42628	43158	43156	42550	43169	43168	43168	43169	43148	43168	43064	43160	43169	43168	43158	43165	43167	43169	43169	42611	43168	43153	41778	42929	42826	41219	43168	43169	43168	43168	43150	43101	40404	43159	43159	42980	42979	42981	43011	42981	43047	43169	43169	43169	43162	43169	43169	43029	43162	43169	43169	43158	43169	43169	43169	43169	43169	43158	42983	43031	43148	43169	43169	43169	43169	43167	43169	42543	43169	43169	43169	43169	43169	43169	43169	43169	43169	43169	43169	43169	43169	43169	43169	43169	43169	43119	43169	43169	43169	43169	43169	43169	43169	43169	43169	43169	43169	43158	43147	43159	43160	43160	43159	43156	43157	42952	42009	43168	43168	43168	43169	41306	43167	42600	43168	43025	43005	43025	43024	43025	43025	43025	42796	43024	43025	43024	43025	43024	43024	43025	43025	43025	43025	43029	43025	43169	43169	43169	43169	43169	43164	43169	43169	43169	43169	43155	43156	43142	43153	43154	43153	43154	43154	43154	43076	43160	43161	43161	43149	43162	43161	43161	38282	40819	43168	43168	43168	43168	43168	43169	42636	43154	36525	43153	43154	43154	42817	43153	43154	43140	43153	43154	43153	42059	43156	43136	39861	43158	39858	43120	43154	43153	43154	43154	43166	43169	43169	43169	43169	43166	43169	43169	43169	43166	43108	43167	43044	43166	42969	43166	43087
CY_HICS_LP_293_Du-757	38958	43159	42855	43159	43155	43158	42258	43159	43159	42972	43160	43159	43160	43159	43159	43159	43159	43165	43172	43167	43172	43165	43169	43165	43172	43164	43155	43170	43171	43171	43172	43171	43172	43171	43171	43172	42182	43172	43172	43172	43172	43172	43172	43172	43172	43172	43172	43172	43172	43172	43172	43172	43169	43169	43172	43169	43164	43164	43162	42876	42631	43161	43159	42553	43172	43171	43171	43172	43149	43171	43067	43163	43172	43171	43159	43167	43169	43169	43172	42614	43171	43156	41781	42932	42829	41222	43171	43172	43171	43171	43152	43104	40406	43162	43162	42983	42982	42984	43014	42984	43050	43172	43172	43172	43165	43172	43172	43032	43165	43172	43172	43161	43172	43172	43172	43172	43172	43161	42986	43034	43151	43172	43172	43172	43172	43170	43172	42546	43172	43172	43172	43172	43172	43172	43172	43172	43172	43172	43172	43172	43172	43172	43172	43172	43172	43122	43172	43172	43172	43172	43172	43172	43172	43172	43172	43172	43172	43161	43150	43162	43163	43163	43162	43159	43160	42955	42012	43171	43171	43171	43172	41309	43170	42603	43171	43028	43008	43028	43027	43028	43028	43028	42799	43027	43028	43027	43028	43027	43027	43028	43028	43028	43028	43032	43028	43172	43172	43172	43172	43172	43166	43172	43172	43172	43172	43158	43159	43144	43156	43157	43156	43157	43157	43157	43079	43163	43164	43164	43152	43165	43164	43164	38285	40822	43171	43171	43171	43171	43171	43172	42639	43157	36527	43156	43157	43157	42820	43156	43157	43143	43156	43157	43156	42061	43159	43139	39864	43161	39861	43123	43157	43156	43157	43157	43169	43172	43172	43172	43172	43169	43172	43172	43172	43169	43111	43170	43047	43169	42972	43169	43090
CY_HICS_LP_297_Du-761	38474	42602	42320	42601	42598	42600	41730	42601	42601	42422	42602	42605	42605	42601	42601	42601	42601	42609	42618	42613	42618	42611	42615	42611	42617	42608	42602	42616	42614	42617	42618	42615	42614	42613	42613	42615	41647	42618	42614	42614	42617	42614	42618	42617	42615	42614	42618	42618	42617	42618	42618	42618	42615	42611	42618	42612	42607	42607	42612	42318	42078	42603	42602	42038	42614	42614	42614	42614	42591	42614	42519	42614	42614	42613	42602	42612	42611	42611	42614	42618	42614	42609	41257	42376	42326	40671	42617	42618	42613	42614	42607	42559	39878	42614	42617	42456	42453	42457	42487	42453	42497	42614	42618	42618	42611	42618	42618	42481	42611	42618	42618	42610	42618	42618	42618	42618	42618	42610	42459	42507	42593	42614	42614	42614	42615	42616	42614	42016	42617	42615	42614	42615	42614	42617	42614	42615	42614	42618	42615	42618	42617	42618	42618	42618	42618	42578	42618	42618	42618	42618	42617	42617	42617	42617	42618	42618	42617	42607	42593	42605	42606	42605	42605	42602	42602	42400	41462	42614	42614	42613	42615	40781	42614	42069	42614	42473	42454	42473	42473	42474	42473	42473	42245	42473	42473	42473	42473	42473	42473	42473	42473	42477	42476	42481	42476	42615	42614	42618	42618	42618	42608	42618	42618	42618	42618	42607	42608	42590	42605	42606	42602	42602	42602	42602	42524	42609	42610	42607	42596	42607	42608	42608	37776	40298	42613	42617	42613	42617	42617	42614	42121	42605	36020	42602	42602	42602	42267	42601	42602	42590	42603	42605	42601	41569	42608	42584	39408	42603	39361	42572	42602	42603	42603	42602	42614	42618	42618	42618	42618	42615	42616	42618	42614	42613	42555	42615	42493	42611	42418	42611	42536
CY_HICS_LP_355_Du-762	38958	43159	42855	43158	43154	43157	42258	43158	43158	42971	43159	43158	43159	43158	43158	43158	43158	43164	43171	43166	43171	43164	43168	43164	43171	43163	43154	43169	43170	43170	43171	43170	43171	43170	43170	43171	42181	43171	43171	43171	43171	43171	43171	43171	43171	43171	43171	43171	43171	43171	43171	43171	43168	43168	43171	43168	43163	43164	43161	42875	42630	43160	43158	42553	43171	43171	43171	43171	43148	43171	43067	43163	43171	43170	43159	43167	43168	43168	43171	42614	43171	43156	41780	42931	42828	41221	43170	43171	43170	43171	43152	43104	40406	43162	43162	42982	42981	42983	43013	42983	43049	43171	43171	43171	43164	43171	43171	43031	43164	43171	43171	43160	43171	43171	43171	43171	43171	43160	42985	43033	43150	43171	43171	43171	43171	43169	43171	42545	43171	43171	43171	43171	43171	43171	43171	43171	43171	43171	43171	43171	43171	43171	43171	43171	43171	43121	43171	43171	43171	43171	43171	43171	43171	43171	43171	43171	43171	43160	43149	43161	43162	43162	43161	43158	43159	42954	42011	43170	43171	43170	43171	41309	43170	42603	43170	43027	43007	43027	43026	43027	43027	43027	42798	43026	43027	43026	43027	43026	43026	43027	43027	43027	43027	43031	43027	43171	43171	43171	43171	43171	43165	43171	43171	43171	43171	43157	43158	43143	43155	43156	43155	43156	43156	43156	43078	43162	43163	43163	43151	43164	43163	43163	38284	40821	43170	43170	43170	43170	43170	43171	42638	43156	36526	43155	43156	43156	42819	43155	43156	43142	43155	43156	43155	42060	43158	43138	39863	43160	39860	43122	43156	43155	43156	43156	43168	43171	43171	43171	43171	43168	43171	43171	43171	43168	43110	43169	43046	43168	42971	43168	43089
CY_HICS_LP_356_Du-763	38960	43144	42856	43143	43140	43142	42254	43144	43143	42956	43144	43145	43145	43143	43144	43143	43143	43149	43158	43153	43158	43151	43155	43151	43157	43151	43142	43156	43157	43157	43158	43157	43157	43155	43155	43158	42173	43158	43156	43157	43157	43157	43158	43157	43157	43157	43158	43158	43157	43158	43158	43158	43155	43154	43158	43155	43148	43150	43148	42860	42623	43146	43144	42549	43156	43156	43156	43156	43133	43156	43061	43150	43157	43156	43144	43154	43154	43153	43156	42609	43156	43158	41768	42919	42814	41208	43157	43158	43155	43157	43153	43102	40401	43156	43156	42969	42968	42970	43000	42968	43037	43157	43158	43158	43151	43158	43158	43018	43151	43158	43158	43147	43158	43158	43158	43158	43158	43147	42972	43020	43135	43157	43157	43157	43158	43156	43156	42532	43157	43158	43157	43157	43156	43156	43157	43157	43157	43157	43158	43157	43158	43157	43158	43158	43158	43107	43158	43158	43158	43158	43157	43157	43157	43157	43158	43158	43157	43146	43135	43147	43149	43148	43147	43144	43144	42940	41997	43156	43156	43155	43158	41307	43156	42597	43156	43013	42993	43012	43012	43014	43013	43013	42784	43012	43013	43012	43012	43012	43012	43013	43012	43014	43013	43018	43012	43157	43157	43158	43158	43158	43150	43158	43158	43158	43158	43144	43145	43130	43142	43143	43141	43141	43142	43141	43064	43149	43150	43150	43138	43149	43150	43151	38272	40814	43156	43157	43156	43157	43157	43156	42626	43142	36514	43142	43141	43141	42806	43140	43142	43128	43141	43141	43140	42047	43145	43123	39851	43145	39854	43110	43141	43143	43143	43141	43154	43158	43158	43158	43158	43155	43158	43158	43156	43154	43097	43155	43033	43153	42958	43154	43076
CY_HUN_LP_264_Du-683	37739	41768	41469	41768	41765	41767	40872	41780	41779	41665	41780	41773	41773	41768	41769	41768	41768	41779	41789	41784	41789	41782	41786	41782	41788	41779	41773	41787	41785	41788	41789	41786	41785	41783	41783	41786	40824	41789	41784	41785	41788	41785	41789	41788	41785	41785	41789	41789	41788	41789	41789	41789	41789	41785	41789	41786	41773	41774	41776	41497	41258	41782	41780	41240	41781	41780	41780	41781	41758	41780	41677	41773	41782	41781	41768	41776	41779	41778	41781	41257	41780	41768	41789	41556	41453	39993	41785	41786	41780	41781	41766	41717	39200	41772	41775	41600	41596	41601	41631	41596	41668	41785	41789	41789	41782	41789	41789	41650	41782	41789	41789	41778	41789	41786	41789	41786	41786	41778	41603	41651	41773	41785	41785	41785	41786	41787	41784	41171	41788	41786	41785	41786	41784	41787	41785	41785	41785	41788	41786	41788	41788	41788	41789	41789	41789	41737	41789	41789	41789	41789	41788	41788	41788	41788	41789	41789	41788	41786	41778	41784	41786	41785	41784	41781	41781	41579	40766	41781	41780	41780	41783	40044	41779	41277	41781	41642	41622	41641	41641	41643	41642	41642	41417	41641	41642	41641	41641	41641	41641	41642	41641	41646	41645	41650	41644	41786	41785	41789	41789	41789	41779	41789	41789	41789	41789	41775	41776	41758	41773	41774	41769	41769	41770	41769	41695	41780	41781	41778	41766	41777	41779	41779	37191	39580	41784	41788	41784	41788	41788	41784	41255	41773	35254	41770	41769	41769	41436	41768	41770	41757	41770	41772	41768	40765	41776	41752	38560	41773	38732	41740	41769	41771	41771	41769	41788	41789	41789	41789	41789	41789	41787	41789	41784	41786	41729	41786	41664	41784	41589	41785	41710
CY_HUN_LP_266_Du-685	38763	42919	42617	42919	42916	42918	42021	42931	42930	42743	42931	42921	42921	42919	42920	42919	42919	42928	42937	42932	42937	42930	42934	42930	42936	42930	42921	42935	42936	42936	42937	42936	42936	42934	42934	42937	41946	42937	42935	42936	42936	42936	42937	42936	42936	42936	42937	42937	42936	42937	42937	42937	42934	42933	42937	42934	42924	42925	42924	42648	42405	42933	42931	42316	42932	42931	42931	42932	42909	42931	42828	42924	42933	42932	42919	42927	42930	42929	42932	42376	42931	42919	41556	42937	42628	41022	42933	42934	42931	42932	42914	42865	40193	42923	42923	42748	42747	42749	42779	42747	42816	42936	42937	42937	42930	42937	42937	42798	42930	42937	42937	42926	42937	42934	42937	42934	42934	42926	42751	42799	42914	42936	42936	42936	42937	42935	42935	42312	42936	42937	42936	42936	42935	42935	42936	42936	42936	42936	42937	42936	42937	42936	42937	42937	42937	42886	42937	42937	42937	42937	42936	42936	42936	42936	42937	42937	42936	42934	42923	42935	42937	42936	42935	42932	42932	42730	41785	42932	42931	42931	42934	41072	42930	42364	42932	42793	42773	42792	42792	42794	42793	42793	42590	42792	42793	42792	42792	42792	42792	42793	42792	42794	42793	42798	42792	42936	42936	42937	42937	42937	42929	42937	42937	42937	42937	42923	42924	42909	42921	42922	42920	42920	42921	42920	42843	42928	42929	42929	42917	42928	42929	42930	38089	40608	42935	42936	42935	42936	42936	42935	42409	42921	36405	42921	42920	42920	42585	42919	42921	42907	42920	42920	42919	41835	42924	42902	39679	42924	39634	42889	42920	42922	42922	42920	42933	42937	42937	42937	42937	42934	42937	42937	42935	42933	42885	42934	42812	42932	42737	42933	42855
CY_HUN_LP_267_Du-686	38623	42816	42513	42816	42813	42815	41916	42827	42827	42640	42828	42816	42817	42816	42816	42816	42816	42825	42832	42827	42832	42825	42829	42825	42832	42825	42816	42830	42831	42831	42832	42831	42832	42831	42831	42832	41842	42832	42832	42832	42832	42832	42832	42832	42832	42832	42832	42832	42832	42832	42832	42832	42829	42829	42832	42829	42821	42821	42819	42545	42306	42829	42828	42244	42829	42828	42828	42829	42806	42828	42725	42821	42829	42828	42816	42824	42826	42826	42829	42326	42828	42814	41453	42628	42832	40920	42828	42829	42828	42828	42810	42765	40070	42820	42820	42644	42643	42644	42674	42644	42711	42832	42832	42832	42825	42832	42832	42693	42825	42832	42832	42821	42832	42829	42832	42829	42829	42821	42646	42694	42811	42832	42832	42832	42832	42830	42832	42233	42832	42832	42832	42832	42832	42832	42832	42832	42832	42832	42832	42832	42832	42832	42832	42832	42832	42782	42832	42832	42832	42832	42832	42832	42832	42832	42832	42832	42832	42831	42820	42831	42832	42832	42832	42832	42832	42629	41717	42829	42828	42828	42829	40969	42827	42268	42829	42689	42670	42689	42689	42689	42689	42689	42461	42689	42689	42689	42689	42689	42689	42689	42689	42689	42689	42693	42689	42832	42832	42832	42832	42832	42826	42832	42832	42832	42832	42818	42819	42805	42816	42817	42817	42817	42817	42817	42739	42824	42825	42825	42813	42825	42825	42825	37957	40505	42831	42831	42831	42831	42831	42832	42306	42817	36247	42817	42817	42817	42493	42816	42817	42804	42817	42817	42816	41729	42819	42799	39574	42821	39577	42784	42817	42817	42817	42817	42829	42832	42832	42832	42832	42829	42832	42832	42832	42829	42771	42830	42707	42829	42632	42829	42750
CY_HUN_LP_268_Du-687	37276	41209	40932	41209	41206	41208	40357	41224	41224	41039	41225	41211	41211	41209	41209	41209	41209	41223	41227	41224	41227	41224	41224	41224	41226	41223	41216	41225	41225	41226	41227	41225	41225	41224	41224	41226	40249	41227	41225	41225	41226	41225	41227	41226	41226	41225	41227	41227	41226	41227	41227	41227	41224	41222	41227	41223	41214	41214	41214	40942	40714	41225	41225	40614	41222	41221	41221	41222	41199	41221	41118	41214	41222	41221	41209	41217	41219	41219	41222	40671	41221	41208	39993	41022	40920	41227	41223	41224	41221	41221	41204	41156	38600	41213	41214	41038	41037	41039	41069	41037	41110	41225	41227	41227	41224	41227	41227	41090	41224	41227	41227	41218	41227	41224	41227	41224	41224	41218	41041	41089	41205	41225	41225	41225	41226	41225	41225	40645	41226	41226	41225	41225	41225	41226	41225	41226	41225	41227	41226	41227	41226	41227	41227	41227	41227	41175	41227	41227	41227	41227	41226	41226	41226	41226	41227	41227	41226	41226	41213	41225	41226	41225	41225	41225	41225	41024	40232	41222	41221	41221	41223	39408	41220	40714	41222	41084	41073	41084	41084	41085	41084	41084	40879	41084	41084	41084	41084	41084	41084	41084	41084	41086	41085	41090	41085	41225	41225	41227	41227	41227	41219	41227	41227	41227	41227	41215	41216	41200	41213	41214	41212	41212	41212	41212	41144	41223	41223	41222	41211	41222	41223	41223	36444	39042	41224	41226	41224	41226	41226	41225	40699	41213	34808	41212	41212	41212	40879	41211	41212	41199	41213	41213	41211	40184	41216	41194	38060	41214	38168	41180	41212	41213	41213	41212	41223	41227	41227	41227	41227	41224	41227	41227	41225	41224	41166	41224	41102	41222	41031	41222	41145
CY_SIE_LP_188_Du-445	38962	43158	42858	43158	43154	43157	42259	43159	43158	42974	43159	43163	43163	43158	43159	43158	43158	43166	43176	43171	43176	43169	43173	43169	43175	43165	43159	43175	43173	43176	43176	43174	43172	43171	43171	43173	42184	43176	43171	43172	43175	43172	43176	43175	43172	43172	43176	43176	43175	43176	43176	43176	43173	43169	43176	43170	43163	43164	43166	42875	42634	43161	43158	42557	43171	43170	43170	43171	43148	43170	43066	43162	43172	43172	43159	43166	43170	43168	43171	42617	43170	43157	41785	42933	42828	41223	43176	43176	43171	43171	43155	43106	40410	43161	43164	42986	42982	42988	43018	42983	43054	43172	43176	43176	43169	43176	43176	43036	43169	43176	43176	43165	43176	43176	43176	43176	43176	43165	42990	43038	43150	43172	43172	43172	43173	43174	43171	42550	43175	43173	43172	43173	43171	43174	43172	43172	43172	43175	43173	43175	43175	43175	43176	43176	43176	43124	43176	43176	43176	43176	43175	43175	43175	43175	43176	43176	43175	43163	43149	43162	43164	43163	43161	43158	43159	42955	42014	43170	43170	43170	43173	41310	43169	42602	43170	43028	43007	43027	43026	43029	43028	43028	42798	43026	43028	43026	43027	43026	43026	43028	43027	43032	43031	43036	43030	43173	43172	43176	43176	43176	43165	43176	43176	43176	43176	43162	43163	43144	43160	43161	43155	43156	43157	43156	43083	43166	43167	43164	43152	43164	43165	43165	38289	40822	43171	43175	43171	43175	43175	43171	42641	43160	36532	43156	43156	43156	42820	43155	43157	43143	43156	43159	43155	42062	43163	43138	39866	43160	39866	43126	43156	43157	43158	43156	43172	43176	43176	43176	43176	43173	43174	43176	43171	43170	43113	43173	43051	43168	42976	43169	43094
CY_SIE_LP_189_Du-446	38963	43159	42859	43159	43155	43158	42260	43160	43159	42975	43160	43164	43164	43159	43160	43159	43159	43167	43177	43172	43177	43170	43174	43170	43176	43166	43160	43175	43173	43176	43177	43174	43173	43171	43171	43174	42184	43177	43172	43173	43176	43173	43177	43176	43173	43173	43177	43177	43176	43177	43177	43177	43174	43170	43177	43171	43164	43165	43167	42876	42635	43162	43159	42558	43172	43171	43171	43172	43149	43171	43067	43163	43173	43172	43159	43167	43170	43169	43172	42618	43171	43158	41786	42934	42829	41224	43176	43177	43171	43172	43156	43107	40411	43162	43165	42987	42983	42989	43019	42984	43055	43173	43177	43177	43170	43177	43177	43037	43170	43177	43177	43166	43177	43177	43177	43177	43177	43166	42991	43039	43151	43173	43173	43173	43174	43175	43172	42551	43176	43174	43173	43174	43172	43175	43173	43173	43173	43176	43174	43176	43176	43176	43177	43177	43177	43125	43177	43177	43177	43177	43176	43176	43176	43176	43177	43177	43176	43164	43150	43163	43165	43164	43162	43159	43160	42956	42015	43171	43171	43171	43174	41311	43170	42603	43171	43029	43008	43028	43027	43030	43029	43029	42799	43027	43029	43027	43028	43027	43027	43029	43028	43033	43032	43037	43031	43174	43173	43177	43177	43177	43166	43177	43177	43177	43177	43163	43164	43145	43161	43162	43156	43157	43158	43157	43083	43167	43168	43165	43153	43165	43166	43166	38289	40823	43172	43176	43172	43176	43176	43172	42642	43161	36532	43157	43157	43157	42821	43156	43158	43144	43157	43160	43156	42062	43164	43139	39867	43161	39866	43127	43157	43158	43159	43157	43173	43177	43177	43177	43177	43174	43175	43177	43172	43171	43114	43174	43052	43169	42977	43170	43095
CY_SIE_LP_190_Du-447	38957	43158	42854	43158	43154	43157	42257	43158	43158	42971	43159	43158	43159	43158	43158	43158	43158	43164	43171	43166	43171	43164	43168	43164	43171	43163	43154	43170	43171	43171	43171	43171	43171	43171	43171	43171	42182	43171	43171	43171	43171	43171	43171	43171	43171	43171	43171	43171	43171	43171	43171	43171	43168	43168	43171	43168	43163	43163	43161	42875	42630	43160	43158	42552	43171	43170	43170	43171	43148	43170	43066	43162	43171	43171	43159	43166	43169	43168	43171	42613	43170	43155	41780	42931	42828	41221	43171	43171	43171	43170	43151	43103	40405	43161	43161	42982	42981	42983	43013	42983	43049	43171	43171	43171	43164	43171	43171	43031	43164	43171	43171	43160	43171	43171	43171	43171	43171	43160	42985	43033	43150	43171	43171	43171	43171	43169	43171	42545	43171	43171	43171	43171	43171	43171	43171	43171	43171	43171	43171	43171	43171	43171	43171	43171	43171	43121	43171	43171	43171	43171	43171	43171	43171	43171	43171	43171	43171	43160	43149	43161	43162	43162	43161	43158	43159	42954	42011	43170	43170	43170	43171	41308	43169	42602	43170	43027	43007	43027	43026	43027	43027	43027	42798	43026	43027	43026	43027	43026	43026	43027	43027	43027	43027	43031	43027	43171	43171	43171	43171	43171	43165	43171	43171	43171	43171	43157	43158	43143	43155	43156	43155	43156	43156	43156	43079	43162	43163	43163	43151	43164	43163	43163	38285	40821	43170	43170	43170	43170	43170	43171	42638	43156	36527	43155	43156	43156	42819	43155	43156	43142	43155	43156	43155	42061	43158	43138	39863	43160	39861	43122	43156	43155	43156	43156	43168	43171	43171	43171	43171	43168	43171	43171	43171	43168	43110	43169	43046	43168	42971	43168	43089
CY_SIE_LP_191_Du-448	38959	43159	42855	43158	43154	43157	42259	43159	43158	42971	43159	43159	43160	43158	43159	43158	43158	43164	43172	43167	43172	43165	43169	43165	43172	43164	43155	43170	43171	43171	43172	43171	43172	43170	43170	43172	42182	43172	43171	43172	43172	43172	43172	43172	43171	43172	43172	43172	43172	43172	43172	43172	43169	43169	43172	43169	43163	43165	43162	42875	42630	43161	43158	42554	43171	43171	43171	43171	43148	43171	43067	43163	43172	43171	43159	43167	43169	43168	43171	42614	43171	43157	41781	42932	42828	41221	43171	43172	43170	43172	43153	43104	40407	43162	43162	42983	42981	42984	43014	42983	43050	43172	43172	43172	43165	43172	43172	43032	43165	43172	43172	43161	43172	43172	43172	43172	43172	43161	42986	43034	43150	43172	43172	43172	43172	43170	43171	42546	43172	43172	43172	43172	43171	43171	43172	43171	43172	43171	43172	43171	43172	43171	43172	43172	43172	43122	43172	43172	43172	43172	43172	43172	43172	43172	43172	43172	43172	43160	43149	43161	43163	43163	43161	43158	43159	42954	42011	43170	43171	43170	43172	41310	43170	42603	43170	43028	43007	43027	43026	43028	43028	43028	42798	43026	43028	43026	43027	43026	43026	43028	43027	43028	43028	43032	43027	43172	43172	43172	43172	43172	43165	43172	43172	43172	43172	43158	43159	43144	43156	43157	43155	43156	43157	43156	43079	43163	43164	43164	43151	43164	43164	43164	38285	40822	43171	43171	43171	43171	43171	43171	42639	43157	36527	43156	43156	43156	42820	43155	43157	43142	43155	43156	43155	42061	43159	43138	39864	43160	39861	43123	43156	43156	43157	43156	43169	43172	43172	43172	43172	43169	43172	43172	43171	43168	43111	43170	43047	43168	42972	43169	43090
CY_WOO_LP_259_Du-664	38959	43140	42854	43139	43137	43139	42249	43141	43140	42955	43140	43144	43145	43140	43141	43139	43140	43147	43156	43151	43156	43149	43153	43149	43156	43146	43140	43154	43152	43155	43156	43153	43153	43151	43151	43153	42170	43156	43152	43153	43156	43153	43156	43156	43152	43153	43156	43156	43156	43156	43156	43156	43153	43150	43156	43150	43144	43146	43146	42856	42621	43142	43140	42547	43152	43152	43152	43152	43130	43152	43057	43146	43153	43152	43141	43151	43151	43150	43152	42607	43152	43153	41766	42914	42810	41204	43155	43156	43151	43153	43156	43101	40399	43152	43155	42968	42963	42968	42998	42964	43035	43153	43156	43156	43149	43156	43156	43016	43149	43156	43156	43145	43156	43156	43156	43156	43156	43145	42970	43018	43131	43153	43153	43153	43153	43154	43152	42530	43156	43153	43153	43154	43152	43155	43153	43152	43153	43155	43153	43155	43155	43155	43156	43156	43156	43105	43156	43156	43156	43156	43156	43156	43156	43156	43156	43156	43156	43145	43131	43142	43144	43144	43143	43140	43140	42937	41996	43152	43152	43151	43153	41302	43152	42593	43152	43009	42989	43008	43008	43009	43009	43009	42780	43008	43009	43008	43008	43008	43008	43009	43008	43012	43012	43016	43011	43154	43153	43156	43156	43156	43147	43156	43156	43156	43156	43142	43143	43126	43140	43141	43137	43137	43138	43137	43063	43148	43149	43146	43133	43145	43147	43146	38269	40810	43152	43155	43152	43155	43155	43152	42622	43141	36513	43138	43137	43137	42802	43136	43138	43125	43138	43140	43136	42044	43143	43119	39847	43141	39852	43107	43137	43138	43138	43137	43153	43156	43156	43156	43156	43153	43154	43156	43152	43150	43093	43154	43031	43149	42956	43150	43074
CY_WOO_LP_260_Du-665	38913	43092	42804	43091	43088	43090	42200	43091	43091	42907	43092	43094	43095	43091	43091	43091	43091	43099	43107	43102	43107	43100	43104	43100	43107	43097	43091	43105	43103	43106	43107	43104	43104	43103	43103	43104	42119	43107	43104	43104	43107	43104	43107	43107	43104	43104	43107	43107	43107	43107	43107	43107	43104	43101	43107	43101	43096	43097	43097	42808	42571	43093	43092	42498	43104	43104	43104	43104	43081	43104	43009	43098	43104	43103	43092	43102	43101	43101	43104	42559	43104	43102	41717	42865	42765	41156	43106	43107	43103	43104	43101	43107	40350	43104	43107	42919	42915	42919	42949	42916	42986	43104	43107	43107	43100	43107	43107	42967	43100	43107	43107	43096	43107	43107	43107	43107	43107	43096	42921	42969	43083	43104	43104	43104	43104	43105	43104	42481	43107	43104	43104	43105	43104	43107	43104	43104	43104	43107	43104	43107	43106	43107	43107	43107	43107	43056	43107	43107	43107	43107	43107	43107	43107	43107	43107	43107	43107	43097	43083	43094	43095	43095	43095	43092	43092	42889	41948	43104	43104	43103	43104	41252	43104	42545	43104	42960	42941	42960	42960	42960	42960	42960	42732	42960	42960	42960	42960	42960	42960	42960	42960	42963	42963	42967	42963	43105	43104	43107	43107	43107	43098	43107	43107	43107	43107	43093	43094	43077	43091	43092	43089	43089	43089	43089	43014	43099	43100	43097	43085	43097	43098	43097	38221	40759	43103	43106	43103	43106	43106	43104	42573	43092	36494	43089	43089	43089	42753	43088	43089	43077	43090	43092	43088	41994	43094	43071	39798	43093	39801	43058	43089	43089	43089	43089	43104	43107	43107	43107	43107	43104	43105	43107	43104	43102	43044	43105	42982	43101	42907	43101	43025
CY_WOO_LP_261_Du-667	36591	40395	40135	40394	40390	40393	39539	40394	40393	40209	40394	40399	40399	40394	40395	40394	40394	40401	40411	40406	40411	40404	40408	40404	40410	40400	40394	40409	40407	40410	40411	40408	40407	40405	40405	40408	39425	40411	40406	40407	40410	40407	40411	40410	40407	40407	40411	40411	40410	40411	40411	40411	40408	40404	40411	40405	40399	40401	40402	40145	39911	40396	40393	39936	40406	40406	40406	40406	40384	40406	40338	40401	40407	40406	40395	40404	40405	40404	40406	39878	40406	40401	39200	40193	40070	38600	40410	40411	40405	40407	40399	40350	40411	40405	40408	40221	40217	40223	40253	40218	40289	40407	40411	40411	40404	40411	40411	40271	40404	40411	40411	40400	40411	40411	40411	40411	40411	40400	40225	40273	40386	40407	40407	40407	40408	40409	40406	39865	40410	40408	40407	40408	40406	40409	40407	40407	40407	40410	40408	40410	40410	40410	40411	40411	40411	40359	40411	40411	40411	40411	40410	40410	40410	40410	40411	40411	40410	40398	40395	40397	40399	40398	40396	40393	40394	40206	39349	40405	40406	40406	40408	38705	40406	39890	40405	40263	40250	40262	40261	40264	40263	40263	40066	40261	40263	40261	40262	40261	40261	40263	40262	40267	40266	40271	40265	40408	40407	40411	40411	40411	40400	40411	40411	40411	40411	40397	40398	40379	40395	40396	40390	40391	40392	40391	40320	40401	40402	40399	40387	40399	40400	40400	35967	38301	40406	40410	40406	40410	40410	40406	39927	40395	34324	40391	40391	40391	40119	40390	40392	40378	40391	40394	40390	39484	40398	40373	37305	40395	37448	40378	40391	40392	40393	40391	40407	40411	40411	40411	40411	40408	40409	40411	40406	40405	40359	40408	40290	40403	40215	40404	40329
CY_WOO_LP_262_Du-668	38958	43150	42855	43149	43146	43148	42258	43149	43149	42962	43150	43149	43150	43149	43149	43149	43149	43155	43162	43157	43162	43155	43159	43155	43162	43155	43146	43160	43161	43161	43162	43161	43162	43161	43161	43162	42172	43162	43162	43162	43162	43162	43162	43162	43162	43162	43162	43162	43162	43162	43162	43162	43159	43159	43162	43159	43154	43155	43152	42866	42622	43151	43150	42553	43162	43162	43162	43162	43139	43162	43067	43156	43162	43161	43150	43160	43159	43159	43162	42614	43162	43156	41772	42923	42820	41213	43161	43162	43161	43162	43152	43104	40405	43162	43162	42974	42973	42974	43004	42974	43041	43162	43162	43162	43155	43162	43162	43022	43155	43162	43162	43151	43162	43162	43162	43162	43162	43151	42976	43024	43141	43162	43162	43162	43162	43160	43162	42536	43162	43162	43162	43162	43162	43162	43162	43162	43162	43162	43162	43162	43162	43162	43162	43162	43162	43112	43162	43162	43162	43162	43162	43162	43162	43162	43162	43162	43162	43152	43141	43152	43153	43153	43153	43150	43150	42946	42003	43162	43162	43161	43162	41309	43162	42603	43162	43018	42999	43018	43018	43018	43018	43018	42790	43018	43018	43018	43018	43018	43018	43018	43018	43018	43018	43022	43018	43162	43162	43162	43162	43162	43156	43162	43162	43162	43162	43148	43149	43135	43146	43147	43147	43147	43147	43147	43069	43154	43155	43155	43143	43155	43155	43155	38276	40813	43161	43161	43161	43161	43161	43162	42630	43147	36518	43147	43147	43147	42811	43146	43147	43134	43147	43147	43146	42052	43149	43129	39855	43151	39852	43114	43147	43147	43147	43147	43159	43162	43162	43162	43162	43159	43162	43162	43162	43159	43101	43160	43037	43159	42962	43159	43080
CY_WOO_LP_263_Du-669	38961	43150	42858	43149	43146	43148	42258	43149	43149	42965	43150	43152	43153	43149	43149	43149	43149	43157	43165	43160	43165	43158	43162	43158	43165	43155	43149	43163	43161	43164	43165	43162	43162	43161	43161	43162	42173	43165	43162	43162	43165	43162	43165	43165	43162	43162	43165	43165	43165	43165	43165	43165	43162	43159	43165	43159	43154	43155	43155	42866	42625	43151	43150	42556	43162	43162	43162	43162	43139	43162	43067	43156	43162	43161	43150	43160	43159	43159	43162	42617	43162	43156	41775	42923	42820	41214	43164	43165	43161	43162	43155	43107	40408	43162	43165	42977	42973	42977	43007	42974	43044	43162	43165	43165	43158	43165	43165	43025	43158	43165	43165	43154	43165	43165	43165	43165	43165	43154	42979	43027	43141	43162	43162	43162	43162	43163	43162	42539	43165	43162	43162	43163	43162	43165	43162	43162	43162	43165	43162	43165	43164	43165	43165	43165	43165	43114	43165	43165	43165	43165	43165	43165	43165	43165	43165	43165	43165	43155	43141	43152	43153	43153	43153	43150	43150	42947	42006	43162	43162	43161	43162	41309	43162	42603	43162	43018	42999	43018	43018	43018	43018	43018	42790	43018	43018	43018	43018	43018	43018	43018	43018	43021	43021	43025	43021	43163	43162	43165	43165	43165	43156	43165	43165	43165	43165	43151	43152	43135	43149	43150	43147	43147	43147	43147	43072	43157	43158	43155	43143	43155	43156	43155	38278	40813	43161	43164	43161	43164	43164	43162	42631	43150	36521	43147	43147	43147	42811	43146	43147	43135	43148	43150	43146	42052	43152	43129	39856	43151	39855	43116	43147	43147	43147	43147	43162	43165	43165	43165	43165	43162	43163	43165	43162	43160	43102	43163	43040	43159	42965	43159	43083
DAN_LP_043_Du-68	38833	42970	42670	42970	42967	42969	42071	42974	42973	42832	42974	42974	42975	42970	42971	42970	42970	42982	42991	42986	42991	42984	42988	42984	42991	42981	42975	42990	42988	42991	42992	42989	42989	42987	42987	42989	42000	42992	42988	42989	42992	42989	42992	42992	42988	42989	42992	42992	42992	42992	42992	42992	42989	42986	42992	42986	42975	42976	42977	42690	42449	42976	42974	42369	42983	42982	42982	42983	42961	42982	42879	42975	42984	42983	42970	42978	42981	42980	42983	42456	42982	42969	41600	42748	42644	41038	42986	42987	42982	42983	42968	42919	40221	42974	42977	42992	42987	42991	42992	42987	42870	42988	42991	42991	42984	42991	42991	42851	42984	42992	42992	42980	42992	42987	42992	42987	42987	42980	42992	42992	42967	42989	42989	42989	42989	42990	42988	42366	42992	42989	42989	42990	42988	42991	42989	42988	42989	42991	42989	42991	42991	42991	42992	42992	42992	42941	42992	42992	42992	42992	42992	42992	42992	42992	42992	42992	42992	42979	42965	42976	42978	42978	42977	42974	42974	42771	41830	42983	42982	42982	42984	41122	42981	42415	42983	42844	42824	42843	42843	42844	42844	42844	42615	42843	42844	42843	42843	42843	42843	42844	42843	42847	42847	42851	42846	42990	42989	42992	42992	42992	42980	42992	42992	42992	42992	42977	42978	42961	42975	42976	42972	42972	42973	42972	42898	42983	42984	42981	42968	42980	42982	42981	38240	40751	42988	42991	42988	42991	42991	42988	42543	42976	36347	42973	42972	42972	42637	42971	42973	42960	42973	42975	42971	41936	42978	42954	39682	42976	39681	42942	42972	42973	42973	42972	42989	42992	42992	42992	42992	42989	42990	42992	42988	42986	42929	42990	42867	42985	42792	42986	42910
DAN_LP_044_Du-69	38829	42969	42667	42969	42967	42968	42070	42972	42972	42828	42973	42970	42970	42969	42969	42969	42969	42979	42987	42982	42987	42980	42984	42980	42986	42980	42971	42986	42987	42987	42988	42987	42987	42986	42986	42988	41998	42988	42987	42987	42987	42987	42988	42987	42988	42987	42988	42988	42987	42988	42988	42988	42985	42984	42988	42985	42974	42974	42973	42689	42446	42974	42973	42365	42982	42981	42981	42982	42960	42981	42878	42974	42982	42981	42970	42977	42979	42979	42982	42453	42981	42968	41596	42747	42643	41037	42982	42983	42981	42981	42963	42915	40217	42973	42973	42987	42988	42988	42988	42987	42866	42986	42987	42987	42980	42987	42987	42847	42980	42988	42988	42976	42988	42983	42988	42983	42983	42976	42988	42988	42966	42987	42987	42987	42988	42986	42987	42362	42987	42988	42987	42987	42987	42987	42987	42988	42987	42988	42988	42988	42988	42988	42988	42988	42988	42937	42988	42988	42988	42988	42987	42987	42987	42987	42988	42988	42987	42975	42964	42976	42977	42976	42976	42973	42973	42769	41826	42982	42981	42981	42983	41121	42980	42414	42982	42842	42823	42842	42842	42843	42842	42842	42614	42842	42842	42842	42842	42842	42842	42842	42842	42843	42842	42847	42842	42987	42987	42988	42988	42988	42979	42988	42988	42988	42988	42973	42974	42959	42971	42972	42971	42971	42971	42971	42894	42978	42979	42979	42968	42979	42979	42980	38238	40749	42987	42988	42987	42988	42988	42987	42541	42971	36344	42971	42971	42971	42635	42970	42971	42958	42971	42971	42970	41935	42974	42953	39680	42975	39678	42939	42971	42972	42972	42971	42984	42988	42988	42988	42988	42985	42988	42988	42987	42985	42927	42985	42863	42984	42788	42984	42906
DAN_LP_045_Du-70	38834	42971	42671	42971	42968	42970	42072	42975	42974	42832	42975	42976	42976	42971	42972	42971	42971	42983	42993	42988	42993	42986	42990	42986	42992	42982	42976	42992	42990	42993	42994	42991	42990	42988	42988	42991	42002	42994	42989	42990	42993	42990	42994	42993	42990	42990	42994	42994	42993	42994	42994	42994	42991	42987	42994	42988	42976	42977	42979	42691	42450	42977	42974	42370	42984	42983	42983	42984	42962	42983	42879	42975	42985	42984	42972	42979	42982	42981	42984	42457	42983	42970	41601	42749	42644	41039	42988	42989	42983	42984	42968	42919	40223	42974	42977	42991	42988	42994	42994	42989	42871	42989	42993	42993	42986	42993	42993	42853	42986	42994	42994	42982	42994	42989	42994	42989	42989	42982	42994	42994	42968	42990	42990	42990	42991	42992	42989	42368	42993	42991	42990	42991	42989	42992	42990	42990	42990	42993	42991	42993	42993	42993	42994	42994	42994	42942	42994	42994	42994	42994	42993	42993	42993	42993	42994	42994	42993	42979	42965	42978	42980	42979	42977	42974	42975	42771	41830	42983	42983	42983	42986	41123	42982	42415	42983	42845	42824	42844	42843	42846	42845	42845	42615	42843	42845	42843	42844	42843	42843	42845	42844	42849	42848	42853	42847	42991	42990	42994	42994	42994	42981	42994	42994	42994	42994	42979	42980	42961	42977	42978	42972	42973	42974	42973	42900	42983	42984	42981	42969	42981	42982	42982	38241	40750	42990	42994	42990	42994	42994	42989	42544	42977	36349	42973	42973	42973	42637	42972	42974	42960	42973	42976	42972	41937	42980	42955	39683	42977	39683	42943	42973	42974	42975	42973	42990	42994	42994	42994	42994	42991	42992	42994	42989	42988	42931	42991	42869	42986	42794	42987	42912
DAN_LP_046_Du-71	38835	43001	42701	43001	42997	43000	42102	43005	43004	42861	43005	43006	43006	43001	43002	43001	43001	43013	43023	43018	43023	43016	43020	43016	43022	43012	43006	43022	43020	43023	43024	43021	43020	43018	43018	43021	42031	43024	43019	43020	43023	43020	43024	43023	43020	43020	43024	43024	43023	43024	43024	43024	43021	43017	43024	43018	43006	43007	43009	42721	42480	43007	43004	42400	43014	43013	43013	43014	42992	43013	42909	43005	43015	43014	43001	43009	43012	43011	43014	42487	43013	43000	41631	42779	42674	41069	43018	43019	43013	43014	42998	42949	40253	43004	43007	42992	42988	42994	43024	42989	42901	43019	43023	43023	43016	43023	43023	42883	43016	43024	43024	43012	43024	43019	43024	43019	43019	43012	42995	43024	42998	43020	43020	43020	43021	43022	43019	42398	43023	43021	43020	43021	43019	43022	43020	43020	43020	43023	43021	43023	43023	43023	43024	43024	43024	42972	43024	43024	43024	43024	43023	43023	43023	43023	43024	43024	43023	43009	42995	43008	43010	43009	43007	43004	43005	42801	41860	43013	43013	43013	43016	41153	43012	42445	43013	42875	42854	42874	42873	42876	42875	42875	42645	42873	42875	42873	42874	42873	42873	42875	42874	42879	42878	42883	42877	43021	43020	43024	43024	43024	43011	43024	43024	43024	43024	43009	43010	42991	43007	43008	43002	43003	43004	43003	42929	43013	43014	43011	42999	43011	43012	43012	38241	40751	43019	43023	43019	43023	43023	43019	42574	43007	36378	43003	43003	43003	42667	43002	43004	42990	43003	43006	43002	41962	43010	42985	39713	43007	39712	42973	43003	43004	43005	43003	43020	43024	43024	43024	43024	43021	43022	43024	43019	43018	42961	43021	42899	43016	42824	43017	42942
DAN_LP_047_Du-72	38829	42971	42667	42971	42968	42970	42070	42974	42974	42829	42975	42971	42972	42971	42971	42971	42971	42981	42988	42983	42988	42981	42985	42981	42988	42980	42971	42987	42988	42988	42989	42988	42989	42988	42988	42989	42000	42989	42989	42989	42989	42989	42989	42989	42989	42989	42989	42989	42989	42989	42989	42989	42986	42986	42989	42986	42976	42976	42974	42691	42446	42976	42974	42365	42984	42983	42983	42984	42962	42983	42879	42975	42984	42983	42972	42979	42981	42981	42984	42453	42983	42968	41596	42747	42644	41037	42983	42984	42983	42983	42964	42916	40218	42974	42974	42987	42987	42989	42989	42989	42866	42988	42988	42988	42981	42988	42988	42848	42981	42989	42989	42977	42989	42984	42989	42984	42984	42977	42989	42989	42968	42989	42989	42989	42989	42987	42989	42363	42989	42989	42989	42989	42989	42989	42989	42989	42989	42989	42989	42989	42989	42989	42989	42989	42989	42939	42989	42989	42989	42989	42989	42989	42989	42989	42989	42989	42989	42976	42965	42977	42978	42978	42977	42974	42975	42770	41827	42983	42983	42983	42984	41121	42982	42415	42983	42844	42824	42844	42843	42844	42844	42844	42615	42843	42844	42843	42844	42843	42843	42844	42844	42844	42844	42848	42844	42989	42989	42989	42989	42989	42981	42989	42989	42989	42989	42974	42975	42960	42972	42973	42972	42973	42973	42973	42896	42979	42980	42980	42968	42981	42980	42980	38237	40749	42989	42989	42989	42989	42989	42989	42541	42973	36344	42972	42973	42973	42636	42972	42973	42959	42972	42973	42972	41936	42975	42955	39680	42977	39678	42939	42973	42972	42973	42973	42986	42989	42989	42989	42989	42986	42989	42989	42989	42986	42928	42987	42864	42986	42789	42986	42907
DOV_LP_078_Du-174	38850	43037	42738	43037	43034	43036	42139	43041	43040	42856	43041	43042	43042	43037	43038	43037	43037	43056	43059	43059	43059	43059	43056	43059	43058	43056	43050	43057	43055	43058	43059	43056	43055	43053	43053	43056	42129	43059	43054	43055	43058	43055	43059	43058	43055	43055	43059	43059	43058	43059	43059	43059	43056	43052	43059	43053	43042	43043	43045	42757	42517	43043	43041	42437	43050	43049	43049	43050	43027	43049	42946	43042	43051	43050	43037	43045	43048	43047	43050	42497	43049	43037	41668	42816	42711	41110	43054	43055	43049	43050	43035	42986	40289	43041	43044	42870	42866	42871	42901	42866	43059	43055	43059	43059	43059	43059	43059	42919	43059	43059	43059	43048	43059	43055	43059	43055	43055	43048	42873	42921	43033	43055	43055	43055	43056	43057	43054	42433	43058	43056	43055	43056	43054	43057	43055	43055	43055	43058	43056	43058	43058	43058	43059	43059	43059	43007	43059	43059	43059	43059	43058	43058	43058	43058	43059	43059	43058	43046	43032	43044	43046	43045	43044	43041	43041	42838	41897	43050	43049	43049	43052	41190	43048	42482	43050	42911	42891	42910	42910	42912	42911	42911	42682	42910	42911	42910	42910	42910	42910	42911	42910	42915	42914	42919	42913	43056	43055	43059	43059	43059	43047	43059	43059	43059	43059	43045	43046	43028	43043	43044	43039	43039	43040	43039	42987	43057	43058	43055	43043	43054	43056	43056	38179	40713	43054	43058	43054	43058	43058	43054	42525	43043	36529	43040	43039	43039	42704	43038	43040	43027	43040	43042	43038	41945	43046	43021	39813	43043	39838	43010	43039	43041	43041	43039	43055	43059	43059	43059	43059	43056	43057	43059	43054	43053	42996	43056	42934	43051	42859	43052	42977
DOV_LP_079_Du-175	38959	43159	42855	43159	43155	43158	42259	43163	43162	42975	43163	43160	43161	43159	43160	43159	43159	43169	43177	43172	43177	43170	43174	43170	43177	43169	43160	43175	43176	43176	43177	43176	43177	43175	43175	43177	42187	43177	43176	43177	43177	43177	43177	43177	43176	43177	43177	43177	43177	43177	43177	43177	43174	43174	43177	43174	43164	43165	43163	42879	42634	43165	43162	42554	43172	43171	43171	43172	43149	43171	43067	43163	43173	43172	43159	43167	43170	43169	43172	42614	43171	43157	41785	42936	42832	41225	43172	43173	43171	43172	43153	43104	40407	43162	43162	42988	42986	42989	43019	42988	43055	43177	43177	43177	43170	43177	43177	43037	43170	43177	43177	43166	43177	43173	43177	43173	43173	43166	42991	43039	43155	43177	43177	43177	43177	43175	43176	42551	43177	43177	43177	43177	43176	43176	43177	43176	43177	43176	43177	43176	43177	43176	43177	43177	43177	43127	43177	43177	43177	43177	43177	43177	43177	43177	43177	43177	43177	43164	43153	43165	43167	43167	43165	43162	43163	42958	42015	43171	43171	43171	43173	41310	43170	42603	43171	43033	43012	43032	43031	43033	43033	43033	42803	43031	43033	43031	43032	43031	43031	43033	43032	43033	43033	43037	43032	43177	43177	43177	43177	43177	43169	43177	43177	43177	43177	43163	43164	43149	43161	43162	43160	43161	43162	43161	43084	43168	43169	43169	43156	43169	43169	43169	38290	40827	43176	43176	43176	43176	43176	43176	42644	43162	36532	43161	43161	43161	42825	43160	43162	43147	43160	43161	43160	42066	43164	43143	39869	43165	39866	43128	43161	43161	43162	43161	43174	43177	43177	43177	43177	43174	43177	43177	43176	43173	43116	43175	43052	43173	42977	43174	43095
DOV_LP_080_Du-176	38963	43159	42859	43159	43155	43158	42260	43163	43162	42978	43163	43164	43164	43159	43160	43159	43159	43171	43181	43176	43181	43174	43178	43174	43180	43170	43164	43179	43177	43180	43181	43178	43177	43175	43175	43178	42188	43181	43176	43177	43180	43177	43181	43180	43177	43177	43181	43181	43180	43181	43181	43181	43178	43174	43181	43175	43164	43165	43167	42879	42638	43165	43162	42558	43172	43171	43171	43172	43149	43171	43067	43163	43173	43172	43159	43167	43170	43169	43172	42618	43171	43158	41789	42937	42832	41227	43176	43177	43171	43172	43156	43107	40411	43162	43165	42991	42987	42993	43023	42988	43059	43177	43181	43181	43174	43181	43181	43041	43174	43181	43181	43170	43181	43177	43181	43177	43177	43170	42995	43043	43155	43177	43177	43177	43178	43179	43176	42555	43180	43178	43177	43178	43176	43179	43177	43177	43177	43180	43178	43180	43180	43180	43181	43181	43181	43129	43181	43181	43181	43181	43180	43180	43180	43180	43181	43181	43180	43167	43153	43166	43168	43167	43165	43162	43163	42959	42018	43171	43171	43171	43174	41311	43170	42603	43171	43033	43012	43032	43031	43034	43033	43033	42803	43031	43033	43031	43032	43031	43031	43033	43032	43037	43036	43041	43035	43178	43177	43181	43181	43181	43169	43181	43181	43181	43181	43167	43168	43149	43165	43166	43160	43161	43162	43161	43087	43171	43172	43169	43157	43169	43170	43170	38293	40827	43176	43180	43176	43180	43180	43176	42646	43165	36536	43161	43161	43161	42825	43160	43162	43148	43161	43164	43160	42066	43168	43143	39871	43165	39870	43131	43161	43162	43163	43161	43177	43181	43181	43181	43181	43178	43179	43181	43176	43175	43118	43178	43056	43173	42981	43174	43099
DOV_LP_081_Du-177	38963	43159	42859	43159	43155	43158	42260	43163	43162	42978	43163	43164	43164	43159	43160	43159	43159	43171	43181	43176	43181	43174	43178	43174	43180	43170	43164	43179	43177	43180	43181	43178	43177	43175	43175	43178	42188	43181	43176	43177	43180	43177	43181	43180	43177	43177	43181	43181	43180	43181	43181	43181	43178	43174	43181	43175	43164	43165	43167	42879	42638	43165	43162	42558	43172	43171	43171	43172	43149	43171	43067	43163	43173	43172	43159	43167	43170	43169	43172	42618	43171	43158	41789	42937	42832	41227	43176	43177	43171	43172	43156	43107	40411	43162	43165	42991	42987	42993	43023	42988	43059	43177	43181	43181	43174	43181	43181	43041	43174	43181	43181	43170	43181	43177	43181	43177	43177	43170	42995	43043	43155	43177	43177	43177	43178	43179	43176	42555	43180	43178	43177	43178	43176	43179	43177	43177	43177	43180	43178	43180	43180	43180	43181	43181	43181	43129	43181	43181	43181	43181	43180	43180	43180	43180	43181	43181	43180	43167	43153	43166	43168	43167	43165	43162	43163	42959	42018	43171	43171	43171	43174	41311	43170	42603	43171	43033	43012	43032	43031	43034	43033	43033	42803	43031	43033	43031	43032	43031	43031	43033	43032	43037	43036	43041	43035	43178	43177	43181	43181	43181	43169	43181	43181	43181	43181	43167	43168	43149	43165	43166	43160	43161	43162	43161	43087	43171	43172	43169	43157	43169	43170	43170	38293	40827	43176	43180	43176	43180	43180	43176	42646	43165	36536	43161	43161	43161	42825	43160	43162	43148	43161	43164	43160	42066	43168	43143	39871	43165	39870	43131	43161	43162	43163	43161	43177	43181	43181	43181	43181	43178	43179	43181	43176	43175	43118	43178	43056	43173	42981	43174	43099
DOV_LP_082_Du-178	38956	43152	42852	43152	43148	43151	42253	43156	43155	42971	43156	43157	43157	43152	43153	43152	43152	43171	43174	43174	43174	43174	43171	43174	43173	43170	43164	43172	43170	43173	43174	43171	43170	43168	43168	43171	42181	43174	43169	43170	43173	43170	43174	43173	43170	43170	43174	43174	43173	43174	43174	43174	43171	43167	43174	43168	43157	43158	43160	42872	42631	43158	43155	42551	43165	43164	43164	43165	43142	43164	43060	43156	43166	43165	43152	43160	43163	43162	43165	42611	43164	43151	41782	42930	42825	41224	43169	43170	43164	43165	43149	43100	40404	43155	43158	42984	42980	42986	43016	42981	43059	43170	43174	43174	43174	43174	43174	43034	43174	43174	43174	43163	43174	43170	43174	43170	43170	43163	42988	43036	43148	43170	43170	43170	43171	43172	43169	42548	43173	43171	43170	43171	43169	43172	43170	43170	43170	43173	43171	43173	43173	43173	43174	43174	43174	43122	43174	43174	43174	43174	43173	43173	43173	43173	43174	43174	43173	43160	43146	43159	43161	43160	43158	43155	43156	42952	42011	43164	43164	43164	43167	41304	43163	42596	43164	43026	43005	43025	43024	43027	43026	43026	42796	43024	43026	43024	43025	43024	43024	43026	43025	43030	43029	43034	43028	43171	43170	43174	43174	43174	43162	43174	43174	43174	43174	43160	43161	43142	43158	43159	43153	43154	43155	43154	43087	43171	43172	43169	43157	43169	43170	43170	38293	40827	43169	43173	43169	43173	43173	43169	42639	43158	36529	43154	43154	43154	42818	43153	43155	43141	43154	43157	43153	42059	43161	43136	39864	43158	39863	43124	43154	43155	43156	43154	43170	43174	43174	43174	43174	43171	43172	43174	43169	43168	43111	43171	43049	43166	42974	43167	43092
DOV_LP_083_Du-179	38963	43159	42859	43159	43155	43158	42260	43163	43162	42978	43163	43164	43164	43159	43160	43159	43159	43171	43181	43176	43181	43174	43178	43174	43180	43170	43164	43179	43177	43180	43181	43178	43177	43175	43175	43178	42188	43181	43176	43177	43180	43177	43181	43180	43177	43177	43181	43181	43180	43181	43181	43181	43178	43174	43181	43175	43164	43165	43167	42879	42638	43165	43162	42558	43172	43171	43171	43172	43149	43171	43067	43163	43173	43172	43159	43167	43170	43169	43172	42618	43171	43158	41789	42937	42832	41227	43176	43177	43171	43172	43156	43107	40411	43162	43165	42991	42987	42993	43023	42988	43059	43177	43181	43181	43174	43181	43181	43041	43174	43181	43181	43170	43181	43177	43181	43177	43177	43170	42995	43043	43155	43177	43177	43177	43178	43179	43176	42555	43180	43178	43177	43178	43176	43179	43177	43177	43177	43180	43178	43180	43180	43180	43181	43181	43181	43129	43181	43181	43181	43181	43180	43180	43180	43180	43181	43181	43180	43167	43153	43166	43168	43167	43165	43162	43163	42959	42018	43171	43171	43171	43174	41311	43170	42603	43171	43033	43012	43032	43031	43034	43033	43033	42803	43031	43033	43031	43032	43031	43031	43033	43032	43037	43036	43041	43035	43178	43177	43181	43181	43181	43169	43181	43181	43181	43181	43167	43168	43149	43165	43166	43160	43161	43162	43161	43087	43171	43172	43169	43157	43169	43170	43170	38293	40827	43176	43180	43176	43180	43180	43176	42646	43165	36536	43161	43161	43161	42825	43160	43162	43148	43161	43164	43160	42066	43168	43143	39871	43165	39870	43131	43161	43162	43163	43161	43177	43181	43181	43181	43181	43178	43179	43181	43176	43175	43118	43178	43056	43173	42981	43174	43099
DOV_LP_084_Du-180	38963	43159	42859	43159	43155	43158	42260	43163	43162	42978	43163	43164	43164	43159	43160	43159	43159	43171	43181	43176	43181	43174	43178	43174	43180	43170	43164	43179	43177	43180	43181	43178	43177	43175	43175	43178	42188	43181	43176	43177	43180	43177	43181	43180	43177	43177	43181	43181	43180	43181	43181	43181	43178	43174	43181	43175	43164	43165	43167	42879	42638	43165	43162	42558	43172	43171	43171	43172	43149	43171	43067	43163	43173	43172	43159	43167	43170	43169	43172	42618	43171	43158	41789	42937	42832	41227	43176	43177	43171	43172	43156	43107	40411	43162	43165	42991	42987	42993	43023	42988	43059	43177	43181	43181	43174	43181	43181	43041	43174	43181	43181	43170	43181	43177	43181	43177	43177	43170	42995	43043	43155	43177	43177	43177	43178	43179	43176	42555	43180	43178	43177	43178	43176	43179	43177	43177	43177	43180	43178	43180	43180	43180	43181	43181	43181	43129	43181	43181	43181	43181	43180	43180	43180	43180	43181	43181	43180	43167	43153	43166	43168	43167	43165	43162	43163	42959	42018	43171	43171	43171	43174	41311	43170	42603	43171	43033	43012	43032	43031	43034	43033	43033	42803	43031	43033	43031	43032	43031	43031	43033	43032	43037	43036	43041	43035	43178	43177	43181	43181	43181	43169	43181	43181	43181	43181	43167	43168	43149	43165	43166	43160	43161	43162	43161	43087	43171	43172	43169	43157	43169	43170	43170	38293	40827	43176	43180	43176	43180	43180	43176	42646	43165	36536	43161	43161	43161	42825	43160	43162	43148	43161	43164	43160	42066	43168	43143	39871	43165	39870	43131	43161	43162	43163	43161	43177	43181	43181	43181	43181	43178	43179	43181	43176	43175	43118	43178	43056	43173	42981	43174	43099
DU-173	38824	43019	42719	43019	43015	43018	42126	43023	43022	42838	43023	43024	43024	43019	43020	43019	43019	43031	43041	43036	43041	43034	43038	43034	43040	43030	43024	43039	43037	43040	43041	43038	43037	43035	43035	43038	42048	43041	43036	43037	43040	43037	43041	43040	43037	43037	43041	43041	43040	43041	43041	43041	43038	43034	43041	43035	43024	43025	43027	42740	42499	43025	43022	42418	43032	43031	43031	43032	43009	43031	42927	43023	43033	43032	43019	43027	43030	43029	43032	42481	43031	43018	41650	42798	42693	41090	43036	43037	43031	43032	43016	42967	40271	43022	43025	42851	42847	42853	42883	42848	42919	43037	43041	43041	43034	43041	43041	43041	43034	43041	43041	43041	43041	43037	43041	43037	43037	43041	42855	42903	43015	43037	43037	43037	43038	43039	43036	42415	43040	43038	43037	43038	43036	43039	43037	43037	43037	43040	43038	43040	43040	43040	43041	43041	43041	43008	43041	43041	43041	43041	43040	43040	43040	43040	43041	43041	43040	43028	43014	43027	43029	43028	43026	43023	43024	42820	41879	43031	43031	43031	43034	41171	43030	42463	43031	43033	43012	43032	43031	43034	43033	43033	42803	43031	43033	43031	43032	43031	43031	43033	43032	43037	43036	43041	43035	43038	43037	43041	43041	43041	43029	43041	43041	43041	43041	43038	43039	43020	43036	43037	43031	43032	43033	43032	42947	43031	43032	43029	43017	43029	43030	43030	38153	40688	43036	43040	43036	43040	43040	43036	42517	43036	36407	43032	43032	43032	42696	43031	43033	43019	43032	43035	43031	41937	43039	43014	39742	43032	39758	43002	43032	43033	43034	43032	43037	43041	43041	43041	43041	43038	43039	43041	43036	43035	42978	43038	42916	43033	42841	43034	42959
DU-229	38956	43152	42852	43152	43148	43151	42253	43156	43155	42971	43156	43157	43157	43152	43153	43152	43152	43171	43174	43174	43174	43174	43171	43174	43173	43170	43164	43172	43170	43173	43174	43171	43170	43168	43168	43171	42181	43174	43169	43170	43173	43170	43174	43173	43170	43170	43174	43174	43173	43174	43174	43174	43171	43167	43174	43168	43157	43158	43160	42872	42631	43158	43155	42551	43165	43164	43164	43165	43142	43164	43060	43156	43166	43165	43152	43160	43163	43162	43165	42611	43164	43151	41782	42930	42825	41224	43169	43170	43164	43165	43149	43100	40404	43155	43158	42984	42980	42986	43016	42981	43059	43170	43174	43174	43174	43174	43174	43034	43174	43174	43174	43163	43174	43170	43174	43170	43170	43163	42988	43036	43148	43170	43170	43170	43171	43172	43169	42548	43173	43171	43170	43171	43169	43172	43170	43170	43170	43173	43171	43173	43173	43173	43174	43174	43174	43122	43174	43174	43174	43174	43173	43173	43173	43173	43174	43174	43173	43160	43146	43159	43161	43160	43158	43155	43156	42952	42011	43164	43164	43164	43167	41304	43163	42596	43164	43026	43005	43025	43024	43027	43026	43026	42796	43024	43026	43024	43025	43024	43024	43026	43025	43030	43029	43034	43028	43171	43170	43174	43174	43174	43162	43174	43174	43174	43174	43160	43161	43142	43158	43159	43153	43154	43155	43154	43087	43171	43172	43169	43157	43169	43170	43170	38293	40827	43169	43173	43169	43173	43173	43169	42639	43158	36529	43154	43154	43154	42818	43153	43155	43141	43154	43157	43153	42059	43161	43136	39864	43158	39863	43124	43154	43155	43156	43154	43170	43174	43174	43174	43174	43171	43172	43174	43169	43168	43111	43171	43049	43166	42974	43167	43092
DU-247	38963	43159	42859	43159	43155	43158	42260	43163	43162	42978	43163	43164	43164	43159	43160	43159	43159	43171	43181	43176	43181	43174	43178	43174	43180	43170	43164	43180	43178	43181	43182	43179	43178	43176	43176	43179	42189	43182	43177	43178	43181	43178	43182	43181	43178	43178	43182	43182	43181	43182	43182	43182	43179	43175	43182	43176	43164	43165	43167	42879	42638	43165	43162	42558	43172	43171	43171	43172	43149	43171	43067	43163	43173	43172	43159	43167	43170	43169	43172	42618	43171	43158	41789	42937	42832	41227	43176	43177	43171	43172	43156	43107	40411	43162	43165	42992	42988	42994	43024	42989	43059	43177	43181	43181	43174	43181	43181	43041	43174	43182	43182	43170	43182	43177	43182	43177	43177	43170	42996	43044	43156	43178	43178	43178	43179	43180	43177	42556	43181	43179	43178	43179	43177	43180	43178	43178	43178	43181	43179	43181	43181	43181	43182	43182	43182	43130	43182	43182	43182	43182	43181	43181	43181	43181	43182	43182	43181	43167	43153	43166	43168	43167	43165	43162	43163	42959	42018	43171	43171	43171	43174	41311	43170	42603	43171	43033	43012	43032	43031	43034	43033	43033	42803	43031	43033	43031	43032	43031	43031	43033	43032	43037	43036	43041	43035	43179	43178	43182	43182	43182	43169	43182	43182	43182	43182	43167	43168	43149	43165	43166	43160	43161	43162	43161	43087	43171	43172	43169	43157	43169	43170	43170	38293	40827	43177	43181	43177	43181	43181	43177	42646	43165	36536	43161	43161	43161	42825	43160	43162	43148	43161	43164	43160	42066	43168	43143	39871	43165	39870	43131	43161	43162	43163	43161	43178	43182	43182	43182	43182	43179	43180	43182	43177	43176	43119	43179	43057	43174	42982	43175	43100
DU-254	38963	43159	42859	43159	43155	43158	42260	43163	43162	42978	43163	43164	43164	43159	43160	43159	43159	43171	43181	43176	43181	43174	43178	43174	43180	43170	43164	43180	43178	43181	43182	43179	43178	43176	43176	43179	42189	43182	43177	43178	43181	43178	43182	43181	43178	43178	43182	43182	43181	43182	43182	43182	43179	43175	43182	43176	43164	43165	43167	42879	42638	43165	43162	42558	43172	43171	43171	43172	43149	43171	43067	43163	43173	43172	43159	43167	43170	43169	43172	42618	43171	43158	41789	42937	42832	41227	43176	43177	43171	43172	43156	43107	40411	43162	43165	42992	42988	42994	43024	42989	43059	43177	43181	43181	43174	43181	43181	43041	43174	43182	43182	43170	43182	43177	43182	43177	43177	43170	42996	43044	43156	43178	43178	43178	43179	43180	43177	42556	43181	43179	43178	43179	43177	43180	43178	43178	43178	43181	43179	43181	43181	43181	43182	43182	43182	43130	43182	43182	43182	43182	43181	43181	43181	43181	43182	43182	43181	43167	43153	43166	43168	43167	43165	43162	43163	42959	42018	43171	43171	43171	43174	41311	43170	42603	43171	43033	43012	43032	43031	43034	43033	43033	42803	43031	43033	43031	43032	43031	43031	43033	43032	43037	43036	43041	43035	43179	43178	43182	43182	43182	43169	43182	43182	43182	43182	43167	43168	43149	43165	43166	43160	43161	43162	43161	43087	43171	43172	43169	43157	43169	43170	43170	38293	40827	43177	43181	43177	43181	43181	43177	42646	43165	36536	43161	43161	43161	42825	43160	43162	43148	43161	43164	43160	42066	43168	43143	39871	43165	39870	43131	43161	43162	43163	43161	43178	43182	43182	43182	43182	43179	43180	43182	43177	43176	43119	43179	43057	43174	42982	43175	43100
DU-270	38953	43148	42848	43148	43144	43147	42255	43152	43151	42967	43152	43153	43153	43148	43149	43148	43148	43160	43170	43165	43170	43163	43167	43163	43169	43159	43153	43168	43166	43169	43170	43167	43166	43164	43164	43167	42177	43170	43165	43166	43169	43166	43170	43169	43166	43166	43170	43170	43169	43170	43170	43170	43167	43163	43170	43164	43153	43154	43156	42868	42627	43154	43151	42547	43161	43160	43160	43161	43138	43160	43056	43152	43162	43161	43148	43156	43159	43158	43161	42610	43160	43147	41778	42926	42821	41218	43165	43166	43160	43161	43145	43096	40400	43151	43154	42980	42976	42982	43012	42977	43048	43166	43170	43170	43163	43170	43170	43041	43163	43170	43170	43170	43170	43166	43170	43166	43166	43170	42984	43032	43144	43166	43166	43166	43167	43168	43165	42544	43169	43167	43166	43167	43165	43168	43166	43166	43166	43169	43167	43169	43169	43169	43170	43170	43170	43118	43170	43170	43170	43170	43169	43169	43169	43169	43170	43170	43169	43156	43142	43155	43157	43156	43154	43151	43152	42948	42007	43160	43160	43160	43163	41300	43159	42592	43160	43033	43012	43032	43031	43034	43033	43033	42803	43031	43033	43031	43032	43031	43031	43033	43032	43037	43036	43041	43035	43167	43166	43170	43170	43170	43158	43170	43170	43170	43170	43167	43168	43149	43165	43166	43160	43161	43162	43161	43076	43160	43161	43158	43146	43158	43159	43159	38282	40816	43165	43169	43165	43169	43169	43165	42646	43165	36536	43161	43161	43161	42825	43160	43162	43148	43161	43164	43160	42066	43168	43143	39871	43161	39870	43131	43161	43162	43163	43161	43166	43170	43170	43170	43170	43167	43168	43170	43165	43164	43107	43167	43045	43162	42970	43163	43088
DU-297	38963	43159	42859	43159	43155	43158	42260	43163	43162	42978	43163	43164	43164	43159	43160	43159	43159	43171	43181	43176	43181	43174	43178	43174	43180	43170	43164	43180	43178	43181	43182	43179	43178	43176	43176	43179	42189	43182	43177	43178	43181	43178	43182	43181	43178	43178	43182	43182	43181	43182	43182	43182	43179	43175	43182	43176	43164	43165	43167	42879	42638	43165	43162	42558	43172	43171	43171	43172	43149	43171	43067	43163	43173	43172	43159	43167	43170	43169	43172	42618	43171	43158	41789	42937	42832	41227	43176	43177	43171	43172	43156	43107	40411	43162	43165	42992	42988	42994	43024	42989	43059	43177	43181	43181	43174	43181	43181	43041	43174	43182	43182	43170	43182	43177	43182	43177	43177	43170	42996	43044	43156	43178	43178	43178	43179	43180	43177	42556	43181	43179	43178	43179	43177	43180	43178	43178	43178	43181	43179	43181	43181	43181	43182	43182	43182	43130	43182	43182	43182	43182	43181	43181	43181	43181	43182	43182	43181	43167	43153	43166	43168	43167	43165	43162	43163	42959	42018	43171	43171	43171	43174	41311	43170	42603	43171	43033	43012	43032	43031	43034	43033	43033	42803	43031	43033	43031	43032	43031	43031	43033	43032	43037	43036	43041	43035	43179	43178	43182	43182	43182	43169	43182	43182	43182	43182	43167	43168	43149	43165	43166	43160	43161	43162	43161	43087	43171	43172	43169	43157	43169	43170	43170	38293	40827	43177	43181	43177	43181	43181	43177	42646	43165	36536	43161	43161	43161	42825	43160	43162	43148	43161	43164	43160	42066	43168	43143	39871	43165	39870	43131	43161	43162	43163	43161	43178	43182	43182	43182	43182	43179	43180	43182	43177	43176	43119	43179	43057	43174	42982	43175	43100
DU-443	38963	43159	42859	43159	43155	43158	42260	43160	43159	42975	43160	43164	43164	43159	43160	43159	43159	43167	43177	43172	43177	43170	43174	43170	43176	43166	43160	43175	43173	43176	43177	43174	43173	43171	43171	43174	42184	43177	43172	43173	43176	43173	43177	43176	43173	43173	43177	43177	43176	43177	43177	43177	43174	43170	43177	43171	43164	43165	43167	42876	42635	43162	43159	42558	43172	43171	43171	43172	43149	43171	43067	43163	43173	43172	43159	43167	43170	43169	43172	42618	43171	43158	41786	42934	42829	41224	43176	43177	43171	43172	43156	43107	40411	43162	43165	42987	42983	42989	43019	42984	43055	43173	43177	43177	43170	43177	43177	43037	43170	43177	43177	43166	43177	43177	43177	43177	43177	43166	42991	43039	43151	43173	43173	43173	43174	43175	43172	42551	43176	43174	43173	43174	43172	43175	43173	43173	43173	43176	43174	43176	43176	43176	43177	43177	43177	43125	43177	43177	43177	43177	43176	43176	43176	43176	43177	43177	43176	43164	43150	43163	43165	43164	43162	43159	43160	42956	42015	43171	43171	43171	43174	41311	43170	42603	43171	43029	43008	43028	43027	43030	43029	43029	42799	43027	43029	43027	43028	43027	43027	43029	43028	43033	43032	43037	43031	43174	43173	43177	43177	43177	43166	43177	43177	43177	43177	43163	43164	43145	43161	43162	43156	43157	43158	43157	43083	43167	43168	43165	43153	43165	43166	43166	38289	40823	43172	43176	43172	43176	43176	43172	42642	43161	36532	43157	43157	43157	42821	43156	43158	43144	43157	43160	43156	42062	43164	43139	39867	43161	39866	43127	43157	43158	43159	43157	43173	43177	43177	43177	43177	43174	43175	43177	43172	43171	43114	43174	43052	43169	42977	43170	43095
DU-4A	38963	43159	42859	43159	43155	43158	42260	43163	43162	42978	43163	43164	43164	43159	43160	43159	43159	43171	43181	43176	43181	43174	43178	43174	43180	43170	43164	43180	43178	43181	43182	43179	43178	43176	43176	43179	42189	43182	43177	43178	43181	43178	43182	43181	43178	43178	43182	43182	43181	43182	43182	43182	43179	43175	43182	43176	43164	43165	43167	42879	42638	43165	43162	42558	43172	43171	43171	43172	43149	43171	43067	43163	43173	43172	43159	43167	43170	43169	43172	42618	43171	43158	41789	42937	42832	41227	43176	43177	43171	43172	43156	43107	40411	43162	43165	42992	42988	42994	43024	42989	43059	43177	43181	43181	43174	43181	43181	43041	43174	43182	43182	43170	43182	43177	43182	43177	43177	43170	42996	43044	43156	43178	43178	43178	43179	43180	43177	42556	43181	43179	43178	43179	43177	43180	43178	43178	43178	43181	43179	43181	43181	43181	43182	43182	43182	43130	43182	43182	43182	43182	43181	43181	43181	43181	43182	43182	43181	43167	43153	43166	43168	43167	43165	43162	43163	42959	42018	43171	43171	43171	43174	41311	43170	42603	43171	43033	43012	43032	43031	43034	43033	43033	42803	43031	43033	43031	43032	43031	43031	43033	43032	43037	43036	43041	43035	43179	43178	43182	43182	43182	43169	43182	43182	43182	43182	43167	43168	43149	43165	43166	43160	43161	43162	43161	43087	43171	43172	43169	43157	43169	43170	43170	38293	40827	43177	43181	43177	43181	43181	43177	42646	43165	36536	43161	43161	43161	42825	43160	43162	43148	43161	43164	43160	42066	43168	43143	39871	43165	39870	43131	43161	43162	43163	43161	43178	43182	43182	43182	43182	43179	43180	43182	43177	43176	43119	43179	43057	43174	42982	43175	43100
DU014LP012	38963	43159	42859	43159	43155	43158	42260	43160	43159	42975	43160	43164	43164	43159	43160	43159	43159	43167	43177	43172	43177	43170	43174	43170	43176	43166	43160	43175	43173	43176	43177	43174	43173	43171	43171	43174	42184	43177	43172	43173	43176	43173	43177	43176	43173	43173	43177	43177	43176	43177	43177	43177	43174	43170	43177	43171	43164	43165	43167	42876	42635	43162	43159	42558	43172	43171	43171	43172	43149	43171	43067	43163	43173	43172	43159	43167	43170	43169	43172	42618	43171	43158	41786	42934	42829	41224	43176	43177	43171	43172	43156	43107	40411	43162	43165	42987	42983	42989	43019	42984	43055	43173	43177	43177	43170	43177	43177	43037	43170	43177	43177	43166	43177	43177	43177	43177	43177	43166	42991	43039	43151	43173	43173	43173	43174	43175	43172	42551	43176	43174	43173	43174	43172	43175	43173	43173	43173	43176	43174	43176	43176	43176	43177	43177	43177	43125	43177	43177	43177	43177	43176	43176	43176	43176	43177	43177	43176	43164	43150	43163	43165	43164	43162	43159	43160	42956	42015	43171	43171	43171	43174	41311	43170	42603	43171	43029	43008	43028	43027	43030	43029	43029	42799	43027	43029	43027	43028	43027	43027	43029	43028	43033	43032	43037	43031	43174	43173	43177	43177	43177	43166	43177	43177	43177	43177	43163	43164	43145	43161	43162	43156	43157	43158	43157	43083	43167	43168	43165	43153	43165	43166	43166	38289	40823	43172	43176	43172	43176	43176	43172	42642	43161	36532	43157	43157	43157	42821	43156	43158	43144	43157	43160	43156	42062	43164	43139	39867	43161	39866	43127	43157	43158	43159	43157	43173	43177	43177	43177	43177	43174	43175	43177	43172	43171	43114	43174	43052	43169	42977	43170	43095
DU037LP013	38963	43159	42859	43159	43155	43158	42260	43160	43159	42975	43160	43164	43164	43159	43160	43159	43159	43167	43177	43172	43177	43170	43174	43170	43176	43166	43160	43175	43173	43176	43177	43174	43173	43171	43171	43174	42184	43177	43172	43173	43176	43173	43177	43176	43173	43173	43177	43177	43176	43177	43177	43177	43174	43170	43177	43171	43164	43165	43167	42876	42635	43162	43159	42558	43172	43171	43171	43172	43149	43171	43067	43163	43173	43172	43159	43167	43170	43169	43172	42618	43171	43158	41786	42934	42829	41224	43176	43177	43171	43172	43156	43107	40411	43162	43165	42987	42983	42989	43019	42984	43055	43173	43177	43177	43170	43177	43177	43037	43170	43177	43177	43166	43177	43177	43177	43177	43177	43166	42991	43039	43151	43173	43173	43173	43174	43175	43172	42551	43176	43174	43173	43174	43172	43175	43173	43173	43173	43176	43174	43176	43176	43176	43177	43177	43177	43125	43177	43177	43177	43177	43176	43176	43176	43176	43177	43177	43176	43164	43150	43163	43165	43164	43162	43159	43160	42956	42015	43171	43171	43171	43174	41311	43170	42603	43171	43029	43008	43028	43027	43030	43029	43029	42799	43027	43029	43027	43028	43027	43027	43029	43028	43033	43032	43037	43031	43174	43173	43177	43177	43177	43166	43177	43177	43177	43177	43163	43164	43145	43161	43162	43156	43157	43158	43157	43083	43167	43168	43165	43153	43165	43166	43166	38289	40823	43172	43176	43172	43176	43176	43172	42642	43161	36532	43157	43157	43157	42821	43156	43158	43144	43157	43160	43156	42062	43164	43139	39867	43161	39866	43127	43157	43158	43159	43157	43173	43177	43177	43177	43177	43174	43175	43177	43172	43171	43114	43174	43052	43169	42977	43170	43095
DU059LP015	38953	43148	42848	43148	43144	43147	42255	43152	43151	42967	43152	43153	43153	43148	43149	43148	43148	43160	43170	43165	43170	43163	43167	43163	43169	43159	43153	43168	43166	43169	43170	43167	43166	43164	43164	43167	42177	43170	43165	43166	43169	43166	43170	43169	43166	43166	43170	43170	43169	43170	43170	43170	43167	43163	43170	43164	43153	43154	43156	42868	42627	43154	43151	42547	43161	43160	43160	43161	43138	43160	43056	43152	43162	43161	43148	43156	43159	43158	43161	42610	43160	43147	41778	42926	42821	41218	43165	43166	43160	43161	43145	43096	40400	43151	43154	42980	42976	42982	43012	42977	43048	43166	43170	43170	43163	43170	43170	43041	43163	43170	43170	43170	43170	43166	43170	43166	43166	43170	42984	43032	43144	43166	43166	43166	43167	43168	43165	42544	43169	43167	43166	43167	43165	43168	43166	43166	43166	43169	43167	43169	43169	43169	43170	43170	43170	43118	43170	43170	43170	43170	43169	43169	43169	43169	43170	43170	43169	43156	43142	43155	43157	43156	43154	43151	43152	42948	42007	43160	43160	43160	43163	41300	43159	42592	43160	43033	43012	43032	43031	43034	43033	43033	42803	43031	43033	43031	43032	43031	43031	43033	43032	43037	43036	43041	43035	43167	43166	43170	43170	43170	43158	43170	43170	43170	43170	43167	43168	43149	43165	43166	43160	43161	43162	43161	43076	43160	43161	43158	43146	43158	43159	43159	38282	40816	43165	43169	43165	43169	43169	43165	42646	43165	36536	43161	43161	43161	42825	43160	43162	43148	43161	43164	43160	42066	43168	43143	39871	43161	39870	43131	43161	43162	43163	43161	43166	43170	43170	43170	43170	43167	43168	43170	43165	43164	43107	43167	43045	43162	42970	43163	43088
DU078LP011	38836	42973	42673	42973	42969	42972	42074	42977	42976	42834	42977	42978	42978	42973	42974	42973	42973	42985	42995	42990	42995	42988	42992	42988	42994	42984	42978	42994	42992	42995	42996	42993	42992	42990	42990	42993	42003	42996	42991	42992	42995	42992	42996	42995	42992	42992	42996	42996	42995	42996	42996	42996	42993	42989	42996	42990	42978	42979	42981	42693	42452	42979	42976	42372	42986	42985	42985	42986	42964	42985	42881	42977	42987	42986	42973	42981	42984	42983	42986	42459	42985	42972	41603	42751	42646	41041	42990	42991	42985	42986	42970	42921	40225	42976	42979	42992	42988	42994	42995	42989	42873	42991	42995	42995	42988	42995	42995	42855	42988	42996	42996	42984	42996	42991	42996	42991	42991	42984	42996	42996	42970	42992	42992	42992	42993	42994	42991	42370	42995	42993	42992	42993	42991	42994	42992	42992	42992	42995	42993	42995	42995	42995	42996	42996	42996	42944	42996	42996	42996	42996	42995	42995	42995	42995	42996	42996	42995	42981	42967	42980	42982	42981	42979	42976	42977	42773	41832	42985	42985	42985	42988	41125	42984	42417	42985	42847	42826	42846	42845	42848	42847	42847	42617	42845	42847	42845	42846	42845	42845	42847	42846	42851	42850	42855	42849	42993	42992	42996	42996	42996	42983	42996	42996	42996	42996	42981	42982	42963	42979	42980	42974	42975	42976	42975	42901	42985	42986	42983	42971	42983	42984	42984	38242	40752	42991	42995	42991	42995	42995	42991	42545	42979	36350	42975	42975	42975	42639	42974	42976	42962	42975	42978	42974	41937	42982	42957	39685	42979	39684	42945	42975	42976	42977	42975	42992	42996	42996	42996	42996	42993	42994	42996	42991	42990	42933	42993	42871	42988	42796	42989	42914
DU079LP010	38855	43021	42721	43021	43017	43020	42122	43025	43024	42881	43025	43026	43026	43021	43022	43021	43021	43033	43043	43038	43043	43036	43040	43036	43042	43032	43026	43042	43040	43043	43044	43041	43040	43038	43038	43041	42051	43044	43039	43040	43043	43040	43044	43043	43040	43040	43044	43044	43043	43044	43044	43044	43041	43037	43044	43038	43026	43027	43029	42741	42500	43027	43024	42420	43034	43033	43033	43034	43011	43033	42929	43025	43035	43034	43021	43029	43032	43031	43034	42507	43033	43020	41651	42799	42694	41089	43038	43039	43033	43034	43018	42969	40273	43024	43027	42992	42988	42994	43024	42989	42921	43039	43043	43043	43036	43043	43043	42903	43036	43044	43044	43032	43044	43039	43044	43039	43039	43032	42996	43044	43018	43040	43040	43040	43041	43042	43039	42418	43043	43041	43040	43041	43039	43042	43040	43040	43040	43043	43041	43043	43043	43043	43044	43044	43044	42992	43044	43044	43044	43044	43043	43043	43043	43043	43044	43044	43043	43029	43015	43028	43030	43029	43027	43024	43025	42821	41880	43033	43033	43033	43036	41173	43032	42465	43033	42895	42874	42894	42893	42896	42895	42895	42665	42893	42895	42893	42894	42893	42893	42895	42894	42899	42898	42903	42897	43041	43040	43044	43044	43044	43031	43044	43044	43044	43044	43029	43030	43011	43027	43028	43022	43023	43024	43023	42949	43033	43034	43031	43019	43031	43032	43032	38261	40771	43039	43043	43039	43043	43043	43039	42574	43027	36398	43023	43023	43023	42687	43022	43024	43010	43023	43026	43022	41981	43030	43005	39733	43027	39732	42993	43023	43024	43025	43023	43040	43044	43044	43044	43044	43041	43042	43044	43039	43038	42981	43041	42919	43036	42844	43037	42962
DUD_LP_132_Du-283	38937	43138	42834	43138	43134	43137	42237	43141	43141	42954	43142	43138	43139	43138	43138	43138	43138	43148	43155	43150	43155	43148	43152	43148	43155	43147	43138	43154	43155	43155	43156	43155	43156	43155	43155	43156	42167	43156	43156	43156	43156	43156	43156	43156	43156	43156	43156	43156	43156	43156	43156	43156	43153	43153	43156	43153	43143	43143	43141	42858	42613	43143	43141	42532	43151	43150	43150	43151	43129	43150	43046	43142	43151	43150	43138	43146	43148	43148	43151	42593	43150	43135	41773	42914	42811	41205	43150	43151	43150	43150	43131	43083	40386	43141	43141	42967	42966	42968	42998	42968	43033	43155	43155	43155	43148	43155	43155	43015	43148	43156	43156	43144	43156	43151	43156	43151	43151	43144	42970	43018	43156	43156	43156	43156	43156	43154	43156	42530	43156	43156	43156	43156	43156	43156	43156	43156	43156	43156	43156	43156	43156	43156	43156	43156	43156	43107	43156	43156	43156	43156	43156	43156	43156	43156	43156	43156	43156	43143	43132	43144	43145	43145	43144	43141	43142	42937	41998	43150	43150	43150	43151	41290	43149	42583	43150	43011	42991	43011	43010	43011	43011	43011	42782	43010	43011	43010	43011	43010	43010	43011	43011	43011	43011	43015	43011	43156	43156	43156	43156	43156	43148	43156	43156	43156	43156	43141	43142	43127	43139	43140	43139	43140	43140	43140	43063	43147	43147	43147	43135	43148	43147	43147	38279	40805	43155	43155	43155	43155	43155	43156	42624	43140	36512	43139	43140	43140	42803	43139	43140	43126	43139	43140	43139	42053	43142	43122	39847	43144	39846	43106	43140	43139	43140	43140	43153	43156	43156	43156	43156	43153	43156	43156	43156	43153	43095	43154	43031	43153	42956	43153	43074
DUD_LP_133_Du-284	38959	43159	42855	43159	43155	43158	42259	43163	43162	42975	43163	43160	43161	43159	43160	43159	43159	43169	43177	43172	43177	43170	43174	43170	43177	43169	43160	43176	43177	43177	43178	43177	43178	43176	43176	43178	42188	43178	43177	43178	43178	43178	43178	43178	43177	43178	43178	43178	43178	43178	43178	43178	43175	43175	43178	43175	43164	43165	43163	42879	42634	43165	43162	42554	43172	43171	43171	43172	43149	43171	43067	43163	43173	43172	43159	43167	43170	43169	43172	42614	43171	43157	41785	42936	42832	41225	43172	43173	43171	43172	43153	43104	40407	43162	43162	42989	42987	42990	43020	42989	43055	43177	43177	43177	43170	43177	43177	43037	43170	43178	43178	43166	43178	43173	43178	43173	43173	43166	42992	43040	43156	43178	43178	43178	43178	43176	43177	42552	43178	43178	43178	43178	43177	43177	43178	43177	43178	43177	43178	43177	43178	43177	43178	43178	43178	43128	43178	43178	43178	43178	43178	43178	43178	43178	43178	43178	43178	43164	43153	43165	43167	43167	43165	43162	43163	42958	42015	43171	43171	43171	43173	41310	43170	42603	43171	43033	43012	43032	43031	43033	43033	43033	42803	43031	43033	43031	43032	43031	43031	43033	43032	43033	43033	43037	43032	43178	43178	43178	43178	43178	43169	43178	43178	43178	43178	43163	43164	43149	43161	43162	43160	43161	43162	43161	43084	43168	43169	43169	43156	43169	43169	43169	38290	40827	43177	43177	43177	43177	43177	43177	42644	43162	36532	43161	43161	43161	42825	43160	43162	43147	43160	43161	43160	42066	43164	43143	39869	43165	39866	43128	43161	43161	43162	43161	43175	43178	43178	43178	43178	43175	43178	43178	43177	43174	43117	43176	43053	43174	42978	43175	43096
DUD_LP_134_Du-285	38959	43159	42855	43159	43155	43158	42259	43163	43162	42975	43163	43160	43161	43159	43160	43159	43159	43169	43177	43172	43177	43170	43174	43170	43177	43169	43160	43176	43177	43177	43178	43177	43178	43176	43176	43178	42188	43178	43177	43178	43178	43178	43178	43178	43177	43178	43178	43178	43178	43178	43178	43178	43175	43175	43178	43175	43164	43165	43163	42879	42634	43165	43162	42554	43172	43171	43171	43172	43149	43171	43067	43163	43173	43172	43159	43167	43170	43169	43172	42614	43171	43157	41785	42936	42832	41225	43172	43173	43171	43172	43153	43104	40407	43162	43162	42989	42987	42990	43020	42989	43055	43177	43177	43177	43170	43177	43177	43037	43170	43178	43178	43166	43178	43173	43178	43173	43173	43166	42992	43040	43156	43178	43178	43178	43178	43176	43177	42552	43178	43178	43178	43178	43177	43177	43178	43177	43178	43177	43178	43177	43178	43177	43178	43178	43178	43128	43178	43178	43178	43178	43178	43178	43178	43178	43178	43178	43178	43164	43153	43165	43167	43167	43165	43162	43163	42958	42015	43171	43171	43171	43173	41310	43170	42603	43171	43033	43012	43032	43031	43033	43033	43033	42803	43031	43033	43031	43032	43031	43031	43033	43032	43033	43033	43037	43032	43178	43178	43178	43178	43178	43169	43178	43178	43178	43178	43163	43164	43149	43161	43162	43160	43161	43162	43161	43084	43168	43169	43169	43156	43169	43169	43169	38290	40827	43177	43177	43177	43177	43177	43177	42644	43162	36532	43161	43161	43161	42825	43160	43162	43147	43160	43161	43160	42066	43164	43143	39869	43165	39866	43128	43161	43161	43162	43161	43175	43178	43178	43178	43178	43175	43178	43178	43177	43174	43117	43176	43053	43174	42978	43175	43096
DUD_LP_135_Du-286	38959	43159	42855	43159	43155	43158	42259	43163	43162	42975	43163	43160	43161	43159	43160	43159	43159	43169	43177	43172	43177	43170	43174	43170	43177	43169	43160	43176	43177	43177	43178	43177	43178	43176	43176	43178	42188	43178	43177	43178	43178	43178	43178	43178	43177	43178	43178	43178	43178	43178	43178	43178	43175	43175	43178	43175	43164	43165	43163	42879	42634	43165	43162	42554	43172	43171	43171	43172	43149	43171	43067	43163	43173	43172	43159	43167	43170	43169	43172	42614	43171	43157	41785	42936	42832	41225	43172	43173	43171	43172	43153	43104	40407	43162	43162	42989	42987	42990	43020	42989	43055	43177	43177	43177	43170	43177	43177	43037	43170	43178	43178	43166	43178	43173	43178	43173	43173	43166	42992	43040	43156	43178	43178	43178	43178	43176	43177	42552	43178	43178	43178	43178	43177	43177	43178	43177	43178	43177	43178	43177	43178	43177	43178	43178	43178	43128	43178	43178	43178	43178	43178	43178	43178	43178	43178	43178	43178	43164	43153	43165	43167	43167	43165	43162	43163	42958	42015	43171	43171	43171	43173	41310	43170	42603	43171	43033	43012	43032	43031	43033	43033	43033	42803	43031	43033	43031	43032	43031	43031	43033	43032	43033	43033	43037	43032	43178	43178	43178	43178	43178	43169	43178	43178	43178	43178	43163	43164	43149	43161	43162	43160	43161	43162	43161	43084	43168	43169	43169	43156	43169	43169	43169	38290	40827	43177	43177	43177	43177	43177	43177	42644	43162	36532	43161	43161	43161	42825	43160	43162	43147	43160	43161	43160	42066	43164	43143	39869	43165	39866	43128	43161	43161	43162	43161	43175	43178	43178	43178	43178	43175	43178	43178	43177	43174	43117	43176	43053	43174	42978	43175	43096
DUD_LP_136_Du-287	38960	43159	42856	43159	43155	43158	42260	43163	43162	42975	43163	43161	43161	43159	43160	43159	43159	43169	43178	43173	43178	43171	43175	43171	43177	43170	43161	43177	43178	43178	43179	43178	43178	43176	43176	43179	42188	43179	43177	43178	43178	43178	43179	43178	43178	43178	43179	43179	43178	43179	43179	43179	43176	43175	43179	43176	43164	43165	43164	42879	42635	43165	43162	42555	43172	43171	43171	43172	43149	43171	43067	43163	43173	43172	43159	43167	43170	43169	43172	42615	43171	43158	41786	42937	42832	41226	43173	43174	43171	43172	43153	43104	40408	43162	43162	42989	42988	42991	43021	42989	43056	43177	43178	43178	43171	43178	43178	43038	43171	43179	43179	43167	43179	43174	43179	43174	43174	43167	42993	43041	43156	43178	43178	43178	43179	43177	43177	42553	43178	43179	43178	43178	43177	43177	43178	43178	43178	43178	43179	43178	43179	43178	43179	43179	43179	43128	43179	43179	43179	43179	43178	43178	43178	43178	43179	43179	43178	43164	43153	43166	43168	43167	43165	43162	43163	42958	42015	43171	43171	43171	43174	41311	43170	42603	43171	43033	43012	43032	43031	43034	43033	43033	42803	43031	43033	43031	43032	43031	43031	43033	43032	43034	43033	43038	43032	43178	43178	43179	43179	43179	43169	43179	43179	43179	43179	43164	43165	43149	43162	43163	43160	43161	43162	43161	43084	43168	43169	43169	43157	43169	43169	43170	38291	40827	43177	43178	43177	43178	43178	43177	42645	43162	36533	43161	43161	43161	42825	43160	43162	43147	43160	43161	43160	42066	43165	43143	39870	43165	39867	43129	43161	43162	43163	43161	43175	43179	43179	43179	43179	43176	43179	43179	43177	43175	43118	43176	43054	43174	42979	43175	43097
DUD_LP_137_Du-288	38961	43157	42857	43157	43153	43156	42258	43161	43160	42976	43161	43162	43162	43157	43158	43157	43157	43169	43179	43174	43179	43172	43176	43172	43178	43168	43162	43178	43176	43179	43180	43177	43176	43174	43174	43177	42187	43180	43175	43176	43179	43176	43180	43179	43176	43176	43180	43180	43179	43180	43180	43180	43177	43173	43180	43174	43162	43163	43165	42877	42636	43163	43160	42556	43170	43169	43169	43170	43147	43169	43065	43161	43171	43170	43157	43165	43168	43167	43170	42616	43169	43156	41787	42935	42830	41225	43174	43175	43169	43170	43154	43105	40409	43160	43163	42990	42986	42992	43022	42987	43057	43175	43179	43179	43172	43179	43179	43039	43172	43180	43180	43168	43180	43175	43180	43175	43175	43168	42994	43042	43154	43176	43176	43176	43177	43180	43175	42554	43179	43177	43176	43177	43175	43178	43176	43176	43176	43179	43177	43179	43179	43179	43180	43180	43180	43128	43180	43180	43180	43180	43179	43179	43179	43179	43180	43180	43179	43165	43151	43164	43166	43165	43163	43160	43161	42957	42016	43169	43169	43169	43172	41309	43168	42601	43169	43031	43010	43030	43029	43032	43031	43031	42801	43029	43031	43029	43030	43029	43029	43031	43030	43035	43034	43039	43033	43177	43176	43180	43180	43180	43167	43180	43180	43180	43180	43165	43166	43147	43163	43164	43158	43159	43160	43159	43085	43169	43170	43167	43155	43167	43168	43168	38292	40825	43175	43179	43175	43179	43179	43175	42644	43163	36534	43159	43159	43159	42823	43158	43160	43146	43159	43162	43158	42064	43166	43141	39869	43163	39868	43129	43159	43160	43161	43159	43176	43180	43180	43180	43180	43177	43178	43180	43175	43174	43117	43177	43055	43172	42980	43173	43098
DUD_LP_138_Du-289	38958	43159	42855	43159	43155	43158	42258	43162	43162	42975	43163	43159	43160	43159	43159	43159	43159	43169	43176	43171	43176	43169	43173	43169	43176	43168	43159	43175	43176	43176	43177	43176	43177	43176	43176	43177	42187	43177	43177	43177	43177	43177	43177	43177	43177	43177	43177	43177	43177	43177	43177	43177	43174	43174	43177	43174	43164	43164	43162	42879	42634	43164	43162	42553	43172	43171	43171	43172	43149	43171	43067	43163	43172	43171	43159	43167	43169	43169	43172	42614	43171	43156	41784	42935	42832	41225	43171	43172	43171	43171	43152	43104	40406	43162	43162	42988	42987	42989	43019	42989	43054	43176	43176	43176	43169	43176	43176	43036	43169	43177	43177	43165	43177	43172	43177	43172	43172	43165	42991	43039	43156	43177	43177	43177	43177	43175	43177	42551	43177	43177	43177	43177	43177	43177	43177	43177	43177	43177	43177	43177	43177	43177	43177	43177	43177	43127	43177	43177	43177	43177	43177	43177	43177	43177	43177	43177	43177	43164	43153	43165	43166	43166	43165	43162	43163	42958	42015	43171	43171	43171	43172	41309	43170	42603	43171	43032	43012	43032	43031	43032	43032	43032	42803	43031	43032	43031	43032	43031	43031	43032	43032	43032	43032	43036	43032	43177	43177	43177	43177	43177	43169	43177	43177	43177	43177	43162	43163	43148	43160	43161	43160	43161	43161	43161	43083	43167	43168	43168	43156	43169	43168	43168	38289	40826	43176	43176	43176	43176	43176	43177	42643	43161	36531	43160	43161	43161	42824	43160	43161	43147	43160	43161	43160	42065	43163	43143	39868	43165	39865	43127	43161	43160	43161	43161	43174	43177	43177	43177	43177	43174	43177	43177	43177	43174	43116	43175	43052	43174	42977	43174	43095
DUD_LP_139_Du-290	38467	42533	42233	42533	42529	42532	41637	42537	42536	42352	42537	42538	42538	42533	42534	42533	42533	42545	42555	42550	42555	42548	42552	42548	42554	42544	42538	42554	42552	42555	42556	42553	42552	42550	42550	42553	41563	42556	42551	42552	42555	42552	42556	42555	42552	42552	42556	42556	42555	42556	42556	42556	42553	42549	42556	42550	42538	42539	42541	42253	42012	42539	42536	42038	42546	42545	42545	42546	42523	42545	42441	42537	42547	42546	42533	42541	42544	42543	42546	42016	42545	42532	41171	42312	42233	40645	42550	42551	42545	42546	42530	42481	39865	42536	42539	42366	42362	42368	42398	42363	42433	42551	42555	42555	42548	42555	42555	42415	42548	42556	42556	42544	42556	42551	42556	42551	42551	42544	42370	42418	42530	42552	42552	42552	42553	42554	42551	42556	42555	42553	42552	42553	42551	42554	42552	42552	42552	42555	42553	42555	42555	42555	42556	42556	42556	42504	42556	42556	42556	42556	42555	42555	42555	42555	42556	42556	42555	42541	42537	42540	42542	42541	42539	42536	42537	42333	41407	42545	42545	42545	42548	40723	42544	42008	42545	42407	42386	42406	42405	42408	42407	42407	42186	42405	42407	42405	42406	42405	42405	42407	42406	42411	42410	42415	42409	42553	42552	42556	42556	42556	42543	42556	42556	42556	42556	42541	42542	42523	42539	42540	42534	42535	42536	42535	42461	42545	42546	42543	42531	42543	42544	42544	37774	40261	42551	42555	42551	42555	42555	42551	42021	42539	36005	42535	42535	42535	42220	42534	42536	42522	42535	42538	42534	41462	42542	42520	39295	42539	39293	42505	42535	42536	42537	42535	42552	42556	42556	42556	42556	42553	42554	42556	42551	42550	42493	42553	42431	42548	42356	42549	42474
KIRN_LP_179_Du-421	38962	43159	42858	43159	43155	43158	42259	43163	43162	42978	43163	43163	43164	43159	43160	43159	43159	43171	43180	43175	43180	43173	43177	43173	43180	43169	43163	43179	43177	43180	43181	43178	43178	43176	43176	43178	42189	43181	43177	43178	43181	43178	43181	43181	43177	43178	43181	43181	43181	43181	43181	43181	43178	43175	43181	43175	43164	43165	43166	42879	42637	43165	43162	42557	43172	43171	43171	43172	43149	43171	43067	43163	43173	43172	43159	43167	43170	43169	43172	42617	43171	43157	41788	42936	42832	41226	43175	43176	43171	43172	43156	43107	40410	43162	43165	42992	42987	42993	43023	42989	43058	43177	43180	43180	43173	43180	43180	43040	43173	43181	43181	43169	43181	43176	43181	43176	43176	43169	42995	43043	43156	43178	43178	43178	43178	43179	43177	42555	43181	43178	43178	43179	43177	43180	43178	43177	43178	43180	43178	43180	43180	43180	43181	43181	43181	43130	43181	43181	43181	43181	43181	43181	43181	43181	43181	43181	43181	43167	43153	43165	43167	43167	43165	43162	43163	42959	42018	43171	43171	43171	43173	41310	43170	42603	43171	43033	43012	43032	43031	43033	43033	43033	42803	43031	43033	43031	43032	43031	43031	43033	43032	43036	43036	43040	43035	43179	43178	43181	43181	43181	43169	43181	43181	43181	43181	43166	43167	43149	43164	43165	43160	43161	43162	43161	43087	43171	43172	43169	43156	43169	43170	43169	38292	40827	43177	43180	43177	43180	43180	43177	42645	43165	36535	43161	43161	43161	42825	43160	43162	43148	43161	43164	43160	42066	43167	43143	39870	43165	39869	43130	43161	43161	43162	43161	43178	43181	43181	43181	43181	43178	43179	43181	43177	43175	43118	43179	43056	43174	42981	43175	43099
KIRN_LP_180_Du-422	38960	43159	42856	43159	43155	43158	42260	43163	43162	42975	43163	43161	43161	43159	43160	43159	43159	43169	43178	43173	43178	43171	43175	43171	43177	43170	43161	43177	43178	43178	43179	43178	43178	43176	43176	43179	42188	43179	43177	43178	43178	43178	43179	43178	43178	43178	43179	43179	43178	43179	43179	43179	43176	43175	43179	43176	43164	43165	43164	42879	42635	43165	43162	42555	43172	43171	43171	43172	43149	43171	43067	43163	43173	43172	43159	43167	43170	43169	43172	42615	43171	43158	41786	42937	42832	41226	43173	43174	43171	43172	43153	43104	40408	43162	43162	42989	42988	42991	43021	42989	43056	43177	43178	43178	43171	43178	43178	43038	43171	43179	43179	43167	43179	43174	43179	43174	43174	43167	42993	43041	43156	43178	43178	43178	43179	43177	43177	42553	43178	43179	43178	43178	43177	43177	43178	43178	43178	43178	43179	43178	43179	43178	43179	43179	43179	43128	43179	43179	43179	43179	43178	43178	43178	43178	43179	43179	43178	43164	43153	43166	43168	43167	43165	43162	43163	42958	42015	43171	43171	43171	43174	41311	43170	42603	43171	43033	43012	43032	43031	43034	43033	43033	42803	43031	43033	43031	43032	43031	43031	43033	43032	43034	43033	43038	43032	43178	43178	43179	43179	43179	43169	43179	43179	43179	43179	43164	43165	43149	43162	43163	43160	43161	43162	43161	43084	43168	43169	43169	43157	43169	43169	43170	38291	40827	43177	43178	43177	43178	43178	43177	42645	43162	36533	43161	43161	43161	42825	43160	43162	43147	43160	43161	43160	42066	43165	43143	39870	43165	39867	43129	43161	43162	43163	43161	43175	43179	43179	43179	43179	43176	43179	43179	43177	43175	43118	43176	43054	43174	42979	43175	43097
KIRN_LP_181_Du-423	38959	43159	42855	43159	43155	43158	42259	43163	43162	42975	43163	43160	43161	43159	43160	43159	43159	43169	43177	43172	43177	43170	43174	43170	43177	43169	43160	43176	43177	43177	43178	43177	43178	43176	43176	43178	42188	43178	43177	43178	43178	43178	43178	43178	43177	43178	43178	43178	43178	43178	43178	43178	43175	43175	43178	43175	43164	43165	43163	42879	42634	43165	43162	42554	43172	43171	43171	43172	43149	43171	43067	43163	43173	43172	43159	43167	43170	43169	43172	42614	43171	43157	41785	42936	42832	41225	43172	43173	43171	43172	43153	43104	40407	43162	43162	42989	42987	42990	43020	42989	43055	43177	43177	43177	43170	43177	43177	43037	43170	43178	43178	43166	43178	43173	43178	43173	43173	43166	42992	43040	43156	43178	43178	43178	43178	43176	43177	42552	43178	43178	43178	43178	43177	43177	43178	43177	43178	43177	43178	43177	43178	43177	43178	43178	43178	43128	43178	43178	43178	43178	43178	43178	43178	43178	43178	43178	43178	43164	43153	43165	43167	43167	43165	43162	43163	42958	42015	43171	43171	43171	43173	41310	43170	42603	43171	43033	43012	43032	43031	43033	43033	43033	42803	43031	43033	43031	43032	43031	43031	43033	43032	43033	43033	43037	43032	43178	43178	43178	43178	43178	43169	43178	43178	43178	43178	43163	43164	43149	43161	43162	43160	43161	43162	43161	43084	43168	43169	43169	43156	43169	43169	43169	38290	40827	43177	43177	43177	43177	43177	43177	42644	43162	36532	43161	43161	43161	42825	43160	43162	43147	43160	43161	43160	42066	43164	43143	39869	43165	39866	43128	43161	43161	43162	43161	43175	43178	43178	43178	43178	43175	43178	43178	43177	43174	43117	43176	43053	43174	42978	43175	43096
KIRN_LP_182_Du-424	38960	43159	42856	43159	43155	43158	42259	43163	43162	42976	43163	43161	43162	43159	43160	43159	43159	43170	43178	43173	43178	43171	43175	43171	43178	43169	43161	43177	43177	43178	43179	43177	43178	43176	43176	43178	42189	43179	43177	43178	43179	43178	43179	43179	43177	43178	43179	43179	43179	43179	43179	43179	43176	43175	43179	43175	43164	43165	43164	42879	42635	43165	43162	42555	43172	43171	43171	43172	43149	43171	43067	43163	43173	43172	43159	43167	43170	43169	43172	42615	43171	43157	41786	42936	42832	41225	43173	43174	43171	43172	43154	43105	40408	43162	43163	42990	42987	42991	43021	42989	43056	43177	43178	43178	43171	43178	43178	43038	43171	43179	43179	43167	43179	43174	43179	43174	43174	43167	42993	43041	43156	43178	43178	43178	43178	43177	43177	42553	43179	43178	43178	43179	43177	43178	43178	43177	43178	43178	43178	43178	43179	43178	43179	43179	43179	43129	43179	43179	43179	43179	43179	43179	43179	43179	43179	43179	43179	43165	43153	43165	43167	43167	43165	43162	43163	42958	42016	43171	43171	43171	43173	41310	43170	42603	43171	43033	43012	43032	43031	43033	43033	43033	42803	43031	43033	43031	43032	43031	43031	43033	43032	43034	43034	43038	43033	43179	43178	43179	43179	43179	43169	43179	43179	43179	43179	43164	43165	43149	43162	43163	43160	43161	43162	43161	43085	43169	43170	43169	43156	43169	43169	43169	38291	40827	43177	43178	43177	43178	43178	43177	42644	43163	36533	43161	43161	43161	42825	43160	43162	43148	43160	43162	43160	42066	43165	43143	39869	43165	39867	43129	43161	43161	43162	43161	43176	43179	43179	43179	43179	43176	43178	43179	43177	43174	43117	43177	43054	43174	42979	43175	43097
KIRN_LP_183_Du-425	38958	43159	42855	43159	43155	43158	42258	43162	43162	42975	43163	43159	43160	43159	43159	43159	43159	43169	43176	43171	43176	43169	43173	43169	43176	43168	43159	43175	43176	43176	43177	43176	43177	43176	43176	43177	42187	43177	43177	43177	43177	43177	43177	43177	43177	43177	43177	43177	43177	43177	43177	43177	43174	43174	43177	43174	43164	43164	43162	42879	42634	43164	43162	42553	43172	43171	43171	43172	43149	43171	43067	43163	43172	43171	43159	43167	43169	43169	43172	42614	43171	43156	41784	42935	42832	41225	43171	43172	43171	43171	43152	43104	40406	43162	43162	42988	42987	42989	43019	42989	43054	43176	43176	43176	43169	43176	43176	43036	43169	43177	43177	43165	43177	43172	43177	43172	43172	43165	42991	43039	43156	43177	43177	43177	43177	43175	43177	42551	43177	43177	43177	43177	43177	43177	43177	43177	43177	43177	43177	43177	43177	43177	43177	43177	43177	43127	43177	43177	43177	43177	43177	43177	43177	43177	43177	43177	43177	43164	43153	43165	43166	43166	43165	43162	43163	42958	42015	43171	43171	43171	43172	41309	43170	42603	43171	43032	43012	43032	43031	43032	43032	43032	42803	43031	43032	43031	43032	43031	43031	43032	43032	43032	43032	43036	43032	43177	43177	43177	43177	43177	43169	43177	43177	43177	43177	43162	43163	43148	43160	43161	43160	43161	43161	43161	43083	43167	43168	43168	43156	43169	43168	43168	38289	40826	43176	43176	43176	43176	43176	43177	42643	43161	36531	43160	43161	43161	42824	43160	43161	43147	43160	43161	43160	42065	43163	43143	39868	43165	39865	43127	43161	43160	43161	43161	43174	43177	43177	43177	43177	43174	43177	43177	43177	43174	43116	43175	43052	43174	42977	43174	43095
KIRN_LP_184_Du-426	38961	43159	42858	43159	43155	43158	42258	43162	43162	42978	43163	43162	43163	43159	43159	43159	43159	43171	43179	43174	43179	43172	43176	43172	43179	43168	43162	43178	43176	43179	43180	43177	43177	43176	43176	43177	42188	43180	43177	43177	43180	43177	43180	43180	43177	43177	43180	43180	43180	43180	43180	43180	43177	43174	43180	43174	43164	43164	43165	42879	42637	43164	43162	42556	43172	43171	43171	43172	43149	43171	43067	43163	43172	43171	43159	43167	43169	43169	43172	42617	43171	43156	41787	42935	42832	41226	43174	43175	43171	43171	43155	43107	40409	43162	43165	42991	42987	42992	43022	42989	43057	43176	43179	43179	43172	43179	43179	43039	43172	43180	43180	43168	43180	43175	43180	43175	43175	43168	42994	43042	43156	43177	43177	43177	43177	43178	43177	42554	43180	43177	43177	43178	43177	43180	43177	43177	43177	43180	43177	43180	43179	43180	43180	43180	43180	43129	43180	43180	43180	43180	43180	43180	43180	43180	43180	43180	43180	43167	43153	43165	43166	43166	43165	43162	43163	42959	42018	43171	43171	43171	43172	41309	43170	42603	43171	43032	43012	43032	43031	43032	43032	43032	42803	43031	43032	43031	43032	43031	43031	43032	43032	43035	43035	43039	43035	43178	43177	43180	43180	43180	43169	43180	43180	43180	43180	43165	43166	43148	43163	43164	43160	43161	43161	43161	43086	43170	43171	43168	43156	43169	43169	43168	38291	40826	43176	43179	43176	43179	43179	43177	42644	43164	36534	43160	43161	43161	42824	43160	43161	43148	43161	43164	43160	42065	43166	43143	39869	43165	39868	43129	43161	43160	43161	43161	43177	43180	43180	43180	43180	43177	43178	43180	43177	43175	43117	43178	43055	43174	42980	43174	43098
KIRN_LP_185_Du-427	38959	43159	42855	43159	43155	43158	42259	43163	43162	42975	43163	43160	43161	43159	43160	43159	43159	43169	43177	43172	43177	43170	43174	43170	43177	43169	43160	43176	43177	43177	43178	43177	43178	43176	43176	43178	42188	43178	43177	43178	43178	43178	43178	43178	43177	43178	43178	43178	43178	43178	43178	43178	43175	43175	43178	43175	43164	43165	43163	42879	42634	43165	43162	42554	43172	43171	43171	43172	43149	43171	43067	43163	43173	43172	43159	43167	43170	43169	43172	42614	43171	43157	41785	42936	42832	41225	43172	43173	43171	43172	43153	43104	40407	43162	43162	42989	42987	42990	43020	42989	43055	43177	43177	43177	43170	43177	43177	43037	43170	43178	43178	43166	43178	43173	43178	43173	43173	43166	42992	43040	43156	43178	43178	43178	43178	43176	43177	42552	43178	43178	43178	43178	43177	43177	43178	43177	43178	43177	43178	43177	43178	43177	43178	43178	43178	43128	43178	43178	43178	43178	43178	43178	43178	43178	43178	43178	43178	43164	43153	43165	43167	43167	43165	43162	43163	42958	42015	43171	43171	43171	43173	41310	43170	42603	43171	43033	43012	43032	43031	43033	43033	43033	42803	43031	43033	43031	43032	43031	43031	43033	43032	43033	43033	43037	43032	43178	43178	43178	43178	43178	43169	43178	43178	43178	43178	43163	43164	43149	43161	43162	43160	43161	43162	43161	43084	43168	43169	43169	43156	43169	43169	43169	38290	40827	43177	43177	43177	43177	43177	43177	42644	43162	36532	43161	43161	43161	42825	43160	43162	43147	43160	43161	43160	42066	43164	43143	39869	43165	39866	43128	43161	43161	43162	43161	43175	43178	43178	43178	43178	43175	43178	43178	43177	43174	43117	43176	43053	43174	42978	43175	43096
KIRN_LP_186_Du-428	38959	43159	42856	43159	43155	43158	42259	43162	43162	42975	43163	43160	43160	43159	43159	43159	43159	43169	43177	43172	43177	43170	43174	43170	43176	43169	43160	43176	43177	43177	43178	43177	43177	43176	43176	43178	42187	43178	43177	43177	43177	43177	43178	43177	43178	43177	43178	43178	43177	43178	43178	43178	43175	43174	43178	43175	43164	43164	43163	42879	42635	43164	43162	42554	43172	43171	43171	43172	43149	43171	43067	43163	43172	43171	43159	43167	43169	43169	43172	42615	43171	43157	41785	42936	42832	41226	43172	43173	43171	43171	43152	43104	40407	43162	43162	42988	42988	42990	43020	42989	43055	43176	43177	43177	43170	43177	43177	43037	43170	43178	43178	43166	43178	43173	43178	43173	43173	43166	42992	43040	43156	43177	43177	43177	43178	43176	43177	42552	43177	43178	43177	43177	43177	43177	43177	43178	43177	43178	43178	43178	43178	43178	43178	43178	43178	43127	43178	43178	43178	43178	43177	43177	43177	43177	43178	43178	43177	43164	43153	43166	43167	43166	43165	43162	43163	42958	42015	43171	43171	43171	43173	41310	43170	42603	43171	43032	43012	43032	43031	43033	43032	43032	42803	43031	43032	43031	43032	43031	43031	43032	43032	43033	43032	43037	43032	43177	43177	43178	43178	43178	43169	43178	43178	43178	43178	43163	43164	43148	43161	43162	43160	43161	43161	43161	43083	43167	43168	43168	43157	43169	43168	43169	38290	40826	43176	43177	43176	43177	43177	43177	42644	43161	36532	43160	43161	43161	42824	43160	43161	43147	43160	43161	43160	42065	43164	43143	39869	43165	39866	43128	43161	43161	43162	43161	43174	43178	43178	43178	43178	43175	43178	43178	43177	43175	43117	43175	43053	43174	42978	43174	43096
KIRN_LP_187_Du-429	38959	43159	42855	43159	43155	43158	42259	43163	43162	42975	43163	43160	43161	43159	43160	43159	43159	43169	43177	43172	43177	43170	43174	43170	43177	43169	43160	43176	43177	43177	43178	43177	43178	43176	43176	43178	42188	43178	43177	43178	43178	43178	43178	43178	43177	43178	43178	43178	43178	43178	43178	43178	43175	43175	43178	43175	43164	43165	43163	42879	42634	43165	43162	42554	43172	43171	43171	43172	43149	43171	43067	43163	43173	43172	43159	43167	43170	43169	43172	42614	43171	43157	41785	42936	42832	41225	43172	43173	43171	43172	43153	43104	40407	43162	43162	42989	42987	42990	43020	42989	43055	43177	43177	43177	43170	43177	43177	43037	43170	43178	43178	43166	43178	43173	43178	43173	43173	43166	42992	43040	43156	43178	43178	43178	43178	43176	43177	42552	43178	43178	43178	43178	43177	43177	43178	43177	43178	43177	43178	43177	43178	43177	43178	43178	43178	43128	43178	43178	43178	43178	43178	43178	43178	43178	43178	43178	43178	43164	43153	43165	43167	43167	43165	43162	43163	42958	42015	43171	43171	43171	43173	41310	43170	42603	43171	43033	43012	43032	43031	43033	43033	43033	42803	43031	43033	43031	43032	43031	43031	43033	43032	43033	43033	43037	43032	43178	43178	43178	43178	43178	43169	43178	43178	43178	43178	43163	43164	43149	43161	43162	43160	43161	43162	43161	43084	43168	43169	43169	43156	43169	43169	43169	38290	40827	43177	43177	43177	43177	43177	43177	42644	43162	36532	43161	43161	43161	42825	43160	43162	43147	43160	43161	43160	42066	43164	43143	39869	43165	39866	43128	43161	43161	43162	43161	43175	43178	43178	43178	43178	43175	43178	43178	43177	43174	43117	43176	43053	43174	42978	43175	43096
KIRT_LP_159_Du-364	38962	43159	42859	43159	43155	43158	42259	43162	43162	42978	43163	43163	43163	43159	43159	43159	43159	43171	43180	43175	43180	43173	43177	43173	43179	43169	43163	43179	43177	43180	43181	43178	43177	43176	43176	43178	42188	43181	43177	43177	43180	43177	43181	43180	43178	43177	43181	43181	43180	43181	43181	43181	43178	43174	43181	43175	43164	43164	43166	42879	42638	43164	43162	42557	43172	43171	43171	43172	43149	43171	43067	43163	43172	43171	43159	43167	43169	43169	43172	42618	43171	43157	41788	42936	42832	41227	43175	43176	43171	43171	43155	43107	40410	43162	43165	42991	42988	42993	43023	42989	43058	43176	43180	43180	43173	43180	43180	43040	43173	43181	43181	43169	43181	43176	43181	43176	43176	43169	42995	43043	43156	43177	43177	43177	43178	43179	43177	42555	43180	43178	43177	43178	43177	43180	43177	43178	43177	43181	43178	43181	43180	43181	43181	43181	43181	43129	43181	43181	43181	43181	43180	43180	43180	43180	43181	43181	43180	43167	43153	43166	43167	43166	43165	43162	43163	42959	42018	43171	43171	43171	43173	41310	43170	42603	43171	43032	43012	43032	43031	43033	43032	43032	42803	43031	43032	43031	43032	43031	43031	43032	43032	43036	43035	43040	43035	43178	43177	43181	43181	43181	43169	43181	43181	43181	43181	43166	43167	43148	43164	43165	43160	43161	43161	43161	43086	43170	43171	43168	43157	43169	43169	43169	38292	40826	43176	43180	43176	43180	43180	43177	42645	43164	36535	43160	43161	43161	42824	43160	43161	43148	43161	43164	43160	42065	43167	43143	39870	43165	39869	43130	43161	43161	43162	43161	43177	43181	43181	43181	43181	43178	43179	43181	43177	43176	43118	43178	43056	43174	42981	43174	43099
KIRT_LP_160_Du-365	38960	43159	42856	43159	43155	43158	42260	43163	43162	42975	43163	43161	43161	43159	43160	43159	43159	43169	43178	43173	43178	43171	43175	43171	43177	43170	43161	43177	43178	43178	43179	43178	43178	43176	43176	43179	42188	43179	43177	43178	43178	43178	43179	43178	43178	43178	43179	43179	43178	43179	43179	43179	43176	43175	43179	43176	43164	43165	43164	42879	42635	43165	43162	42555	43172	43171	43171	43172	43149	43171	43067	43163	43173	43172	43159	43167	43170	43169	43172	42615	43171	43158	41786	42937	42832	41226	43173	43174	43171	43172	43153	43104	40408	43162	43162	42989	42988	42991	43021	42989	43056	43177	43178	43178	43171	43178	43178	43038	43171	43179	43179	43167	43179	43174	43179	43174	43174	43167	42993	43041	43156	43178	43178	43178	43179	43177	43177	42553	43178	43179	43178	43178	43177	43177	43178	43178	43178	43178	43179	43178	43179	43178	43179	43179	43179	43128	43179	43179	43179	43179	43178	43178	43178	43178	43179	43179	43178	43164	43153	43166	43168	43167	43165	43162	43163	42958	42015	43171	43171	43171	43174	41311	43170	42603	43171	43033	43012	43032	43031	43034	43033	43033	42803	43031	43033	43031	43032	43031	43031	43033	43032	43034	43033	43038	43032	43178	43178	43179	43179	43179	43169	43179	43179	43179	43179	43164	43165	43149	43162	43163	43160	43161	43162	43161	43084	43168	43169	43169	43157	43169	43169	43170	38291	40827	43177	43178	43177	43178	43178	43177	42645	43162	36533	43161	43161	43161	42825	43160	43162	43147	43160	43161	43160	42066	43165	43143	39870	43165	39867	43129	43161	43162	43163	43161	43175	43179	43179	43179	43179	43176	43179	43179	43177	43175	43118	43176	43054	43174	42979	43175	43097
KIRT_LP_161_Du-366	38962	43159	42859	43159	43155	43158	42259	43162	43162	42978	43163	43163	43163	43159	43159	43159	43159	43171	43180	43175	43180	43173	43177	43173	43179	43169	43163	43179	43177	43180	43181	43178	43177	43176	43176	43178	42188	43181	43177	43177	43180	43177	43181	43180	43178	43177	43181	43181	43180	43181	43181	43181	43178	43174	43181	43175	43164	43164	43166	42879	42638	43164	43162	42557	43172	43171	43171	43172	43149	43171	43067	43163	43172	43171	43159	43167	43169	43169	43172	42618	43171	43157	41788	42936	42832	41227	43175	43176	43171	43171	43155	43107	40410	43162	43165	42991	42988	42993	43023	42989	43058	43176	43180	43180	43173	43180	43180	43040	43173	43181	43181	43169	43181	43176	43181	43176	43176	43169	42995	43043	43156	43177	43177	43177	43178	43179	43177	42555	43180	43178	43177	43178	43177	43180	43177	43178	43177	43181	43178	43181	43180	43181	43181	43181	43181	43129	43181	43181	43181	43181	43180	43180	43180	43180	43181	43181	43180	43167	43153	43166	43167	43166	43165	43162	43163	42959	42018	43171	43171	43171	43173	41310	43170	42603	43171	43032	43012	43032	43031	43033	43032	43032	42803	43031	43032	43031	43032	43031	43031	43032	43032	43036	43035	43040	43035	43178	43177	43181	43181	43181	43169	43181	43181	43181	43181	43166	43167	43148	43164	43165	43160	43161	43161	43161	43086	43170	43171	43168	43157	43169	43169	43169	38292	40826	43176	43180	43176	43180	43180	43177	42645	43164	36535	43160	43161	43161	42824	43160	43161	43148	43161	43164	43160	42065	43167	43143	39870	43165	39869	43130	43161	43161	43162	43161	43177	43181	43181	43181	43181	43178	43179	43181	43177	43176	43118	43178	43056	43174	42981	43174	43099
KIRT_LP_162_Du-367	38962	43159	42858	43159	43155	43158	42260	43163	43162	42977	43163	43163	43163	43159	43160	43159	43159	43170	43180	43175	43180	43173	43177	43173	43179	43170	43163	43179	43178	43180	43181	43179	43178	43176	43176	43179	42189	43181	43177	43178	43180	43178	43181	43180	43178	43178	43181	43181	43180	43181	43181	43181	43178	43175	43181	43176	43164	43165	43166	42879	42637	43165	43162	42557	43172	43171	43171	43172	43149	43171	43067	43163	43173	43172	43159	43167	43170	43169	43172	42617	43171	43158	41788	42937	42832	41226	43175	43176	43171	43172	43155	43106	40410	43162	43164	42991	42988	42993	43023	42989	43058	43177	43180	43180	43173	43180	43180	43040	43173	43181	43181	43169	43181	43176	43181	43176	43176	43169	42995	43043	43156	43178	43178	43178	43179	43179	43177	42555	43180	43179	43178	43179	43177	43179	43178	43178	43178	43180	43179	43180	43181	43180	43181	43181	43181	43130	43181	43181	43181	43181	43180	43180	43180	43180	43181	43181	43180	43166	43153	43166	43168	43167	43165	43162	43163	42958	42017	43171	43171	43171	43174	41311	43170	42603	43171	43033	43012	43032	43031	43034	43033	43033	42803	43031	43033	43031	43032	43031	43031	43033	43032	43036	43035	43040	43034	43179	43178	43181	43181	43181	43169	43181	43181	43181	43181	43166	43167	43149	43164	43165	43160	43161	43162	43161	43086	43170	43171	43169	43157	43169	43169	43170	38293	40827	43177	43180	43177	43180	43180	43177	42645	43164	36535	43161	43161	43161	42825	43160	43162	43148	43160	43163	43160	42066	43167	43143	39870	43165	39869	43131	43161	43162	43163	43161	43177	43181	43181	43181	43181	43178	43179	43181	43177	43175	43118	43178	43056	43174	42981	43175	43099
KIRT_LP_163_Du-368	38962	43159	42859	43159	43155	43158	42259	43162	43162	42978	43163	43163	43163	43159	43159	43159	43159	43171	43180	43175	43180	43173	43177	43173	43179	43169	43163	43179	43177	43180	43181	43178	43177	43176	43176	43178	42188	43181	43177	43177	43180	43177	43181	43180	43178	43177	43181	43181	43180	43181	43181	43181	43178	43174	43181	43175	43164	43164	43166	42879	42638	43164	43162	42557	43172	43171	43171	43172	43149	43171	43067	43163	43172	43171	43159	43167	43169	43169	43172	42618	43171	43157	41788	42936	42832	41227	43175	43176	43171	43171	43155	43107	40410	43162	43165	42991	42988	42993	43023	42989	43058	43176	43180	43180	43173	43180	43180	43040	43173	43181	43181	43169	43181	43176	43181	43176	43176	43169	42995	43043	43156	43177	43177	43177	43178	43179	43177	42555	43180	43178	43177	43178	43177	43180	43177	43178	43177	43181	43178	43181	43180	43181	43181	43181	43181	43129	43181	43181	43181	43181	43180	43180	43180	43180	43181	43181	43180	43167	43153	43166	43167	43166	43165	43162	43163	42959	42018	43171	43171	43171	43173	41310	43170	42603	43171	43032	43012	43032	43031	43033	43032	43032	42803	43031	43032	43031	43032	43031	43031	43032	43032	43036	43035	43040	43035	43178	43177	43181	43181	43181	43169	43181	43181	43181	43181	43166	43167	43148	43164	43165	43160	43161	43161	43161	43086	43170	43171	43168	43157	43169	43169	43169	38292	40826	43176	43180	43176	43180	43180	43177	42645	43164	36535	43160	43161	43161	42824	43160	43161	43148	43161	43164	43160	42065	43167	43143	39870	43165	39869	43130	43161	43161	43162	43161	43177	43181	43181	43181	43181	43178	43179	43181	43177	43176	43118	43178	43056	43174	42981	43174	43099
KIRT_LP_164_Du-369	38963	43159	42859	43159	43155	43158	42260	43163	43162	42978	43163	43164	43164	43159	43160	43159	43159	43171	43181	43176	43181	43174	43178	43174	43180	43170	43164	43180	43178	43181	43182	43179	43178	43176	43176	43179	42189	43182	43177	43178	43181	43178	43182	43181	43178	43178	43182	43182	43181	43182	43182	43182	43179	43175	43182	43176	43164	43165	43167	42879	42638	43165	43162	42558	43172	43171	43171	43172	43149	43171	43067	43163	43173	43172	43159	43167	43170	43169	43172	42618	43171	43158	41789	42937	42832	41227	43176	43177	43171	43172	43156	43107	40411	43162	43165	42992	42988	42994	43024	42989	43059	43177	43181	43181	43174	43181	43181	43041	43174	43182	43182	43170	43182	43177	43182	43177	43177	43170	42996	43044	43156	43178	43178	43178	43179	43180	43177	42556	43181	43179	43178	43179	43177	43180	43178	43178	43178	43181	43179	43181	43181	43181	43182	43182	43182	43130	43182	43182	43182	43182	43181	43181	43181	43181	43182	43182	43181	43167	43153	43166	43168	43167	43165	43162	43163	42959	42018	43171	43171	43171	43174	41311	43170	42603	43171	43033	43012	43032	43031	43034	43033	43033	42803	43031	43033	43031	43032	43031	43031	43033	43032	43037	43036	43041	43035	43179	43178	43182	43182	43182	43169	43182	43182	43182	43182	43167	43168	43149	43165	43166	43160	43161	43162	43161	43087	43171	43172	43169	43157	43169	43170	43170	38293	40827	43177	43181	43177	43181	43181	43177	42646	43165	36536	43161	43161	43161	42825	43160	43162	43148	43161	43164	43160	42066	43168	43143	39871	43165	39870	43131	43161	43162	43163	43161	43178	43182	43182	43182	43182	43179	43180	43182	43177	43176	43119	43179	43057	43174	42982	43175	43100
KIRT_LP_165_Du-370	38963	43159	42859	43159	43155	43158	42260	43163	43162	42978	43163	43164	43164	43159	43160	43159	43159	43171	43181	43176	43181	43174	43178	43174	43180	43170	43164	43180	43178	43181	43182	43179	43178	43176	43176	43179	42189	43182	43177	43178	43181	43178	43182	43181	43178	43178	43182	43182	43181	43182	43182	43182	43179	43175	43182	43176	43164	43165	43167	42879	42638	43165	43162	42558	43172	43171	43171	43172	43149	43171	43067	43163	43173	43172	43159	43167	43170	43169	43172	42618	43171	43158	41789	42937	42832	41227	43176	43177	43171	43172	43156	43107	40411	43162	43165	42992	42988	42994	43024	42989	43059	43177	43181	43181	43174	43181	43181	43041	43174	43182	43182	43170	43182	43177	43182	43177	43177	43170	42996	43044	43156	43178	43178	43178	43179	43180	43177	42556	43181	43179	43178	43179	43177	43180	43178	43178	43178	43181	43179	43181	43181	43181	43182	43182	43182	43130	43182	43182	43182	43182	43181	43181	43181	43181	43182	43182	43181	43167	43153	43166	43168	43167	43165	43162	43163	42959	42018	43171	43171	43171	43174	41311	43170	42603	43171	43033	43012	43032	43031	43034	43033	43033	42803	43031	43033	43031	43032	43031	43031	43033	43032	43037	43036	43041	43035	43179	43178	43182	43182	43182	43169	43182	43182	43182	43182	43167	43168	43149	43165	43166	43160	43161	43162	43161	43087	43171	43172	43169	43157	43169	43170	43170	38293	40827	43177	43181	43177	43181	43181	43177	42646	43165	36536	43161	43161	43161	42825	43160	43162	43148	43161	43164	43160	42066	43168	43143	39871	43165	39870	43131	43161	43162	43163	43161	43178	43182	43182	43182	43182	43179	43180	43182	43177	43176	43119	43179	43057	43174	42982	43175	43100
KIRT_LP_166_Du-371	38963	43159	42859	43159	43155	43158	42260	43163	43162	42978	43163	43164	43164	43159	43160	43159	43159	43171	43181	43176	43181	43174	43178	43174	43180	43170	43164	43180	43178	43181	43182	43179	43178	43176	43176	43179	42189	43182	43177	43178	43181	43178	43182	43181	43178	43178	43182	43182	43181	43182	43182	43182	43179	43175	43182	43176	43164	43165	43167	42879	42638	43165	43162	42558	43172	43171	43171	43172	43149	43171	43067	43163	43173	43172	43159	43167	43170	43169	43172	42618	43171	43158	41789	42937	42832	41227	43176	43177	43171	43172	43156	43107	40411	43162	43165	42992	42988	42994	43024	42989	43059	43177	43181	43181	43174	43181	43181	43041	43174	43182	43182	43170	43182	43177	43182	43177	43177	43170	42996	43044	43156	43178	43178	43178	43179	43180	43177	42556	43181	43179	43178	43179	43177	43180	43178	43178	43178	43181	43179	43181	43181	43181	43182	43182	43182	43130	43182	43182	43182	43182	43181	43181	43181	43181	43182	43182	43181	43167	43153	43166	43168	43167	43165	43162	43163	42959	42018	43171	43171	43171	43174	41311	43170	42603	43171	43033	43012	43032	43031	43034	43033	43033	42803	43031	43033	43031	43032	43031	43031	43033	43032	43037	43036	43041	43035	43179	43178	43182	43182	43182	43169	43182	43182	43182	43182	43167	43168	43149	43165	43166	43160	43161	43162	43161	43087	43171	43172	43169	43157	43169	43170	43170	38293	40827	43177	43181	43177	43181	43181	43177	42646	43165	36536	43161	43161	43161	42825	43160	43162	43148	43161	43164	43160	42066	43168	43143	39871	43165	39870	43131	43161	43162	43163	43161	43178	43182	43182	43182	43182	43179	43180	43182	43177	43176	43119	43179	43057	43174	42982	43175	43100
KIRT_LP_167_Du-372	38923	43109	42807	43109	43105	43108	42209	43113	43112	42927	43113	43112	43113	43109	43110	43109	43109	43120	43129	43124	43129	43122	43126	43122	43129	43119	43112	43128	43127	43129	43130	43128	43128	43126	43126	43128	42139	43130	43127	43128	43130	43128	43130	43130	43127	43128	43130	43130	43130	43130	43130	43130	43127	43125	43130	43125	43114	43115	43115	42829	42586	43115	43112	42506	43122	43121	43121	43122	43100	43121	43017	43113	43123	43122	43109	43117	43120	43119	43122	42578	43121	43107	41737	42886	42782	41175	43124	43125	43121	43122	43105	43056	40359	43112	43114	42941	42937	42942	42972	42939	43007	43127	43129	43129	43122	43129	43129	43008	43122	43130	43130	43118	43130	43125	43130	43125	43125	43118	42944	42992	43107	43128	43128	43128	43128	43128	43127	42504	43130	43128	43128	43129	43127	43129	43128	43127	43128	43129	43128	43129	43130	43129	43130	43130	43130	43130	43130	43130	43130	43130	43130	43130	43130	43130	43130	43130	43130	43116	43103	43115	43117	43117	43115	43112	43113	42908	41967	43121	43121	43121	43123	41260	43120	42553	43121	43002	42981	43001	43000	43002	43002	43002	42772	43000	43002	43000	43001	43000	43000	43002	43001	43004	43004	43008	43003	43129	43128	43130	43130	43130	43119	43130	43130	43130	43130	43115	43116	43099	43113	43114	43110	43111	43112	43111	43036	43120	43121	43119	43106	43119	43119	43119	38244	40777	43127	43129	43127	43129	43129	43127	42607	43114	36496	43111	43111	43111	42775	43110	43112	43098	43110	43113	43110	42029	43116	43093	39819	43115	39819	43080	43111	43111	43112	43111	43127	43130	43130	43130	43130	43127	43128	43130	43127	43124	43067	43128	43005	43124	42930	43125	43048
KIRT_LP_168_Du-373	38963	43159	42859	43159	43155	43158	42260	43163	43162	42978	43163	43164	43164	43159	43160	43159	43159	43171	43181	43176	43181	43174	43178	43174	43180	43170	43164	43180	43178	43181	43182	43179	43178	43176	43176	43179	42189	43182	43177	43178	43181	43178	43182	43181	43178	43178	43182	43182	43181	43182	43182	43182	43179	43175	43182	43176	43164	43165	43167	42879	42638	43165	43162	42558	43172	43171	43171	43172	43149	43171	43067	43163	43173	43172	43159	43167	43170	43169	43172	42618	43171	43158	41789	42937	42832	41227	43176	43177	43171	43172	43156	43107	40411	43162	43165	42992	42988	42994	43024	42989	43059	43177	43181	43181	43174	43181	43181	43041	43174	43182	43182	43170	43182	43177	43182	43177	43177	43170	42996	43044	43156	43178	43178	43178	43179	43180	43177	42556	43181	43179	43178	43179	43177	43180	43178	43178	43178	43181	43179	43181	43181	43181	43182	43182	43182	43130	43182	43182	43182	43182	43181	43181	43181	43181	43182	43182	43181	43167	43153	43166	43168	43167	43165	43162	43163	42959	42018	43171	43171	43171	43174	41311	43170	42603	43171	43033	43012	43032	43031	43034	43033	43033	42803	43031	43033	43031	43032	43031	43031	43033	43032	43037	43036	43041	43035	43179	43178	43182	43182	43182	43169	43182	43182	43182	43182	43167	43168	43149	43165	43166	43160	43161	43162	43161	43087	43171	43172	43169	43157	43169	43170	43170	38293	40827	43177	43181	43177	43181	43181	43177	42646	43165	36536	43161	43161	43161	42825	43160	43162	43148	43161	43164	43160	42066	43168	43143	39871	43165	39870	43131	43161	43162	43163	43161	43178	43182	43182	43182	43182	43179	43180	43182	43177	43176	43119	43179	43057	43174	42982	43175	43100
MALV_LP_095_Du-201	38963	43159	42859	43159	43155	43158	42260	43163	43162	42978	43163	43164	43164	43159	43160	43159	43159	43171	43181	43176	43181	43174	43178	43174	43180	43170	43164	43180	43178	43181	43182	43179	43178	43176	43176	43179	42189	43182	43177	43178	43181	43178	43182	43181	43178	43178	43182	43182	43181	43182	43182	43182	43179	43175	43182	43176	43164	43165	43167	42879	42638	43165	43162	42558	43172	43171	43171	43172	43149	43171	43067	43163	43173	43172	43159	43167	43170	43169	43172	42618	43171	43158	41789	42937	42832	41227	43176	43177	43171	43172	43156	43107	40411	43162	43165	42992	42988	42994	43024	42989	43059	43177	43181	43181	43174	43181	43181	43041	43174	43182	43182	43170	43182	43177	43182	43177	43177	43170	42996	43044	43156	43178	43178	43178	43179	43180	43177	42556	43181	43179	43178	43179	43177	43180	43178	43178	43178	43181	43179	43181	43181	43181	43182	43182	43182	43130	43182	43182	43182	43182	43181	43181	43181	43181	43182	43182	43181	43167	43153	43166	43168	43167	43165	43162	43163	42959	42018	43171	43171	43171	43174	41311	43170	42603	43171	43033	43012	43032	43031	43034	43033	43033	42803	43031	43033	43031	43032	43031	43031	43033	43032	43037	43036	43041	43035	43179	43178	43182	43182	43182	43169	43182	43182	43182	43182	43167	43168	43149	43165	43166	43160	43161	43162	43161	43087	43171	43172	43169	43157	43169	43170	43170	38293	40827	43177	43181	43177	43181	43181	43177	42646	43165	36536	43161	43161	43161	42825	43160	43162	43148	43161	43164	43160	42066	43168	43143	39871	43165	39870	43131	43161	43162	43163	43161	43178	43182	43182	43182	43182	43179	43180	43182	43177	43176	43119	43179	43057	43174	42982	43175	43100
MALV_LP_096_Du-202	38963	43159	42859	43159	43155	43158	42260	43163	43162	42978	43163	43164	43164	43159	43160	43159	43159	43171	43181	43176	43181	43174	43178	43174	43180	43170	43164	43180	43178	43181	43182	43179	43178	43176	43176	43179	42189	43182	43177	43178	43181	43178	43182	43181	43178	43178	43182	43182	43181	43182	43182	43182	43179	43175	43182	43176	43164	43165	43167	42879	42638	43165	43162	42558	43172	43171	43171	43172	43149	43171	43067	43163	43173	43172	43159	43167	43170	43169	43172	42618	43171	43158	41789	42937	42832	41227	43176	43177	43171	43172	43156	43107	40411	43162	43165	42992	42988	42994	43024	42989	43059	43177	43181	43181	43174	43181	43181	43041	43174	43182	43182	43170	43182	43177	43182	43177	43177	43170	42996	43044	43156	43178	43178	43178	43179	43180	43177	42556	43181	43179	43178	43179	43177	43180	43178	43178	43178	43181	43179	43181	43181	43181	43182	43182	43182	43130	43182	43182	43182	43182	43181	43181	43181	43181	43182	43182	43181	43167	43153	43166	43168	43167	43165	43162	43163	42959	42018	43171	43171	43171	43174	41311	43170	42603	43171	43033	43012	43032	43031	43034	43033	43033	42803	43031	43033	43031	43032	43031	43031	43033	43032	43037	43036	43041	43035	43179	43178	43182	43182	43182	43169	43182	43182	43182	43182	43167	43168	43149	43165	43166	43160	43161	43162	43161	43087	43171	43172	43169	43157	43169	43170	43170	38293	40827	43177	43181	43177	43181	43181	43177	42646	43165	36536	43161	43161	43161	42825	43160	43162	43148	43161	43164	43160	42066	43168	43143	39871	43165	39870	43131	43161	43162	43163	43161	43178	43182	43182	43182	43182	43179	43180	43182	43177	43176	43119	43179	43057	43174	42982	43175	43100
MALV_LP_097_Du-203	38963	43159	42859	43159	43155	43158	42260	43163	43162	42978	43163	43164	43164	43159	43160	43159	43159	43171	43181	43176	43181	43174	43178	43174	43180	43170	43164	43180	43178	43181	43182	43179	43178	43176	43176	43179	42189	43182	43177	43178	43181	43178	43182	43181	43178	43178	43182	43182	43181	43182	43182	43182	43179	43175	43182	43176	43164	43165	43167	42879	42638	43165	43162	42558	43172	43171	43171	43172	43149	43171	43067	43163	43173	43172	43159	43167	43170	43169	43172	42618	43171	43158	41789	42937	42832	41227	43176	43177	43171	43172	43156	43107	40411	43162	43165	42992	42988	42994	43024	42989	43059	43177	43181	43181	43174	43181	43181	43041	43174	43182	43182	43170	43182	43177	43182	43177	43177	43170	42996	43044	43156	43178	43178	43178	43179	43180	43177	42556	43181	43179	43178	43179	43177	43180	43178	43178	43178	43181	43179	43181	43181	43181	43182	43182	43182	43130	43182	43182	43182	43182	43181	43181	43181	43181	43182	43182	43181	43167	43153	43166	43168	43167	43165	43162	43163	42959	42018	43171	43171	43171	43174	41311	43170	42603	43171	43033	43012	43032	43031	43034	43033	43033	42803	43031	43033	43031	43032	43031	43031	43033	43032	43037	43036	43041	43035	43179	43178	43182	43182	43182	43169	43182	43182	43182	43182	43167	43168	43149	43165	43166	43160	43161	43162	43161	43087	43171	43172	43169	43157	43169	43170	43170	38293	40827	43177	43181	43177	43181	43181	43177	42646	43165	36536	43161	43161	43161	42825	43160	43162	43148	43161	43164	43160	42066	43168	43143	39871	43165	39870	43131	43161	43162	43163	43161	43178	43182	43182	43182	43182	43179	43180	43182	43177	43176	43119	43179	43057	43174	42982	43175	43100
MALV_LP_098_Du-204	38962	43159	42858	43159	43155	43158	42259	43163	43162	42978	43163	43163	43164	43159	43160	43159	43159	43171	43180	43175	43180	43173	43177	43173	43180	43169	43163	43179	43177	43180	43181	43178	43178	43176	43176	43178	42189	43181	43177	43178	43181	43178	43181	43181	43177	43178	43181	43181	43181	43181	43181	43181	43178	43175	43181	43175	43164	43165	43166	42879	42637	43165	43162	42557	43172	43171	43171	43172	43149	43171	43067	43163	43173	43172	43159	43167	43170	43169	43172	42617	43171	43157	41788	42936	42832	41226	43175	43176	43171	43172	43156	43107	40410	43162	43165	42992	42987	42993	43023	42989	43058	43177	43180	43180	43173	43180	43180	43040	43173	43181	43181	43169	43181	43176	43181	43176	43176	43169	42995	43043	43156	43178	43178	43178	43178	43179	43177	42555	43181	43178	43178	43179	43177	43180	43178	43177	43178	43180	43178	43180	43180	43180	43181	43181	43181	43130	43181	43181	43181	43181	43181	43181	43181	43181	43181	43181	43181	43167	43153	43165	43167	43167	43165	43162	43163	42959	42018	43171	43171	43171	43173	41310	43170	42603	43171	43033	43012	43032	43031	43033	43033	43033	42803	43031	43033	43031	43032	43031	43031	43033	43032	43036	43036	43040	43035	43179	43178	43181	43181	43181	43169	43181	43181	43181	43181	43166	43167	43149	43164	43165	43160	43161	43162	43161	43087	43171	43172	43169	43156	43169	43170	43169	38292	40827	43177	43180	43177	43180	43180	43177	42645	43165	36535	43161	43161	43161	42825	43160	43162	43148	43161	43164	43160	42066	43167	43143	39870	43165	39869	43130	43161	43161	43162	43161	43178	43181	43181	43181	43181	43178	43179	43181	43177	43175	43118	43179	43056	43174	42981	43175	43099
MALV_LP_099_Du-205	38962	43159	42858	43159	43155	43158	42259	43163	43162	42978	43163	43163	43164	43159	43160	43159	43159	43171	43180	43175	43180	43173	43177	43173	43180	43169	43163	43179	43177	43180	43181	43178	43178	43176	43176	43178	42189	43181	43177	43178	43181	43178	43181	43181	43177	43178	43181	43181	43181	43181	43181	43181	43178	43175	43181	43175	43164	43165	43166	42879	42637	43165	43162	42557	43172	43171	43171	43172	43149	43171	43067	43163	43173	43172	43159	43167	43170	43169	43172	42617	43171	43157	41788	42936	42832	41226	43175	43176	43171	43172	43156	43107	40410	43162	43165	42992	42987	42993	43023	42989	43058	43177	43180	43180	43173	43180	43180	43040	43173	43181	43181	43169	43181	43176	43181	43176	43176	43169	42995	43043	43156	43178	43178	43178	43178	43179	43177	42555	43181	43178	43178	43179	43177	43180	43178	43177	43178	43180	43178	43180	43180	43180	43181	43181	43181	43130	43181	43181	43181	43181	43181	43181	43181	43181	43181	43181	43181	43167	43153	43165	43167	43167	43165	43162	43163	42959	42018	43171	43171	43171	43173	41310	43170	42603	43171	43033	43012	43032	43031	43033	43033	43033	42803	43031	43033	43031	43032	43031	43031	43033	43032	43036	43036	43040	43035	43179	43178	43181	43181	43181	43169	43181	43181	43181	43181	43166	43167	43149	43164	43165	43160	43161	43162	43161	43087	43171	43172	43169	43156	43169	43170	43169	38292	40827	43177	43180	43177	43180	43180	43177	42645	43165	36535	43161	43161	43161	42825	43160	43162	43148	43161	43164	43160	42066	43167	43143	39870	43165	39869	43130	43161	43161	43162	43161	43178	43181	43181	43181	43181	43178	43179	43181	43177	43175	43118	43179	43056	43174	42981	43175	43099
MALV_LP_100_Du-206	38962	43159	42858	43159	43155	43158	42259	43163	43162	42978	43163	43163	43164	43159	43160	43159	43159	43171	43180	43175	43180	43173	43177	43173	43180	43169	43163	43179	43177	43180	43181	43178	43178	43176	43176	43178	42189	43181	43177	43178	43181	43178	43181	43181	43177	43178	43181	43181	43181	43181	43181	43181	43178	43175	43181	43175	43164	43165	43166	42879	42637	43165	43162	42557	43172	43171	43171	43172	43149	43171	43067	43163	43173	43172	43159	43167	43170	43169	43172	42617	43171	43157	41788	42936	42832	41226	43175	43176	43171	43172	43156	43107	40410	43162	43165	42992	42987	42993	43023	42989	43058	43177	43180	43180	43173	43180	43180	43040	43173	43181	43181	43169	43181	43176	43181	43176	43176	43169	42995	43043	43156	43178	43178	43178	43178	43179	43177	42555	43181	43178	43178	43179	43177	43180	43178	43177	43178	43180	43178	43180	43180	43180	43181	43181	43181	43130	43181	43181	43181	43181	43181	43181	43181	43181	43181	43181	43181	43167	43153	43165	43167	43167	43165	43162	43163	42959	42018	43171	43171	43171	43173	41310	43170	42603	43171	43033	43012	43032	43031	43033	43033	43033	42803	43031	43033	43031	43032	43031	43031	43033	43032	43036	43036	43040	43035	43179	43178	43181	43181	43181	43169	43181	43181	43181	43181	43166	43167	43149	43164	43165	43160	43161	43162	43161	43087	43171	43172	43169	43156	43169	43170	43169	38292	40827	43177	43180	43177	43180	43180	43177	42645	43165	36535	43161	43161	43161	42825	43160	43162	43148	43161	43164	43160	42066	43167	43143	39870	43165	39869	43130	43161	43161	43162	43161	43178	43181	43181	43181	43181	43178	43179	43181	43177	43175	43118	43179	43056	43174	42981	43175	43099
MALV_LP_101_Du-207	38962	43159	42858	43159	43155	43158	42259	43163	43162	42978	43163	43163	43164	43159	43160	43159	43159	43171	43180	43175	43180	43173	43177	43173	43180	43169	43163	43179	43177	43180	43181	43178	43178	43176	43176	43178	42189	43181	43177	43178	43181	43178	43181	43181	43177	43178	43181	43181	43181	43181	43181	43181	43178	43175	43181	43175	43164	43165	43166	42879	42637	43165	43162	42557	43172	43171	43171	43172	43149	43171	43067	43163	43173	43172	43159	43167	43170	43169	43172	42617	43171	43157	41788	42936	42832	41226	43175	43176	43171	43172	43156	43107	40410	43162	43165	42992	42987	42993	43023	42989	43058	43177	43180	43180	43173	43180	43180	43040	43173	43181	43181	43169	43181	43176	43181	43176	43176	43169	42995	43043	43156	43178	43178	43178	43178	43179	43177	42555	43181	43178	43178	43179	43177	43180	43178	43177	43178	43180	43178	43180	43180	43180	43181	43181	43181	43130	43181	43181	43181	43181	43181	43181	43181	43181	43181	43181	43181	43167	43153	43165	43167	43167	43165	43162	43163	42959	42018	43171	43171	43171	43173	41310	43170	42603	43171	43033	43012	43032	43031	43033	43033	43033	42803	43031	43033	43031	43032	43031	43031	43033	43032	43036	43036	43040	43035	43179	43178	43181	43181	43181	43169	43181	43181	43181	43181	43166	43167	43149	43164	43165	43160	43161	43162	43161	43087	43171	43172	43169	43156	43169	43170	43169	38292	40827	43177	43180	43177	43180	43180	43177	42645	43165	36535	43161	43161	43161	42825	43160	43162	43148	43161	43164	43160	42066	43167	43143	39870	43165	39869	43130	43161	43161	43162	43161	43178	43181	43181	43181	43181	43178	43179	43181	43177	43175	43118	43179	43056	43174	42981	43175	43099
MALV_LP_102_Du-208	38963	43159	42859	43159	43155	43158	42260	43163	43162	42978	43163	43164	43164	43159	43160	43159	43159	43171	43181	43176	43181	43174	43178	43174	43180	43170	43164	43180	43178	43181	43182	43179	43178	43176	43176	43179	42189	43182	43177	43178	43181	43178	43182	43181	43178	43178	43182	43182	43181	43182	43182	43182	43179	43175	43182	43176	43164	43165	43167	42879	42638	43165	43162	42558	43172	43171	43171	43172	43149	43171	43067	43163	43173	43172	43159	43167	43170	43169	43172	42618	43171	43158	41789	42937	42832	41227	43176	43177	43171	43172	43156	43107	40411	43162	43165	42992	42988	42994	43024	42989	43059	43177	43181	43181	43174	43181	43181	43041	43174	43182	43182	43170	43182	43177	43182	43177	43177	43170	42996	43044	43156	43178	43178	43178	43179	43180	43177	42556	43181	43179	43178	43179	43177	43180	43178	43178	43178	43181	43179	43181	43181	43181	43182	43182	43182	43130	43182	43182	43182	43182	43181	43181	43181	43181	43182	43182	43181	43167	43153	43166	43168	43167	43165	43162	43163	42959	42018	43171	43171	43171	43174	41311	43170	42603	43171	43033	43012	43032	43031	43034	43033	43033	42803	43031	43033	43031	43032	43031	43031	43033	43032	43037	43036	43041	43035	43179	43178	43182	43182	43182	43169	43182	43182	43182	43182	43167	43168	43149	43165	43166	43160	43161	43162	43161	43087	43171	43172	43169	43157	43169	43170	43170	38293	40827	43177	43181	43177	43181	43181	43177	42646	43165	36536	43161	43161	43161	42825	43160	43162	43148	43161	43164	43160	42066	43168	43143	39871	43165	39870	43131	43161	43162	43163	43161	43178	43182	43182	43182	43182	43179	43180	43182	43177	43176	43119	43179	43057	43174	42982	43175	43100
MALV_LP_103_Du-209	38963	43159	42859	43159	43155	43158	42260	43163	43162	42978	43163	43164	43164	43159	43160	43159	43159	43171	43181	43176	43181	43174	43178	43174	43180	43170	43164	43180	43178	43181	43182	43179	43178	43176	43176	43179	42189	43182	43177	43178	43181	43178	43182	43181	43178	43178	43182	43182	43181	43182	43182	43182	43179	43175	43182	43176	43164	43165	43167	42879	42638	43165	43162	42558	43172	43171	43171	43172	43149	43171	43067	43163	43173	43172	43159	43167	43170	43169	43172	42618	43171	43158	41789	42937	42832	41227	43176	43177	43171	43172	43156	43107	40411	43162	43165	42992	42988	42994	43024	42989	43059	43177	43181	43181	43174	43181	43181	43041	43174	43182	43182	43170	43182	43177	43182	43177	43177	43170	42996	43044	43156	43178	43178	43178	43179	43180	43177	42556	43181	43179	43178	43179	43177	43180	43178	43178	43178	43181	43179	43181	43181	43181	43182	43182	43182	43130	43182	43182	43182	43182	43181	43181	43181	43181	43182	43182	43181	43167	43153	43166	43168	43167	43165	43162	43163	42959	42018	43171	43171	43171	43174	41311	43170	42603	43171	43033	43012	43032	43031	43034	43033	43033	42803	43031	43033	43031	43032	43031	43031	43033	43032	43037	43036	43041	43035	43179	43178	43182	43182	43182	43169	43182	43182	43182	43182	43167	43168	43149	43165	43166	43160	43161	43162	43161	43087	43171	43172	43169	43157	43169	43170	43170	38293	40827	43177	43181	43177	43181	43181	43177	42646	43165	36536	43161	43161	43161	42825	43160	43162	43148	43161	43164	43160	42066	43168	43143	39871	43165	39870	43131	43161	43162	43163	43161	43178	43182	43182	43182	43182	43179	43180	43182	43177	43176	43119	43179	43057	43174	42982	43175	43100
MALV_LP_104_Du-210	38962	43159	42858	43159	43155	43158	42259	43163	43162	42978	43163	43163	43164	43159	43160	43159	43159	43171	43180	43175	43180	43173	43177	43173	43180	43169	43163	43179	43177	43180	43181	43178	43178	43176	43176	43178	42189	43181	43177	43178	43181	43178	43181	43181	43177	43178	43181	43181	43181	43181	43181	43181	43178	43175	43181	43175	43164	43165	43166	42879	42637	43165	43162	42557	43172	43171	43171	43172	43149	43171	43067	43163	43173	43172	43159	43167	43170	43169	43172	42617	43171	43157	41788	42936	42832	41226	43175	43176	43171	43172	43156	43107	40410	43162	43165	42992	42987	42993	43023	42989	43058	43177	43180	43180	43173	43180	43180	43040	43173	43181	43181	43169	43181	43176	43181	43176	43176	43169	42995	43043	43156	43178	43178	43178	43178	43179	43177	42555	43181	43178	43178	43179	43177	43180	43178	43177	43178	43180	43178	43180	43180	43180	43181	43181	43181	43130	43181	43181	43181	43181	43181	43181	43181	43181	43181	43181	43181	43167	43153	43165	43167	43167	43165	43162	43163	42959	42018	43171	43171	43171	43173	41310	43170	42603	43171	43033	43012	43032	43031	43033	43033	43033	42803	43031	43033	43031	43032	43031	43031	43033	43032	43036	43036	43040	43035	43179	43178	43181	43181	43181	43169	43181	43181	43181	43181	43166	43167	43149	43164	43165	43160	43161	43162	43161	43087	43171	43172	43169	43156	43169	43170	43169	38292	40827	43177	43180	43177	43180	43180	43177	42645	43165	36535	43161	43161	43161	42825	43160	43162	43148	43161	43164	43160	42066	43167	43143	39870	43165	39869	43130	43161	43161	43162	43161	43178	43181	43181	43181	43181	43178	43179	43181	43177	43175	43118	43179	43056	43174	42981	43175	43099
OCO_LP_058_Du-115	38956	43148	42848	43148	43145	43147	42248	43159	43159	42976	43160	43151	43152	43148	43148	43148	43148	43159	43167	43162	43167	43160	43164	43160	43167	43157	43151	43165	43163	43166	43167	43164	43164	43163	43163	43164	42176	43167	43164	43164	43167	43164	43167	43167	43164	43164	43167	43167	43167	43167	43167	43167	43164	43161	43167	43161	43153	43153	43154	42877	42636	43161	43160	42546	43161	43160	43160	43161	43138	43160	43057	43153	43161	43160	43148	43156	43158	43158	43161	42607	43160	43146	41786	42934	42831	41226	43163	43164	43160	43160	43145	43097	40398	43152	43155	42979	42975	42979	43009	42976	43046	43164	43167	43167	43160	43167	43167	43028	43160	43167	43167	43156	43167	43164	43167	43164	43164	43156	42981	43029	43143	43164	43164	43164	43164	43165	43164	42541	43167	43164	43164	43165	43164	43167	43164	43164	43164	43167	43164	43167	43166	43167	43167	43167	43167	43116	43167	43167	43167	43167	43167	43167	43167	43167	43167	43167	43167	43167	43152	43163	43164	43164	43164	43161	43161	42959	42017	43161	43160	43160	43161	41299	43159	42593	43161	43021	43002	43021	43021	43021	43021	43021	42793	43021	43021	43021	43021	43021	43021	43021	43021	43024	43024	43028	43024	43165	43164	43167	43167	43167	43158	43167	43167	43167	43167	43153	43154	43137	43151	43152	43149	43149	43149	43149	43075	43159	43160	43157	43145	43157	43158	43157	38281	40816	43163	43166	43163	43166	43166	43164	42633	43152	36529	43149	43149	43149	42813	43148	43149	43137	43150	43152	43148	42055	43154	43131	39858	43153	39859	43118	43149	43149	43149	43149	43164	43167	43167	43167	43167	43164	43165	43167	43164	43162	43104	43165	43042	43161	42967	43161	43085
OCO_LP_059_Du-106	38942	43137	42834	43137	43134	43136	42237	43148	43148	42961	43149	43137	43138	43137	43137	43137	43137	43146	43153	43148	43153	43146	43150	43146	43153	43146	43137	43151	43152	43152	43153	43152	43153	43152	43152	43153	42163	43153	43153	43153	43153	43153	43153	43153	43153	43153	43153	43153	43153	43153	43153	43153	43150	43150	43153	43150	43142	43142	43140	42866	42622	43150	43149	42544	43150	43149	43149	43150	43127	43149	43046	43142	43150	43149	43137	43145	43147	43147	43150	42593	43149	43135	41778	42923	42820	41213	43149	43150	43149	43149	43131	43083	40395	43141	43141	42965	42964	42965	42995	42965	43032	43153	43153	43153	43146	43153	43153	43014	43146	43153	43153	43142	43153	43150	43153	43150	43150	43142	42967	43015	43132	43153	43153	43153	43153	43151	43153	42537	43153	43153	43153	43153	43153	43153	43153	43153	43153	43153	43153	43153	43153	43153	43153	43153	43153	43103	43153	43153	43153	43153	43153	43153	43153	43153	43153	43153	43153	43152	43153	43152	43153	43153	43153	43150	43150	42946	42003	43150	43149	43149	43150	41288	43148	42591	43150	43010	42991	43010	43010	43010	43010	43010	42782	43010	43010	43010	43010	43010	43010	43010	43010	43010	43010	43014	43010	43153	43153	43153	43153	43153	43147	43153	43153	43153	43153	43139	43140	43126	43137	43138	43138	43138	43138	43138	43060	43145	43146	43146	43134	43146	43146	43146	38279	40808	43152	43152	43152	43152	43152	43153	42621	43138	36514	43138	43138	43138	42802	43137	43138	43125	43138	43138	43137	42043	43140	43120	39846	43142	39844	43105	43138	43138	43138	43138	43150	43153	43153	43153	43153	43150	43153	43153	43153	43150	43092	43151	43028	43150	42953	43150	43071
OCO_LP_060_Du-107	38954	43149	42846	43149	43145	43148	42249	43160	43160	42973	43161	43150	43150	43149	43149	43149	43149	43158	43166	43161	43166	43159	43163	43159	43165	43158	43149	43164	43165	43165	43166	43165	43165	43164	43164	43166	42176	43166	43165	43165	43165	43165	43166	43165	43166	43165	43166	43166	43165	43166	43166	43166	43163	43162	43166	43163	43154	43154	43153	42878	42634	43162	43160	42544	43162	43161	43161	43162	43139	43161	43057	43153	43162	43161	43149	43157	43159	43159	43162	42605	43161	43147	41784	42935	42831	41225	43162	43163	43161	43161	43142	43094	40397	43152	43152	42976	42976	42978	43008	42977	43044	43165	43166	43166	43159	43166	43166	43027	43159	43166	43166	43155	43166	43163	43166	43163	43163	43155	42980	43028	43144	43165	43165	43165	43166	43164	43165	42540	43165	43166	43165	43165	43165	43165	43165	43166	43165	43166	43166	43166	43166	43166	43166	43166	43166	43115	43166	43166	43166	43166	43165	43165	43165	43165	43166	43166	43165	43163	43152	43166	43166	43165	43164	43161	43162	42957	42014	43161	43161	43161	43163	41300	43160	42593	43161	43022	43002	43022	43021	43023	43022	43022	42793	43021	43022	43021	43022	43021	43021	43022	43022	43023	43022	43027	43022	43165	43165	43166	43166	43166	43159	43166	43166	43166	43166	43152	43153	43137	43150	43151	43149	43150	43150	43150	43072	43156	43157	43157	43146	43158	43157	43158	38279	40817	43164	43165	43164	43165	43165	43165	42633	43150	36526	43149	43150	43150	42813	43149	43150	43136	43149	43150	43149	42054	43153	43132	39858	43154	39856	43117	43150	43150	43151	43150	43162	43166	43166	43166	43166	43163	43166	43166	43165	43163	43105	43163	43041	43162	42966	43162	43084
OCO_LP_061_Du-108	38956	43150	42847	43150	43146	43149	42251	43162	43161	42974	43162	43152	43152	43150	43151	43150	43150	43159	43168	43163	43168	43161	43165	43161	43167	43160	43151	43166	43167	43167	43168	43167	43167	43165	43165	43168	42177	43168	43166	43167	43167	43167	43168	43167	43167	43167	43168	43168	43167	43168	43168	43168	43165	43164	43168	43165	43155	43156	43155	42879	42635	43164	43161	42546	43163	43162	43162	43163	43140	43162	43058	43154	43164	43163	43150	43158	43161	43160	43163	42606	43162	43149	41786	42937	42832	41226	43164	43165	43162	43163	43144	43095	40399	43153	43153	42978	42977	42980	43010	42978	43046	43167	43168	43168	43161	43168	43168	43029	43161	43168	43168	43157	43168	43165	43168	43165	43165	43157	42982	43030	43145	43167	43167	43167	43168	43166	43166	42542	43167	43168	43167	43167	43166	43166	43167	43167	43167	43167	43168	43167	43168	43167	43168	43168	43168	43117	43168	43168	43168	43168	43167	43167	43167	43167	43168	43168	43167	43164	43153	43166	43168	43167	43165	43162	43163	42958	42015	43162	43162	43162	43165	41302	43161	42594	43162	43024	43003	43023	43022	43025	43024	43024	42794	43022	43024	43022	43023	43022	43022	43024	43023	43025	43024	43029	43023	43167	43167	43168	43168	43168	43160	43168	43168	43168	43168	43154	43155	43139	43152	43153	43150	43151	43152	43151	43074	43158	43159	43159	43147	43159	43159	43160	38281	40818	43166	43167	43166	43167	43167	43166	42635	43152	36528	43151	43151	43151	42815	43150	43152	43137	43150	43151	43150	42056	43155	43133	39860	43155	39858	43119	43151	43152	43153	43151	43164	43168	43168	43168	43168	43165	43168	43168	43166	43164	43107	43165	43043	43163	42968	43164	43086
OCO_LP_062_Du-109	38955	43150	42846	43150	43146	43149	42250	43162	43161	42974	43162	43151	43152	43150	43151	43150	43150	43159	43167	43162	43167	43160	43164	43160	43167	43159	43150	43165	43166	43166	43167	43166	43167	43165	43165	43167	42177	43167	43166	43167	43167	43167	43167	43167	43166	43167	43167	43167	43167	43167	43167	43167	43164	43164	43167	43164	43155	43156	43154	42879	42634	43164	43161	42545	43163	43162	43162	43163	43140	43162	43058	43154	43164	43163	43150	43158	43161	43160	43163	42605	43162	43148	41785	42936	42832	41225	43163	43164	43162	43163	43144	43095	40398	43153	43153	42978	42976	42979	43009	42978	43045	43167	43167	43167	43160	43167	43167	43028	43160	43167	43167	43156	43167	43164	43167	43164	43164	43156	42981	43029	43145	43167	43167	43167	43167	43165	43166	42541	43167	43167	43167	43167	43166	43166	43167	43166	43167	43166	43167	43166	43167	43166	43167	43167	43167	43117	43167	43167	43167	43167	43167	43167	43167	43167	43167	43167	43167	43164	43153	43165	43167	43167	43165	43162	43163	42958	42015	43162	43162	43162	43164	41301	43161	42594	43162	43024	43003	43023	43022	43024	43024	43024	42794	43022	43024	43022	43023	43022	43022	43024	43023	43024	43024	43028	43023	43167	43167	43167	43167	43167	43160	43167	43167	43167	43167	43153	43154	43139	43151	43152	43150	43151	43152	43151	43074	43158	43159	43159	43146	43159	43159	43159	38280	40818	43166	43166	43166	43166	43166	43166	42634	43152	36527	43151	43151	43151	42815	43150	43152	43137	43150	43151	43150	42056	43154	43133	39859	43155	39857	43118	43151	43151	43152	43151	43164	43167	43167	43167	43167	43164	43167	43167	43166	43163	43106	43165	43042	43163	42967	43164	43085
OCO_LP_063_Du-110	38954	43149	42846	43149	43146	43148	42249	43160	43160	42973	43161	43149	43150	43149	43149	43149	43149	43158	43165	43160	43165	43158	43162	43158	43165	43158	43149	43163	43164	43164	43165	43164	43165	43164	43164	43165	42175	43165	43165	43165	43165	43165	43165	43165	43165	43165	43165	43165	43165	43165	43165	43165	43162	43162	43165	43162	43154	43154	43152	42878	42634	43162	43161	42544	43162	43161	43161	43162	43139	43161	43058	43154	43162	43161	43149	43157	43159	43159	43162	42605	43161	43147	41784	42935	42832	41225	43161	43162	43161	43161	43143	43095	40396	43153	43153	42977	42976	42977	43007	42977	43044	43165	43165	43165	43158	43165	43165	43026	43158	43165	43165	43154	43165	43162	43165	43162	43162	43154	42979	43027	43144	43165	43165	43165	43165	43163	43165	42539	43165	43165	43165	43165	43165	43165	43165	43165	43165	43165	43165	43165	43165	43165	43165	43165	43165	43115	43165	43165	43165	43165	43165	43165	43165	43165	43165	43165	43165	43164	43153	43164	43165	43165	43165	43162	43162	42958	42015	43162	43161	43161	43162	41300	43160	42594	43162	43022	43003	43022	43022	43022	43022	43022	42794	43022	43022	43022	43022	43022	43022	43022	43022	43022	43022	43026	43022	43165	43165	43165	43165	43165	43159	43165	43165	43165	43165	43151	43152	43138	43149	43150	43150	43150	43150	43150	43072	43157	43158	43158	43146	43158	43158	43158	38279	40817	43164	43164	43164	43164	43164	43165	42633	43150	36526	43150	43150	43150	42814	43149	43150	43137	43150	43150	43149	42055	43152	43132	39858	43154	39856	43117	43150	43150	43150	43150	43162	43165	43165	43165	43165	43162	43165	43165	43165	43162	43104	43163	43040	43162	42965	43162	43083
OCO_LP_064_Du-111	38951	43146	42843	43146	43143	43145	42246	43157	43157	42970	43158	43146	43147	43146	43146	43146	43146	43155	43162	43157	43162	43155	43159	43155	43162	43155	43146	43160	43161	43161	43162	43161	43162	43161	43161	43162	42172	43162	43162	43162	43162	43162	43162	43162	43162	43162	43162	43162	43162	43162	43162	43162	43159	43159	43162	43159	43151	43151	43149	42875	42634	43159	43158	42541	43159	43158	43158	43159	43136	43158	43055	43151	43159	43158	43146	43154	43156	43156	43159	42602	43158	43144	41781	42932	42832	41225	43158	43159	43158	43158	43140	43092	40393	43150	43150	42974	42973	42974	43004	42974	43041	43162	43162	43162	43155	43162	43162	43023	43155	43162	43162	43151	43162	43159	43162	43159	43159	43151	42976	43024	43141	43162	43162	43162	43162	43160	43162	42536	43162	43162	43162	43162	43162	43162	43162	43162	43162	43162	43162	43162	43162	43162	43162	43162	43162	43112	43162	43162	43162	43162	43162	43162	43162	43162	43162	43162	43162	43161	43150	43161	43162	43162	43162	43162	43162	42958	42015	43159	43158	43158	43159	41297	43157	42591	43159	43019	43000	43019	43019	43019	43019	43019	42791	43019	43019	43019	43019	43019	43019	43019	43019	43019	43019	43023	43019	43162	43162	43162	43162	43162	43156	43162	43162	43162	43162	43148	43149	43135	43146	43147	43147	43147	43147	43147	43069	43154	43155	43155	43143	43155	43155	43155	38276	40814	43161	43161	43161	43161	43161	43162	42630	43147	36523	43147	43147	43147	42813	43146	43147	43134	43147	43147	43146	42052	43149	43129	39858	43151	39853	43114	43147	43147	43147	43147	43159	43162	43162	43162	43162	43159	43162	43162	43162	43159	43101	43160	43037	43159	42962	43159	43080
OCO_LP_065_Du-112	38951	43147	42843	43147	43143	43146	42246	43158	43158	42971	43159	43147	43148	43147	43147	43147	43147	43156	43163	43158	43163	43156	43160	43156	43163	43155	43146	43161	43162	43162	43163	43162	43163	43162	43162	43163	42173	43163	43163	43163	43163	43163	43163	43163	43163	43163	43163	43163	43163	43163	43163	43163	43160	43160	43163	43160	43152	43152	43150	42876	42634	43160	43158	42541	43160	43159	43159	43160	43137	43159	43055	43151	43160	43159	43147	43155	43157	43157	43160	42602	43159	43144	41781	42932	42832	41225	43159	43160	43159	43159	43140	43092	40394	43150	43150	42974	42973	42975	43005	42975	43041	43163	43163	43163	43156	43163	43163	43024	43156	43163	43163	43152	43163	43160	43163	43160	43160	43152	42977	43025	43142	43163	43163	43163	43163	43161	43163	42537	43163	43163	43163	43163	43163	43163	43163	43163	43163	43163	43163	43163	43163	43163	43163	43163	43163	43113	43163	43163	43163	43163	43163	43163	43163	43163	43163	43163	43163	43161	43150	43162	43163	43163	43162	43162	43163	42958	42015	43159	43159	43159	43160	41297	43158	42591	43159	43020	43000	43020	43019	43020	43020	43020	42791	43019	43020	43019	43020	43019	43019	43020	43020	43020	43020	43024	43020	43163	43163	43163	43163	43163	43157	43163	43163	43163	43163	43149	43150	43135	43147	43148	43147	43148	43148	43148	43070	43154	43155	43155	43143	43156	43155	43155	38276	40814	43162	43162	43162	43162	43162	43163	42630	43148	36523	43147	43148	43148	42813	43147	43148	43134	43147	43148	43147	42052	43150	43130	39858	43152	39853	43114	43148	43147	43148	43148	43160	43163	43163	43163	43163	43160	43163	43163	43163	43160	43102	43161	43038	43160	42963	43160	43081
OCO_LP_066_Du-113	38809	42942	42640	42942	42939	42941	42042	42953	42953	42768	42954	42943	42944	42942	42942	42942	42942	42952	42959	42954	42959	42952	42956	42952	42959	42951	42943	42957	42957	42958	42959	42957	42958	42957	42957	42958	41975	42959	42958	42958	42959	42958	42959	42959	42958	42958	42959	42959	42959	42959	42959	42959	42956	42955	42959	42955	42947	42947	42946	42671	42439	42955	42954	42338	42955	42954	42954	42955	42934	42954	42851	42947	42955	42954	42942	42951	42952	42952	42955	42400	42954	42940	41579	42730	42629	41024	42955	42956	42954	42954	42937	42889	40206	42946	42947	42771	42769	42771	42801	42770	42838	42958	42959	42959	42952	42959	42959	42820	42952	42959	42959	42948	42959	42956	42959	42956	42956	42948	42773	42821	42937	42958	42958	42958	42958	42957	42958	42333	42959	42958	42958	42958	42958	42959	42958	42958	42958	42959	42958	42959	42958	42959	42959	42959	42959	42908	42959	42959	42959	42959	42959	42959	42959	42959	42959	42959	42959	42959	42946	42957	42958	42958	42958	42958	42958	42959	41845	42955	42954	42954	42955	41094	42953	42393	42955	42815	42796	42815	42815	42815	42815	42815	42591	42815	42815	42815	42815	42815	42815	42815	42815	42816	42816	42820	42816	42958	42958	42959	42959	42959	42952	42959	42959	42959	42959	42945	42946	42931	42943	42944	42943	42943	42943	42943	42867	42951	42952	42951	42940	42951	42952	42951	38087	40627	42957	42958	42957	42958	42958	42958	42427	42944	36357	42943	42943	42943	42609	42942	42943	42930	42944	42944	42942	41860	42946	42925	39694	42947	39670	42910	42943	42943	42943	42943	42956	42959	42959	42959	42959	42956	42959	42959	42958	42956	42898	42957	42834	42955	42759	42955	42877
OCO_LP_067_Du-114	37956	41999	41708	41999	41996	41998	41131	42010	42010	41830	42011	42002	42003	41999	41999	41999	41999	42010	42018	42013	42018	42011	42015	42011	42018	42008	42002	42016	42014	42017	42018	42015	42015	42014	42014	42015	41037	42018	42015	42015	42018	42015	42018	42018	42015	42015	42018	42018	42018	42018	42018	42018	42015	42012	42018	42012	42004	42004	42005	41728	41491	42012	42011	41439	42012	42011	42011	42012	41989	42011	41940	42004	42012	42011	41999	42007	42009	42009	42012	41462	42011	41997	40766	41785	41717	40232	42014	42015	42011	42011	41996	41948	39349	42003	42006	41830	41826	41830	41860	41827	41897	42015	42018	42018	42011	42018	42018	41879	42011	42018	42018	42007	42018	42015	42018	42015	42015	42007	41832	41880	41998	42015	42015	42015	42015	42016	42015	41407	42018	42015	42015	42016	42015	42018	42015	42015	42015	42018	42015	42018	42017	42018	42018	42018	42018	41967	42018	42018	42018	42018	42018	42018	42018	42018	42018	42018	42018	42017	42003	42014	42015	42015	42015	42015	42015	41845	42018	42012	42011	42011	42012	40221	42010	41504	42012	41872	41853	41872	41872	41872	41872	41872	41645	41872	41872	41872	41872	41872	41872	41872	41872	41875	41875	41879	41875	42016	42015	42018	42018	42018	42009	42018	42018	42018	42018	42004	42005	41988	42002	42003	42000	42000	42000	42000	41928	42010	42011	42008	41996	42008	42009	42008	37274	39786	42014	42017	42014	42017	42017	42015	41488	42003	35591	42000	42000	42000	41667	41999	42000	41988	42001	42003	41999	40987	42005	41982	38814	42004	38855	41992	42000	42000	42000	42000	42015	42018	42018	42018	42018	42015	42016	42018	42015	42013	41955	42016	41935	42012	41818	42012	41993
QUI1_LP_249_Du-648	38958	43158	42855	43158	43155	43157	42258	43158	43158	42971	43159	43158	43159	43158	43158	43158	43158	43164	43171	43166	43171	43164	43168	43164	43171	43164	43155	43169	43170	43170	43171	43170	43171	43170	43170	43171	42181	43171	43171	43171	43171	43171	43171	43171	43171	43171	43171	43171	43171	43171	43171	43171	43168	43168	43171	43168	43163	43163	43161	42875	42631	43160	43159	42553	43171	43170	43170	43171	43148	43170	43067	43163	43171	43170	43158	43166	43168	43168	43171	42614	43170	43156	41781	42932	42829	41222	43170	43171	43170	43170	43152	43104	40405	43162	43162	42983	42982	42983	43013	42983	43050	43171	43171	43171	43164	43171	43171	43031	43164	43171	43171	43160	43171	43171	43171	43171	43171	43160	42985	43033	43150	43171	43171	43171	43171	43169	43171	42545	43171	43171	43171	43171	43171	43171	43171	43171	43171	43171	43171	43171	43171	43171	43171	43171	43171	43121	43171	43171	43171	43171	43171	43171	43171	43171	43171	43171	43171	43161	43150	43161	43162	43162	43162	43159	43159	42955	42012	43171	43170	43170	43171	41309	43169	42603	43171	43027	43008	43027	43027	43027	43027	43027	42799	43027	43027	43027	43027	43027	43027	43027	43027	43027	43027	43031	43027	43171	43171	43171	43171	43171	43165	43171	43171	43171	43171	43157	43158	43144	43155	43156	43156	43156	43156	43156	43078	43163	43164	43164	43152	43164	43164	43164	38285	40822	43170	43170	43170	43170	43170	43171	42639	43156	36527	43156	43156	43156	42820	43155	43156	43143	43156	43156	43155	42061	43158	43138	39864	43160	39861	43123	43156	43156	43156	43156	43168	43171	43171	43171	43171	43168	43171	43171	43171	43168	43110	43169	43046	43168	42971	43168	43089
QUI1_LP_250_Du-649	38958	43159	42855	43158	43154	43157	42258	43158	43158	42971	43159	43158	43159	43158	43158	43158	43158	43164	43171	43166	43171	43164	43168	43164	43171	43163	43154	43169	43170	43170	43171	43170	43171	43170	43170	43171	42181	43171	43171	43171	43171	43171	43171	43171	43171	43171	43171	43171	43171	43171	43171	43171	43168	43168	43171	43168	43163	43164	43161	42875	42630	43160	43158	42553	43171	43171	43171	43171	43148	43171	43067	43163	43171	43170	43159	43167	43168	43168	43171	42614	43171	43156	41780	42931	42828	41221	43170	43171	43170	43171	43152	43104	40406	43162	43162	42982	42981	42983	43013	42983	43049	43171	43171	43171	43164	43171	43171	43031	43164	43171	43171	43160	43171	43171	43171	43171	43171	43160	42985	43033	43150	43171	43171	43171	43171	43169	43171	42545	43171	43171	43171	43171	43171	43171	43171	43171	43171	43171	43171	43171	43171	43171	43171	43171	43171	43121	43171	43171	43171	43171	43171	43171	43171	43171	43171	43171	43171	43160	43149	43161	43162	43162	43161	43158	43159	42954	42011	43170	43171	43170	43171	41309	43170	42603	43170	43027	43007	43027	43026	43027	43027	43027	42798	43026	43027	43026	43027	43026	43026	43027	43027	43027	43027	43031	43027	43171	43171	43171	43171	43171	43165	43171	43171	43171	43171	43157	43158	43143	43155	43156	43155	43156	43156	43156	43078	43162	43163	43163	43151	43164	43163	43163	38284	40821	43170	43170	43170	43170	43170	43171	42638	43156	36526	43155	43156	43156	42819	43155	43156	43142	43155	43156	43155	42060	43158	43138	39863	43160	39860	43122	43156	43155	43156	43156	43168	43171	43171	43171	43171	43168	43171	43171	43171	43168	43110	43169	43046	43168	42971	43168	43089
QUI1_LP_252_Du-651	38957	43158	42854	43158	43154	43157	42257	43158	43158	42971	43159	43158	43159	43158	43158	43158	43158	43164	43171	43166	43171	43164	43168	43164	43171	43163	43154	43169	43170	43170	43171	43170	43171	43170	43170	43171	42181	43171	43171	43171	43171	43171	43171	43171	43171	43171	43171	43171	43171	43171	43171	43171	43168	43168	43171	43168	43163	43163	43161	42875	42630	43160	43158	42552	43171	43170	43170	43171	43148	43170	43066	43162	43171	43170	43158	43166	43168	43168	43171	42613	43170	43155	41780	42931	42828	41221	43170	43171	43170	43170	43151	43103	40406	43161	43161	42982	42981	42983	43013	42983	43049	43171	43171	43171	43164	43171	43171	43031	43164	43171	43171	43160	43171	43171	43171	43171	43171	43160	42985	43033	43150	43171	43171	43171	43171	43169	43171	42545	43171	43171	43171	43171	43171	43171	43171	43171	43171	43171	43171	43171	43171	43171	43171	43171	43171	43121	43171	43171	43171	43171	43171	43171	43171	43171	43171	43171	43171	43160	43149	43161	43162	43162	43161	43158	43159	42954	42011	43170	43170	43171	43171	41308	43169	42602	43170	43027	43007	43027	43026	43027	43027	43027	42798	43026	43027	43026	43027	43026	43026	43027	43027	43027	43027	43031	43027	43171	43171	43171	43171	43171	43165	43171	43171	43171	43171	43157	43158	43143	43155	43156	43155	43156	43156	43156	43078	43162	43163	43163	43151	43164	43163	43163	38284	40821	43170	43170	43170	43170	43170	43171	42638	43156	36526	43155	43156	43156	42819	43155	43156	43142	43155	43156	43155	42060	43158	43138	39863	43160	39860	43122	43156	43155	43156	43156	43168	43171	43171	43171	43171	43168	43171	43171	43171	43168	43110	43169	43046	43168	42971	43168	43089
QUI1_LP_253_Du-652	38960	43159	42856	43159	43155	43158	42260	43160	43159	42972	43160	43161	43161	43159	43160	43159	43159	43165	43174	43169	43174	43167	43171	43167	43173	43166	43157	43172	43173	43173	43174	43173	43173	43171	43171	43174	42183	43174	43172	43173	43173	43173	43174	43173	43173	43173	43174	43174	43173	43174	43174	43174	43171	43170	43174	43171	43164	43165	43164	42876	42632	43162	43159	42555	43172	43171	43171	43172	43149	43171	43067	43163	43173	43172	43159	43167	43170	43169	43172	42615	43171	43158	41783	42934	42829	41223	43173	43174	43171	43172	43153	43104	40408	43162	43162	42984	42983	42986	43016	42984	43052	43173	43174	43174	43167	43174	43174	43034	43167	43174	43174	43163	43174	43174	43174	43174	43174	43163	42988	43036	43151	43173	43173	43173	43174	43172	43172	42548	43173	43174	43173	43173	43172	43172	43173	43173	43173	43173	43174	43173	43174	43173	43174	43174	43174	43123	43174	43174	43174	43174	43173	43173	43173	43173	43174	43174	43173	43161	43150	43163	43165	43164	43162	43159	43160	42955	42012	43171	43171	43171	43174	41311	43170	42603	43171	43029	43008	43028	43027	43030	43029	43029	42799	43027	43029	43027	43028	43027	43027	43029	43028	43030	43029	43034	43028	43173	43173	43174	43174	43174	43166	43174	43174	43174	43174	43160	43161	43145	43158	43159	43156	43157	43158	43157	43080	43164	43165	43165	43153	43165	43165	43166	38287	40823	43172	43173	43172	43173	43173	43172	42641	43158	36529	43157	43157	43157	42821	43156	43158	43143	43156	43157	43156	42062	43161	43139	39866	43161	39863	43125	43157	43158	43159	43157	43170	43174	43174	43174	43174	43171	43174	43174	43172	43170	43113	43171	43049	43169	42974	43170	43092
QUI1_LP_254_Du-653	37288	41297	41009	41296	41293	41295	40453	41297	41296	41111	41297	41298	41298	41296	41297	41296	41296	41302	41311	41306	41311	41304	41308	41304	41310	41304	41295	41309	41310	41310	41311	41310	41310	41308	41308	41311	40344	41311	41309	41310	41310	41310	41311	41310	41310	41310	41311	41311	41310	41311	41311	41311	41308	41307	41311	41308	41301	41303	41301	41013	40774	41299	41297	40725	41309	41309	41309	41309	41286	41309	41214	41307	41310	41309	41297	41307	41307	41306	41309	40781	41309	41307	40044	41072	40969	39408	41310	41311	41308	41310	41302	41252	38705	41309	41309	41122	41121	41123	41153	41121	41190	41310	41311	41311	41304	41311	41311	41171	41304	41311	41311	41300	41311	41311	41311	41311	41311	41300	41125	41173	41290	41310	41310	41310	41311	41309	41309	40723	41310	41311	41310	41310	41309	41309	41310	41310	41310	41310	41311	41310	41311	41310	41311	41311	41311	41260	41311	41311	41311	41311	41310	41310	41310	41310	41311	41311	41310	41299	41288	41300	41302	41301	41300	41297	41297	41094	40221	41309	41309	41308	41311	41311	41309	40775	41309	41166	41146	41165	41165	41167	41166	41166	40938	41165	41166	41165	41165	41165	41165	41166	41165	41167	41166	41171	41165	41310	41310	41311	41311	41311	41303	41311	41311	41311	41311	41297	41298	41283	41295	41296	41294	41294	41295	41294	41220	41303	41303	41303	41291	41302	41303	41304	36798	39074	41309	41310	41309	41310	41310	41309	40780	41295	34867	41295	41294	41294	40960	41293	41295	41281	41294	41294	41293	40303	41298	41280	38095	41298	38142	41263	41294	41296	41296	41294	41307	41311	41311	41311	41311	41308	41311	41311	41309	41307	41250	41308	41187	41306	41120	41307	41229
QUI1_LP_255_Du-654	38958	43158	42855	43157	43153	43156	42258	43157	43157	42970	43158	43157	43158	43157	43157	43157	43157	43163	43170	43165	43170	43163	43167	43163	43170	43162	43153	43168	43169	43169	43170	43169	43170	43169	43169	43170	42180	43170	43170	43170	43170	43170	43170	43170	43170	43170	43170	43170	43170	43170	43170	43170	43167	43167	43170	43167	43162	43163	43160	42874	42629	43159	43157	42553	43170	43170	43170	43170	43147	43170	43067	43163	43170	43169	43158	43167	43167	43167	43170	42614	43170	43156	41779	42930	42827	41220	43169	43170	43169	43170	43152	43104	40406	43162	43162	42981	42980	42982	43012	42982	43048	43170	43170	43170	43163	43170	43170	43030	43163	43170	43170	43159	43170	43170	43170	43170	43170	43159	42984	43032	43149	43170	43170	43170	43170	43168	43170	42544	43170	43170	43170	43170	43170	43170	43170	43170	43170	43170	43170	43170	43170	43170	43170	43170	43170	43120	43170	43170	43170	43170	43170	43170	43170	43170	43170	43170	43170	43159	43148	43160	43161	43161	43160	43157	43158	42953	42010	43169	43170	43169	43170	41309	43170	42603	43169	43026	43006	43026	43025	43026	43026	43026	42797	43025	43026	43025	43026	43025	43025	43026	43026	43026	43026	43030	43026	43170	43170	43170	43170	43170	43164	43170	43170	43170	43170	43156	43157	43142	43154	43155	43154	43155	43155	43155	43077	43161	43162	43162	43150	43163	43162	43162	38283	40820	43169	43169	43169	43169	43169	43170	42637	43155	36525	43154	43155	43155	42818	43154	43155	43141	43154	43155	43154	42059	43157	43137	39862	43159	39859	43121	43155	43154	43155	43155	43167	43170	43170	43170	43170	43167	43170	43170	43170	43167	43109	43168	43045	43167	42970	43167	43088
QUI1_LP_257_Du-656	38443	42591	42305	42590	42587	42589	41721	42590	42590	42403	42591	42590	42591	42590	42590	42590	42590	42596	42603	42598	42603	42596	42600	42596	42603	42596	42587	42601	42602	42602	42603	42602	42603	42602	42602	42603	41628	42603	42603	42603	42603	42603	42603	42603	42603	42603	42603	42603	42603	42603	42603	42603	42600	42600	42603	42600	42595	42596	42593	42307	42068	42592	42591	42035	42603	42603	42603	42603	42580	42603	42508	42600	42603	42602	42591	42601	42600	42600	42603	42069	42603	42597	41277	42364	42268	40714	42602	42603	42602	42603	42593	42545	39890	42603	42603	42415	42414	42415	42445	42415	42482	42603	42603	42603	42596	42603	42603	42463	42596	42603	42603	42592	42603	42603	42603	42603	42603	42592	42417	42465	42583	42603	42603	42603	42603	42601	42603	42008	42603	42603	42603	42603	42603	42603	42603	42603	42603	42603	42603	42603	42603	42603	42603	42603	42603	42553	42603	42603	42603	42603	42603	42603	42603	42603	42603	42603	42603	42593	42591	42593	42594	42594	42594	42591	42591	42393	41504	42603	42603	42602	42603	40775	42603	42603	42603	42459	42448	42459	42459	42459	42459	42459	42242	42459	42459	42459	42459	42459	42459	42459	42459	42459	42459	42463	42459	42603	42603	42603	42603	42603	42597	42603	42603	42603	42603	42589	42590	42576	42587	42588	42588	42588	42588	42588	42517	42596	42596	42596	42584	42596	42596	42596	37835	40364	42602	42602	42602	42602	42602	42603	42074	42588	35986	42588	42588	42588	42252	42587	42588	42575	42588	42588	42587	41573	42590	42570	39451	42592	39362	42555	42588	42588	42588	42588	42600	42603	42603	42603	42603	42600	42603	42603	42603	42600	42542	42601	42478	42600	42403	42600	42521
QUI1_LP_258_Du-657	38958	43158	42855	43158	43155	43157	42258	43158	43158	42971	43159	43158	43159	43158	43158	43158	43158	43164	43171	43166	43171	43164	43168	43164	43171	43164	43155	43169	43170	43170	43171	43170	43171	43170	43170	43171	42181	43171	43171	43171	43171	43171	43171	43171	43171	43171	43171	43171	43171	43171	43171	43171	43168	43168	43171	43168	43163	43163	43161	42875	42631	43160	43159	42553	43171	43170	43170	43171	43148	43170	43067	43163	43171	43170	43158	43166	43168	43168	43171	42614	43170	43156	41781	42932	42829	41222	43170	43171	43170	43170	43152	43104	40405	43162	43162	42983	42982	42983	43013	42983	43050	43171	43171	43171	43164	43171	43171	43031	43164	43171	43171	43160	43171	43171	43171	43171	43171	43160	42985	43033	43150	43171	43171	43171	43171	43169	43171	42545	43171	43171	43171	43171	43171	43171	43171	43171	43171	43171	43171	43171	43171	43171	43171	43171	43171	43121	43171	43171	43171	43171	43171	43171	43171	43171	43171	43171	43171	43161	43150	43161	43162	43162	43162	43159	43159	42955	42012	43171	43170	43170	43171	41309	43169	42603	43171	43027	43008	43027	43027	43027	43027	43027	42799	43027	43027	43027	43027	43027	43027	43027	43027	43027	43027	43031	43027	43171	43171	43171	43171	43171	43165	43171	43171	43171	43171	43157	43158	43144	43155	43156	43156	43156	43156	43156	43078	43163	43164	43164	43152	43164	43164	43164	38285	40822	43170	43170	43170	43170	43170	43171	42639	43156	36527	43156	43156	43156	42820	43155	43156	43143	43156	43156	43155	42061	43158	43138	39864	43160	39861	43123	43156	43156	43156	43156	43168	43171	43171	43171	43171	43168	43171	43171	43171	43168	43110	43169	43046	43168	42971	43168	43089
QUI2_LP_243_Du-631	38816	43015	42711	43015	43011	43014	42121	43019	43018	42831	43019	43016	43017	43015	43016	43015	43015	43025	43033	43028	43033	43026	43030	43026	43033	43025	43016	43031	43032	43032	43033	43032	43033	43031	43031	43033	42043	43033	43032	43033	43033	43033	43033	43033	43032	43033	43033	43033	43033	43033	43033	43033	43030	43030	43033	43030	43020	43021	43019	42736	42491	43021	43018	42410	43028	43027	43027	43028	43005	43027	42923	43019	43029	43028	43015	43023	43026	43025	43028	42473	43027	43013	41642	42793	42689	41084	43028	43029	43027	43028	43009	42960	40263	43018	43018	42844	42842	42845	42875	42844	42911	43033	43033	43033	43026	43033	43033	43033	43026	43033	43033	43033	43033	43029	43033	43029	43029	43033	42847	42895	43011	43033	43033	43033	43033	43031	43032	42407	43033	43033	43033	43033	43032	43032	43033	43032	43033	43032	43033	43032	43033	43032	43033	43033	43033	43002	43033	43033	43033	43033	43033	43033	43033	43033	43033	43033	43033	43021	43010	43022	43024	43024	43022	43019	43020	42815	41872	43027	43027	43027	43029	41166	43026	42459	43027	43033	43012	43032	43031	43033	43033	43033	42803	43031	43033	43031	43032	43031	43031	43033	43032	43033	43033	43033	43032	43033	43033	43033	43033	43033	43025	43033	43033	43033	43033	43033	43033	43020	43032	43033	43031	43032	43033	43032	42940	43024	43025	43025	43012	43025	43025	43025	38146	40684	43032	43032	43032	43032	43032	43032	42515	43033	36403	43032	43032	43032	42696	43031	43033	43018	43031	43032	43031	41937	43033	43014	39740	43032	39754	42999	43032	43032	43033	43032	43030	43033	43033	43033	43033	43030	43033	43033	43032	43029	42972	43031	42908	43029	42833	43030	42951
QUI2_LP_244_Du-632	38805	42995	42696	42995	42992	42994	42105	42998	42998	42811	42999	42995	42996	42995	42995	42995	42995	43005	43012	43007	43012	43005	43009	43005	43012	43005	42996	43010	43011	43011	43012	43011	43012	43011	43011	43012	42022	43012	43012	43012	43012	43012	43012	43012	43012	43012	43012	43012	43012	43012	43012	43012	43009	43009	43012	43009	43000	43000	42998	42716	42481	43000	42999	42398	43008	43007	43007	43008	42985	43007	42904	43000	43008	43007	42995	43003	43005	43005	43008	42454	43007	42993	41622	42773	42670	41073	43007	43008	43007	43007	42989	42941	40250	42999	42999	42824	42823	42824	42854	42824	42891	43012	43012	43012	43005	43012	43012	43012	43005	43012	43012	43012	43012	43008	43012	43008	43008	43012	42826	42874	42991	43012	43012	43012	43012	43010	43012	42386	43012	43012	43012	43012	43012	43012	43012	43012	43012	43012	43012	43012	43012	43012	43012	43012	43012	42981	43012	43012	43012	43012	43012	43012	43012	43012	43012	43012	43012	43002	42991	43002	43003	43003	43003	43000	43000	42796	41853	43008	43007	43007	43008	41146	43006	42448	43008	43012	43012	43012	43012	43012	43012	43012	42792	43012	43012	43012	43012	43012	43012	43012	43012	43012	43012	43012	43012	43012	43012	43012	43012	43012	43005	43012	43012	43012	43012	43012	43012	43000	43011	43012	43012	43012	43012	43012	42919	43004	43005	43005	42993	43005	43005	43005	38129	40664	43011	43011	43011	43011	43011	43012	42499	43012	36387	43012	43012	43012	42676	43011	43012	42999	43012	43012	43011	41918	43012	42994	39728	43012	39751	42979	43012	43012	43012	43012	43009	43012	43012	43012	43012	43009	43012	43012	43012	43009	42952	43010	42887	43009	42812	43009	42930
QUI2_LP_245_Du-633	38815	43015	42711	43015	43011	43014	42120	43018	43018	42831	43019	43015	43016	43015	43015	43015	43015	43025	43032	43027	43032	43025	43029	43025	43032	43024	43015	43030	43031	43031	43032	43031	43032	43031	43031	43032	42042	43032	43032	43032	43032	43032	43032	43032	43032	43032	43032	43032	43032	43032	43032	43032	43029	43029	43032	43029	43020	43020	43018	42736	42491	43020	43018	42409	43028	43027	43027	43028	43005	43027	42923	43019	43028	43027	43015	43023	43025	43025	43028	42473	43027	43012	41641	42792	42689	41084	43027	43028	43027	43027	43008	42960	40262	43018	43018	42843	42842	42844	42874	42844	42910	43032	43032	43032	43025	43032	43032	43032	43025	43032	43032	43032	43032	43028	43032	43028	43028	43032	42846	42894	43011	43032	43032	43032	43032	43030	43032	42406	43032	43032	43032	43032	43032	43032	43032	43032	43032	43032	43032	43032	43032	43032	43032	43032	43032	43001	43032	43032	43032	43032	43032	43032	43032	43032	43032	43032	43032	43021	43010	43022	43023	43023	43022	43019	43020	42815	41872	43027	43027	43027	43028	41165	43026	42459	43027	43032	43012	43032	43031	43032	43032	43032	42803	43031	43032	43031	43032	43031	43031	43032	43032	43032	43032	43032	43032	43032	43032	43032	43032	43032	43025	43032	43032	43032	43032	43032	43032	43019	43031	43032	43031	43032	43032	43032	42939	43023	43024	43024	43012	43025	43024	43024	38145	40683	43031	43031	43031	43031	43031	43032	42514	43032	36402	43031	43032	43032	42695	43031	43032	43018	43031	43032	43031	41936	43032	43014	39739	43032	39753	42998	43032	43031	43032	43032	43029	43032	43032	43032	43032	43029	43032	43032	43032	43029	42971	43030	42907	43029	42832	43029	42950
QUI2_LP_246_Du-634	38815	43014	42711	43014	43011	43013	42120	43017	43017	42830	43018	43014	43015	43014	43014	43014	43014	43024	43031	43026	43031	43024	43028	43024	43031	43024	43015	43029	43030	43030	43031	43030	43031	43030	43030	43031	42041	43031	43031	43031	43031	43031	43031	43031	43031	43031	43031	43031	43031	43031	43031	43031	43028	43028	43031	43028	43019	43019	43017	42735	42491	43019	43018	42409	43027	43026	43026	43027	43004	43026	42923	43019	43027	43026	43014	43022	43024	43024	43027	42473	43026	43012	41641	42792	42689	41084	43026	43027	43026	43026	43008	42960	40261	43018	43018	42843	42842	42843	42873	42843	42910	43031	43031	43031	43024	43031	43031	43031	43024	43031	43031	43031	43031	43027	43031	43027	43027	43031	42845	42893	43010	43031	43031	43031	43031	43029	43031	42405	43031	43031	43031	43031	43031	43031	43031	43031	43031	43031	43031	43031	43031	43031	43031	43031	43031	43000	43031	43031	43031	43031	43031	43031	43031	43031	43031	43031	43031	43021	43010	43021	43022	43022	43022	43019	43019	42815	41872	43027	43026	43026	43027	41165	43025	42459	43027	43031	43012	43031	43031	43031	43031	43031	42803	43031	43031	43031	43031	43031	43031	43031	43031	43031	43031	43031	43031	43031	43031	43031	43031	43031	43024	43031	43031	43031	43031	43031	43031	43019	43030	43031	43031	43031	43031	43031	42938	43023	43024	43024	43012	43024	43024	43024	38145	40683	43030	43030	43030	43030	43030	43031	42514	43031	36402	43031	43031	43031	42695	43030	43031	43018	43031	43031	43030	41936	43031	43013	39739	43031	39753	42998	43031	43031	43031	43031	43028	43031	43031	43031	43031	43028	43031	43031	43031	43028	42970	43029	42906	43028	42831	43028	42949
QUI2_LP_247_Du-635	38817	43015	42712	43015	43011	43014	42122	43019	43018	42831	43019	43017	43017	43015	43016	43015	43015	43025	43034	43029	43034	43027	43031	43027	43033	43026	43017	43032	43033	43033	43034	43033	43033	43031	43031	43034	42043	43034	43032	43033	43033	43033	43034	43033	43033	43033	43034	43034	43033	43034	43034	43034	43031	43030	43034	43031	43020	43021	43020	42736	42492	43021	43018	42411	43028	43027	43027	43028	43005	43027	42923	43019	43029	43028	43015	43023	43026	43025	43028	42474	43027	43014	41643	42794	42689	41085	43029	43030	43027	43028	43009	42960	40264	43018	43018	42844	42843	42846	42876	42844	42912	43033	43034	43034	43027	43034	43034	43034	43027	43034	43034	43034	43034	43030	43034	43030	43030	43034	42848	42896	43011	43033	43033	43033	43034	43032	43032	42408	43033	43034	43033	43033	43032	43032	43033	43033	43033	43033	43034	43033	43034	43033	43034	43034	43034	43002	43034	43034	43034	43034	43033	43033	43033	43033	43034	43034	43033	43021	43010	43023	43025	43024	43022	43019	43020	42815	41872	43027	43027	43027	43030	41167	43026	42459	43027	43033	43012	43032	43031	43034	43033	43033	42803	43031	43033	43031	43032	43031	43031	43033	43032	43034	43033	43034	43032	43033	43033	43034	43034	43034	43025	43034	43034	43034	43034	43034	43034	43020	43033	43034	43031	43032	43033	43032	42940	43024	43025	43025	43013	43025	43025	43026	38147	40684	43032	43033	43032	43033	43033	43032	42516	43033	36404	43032	43032	43032	42696	43031	43033	43018	43031	43032	43031	41937	43034	43014	39741	43032	39755	43000	43032	43033	43034	43032	43030	43034	43034	43034	43034	43031	43034	43034	43032	43030	42973	43031	42909	43029	42834	43030	42952
QUI2_LP_248_Du-636	38816	43015	42711	43015	43011	43014	42121	43019	43018	42831	43019	43016	43017	43015	43016	43015	43015	43025	43033	43028	43033	43026	43030	43026	43033	43025	43016	43031	43032	43032	43033	43032	43033	43031	43031	43033	42043	43033	43032	43033	43033	43033	43033	43033	43032	43033	43033	43033	43033	43033	43033	43033	43030	43030	43033	43030	43020	43021	43019	42736	42491	43021	43018	42410	43028	43027	43027	43028	43005	43027	42923	43019	43029	43028	43015	43023	43026	43025	43028	42473	43027	43013	41642	42793	42689	41084	43028	43029	43027	43028	43009	42960	40263	43018	43018	42844	42842	42845	42875	42844	42911	43033	43033	43033	43026	43033	43033	43033	43026	43033	43033	43033	43033	43029	43033	43029	43029	43033	42847	42895	43011	43033	43033	43033	43033	43031	43032	42407	43033	43033	43033	43033	43032	43032	43033	43032	43033	43032	43033	43032	43033	43032	43033	43033	43033	43002	43033	43033	43033	43033	43033	43033	43033	43033	43033	43033	43033	43021	43010	43022	43024	43024	43022	43019	43020	42815	41872	43027	43027	43027	43029	41166	43026	42459	43027	43033	43012	43032	43031	43033	43033	43033	42803	43031	43033	43031	43032	43031	43031	43033	43032	43033	43033	43033	43032	43033	43033	43033	43033	43033	43025	43033	43033	43033	43033	43033	43033	43020	43032	43033	43031	43032	43033	43032	42940	43024	43025	43025	43012	43025	43025	43025	38146	40684	43032	43032	43032	43032	43032	43032	42515	43033	36403	43032	43032	43032	42696	43031	43033	43018	43031	43032	43031	41937	43033	43014	39740	43032	39754	42999	43032	43032	43033	43032	43030	43033	43033	43033	43033	43030	43033	43033	43032	43029	42972	43031	42908	43029	42833	43030	42951
QUI2_LP_337_Du-638	38816	43015	42711	43015	43011	43014	42121	43019	43018	42831	43019	43016	43017	43015	43016	43015	43015	43025	43033	43028	43033	43026	43030	43026	43033	43025	43016	43031	43032	43032	43033	43032	43033	43031	43031	43033	42043	43033	43032	43033	43033	43033	43033	43033	43032	43033	43033	43033	43033	43033	43033	43033	43030	43030	43033	43030	43020	43021	43019	42736	42491	43021	43018	42410	43028	43027	43027	43028	43005	43027	42923	43019	43029	43028	43015	43023	43026	43025	43028	42473	43027	43013	41642	42793	42689	41084	43028	43029	43027	43028	43009	42960	40263	43018	43018	42844	42842	42845	42875	42844	42911	43033	43033	43033	43026	43033	43033	43033	43026	43033	43033	43033	43033	43029	43033	43029	43029	43033	42847	42895	43011	43033	43033	43033	43033	43031	43032	42407	43033	43033	43033	43033	43032	43032	43033	43032	43033	43032	43033	43032	43033	43032	43033	43033	43033	43002	43033	43033	43033	43033	43033	43033	43033	43033	43033	43033	43033	43021	43010	43022	43024	43024	43022	43019	43020	42815	41872	43027	43027	43027	43029	41166	43026	42459	43027	43033	43012	43032	43031	43033	43033	43033	42803	43031	43033	43031	43032	43031	43031	43033	43032	43033	43033	43033	43032	43033	43033	43033	43033	43033	43025	43033	43033	43033	43033	43033	43033	43020	43032	43033	43031	43032	43033	43032	42940	43024	43025	43025	43012	43025	43025	43025	38146	40684	43032	43032	43032	43032	43032	43032	42515	43033	36403	43032	43032	43032	42696	43031	43033	43018	43031	43032	43031	41937	43033	43014	39740	43032	39754	42999	43032	43032	43033	43032	43030	43033	43033	43033	43033	43030	43033	43033	43032	43029	42972	43031	42908	43029	42833	43030	42951
QUI2_LP_338_Du-639	38612	42786	42483	42786	42783	42785	41897	42789	42789	42602	42790	42786	42787	42786	42786	42786	42786	42796	42803	42798	42803	42796	42800	42796	42803	42796	42787	42801	42802	42802	42803	42802	42803	42802	42802	42803	41820	42803	42803	42803	42803	42803	42803	42803	42803	42803	42803	42803	42803	42803	42803	42803	42800	42800	42803	42800	42791	42791	42789	42507	42264	42791	42790	42182	42799	42798	42798	42799	42776	42798	42695	42791	42799	42798	42786	42794	42796	42796	42799	42245	42798	42784	41417	42590	42461	40879	42798	42799	42798	42798	42780	42732	40066	42790	42790	42615	42614	42615	42645	42615	42682	42803	42803	42803	42796	42803	42803	42803	42796	42803	42803	42803	42803	42799	42803	42799	42799	42803	42617	42665	42782	42803	42803	42803	42803	42801	42803	42186	42803	42803	42803	42803	42803	42803	42803	42803	42803	42803	42803	42803	42803	42803	42803	42803	42803	42772	42803	42803	42803	42803	42803	42803	42803	42803	42803	42803	42803	42793	42782	42793	42794	42794	42794	42791	42791	42591	41645	42799	42798	42798	42799	40938	42797	42242	42799	42803	42792	42803	42803	42803	42803	42803	42803	42803	42803	42803	42803	42803	42803	42803	42803	42803	42803	42803	42803	42803	42803	42803	42803	42803	42796	42803	42803	42803	42803	42803	42803	42791	42802	42803	42803	42803	42803	42803	42719	42795	42796	42796	42784	42796	42796	42796	37975	40491	42802	42802	42802	42802	42802	42803	42289	42803	36266	42803	42803	42803	42478	42802	42803	42790	42803	42803	42802	41711	42803	42785	39536	42803	39533	42770	42803	42803	42803	42803	42800	42803	42803	42803	42803	42800	42803	42803	42803	42800	42742	42801	42678	42800	42603	42800	42721
QUI2_LP_339_Du-640	38815	43014	42711	43014	43011	43013	42120	43017	43017	42830	43018	43014	43015	43014	43014	43014	43014	43024	43031	43026	43031	43024	43028	43024	43031	43024	43015	43029	43030	43030	43031	43030	43031	43030	43030	43031	42041	43031	43031	43031	43031	43031	43031	43031	43031	43031	43031	43031	43031	43031	43031	43031	43028	43028	43031	43028	43019	43019	43017	42735	42491	43019	43018	42409	43027	43026	43026	43027	43004	43026	42923	43019	43027	43026	43014	43022	43024	43024	43027	42473	43026	43012	41641	42792	42689	41084	43026	43027	43026	43026	43008	42960	40261	43018	43018	42843	42842	42843	42873	42843	42910	43031	43031	43031	43024	43031	43031	43031	43024	43031	43031	43031	43031	43027	43031	43027	43027	43031	42845	42893	43010	43031	43031	43031	43031	43029	43031	42405	43031	43031	43031	43031	43031	43031	43031	43031	43031	43031	43031	43031	43031	43031	43031	43031	43031	43000	43031	43031	43031	43031	43031	43031	43031	43031	43031	43031	43031	43021	43010	43021	43022	43022	43022	43019	43019	42815	41872	43027	43026	43026	43027	41165	43025	42459	43027	43031	43012	43031	43031	43031	43031	43031	42803	43031	43031	43031	43031	43031	43031	43031	43031	43031	43031	43031	43031	43031	43031	43031	43031	43031	43024	43031	43031	43031	43031	43031	43031	43019	43030	43031	43031	43031	43031	43031	42938	43023	43024	43024	43012	43024	43024	43024	38145	40683	43030	43030	43030	43030	43030	43031	42514	43031	36402	43031	43031	43031	42695	43030	43031	43018	43031	43031	43030	41936	43031	43013	39739	43031	39753	42998	43031	43031	43031	43031	43028	43031	43031	43031	43031	43028	43031	43031	43031	43028	42970	43029	42906	43028	42831	43028	42949
QUI2_LP_340_Du-641	38816	43015	42711	43015	43011	43014	42121	43019	43018	42831	43019	43016	43017	43015	43016	43015	43015	43025	43033	43028	43033	43026	43030	43026	43033	43025	43016	43031	43032	43032	43033	43032	43033	43031	43031	43033	42043	43033	43032	43033	43033	43033	43033	43033	43032	43033	43033	43033	43033	43033	43033	43033	43030	43030	43033	43030	43020	43021	43019	42736	42491	43021	43018	42410	43028	43027	43027	43028	43005	43027	42923	43019	43029	43028	43015	43023	43026	43025	43028	42473	43027	43013	41642	42793	42689	41084	43028	43029	43027	43028	43009	42960	40263	43018	43018	42844	42842	42845	42875	42844	42911	43033	43033	43033	43026	43033	43033	43033	43026	43033	43033	43033	43033	43029	43033	43029	43029	43033	42847	42895	43011	43033	43033	43033	43033	43031	43032	42407	43033	43033	43033	43033	43032	43032	43033	43032	43033	43032	43033	43032	43033	43032	43033	43033	43033	43002	43033	43033	43033	43033	43033	43033	43033	43033	43033	43033	43033	43021	43010	43022	43024	43024	43022	43019	43020	42815	41872	43027	43027	43027	43029	41166	43026	42459	43027	43033	43012	43032	43031	43033	43033	43033	42803	43031	43033	43031	43032	43031	43031	43033	43032	43033	43033	43033	43032	43033	43033	43033	43033	43033	43025	43033	43033	43033	43033	43033	43033	43020	43032	43033	43031	43032	43033	43032	42940	43024	43025	43025	43012	43025	43025	43025	38146	40684	43032	43032	43032	43032	43032	43032	42515	43033	36403	43032	43032	43032	42696	43031	43033	43018	43031	43032	43031	41937	43033	43014	39740	43032	39754	42999	43032	43032	43033	43032	43030	43033	43033	43033	43033	43030	43033	43033	43032	43029	42972	43031	42908	43029	42833	43030	42951
QUIN_LP_069_Du-155	38815	43014	42711	43014	43011	43013	42120	43017	43017	42830	43018	43014	43015	43014	43014	43014	43014	43024	43031	43026	43031	43024	43028	43024	43031	43024	43015	43029	43030	43030	43031	43030	43031	43030	43030	43031	42041	43031	43031	43031	43031	43031	43031	43031	43031	43031	43031	43031	43031	43031	43031	43031	43028	43028	43031	43028	43019	43019	43017	42735	42491	43019	43018	42409	43027	43026	43026	43027	43004	43026	42923	43019	43027	43026	43014	43022	43024	43024	43027	42473	43026	43012	41641	42792	42689	41084	43026	43027	43026	43026	43008	42960	40261	43018	43018	42843	42842	42843	42873	42843	42910	43031	43031	43031	43024	43031	43031	43031	43024	43031	43031	43031	43031	43027	43031	43027	43027	43031	42845	42893	43010	43031	43031	43031	43031	43029	43031	42405	43031	43031	43031	43031	43031	43031	43031	43031	43031	43031	43031	43031	43031	43031	43031	43031	43031	43000	43031	43031	43031	43031	43031	43031	43031	43031	43031	43031	43031	43021	43010	43021	43022	43022	43022	43019	43019	42815	41872	43027	43026	43026	43027	41165	43025	42459	43027	43031	43012	43031	43031	43031	43031	43031	42803	43031	43031	43031	43031	43031	43031	43031	43031	43031	43031	43031	43031	43031	43031	43031	43031	43031	43024	43031	43031	43031	43031	43031	43031	43019	43030	43031	43031	43031	43031	43031	42938	43023	43024	43024	43012	43024	43024	43024	38145	40683	43030	43030	43030	43030	43030	43031	42514	43031	36402	43031	43031	43031	42695	43030	43031	43018	43031	43031	43030	41936	43031	43013	39739	43031	39753	42998	43031	43031	43031	43031	43028	43031	43031	43031	43031	43028	43031	43031	43031	43028	42970	43029	42906	43028	42831	43028	42949
QUIN_LP_070_Du-156	38815	43015	42711	43015	43011	43014	42120	43018	43018	42831	43019	43015	43016	43015	43015	43015	43015	43025	43032	43027	43032	43025	43029	43025	43032	43024	43015	43030	43031	43031	43032	43031	43032	43031	43031	43032	42042	43032	43032	43032	43032	43032	43032	43032	43032	43032	43032	43032	43032	43032	43032	43032	43029	43029	43032	43029	43020	43020	43018	42736	42491	43020	43018	42409	43028	43027	43027	43028	43005	43027	42923	43019	43028	43027	43015	43023	43025	43025	43028	42473	43027	43012	41641	42792	42689	41084	43027	43028	43027	43027	43008	42960	40262	43018	43018	42843	42842	42844	42874	42844	42910	43032	43032	43032	43025	43032	43032	43032	43025	43032	43032	43032	43032	43028	43032	43028	43028	43032	42846	42894	43011	43032	43032	43032	43032	43030	43032	42406	43032	43032	43032	43032	43032	43032	43032	43032	43032	43032	43032	43032	43032	43032	43032	43032	43032	43001	43032	43032	43032	43032	43032	43032	43032	43032	43032	43032	43032	43021	43010	43022	43023	43023	43022	43019	43020	42815	41872	43027	43027	43027	43028	41165	43026	42459	43027	43032	43012	43032	43031	43032	43032	43032	42803	43031	43032	43031	43032	43031	43031	43032	43032	43032	43032	43032	43032	43032	43032	43032	43032	43032	43025	43032	43032	43032	43032	43032	43032	43019	43031	43032	43031	43032	43032	43032	42939	43023	43024	43024	43012	43025	43024	43024	38145	40683	43031	43031	43031	43031	43031	43032	42514	43032	36402	43031	43032	43032	42695	43031	43032	43018	43031	43032	43031	41936	43032	43014	39739	43032	39753	42998	43032	43031	43032	43032	43029	43032	43032	43032	43032	43029	43032	43032	43032	43029	42971	43030	42907	43029	42832	43029	42950
QUIN_LP_071_Du-157	38815	43014	42711	43014	43011	43013	42120	43017	43017	42830	43018	43014	43015	43014	43014	43014	43014	43024	43031	43026	43031	43024	43028	43024	43031	43024	43015	43029	43030	43030	43031	43030	43031	43030	43030	43031	42041	43031	43031	43031	43031	43031	43031	43031	43031	43031	43031	43031	43031	43031	43031	43031	43028	43028	43031	43028	43019	43019	43017	42735	42491	43019	43018	42409	43027	43026	43026	43027	43004	43026	42923	43019	43027	43026	43014	43022	43024	43024	43027	42473	43026	43012	41641	42792	42689	41084	43026	43027	43026	43026	43008	42960	40261	43018	43018	42843	42842	42843	42873	42843	42910	43031	43031	43031	43024	43031	43031	43031	43024	43031	43031	43031	43031	43027	43031	43027	43027	43031	42845	42893	43010	43031	43031	43031	43031	43029	43031	42405	43031	43031	43031	43031	43031	43031	43031	43031	43031	43031	43031	43031	43031	43031	43031	43031	43031	43000	43031	43031	43031	43031	43031	43031	43031	43031	43031	43031	43031	43021	43010	43021	43022	43022	43022	43019	43019	42815	41872	43027	43026	43026	43027	41165	43025	42459	43027	43031	43012	43031	43031	43031	43031	43031	42803	43031	43031	43031	43031	43031	43031	43031	43031	43031	43031	43031	43031	43031	43031	43031	43031	43031	43024	43031	43031	43031	43031	43031	43031	43019	43030	43031	43031	43031	43031	43031	42938	43023	43024	43024	43012	43024	43024	43024	38145	40683	43030	43030	43030	43030	43030	43031	42514	43031	36402	43031	43031	43031	42695	43030	43031	43018	43031	43031	43030	41936	43031	43013	39739	43031	39753	42998	43031	43031	43031	43031	43028	43031	43031	43031	43031	43028	43031	43031	43031	43028	42970	43029	42906	43028	42831	43028	42949
QUIN_LP_072_Du-158	38815	43014	42711	43014	43011	43013	42120	43017	43017	42830	43018	43014	43015	43014	43014	43014	43014	43024	43031	43026	43031	43024	43028	43024	43031	43024	43015	43029	43030	43030	43031	43030	43031	43030	43030	43031	42041	43031	43031	43031	43031	43031	43031	43031	43031	43031	43031	43031	43031	43031	43031	43031	43028	43028	43031	43028	43019	43019	43017	42735	42491	43019	43018	42409	43027	43026	43026	43027	43004	43026	42923	43019	43027	43026	43014	43022	43024	43024	43027	42473	43026	43012	41641	42792	42689	41084	43026	43027	43026	43026	43008	42960	40261	43018	43018	42843	42842	42843	42873	42843	42910	43031	43031	43031	43024	43031	43031	43031	43024	43031	43031	43031	43031	43027	43031	43027	43027	43031	42845	42893	43010	43031	43031	43031	43031	43029	43031	42405	43031	43031	43031	43031	43031	43031	43031	43031	43031	43031	43031	43031	43031	43031	43031	43031	43031	43000	43031	43031	43031	43031	43031	43031	43031	43031	43031	43031	43031	43021	43010	43021	43022	43022	43022	43019	43019	42815	41872	43027	43026	43026	43027	41165	43025	42459	43027	43031	43012	43031	43031	43031	43031	43031	42803	43031	43031	43031	43031	43031	43031	43031	43031	43031	43031	43031	43031	43031	43031	43031	43031	43031	43024	43031	43031	43031	43031	43031	43031	43019	43030	43031	43031	43031	43031	43031	42938	43023	43024	43024	43012	43024	43024	43024	38145	40683	43030	43030	43030	43030	43030	43031	42514	43031	36402	43031	43031	43031	42695	43030	43031	43018	43031	43031	43030	41936	43031	43013	39739	43031	39753	42998	43031	43031	43031	43031	43028	43031	43031	43031	43031	43028	43031	43031	43031	43028	42970	43029	42906	43028	42831	43028	42949
QUIN_LP_073_Du-159	38816	43015	42711	43015	43011	43014	42121	43019	43018	42831	43019	43016	43017	43015	43016	43015	43015	43025	43033	43028	43033	43026	43030	43026	43033	43025	43016	43031	43032	43032	43033	43032	43033	43031	43031	43033	42043	43033	43032	43033	43033	43033	43033	43033	43032	43033	43033	43033	43033	43033	43033	43033	43030	43030	43033	43030	43020	43021	43019	42736	42491	43021	43018	42410	43028	43027	43027	43028	43005	43027	42923	43019	43029	43028	43015	43023	43026	43025	43028	42473	43027	43013	41642	42793	42689	41084	43028	43029	43027	43028	43009	42960	40263	43018	43018	42844	42842	42845	42875	42844	42911	43033	43033	43033	43026	43033	43033	43033	43026	43033	43033	43033	43033	43029	43033	43029	43029	43033	42847	42895	43011	43033	43033	43033	43033	43031	43032	42407	43033	43033	43033	43033	43032	43032	43033	43032	43033	43032	43033	43032	43033	43032	43033	43033	43033	43002	43033	43033	43033	43033	43033	43033	43033	43033	43033	43033	43033	43021	43010	43022	43024	43024	43022	43019	43020	42815	41872	43027	43027	43027	43029	41166	43026	42459	43027	43033	43012	43032	43031	43033	43033	43033	42803	43031	43033	43031	43032	43031	43031	43033	43032	43033	43033	43033	43032	43033	43033	43033	43033	43033	43025	43033	43033	43033	43033	43033	43033	43020	43032	43033	43031	43032	43033	43032	42940	43024	43025	43025	43012	43025	43025	43025	38146	40684	43032	43032	43032	43032	43032	43032	42515	43033	36403	43032	43032	43032	42696	43031	43033	43018	43031	43032	43031	41937	43033	43014	39740	43032	39754	42999	43032	43032	43033	43032	43030	43033	43033	43033	43033	43030	43033	43033	43032	43029	42972	43031	42908	43029	42833	43030	42951
QUIN_LP_074_Du-160	38815	43015	42711	43015	43011	43014	42120	43018	43018	42831	43019	43015	43016	43015	43015	43015	43015	43025	43032	43027	43032	43025	43029	43025	43032	43024	43015	43030	43031	43031	43032	43031	43032	43031	43031	43032	42042	43032	43032	43032	43032	43032	43032	43032	43032	43032	43032	43032	43032	43032	43032	43032	43029	43029	43032	43029	43020	43020	43018	42736	42491	43020	43018	42409	43028	43027	43027	43028	43005	43027	42923	43019	43028	43027	43015	43023	43025	43025	43028	42473	43027	43012	41641	42792	42689	41084	43027	43028	43027	43027	43008	42960	40262	43018	43018	42843	42842	42844	42874	42844	42910	43032	43032	43032	43025	43032	43032	43032	43025	43032	43032	43032	43032	43028	43032	43028	43028	43032	42846	42894	43011	43032	43032	43032	43032	43030	43032	42406	43032	43032	43032	43032	43032	43032	43032	43032	43032	43032	43032	43032	43032	43032	43032	43032	43032	43001	43032	43032	43032	43032	43032	43032	43032	43032	43032	43032	43032	43021	43010	43022	43023	43023	43022	43019	43020	42815	41872	43027	43027	43027	43028	41165	43026	42459	43027	43032	43012	43032	43031	43032	43032	43032	42803	43031	43032	43031	43032	43031	43031	43032	43032	43032	43032	43032	43032	43032	43032	43032	43032	43032	43025	43032	43032	43032	43032	43032	43032	43019	43031	43032	43031	43032	43032	43032	42939	43023	43024	43024	43012	43025	43024	43024	38145	40683	43031	43031	43031	43031	43031	43032	42514	43032	36402	43031	43032	43032	42695	43031	43032	43018	43031	43032	43031	41936	43032	43014	39739	43032	39753	42998	43032	43031	43032	43032	43029	43032	43032	43032	43032	43029	43032	43032	43032	43029	42971	43030	42907	43029	42832	43029	42950
QUIN_LP_075_Du-161	38820	43015	42715	43015	43011	43014	42122	43019	43018	42834	43019	43020	43020	43015	43016	43015	43015	43027	43037	43032	43037	43030	43034	43030	43036	43026	43020	43035	43033	43036	43037	43034	43033	43031	43031	43034	42044	43037	43032	43033	43036	43033	43037	43036	43033	43033	43037	43037	43036	43037	43037	43037	43034	43030	43037	43031	43020	43021	43023	42736	42495	43021	43018	42414	43028	43027	43027	43028	43005	43027	42923	43019	43029	43028	43015	43023	43026	43025	43028	42477	43027	43014	41646	42794	42689	41086	43032	43033	43027	43028	43012	42963	40267	43018	43021	42847	42843	42849	42879	42844	42915	43033	43037	43037	43030	43037	43037	43037	43030	43037	43037	43037	43037	43033	43037	43033	43033	43037	42851	42899	43011	43033	43033	43033	43034	43035	43032	42411	43036	43034	43033	43034	43032	43035	43033	43033	43033	43036	43034	43036	43036	43036	43037	43037	43037	43004	43037	43037	43037	43037	43036	43036	43036	43036	43037	43037	43036	43024	43010	43023	43025	43024	43022	43019	43020	42816	41875	43027	43027	43027	43030	41167	43026	42459	43027	43033	43012	43032	43031	43034	43033	43033	42803	43031	43033	43031	43032	43031	43031	43033	43032	43037	43036	43037	43035	43034	43033	43037	43037	43037	43025	43037	43037	43037	43037	43037	43037	43020	43036	43037	43031	43032	43033	43032	42943	43027	43028	43025	43013	43025	43026	43026	38149	40684	43032	43036	43032	43036	43036	43032	42517	43036	36407	43032	43032	43032	42696	43031	43033	43019	43032	43035	43031	41937	43037	43014	39742	43032	39758	43002	43032	43033	43034	43032	43033	43037	43037	43037	43037	43034	43035	43037	43032	43031	42974	43034	42912	43029	42837	43030	42955
QUIN_LP_076_Du-162	38819	43015	42714	43015	43011	43014	42121	43019	43018	42834	43019	43019	43020	43015	43016	43015	43015	43027	43036	43031	43036	43029	43033	43029	43036	43025	43019	43034	43032	43035	43036	43033	43033	43031	43031	43033	42044	43036	43032	43033	43036	43033	43036	43036	43032	43033	43036	43036	43036	43036	43036	43036	43033	43030	43036	43030	43020	43021	43022	42736	42494	43021	43018	42413	43028	43027	43027	43028	43005	43027	42923	43019	43029	43028	43015	43023	43026	43025	43028	42476	43027	43013	41645	42793	42689	41085	43031	43032	43027	43028	43012	42963	40266	43018	43021	42847	42842	42848	42878	42844	42914	43033	43036	43036	43029	43036	43036	43036	43029	43036	43036	43036	43036	43032	43036	43032	43032	43036	42850	42898	43011	43033	43033	43033	43033	43034	43032	42410	43036	43033	43033	43034	43032	43035	43033	43032	43033	43035	43033	43035	43035	43035	43036	43036	43036	43004	43036	43036	43036	43036	43036	43036	43036	43036	43036	43036	43036	43024	43010	43022	43024	43024	43022	43019	43020	42816	41875	43027	43027	43027	43029	41166	43026	42459	43027	43033	43012	43032	43031	43033	43033	43033	42803	43031	43033	43031	43032	43031	43031	43033	43032	43036	43036	43036	43035	43034	43033	43036	43036	43036	43025	43036	43036	43036	43036	43036	43036	43020	43035	43036	43031	43032	43033	43032	42943	43027	43028	43025	43012	43025	43026	43025	38148	40684	43032	43035	43032	43035	43035	43032	42516	43036	36406	43032	43032	43032	42696	43031	43033	43019	43032	43035	43031	41937	43036	43014	39741	43032	39757	43001	43032	43032	43033	43032	43033	43036	43036	43036	43036	43033	43034	43036	43032	43030	42973	43034	42911	43029	42836	43030	42954
QUIN_LP_077_Du-163	38824	43019	42719	43019	43015	43018	42126	43023	43022	42838	43023	43024	43024	43019	43020	43019	43019	43031	43041	43036	43041	43034	43038	43034	43040	43030	43024	43039	43037	43040	43041	43038	43037	43035	43035	43038	42048	43041	43036	43037	43040	43037	43041	43040	43037	43037	43041	43041	43040	43041	43041	43041	43038	43034	43041	43035	43024	43025	43027	42740	42499	43025	43022	42418	43032	43031	43031	43032	43009	43031	42927	43023	43033	43032	43019	43027	43030	43029	43032	42481	43031	43018	41650	42798	42693	41090	43036	43037	43031	43032	43016	42967	40271	43022	43025	42851	42847	42853	42883	42848	42919	43037	43041	43041	43034	43041	43041	43041	43034	43041	43041	43041	43041	43037	43041	43037	43037	43041	42855	42903	43015	43037	43037	43037	43038	43039	43036	42415	43040	43038	43037	43038	43036	43039	43037	43037	43037	43040	43038	43040	43040	43040	43041	43041	43041	43008	43041	43041	43041	43041	43040	43040	43040	43040	43041	43041	43040	43028	43014	43027	43029	43028	43026	43023	43024	42820	41879	43031	43031	43031	43034	41171	43030	42463	43031	43033	43012	43032	43031	43034	43033	43033	42803	43031	43033	43031	43032	43031	43031	43033	43032	43037	43036	43041	43035	43038	43037	43041	43041	43041	43029	43041	43041	43041	43041	43038	43039	43020	43036	43037	43031	43032	43033	43032	42947	43031	43032	43029	43017	43029	43030	43030	38153	40688	43036	43040	43036	43040	43040	43036	42517	43036	36407	43032	43032	43032	42696	43031	43033	43019	43032	43035	43031	41937	43039	43014	39742	43032	39758	43002	43032	43033	43034	43032	43037	43041	43041	43041	43041	43038	43039	43041	43036	43035	42978	43038	42916	43033	42841	43034	42959
QUIN_LP_318_Du-164	38818	43015	42714	43015	43011	43014	42120	43018	43018	42834	43019	43018	43019	43015	43015	43015	43015	43027	43035	43030	43035	43028	43032	43028	43035	43024	43018	43033	43031	43034	43035	43032	43032	43031	43031	43032	42043	43035	43032	43032	43035	43032	43035	43035	43032	43032	43035	43035	43035	43035	43035	43035	43032	43029	43035	43029	43020	43020	43021	42736	42494	43020	43018	42412	43028	43027	43027	43028	43005	43027	42923	43019	43028	43027	43015	43023	43025	43025	43028	42476	43027	43012	41644	42792	42689	41085	43030	43031	43027	43027	43011	42963	40265	43018	43021	42846	42842	42847	42877	42844	42913	43032	43035	43035	43028	43035	43035	43035	43028	43035	43035	43035	43035	43031	43035	43031	43031	43035	42849	42897	43011	43032	43032	43032	43032	43033	43032	42409	43035	43032	43032	43033	43032	43035	43032	43032	43032	43035	43032	43035	43034	43035	43035	43035	43035	43003	43035	43035	43035	43035	43035	43035	43035	43035	43035	43035	43035	43024	43010	43022	43023	43023	43022	43019	43020	42816	41875	43027	43027	43027	43028	41165	43026	42459	43027	43032	43012	43032	43031	43032	43032	43032	42803	43031	43032	43031	43032	43031	43031	43032	43032	43035	43035	43035	43035	43033	43032	43035	43035	43035	43025	43035	43035	43035	43035	43035	43035	43019	43034	43035	43031	43032	43032	43032	42942	43026	43027	43024	43012	43025	43025	43024	38147	40683	43031	43034	43031	43034	43034	43032	42515	43035	36405	43031	43032	43032	42695	43031	43032	43019	43032	43035	43031	41936	43035	43014	39740	43032	39756	43000	43032	43031	43032	43032	43032	43035	43035	43035	43035	43032	43033	43035	43032	43030	42972	43033	42910	43029	42835	43029	42953
RIC_LP_192_Du-521	38960	43159	42856	43159	43155	43158	42259	43163	43162	42976	43163	43161	43162	43159	43160	43159	43159	43170	43178	43173	43178	43171	43175	43171	43178	43169	43161	43177	43177	43178	43179	43177	43178	43176	43176	43178	42189	43179	43177	43178	43179	43178	43179	43179	43177	43178	43179	43179	43179	43179	43179	43179	43176	43175	43179	43175	43164	43165	43164	42879	42635	43165	43162	42555	43172	43171	43171	43172	43149	43171	43067	43163	43173	43172	43159	43167	43170	43169	43172	42615	43171	43157	41786	42936	42832	41225	43173	43174	43171	43172	43154	43105	40408	43162	43163	42990	42987	42991	43021	42989	43056	43177	43178	43178	43171	43178	43178	43038	43171	43179	43179	43167	43179	43174	43179	43174	43174	43167	42993	43041	43156	43178	43178	43178	43178	43177	43177	42553	43179	43178	43178	43179	43177	43178	43178	43177	43178	43178	43178	43178	43179	43178	43179	43179	43179	43129	43179	43179	43179	43179	43179	43179	43179	43179	43179	43179	43179	43165	43153	43165	43167	43167	43165	43162	43163	42958	42016	43171	43171	43171	43173	41310	43170	42603	43171	43033	43012	43032	43031	43033	43033	43033	42803	43031	43033	43031	43032	43031	43031	43033	43032	43034	43034	43038	43033	43179	43178	43179	43179	43179	43169	43179	43179	43179	43179	43164	43165	43149	43162	43163	43160	43161	43162	43161	43085	43169	43170	43169	43156	43169	43169	43169	38291	40827	43177	43178	43177	43178	43178	43177	42644	43163	36533	43161	43161	43161	42825	43160	43162	43148	43160	43162	43160	42066	43165	43143	39869	43165	39867	43129	43161	43161	43162	43161	43176	43179	43179	43179	43179	43176	43178	43179	43177	43174	43117	43177	43054	43174	42979	43175	43097
RIC_LP_193_Du-522	38959	43159	42855	43159	43155	43158	42259	43163	43162	42975	43163	43160	43161	43159	43160	43159	43159	43169	43177	43172	43177	43170	43174	43170	43177	43169	43160	43176	43177	43177	43178	43177	43178	43176	43176	43178	42188	43178	43177	43178	43178	43178	43178	43178	43177	43178	43178	43178	43178	43178	43178	43178	43175	43175	43178	43175	43164	43165	43163	42879	42634	43165	43162	42554	43172	43171	43171	43172	43149	43171	43067	43163	43173	43172	43159	43167	43170	43169	43172	42614	43171	43157	41785	42936	42832	41225	43172	43173	43171	43172	43153	43104	40407	43162	43162	42989	42987	42990	43020	42989	43055	43177	43177	43177	43170	43177	43177	43037	43170	43178	43178	43166	43178	43173	43178	43173	43173	43166	42992	43040	43156	43178	43178	43178	43178	43176	43177	42552	43178	43178	43178	43178	43177	43177	43178	43177	43178	43177	43178	43177	43178	43177	43178	43178	43178	43128	43178	43178	43178	43178	43178	43178	43178	43178	43178	43178	43178	43164	43153	43165	43167	43167	43165	43162	43163	42958	42015	43171	43171	43171	43173	41310	43170	42603	43171	43033	43012	43032	43031	43033	43033	43033	42803	43031	43033	43031	43032	43031	43031	43033	43032	43033	43033	43037	43032	43178	43178	43178	43178	43178	43169	43178	43178	43178	43178	43163	43164	43149	43161	43162	43160	43161	43162	43161	43084	43168	43169	43169	43156	43169	43169	43169	38290	40827	43177	43177	43177	43177	43177	43177	42644	43162	36532	43161	43161	43161	42825	43160	43162	43147	43160	43161	43160	42066	43164	43143	39869	43165	39866	43128	43161	43161	43162	43161	43175	43178	43178	43178	43178	43175	43178	43178	43177	43174	43117	43176	43053	43174	42978	43175	43096
RIC_LP_194_Du-523	38963	43159	42859	43159	43155	43158	42260	43163	43162	42978	43163	43164	43164	43159	43160	43159	43159	43171	43181	43176	43181	43174	43178	43174	43180	43170	43164	43180	43178	43181	43182	43179	43178	43176	43176	43179	42189	43182	43177	43178	43181	43178	43182	43181	43178	43178	43182	43182	43181	43182	43182	43182	43179	43175	43182	43176	43164	43165	43167	42879	42638	43165	43162	42558	43172	43171	43171	43172	43149	43171	43067	43163	43173	43172	43159	43167	43170	43169	43172	42618	43171	43158	41789	42937	42832	41227	43176	43177	43171	43172	43156	43107	40411	43162	43165	42992	42988	42994	43024	42989	43059	43177	43181	43181	43174	43181	43181	43041	43174	43182	43182	43170	43182	43177	43182	43177	43177	43170	42996	43044	43156	43178	43178	43178	43179	43180	43177	42556	43181	43179	43178	43179	43177	43180	43178	43178	43178	43181	43179	43181	43181	43181	43182	43182	43182	43130	43182	43182	43182	43182	43181	43181	43181	43181	43182	43182	43181	43167	43153	43166	43168	43167	43165	43162	43163	42959	42018	43171	43171	43171	43174	41311	43170	42603	43171	43033	43012	43032	43031	43034	43033	43033	42803	43031	43033	43031	43032	43031	43031	43033	43032	43037	43036	43041	43035	43179	43178	43182	43182	43182	43169	43182	43182	43182	43182	43167	43168	43149	43165	43166	43160	43161	43162	43161	43087	43171	43172	43169	43157	43169	43170	43170	38293	40827	43177	43181	43177	43181	43181	43177	42646	43165	36536	43161	43161	43161	42825	43160	43162	43148	43161	43164	43160	42066	43168	43143	39871	43165	39870	43131	43161	43162	43163	43161	43178	43182	43182	43182	43182	43179	43180	43182	43177	43176	43119	43179	43057	43174	42982	43175	43100
RIC_LP_195_Du-524	38963	43159	42859	43159	43155	43158	42260	43163	43162	42978	43163	43164	43164	43159	43160	43159	43159	43171	43181	43176	43181	43174	43178	43174	43180	43170	43164	43180	43178	43181	43182	43179	43178	43176	43176	43179	42189	43182	43177	43178	43181	43178	43182	43181	43178	43178	43182	43182	43181	43182	43182	43182	43179	43175	43182	43176	43164	43165	43167	42879	42638	43165	43162	42558	43172	43171	43171	43172	43149	43171	43067	43163	43173	43172	43159	43167	43170	43169	43172	42618	43171	43158	41789	42937	42832	41227	43176	43177	43171	43172	43156	43107	40411	43162	43165	42992	42988	42994	43024	42989	43059	43177	43181	43181	43174	43181	43181	43041	43174	43182	43182	43170	43182	43177	43182	43177	43177	43170	42996	43044	43156	43178	43178	43178	43179	43180	43177	42556	43181	43179	43178	43179	43177	43180	43178	43178	43178	43181	43179	43181	43181	43181	43182	43182	43182	43130	43182	43182	43182	43182	43181	43181	43181	43181	43182	43182	43181	43167	43153	43166	43168	43167	43165	43162	43163	42959	42018	43171	43171	43171	43174	41311	43170	42603	43171	43033	43012	43032	43031	43034	43033	43033	42803	43031	43033	43031	43032	43031	43031	43033	43032	43037	43036	43041	43035	43179	43178	43182	43182	43182	43169	43182	43182	43182	43182	43167	43168	43149	43165	43166	43160	43161	43162	43161	43087	43171	43172	43169	43157	43169	43170	43170	38293	40827	43177	43181	43177	43181	43181	43177	42646	43165	36536	43161	43161	43161	42825	43160	43162	43148	43161	43164	43160	42066	43168	43143	39871	43165	39870	43131	43161	43162	43163	43161	43178	43182	43182	43182	43182	43179	43180	43182	43177	43176	43119	43179	43057	43174	42982	43175	43100
RIC_LP_196_Du-525	38963	43159	42859	43159	43155	43158	42260	43163	43162	42978	43163	43164	43164	43159	43160	43159	43159	43171	43181	43176	43181	43174	43178	43174	43180	43170	43164	43180	43178	43181	43182	43179	43178	43176	43176	43179	42189	43182	43177	43178	43181	43178	43182	43181	43178	43178	43182	43182	43181	43182	43182	43182	43179	43175	43182	43176	43164	43165	43167	42879	42638	43165	43162	42558	43172	43171	43171	43172	43149	43171	43067	43163	43173	43172	43159	43167	43170	43169	43172	42618	43171	43158	41789	42937	42832	41227	43176	43177	43171	43172	43156	43107	40411	43162	43165	42992	42988	42994	43024	42989	43059	43177	43181	43181	43174	43181	43181	43041	43174	43182	43182	43170	43182	43177	43182	43177	43177	43170	42996	43044	43156	43178	43178	43178	43179	43180	43177	42556	43181	43179	43178	43179	43177	43180	43178	43178	43178	43181	43179	43181	43181	43181	43182	43182	43182	43130	43182	43182	43182	43182	43181	43181	43181	43181	43182	43182	43181	43167	43153	43166	43168	43167	43165	43162	43163	42959	42018	43171	43171	43171	43174	41311	43170	42603	43171	43033	43012	43032	43031	43034	43033	43033	42803	43031	43033	43031	43032	43031	43031	43033	43032	43037	43036	43041	43035	43179	43178	43182	43182	43182	43169	43182	43182	43182	43182	43167	43168	43149	43165	43166	43160	43161	43162	43161	43087	43171	43172	43169	43157	43169	43170	43170	38293	40827	43177	43181	43177	43181	43181	43177	42646	43165	36536	43161	43161	43161	42825	43160	43162	43148	43161	43164	43160	42066	43168	43143	39871	43165	39870	43131	43161	43162	43163	43161	43178	43182	43182	43182	43182	43179	43180	43182	43177	43176	43119	43179	43057	43174	42982	43175	43100
RIC_LP_197_Du-526	38953	43153	42849	43153	43150	43153	42253	43157	43157	42969	43157	43154	43155	43154	43154	43153	43154	43162	43169	43164	43169	43162	43166	43162	43169	43161	43152	43167	43168	43168	43169	43168	43169	43168	43168	43169	42180	43169	43169	43169	43169	43169	43169	43169	43169	43169	43169	43169	43169	43169	43169	43169	43166	43166	43169	43166	43158	43158	43156	42873	42628	43158	43156	42547	43166	43165	43165	43166	43144	43165	43061	43157	43166	43165	43154	43162	43164	43164	43166	42608	43165	43150	41779	42929	42826	41219	43165	43166	43165	43165	43147	43098	40400	43156	43156	42980	42979	42981	43011	42981	43047	43169	43169	43169	43162	43169	43169	43029	43162	43169	43169	43158	43169	43166	43169	43166	43166	43158	42983	43031	43148	43169	43169	43169	43169	43167	43169	42543	43169	43169	43169	43169	43169	43169	43169	43169	43169	43169	43169	43169	43169	43169	43169	43169	43169	43119	43169	43169	43169	43169	43169	43169	43169	43169	43169	43169	43169	43158	43147	43159	43160	43160	43159	43156	43157	42952	42009	43165	43165	43165	43166	41303	43164	42597	43165	43025	43005	43025	43024	43025	43025	43025	42796	43024	43025	43024	43025	43024	43024	43025	43025	43025	43025	43029	43025	43169	43169	43169	43169	43169	43169	43169	43169	43169	43169	43155	43156	43141	43153	43154	43153	43154	43154	43154	43076	43160	43161	43161	43149	43162	43161	43161	38282	40819	43168	43168	43168	43168	43168	43169	42636	43154	36524	43153	43154	43154	42817	43153	43154	43140	43153	43154	43153	42059	43156	43136	39861	43158	39858	43120	43154	43153	43154	43154	43166	43169	43169	43169	43169	43166	43169	43169	43169	43166	43108	43167	43044	43166	42969	43166	43087
RIC_LP_198_Du-527	38963	43159	42859	43159	43155	43158	42260	43163	43162	42978	43163	43164	43164	43159	43160	43159	43159	43171	43181	43176	43181	43174	43178	43174	43180	43170	43164	43180	43178	43181	43182	43179	43178	43176	43176	43179	42189	43182	43177	43178	43181	43178	43182	43181	43178	43178	43182	43182	43181	43182	43182	43182	43179	43175	43182	43176	43164	43165	43167	42879	42638	43165	43162	42558	43172	43171	43171	43172	43149	43171	43067	43163	43173	43172	43159	43167	43170	43169	43172	42618	43171	43158	41789	42937	42832	41227	43176	43177	43171	43172	43156	43107	40411	43162	43165	42992	42988	42994	43024	42989	43059	43177	43181	43181	43174	43181	43181	43041	43174	43182	43182	43170	43182	43177	43182	43177	43177	43170	42996	43044	43156	43178	43178	43178	43179	43180	43177	42556	43181	43179	43178	43179	43177	43180	43178	43178	43178	43181	43179	43181	43181	43181	43182	43182	43182	43130	43182	43182	43182	43182	43181	43181	43181	43181	43182	43182	43181	43167	43153	43166	43168	43167	43165	43162	43163	42959	42018	43171	43171	43171	43174	41311	43170	42603	43171	43033	43012	43032	43031	43034	43033	43033	42803	43031	43033	43031	43032	43031	43031	43033	43032	43037	43036	43041	43035	43179	43178	43182	43182	43182	43169	43182	43182	43182	43182	43167	43168	43149	43165	43166	43160	43161	43162	43161	43087	43171	43172	43169	43157	43169	43170	43170	38293	40827	43177	43181	43177	43181	43181	43177	42646	43165	36536	43161	43161	43161	42825	43160	43162	43148	43161	43164	43160	42066	43168	43143	39871	43165	39870	43131	43161	43162	43163	43161	43178	43182	43182	43182	43182	43179	43180	43182	43177	43176	43119	43179	43057	43174	42982	43175	43100
RIC_LP_199_Du-528	38963	43159	42859	43159	43155	43158	42260	43163	43162	42978	43163	43164	43164	43159	43160	43159	43159	43171	43181	43176	43181	43174	43178	43174	43180	43170	43164	43180	43178	43181	43182	43179	43178	43176	43176	43179	42189	43182	43177	43178	43181	43178	43182	43181	43178	43178	43182	43182	43181	43182	43182	43182	43179	43175	43182	43176	43164	43165	43167	42879	42638	43165	43162	42558	43172	43171	43171	43172	43149	43171	43067	43163	43173	43172	43159	43167	43170	43169	43172	42618	43171	43158	41789	42937	42832	41227	43176	43177	43171	43172	43156	43107	40411	43162	43165	42992	42988	42994	43024	42989	43059	43177	43181	43181	43174	43181	43181	43041	43174	43182	43182	43170	43182	43177	43182	43177	43177	43170	42996	43044	43156	43178	43178	43178	43179	43180	43177	42556	43181	43179	43178	43179	43177	43180	43178	43178	43178	43181	43179	43181	43181	43181	43182	43182	43182	43130	43182	43182	43182	43182	43181	43181	43181	43181	43182	43182	43181	43167	43153	43166	43168	43167	43165	43162	43163	42959	42018	43171	43171	43171	43174	41311	43170	42603	43171	43033	43012	43032	43031	43034	43033	43033	42803	43031	43033	43031	43032	43031	43031	43033	43032	43037	43036	43041	43035	43179	43178	43182	43182	43182	43169	43182	43182	43182	43182	43167	43168	43149	43165	43166	43160	43161	43162	43161	43087	43171	43172	43169	43157	43169	43170	43170	38293	40827	43177	43181	43177	43181	43181	43177	42646	43165	36536	43161	43161	43161	42825	43160	43162	43148	43161	43164	43160	42066	43168	43143	39871	43165	39870	43131	43161	43162	43163	43161	43178	43182	43182	43182	43182	43179	43180	43182	43177	43176	43119	43179	43057	43174	42982	43175	43100
RIC_LP_200_Du-529	38963	43159	42859	43159	43155	43158	42260	43163	43162	42978	43163	43164	43164	43159	43160	43159	43159	43171	43181	43176	43181	43174	43178	43174	43180	43170	43164	43180	43178	43181	43182	43179	43178	43176	43176	43179	42189	43182	43177	43178	43181	43178	43182	43181	43178	43178	43182	43182	43181	43182	43182	43182	43179	43175	43182	43176	43164	43165	43167	42879	42638	43165	43162	42558	43172	43171	43171	43172	43149	43171	43067	43163	43173	43172	43159	43167	43170	43169	43172	42618	43171	43158	41789	42937	42832	41227	43176	43177	43171	43172	43156	43107	40411	43162	43165	42992	42988	42994	43024	42989	43059	43177	43181	43181	43174	43181	43181	43041	43174	43182	43182	43170	43182	43177	43182	43177	43177	43170	42996	43044	43156	43178	43178	43178	43179	43180	43177	42556	43181	43179	43178	43179	43177	43180	43178	43178	43178	43181	43179	43181	43181	43181	43182	43182	43182	43130	43182	43182	43182	43182	43181	43181	43181	43181	43182	43182	43181	43167	43153	43166	43168	43167	43165	43162	43163	42959	42018	43171	43171	43171	43174	41311	43170	42603	43171	43033	43012	43032	43031	43034	43033	43033	42803	43031	43033	43031	43032	43031	43031	43033	43032	43037	43036	43041	43035	43179	43178	43182	43182	43182	43169	43182	43182	43182	43182	43167	43168	43149	43165	43166	43160	43161	43162	43161	43087	43171	43172	43169	43157	43169	43170	43170	38293	40827	43177	43181	43177	43181	43181	43177	42646	43165	36536	43161	43161	43161	42825	43160	43162	43148	43161	43164	43160	42066	43168	43143	39871	43165	39870	43131	43161	43162	43163	43161	43178	43182	43182	43182	43182	43179	43180	43182	43177	43176	43119	43179	43057	43174	42982	43175	43100
RIC_LP_201_Du-530	38963	43159	42859	43159	43155	43158	42260	43163	43162	42978	43163	43164	43164	43159	43160	43159	43159	43171	43181	43176	43181	43174	43178	43174	43180	43170	43164	43180	43178	43181	43182	43179	43178	43176	43176	43179	42189	43182	43177	43178	43181	43178	43182	43181	43178	43178	43182	43182	43181	43182	43182	43182	43179	43175	43182	43176	43164	43165	43167	42879	42638	43165	43162	42558	43172	43171	43171	43172	43149	43171	43067	43163	43173	43172	43159	43167	43170	43169	43172	42618	43171	43158	41789	42937	42832	41227	43176	43177	43171	43172	43156	43107	40411	43162	43165	42992	42988	42994	43024	42989	43059	43177	43181	43181	43174	43181	43181	43041	43174	43182	43182	43170	43182	43177	43182	43177	43177	43170	42996	43044	43156	43178	43178	43178	43179	43180	43177	42556	43181	43179	43178	43179	43177	43180	43178	43178	43178	43181	43179	43181	43181	43181	43182	43182	43182	43130	43182	43182	43182	43182	43181	43181	43181	43181	43182	43182	43181	43167	43153	43166	43168	43167	43165	43162	43163	42959	42018	43171	43171	43171	43174	41311	43170	42603	43171	43033	43012	43032	43031	43034	43033	43033	42803	43031	43033	43031	43032	43031	43031	43033	43032	43037	43036	43041	43035	43179	43178	43182	43182	43182	43169	43182	43182	43182	43182	43167	43168	43149	43165	43166	43160	43161	43162	43161	43087	43171	43172	43169	43157	43169	43170	43170	38293	40827	43177	43181	43177	43181	43181	43177	42646	43165	36536	43161	43161	43161	42825	43160	43162	43148	43161	43164	43160	42066	43168	43143	39871	43165	39870	43131	43161	43162	43163	43161	43178	43182	43182	43182	43182	43179	43180	43182	43177	43176	43119	43179	43057	43174	42982	43175	43100
RSV_LP_049_Du-85	38950	43145	42845	43145	43141	43144	42252	43149	43148	42964	43149	43150	43150	43145	43146	43145	43145	43157	43167	43162	43167	43160	43164	43160	43166	43156	43150	43165	43163	43166	43167	43164	43163	43161	43161	43164	42174	43167	43162	43163	43166	43163	43167	43166	43163	43163	43167	43167	43166	43167	43167	43167	43164	43160	43167	43161	43150	43151	43153	42865	42624	43151	43148	42544	43158	43157	43157	43158	43135	43157	43053	43149	43159	43158	43145	43153	43156	43155	43158	42607	43157	43144	41775	42923	42818	41215	43162	43163	43157	43158	43142	43093	40397	43148	43151	42977	42973	42979	43009	42974	43045	43163	43167	43167	43160	43167	43167	43038	43160	43167	43167	43167	43167	43163	43167	43163	43163	43167	42981	43029	43141	43163	43163	43163	43164	43165	43162	42541	43166	43164	43163	43164	43162	43165	43163	43163	43163	43166	43164	43166	43166	43166	43167	43167	43167	43115	43167	43167	43167	43167	43166	43166	43166	43166	43167	43167	43166	43153	43139	43152	43154	43153	43151	43148	43149	42945	42004	43157	43157	43157	43160	41297	43156	42589	43157	43033	43012	43032	43031	43034	43033	43033	42803	43031	43033	43031	43032	43031	43031	43033	43032	43037	43036	43038	43035	43164	43163	43167	43167	43167	43155	43167	43167	43167	43167	43167	43167	43149	43165	43166	43160	43161	43162	43161	43073	43157	43158	43155	43143	43155	43156	43156	38279	40813	43162	43166	43162	43166	43166	43162	42646	43165	36536	43161	43161	43161	42825	43160	43162	43148	43161	43164	43160	42066	43167	43143	39871	43161	39870	43131	43161	43162	43163	43161	43163	43167	43167	43167	43167	43164	43165	43167	43162	43161	43104	43164	43042	43159	42967	43160	43085
RSV_LP_050_Du-87	38951	43146	42846	43146	43142	43145	42253	43150	43149	42965	43150	43151	43151	43146	43147	43146	43146	43158	43168	43163	43168	43161	43165	43161	43167	43157	43151	43166	43164	43167	43168	43165	43164	43162	43162	43165	42175	43168	43163	43164	43167	43164	43168	43167	43164	43164	43168	43168	43167	43168	43168	43168	43165	43161	43168	43162	43151	43152	43154	42866	42625	43152	43149	42545	43159	43158	43158	43159	43136	43158	43054	43150	43160	43159	43146	43154	43157	43156	43159	42608	43158	43145	41776	42924	42819	41216	43163	43164	43158	43159	43143	43094	40398	43149	43152	42978	42974	42980	43010	42975	43046	43164	43168	43168	43161	43168	43168	43039	43161	43168	43168	43168	43168	43164	43168	43164	43164	43168	42982	43030	43142	43164	43164	43164	43165	43166	43163	42542	43167	43165	43164	43165	43163	43166	43164	43164	43164	43167	43165	43167	43167	43167	43168	43168	43168	43116	43168	43168	43168	43168	43167	43167	43167	43167	43168	43168	43167	43154	43140	43153	43155	43154	43152	43149	43150	42946	42005	43158	43158	43158	43161	41298	43157	42590	43158	43033	43012	43032	43031	43034	43033	43033	42803	43031	43033	43031	43032	43031	43031	43033	43032	43037	43036	43039	43035	43165	43164	43168	43168	43168	43156	43168	43168	43168	43168	43167	43168	43149	43165	43166	43160	43161	43162	43161	43074	43158	43159	43156	43144	43156	43157	43157	38280	40814	43163	43167	43163	43167	43167	43163	42646	43165	36536	43161	43161	43161	42825	43160	43162	43148	43161	43164	43160	42066	43168	43143	39871	43161	39870	43131	43161	43162	43163	43161	43164	43168	43168	43168	43168	43165	43166	43168	43163	43162	43105	43165	43043	43160	42968	43161	43086
RSV_LP_051_Du-88	38933	43131	42828	43131	43128	43130	42238	43135	43134	42947	43135	43132	43133	43131	43132	43131	43131	43141	43149	43144	43149	43142	43146	43142	43149	43142	43133	43147	43148	43148	43149	43148	43149	43147	43147	43149	42159	43149	43148	43149	43149	43149	43149	43149	43148	43149	43149	43149	43149	43149	43149	43149	43146	43146	43149	43146	43136	43137	43135	42851	42607	43137	43135	42527	43144	43143	43143	43144	43121	43143	43040	43136	43145	43144	43131	43139	43142	43142	43144	42590	43143	43130	41758	42909	42805	41200	43144	43145	43143	43144	43126	43077	40379	43135	43135	42961	42959	42961	42991	42960	43028	43149	43149	43149	43142	43149	43149	43020	43142	43149	43149	43149	43149	43145	43149	43145	43145	43149	42963	43011	43127	43149	43149	43149	43149	43147	43148	42523	43149	43149	43149	43149	43148	43148	43149	43148	43149	43148	43149	43148	43149	43148	43149	43149	43149	43099	43149	43149	43149	43149	43149	43149	43149	43149	43149	43149	43149	43137	43126	43137	43139	43139	43138	43135	43135	42931	41988	43144	43143	43143	43145	41283	43142	42576	43144	43020	43000	43019	43019	43020	43020	43020	42791	43019	43020	43019	43019	43019	43019	43020	43019	43020	43020	43020	43019	43149	43149	43149	43149	43149	43141	43149	43149	43149	43149	43149	43149	43149	43148	43149	43148	43148	43149	43148	43056	43141	43142	43142	43129	43141	43142	43142	38263	40800	43148	43148	43148	43148	43148	43148	42632	43149	36520	43149	43148	43148	42813	43147	43149	43135	43148	43148	43147	42054	43149	43130	39857	43148	39854	43116	43148	43149	43149	43148	43146	43149	43149	43149	43149	43146	43149	43149	43148	43145	43088	43147	43024	43145	42949	43146	43067
RSV_LP_052_Du-89	38948	43143	42843	43143	43139	43142	42250	43147	43146	42962	43147	43148	43148	43143	43144	43143	43143	43155	43165	43160	43165	43158	43162	43158	43164	43154	43148	43163	43161	43164	43165	43162	43161	43159	43159	43162	42172	43165	43160	43161	43164	43161	43165	43164	43161	43161	43165	43165	43164	43165	43165	43165	43162	43158	43165	43159	43148	43149	43151	42863	42622	43149	43146	42542	43156	43155	43155	43156	43133	43155	43051	43147	43157	43156	43143	43151	43154	43153	43156	42605	43155	43142	41773	42921	42816	41213	43160	43161	43155	43156	43140	43091	40395	43146	43149	42975	42971	42977	43007	42972	43043	43161	43165	43165	43158	43165	43165	43036	43158	43165	43165	43165	43165	43161	43165	43161	43161	43165	42979	43027	43139	43161	43161	43161	43162	43163	43160	42539	43164	43162	43161	43162	43160	43163	43161	43161	43161	43164	43162	43164	43164	43164	43165	43165	43165	43113	43165	43165	43165	43165	43164	43164	43164	43164	43165	43165	43164	43151	43137	43150	43152	43151	43149	43146	43147	42943	42002	43155	43155	43155	43158	41295	43154	42587	43155	43032	43011	43031	43030	43033	43032	43032	42802	43030	43032	43030	43031	43030	43030	43032	43031	43036	43035	43036	43034	43162	43161	43165	43165	43165	43153	43165	43165	43165	43165	43165	43165	43148	43165	43165	43159	43160	43161	43160	43071	43155	43156	43153	43141	43153	43154	43154	38277	40811	43160	43164	43160	43164	43164	43160	42645	43164	36535	43160	43160	43160	42824	43160	43161	43147	43160	43163	43160	42066	43165	43142	39870	43160	39869	43130	43160	43161	43162	43160	43161	43165	43165	43165	43165	43162	43163	43165	43160	43159	43102	43162	43040	43157	42965	43158	43083
RSV_LP_053_Du-90	38949	43144	42844	43144	43140	43143	42251	43148	43147	42963	43148	43149	43149	43144	43145	43144	43144	43156	43166	43161	43166	43159	43163	43159	43165	43155	43149	43164	43162	43165	43166	43163	43162	43160	43160	43163	42173	43166	43161	43162	43165	43162	43166	43165	43162	43162	43166	43166	43165	43166	43166	43166	43163	43159	43166	43160	43149	43150	43152	42864	42623	43150	43147	42543	43157	43156	43156	43157	43134	43156	43052	43148	43158	43157	43144	43152	43155	43154	43157	42606	43156	43143	41774	42922	42817	41214	43161	43162	43156	43157	43141	43092	40396	43147	43150	42976	42972	42978	43008	42973	43044	43162	43166	43166	43159	43166	43166	43037	43159	43166	43166	43166	43166	43162	43166	43162	43162	43166	42980	43028	43140	43162	43162	43162	43163	43164	43161	42540	43165	43163	43162	43163	43161	43164	43162	43162	43162	43165	43163	43165	43165	43165	43166	43166	43166	43114	43166	43166	43166	43166	43165	43165	43165	43165	43166	43166	43165	43152	43138	43151	43153	43152	43150	43147	43148	42944	42003	43156	43156	43156	43159	41296	43155	42588	43156	43033	43012	43032	43031	43034	43033	43033	42803	43031	43033	43031	43032	43031	43031	43033	43032	43037	43036	43037	43035	43163	43162	43166	43166	43166	43154	43166	43166	43166	43166	43166	43166	43149	43165	43166	43160	43161	43162	43161	43072	43156	43157	43154	43142	43154	43155	43155	38278	40812	43161	43165	43161	43165	43165	43161	42646	43165	36536	43161	43161	43161	42825	43160	43162	43148	43161	43164	43160	42066	43166	43143	39871	43161	39870	43131	43161	43162	43163	43161	43162	43166	43166	43166	43166	43163	43164	43166	43161	43160	43103	43163	43041	43158	42966	43159	43084
RSV_LP_055_Du-92	38944	43143	42840	43143	43140	43142	42249	43146	43146	42959	43147	43143	43144	43143	43143	43143	43143	43153	43160	43155	43160	43153	43157	43153	43160	43153	43144	43158	43159	43159	43160	43159	43160	43159	43159	43160	42170	43160	43160	43160	43160	43160	43160	43160	43160	43160	43160	43160	43160	43160	43160	43160	43157	43157	43160	43157	43148	43148	43146	42863	42619	43148	43147	42538	43156	43155	43155	43156	43133	43155	43052	43148	43156	43155	43143	43151	43153	43153	43156	42602	43155	43141	41769	42920	42817	41212	43155	43156	43155	43155	43137	43089	40390	43147	43147	42972	42971	42972	43002	42972	43039	43160	43160	43160	43153	43160	43160	43031	43153	43160	43160	43160	43160	43156	43160	43156	43156	43160	42974	43022	43139	43160	43160	43160	43160	43158	43160	42534	43160	43160	43160	43160	43160	43160	43160	43160	43160	43160	43160	43160	43160	43160	43160	43160	43160	43110	43160	43160	43160	43160	43160	43160	43160	43160	43160	43160	43160	43149	43138	43149	43150	43150	43150	43147	43147	42943	42000	43156	43155	43155	43156	41294	43154	42588	43156	43031	43012	43031	43031	43031	43031	43031	42803	43031	43031	43031	43031	43031	43031	43031	43031	43031	43031	43031	43031	43160	43160	43160	43160	43160	43153	43160	43160	43160	43160	43160	43160	43148	43159	43160	43160	43160	43160	43160	43067	43152	43153	43153	43141	43153	43153	43153	38274	40811	43159	43159	43159	43159	43159	43160	42643	43160	36531	43160	43160	43160	42824	43159	43160	43147	43160	43160	43159	42065	43160	43142	39868	43160	39865	43127	43160	43160	43160	43160	43157	43160	43160	43160	43160	43157	43160	43160	43160	43157	43099	43158	43035	43157	42960	43157	43078
RSV_LP_057_Du-94	38944	43144	42840	43144	43140	43143	42249	43147	43147	42960	43148	43144	43145	43144	43144	43144	43144	43154	43161	43156	43161	43154	43158	43154	43161	43153	43144	43159	43160	43160	43161	43160	43161	43160	43160	43161	42171	43161	43161	43161	43161	43161	43161	43161	43161	43161	43161	43161	43161	43161	43161	43161	43158	43158	43161	43158	43149	43149	43147	42864	42619	43149	43147	42538	43157	43156	43156	43157	43134	43156	43052	43148	43157	43156	43144	43152	43154	43154	43157	42602	43156	43141	41769	42920	42817	41212	43156	43157	43156	43156	43137	43089	40391	43147	43147	42972	42971	42973	43003	42973	43039	43161	43161	43161	43154	43161	43161	43032	43154	43161	43161	43161	43161	43157	43161	43157	43157	43161	42975	43023	43140	43161	43161	43161	43161	43159	43161	42535	43161	43161	43161	43161	43161	43161	43161	43161	43161	43161	43161	43161	43161	43161	43161	43161	43161	43111	43161	43161	43161	43161	43161	43161	43161	43161	43161	43161	43161	43149	43138	43150	43151	43151	43150	43147	43148	42943	42000	43156	43156	43156	43157	41294	43155	42588	43156	43032	43012	43032	43031	43032	43032	43032	42803	43031	43032	43031	43032	43031	43031	43032	43032	43032	43032	43032	43032	43161	43161	43161	43161	43161	43154	43161	43161	43161	43161	43161	43161	43148	43160	43161	43160	43161	43161	43161	43068	43152	43153	43153	43141	43154	43153	43153	38274	40811	43160	43160	43160	43160	43160	43161	42643	43161	36531	43160	43161	43161	42824	43160	43161	43147	43160	43161	43160	42065	43161	43143	39868	43161	39865	43127	43161	43160	43161	43161	43158	43161	43161	43161	43161	43158	43161	43161	43161	43158	43100	43159	43036	43158	42961	43158	43079
RSV_LP_315_Du-95	38945	43144	42840	43144	43140	43143	42250	43148	43147	42960	43148	43145	43146	43144	43145	43144	43144	43154	43162	43157	43162	43155	43159	43155	43162	43154	43145	43160	43161	43161	43162	43161	43162	43160	43160	43162	42172	43162	43161	43162	43162	43162	43162	43162	43161	43162	43162	43162	43162	43162	43162	43162	43159	43159	43162	43159	43149	43150	43148	42864	42619	43150	43147	42539	43157	43156	43156	43157	43134	43156	43052	43148	43158	43157	43144	43152	43155	43154	43157	42602	43156	43142	41770	42921	42817	41212	43157	43158	43156	43157	43138	43089	40392	43147	43147	42973	42971	42974	43004	42973	43040	43162	43162	43162	43155	43162	43162	43033	43155	43162	43162	43162	43162	43158	43162	43158	43158	43162	42976	43024	43140	43162	43162	43162	43162	43160	43161	42536	43162	43162	43162	43162	43161	43161	43162	43161	43162	43161	43162	43161	43162	43161	43162	43162	43162	43112	43162	43162	43162	43162	43162	43162	43162	43162	43162	43162	43162	43149	43138	43150	43152	43152	43150	43147	43148	42943	42000	43156	43156	43156	43158	41295	43155	42588	43156	43033	43012	43032	43031	43033	43033	43033	42803	43031	43033	43031	43032	43031	43031	43033	43032	43033	43033	43033	43032	43162	43162	43162	43162	43162	43154	43162	43162	43162	43162	43162	43162	43149	43161	43162	43160	43161	43162	43161	43069	43153	43154	43154	43141	43154	43154	43154	38275	40812	43161	43161	43161	43161	43161	43161	42644	43162	36532	43161	43161	43161	42825	43160	43162	43147	43160	43161	43160	42066	43162	43143	39869	43161	39866	43128	43161	43161	43162	43161	43159	43162	43162	43162	43162	43159	43162	43162	43161	43158	43101	43160	43037	43158	42962	43159	43080
RSV_LP_316_Du-96	38944	43144	42840	43144	43140	43143	42249	43147	43147	42960	43148	43144	43145	43144	43144	43144	43144	43154	43161	43156	43161	43154	43158	43154	43161	43153	43144	43159	43160	43160	43161	43160	43161	43160	43160	43161	42171	43161	43161	43161	43161	43161	43161	43161	43161	43161	43161	43161	43161	43161	43161	43161	43158	43158	43161	43158	43149	43149	43147	42864	42619	43149	43147	42538	43157	43156	43156	43157	43134	43156	43052	43148	43157	43156	43144	43152	43154	43154	43157	42602	43156	43141	41769	42920	42817	41212	43156	43157	43156	43156	43137	43089	40391	43147	43147	42972	42971	42973	43003	42973	43039	43161	43161	43161	43154	43161	43161	43032	43154	43161	43161	43161	43161	43157	43161	43157	43157	43161	42975	43023	43140	43161	43161	43161	43161	43159	43161	42535	43161	43161	43161	43161	43161	43161	43161	43161	43161	43161	43161	43161	43161	43161	43161	43161	43161	43111	43161	43161	43161	43161	43161	43161	43161	43161	43161	43161	43161	43149	43138	43150	43151	43151	43150	43147	43148	42943	42000	43156	43156	43156	43157	41294	43155	42588	43156	43032	43012	43032	43031	43032	43032	43032	42803	43031	43032	43031	43032	43031	43031	43032	43032	43032	43032	43032	43032	43161	43161	43161	43161	43161	43154	43161	43161	43161	43161	43161	43161	43148	43160	43161	43160	43161	43161	43161	43068	43152	43153	43153	43141	43154	43153	43153	38274	40811	43160	43160	43160	43160	43160	43161	42643	43161	36531	43160	43161	43161	42824	43160	43161	43147	43160	43161	43160	42065	43161	43143	39868	43161	39865	43127	43161	43160	43161	43161	43158	43161	43161	43161	43161	43158	43161	43161	43161	43158	43100	43159	43036	43158	42961	43158	43079
SILG_LP_149_Du-343	38877	43066	42765	43066	43063	43065	42166	43070	43069	42886	43070	43070	43071	43066	43067	43066	43066	43085	43087	43087	43087	43087	43084	43087	43087	43083	43082	43086	43084	43087	43087	43085	43084	43083	43083	43084	42139	43087	43083	43084	43087	43084	43087	43087	43083	43084	43087	43087	43087	43087	43087	43087	43084	43081	43087	43081	43071	43072	43073	42786	42544	43072	43069	42476	43079	43078	43078	43079	43056	43078	42974	43070	43080	43080	43068	43074	43078	43076	43079	42524	43078	43064	41695	42843	42739	41144	43083	43083	43079	43079	43063	43014	40320	43069	43072	42898	42894	42900	42929	42896	42987	43084	43087	43087	43087	43087	43087	42947	43087	43087	43087	43076	43087	43083	43087	43083	43083	43076	42901	42949	43063	43084	43084	43084	43084	43085	43083	42461	43087	43084	43084	43085	43083	43086	43084	43083	43084	43086	43084	43086	43086	43086	43087	43087	43087	43036	43087	43087	43087	43087	43087	43087	43087	43087	43087	43087	43087	43075	43060	43072	43074	43074	43072	43069	43070	42867	41928	43078	43078	43078	43080	41220	43077	42517	43078	42940	42919	42939	42938	42940	42940	42940	42719	42938	42940	42938	42939	42938	42938	42940	42939	42943	42943	42947	42942	43085	43084	43087	43087	43087	43076	43087	43087	43087	43087	43073	43074	43056	43071	43072	43067	43068	43069	43068	43087	43086	43086	43083	43070	43083	43084	43083	38234	40753	43084	43087	43084	43087	43087	43083	42552	43072	36492	43068	43068	43068	42743	43067	43069	43055	43068	43071	43067	41985	43074	43050	39798	43072	39799	43037	43068	43068	43069	43068	43084	43087	43087	43087	43087	43084	43085	43087	43083	43081	43024	43085	42962	43080	42887	43081	43005
SILG_LP_150_Du-344	38954	43150	42850	43150	43147	43149	42251	43154	43153	42969	43154	43154	43155	43150	43151	43150	43150	43169	43171	43171	43171	43171	43168	43171	43171	43168	43162	43169	43167	43170	43171	43168	43168	43166	43166	43168	42180	43171	43167	43168	43171	43168	43171	43171	43167	43168	43171	43171	43171	43171	43171	43171	43168	43165	43171	43165	43155	43156	43157	42870	42629	43156	43154	42549	43163	43162	43162	43163	43140	43162	43059	43155	43164	43163	43150	43158	43161	43160	43163	42609	43162	43149	41780	42928	42824	41223	43166	43167	43162	43163	43148	43099	40401	43154	43157	42983	42978	42983	43013	42979	43057	43168	43171	43171	43171	43171	43171	43031	43171	43171	43171	43160	43171	43167	43171	43167	43167	43160	42985	43033	43147	43168	43168	43168	43168	43169	43167	42545	43171	43168	43168	43169	43167	43170	43168	43167	43168	43170	43168	43170	43170	43170	43171	43171	43171	43120	43171	43171	43171	43171	43171	43171	43171	43171	43171	43171	43171	43159	43145	43156	43158	43158	43157	43154	43154	42951	42010	43163	43162	43162	43164	41303	43161	42596	43163	43024	43004	43023	43023	43024	43024	43024	42795	43023	43024	43023	43023	43023	43023	43024	43023	43027	43027	43031	43026	43169	43168	43171	43171	43171	43160	43171	43171	43171	43171	43157	43158	43141	43155	43156	43152	43152	43153	43152	43086	43171	43171	43168	43155	43167	43169	43168	38292	40826	43167	43170	43167	43170	43170	43167	42637	43156	36528	43153	43152	43152	42817	43151	43153	43140	43153	43155	43151	42058	43158	43134	39862	43156	39862	43122	43152	43153	43153	43152	43168	43171	43171	43171	43171	43168	43169	43171	43167	43165	43108	43169	43046	43164	42971	43165	43089
SILG_LP_151_Du-345	38955	43151	42851	43151	43148	43150	42252	43155	43154	42970	43155	43155	43156	43151	43152	43151	43151	43170	43172	43172	43172	43172	43169	43172	43172	43169	43163	43170	43168	43171	43172	43169	43169	43167	43167	43169	42180	43172	43168	43169	43172	43169	43172	43172	43168	43169	43172	43172	43172	43172	43172	43172	43169	43166	43172	43166	43156	43157	43158	42871	42630	43157	43155	42550	43164	43163	43163	43164	43141	43163	43060	43156	43165	43164	43151	43159	43162	43161	43164	42610	43163	43150	41781	42929	42825	41223	43167	43168	43163	43164	43149	43100	40402	43155	43158	42984	42979	42984	43014	42980	43058	43169	43172	43172	43172	43172	43172	43032	43172	43172	43172	43161	43172	43168	43172	43168	43168	43161	42986	43034	43147	43169	43169	43169	43169	43170	43168	42546	43172	43169	43169	43170	43168	43171	43169	43168	43169	43171	43169	43171	43171	43171	43172	43172	43172	43121	43172	43172	43172	43172	43172	43172	43172	43172	43172	43172	43172	43160	43146	43157	43159	43159	43158	43155	43155	42952	42011	43164	43163	43163	43165	41303	43162	42596	43164	43025	43005	43024	43024	43025	43025	43025	42796	43024	43025	43024	43024	43024	43024	43025	43024	43028	43028	43032	43027	43170	43169	43172	43172	43172	43161	43172	43172	43172	43172	43158	43159	43142	43156	43157	43153	43153	43154	43153	43086	43171	43172	43169	43156	43168	43170	43169	38292	40827	43168	43171	43168	43171	43171	43168	42638	43157	36528	43154	43153	43153	42818	43152	43154	43141	43154	43156	43152	42059	43159	43135	39863	43157	39862	43123	43153	43154	43154	43153	43169	43172	43172	43172	43172	43169	43170	43172	43168	43166	43109	43170	43047	43165	42972	43166	43090
SILG_LP_152_Du-346	38952	43151	42848	43151	43148	43150	42252	43155	43154	42967	43155	43152	43153	43151	43152	43151	43151	43168	43169	43169	43169	43169	43166	43169	43169	43169	43160	43167	43168	43168	43169	43168	43169	43167	43167	43169	42179	43169	43168	43169	43169	43169	43169	43169	43168	43169	43169	43169	43169	43169	43169	43169	43166	43166	43169	43166	43156	43157	43155	42871	42627	43157	43155	42547	43164	43163	43163	43164	43141	43163	43060	43156	43165	43164	43151	43159	43162	43161	43164	42607	43163	43150	41778	42929	42825	41222	43164	43165	43163	43164	43146	43097	40399	43155	43155	42981	42979	42981	43011	42980	43055	43169	43169	43169	43169	43169	43169	43029	43169	43169	43169	43158	43169	43165	43169	43165	43165	43158	42983	43031	43147	43169	43169	43169	43169	43167	43168	42543	43169	43169	43169	43169	43168	43168	43169	43168	43169	43168	43169	43168	43169	43168	43169	43169	43169	43119	43169	43169	43169	43169	43169	43169	43169	43169	43169	43169	43169	43157	43146	43157	43159	43159	43158	43155	43155	42951	42008	43164	43163	43163	43165	41303	43162	42596	43164	43025	43005	43024	43024	43025	43025	43025	42796	43024	43025	43024	43024	43024	43024	43025	43024	43025	43025	43029	43024	43169	43169	43169	43169	43169	43161	43169	43169	43169	43169	43155	43156	43142	43153	43154	43153	43153	43154	43153	43083	43168	43169	43169	43156	43168	43169	43169	38290	40827	43168	43168	43168	43168	43168	43168	42637	43154	36525	43154	43153	43153	42818	43152	43154	43140	43153	43153	43152	42059	43156	43135	39862	43157	39859	43121	43153	43154	43154	43153	43166	43169	43169	43169	43169	43166	43169	43169	43168	43165	43108	43167	43044	43165	42969	43166	43087
SILG_LP_153_Du-347	38940	43139	42837	43139	43136	43138	42240	43142	43142	42955	43143	43140	43140	43139	43139	43139	43139	43156	43157	43157	43157	43157	43154	43157	43156	43157	43148	43155	43156	43156	43157	43156	43156	43155	43155	43157	42166	43157	43156	43156	43156	43156	43157	43156	43157	43156	43157	43157	43156	43157	43157	43157	43154	43153	43157	43154	43144	43144	43143	42859	42616	43144	43143	42535	43152	43151	43151	43152	43129	43151	43048	43144	43152	43151	43139	43147	43149	43149	43152	42596	43151	43138	41766	42917	42813	41211	43152	43153	43151	43151	43133	43085	40387	43143	43143	42968	42968	42969	42999	42968	43043	43156	43157	43157	43157	43157	43157	43017	43157	43157	43157	43146	43157	43153	43157	43153	43153	43146	42971	43019	43135	43156	43156	43156	43157	43155	43156	42531	43156	43157	43156	43156	43156	43156	43156	43157	43156	43157	43157	43157	43157	43157	43157	43157	43157	43106	43157	43157	43157	43157	43156	43156	43156	43156	43157	43157	43156	43145	43134	43146	43147	43146	43146	43143	43143	42940	41996	43152	43151	43151	43153	41291	43150	42584	43152	43012	42993	43012	43012	43013	43012	43012	42784	43012	43012	43012	43012	43012	43012	43012	43012	43013	43012	43017	43012	43156	43156	43157	43157	43157	43149	43157	43157	43157	43157	43143	43144	43129	43141	43142	43141	43141	43141	43141	43070	43155	43156	43156	43157	43156	43156	43157	38278	40814	43155	43156	43155	43156	43156	43156	42635	43141	36513	43141	43141	43141	42805	43140	43141	43128	43141	43141	43140	42046	43144	43123	39862	43145	39847	43109	43141	43142	43142	43141	43153	43157	43157	43157	43157	43154	43157	43157	43156	43154	43096	43154	43032	43153	42957	43153	43075
SILG_LP_154_Du-348	38951	43152	42848	43152	43148	43151	42251	43155	43155	42968	43156	43152	43153	43152	43152	43152	43152	43169	43169	43169	43169	43169	43166	43169	43169	43168	43159	43167	43168	43168	43169	43168	43169	43168	43168	43169	42179	43169	43169	43169	43169	43169	43169	43169	43169	43169	43169	43169	43169	43169	43169	43169	43166	43166	43169	43166	43157	43157	43155	42872	42627	43157	43155	42546	43165	43164	43164	43165	43142	43164	43060	43156	43165	43164	43152	43160	43162	43162	43165	42607	43164	43149	41777	42928	42825	41222	43164	43165	43164	43164	43145	43097	40399	43155	43155	42980	42979	42981	43011	42981	43054	43169	43169	43169	43169	43169	43169	43029	43169	43169	43169	43158	43169	43165	43169	43165	43165	43158	42983	43031	43148	43169	43169	43169	43169	43167	43169	42543	43169	43169	43169	43169	43169	43169	43169	43169	43169	43169	43169	43169	43169	43169	43169	43169	43169	43119	43169	43169	43169	43169	43169	43169	43169	43169	43169	43169	43169	43157	43146	43158	43159	43159	43158	43155	43156	42951	42008	43164	43164	43164	43165	41302	43163	42596	43164	43025	43005	43025	43024	43025	43025	43025	42796	43024	43025	43024	43025	43024	43024	43025	43025	43025	43025	43029	43025	43169	43169	43169	43169	43169	43162	43169	43169	43169	43169	43155	43156	43141	43153	43154	43153	43154	43154	43154	43083	43167	43168	43168	43156	43169	43168	43168	38289	40826	43168	43168	43168	43168	43168	43169	42636	43154	36524	43153	43154	43154	42817	43153	43154	43140	43153	43154	43153	42058	43156	43136	39861	43158	39858	43120	43154	43153	43154	43154	43166	43169	43169	43169	43169	43166	43169	43169	43169	43166	43108	43167	43044	43166	42969	43166	43087
SILG_LP_155_Du-349	38953	43151	42849	43151	43148	43150	42252	43155	43154	42968	43155	43153	43154	43151	43152	43151	43151	43169	43170	43170	43170	43170	43167	43170	43170	43169	43161	43168	43168	43169	43170	43168	43169	43167	43167	43169	42179	43170	43168	43169	43170	43169	43170	43170	43168	43169	43170	43170	43170	43170	43170	43170	43167	43166	43170	43166	43156	43157	43156	42871	42628	43157	43155	42548	43164	43163	43163	43164	43141	43163	43060	43156	43165	43164	43151	43159	43162	43161	43164	42608	43163	43150	41779	42929	42825	41223	43165	43166	43163	43164	43147	43098	40400	43155	43156	42982	42979	42982	43012	42980	43056	43169	43170	43170	43170	43170	43170	43030	43170	43170	43170	43159	43170	43166	43170	43166	43166	43159	42984	43032	43147	43169	43169	43169	43169	43168	43168	42544	43170	43169	43169	43169	43168	43169	43169	43168	43169	43169	43169	43169	43169	43169	43170	43170	43170	43119	43170	43170	43170	43170	43170	43170	43170	43170	43170	43170	43170	43158	43146	43157	43159	43159	43158	43155	43155	42952	42009	43164	43163	43163	43165	41303	43162	42596	43164	43025	43005	43024	43024	43025	43025	43025	42796	43024	43025	43024	43024	43024	43024	43025	43024	43026	43026	43030	43025	43169	43169	43170	43170	43170	43161	43170	43170	43170	43170	43156	43157	43142	43154	43155	43153	43153	43154	43153	43084	43169	43170	43169	43156	43168	43170	43169	38290	40827	43168	43169	43168	43169	43169	43168	42638	43155	36526	43154	43153	43153	42818	43152	43154	43140	43154	43154	43152	42059	43157	43135	39863	43157	39860	43121	43153	43154	43154	43153	43167	43170	43170	43170	43170	43167	43170	43170	43168	43166	43109	43168	43045	43165	42970	43166	43088
SILG_LP_156_Du-350	38953	43151	42849	43151	43148	43150	42253	43155	43154	42967	43155	43153	43153	43151	43152	43151	43151	43168	43170	43170	43170	43170	43167	43170	43169	43170	43161	43168	43169	43169	43170	43169	43169	43167	43167	43170	42179	43170	43168	43169	43169	43169	43170	43169	43169	43169	43170	43170	43169	43170	43170	43170	43167	43166	43170	43167	43156	43157	43156	42871	42628	43157	43155	42548	43164	43163	43163	43164	43141	43163	43060	43156	43165	43164	43151	43159	43162	43161	43164	42608	43163	43151	41779	42930	42825	41223	43165	43166	43163	43164	43146	43097	40400	43155	43155	42981	42980	42982	43012	42980	43056	43169	43170	43170	43170	43170	43170	43030	43170	43170	43170	43159	43170	43166	43170	43166	43166	43159	42984	43032	43147	43169	43169	43169	43170	43168	43168	42544	43169	43170	43169	43169	43168	43168	43169	43169	43169	43169	43170	43169	43170	43169	43170	43170	43170	43119	43170	43170	43170	43170	43169	43169	43169	43169	43170	43170	43169	43157	43146	43158	43160	43159	43158	43155	43155	42951	42008	43164	43163	43163	43166	41304	43162	42596	43164	43025	43005	43024	43024	43026	43025	43025	42796	43024	43025	43024	43024	43024	43024	43025	43024	43026	43025	43030	43024	43169	43169	43170	43170	43170	43161	43170	43170	43170	43170	43156	43157	43142	43154	43155	43153	43153	43154	43153	43083	43168	43169	43169	43157	43168	43169	43170	38291	40827	43168	43169	43168	43169	43169	43168	42638	43154	36526	43154	43153	43153	42818	43152	43154	43140	43153	43153	43152	42059	43157	43135	39863	43157	39860	43122	43153	43155	43155	43153	43166	43170	43170	43170	43170	43167	43170	43170	43168	43166	43109	43167	43045	43165	42970	43166	43088
SILG_LP_157_Du-351	34409	38272	38050	38272	38270	38271	37514	38276	38275	38160	38276	38276	38276	38272	38273	38272	38272	38290	38293	38293	38293	38293	38290	38293	38292	38291	38289	38292	38291	38293	38293	38292	38290	38289	38289	38291	37451	38293	38289	38290	38292	38290	38293	38292	38290	38290	38293	38293	38292	38293	38293	38293	38290	38287	38293	38288	38277	38278	38279	38009	37775	38278	38276	37880	38285	38284	38284	38285	38263	38284	38181	38277	38286	38286	38274	38280	38284	38282	38285	37776	38284	38272	37191	38089	37957	36444	38289	38289	38285	38285	38269	38221	35967	38276	38278	38240	38238	38241	38241	38237	38179	38290	38293	38293	38293	38293	38293	38153	38293	38293	38293	38282	38293	38289	38293	38289	38289	38282	38242	38261	38279	38290	38290	38290	38291	38292	38289	37774	38292	38291	38290	38291	38289	38291	38290	38290	38290	38292	38291	38292	38293	38292	38293	38293	38293	38244	38293	38293	38293	38293	38292	38292	38292	38292	38293	38293	38292	38281	38279	38279	38281	38280	38279	38276	38276	38087	37274	38285	38284	38284	38287	36798	38283	37835	38285	38146	38129	38145	38145	38147	38146	38146	37975	38145	38146	38145	38145	38145	38145	38146	38145	38149	38148	38153	38147	38291	38290	38293	38293	38293	38282	38293	38293	38293	38293	38279	38280	38263	38277	38278	38274	38274	38275	38274	38234	38292	38292	38290	38278	38289	38290	38291	38293	36460	38290	38293	38290	38293	38293	38289	37826	38277	32784	38275	38274	38274	37970	38273	38275	38262	38274	38276	38273	37406	38280	38259	35295	38278	35403	38245	38274	38276	38276	38274	38289	38293	38293	38293	38293	38290	38291	38293	38289	38287	38235	38290	38199	38286	38096	38287	38211
SILG_LP_158_Du-352	36906	40809	40541	40809	40806	40808	39951	40813	40812	40684	40813	40810	40811	40809	40810	40809	40809	40826	40827	40827	40827	40827	40824	40827	40827	40827	40818	40825	40826	40826	40827	40826	40827	40825	40825	40827	40081	40827	40826	40827	40827	40827	40827	40827	40826	40827	40827	40827	40827	40827	40827	40827	40824	40824	40827	40824	40814	40815	40813	40530	40294	40815	40813	40329	40822	40821	40821	40822	40802	40821	40718	40814	40823	40822	40812	40818	40820	40819	40822	40298	40821	40814	39580	40608	40505	39042	40822	40823	40821	40822	40810	40759	38301	40813	40813	40751	40749	40750	40751	40749	40713	40827	40827	40827	40827	40827	40827	40688	40827	40827	40827	40816	40827	40823	40827	40823	40823	40816	40752	40771	40805	40827	40827	40827	40827	40825	40826	40261	40827	40827	40827	40827	40826	40826	40827	40826	40827	40826	40827	40826	40827	40826	40827	40827	40827	40777	40827	40827	40827	40827	40827	40827	40827	40827	40827	40827	40827	40816	40808	40817	40818	40818	40817	40814	40814	40627	39786	40822	40821	40821	40823	39074	40820	40364	40822	40684	40664	40683	40683	40684	40684	40684	40491	40683	40684	40683	40683	40683	40683	40684	40683	40684	40684	40688	40683	40827	40827	40827	40827	40827	40819	40827	40827	40827	40827	40813	40814	40800	40811	40812	40811	40811	40812	40811	40753	40826	40827	40827	40814	40826	40827	40827	36460	40827	40826	40826	40826	40826	40826	40826	40372	40812	34358	40812	40811	40811	40476	40810	40812	40798	40811	40811	40810	40011	40814	40793	37715	40815	37890	40779	40811	40812	40812	40811	40824	40827	40827	40827	40827	40824	40827	40827	40826	40823	40766	40827	40702	40823	40627	40824	40745
SILR_LP_346_Du-729	38958	43158	42854	43158	43155	43157	42258	43162	43161	42974	43162	43159	43160	43158	43159	43158	43158	43168	43176	43171	43176	43169	43173	43169	43176	43168	43159	43175	43176	43176	43177	43176	43177	43175	43175	43177	42188	43177	43176	43177	43177	43177	43177	43177	43176	43177	43177	43177	43177	43177	43177	43177	43174	43174	43177	43174	43163	43164	43162	42878	42633	43164	43161	42553	43171	43170	43170	43171	43148	43170	43066	43162	43172	43171	43159	43166	43169	43168	43171	42613	43170	43156	41784	42935	42831	41224	43171	43172	43170	43171	43152	43103	40406	43161	43161	42988	42987	42990	43019	42989	43054	43176	43176	43176	43169	43176	43176	43036	43169	43177	43177	43165	43177	43172	43177	43172	43172	43165	42991	43039	43155	43177	43177	43177	43177	43175	43176	42551	43177	43177	43177	43177	43176	43176	43177	43176	43177	43176	43177	43176	43177	43176	43177	43177	43177	43127	43177	43177	43177	43177	43177	43177	43177	43177	43177	43177	43177	43163	43152	43164	43166	43166	43164	43161	43162	42957	42014	43170	43170	43170	43172	41309	43169	42602	43170	43032	43011	43031	43030	43032	43032	43032	42802	43030	43032	43030	43031	43030	43030	43032	43031	43032	43032	43036	43031	43177	43177	43177	43177	43177	43168	43177	43177	43177	43177	43162	43163	43148	43160	43161	43159	43160	43161	43160	43084	43167	43168	43168	43155	43168	43168	43168	38290	40826	43177	43177	43177	43177	43177	43176	42643	43161	36532	43160	43160	43160	42824	43159	43161	43146	43159	43160	43159	42066	43163	43142	39868	43164	39866	43127	43160	43160	43161	43160	43174	43177	43177	43177	43177	43174	43177	43177	43176	43173	43116	43175	43052	43173	42977	43174	43095
SILR_LP_347_Du-730	38962	43158	42858	43158	43155	43157	42259	43162	43161	42977	43162	43163	43163	43158	43159	43158	43158	43170	43180	43175	43180	43173	43177	43173	43179	43169	43163	43179	43177	43180	43181	43178	43177	43175	43175	43178	42189	43181	43176	43177	43180	43177	43181	43180	43177	43177	43181	43181	43180	43181	43181	43181	43178	43174	43181	43175	43163	43164	43166	42878	42637	43164	43161	42557	43171	43170	43170	43171	43148	43170	43066	43162	43172	43171	43159	43166	43169	43168	43171	42617	43170	43157	41788	42936	42831	41226	43175	43176	43170	43171	43155	43106	40410	43161	43164	42991	42988	42994	43023	42989	43058	43176	43180	43180	43173	43180	43180	43040	43173	43181	43181	43169	43181	43176	43181	43176	43176	43169	42995	43043	43155	43177	43177	43177	43178	43179	43176	42555	43180	43178	43177	43178	43176	43179	43177	43177	43177	43180	43178	43180	43180	43180	43181	43181	43181	43129	43181	43181	43181	43181	43180	43180	43180	43180	43181	43181	43180	43166	43152	43165	43167	43166	43164	43161	43162	42958	42017	43170	43170	43170	43173	41310	43169	42602	43170	43032	43011	43031	43030	43033	43032	43032	42802	43030	43032	43030	43031	43030	43030	43032	43031	43036	43035	43040	43034	43178	43177	43181	43181	43181	43168	43181	43181	43181	43181	43166	43167	43148	43164	43165	43159	43160	43161	43160	43087	43170	43171	43168	43156	43168	43169	43169	38293	40826	43177	43181	43177	43181	43181	43176	42645	43164	36536	43160	43160	43160	42824	43159	43161	43147	43160	43163	43159	42066	43167	43142	39870	43164	39870	43130	43160	43161	43162	43160	43177	43181	43181	43181	43181	43178	43179	43181	43176	43175	43118	43178	43056	43173	42981	43174	43099
SILR_LP_348_Du-731	38958	43158	42854	43158	43155	43157	42258	43162	43161	42974	43162	43159	43160	43158	43159	43158	43158	43168	43176	43171	43176	43169	43173	43169	43176	43168	43159	43175	43176	43176	43177	43176	43177	43175	43175	43177	42188	43177	43176	43177	43177	43177	43177	43177	43176	43177	43177	43177	43177	43177	43177	43177	43174	43174	43177	43174	43163	43164	43162	42878	42633	43164	43161	42553	43171	43170	43170	43171	43148	43170	43066	43162	43172	43171	43159	43166	43169	43168	43171	42613	43170	43156	41784	42935	42831	41224	43171	43172	43170	43171	43152	43103	40406	43161	43161	42988	42987	42990	43019	42989	43054	43176	43176	43176	43169	43176	43176	43036	43169	43177	43177	43165	43177	43172	43177	43172	43172	43165	42991	43039	43155	43177	43177	43177	43177	43175	43176	42551	43177	43177	43177	43177	43176	43176	43177	43176	43177	43176	43177	43176	43177	43176	43177	43177	43177	43127	43177	43177	43177	43177	43177	43177	43177	43177	43177	43177	43177	43163	43152	43164	43166	43166	43164	43161	43162	42957	42014	43170	43170	43170	43172	41309	43169	42602	43170	43032	43011	43031	43030	43032	43032	43032	42802	43030	43032	43030	43031	43030	43030	43032	43031	43032	43032	43036	43031	43177	43177	43177	43177	43177	43168	43177	43177	43177	43177	43162	43163	43148	43160	43161	43159	43160	43161	43160	43084	43167	43168	43168	43155	43168	43168	43168	38290	40826	43177	43177	43177	43177	43177	43176	42643	43161	36532	43160	43160	43160	42824	43159	43161	43146	43159	43160	43159	42066	43163	43142	39868	43164	39866	43127	43160	43160	43161	43160	43174	43177	43177	43177	43177	43174	43177	43177	43176	43173	43116	43175	43052	43173	42977	43174	43095
SILR_LP_349_Du-732	38962	43158	42858	43158	43155	43157	42259	43162	43161	42977	43162	43163	43163	43158	43159	43158	43158	43170	43180	43175	43180	43173	43177	43173	43179	43169	43163	43179	43177	43180	43181	43178	43177	43175	43175	43178	42189	43181	43176	43177	43180	43177	43181	43180	43177	43177	43181	43181	43180	43181	43181	43181	43178	43174	43181	43175	43163	43164	43166	42878	42637	43164	43161	42557	43171	43170	43170	43171	43148	43170	43066	43162	43172	43171	43159	43166	43169	43168	43171	42617	43170	43157	41788	42936	42831	41226	43175	43176	43170	43171	43155	43106	40410	43161	43164	42991	42988	42994	43023	42989	43058	43176	43180	43180	43173	43180	43180	43040	43173	43181	43181	43169	43181	43176	43181	43176	43176	43169	42995	43043	43155	43177	43177	43177	43178	43179	43176	42555	43180	43178	43177	43178	43176	43179	43177	43177	43177	43180	43178	43180	43180	43180	43181	43181	43181	43129	43181	43181	43181	43181	43180	43180	43180	43180	43181	43181	43180	43166	43152	43165	43167	43166	43164	43161	43162	42958	42017	43170	43170	43170	43173	41310	43169	42602	43170	43032	43011	43031	43030	43033	43032	43032	42802	43030	43032	43030	43031	43030	43030	43032	43031	43036	43035	43040	43034	43178	43177	43181	43181	43181	43168	43181	43181	43181	43181	43166	43167	43148	43164	43165	43159	43160	43161	43160	43087	43170	43171	43168	43156	43168	43169	43169	38293	40826	43177	43181	43177	43181	43181	43176	42645	43164	36536	43160	43160	43160	42824	43159	43161	43147	43160	43163	43159	42066	43167	43142	39870	43164	39870	43130	43160	43161	43162	43160	43177	43181	43181	43181	43181	43178	43179	43181	43176	43175	43118	43178	43056	43173	42981	43174	43099
SILR_LP_351_Du-734	38962	43158	42858	43158	43155	43157	42259	43162	43161	42977	43162	43163	43163	43158	43159	43158	43158	43170	43180	43175	43180	43173	43177	43173	43179	43169	43163	43179	43177	43180	43181	43178	43177	43175	43175	43178	42189	43181	43176	43177	43180	43177	43181	43180	43177	43177	43181	43181	43180	43181	43181	43181	43178	43174	43181	43175	43163	43164	43166	42878	42637	43164	43161	42557	43171	43170	43170	43171	43148	43170	43066	43162	43172	43171	43159	43166	43169	43168	43171	42617	43170	43157	41788	42936	42831	41226	43175	43176	43170	43171	43155	43106	40410	43161	43164	42991	42988	42994	43023	42989	43058	43176	43180	43180	43173	43180	43180	43040	43173	43181	43181	43169	43181	43176	43181	43176	43176	43169	42995	43043	43155	43177	43177	43177	43178	43179	43176	42555	43180	43178	43177	43178	43176	43179	43177	43177	43177	43180	43178	43180	43180	43180	43181	43181	43181	43129	43181	43181	43181	43181	43180	43180	43180	43180	43181	43181	43180	43166	43152	43165	43167	43166	43164	43161	43162	42958	42017	43170	43170	43170	43173	41310	43169	42602	43170	43032	43011	43031	43030	43033	43032	43032	42802	43030	43032	43030	43031	43030	43030	43032	43031	43036	43035	43040	43034	43178	43177	43181	43181	43181	43168	43181	43181	43181	43181	43166	43167	43148	43164	43165	43159	43160	43161	43160	43087	43170	43171	43168	43156	43168	43169	43169	38293	40826	43177	43181	43177	43181	43181	43176	42645	43164	36536	43160	43160	43160	42824	43159	43161	43147	43160	43163	43159	42066	43167	43142	39870	43164	39870	43130	43160	43161	43162	43160	43177	43181	43181	43181	43181	43178	43179	43181	43176	43175	43118	43178	43056	43173	42981	43174	43099
SILR_LP_353_Du-736	38958	43159	42855	43159	43155	43158	42258	43162	43162	42975	43163	43159	43160	43159	43159	43159	43159	43169	43176	43171	43176	43169	43173	43169	43176	43168	43159	43175	43176	43176	43177	43176	43177	43176	43176	43177	42187	43177	43177	43177	43177	43177	43177	43177	43177	43177	43177	43177	43177	43177	43177	43177	43174	43174	43177	43174	43164	43164	43162	42879	42634	43164	43162	42553	43172	43171	43171	43172	43149	43171	43067	43163	43172	43171	43159	43167	43169	43169	43172	42614	43171	43156	41784	42935	42832	41225	43171	43172	43171	43171	43152	43104	40406	43162	43162	42988	42987	42989	43019	42989	43054	43176	43176	43176	43169	43176	43176	43036	43169	43177	43177	43165	43177	43172	43177	43172	43172	43165	42991	43039	43156	43177	43177	43177	43177	43175	43177	42551	43177	43177	43177	43177	43177	43177	43177	43177	43177	43177	43177	43177	43177	43177	43177	43177	43177	43127	43177	43177	43177	43177	43177	43177	43177	43177	43177	43177	43177	43164	43153	43165	43166	43166	43165	43162	43163	42958	42015	43171	43171	43171	43172	41309	43170	42603	43171	43032	43012	43032	43031	43032	43032	43032	42803	43031	43032	43031	43032	43031	43031	43032	43032	43032	43032	43036	43032	43177	43177	43177	43177	43177	43169	43177	43177	43177	43177	43162	43163	43148	43160	43161	43160	43161	43161	43161	43083	43167	43168	43168	43156	43169	43168	43168	38289	40826	43176	43176	43176	43176	43176	43177	42643	43161	36531	43160	43161	43161	42824	43160	43161	43147	43160	43161	43160	42065	43163	43143	39868	43165	39865	43127	43161	43160	43161	43161	43174	43177	43177	43177	43177	43174	43177	43177	43177	43174	43116	43175	43052	43174	42977	43174	43095
STI_LP_027_Du-45	38484	42626	42330	42626	42623	42625	41735	42630	42629	42443	42630	42629	42629	42626	42627	42626	42626	42637	42646	42641	42646	42639	42643	42639	42645	42638	42634	42644	42644	42645	42646	42644	42644	42642	42642	42645	41654	42646	42643	42644	42645	42644	42646	42645	42644	42644	42646	42646	42645	42646	42646	42646	42643	42641	42646	42642	42631	42632	42632	42346	42104	42632	42630	42028	42639	42638	42638	42639	42618	42638	42535	42631	42640	42639	42626	42634	42637	42636	42639	42121	42638	42626	41255	42409	42306	40699	42641	42642	42638	42639	42622	42573	39927	42630	42631	42543	42541	42544	42574	42541	42525	42644	42646	42646	42639	42646	42646	42517	42639	42646	42646	42646	42646	42642	42646	42642	42642	42646	42545	42574	42624	42644	42644	42644	42645	42644	42643	42021	42645	42645	42644	42644	42643	42644	42644	42644	42644	42645	42645	42645	42645	42645	42646	42646	42646	42607	42646	42646	42646	42646	42645	42645	42645	42645	42646	42646	42645	42633	42621	42633	42635	42634	42633	42630	42630	42427	41488	42639	42638	42638	42641	40780	42637	42074	42639	42515	42499	42514	42514	42516	42515	42515	42289	42514	42515	42514	42514	42514	42514	42515	42514	42517	42516	42517	42515	42644	42644	42646	42646	42646	42636	42646	42646	42646	42646	42646	42646	42632	42645	42646	42643	42643	42644	42643	42552	42637	42638	42637	42635	42636	42638	42638	37826	40372	42643	42645	42643	42645	42645	42643	42646	42645	36155	42644	42643	42643	42308	42642	42644	42630	42644	42644	42642	41653	42646	42625	39392	42643	39388	42612	42643	42645	42645	42643	42642	42646	42646	42646	42646	42643	42646	42646	42643	42642	42585	42643	42521	42640	42446	42641	42564
STI_LP_028_Du-46	38948	43144	42843	43144	43140	43143	42250	43148	43147	42963	43148	43148	43149	43144	43145	43144	43144	43156	43165	43160	43165	43158	43162	43158	43165	43154	43148	43163	43161	43164	43165	43162	43162	43160	43160	43162	42173	43165	43161	43162	43165	43162	43165	43165	43161	43162	43165	43165	43165	43165	43165	43165	43162	43159	43165	43159	43149	43150	43151	42864	42622	43150	43147	42542	43157	43156	43156	43157	43134	43156	43052	43148	43158	43157	43144	43152	43155	43154	43157	42605	43156	43142	41773	42921	42817	41213	43160	43161	43156	43157	43141	43092	40395	43147	43150	42976	42971	42977	43007	42973	43043	43162	43165	43165	43158	43165	43165	43036	43158	43165	43165	43165	43165	43161	43165	43161	43161	43165	42979	43027	43140	43162	43162	43162	43162	43163	43161	42539	43165	43162	43162	43163	43161	43164	43162	43161	43162	43164	43162	43164	43164	43164	43165	43165	43165	43114	43165	43165	43165	43165	43165	43165	43165	43165	43165	43165	43165	43152	43138	43150	43152	43152	43150	43147	43148	42944	42003	43156	43156	43156	43158	41295	43155	42588	43156	43033	43012	43032	43031	43033	43033	43033	42803	43031	43033	43031	43032	43031	43031	43033	43032	43036	43036	43036	43035	43163	43162	43165	43165	43165	43154	43165	43165	43165	43165	43165	43165	43149	43164	43165	43160	43161	43162	43161	43072	43156	43157	43154	43141	43154	43155	43154	38277	40812	43161	43164	43161	43164	43164	43161	42645	43165	36535	43161	43161	43161	42825	43160	43162	43148	43161	43164	43160	42066	43165	43143	39870	43161	39869	43130	43161	43161	43162	43161	43162	43165	43165	43165	43165	43162	43163	43165	43161	43159	43102	43163	43040	43158	42965	43159	43083
STI_LP_029_Du-47	33161	36524	36288	36525	36524	36524	35848	36523	36522	36339	36523	36529	36529	36524	36525	36525	36524	36526	36536	36531	36536	36529	36533	36529	36535	36526	36524	36535	36533	36536	36536	36534	36532	36531	36531	36533	35915	36536	36531	36532	36535	36532	36536	36535	36532	36532	36536	36536	36535	36536	36536	36536	36533	36529	36536	36530	36526	36527	36528	36283	36138	36525	36523	35960	36527	36526	36526	36527	36512	36526	36425	36519	36528	36528	36522	36523	36527	36525	36527	36020	36526	36514	35254	36405	36247	34808	36532	36532	36527	36527	36513	36494	34324	36518	36521	36347	36344	36349	36378	36344	36529	36532	36536	36536	36529	36536	36536	36407	36529	36536	36536	36536	36536	36532	36536	36532	36532	36536	36350	36398	36512	36532	36532	36532	36533	36534	36531	36005	36535	36533	36532	36533	36531	36534	36532	36532	36532	36535	36533	36535	36535	36535	36536	36536	36536	36496	36536	36536	36536	36536	36535	36535	36535	36535	36536	36536	36535	36529	36514	36526	36528	36527	36526	36523	36523	36357	35591	36527	36526	36526	36529	34867	36525	35986	36527	36403	36387	36402	36402	36404	36403	36403	36266	36402	36403	36402	36402	36402	36402	36403	36402	36407	36406	36407	36405	36533	36532	36536	36536	36536	36524	36536	36536	36536	36536	36536	36536	36520	36535	36536	36531	36531	36532	36531	36492	36528	36528	36525	36513	36524	36526	36526	32784	34358	36532	36536	36532	36536	36536	36531	36155	36535	36536	36532	36531	36531	36357	36530	36532	36531	36532	36534	36530	35511	36536	36513	33853	36531	33927	36502	36531	36533	36533	36531	36532	36536	36536	36536	36536	36533	36534	36536	36531	36530	36493	36533	36448	36528	36374	36529	36454
STI_LP_030_Du-48	38945	43143	42840	43143	43140	43142	42250	43147	43146	42959	43147	43144	43145	43143	43144	43143	43143	43153	43161	43156	43161	43154	43158	43154	43161	43154	43145	43159	43160	43160	43161	43160	43161	43159	43159	43161	42171	43161	43160	43161	43161	43161	43161	43161	43160	43161	43161	43161	43161	43161	43161	43161	43158	43158	43161	43158	43148	43149	43147	42863	42619	43149	43147	42539	43156	43155	43155	43156	43133	43155	43052	43148	43157	43156	43143	43151	43154	43153	43156	42602	43155	43142	41770	42921	42817	41212	43156	43157	43155	43156	43138	43089	40391	43147	43147	42973	42971	42973	43003	42972	43040	43161	43161	43161	43154	43161	43161	43032	43154	43161	43161	43161	43161	43157	43161	43157	43157	43161	42975	43023	43139	43161	43161	43161	43161	43159	43160	42535	43161	43161	43161	43161	43160	43160	43161	43160	43161	43160	43161	43160	43161	43160	43161	43161	43161	43111	43161	43161	43161	43161	43161	43161	43161	43161	43161	43161	43161	43149	43138	43149	43151	43151	43150	43147	43147	42943	42000	43156	43155	43155	43157	41295	43154	42588	43156	43032	43012	43031	43031	43032	43032	43032	42803	43031	43032	43031	43031	43031	43031	43032	43031	43032	43032	43032	43031	43161	43161	43161	43161	43161	43153	43161	43161	43161	43161	43161	43161	43149	43160	43161	43160	43160	43161	43160	43068	43153	43154	43154	43141	43153	43154	43154	38275	40812	43160	43160	43160	43160	43160	43160	42644	43161	36532	43161	43160	43160	42825	43159	43161	43147	43160	43160	43159	42066	43161	43142	39869	43160	39866	43128	43160	43161	43161	43160	43158	43161	43161	43161	43161	43158	43161	43161	43160	43157	43100	43159	43036	43157	42961	43158	43079
STI_LP_031_Du-49	38944	43144	42840	43144	43140	43143	42249	43147	43147	42960	43148	43144	43145	43144	43144	43144	43144	43154	43161	43156	43161	43154	43158	43154	43161	43153	43144	43159	43160	43160	43161	43160	43161	43160	43160	43161	42171	43161	43161	43161	43161	43161	43161	43161	43161	43161	43161	43161	43161	43161	43161	43161	43158	43158	43161	43158	43149	43149	43147	42864	42619	43149	43147	42538	43157	43156	43156	43157	43134	43156	43052	43148	43157	43156	43144	43152	43154	43154	43157	42602	43156	43141	41769	42920	42817	41212	43156	43157	43156	43156	43137	43089	40391	43147	43147	42972	42971	42973	43003	42973	43039	43161	43161	43161	43154	43161	43161	43032	43154	43161	43161	43161	43161	43157	43161	43157	43157	43161	42975	43023	43140	43161	43161	43161	43161	43159	43161	42535	43161	43161	43161	43161	43161	43161	43161	43161	43161	43161	43161	43161	43161	43161	43161	43161	43161	43111	43161	43161	43161	43161	43161	43161	43161	43161	43161	43161	43161	43149	43138	43150	43151	43151	43150	43147	43148	42943	42000	43156	43156	43156	43157	41294	43155	42588	43156	43032	43012	43032	43031	43032	43032	43032	42803	43031	43032	43031	43032	43031	43031	43032	43032	43032	43032	43032	43032	43161	43161	43161	43161	43161	43154	43161	43161	43161	43161	43161	43161	43148	43160	43161	43160	43161	43161	43161	43068	43152	43153	43153	43141	43154	43153	43153	38274	40811	43160	43160	43160	43160	43160	43161	42643	43161	36531	43160	43161	43161	42824	43160	43161	43147	43160	43161	43160	42065	43161	43143	39868	43161	39865	43127	43161	43160	43161	43161	43158	43161	43161	43161	43161	43158	43161	43161	43161	43158	43100	43159	43036	43158	42961	43158	43079
STI_LP_032_Du-50	38944	43144	42840	43144	43140	43143	42249	43147	43147	42960	43148	43144	43145	43144	43144	43144	43144	43154	43161	43156	43161	43154	43158	43154	43161	43153	43144	43159	43160	43160	43161	43160	43161	43160	43160	43161	42171	43161	43161	43161	43161	43161	43161	43161	43161	43161	43161	43161	43161	43161	43161	43161	43158	43158	43161	43158	43149	43149	43147	42864	42619	43149	43147	42538	43157	43156	43156	43157	43134	43156	43052	43148	43157	43156	43144	43152	43154	43154	43157	42602	43156	43141	41769	42920	42817	41212	43156	43157	43156	43156	43137	43089	40391	43147	43147	42972	42971	42973	43003	42973	43039	43161	43161	43161	43154	43161	43161	43032	43154	43161	43161	43161	43161	43157	43161	43157	43157	43161	42975	43023	43140	43161	43161	43161	43161	43159	43161	42535	43161	43161	43161	43161	43161	43161	43161	43161	43161	43161	43161	43161	43161	43161	43161	43161	43161	43111	43161	43161	43161	43161	43161	43161	43161	43161	43161	43161	43161	43149	43138	43150	43151	43151	43150	43147	43148	42943	42000	43156	43156	43156	43157	41294	43155	42588	43156	43032	43012	43032	43031	43032	43032	43032	42803	43031	43032	43031	43032	43031	43031	43032	43032	43032	43032	43032	43032	43161	43161	43161	43161	43161	43154	43161	43161	43161	43161	43161	43161	43148	43160	43161	43160	43161	43161	43161	43068	43152	43153	43153	43141	43154	43153	43153	38274	40811	43160	43160	43160	43160	43160	43161	42643	43161	36531	43160	43161	43161	42824	43160	43161	43147	43160	43161	43160	42065	43161	43143	39868	43161	39865	43127	43161	43160	43161	43161	43158	43161	43161	43161	43161	43158	43161	43161	43161	43158	43100	43159	43036	43158	42961	43158	43079
STI_LP_033_Du-51	38681	42807	42504	42807	42804	42806	41935	42811	42810	42623	42811	42808	42809	42807	42808	42807	42807	42817	42825	42820	42825	42818	42822	42818	42825	42818	42809	42823	42824	42824	42825	42824	42825	42823	42823	42825	41835	42825	42824	42825	42825	42825	42825	42825	42824	42825	42825	42825	42825	42825	42825	42825	42822	42822	42825	42822	42812	42813	42811	42527	42286	42813	42811	42203	42820	42819	42819	42820	42797	42819	42716	42812	42821	42820	42807	42815	42818	42817	42820	42267	42819	42806	41436	42585	42493	40879	42820	42821	42819	42820	42802	42753	40119	42811	42811	42637	42635	42637	42667	42636	42704	42825	42825	42825	42818	42825	42825	42696	42818	42825	42825	42825	42825	42821	42825	42821	42821	42825	42639	42687	42803	42825	42825	42825	42825	42823	42824	42220	42825	42825	42825	42825	42824	42824	42825	42824	42825	42824	42825	42824	42825	42824	42825	42825	42825	42775	42825	42825	42825	42825	42825	42825	42825	42825	42825	42825	42825	42813	42802	42813	42815	42815	42814	42813	42813	42609	41667	42820	42819	42819	42821	40960	42818	42252	42820	42696	42676	42695	42695	42696	42696	42696	42478	42695	42696	42695	42695	42695	42695	42696	42695	42696	42696	42696	42695	42825	42825	42825	42825	42825	42817	42825	42825	42825	42825	42825	42825	42813	42824	42825	42824	42824	42825	42824	42743	42817	42818	42818	42805	42817	42818	42818	37970	40476	42824	42824	42824	42824	42824	42824	42308	42825	36357	42825	42824	42824	42825	42823	42825	42811	42824	42824	42823	41738	42825	42806	39574	42824	39531	42792	42824	42825	42825	42824	42822	42825	42825	42825	42825	42822	42825	42825	42824	42821	42764	42823	42700	42821	42625	42822	42743
STI_LP_034_Du-52	38943	43143	42839	43143	43139	43142	42248	43146	43146	42959	43147	43143	43144	43143	43143	43143	43143	43153	43160	43155	43160	43153	43157	43153	43160	43152	43143	43158	43159	43159	43160	43159	43160	43159	43159	43160	42170	43160	43160	43160	43160	43160	43160	43160	43160	43160	43160	43160	43160	43160	43160	43160	43157	43157	43160	43157	43148	43148	43146	42863	42618	43148	43146	42537	43156	43155	43155	43156	43133	43155	43051	43147	43156	43155	43143	43151	43153	43153	43156	42601	43155	43140	41768	42919	42816	41211	43155	43156	43155	43155	43136	43088	40390	43146	43146	42971	42970	42972	43002	42972	43038	43160	43160	43160	43153	43160	43160	43031	43153	43160	43160	43160	43160	43156	43160	43156	43156	43160	42974	43022	43139	43160	43160	43160	43160	43158	43160	42534	43160	43160	43160	43160	43160	43160	43160	43160	43160	43160	43160	43160	43160	43160	43160	43160	43160	43110	43160	43160	43160	43160	43160	43160	43160	43160	43160	43160	43160	43148	43137	43149	43150	43150	43149	43146	43147	42942	41999	43155	43155	43155	43156	41293	43154	42587	43155	43031	43011	43031	43030	43031	43031	43031	42802	43030	43031	43030	43031	43030	43030	43031	43031	43031	43031	43031	43031	43160	43160	43160	43160	43160	43153	43160	43160	43160	43160	43160	43160	43147	43160	43160	43159	43160	43160	43160	43067	43151	43152	43152	43140	43153	43152	43152	38273	40810	43159	43159	43159	43159	43159	43160	42642	43160	36530	43159	43160	43160	42823	43160	43160	43146	43159	43160	43160	42065	43160	43142	39867	43160	39864	43126	43160	43159	43160	43160	43157	43160	43160	43160	43160	43157	43160	43160	43160	43157	43099	43158	43035	43157	42960	43157	43078
STI_LP_035_Du-53	38945	43144	42840	43144	43140	43143	42250	43148	43147	42960	43148	43145	43146	43144	43145	43144	43144	43154	43162	43157	43162	43155	43159	43155	43162	43154	43145	43160	43161	43161	43162	43161	43162	43160	43160	43162	42172	43162	43161	43162	43162	43162	43162	43162	43161	43162	43162	43162	43162	43162	43162	43162	43159	43159	43162	43159	43149	43150	43148	42864	42619	43150	43147	42539	43157	43156	43156	43157	43134	43156	43052	43148	43158	43157	43144	43152	43155	43154	43157	42602	43156	43142	41770	42921	42817	41212	43157	43158	43156	43157	43138	43089	40392	43147	43147	42973	42971	42974	43004	42973	43040	43162	43162	43162	43155	43162	43162	43033	43155	43162	43162	43162	43162	43158	43162	43158	43158	43162	42976	43024	43140	43162	43162	43162	43162	43160	43161	42536	43162	43162	43162	43162	43161	43161	43162	43161	43162	43161	43162	43161	43162	43161	43162	43162	43162	43112	43162	43162	43162	43162	43162	43162	43162	43162	43162	43162	43162	43149	43138	43150	43152	43152	43150	43147	43148	42943	42000	43156	43156	43156	43158	41295	43155	42588	43156	43033	43012	43032	43031	43033	43033	43033	42803	43031	43033	43031	43032	43031	43031	43033	43032	43033	43033	43033	43032	43162	43162	43162	43162	43162	43154	43162	43162	43162	43162	43162	43162	43149	43161	43162	43160	43161	43162	43161	43069	43153	43154	43154	43141	43154	43154	43154	38275	40812	43161	43161	43161	43161	43161	43161	42644	43162	36532	43161	43161	43161	42825	43160	43162	43147	43160	43161	43160	42066	43162	43143	39869	43161	39866	43128	43161	43161	43162	43161	43159	43162	43162	43162	43162	43159	43162	43162	43161	43158	43101	43160	43037	43158	42962	43159	43080
STI_LP_036_Du-54	38932	43130	42828	43130	43127	43129	42236	43133	43133	42947	43134	43131	43132	43130	43130	43130	43130	43141	43148	43143	43148	43141	43145	43141	43148	43140	43132	43146	43146	43147	43148	43146	43147	43146	43146	43147	42158	43148	43147	43147	43148	43147	43148	43148	43147	43147	43148	43148	43148	43148	43148	43148	43145	43144	43148	43144	43135	43135	43134	42850	42607	43135	43134	42526	43143	43142	43142	43143	43120	43142	43039	43135	43143	43142	43130	43138	43140	43140	43143	42590	43142	43128	41757	42907	42804	41199	43143	43144	43142	43142	43125	43077	40378	43134	43135	42960	42958	42960	42990	42959	43027	43147	43148	43148	43141	43148	43148	43019	43141	43148	43148	43148	43148	43144	43148	43144	43144	43148	42962	43010	43126	43147	43147	43147	43147	43146	43147	42522	43148	43147	43147	43148	43147	43148	43147	43147	43147	43148	43147	43148	43148	43148	43148	43148	43148	43098	43148	43148	43148	43148	43148	43148	43148	43148	43148	43148	43148	43137	43125	43136	43137	43137	43137	43134	43134	42930	41988	43143	43142	43142	43143	41281	43141	42575	43143	43018	42999	43018	43018	43018	43018	43018	42790	43018	43018	43018	43018	43018	43018	43018	43018	43019	43019	43019	43019	43148	43147	43148	43148	43148	43140	43148	43148	43148	43148	43148	43148	43135	43147	43148	43147	43147	43147	43147	43055	43140	43141	43140	43128	43140	43140	43140	38262	40798	43146	43147	43146	43147	43147	43147	42630	43148	36531	43147	43147	43147	42811	43146	43147	43148	43147	43148	43146	42052	43148	43129	39858	43147	39862	43115	43147	43147	43147	43147	43145	43148	43148	43148	43148	43145	43147	43148	43147	43144	43086	43146	43023	43144	42948	43144	43066
STI_LP_037_Du-55	38945	43143	42841	43143	43140	43142	42249	43146	43146	42960	43147	43144	43145	43143	43143	43143	43143	43154	43161	43156	43161	43154	43158	43154	43161	43153	43145	43159	43159	43160	43161	43159	43160	43159	43159	43160	42170	43161	43160	43160	43161	43160	43161	43161	43160	43160	43161	43161	43161	43161	43161	43161	43158	43157	43161	43157	43148	43148	43147	42863	42620	43148	43147	42539	43156	43155	43155	43156	43133	43155	43052	43148	43156	43155	43143	43151	43153	43153	43156	42603	43155	43141	41770	42920	42817	41213	43156	43157	43155	43155	43138	43090	40391	43147	43148	42973	42971	42973	43003	42972	43040	43160	43161	43161	43154	43161	43161	43032	43154	43161	43161	43161	43161	43157	43161	43157	43157	43161	42975	43023	43139	43160	43160	43160	43160	43159	43160	42535	43161	43160	43160	43160	43160	43161	43160	43160	43160	43161	43160	43161	43160	43161	43161	43161	43161	43110	43161	43161	43161	43161	43161	43161	43161	43161	43161	43161	43161	43150	43138	43149	43150	43150	43150	43147	43147	42944	42001	43156	43155	43155	43156	41294	43154	42588	43156	43031	43012	43031	43031	43031	43031	43031	42803	43031	43031	43031	43031	43031	43031	43031	43031	43032	43032	43032	43032	43160	43160	43161	43161	43161	43153	43161	43161	43161	43161	43161	43161	43148	43160	43161	43160	43160	43160	43160	43068	43153	43154	43153	43141	43153	43154	43153	38274	40811	43159	43160	43159	43160	43160	43160	42644	43161	36532	43160	43160	43160	42824	43159	43160	43147	43161	43161	43159	42065	43161	43142	39869	43160	39866	43127	43160	43160	43160	43160	43158	43161	43161	43161	43161	43158	43161	43161	43160	43158	43100	43159	43036	43157	42961	43157	43079
STI_LP_038_Du-56	38947	43144	42843	43144	43140	43143	42249	43147	43147	42963	43148	43147	43148	43144	43144	43144	43144	43156	43164	43159	43164	43157	43161	43157	43164	43153	43147	43162	43160	43163	43164	43161	43161	43160	43160	43161	42172	43164	43161	43161	43164	43161	43164	43164	43161	43161	43164	43164	43164	43164	43164	43164	43161	43158	43164	43158	43149	43149	43150	42864	42622	43149	43147	42541	43157	43156	43156	43157	43134	43156	43052	43148	43157	43156	43144	43152	43154	43154	43157	42605	43156	43141	41772	42920	42817	41213	43159	43160	43156	43156	43140	43092	40394	43147	43150	42975	42971	42976	43006	42973	43042	43161	43164	43164	43157	43164	43164	43035	43157	43164	43164	43164	43164	43160	43164	43160	43160	43164	42978	43026	43140	43161	43161	43161	43161	43162	43161	42538	43164	43161	43161	43162	43161	43164	43161	43161	43161	43164	43161	43164	43163	43164	43164	43164	43164	43113	43164	43164	43164	43164	43164	43164	43164	43164	43164	43164	43164	43152	43138	43150	43151	43151	43150	43147	43148	42944	42003	43156	43156	43156	43157	41294	43155	42588	43156	43032	43012	43032	43031	43032	43032	43032	42803	43031	43032	43031	43032	43031	43031	43032	43032	43035	43035	43035	43035	43162	43161	43164	43164	43164	43154	43164	43164	43164	43164	43164	43164	43148	43163	43164	43160	43161	43161	43161	43071	43155	43156	43153	43141	43154	43154	43153	38276	40811	43160	43163	43160	43163	43163	43161	42644	43164	36534	43160	43161	43161	42824	43160	43161	43148	43161	43164	43160	42065	43164	43143	39869	43161	39868	43129	43161	43160	43161	43161	43161	43164	43164	43164	43164	43161	43162	43164	43161	43159	43101	43162	43039	43158	42964	43158	43082
STI_LP_039_Du-57	38943	43143	42839	43143	43139	43142	42248	43146	43146	42959	43147	43143	43144	43143	43143	43143	43143	43153	43160	43155	43160	43153	43157	43153	43160	43152	43143	43158	43159	43159	43160	43159	43160	43159	43159	43160	42170	43160	43160	43160	43160	43160	43160	43160	43160	43160	43160	43160	43160	43160	43160	43160	43157	43157	43160	43157	43148	43148	43146	42863	42618	43148	43146	42537	43156	43155	43155	43156	43133	43155	43051	43147	43156	43155	43143	43151	43153	43153	43156	42601	43155	43140	41768	42919	42816	41211	43155	43156	43155	43155	43136	43088	40390	43146	43146	42971	42970	42972	43002	42972	43038	43160	43160	43160	43153	43160	43160	43031	43153	43160	43160	43160	43160	43156	43160	43156	43156	43160	42974	43022	43139	43160	43160	43160	43160	43158	43160	42534	43160	43160	43160	43160	43160	43160	43160	43160	43160	43160	43160	43160	43160	43160	43160	43160	43160	43110	43160	43160	43160	43160	43160	43160	43160	43160	43160	43160	43160	43148	43137	43149	43150	43150	43149	43146	43147	42942	41999	43155	43155	43155	43156	41293	43154	42587	43155	43031	43011	43031	43030	43031	43031	43031	42802	43030	43031	43030	43031	43030	43030	43031	43031	43031	43031	43031	43031	43160	43160	43160	43160	43160	43153	43160	43160	43160	43160	43160	43160	43147	43160	43160	43159	43160	43160	43160	43067	43151	43152	43152	43140	43153	43152	43152	38273	40810	43159	43159	43159	43159	43159	43160	42642	43160	36530	43159	43160	43160	42823	43160	43160	43146	43159	43160	43160	42065	43160	43142	39867	43160	39864	43126	43160	43159	43160	43160	43157	43160	43160	43160	43160	43157	43160	43160	43160	43157	43099	43158	43035	43157	42960	43157	43078
STI_LP_040_Du-58	37970	42048	41755	42048	42047	42048	41169	42053	42052	41882	42052	42050	42051	42049	42050	42048	42049	42058	42066	42061	42066	42059	42063	42059	42066	42059	42050	42065	42066	42066	42066	42066	42066	42065	42065	42066	41126	42066	42065	42066	42066	42066	42066	42066	42065	42066	42066	42066	42066	42066	42066	42066	42063	42063	42066	42063	42053	42054	42052	41787	41544	42054	42052	41506	42061	42060	42060	42061	42042	42060	41966	42053	42062	42062	42053	42058	42061	42059	42061	41569	42060	42047	40765	41835	41729	40184	42062	42062	42061	42061	42044	41994	39484	42052	42052	41936	41935	41937	41962	41936	41945	42066	42066	42066	42059	42066	42066	41937	42059	42066	42066	42066	42066	42062	42066	42062	42062	42066	41937	41981	42053	42066	42066	42066	42066	42064	42065	41462	42066	42066	42066	42066	42065	42065	42066	42065	42066	42065	42066	42065	42066	42065	42066	42066	42066	42029	42066	42066	42066	42066	42066	42066	42066	42066	42066	42066	42066	42055	42043	42054	42056	42056	42055	42052	42052	41860	40987	42061	42060	42060	42062	40303	42059	41573	42061	41937	41918	41936	41936	41937	41937	41937	41711	41936	41937	41936	41936	41936	41936	41937	41936	41937	41937	41937	41936	42066	42066	42066	42066	42066	42059	42066	42066	42066	42066	42066	42066	42054	42066	42066	42065	42065	42066	42065	41985	42058	42059	42059	42046	42058	42059	42059	37406	40011	42066	42066	42066	42066	42066	42065	41653	42066	35511	42066	42065	42065	41738	42065	42066	42052	42065	42065	42065	42066	42066	42047	38849	42065	38859	42033	42065	42066	42066	42065	42063	42066	42066	42066	42066	42063	42066	42066	42065	42062	42005	42064	41960	42062	41874	42063	41993
STI_LP_041_Du-60	38951	43146	42846	43146	43142	43145	42253	43150	43149	42965	43150	43151	43151	43146	43147	43146	43146	43158	43168	43163	43168	43161	43165	43161	43167	43157	43151	43166	43164	43167	43168	43165	43164	43162	43162	43165	42175	43168	43163	43164	43167	43164	43168	43167	43164	43164	43168	43168	43167	43168	43168	43168	43165	43161	43168	43162	43151	43152	43154	42866	42625	43152	43149	42545	43159	43158	43158	43159	43136	43158	43054	43150	43160	43159	43146	43154	43157	43156	43159	42608	43158	43145	41776	42924	42819	41216	43163	43164	43158	43159	43143	43094	40398	43149	43152	42978	42974	42980	43010	42975	43046	43164	43168	43168	43161	43168	43168	43039	43161	43168	43168	43168	43168	43164	43168	43164	43164	43168	42982	43030	43142	43164	43164	43164	43165	43166	43163	42542	43167	43165	43164	43165	43163	43166	43164	43164	43164	43167	43165	43167	43167	43167	43168	43168	43168	43116	43168	43168	43168	43168	43167	43167	43167	43167	43168	43168	43167	43154	43140	43153	43155	43154	43152	43149	43150	42946	42005	43158	43158	43158	43161	41298	43157	42590	43158	43033	43012	43032	43031	43034	43033	43033	42803	43031	43033	43031	43032	43031	43031	43033	43032	43037	43036	43039	43035	43165	43164	43168	43168	43168	43156	43168	43168	43168	43168	43167	43168	43149	43165	43166	43160	43161	43162	43161	43074	43158	43159	43156	43144	43156	43157	43157	38280	40814	43163	43167	43163	43167	43167	43163	42646	43165	36536	43161	43161	43161	42825	43160	43162	43148	43161	43164	43160	42066	43168	43143	39871	43161	39870	43131	43161	43162	43163	43161	43164	43168	43168	43168	43168	43165	43166	43168	43163	43162	43105	43165	43043	43160	42968	43161	43086
STI_LP_042_Du-61	38926	43126	42822	43126	43122	43125	42231	43129	43129	42942	43130	43126	43127	43126	43126	43126	43126	43136	43143	43138	43143	43136	43140	43136	43143	43135	43126	43141	43142	43142	43143	43142	43143	43142	43142	43143	42153	43143	43143	43143	43143	43143	43143	43143	43143	43143	43143	43143	43143	43143	43143	43143	43140	43140	43143	43140	43131	43131	43129	42846	42601	43131	43129	42520	43139	43138	43138	43139	43116	43138	43034	43130	43139	43138	43126	43134	43136	43136	43139	42584	43138	43123	41752	42902	42799	41194	43138	43139	43138	43138	43119	43071	40373	43129	43129	42954	42953	42955	42985	42955	43021	43143	43143	43143	43136	43143	43143	43014	43136	43143	43143	43143	43143	43139	43143	43139	43139	43143	42957	43005	43122	43143	43143	43143	43143	43141	43143	42520	43143	43143	43143	43143	43143	43143	43143	43143	43143	43143	43143	43143	43143	43143	43143	43143	43143	43093	43143	43143	43143	43143	43143	43143	43143	43143	43143	43143	43143	43131	43120	43132	43133	43133	43132	43129	43130	42925	41982	43138	43138	43138	43139	41280	43137	42570	43138	43014	42994	43014	43013	43014	43014	43014	42785	43013	43014	43013	43014	43013	43013	43014	43014	43014	43014	43014	43014	43143	43143	43143	43143	43143	43136	43143	43143	43143	43143	43143	43143	43130	43142	43143	43142	43143	43143	43143	43050	43134	43135	43135	43123	43136	43135	43135	38259	40793	43142	43142	43142	43142	43142	43143	42625	43143	36513	43142	43143	43143	42806	43142	43143	43129	43142	43143	43142	42047	43143	43143	39850	43143	39847	43109	43143	43142	43143	43143	43140	43143	43143	43143	43143	43140	43143	43143	43143	43140	43082	43141	43018	43140	42943	43140	43061
TIL_LP_123_Du-263	36037	39851	39550	39851	39848	39850	39047	39855	39854	39681	39855	39854	39854	39851	39852	39851	39851	39862	39871	39866	39871	39864	39868	39864	39870	39863	39855	39869	39869	39870	39871	39869	39869	39867	39867	39870	39096	39871	39868	39869	39870	39869	39871	39870	39869	39869	39871	39871	39870	39871	39871	39871	39868	39866	39871	39867	39856	39857	39860	39571	39334	39857	39855	39258	39864	39863	39863	39864	39843	39863	39773	39856	39865	39864	39851	39860	39862	39861	39864	39408	39863	39851	38560	39679	39574	38060	39866	39867	39863	39864	39847	39798	37305	39855	39856	39682	39680	39683	39713	39680	39813	39869	39871	39871	39864	39871	39871	39742	39864	39871	39871	39871	39871	39867	39871	39867	39867	39871	39685	39733	39847	39869	39869	39869	39870	39869	39868	39295	39870	39870	39869	39869	39868	39869	39869	39869	39869	39870	39870	39870	39870	39870	39871	39871	39871	39819	39871	39871	39871	39871	39870	39870	39870	39870	39871	39871	39870	39858	39846	39858	39860	39859	39858	39858	39858	39694	38814	39864	39863	39863	39866	38095	39862	39451	39864	39740	39728	39739	39739	39741	39740	39740	39536	39739	39740	39739	39739	39739	39739	39740	39739	39742	39741	39742	39740	39869	39869	39871	39871	39871	39861	39871	39871	39871	39871	39871	39871	39857	39870	39871	39868	39868	39869	39868	39798	39862	39863	39862	39862	39861	39863	39863	35295	37715	39868	39870	39868	39870	39870	39868	39392	39870	33853	39869	39868	39868	39574	39867	39869	39858	39869	39869	39867	38849	39871	39850	39871	39868	36819	39837	39868	39870	39870	39868	39867	39871	39871	39871	39871	39868	39871	39871	39868	39867	39810	39868	39811	39865	39715	39866	39789
TIL_LP_124_Du-264	38948	43148	42844	43148	43144	43147	42253	43151	43151	42964	43152	43148	43149	43148	43148	43148	43148	43158	43165	43160	43165	43158	43162	43158	43165	43157	43148	43163	43164	43164	43165	43164	43165	43164	43164	43165	42175	43165	43165	43165	43165	43165	43165	43165	43165	43165	43165	43165	43165	43165	43165	43165	43162	43162	43165	43162	43153	43153	43151	42868	42623	43153	43151	42542	43161	43160	43160	43161	43138	43160	43056	43152	43161	43160	43148	43156	43158	43158	43161	42603	43160	43145	41773	42924	42821	41214	43160	43161	43160	43160	43141	43093	40395	43151	43151	42976	42975	42977	43007	42977	43043	43165	43165	43165	43158	43165	43165	43032	43158	43165	43165	43161	43165	43161	43165	43161	43161	43161	42979	43027	43144	43165	43165	43165	43165	43163	43165	42539	43165	43165	43165	43165	43165	43165	43165	43165	43165	43165	43165	43165	43165	43165	43165	43165	43165	43115	43165	43165	43165	43165	43165	43165	43165	43165	43165	43165	43165	43153	43142	43154	43155	43155	43154	43151	43152	42947	42004	43160	43160	43160	43161	41298	43159	42592	43160	43032	43012	43032	43031	43032	43032	43032	42803	43031	43032	43031	43032	43031	43031	43032	43032	43032	43032	43032	43032	43165	43165	43165	43165	43165	43158	43165	43165	43165	43165	43161	43161	43148	43160	43161	43160	43161	43161	43161	43072	43156	43157	43157	43145	43158	43157	43157	38278	40815	43164	43164	43164	43164	43164	43165	42643	43161	36531	43160	43161	43161	42824	43160	43161	43147	43160	43161	43160	42065	43161	43143	39868	43165	39865	43127	43161	43160	43161	43161	43162	43165	43165	43165	43165	43162	43165	43165	43165	43162	43104	43163	43040	43162	42965	43162	43083
TIL_LP_125_Du-265	36030	39848	39571	39848	39846	39847	39053	39852	39851	39670	39852	39853	39853	39848	39849	39848	39848	39860	39870	39865	39870	39863	39867	39863	39869	39860	39854	39869	39867	39870	39870	39868	39866	39865	39865	39867	39073	39870	39865	39866	39869	39866	39870	39869	39866	39866	39870	39870	39869	39870	39870	39870	39867	39863	39870	39864	39853	39854	39856	39569	39347	39854	39852	39305	39861	39860	39860	39861	39838	39860	39757	39853	39862	39862	39850	39856	39860	39858	39861	39361	39860	39854	38732	39634	39577	38168	39866	39866	39861	39861	39852	39801	37448	39852	39855	39681	39678	39683	39712	39678	39838	39866	39870	39870	39863	39870	39870	39758	39863	39870	39870	39870	39870	39866	39870	39866	39866	39870	39684	39732	39846	39866	39866	39866	39867	39868	39865	39293	39869	39867	39866	39867	39865	39868	39866	39866	39866	39869	39867	39869	39869	39869	39870	39870	39870	39819	39870	39870	39870	39870	39869	39869	39869	39869	39870	39870	39869	39859	39844	39856	39858	39857	39856	39853	39853	39670	38855	39861	39860	39860	39863	38142	39859	39362	39861	39754	39751	39753	39753	39755	39754	39754	39533	39753	39754	39753	39753	39753	39753	39754	39753	39758	39757	39758	39756	39867	39866	39870	39870	39870	39858	39870	39870	39870	39870	39870	39870	39854	39869	39870	39865	39865	39866	39865	39799	39862	39862	39859	39847	39858	39860	39860	35403	37890	39866	39870	39866	39870	39870	39865	39388	39869	33927	39866	39865	39865	39531	39864	39866	39862	39866	39868	39864	38859	39870	39847	36819	39865	39870	39836	39865	39867	39867	39865	39866	39870	39870	39870	39870	39867	39868	39870	39865	39864	39807	39867	39746	39862	39670	39863	39789
TIL_LP_126_Du-266	38915	43110	42810	43110	43107	43109	42218	43114	43113	42928	43114	43114	43114	43110	43111	43110	43110	43121	43131	43126	43131	43124	43128	43124	43130	43122	43115	43129	43128	43130	43131	43129	43128	43126	43126	43129	42139	43131	43127	43128	43130	43128	43131	43130	43128	43128	43131	43131	43130	43131	43131	43131	43128	43125	43131	43126	43115	43116	43117	42830	42589	43116	43114	42534	43123	43122	43122	43123	43100	43122	43030	43115	43124	43123	43110	43118	43121	43120	43123	42572	43122	43110	41740	42889	42784	41180	43126	43127	43122	43123	43107	43058	40378	43114	43116	42942	42939	42943	42973	42939	43010	43128	43131	43131	43124	43131	43131	43002	43124	43131	43131	43131	43131	43127	43131	43127	43127	43131	42945	42993	43106	43128	43128	43128	43129	43129	43127	42505	43130	43129	43128	43129	43127	43129	43128	43128	43128	43130	43129	43130	43131	43130	43131	43131	43131	43080	43131	43131	43131	43131	43130	43130	43130	43130	43131	43131	43130	43118	43105	43117	43119	43118	43117	43114	43114	42910	41992	43123	43122	43122	43125	41263	43121	42555	43123	42999	42979	42998	42998	43000	42999	42999	42770	42998	42999	42998	42998	42998	42998	42999	42998	43002	43001	43002	43000	43129	43128	43131	43131	43131	43120	43131	43131	43131	43131	43131	43131	43116	43130	43131	43127	43127	43128	43127	43037	43122	43123	43121	43109	43120	43121	43122	38245	40779	43127	43130	43127	43130	43130	43127	42612	43130	36502	43128	43127	43127	42792	43126	43128	43115	43127	43129	43126	42033	43131	43109	39837	43127	39836	43131	43127	43129	43129	43127	43127	43131	43131	43131	43131	43128	43129	43131	43127	43125	43068	43128	43006	43124	42931	43125	43049
TIL_LP_128_Du-268	38944	43144	42840	43144	43140	43143	42249	43147	43147	42960	43148	43144	43145	43144	43144	43144	43144	43154	43161	43156	43161	43154	43158	43154	43161	43153	43144	43159	43160	43160	43161	43160	43161	43160	43160	43161	42171	43161	43161	43161	43161	43161	43161	43161	43161	43161	43161	43161	43161	43161	43161	43161	43158	43158	43161	43158	43149	43149	43147	42864	42619	43149	43147	42538	43157	43156	43156	43157	43134	43156	43052	43148	43157	43156	43144	43152	43154	43154	43157	42602	43156	43141	41769	42920	42817	41212	43156	43157	43156	43156	43137	43089	40391	43147	43147	42972	42971	42973	43003	42973	43039	43161	43161	43161	43154	43161	43161	43032	43154	43161	43161	43161	43161	43157	43161	43157	43157	43161	42975	43023	43140	43161	43161	43161	43161	43159	43161	42535	43161	43161	43161	43161	43161	43161	43161	43161	43161	43161	43161	43161	43161	43161	43161	43161	43161	43111	43161	43161	43161	43161	43161	43161	43161	43161	43161	43161	43161	43149	43138	43150	43151	43151	43150	43147	43148	42943	42000	43156	43156	43156	43157	41294	43155	42588	43156	43032	43012	43032	43031	43032	43032	43032	42803	43031	43032	43031	43032	43031	43031	43032	43032	43032	43032	43032	43032	43161	43161	43161	43161	43161	43154	43161	43161	43161	43161	43161	43161	43148	43160	43161	43160	43161	43161	43161	43068	43152	43153	43153	43141	43154	43153	43153	38274	40811	43160	43160	43160	43160	43160	43161	42643	43161	36531	43160	43161	43161	42824	43160	43161	43147	43160	43161	43160	42065	43161	43143	39868	43161	39865	43127	43161	43160	43161	43161	43158	43161	43161	43161	43161	43158	43161	43161	43161	43158	43100	43159	43036	43158	42961	43158	43079
TIL_LP_129_Du-269	38946	43143	42841	43143	43140	43142	42251	43147	43146	42959	43147	43145	43145	43143	43144	43143	43143	43153	43162	43157	43162	43155	43159	43155	43161	43155	43146	43160	43161	43161	43162	43161	43161	43159	43159	43162	42171	43162	43160	43161	43161	43161	43162	43161	43161	43161	43162	43162	43161	43162	43162	43162	43159	43158	43162	43159	43148	43149	43148	42863	42620	43149	43147	42540	43156	43155	43155	43156	43133	43155	43052	43148	43157	43156	43143	43151	43154	43153	43156	42603	43155	43143	41771	42922	42817	41213	43157	43158	43155	43156	43138	43089	40392	43147	43147	42973	42972	42974	43004	42972	43041	43161	43162	43162	43155	43162	43162	43033	43155	43162	43162	43162	43162	43158	43162	43158	43158	43162	42976	43024	43139	43161	43161	43161	43162	43160	43160	42536	43161	43162	43161	43161	43160	43160	43161	43161	43161	43161	43162	43161	43162	43161	43162	43162	43162	43111	43162	43162	43162	43162	43161	43161	43161	43161	43162	43162	43161	43149	43138	43150	43152	43151	43150	43147	43147	42943	42000	43156	43155	43155	43158	41296	43154	42588	43156	43032	43012	43031	43031	43033	43032	43032	42803	43031	43032	43031	43031	43031	43031	43032	43031	43033	43032	43033	43031	43161	43161	43162	43162	43162	43153	43162	43162	43162	43162	43162	43162	43149	43161	43162	43160	43160	43161	43160	43068	43153	43154	43154	43142	43153	43154	43155	38276	40812	43160	43161	43160	43161	43161	43160	42645	43161	36533	43161	43160	43160	42825	43159	43161	43147	43160	43160	43159	42066	43162	43142	39870	43160	39867	43129	43160	43162	43162	43160	43158	43162	43162	43162	43162	43159	43162	43162	43160	43158	43101	43159	43037	43157	42962	43158	43080
TIL_LP_130_Du-271	38946	43144	42841	43144	43140	43143	42251	43148	43147	42960	43148	43146	43146	43144	43145	43144	43144	43154	43163	43158	43163	43156	43160	43156	43162	43155	43146	43161	43162	43162	43163	43162	43162	43160	43160	43163	42172	43163	43161	43162	43162	43162	43163	43162	43162	43162	43163	43163	43162	43163	43163	43163	43160	43159	43163	43160	43149	43150	43149	42864	42620	43150	43147	42540	43157	43156	43156	43157	43134	43156	43052	43148	43158	43157	43144	43152	43155	43154	43157	42603	43156	43143	41771	42922	42817	41213	43158	43159	43156	43157	43138	43089	40393	43147	43147	42973	42972	42975	43005	42973	43041	43162	43163	43163	43156	43163	43163	43034	43156	43163	43163	43163	43163	43159	43163	43159	43159	43163	42977	43025	43140	43162	43162	43162	43163	43161	43161	42537	43162	43163	43162	43162	43161	43161	43162	43162	43162	43162	43163	43162	43163	43162	43163	43163	43163	43112	43163	43163	43163	43163	43162	43162	43162	43162	43163	43163	43162	43149	43138	43151	43153	43152	43150	43147	43148	42943	42000	43156	43156	43156	43159	41296	43155	42588	43156	43033	43012	43032	43031	43034	43033	43033	42803	43031	43033	43031	43032	43031	43031	43033	43032	43034	43033	43034	43032	43162	43162	43163	43163	43163	43154	43163	43163	43163	43163	43163	43163	43149	43162	43163	43160	43161	43162	43161	43069	43153	43154	43154	43142	43154	43154	43155	38276	40812	43161	43162	43161	43162	43162	43161	42645	43162	36533	43161	43161	43161	42825	43160	43162	43147	43160	43161	43160	42066	43163	43143	39870	43161	39867	43129	43161	43162	43163	43161	43159	43163	43163	43163	43163	43160	43163	43163	43161	43159	43102	43160	43038	43158	42963	43159	43081
TIL_LP_131_Du-272	38944	43144	42840	43144	43140	43143	42249	43147	43147	42960	43148	43144	43145	43144	43144	43144	43144	43154	43161	43156	43161	43154	43158	43154	43161	43153	43144	43159	43160	43160	43161	43160	43161	43160	43160	43161	42171	43161	43161	43161	43161	43161	43161	43161	43161	43161	43161	43161	43161	43161	43161	43161	43158	43158	43161	43158	43149	43149	43147	42864	42619	43149	43147	42538	43157	43156	43156	43157	43134	43156	43052	43148	43157	43156	43144	43152	43154	43154	43157	42602	43156	43141	41769	42920	42817	41212	43156	43157	43156	43156	43137	43089	40391	43147	43147	42972	42971	42973	43003	42973	43039	43161	43161	43161	43154	43161	43161	43032	43154	43161	43161	43161	43161	43157	43161	43157	43157	43161	42975	43023	43140	43161	43161	43161	43161	43159	43161	42535	43161	43161	43161	43161	43161	43161	43161	43161	43161	43161	43161	43161	43161	43161	43161	43161	43161	43111	43161	43161	43161	43161	43161	43161	43161	43161	43161	43161	43161	43149	43138	43150	43151	43151	43150	43147	43148	42943	42000	43156	43156	43156	43157	41294	43155	42588	43156	43032	43012	43032	43031	43032	43032	43032	42803	43031	43032	43031	43032	43031	43031	43032	43032	43032	43032	43032	43032	43161	43161	43161	43161	43161	43154	43161	43161	43161	43161	43161	43161	43148	43160	43161	43160	43161	43161	43161	43068	43152	43153	43153	43141	43154	43153	43153	38274	40811	43160	43160	43160	43160	43160	43161	42643	43161	36531	43160	43161	43161	42824	43160	43161	43147	43160	43161	43160	42065	43161	43143	39868	43161	39865	43127	43161	43160	43161	43161	43158	43161	43161	43161	43161	43158	43161	43161	43161	43158	43100	43159	43036	43158	42961	43158	43079
TULP_LP_115_Du-242	38959	43156	42855	43156	43152	43155	42256	43160	43159	42975	43160	43160	43161	43156	43157	43156	43156	43168	43177	43172	43177	43170	43174	43170	43177	43166	43160	43176	43174	43177	43178	43175	43175	43173	43173	43175	42186	43178	43174	43175	43178	43175	43178	43178	43174	43175	43178	43178	43178	43178	43178	43178	43178	43175	43178	43175	43161	43162	43163	42876	42634	43162	43159	42554	43169	43168	43168	43169	43146	43168	43064	43160	43170	43169	43156	43164	43167	43166	43169	42614	43168	43154	41788	42933	42829	41223	43172	43173	43168	43169	43153	43104	40407	43159	43162	42989	42984	42990	43020	42986	43055	43174	43177	43177	43170	43177	43177	43037	43170	43178	43178	43166	43178	43173	43178	43173	43173	43166	42992	43040	43153	43175	43175	43175	43175	43176	43174	42552	43178	43175	43175	43176	43174	43177	43175	43174	43175	43177	43175	43177	43177	43177	43178	43178	43178	43127	43178	43178	43178	43178	43178	43178	43178	43178	43178	43178	43178	43164	43150	43162	43164	43164	43162	43159	43160	42956	42015	43168	43168	43168	43170	41307	43167	42600	43168	43030	43009	43029	43028	43030	43030	43030	42800	43028	43030	43028	43029	43028	43028	43030	43029	43033	43033	43037	43032	43176	43175	43178	43178	43178	43166	43178	43178	43178	43178	43163	43164	43146	43161	43162	43157	43158	43159	43158	43084	43168	43169	43166	43153	43166	43167	43166	38289	40824	43174	43177	43174	43177	43177	43174	42642	43162	36532	43158	43158	43158	42822	43157	43159	43145	43158	43161	43157	42063	43164	43140	39867	43162	39866	43127	43158	43158	43159	43158	43178	43178	43178	43178	43178	43178	43176	43178	43174	43175	43118	43176	43053	43174	42978	43175	43099
TULP_LP_116_Du-243	38963	43159	42859	43159	43155	43158	42260	43163	43162	42978	43163	43164	43164	43159	43160	43159	43159	43171	43181	43176	43181	43174	43178	43174	43180	43170	43164	43180	43178	43181	43182	43179	43178	43176	43176	43179	42189	43182	43177	43178	43181	43178	43182	43181	43178	43178	43182	43182	43181	43182	43182	43182	43179	43175	43182	43176	43164	43165	43167	42879	42638	43165	43162	42558	43172	43171	43171	43172	43149	43171	43067	43163	43173	43172	43159	43167	43170	43169	43172	42618	43171	43158	41789	42937	42832	41227	43176	43177	43171	43172	43156	43107	40411	43162	43165	42992	42988	42994	43024	42989	43059	43177	43181	43181	43174	43181	43181	43041	43174	43182	43182	43170	43182	43177	43182	43177	43177	43170	42996	43044	43156	43178	43178	43178	43179	43180	43177	42556	43181	43179	43178	43179	43177	43180	43178	43178	43178	43181	43179	43181	43181	43181	43182	43182	43182	43130	43182	43182	43182	43182	43181	43181	43181	43181	43182	43182	43181	43167	43153	43166	43168	43167	43165	43162	43163	42959	42018	43171	43171	43171	43174	41311	43170	42603	43171	43033	43012	43032	43031	43034	43033	43033	42803	43031	43033	43031	43032	43031	43031	43033	43032	43037	43036	43041	43035	43179	43178	43182	43182	43182	43169	43182	43182	43182	43182	43167	43168	43149	43165	43166	43160	43161	43162	43161	43087	43171	43172	43169	43157	43169	43170	43170	38293	40827	43177	43181	43177	43181	43181	43177	42646	43165	36536	43161	43161	43161	42825	43160	43162	43148	43161	43164	43160	42066	43168	43143	39871	43165	39870	43131	43161	43162	43163	43161	43178	43182	43182	43182	43182	43179	43180	43182	43177	43176	43119	43179	43057	43174	42982	43175	43100
TULP_LP_117_Du-244	38963	43159	42859	43159	43155	43158	42260	43163	43162	42978	43163	43164	43164	43159	43160	43159	43159	43171	43181	43176	43181	43174	43178	43174	43180	43170	43164	43180	43178	43181	43182	43179	43178	43176	43176	43179	42189	43182	43177	43178	43181	43178	43182	43181	43178	43178	43182	43182	43181	43182	43182	43182	43179	43175	43182	43176	43164	43165	43167	42879	42638	43165	43162	42558	43172	43171	43171	43172	43149	43171	43067	43163	43173	43172	43159	43167	43170	43169	43172	42618	43171	43158	41789	42937	42832	41227	43176	43177	43171	43172	43156	43107	40411	43162	43165	42992	42988	42994	43024	42989	43059	43177	43181	43181	43174	43181	43181	43041	43174	43182	43182	43170	43182	43177	43182	43177	43177	43170	42996	43044	43156	43178	43178	43178	43179	43180	43177	42556	43181	43179	43178	43179	43177	43180	43178	43178	43178	43181	43179	43181	43181	43181	43182	43182	43182	43130	43182	43182	43182	43182	43181	43181	43181	43181	43182	43182	43181	43167	43153	43166	43168	43167	43165	43162	43163	42959	42018	43171	43171	43171	43174	41311	43170	42603	43171	43033	43012	43032	43031	43034	43033	43033	42803	43031	43033	43031	43032	43031	43031	43033	43032	43037	43036	43041	43035	43179	43178	43182	43182	43182	43169	43182	43182	43182	43182	43167	43168	43149	43165	43166	43160	43161	43162	43161	43087	43171	43172	43169	43157	43169	43170	43170	38293	40827	43177	43181	43177	43181	43181	43177	42646	43165	36536	43161	43161	43161	42825	43160	43162	43148	43161	43164	43160	42066	43168	43143	39871	43165	39870	43131	43161	43162	43163	43161	43178	43182	43182	43182	43182	43179	43180	43182	43177	43176	43119	43179	43057	43174	42982	43175	43100
TULP_LP_118_Du-245	38963	43159	42859	43159	43155	43158	42260	43163	43162	42978	43163	43164	43164	43159	43160	43159	43159	43171	43181	43176	43181	43174	43178	43174	43180	43170	43164	43180	43178	43181	43182	43179	43178	43176	43176	43179	42189	43182	43177	43178	43181	43178	43182	43181	43178	43178	43182	43182	43181	43182	43182	43182	43179	43175	43182	43176	43164	43165	43167	42879	42638	43165	43162	42558	43172	43171	43171	43172	43149	43171	43067	43163	43173	43172	43159	43167	43170	43169	43172	42618	43171	43158	41789	42937	42832	41227	43176	43177	43171	43172	43156	43107	40411	43162	43165	42992	42988	42994	43024	42989	43059	43177	43181	43181	43174	43181	43181	43041	43174	43182	43182	43170	43182	43177	43182	43177	43177	43170	42996	43044	43156	43178	43178	43178	43179	43180	43177	42556	43181	43179	43178	43179	43177	43180	43178	43178	43178	43181	43179	43181	43181	43181	43182	43182	43182	43130	43182	43182	43182	43182	43181	43181	43181	43181	43182	43182	43181	43167	43153	43166	43168	43167	43165	43162	43163	42959	42018	43171	43171	43171	43174	41311	43170	42603	43171	43033	43012	43032	43031	43034	43033	43033	42803	43031	43033	43031	43032	43031	43031	43033	43032	43037	43036	43041	43035	43179	43178	43182	43182	43182	43169	43182	43182	43182	43182	43167	43168	43149	43165	43166	43160	43161	43162	43161	43087	43171	43172	43169	43157	43169	43170	43170	38293	40827	43177	43181	43177	43181	43181	43177	42646	43165	36536	43161	43161	43161	42825	43160	43162	43148	43161	43164	43160	42066	43168	43143	39871	43165	39870	43131	43161	43162	43163	43161	43178	43182	43182	43182	43182	43179	43180	43182	43177	43176	43119	43179	43057	43174	42982	43175	43100
TULP_LP_119_Du-246	38963	43159	42859	43159	43155	43158	42260	43163	43162	42978	43163	43164	43164	43159	43160	43159	43159	43171	43181	43176	43181	43174	43178	43174	43180	43170	43164	43180	43178	43181	43182	43179	43178	43176	43176	43179	42189	43182	43177	43178	43181	43178	43182	43181	43178	43178	43182	43182	43181	43182	43182	43182	43179	43175	43182	43176	43164	43165	43167	42879	42638	43165	43162	42558	43172	43171	43171	43172	43149	43171	43067	43163	43173	43172	43159	43167	43170	43169	43172	42618	43171	43158	41789	42937	42832	41227	43176	43177	43171	43172	43156	43107	40411	43162	43165	42992	42988	42994	43024	42989	43059	43177	43181	43181	43174	43181	43181	43041	43174	43182	43182	43170	43182	43177	43182	43177	43177	43170	42996	43044	43156	43178	43178	43178	43179	43180	43177	42556	43181	43179	43178	43179	43177	43180	43178	43178	43178	43181	43179	43181	43181	43181	43182	43182	43182	43130	43182	43182	43182	43182	43181	43181	43181	43181	43182	43182	43181	43167	43153	43166	43168	43167	43165	43162	43163	42959	42018	43171	43171	43171	43174	41311	43170	42603	43171	43033	43012	43032	43031	43034	43033	43033	42803	43031	43033	43031	43032	43031	43031	43033	43032	43037	43036	43041	43035	43179	43178	43182	43182	43182	43169	43182	43182	43182	43182	43167	43168	43149	43165	43166	43160	43161	43162	43161	43087	43171	43172	43169	43157	43169	43170	43170	38293	40827	43177	43181	43177	43181	43181	43177	42646	43165	36536	43161	43161	43161	42825	43160	43162	43148	43161	43164	43160	42066	43168	43143	39871	43165	39870	43131	43161	43162	43163	43161	43178	43182	43182	43182	43182	43179	43180	43182	43177	43176	43119	43179	43057	43174	42982	43175	43100
TULP_LP_120_Du-248	38960	43156	42856	43156	43152	43155	42257	43160	43159	42975	43160	43161	43161	43156	43157	43156	43156	43168	43178	43173	43178	43171	43175	43171	43177	43167	43161	43177	43175	43178	43179	43176	43175	43173	43173	43176	42186	43179	43174	43175	43178	43175	43179	43178	43175	43175	43179	43179	43178	43179	43179	43179	43179	43175	43179	43176	43161	43162	43164	42876	42635	43162	43159	42555	43169	43168	43168	43169	43146	43168	43064	43160	43170	43169	43156	43164	43167	43166	43169	42615	43168	43155	41789	42934	42829	41224	43173	43174	43168	43169	43153	43104	40408	43159	43162	42989	42985	42991	43021	42986	43056	43174	43178	43178	43171	43178	43178	43038	43171	43179	43179	43167	43179	43174	43179	43174	43174	43167	42993	43041	43153	43175	43175	43175	43176	43177	43174	42553	43178	43176	43175	43176	43174	43177	43175	43175	43175	43178	43176	43178	43178	43178	43179	43179	43179	43127	43179	43179	43179	43179	43178	43178	43178	43178	43179	43179	43178	43164	43150	43163	43165	43164	43162	43159	43160	42956	42015	43168	43168	43168	43171	41308	43167	42600	43168	43030	43009	43029	43028	43031	43030	43030	42800	43028	43030	43028	43029	43028	43028	43030	43029	43034	43033	43038	43032	43176	43175	43179	43179	43179	43166	43179	43179	43179	43179	43164	43165	43146	43162	43163	43157	43158	43159	43158	43084	43168	43169	43166	43154	43166	43167	43167	38290	40824	43174	43178	43174	43178	43178	43174	42643	43162	36533	43158	43158	43158	42822	43157	43159	43145	43158	43161	43157	42063	43165	43140	39868	43162	39867	43128	43158	43159	43160	43158	43178	43179	43179	43179	43179	43179	43177	43179	43174	43176	43119	43176	43054	43174	42979	43175	43100
TULP_LP_121_Du-249	38961	43159	42857	43159	43155	43158	42260	43163	43162	42976	43163	43162	43162	43159	43160	43159	43159	43170	43179	43174	43179	43172	43176	43172	43178	43170	43162	43178	43178	43179	43180	43178	43178	43176	43176	43179	42188	43180	43177	43178	43179	43178	43180	43179	43178	43178	43180	43180	43179	43180	43180	43180	43177	43175	43180	43176	43164	43165	43165	42879	42636	43165	43162	42556	43172	43171	43171	43172	43149	43171	43067	43163	43173	43172	43159	43167	43170	43169	43172	42616	43171	43158	41787	42937	42832	41227	43174	43175	43171	43172	43154	43105	40409	43162	43163	42990	42988	42992	43022	42989	43057	43177	43179	43179	43172	43179	43179	43039	43172	43180	43180	43168	43180	43175	43180	43175	43175	43168	42994	43042	43156	43178	43178	43178	43179	43178	43177	42554	43179	43179	43178	43178	43177	43178	43178	43178	43178	43179	43179	43179	43179	43179	43180	43180	43180	43128	43180	43180	43180	43180	43179	43179	43179	43179	43180	43180	43179	43165	43153	43166	43168	43167	43165	43162	43163	42959	42016	43171	43171	43171	43174	41311	43170	42603	43171	43033	43012	43032	43031	43034	43033	43033	42803	43031	43033	43031	43032	43031	43031	43033	43032	43035	43034	43039	43033	43178	43178	43180	43180	43180	43169	43180	43180	43180	43180	43165	43166	43149	43163	43164	43160	43161	43162	43161	43085	43169	43170	43169	43157	43169	43170	43170	38291	40827	43177	43179	43177	43179	43179	43177	42646	43163	36534	43161	43161	43161	42825	43160	43162	43147	43161	43162	43160	42066	43166	43143	39871	43165	39868	43129	43161	43162	43163	43161	43176	43180	43180	43180	43180	43177	43180	43180	43177	43176	43119	43177	43055	43174	42980	43175	43098
TULP_LP_122_Du-250	38963	43159	42859	43159	43155	43158	42260	43163	43162	42978	43163	43164	43164	43159	43160	43159	43159	43171	43181	43176	43181	43174	43178	43174	43180	43170	43164	43180	43178	43181	43182	43179	43178	43176	43176	43179	42189	43182	43177	43178	43181	43178	43182	43181	43178	43178	43182	43182	43181	43182	43182	43182	43179	43175	43182	43176	43164	43165	43167	42879	42638	43165	43162	42558	43172	43171	43171	43172	43149	43171	43067	43163	43173	43172	43159	43167	43170	43169	43172	42618	43171	43158	41789	42937	42832	41227	43176	43177	43171	43172	43156	43107	40411	43162	43165	42992	42988	42994	43024	42989	43059	43177	43181	43181	43174	43181	43181	43041	43174	43182	43182	43170	43182	43177	43182	43177	43177	43170	42996	43044	43156	43178	43178	43178	43179	43180	43177	42556	43181	43179	43178	43179	43177	43180	43178	43178	43178	43181	43179	43181	43181	43181	43182	43182	43182	43130	43182	43182	43182	43182	43181	43181	43181	43181	43182	43182	43181	43167	43153	43166	43168	43167	43165	43162	43163	42959	42018	43171	43171	43171	43174	41311	43170	42603	43171	43033	43012	43032	43031	43034	43033	43033	42803	43031	43033	43031	43032	43031	43031	43033	43032	43037	43036	43041	43035	43179	43178	43182	43182	43182	43169	43182	43182	43182	43182	43167	43168	43149	43165	43166	43160	43161	43162	43161	43087	43171	43172	43169	43157	43169	43170	43170	38293	40827	43177	43181	43177	43181	43181	43177	42646	43165	36536	43161	43161	43161	42825	43160	43162	43148	43161	43164	43160	42066	43168	43143	39871	43165	39870	43131	43161	43162	43163	43161	43178	43182	43182	43182	43182	43179	43180	43182	43177	43176	43119	43179	43057	43174	42982	43175	43100
TULP_LP_140_Du-302	38958	43159	42855	43159	43155	43158	42258	43162	43162	42975	43163	43159	43160	43159	43159	43159	43159	43169	43176	43171	43176	43169	43173	43169	43176	43168	43159	43175	43176	43176	43177	43176	43177	43176	43176	43177	42187	43177	43177	43177	43177	43177	43177	43177	43177	43177	43177	43177	43177	43177	43177	43177	43174	43174	43177	43174	43164	43164	43162	42879	42634	43164	43162	42553	43172	43171	43171	43172	43149	43171	43067	43163	43172	43171	43159	43167	43169	43169	43172	42614	43171	43156	41784	42935	42832	41225	43171	43172	43171	43171	43152	43104	40406	43162	43162	42988	42987	42989	43019	42989	43054	43176	43176	43176	43169	43176	43176	43036	43169	43177	43177	43165	43177	43172	43177	43172	43172	43165	42991	43039	43156	43177	43177	43177	43177	43175	43177	42551	43177	43177	43177	43177	43177	43177	43177	43177	43177	43177	43177	43177	43177	43177	43177	43177	43177	43127	43177	43177	43177	43177	43177	43177	43177	43177	43177	43177	43177	43164	43153	43165	43166	43166	43165	43162	43163	42958	42015	43171	43171	43171	43172	41309	43170	42603	43171	43032	43012	43032	43031	43032	43032	43032	42803	43031	43032	43031	43032	43031	43031	43032	43032	43032	43032	43036	43032	43177	43177	43177	43177	43177	43169	43177	43177	43177	43177	43162	43163	43148	43160	43161	43160	43161	43161	43161	43083	43167	43168	43168	43156	43169	43168	43168	38289	40826	43176	43176	43176	43176	43176	43177	42643	43161	36531	43160	43161	43161	42824	43160	43161	43147	43160	43161	43160	42065	43163	43143	39868	43165	39865	43127	43161	43160	43161	43161	43174	43177	43177	43177	43177	43174	43177	43177	43177	43174	43116	43175	43052	43174	42977	43174	43095
TULP_LP_141_Du-303	38957	43156	42854	43156	43152	43155	42256	43159	43159	42973	43160	43158	43158	43156	43156	43156	43156	43167	43175	43170	43175	43168	43172	43168	43174	43166	43158	43174	43174	43175	43176	43174	43174	43173	43173	43175	42184	43176	43174	43174	43175	43174	43176	43175	43175	43174	43176	43176	43175	43176	43176	43176	43176	43174	43176	43175	43161	43161	43161	42876	42633	43161	43159	42552	43169	43168	43168	43169	43146	43168	43064	43160	43169	43168	43156	43164	43166	43166	43169	42613	43168	43154	41786	42933	42829	41224	43170	43171	43168	43168	43150	43102	40405	43159	43160	42986	42985	42988	43018	42986	43053	43173	43175	43175	43168	43175	43175	43035	43168	43176	43176	43164	43176	43171	43176	43171	43171	43164	42990	43038	43153	43174	43174	43174	43175	43174	43174	42550	43175	43175	43174	43174	43174	43175	43174	43175	43174	43176	43175	43176	43175	43176	43176	43176	43176	43124	43176	43176	43176	43176	43175	43175	43175	43175	43176	43176	43175	43162	43150	43163	43164	43163	43162	43159	43160	42956	42013	43168	43168	43168	43170	41307	43167	42600	43168	43029	43009	43029	43028	43030	43029	43029	42800	43028	43029	43028	43029	43028	43028	43029	43029	43031	43030	43035	43030	43174	43174	43176	43176	43176	43166	43176	43176	43176	43176	43161	43162	43145	43159	43160	43157	43158	43158	43158	43081	43165	43166	43165	43154	43166	43166	43166	38287	40823	43173	43175	43173	43175	43175	43174	42642	43159	36530	43157	43158	43158	42821	43157	43158	43144	43158	43159	43157	42062	43162	43140	39867	43162	39864	43125	43158	43158	43159	43158	43175	43176	43176	43176	43176	43176	43176	43176	43174	43176	43118	43173	43051	43174	42976	43174	43097
TULP_LP_142_Du-304	38900	43098	42796	43098	43094	43097	42199	43102	43101	42915	43102	43101	43101	43098	43099	43098	43098	43109	43118	43113	43118	43111	43115	43111	43117	43109	43101	43117	43117	43118	43119	43117	43117	43115	43115	43118	42127	43119	43116	43117	43118	43117	43119	43118	43117	43117	43119	43119	43118	43119	43119	43119	43119	43117	43119	43118	43103	43104	43104	42818	42576	43104	43101	42495	43111	43110	43110	43111	43088	43110	43006	43102	43112	43111	43098	43106	43109	43108	43111	42555	43110	43097	41729	42885	42771	41166	43113	43114	43110	43111	43093	43044	40359	43101	43102	42929	42927	42931	42961	42928	42996	43116	43118	43118	43111	43118	43118	42978	43111	43119	43119	43107	43119	43114	43119	43114	43114	43107	42933	42981	43095	43117	43117	43117	43118	43117	43116	42493	43118	43118	43117	43117	43116	43117	43117	43117	43117	43118	43118	43118	43118	43118	43119	43119	43119	43067	43119	43119	43119	43119	43118	43118	43118	43118	43119	43119	43118	43104	43092	43105	43107	43106	43104	43101	43102	42898	41955	43110	43110	43110	43113	41250	43109	42542	43110	42972	42952	42971	42970	42973	42972	42972	42742	42970	42972	42970	42971	42970	42970	42972	42971	42974	42973	42978	42972	43117	43117	43119	43119	43119	43108	43119	43119	43119	43119	43104	43105	43088	43102	43103	43099	43100	43101	43100	43024	43108	43109	43108	43096	43108	43109	43109	38235	40766	43116	43118	43116	43118	43118	43116	42585	43102	36493	43100	43100	43100	42764	43099	43101	43086	43100	43101	43099	42005	43105	43082	39810	43104	39807	43068	43100	43101	43102	43100	43118	43119	43119	43119	43119	43119	43119	43119	43116	43118	43119	43116	42994	43116	42919	43117	43040
TULP_LP_143_Du-305	38960	43157	42856	43157	43153	43156	42257	43161	43160	42976	43161	43161	43162	43157	43158	43157	43157	43169	43178	43173	43178	43171	43175	43171	43178	43167	43161	43177	43175	43178	43179	43176	43176	43174	43174	43176	42187	43179	43175	43176	43179	43176	43179	43179	43175	43176	43179	43179	43179	43179	43179	43179	43176	43173	43179	43173	43162	43163	43164	42877	42635	43163	43160	42555	43170	43169	43169	43170	43147	43169	43065	43161	43171	43170	43157	43165	43168	43167	43170	42615	43169	43155	41786	42934	42830	41224	43173	43174	43169	43170	43154	43105	40408	43160	43163	42990	42985	42991	43021	42987	43056	43175	43178	43178	43171	43178	43178	43038	43171	43179	43179	43167	43179	43174	43179	43174	43174	43167	42993	43041	43154	43176	43176	43176	43176	43177	43175	42553	43179	43176	43176	43177	43175	43178	43176	43175	43176	43178	43176	43178	43178	43178	43179	43179	43179	43128	43179	43179	43179	43179	43179	43179	43179	43179	43179	43179	43179	43165	43151	43163	43165	43165	43163	43160	43161	42957	42016	43169	43169	43169	43171	41308	43168	42601	43169	43031	43010	43030	43029	43031	43031	43031	42801	43029	43031	43029	43030	43029	43029	43031	43030	43034	43034	43038	43033	43177	43176	43179	43179	43179	43167	43179	43179	43179	43179	43164	43165	43147	43162	43163	43158	43159	43160	43159	43085	43169	43170	43167	43154	43167	43168	43167	38290	40827	43175	43178	43175	43178	43178	43175	42643	43163	36533	43159	43159	43159	42823	43158	43160	43146	43159	43162	43158	42064	43165	43141	39868	43163	39867	43128	43159	43159	43160	43159	43176	43179	43179	43179	43179	43176	43177	43179	43175	43173	43116	43179	43054	43172	42979	43173	43097
TULP_LP_144_Du-306	38856	43034	42735	43034	43030	43033	42138	43038	43037	42853	43038	43039	43039	43034	43035	43034	43034	43046	43056	43051	43056	43049	43053	43049	43055	43045	43039	43055	43053	43056	43057	43054	43053	43051	43051	43054	42087	43057	43052	43053	43056	43053	43057	43056	43053	43053	43057	43057	43056	43057	43057	43057	43054	43050	43057	43051	43039	43040	43042	42754	42513	43040	43037	42433	43047	43046	43046	43047	43024	43046	42942	43038	43048	43047	43034	43042	43045	43044	43047	42493	43046	43033	41664	42812	42707	41102	43051	43052	43046	43047	43031	42982	40290	43037	43040	42867	42863	42869	42899	42864	42934	43052	43056	43056	43049	43056	43056	42916	43049	43057	43057	43045	43057	43052	43057	43052	43052	43045	42871	42919	43031	43053	43053	43053	43054	43055	43052	42431	43056	43054	43053	43054	43052	43055	43053	43053	43053	43056	43054	43056	43056	43056	43057	43057	43057	43005	43057	43057	43057	43057	43056	43056	43056	43056	43057	43057	43056	43042	43028	43041	43043	43042	43040	43037	43038	42834	41935	43046	43046	43046	43049	41187	43045	42478	43046	42908	42887	42907	42906	42909	42908	42908	42678	42906	42908	42906	42907	42906	42906	42908	42907	42912	42911	42916	42910	43054	43053	43057	43057	43057	43044	43057	43057	43057	43057	43042	43043	43024	43040	43041	43035	43036	43037	43036	42962	43046	43047	43044	43032	43044	43045	43045	38199	40702	43052	43056	43052	43056	43056	43052	42521	43040	36448	43036	43036	43036	42700	43035	43037	43023	43036	43039	43035	41960	43043	43018	39811	43040	39746	43006	43036	43037	43038	43036	43053	43057	43057	43057	43057	43054	43055	43057	43052	43051	42994	43054	43057	43049	42857	43050	42975
TULP_LP_145_Du-307	38955	43156	42852	43156	43152	43155	42255	43159	43159	42972	43160	43156	43157	43156	43156	43156	43156	43166	43173	43168	43173	43166	43170	43166	43173	43165	43156	43172	43173	43173	43174	43173	43174	43173	43173	43174	42184	43174	43174	43174	43174	43174	43174	43174	43174	43174	43174	43174	43174	43174	43174	43174	43174	43174	43174	43174	43161	43161	43159	42876	42631	43161	43159	42550	43169	43168	43168	43169	43146	43168	43064	43160	43169	43168	43156	43164	43166	43166	43169	42611	43168	43153	41784	42932	42829	41222	43168	43169	43168	43168	43149	43101	40403	43159	43159	42985	42984	42986	43016	42986	43051	43173	43173	43173	43166	43173	43173	43033	43166	43174	43174	43162	43174	43169	43174	43169	43169	43162	42988	43036	43153	43174	43174	43174	43174	43172	43174	42548	43174	43174	43174	43174	43174	43174	43174	43174	43174	43174	43174	43174	43174	43174	43174	43174	43174	43124	43174	43174	43174	43174	43174	43174	43174	43174	43174	43174	43174	43161	43150	43162	43163	43163	43162	43159	43160	42955	42012	43168	43168	43168	43169	41306	43167	42600	43168	43029	43009	43029	43028	43029	43029	43029	42800	43028	43029	43028	43029	43028	43028	43029	43029	43029	43029	43033	43029	43174	43174	43174	43174	43174	43166	43174	43174	43174	43174	43159	43160	43145	43157	43158	43157	43158	43158	43158	43080	43164	43165	43165	43153	43166	43165	43165	38286	40823	43173	43173	43173	43173	43173	43174	42640	43158	36528	43157	43158	43158	42821	43157	43158	43144	43157	43158	43157	42062	43160	43140	39865	43162	39862	43124	43158	43157	43158	43158	43174	43174	43174	43174	43174	43174	43174	43174	43174	43174	43116	43172	43049	43174	42974	43174	43095
TULP_LP_146_Du-308	38763	42959	42659	42959	42955	42958	42060	42963	42962	42778	42963	42964	42964	42959	42960	42959	42959	42971	42981	42976	42981	42974	42978	42974	42980	42970	42964	42980	42978	42981	42982	42979	42978	42976	42976	42979	41989	42982	42977	42978	42981	42978	42982	42981	42978	42978	42982	42982	42981	42982	42982	42982	42979	42975	42982	42976	42964	42965	42967	42679	42438	42965	42962	42358	42972	42971	42971	42972	42949	42971	42867	42963	42973	42972	42959	42967	42970	42969	42972	42418	42971	42958	41589	42737	42632	41031	42976	42977	42971	42972	42956	42907	40215	42962	42965	42792	42788	42794	42824	42789	42859	42977	42981	42981	42974	42981	42981	42841	42974	42982	42982	42970	42982	42977	42982	42977	42977	42970	42796	42844	42956	42978	42978	42978	42979	42980	42977	42356	42981	42979	42978	42979	42977	42980	42978	42978	42978	42981	42979	42981	42981	42981	42982	42982	42982	42930	42982	42982	42982	42982	42981	42981	42981	42981	42982	42982	42981	42967	42953	42966	42968	42967	42965	42962	42963	42759	41818	42971	42971	42971	42974	41120	42970	42403	42971	42833	42812	42832	42831	42834	42833	42833	42603	42831	42833	42831	42832	42831	42831	42833	42832	42837	42836	42841	42835	42979	42978	42982	42982	42982	42969	42982	42982	42982	42982	42967	42968	42949	42965	42966	42960	42961	42962	42961	42887	42971	42972	42969	42957	42969	42970	42970	38096	40627	42977	42981	42977	42981	42981	42977	42446	42965	36374	42961	42961	42961	42625	42960	42962	42948	42961	42964	42960	41874	42968	42943	39715	42965	39670	42931	42961	42962	42963	42961	42978	42982	42982	42982	42982	42979	42980	42982	42977	42976	42919	42979	42857	42974	42982	42975	42900
TULP_LP_147_Du-309	38956	43156	42852	43156	43152	43155	42256	43160	43159	42972	43160	43157	43158	43156	43157	43156	43156	43166	43174	43169	43174	43167	43171	43167	43174	43166	43157	43173	43174	43174	43175	43174	43175	43173	43173	43175	42185	43175	43174	43175	43175	43175	43175	43175	43174	43175	43175	43175	43175	43175	43175	43175	43175	43175	43175	43175	43161	43162	43160	42876	42631	43162	43159	42551	43169	43168	43168	43169	43146	43168	43064	43160	43170	43169	43156	43164	43167	43166	43169	42611	43168	43154	41785	42933	42829	41222	43169	43170	43168	43169	43150	43101	40404	43159	43159	42986	42984	42987	43017	42986	43052	43174	43174	43174	43167	43174	43174	43034	43167	43175	43175	43163	43175	43170	43175	43170	43170	43163	42989	43037	43153	43175	43175	43175	43175	43173	43174	42549	43175	43175	43175	43175	43174	43174	43175	43174	43175	43174	43175	43174	43175	43174	43175	43175	43175	43125	43175	43175	43175	43175	43175	43175	43175	43175	43175	43175	43175	43161	43150	43162	43164	43164	43162	43159	43160	42955	42012	43168	43168	43168	43170	41307	43167	42600	43168	43030	43009	43029	43028	43030	43030	43030	42800	43028	43030	43028	43029	43028	43028	43030	43029	43030	43030	43034	43029	43175	43175	43175	43175	43175	43166	43175	43175	43175	43175	43160	43161	43146	43158	43159	43157	43158	43159	43158	43081	43165	43166	43166	43153	43166	43166	43166	38287	40824	43174	43174	43174	43174	43174	43174	42641	43159	36529	43158	43158	43158	42822	43157	43159	43144	43157	43158	43157	42063	43161	43140	39866	43162	39863	43125	43158	43158	43159	43158	43175	43175	43175	43175	43175	43175	43175	43175	43174	43174	43117	43173	43050	43174	42975	43175	43096
TULP_LP_148_Du-310	38881	43077	42777	43077	43073	43076	42178	43081	43080	42896	43081	43082	43082	43077	43078	43077	43077	43089	43099	43094	43099	43092	43096	43092	43098	43088	43082	43098	43096	43099	43100	43097	43096	43094	43094	43097	42107	43100	43095	43096	43099	43096	43100	43099	43096	43096	43100	43100	43099	43100	43100	43100	43100	43096	43100	43097	43082	43083	43085	42797	42556	43083	43080	42476	43090	43089	43089	43090	43067	43089	42985	43081	43091	43090	43077	43085	43088	43087	43090	42536	43089	43076	41710	42855	42750	41145	43094	43095	43089	43090	43074	43025	40329	43080	43083	42910	42906	42912	42942	42907	42977	43095	43099	43099	43092	43099	43099	42959	43092	43100	43100	43088	43100	43095	43100	43095	43095	43088	42914	42962	43074	43096	43096	43096	43097	43098	43095	42474	43099	43097	43096	43097	43095	43098	43096	43096	43096	43099	43097	43099	43099	43099	43100	43100	43100	43048	43100	43100	43100	43100	43099	43099	43099	43099	43100	43100	43099	43085	43071	43084	43086	43085	43083	43080	43081	42877	41993	43089	43089	43089	43092	41229	43088	42521	43089	42951	42930	42950	42949	42952	42951	42951	42721	42949	42951	42949	42950	42949	42949	42951	42950	42955	42954	42959	42953	43097	43096	43100	43100	43100	43087	43100	43100	43100	43100	43085	43086	43067	43083	43084	43078	43079	43080	43079	43005	43089	43090	43087	43075	43087	43088	43088	38211	40745	43095	43099	43095	43099	43099	43095	42564	43083	36454	43079	43079	43079	42743	43078	43080	43066	43079	43082	43078	41993	43086	43061	39789	43083	39789	43049	43079	43080	43081	43079	43099	43100	43100	43100	43100	43100	43098	43100	43095	43097	43040	43097	42975	43095	42900	43096	43100
