sample_id	batch	species	popcode	track_id	organelle	purpose	record	region_count	region_bp	total_depth	mean_depth	bases_ge_1x	breadth_ge_1x	bases_ge_5x	breadth_ge_5x	bases_ge_10x	breadth_ge_10x	bed_path	depth_path
DU-173	QB3.Berkeley.241122/QB3.Dudleya.Results.250118			cpdna_full_coverage	cpDNA	sample_qc_coverage	chloroplast	1	150274	2647718966	17619.275231	150274	1.000000	150274	1.000000	150274	1.000000	/home/neil/Downloads/dudleya/Dudleya_S_genomes/full_pipeline_run/results/05_analysis_masks/cpdna_full_coverage_regions.bed	/home/neil/Downloads/dudleya/Dudleya_S_genomes/full_pipeline_run/results/06_all_sample_alignment/qc/DU-173.depth.tsv
DU-173	QB3.Berkeley.241122/QB3.Dudleya.Results.250118			cpdna_ir_regions	cpDNA	repeat_annotation	chloroplast	2	51472	1158520286	22507.776772	51472	1.000000	51472	1.000000	51472	1.000000	/home/neil/Downloads/dudleya/Dudleya_S_genomes/full_pipeline_run/results/05_analysis_masks/cpdna_ir_regions.bed	/home/neil/Downloads/dudleya/Dudleya_S_genomes/full_pipeline_run/results/06_all_sample_alignment/qc/DU-173.depth.tsv
DU-173	QB3.Berkeley.241122/QB3.Dudleya.Results.250118			cpdna_duplicate_ir_mask	cpDNA	mask	chloroplast	1	25736	550527758	21391.349005	25736	1.000000	25736	1.000000	25736	1.000000	/home/neil/Downloads/dudleya/Dudleya_S_genomes/full_pipeline_run/results/05_analysis_masks/cpdna_duplicate_ir_copy_mask.bed	/home/neil/Downloads/dudleya/Dudleya_S_genomes/full_pipeline_run/results/06_all_sample_alignment/qc/DU-173.depth.tsv
DU-173	QB3.Berkeley.241122/QB3.Dudleya.Results.250118			cpdna_population_sites	cpDNA	variant_calling_and_population_genetics	chloroplast	1	124538	2097191208	16839.769452	124538	1.000000	124538	1.000000	124538	1.000000	/home/neil/Downloads/dudleya/Dudleya_S_genomes/full_pipeline_run/results/05_analysis_masks/cpdna_population_sites.bed	/home/neil/Downloads/dudleya/Dudleya_S_genomes/full_pipeline_run/results/06_all_sample_alignment/qc/DU-173.depth.tsv
DU-173	QB3.Berkeley.241122/QB3.Dudleya.Results.250118			mtdna_permissive_coverage	mtDNA	sample_qc_coverage	mitochondria	1	243359	449898975	1848.704897	242289	0.995603	242287	0.995595	242278	0.995558	/home/neil/Downloads/dudleya/Dudleya_S_genomes/full_pipeline_run/results/05_analysis_masks/mtdna_permissive_coverage_regions.bed	/home/neil/Downloads/dudleya/Dudleya_S_genomes/full_pipeline_run/results/06_all_sample_alignment/qc/DU-173.depth.tsv
DU-173	QB3.Berkeley.241122/QB3.Dudleya.Results.250118			mtdna_high_confidence_unique	mtDNA	variant_calling_and_population_genetics	mitochondria	2	44930	138197722	3075.845137	44461	0.989562	44460	0.989539	44460	0.989539	/home/neil/Downloads/dudleya/Dudleya_S_genomes/full_pipeline_run/results/05_analysis_masks/mtdna_high_confidence_unique_regions.bed	/home/neil/Downloads/dudleya/Dudleya_S_genomes/full_pipeline_run/results/06_all_sample_alignment/qc/DU-173.depth.tsv
DU-229	QB3.Berkeley.241122/QB3.Dudleya.Results.250118			cpdna_full_coverage	cpDNA	sample_qc_coverage	chloroplast	1	150274	1459593288	9712.879726	150274	1.000000	150274	1.000000	150274	1.000000	/home/neil/Downloads/dudleya/Dudleya_S_genomes/full_pipeline_run/results/05_analysis_masks/cpdna_full_coverage_regions.bed	/home/neil/Downloads/dudleya/Dudleya_S_genomes/full_pipeline_run/results/06_all_sample_alignment/qc/DU-229.depth.tsv
DU-229	QB3.Berkeley.241122/QB3.Dudleya.Results.250118			cpdna_ir_regions	cpDNA	repeat_annotation	chloroplast	2	51472	665614737	12931.588767	51472	1.000000	51472	1.000000	51472	1.000000	/home/neil/Downloads/dudleya/Dudleya_S_genomes/full_pipeline_run/results/05_analysis_masks/cpdna_ir_regions.bed	/home/neil/Downloads/dudleya/Dudleya_S_genomes/full_pipeline_run/results/06_all_sample_alignment/qc/DU-229.depth.tsv
DU-229	QB3.Berkeley.241122/QB3.Dudleya.Results.250118			cpdna_duplicate_ir_mask	cpDNA	mask	chloroplast	1	25736	314586356	12223.591700	25736	1.000000	25736	1.000000	25736	1.000000	/home/neil/Downloads/dudleya/Dudleya_S_genomes/full_pipeline_run/results/05_analysis_masks/cpdna_duplicate_ir_copy_mask.bed	/home/neil/Downloads/dudleya/Dudleya_S_genomes/full_pipeline_run/results/06_all_sample_alignment/qc/DU-229.depth.tsv
DU-229	QB3.Berkeley.241122/QB3.Dudleya.Results.250118			cpdna_population_sites	cpDNA	variant_calling_and_population_genetics	chloroplast	1	124538	1145006932	9194.036615	124538	1.000000	124538	1.000000	124538	1.000000	/home/neil/Downloads/dudleya/Dudleya_S_genomes/full_pipeline_run/results/05_analysis_masks/cpdna_population_sites.bed	/home/neil/Downloads/dudleya/Dudleya_S_genomes/full_pipeline_run/results/06_all_sample_alignment/qc/DU-229.depth.tsv
DU-229	QB3.Berkeley.241122/QB3.Dudleya.Results.250118			mtdna_permissive_coverage	mtDNA	sample_qc_coverage	mitochondria	1	243359	223622098	918.897998	230427	0.946860	230070	0.945393	229989	0.945061	/home/neil/Downloads/dudleya/Dudleya_S_genomes/full_pipeline_run/results/05_analysis_masks/mtdna_permissive_coverage_regions.bed	/home/neil/Downloads/dudleya/Dudleya_S_genomes/full_pipeline_run/results/06_all_sample_alignment/qc/DU-229.depth.tsv
DU-229	QB3.Berkeley.241122/QB3.Dudleya.Results.250118			mtdna_high_confidence_unique	mtDNA	variant_calling_and_population_genetics	mitochondria	2	44930	69158847	1539.257667	44930	1.000000	44930	1.000000	44930	1.000000	/home/neil/Downloads/dudleya/Dudleya_S_genomes/full_pipeline_run/results/05_analysis_masks/mtdna_high_confidence_unique_regions.bed	/home/neil/Downloads/dudleya/Dudleya_S_genomes/full_pipeline_run/results/06_all_sample_alignment/qc/DU-229.depth.tsv
DU-247	QB3.Berkeley.241122/QB3.Dudleya.Results.250118			cpdna_full_coverage	cpDNA	sample_qc_coverage	chloroplast	1	150274	1580505054	10517.488414	150274	1.000000	150274	1.000000	150274	1.000000	/home/neil/Downloads/dudleya/Dudleya_S_genomes/full_pipeline_run/results/05_analysis_masks/cpdna_full_coverage_regions.bed	/home/neil/Downloads/dudleya/Dudleya_S_genomes/full_pipeline_run/results/06_all_sample_alignment/qc/DU-247.depth.tsv
DU-247	QB3.Berkeley.241122/QB3.Dudleya.Results.250118			cpdna_ir_regions	cpDNA	repeat_annotation	chloroplast	2	51472	622966395	12103.015134	51472	1.000000	51472	1.000000	51472	1.000000	/home/neil/Downloads/dudleya/Dudleya_S_genomes/full_pipeline_run/results/05_analysis_masks/cpdna_ir_regions.bed	/home/neil/Downloads/dudleya/Dudleya_S_genomes/full_pipeline_run/results/06_all_sample_alignment/qc/DU-247.depth.tsv
DU-247	QB3.Berkeley.241122/QB3.Dudleya.Results.250118			cpdna_duplicate_ir_mask	cpDNA	mask	chloroplast	1	25736	298309520	11591.137706	25736	1.000000	25736	1.000000	25736	1.000000	/home/neil/Downloads/dudleya/Dudleya_S_genomes/full_pipeline_run/results/05_analysis_masks/cpdna_duplicate_ir_copy_mask.bed	/home/neil/Downloads/dudleya/Dudleya_S_genomes/full_pipeline_run/results/06_all_sample_alignment/qc/DU-247.depth.tsv
DU-247	QB3.Berkeley.241122/QB3.Dudleya.Results.250118			cpdna_population_sites	cpDNA	variant_calling_and_population_genetics	chloroplast	1	124538	1282195534	10295.616872	124538	1.000000	124538	1.000000	124538	1.000000	/home/neil/Downloads/dudleya/Dudleya_S_genomes/full_pipeline_run/results/05_analysis_masks/cpdna_population_sites.bed	/home/neil/Downloads/dudleya/Dudleya_S_genomes/full_pipeline_run/results/06_all_sample_alignment/qc/DU-247.depth.tsv
DU-247	QB3.Berkeley.241122/QB3.Dudleya.Results.250118			mtdna_permissive_coverage	mtDNA	sample_qc_coverage	mitochondria	1	243359	206500170	848.541332	243359	1.000000	243357	0.999992	243356	0.999988	/home/neil/Downloads/dudleya/Dudleya_S_genomes/full_pipeline_run/results/05_analysis_masks/mtdna_permissive_coverage_regions.bed	/home/neil/Downloads/dudleya/Dudleya_S_genomes/full_pipeline_run/results/06_all_sample_alignment/qc/DU-247.depth.tsv
DU-247	QB3.Berkeley.241122/QB3.Dudleya.Results.250118			mtdna_high_confidence_unique	mtDNA	variant_calling_and_population_genetics	mitochondria	2	44930	62291435	1386.410750	44930	1.000000	44930	1.000000	44930	1.000000	/home/neil/Downloads/dudleya/Dudleya_S_genomes/full_pipeline_run/results/05_analysis_masks/mtdna_high_confidence_unique_regions.bed	/home/neil/Downloads/dudleya/Dudleya_S_genomes/full_pipeline_run/results/06_all_sample_alignment/qc/DU-247.depth.tsv
DU-254	QB3.Berkeley.241122/QB3.Dudleya.Results.250118			cpdna_full_coverage	cpDNA	sample_qc_coverage	chloroplast	1	150274	3347329457	22274.841004	150274	1.000000	150274	1.000000	150274	1.000000	/home/neil/Downloads/dudleya/Dudleya_S_genomes/full_pipeline_run/results/05_analysis_masks/cpdna_full_coverage_regions.bed	/home/neil/Downloads/dudleya/Dudleya_S_genomes/full_pipeline_run/results/06_all_sample_alignment/qc/DU-254.depth.tsv
DU-254	QB3.Berkeley.241122/QB3.Dudleya.Results.250118			cpdna_ir_regions	cpDNA	repeat_annotation	chloroplast	2	51472	1376393516	26740.626282	51472	1.000000	51472	1.000000	51472	1.000000	/home/neil/Downloads/dudleya/Dudleya_S_genomes/full_pipeline_run/results/05_analysis_masks/cpdna_ir_regions.bed	/home/neil/Downloads/dudleya/Dudleya_S_genomes/full_pipeline_run/results/06_all_sample_alignment/qc/DU-254.depth.tsv
DU-254	QB3.Berkeley.241122/QB3.Dudleya.Results.250118			cpdna_duplicate_ir_mask	cpDNA	mask	chloroplast	1	25736	656664174	25515.393767	25736	1.000000	25736	1.000000	25736	1.000000	/home/neil/Downloads/dudleya/Dudleya_S_genomes/full_pipeline_run/results/05_analysis_masks/cpdna_duplicate_ir_copy_mask.bed	/home/neil/Downloads/dudleya/Dudleya_S_genomes/full_pipeline_run/results/06_all_sample_alignment/qc/DU-254.depth.tsv
DU-254	QB3.Berkeley.241122/QB3.Dudleya.Results.250118			cpdna_population_sites	cpDNA	variant_calling_and_population_genetics	chloroplast	1	124538	2690665283	21605.174991	124538	1.000000	124538	1.000000	124538	1.000000	/home/neil/Downloads/dudleya/Dudleya_S_genomes/full_pipeline_run/results/05_analysis_masks/cpdna_population_sites.bed	/home/neil/Downloads/dudleya/Dudleya_S_genomes/full_pipeline_run/results/06_all_sample_alignment/qc/DU-254.depth.tsv
DU-254	QB3.Berkeley.241122/QB3.Dudleya.Results.250118			mtdna_permissive_coverage	mtDNA	sample_qc_coverage	mitochondria	1	243359	273479344	1123.769181	243359	1.000000	243358	0.999996	243357	0.999992	/home/neil/Downloads/dudleya/Dudleya_S_genomes/full_pipeline_run/results/05_analysis_masks/mtdna_permissive_coverage_regions.bed	/home/neil/Downloads/dudleya/Dudleya_S_genomes/full_pipeline_run/results/06_all_sample_alignment/qc/DU-254.depth.tsv
DU-254	QB3.Berkeley.241122/QB3.Dudleya.Results.250118			mtdna_high_confidence_unique	mtDNA	variant_calling_and_population_genetics	mitochondria	2	44930	81520294	1814.384465	44930	1.000000	44930	1.000000	44930	1.000000	/home/neil/Downloads/dudleya/Dudleya_S_genomes/full_pipeline_run/results/05_analysis_masks/mtdna_high_confidence_unique_regions.bed	/home/neil/Downloads/dudleya/Dudleya_S_genomes/full_pipeline_run/results/06_all_sample_alignment/qc/DU-254.depth.tsv
DU-270	QB3.Berkeley.241122/QB3.Dudleya.Results.250118			cpdna_full_coverage	cpDNA	sample_qc_coverage	chloroplast	1	150274	1658950523	11039.504658	150274	1.000000	150274	1.000000	150274	1.000000	/home/neil/Downloads/dudleya/Dudleya_S_genomes/full_pipeline_run/results/05_analysis_masks/cpdna_full_coverage_regions.bed	/home/neil/Downloads/dudleya/Dudleya_S_genomes/full_pipeline_run/results/06_all_sample_alignment/qc/DU-270.depth.tsv
DU-270	QB3.Berkeley.241122/QB3.Dudleya.Results.250118			cpdna_ir_regions	cpDNA	repeat_annotation	chloroplast	2	51472	894610851	17380.534096	51472	1.000000	51472	1.000000	51472	1.000000	/home/neil/Downloads/dudleya/Dudleya_S_genomes/full_pipeline_run/results/05_analysis_masks/cpdna_ir_regions.bed	/home/neil/Downloads/dudleya/Dudleya_S_genomes/full_pipeline_run/results/06_all_sample_alignment/qc/DU-270.depth.tsv
DU-270	QB3.Berkeley.241122/QB3.Dudleya.Results.250118			cpdna_duplicate_ir_mask	cpDNA	mask	chloroplast	1	25736	419396660	16296.108952	25736	1.000000	25736	1.000000	25736	1.000000	/home/neil/Downloads/dudleya/Dudleya_S_genomes/full_pipeline_run/results/05_analysis_masks/cpdna_duplicate_ir_copy_mask.bed	/home/neil/Downloads/dudleya/Dudleya_S_genomes/full_pipeline_run/results/06_all_sample_alignment/qc/DU-270.depth.tsv
DU-270	QB3.Berkeley.241122/QB3.Dudleya.Results.250118			cpdna_population_sites	cpDNA	variant_calling_and_population_genetics	chloroplast	1	124538	1239553863	9953.217998	124538	1.000000	124538	1.000000	124538	1.000000	/home/neil/Downloads/dudleya/Dudleya_S_genomes/full_pipeline_run/results/05_analysis_masks/cpdna_population_sites.bed	/home/neil/Downloads/dudleya/Dudleya_S_genomes/full_pipeline_run/results/06_all_sample_alignment/qc/DU-270.depth.tsv
DU-270	QB3.Berkeley.241122/QB3.Dudleya.Results.250118			mtdna_permissive_coverage	mtDNA	sample_qc_coverage	mitochondria	1	243359	248378098	1020.624255	242449	0.996261	242439	0.996220	242389	0.996014	/home/neil/Downloads/dudleya/Dudleya_S_genomes/full_pipeline_run/results/05_analysis_masks/mtdna_permissive_coverage_regions.bed	/home/neil/Downloads/dudleya/Dudleya_S_genomes/full_pipeline_run/results/06_all_sample_alignment/qc/DU-270.depth.tsv
DU-270	QB3.Berkeley.241122/QB3.Dudleya.Results.250118			mtdna_high_confidence_unique	mtDNA	variant_calling_and_population_genetics	mitochondria	2	44930	76840493	1710.226864	44795	0.996995	44795	0.996995	44795	0.996995	/home/neil/Downloads/dudleya/Dudleya_S_genomes/full_pipeline_run/results/05_analysis_masks/mtdna_high_confidence_unique_regions.bed	/home/neil/Downloads/dudleya/Dudleya_S_genomes/full_pipeline_run/results/06_all_sample_alignment/qc/DU-270.depth.tsv
DU-297	QB3.Berkeley.241122/QB3.Dudleya.Results.250118			cpdna_full_coverage	cpDNA	sample_qc_coverage	chloroplast	1	150274	3132097240	20842.575828	150274	1.000000	150274	1.000000	150274	1.000000	/home/neil/Downloads/dudleya/Dudleya_S_genomes/full_pipeline_run/results/05_analysis_masks/cpdna_full_coverage_regions.bed	/home/neil/Downloads/dudleya/Dudleya_S_genomes/full_pipeline_run/results/06_all_sample_alignment/qc/DU-297.depth.tsv
DU-297	QB3.Berkeley.241122/QB3.Dudleya.Results.250118			cpdna_ir_regions	cpDNA	repeat_annotation	chloroplast	2	51472	1173269587	22794.326760	51472	1.000000	51472	1.000000	51472	1.000000	/home/neil/Downloads/dudleya/Dudleya_S_genomes/full_pipeline_run/results/05_analysis_masks/cpdna_ir_regions.bed	/home/neil/Downloads/dudleya/Dudleya_S_genomes/full_pipeline_run/results/06_all_sample_alignment/qc/DU-297.depth.tsv
DU-297	QB3.Berkeley.241122/QB3.Dudleya.Results.250118			cpdna_duplicate_ir_mask	cpDNA	mask	chloroplast	1	25736	563664280	21901.782717	25736	1.000000	25736	1.000000	25736	1.000000	/home/neil/Downloads/dudleya/Dudleya_S_genomes/full_pipeline_run/results/05_analysis_masks/cpdna_duplicate_ir_copy_mask.bed	/home/neil/Downloads/dudleya/Dudleya_S_genomes/full_pipeline_run/results/06_all_sample_alignment/qc/DU-297.depth.tsv
DU-297	QB3.Berkeley.241122/QB3.Dudleya.Results.250118			cpdna_population_sites	cpDNA	variant_calling_and_population_genetics	chloroplast	1	124538	2568432960	20623.688834	124538	1.000000	124538	1.000000	124538	1.000000	/home/neil/Downloads/dudleya/Dudleya_S_genomes/full_pipeline_run/results/05_analysis_masks/cpdna_population_sites.bed	/home/neil/Downloads/dudleya/Dudleya_S_genomes/full_pipeline_run/results/06_all_sample_alignment/qc/DU-297.depth.tsv
DU-297	QB3.Berkeley.241122/QB3.Dudleya.Results.250118			mtdna_permissive_coverage	mtDNA	sample_qc_coverage	mitochondria	1	243359	227096145	933.173398	243359	1.000000	243359	1.000000	243358	0.999996	/home/neil/Downloads/dudleya/Dudleya_S_genomes/full_pipeline_run/results/05_analysis_masks/mtdna_permissive_coverage_regions.bed	/home/neil/Downloads/dudleya/Dudleya_S_genomes/full_pipeline_run/results/06_all_sample_alignment/qc/DU-297.depth.tsv
DU-297	QB3.Berkeley.241122/QB3.Dudleya.Results.250118			mtdna_high_confidence_unique	mtDNA	variant_calling_and_population_genetics	mitochondria	2	44930	68389691	1522.138682	44930	1.000000	44930	1.000000	44930	1.000000	/home/neil/Downloads/dudleya/Dudleya_S_genomes/full_pipeline_run/results/05_analysis_masks/mtdna_high_confidence_unique_regions.bed	/home/neil/Downloads/dudleya/Dudleya_S_genomes/full_pipeline_run/results/06_all_sample_alignment/qc/DU-297.depth.tsv
DU-443	QB3.Berkeley.241122/QB3.Dudleya.Results.250118			cpdna_full_coverage	cpDNA	sample_qc_coverage	chloroplast	1	150274	2794873701	18598.518047	150274	1.000000	150274	1.000000	150274	1.000000	/home/neil/Downloads/dudleya/Dudleya_S_genomes/full_pipeline_run/results/05_analysis_masks/cpdna_full_coverage_regions.bed	/home/neil/Downloads/dudleya/Dudleya_S_genomes/full_pipeline_run/results/06_all_sample_alignment/qc/DU-443.depth.tsv
DU-443	QB3.Berkeley.241122/QB3.Dudleya.Results.250118			cpdna_ir_regions	cpDNA	repeat_annotation	chloroplast	2	51472	970878101	18862.257169	51472	1.000000	51472	1.000000	51472	1.000000	/home/neil/Downloads/dudleya/Dudleya_S_genomes/full_pipeline_run/results/05_analysis_masks/cpdna_ir_regions.bed	/home/neil/Downloads/dudleya/Dudleya_S_genomes/full_pipeline_run/results/06_all_sample_alignment/qc/DU-443.depth.tsv
DU-443	QB3.Berkeley.241122/QB3.Dudleya.Results.250118			cpdna_duplicate_ir_mask	cpDNA	mask	chloroplast	1	25736	471162216	18307.515387	25736	1.000000	25736	1.000000	25736	1.000000	/home/neil/Downloads/dudleya/Dudleya_S_genomes/full_pipeline_run/results/05_analysis_masks/cpdna_duplicate_ir_copy_mask.bed	/home/neil/Downloads/dudleya/Dudleya_S_genomes/full_pipeline_run/results/06_all_sample_alignment/qc/DU-443.depth.tsv
DU-443	QB3.Berkeley.241122/QB3.Dudleya.Results.250118			cpdna_population_sites	cpDNA	variant_calling_and_population_genetics	chloroplast	1	124538	2323711485	18658.654266	124538	1.000000	124538	1.000000	124538	1.000000	/home/neil/Downloads/dudleya/Dudleya_S_genomes/full_pipeline_run/results/05_analysis_masks/cpdna_population_sites.bed	/home/neil/Downloads/dudleya/Dudleya_S_genomes/full_pipeline_run/results/06_all_sample_alignment/qc/DU-443.depth.tsv
DU-443	QB3.Berkeley.241122/QB3.Dudleya.Results.250118			mtdna_permissive_coverage	mtDNA	sample_qc_coverage	mitochondria	1	243359	218540086	898.015220	242893	0.998085	242881	0.998036	242870	0.997991	/home/neil/Downloads/dudleya/Dudleya_S_genomes/full_pipeline_run/results/05_analysis_masks/mtdna_permissive_coverage_regions.bed	/home/neil/Downloads/dudleya/Dudleya_S_genomes/full_pipeline_run/results/06_all_sample_alignment/qc/DU-443.depth.tsv
DU-443	QB3.Berkeley.241122/QB3.Dudleya.Results.250118			mtdna_high_confidence_unique	mtDNA	variant_calling_and_population_genetics	mitochondria	2	44930	64378540	1432.863120	44930	1.000000	44930	1.000000	44928	0.999955	/home/neil/Downloads/dudleya/Dudleya_S_genomes/full_pipeline_run/results/05_analysis_masks/mtdna_high_confidence_unique_regions.bed	/home/neil/Downloads/dudleya/Dudleya_S_genomes/full_pipeline_run/results/06_all_sample_alignment/qc/DU-443.depth.tsv
DU-4A	QB3.Berkeley.241122/QB3.Dudleya.Results.250118			cpdna_full_coverage	cpDNA	sample_qc_coverage	chloroplast	1	150274	3079023237	20489.394286	150274	1.000000	150274	1.000000	150274	1.000000	/home/neil/Downloads/dudleya/Dudleya_S_genomes/full_pipeline_run/results/05_analysis_masks/cpdna_full_coverage_regions.bed	/home/neil/Downloads/dudleya/Dudleya_S_genomes/full_pipeline_run/results/06_all_sample_alignment/qc/DU-4A.depth.tsv
DU-4A	QB3.Berkeley.241122/QB3.Dudleya.Results.250118			cpdna_ir_regions	cpDNA	repeat_annotation	chloroplast	2	51472	1161096127	22557.820310	51472	1.000000	51472	1.000000	51472	1.000000	/home/neil/Downloads/dudleya/Dudleya_S_genomes/full_pipeline_run/results/05_analysis_masks/cpdna_ir_regions.bed	/home/neil/Downloads/dudleya/Dudleya_S_genomes/full_pipeline_run/results/06_all_sample_alignment/qc/DU-4A.depth.tsv
DU-4A	QB3.Berkeley.241122/QB3.Dudleya.Results.250118			cpdna_duplicate_ir_mask	cpDNA	mask	chloroplast	1	25736	558070280	21684.421822	25736	1.000000	25736	1.000000	25736	1.000000	/home/neil/Downloads/dudleya/Dudleya_S_genomes/full_pipeline_run/results/05_analysis_masks/cpdna_duplicate_ir_copy_mask.bed	/home/neil/Downloads/dudleya/Dudleya_S_genomes/full_pipeline_run/results/06_all_sample_alignment/qc/DU-4A.depth.tsv
DU-4A	QB3.Berkeley.241122/QB3.Dudleya.Results.250118			cpdna_population_sites	cpDNA	variant_calling_and_population_genetics	chloroplast	1	124538	2520952957	20242.439713	124538	1.000000	124538	1.000000	124538	1.000000	/home/neil/Downloads/dudleya/Dudleya_S_genomes/full_pipeline_run/results/05_analysis_masks/cpdna_population_sites.bed	/home/neil/Downloads/dudleya/Dudleya_S_genomes/full_pipeline_run/results/06_all_sample_alignment/qc/DU-4A.depth.tsv
DU-4A	QB3.Berkeley.241122/QB3.Dudleya.Results.250118			mtdna_permissive_coverage	mtDNA	sample_qc_coverage	mitochondria	1	243359	324065408	1331.635189	243359	1.000000	243359	1.000000	243358	0.999996	/home/neil/Downloads/dudleya/Dudleya_S_genomes/full_pipeline_run/results/05_analysis_masks/mtdna_permissive_coverage_regions.bed	/home/neil/Downloads/dudleya/Dudleya_S_genomes/full_pipeline_run/results/06_all_sample_alignment/qc/DU-4A.depth.tsv
DU-4A	QB3.Berkeley.241122/QB3.Dudleya.Results.250118			mtdna_high_confidence_unique	mtDNA	variant_calling_and_population_genetics	mitochondria	2	44930	97196865	2163.295460	44930	1.000000	44930	1.000000	44930	1.000000	/home/neil/Downloads/dudleya/Dudleya_S_genomes/full_pipeline_run/results/05_analysis_masks/mtdna_high_confidence_unique_regions.bed	/home/neil/Downloads/dudleya/Dudleya_S_genomes/full_pipeline_run/results/06_all_sample_alignment/qc/DU-4A.depth.tsv
DU014LP012	QB3.Berkeley.250811/QB3.250916.Results5genomes			cpdna_full_coverage	cpDNA	sample_qc_coverage	chloroplast	1	150274	1297468335	8634.017428	150274	1.000000	150274	1.000000	150274	1.000000	/home/neil/Downloads/dudleya/Dudleya_S_genomes/full_pipeline_run/results/05_analysis_masks/cpdna_full_coverage_regions.bed	/home/neil/Downloads/dudleya/Dudleya_S_genomes/full_pipeline_run/results/06_all_sample_alignment/qc/DU014LP012.depth.tsv
DU014LP012	QB3.Berkeley.250811/QB3.250916.Results5genomes			cpdna_ir_regions	cpDNA	repeat_annotation	chloroplast	2	51472	555838248	10798.846907	51472	1.000000	51472	1.000000	51472	1.000000	/home/neil/Downloads/dudleya/Dudleya_S_genomes/full_pipeline_run/results/05_analysis_masks/cpdna_ir_regions.bed	/home/neil/Downloads/dudleya/Dudleya_S_genomes/full_pipeline_run/results/06_all_sample_alignment/qc/DU014LP012.depth.tsv
DU014LP012	QB3.Berkeley.250811/QB3.250916.Results5genomes			cpdna_duplicate_ir_mask	cpDNA	mask	chloroplast	1	25736	268323408	10425.995026	25736	1.000000	25736	1.000000	25736	1.000000	/home/neil/Downloads/dudleya/Dudleya_S_genomes/full_pipeline_run/results/05_analysis_masks/cpdna_duplicate_ir_copy_mask.bed	/home/neil/Downloads/dudleya/Dudleya_S_genomes/full_pipeline_run/results/06_all_sample_alignment/qc/DU014LP012.depth.tsv
DU014LP012	QB3.Berkeley.250811/QB3.250916.Results5genomes			cpdna_population_sites	cpDNA	variant_calling_and_population_genetics	chloroplast	1	124538	1029144927	8263.702059	124538	1.000000	124538	1.000000	124538	1.000000	/home/neil/Downloads/dudleya/Dudleya_S_genomes/full_pipeline_run/results/05_analysis_masks/cpdna_population_sites.bed	/home/neil/Downloads/dudleya/Dudleya_S_genomes/full_pipeline_run/results/06_all_sample_alignment/qc/DU014LP012.depth.tsv
DU014LP012	QB3.Berkeley.250811/QB3.250916.Results5genomes			mtdna_permissive_coverage	mtDNA	sample_qc_coverage	mitochondria	1	243359	130833659	537.615864	235934	0.969490	230410	0.946791	230182	0.945854	/home/neil/Downloads/dudleya/Dudleya_S_genomes/full_pipeline_run/results/05_analysis_masks/mtdna_permissive_coverage_regions.bed	/home/neil/Downloads/dudleya/Dudleya_S_genomes/full_pipeline_run/results/06_all_sample_alignment/qc/DU014LP012.depth.tsv
DU014LP012	QB3.Berkeley.250811/QB3.250916.Results5genomes			mtdna_high_confidence_unique	mtDNA	variant_calling_and_population_genetics	mitochondria	2	44930	41119297	915.185778	44930	1.000000	44930	1.000000	44930	1.000000	/home/neil/Downloads/dudleya/Dudleya_S_genomes/full_pipeline_run/results/05_analysis_masks/mtdna_high_confidence_unique_regions.bed	/home/neil/Downloads/dudleya/Dudleya_S_genomes/full_pipeline_run/results/06_all_sample_alignment/qc/DU014LP012.depth.tsv
DU037LP013	QB3.Berkeley.250811/QB3.250916.Results5genomes			cpdna_full_coverage	cpDNA	sample_qc_coverage	chloroplast	1	150274	1735155749	11546.613180	150274	1.000000	150274	1.000000	150274	1.000000	/home/neil/Downloads/dudleya/Dudleya_S_genomes/full_pipeline_run/results/05_analysis_masks/cpdna_full_coverage_regions.bed	/home/neil/Downloads/dudleya/Dudleya_S_genomes/full_pipeline_run/results/06_all_sample_alignment/qc/DU037LP013.depth.tsv
DU037LP013	QB3.Berkeley.250811/QB3.250916.Results5genomes			cpdna_ir_regions	cpDNA	repeat_annotation	chloroplast	2	51472	583815476	11342.389571	51472	1.000000	51472	1.000000	51472	1.000000	/home/neil/Downloads/dudleya/Dudleya_S_genomes/full_pipeline_run/results/05_analysis_masks/cpdna_ir_regions.bed	/home/neil/Downloads/dudleya/Dudleya_S_genomes/full_pipeline_run/results/06_all_sample_alignment/qc/DU037LP013.depth.tsv
DU037LP013	QB3.Berkeley.250811/QB3.250916.Results5genomes			cpdna_duplicate_ir_mask	cpDNA	mask	chloroplast	1	25736	284435808	11052.059683	25736	1.000000	25736	1.000000	25736	1.000000	/home/neil/Downloads/dudleya/Dudleya_S_genomes/full_pipeline_run/results/05_analysis_masks/cpdna_duplicate_ir_copy_mask.bed	/home/neil/Downloads/dudleya/Dudleya_S_genomes/full_pipeline_run/results/06_all_sample_alignment/qc/DU037LP013.depth.tsv
DU037LP013	QB3.Berkeley.250811/QB3.250916.Results5genomes			cpdna_population_sites	cpDNA	variant_calling_and_population_genetics	chloroplast	1	124538	1450719941	11648.813543	124538	1.000000	124538	1.000000	124538	1.000000	/home/neil/Downloads/dudleya/Dudleya_S_genomes/full_pipeline_run/results/05_analysis_masks/cpdna_population_sites.bed	/home/neil/Downloads/dudleya/Dudleya_S_genomes/full_pipeline_run/results/06_all_sample_alignment/qc/DU037LP013.depth.tsv
DU037LP013	QB3.Berkeley.250811/QB3.250916.Results5genomes			mtdna_permissive_coverage	mtDNA	sample_qc_coverage	mitochondria	1	243359	86443388	355.209333	231989	0.953279	230040	0.945270	229917	0.944765	/home/neil/Downloads/dudleya/Dudleya_S_genomes/full_pipeline_run/results/05_analysis_masks/mtdna_permissive_coverage_regions.bed	/home/neil/Downloads/dudleya/Dudleya_S_genomes/full_pipeline_run/results/06_all_sample_alignment/qc/DU037LP013.depth.tsv
DU037LP013	QB3.Berkeley.250811/QB3.250916.Results5genomes			mtdna_high_confidence_unique	mtDNA	variant_calling_and_population_genetics	mitochondria	2	44930	27510505	612.297018	44930	1.000000	44930	1.000000	44928	0.999955	/home/neil/Downloads/dudleya/Dudleya_S_genomes/full_pipeline_run/results/05_analysis_masks/mtdna_high_confidence_unique_regions.bed	/home/neil/Downloads/dudleya/Dudleya_S_genomes/full_pipeline_run/results/06_all_sample_alignment/qc/DU037LP013.depth.tsv
DU059LP015	QB3.Berkeley.250811/QB3.250916.Results5genomes			cpdna_full_coverage	cpDNA	sample_qc_coverage	chloroplast	1	150274	1365087391	9083.989186	150274	1.000000	150274	1.000000	150274	1.000000	/home/neil/Downloads/dudleya/Dudleya_S_genomes/full_pipeline_run/results/05_analysis_masks/cpdna_full_coverage_regions.bed	/home/neil/Downloads/dudleya/Dudleya_S_genomes/full_pipeline_run/results/06_all_sample_alignment/qc/DU059LP015.depth.tsv
DU059LP015	QB3.Berkeley.250811/QB3.250916.Results5genomes			cpdna_ir_regions	cpDNA	repeat_annotation	chloroplast	2	51472	534382608	10382.005906	51472	1.000000	51472	1.000000	51472	1.000000	/home/neil/Downloads/dudleya/Dudleya_S_genomes/full_pipeline_run/results/05_analysis_masks/cpdna_ir_regions.bed	/home/neil/Downloads/dudleya/Dudleya_S_genomes/full_pipeline_run/results/06_all_sample_alignment/qc/DU059LP015.depth.tsv
DU059LP015	QB3.Berkeley.250811/QB3.250916.Results5genomes			cpdna_duplicate_ir_mask	cpDNA	mask	chloroplast	1	25736	257885492	10020.418558	25736	1.000000	25736	1.000000	25736	1.000000	/home/neil/Downloads/dudleya/Dudleya_S_genomes/full_pipeline_run/results/05_analysis_masks/cpdna_duplicate_ir_copy_mask.bed	/home/neil/Downloads/dudleya/Dudleya_S_genomes/full_pipeline_run/results/06_all_sample_alignment/qc/DU059LP015.depth.tsv
DU059LP015	QB3.Berkeley.250811/QB3.250916.Results5genomes			cpdna_population_sites	cpDNA	variant_calling_and_population_genetics	chloroplast	1	124538	1107201899	8890.474385	124538	1.000000	124538	1.000000	124538	1.000000	/home/neil/Downloads/dudleya/Dudleya_S_genomes/full_pipeline_run/results/05_analysis_masks/cpdna_population_sites.bed	/home/neil/Downloads/dudleya/Dudleya_S_genomes/full_pipeline_run/results/06_all_sample_alignment/qc/DU059LP015.depth.tsv
DU059LP015	QB3.Berkeley.250811/QB3.250916.Results5genomes			mtdna_permissive_coverage	mtDNA	sample_qc_coverage	mitochondria	1	243359	237312847	975.155416	243229	0.999466	243203	0.999359	243191	0.999310	/home/neil/Downloads/dudleya/Dudleya_S_genomes/full_pipeline_run/results/05_analysis_masks/mtdna_permissive_coverage_regions.bed	/home/neil/Downloads/dudleya/Dudleya_S_genomes/full_pipeline_run/results/06_all_sample_alignment/qc/DU059LP015.depth.tsv
DU059LP015	QB3.Berkeley.250811/QB3.250916.Results5genomes			mtdna_high_confidence_unique	mtDNA	variant_calling_and_population_genetics	mitochondria	2	44930	70693626	1573.417004	44815	0.997440	44795	0.996995	44793	0.996951	/home/neil/Downloads/dudleya/Dudleya_S_genomes/full_pipeline_run/results/05_analysis_masks/mtdna_high_confidence_unique_regions.bed	/home/neil/Downloads/dudleya/Dudleya_S_genomes/full_pipeline_run/results/06_all_sample_alignment/qc/DU059LP015.depth.tsv
DU078LP011	QB3.Berkeley.250811/QB3.250916.Results5genomes			cpdna_full_coverage	cpDNA	sample_qc_coverage	chloroplast	1	150274	2190830874	14578.908354	150274	1.000000	150274	1.000000	150274	1.000000	/home/neil/Downloads/dudleya/Dudleya_S_genomes/full_pipeline_run/results/05_analysis_masks/cpdna_full_coverage_regions.bed	/home/neil/Downloads/dudleya/Dudleya_S_genomes/full_pipeline_run/results/06_all_sample_alignment/qc/DU078LP011.depth.tsv
DU078LP011	QB3.Berkeley.250811/QB3.250916.Results5genomes			cpdna_ir_regions	cpDNA	repeat_annotation	chloroplast	2	51472	893175771	17352.653307	51472	1.000000	51472	1.000000	51472	1.000000	/home/neil/Downloads/dudleya/Dudleya_S_genomes/full_pipeline_run/results/05_analysis_masks/cpdna_ir_regions.bed	/home/neil/Downloads/dudleya/Dudleya_S_genomes/full_pipeline_run/results/06_all_sample_alignment/qc/DU078LP011.depth.tsv
DU078LP011	QB3.Berkeley.250811/QB3.250916.Results5genomes			cpdna_duplicate_ir_mask	cpDNA	mask	chloroplast	1	25736	430694377	16735.093915	25736	1.000000	25736	1.000000	25736	1.000000	/home/neil/Downloads/dudleya/Dudleya_S_genomes/full_pipeline_run/results/05_analysis_masks/cpdna_duplicate_ir_copy_mask.bed	/home/neil/Downloads/dudleya/Dudleya_S_genomes/full_pipeline_run/results/06_all_sample_alignment/qc/DU078LP011.depth.tsv
DU078LP011	QB3.Berkeley.250811/QB3.250916.Results5genomes			cpdna_population_sites	cpDNA	variant_calling_and_population_genetics	chloroplast	1	124538	1760136497	14133.328759	124538	1.000000	124538	1.000000	124538	1.000000	/home/neil/Downloads/dudleya/Dudleya_S_genomes/full_pipeline_run/results/05_analysis_masks/cpdna_population_sites.bed	/home/neil/Downloads/dudleya/Dudleya_S_genomes/full_pipeline_run/results/06_all_sample_alignment/qc/DU078LP011.depth.tsv
DU078LP011	QB3.Berkeley.250811/QB3.250916.Results5genomes			mtdna_permissive_coverage	mtDNA	sample_qc_coverage	mitochondria	1	243359	359508178	1477.275046	243223	0.999441	243174	0.999240	243172	0.999232	/home/neil/Downloads/dudleya/Dudleya_S_genomes/full_pipeline_run/results/05_analysis_masks/mtdna_permissive_coverage_regions.bed	/home/neil/Downloads/dudleya/Dudleya_S_genomes/full_pipeline_run/results/06_all_sample_alignment/qc/DU078LP011.depth.tsv
DU078LP011	QB3.Berkeley.250811/QB3.250916.Results5genomes			mtdna_high_confidence_unique	mtDNA	variant_calling_and_population_genetics	mitochondria	2	44930	107775980	2398.753172	44794	0.996973	44745	0.995882	44745	0.995882	/home/neil/Downloads/dudleya/Dudleya_S_genomes/full_pipeline_run/results/05_analysis_masks/mtdna_high_confidence_unique_regions.bed	/home/neil/Downloads/dudleya/Dudleya_S_genomes/full_pipeline_run/results/06_all_sample_alignment/qc/DU078LP011.depth.tsv
DU079LP010	QB3.Berkeley.250811/QB3.250916.Results5genomes			cpdna_full_coverage	cpDNA	sample_qc_coverage	chloroplast	1	150274	2077564323	13825.174834	150274	1.000000	150274	1.000000	150274	1.000000	/home/neil/Downloads/dudleya/Dudleya_S_genomes/full_pipeline_run/results/05_analysis_masks/cpdna_full_coverage_regions.bed	/home/neil/Downloads/dudleya/Dudleya_S_genomes/full_pipeline_run/results/06_all_sample_alignment/qc/DU079LP010.depth.tsv
DU079LP010	QB3.Berkeley.250811/QB3.250916.Results5genomes			cpdna_ir_regions	cpDNA	repeat_annotation	chloroplast	2	51472	775227607	15061.151830	51472	1.000000	51472	1.000000	51472	1.000000	/home/neil/Downloads/dudleya/Dudleya_S_genomes/full_pipeline_run/results/05_analysis_masks/cpdna_ir_regions.bed	/home/neil/Downloads/dudleya/Dudleya_S_genomes/full_pipeline_run/results/06_all_sample_alignment/qc/DU079LP010.depth.tsv
DU079LP010	QB3.Berkeley.250811/QB3.250916.Results5genomes			cpdna_duplicate_ir_mask	cpDNA	mask	chloroplast	1	25736	376836877	14642.402743	25736	1.000000	25736	1.000000	25736	1.000000	/home/neil/Downloads/dudleya/Dudleya_S_genomes/full_pipeline_run/results/05_analysis_masks/cpdna_duplicate_ir_copy_mask.bed	/home/neil/Downloads/dudleya/Dudleya_S_genomes/full_pipeline_run/results/06_all_sample_alignment/qc/DU079LP010.depth.tsv
DU079LP010	QB3.Berkeley.250811/QB3.250916.Results5genomes			cpdna_population_sites	cpDNA	variant_calling_and_population_genetics	chloroplast	1	124538	1700727446	13656.293228	124538	1.000000	124538	1.000000	124538	1.000000	/home/neil/Downloads/dudleya/Dudleya_S_genomes/full_pipeline_run/results/05_analysis_masks/cpdna_population_sites.bed	/home/neil/Downloads/dudleya/Dudleya_S_genomes/full_pipeline_run/results/06_all_sample_alignment/qc/DU079LP010.depth.tsv
DU079LP010	QB3.Berkeley.250811/QB3.250916.Results5genomes			mtdna_permissive_coverage	mtDNA	sample_qc_coverage	mitochondria	1	243359	402417540	1653.596292	243254	0.999569	243241	0.999515	243240	0.999511	/home/neil/Downloads/dudleya/Dudleya_S_genomes/full_pipeline_run/results/05_analysis_masks/mtdna_permissive_coverage_regions.bed	/home/neil/Downloads/dudleya/Dudleya_S_genomes/full_pipeline_run/results/06_all_sample_alignment/qc/DU079LP010.depth.tsv
DU079LP010	QB3.Berkeley.250811/QB3.250916.Results5genomes			mtdna_high_confidence_unique	mtDNA	variant_calling_and_population_genetics	mitochondria	2	44930	120568432	2683.472780	44825	0.997663	44813	0.997396	44813	0.997396	/home/neil/Downloads/dudleya/Dudleya_S_genomes/full_pipeline_run/results/05_analysis_masks/mtdna_high_confidence_unique_regions.bed	/home/neil/Downloads/dudleya/Dudleya_S_genomes/full_pipeline_run/results/06_all_sample_alignment/qc/DU079LP010.depth.tsv
ABAB_MAD_LP_222_Du-589	QB3.Berkeley.251217/QB3.Results.260109	D. abramsii ssp. abramsii	ABAB_MAD	cpdna_full_coverage	cpDNA	sample_qc_coverage	chloroplast	1	150274	31835	0.211846	20147	0.134068	74	0.000492	0	0.000000	/home/neil/Downloads/dudleya/Dudleya_S_genomes/full_pipeline_run/results/05_analysis_masks/cpdna_full_coverage_regions.bed	/home/neil/Downloads/dudleya/Dudleya_S_genomes/full_pipeline_run/results/06_all_sample_alignment/qc/ABAB_MAD_LP_222_Du-589.depth.tsv
ABAB_MAD_LP_222_Du-589	QB3.Berkeley.251217/QB3.Results.260109	D. abramsii ssp. abramsii	ABAB_MAD	cpdna_ir_regions	cpDNA	repeat_annotation	chloroplast	2	51472	9180	0.178349	5878	0.114198	17	0.000330	0	0.000000	/home/neil/Downloads/dudleya/Dudleya_S_genomes/full_pipeline_run/results/05_analysis_masks/cpdna_ir_regions.bed	/home/neil/Downloads/dudleya/Dudleya_S_genomes/full_pipeline_run/results/06_all_sample_alignment/qc/ABAB_MAD_LP_222_Du-589.depth.tsv
ABAB_MAD_LP_222_Du-589	QB3.Berkeley.251217/QB3.Results.260109	D. abramsii ssp. abramsii	ABAB_MAD	cpdna_duplicate_ir_mask	cpDNA	mask	chloroplast	1	25736	5027	0.195329	3180	0.123562	17	0.000661	0	0.000000	/home/neil/Downloads/dudleya/Dudleya_S_genomes/full_pipeline_run/results/05_analysis_masks/cpdna_duplicate_ir_copy_mask.bed	/home/neil/Downloads/dudleya/Dudleya_S_genomes/full_pipeline_run/results/06_all_sample_alignment/qc/ABAB_MAD_LP_222_Du-589.depth.tsv
ABAB_MAD_LP_222_Du-589	QB3.Berkeley.251217/QB3.Results.260109	D. abramsii ssp. abramsii	ABAB_MAD	cpdna_population_sites	cpDNA	variant_calling_and_population_genetics	chloroplast	1	124538	26808	0.215260	16967	0.136240	57	0.000458	0	0.000000	/home/neil/Downloads/dudleya/Dudleya_S_genomes/full_pipeline_run/results/05_analysis_masks/cpdna_population_sites.bed	/home/neil/Downloads/dudleya/Dudleya_S_genomes/full_pipeline_run/results/06_all_sample_alignment/qc/ABAB_MAD_LP_222_Du-589.depth.tsv
ABAB_MAD_LP_222_Du-589	QB3.Berkeley.251217/QB3.Results.260109	D. abramsii ssp. abramsii	ABAB_MAD	mtdna_permissive_coverage	mtDNA	sample_qc_coverage	mitochondria	1	243359	2558	0.010511	1976	0.008120	0	0.000000	0	0.000000	/home/neil/Downloads/dudleya/Dudleya_S_genomes/full_pipeline_run/results/05_analysis_masks/mtdna_permissive_coverage_regions.bed	/home/neil/Downloads/dudleya/Dudleya_S_genomes/full_pipeline_run/results/06_all_sample_alignment/qc/ABAB_MAD_LP_222_Du-589.depth.tsv
ABAB_MAD_LP_222_Du-589	QB3.Berkeley.251217/QB3.Results.260109	D. abramsii ssp. abramsii	ABAB_MAD	mtdna_high_confidence_unique	mtDNA	variant_calling_and_population_genetics	mitochondria	2	44930	747	0.016626	551	0.012264	0	0.000000	0	0.000000	/home/neil/Downloads/dudleya/Dudleya_S_genomes/full_pipeline_run/results/05_analysis_masks/mtdna_high_confidence_unique_regions.bed	/home/neil/Downloads/dudleya/Dudleya_S_genomes/full_pipeline_run/results/06_all_sample_alignment/qc/ABAB_MAD_LP_222_Du-589.depth.tsv
ABAB_MAD_LP_223_Du-590	QB3.Berkeley.251217/QB3.Results.260109	D. abramsii ssp. abramsii	ABAB_MAD	cpdna_full_coverage	cpDNA	sample_qc_coverage	chloroplast	1	150274	19288975	128.358698	150254	0.999867	150191	0.999448	150125	0.999008	/home/neil/Downloads/dudleya/Dudleya_S_genomes/full_pipeline_run/results/05_analysis_masks/cpdna_full_coverage_regions.bed	/home/neil/Downloads/dudleya/Dudleya_S_genomes/full_pipeline_run/results/06_all_sample_alignment/qc/ABAB_MAD_LP_223_Du-590.depth.tsv
ABAB_MAD_LP_223_Du-590	QB3.Berkeley.251217/QB3.Results.260109	D. abramsii ssp. abramsii	ABAB_MAD	cpdna_ir_regions	cpDNA	repeat_annotation	chloroplast	2	51472	6418469	124.698263	51471	0.999981	51435	0.999281	51383	0.998271	/home/neil/Downloads/dudleya/Dudleya_S_genomes/full_pipeline_run/results/05_analysis_masks/cpdna_ir_regions.bed	/home/neil/Downloads/dudleya/Dudleya_S_genomes/full_pipeline_run/results/06_all_sample_alignment/qc/ABAB_MAD_LP_223_Du-590.depth.tsv
ABAB_MAD_LP_223_Du-590	QB3.Berkeley.251217/QB3.Results.260109	D. abramsii ssp. abramsii	ABAB_MAD	cpdna_duplicate_ir_mask	cpDNA	mask	chloroplast	1	25736	3151208	122.443581	25735	0.999961	25706	0.998834	25661	0.997086	/home/neil/Downloads/dudleya/Dudleya_S_genomes/full_pipeline_run/results/05_analysis_masks/cpdna_duplicate_ir_copy_mask.bed	/home/neil/Downloads/dudleya/Dudleya_S_genomes/full_pipeline_run/results/06_all_sample_alignment/qc/ABAB_MAD_LP_223_Du-590.depth.tsv
ABAB_MAD_LP_223_Du-590	QB3.Berkeley.251217/QB3.Results.260109	D. abramsii ssp. abramsii	ABAB_MAD	cpdna_population_sites	cpDNA	variant_calling_and_population_genetics	chloroplast	1	124538	16137767	129.581068	124519	0.999847	124485	0.999574	124464	0.999406	/home/neil/Downloads/dudleya/Dudleya_S_genomes/full_pipeline_run/results/05_analysis_masks/cpdna_population_sites.bed	/home/neil/Downloads/dudleya/Dudleya_S_genomes/full_pipeline_run/results/06_all_sample_alignment/qc/ABAB_MAD_LP_223_Du-590.depth.tsv
ABAB_MAD_LP_223_Du-590	QB3.Berkeley.251217/QB3.Results.260109	D. abramsii ssp. abramsii	ABAB_MAD	mtdna_permissive_coverage	mtDNA	sample_qc_coverage	mitochondria	1	243359	2345637	9.638587	241949	0.994206	207051	0.850805	103654	0.425930	/home/neil/Downloads/dudleya/Dudleya_S_genomes/full_pipeline_run/results/05_analysis_masks/mtdna_permissive_coverage_regions.bed	/home/neil/Downloads/dudleya/Dudleya_S_genomes/full_pipeline_run/results/06_all_sample_alignment/qc/ABAB_MAD_LP_223_Du-590.depth.tsv
ABAB_MAD_LP_223_Du-590	QB3.Berkeley.251217/QB3.Results.260109	D. abramsii ssp. abramsii	ABAB_MAD	mtdna_high_confidence_unique	mtDNA	variant_calling_and_population_genetics	mitochondria	2	44930	703180	15.650568	44921	0.999800	44416	0.988560	38930	0.866459	/home/neil/Downloads/dudleya/Dudleya_S_genomes/full_pipeline_run/results/05_analysis_masks/mtdna_high_confidence_unique_regions.bed	/home/neil/Downloads/dudleya/Dudleya_S_genomes/full_pipeline_run/results/06_all_sample_alignment/qc/ABAB_MAD_LP_223_Du-590.depth.tsv
ABAB_MAD_LP_322_Du-593	QB3.Berkeley.251217/QB3.Results.260109	D. abramsii ssp. abramsii	ABAB_MAD	cpdna_full_coverage	cpDNA	sample_qc_coverage	chloroplast	1	150274	391946574	2608.212825	150269	0.999967	150259	0.999900	150258	0.999894	/home/neil/Downloads/dudleya/Dudleya_S_genomes/full_pipeline_run/results/05_analysis_masks/cpdna_full_coverage_regions.bed	/home/neil/Downloads/dudleya/Dudleya_S_genomes/full_pipeline_run/results/06_all_sample_alignment/qc/ABAB_MAD_LP_322_Du-593.depth.tsv
ABAB_MAD_LP_322_Du-593	QB3.Berkeley.251217/QB3.Results.260109	D. abramsii ssp. abramsii	ABAB_MAD	cpdna_ir_regions	cpDNA	repeat_annotation	chloroplast	2	51472	136532004	2652.549036	51472	1.000000	51472	1.000000	51472	1.000000	/home/neil/Downloads/dudleya/Dudleya_S_genomes/full_pipeline_run/results/05_analysis_masks/cpdna_ir_regions.bed	/home/neil/Downloads/dudleya/Dudleya_S_genomes/full_pipeline_run/results/06_all_sample_alignment/qc/ABAB_MAD_LP_322_Du-593.depth.tsv
ABAB_MAD_LP_322_Du-593	QB3.Berkeley.251217/QB3.Results.260109	D. abramsii ssp. abramsii	ABAB_MAD	cpdna_duplicate_ir_mask	cpDNA	mask	chloroplast	1	25736	66728972	2592.826080	25736	1.000000	25736	1.000000	25736	1.000000	/home/neil/Downloads/dudleya/Dudleya_S_genomes/full_pipeline_run/results/05_analysis_masks/cpdna_duplicate_ir_copy_mask.bed	/home/neil/Downloads/dudleya/Dudleya_S_genomes/full_pipeline_run/results/06_all_sample_alignment/qc/ABAB_MAD_LP_322_Du-593.depth.tsv
ABAB_MAD_LP_322_Du-593	QB3.Berkeley.251217/QB3.Results.260109	D. abramsii ssp. abramsii	ABAB_MAD	cpdna_population_sites	cpDNA	variant_calling_and_population_genetics	chloroplast	1	124538	325217602	2611.392523	124533	0.999960	124523	0.999880	124522	0.999872	/home/neil/Downloads/dudleya/Dudleya_S_genomes/full_pipeline_run/results/05_analysis_masks/cpdna_population_sites.bed	/home/neil/Downloads/dudleya/Dudleya_S_genomes/full_pipeline_run/results/06_all_sample_alignment/qc/ABAB_MAD_LP_322_Du-593.depth.tsv
ABAB_MAD_LP_322_Du-593	QB3.Berkeley.251217/QB3.Results.260109	D. abramsii ssp. abramsii	ABAB_MAD	mtdna_permissive_coverage	mtDNA	sample_qc_coverage	mitochondria	1	243359	27432400	112.724000	243071	0.998817	243054	0.998747	243018	0.998599	/home/neil/Downloads/dudleya/Dudleya_S_genomes/full_pipeline_run/results/05_analysis_masks/mtdna_permissive_coverage_regions.bed	/home/neil/Downloads/dudleya/Dudleya_S_genomes/full_pipeline_run/results/06_all_sample_alignment/qc/ABAB_MAD_LP_322_Du-593.depth.tsv
ABAB_MAD_LP_322_Du-593	QB3.Berkeley.251217/QB3.Results.260109	D. abramsii ssp. abramsii	ABAB_MAD	mtdna_high_confidence_unique	mtDNA	variant_calling_and_population_genetics	mitochondria	2	44930	8234354	183.270732	44923	0.999844	44920	0.999777	44912	0.999599	/home/neil/Downloads/dudleya/Dudleya_S_genomes/full_pipeline_run/results/05_analysis_masks/mtdna_high_confidence_unique_regions.bed	/home/neil/Downloads/dudleya/Dudleya_S_genomes/full_pipeline_run/results/06_all_sample_alignment/qc/ABAB_MAD_LP_322_Du-593.depth.tsv
ABAB_MAD_LP_323_Du-594	QB3.Berkeley.251217/QB3.Results.260109	D. abramsii ssp. abramsii	ABAB_MAD	cpdna_full_coverage	cpDNA	sample_qc_coverage	chloroplast	1	150274	47696624	317.397714	150259	0.999900	150238	0.999760	150214	0.999601	/home/neil/Downloads/dudleya/Dudleya_S_genomes/full_pipeline_run/results/05_analysis_masks/cpdna_full_coverage_regions.bed	/home/neil/Downloads/dudleya/Dudleya_S_genomes/full_pipeline_run/results/06_all_sample_alignment/qc/ABAB_MAD_LP_323_Du-594.depth.tsv
ABAB_MAD_LP_323_Du-594	QB3.Berkeley.251217/QB3.Results.260109	D. abramsii ssp. abramsii	ABAB_MAD	cpdna_ir_regions	cpDNA	repeat_annotation	chloroplast	2	51472	16383440	318.298104	51472	1.000000	51467	0.999903	51462	0.999806	/home/neil/Downloads/dudleya/Dudleya_S_genomes/full_pipeline_run/results/05_analysis_masks/cpdna_ir_regions.bed	/home/neil/Downloads/dudleya/Dudleya_S_genomes/full_pipeline_run/results/06_all_sample_alignment/qc/ABAB_MAD_LP_323_Du-594.depth.tsv
ABAB_MAD_LP_323_Du-594	QB3.Berkeley.251217/QB3.Results.260109	D. abramsii ssp. abramsii	ABAB_MAD	cpdna_duplicate_ir_mask	cpDNA	mask	chloroplast	1	25736	8004472	311.022381	25736	1.000000	25731	0.999806	25728	0.999689	/home/neil/Downloads/dudleya/Dudleya_S_genomes/full_pipeline_run/results/05_analysis_masks/cpdna_duplicate_ir_copy_mask.bed	/home/neil/Downloads/dudleya/Dudleya_S_genomes/full_pipeline_run/results/06_all_sample_alignment/qc/ABAB_MAD_LP_323_Du-594.depth.tsv
ABAB_MAD_LP_323_Du-594	QB3.Berkeley.251217/QB3.Results.260109	D. abramsii ssp. abramsii	ABAB_MAD	cpdna_population_sites	cpDNA	variant_calling_and_population_genetics	chloroplast	1	124538	39692152	318.715187	124523	0.999880	124507	0.999751	124486	0.999582	/home/neil/Downloads/dudleya/Dudleya_S_genomes/full_pipeline_run/results/05_analysis_masks/cpdna_population_sites.bed	/home/neil/Downloads/dudleya/Dudleya_S_genomes/full_pipeline_run/results/06_all_sample_alignment/qc/ABAB_MAD_LP_323_Du-594.depth.tsv
ABAB_MAD_LP_323_Du-594	QB3.Berkeley.251217/QB3.Results.260109	D. abramsii ssp. abramsii	ABAB_MAD	mtdna_permissive_coverage	mtDNA	sample_qc_coverage	mitochondria	1	243359	3887517	15.974412	242995	0.998504	236226	0.970689	189509	0.778722	/home/neil/Downloads/dudleya/Dudleya_S_genomes/full_pipeline_run/results/05_analysis_masks/mtdna_permissive_coverage_regions.bed	/home/neil/Downloads/dudleya/Dudleya_S_genomes/full_pipeline_run/results/06_all_sample_alignment/qc/ABAB_MAD_LP_323_Du-594.depth.tsv
ABAB_MAD_LP_323_Du-594	QB3.Berkeley.251217/QB3.Results.260109	D. abramsii ssp. abramsii	ABAB_MAD	mtdna_high_confidence_unique	mtDNA	variant_calling_and_population_genetics	mitochondria	2	44930	1174895	26.149455	44916	0.999688	44894	0.999199	44687	0.994592	/home/neil/Downloads/dudleya/Dudleya_S_genomes/full_pipeline_run/results/05_analysis_masks/mtdna_high_confidence_unique_regions.bed	/home/neil/Downloads/dudleya/Dudleya_S_genomes/full_pipeline_run/results/06_all_sample_alignment/qc/ABAB_MAD_LP_323_Du-594.depth.tsv
ABAB_MAD_LP_324_Du-595	QB3.Berkeley.251217/QB3.Results.260109	D. abramsii ssp. abramsii	ABAB_MAD	cpdna_full_coverage	cpDNA	sample_qc_coverage	chloroplast	1	150274	125799161	837.131912	150273	0.999993	150251	0.999847	150235	0.999740	/home/neil/Downloads/dudleya/Dudleya_S_genomes/full_pipeline_run/results/05_analysis_masks/cpdna_full_coverage_regions.bed	/home/neil/Downloads/dudleya/Dudleya_S_genomes/full_pipeline_run/results/06_all_sample_alignment/qc/ABAB_MAD_LP_324_Du-595.depth.tsv
ABAB_MAD_LP_324_Du-595	QB3.Berkeley.251217/QB3.Results.260109	D. abramsii ssp. abramsii	ABAB_MAD	cpdna_ir_regions	cpDNA	repeat_annotation	chloroplast	2	51472	43170537	838.718857	51472	1.000000	51469	0.999942	51464	0.999845	/home/neil/Downloads/dudleya/Dudleya_S_genomes/full_pipeline_run/results/05_analysis_masks/cpdna_ir_regions.bed	/home/neil/Downloads/dudleya/Dudleya_S_genomes/full_pipeline_run/results/06_all_sample_alignment/qc/ABAB_MAD_LP_324_Du-595.depth.tsv
ABAB_MAD_LP_324_Du-595	QB3.Berkeley.251217/QB3.Results.260109	D. abramsii ssp. abramsii	ABAB_MAD	cpdna_duplicate_ir_mask	cpDNA	mask	chloroplast	1	25736	21273276	826.596052	25736	1.000000	25734	0.999922	25730	0.999767	/home/neil/Downloads/dudleya/Dudleya_S_genomes/full_pipeline_run/results/05_analysis_masks/cpdna_duplicate_ir_copy_mask.bed	/home/neil/Downloads/dudleya/Dudleya_S_genomes/full_pipeline_run/results/06_all_sample_alignment/qc/ABAB_MAD_LP_324_Du-595.depth.tsv
ABAB_MAD_LP_324_Du-595	QB3.Berkeley.251217/QB3.Results.260109	D. abramsii ssp. abramsii	ABAB_MAD	cpdna_population_sites	cpDNA	variant_calling_and_population_genetics	chloroplast	1	124538	104525885	839.309167	124537	0.999992	124517	0.999831	124505	0.999735	/home/neil/Downloads/dudleya/Dudleya_S_genomes/full_pipeline_run/results/05_analysis_masks/cpdna_population_sites.bed	/home/neil/Downloads/dudleya/Dudleya_S_genomes/full_pipeline_run/results/06_all_sample_alignment/qc/ABAB_MAD_LP_324_Du-595.depth.tsv
ABAB_MAD_LP_324_Du-595	QB3.Berkeley.251217/QB3.Results.260109	D. abramsii ssp. abramsii	ABAB_MAD	mtdna_permissive_coverage	mtDNA	sample_qc_coverage	mitochondria	1	243359	14183285	58.281325	243110	0.998977	243049	0.998726	243021	0.998611	/home/neil/Downloads/dudleya/Dudleya_S_genomes/full_pipeline_run/results/05_analysis_masks/mtdna_permissive_coverage_regions.bed	/home/neil/Downloads/dudleya/Dudleya_S_genomes/full_pipeline_run/results/06_all_sample_alignment/qc/ABAB_MAD_LP_324_Du-595.depth.tsv
ABAB_MAD_LP_324_Du-595	QB3.Berkeley.251217/QB3.Results.260109	D. abramsii ssp. abramsii	ABAB_MAD	mtdna_high_confidence_unique	mtDNA	variant_calling_and_population_genetics	mitochondria	2	44930	4277330	95.199866	44922	0.999822	44915	0.999666	44912	0.999599	/home/neil/Downloads/dudleya/Dudleya_S_genomes/full_pipeline_run/results/05_analysis_masks/mtdna_high_confidence_unique_regions.bed	/home/neil/Downloads/dudleya/Dudleya_S_genomes/full_pipeline_run/results/06_all_sample_alignment/qc/ABAB_MAD_LP_324_Du-595.depth.tsv
ABAB_MAD_LP_325_Du-596	QB3.Berkeley.251217/QB3.Results.260109	D. abramsii ssp. abramsii	ABAB_MAD	cpdna_full_coverage	cpDNA	sample_qc_coverage	chloroplast	1	150274	207801705	1382.818751	150269	0.999967	150255	0.999874	150247	0.999820	/home/neil/Downloads/dudleya/Dudleya_S_genomes/full_pipeline_run/results/05_analysis_masks/cpdna_full_coverage_regions.bed	/home/neil/Downloads/dudleya/Dudleya_S_genomes/full_pipeline_run/results/06_all_sample_alignment/qc/ABAB_MAD_LP_325_Du-596.depth.tsv
ABAB_MAD_LP_325_Du-596	QB3.Berkeley.251217/QB3.Results.260109	D. abramsii ssp. abramsii	ABAB_MAD	cpdna_ir_regions	cpDNA	repeat_annotation	chloroplast	2	51472	70375744	1367.262667	51472	1.000000	51471	0.999981	51467	0.999903	/home/neil/Downloads/dudleya/Dudleya_S_genomes/full_pipeline_run/results/05_analysis_masks/cpdna_ir_regions.bed	/home/neil/Downloads/dudleya/Dudleya_S_genomes/full_pipeline_run/results/06_all_sample_alignment/qc/ABAB_MAD_LP_325_Du-596.depth.tsv
ABAB_MAD_LP_325_Du-596	QB3.Berkeley.251217/QB3.Results.260109	D. abramsii ssp. abramsii	ABAB_MAD	cpdna_duplicate_ir_mask	cpDNA	mask	chloroplast	1	25736	34605422	1344.630945	25736	1.000000	25735	0.999961	25732	0.999845	/home/neil/Downloads/dudleya/Dudleya_S_genomes/full_pipeline_run/results/05_analysis_masks/cpdna_duplicate_ir_copy_mask.bed	/home/neil/Downloads/dudleya/Dudleya_S_genomes/full_pipeline_run/results/06_all_sample_alignment/qc/ABAB_MAD_LP_325_Du-596.depth.tsv
ABAB_MAD_LP_325_Du-596	QB3.Berkeley.251217/QB3.Results.260109	D. abramsii ssp. abramsii	ABAB_MAD	cpdna_population_sites	cpDNA	variant_calling_and_population_genetics	chloroplast	1	124538	173196283	1390.710329	124533	0.999960	124520	0.999855	124515	0.999815	/home/neil/Downloads/dudleya/Dudleya_S_genomes/full_pipeline_run/results/05_analysis_masks/cpdna_population_sites.bed	/home/neil/Downloads/dudleya/Dudleya_S_genomes/full_pipeline_run/results/06_all_sample_alignment/qc/ABAB_MAD_LP_325_Du-596.depth.tsv
ABAB_MAD_LP_325_Du-596	QB3.Berkeley.251217/QB3.Results.260109	D. abramsii ssp. abramsii	ABAB_MAD	mtdna_permissive_coverage	mtDNA	sample_qc_coverage	mitochondria	1	243359	14262884	58.608410	243090	0.998895	243060	0.998771	243000	0.998525	/home/neil/Downloads/dudleya/Dudleya_S_genomes/full_pipeline_run/results/05_analysis_masks/mtdna_permissive_coverage_regions.bed	/home/neil/Downloads/dudleya/Dudleya_S_genomes/full_pipeline_run/results/06_all_sample_alignment/qc/ABAB_MAD_LP_325_Du-596.depth.tsv
ABAB_MAD_LP_325_Du-596	QB3.Berkeley.251217/QB3.Results.260109	D. abramsii ssp. abramsii	ABAB_MAD	mtdna_high_confidence_unique	mtDNA	variant_calling_and_population_genetics	mitochondria	2	44930	4238102	94.326775	44924	0.999866	44917	0.999711	44911	0.999577	/home/neil/Downloads/dudleya/Dudleya_S_genomes/full_pipeline_run/results/05_analysis_masks/mtdna_high_confidence_unique_regions.bed	/home/neil/Downloads/dudleya/Dudleya_S_genomes/full_pipeline_run/results/06_all_sample_alignment/qc/ABAB_MAD_LP_325_Du-596.depth.tsv
ABAB_MAD_LP_326_Du-597	QB3.Berkeley.251217/QB3.Results.260109	D. abramsii ssp. abramsii	ABAB_MAD	cpdna_full_coverage	cpDNA	sample_qc_coverage	chloroplast	1	150274	110898804	737.977321	150261	0.999913	150245	0.999807	150239	0.999767	/home/neil/Downloads/dudleya/Dudleya_S_genomes/full_pipeline_run/results/05_analysis_masks/cpdna_full_coverage_regions.bed	/home/neil/Downloads/dudleya/Dudleya_S_genomes/full_pipeline_run/results/06_all_sample_alignment/qc/ABAB_MAD_LP_326_Du-597.depth.tsv
ABAB_MAD_LP_326_Du-597	QB3.Berkeley.251217/QB3.Results.260109	D. abramsii ssp. abramsii	ABAB_MAD	cpdna_ir_regions	cpDNA	repeat_annotation	chloroplast	2	51472	36724395	713.482962	51472	1.000000	51467	0.999903	51466	0.999883	/home/neil/Downloads/dudleya/Dudleya_S_genomes/full_pipeline_run/results/05_analysis_masks/cpdna_ir_regions.bed	/home/neil/Downloads/dudleya/Dudleya_S_genomes/full_pipeline_run/results/06_all_sample_alignment/qc/ABAB_MAD_LP_326_Du-597.depth.tsv
ABAB_MAD_LP_326_Du-597	QB3.Berkeley.251217/QB3.Results.260109	D. abramsii ssp. abramsii	ABAB_MAD	cpdna_duplicate_ir_mask	cpDNA	mask	chloroplast	1	25736	18128451	704.400490	25736	1.000000	25731	0.999806	25731	0.999806	/home/neil/Downloads/dudleya/Dudleya_S_genomes/full_pipeline_run/results/05_analysis_masks/cpdna_duplicate_ir_copy_mask.bed	/home/neil/Downloads/dudleya/Dudleya_S_genomes/full_pipeline_run/results/06_all_sample_alignment/qc/ABAB_MAD_LP_326_Du-597.depth.tsv
ABAB_MAD_LP_326_Du-597	QB3.Berkeley.251217/QB3.Results.260109	D. abramsii ssp. abramsii	ABAB_MAD	cpdna_population_sites	cpDNA	variant_calling_and_population_genetics	chloroplast	1	124538	92770353	744.916034	124525	0.999896	124514	0.999807	124508	0.999759	/home/neil/Downloads/dudleya/Dudleya_S_genomes/full_pipeline_run/results/05_analysis_masks/cpdna_population_sites.bed	/home/neil/Downloads/dudleya/Dudleya_S_genomes/full_pipeline_run/results/06_all_sample_alignment/qc/ABAB_MAD_LP_326_Du-597.depth.tsv
ABAB_MAD_LP_326_Du-597	QB3.Berkeley.251217/QB3.Results.260109	D. abramsii ssp. abramsii	ABAB_MAD	mtdna_permissive_coverage	mtDNA	sample_qc_coverage	mitochondria	1	243359	11110941	45.656586	243085	0.998874	243035	0.998669	242968	0.998393	/home/neil/Downloads/dudleya/Dudleya_S_genomes/full_pipeline_run/results/05_analysis_masks/mtdna_permissive_coverage_regions.bed	/home/neil/Downloads/dudleya/Dudleya_S_genomes/full_pipeline_run/results/06_all_sample_alignment/qc/ABAB_MAD_LP_326_Du-597.depth.tsv
ABAB_MAD_LP_326_Du-597	QB3.Berkeley.251217/QB3.Results.260109	D. abramsii ssp. abramsii	ABAB_MAD	mtdna_high_confidence_unique	mtDNA	variant_calling_and_population_genetics	mitochondria	2	44930	3317475	73.836523	44923	0.999844	44915	0.999666	44909	0.999533	/home/neil/Downloads/dudleya/Dudleya_S_genomes/full_pipeline_run/results/05_analysis_masks/mtdna_high_confidence_unique_regions.bed	/home/neil/Downloads/dudleya/Dudleya_S_genomes/full_pipeline_run/results/06_all_sample_alignment/qc/ABAB_MAD_LP_326_Du-597.depth.tsv
ABAB_MAD_LP_327_Du-598	QB3.Berkeley.251217/QB3.Results.260109	D. abramsii ssp. abramsii	ABAB_MAD	cpdna_full_coverage	cpDNA	sample_qc_coverage	chloroplast	1	150274	34721017	231.051393	150256	0.999880	150235	0.999740	150203	0.999528	/home/neil/Downloads/dudleya/Dudleya_S_genomes/full_pipeline_run/results/05_analysis_masks/cpdna_full_coverage_regions.bed	/home/neil/Downloads/dudleya/Dudleya_S_genomes/full_pipeline_run/results/06_all_sample_alignment/qc/ABAB_MAD_LP_327_Du-598.depth.tsv
ABAB_MAD_LP_327_Du-598	QB3.Berkeley.251217/QB3.Results.260109	D. abramsii ssp. abramsii	ABAB_MAD	cpdna_ir_regions	cpDNA	repeat_annotation	chloroplast	2	51472	12297483	238.915974	51470	0.999961	51465	0.999864	51449	0.999553	/home/neil/Downloads/dudleya/Dudleya_S_genomes/full_pipeline_run/results/05_analysis_masks/cpdna_ir_regions.bed	/home/neil/Downloads/dudleya/Dudleya_S_genomes/full_pipeline_run/results/06_all_sample_alignment/qc/ABAB_MAD_LP_327_Du-598.depth.tsv
ABAB_MAD_LP_327_Du-598	QB3.Berkeley.251217/QB3.Results.260109	D. abramsii ssp. abramsii	ABAB_MAD	cpdna_duplicate_ir_mask	cpDNA	mask	chloroplast	1	25736	6042587	234.791226	25734	0.999922	25732	0.999845	25723	0.999495	/home/neil/Downloads/dudleya/Dudleya_S_genomes/full_pipeline_run/results/05_analysis_masks/cpdna_duplicate_ir_copy_mask.bed	/home/neil/Downloads/dudleya/Dudleya_S_genomes/full_pipeline_run/results/06_all_sample_alignment/qc/ABAB_MAD_LP_327_Du-598.depth.tsv
ABAB_MAD_LP_327_Du-598	QB3.Berkeley.251217/QB3.Results.260109	D. abramsii ssp. abramsii	ABAB_MAD	cpdna_population_sites	cpDNA	variant_calling_and_population_genetics	chloroplast	1	124538	28678430	230.278550	124522	0.999872	124503	0.999719	124480	0.999534	/home/neil/Downloads/dudleya/Dudleya_S_genomes/full_pipeline_run/results/05_analysis_masks/cpdna_population_sites.bed	/home/neil/Downloads/dudleya/Dudleya_S_genomes/full_pipeline_run/results/06_all_sample_alignment/qc/ABAB_MAD_LP_327_Du-598.depth.tsv
ABAB_MAD_LP_327_Du-598	QB3.Berkeley.251217/QB3.Results.260109	D. abramsii ssp. abramsii	ABAB_MAD	mtdna_permissive_coverage	mtDNA	sample_qc_coverage	mitochondria	1	243359	3092146	12.706109	242319	0.995726	226846	0.932146	152928	0.628405	/home/neil/Downloads/dudleya/Dudleya_S_genomes/full_pipeline_run/results/05_analysis_masks/mtdna_permissive_coverage_regions.bed	/home/neil/Downloads/dudleya/Dudleya_S_genomes/full_pipeline_run/results/06_all_sample_alignment/qc/ABAB_MAD_LP_327_Du-598.depth.tsv
ABAB_MAD_LP_327_Du-598	QB3.Berkeley.251217/QB3.Results.260109	D. abramsii ssp. abramsii	ABAB_MAD	mtdna_high_confidence_unique	mtDNA	variant_calling_and_population_genetics	mitochondria	2	44930	933067	20.767127	44921	0.999800	44854	0.998308	43018	0.957445	/home/neil/Downloads/dudleya/Dudleya_S_genomes/full_pipeline_run/results/05_analysis_masks/mtdna_high_confidence_unique_regions.bed	/home/neil/Downloads/dudleya/Dudleya_S_genomes/full_pipeline_run/results/06_all_sample_alignment/qc/ABAB_MAD_LP_327_Du-598.depth.tsv
ABBE_BERN_LP_311_Du-780	QB3.Berkeley.251217/QB3.Results.260109	D. abramsii ssp. bettinae	ABBE_BERN	cpdna_full_coverage	cpDNA	sample_qc_coverage	chloroplast	1	150274	162376343	1080.535176	150274	1.000000	150262	0.999920	150255	0.999874	/home/neil/Downloads/dudleya/Dudleya_S_genomes/full_pipeline_run/results/05_analysis_masks/cpdna_full_coverage_regions.bed	/home/neil/Downloads/dudleya/Dudleya_S_genomes/full_pipeline_run/results/06_all_sample_alignment/qc/ABBE_BERN_LP_311_Du-780.depth.tsv
ABBE_BERN_LP_311_Du-780	QB3.Berkeley.251217/QB3.Results.260109	D. abramsii ssp. bettinae	ABBE_BERN	cpdna_ir_regions	cpDNA	repeat_annotation	chloroplast	2	51472	57306377	1113.350501	51472	1.000000	51469	0.999942	51467	0.999903	/home/neil/Downloads/dudleya/Dudleya_S_genomes/full_pipeline_run/results/05_analysis_masks/cpdna_ir_regions.bed	/home/neil/Downloads/dudleya/Dudleya_S_genomes/full_pipeline_run/results/06_all_sample_alignment/qc/ABBE_BERN_LP_311_Du-780.depth.tsv
ABBE_BERN_LP_311_Du-780	QB3.Berkeley.251217/QB3.Results.260109	D. abramsii ssp. bettinae	ABBE_BERN	cpdna_duplicate_ir_mask	cpDNA	mask	chloroplast	1	25736	28159900	1094.183245	25736	1.000000	25734	0.999922	25732	0.999845	/home/neil/Downloads/dudleya/Dudleya_S_genomes/full_pipeline_run/results/05_analysis_masks/cpdna_duplicate_ir_copy_mask.bed	/home/neil/Downloads/dudleya/Dudleya_S_genomes/full_pipeline_run/results/06_all_sample_alignment/qc/ABBE_BERN_LP_311_Du-780.depth.tsv
ABBE_BERN_LP_311_Du-780	QB3.Berkeley.251217/QB3.Results.260109	D. abramsii ssp. bettinae	ABBE_BERN	cpdna_population_sites	cpDNA	variant_calling_and_population_genetics	chloroplast	1	124538	134216443	1077.714778	124538	1.000000	124528	0.999920	124523	0.999880	/home/neil/Downloads/dudleya/Dudleya_S_genomes/full_pipeline_run/results/05_analysis_masks/cpdna_population_sites.bed	/home/neil/Downloads/dudleya/Dudleya_S_genomes/full_pipeline_run/results/06_all_sample_alignment/qc/ABBE_BERN_LP_311_Du-780.depth.tsv
ABBE_BERN_LP_311_Du-780	QB3.Berkeley.251217/QB3.Results.260109	D. abramsii ssp. bettinae	ABBE_BERN	mtdna_permissive_coverage	mtDNA	sample_qc_coverage	mitochondria	1	243359	28466479	116.973192	230050	0.945311	229060	0.941243	228938	0.940742	/home/neil/Downloads/dudleya/Dudleya_S_genomes/full_pipeline_run/results/05_analysis_masks/mtdna_permissive_coverage_regions.bed	/home/neil/Downloads/dudleya/Dudleya_S_genomes/full_pipeline_run/results/06_all_sample_alignment/qc/ABBE_BERN_LP_311_Du-780.depth.tsv
ABBE_BERN_LP_311_Du-780	QB3.Berkeley.251217/QB3.Results.260109	D. abramsii ssp. bettinae	ABBE_BERN	mtdna_high_confidence_unique	mtDNA	variant_calling_and_population_genetics	mitochondria	2	44930	9136394	203.347296	44930	1.000000	44927	0.999933	44918	0.999733	/home/neil/Downloads/dudleya/Dudleya_S_genomes/full_pipeline_run/results/05_analysis_masks/mtdna_high_confidence_unique_regions.bed	/home/neil/Downloads/dudleya/Dudleya_S_genomes/full_pipeline_run/results/06_all_sample_alignment/qc/ABBE_BERN_LP_311_Du-780.depth.tsv
ABBE_BERN_LP_312_Du-781	QB3.Berkeley.251217/QB3.Results.260109	D. abramsii ssp. bettinae	ABBE_BERN	cpdna_full_coverage	cpDNA	sample_qc_coverage	chloroplast	1	150274	60736294	404.170342	150274	1.000000	150266	0.999947	150254	0.999867	/home/neil/Downloads/dudleya/Dudleya_S_genomes/full_pipeline_run/results/05_analysis_masks/cpdna_full_coverage_regions.bed	/home/neil/Downloads/dudleya/Dudleya_S_genomes/full_pipeline_run/results/06_all_sample_alignment/qc/ABBE_BERN_LP_312_Du-781.depth.tsv
ABBE_BERN_LP_312_Du-781	QB3.Berkeley.251217/QB3.Results.260109	D. abramsii ssp. bettinae	ABBE_BERN	cpdna_ir_regions	cpDNA	repeat_annotation	chloroplast	2	51472	20392541	396.187073	51472	1.000000	51470	0.999961	51463	0.999825	/home/neil/Downloads/dudleya/Dudleya_S_genomes/full_pipeline_run/results/05_analysis_masks/cpdna_ir_regions.bed	/home/neil/Downloads/dudleya/Dudleya_S_genomes/full_pipeline_run/results/06_all_sample_alignment/qc/ABBE_BERN_LP_312_Du-781.depth.tsv
ABBE_BERN_LP_312_Du-781	QB3.Berkeley.251217/QB3.Results.260109	D. abramsii ssp. bettinae	ABBE_BERN	cpdna_duplicate_ir_mask	cpDNA	mask	chloroplast	1	25736	10022260	389.425707	25736	1.000000	25735	0.999961	25728	0.999689	/home/neil/Downloads/dudleya/Dudleya_S_genomes/full_pipeline_run/results/05_analysis_masks/cpdna_duplicate_ir_copy_mask.bed	/home/neil/Downloads/dudleya/Dudleya_S_genomes/full_pipeline_run/results/06_all_sample_alignment/qc/ABBE_BERN_LP_312_Du-781.depth.tsv
ABBE_BERN_LP_312_Du-781	QB3.Berkeley.251217/QB3.Results.260109	D. abramsii ssp. bettinae	ABBE_BERN	cpdna_population_sites	cpDNA	variant_calling_and_population_genetics	chloroplast	1	124538	50714034	407.217347	124538	1.000000	124531	0.999944	124526	0.999904	/home/neil/Downloads/dudleya/Dudleya_S_genomes/full_pipeline_run/results/05_analysis_masks/cpdna_population_sites.bed	/home/neil/Downloads/dudleya/Dudleya_S_genomes/full_pipeline_run/results/06_all_sample_alignment/qc/ABBE_BERN_LP_312_Du-781.depth.tsv
ABBE_BERN_LP_312_Du-781	QB3.Berkeley.251217/QB3.Results.260109	D. abramsii ssp. bettinae	ABBE_BERN	mtdna_permissive_coverage	mtDNA	sample_qc_coverage	mitochondria	1	243359	12731720	52.316619	230146	0.945706	229150	0.941613	228925	0.940688	/home/neil/Downloads/dudleya/Dudleya_S_genomes/full_pipeline_run/results/05_analysis_masks/mtdna_permissive_coverage_regions.bed	/home/neil/Downloads/dudleya/Dudleya_S_genomes/full_pipeline_run/results/06_all_sample_alignment/qc/ABBE_BERN_LP_312_Du-781.depth.tsv
ABBE_BERN_LP_312_Du-781	QB3.Berkeley.251217/QB3.Results.260109	D. abramsii ssp. bettinae	ABBE_BERN	mtdna_high_confidence_unique	mtDNA	variant_calling_and_population_genetics	mitochondria	2	44930	4160036	92.589272	44929	0.999978	44925	0.999889	44917	0.999711	/home/neil/Downloads/dudleya/Dudleya_S_genomes/full_pipeline_run/results/05_analysis_masks/mtdna_high_confidence_unique_regions.bed	/home/neil/Downloads/dudleya/Dudleya_S_genomes/full_pipeline_run/results/06_all_sample_alignment/qc/ABBE_BERN_LP_312_Du-781.depth.tsv
ABBE_BERN_LP_313_Du-782	QB3.Berkeley.251217/QB3.Results.260109	D. abramsii ssp. bettinae	ABBE_BERN	cpdna_full_coverage	cpDNA	sample_qc_coverage	chloroplast	1	150274	17655543	117.489007	150261	0.999913	150216	0.999614	150145	0.999142	/home/neil/Downloads/dudleya/Dudleya_S_genomes/full_pipeline_run/results/05_analysis_masks/cpdna_full_coverage_regions.bed	/home/neil/Downloads/dudleya/Dudleya_S_genomes/full_pipeline_run/results/06_all_sample_alignment/qc/ABBE_BERN_LP_313_Du-782.depth.tsv
ABBE_BERN_LP_313_Du-782	QB3.Berkeley.251217/QB3.Results.260109	D. abramsii ssp. bettinae	ABBE_BERN	cpdna_ir_regions	cpDNA	repeat_annotation	chloroplast	2	51472	6443164	125.178039	51471	0.999981	51441	0.999398	51403	0.998659	/home/neil/Downloads/dudleya/Dudleya_S_genomes/full_pipeline_run/results/05_analysis_masks/cpdna_ir_regions.bed	/home/neil/Downloads/dudleya/Dudleya_S_genomes/full_pipeline_run/results/06_all_sample_alignment/qc/ABBE_BERN_LP_313_Du-782.depth.tsv
ABBE_BERN_LP_313_Du-782	QB3.Berkeley.251217/QB3.Results.260109	D. abramsii ssp. bettinae	ABBE_BERN	cpdna_duplicate_ir_mask	cpDNA	mask	chloroplast	1	25736	3150671	122.422715	25735	0.999961	25718	0.999301	25685	0.998018	/home/neil/Downloads/dudleya/Dudleya_S_genomes/full_pipeline_run/results/05_analysis_masks/cpdna_duplicate_ir_copy_mask.bed	/home/neil/Downloads/dudleya/Dudleya_S_genomes/full_pipeline_run/results/06_all_sample_alignment/qc/ABBE_BERN_LP_313_Du-782.depth.tsv
ABBE_BERN_LP_313_Du-782	QB3.Berkeley.251217/QB3.Results.260109	D. abramsii ssp. bettinae	ABBE_BERN	cpdna_population_sites	cpDNA	variant_calling_and_population_genetics	chloroplast	1	124538	14504872	116.469447	124526	0.999904	124498	0.999679	124460	0.999374	/home/neil/Downloads/dudleya/Dudleya_S_genomes/full_pipeline_run/results/05_analysis_masks/cpdna_population_sites.bed	/home/neil/Downloads/dudleya/Dudleya_S_genomes/full_pipeline_run/results/06_all_sample_alignment/qc/ABBE_BERN_LP_313_Du-782.depth.tsv
ABBE_BERN_LP_313_Du-782	QB3.Berkeley.251217/QB3.Results.260109	D. abramsii ssp. bettinae	ABBE_BERN	mtdna_permissive_coverage	mtDNA	sample_qc_coverage	mitochondria	1	243359	3334921	13.703709	229805	0.944305	220698	0.906882	168526	0.692500	/home/neil/Downloads/dudleya/Dudleya_S_genomes/full_pipeline_run/results/05_analysis_masks/mtdna_permissive_coverage_regions.bed	/home/neil/Downloads/dudleya/Dudleya_S_genomes/full_pipeline_run/results/06_all_sample_alignment/qc/ABBE_BERN_LP_313_Du-782.depth.tsv
ABBE_BERN_LP_313_Du-782	QB3.Berkeley.251217/QB3.Results.260109	D. abramsii ssp. bettinae	ABBE_BERN	mtdna_high_confidence_unique	mtDNA	variant_calling_and_population_genetics	mitochondria	2	44930	1077825	23.988983	44927	0.999933	44914	0.999644	44253	0.984932	/home/neil/Downloads/dudleya/Dudleya_S_genomes/full_pipeline_run/results/05_analysis_masks/mtdna_high_confidence_unique_regions.bed	/home/neil/Downloads/dudleya/Dudleya_S_genomes/full_pipeline_run/results/06_all_sample_alignment/qc/ABBE_BERN_LP_313_Du-782.depth.tsv
ABBE_BERN_LP_314_Du-783	QB3.Berkeley.251217/QB3.Results.260109	D. abramsii ssp. bettinae	ABBE_BERN	cpdna_full_coverage	cpDNA	sample_qc_coverage	chloroplast	1	150274	26233221	174.569260	150274	1.000000	150256	0.999880	150214	0.999601	/home/neil/Downloads/dudleya/Dudleya_S_genomes/full_pipeline_run/results/05_analysis_masks/cpdna_full_coverage_regions.bed	/home/neil/Downloads/dudleya/Dudleya_S_genomes/full_pipeline_run/results/06_all_sample_alignment/qc/ABBE_BERN_LP_314_Du-783.depth.tsv
ABBE_BERN_LP_314_Du-783	QB3.Berkeley.251217/QB3.Results.260109	D. abramsii ssp. bettinae	ABBE_BERN	cpdna_ir_regions	cpDNA	repeat_annotation	chloroplast	2	51472	9004630	174.942299	51472	1.000000	51462	0.999806	51434	0.999262	/home/neil/Downloads/dudleya/Dudleya_S_genomes/full_pipeline_run/results/05_analysis_masks/cpdna_ir_regions.bed	/home/neil/Downloads/dudleya/Dudleya_S_genomes/full_pipeline_run/results/06_all_sample_alignment/qc/ABBE_BERN_LP_314_Du-783.depth.tsv
ABBE_BERN_LP_314_Du-783	QB3.Berkeley.251217/QB3.Results.260109	D. abramsii ssp. bettinae	ABBE_BERN	cpdna_duplicate_ir_mask	cpDNA	mask	chloroplast	1	25736	4440563	172.542858	25736	1.000000	25726	0.999611	25714	0.999145	/home/neil/Downloads/dudleya/Dudleya_S_genomes/full_pipeline_run/results/05_analysis_masks/cpdna_duplicate_ir_copy_mask.bed	/home/neil/Downloads/dudleya/Dudleya_S_genomes/full_pipeline_run/results/06_all_sample_alignment/qc/ABBE_BERN_LP_314_Du-783.depth.tsv
ABBE_BERN_LP_314_Du-783	QB3.Berkeley.251217/QB3.Results.260109	D. abramsii ssp. bettinae	ABBE_BERN	cpdna_population_sites	cpDNA	variant_calling_and_population_genetics	chloroplast	1	124538	21792658	174.988020	124538	1.000000	124530	0.999936	124500	0.999695	/home/neil/Downloads/dudleya/Dudleya_S_genomes/full_pipeline_run/results/05_analysis_masks/cpdna_population_sites.bed	/home/neil/Downloads/dudleya/Dudleya_S_genomes/full_pipeline_run/results/06_all_sample_alignment/qc/ABBE_BERN_LP_314_Du-783.depth.tsv
ABBE_BERN_LP_314_Du-783	QB3.Berkeley.251217/QB3.Results.260109	D. abramsii ssp. bettinae	ABBE_BERN	mtdna_permissive_coverage	mtDNA	sample_qc_coverage	mitochondria	1	243359	14433520	59.309580	229794	0.944259	229021	0.941083	228938	0.940742	/home/neil/Downloads/dudleya/Dudleya_S_genomes/full_pipeline_run/results/05_analysis_masks/mtdna_permissive_coverage_regions.bed	/home/neil/Downloads/dudleya/Dudleya_S_genomes/full_pipeline_run/results/06_all_sample_alignment/qc/ABBE_BERN_LP_314_Du-783.depth.tsv
ABBE_BERN_LP_314_Du-783	QB3.Berkeley.251217/QB3.Results.260109	D. abramsii ssp. bettinae	ABBE_BERN	mtdna_high_confidence_unique	mtDNA	variant_calling_and_population_genetics	mitochondria	2	44930	4747227	105.658291	44928	0.999955	44927	0.999933	44925	0.999889	/home/neil/Downloads/dudleya/Dudleya_S_genomes/full_pipeline_run/results/05_analysis_masks/mtdna_high_confidence_unique_regions.bed	/home/neil/Downloads/dudleya/Dudleya_S_genomes/full_pipeline_run/results/06_all_sample_alignment/qc/ABBE_BERN_LP_314_Du-783.depth.tsv
ABMU_HOR_LP_306_Du-775	QB3.Berkeley.251217/QB3.Results.260109	D. abramsii ssp. murina	ABMU_HOR	cpdna_full_coverage	cpDNA	sample_qc_coverage	chloroplast	1	150274	144836339	963.815025	150260	0.999907	150258	0.999894	150246	0.999814	/home/neil/Downloads/dudleya/Dudleya_S_genomes/full_pipeline_run/results/05_analysis_masks/cpdna_full_coverage_regions.bed	/home/neil/Downloads/dudleya/Dudleya_S_genomes/full_pipeline_run/results/06_all_sample_alignment/qc/ABMU_HOR_LP_306_Du-775.depth.tsv
ABMU_HOR_LP_306_Du-775	QB3.Berkeley.251217/QB3.Results.260109	D. abramsii ssp. murina	ABMU_HOR	cpdna_ir_regions	cpDNA	repeat_annotation	chloroplast	2	51472	50041022	972.198904	51472	1.000000	51471	0.999981	51468	0.999922	/home/neil/Downloads/dudleya/Dudleya_S_genomes/full_pipeline_run/results/05_analysis_masks/cpdna_ir_regions.bed	/home/neil/Downloads/dudleya/Dudleya_S_genomes/full_pipeline_run/results/06_all_sample_alignment/qc/ABMU_HOR_LP_306_Du-775.depth.tsv
ABMU_HOR_LP_306_Du-775	QB3.Berkeley.251217/QB3.Results.260109	D. abramsii ssp. murina	ABMU_HOR	cpdna_duplicate_ir_mask	cpDNA	mask	chloroplast	1	25736	24444343	949.811276	25736	1.000000	25735	0.999961	25733	0.999883	/home/neil/Downloads/dudleya/Dudleya_S_genomes/full_pipeline_run/results/05_analysis_masks/cpdna_duplicate_ir_copy_mask.bed	/home/neil/Downloads/dudleya/Dudleya_S_genomes/full_pipeline_run/results/06_all_sample_alignment/qc/ABMU_HOR_LP_306_Du-775.depth.tsv
ABMU_HOR_LP_306_Du-775	QB3.Berkeley.251217/QB3.Results.260109	D. abramsii ssp. murina	ABMU_HOR	cpdna_population_sites	cpDNA	variant_calling_and_population_genetics	chloroplast	1	124538	120391996	966.708924	124524	0.999888	124523	0.999880	124513	0.999799	/home/neil/Downloads/dudleya/Dudleya_S_genomes/full_pipeline_run/results/05_analysis_masks/cpdna_population_sites.bed	/home/neil/Downloads/dudleya/Dudleya_S_genomes/full_pipeline_run/results/06_all_sample_alignment/qc/ABMU_HOR_LP_306_Du-775.depth.tsv
ABMU_HOR_LP_306_Du-775	QB3.Berkeley.251217/QB3.Results.260109	D. abramsii ssp. murina	ABMU_HOR	mtdna_permissive_coverage	mtDNA	sample_qc_coverage	mitochondria	1	243359	39863549	163.805526	243120	0.999018	243063	0.998784	243052	0.998738	/home/neil/Downloads/dudleya/Dudleya_S_genomes/full_pipeline_run/results/05_analysis_masks/mtdna_permissive_coverage_regions.bed	/home/neil/Downloads/dudleya/Dudleya_S_genomes/full_pipeline_run/results/06_all_sample_alignment/qc/ABMU_HOR_LP_306_Du-775.depth.tsv
ABMU_HOR_LP_306_Du-775	QB3.Berkeley.251217/QB3.Results.260109	D. abramsii ssp. murina	ABMU_HOR	mtdna_high_confidence_unique	mtDNA	variant_calling_and_population_genetics	mitochondria	2	44930	12016929	267.458914	44930	1.000000	44919	0.999755	44912	0.999599	/home/neil/Downloads/dudleya/Dudleya_S_genomes/full_pipeline_run/results/05_analysis_masks/mtdna_high_confidence_unique_regions.bed	/home/neil/Downloads/dudleya/Dudleya_S_genomes/full_pipeline_run/results/06_all_sample_alignment/qc/ABMU_HOR_LP_306_Du-775.depth.tsv
ABMU_HOR_LP_308_Du-777	QB3.Berkeley.251217/QB3.Results.260109	D. abramsii ssp. murina	ABMU_HOR	cpdna_full_coverage	cpDNA	sample_qc_coverage	chloroplast	1	150274	96012529	638.916439	150267	0.999953	150255	0.999874	150235	0.999740	/home/neil/Downloads/dudleya/Dudleya_S_genomes/full_pipeline_run/results/05_analysis_masks/cpdna_full_coverage_regions.bed	/home/neil/Downloads/dudleya/Dudleya_S_genomes/full_pipeline_run/results/06_all_sample_alignment/qc/ABMU_HOR_LP_308_Du-777.depth.tsv
ABMU_HOR_LP_308_Du-777	QB3.Berkeley.251217/QB3.Results.260109	D. abramsii ssp. murina	ABMU_HOR	cpdna_ir_regions	cpDNA	repeat_annotation	chloroplast	2	51472	32279095	627.119502	51472	1.000000	51470	0.999961	51462	0.999806	/home/neil/Downloads/dudleya/Dudleya_S_genomes/full_pipeline_run/results/05_analysis_masks/cpdna_ir_regions.bed	/home/neil/Downloads/dudleya/Dudleya_S_genomes/full_pipeline_run/results/06_all_sample_alignment/qc/ABMU_HOR_LP_308_Du-777.depth.tsv
ABMU_HOR_LP_308_Du-777	QB3.Berkeley.251217/QB3.Results.260109	D. abramsii ssp. murina	ABMU_HOR	cpdna_duplicate_ir_mask	cpDNA	mask	chloroplast	1	25736	15892992	617.539322	25736	1.000000	25734	0.999922	25728	0.999689	/home/neil/Downloads/dudleya/Dudleya_S_genomes/full_pipeline_run/results/05_analysis_masks/cpdna_duplicate_ir_copy_mask.bed	/home/neil/Downloads/dudleya/Dudleya_S_genomes/full_pipeline_run/results/06_all_sample_alignment/qc/ABMU_HOR_LP_308_Du-777.depth.tsv
ABMU_HOR_LP_308_Du-777	QB3.Berkeley.251217/QB3.Results.260109	D. abramsii ssp. murina	ABMU_HOR	cpdna_population_sites	cpDNA	variant_calling_and_population_genetics	chloroplast	1	124538	80119537	643.334059	124531	0.999944	124521	0.999863	124507	0.999751	/home/neil/Downloads/dudleya/Dudleya_S_genomes/full_pipeline_run/results/05_analysis_masks/cpdna_population_sites.bed	/home/neil/Downloads/dudleya/Dudleya_S_genomes/full_pipeline_run/results/06_all_sample_alignment/qc/ABMU_HOR_LP_308_Du-777.depth.tsv
ABMU_HOR_LP_308_Du-777	QB3.Berkeley.251217/QB3.Results.260109	D. abramsii ssp. murina	ABMU_HOR	mtdna_permissive_coverage	mtDNA	sample_qc_coverage	mitochondria	1	243359	40793590	167.627209	243120	0.999018	243083	0.998866	243037	0.998677	/home/neil/Downloads/dudleya/Dudleya_S_genomes/full_pipeline_run/results/05_analysis_masks/mtdna_permissive_coverage_regions.bed	/home/neil/Downloads/dudleya/Dudleya_S_genomes/full_pipeline_run/results/06_all_sample_alignment/qc/ABMU_HOR_LP_308_Du-777.depth.tsv
ABMU_HOR_LP_308_Du-777	QB3.Berkeley.251217/QB3.Results.260109	D. abramsii ssp. murina	ABMU_HOR	mtdna_high_confidence_unique	mtDNA	variant_calling_and_population_genetics	mitochondria	2	44930	12315692	274.108435	44930	1.000000	44926	0.999911	44915	0.999666	/home/neil/Downloads/dudleya/Dudleya_S_genomes/full_pipeline_run/results/05_analysis_masks/mtdna_high_confidence_unique_regions.bed	/home/neil/Downloads/dudleya/Dudleya_S_genomes/full_pipeline_run/results/06_all_sample_alignment/qc/ABMU_HOR_LP_308_Du-777.depth.tsv
ABMU_HOR_LP_358_Du-770	QB3.Berkeley.251217/QB3.Results.260109	D. abramsii ssp. murina	ABMU_HOR	cpdna_full_coverage	cpDNA	sample_qc_coverage	chloroplast	1	150274	307228432	2044.455009	150261	0.999913	150258	0.999894	150256	0.999880	/home/neil/Downloads/dudleya/Dudleya_S_genomes/full_pipeline_run/results/05_analysis_masks/cpdna_full_coverage_regions.bed	/home/neil/Downloads/dudleya/Dudleya_S_genomes/full_pipeline_run/results/06_all_sample_alignment/qc/ABMU_HOR_LP_358_Du-770.depth.tsv
ABMU_HOR_LP_358_Du-770	QB3.Berkeley.251217/QB3.Results.260109	D. abramsii ssp. murina	ABMU_HOR	cpdna_ir_regions	cpDNA	repeat_annotation	chloroplast	2	51472	107149608	2081.706714	51472	1.000000	51470	0.999961	51470	0.999961	/home/neil/Downloads/dudleya/Dudleya_S_genomes/full_pipeline_run/results/05_analysis_masks/cpdna_ir_regions.bed	/home/neil/Downloads/dudleya/Dudleya_S_genomes/full_pipeline_run/results/06_all_sample_alignment/qc/ABMU_HOR_LP_358_Du-770.depth.tsv
ABMU_HOR_LP_358_Du-770	QB3.Berkeley.251217/QB3.Results.260109	D. abramsii ssp. murina	ABMU_HOR	cpdna_duplicate_ir_mask	cpDNA	mask	chloroplast	1	25736	52287805	2031.698982	25736	1.000000	25735	0.999961	25735	0.999961	/home/neil/Downloads/dudleya/Dudleya_S_genomes/full_pipeline_run/results/05_analysis_masks/cpdna_duplicate_ir_copy_mask.bed	/home/neil/Downloads/dudleya/Dudleya_S_genomes/full_pipeline_run/results/06_all_sample_alignment/qc/ABMU_HOR_LP_358_Du-770.depth.tsv
ABMU_HOR_LP_358_Du-770	QB3.Berkeley.251217/QB3.Results.260109	D. abramsii ssp. murina	ABMU_HOR	cpdna_population_sites	cpDNA	variant_calling_and_population_genetics	chloroplast	1	124538	254940627	2047.091065	124525	0.999896	124523	0.999880	124521	0.999863	/home/neil/Downloads/dudleya/Dudleya_S_genomes/full_pipeline_run/results/05_analysis_masks/cpdna_population_sites.bed	/home/neil/Downloads/dudleya/Dudleya_S_genomes/full_pipeline_run/results/06_all_sample_alignment/qc/ABMU_HOR_LP_358_Du-770.depth.tsv
ABMU_HOR_LP_358_Du-770	QB3.Berkeley.251217/QB3.Results.260109	D. abramsii ssp. murina	ABMU_HOR	mtdna_permissive_coverage	mtDNA	sample_qc_coverage	mitochondria	1	243359	28395182	116.680221	243100	0.998936	243054	0.998747	243036	0.998673	/home/neil/Downloads/dudleya/Dudleya_S_genomes/full_pipeline_run/results/05_analysis_masks/mtdna_permissive_coverage_regions.bed	/home/neil/Downloads/dudleya/Dudleya_S_genomes/full_pipeline_run/results/06_all_sample_alignment/qc/ABMU_HOR_LP_358_Du-770.depth.tsv
ABMU_HOR_LP_358_Du-770	QB3.Berkeley.251217/QB3.Results.260109	D. abramsii ssp. murina	ABMU_HOR	mtdna_high_confidence_unique	mtDNA	variant_calling_and_population_genetics	mitochondria	2	44930	8562486	190.573915	44930	1.000000	44917	0.999711	44912	0.999599	/home/neil/Downloads/dudleya/Dudleya_S_genomes/full_pipeline_run/results/05_analysis_masks/mtdna_high_confidence_unique_regions.bed	/home/neil/Downloads/dudleya/Dudleya_S_genomes/full_pipeline_run/results/06_all_sample_alignment/qc/ABMU_HOR_LP_358_Du-770.depth.tsv
ABMU_HOR_LP_359_Du-771	QB3.Berkeley.251217/QB3.Results.260109	D. abramsii ssp. murina	ABMU_HOR	cpdna_full_coverage	cpDNA	sample_qc_coverage	chloroplast	1	150274	221340684	1472.914037	150260	0.999907	150259	0.999900	150253	0.999860	/home/neil/Downloads/dudleya/Dudleya_S_genomes/full_pipeline_run/results/05_analysis_masks/cpdna_full_coverage_regions.bed	/home/neil/Downloads/dudleya/Dudleya_S_genomes/full_pipeline_run/results/06_all_sample_alignment/qc/ABMU_HOR_LP_359_Du-771.depth.tsv
ABMU_HOR_LP_359_Du-771	QB3.Berkeley.251217/QB3.Results.260109	D. abramsii ssp. murina	ABMU_HOR	cpdna_ir_regions	cpDNA	repeat_annotation	chloroplast	2	51472	77824377	1511.974996	51472	1.000000	51472	1.000000	51470	0.999961	/home/neil/Downloads/dudleya/Dudleya_S_genomes/full_pipeline_run/results/05_analysis_masks/cpdna_ir_regions.bed	/home/neil/Downloads/dudleya/Dudleya_S_genomes/full_pipeline_run/results/06_all_sample_alignment/qc/ABMU_HOR_LP_359_Du-771.depth.tsv
ABMU_HOR_LP_359_Du-771	QB3.Berkeley.251217/QB3.Results.260109	D. abramsii ssp. murina	ABMU_HOR	cpdna_duplicate_ir_mask	cpDNA	mask	chloroplast	1	25736	37936988	1474.082530	25736	1.000000	25736	1.000000	25734	0.999922	/home/neil/Downloads/dudleya/Dudleya_S_genomes/full_pipeline_run/results/05_analysis_masks/cpdna_duplicate_ir_copy_mask.bed	/home/neil/Downloads/dudleya/Dudleya_S_genomes/full_pipeline_run/results/06_all_sample_alignment/qc/ABMU_HOR_LP_359_Du-771.depth.tsv
ABMU_HOR_LP_359_Du-771	QB3.Berkeley.251217/QB3.Results.260109	D. abramsii ssp. murina	ABMU_HOR	cpdna_population_sites	cpDNA	variant_calling_and_population_genetics	chloroplast	1	124538	183403696	1472.672566	124524	0.999888	124523	0.999880	124519	0.999847	/home/neil/Downloads/dudleya/Dudleya_S_genomes/full_pipeline_run/results/05_analysis_masks/cpdna_population_sites.bed	/home/neil/Downloads/dudleya/Dudleya_S_genomes/full_pipeline_run/results/06_all_sample_alignment/qc/ABMU_HOR_LP_359_Du-771.depth.tsv
ABMU_HOR_LP_359_Du-771	QB3.Berkeley.251217/QB3.Results.260109	D. abramsii ssp. murina	ABMU_HOR	mtdna_permissive_coverage	mtDNA	sample_qc_coverage	mitochondria	1	243359	31261473	128.458257	243117	0.999006	243061	0.998775	243032	0.998656	/home/neil/Downloads/dudleya/Dudleya_S_genomes/full_pipeline_run/results/05_analysis_masks/mtdna_permissive_coverage_regions.bed	/home/neil/Downloads/dudleya/Dudleya_S_genomes/full_pipeline_run/results/06_all_sample_alignment/qc/ABMU_HOR_LP_359_Du-771.depth.tsv
ABMU_HOR_LP_359_Du-771	QB3.Berkeley.251217/QB3.Results.260109	D. abramsii ssp. murina	ABMU_HOR	mtdna_high_confidence_unique	mtDNA	variant_calling_and_population_genetics	mitochondria	2	44930	9383062	208.837347	44929	0.999978	44923	0.999844	44914	0.999644	/home/neil/Downloads/dudleya/Dudleya_S_genomes/full_pipeline_run/results/05_analysis_masks/mtdna_high_confidence_unique_regions.bed	/home/neil/Downloads/dudleya/Dudleya_S_genomes/full_pipeline_run/results/06_all_sample_alignment/qc/ABMU_HOR_LP_359_Du-771.depth.tsv
ABMU_HOR_LP_360_Du-772	QB3.Berkeley.251217/QB3.Results.260109	D. abramsii ssp. murina	ABMU_HOR	cpdna_full_coverage	cpDNA	sample_qc_coverage	chloroplast	1	150274	184517140	1227.871355	150260	0.999907	150259	0.999900	150251	0.999847	/home/neil/Downloads/dudleya/Dudleya_S_genomes/full_pipeline_run/results/05_analysis_masks/cpdna_full_coverage_regions.bed	/home/neil/Downloads/dudleya/Dudleya_S_genomes/full_pipeline_run/results/06_all_sample_alignment/qc/ABMU_HOR_LP_360_Du-772.depth.tsv
ABMU_HOR_LP_360_Du-772	QB3.Berkeley.251217/QB3.Results.260109	D. abramsii ssp. murina	ABMU_HOR	cpdna_ir_regions	cpDNA	repeat_annotation	chloroplast	2	51472	65371359	1270.037282	51472	1.000000	51471	0.999981	51468	0.999922	/home/neil/Downloads/dudleya/Dudleya_S_genomes/full_pipeline_run/results/05_analysis_masks/cpdna_ir_regions.bed	/home/neil/Downloads/dudleya/Dudleya_S_genomes/full_pipeline_run/results/06_all_sample_alignment/qc/ABMU_HOR_LP_360_Du-772.depth.tsv
ABMU_HOR_LP_360_Du-772	QB3.Berkeley.251217/QB3.Results.260109	D. abramsii ssp. murina	ABMU_HOR	cpdna_duplicate_ir_mask	cpDNA	mask	chloroplast	1	25736	31977259	1242.510841	25736	1.000000	25735	0.999961	25733	0.999883	/home/neil/Downloads/dudleya/Dudleya_S_genomes/full_pipeline_run/results/05_analysis_masks/cpdna_duplicate_ir_copy_mask.bed	/home/neil/Downloads/dudleya/Dudleya_S_genomes/full_pipeline_run/results/06_all_sample_alignment/qc/ABMU_HOR_LP_360_Du-772.depth.tsv
ABMU_HOR_LP_360_Du-772	QB3.Berkeley.251217/QB3.Results.260109	D. abramsii ssp. murina	ABMU_HOR	cpdna_population_sites	cpDNA	variant_calling_and_population_genetics	chloroplast	1	124538	152539881	1224.846079	124524	0.999888	124524	0.999888	124518	0.999839	/home/neil/Downloads/dudleya/Dudleya_S_genomes/full_pipeline_run/results/05_analysis_masks/cpdna_population_sites.bed	/home/neil/Downloads/dudleya/Dudleya_S_genomes/full_pipeline_run/results/06_all_sample_alignment/qc/ABMU_HOR_LP_360_Du-772.depth.tsv
ABMU_HOR_LP_360_Du-772	QB3.Berkeley.251217/QB3.Results.260109	D. abramsii ssp. murina	ABMU_HOR	mtdna_permissive_coverage	mtDNA	sample_qc_coverage	mitochondria	1	243359	18839047	77.412576	243081	0.998858	243026	0.998632	242989	0.998480	/home/neil/Downloads/dudleya/Dudleya_S_genomes/full_pipeline_run/results/05_analysis_masks/mtdna_permissive_coverage_regions.bed	/home/neil/Downloads/dudleya/Dudleya_S_genomes/full_pipeline_run/results/06_all_sample_alignment/qc/ABMU_HOR_LP_360_Du-772.depth.tsv
ABMU_HOR_LP_360_Du-772	QB3.Berkeley.251217/QB3.Results.260109	D. abramsii ssp. murina	ABMU_HOR	mtdna_high_confidence_unique	mtDNA	variant_calling_and_population_genetics	mitochondria	2	44930	5728372	127.495482	44930	1.000000	44922	0.999822	44914	0.999644	/home/neil/Downloads/dudleya/Dudleya_S_genomes/full_pipeline_run/results/05_analysis_masks/mtdna_high_confidence_unique_regions.bed	/home/neil/Downloads/dudleya/Dudleya_S_genomes/full_pipeline_run/results/06_all_sample_alignment/qc/ABMU_HOR_LP_360_Du-772.depth.tsv
ABMU_HOR_LP_361_Du-773	QB3.Berkeley.251217/QB3.Results.260109	D. abramsii ssp. murina	ABMU_HOR	cpdna_full_coverage	cpDNA	sample_qc_coverage	chloroplast	1	150274	134580180	895.565301	150260	0.999907	150254	0.999867	150244	0.999800	/home/neil/Downloads/dudleya/Dudleya_S_genomes/full_pipeline_run/results/05_analysis_masks/cpdna_full_coverage_regions.bed	/home/neil/Downloads/dudleya/Dudleya_S_genomes/full_pipeline_run/results/06_all_sample_alignment/qc/ABMU_HOR_LP_361_Du-773.depth.tsv
ABMU_HOR_LP_361_Du-773	QB3.Berkeley.251217/QB3.Results.260109	D. abramsii ssp. murina	ABMU_HOR	cpdna_ir_regions	cpDNA	repeat_annotation	chloroplast	2	51472	46042276	894.511113	51472	1.000000	51471	0.999981	51466	0.999883	/home/neil/Downloads/dudleya/Dudleya_S_genomes/full_pipeline_run/results/05_analysis_masks/cpdna_ir_regions.bed	/home/neil/Downloads/dudleya/Dudleya_S_genomes/full_pipeline_run/results/06_all_sample_alignment/qc/ABMU_HOR_LP_361_Du-773.depth.tsv
ABMU_HOR_LP_361_Du-773	QB3.Berkeley.251217/QB3.Results.260109	D. abramsii ssp. murina	ABMU_HOR	cpdna_duplicate_ir_mask	cpDNA	mask	chloroplast	1	25736	22378713	869.548998	25736	1.000000	25735	0.999961	25731	0.999806	/home/neil/Downloads/dudleya/Dudleya_S_genomes/full_pipeline_run/results/05_analysis_masks/cpdna_duplicate_ir_copy_mask.bed	/home/neil/Downloads/dudleya/Dudleya_S_genomes/full_pipeline_run/results/06_all_sample_alignment/qc/ABMU_HOR_LP_361_Du-773.depth.tsv
ABMU_HOR_LP_361_Du-773	QB3.Berkeley.251217/QB3.Results.260109	D. abramsii ssp. murina	ABMU_HOR	cpdna_population_sites	cpDNA	variant_calling_and_population_genetics	chloroplast	1	124538	112201467	900.941616	124524	0.999888	124519	0.999847	124513	0.999799	/home/neil/Downloads/dudleya/Dudleya_S_genomes/full_pipeline_run/results/05_analysis_masks/cpdna_population_sites.bed	/home/neil/Downloads/dudleya/Dudleya_S_genomes/full_pipeline_run/results/06_all_sample_alignment/qc/ABMU_HOR_LP_361_Du-773.depth.tsv
ABMU_HOR_LP_361_Du-773	QB3.Berkeley.251217/QB3.Results.260109	D. abramsii ssp. murina	ABMU_HOR	mtdna_permissive_coverage	mtDNA	sample_qc_coverage	mitochondria	1	243359	18853462	77.471809	243116	0.999001	243071	0.998817	242998	0.998517	/home/neil/Downloads/dudleya/Dudleya_S_genomes/full_pipeline_run/results/05_analysis_masks/mtdna_permissive_coverage_regions.bed	/home/neil/Downloads/dudleya/Dudleya_S_genomes/full_pipeline_run/results/06_all_sample_alignment/qc/ABMU_HOR_LP_361_Du-773.depth.tsv
ABMU_HOR_LP_361_Du-773	QB3.Berkeley.251217/QB3.Results.260109	D. abramsii ssp. murina	ABMU_HOR	mtdna_high_confidence_unique	mtDNA	variant_calling_and_population_genetics	mitochondria	2	44930	5620241	125.088827	44929	0.999978	44920	0.999777	44912	0.999599	/home/neil/Downloads/dudleya/Dudleya_S_genomes/full_pipeline_run/results/05_analysis_masks/mtdna_high_confidence_unique_regions.bed	/home/neil/Downloads/dudleya/Dudleya_S_genomes/full_pipeline_run/results/06_all_sample_alignment/qc/ABMU_HOR_LP_361_Du-773.depth.tsv
BAI_LP_105_Du-222	QB3.Berkeley.251217/QB3.Results.260109	D. setchellii	BAI	cpdna_full_coverage	cpDNA	sample_qc_coverage	chloroplast	1	150274	211838942	1409.684589	150274	1.000000	150272	0.999987	150272	0.999987	/home/neil/Downloads/dudleya/Dudleya_S_genomes/full_pipeline_run/results/05_analysis_masks/cpdna_full_coverage_regions.bed	/home/neil/Downloads/dudleya/Dudleya_S_genomes/full_pipeline_run/results/06_all_sample_alignment/qc/BAI_LP_105_Du-222.depth.tsv
BAI_LP_105_Du-222	QB3.Berkeley.251217/QB3.Results.260109	D. setchellii	BAI	cpdna_ir_regions	cpDNA	repeat_annotation	chloroplast	2	51472	80052944	1555.271682	51472	1.000000	51470	0.999961	51470	0.999961	/home/neil/Downloads/dudleya/Dudleya_S_genomes/full_pipeline_run/results/05_analysis_masks/cpdna_ir_regions.bed	/home/neil/Downloads/dudleya/Dudleya_S_genomes/full_pipeline_run/results/06_all_sample_alignment/qc/BAI_LP_105_Du-222.depth.tsv
BAI_LP_105_Du-222	QB3.Berkeley.251217/QB3.Results.260109	D. setchellii	BAI	cpdna_duplicate_ir_mask	cpDNA	mask	chloroplast	1	25736	38741172	1505.329966	25736	1.000000	25735	0.999961	25735	0.999961	/home/neil/Downloads/dudleya/Dudleya_S_genomes/full_pipeline_run/results/05_analysis_masks/cpdna_duplicate_ir_copy_mask.bed	/home/neil/Downloads/dudleya/Dudleya_S_genomes/full_pipeline_run/results/06_all_sample_alignment/qc/BAI_LP_105_Du-222.depth.tsv
BAI_LP_105_Du-222	QB3.Berkeley.251217/QB3.Results.260109	D. setchellii	BAI	cpdna_population_sites	cpDNA	variant_calling_and_population_genetics	chloroplast	1	124538	173097770	1389.919302	124538	1.000000	124537	0.999992	124537	0.999992	/home/neil/Downloads/dudleya/Dudleya_S_genomes/full_pipeline_run/results/05_analysis_masks/cpdna_population_sites.bed	/home/neil/Downloads/dudleya/Dudleya_S_genomes/full_pipeline_run/results/06_all_sample_alignment/qc/BAI_LP_105_Du-222.depth.tsv
BAI_LP_105_Du-222	QB3.Berkeley.251217/QB3.Results.260109	D. setchellii	BAI	mtdna_permissive_coverage	mtDNA	sample_qc_coverage	mitochondria	1	243359	24535307	100.819394	230164	0.945780	230008	0.945139	229943	0.944872	/home/neil/Downloads/dudleya/Dudleya_S_genomes/full_pipeline_run/results/05_analysis_masks/mtdna_permissive_coverage_regions.bed	/home/neil/Downloads/dudleya/Dudleya_S_genomes/full_pipeline_run/results/06_all_sample_alignment/qc/BAI_LP_105_Du-222.depth.tsv
BAI_LP_105_Du-222	QB3.Berkeley.251217/QB3.Results.260109	D. setchellii	BAI	mtdna_high_confidence_unique	mtDNA	variant_calling_and_population_genetics	mitochondria	2	44930	7702714	171.438104	44930	1.000000	44930	1.000000	44930	1.000000	/home/neil/Downloads/dudleya/Dudleya_S_genomes/full_pipeline_run/results/05_analysis_masks/mtdna_high_confidence_unique_regions.bed	/home/neil/Downloads/dudleya/Dudleya_S_genomes/full_pipeline_run/results/06_all_sample_alignment/qc/BAI_LP_105_Du-222.depth.tsv
BAI_LP_106_Du-223	QB3.Berkeley.251217/QB3.Results.260109	D. setchellii	BAI	cpdna_full_coverage	cpDNA	sample_qc_coverage	chloroplast	1	150274	294264738	1958.187963	150274	1.000000	150274	1.000000	150273	0.999993	/home/neil/Downloads/dudleya/Dudleya_S_genomes/full_pipeline_run/results/05_analysis_masks/cpdna_full_coverage_regions.bed	/home/neil/Downloads/dudleya/Dudleya_S_genomes/full_pipeline_run/results/06_all_sample_alignment/qc/BAI_LP_106_Du-223.depth.tsv
BAI_LP_106_Du-223	QB3.Berkeley.251217/QB3.Results.260109	D. setchellii	BAI	cpdna_ir_regions	cpDNA	repeat_annotation	chloroplast	2	51472	116563034	2264.591118	51472	1.000000	51472	1.000000	51471	0.999981	/home/neil/Downloads/dudleya/Dudleya_S_genomes/full_pipeline_run/results/05_analysis_masks/cpdna_ir_regions.bed	/home/neil/Downloads/dudleya/Dudleya_S_genomes/full_pipeline_run/results/06_all_sample_alignment/qc/BAI_LP_106_Du-223.depth.tsv
BAI_LP_106_Du-223	QB3.Berkeley.251217/QB3.Results.260109	D. setchellii	BAI	cpdna_duplicate_ir_mask	cpDNA	mask	chloroplast	1	25736	56525103	2196.343760	25736	1.000000	25736	1.000000	25735	0.999961	/home/neil/Downloads/dudleya/Dudleya_S_genomes/full_pipeline_run/results/05_analysis_masks/cpdna_duplicate_ir_copy_mask.bed	/home/neil/Downloads/dudleya/Dudleya_S_genomes/full_pipeline_run/results/06_all_sample_alignment/qc/BAI_LP_106_Du-223.depth.tsv
BAI_LP_106_Du-223	QB3.Berkeley.251217/QB3.Results.260109	D. setchellii	BAI	cpdna_population_sites	cpDNA	variant_calling_and_population_genetics	chloroplast	1	124538	237739635	1908.972643	124538	1.000000	124538	1.000000	124538	1.000000	/home/neil/Downloads/dudleya/Dudleya_S_genomes/full_pipeline_run/results/05_analysis_masks/cpdna_population_sites.bed	/home/neil/Downloads/dudleya/Dudleya_S_genomes/full_pipeline_run/results/06_all_sample_alignment/qc/BAI_LP_106_Du-223.depth.tsv
BAI_LP_106_Du-223	QB3.Berkeley.251217/QB3.Results.260109	D. setchellii	BAI	mtdna_permissive_coverage	mtDNA	sample_qc_coverage	mitochondria	1	243359	48958947	201.179932	241892	0.993972	234212	0.962414	230931	0.948931	/home/neil/Downloads/dudleya/Dudleya_S_genomes/full_pipeline_run/results/05_analysis_masks/mtdna_permissive_coverage_regions.bed	/home/neil/Downloads/dudleya/Dudleya_S_genomes/full_pipeline_run/results/06_all_sample_alignment/qc/BAI_LP_106_Du-223.depth.tsv
BAI_LP_106_Du-223	QB3.Berkeley.251217/QB3.Results.260109	D. setchellii	BAI	mtdna_high_confidence_unique	mtDNA	variant_calling_and_population_genetics	mitochondria	2	44930	15475216	344.429468	44930	1.000000	44930	1.000000	44930	1.000000	/home/neil/Downloads/dudleya/Dudleya_S_genomes/full_pipeline_run/results/05_analysis_masks/mtdna_high_confidence_unique_regions.bed	/home/neil/Downloads/dudleya/Dudleya_S_genomes/full_pipeline_run/results/06_all_sample_alignment/qc/BAI_LP_106_Du-223.depth.tsv
BAI_LP_108_Du-225	QB3.Berkeley.251217/QB3.Results.260109	D. setchellii	BAI	cpdna_full_coverage	cpDNA	sample_qc_coverage	chloroplast	1	150274	59414640	395.375381	150274	1.000000	150269	0.999967	150255	0.999874	/home/neil/Downloads/dudleya/Dudleya_S_genomes/full_pipeline_run/results/05_analysis_masks/cpdna_full_coverage_regions.bed	/home/neil/Downloads/dudleya/Dudleya_S_genomes/full_pipeline_run/results/06_all_sample_alignment/qc/BAI_LP_108_Du-225.depth.tsv
BAI_LP_108_Du-225	QB3.Berkeley.251217/QB3.Results.260109	D. setchellii	BAI	cpdna_ir_regions	cpDNA	repeat_annotation	chloroplast	2	51472	27986420	543.721247	51472	1.000000	51469	0.999942	51457	0.999709	/home/neil/Downloads/dudleya/Dudleya_S_genomes/full_pipeline_run/results/05_analysis_masks/cpdna_ir_regions.bed	/home/neil/Downloads/dudleya/Dudleya_S_genomes/full_pipeline_run/results/06_all_sample_alignment/qc/BAI_LP_108_Du-225.depth.tsv
BAI_LP_108_Du-225	QB3.Berkeley.251217/QB3.Results.260109	D. setchellii	BAI	cpdna_duplicate_ir_mask	cpDNA	mask	chloroplast	1	25736	13506108	524.794374	25736	1.000000	25734	0.999922	25728	0.999689	/home/neil/Downloads/dudleya/Dudleya_S_genomes/full_pipeline_run/results/05_analysis_masks/cpdna_duplicate_ir_copy_mask.bed	/home/neil/Downloads/dudleya/Dudleya_S_genomes/full_pipeline_run/results/06_all_sample_alignment/qc/BAI_LP_108_Du-225.depth.tsv
BAI_LP_108_Du-225	QB3.Berkeley.251217/QB3.Results.260109	D. setchellii	BAI	cpdna_population_sites	cpDNA	variant_calling_and_population_genetics	chloroplast	1	124538	45908532	368.630715	124538	1.000000	124535	0.999976	124527	0.999912	/home/neil/Downloads/dudleya/Dudleya_S_genomes/full_pipeline_run/results/05_analysis_masks/cpdna_population_sites.bed	/home/neil/Downloads/dudleya/Dudleya_S_genomes/full_pipeline_run/results/06_all_sample_alignment/qc/BAI_LP_108_Du-225.depth.tsv
BAI_LP_108_Du-225	QB3.Berkeley.251217/QB3.Results.260109	D. setchellii	BAI	mtdna_permissive_coverage	mtDNA	sample_qc_coverage	mitochondria	1	243359	20837620	85.625023	230067	0.945381	229877	0.944600	229830	0.944407	/home/neil/Downloads/dudleya/Dudleya_S_genomes/full_pipeline_run/results/05_analysis_masks/mtdna_permissive_coverage_regions.bed	/home/neil/Downloads/dudleya/Dudleya_S_genomes/full_pipeline_run/results/06_all_sample_alignment/qc/BAI_LP_108_Du-225.depth.tsv
BAI_LP_108_Du-225	QB3.Berkeley.251217/QB3.Results.260109	D. setchellii	BAI	mtdna_high_confidence_unique	mtDNA	variant_calling_and_population_genetics	mitochondria	2	44930	6708874	149.318362	44930	1.000000	44930	1.000000	44930	1.000000	/home/neil/Downloads/dudleya/Dudleya_S_genomes/full_pipeline_run/results/05_analysis_masks/mtdna_high_confidence_unique_regions.bed	/home/neil/Downloads/dudleya/Dudleya_S_genomes/full_pipeline_run/results/06_all_sample_alignment/qc/BAI_LP_108_Du-225.depth.tsv
BAI_LP_109_Du-226	QB3.Berkeley.251217/QB3.Results.260109	D. setchellii	BAI	cpdna_full_coverage	cpDNA	sample_qc_coverage	chloroplast	1	150274	261740049	1741.752060	150274	1.000000	150274	1.000000	150274	1.000000	/home/neil/Downloads/dudleya/Dudleya_S_genomes/full_pipeline_run/results/05_analysis_masks/cpdna_full_coverage_regions.bed	/home/neil/Downloads/dudleya/Dudleya_S_genomes/full_pipeline_run/results/06_all_sample_alignment/qc/BAI_LP_109_Du-226.depth.tsv
BAI_LP_109_Du-226	QB3.Berkeley.251217/QB3.Results.260109	D. setchellii	BAI	cpdna_ir_regions	cpDNA	repeat_annotation	chloroplast	2	51472	106479464	2068.687131	51472	1.000000	51472	1.000000	51472	1.000000	/home/neil/Downloads/dudleya/Dudleya_S_genomes/full_pipeline_run/results/05_analysis_masks/cpdna_ir_regions.bed	/home/neil/Downloads/dudleya/Dudleya_S_genomes/full_pipeline_run/results/06_all_sample_alignment/qc/BAI_LP_109_Du-226.depth.tsv
BAI_LP_109_Du-226	QB3.Berkeley.251217/QB3.Results.260109	D. setchellii	BAI	cpdna_duplicate_ir_mask	cpDNA	mask	chloroplast	1	25736	51413553	1997.728979	25736	1.000000	25736	1.000000	25736	1.000000	/home/neil/Downloads/dudleya/Dudleya_S_genomes/full_pipeline_run/results/05_analysis_masks/cpdna_duplicate_ir_copy_mask.bed	/home/neil/Downloads/dudleya/Dudleya_S_genomes/full_pipeline_run/results/06_all_sample_alignment/qc/BAI_LP_109_Du-226.depth.tsv
BAI_LP_109_Du-226	QB3.Berkeley.251217/QB3.Results.260109	D. setchellii	BAI	cpdna_population_sites	cpDNA	variant_calling_and_population_genetics	chloroplast	1	124538	210326496	1688.853972	124538	1.000000	124538	1.000000	124538	1.000000	/home/neil/Downloads/dudleya/Dudleya_S_genomes/full_pipeline_run/results/05_analysis_masks/cpdna_population_sites.bed	/home/neil/Downloads/dudleya/Dudleya_S_genomes/full_pipeline_run/results/06_all_sample_alignment/qc/BAI_LP_109_Du-226.depth.tsv
BAI_LP_109_Du-226	QB3.Berkeley.251217/QB3.Results.260109	D. setchellii	BAI	mtdna_permissive_coverage	mtDNA	sample_qc_coverage	mitochondria	1	243359	50480991	207.434247	230590	0.947530	230006	0.945130	229946	0.944884	/home/neil/Downloads/dudleya/Dudleya_S_genomes/full_pipeline_run/results/05_analysis_masks/mtdna_permissive_coverage_regions.bed	/home/neil/Downloads/dudleya/Dudleya_S_genomes/full_pipeline_run/results/06_all_sample_alignment/qc/BAI_LP_109_Du-226.depth.tsv
BAI_LP_109_Du-226	QB3.Berkeley.251217/QB3.Results.260109	D. setchellii	BAI	mtdna_high_confidence_unique	mtDNA	variant_calling_and_population_genetics	mitochondria	2	44930	15989066	355.866147	44930	1.000000	44930	1.000000	44930	1.000000	/home/neil/Downloads/dudleya/Dudleya_S_genomes/full_pipeline_run/results/05_analysis_masks/mtdna_high_confidence_unique_regions.bed	/home/neil/Downloads/dudleya/Dudleya_S_genomes/full_pipeline_run/results/06_all_sample_alignment/qc/BAI_LP_109_Du-226.depth.tsv
BAI_LP_110_Du-227	QB3.Berkeley.251217/QB3.Results.260109	D. setchellii	BAI	cpdna_full_coverage	cpDNA	sample_qc_coverage	chloroplast	1	150274	361710756	2407.008238	150274	1.000000	150274	1.000000	150273	0.999993	/home/neil/Downloads/dudleya/Dudleya_S_genomes/full_pipeline_run/results/05_analysis_masks/cpdna_full_coverage_regions.bed	/home/neil/Downloads/dudleya/Dudleya_S_genomes/full_pipeline_run/results/06_all_sample_alignment/qc/BAI_LP_110_Du-227.depth.tsv
BAI_LP_110_Du-227	QB3.Berkeley.251217/QB3.Results.260109	D. setchellii	BAI	cpdna_ir_regions	cpDNA	repeat_annotation	chloroplast	2	51472	140496159	2729.564793	51472	1.000000	51472	1.000000	51471	0.999981	/home/neil/Downloads/dudleya/Dudleya_S_genomes/full_pipeline_run/results/05_analysis_masks/cpdna_ir_regions.bed	/home/neil/Downloads/dudleya/Dudleya_S_genomes/full_pipeline_run/results/06_all_sample_alignment/qc/BAI_LP_110_Du-227.depth.tsv
BAI_LP_110_Du-227	QB3.Berkeley.251217/QB3.Results.260109	D. setchellii	BAI	cpdna_duplicate_ir_mask	cpDNA	mask	chloroplast	1	25736	67695105	2630.366219	25736	1.000000	25736	1.000000	25736	1.000000	/home/neil/Downloads/dudleya/Dudleya_S_genomes/full_pipeline_run/results/05_analysis_masks/cpdna_duplicate_ir_copy_mask.bed	/home/neil/Downloads/dudleya/Dudleya_S_genomes/full_pipeline_run/results/06_all_sample_alignment/qc/BAI_LP_110_Du-227.depth.tsv
BAI_LP_110_Du-227	QB3.Berkeley.251217/QB3.Results.260109	D. setchellii	BAI	cpdna_population_sites	cpDNA	variant_calling_and_population_genetics	chloroplast	1	124538	294015651	2360.850913	124538	1.000000	124538	1.000000	124537	0.999992	/home/neil/Downloads/dudleya/Dudleya_S_genomes/full_pipeline_run/results/05_analysis_masks/cpdna_population_sites.bed	/home/neil/Downloads/dudleya/Dudleya_S_genomes/full_pipeline_run/results/06_all_sample_alignment/qc/BAI_LP_110_Du-227.depth.tsv
BAI_LP_110_Du-227	QB3.Berkeley.251217/QB3.Results.260109	D. setchellii	BAI	mtdna_permissive_coverage	mtDNA	sample_qc_coverage	mitochondria	1	243359	34956248	143.640663	230703	0.947995	230035	0.945250	229947	0.944888	/home/neil/Downloads/dudleya/Dudleya_S_genomes/full_pipeline_run/results/05_analysis_masks/mtdna_permissive_coverage_regions.bed	/home/neil/Downloads/dudleya/Dudleya_S_genomes/full_pipeline_run/results/06_all_sample_alignment/qc/BAI_LP_110_Du-227.depth.tsv
BAI_LP_110_Du-227	QB3.Berkeley.251217/QB3.Results.260109	D. setchellii	BAI	mtdna_high_confidence_unique	mtDNA	variant_calling_and_population_genetics	mitochondria	2	44930	11176541	248.754529	44930	1.000000	44930	1.000000	44930	1.000000	/home/neil/Downloads/dudleya/Dudleya_S_genomes/full_pipeline_run/results/05_analysis_masks/mtdna_high_confidence_unique_regions.bed	/home/neil/Downloads/dudleya/Dudleya_S_genomes/full_pipeline_run/results/06_all_sample_alignment/qc/BAI_LP_110_Du-227.depth.tsv
BAI_LP_111_Du-228	QB3.Berkeley.251217/QB3.Results.260109	D. setchellii	BAI	cpdna_full_coverage	cpDNA	sample_qc_coverage	chloroplast	1	150274	230623846	1534.688942	150274	1.000000	150274	1.000000	150272	0.999987	/home/neil/Downloads/dudleya/Dudleya_S_genomes/full_pipeline_run/results/05_analysis_masks/cpdna_full_coverage_regions.bed	/home/neil/Downloads/dudleya/Dudleya_S_genomes/full_pipeline_run/results/06_all_sample_alignment/qc/BAI_LP_111_Du-228.depth.tsv
BAI_LP_111_Du-228	QB3.Berkeley.251217/QB3.Results.260109	D. setchellii	BAI	cpdna_ir_regions	cpDNA	repeat_annotation	chloroplast	2	51472	87205710	1694.235895	51472	1.000000	51472	1.000000	51470	0.999961	/home/neil/Downloads/dudleya/Dudleya_S_genomes/full_pipeline_run/results/05_analysis_masks/cpdna_ir_regions.bed	/home/neil/Downloads/dudleya/Dudleya_S_genomes/full_pipeline_run/results/06_all_sample_alignment/qc/BAI_LP_111_Du-228.depth.tsv
BAI_LP_111_Du-228	QB3.Berkeley.251217/QB3.Results.260109	D. setchellii	BAI	cpdna_duplicate_ir_mask	cpDNA	mask	chloroplast	1	25736	42205312	1639.932857	25736	1.000000	25736	1.000000	25735	0.999961	/home/neil/Downloads/dudleya/Dudleya_S_genomes/full_pipeline_run/results/05_analysis_masks/cpdna_duplicate_ir_copy_mask.bed	/home/neil/Downloads/dudleya/Dudleya_S_genomes/full_pipeline_run/results/06_all_sample_alignment/qc/BAI_LP_111_Du-228.depth.tsv
BAI_LP_111_Du-228	QB3.Berkeley.251217/QB3.Results.260109	D. setchellii	BAI	cpdna_population_sites	cpDNA	variant_calling_and_population_genetics	chloroplast	1	124538	188418534	1512.940099	124538	1.000000	124538	1.000000	124537	0.999992	/home/neil/Downloads/dudleya/Dudleya_S_genomes/full_pipeline_run/results/05_analysis_masks/cpdna_population_sites.bed	/home/neil/Downloads/dudleya/Dudleya_S_genomes/full_pipeline_run/results/06_all_sample_alignment/qc/BAI_LP_111_Du-228.depth.tsv
BAI_LP_111_Du-228	QB3.Berkeley.251217/QB3.Results.260109	D. setchellii	BAI	mtdna_permissive_coverage	mtDNA	sample_qc_coverage	mitochondria	1	243359	52563061	215.989797	230449	0.946951	230015	0.945167	229942	0.944867	/home/neil/Downloads/dudleya/Dudleya_S_genomes/full_pipeline_run/results/05_analysis_masks/mtdna_permissive_coverage_regions.bed	/home/neil/Downloads/dudleya/Dudleya_S_genomes/full_pipeline_run/results/06_all_sample_alignment/qc/BAI_LP_111_Du-228.depth.tsv
BAI_LP_111_Du-228	QB3.Berkeley.251217/QB3.Results.260109	D. setchellii	BAI	mtdna_high_confidence_unique	mtDNA	variant_calling_and_population_genetics	mitochondria	2	44930	16731446	372.389183	44930	1.000000	44930	1.000000	44930	1.000000	/home/neil/Downloads/dudleya/Dudleya_S_genomes/full_pipeline_run/results/05_analysis_masks/mtdna_high_confidence_unique_regions.bed	/home/neil/Downloads/dudleya/Dudleya_S_genomes/full_pipeline_run/results/06_all_sample_alignment/qc/BAI_LP_111_Du-228.depth.tsv
BAI_LP_112_Du-230	QB3.Berkeley.251217/QB3.Results.260109	D. setchellii	BAI	cpdna_full_coverage	cpDNA	sample_qc_coverage	chloroplast	1	150274	61708742	410.641508	150274	1.000000	150270	0.999973	150255	0.999874	/home/neil/Downloads/dudleya/Dudleya_S_genomes/full_pipeline_run/results/05_analysis_masks/cpdna_full_coverage_regions.bed	/home/neil/Downloads/dudleya/Dudleya_S_genomes/full_pipeline_run/results/06_all_sample_alignment/qc/BAI_LP_112_Du-230.depth.tsv
BAI_LP_112_Du-230	QB3.Berkeley.251217/QB3.Results.260109	D. setchellii	BAI	cpdna_ir_regions	cpDNA	repeat_annotation	chloroplast	2	51472	27120633	526.900703	51472	1.000000	51470	0.999961	51457	0.999709	/home/neil/Downloads/dudleya/Dudleya_S_genomes/full_pipeline_run/results/05_analysis_masks/cpdna_ir_regions.bed	/home/neil/Downloads/dudleya/Dudleya_S_genomes/full_pipeline_run/results/06_all_sample_alignment/qc/BAI_LP_112_Du-230.depth.tsv
BAI_LP_112_Du-230	QB3.Berkeley.251217/QB3.Results.260109	D. setchellii	BAI	cpdna_duplicate_ir_mask	cpDNA	mask	chloroplast	1	25736	13016718	505.778598	25736	1.000000	25735	0.999961	25728	0.999689	/home/neil/Downloads/dudleya/Dudleya_S_genomes/full_pipeline_run/results/05_analysis_masks/cpdna_duplicate_ir_copy_mask.bed	/home/neil/Downloads/dudleya/Dudleya_S_genomes/full_pipeline_run/results/06_all_sample_alignment/qc/BAI_LP_112_Du-230.depth.tsv
BAI_LP_112_Du-230	QB3.Berkeley.251217/QB3.Results.260109	D. setchellii	BAI	cpdna_population_sites	cpDNA	variant_calling_and_population_genetics	chloroplast	1	124538	48692024	390.981259	124538	1.000000	124535	0.999976	124527	0.999912	/home/neil/Downloads/dudleya/Dudleya_S_genomes/full_pipeline_run/results/05_analysis_masks/cpdna_population_sites.bed	/home/neil/Downloads/dudleya/Dudleya_S_genomes/full_pipeline_run/results/06_all_sample_alignment/qc/BAI_LP_112_Du-230.depth.tsv
BAI_LP_112_Du-230	QB3.Berkeley.251217/QB3.Results.260109	D. setchellii	BAI	mtdna_permissive_coverage	mtDNA	sample_qc_coverage	mitochondria	1	243359	8100157	33.284806	229938	0.944851	229831	0.944411	229081	0.941329	/home/neil/Downloads/dudleya/Dudleya_S_genomes/full_pipeline_run/results/05_analysis_masks/mtdna_permissive_coverage_regions.bed	/home/neil/Downloads/dudleya/Dudleya_S_genomes/full_pipeline_run/results/06_all_sample_alignment/qc/BAI_LP_112_Du-230.depth.tsv
BAI_LP_112_Du-230	QB3.Berkeley.251217/QB3.Results.260109	D. setchellii	BAI	mtdna_high_confidence_unique	mtDNA	variant_calling_and_population_genetics	mitochondria	2	44930	2608672	58.060806	44930	1.000000	44930	1.000000	44930	1.000000	/home/neil/Downloads/dudleya/Dudleya_S_genomes/full_pipeline_run/results/05_analysis_masks/mtdna_high_confidence_unique_regions.bed	/home/neil/Downloads/dudleya/Dudleya_S_genomes/full_pipeline_run/results/06_all_sample_alignment/qc/BAI_LP_112_Du-230.depth.tsv
BAI_LP_113_Du-231	QB3.Berkeley.251217/QB3.Results.260109	D. setchellii	BAI	cpdna_full_coverage	cpDNA	sample_qc_coverage	chloroplast	1	150274	268776075	1788.573373	150274	1.000000	150261	0.999913	150257	0.999887	/home/neil/Downloads/dudleya/Dudleya_S_genomes/full_pipeline_run/results/05_analysis_masks/cpdna_full_coverage_regions.bed	/home/neil/Downloads/dudleya/Dudleya_S_genomes/full_pipeline_run/results/06_all_sample_alignment/qc/BAI_LP_113_Du-231.depth.tsv
BAI_LP_113_Du-231	QB3.Berkeley.251217/QB3.Results.260109	D. setchellii	BAI	cpdna_ir_regions	cpDNA	repeat_annotation	chloroplast	2	51472	105220052	2044.219226	51472	1.000000	51472	1.000000	51471	0.999981	/home/neil/Downloads/dudleya/Dudleya_S_genomes/full_pipeline_run/results/05_analysis_masks/cpdna_ir_regions.bed	/home/neil/Downloads/dudleya/Dudleya_S_genomes/full_pipeline_run/results/06_all_sample_alignment/qc/BAI_LP_113_Du-231.depth.tsv
BAI_LP_113_Du-231	QB3.Berkeley.251217/QB3.Results.260109	D. setchellii	BAI	cpdna_duplicate_ir_mask	cpDNA	mask	chloroplast	1	25736	50846818	1975.707880	25736	1.000000	25736	1.000000	25735	0.999961	/home/neil/Downloads/dudleya/Dudleya_S_genomes/full_pipeline_run/results/05_analysis_masks/cpdna_duplicate_ir_copy_mask.bed	/home/neil/Downloads/dudleya/Dudleya_S_genomes/full_pipeline_run/results/06_all_sample_alignment/qc/BAI_LP_113_Du-231.depth.tsv
BAI_LP_113_Du-231	QB3.Berkeley.251217/QB3.Results.260109	D. setchellii	BAI	cpdna_population_sites	cpDNA	variant_calling_and_population_genetics	chloroplast	1	124538	217929257	1749.901693	124538	1.000000	124525	0.999896	124522	0.999872	/home/neil/Downloads/dudleya/Dudleya_S_genomes/full_pipeline_run/results/05_analysis_masks/cpdna_population_sites.bed	/home/neil/Downloads/dudleya/Dudleya_S_genomes/full_pipeline_run/results/06_all_sample_alignment/qc/BAI_LP_113_Du-231.depth.tsv
BAI_LP_113_Du-231	QB3.Berkeley.251217/QB3.Results.260109	D. setchellii	BAI	mtdna_permissive_coverage	mtDNA	sample_qc_coverage	mitochondria	1	243359	34063718	139.973118	230458	0.946988	230031	0.945233	229940	0.944859	/home/neil/Downloads/dudleya/Dudleya_S_genomes/full_pipeline_run/results/05_analysis_masks/mtdna_permissive_coverage_regions.bed	/home/neil/Downloads/dudleya/Dudleya_S_genomes/full_pipeline_run/results/06_all_sample_alignment/qc/BAI_LP_113_Du-231.depth.tsv
BAI_LP_113_Du-231	QB3.Berkeley.251217/QB3.Results.260109	D. setchellii	BAI	mtdna_high_confidence_unique	mtDNA	variant_calling_and_population_genetics	mitochondria	2	44930	10808116	240.554552	44930	1.000000	44930	1.000000	44930	1.000000	/home/neil/Downloads/dudleya/Dudleya_S_genomes/full_pipeline_run/results/05_analysis_masks/mtdna_high_confidence_unique_regions.bed	/home/neil/Downloads/dudleya/Dudleya_S_genomes/full_pipeline_run/results/06_all_sample_alignment/qc/BAI_LP_113_Du-231.depth.tsv
BAI_LP_114_Du-232	QB3.Berkeley.251217/QB3.Results.260109	D. setchellii	BAI	cpdna_full_coverage	cpDNA	sample_qc_coverage	chloroplast	1	150274	73820161	491.237080	150274	1.000000	150272	0.999987	150262	0.999920	/home/neil/Downloads/dudleya/Dudleya_S_genomes/full_pipeline_run/results/05_analysis_masks/cpdna_full_coverage_regions.bed	/home/neil/Downloads/dudleya/Dudleya_S_genomes/full_pipeline_run/results/06_all_sample_alignment/qc/BAI_LP_114_Du-232.depth.tsv
BAI_LP_114_Du-232	QB3.Berkeley.251217/QB3.Results.260109	D. setchellii	BAI	cpdna_ir_regions	cpDNA	repeat_annotation	chloroplast	2	51472	32170503	625.009772	51472	1.000000	51470	0.999961	51464	0.999845	/home/neil/Downloads/dudleya/Dudleya_S_genomes/full_pipeline_run/results/05_analysis_masks/cpdna_ir_regions.bed	/home/neil/Downloads/dudleya/Dudleya_S_genomes/full_pipeline_run/results/06_all_sample_alignment/qc/BAI_LP_114_Du-232.depth.tsv
BAI_LP_114_Du-232	QB3.Berkeley.251217/QB3.Results.260109	D. setchellii	BAI	cpdna_duplicate_ir_mask	cpDNA	mask	chloroplast	1	25736	15478998	601.453140	25736	1.000000	25735	0.999961	25733	0.999883	/home/neil/Downloads/dudleya/Dudleya_S_genomes/full_pipeline_run/results/05_analysis_masks/cpdna_duplicate_ir_copy_mask.bed	/home/neil/Downloads/dudleya/Dudleya_S_genomes/full_pipeline_run/results/06_all_sample_alignment/qc/BAI_LP_114_Du-232.depth.tsv
BAI_LP_114_Du-232	QB3.Berkeley.251217/QB3.Results.260109	D. setchellii	BAI	cpdna_population_sites	cpDNA	variant_calling_and_population_genetics	chloroplast	1	124538	58341163	468.460735	124538	1.000000	124537	0.999992	124529	0.999928	/home/neil/Downloads/dudleya/Dudleya_S_genomes/full_pipeline_run/results/05_analysis_masks/cpdna_population_sites.bed	/home/neil/Downloads/dudleya/Dudleya_S_genomes/full_pipeline_run/results/06_all_sample_alignment/qc/BAI_LP_114_Du-232.depth.tsv
BAI_LP_114_Du-232	QB3.Berkeley.251217/QB3.Results.260109	D. setchellii	BAI	mtdna_permissive_coverage	mtDNA	sample_qc_coverage	mitochondria	1	243359	12424119	51.052638	230383	0.946680	229891	0.944658	229837	0.944436	/home/neil/Downloads/dudleya/Dudleya_S_genomes/full_pipeline_run/results/05_analysis_masks/mtdna_permissive_coverage_regions.bed	/home/neil/Downloads/dudleya/Dudleya_S_genomes/full_pipeline_run/results/06_all_sample_alignment/qc/BAI_LP_114_Du-232.depth.tsv
BAI_LP_114_Du-232	QB3.Berkeley.251217/QB3.Results.260109	D. setchellii	BAI	mtdna_high_confidence_unique	mtDNA	variant_calling_and_population_genetics	mitochondria	2	44930	3940253	87.697596	44930	1.000000	44930	1.000000	44929	0.999978	/home/neil/Downloads/dudleya/Dudleya_S_genomes/full_pipeline_run/results/05_analysis_masks/mtdna_high_confidence_unique_regions.bed	/home/neil/Downloads/dudleya/Dudleya_S_genomes/full_pipeline_run/results/06_all_sample_alignment/qc/BAI_LP_114_Du-232.depth.tsv
BAI_LP_319_Du-233	QB3.Berkeley.251217/QB3.Results.260109	D. setchellii	BAI	cpdna_full_coverage	cpDNA	sample_qc_coverage	chloroplast	1	150274	32146727	213.920751	150274	1.000000	150250	0.999840	150212	0.999587	/home/neil/Downloads/dudleya/Dudleya_S_genomes/full_pipeline_run/results/05_analysis_masks/cpdna_full_coverage_regions.bed	/home/neil/Downloads/dudleya/Dudleya_S_genomes/full_pipeline_run/results/06_all_sample_alignment/qc/BAI_LP_319_Du-233.depth.tsv
BAI_LP_319_Du-233	QB3.Berkeley.251217/QB3.Results.260109	D. setchellii	BAI	cpdna_ir_regions	cpDNA	repeat_annotation	chloroplast	2	51472	11251831	218.601006	51472	1.000000	51452	0.999611	51416	0.998912	/home/neil/Downloads/dudleya/Dudleya_S_genomes/full_pipeline_run/results/05_analysis_masks/cpdna_ir_regions.bed	/home/neil/Downloads/dudleya/Dudleya_S_genomes/full_pipeline_run/results/06_all_sample_alignment/qc/BAI_LP_319_Du-233.depth.tsv
BAI_LP_319_Du-233	QB3.Berkeley.251217/QB3.Results.260109	D. setchellii	BAI	cpdna_duplicate_ir_mask	cpDNA	mask	chloroplast	1	25736	5520450	214.503031	25736	1.000000	25719	0.999339	25688	0.998135	/home/neil/Downloads/dudleya/Dudleya_S_genomes/full_pipeline_run/results/05_analysis_masks/cpdna_duplicate_ir_copy_mask.bed	/home/neil/Downloads/dudleya/Dudleya_S_genomes/full_pipeline_run/results/06_all_sample_alignment/qc/BAI_LP_319_Du-233.depth.tsv
BAI_LP_319_Du-233	QB3.Berkeley.251217/QB3.Results.260109	D. setchellii	BAI	cpdna_population_sites	cpDNA	variant_calling_and_population_genetics	chloroplast	1	124538	26626277	213.800422	124538	1.000000	124531	0.999944	124524	0.999888	/home/neil/Downloads/dudleya/Dudleya_S_genomes/full_pipeline_run/results/05_analysis_masks/cpdna_population_sites.bed	/home/neil/Downloads/dudleya/Dudleya_S_genomes/full_pipeline_run/results/06_all_sample_alignment/qc/BAI_LP_319_Du-233.depth.tsv
BAI_LP_319_Du-233	QB3.Berkeley.251217/QB3.Results.260109	D. setchellii	BAI	mtdna_permissive_coverage	mtDNA	sample_qc_coverage	mitochondria	1	243359	3484537	14.318505	229963	0.944954	225346	0.925982	179210	0.736402	/home/neil/Downloads/dudleya/Dudleya_S_genomes/full_pipeline_run/results/05_analysis_masks/mtdna_permissive_coverage_regions.bed	/home/neil/Downloads/dudleya/Dudleya_S_genomes/full_pipeline_run/results/06_all_sample_alignment/qc/BAI_LP_319_Du-233.depth.tsv
BAI_LP_319_Du-233	QB3.Berkeley.251217/QB3.Results.260109	D. setchellii	BAI	mtdna_high_confidence_unique	mtDNA	variant_calling_and_population_genetics	mitochondria	2	44930	1123581	25.007367	44930	1.000000	44930	1.000000	44523	0.990941	/home/neil/Downloads/dudleya/Dudleya_S_genomes/full_pipeline_run/results/05_analysis_masks/mtdna_high_confidence_unique_regions.bed	/home/neil/Downloads/dudleya/Dudleya_S_genomes/full_pipeline_run/results/06_all_sample_alignment/qc/BAI_LP_319_Du-233.depth.tsv
COM_LP_269_Du-703	QB3.Berkeley.251217/QB3.Results.260109	D. setchellii	COM	cpdna_full_coverage	cpDNA	sample_qc_coverage	chloroplast	1	150274	215548574	1434.370377	150274	1.000000	150271	0.999980	150269	0.999967	/home/neil/Downloads/dudleya/Dudleya_S_genomes/full_pipeline_run/results/05_analysis_masks/cpdna_full_coverage_regions.bed	/home/neil/Downloads/dudleya/Dudleya_S_genomes/full_pipeline_run/results/06_all_sample_alignment/qc/COM_LP_269_Du-703.depth.tsv
COM_LP_269_Du-703	QB3.Berkeley.251217/QB3.Results.260109	D. setchellii	COM	cpdna_ir_regions	cpDNA	repeat_annotation	chloroplast	2	51472	70864789	1376.763852	51472	1.000000	51469	0.999942	51467	0.999903	/home/neil/Downloads/dudleya/Dudleya_S_genomes/full_pipeline_run/results/05_analysis_masks/cpdna_ir_regions.bed	/home/neil/Downloads/dudleya/Dudleya_S_genomes/full_pipeline_run/results/06_all_sample_alignment/qc/COM_LP_269_Du-703.depth.tsv
COM_LP_269_Du-703	QB3.Berkeley.251217/QB3.Results.260109	D. setchellii	COM	cpdna_duplicate_ir_mask	cpDNA	mask	chloroplast	1	25736	34782340	1351.505284	25736	1.000000	25733	0.999883	25732	0.999845	/home/neil/Downloads/dudleya/Dudleya_S_genomes/full_pipeline_run/results/05_analysis_masks/cpdna_duplicate_ir_copy_mask.bed	/home/neil/Downloads/dudleya/Dudleya_S_genomes/full_pipeline_run/results/06_all_sample_alignment/qc/COM_LP_269_Du-703.depth.tsv
COM_LP_269_Du-703	QB3.Berkeley.251217/QB3.Results.260109	D. setchellii	COM	cpdna_population_sites	cpDNA	variant_calling_and_population_genetics	chloroplast	1	124538	180766234	1451.494596	124538	1.000000	124538	1.000000	124537	0.999992	/home/neil/Downloads/dudleya/Dudleya_S_genomes/full_pipeline_run/results/05_analysis_masks/cpdna_population_sites.bed	/home/neil/Downloads/dudleya/Dudleya_S_genomes/full_pipeline_run/results/06_all_sample_alignment/qc/COM_LP_269_Du-703.depth.tsv
COM_LP_269_Du-703	QB3.Berkeley.251217/QB3.Results.260109	D. setchellii	COM	mtdna_permissive_coverage	mtDNA	sample_qc_coverage	mitochondria	1	243359	38694425	159.001414	240316	0.987496	230906	0.948829	229888	0.944646	/home/neil/Downloads/dudleya/Dudleya_S_genomes/full_pipeline_run/results/05_analysis_masks/mtdna_permissive_coverage_regions.bed	/home/neil/Downloads/dudleya/Dudleya_S_genomes/full_pipeline_run/results/06_all_sample_alignment/qc/COM_LP_269_Du-703.depth.tsv
COM_LP_269_Du-703	QB3.Berkeley.251217/QB3.Results.260109	D. setchellii	COM	mtdna_high_confidence_unique	mtDNA	variant_calling_and_population_genetics	mitochondria	2	44930	12406132	276.121344	44930	1.000000	44930	1.000000	44844	0.998086	/home/neil/Downloads/dudleya/Dudleya_S_genomes/full_pipeline_run/results/05_analysis_masks/mtdna_high_confidence_unique_regions.bed	/home/neil/Downloads/dudleya/Dudleya_S_genomes/full_pipeline_run/results/06_all_sample_alignment/qc/COM_LP_269_Du-703.depth.tsv
COM_LP_270_Du-704	QB3.Berkeley.251217/QB3.Results.260109	D. setchellii	COM	cpdna_full_coverage	cpDNA	sample_qc_coverage	chloroplast	1	150274	153147450	1019.121405	150273	0.999993	150270	0.999973	150267	0.999953	/home/neil/Downloads/dudleya/Dudleya_S_genomes/full_pipeline_run/results/05_analysis_masks/cpdna_full_coverage_regions.bed	/home/neil/Downloads/dudleya/Dudleya_S_genomes/full_pipeline_run/results/06_all_sample_alignment/qc/COM_LP_270_Du-704.depth.tsv
COM_LP_270_Du-704	QB3.Berkeley.251217/QB3.Results.260109	D. setchellii	COM	cpdna_ir_regions	cpDNA	repeat_annotation	chloroplast	2	51472	49890824	969.280852	51471	0.999981	51468	0.999922	51465	0.999864	/home/neil/Downloads/dudleya/Dudleya_S_genomes/full_pipeline_run/results/05_analysis_masks/cpdna_ir_regions.bed	/home/neil/Downloads/dudleya/Dudleya_S_genomes/full_pipeline_run/results/06_all_sample_alignment/qc/COM_LP_270_Du-704.depth.tsv
COM_LP_270_Du-704	QB3.Berkeley.251217/QB3.Results.260109	D. setchellii	COM	cpdna_duplicate_ir_mask	cpDNA	mask	chloroplast	1	25736	24576524	954.947311	25736	1.000000	25733	0.999883	25731	0.999806	/home/neil/Downloads/dudleya/Dudleya_S_genomes/full_pipeline_run/results/05_analysis_masks/cpdna_duplicate_ir_copy_mask.bed	/home/neil/Downloads/dudleya/Dudleya_S_genomes/full_pipeline_run/results/06_all_sample_alignment/qc/COM_LP_270_Du-704.depth.tsv
COM_LP_270_Du-704	QB3.Berkeley.251217/QB3.Results.260109	D. setchellii	COM	cpdna_population_sites	cpDNA	variant_calling_and_population_genetics	chloroplast	1	124538	128570926	1032.383096	124537	0.999992	124537	0.999992	124536	0.999984	/home/neil/Downloads/dudleya/Dudleya_S_genomes/full_pipeline_run/results/05_analysis_masks/cpdna_population_sites.bed	/home/neil/Downloads/dudleya/Dudleya_S_genomes/full_pipeline_run/results/06_all_sample_alignment/qc/COM_LP_270_Du-704.depth.tsv
COM_LP_270_Du-704	QB3.Berkeley.251217/QB3.Results.260109	D. setchellii	COM	mtdna_permissive_coverage	mtDNA	sample_qc_coverage	mitochondria	1	243359	36549861	150.189066	231102	0.949634	230025	0.945209	229962	0.944950	/home/neil/Downloads/dudleya/Dudleya_S_genomes/full_pipeline_run/results/05_analysis_masks/mtdna_permissive_coverage_regions.bed	/home/neil/Downloads/dudleya/Dudleya_S_genomes/full_pipeline_run/results/06_all_sample_alignment/qc/COM_LP_270_Du-704.depth.tsv
COM_LP_270_Du-704	QB3.Berkeley.251217/QB3.Results.260109	D. setchellii	COM	mtdna_high_confidence_unique	mtDNA	variant_calling_and_population_genetics	mitochondria	2	44930	11885022	264.523080	44930	1.000000	44930	1.000000	44930	1.000000	/home/neil/Downloads/dudleya/Dudleya_S_genomes/full_pipeline_run/results/05_analysis_masks/mtdna_high_confidence_unique_regions.bed	/home/neil/Downloads/dudleya/Dudleya_S_genomes/full_pipeline_run/results/06_all_sample_alignment/qc/COM_LP_270_Du-704.depth.tsv
COM_LP_272_Du-707	QB3.Berkeley.251217/QB3.Results.260109	D. setchellii	COM	cpdna_full_coverage	cpDNA	sample_qc_coverage	chloroplast	1	150274	162519978	1081.490996	150274	1.000000	150273	0.999993	150269	0.999967	/home/neil/Downloads/dudleya/Dudleya_S_genomes/full_pipeline_run/results/05_analysis_masks/cpdna_full_coverage_regions.bed	/home/neil/Downloads/dudleya/Dudleya_S_genomes/full_pipeline_run/results/06_all_sample_alignment/qc/COM_LP_272_Du-707.depth.tsv
COM_LP_272_Du-707	QB3.Berkeley.251217/QB3.Results.260109	D. setchellii	COM	cpdna_ir_regions	cpDNA	repeat_annotation	chloroplast	2	51472	55869319	1085.431283	51472	1.000000	51471	0.999981	51467	0.999903	/home/neil/Downloads/dudleya/Dudleya_S_genomes/full_pipeline_run/results/05_analysis_masks/cpdna_ir_regions.bed	/home/neil/Downloads/dudleya/Dudleya_S_genomes/full_pipeline_run/results/06_all_sample_alignment/qc/COM_LP_272_Du-707.depth.tsv
COM_LP_272_Du-707	QB3.Berkeley.251217/QB3.Results.260109	D. setchellii	COM	cpdna_duplicate_ir_mask	cpDNA	mask	chloroplast	1	25736	27350850	1062.746736	25736	1.000000	25735	0.999961	25732	0.999845	/home/neil/Downloads/dudleya/Dudleya_S_genomes/full_pipeline_run/results/05_analysis_masks/cpdna_duplicate_ir_copy_mask.bed	/home/neil/Downloads/dudleya/Dudleya_S_genomes/full_pipeline_run/results/06_all_sample_alignment/qc/COM_LP_272_Du-707.depth.tsv
COM_LP_272_Du-707	QB3.Berkeley.251217/QB3.Results.260109	D. setchellii	COM	cpdna_population_sites	cpDNA	variant_calling_and_population_genetics	chloroplast	1	124538	135169128	1085.364531	124538	1.000000	124538	1.000000	124537	0.999992	/home/neil/Downloads/dudleya/Dudleya_S_genomes/full_pipeline_run/results/05_analysis_masks/cpdna_population_sites.bed	/home/neil/Downloads/dudleya/Dudleya_S_genomes/full_pipeline_run/results/06_all_sample_alignment/qc/COM_LP_272_Du-707.depth.tsv
COM_LP_272_Du-707	QB3.Berkeley.251217/QB3.Results.260109	D. setchellii	COM	mtdna_permissive_coverage	mtDNA	sample_qc_coverage	mitochondria	1	243359	38950936	160.055457	241283	0.991469	232746	0.956390	230093	0.945488	/home/neil/Downloads/dudleya/Dudleya_S_genomes/full_pipeline_run/results/05_analysis_masks/mtdna_permissive_coverage_regions.bed	/home/neil/Downloads/dudleya/Dudleya_S_genomes/full_pipeline_run/results/06_all_sample_alignment/qc/COM_LP_272_Du-707.depth.tsv
COM_LP_272_Du-707	QB3.Berkeley.251217/QB3.Results.260109	D. setchellii	COM	mtdna_high_confidence_unique	mtDNA	variant_calling_and_population_genetics	mitochondria	2	44930	12728757	283.301959	44930	1.000000	44930	1.000000	44930	1.000000	/home/neil/Downloads/dudleya/Dudleya_S_genomes/full_pipeline_run/results/05_analysis_masks/mtdna_high_confidence_unique_regions.bed	/home/neil/Downloads/dudleya/Dudleya_S_genomes/full_pipeline_run/results/06_all_sample_alignment/qc/COM_LP_272_Du-707.depth.tsv
COM_LP_274_Du-709	QB3.Berkeley.251217/QB3.Results.260109	D. setchellii	COM	cpdna_full_coverage	cpDNA	sample_qc_coverage	chloroplast	1	150274	206928289	1377.006595	150274	1.000000	150193	0.999461	150069	0.998636	/home/neil/Downloads/dudleya/Dudleya_S_genomes/full_pipeline_run/results/05_analysis_masks/cpdna_full_coverage_regions.bed	/home/neil/Downloads/dudleya/Dudleya_S_genomes/full_pipeline_run/results/06_all_sample_alignment/qc/COM_LP_274_Du-709.depth.tsv
COM_LP_274_Du-709	QB3.Berkeley.251217/QB3.Results.260109	D. setchellii	COM	cpdna_ir_regions	cpDNA	repeat_annotation	chloroplast	2	51472	66113757	1284.460619	51472	1.000000	51469	0.999942	51465	0.999864	/home/neil/Downloads/dudleya/Dudleya_S_genomes/full_pipeline_run/results/05_analysis_masks/cpdna_ir_regions.bed	/home/neil/Downloads/dudleya/Dudleya_S_genomes/full_pipeline_run/results/06_all_sample_alignment/qc/COM_LP_274_Du-709.depth.tsv
COM_LP_274_Du-709	QB3.Berkeley.251217/QB3.Results.260109	D. setchellii	COM	cpdna_duplicate_ir_mask	cpDNA	mask	chloroplast	1	25736	32304198	1255.214408	25736	1.000000	25734	0.999922	25731	0.999806	/home/neil/Downloads/dudleya/Dudleya_S_genomes/full_pipeline_run/results/05_analysis_masks/cpdna_duplicate_ir_copy_mask.bed	/home/neil/Downloads/dudleya/Dudleya_S_genomes/full_pipeline_run/results/06_all_sample_alignment/qc/COM_LP_274_Du-709.depth.tsv
COM_LP_274_Du-709	QB3.Berkeley.251217/QB3.Results.260109	D. setchellii	COM	cpdna_population_sites	cpDNA	variant_calling_and_population_genetics	chloroplast	1	124538	174624091	1402.175167	124538	1.000000	124459	0.999366	124338	0.998394	/home/neil/Downloads/dudleya/Dudleya_S_genomes/full_pipeline_run/results/05_analysis_masks/cpdna_population_sites.bed	/home/neil/Downloads/dudleya/Dudleya_S_genomes/full_pipeline_run/results/06_all_sample_alignment/qc/COM_LP_274_Du-709.depth.tsv
COM_LP_274_Du-709	QB3.Berkeley.251217/QB3.Results.260109	D. setchellii	COM	mtdna_permissive_coverage	mtDNA	sample_qc_coverage	mitochondria	1	243359	36409021	149.610333	231289	0.950402	230209	0.945965	229976	0.945007	/home/neil/Downloads/dudleya/Dudleya_S_genomes/full_pipeline_run/results/05_analysis_masks/mtdna_permissive_coverage_regions.bed	/home/neil/Downloads/dudleya/Dudleya_S_genomes/full_pipeline_run/results/06_all_sample_alignment/qc/COM_LP_274_Du-709.depth.tsv
COM_LP_274_Du-709	QB3.Berkeley.251217/QB3.Results.260109	D. setchellii	COM	mtdna_high_confidence_unique	mtDNA	variant_calling_and_population_genetics	mitochondria	2	44930	11750197	261.522301	44930	1.000000	44930	1.000000	44930	1.000000	/home/neil/Downloads/dudleya/Dudleya_S_genomes/full_pipeline_run/results/05_analysis_masks/mtdna_high_confidence_unique_regions.bed	/home/neil/Downloads/dudleya/Dudleya_S_genomes/full_pipeline_run/results/06_all_sample_alignment/qc/COM_LP_274_Du-709.depth.tsv
COM_LP_276_Du-711	QB3.Berkeley.251217/QB3.Results.260109	D. setchellii	COM	cpdna_full_coverage	cpDNA	sample_qc_coverage	chloroplast	1	150274	277996116	1849.928238	150274	1.000000	150270	0.999973	150269	0.999967	/home/neil/Downloads/dudleya/Dudleya_S_genomes/full_pipeline_run/results/05_analysis_masks/cpdna_full_coverage_regions.bed	/home/neil/Downloads/dudleya/Dudleya_S_genomes/full_pipeline_run/results/06_all_sample_alignment/qc/COM_LP_276_Du-711.depth.tsv
COM_LP_276_Du-711	QB3.Berkeley.251217/QB3.Results.260109	D. setchellii	COM	cpdna_ir_regions	cpDNA	repeat_annotation	chloroplast	2	51472	90067688	1749.838514	51472	1.000000	51468	0.999922	51467	0.999903	/home/neil/Downloads/dudleya/Dudleya_S_genomes/full_pipeline_run/results/05_analysis_masks/cpdna_ir_regions.bed	/home/neil/Downloads/dudleya/Dudleya_S_genomes/full_pipeline_run/results/06_all_sample_alignment/qc/COM_LP_276_Du-711.depth.tsv
COM_LP_276_Du-711	QB3.Berkeley.251217/QB3.Results.260109	D. setchellii	COM	cpdna_duplicate_ir_mask	cpDNA	mask	chloroplast	1	25736	44378692	1724.381878	25736	1.000000	25733	0.999883	25732	0.999845	/home/neil/Downloads/dudleya/Dudleya_S_genomes/full_pipeline_run/results/05_analysis_masks/cpdna_duplicate_ir_copy_mask.bed	/home/neil/Downloads/dudleya/Dudleya_S_genomes/full_pipeline_run/results/06_all_sample_alignment/qc/COM_LP_276_Du-711.depth.tsv
COM_LP_276_Du-711	QB3.Berkeley.251217/QB3.Results.260109	D. setchellii	COM	cpdna_population_sites	cpDNA	variant_calling_and_population_genetics	chloroplast	1	124538	233617424	1875.872617	124538	1.000000	124537	0.999992	124537	0.999992	/home/neil/Downloads/dudleya/Dudleya_S_genomes/full_pipeline_run/results/05_analysis_masks/cpdna_population_sites.bed	/home/neil/Downloads/dudleya/Dudleya_S_genomes/full_pipeline_run/results/06_all_sample_alignment/qc/COM_LP_276_Du-711.depth.tsv
COM_LP_276_Du-711	QB3.Berkeley.251217/QB3.Results.260109	D. setchellii	COM	mtdna_permissive_coverage	mtDNA	sample_qc_coverage	mitochondria	1	243359	35336841	145.204578	232823	0.956706	230122	0.945607	230060	0.945352	/home/neil/Downloads/dudleya/Dudleya_S_genomes/full_pipeline_run/results/05_analysis_masks/mtdna_permissive_coverage_regions.bed	/home/neil/Downloads/dudleya/Dudleya_S_genomes/full_pipeline_run/results/06_all_sample_alignment/qc/COM_LP_276_Du-711.depth.tsv
COM_LP_276_Du-711	QB3.Berkeley.251217/QB3.Results.260109	D. setchellii	COM	mtdna_high_confidence_unique	mtDNA	variant_calling_and_population_genetics	mitochondria	2	44930	11571192	257.538215	44930	1.000000	44930	1.000000	44930	1.000000	/home/neil/Downloads/dudleya/Dudleya_S_genomes/full_pipeline_run/results/05_analysis_masks/mtdna_high_confidence_unique_regions.bed	/home/neil/Downloads/dudleya/Dudleya_S_genomes/full_pipeline_run/results/06_all_sample_alignment/qc/COM_LP_276_Du-711.depth.tsv
COM_LP_277_Du-712	QB3.Berkeley.251217/QB3.Results.260109	D. setchellii	COM	cpdna_full_coverage	cpDNA	sample_qc_coverage	chloroplast	1	150274	239108882	1591.152708	150274	1.000000	150274	1.000000	150273	0.999993	/home/neil/Downloads/dudleya/Dudleya_S_genomes/full_pipeline_run/results/05_analysis_masks/cpdna_full_coverage_regions.bed	/home/neil/Downloads/dudleya/Dudleya_S_genomes/full_pipeline_run/results/06_all_sample_alignment/qc/COM_LP_277_Du-712.depth.tsv
COM_LP_277_Du-712	QB3.Berkeley.251217/QB3.Results.260109	D. setchellii	COM	cpdna_ir_regions	cpDNA	repeat_annotation	chloroplast	2	51472	81262872	1578.778210	51472	1.000000	51472	1.000000	51471	0.999981	/home/neil/Downloads/dudleya/Dudleya_S_genomes/full_pipeline_run/results/05_analysis_masks/cpdna_ir_regions.bed	/home/neil/Downloads/dudleya/Dudleya_S_genomes/full_pipeline_run/results/06_all_sample_alignment/qc/COM_LP_277_Du-712.depth.tsv
COM_LP_277_Du-712	QB3.Berkeley.251217/QB3.Results.260109	D. setchellii	COM	cpdna_duplicate_ir_mask	cpDNA	mask	chloroplast	1	25736	39858859	1548.758898	25736	1.000000	25736	1.000000	25735	0.999961	/home/neil/Downloads/dudleya/Dudleya_S_genomes/full_pipeline_run/results/05_analysis_masks/cpdna_duplicate_ir_copy_mask.bed	/home/neil/Downloads/dudleya/Dudleya_S_genomes/full_pipeline_run/results/06_all_sample_alignment/qc/COM_LP_277_Du-712.depth.tsv
COM_LP_277_Du-712	QB3.Berkeley.251217/QB3.Results.260109	D. setchellii	COM	cpdna_population_sites	cpDNA	variant_calling_and_population_genetics	chloroplast	1	124538	199250023	1599.913464	124538	1.000000	124538	1.000000	124538	1.000000	/home/neil/Downloads/dudleya/Dudleya_S_genomes/full_pipeline_run/results/05_analysis_masks/cpdna_population_sites.bed	/home/neil/Downloads/dudleya/Dudleya_S_genomes/full_pipeline_run/results/06_all_sample_alignment/qc/COM_LP_277_Du-712.depth.tsv
COM_LP_277_Du-712	QB3.Berkeley.251217/QB3.Results.260109	D. setchellii	COM	mtdna_permissive_coverage	mtDNA	sample_qc_coverage	mitochondria	1	243359	26999968	110.947070	239771	0.985256	230978	0.949125	230032	0.945237	/home/neil/Downloads/dudleya/Dudleya_S_genomes/full_pipeline_run/results/05_analysis_masks/mtdna_permissive_coverage_regions.bed	/home/neil/Downloads/dudleya/Dudleya_S_genomes/full_pipeline_run/results/06_all_sample_alignment/qc/COM_LP_277_Du-712.depth.tsv
COM_LP_277_Du-712	QB3.Berkeley.251217/QB3.Results.260109	D. setchellii	COM	mtdna_high_confidence_unique	mtDNA	variant_calling_and_population_genetics	mitochondria	2	44930	8746239	194.663677	44930	1.000000	44930	1.000000	44930	1.000000	/home/neil/Downloads/dudleya/Dudleya_S_genomes/full_pipeline_run/results/05_analysis_masks/mtdna_high_confidence_unique_regions.bed	/home/neil/Downloads/dudleya/Dudleya_S_genomes/full_pipeline_run/results/06_all_sample_alignment/qc/COM_LP_277_Du-712.depth.tsv
COM_LP_341_Du-713	QB3.Berkeley.251217/QB3.Results.260109	D. setchellii	COM	cpdna_full_coverage	cpDNA	sample_qc_coverage	chloroplast	1	150274	330033722	2196.213064	150274	1.000000	150273	0.999993	150269	0.999967	/home/neil/Downloads/dudleya/Dudleya_S_genomes/full_pipeline_run/results/05_analysis_masks/cpdna_full_coverage_regions.bed	/home/neil/Downloads/dudleya/Dudleya_S_genomes/full_pipeline_run/results/06_all_sample_alignment/qc/COM_LP_341_Du-713.depth.tsv
COM_LP_341_Du-713	QB3.Berkeley.251217/QB3.Results.260109	D. setchellii	COM	cpdna_ir_regions	cpDNA	repeat_annotation	chloroplast	2	51472	109766797	2132.553563	51472	1.000000	51471	0.999981	51467	0.999903	/home/neil/Downloads/dudleya/Dudleya_S_genomes/full_pipeline_run/results/05_analysis_masks/cpdna_ir_regions.bed	/home/neil/Downloads/dudleya/Dudleya_S_genomes/full_pipeline_run/results/06_all_sample_alignment/qc/COM_LP_341_Du-713.depth.tsv
COM_LP_341_Du-713	QB3.Berkeley.251217/QB3.Results.260109	D. setchellii	COM	cpdna_duplicate_ir_mask	cpDNA	mask	chloroplast	1	25736	53598449	2082.625466	25736	1.000000	25735	0.999961	25732	0.999845	/home/neil/Downloads/dudleya/Dudleya_S_genomes/full_pipeline_run/results/05_analysis_masks/cpdna_duplicate_ir_copy_mask.bed	/home/neil/Downloads/dudleya/Dudleya_S_genomes/full_pipeline_run/results/06_all_sample_alignment/qc/COM_LP_341_Du-713.depth.tsv
COM_LP_341_Du-713	QB3.Berkeley.251217/QB3.Results.260109	D. setchellii	COM	cpdna_population_sites	cpDNA	variant_calling_and_population_genetics	chloroplast	1	124538	276435273	2219.686144	124538	1.000000	124538	1.000000	124537	0.999992	/home/neil/Downloads/dudleya/Dudleya_S_genomes/full_pipeline_run/results/05_analysis_masks/cpdna_population_sites.bed	/home/neil/Downloads/dudleya/Dudleya_S_genomes/full_pipeline_run/results/06_all_sample_alignment/qc/COM_LP_341_Du-713.depth.tsv
COM_LP_341_Du-713	QB3.Berkeley.251217/QB3.Results.260109	D. setchellii	COM	mtdna_permissive_coverage	mtDNA	sample_qc_coverage	mitochondria	1	243359	23511789	96.613600	230662	0.947826	229981	0.945028	229928	0.944810	/home/neil/Downloads/dudleya/Dudleya_S_genomes/full_pipeline_run/results/05_analysis_masks/mtdna_permissive_coverage_regions.bed	/home/neil/Downloads/dudleya/Dudleya_S_genomes/full_pipeline_run/results/06_all_sample_alignment/qc/COM_LP_341_Du-713.depth.tsv
COM_LP_341_Du-713	QB3.Berkeley.251217/QB3.Results.260109	D. setchellii	COM	mtdna_high_confidence_unique	mtDNA	variant_calling_and_population_genetics	mitochondria	2	44930	7537207	167.754440	44930	1.000000	44930	1.000000	44930	1.000000	/home/neil/Downloads/dudleya/Dudleya_S_genomes/full_pipeline_run/results/05_analysis_masks/mtdna_high_confidence_unique_regions.bed	/home/neil/Downloads/dudleya/Dudleya_S_genomes/full_pipeline_run/results/06_all_sample_alignment/qc/COM_LP_341_Du-713.depth.tsv
COM_LP_342_Du-714	QB3.Berkeley.251217/QB3.Results.260109	D. setchellii	COM	cpdna_full_coverage	cpDNA	sample_qc_coverage	chloroplast	1	150274	41921243	278.965377	150273	0.999993	150263	0.999927	150237	0.999754	/home/neil/Downloads/dudleya/Dudleya_S_genomes/full_pipeline_run/results/05_analysis_masks/cpdna_full_coverage_regions.bed	/home/neil/Downloads/dudleya/Dudleya_S_genomes/full_pipeline_run/results/06_all_sample_alignment/qc/COM_LP_342_Du-714.depth.tsv
COM_LP_342_Du-714	QB3.Berkeley.251217/QB3.Results.260109	D. setchellii	COM	cpdna_ir_regions	cpDNA	repeat_annotation	chloroplast	2	51472	16762703	325.666440	51471	0.999981	51462	0.999806	51440	0.999378	/home/neil/Downloads/dudleya/Dudleya_S_genomes/full_pipeline_run/results/05_analysis_masks/cpdna_ir_regions.bed	/home/neil/Downloads/dudleya/Dudleya_S_genomes/full_pipeline_run/results/06_all_sample_alignment/qc/COM_LP_342_Du-714.depth.tsv
COM_LP_342_Du-714	QB3.Berkeley.251217/QB3.Results.260109	D. setchellii	COM	cpdna_duplicate_ir_mask	cpDNA	mask	chloroplast	1	25736	8172651	317.557157	25736	1.000000	25732	0.999845	25716	0.999223	/home/neil/Downloads/dudleya/Dudleya_S_genomes/full_pipeline_run/results/05_analysis_masks/cpdna_duplicate_ir_copy_mask.bed	/home/neil/Downloads/dudleya/Dudleya_S_genomes/full_pipeline_run/results/06_all_sample_alignment/qc/COM_LP_342_Du-714.depth.tsv
COM_LP_342_Du-714	QB3.Berkeley.251217/QB3.Results.260109	D. setchellii	COM	cpdna_population_sites	cpDNA	variant_calling_and_population_genetics	chloroplast	1	124538	33748592	270.990316	124537	0.999992	124531	0.999944	124521	0.999863	/home/neil/Downloads/dudleya/Dudleya_S_genomes/full_pipeline_run/results/05_analysis_masks/cpdna_population_sites.bed	/home/neil/Downloads/dudleya/Dudleya_S_genomes/full_pipeline_run/results/06_all_sample_alignment/qc/COM_LP_342_Du-714.depth.tsv
COM_LP_342_Du-714	QB3.Berkeley.251217/QB3.Results.260109	D. setchellii	COM	mtdna_permissive_coverage	mtDNA	sample_qc_coverage	mitochondria	1	243359	12659355	52.019260	230088	0.945467	229899	0.944691	229765	0.944140	/home/neil/Downloads/dudleya/Dudleya_S_genomes/full_pipeline_run/results/05_analysis_masks/mtdna_permissive_coverage_regions.bed	/home/neil/Downloads/dudleya/Dudleya_S_genomes/full_pipeline_run/results/06_all_sample_alignment/qc/COM_LP_342_Du-714.depth.tsv
COM_LP_342_Du-714	QB3.Berkeley.251217/QB3.Results.260109	D. setchellii	COM	mtdna_high_confidence_unique	mtDNA	variant_calling_and_population_genetics	mitochondria	2	44930	4086108	90.943868	44930	1.000000	44930	1.000000	44930	1.000000	/home/neil/Downloads/dudleya/Dudleya_S_genomes/full_pipeline_run/results/05_analysis_masks/mtdna_high_confidence_unique_regions.bed	/home/neil/Downloads/dudleya/Dudleya_S_genomes/full_pipeline_run/results/06_all_sample_alignment/qc/COM_LP_342_Du-714.depth.tsv
COM_LP_343_Du-715	QB3.Berkeley.251217/QB3.Results.260109	D. setchellii	COM	cpdna_full_coverage	cpDNA	sample_qc_coverage	chloroplast	1	150274	190050177	1264.691011	150274	1.000000	150271	0.999980	150270	0.999973	/home/neil/Downloads/dudleya/Dudleya_S_genomes/full_pipeline_run/results/05_analysis_masks/cpdna_full_coverage_regions.bed	/home/neil/Downloads/dudleya/Dudleya_S_genomes/full_pipeline_run/results/06_all_sample_alignment/qc/COM_LP_343_Du-715.depth.tsv
COM_LP_343_Du-715	QB3.Berkeley.251217/QB3.Results.260109	D. setchellii	COM	cpdna_ir_regions	cpDNA	repeat_annotation	chloroplast	2	51472	65495768	1272.454305	51472	1.000000	51469	0.999942	51468	0.999922	/home/neil/Downloads/dudleya/Dudleya_S_genomes/full_pipeline_run/results/05_analysis_masks/cpdna_ir_regions.bed	/home/neil/Downloads/dudleya/Dudleya_S_genomes/full_pipeline_run/results/06_all_sample_alignment/qc/COM_LP_343_Du-715.depth.tsv
COM_LP_343_Du-715	QB3.Berkeley.251217/QB3.Results.260109	D. setchellii	COM	cpdna_duplicate_ir_mask	cpDNA	mask	chloroplast	1	25736	31988133	1242.933362	25736	1.000000	25734	0.999922	25733	0.999883	/home/neil/Downloads/dudleya/Dudleya_S_genomes/full_pipeline_run/results/05_analysis_masks/cpdna_duplicate_ir_copy_mask.bed	/home/neil/Downloads/dudleya/Dudleya_S_genomes/full_pipeline_run/results/06_all_sample_alignment/qc/COM_LP_343_Du-715.depth.tsv
COM_LP_343_Du-715	QB3.Berkeley.251217/QB3.Results.260109	D. setchellii	COM	cpdna_population_sites	cpDNA	variant_calling_and_population_genetics	chloroplast	1	124538	158062044	1269.187268	124538	1.000000	124537	0.999992	124537	0.999992	/home/neil/Downloads/dudleya/Dudleya_S_genomes/full_pipeline_run/results/05_analysis_masks/cpdna_population_sites.bed	/home/neil/Downloads/dudleya/Dudleya_S_genomes/full_pipeline_run/results/06_all_sample_alignment/qc/COM_LP_343_Du-715.depth.tsv
COM_LP_343_Du-715	QB3.Berkeley.251217/QB3.Results.260109	D. setchellii	COM	mtdna_permissive_coverage	mtDNA	sample_qc_coverage	mitochondria	1	243359	32835743	134.927178	231202	0.950045	230241	0.946096	230010	0.945147	/home/neil/Downloads/dudleya/Dudleya_S_genomes/full_pipeline_run/results/05_analysis_masks/mtdna_permissive_coverage_regions.bed	/home/neil/Downloads/dudleya/Dudleya_S_genomes/full_pipeline_run/results/06_all_sample_alignment/qc/COM_LP_343_Du-715.depth.tsv
COM_LP_343_Du-715	QB3.Berkeley.251217/QB3.Results.260109	D. setchellii	COM	mtdna_high_confidence_unique	mtDNA	variant_calling_and_population_genetics	mitochondria	2	44930	10689467	237.913799	44930	1.000000	44930	1.000000	44930	1.000000	/home/neil/Downloads/dudleya/Dudleya_S_genomes/full_pipeline_run/results/05_analysis_masks/mtdna_high_confidence_unique_regions.bed	/home/neil/Downloads/dudleya/Dudleya_S_genomes/full_pipeline_run/results/06_all_sample_alignment/qc/COM_LP_343_Du-715.depth.tsv
CROB_LP_169_Du-381	QB3.Berkeley.251217/QB3.Results.260109	D. setchellii	CROB	cpdna_full_coverage	cpDNA	sample_qc_coverage	chloroplast	1	150274	25610084	170.422588	150257	0.999887	150226	0.999681	150154	0.999201	/home/neil/Downloads/dudleya/Dudleya_S_genomes/full_pipeline_run/results/05_analysis_masks/cpdna_full_coverage_regions.bed	/home/neil/Downloads/dudleya/Dudleya_S_genomes/full_pipeline_run/results/06_all_sample_alignment/qc/CROB_LP_169_Du-381.depth.tsv
CROB_LP_169_Du-381	QB3.Berkeley.251217/QB3.Results.260109	D. setchellii	CROB	cpdna_ir_regions	cpDNA	repeat_annotation	chloroplast	2	51472	9808039	190.550960	51455	0.999670	51428	0.999145	51394	0.998485	/home/neil/Downloads/dudleya/Dudleya_S_genomes/full_pipeline_run/results/05_analysis_masks/cpdna_ir_regions.bed	/home/neil/Downloads/dudleya/Dudleya_S_genomes/full_pipeline_run/results/06_all_sample_alignment/qc/CROB_LP_169_Du-381.depth.tsv
CROB_LP_169_Du-381	QB3.Berkeley.251217/QB3.Results.260109	D. setchellii	CROB	cpdna_duplicate_ir_mask	cpDNA	mask	chloroplast	1	25736	4841965	188.139765	25719	0.999339	25695	0.998407	25675	0.997630	/home/neil/Downloads/dudleya/Dudleya_S_genomes/full_pipeline_run/results/05_analysis_masks/cpdna_duplicate_ir_copy_mask.bed	/home/neil/Downloads/dudleya/Dudleya_S_genomes/full_pipeline_run/results/06_all_sample_alignment/qc/CROB_LP_169_Du-381.depth.tsv
CROB_LP_169_Du-381	QB3.Berkeley.251217/QB3.Results.260109	D. setchellii	CROB	cpdna_population_sites	cpDNA	variant_calling_and_population_genetics	chloroplast	1	124538	20768119	166.761302	124538	1.000000	124531	0.999944	124479	0.999526	/home/neil/Downloads/dudleya/Dudleya_S_genomes/full_pipeline_run/results/05_analysis_masks/cpdna_population_sites.bed	/home/neil/Downloads/dudleya/Dudleya_S_genomes/full_pipeline_run/results/06_all_sample_alignment/qc/CROB_LP_169_Du-381.depth.tsv
CROB_LP_169_Du-381	QB3.Berkeley.251217/QB3.Results.260109	D. setchellii	CROB	mtdna_permissive_coverage	mtDNA	sample_qc_coverage	mitochondria	1	243359	2788208	11.457181	242994	0.998500	222240	0.913219	134680	0.553421	/home/neil/Downloads/dudleya/Dudleya_S_genomes/full_pipeline_run/results/05_analysis_masks/mtdna_permissive_coverage_regions.bed	/home/neil/Downloads/dudleya/Dudleya_S_genomes/full_pipeline_run/results/06_all_sample_alignment/qc/CROB_LP_169_Du-381.depth.tsv
CROB_LP_169_Du-381	QB3.Berkeley.251217/QB3.Results.260109	D. setchellii	CROB	mtdna_high_confidence_unique	mtDNA	variant_calling_and_population_genetics	mitochondria	2	44930	829493	18.461896	44900	0.999332	44709	0.995081	41850	0.931449	/home/neil/Downloads/dudleya/Dudleya_S_genomes/full_pipeline_run/results/05_analysis_masks/mtdna_high_confidence_unique_regions.bed	/home/neil/Downloads/dudleya/Dudleya_S_genomes/full_pipeline_run/results/06_all_sample_alignment/qc/CROB_LP_169_Du-381.depth.tsv
CROB_LP_170_Du-382	QB3.Berkeley.251217/QB3.Results.260109	D. setchellii	CROB	cpdna_full_coverage	cpDNA	sample_qc_coverage	chloroplast	1	150274	352564339	2346.143305	150274	1.000000	150274	1.000000	150272	0.999987	/home/neil/Downloads/dudleya/Dudleya_S_genomes/full_pipeline_run/results/05_analysis_masks/cpdna_full_coverage_regions.bed	/home/neil/Downloads/dudleya/Dudleya_S_genomes/full_pipeline_run/results/06_all_sample_alignment/qc/CROB_LP_170_Du-382.depth.tsv
CROB_LP_170_Du-382	QB3.Berkeley.251217/QB3.Results.260109	D. setchellii	CROB	cpdna_ir_regions	cpDNA	repeat_annotation	chloroplast	2	51472	127202431	2471.293733	51472	1.000000	51472	1.000000	51470	0.999961	/home/neil/Downloads/dudleya/Dudleya_S_genomes/full_pipeline_run/results/05_analysis_masks/cpdna_ir_regions.bed	/home/neil/Downloads/dudleya/Dudleya_S_genomes/full_pipeline_run/results/06_all_sample_alignment/qc/CROB_LP_170_Du-382.depth.tsv
CROB_LP_170_Du-382	QB3.Berkeley.251217/QB3.Results.260109	D. setchellii	CROB	cpdna_duplicate_ir_mask	cpDNA	mask	chloroplast	1	25736	62167544	2415.586882	25736	1.000000	25736	1.000000	25735	0.999961	/home/neil/Downloads/dudleya/Dudleya_S_genomes/full_pipeline_run/results/05_analysis_masks/cpdna_duplicate_ir_copy_mask.bed	/home/neil/Downloads/dudleya/Dudleya_S_genomes/full_pipeline_run/results/06_all_sample_alignment/qc/CROB_LP_170_Du-382.depth.tsv
CROB_LP_170_Du-382	QB3.Berkeley.251217/QB3.Results.260109	D. setchellii	CROB	cpdna_population_sites	cpDNA	variant_calling_and_population_genetics	chloroplast	1	124538	290396795	2331.792666	124538	1.000000	124538	1.000000	124537	0.999992	/home/neil/Downloads/dudleya/Dudleya_S_genomes/full_pipeline_run/results/05_analysis_masks/cpdna_population_sites.bed	/home/neil/Downloads/dudleya/Dudleya_S_genomes/full_pipeline_run/results/06_all_sample_alignment/qc/CROB_LP_170_Du-382.depth.tsv
CROB_LP_170_Du-382	QB3.Berkeley.251217/QB3.Results.260109	D. setchellii	CROB	mtdna_permissive_coverage	mtDNA	sample_qc_coverage	mitochondria	1	243359	42139868	173.159275	243356	0.999988	243345	0.999942	243340	0.999922	/home/neil/Downloads/dudleya/Dudleya_S_genomes/full_pipeline_run/results/05_analysis_masks/mtdna_permissive_coverage_regions.bed	/home/neil/Downloads/dudleya/Dudleya_S_genomes/full_pipeline_run/results/06_all_sample_alignment/qc/CROB_LP_170_Du-382.depth.tsv
CROB_LP_170_Du-382	QB3.Berkeley.251217/QB3.Results.260109	D. setchellii	CROB	mtdna_high_confidence_unique	mtDNA	variant_calling_and_population_genetics	mitochondria	2	44930	12790240	284.670376	44930	1.000000	44930	1.000000	44930	1.000000	/home/neil/Downloads/dudleya/Dudleya_S_genomes/full_pipeline_run/results/05_analysis_masks/mtdna_high_confidence_unique_regions.bed	/home/neil/Downloads/dudleya/Dudleya_S_genomes/full_pipeline_run/results/06_all_sample_alignment/qc/CROB_LP_170_Du-382.depth.tsv
CROB_LP_172_Du-384	QB3.Berkeley.251217/QB3.Results.260109	D. setchellii	CROB	cpdna_full_coverage	cpDNA	sample_qc_coverage	chloroplast	1	150274	64335237	428.119548	150274	1.000000	150272	0.999987	150257	0.999887	/home/neil/Downloads/dudleya/Dudleya_S_genomes/full_pipeline_run/results/05_analysis_masks/cpdna_full_coverage_regions.bed	/home/neil/Downloads/dudleya/Dudleya_S_genomes/full_pipeline_run/results/06_all_sample_alignment/qc/CROB_LP_172_Du-384.depth.tsv
CROB_LP_172_Du-384	QB3.Berkeley.251217/QB3.Results.260109	D. setchellii	CROB	cpdna_ir_regions	cpDNA	repeat_annotation	chloroplast	2	51472	23248666	451.675979	51472	1.000000	51470	0.999961	51455	0.999670	/home/neil/Downloads/dudleya/Dudleya_S_genomes/full_pipeline_run/results/05_analysis_masks/cpdna_ir_regions.bed	/home/neil/Downloads/dudleya/Dudleya_S_genomes/full_pipeline_run/results/06_all_sample_alignment/qc/CROB_LP_172_Du-384.depth.tsv
CROB_LP_172_Du-384	QB3.Berkeley.251217/QB3.Results.260109	D. setchellii	CROB	cpdna_duplicate_ir_mask	cpDNA	mask	chloroplast	1	25736	11442582	444.613848	25736	1.000000	25734	0.999922	25727	0.999650	/home/neil/Downloads/dudleya/Dudleya_S_genomes/full_pipeline_run/results/05_analysis_masks/cpdna_duplicate_ir_copy_mask.bed	/home/neil/Downloads/dudleya/Dudleya_S_genomes/full_pipeline_run/results/06_all_sample_alignment/qc/CROB_LP_172_Du-384.depth.tsv
CROB_LP_172_Du-384	QB3.Berkeley.251217/QB3.Results.260109	D. setchellii	CROB	cpdna_population_sites	cpDNA	variant_calling_and_population_genetics	chloroplast	1	124538	52892655	424.710972	124538	1.000000	124538	1.000000	124530	0.999936	/home/neil/Downloads/dudleya/Dudleya_S_genomes/full_pipeline_run/results/05_analysis_masks/cpdna_population_sites.bed	/home/neil/Downloads/dudleya/Dudleya_S_genomes/full_pipeline_run/results/06_all_sample_alignment/qc/CROB_LP_172_Du-384.depth.tsv
CROB_LP_172_Du-384	QB3.Berkeley.251217/QB3.Results.260109	D. setchellii	CROB	mtdna_permissive_coverage	mtDNA	sample_qc_coverage	mitochondria	1	243359	17017148	69.926109	243354	0.999979	243331	0.999885	243306	0.999782	/home/neil/Downloads/dudleya/Dudleya_S_genomes/full_pipeline_run/results/05_analysis_masks/mtdna_permissive_coverage_regions.bed	/home/neil/Downloads/dudleya/Dudleya_S_genomes/full_pipeline_run/results/06_all_sample_alignment/qc/CROB_LP_172_Du-384.depth.tsv
CROB_LP_172_Du-384	QB3.Berkeley.251217/QB3.Results.260109	D. setchellii	CROB	mtdna_high_confidence_unique	mtDNA	variant_calling_and_population_genetics	mitochondria	2	44930	5117335	113.895727	44930	1.000000	44930	1.000000	44930	1.000000	/home/neil/Downloads/dudleya/Dudleya_S_genomes/full_pipeline_run/results/05_analysis_masks/mtdna_high_confidence_unique_regions.bed	/home/neil/Downloads/dudleya/Dudleya_S_genomes/full_pipeline_run/results/06_all_sample_alignment/qc/CROB_LP_172_Du-384.depth.tsv
CROB_LP_173_Du-385	QB3.Berkeley.251217/QB3.Results.260109	D. setchellii	CROB	cpdna_full_coverage	cpDNA	sample_qc_coverage	chloroplast	1	150274	375869790	2501.229687	150274	1.000000	150274	1.000000	150272	0.999987	/home/neil/Downloads/dudleya/Dudleya_S_genomes/full_pipeline_run/results/05_analysis_masks/cpdna_full_coverage_regions.bed	/home/neil/Downloads/dudleya/Dudleya_S_genomes/full_pipeline_run/results/06_all_sample_alignment/qc/CROB_LP_173_Du-385.depth.tsv
CROB_LP_173_Du-385	QB3.Berkeley.251217/QB3.Results.260109	D. setchellii	CROB	cpdna_ir_regions	cpDNA	repeat_annotation	chloroplast	2	51472	131982284	2564.156901	51472	1.000000	51472	1.000000	51470	0.999961	/home/neil/Downloads/dudleya/Dudleya_S_genomes/full_pipeline_run/results/05_analysis_masks/cpdna_ir_regions.bed	/home/neil/Downloads/dudleya/Dudleya_S_genomes/full_pipeline_run/results/06_all_sample_alignment/qc/CROB_LP_173_Du-385.depth.tsv
CROB_LP_173_Du-385	QB3.Berkeley.251217/QB3.Results.260109	D. setchellii	CROB	cpdna_duplicate_ir_mask	cpDNA	mask	chloroplast	1	25736	64601843	2510.174192	25736	1.000000	25736	1.000000	25735	0.999961	/home/neil/Downloads/dudleya/Dudleya_S_genomes/full_pipeline_run/results/05_analysis_masks/cpdna_duplicate_ir_copy_mask.bed	/home/neil/Downloads/dudleya/Dudleya_S_genomes/full_pipeline_run/results/06_all_sample_alignment/qc/CROB_LP_173_Du-385.depth.tsv
CROB_LP_173_Du-385	QB3.Berkeley.251217/QB3.Results.260109	D. setchellii	CROB	cpdna_population_sites	cpDNA	variant_calling_and_population_genetics	chloroplast	1	124538	311267947	2499.381289	124538	1.000000	124538	1.000000	124537	0.999992	/home/neil/Downloads/dudleya/Dudleya_S_genomes/full_pipeline_run/results/05_analysis_masks/cpdna_population_sites.bed	/home/neil/Downloads/dudleya/Dudleya_S_genomes/full_pipeline_run/results/06_all_sample_alignment/qc/CROB_LP_173_Du-385.depth.tsv
CROB_LP_173_Du-385	QB3.Berkeley.251217/QB3.Results.260109	D. setchellii	CROB	mtdna_permissive_coverage	mtDNA	sample_qc_coverage	mitochondria	1	243359	26917630	110.608730	243357	0.999992	243345	0.999942	243329	0.999877	/home/neil/Downloads/dudleya/Dudleya_S_genomes/full_pipeline_run/results/05_analysis_masks/mtdna_permissive_coverage_regions.bed	/home/neil/Downloads/dudleya/Dudleya_S_genomes/full_pipeline_run/results/06_all_sample_alignment/qc/CROB_LP_173_Du-385.depth.tsv
CROB_LP_173_Du-385	QB3.Berkeley.251217/QB3.Results.260109	D. setchellii	CROB	mtdna_high_confidence_unique	mtDNA	variant_calling_and_population_genetics	mitochondria	2	44930	8130862	180.967327	44930	1.000000	44930	1.000000	44930	1.000000	/home/neil/Downloads/dudleya/Dudleya_S_genomes/full_pipeline_run/results/05_analysis_masks/mtdna_high_confidence_unique_regions.bed	/home/neil/Downloads/dudleya/Dudleya_S_genomes/full_pipeline_run/results/06_all_sample_alignment/qc/CROB_LP_173_Du-385.depth.tsv
CROB_LP_174_Du-386	QB3.Berkeley.251217/QB3.Results.260109	D. setchellii	CROB	cpdna_full_coverage	cpDNA	sample_qc_coverage	chloroplast	1	150274	446450186	2970.907715	150274	1.000000	150274	1.000000	150272	0.999987	/home/neil/Downloads/dudleya/Dudleya_S_genomes/full_pipeline_run/results/05_analysis_masks/cpdna_full_coverage_regions.bed	/home/neil/Downloads/dudleya/Dudleya_S_genomes/full_pipeline_run/results/06_all_sample_alignment/qc/CROB_LP_174_Du-386.depth.tsv
CROB_LP_174_Du-386	QB3.Berkeley.251217/QB3.Results.260109	D. setchellii	CROB	cpdna_ir_regions	cpDNA	repeat_annotation	chloroplast	2	51472	148845498	2891.776072	51472	1.000000	51472	1.000000	51470	0.999961	/home/neil/Downloads/dudleya/Dudleya_S_genomes/full_pipeline_run/results/05_analysis_masks/cpdna_ir_regions.bed	/home/neil/Downloads/dudleya/Dudleya_S_genomes/full_pipeline_run/results/06_all_sample_alignment/qc/CROB_LP_174_Du-386.depth.tsv
CROB_LP_174_Du-386	QB3.Berkeley.251217/QB3.Results.260109	D. setchellii	CROB	cpdna_duplicate_ir_mask	cpDNA	mask	chloroplast	1	25736	72752190	2826.864703	25736	1.000000	25736	1.000000	25735	0.999961	/home/neil/Downloads/dudleya/Dudleya_S_genomes/full_pipeline_run/results/05_analysis_masks/cpdna_duplicate_ir_copy_mask.bed	/home/neil/Downloads/dudleya/Dudleya_S_genomes/full_pipeline_run/results/06_all_sample_alignment/qc/CROB_LP_174_Du-386.depth.tsv
CROB_LP_174_Du-386	QB3.Berkeley.251217/QB3.Results.260109	D. setchellii	CROB	cpdna_population_sites	cpDNA	variant_calling_and_population_genetics	chloroplast	1	124538	373697996	3000.674461	124538	1.000000	124538	1.000000	124537	0.999992	/home/neil/Downloads/dudleya/Dudleya_S_genomes/full_pipeline_run/results/05_analysis_masks/cpdna_population_sites.bed	/home/neil/Downloads/dudleya/Dudleya_S_genomes/full_pipeline_run/results/06_all_sample_alignment/qc/CROB_LP_174_Du-386.depth.tsv
CROB_LP_174_Du-386	QB3.Berkeley.251217/QB3.Results.260109	D. setchellii	CROB	mtdna_permissive_coverage	mtDNA	sample_qc_coverage	mitochondria	1	243359	32376012	133.038071	243359	1.000000	243349	0.999959	243335	0.999901	/home/neil/Downloads/dudleya/Dudleya_S_genomes/full_pipeline_run/results/05_analysis_masks/mtdna_permissive_coverage_regions.bed	/home/neil/Downloads/dudleya/Dudleya_S_genomes/full_pipeline_run/results/06_all_sample_alignment/qc/CROB_LP_174_Du-386.depth.tsv
CROB_LP_174_Du-386	QB3.Berkeley.251217/QB3.Results.260109	D. setchellii	CROB	mtdna_high_confidence_unique	mtDNA	variant_calling_and_population_genetics	mitochondria	2	44930	9662597	215.058914	44930	1.000000	44930	1.000000	44930	1.000000	/home/neil/Downloads/dudleya/Dudleya_S_genomes/full_pipeline_run/results/05_analysis_masks/mtdna_high_confidence_unique_regions.bed	/home/neil/Downloads/dudleya/Dudleya_S_genomes/full_pipeline_run/results/06_all_sample_alignment/qc/CROB_LP_174_Du-386.depth.tsv
CROB_LP_175_Du-387	QB3.Berkeley.251217/QB3.Results.260109	D. setchellii	CROB	cpdna_full_coverage	cpDNA	sample_qc_coverage	chloroplast	1	150274	402002722	2675.131573	150274	1.000000	150274	1.000000	150273	0.999993	/home/neil/Downloads/dudleya/Dudleya_S_genomes/full_pipeline_run/results/05_analysis_masks/cpdna_full_coverage_regions.bed	/home/neil/Downloads/dudleya/Dudleya_S_genomes/full_pipeline_run/results/06_all_sample_alignment/qc/CROB_LP_175_Du-387.depth.tsv
CROB_LP_175_Du-387	QB3.Berkeley.251217/QB3.Results.260109	D. setchellii	CROB	cpdna_ir_regions	cpDNA	repeat_annotation	chloroplast	2	51472	138412772	2689.088670	51472	1.000000	51472	1.000000	51471	0.999981	/home/neil/Downloads/dudleya/Dudleya_S_genomes/full_pipeline_run/results/05_analysis_masks/cpdna_ir_regions.bed	/home/neil/Downloads/dudleya/Dudleya_S_genomes/full_pipeline_run/results/06_all_sample_alignment/qc/CROB_LP_175_Du-387.depth.tsv
CROB_LP_175_Du-387	QB3.Berkeley.251217/QB3.Results.260109	D. setchellii	CROB	cpdna_duplicate_ir_mask	cpDNA	mask	chloroplast	1	25736	67596274	2626.526034	25736	1.000000	25736	1.000000	25736	1.000000	/home/neil/Downloads/dudleya/Dudleya_S_genomes/full_pipeline_run/results/05_analysis_masks/cpdna_duplicate_ir_copy_mask.bed	/home/neil/Downloads/dudleya/Dudleya_S_genomes/full_pipeline_run/results/06_all_sample_alignment/qc/CROB_LP_175_Du-387.depth.tsv
CROB_LP_175_Du-387	QB3.Berkeley.251217/QB3.Results.260109	D. setchellii	CROB	cpdna_population_sites	cpDNA	variant_calling_and_population_genetics	chloroplast	1	124538	334406448	2685.175994	124538	1.000000	124538	1.000000	124537	0.999992	/home/neil/Downloads/dudleya/Dudleya_S_genomes/full_pipeline_run/results/05_analysis_masks/cpdna_population_sites.bed	/home/neil/Downloads/dudleya/Dudleya_S_genomes/full_pipeline_run/results/06_all_sample_alignment/qc/CROB_LP_175_Du-387.depth.tsv
CROB_LP_175_Du-387	QB3.Berkeley.251217/QB3.Results.260109	D. setchellii	CROB	mtdna_permissive_coverage	mtDNA	sample_qc_coverage	mitochondria	1	243359	29354178	120.620885	243357	0.999992	243340	0.999922	243315	0.999819	/home/neil/Downloads/dudleya/Dudleya_S_genomes/full_pipeline_run/results/05_analysis_masks/mtdna_permissive_coverage_regions.bed	/home/neil/Downloads/dudleya/Dudleya_S_genomes/full_pipeline_run/results/06_all_sample_alignment/qc/CROB_LP_175_Du-387.depth.tsv
CROB_LP_175_Du-387	QB3.Berkeley.251217/QB3.Results.260109	D. setchellii	CROB	mtdna_high_confidence_unique	mtDNA	variant_calling_and_population_genetics	mitochondria	2	44930	8898603	198.054819	44930	1.000000	44930	1.000000	44930	1.000000	/home/neil/Downloads/dudleya/Dudleya_S_genomes/full_pipeline_run/results/05_analysis_masks/mtdna_high_confidence_unique_regions.bed	/home/neil/Downloads/dudleya/Dudleya_S_genomes/full_pipeline_run/results/06_all_sample_alignment/qc/CROB_LP_175_Du-387.depth.tsv
CROB_LP_176_Du-388	QB3.Berkeley.251217/QB3.Results.260109	D. setchellii	CROB	cpdna_full_coverage	cpDNA	sample_qc_coverage	chloroplast	1	150274	508172119	3381.637003	150274	1.000000	150274	1.000000	150273	0.999993	/home/neil/Downloads/dudleya/Dudleya_S_genomes/full_pipeline_run/results/05_analysis_masks/cpdna_full_coverage_regions.bed	/home/neil/Downloads/dudleya/Dudleya_S_genomes/full_pipeline_run/results/06_all_sample_alignment/qc/CROB_LP_176_Du-388.depth.tsv
CROB_LP_176_Du-388	QB3.Berkeley.251217/QB3.Results.260109	D. setchellii	CROB	cpdna_ir_regions	cpDNA	repeat_annotation	chloroplast	2	51472	178520975	3468.312383	51472	1.000000	51472	1.000000	51471	0.999981	/home/neil/Downloads/dudleya/Dudleya_S_genomes/full_pipeline_run/results/05_analysis_masks/cpdna_ir_regions.bed	/home/neil/Downloads/dudleya/Dudleya_S_genomes/full_pipeline_run/results/06_all_sample_alignment/qc/CROB_LP_176_Du-388.depth.tsv
CROB_LP_176_Du-388	QB3.Berkeley.251217/QB3.Results.260109	D. setchellii	CROB	cpdna_duplicate_ir_mask	cpDNA	mask	chloroplast	1	25736	87305216	3392.338203	25736	1.000000	25736	1.000000	25736	1.000000	/home/neil/Downloads/dudleya/Dudleya_S_genomes/full_pipeline_run/results/05_analysis_masks/cpdna_duplicate_ir_copy_mask.bed	/home/neil/Downloads/dudleya/Dudleya_S_genomes/full_pipeline_run/results/06_all_sample_alignment/qc/CROB_LP_176_Du-388.depth.tsv
CROB_LP_176_Du-388	QB3.Berkeley.251217/QB3.Results.260109	D. setchellii	CROB	cpdna_population_sites	cpDNA	variant_calling_and_population_genetics	chloroplast	1	124538	420866903	3379.425581	124538	1.000000	124538	1.000000	124537	0.999992	/home/neil/Downloads/dudleya/Dudleya_S_genomes/full_pipeline_run/results/05_analysis_masks/cpdna_population_sites.bed	/home/neil/Downloads/dudleya/Dudleya_S_genomes/full_pipeline_run/results/06_all_sample_alignment/qc/CROB_LP_176_Du-388.depth.tsv
CROB_LP_176_Du-388	QB3.Berkeley.251217/QB3.Results.260109	D. setchellii	CROB	mtdna_permissive_coverage	mtDNA	sample_qc_coverage	mitochondria	1	243359	41165983	169.157430	243359	1.000000	243356	0.999988	243345	0.999942	/home/neil/Downloads/dudleya/Dudleya_S_genomes/full_pipeline_run/results/05_analysis_masks/mtdna_permissive_coverage_regions.bed	/home/neil/Downloads/dudleya/Dudleya_S_genomes/full_pipeline_run/results/06_all_sample_alignment/qc/CROB_LP_176_Du-388.depth.tsv
CROB_LP_176_Du-388	QB3.Berkeley.251217/QB3.Results.260109	D. setchellii	CROB	mtdna_high_confidence_unique	mtDNA	variant_calling_and_population_genetics	mitochondria	2	44930	12512333	278.485043	44930	1.000000	44930	1.000000	44930	1.000000	/home/neil/Downloads/dudleya/Dudleya_S_genomes/full_pipeline_run/results/05_analysis_masks/mtdna_high_confidence_unique_regions.bed	/home/neil/Downloads/dudleya/Dudleya_S_genomes/full_pipeline_run/results/06_all_sample_alignment/qc/CROB_LP_176_Du-388.depth.tsv
CROB_LP_177_Du-389	QB3.Berkeley.251217/QB3.Results.260109	D. setchellii	CROB	cpdna_full_coverage	cpDNA	sample_qc_coverage	chloroplast	1	150274	344747574	2294.126555	150274	1.000000	150274	1.000000	150274	1.000000	/home/neil/Downloads/dudleya/Dudleya_S_genomes/full_pipeline_run/results/05_analysis_masks/cpdna_full_coverage_regions.bed	/home/neil/Downloads/dudleya/Dudleya_S_genomes/full_pipeline_run/results/06_all_sample_alignment/qc/CROB_LP_177_Du-389.depth.tsv
CROB_LP_177_Du-389	QB3.Berkeley.251217/QB3.Results.260109	D. setchellii	CROB	cpdna_ir_regions	cpDNA	repeat_annotation	chloroplast	2	51472	116754855	2268.317823	51472	1.000000	51472	1.000000	51472	1.000000	/home/neil/Downloads/dudleya/Dudleya_S_genomes/full_pipeline_run/results/05_analysis_masks/cpdna_ir_regions.bed	/home/neil/Downloads/dudleya/Dudleya_S_genomes/full_pipeline_run/results/06_all_sample_alignment/qc/CROB_LP_177_Du-389.depth.tsv
CROB_LP_177_Du-389	QB3.Berkeley.251217/QB3.Results.260109	D. setchellii	CROB	cpdna_duplicate_ir_mask	cpDNA	mask	chloroplast	1	25736	56809975	2207.412768	25736	1.000000	25736	1.000000	25736	1.000000	/home/neil/Downloads/dudleya/Dudleya_S_genomes/full_pipeline_run/results/05_analysis_masks/cpdna_duplicate_ir_copy_mask.bed	/home/neil/Downloads/dudleya/Dudleya_S_genomes/full_pipeline_run/results/06_all_sample_alignment/qc/CROB_LP_177_Du-389.depth.tsv
CROB_LP_177_Du-389	QB3.Berkeley.251217/QB3.Results.260109	D. setchellii	CROB	cpdna_population_sites	cpDNA	variant_calling_and_population_genetics	chloroplast	1	124538	287937599	2312.046114	124538	1.000000	124538	1.000000	124538	1.000000	/home/neil/Downloads/dudleya/Dudleya_S_genomes/full_pipeline_run/results/05_analysis_masks/cpdna_population_sites.bed	/home/neil/Downloads/dudleya/Dudleya_S_genomes/full_pipeline_run/results/06_all_sample_alignment/qc/CROB_LP_177_Du-389.depth.tsv
CROB_LP_177_Du-389	QB3.Berkeley.251217/QB3.Results.260109	D. setchellii	CROB	mtdna_permissive_coverage	mtDNA	sample_qc_coverage	mitochondria	1	243359	29734670	122.184386	243358	0.999996	243346	0.999947	243319	0.999836	/home/neil/Downloads/dudleya/Dudleya_S_genomes/full_pipeline_run/results/05_analysis_masks/mtdna_permissive_coverage_regions.bed	/home/neil/Downloads/dudleya/Dudleya_S_genomes/full_pipeline_run/results/06_all_sample_alignment/qc/CROB_LP_177_Du-389.depth.tsv
CROB_LP_177_Du-389	QB3.Berkeley.251217/QB3.Results.260109	D. setchellii	CROB	mtdna_high_confidence_unique	mtDNA	variant_calling_and_population_genetics	mitochondria	2	44930	8912836	198.371600	44930	1.000000	44930	1.000000	44930	1.000000	/home/neil/Downloads/dudleya/Dudleya_S_genomes/full_pipeline_run/results/05_analysis_masks/mtdna_high_confidence_unique_regions.bed	/home/neil/Downloads/dudleya/Dudleya_S_genomes/full_pipeline_run/results/06_all_sample_alignment/qc/CROB_LP_177_Du-389.depth.tsv
CROB_LP_320_Du-395	QB3.Berkeley.251217/QB3.Results.260109	D. setchellii	CROB	cpdna_full_coverage	cpDNA	sample_qc_coverage	chloroplast	1	150274	280562214	1867.004365	150274	1.000000	150273	0.999993	150272	0.999987	/home/neil/Downloads/dudleya/Dudleya_S_genomes/full_pipeline_run/results/05_analysis_masks/cpdna_full_coverage_regions.bed	/home/neil/Downloads/dudleya/Dudleya_S_genomes/full_pipeline_run/results/06_all_sample_alignment/qc/CROB_LP_320_Du-395.depth.tsv
CROB_LP_320_Du-395	QB3.Berkeley.251217/QB3.Results.260109	D. setchellii	CROB	cpdna_ir_regions	cpDNA	repeat_annotation	chloroplast	2	51472	98462006	1912.923648	51472	1.000000	51471	0.999981	51470	0.999961	/home/neil/Downloads/dudleya/Dudleya_S_genomes/full_pipeline_run/results/05_analysis_masks/cpdna_ir_regions.bed	/home/neil/Downloads/dudleya/Dudleya_S_genomes/full_pipeline_run/results/06_all_sample_alignment/qc/CROB_LP_320_Du-395.depth.tsv
CROB_LP_320_Du-395	QB3.Berkeley.251217/QB3.Results.260109	D. setchellii	CROB	cpdna_duplicate_ir_mask	cpDNA	mask	chloroplast	1	25736	48072571	1867.911525	25736	1.000000	25736	1.000000	25735	0.999961	/home/neil/Downloads/dudleya/Dudleya_S_genomes/full_pipeline_run/results/05_analysis_masks/cpdna_duplicate_ir_copy_mask.bed	/home/neil/Downloads/dudleya/Dudleya_S_genomes/full_pipeline_run/results/06_all_sample_alignment/qc/CROB_LP_320_Du-395.depth.tsv
CROB_LP_320_Du-395	QB3.Berkeley.251217/QB3.Results.260109	D. setchellii	CROB	cpdna_population_sites	cpDNA	variant_calling_and_population_genetics	chloroplast	1	124538	232489643	1866.816899	124538	1.000000	124537	0.999992	124537	0.999992	/home/neil/Downloads/dudleya/Dudleya_S_genomes/full_pipeline_run/results/05_analysis_masks/cpdna_population_sites.bed	/home/neil/Downloads/dudleya/Dudleya_S_genomes/full_pipeline_run/results/06_all_sample_alignment/qc/CROB_LP_320_Du-395.depth.tsv
CROB_LP_320_Du-395	QB3.Berkeley.251217/QB3.Results.260109	D. setchellii	CROB	mtdna_permissive_coverage	mtDNA	sample_qc_coverage	mitochondria	1	243359	17418373	71.574805	243342	0.999930	243319	0.999836	243293	0.999729	/home/neil/Downloads/dudleya/Dudleya_S_genomes/full_pipeline_run/results/05_analysis_masks/mtdna_permissive_coverage_regions.bed	/home/neil/Downloads/dudleya/Dudleya_S_genomes/full_pipeline_run/results/06_all_sample_alignment/qc/CROB_LP_320_Du-395.depth.tsv
CROB_LP_320_Du-395	QB3.Berkeley.251217/QB3.Results.260109	D. setchellii	CROB	mtdna_high_confidence_unique	mtDNA	variant_calling_and_population_genetics	mitochondria	2	44930	5249937	116.847029	44930	1.000000	44930	1.000000	44930	1.000000	/home/neil/Downloads/dudleya/Dudleya_S_genomes/full_pipeline_run/results/05_analysis_masks/mtdna_high_confidence_unique_regions.bed	/home/neil/Downloads/dudleya/Dudleya_S_genomes/full_pipeline_run/results/06_all_sample_alignment/qc/CROB_LP_320_Du-395.depth.tsv
CROB_LP_321_Du-396	QB3.Berkeley.251217/QB3.Results.260109	D. setchellii	CROB	cpdna_full_coverage	cpDNA	sample_qc_coverage	chloroplast	1	150274	273592995	1820.627620	150274	1.000000	150273	0.999993	150273	0.999993	/home/neil/Downloads/dudleya/Dudleya_S_genomes/full_pipeline_run/results/05_analysis_masks/cpdna_full_coverage_regions.bed	/home/neil/Downloads/dudleya/Dudleya_S_genomes/full_pipeline_run/results/06_all_sample_alignment/qc/CROB_LP_321_Du-396.depth.tsv
CROB_LP_321_Du-396	QB3.Berkeley.251217/QB3.Results.260109	D. setchellii	CROB	cpdna_ir_regions	cpDNA	repeat_annotation	chloroplast	2	51472	89549065	1739.762687	51472	1.000000	51471	0.999981	51471	0.999981	/home/neil/Downloads/dudleya/Dudleya_S_genomes/full_pipeline_run/results/05_analysis_masks/cpdna_ir_regions.bed	/home/neil/Downloads/dudleya/Dudleya_S_genomes/full_pipeline_run/results/06_all_sample_alignment/qc/CROB_LP_321_Du-396.depth.tsv
CROB_LP_321_Du-396	QB3.Berkeley.251217/QB3.Results.260109	D. setchellii	CROB	cpdna_duplicate_ir_mask	cpDNA	mask	chloroplast	1	25736	43728859	1699.131916	25736	1.000000	25736	1.000000	25736	1.000000	/home/neil/Downloads/dudleya/Dudleya_S_genomes/full_pipeline_run/results/05_analysis_masks/cpdna_duplicate_ir_copy_mask.bed	/home/neil/Downloads/dudleya/Dudleya_S_genomes/full_pipeline_run/results/06_all_sample_alignment/qc/CROB_LP_321_Du-396.depth.tsv
CROB_LP_321_Du-396	QB3.Berkeley.251217/QB3.Results.260109	D. setchellii	CROB	cpdna_population_sites	cpDNA	variant_calling_and_population_genetics	chloroplast	1	124538	229864136	1845.734924	124538	1.000000	124537	0.999992	124537	0.999992	/home/neil/Downloads/dudleya/Dudleya_S_genomes/full_pipeline_run/results/05_analysis_masks/cpdna_population_sites.bed	/home/neil/Downloads/dudleya/Dudleya_S_genomes/full_pipeline_run/results/06_all_sample_alignment/qc/CROB_LP_321_Du-396.depth.tsv
CROB_LP_321_Du-396	QB3.Berkeley.251217/QB3.Results.260109	D. setchellii	CROB	mtdna_permissive_coverage	mtDNA	sample_qc_coverage	mitochondria	1	243359	26271902	107.955333	243358	0.999996	243351	0.999967	243341	0.999926	/home/neil/Downloads/dudleya/Dudleya_S_genomes/full_pipeline_run/results/05_analysis_masks/mtdna_permissive_coverage_regions.bed	/home/neil/Downloads/dudleya/Dudleya_S_genomes/full_pipeline_run/results/06_all_sample_alignment/qc/CROB_LP_321_Du-396.depth.tsv
CROB_LP_321_Du-396	QB3.Berkeley.251217/QB3.Results.260109	D. setchellii	CROB	mtdna_high_confidence_unique	mtDNA	variant_calling_and_population_genetics	mitochondria	2	44930	7922752	176.335455	44930	1.000000	44930	1.000000	44930	1.000000	/home/neil/Downloads/dudleya/Dudleya_S_genomes/full_pipeline_run/results/05_analysis_masks/mtdna_high_confidence_unique_regions.bed	/home/neil/Downloads/dudleya/Dudleya_S_genomes/full_pipeline_run/results/06_all_sample_alignment/qc/CROB_LP_321_Du-396.depth.tsv
CROS_LP_085_Du-181	QB3.Berkeley.251217/QB3.Results.260109	D. setchellii	CROS	cpdna_full_coverage	cpDNA	sample_qc_coverage	chloroplast	1	150274	199525500	1327.744653	150274	1.000000	150274	1.000000	150271	0.999980	/home/neil/Downloads/dudleya/Dudleya_S_genomes/full_pipeline_run/results/05_analysis_masks/cpdna_full_coverage_regions.bed	/home/neil/Downloads/dudleya/Dudleya_S_genomes/full_pipeline_run/results/06_all_sample_alignment/qc/CROS_LP_085_Du-181.depth.tsv
CROS_LP_085_Du-181	QB3.Berkeley.251217/QB3.Results.260109	D. setchellii	CROS	cpdna_ir_regions	cpDNA	repeat_annotation	chloroplast	2	51472	76828821	1492.633296	51472	1.000000	51472	1.000000	51469	0.999942	/home/neil/Downloads/dudleya/Dudleya_S_genomes/full_pipeline_run/results/05_analysis_masks/cpdna_ir_regions.bed	/home/neil/Downloads/dudleya/Dudleya_S_genomes/full_pipeline_run/results/06_all_sample_alignment/qc/CROS_LP_085_Du-181.depth.tsv
CROS_LP_085_Du-181	QB3.Berkeley.251217/QB3.Results.260109	D. setchellii	CROS	cpdna_duplicate_ir_mask	cpDNA	mask	chloroplast	1	25736	37359817	1451.655929	25736	1.000000	25736	1.000000	25734	0.999922	/home/neil/Downloads/dudleya/Dudleya_S_genomes/full_pipeline_run/results/05_analysis_masks/cpdna_duplicate_ir_copy_mask.bed	/home/neil/Downloads/dudleya/Dudleya_S_genomes/full_pipeline_run/results/06_all_sample_alignment/qc/CROS_LP_085_Du-181.depth.tsv
CROS_LP_085_Du-181	QB3.Berkeley.251217/QB3.Results.260109	D. setchellii	CROS	cpdna_population_sites	cpDNA	variant_calling_and_population_genetics	chloroplast	1	124538	162165683	1302.138167	124538	1.000000	124538	1.000000	124537	0.999992	/home/neil/Downloads/dudleya/Dudleya_S_genomes/full_pipeline_run/results/05_analysis_masks/cpdna_population_sites.bed	/home/neil/Downloads/dudleya/Dudleya_S_genomes/full_pipeline_run/results/06_all_sample_alignment/qc/CROS_LP_085_Du-181.depth.tsv
CROS_LP_085_Du-181	QB3.Berkeley.251217/QB3.Results.260109	D. setchellii	CROS	mtdna_permissive_coverage	mtDNA	sample_qc_coverage	mitochondria	1	243359	48107229	197.680090	243359	1.000000	243352	0.999971	243347	0.999951	/home/neil/Downloads/dudleya/Dudleya_S_genomes/full_pipeline_run/results/05_analysis_masks/mtdna_permissive_coverage_regions.bed	/home/neil/Downloads/dudleya/Dudleya_S_genomes/full_pipeline_run/results/06_all_sample_alignment/qc/CROS_LP_085_Du-181.depth.tsv
CROS_LP_085_Du-181	QB3.Berkeley.251217/QB3.Results.260109	D. setchellii	CROS	mtdna_high_confidence_unique	mtDNA	variant_calling_and_population_genetics	mitochondria	2	44930	14615389	325.292433	44930	1.000000	44930	1.000000	44930	1.000000	/home/neil/Downloads/dudleya/Dudleya_S_genomes/full_pipeline_run/results/05_analysis_masks/mtdna_high_confidence_unique_regions.bed	/home/neil/Downloads/dudleya/Dudleya_S_genomes/full_pipeline_run/results/06_all_sample_alignment/qc/CROS_LP_085_Du-181.depth.tsv
CROS_LP_086_Du-182	QB3.Berkeley.251217/QB3.Results.260109	D. setchellii	CROS	cpdna_full_coverage	cpDNA	sample_qc_coverage	chloroplast	1	150274	369441310	2458.451296	150274	1.000000	150274	1.000000	150274	1.000000	/home/neil/Downloads/dudleya/Dudleya_S_genomes/full_pipeline_run/results/05_analysis_masks/cpdna_full_coverage_regions.bed	/home/neil/Downloads/dudleya/Dudleya_S_genomes/full_pipeline_run/results/06_all_sample_alignment/qc/CROS_LP_086_Du-182.depth.tsv
CROS_LP_086_Du-182	QB3.Berkeley.251217/QB3.Results.260109	D. setchellii	CROS	cpdna_ir_regions	cpDNA	repeat_annotation	chloroplast	2	51472	161783612	3143.138250	51472	1.000000	51472	1.000000	51472	1.000000	/home/neil/Downloads/dudleya/Dudleya_S_genomes/full_pipeline_run/results/05_analysis_masks/cpdna_ir_regions.bed	/home/neil/Downloads/dudleya/Dudleya_S_genomes/full_pipeline_run/results/06_all_sample_alignment/qc/CROS_LP_086_Du-182.depth.tsv
CROS_LP_086_Du-182	QB3.Berkeley.251217/QB3.Results.260109	D. setchellii	CROS	cpdna_duplicate_ir_mask	cpDNA	mask	chloroplast	1	25736	77533405	3012.643962	25736	1.000000	25736	1.000000	25736	1.000000	/home/neil/Downloads/dudleya/Dudleya_S_genomes/full_pipeline_run/results/05_analysis_masks/cpdna_duplicate_ir_copy_mask.bed	/home/neil/Downloads/dudleya/Dudleya_S_genomes/full_pipeline_run/results/06_all_sample_alignment/qc/CROS_LP_086_Du-182.depth.tsv
CROS_LP_086_Du-182	QB3.Berkeley.251217/QB3.Results.260109	D. setchellii	CROS	cpdna_population_sites	cpDNA	variant_calling_and_population_genetics	chloroplast	1	124538	291907905	2343.926392	124538	1.000000	124538	1.000000	124538	1.000000	/home/neil/Downloads/dudleya/Dudleya_S_genomes/full_pipeline_run/results/05_analysis_masks/cpdna_population_sites.bed	/home/neil/Downloads/dudleya/Dudleya_S_genomes/full_pipeline_run/results/06_all_sample_alignment/qc/CROS_LP_086_Du-182.depth.tsv
CROS_LP_086_Du-182	QB3.Berkeley.251217/QB3.Results.260109	D. setchellii	CROS	mtdna_permissive_coverage	mtDNA	sample_qc_coverage	mitochondria	1	243359	63170993	259.579440	243359	1.000000	243356	0.999988	243351	0.999967	/home/neil/Downloads/dudleya/Dudleya_S_genomes/full_pipeline_run/results/05_analysis_masks/mtdna_permissive_coverage_regions.bed	/home/neil/Downloads/dudleya/Dudleya_S_genomes/full_pipeline_run/results/06_all_sample_alignment/qc/CROS_LP_086_Du-182.depth.tsv
CROS_LP_086_Du-182	QB3.Berkeley.251217/QB3.Results.260109	D. setchellii	CROS	mtdna_high_confidence_unique	mtDNA	variant_calling_and_population_genetics	mitochondria	2	44930	19135830	425.903183	44930	1.000000	44930	1.000000	44930	1.000000	/home/neil/Downloads/dudleya/Dudleya_S_genomes/full_pipeline_run/results/05_analysis_masks/mtdna_high_confidence_unique_regions.bed	/home/neil/Downloads/dudleya/Dudleya_S_genomes/full_pipeline_run/results/06_all_sample_alignment/qc/CROS_LP_086_Du-182.depth.tsv
CROS_LP_087_Du-183	QB3.Berkeley.251217/QB3.Results.260109	D. setchellii	CROS	cpdna_full_coverage	cpDNA	sample_qc_coverage	chloroplast	1	150274	85523117	569.114531	150273	0.999993	150273	0.999993	150268	0.999960	/home/neil/Downloads/dudleya/Dudleya_S_genomes/full_pipeline_run/results/05_analysis_masks/cpdna_full_coverage_regions.bed	/home/neil/Downloads/dudleya/Dudleya_S_genomes/full_pipeline_run/results/06_all_sample_alignment/qc/CROS_LP_087_Du-183.depth.tsv
CROS_LP_087_Du-183	QB3.Berkeley.251217/QB3.Results.260109	D. setchellii	CROS	cpdna_ir_regions	cpDNA	repeat_annotation	chloroplast	2	51472	34924478	678.514105	51471	0.999981	51471	0.999981	51467	0.999903	/home/neil/Downloads/dudleya/Dudleya_S_genomes/full_pipeline_run/results/05_analysis_masks/cpdna_ir_regions.bed	/home/neil/Downloads/dudleya/Dudleya_S_genomes/full_pipeline_run/results/06_all_sample_alignment/qc/CROS_LP_087_Du-183.depth.tsv
CROS_LP_087_Du-183	QB3.Berkeley.251217/QB3.Results.260109	D. setchellii	CROS	cpdna_duplicate_ir_mask	cpDNA	mask	chloroplast	1	25736	16937275	658.116063	25736	1.000000	25736	1.000000	25734	0.999922	/home/neil/Downloads/dudleya/Dudleya_S_genomes/full_pipeline_run/results/05_analysis_masks/cpdna_duplicate_ir_copy_mask.bed	/home/neil/Downloads/dudleya/Dudleya_S_genomes/full_pipeline_run/results/06_all_sample_alignment/qc/CROS_LP_087_Du-183.depth.tsv
CROS_LP_087_Du-183	QB3.Berkeley.251217/QB3.Results.260109	D. setchellii	CROS	cpdna_population_sites	cpDNA	variant_calling_and_population_genetics	chloroplast	1	124538	68585842	550.722205	124537	0.999992	124537	0.999992	124534	0.999968	/home/neil/Downloads/dudleya/Dudleya_S_genomes/full_pipeline_run/results/05_analysis_masks/cpdna_population_sites.bed	/home/neil/Downloads/dudleya/Dudleya_S_genomes/full_pipeline_run/results/06_all_sample_alignment/qc/CROS_LP_087_Du-183.depth.tsv
CROS_LP_087_Du-183	QB3.Berkeley.251217/QB3.Results.260109	D. setchellii	CROS	mtdna_permissive_coverage	mtDNA	sample_qc_coverage	mitochondria	1	243359	19047044	78.267268	243359	1.000000	243344	0.999938	243295	0.999737	/home/neil/Downloads/dudleya/Dudleya_S_genomes/full_pipeline_run/results/05_analysis_masks/mtdna_permissive_coverage_regions.bed	/home/neil/Downloads/dudleya/Dudleya_S_genomes/full_pipeline_run/results/06_all_sample_alignment/qc/CROS_LP_087_Du-183.depth.tsv
CROS_LP_087_Du-183	QB3.Berkeley.251217/QB3.Results.260109	D. setchellii	CROS	mtdna_high_confidence_unique	mtDNA	variant_calling_and_population_genetics	mitochondria	2	44930	5847481	130.146472	44930	1.000000	44930	1.000000	44930	1.000000	/home/neil/Downloads/dudleya/Dudleya_S_genomes/full_pipeline_run/results/05_analysis_masks/mtdna_high_confidence_unique_regions.bed	/home/neil/Downloads/dudleya/Dudleya_S_genomes/full_pipeline_run/results/06_all_sample_alignment/qc/CROS_LP_087_Du-183.depth.tsv
CROS_LP_088_Du-184	QB3.Berkeley.251217/QB3.Results.260109	D. setchellii	CROS	cpdna_full_coverage	cpDNA	sample_qc_coverage	chloroplast	1	150274	369014066	2455.608196	150274	1.000000	150274	1.000000	150274	1.000000	/home/neil/Downloads/dudleya/Dudleya_S_genomes/full_pipeline_run/results/05_analysis_masks/cpdna_full_coverage_regions.bed	/home/neil/Downloads/dudleya/Dudleya_S_genomes/full_pipeline_run/results/06_all_sample_alignment/qc/CROS_LP_088_Du-184.depth.tsv
CROS_LP_088_Du-184	QB3.Berkeley.251217/QB3.Results.260109	D. setchellii	CROS	cpdna_ir_regions	cpDNA	repeat_annotation	chloroplast	2	51472	149212710	2898.910281	51472	1.000000	51472	1.000000	51472	1.000000	/home/neil/Downloads/dudleya/Dudleya_S_genomes/full_pipeline_run/results/05_analysis_masks/cpdna_ir_regions.bed	/home/neil/Downloads/dudleya/Dudleya_S_genomes/full_pipeline_run/results/06_all_sample_alignment/qc/CROS_LP_088_Du-184.depth.tsv
CROS_LP_088_Du-184	QB3.Berkeley.251217/QB3.Results.260109	D. setchellii	CROS	cpdna_duplicate_ir_mask	cpDNA	mask	chloroplast	1	25736	71833993	2791.187170	25736	1.000000	25736	1.000000	25736	1.000000	/home/neil/Downloads/dudleya/Dudleya_S_genomes/full_pipeline_run/results/05_analysis_masks/cpdna_duplicate_ir_copy_mask.bed	/home/neil/Downloads/dudleya/Dudleya_S_genomes/full_pipeline_run/results/06_all_sample_alignment/qc/CROS_LP_088_Du-184.depth.tsv
CROS_LP_088_Du-184	QB3.Berkeley.251217/QB3.Results.260109	D. setchellii	CROS	cpdna_population_sites	cpDNA	variant_calling_and_population_genetics	chloroplast	1	124538	297180073	2386.260202	124538	1.000000	124538	1.000000	124538	1.000000	/home/neil/Downloads/dudleya/Dudleya_S_genomes/full_pipeline_run/results/05_analysis_masks/cpdna_population_sites.bed	/home/neil/Downloads/dudleya/Dudleya_S_genomes/full_pipeline_run/results/06_all_sample_alignment/qc/CROS_LP_088_Du-184.depth.tsv
CROS_LP_088_Du-184	QB3.Berkeley.251217/QB3.Results.260109	D. setchellii	CROS	mtdna_permissive_coverage	mtDNA	sample_qc_coverage	mitochondria	1	243359	101398635	416.662770	243358	0.999996	243354	0.999979	243345	0.999942	/home/neil/Downloads/dudleya/Dudleya_S_genomes/full_pipeline_run/results/05_analysis_masks/mtdna_permissive_coverage_regions.bed	/home/neil/Downloads/dudleya/Dudleya_S_genomes/full_pipeline_run/results/06_all_sample_alignment/qc/CROS_LP_088_Du-184.depth.tsv
CROS_LP_088_Du-184	QB3.Berkeley.251217/QB3.Results.260109	D. setchellii	CROS	mtdna_high_confidence_unique	mtDNA	variant_calling_and_population_genetics	mitochondria	2	44930	30495063	678.723859	44930	1.000000	44930	1.000000	44930	1.000000	/home/neil/Downloads/dudleya/Dudleya_S_genomes/full_pipeline_run/results/05_analysis_masks/mtdna_high_confidence_unique_regions.bed	/home/neil/Downloads/dudleya/Dudleya_S_genomes/full_pipeline_run/results/06_all_sample_alignment/qc/CROS_LP_088_Du-184.depth.tsv
CROS_LP_089_Du-185	QB3.Berkeley.251217/QB3.Results.260109	D. setchellii	CROS	cpdna_full_coverage	cpDNA	sample_qc_coverage	chloroplast	1	150274	959491523	6384.946984	150274	1.000000	150274	1.000000	150274	1.000000	/home/neil/Downloads/dudleya/Dudleya_S_genomes/full_pipeline_run/results/05_analysis_masks/cpdna_full_coverage_regions.bed	/home/neil/Downloads/dudleya/Dudleya_S_genomes/full_pipeline_run/results/06_all_sample_alignment/qc/CROS_LP_089_Du-185.depth.tsv
CROS_LP_089_Du-185	QB3.Berkeley.251217/QB3.Results.260109	D. setchellii	CROS	cpdna_ir_regions	cpDNA	repeat_annotation	chloroplast	2	51472	362956635	7051.535495	51472	1.000000	51472	1.000000	51472	1.000000	/home/neil/Downloads/dudleya/Dudleya_S_genomes/full_pipeline_run/results/05_analysis_masks/cpdna_ir_regions.bed	/home/neil/Downloads/dudleya/Dudleya_S_genomes/full_pipeline_run/results/06_all_sample_alignment/qc/CROS_LP_089_Du-185.depth.tsv
CROS_LP_089_Du-185	QB3.Berkeley.251217/QB3.Results.260109	D. setchellii	CROS	cpdna_duplicate_ir_mask	cpDNA	mask	chloroplast	1	25736	175730178	6828.185343	25736	1.000000	25736	1.000000	25736	1.000000	/home/neil/Downloads/dudleya/Dudleya_S_genomes/full_pipeline_run/results/05_analysis_masks/cpdna_duplicate_ir_copy_mask.bed	/home/neil/Downloads/dudleya/Dudleya_S_genomes/full_pipeline_run/results/06_all_sample_alignment/qc/CROS_LP_089_Du-185.depth.tsv
CROS_LP_089_Du-185	QB3.Berkeley.251217/QB3.Results.260109	D. setchellii	CROS	cpdna_population_sites	cpDNA	variant_calling_and_population_genetics	chloroplast	1	124538	783761345	6293.350985	124538	1.000000	124538	1.000000	124538	1.000000	/home/neil/Downloads/dudleya/Dudleya_S_genomes/full_pipeline_run/results/05_analysis_masks/cpdna_population_sites.bed	/home/neil/Downloads/dudleya/Dudleya_S_genomes/full_pipeline_run/results/06_all_sample_alignment/qc/CROS_LP_089_Du-185.depth.tsv
CROS_LP_089_Du-185	QB3.Berkeley.251217/QB3.Results.260109	D. setchellii	CROS	mtdna_permissive_coverage	mtDNA	sample_qc_coverage	mitochondria	1	243359	88883246	365.235089	243359	1.000000	243357	0.999992	243354	0.999979	/home/neil/Downloads/dudleya/Dudleya_S_genomes/full_pipeline_run/results/05_analysis_masks/mtdna_permissive_coverage_regions.bed	/home/neil/Downloads/dudleya/Dudleya_S_genomes/full_pipeline_run/results/06_all_sample_alignment/qc/CROS_LP_089_Du-185.depth.tsv
CROS_LP_089_Du-185	QB3.Berkeley.251217/QB3.Results.260109	D. setchellii	CROS	mtdna_high_confidence_unique	mtDNA	variant_calling_and_population_genetics	mitochondria	2	44930	26468956	589.115424	44930	1.000000	44930	1.000000	44930	1.000000	/home/neil/Downloads/dudleya/Dudleya_S_genomes/full_pipeline_run/results/05_analysis_masks/mtdna_high_confidence_unique_regions.bed	/home/neil/Downloads/dudleya/Dudleya_S_genomes/full_pipeline_run/results/06_all_sample_alignment/qc/CROS_LP_089_Du-185.depth.tsv
CROS_LP_090_Du-186	QB3.Berkeley.251217/QB3.Results.260109	D. setchellii	CROS	cpdna_full_coverage	cpDNA	sample_qc_coverage	chloroplast	1	150274	337648440	2246.885290	150274	1.000000	150274	1.000000	150273	0.999993	/home/neil/Downloads/dudleya/Dudleya_S_genomes/full_pipeline_run/results/05_analysis_masks/cpdna_full_coverage_regions.bed	/home/neil/Downloads/dudleya/Dudleya_S_genomes/full_pipeline_run/results/06_all_sample_alignment/qc/CROS_LP_090_Du-186.depth.tsv
CROS_LP_090_Du-186	QB3.Berkeley.251217/QB3.Results.260109	D. setchellii	CROS	cpdna_ir_regions	cpDNA	repeat_annotation	chloroplast	2	51472	129544104	2516.787846	51472	1.000000	51472	1.000000	51471	0.999981	/home/neil/Downloads/dudleya/Dudleya_S_genomes/full_pipeline_run/results/05_analysis_masks/cpdna_ir_regions.bed	/home/neil/Downloads/dudleya/Dudleya_S_genomes/full_pipeline_run/results/06_all_sample_alignment/qc/CROS_LP_090_Du-186.depth.tsv
CROS_LP_090_Du-186	QB3.Berkeley.251217/QB3.Results.260109	D. setchellii	CROS	cpdna_duplicate_ir_mask	cpDNA	mask	chloroplast	1	25736	62704473	2436.449837	25736	1.000000	25736	1.000000	25736	1.000000	/home/neil/Downloads/dudleya/Dudleya_S_genomes/full_pipeline_run/results/05_analysis_masks/cpdna_duplicate_ir_copy_mask.bed	/home/neil/Downloads/dudleya/Dudleya_S_genomes/full_pipeline_run/results/06_all_sample_alignment/qc/CROS_LP_090_Du-186.depth.tsv
CROS_LP_090_Du-186	QB3.Berkeley.251217/QB3.Results.260109	D. setchellii	CROS	cpdna_population_sites	cpDNA	variant_calling_and_population_genetics	chloroplast	1	124538	274943967	2207.711437	124538	1.000000	124538	1.000000	124537	0.999992	/home/neil/Downloads/dudleya/Dudleya_S_genomes/full_pipeline_run/results/05_analysis_masks/cpdna_population_sites.bed	/home/neil/Downloads/dudleya/Dudleya_S_genomes/full_pipeline_run/results/06_all_sample_alignment/qc/CROS_LP_090_Du-186.depth.tsv
CROS_LP_090_Du-186	QB3.Berkeley.251217/QB3.Results.260109	D. setchellii	CROS	mtdna_permissive_coverage	mtDNA	sample_qc_coverage	mitochondria	1	243359	83175975	341.783024	243359	1.000000	243356	0.999988	243352	0.999971	/home/neil/Downloads/dudleya/Dudleya_S_genomes/full_pipeline_run/results/05_analysis_masks/mtdna_permissive_coverage_regions.bed	/home/neil/Downloads/dudleya/Dudleya_S_genomes/full_pipeline_run/results/06_all_sample_alignment/qc/CROS_LP_090_Du-186.depth.tsv
CROS_LP_090_Du-186	QB3.Berkeley.251217/QB3.Results.260109	D. setchellii	CROS	mtdna_high_confidence_unique	mtDNA	variant_calling_and_population_genetics	mitochondria	2	44930	25118449	559.057400	44930	1.000000	44930	1.000000	44930	1.000000	/home/neil/Downloads/dudleya/Dudleya_S_genomes/full_pipeline_run/results/05_analysis_masks/mtdna_high_confidence_unique_regions.bed	/home/neil/Downloads/dudleya/Dudleya_S_genomes/full_pipeline_run/results/06_all_sample_alignment/qc/CROS_LP_090_Du-186.depth.tsv
CROS_LP_091_Du-187	QB3.Berkeley.251217/QB3.Results.260109	D. setchellii	CROS	cpdna_full_coverage	cpDNA	sample_qc_coverage	chloroplast	1	150274	147539093	981.800531	150261	0.999913	150260	0.999907	150253	0.999860	/home/neil/Downloads/dudleya/Dudleya_S_genomes/full_pipeline_run/results/05_analysis_masks/cpdna_full_coverage_regions.bed	/home/neil/Downloads/dudleya/Dudleya_S_genomes/full_pipeline_run/results/06_all_sample_alignment/qc/CROS_LP_091_Du-187.depth.tsv
CROS_LP_091_Du-187	QB3.Berkeley.251217/QB3.Results.260109	D. setchellii	CROS	cpdna_ir_regions	cpDNA	repeat_annotation	chloroplast	2	51472	67433291	1310.096577	51472	1.000000	51472	1.000000	51470	0.999961	/home/neil/Downloads/dudleya/Dudleya_S_genomes/full_pipeline_run/results/05_analysis_masks/cpdna_ir_regions.bed	/home/neil/Downloads/dudleya/Dudleya_S_genomes/full_pipeline_run/results/06_all_sample_alignment/qc/CROS_LP_091_Du-187.depth.tsv
CROS_LP_091_Du-187	QB3.Berkeley.251217/QB3.Results.260109	D. setchellii	CROS	cpdna_duplicate_ir_mask	cpDNA	mask	chloroplast	1	25736	31867117	1238.231155	25736	1.000000	25736	1.000000	25735	0.999961	/home/neil/Downloads/dudleya/Dudleya_S_genomes/full_pipeline_run/results/05_analysis_masks/cpdna_duplicate_ir_copy_mask.bed	/home/neil/Downloads/dudleya/Dudleya_S_genomes/full_pipeline_run/results/06_all_sample_alignment/qc/CROS_LP_091_Du-187.depth.tsv
CROS_LP_091_Du-187	QB3.Berkeley.251217/QB3.Results.260109	D. setchellii	CROS	cpdna_population_sites	cpDNA	variant_calling_and_population_genetics	chloroplast	1	124538	115671976	928.808685	124525	0.999896	124524	0.999888	124518	0.999839	/home/neil/Downloads/dudleya/Dudleya_S_genomes/full_pipeline_run/results/05_analysis_masks/cpdna_population_sites.bed	/home/neil/Downloads/dudleya/Dudleya_S_genomes/full_pipeline_run/results/06_all_sample_alignment/qc/CROS_LP_091_Du-187.depth.tsv
CROS_LP_091_Du-187	QB3.Berkeley.251217/QB3.Results.260109	D. setchellii	CROS	mtdna_permissive_coverage	mtDNA	sample_qc_coverage	mitochondria	1	243359	65592554	269.530011	243358	0.999996	243356	0.999988	243349	0.999959	/home/neil/Downloads/dudleya/Dudleya_S_genomes/full_pipeline_run/results/05_analysis_masks/mtdna_permissive_coverage_regions.bed	/home/neil/Downloads/dudleya/Dudleya_S_genomes/full_pipeline_run/results/06_all_sample_alignment/qc/CROS_LP_091_Du-187.depth.tsv
CROS_LP_091_Du-187	QB3.Berkeley.251217/QB3.Results.260109	D. setchellii	CROS	mtdna_high_confidence_unique	mtDNA	variant_calling_and_population_genetics	mitochondria	2	44930	19714051	438.772557	44930	1.000000	44930	1.000000	44928	0.999955	/home/neil/Downloads/dudleya/Dudleya_S_genomes/full_pipeline_run/results/05_analysis_masks/mtdna_high_confidence_unique_regions.bed	/home/neil/Downloads/dudleya/Dudleya_S_genomes/full_pipeline_run/results/06_all_sample_alignment/qc/CROS_LP_091_Du-187.depth.tsv
CROS_LP_092_Du-188	QB3.Berkeley.251217/QB3.Results.260109	D. setchellii	CROS	cpdna_full_coverage	cpDNA	sample_qc_coverage	chloroplast	1	150274	102189086	680.018406	150266	0.999947	150260	0.999907	150251	0.999847	/home/neil/Downloads/dudleya/Dudleya_S_genomes/full_pipeline_run/results/05_analysis_masks/cpdna_full_coverage_regions.bed	/home/neil/Downloads/dudleya/Dudleya_S_genomes/full_pipeline_run/results/06_all_sample_alignment/qc/CROS_LP_092_Du-188.depth.tsv
CROS_LP_092_Du-188	QB3.Berkeley.251217/QB3.Results.260109	D. setchellii	CROS	cpdna_ir_regions	cpDNA	repeat_annotation	chloroplast	2	51472	39295198	763.428621	51472	1.000000	51472	1.000000	51468	0.999922	/home/neil/Downloads/dudleya/Dudleya_S_genomes/full_pipeline_run/results/05_analysis_masks/cpdna_ir_regions.bed	/home/neil/Downloads/dudleya/Dudleya_S_genomes/full_pipeline_run/results/06_all_sample_alignment/qc/CROS_LP_092_Du-188.depth.tsv
CROS_LP_092_Du-188	QB3.Berkeley.251217/QB3.Results.260109	D. setchellii	CROS	cpdna_duplicate_ir_mask	cpDNA	mask	chloroplast	1	25736	18802476	730.590457	25736	1.000000	25736	1.000000	25732	0.999845	/home/neil/Downloads/dudleya/Dudleya_S_genomes/full_pipeline_run/results/05_analysis_masks/cpdna_duplicate_ir_copy_mask.bed	/home/neil/Downloads/dudleya/Dudleya_S_genomes/full_pipeline_run/results/06_all_sample_alignment/qc/CROS_LP_092_Du-188.depth.tsv
CROS_LP_092_Du-188	QB3.Berkeley.251217/QB3.Results.260109	D. setchellii	CROS	cpdna_population_sites	cpDNA	variant_calling_and_population_genetics	chloroplast	1	124538	83386610	669.567602	124530	0.999936	124524	0.999888	124519	0.999847	/home/neil/Downloads/dudleya/Dudleya_S_genomes/full_pipeline_run/results/05_analysis_masks/cpdna_population_sites.bed	/home/neil/Downloads/dudleya/Dudleya_S_genomes/full_pipeline_run/results/06_all_sample_alignment/qc/CROS_LP_092_Du-188.depth.tsv
CROS_LP_092_Du-188	QB3.Berkeley.251217/QB3.Results.260109	D. setchellii	CROS	mtdna_permissive_coverage	mtDNA	sample_qc_coverage	mitochondria	1	243359	22956576	94.332143	243359	1.000000	243341	0.999926	243323	0.999852	/home/neil/Downloads/dudleya/Dudleya_S_genomes/full_pipeline_run/results/05_analysis_masks/mtdna_permissive_coverage_regions.bed	/home/neil/Downloads/dudleya/Dudleya_S_genomes/full_pipeline_run/results/06_all_sample_alignment/qc/CROS_LP_092_Du-188.depth.tsv
CROS_LP_092_Du-188	QB3.Berkeley.251217/QB3.Results.260109	D. setchellii	CROS	mtdna_high_confidence_unique	mtDNA	variant_calling_and_population_genetics	mitochondria	2	44930	6893487	153.427265	44930	1.000000	44927	0.999933	44927	0.999933	/home/neil/Downloads/dudleya/Dudleya_S_genomes/full_pipeline_run/results/05_analysis_masks/mtdna_high_confidence_unique_regions.bed	/home/neil/Downloads/dudleya/Dudleya_S_genomes/full_pipeline_run/results/06_all_sample_alignment/qc/CROS_LP_092_Du-188.depth.tsv
CROS_LP_093_Du-189	QB3.Berkeley.251217/QB3.Results.260109	D. setchellii	CROS	cpdna_full_coverage	cpDNA	sample_qc_coverage	chloroplast	1	150274	194646598	1295.277946	150274	1.000000	150274	1.000000	150273	0.999993	/home/neil/Downloads/dudleya/Dudleya_S_genomes/full_pipeline_run/results/05_analysis_masks/cpdna_full_coverage_regions.bed	/home/neil/Downloads/dudleya/Dudleya_S_genomes/full_pipeline_run/results/06_all_sample_alignment/qc/CROS_LP_093_Du-189.depth.tsv
CROS_LP_093_Du-189	QB3.Berkeley.251217/QB3.Results.260109	D. setchellii	CROS	cpdna_ir_regions	cpDNA	repeat_annotation	chloroplast	2	51472	74853081	1454.248543	51472	1.000000	51472	1.000000	51471	0.999981	/home/neil/Downloads/dudleya/Dudleya_S_genomes/full_pipeline_run/results/05_analysis_masks/cpdna_ir_regions.bed	/home/neil/Downloads/dudleya/Dudleya_S_genomes/full_pipeline_run/results/06_all_sample_alignment/qc/CROS_LP_093_Du-189.depth.tsv
CROS_LP_093_Du-189	QB3.Berkeley.251217/QB3.Results.260109	D. setchellii	CROS	cpdna_duplicate_ir_mask	cpDNA	mask	chloroplast	1	25736	36348062	1412.343099	25736	1.000000	25736	1.000000	25735	0.999961	/home/neil/Downloads/dudleya/Dudleya_S_genomes/full_pipeline_run/results/05_analysis_masks/cpdna_duplicate_ir_copy_mask.bed	/home/neil/Downloads/dudleya/Dudleya_S_genomes/full_pipeline_run/results/06_all_sample_alignment/qc/CROS_LP_093_Du-189.depth.tsv
CROS_LP_093_Du-189	QB3.Berkeley.251217/QB3.Results.260109	D. setchellii	CROS	cpdna_population_sites	cpDNA	variant_calling_and_population_genetics	chloroplast	1	124538	158298536	1271.086223	124538	1.000000	124538	1.000000	124538	1.000000	/home/neil/Downloads/dudleya/Dudleya_S_genomes/full_pipeline_run/results/05_analysis_masks/cpdna_population_sites.bed	/home/neil/Downloads/dudleya/Dudleya_S_genomes/full_pipeline_run/results/06_all_sample_alignment/qc/CROS_LP_093_Du-189.depth.tsv
CROS_LP_093_Du-189	QB3.Berkeley.251217/QB3.Results.260109	D. setchellii	CROS	mtdna_permissive_coverage	mtDNA	sample_qc_coverage	mitochondria	1	243359	65076328	267.408758	243359	1.000000	243352	0.999971	243339	0.999918	/home/neil/Downloads/dudleya/Dudleya_S_genomes/full_pipeline_run/results/05_analysis_masks/mtdna_permissive_coverage_regions.bed	/home/neil/Downloads/dudleya/Dudleya_S_genomes/full_pipeline_run/results/06_all_sample_alignment/qc/CROS_LP_093_Du-189.depth.tsv
CROS_LP_093_Du-189	QB3.Berkeley.251217/QB3.Results.260109	D. setchellii	CROS	mtdna_high_confidence_unique	mtDNA	variant_calling_and_population_genetics	mitochondria	2	44930	19561968	435.387670	44930	1.000000	44930	1.000000	44930	1.000000	/home/neil/Downloads/dudleya/Dudleya_S_genomes/full_pipeline_run/results/05_analysis_masks/mtdna_high_confidence_unique_regions.bed	/home/neil/Downloads/dudleya/Dudleya_S_genomes/full_pipeline_run/results/06_all_sample_alignment/qc/CROS_LP_093_Du-189.depth.tsv
CROS_LP_094_Du-190	QB3.Berkeley.251217/QB3.Results.260109	D. setchellii	CROS	cpdna_full_coverage	cpDNA	sample_qc_coverage	chloroplast	1	150274	475491685	3164.164692	150274	1.000000	150274	1.000000	150266	0.999947	/home/neil/Downloads/dudleya/Dudleya_S_genomes/full_pipeline_run/results/05_analysis_masks/cpdna_full_coverage_regions.bed	/home/neil/Downloads/dudleya/Dudleya_S_genomes/full_pipeline_run/results/06_all_sample_alignment/qc/CROS_LP_094_Du-190.depth.tsv
CROS_LP_094_Du-190	QB3.Berkeley.251217/QB3.Results.260109	D. setchellii	CROS	cpdna_ir_regions	cpDNA	repeat_annotation	chloroplast	2	51472	189674405	3685.001651	51472	1.000000	51472	1.000000	51472	1.000000	/home/neil/Downloads/dudleya/Dudleya_S_genomes/full_pipeline_run/results/05_analysis_masks/cpdna_ir_regions.bed	/home/neil/Downloads/dudleya/Dudleya_S_genomes/full_pipeline_run/results/06_all_sample_alignment/qc/CROS_LP_094_Du-190.depth.tsv
CROS_LP_094_Du-190	QB3.Berkeley.251217/QB3.Results.260109	D. setchellii	CROS	cpdna_duplicate_ir_mask	cpDNA	mask	chloroplast	1	25736	91414528	3552.009947	25736	1.000000	25736	1.000000	25736	1.000000	/home/neil/Downloads/dudleya/Dudleya_S_genomes/full_pipeline_run/results/05_analysis_masks/cpdna_duplicate_ir_copy_mask.bed	/home/neil/Downloads/dudleya/Dudleya_S_genomes/full_pipeline_run/results/06_all_sample_alignment/qc/CROS_LP_094_Du-190.depth.tsv
CROS_LP_094_Du-190	QB3.Berkeley.251217/QB3.Results.260109	D. setchellii	CROS	cpdna_population_sites	cpDNA	variant_calling_and_population_genetics	chloroplast	1	124538	384077157	3084.015778	124538	1.000000	124538	1.000000	124530	0.999936	/home/neil/Downloads/dudleya/Dudleya_S_genomes/full_pipeline_run/results/05_analysis_masks/cpdna_population_sites.bed	/home/neil/Downloads/dudleya/Dudleya_S_genomes/full_pipeline_run/results/06_all_sample_alignment/qc/CROS_LP_094_Du-190.depth.tsv
CROS_LP_094_Du-190	QB3.Berkeley.251217/QB3.Results.260109	D. setchellii	CROS	mtdna_permissive_coverage	mtDNA	sample_qc_coverage	mitochondria	1	243359	37135037	152.593646	243358	0.999996	243349	0.999959	243330	0.999881	/home/neil/Downloads/dudleya/Dudleya_S_genomes/full_pipeline_run/results/05_analysis_masks/mtdna_permissive_coverage_regions.bed	/home/neil/Downloads/dudleya/Dudleya_S_genomes/full_pipeline_run/results/06_all_sample_alignment/qc/CROS_LP_094_Du-190.depth.tsv
CROS_LP_094_Du-190	QB3.Berkeley.251217/QB3.Results.260109	D. setchellii	CROS	mtdna_high_confidence_unique	mtDNA	variant_calling_and_population_genetics	mitochondria	2	44930	11238135	250.125417	44930	1.000000	44929	0.999978	44928	0.999955	/home/neil/Downloads/dudleya/Dudleya_S_genomes/full_pipeline_run/results/05_analysis_masks/mtdna_high_confidence_unique_regions.bed	/home/neil/Downloads/dudleya/Dudleya_S_genomes/full_pipeline_run/results/06_all_sample_alignment/qc/CROS_LP_094_Du-190.depth.tsv
CY_ALA_LP_298-Du-767	QB3.Berkeley.251217/QB3.Results.260109	D. cymosa	CY_ALA	cpdna_full_coverage	cpDNA	sample_qc_coverage	chloroplast	1	150274	110349989	734.325226	150274	1.000000	150270	0.999973	150264	0.999933	/home/neil/Downloads/dudleya/Dudleya_S_genomes/full_pipeline_run/results/05_analysis_masks/cpdna_full_coverage_regions.bed	/home/neil/Downloads/dudleya/Dudleya_S_genomes/full_pipeline_run/results/06_all_sample_alignment/qc/CY_ALA_LP_298-Du-767.depth.tsv
CY_ALA_LP_298-Du-767	QB3.Berkeley.251217/QB3.Results.260109	D. cymosa	CY_ALA	cpdna_ir_regions	cpDNA	repeat_annotation	chloroplast	2	51472	36915381	717.193445	51472	1.000000	51468	0.999922	51463	0.999825	/home/neil/Downloads/dudleya/Dudleya_S_genomes/full_pipeline_run/results/05_analysis_masks/cpdna_ir_regions.bed	/home/neil/Downloads/dudleya/Dudleya_S_genomes/full_pipeline_run/results/06_all_sample_alignment/qc/CY_ALA_LP_298-Du-767.depth.tsv
CY_ALA_LP_298-Du-767	QB3.Berkeley.251217/QB3.Results.260109	D. cymosa	CY_ALA	cpdna_duplicate_ir_mask	cpDNA	mask	chloroplast	1	25736	18249505	709.104173	25736	1.000000	25732	0.999845	25728	0.999689	/home/neil/Downloads/dudleya/Dudleya_S_genomes/full_pipeline_run/results/05_analysis_masks/cpdna_duplicate_ir_copy_mask.bed	/home/neil/Downloads/dudleya/Dudleya_S_genomes/full_pipeline_run/results/06_all_sample_alignment/qc/CY_ALA_LP_298-Du-767.depth.tsv
CY_ALA_LP_298-Du-767	QB3.Berkeley.251217/QB3.Results.260109	D. cymosa	CY_ALA	cpdna_population_sites	cpDNA	variant_calling_and_population_genetics	chloroplast	1	124538	92100484	739.537201	124538	1.000000	124538	1.000000	124536	0.999984	/home/neil/Downloads/dudleya/Dudleya_S_genomes/full_pipeline_run/results/05_analysis_masks/cpdna_population_sites.bed	/home/neil/Downloads/dudleya/Dudleya_S_genomes/full_pipeline_run/results/06_all_sample_alignment/qc/CY_ALA_LP_298-Du-767.depth.tsv
CY_ALA_LP_298-Du-767	QB3.Berkeley.251217/QB3.Results.260109	D. cymosa	CY_ALA	mtdna_permissive_coverage	mtDNA	sample_qc_coverage	mitochondria	1	243359	18192359	74.755234	230476	0.947062	230110	0.945558	230041	0.945274	/home/neil/Downloads/dudleya/Dudleya_S_genomes/full_pipeline_run/results/05_analysis_masks/mtdna_permissive_coverage_regions.bed	/home/neil/Downloads/dudleya/Dudleya_S_genomes/full_pipeline_run/results/06_all_sample_alignment/qc/CY_ALA_LP_298-Du-767.depth.tsv
CY_ALA_LP_298-Du-767	QB3.Berkeley.251217/QB3.Results.260109	D. cymosa	CY_ALA	mtdna_high_confidence_unique	mtDNA	variant_calling_and_population_genetics	mitochondria	2	44930	5889445	131.080458	44924	0.999866	44923	0.999844	44921	0.999800	/home/neil/Downloads/dudleya/Dudleya_S_genomes/full_pipeline_run/results/05_analysis_masks/mtdna_high_confidence_unique_regions.bed	/home/neil/Downloads/dudleya/Dudleya_S_genomes/full_pipeline_run/results/06_all_sample_alignment/qc/CY_ALA_LP_298-Du-767.depth.tsv
CY_ALA_LP_299-Du-768	QB3.Berkeley.251217/QB3.Results.260109	D. cymosa	CY_ALA	cpdna_full_coverage	cpDNA	sample_qc_coverage	chloroplast	1	150274	107234880	713.595699	150274	1.000000	150270	0.999973	150266	0.999947	/home/neil/Downloads/dudleya/Dudleya_S_genomes/full_pipeline_run/results/05_analysis_masks/cpdna_full_coverage_regions.bed	/home/neil/Downloads/dudleya/Dudleya_S_genomes/full_pipeline_run/results/06_all_sample_alignment/qc/CY_ALA_LP_299-Du-768.depth.tsv
CY_ALA_LP_299-Du-768	QB3.Berkeley.251217/QB3.Results.260109	D. cymosa	CY_ALA	cpdna_ir_regions	cpDNA	repeat_annotation	chloroplast	2	51472	34759293	675.304884	51472	1.000000	51468	0.999922	51465	0.999864	/home/neil/Downloads/dudleya/Dudleya_S_genomes/full_pipeline_run/results/05_analysis_masks/cpdna_ir_regions.bed	/home/neil/Downloads/dudleya/Dudleya_S_genomes/full_pipeline_run/results/06_all_sample_alignment/qc/CY_ALA_LP_299-Du-768.depth.tsv
CY_ALA_LP_299-Du-768	QB3.Berkeley.251217/QB3.Results.260109	D. cymosa	CY_ALA	cpdna_duplicate_ir_mask	cpDNA	mask	chloroplast	1	25736	17031916	661.793441	25736	1.000000	25733	0.999883	25730	0.999767	/home/neil/Downloads/dudleya/Dudleya_S_genomes/full_pipeline_run/results/05_analysis_masks/cpdna_duplicate_ir_copy_mask.bed	/home/neil/Downloads/dudleya/Dudleya_S_genomes/full_pipeline_run/results/06_all_sample_alignment/qc/CY_ALA_LP_299-Du-768.depth.tsv
CY_ALA_LP_299-Du-768	QB3.Berkeley.251217/QB3.Results.260109	D. cymosa	CY_ALA	cpdna_population_sites	cpDNA	variant_calling_and_population_genetics	chloroplast	1	124538	90202964	724.300727	124538	1.000000	124537	0.999992	124536	0.999984	/home/neil/Downloads/dudleya/Dudleya_S_genomes/full_pipeline_run/results/05_analysis_masks/cpdna_population_sites.bed	/home/neil/Downloads/dudleya/Dudleya_S_genomes/full_pipeline_run/results/06_all_sample_alignment/qc/CY_ALA_LP_299-Du-768.depth.tsv
CY_ALA_LP_299-Du-768	QB3.Berkeley.251217/QB3.Results.260109	D. cymosa	CY_ALA	mtdna_permissive_coverage	mtDNA	sample_qc_coverage	mitochondria	1	243359	22407507	92.075933	230374	0.946643	230091	0.945480	230024	0.945204	/home/neil/Downloads/dudleya/Dudleya_S_genomes/full_pipeline_run/results/05_analysis_masks/mtdna_permissive_coverage_regions.bed	/home/neil/Downloads/dudleya/Dudleya_S_genomes/full_pipeline_run/results/06_all_sample_alignment/qc/CY_ALA_LP_299-Du-768.depth.tsv
CY_ALA_LP_299-Du-768	QB3.Berkeley.251217/QB3.Results.260109	D. cymosa	CY_ALA	mtdna_high_confidence_unique	mtDNA	variant_calling_and_population_genetics	mitochondria	2	44930	7271999	161.851747	44926	0.999911	44921	0.999800	44921	0.999800	/home/neil/Downloads/dudleya/Dudleya_S_genomes/full_pipeline_run/results/05_analysis_masks/mtdna_high_confidence_unique_regions.bed	/home/neil/Downloads/dudleya/Dudleya_S_genomes/full_pipeline_run/results/06_all_sample_alignment/qc/CY_ALA_LP_299-Du-768.depth.tsv
CY_ALA_LP_357_Du-769	QB3.Berkeley.251217/QB3.Results.260109	D. cymosa	CY_ALA	cpdna_full_coverage	cpDNA	sample_qc_coverage	chloroplast	1	150274	270255012	1798.414975	150274	1.000000	150273	0.999993	150272	0.999987	/home/neil/Downloads/dudleya/Dudleya_S_genomes/full_pipeline_run/results/05_analysis_masks/cpdna_full_coverage_regions.bed	/home/neil/Downloads/dudleya/Dudleya_S_genomes/full_pipeline_run/results/06_all_sample_alignment/qc/CY_ALA_LP_357_Du-769.depth.tsv
CY_ALA_LP_357_Du-769	QB3.Berkeley.251217/QB3.Results.260109	D. cymosa	CY_ALA	cpdna_ir_regions	cpDNA	repeat_annotation	chloroplast	2	51472	93236009	1811.392777	51472	1.000000	51471	0.999981	51471	0.999981	/home/neil/Downloads/dudleya/Dudleya_S_genomes/full_pipeline_run/results/05_analysis_masks/cpdna_ir_regions.bed	/home/neil/Downloads/dudleya/Dudleya_S_genomes/full_pipeline_run/results/06_all_sample_alignment/qc/CY_ALA_LP_357_Du-769.depth.tsv
CY_ALA_LP_357_Du-769	QB3.Berkeley.251217/QB3.Results.260109	D. cymosa	CY_ALA	cpdna_duplicate_ir_mask	cpDNA	mask	chloroplast	1	25736	45491162	1767.608098	25736	1.000000	25736	1.000000	25736	1.000000	/home/neil/Downloads/dudleya/Dudleya_S_genomes/full_pipeline_run/results/05_analysis_masks/cpdna_duplicate_ir_copy_mask.bed	/home/neil/Downloads/dudleya/Dudleya_S_genomes/full_pipeline_run/results/06_all_sample_alignment/qc/CY_ALA_LP_357_Du-769.depth.tsv
CY_ALA_LP_357_Du-769	QB3.Berkeley.251217/QB3.Results.260109	D. cymosa	CY_ALA	cpdna_population_sites	cpDNA	variant_calling_and_population_genetics	chloroplast	1	124538	224763850	1804.781272	124538	1.000000	124537	0.999992	124536	0.999984	/home/neil/Downloads/dudleya/Dudleya_S_genomes/full_pipeline_run/results/05_analysis_masks/cpdna_population_sites.bed	/home/neil/Downloads/dudleya/Dudleya_S_genomes/full_pipeline_run/results/06_all_sample_alignment/qc/CY_ALA_LP_357_Du-769.depth.tsv
CY_ALA_LP_357_Du-769	QB3.Berkeley.251217/QB3.Results.260109	D. cymosa	CY_ALA	mtdna_permissive_coverage	mtDNA	sample_qc_coverage	mitochondria	1	243359	43933983	180.531573	230827	0.948504	230121	0.945603	230043	0.945282	/home/neil/Downloads/dudleya/Dudleya_S_genomes/full_pipeline_run/results/05_analysis_masks/mtdna_permissive_coverage_regions.bed	/home/neil/Downloads/dudleya/Dudleya_S_genomes/full_pipeline_run/results/06_all_sample_alignment/qc/CY_ALA_LP_357_Du-769.depth.tsv
CY_ALA_LP_357_Du-769	QB3.Berkeley.251217/QB3.Results.260109	D. cymosa	CY_ALA	mtdna_high_confidence_unique	mtDNA	variant_calling_and_population_genetics	mitochondria	2	44930	14235756	316.843000	44926	0.999911	44922	0.999822	44921	0.999800	/home/neil/Downloads/dudleya/Dudleya_S_genomes/full_pipeline_run/results/05_analysis_masks/mtdna_high_confidence_unique_regions.bed	/home/neil/Downloads/dudleya/Dudleya_S_genomes/full_pipeline_run/results/06_all_sample_alignment/qc/CY_ALA_LP_357_Du-769.depth.tsv
CY_BAL_LP_226_Du-602	QB3.Berkeley.251217/QB3.Results.260109	D. cymosa	CY_BAL	cpdna_full_coverage	cpDNA	sample_qc_coverage	chloroplast	1	150274	108192965	719.971286	150273	0.999993	150265	0.999940	150226	0.999681	/home/neil/Downloads/dudleya/Dudleya_S_genomes/full_pipeline_run/results/05_analysis_masks/cpdna_full_coverage_regions.bed	/home/neil/Downloads/dudleya/Dudleya_S_genomes/full_pipeline_run/results/06_all_sample_alignment/qc/CY_BAL_LP_226_Du-602.depth.tsv
CY_BAL_LP_226_Du-602	QB3.Berkeley.251217/QB3.Results.260109	D. cymosa	CY_BAL	cpdna_ir_regions	cpDNA	repeat_annotation	chloroplast	2	51472	34869105	677.438316	51471	0.999981	51468	0.999922	51456	0.999689	/home/neil/Downloads/dudleya/Dudleya_S_genomes/full_pipeline_run/results/05_analysis_masks/cpdna_ir_regions.bed	/home/neil/Downloads/dudleya/Dudleya_S_genomes/full_pipeline_run/results/06_all_sample_alignment/qc/CY_BAL_LP_226_Du-602.depth.tsv
CY_BAL_LP_226_Du-602	QB3.Berkeley.251217/QB3.Results.260109	D. cymosa	CY_BAL	cpdna_duplicate_ir_mask	cpDNA	mask	chloroplast	1	25736	17060073	662.887512	25736	1.000000	25734	0.999922	25722	0.999456	/home/neil/Downloads/dudleya/Dudleya_S_genomes/full_pipeline_run/results/05_analysis_masks/cpdna_duplicate_ir_copy_mask.bed	/home/neil/Downloads/dudleya/Dudleya_S_genomes/full_pipeline_run/results/06_all_sample_alignment/qc/CY_BAL_LP_226_Du-602.depth.tsv
CY_BAL_LP_226_Du-602	QB3.Berkeley.251217/QB3.Results.260109	D. cymosa	CY_BAL	cpdna_population_sites	cpDNA	variant_calling_and_population_genetics	chloroplast	1	124538	91132892	731.767750	124537	0.999992	124531	0.999944	124504	0.999727	/home/neil/Downloads/dudleya/Dudleya_S_genomes/full_pipeline_run/results/05_analysis_masks/cpdna_population_sites.bed	/home/neil/Downloads/dudleya/Dudleya_S_genomes/full_pipeline_run/results/06_all_sample_alignment/qc/CY_BAL_LP_226_Du-602.depth.tsv
CY_BAL_LP_226_Du-602	QB3.Berkeley.251217/QB3.Results.260109	D. cymosa	CY_BAL	mtdna_permissive_coverage	mtDNA	sample_qc_coverage	mitochondria	1	243359	10442549	42.910059	233733	0.960445	232508	0.955412	232320	0.954639	/home/neil/Downloads/dudleya/Dudleya_S_genomes/full_pipeline_run/results/05_analysis_masks/mtdna_permissive_coverage_regions.bed	/home/neil/Downloads/dudleya/Dudleya_S_genomes/full_pipeline_run/results/06_all_sample_alignment/qc/CY_BAL_LP_226_Du-602.depth.tsv
CY_BAL_LP_226_Du-602	QB3.Berkeley.251217/QB3.Results.260109	D. cymosa	CY_BAL	mtdna_high_confidence_unique	mtDNA	variant_calling_and_population_genetics	mitochondria	2	44930	3279290	72.986646	44772	0.996483	44649	0.993746	44639	0.993523	/home/neil/Downloads/dudleya/Dudleya_S_genomes/full_pipeline_run/results/05_analysis_masks/mtdna_high_confidence_unique_regions.bed	/home/neil/Downloads/dudleya/Dudleya_S_genomes/full_pipeline_run/results/06_all_sample_alignment/qc/CY_BAL_LP_226_Du-602.depth.tsv
CY_BAL_LP_227_Du-603	QB3.Berkeley.251217/QB3.Results.260109	D. cymosa	CY_BAL	cpdna_full_coverage	cpDNA	sample_qc_coverage	chloroplast	1	150274	31354879	208.651390	150263	0.999927	150234	0.999734	150175	0.999341	/home/neil/Downloads/dudleya/Dudleya_S_genomes/full_pipeline_run/results/05_analysis_masks/cpdna_full_coverage_regions.bed	/home/neil/Downloads/dudleya/Dudleya_S_genomes/full_pipeline_run/results/06_all_sample_alignment/qc/CY_BAL_LP_227_Du-603.depth.tsv
CY_BAL_LP_227_Du-603	QB3.Berkeley.251217/QB3.Results.260109	D. cymosa	CY_BAL	cpdna_ir_regions	cpDNA	repeat_annotation	chloroplast	2	51472	10192554	198.021332	51469	0.999942	51442	0.999417	51409	0.998776	/home/neil/Downloads/dudleya/Dudleya_S_genomes/full_pipeline_run/results/05_analysis_masks/cpdna_ir_regions.bed	/home/neil/Downloads/dudleya/Dudleya_S_genomes/full_pipeline_run/results/06_all_sample_alignment/qc/CY_BAL_LP_227_Du-603.depth.tsv
CY_BAL_LP_227_Du-603	QB3.Berkeley.251217/QB3.Results.260109	D. cymosa	CY_BAL	cpdna_duplicate_ir_mask	cpDNA	mask	chloroplast	1	25736	4953356	192.467983	25734	0.999922	25713	0.999106	25687	0.998096	/home/neil/Downloads/dudleya/Dudleya_S_genomes/full_pipeline_run/results/05_analysis_masks/cpdna_duplicate_ir_copy_mask.bed	/home/neil/Downloads/dudleya/Dudleya_S_genomes/full_pipeline_run/results/06_all_sample_alignment/qc/CY_BAL_LP_227_Du-603.depth.tsv
CY_BAL_LP_227_Du-603	QB3.Berkeley.251217/QB3.Results.260109	D. cymosa	CY_BAL	cpdna_population_sites	cpDNA	variant_calling_and_population_genetics	chloroplast	1	124538	26401523	211.995720	124529	0.999928	124521	0.999863	124488	0.999599	/home/neil/Downloads/dudleya/Dudleya_S_genomes/full_pipeline_run/results/05_analysis_masks/cpdna_population_sites.bed	/home/neil/Downloads/dudleya/Dudleya_S_genomes/full_pipeline_run/results/06_all_sample_alignment/qc/CY_BAL_LP_227_Du-603.depth.tsv
CY_BAL_LP_227_Du-603	QB3.Berkeley.251217/QB3.Results.260109	D. cymosa	CY_BAL	mtdna_permissive_coverage	mtDNA	sample_qc_coverage	mitochondria	1	243359	2940869	12.084488	235610	0.968158	218663	0.898520	144105	0.592150	/home/neil/Downloads/dudleya/Dudleya_S_genomes/full_pipeline_run/results/05_analysis_masks/mtdna_permissive_coverage_regions.bed	/home/neil/Downloads/dudleya/Dudleya_S_genomes/full_pipeline_run/results/06_all_sample_alignment/qc/CY_BAL_LP_227_Du-603.depth.tsv
CY_BAL_LP_227_Du-603	QB3.Berkeley.251217/QB3.Results.260109	D. cymosa	CY_BAL	mtdna_high_confidence_unique	mtDNA	variant_calling_and_population_genetics	mitochondria	2	44930	931540	20.733140	44841	0.998019	44619	0.993078	42974	0.956466	/home/neil/Downloads/dudleya/Dudleya_S_genomes/full_pipeline_run/results/05_analysis_masks/mtdna_high_confidence_unique_regions.bed	/home/neil/Downloads/dudleya/Dudleya_S_genomes/full_pipeline_run/results/06_all_sample_alignment/qc/CY_BAL_LP_227_Du-603.depth.tsv
CY_BAL_LP_228_Du-604	QB3.Berkeley.251217/QB3.Results.260109	D. cymosa	CY_BAL	cpdna_full_coverage	cpDNA	sample_qc_coverage	chloroplast	1	150274	9575150	63.717942	150217	0.999621	149996	0.998150	149754	0.996540	/home/neil/Downloads/dudleya/Dudleya_S_genomes/full_pipeline_run/results/05_analysis_masks/cpdna_full_coverage_regions.bed	/home/neil/Downloads/dudleya/Dudleya_S_genomes/full_pipeline_run/results/06_all_sample_alignment/qc/CY_BAL_LP_228_Du-604.depth.tsv
CY_BAL_LP_228_Du-604	QB3.Berkeley.251217/QB3.Results.260109	D. cymosa	CY_BAL	cpdna_ir_regions	cpDNA	repeat_annotation	chloroplast	2	51472	3090210	60.036719	51452	0.999611	51349	0.997610	51172	0.994172	/home/neil/Downloads/dudleya/Dudleya_S_genomes/full_pipeline_run/results/05_analysis_masks/cpdna_ir_regions.bed	/home/neil/Downloads/dudleya/Dudleya_S_genomes/full_pipeline_run/results/06_all_sample_alignment/qc/CY_BAL_LP_228_Du-604.depth.tsv
CY_BAL_LP_228_Du-604	QB3.Berkeley.251217/QB3.Results.260109	D. cymosa	CY_BAL	cpdna_duplicate_ir_mask	cpDNA	mask	chloroplast	1	25736	1496216	58.137084	25717	0.999262	25632	0.995959	25505	0.991024	/home/neil/Downloads/dudleya/Dudleya_S_genomes/full_pipeline_run/results/05_analysis_masks/cpdna_duplicate_ir_copy_mask.bed	/home/neil/Downloads/dudleya/Dudleya_S_genomes/full_pipeline_run/results/06_all_sample_alignment/qc/CY_BAL_LP_228_Du-604.depth.tsv
CY_BAL_LP_228_Du-604	QB3.Berkeley.251217/QB3.Results.260109	D. cymosa	CY_BAL	cpdna_population_sites	cpDNA	variant_calling_and_population_genetics	chloroplast	1	124538	8078934	64.871236	124500	0.999695	124364	0.998603	124249	0.997679	/home/neil/Downloads/dudleya/Dudleya_S_genomes/full_pipeline_run/results/05_analysis_masks/cpdna_population_sites.bed	/home/neil/Downloads/dudleya/Dudleya_S_genomes/full_pipeline_run/results/06_all_sample_alignment/qc/CY_BAL_LP_228_Du-604.depth.tsv
CY_BAL_LP_228_Du-604	QB3.Berkeley.251217/QB3.Results.260109	D. cymosa	CY_BAL	mtdna_permissive_coverage	mtDNA	sample_qc_coverage	mitochondria	1	243359	1016184	4.175658	212492	0.873163	88494	0.363636	18065	0.074232	/home/neil/Downloads/dudleya/Dudleya_S_genomes/full_pipeline_run/results/05_analysis_masks/mtdna_permissive_coverage_regions.bed	/home/neil/Downloads/dudleya/Dudleya_S_genomes/full_pipeline_run/results/06_all_sample_alignment/qc/CY_BAL_LP_228_Du-604.depth.tsv
CY_BAL_LP_228_Du-604	QB3.Berkeley.251217/QB3.Results.260109	D. cymosa	CY_BAL	mtdna_high_confidence_unique	mtDNA	variant_calling_and_population_genetics	mitochondria	2	44930	316071	7.034743	44140	0.982417	31596	0.703227	10497	0.233630	/home/neil/Downloads/dudleya/Dudleya_S_genomes/full_pipeline_run/results/05_analysis_masks/mtdna_high_confidence_unique_regions.bed	/home/neil/Downloads/dudleya/Dudleya_S_genomes/full_pipeline_run/results/06_all_sample_alignment/qc/CY_BAL_LP_228_Du-604.depth.tsv
CY_BGL_LP_210_Du-577	QB3.Berkeley.251217/QB3.Results.260109	D. cymosa	CY_BGL	cpdna_full_coverage	cpDNA	sample_qc_coverage	chloroplast	1	150274	101258539	673.826071	150267	0.999953	150254	0.999867	150218	0.999627	/home/neil/Downloads/dudleya/Dudleya_S_genomes/full_pipeline_run/results/05_analysis_masks/cpdna_full_coverage_regions.bed	/home/neil/Downloads/dudleya/Dudleya_S_genomes/full_pipeline_run/results/06_all_sample_alignment/qc/CY_BGL_LP_210_Du-577.depth.tsv
CY_BGL_LP_210_Du-577	QB3.Berkeley.251217/QB3.Results.260109	D. cymosa	CY_BGL	cpdna_ir_regions	cpDNA	repeat_annotation	chloroplast	2	51472	31301230	608.121503	51472	1.000000	51469	0.999942	51460	0.999767	/home/neil/Downloads/dudleya/Dudleya_S_genomes/full_pipeline_run/results/05_analysis_masks/cpdna_ir_regions.bed	/home/neil/Downloads/dudleya/Dudleya_S_genomes/full_pipeline_run/results/06_all_sample_alignment/qc/CY_BGL_LP_210_Du-577.depth.tsv
CY_BGL_LP_210_Du-577	QB3.Berkeley.251217/QB3.Results.260109	D. cymosa	CY_BGL	cpdna_duplicate_ir_mask	cpDNA	mask	chloroplast	1	25736	15248953	592.514493	25736	1.000000	25734	0.999922	25726	0.999611	/home/neil/Downloads/dudleya/Dudleya_S_genomes/full_pipeline_run/results/05_analysis_masks/cpdna_duplicate_ir_copy_mask.bed	/home/neil/Downloads/dudleya/Dudleya_S_genomes/full_pipeline_run/results/06_all_sample_alignment/qc/CY_BGL_LP_210_Du-577.depth.tsv
CY_BGL_LP_210_Du-577	QB3.Berkeley.251217/QB3.Results.260109	D. cymosa	CY_BGL	cpdna_population_sites	cpDNA	variant_calling_and_population_genetics	chloroplast	1	124538	86009586	690.629254	124531	0.999944	124520	0.999855	124492	0.999631	/home/neil/Downloads/dudleya/Dudleya_S_genomes/full_pipeline_run/results/05_analysis_masks/cpdna_population_sites.bed	/home/neil/Downloads/dudleya/Dudleya_S_genomes/full_pipeline_run/results/06_all_sample_alignment/qc/CY_BGL_LP_210_Du-577.depth.tsv
CY_BGL_LP_210_Du-577	QB3.Berkeley.251217/QB3.Results.260109	D. cymosa	CY_BGL	mtdna_permissive_coverage	mtDNA	sample_qc_coverage	mitochondria	1	243359	32288065	132.676683	229605	0.943483	228889	0.940541	228820	0.940257	/home/neil/Downloads/dudleya/Dudleya_S_genomes/full_pipeline_run/results/05_analysis_masks/mtdna_permissive_coverage_regions.bed	/home/neil/Downloads/dudleya/Dudleya_S_genomes/full_pipeline_run/results/06_all_sample_alignment/qc/CY_BGL_LP_210_Du-577.depth.tsv
CY_BGL_LP_210_Du-577	QB3.Berkeley.251217/QB3.Results.260109	D. cymosa	CY_BGL	mtdna_high_confidence_unique	mtDNA	variant_calling_and_population_genetics	mitochondria	2	44930	10391327	231.278144	44930	1.000000	44922	0.999822	44918	0.999733	/home/neil/Downloads/dudleya/Dudleya_S_genomes/full_pipeline_run/results/05_analysis_masks/mtdna_high_confidence_unique_regions.bed	/home/neil/Downloads/dudleya/Dudleya_S_genomes/full_pipeline_run/results/06_all_sample_alignment/qc/CY_BGL_LP_210_Du-577.depth.tsv
CY_BGL_LP_212_Du-579	QB3.Berkeley.251217/QB3.Results.260109	D. cymosa	CY_BGL	cpdna_full_coverage	cpDNA	sample_qc_coverage	chloroplast	1	150274	228225531	1518.729328	150266	0.999947	150261	0.999913	150256	0.999880	/home/neil/Downloads/dudleya/Dudleya_S_genomes/full_pipeline_run/results/05_analysis_masks/cpdna_full_coverage_regions.bed	/home/neil/Downloads/dudleya/Dudleya_S_genomes/full_pipeline_run/results/06_all_sample_alignment/qc/CY_BGL_LP_212_Du-579.depth.tsv
CY_BGL_LP_212_Du-579	QB3.Berkeley.251217/QB3.Results.260109	D. cymosa	CY_BGL	cpdna_ir_regions	cpDNA	repeat_annotation	chloroplast	2	51472	76643946	1489.041537	51472	1.000000	51472	1.000000	51468	0.999922	/home/neil/Downloads/dudleya/Dudleya_S_genomes/full_pipeline_run/results/05_analysis_masks/cpdna_ir_regions.bed	/home/neil/Downloads/dudleya/Dudleya_S_genomes/full_pipeline_run/results/06_all_sample_alignment/qc/CY_BGL_LP_212_Du-579.depth.tsv
CY_BGL_LP_212_Du-579	QB3.Berkeley.251217/QB3.Results.260109	D. cymosa	CY_BGL	cpdna_duplicate_ir_mask	cpDNA	mask	chloroplast	1	25736	37350880	1451.308673	25736	1.000000	25736	1.000000	25733	0.999883	/home/neil/Downloads/dudleya/Dudleya_S_genomes/full_pipeline_run/results/05_analysis_masks/cpdna_duplicate_ir_copy_mask.bed	/home/neil/Downloads/dudleya/Dudleya_S_genomes/full_pipeline_run/results/06_all_sample_alignment/qc/CY_BGL_LP_212_Du-579.depth.tsv
CY_BGL_LP_212_Du-579	QB3.Berkeley.251217/QB3.Results.260109	D. cymosa	CY_BGL	cpdna_population_sites	cpDNA	variant_calling_and_population_genetics	chloroplast	1	124538	190874651	1532.661926	124530	0.999936	124525	0.999896	124523	0.999880	/home/neil/Downloads/dudleya/Dudleya_S_genomes/full_pipeline_run/results/05_analysis_masks/cpdna_population_sites.bed	/home/neil/Downloads/dudleya/Dudleya_S_genomes/full_pipeline_run/results/06_all_sample_alignment/qc/CY_BGL_LP_212_Du-579.depth.tsv
CY_BGL_LP_212_Du-579	QB3.Berkeley.251217/QB3.Results.260109	D. cymosa	CY_BGL	mtdna_permissive_coverage	mtDNA	sample_qc_coverage	mitochondria	1	243359	9473950	38.929935	229905	0.944715	228998	0.940988	228836	0.940323	/home/neil/Downloads/dudleya/Dudleya_S_genomes/full_pipeline_run/results/05_analysis_masks/mtdna_permissive_coverage_regions.bed	/home/neil/Downloads/dudleya/Dudleya_S_genomes/full_pipeline_run/results/06_all_sample_alignment/qc/CY_BGL_LP_212_Du-579.depth.tsv
CY_BGL_LP_212_Du-579	QB3.Berkeley.251217/QB3.Results.260109	D. cymosa	CY_BGL	mtdna_high_confidence_unique	mtDNA	variant_calling_and_population_genetics	mitochondria	2	44930	3008801	66.966414	44927	0.999933	44919	0.999755	44917	0.999711	/home/neil/Downloads/dudleya/Dudleya_S_genomes/full_pipeline_run/results/05_analysis_masks/mtdna_high_confidence_unique_regions.bed	/home/neil/Downloads/dudleya/Dudleya_S_genomes/full_pipeline_run/results/06_all_sample_alignment/qc/CY_BGL_LP_212_Du-579.depth.tsv
CY_BOU_LP_288_Du-737	QB3.Berkeley.251217/QB3.Results.260109	D. cymosa	CY_BOU	cpdna_full_coverage	cpDNA	sample_qc_coverage	chloroplast	1	150274	29206970	194.358106	150271	0.999980	150260	0.999907	150234	0.999734	/home/neil/Downloads/dudleya/Dudleya_S_genomes/full_pipeline_run/results/05_analysis_masks/cpdna_full_coverage_regions.bed	/home/neil/Downloads/dudleya/Dudleya_S_genomes/full_pipeline_run/results/06_all_sample_alignment/qc/CY_BOU_LP_288_Du-737.depth.tsv
CY_BOU_LP_288_Du-737	QB3.Berkeley.251217/QB3.Results.260109	D. cymosa	CY_BOU	cpdna_ir_regions	cpDNA	repeat_annotation	chloroplast	2	51472	11890022	230.999806	51470	0.999961	51460	0.999767	51439	0.999359	/home/neil/Downloads/dudleya/Dudleya_S_genomes/full_pipeline_run/results/05_analysis_masks/cpdna_ir_regions.bed	/home/neil/Downloads/dudleya/Dudleya_S_genomes/full_pipeline_run/results/06_all_sample_alignment/qc/CY_BOU_LP_288_Du-737.depth.tsv
CY_BOU_LP_288_Du-737	QB3.Berkeley.251217/QB3.Results.260109	D. cymosa	CY_BOU	cpdna_duplicate_ir_mask	cpDNA	mask	chloroplast	1	25736	5800665	225.391086	25734	0.999922	25726	0.999611	25714	0.999145	/home/neil/Downloads/dudleya/Dudleya_S_genomes/full_pipeline_run/results/05_analysis_masks/cpdna_duplicate_ir_copy_mask.bed	/home/neil/Downloads/dudleya/Dudleya_S_genomes/full_pipeline_run/results/06_all_sample_alignment/qc/CY_BOU_LP_288_Du-737.depth.tsv
CY_BOU_LP_288_Du-737	QB3.Berkeley.251217/QB3.Results.260109	D. cymosa	CY_BOU	cpdna_population_sites	cpDNA	variant_calling_and_population_genetics	chloroplast	1	124538	23406305	187.945085	124537	0.999992	124534	0.999968	124520	0.999855	/home/neil/Downloads/dudleya/Dudleya_S_genomes/full_pipeline_run/results/05_analysis_masks/cpdna_population_sites.bed	/home/neil/Downloads/dudleya/Dudleya_S_genomes/full_pipeline_run/results/06_all_sample_alignment/qc/CY_BOU_LP_288_Du-737.depth.tsv
CY_BOU_LP_288_Du-737	QB3.Berkeley.251217/QB3.Results.260109	D. cymosa	CY_BOU	mtdna_permissive_coverage	mtDNA	sample_qc_coverage	mitochondria	1	243359	3113518	12.793930	229738	0.944029	215425	0.885215	149001	0.612268	/home/neil/Downloads/dudleya/Dudleya_S_genomes/full_pipeline_run/results/05_analysis_masks/mtdna_permissive_coverage_regions.bed	/home/neil/Downloads/dudleya/Dudleya_S_genomes/full_pipeline_run/results/06_all_sample_alignment/qc/CY_BOU_LP_288_Du-737.depth.tsv
CY_BOU_LP_288_Du-737	QB3.Berkeley.251217/QB3.Results.260109	D. cymosa	CY_BOU	mtdna_high_confidence_unique	mtDNA	variant_calling_and_population_genetics	mitochondria	2	44930	979803	21.807323	44927	0.999933	44763	0.996283	42965	0.956265	/home/neil/Downloads/dudleya/Dudleya_S_genomes/full_pipeline_run/results/05_analysis_masks/mtdna_high_confidence_unique_regions.bed	/home/neil/Downloads/dudleya/Dudleya_S_genomes/full_pipeline_run/results/06_all_sample_alignment/qc/CY_BOU_LP_288_Du-737.depth.tsv
CY_BOU_LP_290_Du-739	QB3.Berkeley.251217/QB3.Results.260109	D. cymosa	CY_BOU	cpdna_full_coverage	cpDNA	sample_qc_coverage	chloroplast	1	150274	274505828	1826.702078	150274	1.000000	150274	1.000000	150270	0.999973	/home/neil/Downloads/dudleya/Dudleya_S_genomes/full_pipeline_run/results/05_analysis_masks/cpdna_full_coverage_regions.bed	/home/neil/Downloads/dudleya/Dudleya_S_genomes/full_pipeline_run/results/06_all_sample_alignment/qc/CY_BOU_LP_290_Du-739.depth.tsv
CY_BOU_LP_290_Du-739	QB3.Berkeley.251217/QB3.Results.260109	D. cymosa	CY_BOU	cpdna_ir_regions	cpDNA	repeat_annotation	chloroplast	2	51472	100480301	1952.135161	51472	1.000000	51472	1.000000	51469	0.999942	/home/neil/Downloads/dudleya/Dudleya_S_genomes/full_pipeline_run/results/05_analysis_masks/cpdna_ir_regions.bed	/home/neil/Downloads/dudleya/Dudleya_S_genomes/full_pipeline_run/results/06_all_sample_alignment/qc/CY_BOU_LP_290_Du-739.depth.tsv
CY_BOU_LP_290_Du-739	QB3.Berkeley.251217/QB3.Results.260109	D. cymosa	CY_BOU	cpdna_duplicate_ir_mask	cpDNA	mask	chloroplast	1	25736	48974944	1902.974200	25736	1.000000	25736	1.000000	25734	0.999922	/home/neil/Downloads/dudleya/Dudleya_S_genomes/full_pipeline_run/results/05_analysis_masks/cpdna_duplicate_ir_copy_mask.bed	/home/neil/Downloads/dudleya/Dudleya_S_genomes/full_pipeline_run/results/06_all_sample_alignment/qc/CY_BOU_LP_290_Du-739.depth.tsv
CY_BOU_LP_290_Du-739	QB3.Berkeley.251217/QB3.Results.260109	D. cymosa	CY_BOU	cpdna_population_sites	cpDNA	variant_calling_and_population_genetics	chloroplast	1	124538	225530884	1810.940307	124538	1.000000	124538	1.000000	124536	0.999984	/home/neil/Downloads/dudleya/Dudleya_S_genomes/full_pipeline_run/results/05_analysis_masks/cpdna_population_sites.bed	/home/neil/Downloads/dudleya/Dudleya_S_genomes/full_pipeline_run/results/06_all_sample_alignment/qc/CY_BOU_LP_290_Du-739.depth.tsv
CY_BOU_LP_290_Du-739	QB3.Berkeley.251217/QB3.Results.260109	D. cymosa	CY_BOU	mtdna_permissive_coverage	mtDNA	sample_qc_coverage	mitochondria	1	243359	19194303	78.872378	232942	0.957195	230066	0.945377	229979	0.945019	/home/neil/Downloads/dudleya/Dudleya_S_genomes/full_pipeline_run/results/05_analysis_masks/mtdna_permissive_coverage_regions.bed	/home/neil/Downloads/dudleya/Dudleya_S_genomes/full_pipeline_run/results/06_all_sample_alignment/qc/CY_BOU_LP_290_Du-739.depth.tsv
CY_BOU_LP_290_Du-739	QB3.Berkeley.251217/QB3.Results.260109	D. cymosa	CY_BOU	mtdna_high_confidence_unique	mtDNA	variant_calling_and_population_genetics	mitochondria	2	44930	6216519	138.360093	44930	1.000000	44927	0.999933	44927	0.999933	/home/neil/Downloads/dudleya/Dudleya_S_genomes/full_pipeline_run/results/05_analysis_masks/mtdna_high_confidence_unique_regions.bed	/home/neil/Downloads/dudleya/Dudleya_S_genomes/full_pipeline_run/results/06_all_sample_alignment/qc/CY_BOU_LP_290_Du-739.depth.tsv
CY_BOU_LP_291_Du-740	QB3.Berkeley.251217/QB3.Results.260109	D. cymosa	CY_BOU	cpdna_full_coverage	cpDNA	sample_qc_coverage	chloroplast	1	150274	95665937	636.610039	150273	0.999993	150269	0.999967	150263	0.999927	/home/neil/Downloads/dudleya/Dudleya_S_genomes/full_pipeline_run/results/05_analysis_masks/cpdna_full_coverage_regions.bed	/home/neil/Downloads/dudleya/Dudleya_S_genomes/full_pipeline_run/results/06_all_sample_alignment/qc/CY_BOU_LP_291_Du-740.depth.tsv
CY_BOU_LP_291_Du-740	QB3.Berkeley.251217/QB3.Results.260109	D. cymosa	CY_BOU	cpdna_ir_regions	cpDNA	repeat_annotation	chloroplast	2	51472	32994910	641.026383	51471	0.999981	51468	0.999922	51462	0.999806	/home/neil/Downloads/dudleya/Dudleya_S_genomes/full_pipeline_run/results/05_analysis_masks/cpdna_ir_regions.bed	/home/neil/Downloads/dudleya/Dudleya_S_genomes/full_pipeline_run/results/06_all_sample_alignment/qc/CY_BOU_LP_291_Du-740.depth.tsv
CY_BOU_LP_291_Du-740	QB3.Berkeley.251217/QB3.Results.260109	D. cymosa	CY_BOU	cpdna_duplicate_ir_mask	cpDNA	mask	chloroplast	1	25736	16173992	628.457880	25736	1.000000	25733	0.999883	25729	0.999728	/home/neil/Downloads/dudleya/Dudleya_S_genomes/full_pipeline_run/results/05_analysis_masks/cpdna_duplicate_ir_copy_mask.bed	/home/neil/Downloads/dudleya/Dudleya_S_genomes/full_pipeline_run/results/06_all_sample_alignment/qc/CY_BOU_LP_291_Du-740.depth.tsv
CY_BOU_LP_291_Du-740	QB3.Berkeley.251217/QB3.Results.260109	D. cymosa	CY_BOU	cpdna_population_sites	cpDNA	variant_calling_and_population_genetics	chloroplast	1	124538	79491945	638.294697	124537	0.999992	124536	0.999984	124534	0.999968	/home/neil/Downloads/dudleya/Dudleya_S_genomes/full_pipeline_run/results/05_analysis_masks/cpdna_population_sites.bed	/home/neil/Downloads/dudleya/Dudleya_S_genomes/full_pipeline_run/results/06_all_sample_alignment/qc/CY_BOU_LP_291_Du-740.depth.tsv
CY_BOU_LP_291_Du-740	QB3.Berkeley.251217/QB3.Results.260109	D. cymosa	CY_BOU	mtdna_permissive_coverage	mtDNA	sample_qc_coverage	mitochondria	1	243359	12901630	53.014805	230521	0.947247	230132	0.945648	229891	0.944658	/home/neil/Downloads/dudleya/Dudleya_S_genomes/full_pipeline_run/results/05_analysis_masks/mtdna_permissive_coverage_regions.bed	/home/neil/Downloads/dudleya/Dudleya_S_genomes/full_pipeline_run/results/06_all_sample_alignment/qc/CY_BOU_LP_291_Du-740.depth.tsv
CY_BOU_LP_291_Du-740	QB3.Berkeley.251217/QB3.Results.260109	D. cymosa	CY_BOU	mtdna_high_confidence_unique	mtDNA	variant_calling_and_population_genetics	mitochondria	2	44930	4192519	93.312241	44928	0.999955	44927	0.999933	44926	0.999911	/home/neil/Downloads/dudleya/Dudleya_S_genomes/full_pipeline_run/results/05_analysis_masks/mtdna_high_confidence_unique_regions.bed	/home/neil/Downloads/dudleya/Dudleya_S_genomes/full_pipeline_run/results/06_all_sample_alignment/qc/CY_BOU_LP_291_Du-740.depth.tsv
CY_BOU_LP_292_Du-741	QB3.Berkeley.251217/QB3.Results.260109	D. cymosa	CY_BOU	cpdna_full_coverage	cpDNA	sample_qc_coverage	chloroplast	1	150274	215094807	1431.350779	150273	0.999993	150270	0.999973	150268	0.999960	/home/neil/Downloads/dudleya/Dudleya_S_genomes/full_pipeline_run/results/05_analysis_masks/cpdna_full_coverage_regions.bed	/home/neil/Downloads/dudleya/Dudleya_S_genomes/full_pipeline_run/results/06_all_sample_alignment/qc/CY_BOU_LP_292_Du-741.depth.tsv
CY_BOU_LP_292_Du-741	QB3.Berkeley.251217/QB3.Results.260109	D. cymosa	CY_BOU	cpdna_ir_regions	cpDNA	repeat_annotation	chloroplast	2	51472	70793410	1375.377098	51471	0.999981	51468	0.999922	51467	0.999903	/home/neil/Downloads/dudleya/Dudleya_S_genomes/full_pipeline_run/results/05_analysis_masks/cpdna_ir_regions.bed	/home/neil/Downloads/dudleya/Dudleya_S_genomes/full_pipeline_run/results/06_all_sample_alignment/qc/CY_BOU_LP_292_Du-741.depth.tsv
CY_BOU_LP_292_Du-741	QB3.Berkeley.251217/QB3.Results.260109	D. cymosa	CY_BOU	cpdna_duplicate_ir_mask	cpDNA	mask	chloroplast	1	25736	34822563	1353.068192	25736	1.000000	25733	0.999883	25732	0.999845	/home/neil/Downloads/dudleya/Dudleya_S_genomes/full_pipeline_run/results/05_analysis_masks/cpdna_duplicate_ir_copy_mask.bed	/home/neil/Downloads/dudleya/Dudleya_S_genomes/full_pipeline_run/results/06_all_sample_alignment/qc/CY_BOU_LP_292_Du-741.depth.tsv
CY_BOU_LP_292_Du-741	QB3.Berkeley.251217/QB3.Results.260109	D. cymosa	CY_BOU	cpdna_population_sites	cpDNA	variant_calling_and_population_genetics	chloroplast	1	124538	180272244	1447.528016	124537	0.999992	124537	0.999992	124536	0.999984	/home/neil/Downloads/dudleya/Dudleya_S_genomes/full_pipeline_run/results/05_analysis_masks/cpdna_population_sites.bed	/home/neil/Downloads/dudleya/Dudleya_S_genomes/full_pipeline_run/results/06_all_sample_alignment/qc/CY_BOU_LP_292_Du-741.depth.tsv
CY_BOU_LP_292_Du-741	QB3.Berkeley.251217/QB3.Results.260109	D. cymosa	CY_BOU	mtdna_permissive_coverage	mtDNA	sample_qc_coverage	mitochondria	1	243359	12301348	50.548153	230825	0.948496	230098	0.945508	230003	0.945118	/home/neil/Downloads/dudleya/Dudleya_S_genomes/full_pipeline_run/results/05_analysis_masks/mtdna_permissive_coverage_regions.bed	/home/neil/Downloads/dudleya/Dudleya_S_genomes/full_pipeline_run/results/06_all_sample_alignment/qc/CY_BOU_LP_292_Du-741.depth.tsv
CY_BOU_LP_292_Du-741	QB3.Berkeley.251217/QB3.Results.260109	D. cymosa	CY_BOU	mtdna_high_confidence_unique	mtDNA	variant_calling_and_population_genetics	mitochondria	2	44930	4015449	89.371222	44928	0.999955	44927	0.999933	44927	0.999933	/home/neil/Downloads/dudleya/Dudleya_S_genomes/full_pipeline_run/results/05_analysis_masks/mtdna_high_confidence_unique_regions.bed	/home/neil/Downloads/dudleya/Dudleya_S_genomes/full_pipeline_run/results/06_all_sample_alignment/qc/CY_BOU_LP_292_Du-741.depth.tsv
CY_BOU_LP_354_Du-742	QB3.Berkeley.251217/QB3.Results.260109	D. cymosa	CY_BOU	cpdna_full_coverage	cpDNA	sample_qc_coverage	chloroplast	1	150274	299348221	1992.016057	150274	1.000000	150273	0.999993	150272	0.999987	/home/neil/Downloads/dudleya/Dudleya_S_genomes/full_pipeline_run/results/05_analysis_masks/cpdna_full_coverage_regions.bed	/home/neil/Downloads/dudleya/Dudleya_S_genomes/full_pipeline_run/results/06_all_sample_alignment/qc/CY_BOU_LP_354_Du-742.depth.tsv
CY_BOU_LP_354_Du-742	QB3.Berkeley.251217/QB3.Results.260109	D. cymosa	CY_BOU	cpdna_ir_regions	cpDNA	repeat_annotation	chloroplast	2	51472	102806827	1997.334998	51472	1.000000	51471	0.999981	51470	0.999961	/home/neil/Downloads/dudleya/Dudleya_S_genomes/full_pipeline_run/results/05_analysis_masks/cpdna_ir_regions.bed	/home/neil/Downloads/dudleya/Dudleya_S_genomes/full_pipeline_run/results/06_all_sample_alignment/qc/CY_BOU_LP_354_Du-742.depth.tsv
CY_BOU_LP_354_Du-742	QB3.Berkeley.251217/QB3.Results.260109	D. cymosa	CY_BOU	cpdna_duplicate_ir_mask	cpDNA	mask	chloroplast	1	25736	50476206	1961.307352	25736	1.000000	25736	1.000000	25735	0.999961	/home/neil/Downloads/dudleya/Dudleya_S_genomes/full_pipeline_run/results/05_analysis_masks/cpdna_duplicate_ir_copy_mask.bed	/home/neil/Downloads/dudleya/Dudleya_S_genomes/full_pipeline_run/results/06_all_sample_alignment/qc/CY_BOU_LP_354_Du-742.depth.tsv
CY_BOU_LP_354_Du-742	QB3.Berkeley.251217/QB3.Results.260109	D. cymosa	CY_BOU	cpdna_population_sites	cpDNA	variant_calling_and_population_genetics	chloroplast	1	124538	248872015	1998.362066	124538	1.000000	124537	0.999992	124537	0.999992	/home/neil/Downloads/dudleya/Dudleya_S_genomes/full_pipeline_run/results/05_analysis_masks/cpdna_population_sites.bed	/home/neil/Downloads/dudleya/Dudleya_S_genomes/full_pipeline_run/results/06_all_sample_alignment/qc/CY_BOU_LP_354_Du-742.depth.tsv
CY_BOU_LP_354_Du-742	QB3.Berkeley.251217/QB3.Results.260109	D. cymosa	CY_BOU	mtdna_permissive_coverage	mtDNA	sample_qc_coverage	mitochondria	1	243359	21604085	88.774547	230635	0.947715	230057	0.945340	229930	0.944818	/home/neil/Downloads/dudleya/Dudleya_S_genomes/full_pipeline_run/results/05_analysis_masks/mtdna_permissive_coverage_regions.bed	/home/neil/Downloads/dudleya/Dudleya_S_genomes/full_pipeline_run/results/06_all_sample_alignment/qc/CY_BOU_LP_354_Du-742.depth.tsv
CY_BOU_LP_354_Du-742	QB3.Berkeley.251217/QB3.Results.260109	D. cymosa	CY_BOU	mtdna_high_confidence_unique	mtDNA	variant_calling_and_population_genetics	mitochondria	2	44930	6981571	155.387736	44930	1.000000	44928	0.999955	44927	0.999933	/home/neil/Downloads/dudleya/Dudleya_S_genomes/full_pipeline_run/results/05_analysis_masks/mtdna_high_confidence_unique_regions.bed	/home/neil/Downloads/dudleya/Dudleya_S_genomes/full_pipeline_run/results/06_all_sample_alignment/qc/CY_BOU_LP_354_Du-742.depth.tsv
CY_CAS_LP_328_Du-610	QB3.Berkeley.251217/QB3.Results.260109	D. cymosa	CY_CAS	cpdna_full_coverage	cpDNA	sample_qc_coverage	chloroplast	1	150274	177085966	1178.420525	150271	0.999980	150263	0.999927	150247	0.999820	/home/neil/Downloads/dudleya/Dudleya_S_genomes/full_pipeline_run/results/05_analysis_masks/cpdna_full_coverage_regions.bed	/home/neil/Downloads/dudleya/Dudleya_S_genomes/full_pipeline_run/results/06_all_sample_alignment/qc/CY_CAS_LP_328_Du-610.depth.tsv
CY_CAS_LP_328_Du-610	QB3.Berkeley.251217/QB3.Results.260109	D. cymosa	CY_CAS	cpdna_ir_regions	cpDNA	repeat_annotation	chloroplast	2	51472	56810639	1103.719284	51472	1.000000	51469	0.999942	51467	0.999903	/home/neil/Downloads/dudleya/Dudleya_S_genomes/full_pipeline_run/results/05_analysis_masks/cpdna_ir_regions.bed	/home/neil/Downloads/dudleya/Dudleya_S_genomes/full_pipeline_run/results/06_all_sample_alignment/qc/CY_CAS_LP_328_Du-610.depth.tsv
CY_CAS_LP_328_Du-610	QB3.Berkeley.251217/QB3.Results.260109	D. cymosa	CY_CAS	cpdna_duplicate_ir_mask	cpDNA	mask	chloroplast	1	25736	28006772	1088.233292	25736	1.000000	25734	0.999922	25732	0.999845	/home/neil/Downloads/dudleya/Dudleya_S_genomes/full_pipeline_run/results/05_analysis_masks/cpdna_duplicate_ir_copy_mask.bed	/home/neil/Downloads/dudleya/Dudleya_S_genomes/full_pipeline_run/results/06_all_sample_alignment/qc/CY_CAS_LP_328_Du-610.depth.tsv
CY_CAS_LP_328_Du-610	QB3.Berkeley.251217/QB3.Results.260109	D. cymosa	CY_CAS	cpdna_population_sites	cpDNA	variant_calling_and_population_genetics	chloroplast	1	124538	149079194	1197.057878	124535	0.999976	124529	0.999928	124515	0.999815	/home/neil/Downloads/dudleya/Dudleya_S_genomes/full_pipeline_run/results/05_analysis_masks/cpdna_population_sites.bed	/home/neil/Downloads/dudleya/Dudleya_S_genomes/full_pipeline_run/results/06_all_sample_alignment/qc/CY_CAS_LP_328_Du-610.depth.tsv
CY_CAS_LP_328_Du-610	QB3.Berkeley.251217/QB3.Results.260109	D. cymosa	CY_CAS	mtdna_permissive_coverage	mtDNA	sample_qc_coverage	mitochondria	1	243359	19927580	81.885527	230537	0.947312	229586	0.943405	229500	0.943051	/home/neil/Downloads/dudleya/Dudleya_S_genomes/full_pipeline_run/results/05_analysis_masks/mtdna_permissive_coverage_regions.bed	/home/neil/Downloads/dudleya/Dudleya_S_genomes/full_pipeline_run/results/06_all_sample_alignment/qc/CY_CAS_LP_328_Du-610.depth.tsv
CY_CAS_LP_328_Du-610	QB3.Berkeley.251217/QB3.Results.260109	D. cymosa	CY_CAS	mtdna_high_confidence_unique	mtDNA	variant_calling_and_population_genetics	mitochondria	2	44930	6388151	142.180080	44924	0.999866	44914	0.999644	44913	0.999622	/home/neil/Downloads/dudleya/Dudleya_S_genomes/full_pipeline_run/results/05_analysis_masks/mtdna_high_confidence_unique_regions.bed	/home/neil/Downloads/dudleya/Dudleya_S_genomes/full_pipeline_run/results/06_all_sample_alignment/qc/CY_CAS_LP_328_Du-610.depth.tsv
CY_CAS_LP_329_Du-611	QB3.Berkeley.251217/QB3.Results.260109	D. cymosa	CY_CAS	cpdna_full_coverage	cpDNA	sample_qc_coverage	chloroplast	1	150274	365369871	2431.357860	150274	1.000000	150228	0.999694	150138	0.999095	/home/neil/Downloads/dudleya/Dudleya_S_genomes/full_pipeline_run/results/05_analysis_masks/cpdna_full_coverage_regions.bed	/home/neil/Downloads/dudleya/Dudleya_S_genomes/full_pipeline_run/results/06_all_sample_alignment/qc/CY_CAS_LP_329_Du-611.depth.tsv
CY_CAS_LP_329_Du-611	QB3.Berkeley.251217/QB3.Results.260109	D. cymosa	CY_CAS	cpdna_ir_regions	cpDNA	repeat_annotation	chloroplast	2	51472	118521278	2302.635957	51472	1.000000	51472	1.000000	51470	0.999961	/home/neil/Downloads/dudleya/Dudleya_S_genomes/full_pipeline_run/results/05_analysis_masks/cpdna_ir_regions.bed	/home/neil/Downloads/dudleya/Dudleya_S_genomes/full_pipeline_run/results/06_all_sample_alignment/qc/CY_CAS_LP_329_Du-611.depth.tsv
CY_CAS_LP_329_Du-611	QB3.Berkeley.251217/QB3.Results.260109	D. cymosa	CY_CAS	cpdna_duplicate_ir_mask	cpDNA	mask	chloroplast	1	25736	58522375	2273.949915	25736	1.000000	25736	1.000000	25735	0.999961	/home/neil/Downloads/dudleya/Dudleya_S_genomes/full_pipeline_run/results/05_analysis_masks/cpdna_duplicate_ir_copy_mask.bed	/home/neil/Downloads/dudleya/Dudleya_S_genomes/full_pipeline_run/results/06_all_sample_alignment/qc/CY_CAS_LP_329_Du-611.depth.tsv
CY_CAS_LP_329_Du-611	QB3.Berkeley.251217/QB3.Results.260109	D. cymosa	CY_CAS	cpdna_population_sites	cpDNA	variant_calling_and_population_genetics	chloroplast	1	124538	306847496	2463.886492	124538	1.000000	124492	0.999631	124403	0.998916	/home/neil/Downloads/dudleya/Dudleya_S_genomes/full_pipeline_run/results/05_analysis_masks/cpdna_population_sites.bed	/home/neil/Downloads/dudleya/Dudleya_S_genomes/full_pipeline_run/results/06_all_sample_alignment/qc/CY_CAS_LP_329_Du-611.depth.tsv
CY_CAS_LP_329_Du-611	QB3.Berkeley.251217/QB3.Results.260109	D. cymosa	CY_CAS	mtdna_permissive_coverage	mtDNA	sample_qc_coverage	mitochondria	1	243359	18766774	77.115595	230602	0.947580	230103	0.945529	230034	0.945246	/home/neil/Downloads/dudleya/Dudleya_S_genomes/full_pipeline_run/results/05_analysis_masks/mtdna_permissive_coverage_regions.bed	/home/neil/Downloads/dudleya/Dudleya_S_genomes/full_pipeline_run/results/06_all_sample_alignment/qc/CY_CAS_LP_329_Du-611.depth.tsv
CY_CAS_LP_329_Du-611	QB3.Berkeley.251217/QB3.Results.260109	D. cymosa	CY_CAS	mtdna_high_confidence_unique	mtDNA	variant_calling_and_population_genetics	mitochondria	2	44930	6013970	133.851992	44929	0.999978	44927	0.999933	44927	0.999933	/home/neil/Downloads/dudleya/Dudleya_S_genomes/full_pipeline_run/results/05_analysis_masks/mtdna_high_confidence_unique_regions.bed	/home/neil/Downloads/dudleya/Dudleya_S_genomes/full_pipeline_run/results/06_all_sample_alignment/qc/CY_CAS_LP_329_Du-611.depth.tsv
CY_CAS_LP_330_Du-607	QB3.Berkeley.251217/QB3.Results.260109	D. cymosa	CY_CAS	cpdna_full_coverage	cpDNA	sample_qc_coverage	chloroplast	1	150274	57954660	385.659928	150229	0.999701	150154	0.999201	150083	0.998729	/home/neil/Downloads/dudleya/Dudleya_S_genomes/full_pipeline_run/results/05_analysis_masks/cpdna_full_coverage_regions.bed	/home/neil/Downloads/dudleya/Dudleya_S_genomes/full_pipeline_run/results/06_all_sample_alignment/qc/CY_CAS_LP_330_Du-607.depth.tsv
CY_CAS_LP_330_Du-607	QB3.Berkeley.251217/QB3.Results.260109	D. cymosa	CY_CAS	cpdna_ir_regions	cpDNA	repeat_annotation	chloroplast	2	51472	21219796	412.259015	51470	0.999961	51465	0.999864	51457	0.999709	/home/neil/Downloads/dudleya/Dudleya_S_genomes/full_pipeline_run/results/05_analysis_masks/cpdna_ir_regions.bed	/home/neil/Downloads/dudleya/Dudleya_S_genomes/full_pipeline_run/results/06_all_sample_alignment/qc/CY_CAS_LP_330_Du-607.depth.tsv
CY_CAS_LP_330_Du-607	QB3.Berkeley.251217/QB3.Results.260109	D. cymosa	CY_CAS	cpdna_duplicate_ir_mask	cpDNA	mask	chloroplast	1	25736	10448804	405.999534	25735	0.999961	25730	0.999767	25723	0.999495	/home/neil/Downloads/dudleya/Dudleya_S_genomes/full_pipeline_run/results/05_analysis_masks/cpdna_duplicate_ir_copy_mask.bed	/home/neil/Downloads/dudleya/Dudleya_S_genomes/full_pipeline_run/results/06_all_sample_alignment/qc/CY_CAS_LP_330_Du-607.depth.tsv
CY_CAS_LP_330_Du-607	QB3.Berkeley.251217/QB3.Results.260109	D. cymosa	CY_CAS	cpdna_population_sites	cpDNA	variant_calling_and_population_genetics	chloroplast	1	124538	47505856	381.456712	124494	0.999647	124424	0.999085	124360	0.998571	/home/neil/Downloads/dudleya/Dudleya_S_genomes/full_pipeline_run/results/05_analysis_masks/cpdna_population_sites.bed	/home/neil/Downloads/dudleya/Dudleya_S_genomes/full_pipeline_run/results/06_all_sample_alignment/qc/CY_CAS_LP_330_Du-607.depth.tsv
CY_CAS_LP_330_Du-607	QB3.Berkeley.251217/QB3.Results.260109	D. cymosa	CY_CAS	mtdna_permissive_coverage	mtDNA	sample_qc_coverage	mitochondria	1	243359	4196534	17.244211	230079	0.945430	225972	0.928554	193666	0.795804	/home/neil/Downloads/dudleya/Dudleya_S_genomes/full_pipeline_run/results/05_analysis_masks/mtdna_permissive_coverage_regions.bed	/home/neil/Downloads/dudleya/Dudleya_S_genomes/full_pipeline_run/results/06_all_sample_alignment/qc/CY_CAS_LP_330_Du-607.depth.tsv
CY_CAS_LP_330_Du-607	QB3.Berkeley.251217/QB3.Results.260109	D. cymosa	CY_CAS	mtdna_high_confidence_unique	mtDNA	variant_calling_and_population_genetics	mitochondria	2	44930	1331710	29.639662	44927	0.999933	44927	0.999933	44813	0.997396	/home/neil/Downloads/dudleya/Dudleya_S_genomes/full_pipeline_run/results/05_analysis_masks/mtdna_high_confidence_unique_regions.bed	/home/neil/Downloads/dudleya/Dudleya_S_genomes/full_pipeline_run/results/06_all_sample_alignment/qc/CY_CAS_LP_330_Du-607.depth.tsv
CY_CAS_LP_331_Du-608	QB3.Berkeley.251217/QB3.Results.260109	D. cymosa	CY_CAS	cpdna_full_coverage	cpDNA	sample_qc_coverage	chloroplast	1	150274	91278636	607.414696	150274	1.000000	150263	0.999927	150112	0.998922	/home/neil/Downloads/dudleya/Dudleya_S_genomes/full_pipeline_run/results/05_analysis_masks/cpdna_full_coverage_regions.bed	/home/neil/Downloads/dudleya/Dudleya_S_genomes/full_pipeline_run/results/06_all_sample_alignment/qc/CY_CAS_LP_331_Du-608.depth.tsv
CY_CAS_LP_331_Du-608	QB3.Berkeley.251217/QB3.Results.260109	D. cymosa	CY_CAS	cpdna_ir_regions	cpDNA	repeat_annotation	chloroplast	2	51472	28956632	562.570563	51472	1.000000	51469	0.999942	51465	0.999864	/home/neil/Downloads/dudleya/Dudleya_S_genomes/full_pipeline_run/results/05_analysis_masks/cpdna_ir_regions.bed	/home/neil/Downloads/dudleya/Dudleya_S_genomes/full_pipeline_run/results/06_all_sample_alignment/qc/CY_CAS_LP_331_Du-608.depth.tsv
CY_CAS_LP_331_Du-608	QB3.Berkeley.251217/QB3.Results.260109	D. cymosa	CY_CAS	cpdna_duplicate_ir_mask	cpDNA	mask	chloroplast	1	25736	14331151	556.852308	25736	1.000000	25734	0.999922	25731	0.999806	/home/neil/Downloads/dudleya/Dudleya_S_genomes/full_pipeline_run/results/05_analysis_masks/cpdna_duplicate_ir_copy_mask.bed	/home/neil/Downloads/dudleya/Dudleya_S_genomes/full_pipeline_run/results/06_all_sample_alignment/qc/CY_CAS_LP_331_Du-608.depth.tsv
CY_CAS_LP_331_Du-608	QB3.Berkeley.251217/QB3.Results.260109	D. cymosa	CY_CAS	cpdna_population_sites	cpDNA	variant_calling_and_population_genetics	chloroplast	1	124538	76947485	617.863504	124538	1.000000	124529	0.999928	124381	0.998739	/home/neil/Downloads/dudleya/Dudleya_S_genomes/full_pipeline_run/results/05_analysis_masks/cpdna_population_sites.bed	/home/neil/Downloads/dudleya/Dudleya_S_genomes/full_pipeline_run/results/06_all_sample_alignment/qc/CY_CAS_LP_331_Du-608.depth.tsv
CY_CAS_LP_331_Du-608	QB3.Berkeley.251217/QB3.Results.260109	D. cymosa	CY_CAS	mtdna_permissive_coverage	mtDNA	sample_qc_coverage	mitochondria	1	243359	5790387	23.793601	230452	0.946963	229545	0.943236	220711	0.906936	/home/neil/Downloads/dudleya/Dudleya_S_genomes/full_pipeline_run/results/05_analysis_masks/mtdna_permissive_coverage_regions.bed	/home/neil/Downloads/dudleya/Dudleya_S_genomes/full_pipeline_run/results/06_all_sample_alignment/qc/CY_CAS_LP_331_Du-608.depth.tsv
CY_CAS_LP_331_Du-608	QB3.Berkeley.251217/QB3.Results.260109	D. cymosa	CY_CAS	mtdna_high_confidence_unique	mtDNA	variant_calling_and_population_genetics	mitochondria	2	44930	1843082	41.021189	44929	0.999978	44927	0.999933	44870	0.998665	/home/neil/Downloads/dudleya/Dudleya_S_genomes/full_pipeline_run/results/05_analysis_masks/mtdna_high_confidence_unique_regions.bed	/home/neil/Downloads/dudleya/Dudleya_S_genomes/full_pipeline_run/results/06_all_sample_alignment/qc/CY_CAS_LP_331_Du-608.depth.tsv
CY_CAS_LP_332_Du-609	QB3.Berkeley.251217/QB3.Results.260109	D. cymosa	CY_CAS	cpdna_full_coverage	cpDNA	sample_qc_coverage	chloroplast	1	150274	383098408	2549.332606	150274	1.000000	150273	0.999993	150196	0.999481	/home/neil/Downloads/dudleya/Dudleya_S_genomes/full_pipeline_run/results/05_analysis_masks/cpdna_full_coverage_regions.bed	/home/neil/Downloads/dudleya/Dudleya_S_genomes/full_pipeline_run/results/06_all_sample_alignment/qc/CY_CAS_LP_332_Du-609.depth.tsv
CY_CAS_LP_332_Du-609	QB3.Berkeley.251217/QB3.Results.260109	D. cymosa	CY_CAS	cpdna_ir_regions	cpDNA	repeat_annotation	chloroplast	2	51472	127555615	2478.155405	51472	1.000000	51471	0.999981	51470	0.999961	/home/neil/Downloads/dudleya/Dudleya_S_genomes/full_pipeline_run/results/05_analysis_masks/cpdna_ir_regions.bed	/home/neil/Downloads/dudleya/Dudleya_S_genomes/full_pipeline_run/results/06_all_sample_alignment/qc/CY_CAS_LP_332_Du-609.depth.tsv
CY_CAS_LP_332_Du-609	QB3.Berkeley.251217/QB3.Results.260109	D. cymosa	CY_CAS	cpdna_duplicate_ir_mask	cpDNA	mask	chloroplast	1	25736	62912890	2444.548104	25736	1.000000	25735	0.999961	25734	0.999922	/home/neil/Downloads/dudleya/Dudleya_S_genomes/full_pipeline_run/results/05_analysis_masks/cpdna_duplicate_ir_copy_mask.bed	/home/neil/Downloads/dudleya/Dudleya_S_genomes/full_pipeline_run/results/06_all_sample_alignment/qc/CY_CAS_LP_332_Du-609.depth.tsv
CY_CAS_LP_332_Du-609	QB3.Berkeley.251217/QB3.Results.260109	D. cymosa	CY_CAS	cpdna_population_sites	cpDNA	variant_calling_and_population_genetics	chloroplast	1	124538	320185518	2570.986510	124538	1.000000	124538	1.000000	124462	0.999390	/home/neil/Downloads/dudleya/Dudleya_S_genomes/full_pipeline_run/results/05_analysis_masks/cpdna_population_sites.bed	/home/neil/Downloads/dudleya/Dudleya_S_genomes/full_pipeline_run/results/06_all_sample_alignment/qc/CY_CAS_LP_332_Du-609.depth.tsv
CY_CAS_LP_332_Du-609	QB3.Berkeley.251217/QB3.Results.260109	D. cymosa	CY_CAS	mtdna_permissive_coverage	mtDNA	sample_qc_coverage	mitochondria	1	243359	23980605	98.540038	230654	0.947793	230112	0.945566	230036	0.945254	/home/neil/Downloads/dudleya/Dudleya_S_genomes/full_pipeline_run/results/05_analysis_masks/mtdna_permissive_coverage_regions.bed	/home/neil/Downloads/dudleya/Dudleya_S_genomes/full_pipeline_run/results/06_all_sample_alignment/qc/CY_CAS_LP_332_Du-609.depth.tsv
CY_CAS_LP_332_Du-609	QB3.Berkeley.251217/QB3.Results.260109	D. cymosa	CY_CAS	mtdna_high_confidence_unique	mtDNA	variant_calling_and_population_genetics	mitochondria	2	44930	7747562	172.436279	44930	1.000000	44927	0.999933	44927	0.999933	/home/neil/Downloads/dudleya/Dudleya_S_genomes/full_pipeline_run/results/05_analysis_masks/mtdna_high_confidence_unique_regions.bed	/home/neil/Downloads/dudleya/Dudleya_S_genomes/full_pipeline_run/results/06_all_sample_alignment/qc/CY_CAS_LP_332_Du-609.depth.tsv
CY_HICN_LP_236_Du-614	QB3.Berkeley.251217/QB3.Results.260109	D. cymosa	CY_HICN	cpdna_full_coverage	cpDNA	sample_qc_coverage	chloroplast	1	150274	287446215	1912.814026	150274	1.000000	150272	0.999987	150258	0.999894	/home/neil/Downloads/dudleya/Dudleya_S_genomes/full_pipeline_run/results/05_analysis_masks/cpdna_full_coverage_regions.bed	/home/neil/Downloads/dudleya/Dudleya_S_genomes/full_pipeline_run/results/06_all_sample_alignment/qc/CY_HICN_LP_236_Du-614.depth.tsv
CY_HICN_LP_236_Du-614	QB3.Berkeley.251217/QB3.Results.260109	D. cymosa	CY_HICN	cpdna_ir_regions	cpDNA	repeat_annotation	chloroplast	2	51472	93912853	1824.542528	51472	1.000000	51470	0.999961	51465	0.999864	/home/neil/Downloads/dudleya/Dudleya_S_genomes/full_pipeline_run/results/05_analysis_masks/cpdna_ir_regions.bed	/home/neil/Downloads/dudleya/Dudleya_S_genomes/full_pipeline_run/results/06_all_sample_alignment/qc/CY_HICN_LP_236_Du-614.depth.tsv
CY_HICN_LP_236_Du-614	QB3.Berkeley.251217/QB3.Results.260109	D. cymosa	CY_HICN	cpdna_duplicate_ir_mask	cpDNA	mask	chloroplast	1	25736	46087970	1790.797715	25736	1.000000	25734	0.999922	25730	0.999767	/home/neil/Downloads/dudleya/Dudleya_S_genomes/full_pipeline_run/results/05_analysis_masks/cpdna_duplicate_ir_copy_mask.bed	/home/neil/Downloads/dudleya/Dudleya_S_genomes/full_pipeline_run/results/06_all_sample_alignment/qc/CY_HICN_LP_236_Du-614.depth.tsv
CY_HICN_LP_236_Du-614	QB3.Berkeley.251217/QB3.Results.260109	D. cymosa	CY_HICN	cpdna_population_sites	cpDNA	variant_calling_and_population_genetics	chloroplast	1	124538	241358245	1938.028915	124538	1.000000	124538	1.000000	124528	0.999920	/home/neil/Downloads/dudleya/Dudleya_S_genomes/full_pipeline_run/results/05_analysis_masks/cpdna_population_sites.bed	/home/neil/Downloads/dudleya/Dudleya_S_genomes/full_pipeline_run/results/06_all_sample_alignment/qc/CY_HICN_LP_236_Du-614.depth.tsv
CY_HICN_LP_236_Du-614	QB3.Berkeley.251217/QB3.Results.260109	D. cymosa	CY_HICN	mtdna_permissive_coverage	mtDNA	sample_qc_coverage	mitochondria	1	243359	31955128	131.308593	243115	0.998997	242820	0.997785	242801	0.997707	/home/neil/Downloads/dudleya/Dudleya_S_genomes/full_pipeline_run/results/05_analysis_masks/mtdna_permissive_coverage_regions.bed	/home/neil/Downloads/dudleya/Dudleya_S_genomes/full_pipeline_run/results/06_all_sample_alignment/qc/CY_HICN_LP_236_Du-614.depth.tsv
CY_HICN_LP_236_Du-614	QB3.Berkeley.251217/QB3.Results.260109	D. cymosa	CY_HICN	mtdna_high_confidence_unique	mtDNA	variant_calling_and_population_genetics	mitochondria	2	44930	9652535	214.834966	44930	1.000000	44928	0.999955	44926	0.999911	/home/neil/Downloads/dudleya/Dudleya_S_genomes/full_pipeline_run/results/05_analysis_masks/mtdna_high_confidence_unique_regions.bed	/home/neil/Downloads/dudleya/Dudleya_S_genomes/full_pipeline_run/results/06_all_sample_alignment/qc/CY_HICN_LP_236_Du-614.depth.tsv
CY_HICN_LP_333_Du-612	QB3.Berkeley.251217/QB3.Results.260109	D. cymosa	CY_HICN	cpdna_full_coverage	cpDNA	sample_qc_coverage	chloroplast	1	150274	88731011	590.461497	150273	0.999993	150256	0.999880	150229	0.999701	/home/neil/Downloads/dudleya/Dudleya_S_genomes/full_pipeline_run/results/05_analysis_masks/cpdna_full_coverage_regions.bed	/home/neil/Downloads/dudleya/Dudleya_S_genomes/full_pipeline_run/results/06_all_sample_alignment/qc/CY_HICN_LP_333_Du-612.depth.tsv
CY_HICN_LP_333_Du-612	QB3.Berkeley.251217/QB3.Results.260109	D. cymosa	CY_HICN	cpdna_ir_regions	cpDNA	repeat_annotation	chloroplast	2	51472	29547022	574.040682	51471	0.999981	51469	0.999942	51466	0.999883	/home/neil/Downloads/dudleya/Dudleya_S_genomes/full_pipeline_run/results/05_analysis_masks/cpdna_ir_regions.bed	/home/neil/Downloads/dudleya/Dudleya_S_genomes/full_pipeline_run/results/06_all_sample_alignment/qc/CY_HICN_LP_333_Du-612.depth.tsv
CY_HICN_LP_333_Du-612	QB3.Berkeley.251217/QB3.Results.260109	D. cymosa	CY_HICN	cpdna_duplicate_ir_mask	cpDNA	mask	chloroplast	1	25736	14602284	567.387473	25736	1.000000	25734	0.999922	25731	0.999806	/home/neil/Downloads/dudleya/Dudleya_S_genomes/full_pipeline_run/results/05_analysis_masks/cpdna_duplicate_ir_copy_mask.bed	/home/neil/Downloads/dudleya/Dudleya_S_genomes/full_pipeline_run/results/06_all_sample_alignment/qc/CY_HICN_LP_333_Du-612.depth.tsv
CY_HICN_LP_333_Du-612	QB3.Berkeley.251217/QB3.Results.260109	D. cymosa	CY_HICN	cpdna_population_sites	cpDNA	variant_calling_and_population_genetics	chloroplast	1	124538	74128727	595.229785	124537	0.999992	124522	0.999872	124498	0.999679	/home/neil/Downloads/dudleya/Dudleya_S_genomes/full_pipeline_run/results/05_analysis_masks/cpdna_population_sites.bed	/home/neil/Downloads/dudleya/Dudleya_S_genomes/full_pipeline_run/results/06_all_sample_alignment/qc/CY_HICN_LP_333_Du-612.depth.tsv
CY_HICN_LP_333_Du-612	QB3.Berkeley.251217/QB3.Results.260109	D. cymosa	CY_HICN	mtdna_permissive_coverage	mtDNA	sample_qc_coverage	mitochondria	1	243359	9223057	37.898976	243340	0.999922	242837	0.997855	242278	0.995558	/home/neil/Downloads/dudleya/Dudleya_S_genomes/full_pipeline_run/results/05_analysis_masks/mtdna_permissive_coverage_regions.bed	/home/neil/Downloads/dudleya/Dudleya_S_genomes/full_pipeline_run/results/06_all_sample_alignment/qc/CY_HICN_LP_333_Du-612.depth.tsv
CY_HICN_LP_333_Du-612	QB3.Berkeley.251217/QB3.Results.260109	D. cymosa	CY_HICN	mtdna_high_confidence_unique	mtDNA	variant_calling_and_population_genetics	mitochondria	2	44930	2826555	62.910194	44930	1.000000	44926	0.999911	44920	0.999777	/home/neil/Downloads/dudleya/Dudleya_S_genomes/full_pipeline_run/results/05_analysis_masks/mtdna_high_confidence_unique_regions.bed	/home/neil/Downloads/dudleya/Dudleya_S_genomes/full_pipeline_run/results/06_all_sample_alignment/qc/CY_HICN_LP_333_Du-612.depth.tsv
CY_HICN_LP_334_Du-613	QB3.Berkeley.251217/QB3.Results.260109	D. cymosa	CY_HICN	cpdna_full_coverage	cpDNA	sample_qc_coverage	chloroplast	1	150274	50262181	334.470241	150263	0.999927	150256	0.999880	150245	0.999807	/home/neil/Downloads/dudleya/Dudleya_S_genomes/full_pipeline_run/results/05_analysis_masks/cpdna_full_coverage_regions.bed	/home/neil/Downloads/dudleya/Dudleya_S_genomes/full_pipeline_run/results/06_all_sample_alignment/qc/CY_HICN_LP_334_Du-613.depth.tsv
CY_HICN_LP_334_Du-613	QB3.Berkeley.251217/QB3.Results.260109	D. cymosa	CY_HICN	cpdna_ir_regions	cpDNA	repeat_annotation	chloroplast	2	51472	16206591	314.862275	51471	0.999981	51467	0.999903	51458	0.999728	/home/neil/Downloads/dudleya/Dudleya_S_genomes/full_pipeline_run/results/05_analysis_masks/cpdna_ir_regions.bed	/home/neil/Downloads/dudleya/Dudleya_S_genomes/full_pipeline_run/results/06_all_sample_alignment/qc/CY_HICN_LP_334_Du-613.depth.tsv
CY_HICN_LP_334_Du-613	QB3.Berkeley.251217/QB3.Results.260109	D. cymosa	CY_HICN	cpdna_duplicate_ir_mask	cpDNA	mask	chloroplast	1	25736	8016097	311.474083	25735	0.999961	25732	0.999845	25724	0.999534	/home/neil/Downloads/dudleya/Dudleya_S_genomes/full_pipeline_run/results/05_analysis_masks/cpdna_duplicate_ir_copy_mask.bed	/home/neil/Downloads/dudleya/Dudleya_S_genomes/full_pipeline_run/results/06_all_sample_alignment/qc/CY_HICN_LP_334_Du-613.depth.tsv
CY_HICN_LP_334_Du-613	QB3.Berkeley.251217/QB3.Results.260109	D. cymosa	CY_HICN	cpdna_population_sites	cpDNA	variant_calling_and_population_genetics	chloroplast	1	124538	42246084	339.222438	124528	0.999920	124524	0.999888	124521	0.999863	/home/neil/Downloads/dudleya/Dudleya_S_genomes/full_pipeline_run/results/05_analysis_masks/cpdna_population_sites.bed	/home/neil/Downloads/dudleya/Dudleya_S_genomes/full_pipeline_run/results/06_all_sample_alignment/qc/CY_HICN_LP_334_Du-613.depth.tsv
CY_HICN_LP_334_Du-613	QB3.Berkeley.251217/QB3.Results.260109	D. cymosa	CY_HICN	mtdna_permissive_coverage	mtDNA	sample_qc_coverage	mitochondria	1	243359	6600543	27.122658	243013	0.998578	242445	0.996244	236417	0.971474	/home/neil/Downloads/dudleya/Dudleya_S_genomes/full_pipeline_run/results/05_analysis_masks/mtdna_permissive_coverage_regions.bed	/home/neil/Downloads/dudleya/Dudleya_S_genomes/full_pipeline_run/results/06_all_sample_alignment/qc/CY_HICN_LP_334_Du-613.depth.tsv
CY_HICN_LP_334_Du-613	QB3.Berkeley.251217/QB3.Results.260109	D. cymosa	CY_HICN	mtdna_high_confidence_unique	mtDNA	variant_calling_and_population_genetics	mitochondria	2	44930	1970311	43.852905	44928	0.999955	44926	0.999911	44905	0.999444	/home/neil/Downloads/dudleya/Dudleya_S_genomes/full_pipeline_run/results/05_analysis_masks/mtdna_high_confidence_unique_regions.bed	/home/neil/Downloads/dudleya/Dudleya_S_genomes/full_pipeline_run/results/06_all_sample_alignment/qc/CY_HICN_LP_334_Du-613.depth.tsv
CY_HICN_LP_335_Du-615	QB3.Berkeley.251217/QB3.Results.260109	D. cymosa	CY_HICN	cpdna_full_coverage	cpDNA	sample_qc_coverage	chloroplast	1	150274	205559011	1367.894719	150274	1.000000	150254	0.999867	150241	0.999780	/home/neil/Downloads/dudleya/Dudleya_S_genomes/full_pipeline_run/results/05_analysis_masks/cpdna_full_coverage_regions.bed	/home/neil/Downloads/dudleya/Dudleya_S_genomes/full_pipeline_run/results/06_all_sample_alignment/qc/CY_HICN_LP_335_Du-615.depth.tsv
CY_HICN_LP_335_Du-615	QB3.Berkeley.251217/QB3.Results.260109	D. cymosa	CY_HICN	cpdna_ir_regions	cpDNA	repeat_annotation	chloroplast	2	51472	66084002	1283.882538	51472	1.000000	51469	0.999942	51467	0.999903	/home/neil/Downloads/dudleya/Dudleya_S_genomes/full_pipeline_run/results/05_analysis_masks/cpdna_ir_regions.bed	/home/neil/Downloads/dudleya/Dudleya_S_genomes/full_pipeline_run/results/06_all_sample_alignment/qc/CY_HICN_LP_335_Du-615.depth.tsv
CY_HICN_LP_335_Du-615	QB3.Berkeley.251217/QB3.Results.260109	D. cymosa	CY_HICN	cpdna_duplicate_ir_mask	cpDNA	mask	chloroplast	1	25736	32678163	1269.745221	25736	1.000000	25733	0.999883	25732	0.999845	/home/neil/Downloads/dudleya/Dudleya_S_genomes/full_pipeline_run/results/05_analysis_masks/cpdna_duplicate_ir_copy_mask.bed	/home/neil/Downloads/dudleya/Dudleya_S_genomes/full_pipeline_run/results/06_all_sample_alignment/qc/CY_HICN_LP_335_Du-615.depth.tsv
CY_HICN_LP_335_Du-615	QB3.Berkeley.251217/QB3.Results.260109	D. cymosa	CY_HICN	cpdna_population_sites	cpDNA	variant_calling_and_population_genetics	chloroplast	1	124538	172880848	1388.177488	124538	1.000000	124521	0.999863	124509	0.999767	/home/neil/Downloads/dudleya/Dudleya_S_genomes/full_pipeline_run/results/05_analysis_masks/cpdna_population_sites.bed	/home/neil/Downloads/dudleya/Dudleya_S_genomes/full_pipeline_run/results/06_all_sample_alignment/qc/CY_HICN_LP_335_Du-615.depth.tsv
CY_HICN_LP_335_Du-615	QB3.Berkeley.251217/QB3.Results.260109	D. cymosa	CY_HICN	mtdna_permissive_coverage	mtDNA	sample_qc_coverage	mitochondria	1	243359	25337375	104.115217	243013	0.998578	242825	0.997806	242803	0.997715	/home/neil/Downloads/dudleya/Dudleya_S_genomes/full_pipeline_run/results/05_analysis_masks/mtdna_permissive_coverage_regions.bed	/home/neil/Downloads/dudleya/Dudleya_S_genomes/full_pipeline_run/results/06_all_sample_alignment/qc/CY_HICN_LP_335_Du-615.depth.tsv
CY_HICN_LP_335_Du-615	QB3.Berkeley.251217/QB3.Results.260109	D. cymosa	CY_HICN	mtdna_high_confidence_unique	mtDNA	variant_calling_and_population_genetics	mitochondria	2	44930	7792402	173.434276	44930	1.000000	44928	0.999955	44926	0.999911	/home/neil/Downloads/dudleya/Dudleya_S_genomes/full_pipeline_run/results/05_analysis_masks/mtdna_high_confidence_unique_regions.bed	/home/neil/Downloads/dudleya/Dudleya_S_genomes/full_pipeline_run/results/06_all_sample_alignment/qc/CY_HICN_LP_335_Du-615.depth.tsv
CY_HICN_LP_336_Du-616	QB3.Berkeley.251217/QB3.Results.260109	D. cymosa	CY_HICN	cpdna_full_coverage	cpDNA	sample_qc_coverage	chloroplast	1	150274	200836906	1336.471419	150272	0.999987	150250	0.999840	150219	0.999634	/home/neil/Downloads/dudleya/Dudleya_S_genomes/full_pipeline_run/results/05_analysis_masks/cpdna_full_coverage_regions.bed	/home/neil/Downloads/dudleya/Dudleya_S_genomes/full_pipeline_run/results/06_all_sample_alignment/qc/CY_HICN_LP_336_Du-616.depth.tsv
CY_HICN_LP_336_Du-616	QB3.Berkeley.251217/QB3.Results.260109	D. cymosa	CY_HICN	cpdna_ir_regions	cpDNA	repeat_annotation	chloroplast	2	51472	65748234	1277.359224	51472	1.000000	51469	0.999942	51467	0.999903	/home/neil/Downloads/dudleya/Dudleya_S_genomes/full_pipeline_run/results/05_analysis_masks/cpdna_ir_regions.bed	/home/neil/Downloads/dudleya/Dudleya_S_genomes/full_pipeline_run/results/06_all_sample_alignment/qc/CY_HICN_LP_336_Du-616.depth.tsv
CY_HICN_LP_336_Du-616	QB3.Berkeley.251217/QB3.Results.260109	D. cymosa	CY_HICN	cpdna_duplicate_ir_mask	cpDNA	mask	chloroplast	1	25736	32451828	1260.950730	25736	1.000000	25734	0.999922	25732	0.999845	/home/neil/Downloads/dudleya/Dudleya_S_genomes/full_pipeline_run/results/05_analysis_masks/cpdna_duplicate_ir_copy_mask.bed	/home/neil/Downloads/dudleya/Dudleya_S_genomes/full_pipeline_run/results/06_all_sample_alignment/qc/CY_HICN_LP_336_Du-616.depth.tsv
CY_HICN_LP_336_Du-616	QB3.Berkeley.251217/QB3.Results.260109	D. cymosa	CY_HICN	cpdna_population_sites	cpDNA	variant_calling_and_population_genetics	chloroplast	1	124538	168385078	1352.077904	124536	0.999984	124516	0.999823	124487	0.999590	/home/neil/Downloads/dudleya/Dudleya_S_genomes/full_pipeline_run/results/05_analysis_masks/cpdna_population_sites.bed	/home/neil/Downloads/dudleya/Dudleya_S_genomes/full_pipeline_run/results/06_all_sample_alignment/qc/CY_HICN_LP_336_Du-616.depth.tsv
CY_HICN_LP_336_Du-616	QB3.Berkeley.251217/QB3.Results.260109	D. cymosa	CY_HICN	mtdna_permissive_coverage	mtDNA	sample_qc_coverage	mitochondria	1	243359	17667734	72.599468	242996	0.998508	242809	0.997740	242767	0.997567	/home/neil/Downloads/dudleya/Dudleya_S_genomes/full_pipeline_run/results/05_analysis_masks/mtdna_permissive_coverage_regions.bed	/home/neil/Downloads/dudleya/Dudleya_S_genomes/full_pipeline_run/results/06_all_sample_alignment/qc/CY_HICN_LP_336_Du-616.depth.tsv
CY_HICN_LP_336_Du-616	QB3.Berkeley.251217/QB3.Results.260109	D. cymosa	CY_HICN	mtdna_high_confidence_unique	mtDNA	variant_calling_and_population_genetics	mitochondria	2	44930	5359217	119.279257	44928	0.999955	44926	0.999911	44926	0.999911	/home/neil/Downloads/dudleya/Dudleya_S_genomes/full_pipeline_run/results/05_analysis_masks/mtdna_high_confidence_unique_regions.bed	/home/neil/Downloads/dudleya/Dudleya_S_genomes/full_pipeline_run/results/06_all_sample_alignment/qc/CY_HICN_LP_336_Du-616.depth.tsv
CY_HICS_LP_293_Du-757	QB3.Berkeley.251217/QB3.Results.260109	D. cymosa	CY_HICS	cpdna_full_coverage	cpDNA	sample_qc_coverage	chloroplast	1	150274	74779959	497.624067	150272	0.999987	150269	0.999967	150264	0.999933	/home/neil/Downloads/dudleya/Dudleya_S_genomes/full_pipeline_run/results/05_analysis_masks/cpdna_full_coverage_regions.bed	/home/neil/Downloads/dudleya/Dudleya_S_genomes/full_pipeline_run/results/06_all_sample_alignment/qc/CY_HICS_LP_293_Du-757.depth.tsv
CY_HICS_LP_293_Du-757	QB3.Berkeley.251217/QB3.Results.260109	D. cymosa	CY_HICS	cpdna_ir_regions	cpDNA	repeat_annotation	chloroplast	2	51472	24725096	480.360118	51470	0.999961	51468	0.999922	51463	0.999825	/home/neil/Downloads/dudleya/Dudleya_S_genomes/full_pipeline_run/results/05_analysis_masks/cpdna_ir_regions.bed	/home/neil/Downloads/dudleya/Dudleya_S_genomes/full_pipeline_run/results/06_all_sample_alignment/qc/CY_HICS_LP_293_Du-757.depth.tsv
CY_HICS_LP_293_Du-757	QB3.Berkeley.251217/QB3.Results.260109	D. cymosa	CY_HICS	cpdna_duplicate_ir_mask	cpDNA	mask	chloroplast	1	25736	12113597	470.686859	25735	0.999961	25733	0.999883	25728	0.999689	/home/neil/Downloads/dudleya/Dudleya_S_genomes/full_pipeline_run/results/05_analysis_masks/cpdna_duplicate_ir_copy_mask.bed	/home/neil/Downloads/dudleya/Dudleya_S_genomes/full_pipeline_run/results/06_all_sample_alignment/qc/CY_HICS_LP_293_Du-757.depth.tsv
CY_HICS_LP_293_Du-757	QB3.Berkeley.251217/QB3.Results.260109	D. cymosa	CY_HICS	cpdna_population_sites	cpDNA	variant_calling_and_population_genetics	chloroplast	1	124538	62666362	503.190689	124537	0.999992	124536	0.999984	124536	0.999984	/home/neil/Downloads/dudleya/Dudleya_S_genomes/full_pipeline_run/results/05_analysis_masks/cpdna_population_sites.bed	/home/neil/Downloads/dudleya/Dudleya_S_genomes/full_pipeline_run/results/06_all_sample_alignment/qc/CY_HICS_LP_293_Du-757.depth.tsv
CY_HICS_LP_293_Du-757	QB3.Berkeley.251217/QB3.Results.260109	D. cymosa	CY_HICS	mtdna_permissive_coverage	mtDNA	sample_qc_coverage	mitochondria	1	243359	16828697	69.151735	230325	0.946441	230072	0.945402	230017	0.945176	/home/neil/Downloads/dudleya/Dudleya_S_genomes/full_pipeline_run/results/05_analysis_masks/mtdna_permissive_coverage_regions.bed	/home/neil/Downloads/dudleya/Dudleya_S_genomes/full_pipeline_run/results/06_all_sample_alignment/qc/CY_HICS_LP_293_Du-757.depth.tsv
CY_HICS_LP_293_Du-757	QB3.Berkeley.251217/QB3.Results.260109	D. cymosa	CY_HICS	mtdna_high_confidence_unique	mtDNA	variant_calling_and_population_genetics	mitochondria	2	44930	5467164	121.681816	44930	1.000000	44927	0.999933	44927	0.999933	/home/neil/Downloads/dudleya/Dudleya_S_genomes/full_pipeline_run/results/05_analysis_masks/mtdna_high_confidence_unique_regions.bed	/home/neil/Downloads/dudleya/Dudleya_S_genomes/full_pipeline_run/results/06_all_sample_alignment/qc/CY_HICS_LP_293_Du-757.depth.tsv
CY_HICS_LP_295_Du-759	QB3.Berkeley.251217/QB3.Results.260109	D. cymosa	CY_HICS	cpdna_full_coverage	cpDNA	sample_qc_coverage	chloroplast	1	150274	6808073	45.304397	150250	0.999840	150137	0.999088	149843	0.997132	/home/neil/Downloads/dudleya/Dudleya_S_genomes/full_pipeline_run/results/05_analysis_masks/cpdna_full_coverage_regions.bed	/home/neil/Downloads/dudleya/Dudleya_S_genomes/full_pipeline_run/results/06_all_sample_alignment/qc/CY_HICS_LP_295_Du-759.depth.tsv
CY_HICS_LP_295_Du-759	QB3.Berkeley.251217/QB3.Results.260109	D. cymosa	CY_HICS	cpdna_ir_regions	cpDNA	repeat_annotation	chloroplast	2	51472	2406608	46.755673	51452	0.999611	51352	0.997669	51126	0.993278	/home/neil/Downloads/dudleya/Dudleya_S_genomes/full_pipeline_run/results/05_analysis_masks/cpdna_ir_regions.bed	/home/neil/Downloads/dudleya/Dudleya_S_genomes/full_pipeline_run/results/06_all_sample_alignment/qc/CY_HICS_LP_295_Du-759.depth.tsv
CY_HICS_LP_295_Du-759	QB3.Berkeley.251217/QB3.Results.260109	D. cymosa	CY_HICS	cpdna_duplicate_ir_mask	cpDNA	mask	chloroplast	1	25736	1198063	46.552028	25726	0.999611	25648	0.996581	25476	0.989897	/home/neil/Downloads/dudleya/Dudleya_S_genomes/full_pipeline_run/results/05_analysis_masks/cpdna_duplicate_ir_copy_mask.bed	/home/neil/Downloads/dudleya/Dudleya_S_genomes/full_pipeline_run/results/06_all_sample_alignment/qc/CY_HICS_LP_295_Du-759.depth.tsv
CY_HICS_LP_295_Du-759	QB3.Berkeley.251217/QB3.Results.260109	D. cymosa	CY_HICS	cpdna_population_sites	cpDNA	variant_calling_and_population_genetics	chloroplast	1	124538	5610010	45.046572	124524	0.999888	124489	0.999607	124367	0.998627	/home/neil/Downloads/dudleya/Dudleya_S_genomes/full_pipeline_run/results/05_analysis_masks/cpdna_population_sites.bed	/home/neil/Downloads/dudleya/Dudleya_S_genomes/full_pipeline_run/results/06_all_sample_alignment/qc/CY_HICS_LP_295_Du-759.depth.tsv
CY_HICS_LP_295_Du-759	QB3.Berkeley.251217/QB3.Results.260109	D. cymosa	CY_HICS	mtdna_permissive_coverage	mtDNA	sample_qc_coverage	mitochondria	1	243359	1754239	7.208441	226460	0.930559	165564	0.680328	65221	0.268003	/home/neil/Downloads/dudleya/Dudleya_S_genomes/full_pipeline_run/results/05_analysis_masks/mtdna_permissive_coverage_regions.bed	/home/neil/Downloads/dudleya/Dudleya_S_genomes/full_pipeline_run/results/06_all_sample_alignment/qc/CY_HICS_LP_295_Du-759.depth.tsv
CY_HICS_LP_295_Du-759	QB3.Berkeley.251217/QB3.Results.260109	D. cymosa	CY_HICS	mtdna_high_confidence_unique	mtDNA	variant_calling_and_population_genetics	mitochondria	2	44930	568577	12.654730	44869	0.998642	43086	0.958958	30764	0.684710	/home/neil/Downloads/dudleya/Dudleya_S_genomes/full_pipeline_run/results/05_analysis_masks/mtdna_high_confidence_unique_regions.bed	/home/neil/Downloads/dudleya/Dudleya_S_genomes/full_pipeline_run/results/06_all_sample_alignment/qc/CY_HICS_LP_295_Du-759.depth.tsv
CY_HICS_LP_297_Du-761	QB3.Berkeley.251217/QB3.Results.260109	D. cymosa	CY_HICS	cpdna_full_coverage	cpDNA	sample_qc_coverage	chloroplast	1	150274	31161648	207.365532	150270	0.999973	150258	0.999894	150220	0.999641	/home/neil/Downloads/dudleya/Dudleya_S_genomes/full_pipeline_run/results/05_analysis_masks/cpdna_full_coverage_regions.bed	/home/neil/Downloads/dudleya/Dudleya_S_genomes/full_pipeline_run/results/06_all_sample_alignment/qc/CY_HICS_LP_297_Du-761.depth.tsv
CY_HICS_LP_297_Du-761	QB3.Berkeley.251217/QB3.Results.260109	D. cymosa	CY_HICS	cpdna_ir_regions	cpDNA	repeat_annotation	chloroplast	2	51472	12692364	246.587737	51468	0.999922	51457	0.999709	51426	0.999106	/home/neil/Downloads/dudleya/Dudleya_S_genomes/full_pipeline_run/results/05_analysis_masks/cpdna_ir_regions.bed	/home/neil/Downloads/dudleya/Dudleya_S_genomes/full_pipeline_run/results/06_all_sample_alignment/qc/CY_HICS_LP_297_Du-761.depth.tsv
CY_HICS_LP_297_Du-761	QB3.Berkeley.251217/QB3.Results.260109	D. cymosa	CY_HICS	cpdna_duplicate_ir_mask	cpDNA	mask	chloroplast	1	25736	6240580	242.484458	25732	0.999845	25722	0.999456	25700	0.998601	/home/neil/Downloads/dudleya/Dudleya_S_genomes/full_pipeline_run/results/05_analysis_masks/cpdna_duplicate_ir_copy_mask.bed	/home/neil/Downloads/dudleya/Dudleya_S_genomes/full_pipeline_run/results/06_all_sample_alignment/qc/CY_HICS_LP_297_Du-761.depth.tsv
CY_HICS_LP_297_Du-761	QB3.Berkeley.251217/QB3.Results.260109	D. cymosa	CY_HICS	cpdna_population_sites	cpDNA	variant_calling_and_population_genetics	chloroplast	1	124538	24921068	200.108144	124538	1.000000	124536	0.999984	124520	0.999855	/home/neil/Downloads/dudleya/Dudleya_S_genomes/full_pipeline_run/results/05_analysis_masks/cpdna_population_sites.bed	/home/neil/Downloads/dudleya/Dudleya_S_genomes/full_pipeline_run/results/06_all_sample_alignment/qc/CY_HICS_LP_297_Du-761.depth.tsv
CY_HICS_LP_297_Du-761	QB3.Berkeley.251217/QB3.Results.260109	D. cymosa	CY_HICS	mtdna_permissive_coverage	mtDNA	sample_qc_coverage	mitochondria	1	243359	3244895	13.333778	230147	0.945710	217481	0.893663	154594	0.635251	/home/neil/Downloads/dudleya/Dudleya_S_genomes/full_pipeline_run/results/05_analysis_masks/mtdna_permissive_coverage_regions.bed	/home/neil/Downloads/dudleya/Dudleya_S_genomes/full_pipeline_run/results/06_all_sample_alignment/qc/CY_HICS_LP_297_Du-761.depth.tsv
CY_HICS_LP_297_Du-761	QB3.Berkeley.251217/QB3.Results.260109	D. cymosa	CY_HICS	mtdna_high_confidence_unique	mtDNA	variant_calling_and_population_genetics	mitochondria	2	44930	1041150	23.172713	44927	0.999933	44754	0.996083	42904	0.954908	/home/neil/Downloads/dudleya/Dudleya_S_genomes/full_pipeline_run/results/05_analysis_masks/mtdna_high_confidence_unique_regions.bed	/home/neil/Downloads/dudleya/Dudleya_S_genomes/full_pipeline_run/results/06_all_sample_alignment/qc/CY_HICS_LP_297_Du-761.depth.tsv
CY_HICS_LP_355_Du-762	QB3.Berkeley.251217/QB3.Results.260109	D. cymosa	CY_HICS	cpdna_full_coverage	cpDNA	sample_qc_coverage	chloroplast	1	150274	164364955	1093.768416	150274	1.000000	150269	0.999967	150268	0.999960	/home/neil/Downloads/dudleya/Dudleya_S_genomes/full_pipeline_run/results/05_analysis_masks/cpdna_full_coverage_regions.bed	/home/neil/Downloads/dudleya/Dudleya_S_genomes/full_pipeline_run/results/06_all_sample_alignment/qc/CY_HICS_LP_355_Du-762.depth.tsv
CY_HICS_LP_355_Du-762	QB3.Berkeley.251217/QB3.Results.260109	D. cymosa	CY_HICS	cpdna_ir_regions	cpDNA	repeat_annotation	chloroplast	2	51472	56562954	1098.907251	51472	1.000000	51468	0.999922	51467	0.999903	/home/neil/Downloads/dudleya/Dudleya_S_genomes/full_pipeline_run/results/05_analysis_masks/cpdna_ir_regions.bed	/home/neil/Downloads/dudleya/Dudleya_S_genomes/full_pipeline_run/results/06_all_sample_alignment/qc/CY_HICS_LP_355_Du-762.depth.tsv
CY_HICS_LP_355_Du-762	QB3.Berkeley.251217/QB3.Results.260109	D. cymosa	CY_HICS	cpdna_duplicate_ir_mask	cpDNA	mask	chloroplast	1	25736	27698265	1076.245920	25736	1.000000	25733	0.999883	25732	0.999845	/home/neil/Downloads/dudleya/Dudleya_S_genomes/full_pipeline_run/results/05_analysis_masks/cpdna_duplicate_ir_copy_mask.bed	/home/neil/Downloads/dudleya/Dudleya_S_genomes/full_pipeline_run/results/06_all_sample_alignment/qc/CY_HICS_LP_355_Du-762.depth.tsv
CY_HICS_LP_355_Du-762	QB3.Berkeley.251217/QB3.Results.260109	D. cymosa	CY_HICS	cpdna_population_sites	cpDNA	variant_calling_and_population_genetics	chloroplast	1	124538	136666690	1097.389471	124538	1.000000	124536	0.999984	124536	0.999984	/home/neil/Downloads/dudleya/Dudleya_S_genomes/full_pipeline_run/results/05_analysis_masks/cpdna_population_sites.bed	/home/neil/Downloads/dudleya/Dudleya_S_genomes/full_pipeline_run/results/06_all_sample_alignment/qc/CY_HICS_LP_355_Du-762.depth.tsv
CY_HICS_LP_355_Du-762	QB3.Berkeley.251217/QB3.Results.260109	D. cymosa	CY_HICS	mtdna_permissive_coverage	mtDNA	sample_qc_coverage	mitochondria	1	243359	19937435	81.926023	230694	0.947958	230060	0.945352	229999	0.945102	/home/neil/Downloads/dudleya/Dudleya_S_genomes/full_pipeline_run/results/05_analysis_masks/mtdna_permissive_coverage_regions.bed	/home/neil/Downloads/dudleya/Dudleya_S_genomes/full_pipeline_run/results/06_all_sample_alignment/qc/CY_HICS_LP_355_Du-762.depth.tsv
CY_HICS_LP_355_Du-762	QB3.Berkeley.251217/QB3.Results.260109	D. cymosa	CY_HICS	mtdna_high_confidence_unique	mtDNA	variant_calling_and_population_genetics	mitochondria	2	44930	6358703	141.524661	44928	0.999955	44927	0.999933	44927	0.999933	/home/neil/Downloads/dudleya/Dudleya_S_genomes/full_pipeline_run/results/05_analysis_masks/mtdna_high_confidence_unique_regions.bed	/home/neil/Downloads/dudleya/Dudleya_S_genomes/full_pipeline_run/results/06_all_sample_alignment/qc/CY_HICS_LP_355_Du-762.depth.tsv
CY_HICS_LP_356_Du-763	QB3.Berkeley.251217/QB3.Results.260109	D. cymosa	CY_HICS	cpdna_full_coverage	cpDNA	sample_qc_coverage	chloroplast	1	150274	76459729	508.802115	150274	1.000000	150270	0.999973	150262	0.999920	/home/neil/Downloads/dudleya/Dudleya_S_genomes/full_pipeline_run/results/05_analysis_masks/cpdna_full_coverage_regions.bed	/home/neil/Downloads/dudleya/Dudleya_S_genomes/full_pipeline_run/results/06_all_sample_alignment/qc/CY_HICS_LP_356_Du-763.depth.tsv
CY_HICS_LP_356_Du-763	QB3.Berkeley.251217/QB3.Results.260109	D. cymosa	CY_HICS	cpdna_ir_regions	cpDNA	repeat_annotation	chloroplast	2	51472	29589583	574.867559	51472	1.000000	51469	0.999942	51461	0.999786	/home/neil/Downloads/dudleya/Dudleya_S_genomes/full_pipeline_run/results/05_analysis_masks/cpdna_ir_regions.bed	/home/neil/Downloads/dudleya/Dudleya_S_genomes/full_pipeline_run/results/06_all_sample_alignment/qc/CY_HICS_LP_356_Du-763.depth.tsv
CY_HICS_LP_356_Du-763	QB3.Berkeley.251217/QB3.Results.260109	D. cymosa	CY_HICS	cpdna_duplicate_ir_mask	cpDNA	mask	chloroplast	1	25736	14327703	556.718332	25736	1.000000	25734	0.999922	25726	0.999611	/home/neil/Downloads/dudleya/Dudleya_S_genomes/full_pipeline_run/results/05_analysis_masks/cpdna_duplicate_ir_copy_mask.bed	/home/neil/Downloads/dudleya/Dudleya_S_genomes/full_pipeline_run/results/06_all_sample_alignment/qc/CY_HICS_LP_356_Du-763.depth.tsv
CY_HICS_LP_356_Du-763	QB3.Berkeley.251217/QB3.Results.260109	D. cymosa	CY_HICS	cpdna_population_sites	cpDNA	variant_calling_and_population_genetics	chloroplast	1	124538	62132026	498.900143	124538	1.000000	124536	0.999984	124536	0.999984	/home/neil/Downloads/dudleya/Dudleya_S_genomes/full_pipeline_run/results/05_analysis_masks/cpdna_population_sites.bed	/home/neil/Downloads/dudleya/Dudleya_S_genomes/full_pipeline_run/results/06_all_sample_alignment/qc/CY_HICS_LP_356_Du-763.depth.tsv
CY_HICS_LP_356_Du-763	QB3.Berkeley.251217/QB3.Results.260109	D. cymosa	CY_HICS	mtdna_permissive_coverage	mtDNA	sample_qc_coverage	mitochondria	1	243359	5522244	22.691760	230148	0.945714	229316	0.942295	220869	0.907585	/home/neil/Downloads/dudleya/Dudleya_S_genomes/full_pipeline_run/results/05_analysis_masks/mtdna_permissive_coverage_regions.bed	/home/neil/Downloads/dudleya/Dudleya_S_genomes/full_pipeline_run/results/06_all_sample_alignment/qc/CY_HICS_LP_356_Du-763.depth.tsv
CY_HICS_LP_356_Du-763	QB3.Berkeley.251217/QB3.Results.260109	D. cymosa	CY_HICS	mtdna_high_confidence_unique	mtDNA	variant_calling_and_population_genetics	mitochondria	2	44930	1749257	38.932940	44927	0.999933	44927	0.999933	44914	0.999644	/home/neil/Downloads/dudleya/Dudleya_S_genomes/full_pipeline_run/results/05_analysis_masks/mtdna_high_confidence_unique_regions.bed	/home/neil/Downloads/dudleya/Dudleya_S_genomes/full_pipeline_run/results/06_all_sample_alignment/qc/CY_HICS_LP_356_Du-763.depth.tsv
CY_HUN_LP_264_Du-683	QB3.Berkeley.251217/QB3.Results.260109	D. cymosa	CY_HUN	cpdna_full_coverage	cpDNA	sample_qc_coverage	chloroplast	1	150274	28313951	188.415501	150224	0.999667	150180	0.999374	150127	0.999022	/home/neil/Downloads/dudleya/Dudleya_S_genomes/full_pipeline_run/results/05_analysis_masks/cpdna_full_coverage_regions.bed	/home/neil/Downloads/dudleya/Dudleya_S_genomes/full_pipeline_run/results/06_all_sample_alignment/qc/CY_HUN_LP_264_Du-683.depth.tsv
CY_HUN_LP_264_Du-683	QB3.Berkeley.251217/QB3.Results.260109	D. cymosa	CY_HUN	cpdna_ir_regions	cpDNA	repeat_annotation	chloroplast	2	51472	9523735	185.027491	51468	0.999922	51448	0.999534	51413	0.998854	/home/neil/Downloads/dudleya/Dudleya_S_genomes/full_pipeline_run/results/05_analysis_masks/cpdna_ir_regions.bed	/home/neil/Downloads/dudleya/Dudleya_S_genomes/full_pipeline_run/results/06_all_sample_alignment/qc/CY_HUN_LP_264_Du-683.depth.tsv
CY_HUN_LP_264_Du-683	QB3.Berkeley.251217/QB3.Results.260109	D. cymosa	CY_HUN	cpdna_duplicate_ir_mask	cpDNA	mask	chloroplast	1	25736	4665264	181.273858	25733	0.999883	25717	0.999262	25688	0.998135	/home/neil/Downloads/dudleya/Dudleya_S_genomes/full_pipeline_run/results/05_analysis_masks/cpdna_duplicate_ir_copy_mask.bed	/home/neil/Downloads/dudleya/Dudleya_S_genomes/full_pipeline_run/results/06_all_sample_alignment/qc/CY_HUN_LP_264_Du-683.depth.tsv
CY_HUN_LP_264_Du-683	QB3.Berkeley.251217/QB3.Results.260109	D. cymosa	CY_HUN	cpdna_population_sites	cpDNA	variant_calling_and_population_genetics	chloroplast	1	124538	23648687	189.891334	124491	0.999623	124463	0.999398	124439	0.999205	/home/neil/Downloads/dudleya/Dudleya_S_genomes/full_pipeline_run/results/05_analysis_masks/cpdna_population_sites.bed	/home/neil/Downloads/dudleya/Dudleya_S_genomes/full_pipeline_run/results/06_all_sample_alignment/qc/CY_HUN_LP_264_Du-683.depth.tsv
CY_HUN_LP_264_Du-683	QB3.Berkeley.251217/QB3.Results.260109	D. cymosa	CY_HUN	mtdna_permissive_coverage	mtDNA	sample_qc_coverage	mitochondria	1	243359	2630452	10.808937	242425	0.996162	218603	0.898274	120792	0.496353	/home/neil/Downloads/dudleya/Dudleya_S_genomes/full_pipeline_run/results/05_analysis_masks/mtdna_permissive_coverage_regions.bed	/home/neil/Downloads/dudleya/Dudleya_S_genomes/full_pipeline_run/results/06_all_sample_alignment/qc/CY_HUN_LP_264_Du-683.depth.tsv
CY_HUN_LP_264_Du-683	QB3.Berkeley.251217/QB3.Results.260109	D. cymosa	CY_HUN	mtdna_high_confidence_unique	mtDNA	variant_calling_and_population_genetics	mitochondria	2	44930	814902	18.137147	44921	0.999800	44710	0.995103	41807	0.930492	/home/neil/Downloads/dudleya/Dudleya_S_genomes/full_pipeline_run/results/05_analysis_masks/mtdna_high_confidence_unique_regions.bed	/home/neil/Downloads/dudleya/Dudleya_S_genomes/full_pipeline_run/results/06_all_sample_alignment/qc/CY_HUN_LP_264_Du-683.depth.tsv
CY_HUN_LP_265_Du-684	QB3.Berkeley.251217/QB3.Results.260109	D. cymosa	CY_HUN	cpdna_full_coverage	cpDNA	sample_qc_coverage	chloroplast	1	150274	1791722	11.923034	149807	0.996892	143172	0.952740	100549	0.669104	/home/neil/Downloads/dudleya/Dudleya_S_genomes/full_pipeline_run/results/05_analysis_masks/cpdna_full_coverage_regions.bed	/home/neil/Downloads/dudleya/Dudleya_S_genomes/full_pipeline_run/results/06_all_sample_alignment/qc/CY_HUN_LP_265_Du-684.depth.tsv
CY_HUN_LP_265_Du-684	QB3.Berkeley.251217/QB3.Results.260109	D. cymosa	CY_HUN	cpdna_ir_regions	cpDNA	repeat_annotation	chloroplast	2	51472	621891	12.082122	51204	0.994793	48927	0.950556	35642	0.692454	/home/neil/Downloads/dudleya/Dudleya_S_genomes/full_pipeline_run/results/05_analysis_masks/cpdna_ir_regions.bed	/home/neil/Downloads/dudleya/Dudleya_S_genomes/full_pipeline_run/results/06_all_sample_alignment/qc/CY_HUN_LP_265_Du-684.depth.tsv
CY_HUN_LP_265_Du-684	QB3.Berkeley.251217/QB3.Results.260109	D. cymosa	CY_HUN	cpdna_duplicate_ir_mask	cpDNA	mask	chloroplast	1	25736	304494	11.831442	25516	0.991452	23900	0.928660	17489	0.679554	/home/neil/Downloads/dudleya/Dudleya_S_genomes/full_pipeline_run/results/05_analysis_masks/cpdna_duplicate_ir_copy_mask.bed	/home/neil/Downloads/dudleya/Dudleya_S_genomes/full_pipeline_run/results/06_all_sample_alignment/qc/CY_HUN_LP_265_Du-684.depth.tsv
CY_HUN_LP_265_Du-684	QB3.Berkeley.251217/QB3.Results.260109	D. cymosa	CY_HUN	cpdna_population_sites	cpDNA	variant_calling_and_population_genetics	chloroplast	1	124538	1487228	11.941961	124291	0.998017	119272	0.957716	83060	0.666945	/home/neil/Downloads/dudleya/Dudleya_S_genomes/full_pipeline_run/results/05_analysis_masks/cpdna_population_sites.bed	/home/neil/Downloads/dudleya/Dudleya_S_genomes/full_pipeline_run/results/06_all_sample_alignment/qc/CY_HUN_LP_265_Du-684.depth.tsv
CY_HUN_LP_265_Du-684	QB3.Berkeley.251217/QB3.Results.260109	D. cymosa	CY_HUN	mtdna_permissive_coverage	mtDNA	sample_qc_coverage	mitochondria	1	243359	92895	0.381720	52502	0.215739	643	0.002642	0	0.000000	/home/neil/Downloads/dudleya/Dudleya_S_genomes/full_pipeline_run/results/05_analysis_masks/mtdna_permissive_coverage_regions.bed	/home/neil/Downloads/dudleya/Dudleya_S_genomes/full_pipeline_run/results/06_all_sample_alignment/qc/CY_HUN_LP_265_Du-684.depth.tsv
CY_HUN_LP_265_Du-684	QB3.Berkeley.251217/QB3.Results.260109	D. cymosa	CY_HUN	mtdna_high_confidence_unique	mtDNA	variant_calling_and_population_genetics	mitochondria	2	44930	22996	0.511818	12645	0.281438	140	0.003116	0	0.000000	/home/neil/Downloads/dudleya/Dudleya_S_genomes/full_pipeline_run/results/05_analysis_masks/mtdna_high_confidence_unique_regions.bed	/home/neil/Downloads/dudleya/Dudleya_S_genomes/full_pipeline_run/results/06_all_sample_alignment/qc/CY_HUN_LP_265_Du-684.depth.tsv
CY_HUN_LP_266_Du-685	QB3.Berkeley.251217/QB3.Results.260109	D. cymosa	CY_HUN	cpdna_full_coverage	cpDNA	sample_qc_coverage	chloroplast	1	150274	42334304	281.714096	150241	0.999780	150188	0.999428	150143	0.999128	/home/neil/Downloads/dudleya/Dudleya_S_genomes/full_pipeline_run/results/05_analysis_masks/cpdna_full_coverage_regions.bed	/home/neil/Downloads/dudleya/Dudleya_S_genomes/full_pipeline_run/results/06_all_sample_alignment/qc/CY_HUN_LP_266_Du-685.depth.tsv
CY_HUN_LP_266_Du-685	QB3.Berkeley.251217/QB3.Results.260109	D. cymosa	CY_HUN	cpdna_ir_regions	cpDNA	repeat_annotation	chloroplast	2	51472	15126093	293.870318	51471	0.999981	51454	0.999650	51419	0.998970	/home/neil/Downloads/dudleya/Dudleya_S_genomes/full_pipeline_run/results/05_analysis_masks/cpdna_ir_regions.bed	/home/neil/Downloads/dudleya/Dudleya_S_genomes/full_pipeline_run/results/06_all_sample_alignment/qc/CY_HUN_LP_266_Du-685.depth.tsv
CY_HUN_LP_266_Du-685	QB3.Berkeley.251217/QB3.Results.260109	D. cymosa	CY_HUN	cpdna_duplicate_ir_mask	cpDNA	mask	chloroplast	1	25736	7367680	286.279142	25736	1.000000	25721	0.999417	25695	0.998407	/home/neil/Downloads/dudleya/Dudleya_S_genomes/full_pipeline_run/results/05_analysis_masks/cpdna_duplicate_ir_copy_mask.bed	/home/neil/Downloads/dudleya/Dudleya_S_genomes/full_pipeline_run/results/06_all_sample_alignment/qc/CY_HUN_LP_266_Du-685.depth.tsv
CY_HUN_LP_266_Du-685	QB3.Berkeley.251217/QB3.Results.260109	D. cymosa	CY_HUN	cpdna_population_sites	cpDNA	variant_calling_and_population_genetics	chloroplast	1	124538	34966624	280.770721	124505	0.999735	124467	0.999430	124448	0.999277	/home/neil/Downloads/dudleya/Dudleya_S_genomes/full_pipeline_run/results/05_analysis_masks/cpdna_population_sites.bed	/home/neil/Downloads/dudleya/Dudleya_S_genomes/full_pipeline_run/results/06_all_sample_alignment/qc/CY_HUN_LP_266_Du-685.depth.tsv
CY_HUN_LP_266_Du-685	QB3.Berkeley.251217/QB3.Results.260109	D. cymosa	CY_HUN	mtdna_permissive_coverage	mtDNA	sample_qc_coverage	mitochondria	1	243359	3525374	14.486310	242931	0.998241	234203	0.962377	171869	0.706236	/home/neil/Downloads/dudleya/Dudleya_S_genomes/full_pipeline_run/results/05_analysis_masks/mtdna_permissive_coverage_regions.bed	/home/neil/Downloads/dudleya/Dudleya_S_genomes/full_pipeline_run/results/06_all_sample_alignment/qc/CY_HUN_LP_266_Du-685.depth.tsv
CY_HUN_LP_266_Du-685	QB3.Berkeley.251217/QB3.Results.260109	D. cymosa	CY_HUN	mtdna_high_confidence_unique	mtDNA	variant_calling_and_population_genetics	mitochondria	2	44930	1093906	24.346895	44923	0.999844	44913	0.999622	43952	0.978233	/home/neil/Downloads/dudleya/Dudleya_S_genomes/full_pipeline_run/results/05_analysis_masks/mtdna_high_confidence_unique_regions.bed	/home/neil/Downloads/dudleya/Dudleya_S_genomes/full_pipeline_run/results/06_all_sample_alignment/qc/CY_HUN_LP_266_Du-685.depth.tsv
CY_HUN_LP_267_Du-686	QB3.Berkeley.251217/QB3.Results.260109	D. cymosa	CY_HUN	cpdna_full_coverage	cpDNA	sample_qc_coverage	chloroplast	1	150274	58692581	390.570431	150252	0.999854	150206	0.999547	150177	0.999355	/home/neil/Downloads/dudleya/Dudleya_S_genomes/full_pipeline_run/results/05_analysis_masks/cpdna_full_coverage_regions.bed	/home/neil/Downloads/dudleya/Dudleya_S_genomes/full_pipeline_run/results/06_all_sample_alignment/qc/CY_HUN_LP_267_Du-686.depth.tsv
CY_HUN_LP_267_Du-686	QB3.Berkeley.251217/QB3.Results.260109	D. cymosa	CY_HUN	cpdna_ir_regions	cpDNA	repeat_annotation	chloroplast	2	51472	21225407	412.368025	51472	1.000000	51462	0.999806	51453	0.999631	/home/neil/Downloads/dudleya/Dudleya_S_genomes/full_pipeline_run/results/05_analysis_masks/cpdna_ir_regions.bed	/home/neil/Downloads/dudleya/Dudleya_S_genomes/full_pipeline_run/results/06_all_sample_alignment/qc/CY_HUN_LP_267_Du-686.depth.tsv
CY_HUN_LP_267_Du-686	QB3.Berkeley.251217/QB3.Results.260109	D. cymosa	CY_HUN	cpdna_duplicate_ir_mask	cpDNA	mask	chloroplast	1	25736	10425435	405.091506	25736	1.000000	25727	0.999650	25721	0.999417	/home/neil/Downloads/dudleya/Dudleya_S_genomes/full_pipeline_run/results/05_analysis_masks/cpdna_duplicate_ir_copy_mask.bed	/home/neil/Downloads/dudleya/Dudleya_S_genomes/full_pipeline_run/results/06_all_sample_alignment/qc/CY_HUN_LP_267_Du-686.depth.tsv
CY_HUN_LP_267_Du-686	QB3.Berkeley.251217/QB3.Results.260109	D. cymosa	CY_HUN	cpdna_population_sites	cpDNA	variant_calling_and_population_genetics	chloroplast	1	124538	48267146	387.569625	124516	0.999823	124479	0.999526	124456	0.999342	/home/neil/Downloads/dudleya/Dudleya_S_genomes/full_pipeline_run/results/05_analysis_masks/cpdna_population_sites.bed	/home/neil/Downloads/dudleya/Dudleya_S_genomes/full_pipeline_run/results/06_all_sample_alignment/qc/CY_HUN_LP_267_Du-686.depth.tsv
CY_HUN_LP_267_Du-686	QB3.Berkeley.251217/QB3.Results.260109	D. cymosa	CY_HUN	mtdna_permissive_coverage	mtDNA	sample_qc_coverage	mitochondria	1	243359	3801203	15.619735	242701	0.997296	235544	0.967887	188516	0.774642	/home/neil/Downloads/dudleya/Dudleya_S_genomes/full_pipeline_run/results/05_analysis_masks/mtdna_permissive_coverage_regions.bed	/home/neil/Downloads/dudleya/Dudleya_S_genomes/full_pipeline_run/results/06_all_sample_alignment/qc/CY_HUN_LP_267_Du-686.depth.tsv
CY_HUN_LP_267_Du-686	QB3.Berkeley.251217/QB3.Results.260109	D. cymosa	CY_HUN	mtdna_high_confidence_unique	mtDNA	variant_calling_and_population_genetics	mitochondria	2	44930	1148271	25.556888	44922	0.999822	44916	0.999688	44340	0.986868	/home/neil/Downloads/dudleya/Dudleya_S_genomes/full_pipeline_run/results/05_analysis_masks/mtdna_high_confidence_unique_regions.bed	/home/neil/Downloads/dudleya/Dudleya_S_genomes/full_pipeline_run/results/06_all_sample_alignment/qc/CY_HUN_LP_267_Du-686.depth.tsv
CY_HUN_LP_268_Du-687	QB3.Berkeley.251217/QB3.Results.260109	D. cymosa	CY_HUN	cpdna_full_coverage	cpDNA	sample_qc_coverage	chloroplast	1	150274	32727212	217.783595	150244	0.999800	150198	0.999494	150145	0.999142	/home/neil/Downloads/dudleya/Dudleya_S_genomes/full_pipeline_run/results/05_analysis_masks/cpdna_full_coverage_regions.bed	/home/neil/Downloads/dudleya/Dudleya_S_genomes/full_pipeline_run/results/06_all_sample_alignment/qc/CY_HUN_LP_268_Du-687.depth.tsv
CY_HUN_LP_268_Du-687	QB3.Berkeley.251217/QB3.Results.260109	D. cymosa	CY_HUN	cpdna_ir_regions	cpDNA	repeat_annotation	chloroplast	2	51472	11092162	215.498951	51470	0.999961	51451	0.999592	51435	0.999281	/home/neil/Downloads/dudleya/Dudleya_S_genomes/full_pipeline_run/results/05_analysis_masks/cpdna_ir_regions.bed	/home/neil/Downloads/dudleya/Dudleya_S_genomes/full_pipeline_run/results/06_all_sample_alignment/qc/CY_HUN_LP_268_Du-687.depth.tsv
CY_HUN_LP_268_Du-687	QB3.Berkeley.251217/QB3.Results.260109	D. cymosa	CY_HUN	cpdna_duplicate_ir_mask	cpDNA	mask	chloroplast	1	25736	5458981	212.114587	25734	0.999922	25717	0.999262	25706	0.998834	/home/neil/Downloads/dudleya/Dudleya_S_genomes/full_pipeline_run/results/05_analysis_masks/cpdna_duplicate_ir_copy_mask.bed	/home/neil/Downloads/dudleya/Dudleya_S_genomes/full_pipeline_run/results/06_all_sample_alignment/qc/CY_HUN_LP_268_Du-687.depth.tsv
CY_HUN_LP_268_Du-687	QB3.Berkeley.251217/QB3.Results.260109	D. cymosa	CY_HUN	cpdna_population_sites	cpDNA	variant_calling_and_population_genetics	chloroplast	1	124538	27268231	218.955106	124510	0.999775	124481	0.999542	124439	0.999205	/home/neil/Downloads/dudleya/Dudleya_S_genomes/full_pipeline_run/results/05_analysis_masks/cpdna_population_sites.bed	/home/neil/Downloads/dudleya/Dudleya_S_genomes/full_pipeline_run/results/06_all_sample_alignment/qc/CY_HUN_LP_268_Du-687.depth.tsv
CY_HUN_LP_268_Du-687	QB3.Berkeley.251217/QB3.Results.260109	D. cymosa	CY_HUN	mtdna_permissive_coverage	mtDNA	sample_qc_coverage	mitochondria	1	243359	2577016	10.589360	242117	0.994896	213730	0.878250	122265	0.502406	/home/neil/Downloads/dudleya/Dudleya_S_genomes/full_pipeline_run/results/05_analysis_masks/mtdna_permissive_coverage_regions.bed	/home/neil/Downloads/dudleya/Dudleya_S_genomes/full_pipeline_run/results/06_all_sample_alignment/qc/CY_HUN_LP_268_Du-687.depth.tsv
CY_HUN_LP_268_Du-687	QB3.Berkeley.251217/QB3.Results.260109	D. cymosa	CY_HUN	mtdna_high_confidence_unique	mtDNA	variant_calling_and_population_genetics	mitochondria	2	44930	771410	17.169152	44904	0.999421	44426	0.988783	40162	0.893879	/home/neil/Downloads/dudleya/Dudleya_S_genomes/full_pipeline_run/results/05_analysis_masks/mtdna_high_confidence_unique_regions.bed	/home/neil/Downloads/dudleya/Dudleya_S_genomes/full_pipeline_run/results/06_all_sample_alignment/qc/CY_HUN_LP_268_Du-687.depth.tsv
CY_RED_LP_202_Du-561	QB3.Berkeley.251217/QB3.Results.260109	D. cymosa	CY_RED	cpdna_full_coverage	cpDNA	sample_qc_coverage	chloroplast	1	150274	57250	0.380971	34637	0.230492	511	0.003400	0	0.000000	/home/neil/Downloads/dudleya/Dudleya_S_genomes/full_pipeline_run/results/05_analysis_masks/cpdna_full_coverage_regions.bed	/home/neil/Downloads/dudleya/Dudleya_S_genomes/full_pipeline_run/results/06_all_sample_alignment/qc/CY_RED_LP_202_Du-561.depth.tsv
CY_RED_LP_202_Du-561	QB3.Berkeley.251217/QB3.Results.260109	D. cymosa	CY_RED	cpdna_ir_regions	cpDNA	repeat_annotation	chloroplast	2	51472	22523	0.437578	13751	0.267155	213	0.004138	0	0.000000	/home/neil/Downloads/dudleya/Dudleya_S_genomes/full_pipeline_run/results/05_analysis_masks/cpdna_ir_regions.bed	/home/neil/Downloads/dudleya/Dudleya_S_genomes/full_pipeline_run/results/06_all_sample_alignment/qc/CY_RED_LP_202_Du-561.depth.tsv
CY_RED_LP_202_Du-561	QB3.Berkeley.251217/QB3.Results.260109	D. cymosa	CY_RED	cpdna_duplicate_ir_mask	cpDNA	mask	chloroplast	1	25736	12748	0.495337	7786	0.302533	146	0.005673	0	0.000000	/home/neil/Downloads/dudleya/Dudleya_S_genomes/full_pipeline_run/results/05_analysis_masks/cpdna_duplicate_ir_copy_mask.bed	/home/neil/Downloads/dudleya/Dudleya_S_genomes/full_pipeline_run/results/06_all_sample_alignment/qc/CY_RED_LP_202_Du-561.depth.tsv
CY_RED_LP_202_Du-561	QB3.Berkeley.251217/QB3.Results.260109	D. cymosa	CY_RED	cpdna_population_sites	cpDNA	variant_calling_and_population_genetics	chloroplast	1	124538	44502	0.357337	26851	0.215605	365	0.002931	0	0.000000	/home/neil/Downloads/dudleya/Dudleya_S_genomes/full_pipeline_run/results/05_analysis_masks/cpdna_population_sites.bed	/home/neil/Downloads/dudleya/Dudleya_S_genomes/full_pipeline_run/results/06_all_sample_alignment/qc/CY_RED_LP_202_Du-561.depth.tsv
CY_RED_LP_202_Du-561	QB3.Berkeley.251217/QB3.Results.260109	D. cymosa	CY_RED	mtdna_permissive_coverage	mtDNA	sample_qc_coverage	mitochondria	1	243359	6353	0.026105	4087	0.016794	62	0.000255	0	0.000000	/home/neil/Downloads/dudleya/Dudleya_S_genomes/full_pipeline_run/results/05_analysis_masks/mtdna_permissive_coverage_regions.bed	/home/neil/Downloads/dudleya/Dudleya_S_genomes/full_pipeline_run/results/06_all_sample_alignment/qc/CY_RED_LP_202_Du-561.depth.tsv
CY_RED_LP_202_Du-561	QB3.Berkeley.251217/QB3.Results.260109	D. cymosa	CY_RED	mtdna_high_confidence_unique	mtDNA	variant_calling_and_population_genetics	mitochondria	2	44930	1388	0.030892	1021	0.022724	0	0.000000	0	0.000000	/home/neil/Downloads/dudleya/Dudleya_S_genomes/full_pipeline_run/results/05_analysis_masks/mtdna_high_confidence_unique_regions.bed	/home/neil/Downloads/dudleya/Dudleya_S_genomes/full_pipeline_run/results/06_all_sample_alignment/qc/CY_RED_LP_202_Du-561.depth.tsv
CY_SIE_LP_188_Du-445	QB3.Berkeley.251217/QB3.Results.260109	D. cymosa	CY_SIE	cpdna_full_coverage	cpDNA	sample_qc_coverage	chloroplast	1	150274	503888791	3353.133549	150274	1.000000	150266	0.999947	150256	0.999880	/home/neil/Downloads/dudleya/Dudleya_S_genomes/full_pipeline_run/results/05_analysis_masks/cpdna_full_coverage_regions.bed	/home/neil/Downloads/dudleya/Dudleya_S_genomes/full_pipeline_run/results/06_all_sample_alignment/qc/CY_SIE_LP_188_Du-445.depth.tsv
CY_SIE_LP_188_Du-445	QB3.Berkeley.251217/QB3.Results.260109	D. cymosa	CY_SIE	cpdna_ir_regions	cpDNA	repeat_annotation	chloroplast	2	51472	181814619	3532.301426	51472	1.000000	51471	0.999981	51471	0.999981	/home/neil/Downloads/dudleya/Dudleya_S_genomes/full_pipeline_run/results/05_analysis_masks/cpdna_ir_regions.bed	/home/neil/Downloads/dudleya/Dudleya_S_genomes/full_pipeline_run/results/06_all_sample_alignment/qc/CY_SIE_LP_188_Du-445.depth.tsv
CY_SIE_LP_188_Du-445	QB3.Berkeley.251217/QB3.Results.260109	D. cymosa	CY_SIE	cpdna_duplicate_ir_mask	cpDNA	mask	chloroplast	1	25736	88751484	3448.534504	25736	1.000000	25736	1.000000	25736	1.000000	/home/neil/Downloads/dudleya/Dudleya_S_genomes/full_pipeline_run/results/05_analysis_masks/cpdna_duplicate_ir_copy_mask.bed	/home/neil/Downloads/dudleya/Dudleya_S_genomes/full_pipeline_run/results/06_all_sample_alignment/qc/CY_SIE_LP_188_Du-445.depth.tsv
CY_SIE_LP_188_Du-445	QB3.Berkeley.251217/QB3.Results.260109	D. cymosa	CY_SIE	cpdna_population_sites	cpDNA	variant_calling_and_population_genetics	chloroplast	1	124538	415137307	3333.418772	124538	1.000000	124530	0.999936	124520	0.999855	/home/neil/Downloads/dudleya/Dudleya_S_genomes/full_pipeline_run/results/05_analysis_masks/cpdna_population_sites.bed	/home/neil/Downloads/dudleya/Dudleya_S_genomes/full_pipeline_run/results/06_all_sample_alignment/qc/CY_SIE_LP_188_Du-445.depth.tsv
CY_SIE_LP_188_Du-445	QB3.Berkeley.251217/QB3.Results.260109	D. cymosa	CY_SIE	mtdna_permissive_coverage	mtDNA	sample_qc_coverage	mitochondria	1	243359	49460642	203.241475	243083	0.998866	242847	0.997896	242822	0.997793	/home/neil/Downloads/dudleya/Dudleya_S_genomes/full_pipeline_run/results/05_analysis_masks/mtdna_permissive_coverage_regions.bed	/home/neil/Downloads/dudleya/Dudleya_S_genomes/full_pipeline_run/results/06_all_sample_alignment/qc/CY_SIE_LP_188_Du-445.depth.tsv
CY_SIE_LP_188_Du-445	QB3.Berkeley.251217/QB3.Results.260109	D. cymosa	CY_SIE	mtdna_high_confidence_unique	mtDNA	variant_calling_and_population_genetics	mitochondria	2	44930	15058090	335.145560	44930	1.000000	44930	1.000000	44927	0.999933	/home/neil/Downloads/dudleya/Dudleya_S_genomes/full_pipeline_run/results/05_analysis_masks/mtdna_high_confidence_unique_regions.bed	/home/neil/Downloads/dudleya/Dudleya_S_genomes/full_pipeline_run/results/06_all_sample_alignment/qc/CY_SIE_LP_188_Du-445.depth.tsv
CY_SIE_LP_189_Du-446	QB3.Berkeley.251217/QB3.Results.260109	D. cymosa	CY_SIE	cpdna_full_coverage	cpDNA	sample_qc_coverage	chloroplast	1	150274	674013235	4485.228549	150267	0.999953	150261	0.999913	150240	0.999774	/home/neil/Downloads/dudleya/Dudleya_S_genomes/full_pipeline_run/results/05_analysis_masks/cpdna_full_coverage_regions.bed	/home/neil/Downloads/dudleya/Dudleya_S_genomes/full_pipeline_run/results/06_all_sample_alignment/qc/CY_SIE_LP_189_Du-446.depth.tsv
CY_SIE_LP_189_Du-446	QB3.Berkeley.251217/QB3.Results.260109	D. cymosa	CY_SIE	cpdna_ir_regions	cpDNA	repeat_annotation	chloroplast	2	51472	256168476	4976.851026	51472	1.000000	51472	1.000000	51472	1.000000	/home/neil/Downloads/dudleya/Dudleya_S_genomes/full_pipeline_run/results/05_analysis_masks/cpdna_ir_regions.bed	/home/neil/Downloads/dudleya/Dudleya_S_genomes/full_pipeline_run/results/06_all_sample_alignment/qc/CY_SIE_LP_189_Du-446.depth.tsv
CY_SIE_LP_189_Du-446	QB3.Berkeley.251217/QB3.Results.260109	D. cymosa	CY_SIE	cpdna_duplicate_ir_mask	cpDNA	mask	chloroplast	1	25736	124592858	4841.189695	25736	1.000000	25736	1.000000	25736	1.000000	/home/neil/Downloads/dudleya/Dudleya_S_genomes/full_pipeline_run/results/05_analysis_masks/cpdna_duplicate_ir_copy_mask.bed	/home/neil/Downloads/dudleya/Dudleya_S_genomes/full_pipeline_run/results/06_all_sample_alignment/qc/CY_SIE_LP_189_Du-446.depth.tsv
CY_SIE_LP_189_Du-446	QB3.Berkeley.251217/QB3.Results.260109	D. cymosa	CY_SIE	cpdna_population_sites	cpDNA	variant_calling_and_population_genetics	chloroplast	1	124538	549420377	4411.668543	124531	0.999944	124525	0.999896	124504	0.999727	/home/neil/Downloads/dudleya/Dudleya_S_genomes/full_pipeline_run/results/05_analysis_masks/cpdna_population_sites.bed	/home/neil/Downloads/dudleya/Dudleya_S_genomes/full_pipeline_run/results/06_all_sample_alignment/qc/CY_SIE_LP_189_Du-446.depth.tsv
CY_SIE_LP_189_Du-446	QB3.Berkeley.251217/QB3.Results.260109	D. cymosa	CY_SIE	mtdna_permissive_coverage	mtDNA	sample_qc_coverage	mitochondria	1	243359	85417314	350.993035	242891	0.998077	242864	0.997966	242833	0.997839	/home/neil/Downloads/dudleya/Dudleya_S_genomes/full_pipeline_run/results/05_analysis_masks/mtdna_permissive_coverage_regions.bed	/home/neil/Downloads/dudleya/Dudleya_S_genomes/full_pipeline_run/results/06_all_sample_alignment/qc/CY_SIE_LP_189_Du-446.depth.tsv
CY_SIE_LP_189_Du-446	QB3.Berkeley.251217/QB3.Results.260109	D. cymosa	CY_SIE	mtdna_high_confidence_unique	mtDNA	variant_calling_and_population_genetics	mitochondria	2	44930	25590726	569.568796	44930	1.000000	44930	1.000000	44928	0.999955	/home/neil/Downloads/dudleya/Dudleya_S_genomes/full_pipeline_run/results/05_analysis_masks/mtdna_high_confidence_unique_regions.bed	/home/neil/Downloads/dudleya/Dudleya_S_genomes/full_pipeline_run/results/06_all_sample_alignment/qc/CY_SIE_LP_189_Du-446.depth.tsv
CY_SIE_LP_190_Du-447	QB3.Berkeley.251217/QB3.Results.260109	D. cymosa	CY_SIE	cpdna_full_coverage	cpDNA	sample_qc_coverage	chloroplast	1	150274	290202751	1931.157426	150267	0.999953	150263	0.999927	150238	0.999760	/home/neil/Downloads/dudleya/Dudleya_S_genomes/full_pipeline_run/results/05_analysis_masks/cpdna_full_coverage_regions.bed	/home/neil/Downloads/dudleya/Dudleya_S_genomes/full_pipeline_run/results/06_all_sample_alignment/qc/CY_SIE_LP_190_Du-447.depth.tsv
CY_SIE_LP_190_Du-447	QB3.Berkeley.251217/QB3.Results.260109	D. cymosa	CY_SIE	cpdna_ir_regions	cpDNA	repeat_annotation	chloroplast	2	51472	104209081	2024.578042	51472	1.000000	51472	1.000000	51470	0.999961	/home/neil/Downloads/dudleya/Dudleya_S_genomes/full_pipeline_run/results/05_analysis_masks/cpdna_ir_regions.bed	/home/neil/Downloads/dudleya/Dudleya_S_genomes/full_pipeline_run/results/06_all_sample_alignment/qc/CY_SIE_LP_190_Du-447.depth.tsv
CY_SIE_LP_190_Du-447	QB3.Berkeley.251217/QB3.Results.260109	D. cymosa	CY_SIE	cpdna_duplicate_ir_mask	cpDNA	mask	chloroplast	1	25736	50746628	1971.814890	25736	1.000000	25736	1.000000	25735	0.999961	/home/neil/Downloads/dudleya/Dudleya_S_genomes/full_pipeline_run/results/05_analysis_masks/cpdna_duplicate_ir_copy_mask.bed	/home/neil/Downloads/dudleya/Dudleya_S_genomes/full_pipeline_run/results/06_all_sample_alignment/qc/CY_SIE_LP_190_Du-447.depth.tsv
CY_SIE_LP_190_Du-447	QB3.Berkeley.251217/QB3.Results.260109	D. cymosa	CY_SIE	cpdna_population_sites	cpDNA	variant_calling_and_population_genetics	chloroplast	1	124538	239456123	1922.755488	124531	0.999944	124527	0.999912	124503	0.999719	/home/neil/Downloads/dudleya/Dudleya_S_genomes/full_pipeline_run/results/05_analysis_masks/cpdna_population_sites.bed	/home/neil/Downloads/dudleya/Dudleya_S_genomes/full_pipeline_run/results/06_all_sample_alignment/qc/CY_SIE_LP_190_Du-447.depth.tsv
CY_SIE_LP_190_Du-447	QB3.Berkeley.251217/QB3.Results.260109	D. cymosa	CY_SIE	mtdna_permissive_coverage	mtDNA	sample_qc_coverage	mitochondria	1	243359	21517576	88.419068	243119	0.999014	242822	0.997793	242773	0.997592	/home/neil/Downloads/dudleya/Dudleya_S_genomes/full_pipeline_run/results/05_analysis_masks/mtdna_permissive_coverage_regions.bed	/home/neil/Downloads/dudleya/Dudleya_S_genomes/full_pipeline_run/results/06_all_sample_alignment/qc/CY_SIE_LP_190_Du-447.depth.tsv
CY_SIE_LP_190_Du-447	QB3.Berkeley.251217/QB3.Results.260109	D. cymosa	CY_SIE	mtdna_high_confidence_unique	mtDNA	variant_calling_and_population_genetics	mitochondria	2	44930	6503538	144.748231	44928	0.999955	44927	0.999933	44926	0.999911	/home/neil/Downloads/dudleya/Dudleya_S_genomes/full_pipeline_run/results/05_analysis_masks/mtdna_high_confidence_unique_regions.bed	/home/neil/Downloads/dudleya/Dudleya_S_genomes/full_pipeline_run/results/06_all_sample_alignment/qc/CY_SIE_LP_190_Du-447.depth.tsv
CY_SIE_LP_191_Du-448	QB3.Berkeley.251217/QB3.Results.260109	D. cymosa	CY_SIE	cpdna_full_coverage	cpDNA	sample_qc_coverage	chloroplast	1	150274	123084572	819.067650	150274	1.000000	150271	0.999980	150270	0.999973	/home/neil/Downloads/dudleya/Dudleya_S_genomes/full_pipeline_run/results/05_analysis_masks/cpdna_full_coverage_regions.bed	/home/neil/Downloads/dudleya/Dudleya_S_genomes/full_pipeline_run/results/06_all_sample_alignment/qc/CY_SIE_LP_191_Du-448.depth.tsv
CY_SIE_LP_191_Du-448	QB3.Berkeley.251217/QB3.Results.260109	D. cymosa	CY_SIE	cpdna_ir_regions	cpDNA	repeat_annotation	chloroplast	2	51472	48337307	939.099064	51472	1.000000	51469	0.999942	51468	0.999922	/home/neil/Downloads/dudleya/Dudleya_S_genomes/full_pipeline_run/results/05_analysis_masks/cpdna_ir_regions.bed	/home/neil/Downloads/dudleya/Dudleya_S_genomes/full_pipeline_run/results/06_all_sample_alignment/qc/CY_SIE_LP_191_Du-448.depth.tsv
CY_SIE_LP_191_Du-448	QB3.Berkeley.251217/QB3.Results.260109	D. cymosa	CY_SIE	cpdna_duplicate_ir_mask	cpDNA	mask	chloroplast	1	25736	23477763	912.253769	25736	1.000000	25734	0.999922	25733	0.999883	/home/neil/Downloads/dudleya/Dudleya_S_genomes/full_pipeline_run/results/05_analysis_masks/cpdna_duplicate_ir_copy_mask.bed	/home/neil/Downloads/dudleya/Dudleya_S_genomes/full_pipeline_run/results/06_all_sample_alignment/qc/CY_SIE_LP_191_Du-448.depth.tsv
CY_SIE_LP_191_Du-448	QB3.Berkeley.251217/QB3.Results.260109	D. cymosa	CY_SIE	cpdna_population_sites	cpDNA	variant_calling_and_population_genetics	chloroplast	1	124538	99606809	799.810572	124538	1.000000	124537	0.999992	124537	0.999992	/home/neil/Downloads/dudleya/Dudleya_S_genomes/full_pipeline_run/results/05_analysis_masks/cpdna_population_sites.bed	/home/neil/Downloads/dudleya/Dudleya_S_genomes/full_pipeline_run/results/06_all_sample_alignment/qc/CY_SIE_LP_191_Du-448.depth.tsv
CY_SIE_LP_191_Du-448	QB3.Berkeley.251217/QB3.Results.260109	D. cymosa	CY_SIE	mtdna_permissive_coverage	mtDNA	sample_qc_coverage	mitochondria	1	243359	17177580	70.585349	243345	0.999942	243328	0.999873	243316	0.999823	/home/neil/Downloads/dudleya/Dudleya_S_genomes/full_pipeline_run/results/05_analysis_masks/mtdna_permissive_coverage_regions.bed	/home/neil/Downloads/dudleya/Dudleya_S_genomes/full_pipeline_run/results/06_all_sample_alignment/qc/CY_SIE_LP_191_Du-448.depth.tsv
CY_SIE_LP_191_Du-448	QB3.Berkeley.251217/QB3.Results.260109	D. cymosa	CY_SIE	mtdna_high_confidence_unique	mtDNA	variant_calling_and_population_genetics	mitochondria	2	44930	5078537	113.032206	44929	0.999978	44927	0.999933	44927	0.999933	/home/neil/Downloads/dudleya/Dudleya_S_genomes/full_pipeline_run/results/05_analysis_masks/mtdna_high_confidence_unique_regions.bed	/home/neil/Downloads/dudleya/Dudleya_S_genomes/full_pipeline_run/results/06_all_sample_alignment/qc/CY_SIE_LP_191_Du-448.depth.tsv
CY_WOO_LP_259_Du-664	QB3.Berkeley.251217/QB3.Results.260109	D. cymosa	CY_WOO	cpdna_full_coverage	cpDNA	sample_qc_coverage	chloroplast	1	150274	53533177	356.237120	150274	1.000000	150267	0.999953	150248	0.999827	/home/neil/Downloads/dudleya/Dudleya_S_genomes/full_pipeline_run/results/05_analysis_masks/cpdna_full_coverage_regions.bed	/home/neil/Downloads/dudleya/Dudleya_S_genomes/full_pipeline_run/results/06_all_sample_alignment/qc/CY_WOO_LP_259_Du-664.depth.tsv
CY_WOO_LP_259_Du-664	QB3.Berkeley.251217/QB3.Results.260109	D. cymosa	CY_WOO	cpdna_ir_regions	cpDNA	repeat_annotation	chloroplast	2	51472	19244792	373.888561	51472	1.000000	51465	0.999864	51452	0.999611	/home/neil/Downloads/dudleya/Dudleya_S_genomes/full_pipeline_run/results/05_analysis_masks/cpdna_ir_regions.bed	/home/neil/Downloads/dudleya/Dudleya_S_genomes/full_pipeline_run/results/06_all_sample_alignment/qc/CY_WOO_LP_259_Du-664.depth.tsv
CY_WOO_LP_259_Du-664	QB3.Berkeley.251217/QB3.Results.260109	D. cymosa	CY_WOO	cpdna_duplicate_ir_mask	cpDNA	mask	chloroplast	1	25736	9366263	363.936237	25736	1.000000	25730	0.999767	25720	0.999378	/home/neil/Downloads/dudleya/Dudleya_S_genomes/full_pipeline_run/results/05_analysis_masks/cpdna_duplicate_ir_copy_mask.bed	/home/neil/Downloads/dudleya/Dudleya_S_genomes/full_pipeline_run/results/06_all_sample_alignment/qc/CY_WOO_LP_259_Du-664.depth.tsv
CY_WOO_LP_259_Du-664	QB3.Berkeley.251217/QB3.Results.260109	D. cymosa	CY_WOO	cpdna_population_sites	cpDNA	variant_calling_and_population_genetics	chloroplast	1	124538	44166914	354.646084	124538	1.000000	124537	0.999992	124528	0.999920	/home/neil/Downloads/dudleya/Dudleya_S_genomes/full_pipeline_run/results/05_analysis_masks/cpdna_population_sites.bed	/home/neil/Downloads/dudleya/Dudleya_S_genomes/full_pipeline_run/results/06_all_sample_alignment/qc/CY_WOO_LP_259_Du-664.depth.tsv
CY_WOO_LP_259_Du-664	QB3.Berkeley.251217/QB3.Results.260109	D. cymosa	CY_WOO	mtdna_permissive_coverage	mtDNA	sample_qc_coverage	mitochondria	1	243359	3347509	13.755435	230033	0.945241	223027	0.916453	172546	0.709018	/home/neil/Downloads/dudleya/Dudleya_S_genomes/full_pipeline_run/results/05_analysis_masks/mtdna_permissive_coverage_regions.bed	/home/neil/Downloads/dudleya/Dudleya_S_genomes/full_pipeline_run/results/06_all_sample_alignment/qc/CY_WOO_LP_259_Du-664.depth.tsv
CY_WOO_LP_259_Du-664	QB3.Berkeley.251217/QB3.Results.260109	D. cymosa	CY_WOO	mtdna_high_confidence_unique	mtDNA	variant_calling_and_population_genetics	mitochondria	2	44930	1077775	23.987870	44927	0.999933	44922	0.999822	44781	0.996684	/home/neil/Downloads/dudleya/Dudleya_S_genomes/full_pipeline_run/results/05_analysis_masks/mtdna_high_confidence_unique_regions.bed	/home/neil/Downloads/dudleya/Dudleya_S_genomes/full_pipeline_run/results/06_all_sample_alignment/qc/CY_WOO_LP_259_Du-664.depth.tsv
CY_WOO_LP_260_Du-665	QB3.Berkeley.251217/QB3.Results.260109	D. cymosa	CY_WOO	cpdna_full_coverage	cpDNA	sample_qc_coverage	chloroplast	1	150274	42468259	282.605501	150272	0.999987	150261	0.999913	150243	0.999794	/home/neil/Downloads/dudleya/Dudleya_S_genomes/full_pipeline_run/results/05_analysis_masks/cpdna_full_coverage_regions.bed	/home/neil/Downloads/dudleya/Dudleya_S_genomes/full_pipeline_run/results/06_all_sample_alignment/qc/CY_WOO_LP_260_Du-665.depth.tsv
CY_WOO_LP_260_Du-665	QB3.Berkeley.251217/QB3.Results.260109	D. cymosa	CY_WOO	cpdna_ir_regions	cpDNA	repeat_annotation	chloroplast	2	51472	14775409	287.057216	51470	0.999961	51460	0.999767	51449	0.999553	/home/neil/Downloads/dudleya/Dudleya_S_genomes/full_pipeline_run/results/05_analysis_masks/cpdna_ir_regions.bed	/home/neil/Downloads/dudleya/Dudleya_S_genomes/full_pipeline_run/results/06_all_sample_alignment/qc/CY_WOO_LP_260_Du-665.depth.tsv
CY_WOO_LP_260_Du-665	QB3.Berkeley.251217/QB3.Results.260109	D. cymosa	CY_WOO	cpdna_duplicate_ir_mask	cpDNA	mask	chloroplast	1	25736	7227265	280.823166	25735	0.999961	25726	0.999611	25717	0.999262	/home/neil/Downloads/dudleya/Dudleya_S_genomes/full_pipeline_run/results/05_analysis_masks/cpdna_duplicate_ir_copy_mask.bed	/home/neil/Downloads/dudleya/Dudleya_S_genomes/full_pipeline_run/results/06_all_sample_alignment/qc/CY_WOO_LP_260_Du-665.depth.tsv
CY_WOO_LP_260_Du-665	QB3.Berkeley.251217/QB3.Results.260109	D. cymosa	CY_WOO	cpdna_population_sites	cpDNA	variant_calling_and_population_genetics	chloroplast	1	124538	35240994	282.973823	124537	0.999992	124535	0.999976	124526	0.999904	/home/neil/Downloads/dudleya/Dudleya_S_genomes/full_pipeline_run/results/05_analysis_masks/cpdna_population_sites.bed	/home/neil/Downloads/dudleya/Dudleya_S_genomes/full_pipeline_run/results/06_all_sample_alignment/qc/CY_WOO_LP_260_Du-665.depth.tsv
CY_WOO_LP_260_Du-665	QB3.Berkeley.251217/QB3.Results.260109	D. cymosa	CY_WOO	mtdna_permissive_coverage	mtDNA	sample_qc_coverage	mitochondria	1	243359	3585585	14.733727	229920	0.944777	223598	0.918799	178677	0.734212	/home/neil/Downloads/dudleya/Dudleya_S_genomes/full_pipeline_run/results/05_analysis_masks/mtdna_permissive_coverage_regions.bed	/home/neil/Downloads/dudleya/Dudleya_S_genomes/full_pipeline_run/results/06_all_sample_alignment/qc/CY_WOO_LP_260_Du-665.depth.tsv
CY_WOO_LP_260_Du-665	QB3.Berkeley.251217/QB3.Results.260109	D. cymosa	CY_WOO	mtdna_high_confidence_unique	mtDNA	variant_calling_and_population_genetics	mitochondria	2	44930	1165080	25.931004	44928	0.999955	44925	0.999889	44592	0.992477	/home/neil/Downloads/dudleya/Dudleya_S_genomes/full_pipeline_run/results/05_analysis_masks/mtdna_high_confidence_unique_regions.bed	/home/neil/Downloads/dudleya/Dudleya_S_genomes/full_pipeline_run/results/06_all_sample_alignment/qc/CY_WOO_LP_260_Du-665.depth.tsv
CY_WOO_LP_261_Du-667	QB3.Berkeley.251217/QB3.Results.260109	D. cymosa	CY_WOO	cpdna_full_coverage	cpDNA	sample_qc_coverage	chloroplast	1	150274	13648858	90.826477	150266	0.999947	150240	0.999774	150155	0.999208	/home/neil/Downloads/dudleya/Dudleya_S_genomes/full_pipeline_run/results/05_analysis_masks/cpdna_full_coverage_regions.bed	/home/neil/Downloads/dudleya/Dudleya_S_genomes/full_pipeline_run/results/06_all_sample_alignment/qc/CY_WOO_LP_261_Du-667.depth.tsv
CY_WOO_LP_261_Du-667	QB3.Berkeley.251217/QB3.Results.260109	D. cymosa	CY_WOO	cpdna_ir_regions	cpDNA	repeat_annotation	chloroplast	2	51472	4487678	87.186781	51464	0.999845	51441	0.999398	51366	0.997941	/home/neil/Downloads/dudleya/Dudleya_S_genomes/full_pipeline_run/results/05_analysis_masks/cpdna_ir_regions.bed	/home/neil/Downloads/dudleya/Dudleya_S_genomes/full_pipeline_run/results/06_all_sample_alignment/qc/CY_WOO_LP_261_Du-667.depth.tsv
CY_WOO_LP_261_Du-667	QB3.Berkeley.251217/QB3.Results.260109	D. cymosa	CY_WOO	cpdna_duplicate_ir_mask	cpDNA	mask	chloroplast	1	25736	2217775	86.174036	25729	0.999728	25714	0.999145	25662	0.997125	/home/neil/Downloads/dudleya/Dudleya_S_genomes/full_pipeline_run/results/05_analysis_masks/cpdna_duplicate_ir_copy_mask.bed	/home/neil/Downloads/dudleya/Dudleya_S_genomes/full_pipeline_run/results/06_all_sample_alignment/qc/CY_WOO_LP_261_Du-667.depth.tsv
CY_WOO_LP_261_Du-667	QB3.Berkeley.251217/QB3.Results.260109	D. cymosa	CY_WOO	cpdna_population_sites	cpDNA	variant_calling_and_population_genetics	chloroplast	1	124538	11431083	91.787912	124537	0.999992	124526	0.999904	124493	0.999639	/home/neil/Downloads/dudleya/Dudleya_S_genomes/full_pipeline_run/results/05_analysis_masks/cpdna_population_sites.bed	/home/neil/Downloads/dudleya/Dudleya_S_genomes/full_pipeline_run/results/06_all_sample_alignment/qc/CY_WOO_LP_261_Du-667.depth.tsv
CY_WOO_LP_261_Du-667	QB3.Berkeley.251217/QB3.Results.260109	D. cymosa	CY_WOO	mtdna_permissive_coverage	mtDNA	sample_qc_coverage	mitochondria	1	243359	2892945	11.887561	229321	0.942316	207622	0.853151	139159	0.571826	/home/neil/Downloads/dudleya/Dudleya_S_genomes/full_pipeline_run/results/05_analysis_masks/mtdna_permissive_coverage_regions.bed	/home/neil/Downloads/dudleya/Dudleya_S_genomes/full_pipeline_run/results/06_all_sample_alignment/qc/CY_WOO_LP_261_Du-667.depth.tsv
CY_WOO_LP_261_Du-667	QB3.Berkeley.251217/QB3.Results.260109	D. cymosa	CY_WOO	mtdna_high_confidence_unique	mtDNA	variant_calling_and_population_genetics	mitochondria	2	44930	932572	20.756110	44927	0.999933	44639	0.993523	42326	0.942043	/home/neil/Downloads/dudleya/Dudleya_S_genomes/full_pipeline_run/results/05_analysis_masks/mtdna_high_confidence_unique_regions.bed	/home/neil/Downloads/dudleya/Dudleya_S_genomes/full_pipeline_run/results/06_all_sample_alignment/qc/CY_WOO_LP_261_Du-667.depth.tsv
CY_WOO_LP_262_Du-668	QB3.Berkeley.251217/QB3.Results.260109	D. cymosa	CY_WOO	cpdna_full_coverage	cpDNA	sample_qc_coverage	chloroplast	1	150274	72734864	484.014959	150274	1.000000	150266	0.999947	150262	0.999920	/home/neil/Downloads/dudleya/Dudleya_S_genomes/full_pipeline_run/results/05_analysis_masks/cpdna_full_coverage_regions.bed	/home/neil/Downloads/dudleya/Dudleya_S_genomes/full_pipeline_run/results/06_all_sample_alignment/qc/CY_WOO_LP_262_Du-668.depth.tsv
CY_WOO_LP_262_Du-668	QB3.Berkeley.251217/QB3.Results.260109	D. cymosa	CY_WOO	cpdna_ir_regions	cpDNA	repeat_annotation	chloroplast	2	51472	25274990	491.043480	51472	1.000000	51464	0.999845	51461	0.999786	/home/neil/Downloads/dudleya/Dudleya_S_genomes/full_pipeline_run/results/05_analysis_masks/cpdna_ir_regions.bed	/home/neil/Downloads/dudleya/Dudleya_S_genomes/full_pipeline_run/results/06_all_sample_alignment/qc/CY_WOO_LP_262_Du-668.depth.tsv
CY_WOO_LP_262_Du-668	QB3.Berkeley.251217/QB3.Results.260109	D. cymosa	CY_WOO	cpdna_duplicate_ir_mask	cpDNA	mask	chloroplast	1	25736	12483858	485.073749	25736	1.000000	25730	0.999767	25728	0.999689	/home/neil/Downloads/dudleya/Dudleya_S_genomes/full_pipeline_run/results/05_analysis_masks/cpdna_duplicate_ir_copy_mask.bed	/home/neil/Downloads/dudleya/Dudleya_S_genomes/full_pipeline_run/results/06_all_sample_alignment/qc/CY_WOO_LP_262_Du-668.depth.tsv
CY_WOO_LP_262_Du-668	QB3.Berkeley.251217/QB3.Results.260109	D. cymosa	CY_WOO	cpdna_population_sites	cpDNA	variant_calling_and_population_genetics	chloroplast	1	124538	60251006	483.796159	124538	1.000000	124536	0.999984	124534	0.999968	/home/neil/Downloads/dudleya/Dudleya_S_genomes/full_pipeline_run/results/05_analysis_masks/cpdna_population_sites.bed	/home/neil/Downloads/dudleya/Dudleya_S_genomes/full_pipeline_run/results/06_all_sample_alignment/qc/CY_WOO_LP_262_Du-668.depth.tsv
CY_WOO_LP_262_Du-668	QB3.Berkeley.251217/QB3.Results.260109	D. cymosa	CY_WOO	mtdna_permissive_coverage	mtDNA	sample_qc_coverage	mitochondria	1	243359	6390078	26.257825	230359	0.946581	229808	0.944317	226779	0.931870	/home/neil/Downloads/dudleya/Dudleya_S_genomes/full_pipeline_run/results/05_analysis_masks/mtdna_permissive_coverage_regions.bed	/home/neil/Downloads/dudleya/Dudleya_S_genomes/full_pipeline_run/results/06_all_sample_alignment/qc/CY_WOO_LP_262_Du-668.depth.tsv
CY_WOO_LP_262_Du-668	QB3.Berkeley.251217/QB3.Results.260109	D. cymosa	CY_WOO	mtdna_high_confidence_unique	mtDNA	variant_calling_and_population_genetics	mitochondria	2	44930	2018976	44.936034	44927	0.999933	44921	0.999800	44909	0.999533	/home/neil/Downloads/dudleya/Dudleya_S_genomes/full_pipeline_run/results/05_analysis_masks/mtdna_high_confidence_unique_regions.bed	/home/neil/Downloads/dudleya/Dudleya_S_genomes/full_pipeline_run/results/06_all_sample_alignment/qc/CY_WOO_LP_262_Du-668.depth.tsv
CY_WOO_LP_263_Du-669	QB3.Berkeley.251217/QB3.Results.260109	D. cymosa	CY_WOO	cpdna_full_coverage	cpDNA	sample_qc_coverage	chloroplast	1	150274	60489317	402.526831	150273	0.999993	150263	0.999927	150249	0.999834	/home/neil/Downloads/dudleya/Dudleya_S_genomes/full_pipeline_run/results/05_analysis_masks/cpdna_full_coverage_regions.bed	/home/neil/Downloads/dudleya/Dudleya_S_genomes/full_pipeline_run/results/06_all_sample_alignment/qc/CY_WOO_LP_263_Du-669.depth.tsv
CY_WOO_LP_263_Du-669	QB3.Berkeley.251217/QB3.Results.260109	D. cymosa	CY_WOO	cpdna_ir_regions	cpDNA	repeat_annotation	chloroplast	2	51472	21810598	423.737139	51471	0.999981	51461	0.999786	51452	0.999611	/home/neil/Downloads/dudleya/Dudleya_S_genomes/full_pipeline_run/results/05_analysis_masks/cpdna_ir_regions.bed	/home/neil/Downloads/dudleya/Dudleya_S_genomes/full_pipeline_run/results/06_all_sample_alignment/qc/CY_WOO_LP_263_Du-669.depth.tsv
CY_WOO_LP_263_Du-669	QB3.Berkeley.251217/QB3.Results.260109	D. cymosa	CY_WOO	cpdna_duplicate_ir_mask	cpDNA	mask	chloroplast	1	25736	10690379	415.386191	25736	1.000000	25727	0.999650	25721	0.999417	/home/neil/Downloads/dudleya/Dudleya_S_genomes/full_pipeline_run/results/05_analysis_masks/cpdna_duplicate_ir_copy_mask.bed	/home/neil/Downloads/dudleya/Dudleya_S_genomes/full_pipeline_run/results/06_all_sample_alignment/qc/CY_WOO_LP_263_Du-669.depth.tsv
CY_WOO_LP_263_Du-669	QB3.Berkeley.251217/QB3.Results.260109	D. cymosa	CY_WOO	cpdna_population_sites	cpDNA	variant_calling_and_population_genetics	chloroplast	1	124538	49798938	399.869421	124537	0.999992	124536	0.999984	124528	0.999920	/home/neil/Downloads/dudleya/Dudleya_S_genomes/full_pipeline_run/results/05_analysis_masks/cpdna_population_sites.bed	/home/neil/Downloads/dudleya/Dudleya_S_genomes/full_pipeline_run/results/06_all_sample_alignment/qc/CY_WOO_LP_263_Du-669.depth.tsv
CY_WOO_LP_263_Du-669	QB3.Berkeley.251217/QB3.Results.260109	D. cymosa	CY_WOO	mtdna_permissive_coverage	mtDNA	sample_qc_coverage	mitochondria	1	243359	6065666	24.924765	230281	0.946260	229821	0.944370	226126	0.929187	/home/neil/Downloads/dudleya/Dudleya_S_genomes/full_pipeline_run/results/05_analysis_masks/mtdna_permissive_coverage_regions.bed	/home/neil/Downloads/dudleya/Dudleya_S_genomes/full_pipeline_run/results/06_all_sample_alignment/qc/CY_WOO_LP_263_Du-669.depth.tsv
CY_WOO_LP_263_Du-669	QB3.Berkeley.251217/QB3.Results.260109	D. cymosa	CY_WOO	mtdna_high_confidence_unique	mtDNA	variant_calling_and_population_genetics	mitochondria	2	44930	1931309	42.984843	44928	0.999955	44926	0.999911	44917	0.999711	/home/neil/Downloads/dudleya/Dudleya_S_genomes/full_pipeline_run/results/05_analysis_masks/mtdna_high_confidence_unique_regions.bed	/home/neil/Downloads/dudleya/Dudleya_S_genomes/full_pipeline_run/results/06_all_sample_alignment/qc/CY_WOO_LP_263_Du-669.depth.tsv
DAN_LP_043_Du-68	QB3.Berkeley.251217/QB3.Results.260109	D. setchellii	DAN	cpdna_full_coverage	cpDNA	sample_qc_coverage	chloroplast	1	150274	42953757	285.836252	150271	0.999980	150264	0.999933	150250	0.999840	/home/neil/Downloads/dudleya/Dudleya_S_genomes/full_pipeline_run/results/05_analysis_masks/cpdna_full_coverage_regions.bed	/home/neil/Downloads/dudleya/Dudleya_S_genomes/full_pipeline_run/results/06_all_sample_alignment/qc/DAN_LP_043_Du-68.depth.tsv
DAN_LP_043_Du-68	QB3.Berkeley.251217/QB3.Results.260109	D. setchellii	DAN	cpdna_ir_regions	cpDNA	repeat_annotation	chloroplast	2	51472	14611462	283.872047	51469	0.999942	51462	0.999806	51449	0.999553	/home/neil/Downloads/dudleya/Dudleya_S_genomes/full_pipeline_run/results/05_analysis_masks/cpdna_ir_regions.bed	/home/neil/Downloads/dudleya/Dudleya_S_genomes/full_pipeline_run/results/06_all_sample_alignment/qc/DAN_LP_043_Du-68.depth.tsv
DAN_LP_043_Du-68	QB3.Berkeley.251217/QB3.Results.260109	D. setchellii	DAN	cpdna_duplicate_ir_mask	cpDNA	mask	chloroplast	1	25736	7159551	278.192066	25733	0.999883	25728	0.999689	25715	0.999184	/home/neil/Downloads/dudleya/Dudleya_S_genomes/full_pipeline_run/results/05_analysis_masks/cpdna_duplicate_ir_copy_mask.bed	/home/neil/Downloads/dudleya/Dudleya_S_genomes/full_pipeline_run/results/06_all_sample_alignment/qc/DAN_LP_043_Du-68.depth.tsv
DAN_LP_043_Du-68	QB3.Berkeley.251217/QB3.Results.260109	D. setchellii	DAN	cpdna_population_sites	cpDNA	variant_calling_and_population_genetics	chloroplast	1	124538	35794206	287.415937	124538	1.000000	124536	0.999984	124535	0.999976	/home/neil/Downloads/dudleya/Dudleya_S_genomes/full_pipeline_run/results/05_analysis_masks/cpdna_population_sites.bed	/home/neil/Downloads/dudleya/Dudleya_S_genomes/full_pipeline_run/results/06_all_sample_alignment/qc/DAN_LP_043_Du-68.depth.tsv
DAN_LP_043_Du-68	QB3.Berkeley.251217/QB3.Results.260109	D. setchellii	DAN	mtdna_permissive_coverage	mtDNA	sample_qc_coverage	mitochondria	1	243359	4769532	19.598749	243171	0.999227	241323	0.991634	220505	0.906089	/home/neil/Downloads/dudleya/Dudleya_S_genomes/full_pipeline_run/results/05_analysis_masks/mtdna_permissive_coverage_regions.bed	/home/neil/Downloads/dudleya/Dudleya_S_genomes/full_pipeline_run/results/06_all_sample_alignment/qc/DAN_LP_043_Du-68.depth.tsv
DAN_LP_043_Du-68	QB3.Berkeley.251217/QB3.Results.260109	D. setchellii	DAN	mtdna_high_confidence_unique	mtDNA	variant_calling_and_population_genetics	mitochondria	2	44930	1436066	31.962297	44744	0.995860	44743	0.995838	44741	0.995793	/home/neil/Downloads/dudleya/Dudleya_S_genomes/full_pipeline_run/results/05_analysis_masks/mtdna_high_confidence_unique_regions.bed	/home/neil/Downloads/dudleya/Dudleya_S_genomes/full_pipeline_run/results/06_all_sample_alignment/qc/DAN_LP_043_Du-68.depth.tsv
DAN_LP_044_Du-69	QB3.Berkeley.251217/QB3.Results.260109	D. setchellii	DAN	cpdna_full_coverage	cpDNA	sample_qc_coverage	chloroplast	1	150274	88636857	589.834948	150273	0.999993	150272	0.999987	150265	0.999940	/home/neil/Downloads/dudleya/Dudleya_S_genomes/full_pipeline_run/results/05_analysis_masks/cpdna_full_coverage_regions.bed	/home/neil/Downloads/dudleya/Dudleya_S_genomes/full_pipeline_run/results/06_all_sample_alignment/qc/DAN_LP_044_Du-69.depth.tsv
DAN_LP_044_Du-69	QB3.Berkeley.251217/QB3.Results.260109	D. setchellii	DAN	cpdna_ir_regions	cpDNA	repeat_annotation	chloroplast	2	51472	34288253	666.153501	51471	0.999981	51470	0.999961	51463	0.999825	/home/neil/Downloads/dudleya/Dudleya_S_genomes/full_pipeline_run/results/05_analysis_masks/cpdna_ir_regions.bed	/home/neil/Downloads/dudleya/Dudleya_S_genomes/full_pipeline_run/results/06_all_sample_alignment/qc/DAN_LP_044_Du-69.depth.tsv
DAN_LP_044_Du-69	QB3.Berkeley.251217/QB3.Results.260109	D. setchellii	DAN	cpdna_duplicate_ir_mask	cpDNA	mask	chloroplast	1	25736	16723844	649.822972	25736	1.000000	25735	0.999961	25730	0.999767	/home/neil/Downloads/dudleya/Dudleya_S_genomes/full_pipeline_run/results/05_analysis_masks/cpdna_duplicate_ir_copy_mask.bed	/home/neil/Downloads/dudleya/Dudleya_S_genomes/full_pipeline_run/results/06_all_sample_alignment/qc/DAN_LP_044_Du-69.depth.tsv
DAN_LP_044_Du-69	QB3.Berkeley.251217/QB3.Results.260109	D. setchellii	DAN	cpdna_population_sites	cpDNA	variant_calling_and_population_genetics	chloroplast	1	124538	71913013	577.438316	124537	0.999992	124537	0.999992	124535	0.999976	/home/neil/Downloads/dudleya/Dudleya_S_genomes/full_pipeline_run/results/05_analysis_masks/cpdna_population_sites.bed	/home/neil/Downloads/dudleya/Dudleya_S_genomes/full_pipeline_run/results/06_all_sample_alignment/qc/DAN_LP_044_Du-69.depth.tsv
DAN_LP_044_Du-69	QB3.Berkeley.251217/QB3.Results.260109	D. setchellii	DAN	mtdna_permissive_coverage	mtDNA	sample_qc_coverage	mitochondria	1	243359	12707877	52.218644	243192	0.999314	243113	0.998989	243085	0.998874	/home/neil/Downloads/dudleya/Dudleya_S_genomes/full_pipeline_run/results/05_analysis_masks/mtdna_permissive_coverage_regions.bed	/home/neil/Downloads/dudleya/Dudleya_S_genomes/full_pipeline_run/results/06_all_sample_alignment/qc/DAN_LP_044_Du-69.depth.tsv
DAN_LP_044_Du-69	QB3.Berkeley.251217/QB3.Results.260109	D. setchellii	DAN	mtdna_high_confidence_unique	mtDNA	variant_calling_and_population_genetics	mitochondria	2	44930	3928763	87.441865	44763	0.996283	44743	0.995838	44743	0.995838	/home/neil/Downloads/dudleya/Dudleya_S_genomes/full_pipeline_run/results/05_analysis_masks/mtdna_high_confidence_unique_regions.bed	/home/neil/Downloads/dudleya/Dudleya_S_genomes/full_pipeline_run/results/06_all_sample_alignment/qc/DAN_LP_044_Du-69.depth.tsv
DAN_LP_045_Du-70	QB3.Berkeley.251217/QB3.Results.260109	D. setchellii	DAN	cpdna_full_coverage	cpDNA	sample_qc_coverage	chloroplast	1	150274	495985932	3300.543887	150274	1.000000	150274	1.000000	150274	1.000000	/home/neil/Downloads/dudleya/Dudleya_S_genomes/full_pipeline_run/results/05_analysis_masks/cpdna_full_coverage_regions.bed	/home/neil/Downloads/dudleya/Dudleya_S_genomes/full_pipeline_run/results/06_all_sample_alignment/qc/DAN_LP_045_Du-70.depth.tsv
DAN_LP_045_Du-70	QB3.Berkeley.251217/QB3.Results.260109	D. setchellii	DAN	cpdna_ir_regions	cpDNA	repeat_annotation	chloroplast	2	51472	183901903	3572.853260	51472	1.000000	51472	1.000000	51472	1.000000	/home/neil/Downloads/dudleya/Dudleya_S_genomes/full_pipeline_run/results/05_analysis_masks/cpdna_ir_regions.bed	/home/neil/Downloads/dudleya/Dudleya_S_genomes/full_pipeline_run/results/06_all_sample_alignment/qc/DAN_LP_045_Du-70.depth.tsv
DAN_LP_045_Du-70	QB3.Berkeley.251217/QB3.Results.260109	D. setchellii	DAN	cpdna_duplicate_ir_mask	cpDNA	mask	chloroplast	1	25736	89218646	3466.686587	25736	1.000000	25736	1.000000	25736	1.000000	/home/neil/Downloads/dudleya/Dudleya_S_genomes/full_pipeline_run/results/05_analysis_masks/cpdna_duplicate_ir_copy_mask.bed	/home/neil/Downloads/dudleya/Dudleya_S_genomes/full_pipeline_run/results/06_all_sample_alignment/qc/DAN_LP_045_Du-70.depth.tsv
DAN_LP_045_Du-70	QB3.Berkeley.251217/QB3.Results.260109	D. setchellii	DAN	cpdna_population_sites	cpDNA	variant_calling_and_population_genetics	chloroplast	1	124538	406767286	3266.210201	124538	1.000000	124538	1.000000	124538	1.000000	/home/neil/Downloads/dudleya/Dudleya_S_genomes/full_pipeline_run/results/05_analysis_masks/cpdna_population_sites.bed	/home/neil/Downloads/dudleya/Dudleya_S_genomes/full_pipeline_run/results/06_all_sample_alignment/qc/DAN_LP_045_Du-70.depth.tsv
DAN_LP_045_Du-70	QB3.Berkeley.251217/QB3.Results.260109	D. setchellii	DAN	mtdna_permissive_coverage	mtDNA	sample_qc_coverage	mitochondria	1	243359	85444764	351.105831	243242	0.999519	243166	0.999207	243160	0.999182	/home/neil/Downloads/dudleya/Dudleya_S_genomes/full_pipeline_run/results/05_analysis_masks/mtdna_permissive_coverage_regions.bed	/home/neil/Downloads/dudleya/Dudleya_S_genomes/full_pipeline_run/results/06_all_sample_alignment/qc/DAN_LP_045_Du-70.depth.tsv
DAN_LP_045_Du-70	QB3.Berkeley.251217/QB3.Results.260109	D. setchellii	DAN	mtdna_high_confidence_unique	mtDNA	variant_calling_and_population_genetics	mitochondria	2	44930	25471305	566.910861	44813	0.997396	44743	0.995838	44743	0.995838	/home/neil/Downloads/dudleya/Dudleya_S_genomes/full_pipeline_run/results/05_analysis_masks/mtdna_high_confidence_unique_regions.bed	/home/neil/Downloads/dudleya/Dudleya_S_genomes/full_pipeline_run/results/06_all_sample_alignment/qc/DAN_LP_045_Du-70.depth.tsv
DAN_LP_046_Du-71	QB3.Berkeley.251217/QB3.Results.260109	D. setchellii	DAN	cpdna_full_coverage	cpDNA	sample_qc_coverage	chloroplast	1	150274	578695470	3850.935425	150274	1.000000	150274	1.000000	150273	0.999993	/home/neil/Downloads/dudleya/Dudleya_S_genomes/full_pipeline_run/results/05_analysis_masks/cpdna_full_coverage_regions.bed	/home/neil/Downloads/dudleya/Dudleya_S_genomes/full_pipeline_run/results/06_all_sample_alignment/qc/DAN_LP_046_Du-71.depth.tsv
DAN_LP_046_Du-71	QB3.Berkeley.251217/QB3.Results.260109	D. setchellii	DAN	cpdna_ir_regions	cpDNA	repeat_annotation	chloroplast	2	51472	201216447	3909.240888	51472	1.000000	51472	1.000000	51471	0.999981	/home/neil/Downloads/dudleya/Dudleya_S_genomes/full_pipeline_run/results/05_analysis_masks/cpdna_ir_regions.bed	/home/neil/Downloads/dudleya/Dudleya_S_genomes/full_pipeline_run/results/06_all_sample_alignment/qc/DAN_LP_046_Du-71.depth.tsv
DAN_LP_046_Du-71	QB3.Berkeley.251217/QB3.Results.260109	D. setchellii	DAN	cpdna_duplicate_ir_mask	cpDNA	mask	chloroplast	1	25736	98375013	3822.467089	25736	1.000000	25736	1.000000	25735	0.999961	/home/neil/Downloads/dudleya/Dudleya_S_genomes/full_pipeline_run/results/05_analysis_masks/cpdna_duplicate_ir_copy_mask.bed	/home/neil/Downloads/dudleya/Dudleya_S_genomes/full_pipeline_run/results/06_all_sample_alignment/qc/DAN_LP_046_Du-71.depth.tsv
DAN_LP_046_Du-71	QB3.Berkeley.251217/QB3.Results.260109	D. setchellii	DAN	cpdna_population_sites	cpDNA	variant_calling_and_population_genetics	chloroplast	1	124538	480320457	3856.818457	124538	1.000000	124538	1.000000	124538	1.000000	/home/neil/Downloads/dudleya/Dudleya_S_genomes/full_pipeline_run/results/05_analysis_masks/cpdna_population_sites.bed	/home/neil/Downloads/dudleya/Dudleya_S_genomes/full_pipeline_run/results/06_all_sample_alignment/qc/DAN_LP_046_Du-71.depth.tsv
DAN_LP_046_Du-71	QB3.Berkeley.251217/QB3.Results.260109	D. setchellii	DAN	mtdna_permissive_coverage	mtDNA	sample_qc_coverage	mitochondria	1	243359	79857070	328.145127	243245	0.999532	243219	0.999425	243194	0.999322	/home/neil/Downloads/dudleya/Dudleya_S_genomes/full_pipeline_run/results/05_analysis_masks/mtdna_permissive_coverage_regions.bed	/home/neil/Downloads/dudleya/Dudleya_S_genomes/full_pipeline_run/results/06_all_sample_alignment/qc/DAN_LP_046_Du-71.depth.tsv
DAN_LP_046_Du-71	QB3.Berkeley.251217/QB3.Results.260109	D. setchellii	DAN	mtdna_high_confidence_unique	mtDNA	variant_calling_and_population_genetics	mitochondria	2	44930	24283071	540.464523	44816	0.997463	44792	0.996929	44773	0.996506	/home/neil/Downloads/dudleya/Dudleya_S_genomes/full_pipeline_run/results/05_analysis_masks/mtdna_high_confidence_unique_regions.bed	/home/neil/Downloads/dudleya/Dudleya_S_genomes/full_pipeline_run/results/06_all_sample_alignment/qc/DAN_LP_046_Du-71.depth.tsv
DAN_LP_047_Du-72	QB3.Berkeley.251217/QB3.Results.260109	D. setchellii	DAN	cpdna_full_coverage	cpDNA	sample_qc_coverage	chloroplast	1	150274	78012719	519.136504	150273	0.999993	150259	0.999900	150249	0.999834	/home/neil/Downloads/dudleya/Dudleya_S_genomes/full_pipeline_run/results/05_analysis_masks/cpdna_full_coverage_regions.bed	/home/neil/Downloads/dudleya/Dudleya_S_genomes/full_pipeline_run/results/06_all_sample_alignment/qc/DAN_LP_047_Du-72.depth.tsv
DAN_LP_047_Du-72	QB3.Berkeley.251217/QB3.Results.260109	D. setchellii	DAN	cpdna_ir_regions	cpDNA	repeat_annotation	chloroplast	2	51472	27447375	533.248659	51471	0.999981	51457	0.999709	51447	0.999514	/home/neil/Downloads/dudleya/Dudleya_S_genomes/full_pipeline_run/results/05_analysis_masks/cpdna_ir_regions.bed	/home/neil/Downloads/dudleya/Dudleya_S_genomes/full_pipeline_run/results/06_all_sample_alignment/qc/DAN_LP_047_Du-72.depth.tsv
DAN_LP_047_Du-72	QB3.Berkeley.251217/QB3.Results.260109	D. setchellii	DAN	cpdna_duplicate_ir_mask	cpDNA	mask	chloroplast	1	25736	13428477	521.777938	25736	1.000000	25723	0.999495	25713	0.999106	/home/neil/Downloads/dudleya/Dudleya_S_genomes/full_pipeline_run/results/05_analysis_masks/cpdna_duplicate_ir_copy_mask.bed	/home/neil/Downloads/dudleya/Dudleya_S_genomes/full_pipeline_run/results/06_all_sample_alignment/qc/DAN_LP_047_Du-72.depth.tsv
DAN_LP_047_Du-72	QB3.Berkeley.251217/QB3.Results.260109	D. setchellii	DAN	cpdna_population_sites	cpDNA	variant_calling_and_population_genetics	chloroplast	1	124538	64584242	518.590647	124537	0.999992	124536	0.999984	124536	0.999984	/home/neil/Downloads/dudleya/Dudleya_S_genomes/full_pipeline_run/results/05_analysis_masks/cpdna_population_sites.bed	/home/neil/Downloads/dudleya/Dudleya_S_genomes/full_pipeline_run/results/06_all_sample_alignment/qc/DAN_LP_047_Du-72.depth.tsv
DAN_LP_047_Du-72	QB3.Berkeley.251217/QB3.Results.260109	D. setchellii	DAN	mtdna_permissive_coverage	mtDNA	sample_qc_coverage	mitochondria	1	243359	8673393	35.640322	243162	0.999190	243127	0.999047	242890	0.998073	/home/neil/Downloads/dudleya/Dudleya_S_genomes/full_pipeline_run/results/05_analysis_masks/mtdna_permissive_coverage_regions.bed	/home/neil/Downloads/dudleya/Dudleya_S_genomes/full_pipeline_run/results/06_all_sample_alignment/qc/DAN_LP_047_Du-72.depth.tsv
DAN_LP_047_Du-72	QB3.Berkeley.251217/QB3.Results.260109	D. setchellii	DAN	mtdna_high_confidence_unique	mtDNA	variant_calling_and_population_genetics	mitochondria	2	44930	2688537	59.838349	44743	0.995838	44743	0.995838	44743	0.995838	/home/neil/Downloads/dudleya/Dudleya_S_genomes/full_pipeline_run/results/05_analysis_masks/mtdna_high_confidence_unique_regions.bed	/home/neil/Downloads/dudleya/Dudleya_S_genomes/full_pipeline_run/results/06_all_sample_alignment/qc/DAN_LP_047_Du-72.depth.tsv
DOV_LP_078_Du-174	QB3.Berkeley.251217/QB3.Results.260109	D. setchellii	DOV	cpdna_full_coverage	cpDNA	sample_qc_coverage	chloroplast	1	150274	27399758	182.331994	150269	0.999967	150251	0.999847	150223	0.999661	/home/neil/Downloads/dudleya/Dudleya_S_genomes/full_pipeline_run/results/05_analysis_masks/cpdna_full_coverage_regions.bed	/home/neil/Downloads/dudleya/Dudleya_S_genomes/full_pipeline_run/results/06_all_sample_alignment/qc/DOV_LP_078_Du-174.depth.tsv
DOV_LP_078_Du-174	QB3.Berkeley.251217/QB3.Results.260109	D. setchellii	DOV	cpdna_ir_regions	cpDNA	repeat_annotation	chloroplast	2	51472	10456376	203.146876	51471	0.999981	51458	0.999728	51436	0.999301	/home/neil/Downloads/dudleya/Dudleya_S_genomes/full_pipeline_run/results/05_analysis_masks/cpdna_ir_regions.bed	/home/neil/Downloads/dudleya/Dudleya_S_genomes/full_pipeline_run/results/06_all_sample_alignment/qc/DOV_LP_078_Du-174.depth.tsv
DOV_LP_078_Du-174	QB3.Berkeley.251217/QB3.Results.260109	D. setchellii	DOV	cpdna_duplicate_ir_mask	cpDNA	mask	chloroplast	1	25736	5057496	196.514454	25735	0.999961	25724	0.999534	25702	0.998679	/home/neil/Downloads/dudleya/Dudleya_S_genomes/full_pipeline_run/results/05_analysis_masks/cpdna_duplicate_ir_copy_mask.bed	/home/neil/Downloads/dudleya/Dudleya_S_genomes/full_pipeline_run/results/06_all_sample_alignment/qc/DOV_LP_078_Du-174.depth.tsv
DOV_LP_078_Du-174	QB3.Berkeley.251217/QB3.Results.260109	D. setchellii	DOV	cpdna_population_sites	cpDNA	variant_calling_and_population_genetics	chloroplast	1	124538	22342262	179.401163	124534	0.999968	124527	0.999912	124521	0.999863	/home/neil/Downloads/dudleya/Dudleya_S_genomes/full_pipeline_run/results/05_analysis_masks/cpdna_population_sites.bed	/home/neil/Downloads/dudleya/Dudleya_S_genomes/full_pipeline_run/results/06_all_sample_alignment/qc/DOV_LP_078_Du-174.depth.tsv
DOV_LP_078_Du-174	QB3.Berkeley.251217/QB3.Results.260109	D. setchellii	DOV	mtdna_permissive_coverage	mtDNA	sample_qc_coverage	mitochondria	1	243359	3326043	13.667228	230072	0.945402	223048	0.916539	168688	0.693165	/home/neil/Downloads/dudleya/Dudleya_S_genomes/full_pipeline_run/results/05_analysis_masks/mtdna_permissive_coverage_regions.bed	/home/neil/Downloads/dudleya/Dudleya_S_genomes/full_pipeline_run/results/06_all_sample_alignment/qc/DOV_LP_078_Du-174.depth.tsv
DOV_LP_078_Du-174	QB3.Berkeley.251217/QB3.Results.260109	D. setchellii	DOV	mtdna_high_confidence_unique	mtDNA	variant_calling_and_population_genetics	mitochondria	2	44930	1094660	24.363677	44930	1.000000	44893	0.999176	44663	0.994057	/home/neil/Downloads/dudleya/Dudleya_S_genomes/full_pipeline_run/results/05_analysis_masks/mtdna_high_confidence_unique_regions.bed	/home/neil/Downloads/dudleya/Dudleya_S_genomes/full_pipeline_run/results/06_all_sample_alignment/qc/DOV_LP_078_Du-174.depth.tsv
DOV_LP_079_Du-175	QB3.Berkeley.251217/QB3.Results.260109	D. setchellii	DOV	cpdna_full_coverage	cpDNA	sample_qc_coverage	chloroplast	1	150274	224980904	1497.137921	150274	1.000000	150273	0.999993	150272	0.999987	/home/neil/Downloads/dudleya/Dudleya_S_genomes/full_pipeline_run/results/05_analysis_masks/cpdna_full_coverage_regions.bed	/home/neil/Downloads/dudleya/Dudleya_S_genomes/full_pipeline_run/results/06_all_sample_alignment/qc/DOV_LP_079_Du-175.depth.tsv
DOV_LP_079_Du-175	QB3.Berkeley.251217/QB3.Results.260109	D. setchellii	DOV	cpdna_ir_regions	cpDNA	repeat_annotation	chloroplast	2	51472	84397708	1639.681924	51472	1.000000	51471	0.999981	51471	0.999981	/home/neil/Downloads/dudleya/Dudleya_S_genomes/full_pipeline_run/results/05_analysis_masks/cpdna_ir_regions.bed	/home/neil/Downloads/dudleya/Dudleya_S_genomes/full_pipeline_run/results/06_all_sample_alignment/qc/DOV_LP_079_Du-175.depth.tsv
DOV_LP_079_Du-175	QB3.Berkeley.251217/QB3.Results.260109	D. setchellii	DOV	cpdna_duplicate_ir_mask	cpDNA	mask	chloroplast	1	25736	40996093	1592.947350	25736	1.000000	25736	1.000000	25736	1.000000	/home/neil/Downloads/dudleya/Dudleya_S_genomes/full_pipeline_run/results/05_analysis_masks/cpdna_duplicate_ir_copy_mask.bed	/home/neil/Downloads/dudleya/Dudleya_S_genomes/full_pipeline_run/results/06_all_sample_alignment/qc/DOV_LP_079_Du-175.depth.tsv
DOV_LP_079_Du-175	QB3.Berkeley.251217/QB3.Results.260109	D. setchellii	DOV	cpdna_population_sites	cpDNA	variant_calling_and_population_genetics	chloroplast	1	124538	183984811	1477.338732	124538	1.000000	124537	0.999992	124536	0.999984	/home/neil/Downloads/dudleya/Dudleya_S_genomes/full_pipeline_run/results/05_analysis_masks/cpdna_population_sites.bed	/home/neil/Downloads/dudleya/Dudleya_S_genomes/full_pipeline_run/results/06_all_sample_alignment/qc/DOV_LP_079_Du-175.depth.tsv
DOV_LP_079_Du-175	QB3.Berkeley.251217/QB3.Results.260109	D. setchellii	DOV	mtdna_permissive_coverage	mtDNA	sample_qc_coverage	mitochondria	1	243359	33520700	137.741772	230532	0.947292	230044	0.945287	229987	0.945052	/home/neil/Downloads/dudleya/Dudleya_S_genomes/full_pipeline_run/results/05_analysis_masks/mtdna_permissive_coverage_regions.bed	/home/neil/Downloads/dudleya/Dudleya_S_genomes/full_pipeline_run/results/06_all_sample_alignment/qc/DOV_LP_079_Du-175.depth.tsv
DOV_LP_079_Du-175	QB3.Berkeley.251217/QB3.Results.260109	D. setchellii	DOV	mtdna_high_confidence_unique	mtDNA	variant_calling_and_population_genetics	mitochondria	2	44930	10709197	238.352927	44930	1.000000	44930	1.000000	44930	1.000000	/home/neil/Downloads/dudleya/Dudleya_S_genomes/full_pipeline_run/results/05_analysis_masks/mtdna_high_confidence_unique_regions.bed	/home/neil/Downloads/dudleya/Dudleya_S_genomes/full_pipeline_run/results/06_all_sample_alignment/qc/DOV_LP_079_Du-175.depth.tsv
DOV_LP_080_Du-176	QB3.Berkeley.251217/QB3.Results.260109	D. setchellii	DOV	cpdna_full_coverage	cpDNA	sample_qc_coverage	chloroplast	1	150274	947203485	6303.176098	150274	1.000000	150274	1.000000	150274	1.000000	/home/neil/Downloads/dudleya/Dudleya_S_genomes/full_pipeline_run/results/05_analysis_masks/cpdna_full_coverage_regions.bed	/home/neil/Downloads/dudleya/Dudleya_S_genomes/full_pipeline_run/results/06_all_sample_alignment/qc/DOV_LP_080_Du-176.depth.tsv
DOV_LP_080_Du-176	QB3.Berkeley.251217/QB3.Results.260109	D. setchellii	DOV	cpdna_ir_regions	cpDNA	repeat_annotation	chloroplast	2	51472	379095742	7365.086688	51472	1.000000	51472	1.000000	51472	1.000000	/home/neil/Downloads/dudleya/Dudleya_S_genomes/full_pipeline_run/results/05_analysis_masks/cpdna_ir_regions.bed	/home/neil/Downloads/dudleya/Dudleya_S_genomes/full_pipeline_run/results/06_all_sample_alignment/qc/DOV_LP_080_Du-176.depth.tsv
DOV_LP_080_Du-176	QB3.Berkeley.251217/QB3.Results.260109	D. setchellii	DOV	cpdna_duplicate_ir_mask	cpDNA	mask	chloroplast	1	25736	183596875	7133.854329	25736	1.000000	25736	1.000000	25736	1.000000	/home/neil/Downloads/dudleya/Dudleya_S_genomes/full_pipeline_run/results/05_analysis_masks/cpdna_duplicate_ir_copy_mask.bed	/home/neil/Downloads/dudleya/Dudleya_S_genomes/full_pipeline_run/results/06_all_sample_alignment/qc/DOV_LP_080_Du-176.depth.tsv
DOV_LP_080_Du-176	QB3.Berkeley.251217/QB3.Results.260109	D. setchellii	DOV	cpdna_population_sites	cpDNA	variant_calling_and_population_genetics	chloroplast	1	124538	763606610	6131.514959	124538	1.000000	124538	1.000000	124538	1.000000	/home/neil/Downloads/dudleya/Dudleya_S_genomes/full_pipeline_run/results/05_analysis_masks/cpdna_population_sites.bed	/home/neil/Downloads/dudleya/Dudleya_S_genomes/full_pipeline_run/results/06_all_sample_alignment/qc/DOV_LP_080_Du-176.depth.tsv
DOV_LP_080_Du-176	QB3.Berkeley.251217/QB3.Results.260109	D. setchellii	DOV	mtdna_permissive_coverage	mtDNA	sample_qc_coverage	mitochondria	1	243359	120761017	496.225810	231145	0.949811	230417	0.946819	230304	0.946355	/home/neil/Downloads/dudleya/Dudleya_S_genomes/full_pipeline_run/results/05_analysis_masks/mtdna_permissive_coverage_regions.bed	/home/neil/Downloads/dudleya/Dudleya_S_genomes/full_pipeline_run/results/06_all_sample_alignment/qc/DOV_LP_080_Du-176.depth.tsv
DOV_LP_080_Du-176	QB3.Berkeley.251217/QB3.Results.260109	D. setchellii	DOV	mtdna_high_confidence_unique	mtDNA	variant_calling_and_population_genetics	mitochondria	2	44930	38289752	852.209036	44930	1.000000	44930	1.000000	44930	1.000000	/home/neil/Downloads/dudleya/Dudleya_S_genomes/full_pipeline_run/results/05_analysis_masks/mtdna_high_confidence_unique_regions.bed	/home/neil/Downloads/dudleya/Dudleya_S_genomes/full_pipeline_run/results/06_all_sample_alignment/qc/DOV_LP_080_Du-176.depth.tsv
DOV_LP_081_Du-177	QB3.Berkeley.251217/QB3.Results.260109	D. setchellii	DOV	cpdna_full_coverage	cpDNA	sample_qc_coverage	chloroplast	1	150274	715273063	4759.792532	150274	1.000000	150274	1.000000	150273	0.999993	/home/neil/Downloads/dudleya/Dudleya_S_genomes/full_pipeline_run/results/05_analysis_masks/cpdna_full_coverage_regions.bed	/home/neil/Downloads/dudleya/Dudleya_S_genomes/full_pipeline_run/results/06_all_sample_alignment/qc/DOV_LP_081_Du-177.depth.tsv
DOV_LP_081_Du-177	QB3.Berkeley.251217/QB3.Results.260109	D. setchellii	DOV	cpdna_ir_regions	cpDNA	repeat_annotation	chloroplast	2	51472	299643010	5821.475948	51472	1.000000	51472	1.000000	51472	1.000000	/home/neil/Downloads/dudleya/Dudleya_S_genomes/full_pipeline_run/results/05_analysis_masks/cpdna_ir_regions.bed	/home/neil/Downloads/dudleya/Dudleya_S_genomes/full_pipeline_run/results/06_all_sample_alignment/qc/DOV_LP_081_Du-177.depth.tsv
DOV_LP_081_Du-177	QB3.Berkeley.251217/QB3.Results.260109	D. setchellii	DOV	cpdna_duplicate_ir_mask	cpDNA	mask	chloroplast	1	25736	144490034	5614.315900	25736	1.000000	25736	1.000000	25736	1.000000	/home/neil/Downloads/dudleya/Dudleya_S_genomes/full_pipeline_run/results/05_analysis_masks/cpdna_duplicate_ir_copy_mask.bed	/home/neil/Downloads/dudleya/Dudleya_S_genomes/full_pipeline_run/results/06_all_sample_alignment/qc/DOV_LP_081_Du-177.depth.tsv
DOV_LP_081_Du-177	QB3.Berkeley.251217/QB3.Results.260109	D. setchellii	DOV	cpdna_population_sites	cpDNA	variant_calling_and_population_genetics	chloroplast	1	124538	570783029	4583.203753	124538	1.000000	124538	1.000000	124537	0.999992	/home/neil/Downloads/dudleya/Dudleya_S_genomes/full_pipeline_run/results/05_analysis_masks/cpdna_population_sites.bed	/home/neil/Downloads/dudleya/Dudleya_S_genomes/full_pipeline_run/results/06_all_sample_alignment/qc/DOV_LP_081_Du-177.depth.tsv
DOV_LP_081_Du-177	QB3.Berkeley.251217/QB3.Results.260109	D. setchellii	DOV	mtdna_permissive_coverage	mtDNA	sample_qc_coverage	mitochondria	1	243359	79193174	325.417075	231297	0.950435	230320	0.946421	230047	0.945299	/home/neil/Downloads/dudleya/Dudleya_S_genomes/full_pipeline_run/results/05_analysis_masks/mtdna_permissive_coverage_regions.bed	/home/neil/Downloads/dudleya/Dudleya_S_genomes/full_pipeline_run/results/06_all_sample_alignment/qc/DOV_LP_081_Du-177.depth.tsv
DOV_LP_081_Du-177	QB3.Berkeley.251217/QB3.Results.260109	D. setchellii	DOV	mtdna_high_confidence_unique	mtDNA	variant_calling_and_population_genetics	mitochondria	2	44930	25165129	560.096350	44930	1.000000	44930	1.000000	44930	1.000000	/home/neil/Downloads/dudleya/Dudleya_S_genomes/full_pipeline_run/results/05_analysis_masks/mtdna_high_confidence_unique_regions.bed	/home/neil/Downloads/dudleya/Dudleya_S_genomes/full_pipeline_run/results/06_all_sample_alignment/qc/DOV_LP_081_Du-177.depth.tsv
DOV_LP_082_Du-178	QB3.Berkeley.251217/QB3.Results.260109	D. setchellii	DOV	cpdna_full_coverage	cpDNA	sample_qc_coverage	chloroplast	1	150274	95423680	634.997937	150273	0.999993	150268	0.999960	150262	0.999920	/home/neil/Downloads/dudleya/Dudleya_S_genomes/full_pipeline_run/results/05_analysis_masks/cpdna_full_coverage_regions.bed	/home/neil/Downloads/dudleya/Dudleya_S_genomes/full_pipeline_run/results/06_all_sample_alignment/qc/DOV_LP_082_Du-178.depth.tsv
DOV_LP_082_Du-178	QB3.Berkeley.251217/QB3.Results.260109	D. setchellii	DOV	cpdna_ir_regions	cpDNA	repeat_annotation	chloroplast	2	51472	35542227	690.515756	51471	0.999981	51471	0.999981	51468	0.999922	/home/neil/Downloads/dudleya/Dudleya_S_genomes/full_pipeline_run/results/05_analysis_masks/cpdna_ir_regions.bed	/home/neil/Downloads/dudleya/Dudleya_S_genomes/full_pipeline_run/results/06_all_sample_alignment/qc/DOV_LP_082_Du-178.depth.tsv
DOV_LP_082_Du-178	QB3.Berkeley.251217/QB3.Results.260109	D. setchellii	DOV	cpdna_duplicate_ir_mask	cpDNA	mask	chloroplast	1	25736	17300524	672.230494	25736	1.000000	25736	1.000000	25734	0.999922	/home/neil/Downloads/dudleya/Dudleya_S_genomes/full_pipeline_run/results/05_analysis_masks/cpdna_duplicate_ir_copy_mask.bed	/home/neil/Downloads/dudleya/Dudleya_S_genomes/full_pipeline_run/results/06_all_sample_alignment/qc/DOV_LP_082_Du-178.depth.tsv
DOV_LP_082_Du-178	QB3.Berkeley.251217/QB3.Results.260109	D. setchellii	DOV	cpdna_population_sites	cpDNA	variant_calling_and_population_genetics	chloroplast	1	124538	78123156	627.303763	124537	0.999992	124532	0.999952	124528	0.999920	/home/neil/Downloads/dudleya/Dudleya_S_genomes/full_pipeline_run/results/05_analysis_masks/cpdna_population_sites.bed	/home/neil/Downloads/dudleya/Dudleya_S_genomes/full_pipeline_run/results/06_all_sample_alignment/qc/DOV_LP_082_Du-178.depth.tsv
DOV_LP_082_Du-178	QB3.Berkeley.251217/QB3.Results.260109	D. setchellii	DOV	mtdna_permissive_coverage	mtDNA	sample_qc_coverage	mitochondria	1	243359	9111918	37.442289	230034	0.945246	229898	0.944687	229808	0.944317	/home/neil/Downloads/dudleya/Dudleya_S_genomes/full_pipeline_run/results/05_analysis_masks/mtdna_permissive_coverage_regions.bed	/home/neil/Downloads/dudleya/Dudleya_S_genomes/full_pipeline_run/results/06_all_sample_alignment/qc/DOV_LP_082_Du-178.depth.tsv
DOV_LP_082_Du-178	QB3.Berkeley.251217/QB3.Results.260109	D. setchellii	DOV	mtdna_high_confidence_unique	mtDNA	variant_calling_and_population_genetics	mitochondria	2	44930	2916562	64.913465	44930	1.000000	44930	1.000000	44930	1.000000	/home/neil/Downloads/dudleya/Dudleya_S_genomes/full_pipeline_run/results/05_analysis_masks/mtdna_high_confidence_unique_regions.bed	/home/neil/Downloads/dudleya/Dudleya_S_genomes/full_pipeline_run/results/06_all_sample_alignment/qc/DOV_LP_082_Du-178.depth.tsv
DOV_LP_083_Du-179	QB3.Berkeley.251217/QB3.Results.260109	D. setchellii	DOV	cpdna_full_coverage	cpDNA	sample_qc_coverage	chloroplast	1	150274	447798797	2979.882062	150274	1.000000	150274	1.000000	150274	1.000000	/home/neil/Downloads/dudleya/Dudleya_S_genomes/full_pipeline_run/results/05_analysis_masks/cpdna_full_coverage_regions.bed	/home/neil/Downloads/dudleya/Dudleya_S_genomes/full_pipeline_run/results/06_all_sample_alignment/qc/DOV_LP_083_Du-179.depth.tsv
DOV_LP_083_Du-179	QB3.Berkeley.251217/QB3.Results.260109	D. setchellii	DOV	cpdna_ir_regions	cpDNA	repeat_annotation	chloroplast	2	51472	180633091	3509.346654	51472	1.000000	51472	1.000000	51472	1.000000	/home/neil/Downloads/dudleya/Dudleya_S_genomes/full_pipeline_run/results/05_analysis_masks/cpdna_ir_regions.bed	/home/neil/Downloads/dudleya/Dudleya_S_genomes/full_pipeline_run/results/06_all_sample_alignment/qc/DOV_LP_083_Du-179.depth.tsv
DOV_LP_083_Du-179	QB3.Berkeley.251217/QB3.Results.260109	D. setchellii	DOV	cpdna_duplicate_ir_mask	cpDNA	mask	chloroplast	1	25736	87210729	3388.666809	25736	1.000000	25736	1.000000	25736	1.000000	/home/neil/Downloads/dudleya/Dudleya_S_genomes/full_pipeline_run/results/05_analysis_masks/cpdna_duplicate_ir_copy_mask.bed	/home/neil/Downloads/dudleya/Dudleya_S_genomes/full_pipeline_run/results/06_all_sample_alignment/qc/DOV_LP_083_Du-179.depth.tsv
DOV_LP_083_Du-179	QB3.Berkeley.251217/QB3.Results.260109	D. setchellii	DOV	cpdna_population_sites	cpDNA	variant_calling_and_population_genetics	chloroplast	1	124538	360588068	2895.405964	124538	1.000000	124538	1.000000	124538	1.000000	/home/neil/Downloads/dudleya/Dudleya_S_genomes/full_pipeline_run/results/05_analysis_masks/cpdna_population_sites.bed	/home/neil/Downloads/dudleya/Dudleya_S_genomes/full_pipeline_run/results/06_all_sample_alignment/qc/DOV_LP_083_Du-179.depth.tsv
DOV_LP_083_Du-179	QB3.Berkeley.251217/QB3.Results.260109	D. setchellii	DOV	mtdna_permissive_coverage	mtDNA	sample_qc_coverage	mitochondria	1	243359	50758768	208.575676	230676	0.947884	230088	0.945467	230016	0.945172	/home/neil/Downloads/dudleya/Dudleya_S_genomes/full_pipeline_run/results/05_analysis_masks/mtdna_permissive_coverage_regions.bed	/home/neil/Downloads/dudleya/Dudleya_S_genomes/full_pipeline_run/results/06_all_sample_alignment/qc/DOV_LP_083_Du-179.depth.tsv
DOV_LP_083_Du-179	QB3.Berkeley.251217/QB3.Results.260109	D. setchellii	DOV	mtdna_high_confidence_unique	mtDNA	variant_calling_and_population_genetics	mitochondria	2	44930	16304540	362.887603	44930	1.000000	44930	1.000000	44930	1.000000	/home/neil/Downloads/dudleya/Dudleya_S_genomes/full_pipeline_run/results/05_analysis_masks/mtdna_high_confidence_unique_regions.bed	/home/neil/Downloads/dudleya/Dudleya_S_genomes/full_pipeline_run/results/06_all_sample_alignment/qc/DOV_LP_083_Du-179.depth.tsv
DOV_LP_084_Du-180	QB3.Berkeley.251217/QB3.Results.260109	D. setchellii	DOV	cpdna_full_coverage	cpDNA	sample_qc_coverage	chloroplast	1	150274	446230712	2969.447223	150274	1.000000	150274	1.000000	150274	1.000000	/home/neil/Downloads/dudleya/Dudleya_S_genomes/full_pipeline_run/results/05_analysis_masks/cpdna_full_coverage_regions.bed	/home/neil/Downloads/dudleya/Dudleya_S_genomes/full_pipeline_run/results/06_all_sample_alignment/qc/DOV_LP_084_Du-180.depth.tsv
DOV_LP_084_Du-180	QB3.Berkeley.251217/QB3.Results.260109	D. setchellii	DOV	cpdna_ir_regions	cpDNA	repeat_annotation	chloroplast	2	51472	180768845	3511.984088	51472	1.000000	51472	1.000000	51472	1.000000	/home/neil/Downloads/dudleya/Dudleya_S_genomes/full_pipeline_run/results/05_analysis_masks/cpdna_ir_regions.bed	/home/neil/Downloads/dudleya/Dudleya_S_genomes/full_pipeline_run/results/06_all_sample_alignment/qc/DOV_LP_084_Du-180.depth.tsv
DOV_LP_084_Du-180	QB3.Berkeley.251217/QB3.Results.260109	D. setchellii	DOV	cpdna_duplicate_ir_mask	cpDNA	mask	chloroplast	1	25736	87381835	3395.315317	25736	1.000000	25736	1.000000	25736	1.000000	/home/neil/Downloads/dudleya/Dudleya_S_genomes/full_pipeline_run/results/05_analysis_masks/cpdna_duplicate_ir_copy_mask.bed	/home/neil/Downloads/dudleya/Dudleya_S_genomes/full_pipeline_run/results/06_all_sample_alignment/qc/DOV_LP_084_Du-180.depth.tsv
DOV_LP_084_Du-180	QB3.Berkeley.251217/QB3.Results.260109	D. setchellii	DOV	cpdna_population_sites	cpDNA	variant_calling_and_population_genetics	chloroplast	1	124538	358848877	2881.440821	124538	1.000000	124538	1.000000	124538	1.000000	/home/neil/Downloads/dudleya/Dudleya_S_genomes/full_pipeline_run/results/05_analysis_masks/cpdna_population_sites.bed	/home/neil/Downloads/dudleya/Dudleya_S_genomes/full_pipeline_run/results/06_all_sample_alignment/qc/DOV_LP_084_Du-180.depth.tsv
DOV_LP_084_Du-180	QB3.Berkeley.251217/QB3.Results.260109	D. setchellii	DOV	mtdna_permissive_coverage	mtDNA	sample_qc_coverage	mitochondria	1	243359	54842554	225.356588	230561	0.947411	230109	0.945554	230036	0.945254	/home/neil/Downloads/dudleya/Dudleya_S_genomes/full_pipeline_run/results/05_analysis_masks/mtdna_permissive_coverage_regions.bed	/home/neil/Downloads/dudleya/Dudleya_S_genomes/full_pipeline_run/results/06_all_sample_alignment/qc/DOV_LP_084_Du-180.depth.tsv
DOV_LP_084_Du-180	QB3.Berkeley.251217/QB3.Results.260109	D. setchellii	DOV	mtdna_high_confidence_unique	mtDNA	variant_calling_and_population_genetics	mitochondria	2	44930	17625920	392.297351	44930	1.000000	44930	1.000000	44930	1.000000	/home/neil/Downloads/dudleya/Dudleya_S_genomes/full_pipeline_run/results/05_analysis_masks/mtdna_high_confidence_unique_regions.bed	/home/neil/Downloads/dudleya/Dudleya_S_genomes/full_pipeline_run/results/06_all_sample_alignment/qc/DOV_LP_084_Du-180.depth.tsv
DUD_LP_132_Du-283	QB3.Berkeley.251217/QB3.Results.260109	D. setchellii	DUD	cpdna_full_coverage	cpDNA	sample_qc_coverage	chloroplast	1	150274	56524155	376.140616	150273	0.999993	150271	0.999980	150266	0.999947	/home/neil/Downloads/dudleya/Dudleya_S_genomes/full_pipeline_run/results/05_analysis_masks/cpdna_full_coverage_regions.bed	/home/neil/Downloads/dudleya/Dudleya_S_genomes/full_pipeline_run/results/06_all_sample_alignment/qc/DUD_LP_132_Du-283.depth.tsv
DUD_LP_132_Du-283	QB3.Berkeley.251217/QB3.Results.260109	D. setchellii	DUD	cpdna_ir_regions	cpDNA	repeat_annotation	chloroplast	2	51472	20012480	388.803233	51471	0.999981	51469	0.999942	51465	0.999864	/home/neil/Downloads/dudleya/Dudleya_S_genomes/full_pipeline_run/results/05_analysis_masks/cpdna_ir_regions.bed	/home/neil/Downloads/dudleya/Dudleya_S_genomes/full_pipeline_run/results/06_all_sample_alignment/qc/DUD_LP_132_Du-283.depth.tsv
DUD_LP_132_Du-283	QB3.Berkeley.251217/QB3.Results.260109	D. setchellii	DUD	cpdna_duplicate_ir_mask	cpDNA	mask	chloroplast	1	25736	9882962	384.013133	25735	0.999961	25733	0.999883	25729	0.999728	/home/neil/Downloads/dudleya/Dudleya_S_genomes/full_pipeline_run/results/05_analysis_masks/cpdna_duplicate_ir_copy_mask.bed	/home/neil/Downloads/dudleya/Dudleya_S_genomes/full_pipeline_run/results/06_all_sample_alignment/qc/DUD_LP_132_Du-283.depth.tsv
DUD_LP_132_Du-283	QB3.Berkeley.251217/QB3.Results.260109	D. setchellii	DUD	cpdna_population_sites	cpDNA	variant_calling_and_population_genetics	chloroplast	1	124538	46641193	374.513747	124538	1.000000	124538	1.000000	124537	0.999992	/home/neil/Downloads/dudleya/Dudleya_S_genomes/full_pipeline_run/results/05_analysis_masks/cpdna_population_sites.bed	/home/neil/Downloads/dudleya/Dudleya_S_genomes/full_pipeline_run/results/06_all_sample_alignment/qc/DUD_LP_132_Du-283.depth.tsv
DUD_LP_132_Du-283	QB3.Berkeley.251217/QB3.Results.260109	D. setchellii	DUD	mtdna_permissive_coverage	mtDNA	sample_qc_coverage	mitochondria	1	243359	4446698	18.272174	243328	0.999873	240928	0.990011	212882	0.874765	/home/neil/Downloads/dudleya/Dudleya_S_genomes/full_pipeline_run/results/05_analysis_masks/mtdna_permissive_coverage_regions.bed	/home/neil/Downloads/dudleya/Dudleya_S_genomes/full_pipeline_run/results/06_all_sample_alignment/qc/DUD_LP_132_Du-283.depth.tsv
DUD_LP_132_Du-283	QB3.Berkeley.251217/QB3.Results.260109	D. setchellii	DUD	mtdna_high_confidence_unique	mtDNA	variant_calling_and_population_genetics	mitochondria	2	44930	1351060	30.070332	44930	1.000000	44930	1.000000	44881	0.998909	/home/neil/Downloads/dudleya/Dudleya_S_genomes/full_pipeline_run/results/05_analysis_masks/mtdna_high_confidence_unique_regions.bed	/home/neil/Downloads/dudleya/Dudleya_S_genomes/full_pipeline_run/results/06_all_sample_alignment/qc/DUD_LP_132_Du-283.depth.tsv
DUD_LP_133_Du-284	QB3.Berkeley.251217/QB3.Results.260109	D. setchellii	DUD	cpdna_full_coverage	cpDNA	sample_qc_coverage	chloroplast	1	150274	207500474	1380.814206	150274	1.000000	150274	1.000000	150271	0.999980	/home/neil/Downloads/dudleya/Dudleya_S_genomes/full_pipeline_run/results/05_analysis_masks/cpdna_full_coverage_regions.bed	/home/neil/Downloads/dudleya/Dudleya_S_genomes/full_pipeline_run/results/06_all_sample_alignment/qc/DUD_LP_133_Du-284.depth.tsv
DUD_LP_133_Du-284	QB3.Berkeley.251217/QB3.Results.260109	D. setchellii	DUD	cpdna_ir_regions	cpDNA	repeat_annotation	chloroplast	2	51472	70188949	1363.633607	51472	1.000000	51472	1.000000	51469	0.999942	/home/neil/Downloads/dudleya/Dudleya_S_genomes/full_pipeline_run/results/05_analysis_masks/cpdna_ir_regions.bed	/home/neil/Downloads/dudleya/Dudleya_S_genomes/full_pipeline_run/results/06_all_sample_alignment/qc/DUD_LP_133_Du-284.depth.tsv
DUD_LP_133_Du-284	QB3.Berkeley.251217/QB3.Results.260109	D. setchellii	DUD	cpdna_duplicate_ir_mask	cpDNA	mask	chloroplast	1	25736	34255968	1331.052533	25736	1.000000	25736	1.000000	25733	0.999883	/home/neil/Downloads/dudleya/Dudleya_S_genomes/full_pipeline_run/results/05_analysis_masks/cpdna_duplicate_ir_copy_mask.bed	/home/neil/Downloads/dudleya/Dudleya_S_genomes/full_pipeline_run/results/06_all_sample_alignment/qc/DUD_LP_133_Du-284.depth.tsv
DUD_LP_133_Du-284	QB3.Berkeley.251217/QB3.Results.260109	D. setchellii	DUD	cpdna_population_sites	cpDNA	variant_calling_and_population_genetics	chloroplast	1	124538	173244506	1391.097545	124538	1.000000	124538	1.000000	124538	1.000000	/home/neil/Downloads/dudleya/Dudleya_S_genomes/full_pipeline_run/results/05_analysis_masks/cpdna_population_sites.bed	/home/neil/Downloads/dudleya/Dudleya_S_genomes/full_pipeline_run/results/06_all_sample_alignment/qc/DUD_LP_133_Du-284.depth.tsv
DUD_LP_133_Du-284	QB3.Berkeley.251217/QB3.Results.260109	D. setchellii	DUD	mtdna_permissive_coverage	mtDNA	sample_qc_coverage	mitochondria	1	243359	28383224	116.631084	243356	0.999988	243342	0.999930	243338	0.999914	/home/neil/Downloads/dudleya/Dudleya_S_genomes/full_pipeline_run/results/05_analysis_masks/mtdna_permissive_coverage_regions.bed	/home/neil/Downloads/dudleya/Dudleya_S_genomes/full_pipeline_run/results/06_all_sample_alignment/qc/DUD_LP_133_Du-284.depth.tsv
DUD_LP_133_Du-284	QB3.Berkeley.251217/QB3.Results.260109	D. setchellii	DUD	mtdna_high_confidence_unique	mtDNA	variant_calling_and_population_genetics	mitochondria	2	44930	8640051	192.300267	44930	1.000000	44930	1.000000	44930	1.000000	/home/neil/Downloads/dudleya/Dudleya_S_genomes/full_pipeline_run/results/05_analysis_masks/mtdna_high_confidence_unique_regions.bed	/home/neil/Downloads/dudleya/Dudleya_S_genomes/full_pipeline_run/results/06_all_sample_alignment/qc/DUD_LP_133_Du-284.depth.tsv
DUD_LP_134_Du-285	QB3.Berkeley.251217/QB3.Results.260109	D. setchellii	DUD	cpdna_full_coverage	cpDNA	sample_qc_coverage	chloroplast	1	150274	352999597	2349.039734	150274	1.000000	150274	1.000000	150274	1.000000	/home/neil/Downloads/dudleya/Dudleya_S_genomes/full_pipeline_run/results/05_analysis_masks/cpdna_full_coverage_regions.bed	/home/neil/Downloads/dudleya/Dudleya_S_genomes/full_pipeline_run/results/06_all_sample_alignment/qc/DUD_LP_134_Du-285.depth.tsv
DUD_LP_134_Du-285	QB3.Berkeley.251217/QB3.Results.260109	D. setchellii	DUD	cpdna_ir_regions	cpDNA	repeat_annotation	chloroplast	2	51472	121674828	2363.903248	51472	1.000000	51472	1.000000	51472	1.000000	/home/neil/Downloads/dudleya/Dudleya_S_genomes/full_pipeline_run/results/05_analysis_masks/cpdna_ir_regions.bed	/home/neil/Downloads/dudleya/Dudleya_S_genomes/full_pipeline_run/results/06_all_sample_alignment/qc/DUD_LP_134_Du-285.depth.tsv
DUD_LP_134_Du-285	QB3.Berkeley.251217/QB3.Results.260109	D. setchellii	DUD	cpdna_duplicate_ir_mask	cpDNA	mask	chloroplast	1	25736	59288845	2303.731932	25736	1.000000	25736	1.000000	25736	1.000000	/home/neil/Downloads/dudleya/Dudleya_S_genomes/full_pipeline_run/results/05_analysis_masks/cpdna_duplicate_ir_copy_mask.bed	/home/neil/Downloads/dudleya/Dudleya_S_genomes/full_pipeline_run/results/06_all_sample_alignment/qc/DUD_LP_134_Du-285.depth.tsv
DUD_LP_134_Du-285	QB3.Berkeley.251217/QB3.Results.260109	D. setchellii	DUD	cpdna_population_sites	cpDNA	variant_calling_and_population_genetics	chloroplast	1	124538	293710752	2358.402672	124538	1.000000	124538	1.000000	124538	1.000000	/home/neil/Downloads/dudleya/Dudleya_S_genomes/full_pipeline_run/results/05_analysis_masks/cpdna_population_sites.bed	/home/neil/Downloads/dudleya/Dudleya_S_genomes/full_pipeline_run/results/06_all_sample_alignment/qc/DUD_LP_134_Du-285.depth.tsv
DUD_LP_134_Du-285	QB3.Berkeley.251217/QB3.Results.260109	D. setchellii	DUD	mtdna_permissive_coverage	mtDNA	sample_qc_coverage	mitochondria	1	243359	27904190	114.662659	243357	0.999992	243347	0.999951	243333	0.999893	/home/neil/Downloads/dudleya/Dudleya_S_genomes/full_pipeline_run/results/05_analysis_masks/mtdna_permissive_coverage_regions.bed	/home/neil/Downloads/dudleya/Dudleya_S_genomes/full_pipeline_run/results/06_all_sample_alignment/qc/DUD_LP_134_Du-285.depth.tsv
DUD_LP_134_Du-285	QB3.Berkeley.251217/QB3.Results.260109	D. setchellii	DUD	mtdna_high_confidence_unique	mtDNA	variant_calling_and_population_genetics	mitochondria	2	44930	8473876	188.601736	44930	1.000000	44930	1.000000	44930	1.000000	/home/neil/Downloads/dudleya/Dudleya_S_genomes/full_pipeline_run/results/05_analysis_masks/mtdna_high_confidence_unique_regions.bed	/home/neil/Downloads/dudleya/Dudleya_S_genomes/full_pipeline_run/results/06_all_sample_alignment/qc/DUD_LP_134_Du-285.depth.tsv
DUD_LP_135_Du-286	QB3.Berkeley.251217/QB3.Results.260109	D. setchellii	DUD	cpdna_full_coverage	cpDNA	sample_qc_coverage	chloroplast	1	150274	105844703	704.344750	150274	1.000000	150274	1.000000	150268	0.999960	/home/neil/Downloads/dudleya/Dudleya_S_genomes/full_pipeline_run/results/05_analysis_masks/cpdna_full_coverage_regions.bed	/home/neil/Downloads/dudleya/Dudleya_S_genomes/full_pipeline_run/results/06_all_sample_alignment/qc/DUD_LP_135_Du-286.depth.tsv
DUD_LP_135_Du-286	QB3.Berkeley.251217/QB3.Results.260109	D. setchellii	DUD	cpdna_ir_regions	cpDNA	repeat_annotation	chloroplast	2	51472	41006023	796.666595	51472	1.000000	51472	1.000000	51467	0.999903	/home/neil/Downloads/dudleya/Dudleya_S_genomes/full_pipeline_run/results/05_analysis_masks/cpdna_ir_regions.bed	/home/neil/Downloads/dudleya/Dudleya_S_genomes/full_pipeline_run/results/06_all_sample_alignment/qc/DUD_LP_135_Du-286.depth.tsv
DUD_LP_135_Du-286	QB3.Berkeley.251217/QB3.Results.260109	D. setchellii	DUD	cpdna_duplicate_ir_mask	cpDNA	mask	chloroplast	1	25736	19829138	770.482515	25736	1.000000	25736	1.000000	25731	0.999806	/home/neil/Downloads/dudleya/Dudleya_S_genomes/full_pipeline_run/results/05_analysis_masks/cpdna_duplicate_ir_copy_mask.bed	/home/neil/Downloads/dudleya/Dudleya_S_genomes/full_pipeline_run/results/06_all_sample_alignment/qc/DUD_LP_135_Du-286.depth.tsv
DUD_LP_135_Du-286	QB3.Berkeley.251217/QB3.Results.260109	D. setchellii	DUD	cpdna_population_sites	cpDNA	variant_calling_and_population_genetics	chloroplast	1	124538	86015565	690.677263	124538	1.000000	124538	1.000000	124537	0.999992	/home/neil/Downloads/dudleya/Dudleya_S_genomes/full_pipeline_run/results/05_analysis_masks/cpdna_population_sites.bed	/home/neil/Downloads/dudleya/Dudleya_S_genomes/full_pipeline_run/results/06_all_sample_alignment/qc/DUD_LP_135_Du-286.depth.tsv
DUD_LP_135_Du-286	QB3.Berkeley.251217/QB3.Results.260109	D. setchellii	DUD	mtdna_permissive_coverage	mtDNA	sample_qc_coverage	mitochondria	1	243359	11729642	48.198924	243352	0.999971	243326	0.999864	243270	0.999634	/home/neil/Downloads/dudleya/Dudleya_S_genomes/full_pipeline_run/results/05_analysis_masks/mtdna_permissive_coverage_regions.bed	/home/neil/Downloads/dudleya/Dudleya_S_genomes/full_pipeline_run/results/06_all_sample_alignment/qc/DUD_LP_135_Du-286.depth.tsv
DUD_LP_135_Du-286	QB3.Berkeley.251217/QB3.Results.260109	D. setchellii	DUD	mtdna_high_confidence_unique	mtDNA	variant_calling_and_population_genetics	mitochondria	2	44930	3659540	81.449811	44930	1.000000	44930	1.000000	44930	1.000000	/home/neil/Downloads/dudleya/Dudleya_S_genomes/full_pipeline_run/results/05_analysis_masks/mtdna_high_confidence_unique_regions.bed	/home/neil/Downloads/dudleya/Dudleya_S_genomes/full_pipeline_run/results/06_all_sample_alignment/qc/DUD_LP_135_Du-286.depth.tsv
DUD_LP_136_Du-287	QB3.Berkeley.251217/QB3.Results.260109	D. setchellii	DUD	cpdna_full_coverage	cpDNA	sample_qc_coverage	chloroplast	1	150274	330076108	2196.495122	150274	1.000000	150274	1.000000	150273	0.999993	/home/neil/Downloads/dudleya/Dudleya_S_genomes/full_pipeline_run/results/05_analysis_masks/cpdna_full_coverage_regions.bed	/home/neil/Downloads/dudleya/Dudleya_S_genomes/full_pipeline_run/results/06_all_sample_alignment/qc/DUD_LP_136_Du-287.depth.tsv
DUD_LP_136_Du-287	QB3.Berkeley.251217/QB3.Results.260109	D. setchellii	DUD	cpdna_ir_regions	cpDNA	repeat_annotation	chloroplast	2	51472	113051301	2196.365033	51472	1.000000	51472	1.000000	51471	0.999981	/home/neil/Downloads/dudleya/Dudleya_S_genomes/full_pipeline_run/results/05_analysis_masks/cpdna_ir_regions.bed	/home/neil/Downloads/dudleya/Dudleya_S_genomes/full_pipeline_run/results/06_all_sample_alignment/qc/DUD_LP_136_Du-287.depth.tsv
DUD_LP_136_Du-287	QB3.Berkeley.251217/QB3.Results.260109	D. setchellii	DUD	cpdna_duplicate_ir_mask	cpDNA	mask	chloroplast	1	25736	55065998	2139.648663	25736	1.000000	25736	1.000000	25735	0.999961	/home/neil/Downloads/dudleya/Dudleya_S_genomes/full_pipeline_run/results/05_analysis_masks/cpdna_duplicate_ir_copy_mask.bed	/home/neil/Downloads/dudleya/Dudleya_S_genomes/full_pipeline_run/results/06_all_sample_alignment/qc/DUD_LP_136_Du-287.depth.tsv
DUD_LP_136_Du-287	QB3.Berkeley.251217/QB3.Results.260109	D. setchellii	DUD	cpdna_population_sites	cpDNA	variant_calling_and_population_genetics	chloroplast	1	124538	275010110	2208.242544	124538	1.000000	124538	1.000000	124538	1.000000	/home/neil/Downloads/dudleya/Dudleya_S_genomes/full_pipeline_run/results/05_analysis_masks/cpdna_population_sites.bed	/home/neil/Downloads/dudleya/Dudleya_S_genomes/full_pipeline_run/results/06_all_sample_alignment/qc/DUD_LP_136_Du-287.depth.tsv
DUD_LP_136_Du-287	QB3.Berkeley.251217/QB3.Results.260109	D. setchellii	DUD	mtdna_permissive_coverage	mtDNA	sample_qc_coverage	mitochondria	1	243359	33601402	138.073390	243357	0.999992	243352	0.999971	243344	0.999938	/home/neil/Downloads/dudleya/Dudleya_S_genomes/full_pipeline_run/results/05_analysis_masks/mtdna_permissive_coverage_regions.bed	/home/neil/Downloads/dudleya/Dudleya_S_genomes/full_pipeline_run/results/06_all_sample_alignment/qc/DUD_LP_136_Du-287.depth.tsv
DUD_LP_136_Du-287	QB3.Berkeley.251217/QB3.Results.260109	D. setchellii	DUD	mtdna_high_confidence_unique	mtDNA	variant_calling_and_population_genetics	mitochondria	2	44930	10082035	224.394280	44930	1.000000	44930	1.000000	44930	1.000000	/home/neil/Downloads/dudleya/Dudleya_S_genomes/full_pipeline_run/results/05_analysis_masks/mtdna_high_confidence_unique_regions.bed	/home/neil/Downloads/dudleya/Dudleya_S_genomes/full_pipeline_run/results/06_all_sample_alignment/qc/DUD_LP_136_Du-287.depth.tsv
DUD_LP_137_Du-288	QB3.Berkeley.251217/QB3.Results.260109	D. setchellii	DUD	cpdna_full_coverage	cpDNA	sample_qc_coverage	chloroplast	1	150274	42919252	285.606639	150270	0.999973	150253	0.999860	150232	0.999721	/home/neil/Downloads/dudleya/Dudleya_S_genomes/full_pipeline_run/results/05_analysis_masks/cpdna_full_coverage_regions.bed	/home/neil/Downloads/dudleya/Dudleya_S_genomes/full_pipeline_run/results/06_all_sample_alignment/qc/DUD_LP_137_Du-288.depth.tsv
DUD_LP_137_Du-288	QB3.Berkeley.251217/QB3.Results.260109	D. setchellii	DUD	cpdna_ir_regions	cpDNA	repeat_annotation	chloroplast	2	51472	14563402	282.938335	51468	0.999922	51452	0.999611	51431	0.999203	/home/neil/Downloads/dudleya/Dudleya_S_genomes/full_pipeline_run/results/05_analysis_masks/cpdna_ir_regions.bed	/home/neil/Downloads/dudleya/Dudleya_S_genomes/full_pipeline_run/results/06_all_sample_alignment/qc/DUD_LP_137_Du-288.depth.tsv
DUD_LP_137_Du-288	QB3.Berkeley.251217/QB3.Results.260109	D. setchellii	DUD	cpdna_duplicate_ir_mask	cpDNA	mask	chloroplast	1	25736	7108832	276.221324	25733	0.999883	25718	0.999301	25702	0.998679	/home/neil/Downloads/dudleya/Dudleya_S_genomes/full_pipeline_run/results/05_analysis_masks/cpdna_duplicate_ir_copy_mask.bed	/home/neil/Downloads/dudleya/Dudleya_S_genomes/full_pipeline_run/results/06_all_sample_alignment/qc/DUD_LP_137_Du-288.depth.tsv
DUD_LP_137_Du-288	QB3.Berkeley.251217/QB3.Results.260109	D. setchellii	DUD	cpdna_population_sites	cpDNA	variant_calling_and_population_genetics	chloroplast	1	124538	35810420	287.546130	124537	0.999992	124535	0.999976	124530	0.999936	/home/neil/Downloads/dudleya/Dudleya_S_genomes/full_pipeline_run/results/05_analysis_masks/cpdna_population_sites.bed	/home/neil/Downloads/dudleya/Dudleya_S_genomes/full_pipeline_run/results/06_all_sample_alignment/qc/DUD_LP_137_Du-288.depth.tsv
DUD_LP_137_Du-288	QB3.Berkeley.251217/QB3.Results.260109	D. setchellii	DUD	mtdna_permissive_coverage	mtDNA	sample_qc_coverage	mitochondria	1	243359	4053615	16.656935	243342	0.999930	241223	0.991223	207084	0.850940	/home/neil/Downloads/dudleya/Dudleya_S_genomes/full_pipeline_run/results/05_analysis_masks/mtdna_permissive_coverage_regions.bed	/home/neil/Downloads/dudleya/Dudleya_S_genomes/full_pipeline_run/results/06_all_sample_alignment/qc/DUD_LP_137_Du-288.depth.tsv
DUD_LP_137_Du-288	QB3.Berkeley.251217/QB3.Results.260109	D. setchellii	DUD	mtdna_high_confidence_unique	mtDNA	variant_calling_and_population_genetics	mitochondria	2	44930	1223134	27.223103	44930	1.000000	44930	1.000000	44793	0.996951	/home/neil/Downloads/dudleya/Dudleya_S_genomes/full_pipeline_run/results/05_analysis_masks/mtdna_high_confidence_unique_regions.bed	/home/neil/Downloads/dudleya/Dudleya_S_genomes/full_pipeline_run/results/06_all_sample_alignment/qc/DUD_LP_137_Du-288.depth.tsv
DUD_LP_138_Du-289	QB3.Berkeley.251217/QB3.Results.260109	D. setchellii	DUD	cpdna_full_coverage	cpDNA	sample_qc_coverage	chloroplast	1	150274	278396612	1852.593343	150274	1.000000	150273	0.999993	150271	0.999980	/home/neil/Downloads/dudleya/Dudleya_S_genomes/full_pipeline_run/results/05_analysis_masks/cpdna_full_coverage_regions.bed	/home/neil/Downloads/dudleya/Dudleya_S_genomes/full_pipeline_run/results/06_all_sample_alignment/qc/DUD_LP_138_Du-289.depth.tsv
DUD_LP_138_Du-289	QB3.Berkeley.251217/QB3.Results.260109	D. setchellii	DUD	cpdna_ir_regions	cpDNA	repeat_annotation	chloroplast	2	51472	94211374	1830.342205	51472	1.000000	51471	0.999981	51469	0.999942	/home/neil/Downloads/dudleya/Dudleya_S_genomes/full_pipeline_run/results/05_analysis_masks/cpdna_ir_regions.bed	/home/neil/Downloads/dudleya/Dudleya_S_genomes/full_pipeline_run/results/06_all_sample_alignment/qc/DUD_LP_138_Du-289.depth.tsv
DUD_LP_138_Du-289	QB3.Berkeley.251217/QB3.Results.260109	D. setchellii	DUD	cpdna_duplicate_ir_mask	cpDNA	mask	chloroplast	1	25736	46179534	1794.355533	25736	1.000000	25735	0.999961	25733	0.999883	/home/neil/Downloads/dudleya/Dudleya_S_genomes/full_pipeline_run/results/05_analysis_masks/cpdna_duplicate_ir_copy_mask.bed	/home/neil/Downloads/dudleya/Dudleya_S_genomes/full_pipeline_run/results/06_all_sample_alignment/qc/DUD_LP_138_Du-289.depth.tsv
DUD_LP_138_Du-289	QB3.Berkeley.251217/QB3.Results.260109	D. setchellii	DUD	cpdna_population_sites	cpDNA	variant_calling_and_population_genetics	chloroplast	1	124538	232217078	1864.628290	124538	1.000000	124538	1.000000	124538	1.000000	/home/neil/Downloads/dudleya/Dudleya_S_genomes/full_pipeline_run/results/05_analysis_masks/cpdna_population_sites.bed	/home/neil/Downloads/dudleya/Dudleya_S_genomes/full_pipeline_run/results/06_all_sample_alignment/qc/DUD_LP_138_Du-289.depth.tsv
DUD_LP_138_Du-289	QB3.Berkeley.251217/QB3.Results.260109	D. setchellii	DUD	mtdna_permissive_coverage	mtDNA	sample_qc_coverage	mitochondria	1	243359	20860320	85.718301	243354	0.999979	243344	0.999938	243328	0.999873	/home/neil/Downloads/dudleya/Dudleya_S_genomes/full_pipeline_run/results/05_analysis_masks/mtdna_permissive_coverage_regions.bed	/home/neil/Downloads/dudleya/Dudleya_S_genomes/full_pipeline_run/results/06_all_sample_alignment/qc/DUD_LP_138_Du-289.depth.tsv
DUD_LP_138_Du-289	QB3.Berkeley.251217/QB3.Results.260109	D. setchellii	DUD	mtdna_high_confidence_unique	mtDNA	variant_calling_and_population_genetics	mitochondria	2	44930	6417647	142.836568	44930	1.000000	44930	1.000000	44930	1.000000	/home/neil/Downloads/dudleya/Dudleya_S_genomes/full_pipeline_run/results/05_analysis_masks/mtdna_high_confidence_unique_regions.bed	/home/neil/Downloads/dudleya/Dudleya_S_genomes/full_pipeline_run/results/06_all_sample_alignment/qc/DUD_LP_138_Du-289.depth.tsv
DUD_LP_139_Du-290	QB3.Berkeley.251217/QB3.Results.260109	D. setchellii	DUD	cpdna_full_coverage	cpDNA	sample_qc_coverage	chloroplast	1	150274	50309395	334.784427	150274	1.000000	150265	0.999940	150243	0.999794	/home/neil/Downloads/dudleya/Dudleya_S_genomes/full_pipeline_run/results/05_analysis_masks/cpdna_full_coverage_regions.bed	/home/neil/Downloads/dudleya/Dudleya_S_genomes/full_pipeline_run/results/06_all_sample_alignment/qc/DUD_LP_139_Du-290.depth.tsv
DUD_LP_139_Du-290	QB3.Berkeley.251217/QB3.Results.260109	D. setchellii	DUD	cpdna_ir_regions	cpDNA	repeat_annotation	chloroplast	2	51472	20790589	403.920364	51472	1.000000	51464	0.999845	51443	0.999437	/home/neil/Downloads/dudleya/Dudleya_S_genomes/full_pipeline_run/results/05_analysis_masks/cpdna_ir_regions.bed	/home/neil/Downloads/dudleya/Dudleya_S_genomes/full_pipeline_run/results/06_all_sample_alignment/qc/DUD_LP_139_Du-290.depth.tsv
DUD_LP_139_Du-290	QB3.Berkeley.251217/QB3.Results.260109	D. setchellii	DUD	cpdna_duplicate_ir_mask	cpDNA	mask	chloroplast	1	25736	10066809	391.156707	25736	1.000000	25729	0.999728	25715	0.999184	/home/neil/Downloads/dudleya/Dudleya_S_genomes/full_pipeline_run/results/05_analysis_masks/cpdna_duplicate_ir_copy_mask.bed	/home/neil/Downloads/dudleya/Dudleya_S_genomes/full_pipeline_run/results/06_all_sample_alignment/qc/DUD_LP_139_Du-290.depth.tsv
DUD_LP_139_Du-290	QB3.Berkeley.251217/QB3.Results.260109	D. setchellii	DUD	cpdna_population_sites	cpDNA	variant_calling_and_population_genetics	chloroplast	1	124538	40242586	323.134995	124538	1.000000	124536	0.999984	124528	0.999920	/home/neil/Downloads/dudleya/Dudleya_S_genomes/full_pipeline_run/results/05_analysis_masks/cpdna_population_sites.bed	/home/neil/Downloads/dudleya/Dudleya_S_genomes/full_pipeline_run/results/06_all_sample_alignment/qc/DUD_LP_139_Du-290.depth.tsv
DUD_LP_139_Du-290	QB3.Berkeley.251217/QB3.Results.260109	D. setchellii	DUD	mtdna_permissive_coverage	mtDNA	sample_qc_coverage	mitochondria	1	243359	3254778	13.374389	243064	0.998788	226636	0.931283	155757	0.640030	/home/neil/Downloads/dudleya/Dudleya_S_genomes/full_pipeline_run/results/05_analysis_masks/mtdna_permissive_coverage_regions.bed	/home/neil/Downloads/dudleya/Dudleya_S_genomes/full_pipeline_run/results/06_all_sample_alignment/qc/DUD_LP_139_Du-290.depth.tsv
DUD_LP_139_Du-290	QB3.Berkeley.251217/QB3.Results.260109	D. setchellii	DUD	mtdna_high_confidence_unique	mtDNA	variant_calling_and_population_genetics	mitochondria	2	44930	994935	22.144113	44930	1.000000	44799	0.997084	42540	0.946806	/home/neil/Downloads/dudleya/Dudleya_S_genomes/full_pipeline_run/results/05_analysis_masks/mtdna_high_confidence_unique_regions.bed	/home/neil/Downloads/dudleya/Dudleya_S_genomes/full_pipeline_run/results/06_all_sample_alignment/qc/DUD_LP_139_Du-290.depth.tsv
KIRN_LP_179_Du-421	QB3.Berkeley.251217/QB3.Results.260109	D. setchellii	KIRN	cpdna_full_coverage	cpDNA	sample_qc_coverage	chloroplast	1	150274	485147477	3228.419267	150274	1.000000	150274	1.000000	150274	1.000000	/home/neil/Downloads/dudleya/Dudleya_S_genomes/full_pipeline_run/results/05_analysis_masks/cpdna_full_coverage_regions.bed	/home/neil/Downloads/dudleya/Dudleya_S_genomes/full_pipeline_run/results/06_all_sample_alignment/qc/KIRN_LP_179_Du-421.depth.tsv
KIRN_LP_179_Du-421	QB3.Berkeley.251217/QB3.Results.260109	D. setchellii	KIRN	cpdna_ir_regions	cpDNA	repeat_annotation	chloroplast	2	51472	173884493	3378.234632	51472	1.000000	51472	1.000000	51472	1.000000	/home/neil/Downloads/dudleya/Dudleya_S_genomes/full_pipeline_run/results/05_analysis_masks/cpdna_ir_regions.bed	/home/neil/Downloads/dudleya/Dudleya_S_genomes/full_pipeline_run/results/06_all_sample_alignment/qc/KIRN_LP_179_Du-421.depth.tsv
KIRN_LP_179_Du-421	QB3.Berkeley.251217/QB3.Results.260109	D. setchellii	KIRN	cpdna_duplicate_ir_mask	cpDNA	mask	chloroplast	1	25736	84595056	3287.032017	25736	1.000000	25736	1.000000	25736	1.000000	/home/neil/Downloads/dudleya/Dudleya_S_genomes/full_pipeline_run/results/05_analysis_masks/cpdna_duplicate_ir_copy_mask.bed	/home/neil/Downloads/dudleya/Dudleya_S_genomes/full_pipeline_run/results/06_all_sample_alignment/qc/KIRN_LP_179_Du-421.depth.tsv
KIRN_LP_179_Du-421	QB3.Berkeley.251217/QB3.Results.260109	D. setchellii	KIRN	cpdna_population_sites	cpDNA	variant_calling_and_population_genetics	chloroplast	1	124538	400552421	3216.306838	124538	1.000000	124538	1.000000	124538	1.000000	/home/neil/Downloads/dudleya/Dudleya_S_genomes/full_pipeline_run/results/05_analysis_masks/cpdna_population_sites.bed	/home/neil/Downloads/dudleya/Dudleya_S_genomes/full_pipeline_run/results/06_all_sample_alignment/qc/KIRN_LP_179_Du-421.depth.tsv
KIRN_LP_179_Du-421	QB3.Berkeley.251217/QB3.Results.260109	D. setchellii	KIRN	mtdna_permissive_coverage	mtDNA	sample_qc_coverage	mitochondria	1	243359	34015992	139.777004	243358	0.999996	243350	0.999963	243331	0.999885	/home/neil/Downloads/dudleya/Dudleya_S_genomes/full_pipeline_run/results/05_analysis_masks/mtdna_permissive_coverage_regions.bed	/home/neil/Downloads/dudleya/Dudleya_S_genomes/full_pipeline_run/results/06_all_sample_alignment/qc/KIRN_LP_179_Du-421.depth.tsv
KIRN_LP_179_Du-421	QB3.Berkeley.251217/QB3.Results.260109	D. setchellii	KIRN	mtdna_high_confidence_unique	mtDNA	variant_calling_and_population_genetics	mitochondria	2	44930	10282349	228.852637	44930	1.000000	44930	1.000000	44930	1.000000	/home/neil/Downloads/dudleya/Dudleya_S_genomes/full_pipeline_run/results/05_analysis_masks/mtdna_high_confidence_unique_regions.bed	/home/neil/Downloads/dudleya/Dudleya_S_genomes/full_pipeline_run/results/06_all_sample_alignment/qc/KIRN_LP_179_Du-421.depth.tsv
KIRN_LP_180_Du-422	QB3.Berkeley.251217/QB3.Results.260109	D. setchellii	KIRN	cpdna_full_coverage	cpDNA	sample_qc_coverage	chloroplast	1	150274	252305098	1678.967073	150274	1.000000	150273	0.999993	150273	0.999993	/home/neil/Downloads/dudleya/Dudleya_S_genomes/full_pipeline_run/results/05_analysis_masks/cpdna_full_coverage_regions.bed	/home/neil/Downloads/dudleya/Dudleya_S_genomes/full_pipeline_run/results/06_all_sample_alignment/qc/KIRN_LP_180_Du-422.depth.tsv
KIRN_LP_180_Du-422	QB3.Berkeley.251217/QB3.Results.260109	D. setchellii	KIRN	cpdna_ir_regions	cpDNA	repeat_annotation	chloroplast	2	51472	90952585	1767.030327	51472	1.000000	51471	0.999981	51471	0.999981	/home/neil/Downloads/dudleya/Dudleya_S_genomes/full_pipeline_run/results/05_analysis_masks/cpdna_ir_regions.bed	/home/neil/Downloads/dudleya/Dudleya_S_genomes/full_pipeline_run/results/06_all_sample_alignment/qc/KIRN_LP_180_Du-422.depth.tsv
KIRN_LP_180_Du-422	QB3.Berkeley.251217/QB3.Results.260109	D. setchellii	KIRN	cpdna_duplicate_ir_mask	cpDNA	mask	chloroplast	1	25736	44428588	1726.320640	25736	1.000000	25736	1.000000	25736	1.000000	/home/neil/Downloads/dudleya/Dudleya_S_genomes/full_pipeline_run/results/05_analysis_masks/cpdna_duplicate_ir_copy_mask.bed	/home/neil/Downloads/dudleya/Dudleya_S_genomes/full_pipeline_run/results/06_all_sample_alignment/qc/KIRN_LP_180_Du-422.depth.tsv
KIRN_LP_180_Du-422	QB3.Berkeley.251217/QB3.Results.260109	D. setchellii	KIRN	cpdna_population_sites	cpDNA	variant_calling_and_population_genetics	chloroplast	1	124538	207876510	1669.181374	124538	1.000000	124537	0.999992	124537	0.999992	/home/neil/Downloads/dudleya/Dudleya_S_genomes/full_pipeline_run/results/05_analysis_masks/cpdna_population_sites.bed	/home/neil/Downloads/dudleya/Dudleya_S_genomes/full_pipeline_run/results/06_all_sample_alignment/qc/KIRN_LP_180_Du-422.depth.tsv
KIRN_LP_180_Du-422	QB3.Berkeley.251217/QB3.Results.260109	D. setchellii	KIRN	mtdna_permissive_coverage	mtDNA	sample_qc_coverage	mitochondria	1	243359	38768456	159.305618	243352	0.999971	243344	0.999938	243338	0.999914	/home/neil/Downloads/dudleya/Dudleya_S_genomes/full_pipeline_run/results/05_analysis_masks/mtdna_permissive_coverage_regions.bed	/home/neil/Downloads/dudleya/Dudleya_S_genomes/full_pipeline_run/results/06_all_sample_alignment/qc/KIRN_LP_180_Du-422.depth.tsv
KIRN_LP_180_Du-422	QB3.Berkeley.251217/QB3.Results.260109	D. setchellii	KIRN	mtdna_high_confidence_unique	mtDNA	variant_calling_and_population_genetics	mitochondria	2	44930	11597181	258.116648	44930	1.000000	44930	1.000000	44930	1.000000	/home/neil/Downloads/dudleya/Dudleya_S_genomes/full_pipeline_run/results/05_analysis_masks/mtdna_high_confidence_unique_regions.bed	/home/neil/Downloads/dudleya/Dudleya_S_genomes/full_pipeline_run/results/06_all_sample_alignment/qc/KIRN_LP_180_Du-422.depth.tsv
KIRN_LP_181_Du-423	QB3.Berkeley.251217/QB3.Results.260109	D. setchellii	KIRN	cpdna_full_coverage	cpDNA	sample_qc_coverage	chloroplast	1	150274	227345560	1512.873551	150274	1.000000	150272	0.999987	150271	0.999980	/home/neil/Downloads/dudleya/Dudleya_S_genomes/full_pipeline_run/results/05_analysis_masks/cpdna_full_coverage_regions.bed	/home/neil/Downloads/dudleya/Dudleya_S_genomes/full_pipeline_run/results/06_all_sample_alignment/qc/KIRN_LP_181_Du-423.depth.tsv
KIRN_LP_181_Du-423	QB3.Berkeley.251217/QB3.Results.260109	D. setchellii	KIRN	cpdna_ir_regions	cpDNA	repeat_annotation	chloroplast	2	51472	83955390	1631.088553	51472	1.000000	51470	0.999961	51469	0.999942	/home/neil/Downloads/dudleya/Dudleya_S_genomes/full_pipeline_run/results/05_analysis_masks/cpdna_ir_regions.bed	/home/neil/Downloads/dudleya/Dudleya_S_genomes/full_pipeline_run/results/06_all_sample_alignment/qc/KIRN_LP_181_Du-423.depth.tsv
KIRN_LP_181_Du-423	QB3.Berkeley.251217/QB3.Results.260109	D. setchellii	KIRN	cpdna_duplicate_ir_mask	cpDNA	mask	chloroplast	1	25736	40958663	1591.492967	25736	1.000000	25735	0.999961	25734	0.999922	/home/neil/Downloads/dudleya/Dudleya_S_genomes/full_pipeline_run/results/05_analysis_masks/cpdna_duplicate_ir_copy_mask.bed	/home/neil/Downloads/dudleya/Dudleya_S_genomes/full_pipeline_run/results/06_all_sample_alignment/qc/KIRN_LP_181_Du-423.depth.tsv
KIRN_LP_181_Du-423	QB3.Berkeley.251217/QB3.Results.260109	D. setchellii	KIRN	cpdna_population_sites	cpDNA	variant_calling_and_population_genetics	chloroplast	1	124538	186386897	1496.626708	124538	1.000000	124537	0.999992	124537	0.999992	/home/neil/Downloads/dudleya/Dudleya_S_genomes/full_pipeline_run/results/05_analysis_masks/cpdna_population_sites.bed	/home/neil/Downloads/dudleya/Dudleya_S_genomes/full_pipeline_run/results/06_all_sample_alignment/qc/KIRN_LP_181_Du-423.depth.tsv
KIRN_LP_181_Du-423	QB3.Berkeley.251217/QB3.Results.260109	D. setchellii	KIRN	mtdna_permissive_coverage	mtDNA	sample_qc_coverage	mitochondria	1	243359	23667263	97.252467	243353	0.999975	243337	0.999910	243306	0.999782	/home/neil/Downloads/dudleya/Dudleya_S_genomes/full_pipeline_run/results/05_analysis_masks/mtdna_permissive_coverage_regions.bed	/home/neil/Downloads/dudleya/Dudleya_S_genomes/full_pipeline_run/results/06_all_sample_alignment/qc/KIRN_LP_181_Du-423.depth.tsv
KIRN_LP_181_Du-423	QB3.Berkeley.251217/QB3.Results.260109	D. setchellii	KIRN	mtdna_high_confidence_unique	mtDNA	variant_calling_and_population_genetics	mitochondria	2	44930	7105060	158.136212	44930	1.000000	44930	1.000000	44930	1.000000	/home/neil/Downloads/dudleya/Dudleya_S_genomes/full_pipeline_run/results/05_analysis_masks/mtdna_high_confidence_unique_regions.bed	/home/neil/Downloads/dudleya/Dudleya_S_genomes/full_pipeline_run/results/06_all_sample_alignment/qc/KIRN_LP_181_Du-423.depth.tsv
KIRN_LP_182_Du-424	QB3.Berkeley.251217/QB3.Results.260109	D. setchellii	KIRN	cpdna_full_coverage	cpDNA	sample_qc_coverage	chloroplast	1	150274	378069606	2515.868387	150274	1.000000	150274	1.000000	150273	0.999993	/home/neil/Downloads/dudleya/Dudleya_S_genomes/full_pipeline_run/results/05_analysis_masks/cpdna_full_coverage_regions.bed	/home/neil/Downloads/dudleya/Dudleya_S_genomes/full_pipeline_run/results/06_all_sample_alignment/qc/KIRN_LP_182_Du-424.depth.tsv
KIRN_LP_182_Du-424	QB3.Berkeley.251217/QB3.Results.260109	D. setchellii	KIRN	cpdna_ir_regions	cpDNA	repeat_annotation	chloroplast	2	51472	133982899	2603.024926	51472	1.000000	51472	1.000000	51471	0.999981	/home/neil/Downloads/dudleya/Dudleya_S_genomes/full_pipeline_run/results/05_analysis_masks/cpdna_ir_regions.bed	/home/neil/Downloads/dudleya/Dudleya_S_genomes/full_pipeline_run/results/06_all_sample_alignment/qc/KIRN_LP_182_Du-424.depth.tsv
KIRN_LP_182_Du-424	QB3.Berkeley.251217/QB3.Results.260109	D. setchellii	KIRN	cpdna_duplicate_ir_mask	cpDNA	mask	chloroplast	1	25736	65374042	2540.178816	25736	1.000000	25736	1.000000	25736	1.000000	/home/neil/Downloads/dudleya/Dudleya_S_genomes/full_pipeline_run/results/05_analysis_masks/cpdna_duplicate_ir_copy_mask.bed	/home/neil/Downloads/dudleya/Dudleya_S_genomes/full_pipeline_run/results/06_all_sample_alignment/qc/KIRN_LP_182_Du-424.depth.tsv
KIRN_LP_182_Du-424	QB3.Berkeley.251217/QB3.Results.260109	D. setchellii	KIRN	cpdna_population_sites	cpDNA	variant_calling_and_population_genetics	chloroplast	1	124538	312695564	2510.844594	124538	1.000000	124538	1.000000	124537	0.999992	/home/neil/Downloads/dudleya/Dudleya_S_genomes/full_pipeline_run/results/05_analysis_masks/cpdna_population_sites.bed	/home/neil/Downloads/dudleya/Dudleya_S_genomes/full_pipeline_run/results/06_all_sample_alignment/qc/KIRN_LP_182_Du-424.depth.tsv
KIRN_LP_182_Du-424	QB3.Berkeley.251217/QB3.Results.260109	D. setchellii	KIRN	mtdna_permissive_coverage	mtDNA	sample_qc_coverage	mitochondria	1	243359	19551164	80.338775	243354	0.999979	243334	0.999897	243315	0.999819	/home/neil/Downloads/dudleya/Dudleya_S_genomes/full_pipeline_run/results/05_analysis_masks/mtdna_permissive_coverage_regions.bed	/home/neil/Downloads/dudleya/Dudleya_S_genomes/full_pipeline_run/results/06_all_sample_alignment/qc/KIRN_LP_182_Du-424.depth.tsv
KIRN_LP_182_Du-424	QB3.Berkeley.251217/QB3.Results.260109	D. setchellii	KIRN	mtdna_high_confidence_unique	mtDNA	variant_calling_and_population_genetics	mitochondria	2	44930	5803282	129.162742	44930	1.000000	44930	1.000000	44930	1.000000	/home/neil/Downloads/dudleya/Dudleya_S_genomes/full_pipeline_run/results/05_analysis_masks/mtdna_high_confidence_unique_regions.bed	/home/neil/Downloads/dudleya/Dudleya_S_genomes/full_pipeline_run/results/06_all_sample_alignment/qc/KIRN_LP_182_Du-424.depth.tsv
KIRN_LP_183_Du-425	QB3.Berkeley.251217/QB3.Results.260109	D. setchellii	KIRN	cpdna_full_coverage	cpDNA	sample_qc_coverage	chloroplast	1	150274	377718985	2513.535176	150274	1.000000	150274	1.000000	150273	0.999993	/home/neil/Downloads/dudleya/Dudleya_S_genomes/full_pipeline_run/results/05_analysis_masks/cpdna_full_coverage_regions.bed	/home/neil/Downloads/dudleya/Dudleya_S_genomes/full_pipeline_run/results/06_all_sample_alignment/qc/KIRN_LP_183_Du-425.depth.tsv
KIRN_LP_183_Du-425	QB3.Berkeley.251217/QB3.Results.260109	D. setchellii	KIRN	cpdna_ir_regions	cpDNA	repeat_annotation	chloroplast	2	51472	136072978	2643.631062	51472	1.000000	51472	1.000000	51471	0.999981	/home/neil/Downloads/dudleya/Dudleya_S_genomes/full_pipeline_run/results/05_analysis_masks/cpdna_ir_regions.bed	/home/neil/Downloads/dudleya/Dudleya_S_genomes/full_pipeline_run/results/06_all_sample_alignment/qc/KIRN_LP_183_Du-425.depth.tsv
KIRN_LP_183_Du-425	QB3.Berkeley.251217/QB3.Results.260109	D. setchellii	KIRN	cpdna_duplicate_ir_mask	cpDNA	mask	chloroplast	1	25736	66567407	2586.548298	25736	1.000000	25736	1.000000	25736	1.000000	/home/neil/Downloads/dudleya/Dudleya_S_genomes/full_pipeline_run/results/05_analysis_masks/cpdna_duplicate_ir_copy_mask.bed	/home/neil/Downloads/dudleya/Dudleya_S_genomes/full_pipeline_run/results/06_all_sample_alignment/qc/KIRN_LP_183_Du-425.depth.tsv
KIRN_LP_183_Du-425	QB3.Berkeley.251217/QB3.Results.260109	D. setchellii	KIRN	cpdna_population_sites	cpDNA	variant_calling_and_population_genetics	chloroplast	1	124538	311151578	2498.446884	124538	1.000000	124538	1.000000	124537	0.999992	/home/neil/Downloads/dudleya/Dudleya_S_genomes/full_pipeline_run/results/05_analysis_masks/cpdna_population_sites.bed	/home/neil/Downloads/dudleya/Dudleya_S_genomes/full_pipeline_run/results/06_all_sample_alignment/qc/KIRN_LP_183_Du-425.depth.tsv
KIRN_LP_183_Du-425	QB3.Berkeley.251217/QB3.Results.260109	D. setchellii	KIRN	mtdna_permissive_coverage	mtDNA	sample_qc_coverage	mitochondria	1	243359	17537847	72.065742	243358	0.999996	243348	0.999955	243323	0.999852	/home/neil/Downloads/dudleya/Dudleya_S_genomes/full_pipeline_run/results/05_analysis_masks/mtdna_permissive_coverage_regions.bed	/home/neil/Downloads/dudleya/Dudleya_S_genomes/full_pipeline_run/results/06_all_sample_alignment/qc/KIRN_LP_183_Du-425.depth.tsv
KIRN_LP_183_Du-425	QB3.Berkeley.251217/QB3.Results.260109	D. setchellii	KIRN	mtdna_high_confidence_unique	mtDNA	variant_calling_and_population_genetics	mitochondria	2	44930	5116631	113.880058	44930	1.000000	44930	1.000000	44930	1.000000	/home/neil/Downloads/dudleya/Dudleya_S_genomes/full_pipeline_run/results/05_analysis_masks/mtdna_high_confidence_unique_regions.bed	/home/neil/Downloads/dudleya/Dudleya_S_genomes/full_pipeline_run/results/06_all_sample_alignment/qc/KIRN_LP_183_Du-425.depth.tsv
KIRN_LP_184_Du-426	QB3.Berkeley.251217/QB3.Results.260109	D. setchellii	KIRN	cpdna_full_coverage	cpDNA	sample_qc_coverage	chloroplast	1	150274	309501702	2059.582509	150274	1.000000	150274	1.000000	150274	1.000000	/home/neil/Downloads/dudleya/Dudleya_S_genomes/full_pipeline_run/results/05_analysis_masks/cpdna_full_coverage_regions.bed	/home/neil/Downloads/dudleya/Dudleya_S_genomes/full_pipeline_run/results/06_all_sample_alignment/qc/KIRN_LP_184_Du-426.depth.tsv
KIRN_LP_184_Du-426	QB3.Berkeley.251217/QB3.Results.260109	D. setchellii	KIRN	cpdna_ir_regions	cpDNA	repeat_annotation	chloroplast	2	51472	113907046	2212.990480	51472	1.000000	51472	1.000000	51472	1.000000	/home/neil/Downloads/dudleya/Dudleya_S_genomes/full_pipeline_run/results/05_analysis_masks/cpdna_ir_regions.bed	/home/neil/Downloads/dudleya/Dudleya_S_genomes/full_pipeline_run/results/06_all_sample_alignment/qc/KIRN_LP_184_Du-426.depth.tsv
KIRN_LP_184_Du-426	QB3.Berkeley.251217/QB3.Results.260109	D. setchellii	KIRN	cpdna_duplicate_ir_mask	cpDNA	mask	chloroplast	1	25736	55472568	2155.446379	25736	1.000000	25736	1.000000	25736	1.000000	/home/neil/Downloads/dudleya/Dudleya_S_genomes/full_pipeline_run/results/05_analysis_masks/cpdna_duplicate_ir_copy_mask.bed	/home/neil/Downloads/dudleya/Dudleya_S_genomes/full_pipeline_run/results/06_all_sample_alignment/qc/KIRN_LP_184_Du-426.depth.tsv
KIRN_LP_184_Du-426	QB3.Berkeley.251217/QB3.Results.260109	D. setchellii	KIRN	cpdna_population_sites	cpDNA	variant_calling_and_population_genetics	chloroplast	1	124538	254029134	2039.772070	124538	1.000000	124538	1.000000	124538	1.000000	/home/neil/Downloads/dudleya/Dudleya_S_genomes/full_pipeline_run/results/05_analysis_masks/cpdna_population_sites.bed	/home/neil/Downloads/dudleya/Dudleya_S_genomes/full_pipeline_run/results/06_all_sample_alignment/qc/KIRN_LP_184_Du-426.depth.tsv
KIRN_LP_184_Du-426	QB3.Berkeley.251217/QB3.Results.260109	D. setchellii	KIRN	mtdna_permissive_coverage	mtDNA	sample_qc_coverage	mitochondria	1	243359	21064581	86.557641	243355	0.999984	243345	0.999942	243315	0.999819	/home/neil/Downloads/dudleya/Dudleya_S_genomes/full_pipeline_run/results/05_analysis_masks/mtdna_permissive_coverage_regions.bed	/home/neil/Downloads/dudleya/Dudleya_S_genomes/full_pipeline_run/results/06_all_sample_alignment/qc/KIRN_LP_184_Du-426.depth.tsv
KIRN_LP_184_Du-426	QB3.Berkeley.251217/QB3.Results.260109	D. setchellii	KIRN	mtdna_high_confidence_unique	mtDNA	variant_calling_and_population_genetics	mitochondria	2	44930	6240398	138.891565	44930	1.000000	44930	1.000000	44930	1.000000	/home/neil/Downloads/dudleya/Dudleya_S_genomes/full_pipeline_run/results/05_analysis_masks/mtdna_high_confidence_unique_regions.bed	/home/neil/Downloads/dudleya/Dudleya_S_genomes/full_pipeline_run/results/06_all_sample_alignment/qc/KIRN_LP_184_Du-426.depth.tsv
KIRN_LP_185_Du-427	QB3.Berkeley.251217/QB3.Results.260109	D. setchellii	KIRN	cpdna_full_coverage	cpDNA	sample_qc_coverage	chloroplast	1	150274	364641466	2426.510680	150274	1.000000	150273	0.999993	150273	0.999993	/home/neil/Downloads/dudleya/Dudleya_S_genomes/full_pipeline_run/results/05_analysis_masks/cpdna_full_coverage_regions.bed	/home/neil/Downloads/dudleya/Dudleya_S_genomes/full_pipeline_run/results/06_all_sample_alignment/qc/KIRN_LP_185_Du-427.depth.tsv
KIRN_LP_185_Du-427	QB3.Berkeley.251217/QB3.Results.260109	D. setchellii	KIRN	cpdna_ir_regions	cpDNA	repeat_annotation	chloroplast	2	51472	134838187	2619.641494	51472	1.000000	51471	0.999981	51471	0.999981	/home/neil/Downloads/dudleya/Dudleya_S_genomes/full_pipeline_run/results/05_analysis_masks/cpdna_ir_regions.bed	/home/neil/Downloads/dudleya/Dudleya_S_genomes/full_pipeline_run/results/06_all_sample_alignment/qc/KIRN_LP_185_Du-427.depth.tsv
KIRN_LP_185_Du-427	QB3.Berkeley.251217/QB3.Results.260109	D. setchellii	KIRN	cpdna_duplicate_ir_mask	cpDNA	mask	chloroplast	1	25736	65636705	2550.384869	25736	1.000000	25736	1.000000	25736	1.000000	/home/neil/Downloads/dudleya/Dudleya_S_genomes/full_pipeline_run/results/05_analysis_masks/cpdna_duplicate_ir_copy_mask.bed	/home/neil/Downloads/dudleya/Dudleya_S_genomes/full_pipeline_run/results/06_all_sample_alignment/qc/KIRN_LP_185_Du-427.depth.tsv
KIRN_LP_185_Du-427	QB3.Berkeley.251217/QB3.Results.260109	D. setchellii	KIRN	cpdna_population_sites	cpDNA	variant_calling_and_population_genetics	chloroplast	1	124538	299004761	2400.911858	124538	1.000000	124537	0.999992	124537	0.999992	/home/neil/Downloads/dudleya/Dudleya_S_genomes/full_pipeline_run/results/05_analysis_masks/cpdna_population_sites.bed	/home/neil/Downloads/dudleya/Dudleya_S_genomes/full_pipeline_run/results/06_all_sample_alignment/qc/KIRN_LP_185_Du-427.depth.tsv
KIRN_LP_185_Du-427	QB3.Berkeley.251217/QB3.Results.260109	D. setchellii	KIRN	mtdna_permissive_coverage	mtDNA	sample_qc_coverage	mitochondria	1	243359	25723443	105.701630	243354	0.999979	243343	0.999934	243321	0.999844	/home/neil/Downloads/dudleya/Dudleya_S_genomes/full_pipeline_run/results/05_analysis_masks/mtdna_permissive_coverage_regions.bed	/home/neil/Downloads/dudleya/Dudleya_S_genomes/full_pipeline_run/results/06_all_sample_alignment/qc/KIRN_LP_185_Du-427.depth.tsv
KIRN_LP_185_Du-427	QB3.Berkeley.251217/QB3.Results.260109	D. setchellii	KIRN	mtdna_high_confidence_unique	mtDNA	variant_calling_and_population_genetics	mitochondria	2	44930	7680169	170.936323	44930	1.000000	44930	1.000000	44930	1.000000	/home/neil/Downloads/dudleya/Dudleya_S_genomes/full_pipeline_run/results/05_analysis_masks/mtdna_high_confidence_unique_regions.bed	/home/neil/Downloads/dudleya/Dudleya_S_genomes/full_pipeline_run/results/06_all_sample_alignment/qc/KIRN_LP_185_Du-427.depth.tsv
KIRN_LP_186_Du-428	QB3.Berkeley.251217/QB3.Results.260109	D. setchellii	KIRN	cpdna_full_coverage	cpDNA	sample_qc_coverage	chloroplast	1	150274	365638693	2433.146739	150274	1.000000	150274	1.000000	150274	1.000000	/home/neil/Downloads/dudleya/Dudleya_S_genomes/full_pipeline_run/results/05_analysis_masks/cpdna_full_coverage_regions.bed	/home/neil/Downloads/dudleya/Dudleya_S_genomes/full_pipeline_run/results/06_all_sample_alignment/qc/KIRN_LP_186_Du-428.depth.tsv
KIRN_LP_186_Du-428	QB3.Berkeley.251217/QB3.Results.260109	D. setchellii	KIRN	cpdna_ir_regions	cpDNA	repeat_annotation	chloroplast	2	51472	127382385	2474.789886	51472	1.000000	51472	1.000000	51472	1.000000	/home/neil/Downloads/dudleya/Dudleya_S_genomes/full_pipeline_run/results/05_analysis_masks/cpdna_ir_regions.bed	/home/neil/Downloads/dudleya/Dudleya_S_genomes/full_pipeline_run/results/06_all_sample_alignment/qc/KIRN_LP_186_Du-428.depth.tsv
KIRN_LP_186_Du-428	QB3.Berkeley.251217/QB3.Results.260109	D. setchellii	KIRN	cpdna_duplicate_ir_mask	cpDNA	mask	chloroplast	1	25736	62228819	2417.967788	25736	1.000000	25736	1.000000	25736	1.000000	/home/neil/Downloads/dudleya/Dudleya_S_genomes/full_pipeline_run/results/05_analysis_masks/cpdna_duplicate_ir_copy_mask.bed	/home/neil/Downloads/dudleya/Dudleya_S_genomes/full_pipeline_run/results/06_all_sample_alignment/qc/KIRN_LP_186_Du-428.depth.tsv
KIRN_LP_186_Du-428	QB3.Berkeley.251217/QB3.Results.260109	D. setchellii	KIRN	cpdna_population_sites	cpDNA	variant_calling_and_population_genetics	chloroplast	1	124538	303409874	2436.283496	124538	1.000000	124538	1.000000	124538	1.000000	/home/neil/Downloads/dudleya/Dudleya_S_genomes/full_pipeline_run/results/05_analysis_masks/cpdna_population_sites.bed	/home/neil/Downloads/dudleya/Dudleya_S_genomes/full_pipeline_run/results/06_all_sample_alignment/qc/KIRN_LP_186_Du-428.depth.tsv
KIRN_LP_186_Du-428	QB3.Berkeley.251217/QB3.Results.260109	D. setchellii	KIRN	mtdna_permissive_coverage	mtDNA	sample_qc_coverage	mitochondria	1	243359	23655902	97.205782	243357	0.999992	243348	0.999955	243310	0.999799	/home/neil/Downloads/dudleya/Dudleya_S_genomes/full_pipeline_run/results/05_analysis_masks/mtdna_permissive_coverage_regions.bed	/home/neil/Downloads/dudleya/Dudleya_S_genomes/full_pipeline_run/results/06_all_sample_alignment/qc/KIRN_LP_186_Du-428.depth.tsv
KIRN_LP_186_Du-428	QB3.Berkeley.251217/QB3.Results.260109	D. setchellii	KIRN	mtdna_high_confidence_unique	mtDNA	variant_calling_and_population_genetics	mitochondria	2	44930	7093324	157.875006	44930	1.000000	44930	1.000000	44930	1.000000	/home/neil/Downloads/dudleya/Dudleya_S_genomes/full_pipeline_run/results/05_analysis_masks/mtdna_high_confidence_unique_regions.bed	/home/neil/Downloads/dudleya/Dudleya_S_genomes/full_pipeline_run/results/06_all_sample_alignment/qc/KIRN_LP_186_Du-428.depth.tsv
KIRN_LP_187_Du-429	QB3.Berkeley.251217/QB3.Results.260109	D. setchellii	KIRN	cpdna_full_coverage	cpDNA	sample_qc_coverage	chloroplast	1	150274	473516720	3151.022266	150274	1.000000	150274	1.000000	150273	0.999993	/home/neil/Downloads/dudleya/Dudleya_S_genomes/full_pipeline_run/results/05_analysis_masks/cpdna_full_coverage_regions.bed	/home/neil/Downloads/dudleya/Dudleya_S_genomes/full_pipeline_run/results/06_all_sample_alignment/qc/KIRN_LP_187_Du-429.depth.tsv
KIRN_LP_187_Du-429	QB3.Berkeley.251217/QB3.Results.260109	D. setchellii	KIRN	cpdna_ir_regions	cpDNA	repeat_annotation	chloroplast	2	51472	167304350	3250.395361	51472	1.000000	51472	1.000000	51471	0.999981	/home/neil/Downloads/dudleya/Dudleya_S_genomes/full_pipeline_run/results/05_analysis_masks/cpdna_ir_regions.bed	/home/neil/Downloads/dudleya/Dudleya_S_genomes/full_pipeline_run/results/06_all_sample_alignment/qc/KIRN_LP_187_Du-429.depth.tsv
KIRN_LP_187_Du-429	QB3.Berkeley.251217/QB3.Results.260109	D. setchellii	KIRN	cpdna_duplicate_ir_mask	cpDNA	mask	chloroplast	1	25736	81683494	3173.900140	25736	1.000000	25736	1.000000	25736	1.000000	/home/neil/Downloads/dudleya/Dudleya_S_genomes/full_pipeline_run/results/05_analysis_masks/cpdna_duplicate_ir_copy_mask.bed	/home/neil/Downloads/dudleya/Dudleya_S_genomes/full_pipeline_run/results/06_all_sample_alignment/qc/KIRN_LP_187_Du-429.depth.tsv
KIRN_LP_187_Du-429	QB3.Berkeley.251217/QB3.Results.260109	D. setchellii	KIRN	cpdna_population_sites	cpDNA	variant_calling_and_population_genetics	chloroplast	1	124538	391833226	3146.294513	124538	1.000000	124538	1.000000	124537	0.999992	/home/neil/Downloads/dudleya/Dudleya_S_genomes/full_pipeline_run/results/05_analysis_masks/cpdna_population_sites.bed	/home/neil/Downloads/dudleya/Dudleya_S_genomes/full_pipeline_run/results/06_all_sample_alignment/qc/KIRN_LP_187_Du-429.depth.tsv
KIRN_LP_187_Du-429	QB3.Berkeley.251217/QB3.Results.260109	D. setchellii	KIRN	mtdna_permissive_coverage	mtDNA	sample_qc_coverage	mitochondria	1	243359	32195122	132.294766	243353	0.999975	243340	0.999922	243327	0.999869	/home/neil/Downloads/dudleya/Dudleya_S_genomes/full_pipeline_run/results/05_analysis_masks/mtdna_permissive_coverage_regions.bed	/home/neil/Downloads/dudleya/Dudleya_S_genomes/full_pipeline_run/results/06_all_sample_alignment/qc/KIRN_LP_187_Du-429.depth.tsv
KIRN_LP_187_Du-429	QB3.Berkeley.251217/QB3.Results.260109	D. setchellii	KIRN	mtdna_high_confidence_unique	mtDNA	variant_calling_and_population_genetics	mitochondria	2	44930	9542784	212.392255	44930	1.000000	44930	1.000000	44930	1.000000	/home/neil/Downloads/dudleya/Dudleya_S_genomes/full_pipeline_run/results/05_analysis_masks/mtdna_high_confidence_unique_regions.bed	/home/neil/Downloads/dudleya/Dudleya_S_genomes/full_pipeline_run/results/06_all_sample_alignment/qc/KIRN_LP_187_Du-429.depth.tsv
KIRT_LP_159_Du-364	QB3.Berkeley.251217/QB3.Results.260109	D. setchellii	KIRT	cpdna_full_coverage	cpDNA	sample_qc_coverage	chloroplast	1	150274	26549401	176.673283	150272	0.999987	150246	0.999814	150208	0.999561	/home/neil/Downloads/dudleya/Dudleya_S_genomes/full_pipeline_run/results/05_analysis_masks/cpdna_full_coverage_regions.bed	/home/neil/Downloads/dudleya/Dudleya_S_genomes/full_pipeline_run/results/06_all_sample_alignment/qc/KIRT_LP_159_Du-364.depth.tsv
KIRT_LP_159_Du-364	QB3.Berkeley.251217/QB3.Results.260109	D. setchellii	KIRT	cpdna_ir_regions	cpDNA	repeat_annotation	chloroplast	2	51472	9173248	178.218216	51470	0.999961	51445	0.999475	51414	0.998873	/home/neil/Downloads/dudleya/Dudleya_S_genomes/full_pipeline_run/results/05_analysis_masks/cpdna_ir_regions.bed	/home/neil/Downloads/dudleya/Dudleya_S_genomes/full_pipeline_run/results/06_all_sample_alignment/qc/KIRT_LP_159_Du-364.depth.tsv
KIRT_LP_159_Du-364	QB3.Berkeley.251217/QB3.Results.260109	D. setchellii	KIRT	cpdna_duplicate_ir_mask	cpDNA	mask	chloroplast	1	25736	4492713	174.569203	25735	0.999961	25714	0.999145	25695	0.998407	/home/neil/Downloads/dudleya/Dudleya_S_genomes/full_pipeline_run/results/05_analysis_masks/cpdna_duplicate_ir_copy_mask.bed	/home/neil/Downloads/dudleya/Dudleya_S_genomes/full_pipeline_run/results/06_all_sample_alignment/qc/KIRT_LP_159_Du-364.depth.tsv
KIRT_LP_159_Du-364	QB3.Berkeley.251217/QB3.Results.260109	D. setchellii	KIRT	cpdna_population_sites	cpDNA	variant_calling_and_population_genetics	chloroplast	1	124538	22056688	177.108096	124537	0.999992	124532	0.999952	124513	0.999799	/home/neil/Downloads/dudleya/Dudleya_S_genomes/full_pipeline_run/results/05_analysis_masks/cpdna_population_sites.bed	/home/neil/Downloads/dudleya/Dudleya_S_genomes/full_pipeline_run/results/06_all_sample_alignment/qc/KIRT_LP_159_Du-364.depth.tsv
KIRT_LP_159_Du-364	QB3.Berkeley.251217/QB3.Results.260109	D. setchellii	KIRT	mtdna_permissive_coverage	mtDNA	sample_qc_coverage	mitochondria	1	243359	4219741	17.339572	243323	0.999852	240862	0.989739	209071	0.859105	/home/neil/Downloads/dudleya/Dudleya_S_genomes/full_pipeline_run/results/05_analysis_masks/mtdna_permissive_coverage_regions.bed	/home/neil/Downloads/dudleya/Dudleya_S_genomes/full_pipeline_run/results/06_all_sample_alignment/qc/KIRT_LP_159_Du-364.depth.tsv
KIRT_LP_159_Du-364	QB3.Berkeley.251217/QB3.Results.260109	D. setchellii	KIRT	mtdna_high_confidence_unique	mtDNA	variant_calling_and_population_genetics	mitochondria	2	44930	1260831	28.062119	44930	1.000000	44930	1.000000	44805	0.997218	/home/neil/Downloads/dudleya/Dudleya_S_genomes/full_pipeline_run/results/05_analysis_masks/mtdna_high_confidence_unique_regions.bed	/home/neil/Downloads/dudleya/Dudleya_S_genomes/full_pipeline_run/results/06_all_sample_alignment/qc/KIRT_LP_159_Du-364.depth.tsv
KIRT_LP_160_Du-365	QB3.Berkeley.251217/QB3.Results.260109	D. setchellii	KIRT	cpdna_full_coverage	cpDNA	sample_qc_coverage	chloroplast	1	150274	63151500	420.242357	150272	0.999987	150263	0.999927	150239	0.999767	/home/neil/Downloads/dudleya/Dudleya_S_genomes/full_pipeline_run/results/05_analysis_masks/cpdna_full_coverage_regions.bed	/home/neil/Downloads/dudleya/Dudleya_S_genomes/full_pipeline_run/results/06_all_sample_alignment/qc/KIRT_LP_160_Du-365.depth.tsv
KIRT_LP_160_Du-365	QB3.Berkeley.251217/QB3.Results.260109	D. setchellii	KIRT	cpdna_ir_regions	cpDNA	repeat_annotation	chloroplast	2	51472	20347998	395.321689	51470	0.999961	51461	0.999786	51439	0.999359	/home/neil/Downloads/dudleya/Dudleya_S_genomes/full_pipeline_run/results/05_analysis_masks/cpdna_ir_regions.bed	/home/neil/Downloads/dudleya/Dudleya_S_genomes/full_pipeline_run/results/06_all_sample_alignment/qc/KIRT_LP_160_Du-365.depth.tsv
KIRT_LP_160_Du-365	QB3.Berkeley.251217/QB3.Results.260109	D. setchellii	KIRT	cpdna_duplicate_ir_mask	cpDNA	mask	chloroplast	1	25736	9900535	384.695951	25734	0.999922	25730	0.999767	25712	0.999067	/home/neil/Downloads/dudleya/Dudleya_S_genomes/full_pipeline_run/results/05_analysis_masks/cpdna_duplicate_ir_copy_mask.bed	/home/neil/Downloads/dudleya/Dudleya_S_genomes/full_pipeline_run/results/06_all_sample_alignment/qc/KIRT_LP_160_Du-365.depth.tsv
KIRT_LP_160_Du-365	QB3.Berkeley.251217/QB3.Results.260109	D. setchellii	KIRT	cpdna_population_sites	cpDNA	variant_calling_and_population_genetics	chloroplast	1	124538	53250965	427.588086	124538	1.000000	124533	0.999960	124527	0.999912	/home/neil/Downloads/dudleya/Dudleya_S_genomes/full_pipeline_run/results/05_analysis_masks/cpdna_population_sites.bed	/home/neil/Downloads/dudleya/Dudleya_S_genomes/full_pipeline_run/results/06_all_sample_alignment/qc/KIRT_LP_160_Du-365.depth.tsv
KIRT_LP_160_Du-365	QB3.Berkeley.251217/QB3.Results.260109	D. setchellii	KIRT	mtdna_permissive_coverage	mtDNA	sample_qc_coverage	mitochondria	1	243359	6538508	26.867747	243344	0.999938	243122	0.999026	240257	0.987253	/home/neil/Downloads/dudleya/Dudleya_S_genomes/full_pipeline_run/results/05_analysis_masks/mtdna_permissive_coverage_regions.bed	/home/neil/Downloads/dudleya/Dudleya_S_genomes/full_pipeline_run/results/06_all_sample_alignment/qc/KIRT_LP_160_Du-365.depth.tsv
KIRT_LP_160_Du-365	QB3.Berkeley.251217/QB3.Results.260109	D. setchellii	KIRT	mtdna_high_confidence_unique	mtDNA	variant_calling_and_population_genetics	mitochondria	2	44930	1983856	44.154373	44930	1.000000	44930	1.000000	44930	1.000000	/home/neil/Downloads/dudleya/Dudleya_S_genomes/full_pipeline_run/results/05_analysis_masks/mtdna_high_confidence_unique_regions.bed	/home/neil/Downloads/dudleya/Dudleya_S_genomes/full_pipeline_run/results/06_all_sample_alignment/qc/KIRT_LP_160_Du-365.depth.tsv
KIRT_LP_161_Du-366	QB3.Berkeley.251217/QB3.Results.260109	D. setchellii	KIRT	cpdna_full_coverage	cpDNA	sample_qc_coverage	chloroplast	1	150274	50742625	337.667361	150274	1.000000	150255	0.999874	150237	0.999754	/home/neil/Downloads/dudleya/Dudleya_S_genomes/full_pipeline_run/results/05_analysis_masks/cpdna_full_coverage_regions.bed	/home/neil/Downloads/dudleya/Dudleya_S_genomes/full_pipeline_run/results/06_all_sample_alignment/qc/KIRT_LP_161_Du-366.depth.tsv
KIRT_LP_161_Du-366	QB3.Berkeley.251217/QB3.Results.260109	D. setchellii	KIRT	cpdna_ir_regions	cpDNA	repeat_annotation	chloroplast	2	51472	16451543	319.621212	51472	1.000000	51453	0.999631	51437	0.999320	/home/neil/Downloads/dudleya/Dudleya_S_genomes/full_pipeline_run/results/05_analysis_masks/cpdna_ir_regions.bed	/home/neil/Downloads/dudleya/Dudleya_S_genomes/full_pipeline_run/results/06_all_sample_alignment/qc/KIRT_LP_161_Du-366.depth.tsv
KIRT_LP_161_Du-366	QB3.Berkeley.251217/QB3.Results.260109	D. setchellii	KIRT	cpdna_duplicate_ir_mask	cpDNA	mask	chloroplast	1	25736	8139076	316.252565	25736	1.000000	25719	0.999339	25703	0.998718	/home/neil/Downloads/dudleya/Dudleya_S_genomes/full_pipeline_run/results/05_analysis_masks/cpdna_duplicate_ir_copy_mask.bed	/home/neil/Downloads/dudleya/Dudleya_S_genomes/full_pipeline_run/results/06_all_sample_alignment/qc/KIRT_LP_161_Du-366.depth.tsv
KIRT_LP_161_Du-366	QB3.Berkeley.251217/QB3.Results.260109	D. setchellii	KIRT	cpdna_population_sites	cpDNA	variant_calling_and_population_genetics	chloroplast	1	124538	42603549	342.092767	124538	1.000000	124536	0.999984	124534	0.999968	/home/neil/Downloads/dudleya/Dudleya_S_genomes/full_pipeline_run/results/05_analysis_masks/cpdna_population_sites.bed	/home/neil/Downloads/dudleya/Dudleya_S_genomes/full_pipeline_run/results/06_all_sample_alignment/qc/KIRT_LP_161_Du-366.depth.tsv
KIRT_LP_161_Du-366	QB3.Berkeley.251217/QB3.Results.260109	D. setchellii	KIRT	mtdna_permissive_coverage	mtDNA	sample_qc_coverage	mitochondria	1	243359	6849060	28.143853	243358	0.999996	243267	0.999622	241719	0.993261	/home/neil/Downloads/dudleya/Dudleya_S_genomes/full_pipeline_run/results/05_analysis_masks/mtdna_permissive_coverage_regions.bed	/home/neil/Downloads/dudleya/Dudleya_S_genomes/full_pipeline_run/results/06_all_sample_alignment/qc/KIRT_LP_161_Du-366.depth.tsv
KIRT_LP_161_Du-366	QB3.Berkeley.251217/QB3.Results.260109	D. setchellii	KIRT	mtdna_high_confidence_unique	mtDNA	variant_calling_and_population_genetics	mitochondria	2	44930	2012955	44.802025	44930	1.000000	44930	1.000000	44930	1.000000	/home/neil/Downloads/dudleya/Dudleya_S_genomes/full_pipeline_run/results/05_analysis_masks/mtdna_high_confidence_unique_regions.bed	/home/neil/Downloads/dudleya/Dudleya_S_genomes/full_pipeline_run/results/06_all_sample_alignment/qc/KIRT_LP_161_Du-366.depth.tsv
KIRT_LP_162_Du-367	QB3.Berkeley.251217/QB3.Results.260109	D. setchellii	KIRT	cpdna_full_coverage	cpDNA	sample_qc_coverage	chloroplast	1	150274	50523218	336.207315	150273	0.999993	150261	0.999913	150244	0.999800	/home/neil/Downloads/dudleya/Dudleya_S_genomes/full_pipeline_run/results/05_analysis_masks/cpdna_full_coverage_regions.bed	/home/neil/Downloads/dudleya/Dudleya_S_genomes/full_pipeline_run/results/06_all_sample_alignment/qc/KIRT_LP_162_Du-367.depth.tsv
KIRT_LP_162_Du-367	QB3.Berkeley.251217/QB3.Results.260109	D. setchellii	KIRT	cpdna_ir_regions	cpDNA	repeat_annotation	chloroplast	2	51472	16929850	328.913778	51471	0.999981	51459	0.999747	51442	0.999417	/home/neil/Downloads/dudleya/Dudleya_S_genomes/full_pipeline_run/results/05_analysis_masks/cpdna_ir_regions.bed	/home/neil/Downloads/dudleya/Dudleya_S_genomes/full_pipeline_run/results/06_all_sample_alignment/qc/KIRT_LP_162_Du-367.depth.tsv
KIRT_LP_162_Du-367	QB3.Berkeley.251217/QB3.Results.260109	D. setchellii	KIRT	cpdna_duplicate_ir_mask	cpDNA	mask	chloroplast	1	25736	8255715	320.784698	25736	1.000000	25725	0.999573	25714	0.999145	/home/neil/Downloads/dudleya/Dudleya_S_genomes/full_pipeline_run/results/05_analysis_masks/cpdna_duplicate_ir_copy_mask.bed	/home/neil/Downloads/dudleya/Dudleya_S_genomes/full_pipeline_run/results/06_all_sample_alignment/qc/KIRT_LP_162_Du-367.depth.tsv
KIRT_LP_162_Du-367	QB3.Berkeley.251217/QB3.Results.260109	D. setchellii	KIRT	cpdna_population_sites	cpDNA	variant_calling_and_population_genetics	chloroplast	1	124538	42267503	339.394426	124537	0.999992	124536	0.999984	124530	0.999936	/home/neil/Downloads/dudleya/Dudleya_S_genomes/full_pipeline_run/results/05_analysis_masks/cpdna_population_sites.bed	/home/neil/Downloads/dudleya/Dudleya_S_genomes/full_pipeline_run/results/06_all_sample_alignment/qc/KIRT_LP_162_Du-367.depth.tsv
KIRT_LP_162_Du-367	QB3.Berkeley.251217/QB3.Results.260109	D. setchellii	KIRT	mtdna_permissive_coverage	mtDNA	sample_qc_coverage	mitochondria	1	243359	5955916	24.473786	243346	0.999947	243097	0.998923	239071	0.982380	/home/neil/Downloads/dudleya/Dudleya_S_genomes/full_pipeline_run/results/05_analysis_masks/mtdna_permissive_coverage_regions.bed	/home/neil/Downloads/dudleya/Dudleya_S_genomes/full_pipeline_run/results/06_all_sample_alignment/qc/KIRT_LP_162_Du-367.depth.tsv
KIRT_LP_162_Du-367	QB3.Berkeley.251217/QB3.Results.260109	D. setchellii	KIRT	mtdna_high_confidence_unique	mtDNA	variant_calling_and_population_genetics	mitochondria	2	44930	1811493	40.318117	44930	1.000000	44930	1.000000	44930	1.000000	/home/neil/Downloads/dudleya/Dudleya_S_genomes/full_pipeline_run/results/05_analysis_masks/mtdna_high_confidence_unique_regions.bed	/home/neil/Downloads/dudleya/Dudleya_S_genomes/full_pipeline_run/results/06_all_sample_alignment/qc/KIRT_LP_162_Du-367.depth.tsv
KIRT_LP_163_Du-368	QB3.Berkeley.251217/QB3.Results.260109	D. setchellii	KIRT	cpdna_full_coverage	cpDNA	sample_qc_coverage	chloroplast	1	150274	52466958	349.141954	150272	0.999987	150261	0.999913	150243	0.999794	/home/neil/Downloads/dudleya/Dudleya_S_genomes/full_pipeline_run/results/05_analysis_masks/cpdna_full_coverage_regions.bed	/home/neil/Downloads/dudleya/Dudleya_S_genomes/full_pipeline_run/results/06_all_sample_alignment/qc/KIRT_LP_163_Du-368.depth.tsv
KIRT_LP_163_Du-368	QB3.Berkeley.251217/QB3.Results.260109	D. setchellii	KIRT	cpdna_ir_regions	cpDNA	repeat_annotation	chloroplast	2	51472	16744678	325.316250	51470	0.999961	51459	0.999747	51441	0.999398	/home/neil/Downloads/dudleya/Dudleya_S_genomes/full_pipeline_run/results/05_analysis_masks/cpdna_ir_regions.bed	/home/neil/Downloads/dudleya/Dudleya_S_genomes/full_pipeline_run/results/06_all_sample_alignment/qc/KIRT_LP_163_Du-368.depth.tsv
KIRT_LP_163_Du-368	QB3.Berkeley.251217/QB3.Results.260109	D. setchellii	KIRT	cpdna_duplicate_ir_mask	cpDNA	mask	chloroplast	1	25736	8221371	319.450225	25734	0.999922	25725	0.999573	25707	0.998873	/home/neil/Downloads/dudleya/Dudleya_S_genomes/full_pipeline_run/results/05_analysis_masks/cpdna_duplicate_ir_copy_mask.bed	/home/neil/Downloads/dudleya/Dudleya_S_genomes/full_pipeline_run/results/06_all_sample_alignment/qc/KIRT_LP_163_Du-368.depth.tsv
KIRT_LP_163_Du-368	QB3.Berkeley.251217/QB3.Results.260109	D. setchellii	KIRT	cpdna_population_sites	cpDNA	variant_calling_and_population_genetics	chloroplast	1	124538	44245587	355.277803	124538	1.000000	124536	0.999984	124536	0.999984	/home/neil/Downloads/dudleya/Dudleya_S_genomes/full_pipeline_run/results/05_analysis_masks/cpdna_population_sites.bed	/home/neil/Downloads/dudleya/Dudleya_S_genomes/full_pipeline_run/results/06_all_sample_alignment/qc/KIRT_LP_163_Du-368.depth.tsv
KIRT_LP_163_Du-368	QB3.Berkeley.251217/QB3.Results.260109	D. setchellii	KIRT	mtdna_permissive_coverage	mtDNA	sample_qc_coverage	mitochondria	1	243359	5256065	21.597989	243319	0.999836	243021	0.998611	230041	0.945274	/home/neil/Downloads/dudleya/Dudleya_S_genomes/full_pipeline_run/results/05_analysis_masks/mtdna_permissive_coverage_regions.bed	/home/neil/Downloads/dudleya/Dudleya_S_genomes/full_pipeline_run/results/06_all_sample_alignment/qc/KIRT_LP_163_Du-368.depth.tsv
KIRT_LP_163_Du-368	QB3.Berkeley.251217/QB3.Results.260109	D. setchellii	KIRT	mtdna_high_confidence_unique	mtDNA	variant_calling_and_population_genetics	mitochondria	2	44930	1648722	36.695348	44930	1.000000	44930	1.000000	44909	0.999533	/home/neil/Downloads/dudleya/Dudleya_S_genomes/full_pipeline_run/results/05_analysis_masks/mtdna_high_confidence_unique_regions.bed	/home/neil/Downloads/dudleya/Dudleya_S_genomes/full_pipeline_run/results/06_all_sample_alignment/qc/KIRT_LP_163_Du-368.depth.tsv
KIRT_LP_164_Du-369	QB3.Berkeley.251217/QB3.Results.260109	D. setchellii	KIRT	cpdna_full_coverage	cpDNA	sample_qc_coverage	chloroplast	1	150274	48367339	321.860994	150271	0.999980	150260	0.999907	150237	0.999754	/home/neil/Downloads/dudleya/Dudleya_S_genomes/full_pipeline_run/results/05_analysis_masks/cpdna_full_coverage_regions.bed	/home/neil/Downloads/dudleya/Dudleya_S_genomes/full_pipeline_run/results/06_all_sample_alignment/qc/KIRT_LP_164_Du-369.depth.tsv
KIRT_LP_164_Du-369	QB3.Berkeley.251217/QB3.Results.260109	D. setchellii	KIRT	cpdna_ir_regions	cpDNA	repeat_annotation	chloroplast	2	51472	16510921	320.774810	51469	0.999942	51458	0.999728	51438	0.999339	/home/neil/Downloads/dudleya/Dudleya_S_genomes/full_pipeline_run/results/05_analysis_masks/cpdna_ir_regions.bed	/home/neil/Downloads/dudleya/Dudleya_S_genomes/full_pipeline_run/results/06_all_sample_alignment/qc/KIRT_LP_164_Du-369.depth.tsv
KIRT_LP_164_Du-369	QB3.Berkeley.251217/QB3.Results.260109	D. setchellii	KIRT	cpdna_duplicate_ir_mask	cpDNA	mask	chloroplast	1	25736	8094545	314.522265	25734	0.999922	25724	0.999534	25711	0.999029	/home/neil/Downloads/dudleya/Dudleya_S_genomes/full_pipeline_run/results/05_analysis_masks/cpdna_duplicate_ir_copy_mask.bed	/home/neil/Downloads/dudleya/Dudleya_S_genomes/full_pipeline_run/results/06_all_sample_alignment/qc/KIRT_LP_164_Du-369.depth.tsv
KIRT_LP_164_Du-369	QB3.Berkeley.251217/QB3.Results.260109	D. setchellii	KIRT	cpdna_population_sites	cpDNA	variant_calling_and_population_genetics	chloroplast	1	124538	40272794	323.377555	124537	0.999992	124536	0.999984	124526	0.999904	/home/neil/Downloads/dudleya/Dudleya_S_genomes/full_pipeline_run/results/05_analysis_masks/cpdna_population_sites.bed	/home/neil/Downloads/dudleya/Dudleya_S_genomes/full_pipeline_run/results/06_all_sample_alignment/qc/KIRT_LP_164_Du-369.depth.tsv
KIRT_LP_164_Du-369	QB3.Berkeley.251217/QB3.Results.260109	D. setchellii	KIRT	mtdna_permissive_coverage	mtDNA	sample_qc_coverage	mitochondria	1	243359	5770309	23.711098	243349	0.999959	243151	0.999145	238114	0.978447	/home/neil/Downloads/dudleya/Dudleya_S_genomes/full_pipeline_run/results/05_analysis_masks/mtdna_permissive_coverage_regions.bed	/home/neil/Downloads/dudleya/Dudleya_S_genomes/full_pipeline_run/results/06_all_sample_alignment/qc/KIRT_LP_164_Du-369.depth.tsv
KIRT_LP_164_Du-369	QB3.Berkeley.251217/QB3.Results.260109	D. setchellii	KIRT	mtdna_high_confidence_unique	mtDNA	variant_calling_and_population_genetics	mitochondria	2	44930	1749345	38.934899	44930	1.000000	44930	1.000000	44930	1.000000	/home/neil/Downloads/dudleya/Dudleya_S_genomes/full_pipeline_run/results/05_analysis_masks/mtdna_high_confidence_unique_regions.bed	/home/neil/Downloads/dudleya/Dudleya_S_genomes/full_pipeline_run/results/06_all_sample_alignment/qc/KIRT_LP_164_Du-369.depth.tsv
KIRT_LP_165_Du-370	QB3.Berkeley.251217/QB3.Results.260109	D. setchellii	KIRT	cpdna_full_coverage	cpDNA	sample_qc_coverage	chloroplast	1	150274	76971058	512.204759	150274	1.000000	150273	0.999993	150257	0.999887	/home/neil/Downloads/dudleya/Dudleya_S_genomes/full_pipeline_run/results/05_analysis_masks/cpdna_full_coverage_regions.bed	/home/neil/Downloads/dudleya/Dudleya_S_genomes/full_pipeline_run/results/06_all_sample_alignment/qc/KIRT_LP_165_Du-370.depth.tsv
KIRT_LP_165_Du-370	QB3.Berkeley.251217/QB3.Results.260109	D. setchellii	KIRT	cpdna_ir_regions	cpDNA	repeat_annotation	chloroplast	2	51472	27929197	542.609516	51472	1.000000	51471	0.999981	51456	0.999689	/home/neil/Downloads/dudleya/Dudleya_S_genomes/full_pipeline_run/results/05_analysis_masks/cpdna_ir_regions.bed	/home/neil/Downloads/dudleya/Dudleya_S_genomes/full_pipeline_run/results/06_all_sample_alignment/qc/KIRT_LP_165_Du-370.depth.tsv
KIRT_LP_165_Du-370	QB3.Berkeley.251217/QB3.Results.260109	D. setchellii	KIRT	cpdna_duplicate_ir_mask	cpDNA	mask	chloroplast	1	25736	13586817	527.930409	25736	1.000000	25736	1.000000	25724	0.999534	/home/neil/Downloads/dudleya/Dudleya_S_genomes/full_pipeline_run/results/05_analysis_masks/cpdna_duplicate_ir_copy_mask.bed	/home/neil/Downloads/dudleya/Dudleya_S_genomes/full_pipeline_run/results/06_all_sample_alignment/qc/KIRT_LP_165_Du-370.depth.tsv
KIRT_LP_165_Du-370	QB3.Berkeley.251217/QB3.Results.260109	D. setchellii	KIRT	cpdna_population_sites	cpDNA	variant_calling_and_population_genetics	chloroplast	1	124538	63384241	508.955026	124538	1.000000	124537	0.999992	124533	0.999960	/home/neil/Downloads/dudleya/Dudleya_S_genomes/full_pipeline_run/results/05_analysis_masks/cpdna_population_sites.bed	/home/neil/Downloads/dudleya/Dudleya_S_genomes/full_pipeline_run/results/06_all_sample_alignment/qc/KIRT_LP_165_Du-370.depth.tsv
KIRT_LP_165_Du-370	QB3.Berkeley.251217/QB3.Results.260109	D. setchellii	KIRT	mtdna_permissive_coverage	mtDNA	sample_qc_coverage	mitochondria	1	243359	9783920	40.203650	243359	1.000000	243277	0.999663	243119	0.999014	/home/neil/Downloads/dudleya/Dudleya_S_genomes/full_pipeline_run/results/05_analysis_masks/mtdna_permissive_coverage_regions.bed	/home/neil/Downloads/dudleya/Dudleya_S_genomes/full_pipeline_run/results/06_all_sample_alignment/qc/KIRT_LP_165_Du-370.depth.tsv
KIRT_LP_165_Du-370	QB3.Berkeley.251217/QB3.Results.260109	D. setchellii	KIRT	mtdna_high_confidence_unique	mtDNA	variant_calling_and_population_genetics	mitochondria	2	44930	2865942	63.786824	44930	1.000000	44930	1.000000	44930	1.000000	/home/neil/Downloads/dudleya/Dudleya_S_genomes/full_pipeline_run/results/05_analysis_masks/mtdna_high_confidence_unique_regions.bed	/home/neil/Downloads/dudleya/Dudleya_S_genomes/full_pipeline_run/results/06_all_sample_alignment/qc/KIRT_LP_165_Du-370.depth.tsv
KIRT_LP_166_Du-371	QB3.Berkeley.251217/QB3.Results.260109	D. setchellii	KIRT	cpdna_full_coverage	cpDNA	sample_qc_coverage	chloroplast	1	150274	36734407	244.449519	150273	0.999993	150256	0.999880	150222	0.999654	/home/neil/Downloads/dudleya/Dudleya_S_genomes/full_pipeline_run/results/05_analysis_masks/cpdna_full_coverage_regions.bed	/home/neil/Downloads/dudleya/Dudleya_S_genomes/full_pipeline_run/results/06_all_sample_alignment/qc/KIRT_LP_166_Du-371.depth.tsv
KIRT_LP_166_Du-371	QB3.Berkeley.251217/QB3.Results.260109	D. setchellii	KIRT	cpdna_ir_regions	cpDNA	repeat_annotation	chloroplast	2	51472	13833904	268.765620	51471	0.999981	51457	0.999709	51427	0.999126	/home/neil/Downloads/dudleya/Dudleya_S_genomes/full_pipeline_run/results/05_analysis_masks/cpdna_ir_regions.bed	/home/neil/Downloads/dudleya/Dudleya_S_genomes/full_pipeline_run/results/06_all_sample_alignment/qc/KIRT_LP_166_Du-371.depth.tsv
KIRT_LP_166_Du-371	QB3.Berkeley.251217/QB3.Results.260109	D. setchellii	KIRT	cpdna_duplicate_ir_mask	cpDNA	mask	chloroplast	1	25736	6717003	260.996386	25735	0.999961	25726	0.999611	25702	0.998679	/home/neil/Downloads/dudleya/Dudleya_S_genomes/full_pipeline_run/results/05_analysis_masks/cpdna_duplicate_ir_copy_mask.bed	/home/neil/Downloads/dudleya/Dudleya_S_genomes/full_pipeline_run/results/06_all_sample_alignment/qc/KIRT_LP_166_Du-371.depth.tsv
KIRT_LP_166_Du-371	QB3.Berkeley.251217/QB3.Results.260109	D. setchellii	KIRT	cpdna_population_sites	cpDNA	variant_calling_and_population_genetics	chloroplast	1	124538	30017404	241.030079	124538	1.000000	124530	0.999936	124520	0.999855	/home/neil/Downloads/dudleya/Dudleya_S_genomes/full_pipeline_run/results/05_analysis_masks/cpdna_population_sites.bed	/home/neil/Downloads/dudleya/Dudleya_S_genomes/full_pipeline_run/results/06_all_sample_alignment/qc/KIRT_LP_166_Du-371.depth.tsv
KIRT_LP_166_Du-371	QB3.Berkeley.251217/QB3.Results.260109	D. setchellii	KIRT	mtdna_permissive_coverage	mtDNA	sample_qc_coverage	mitochondria	1	243359	5689484	23.378975	243356	0.999988	242845	0.997888	235324	0.966983	/home/neil/Downloads/dudleya/Dudleya_S_genomes/full_pipeline_run/results/05_analysis_masks/mtdna_permissive_coverage_regions.bed	/home/neil/Downloads/dudleya/Dudleya_S_genomes/full_pipeline_run/results/06_all_sample_alignment/qc/KIRT_LP_166_Du-371.depth.tsv
KIRT_LP_166_Du-371	QB3.Berkeley.251217/QB3.Results.260109	D. setchellii	KIRT	mtdna_high_confidence_unique	mtDNA	variant_calling_and_population_genetics	mitochondria	2	44930	1737423	38.669553	44930	1.000000	44930	1.000000	44930	1.000000	/home/neil/Downloads/dudleya/Dudleya_S_genomes/full_pipeline_run/results/05_analysis_masks/mtdna_high_confidence_unique_regions.bed	/home/neil/Downloads/dudleya/Dudleya_S_genomes/full_pipeline_run/results/06_all_sample_alignment/qc/KIRT_LP_166_Du-371.depth.tsv
KIRT_LP_167_Du-372	QB3.Berkeley.251217/QB3.Results.260109	D. setchellii	KIRT	cpdna_full_coverage	cpDNA	sample_qc_coverage	chloroplast	1	150274	29828831	198.496287	150271	0.999980	150245	0.999807	150207	0.999554	/home/neil/Downloads/dudleya/Dudleya_S_genomes/full_pipeline_run/results/05_analysis_masks/cpdna_full_coverage_regions.bed	/home/neil/Downloads/dudleya/Dudleya_S_genomes/full_pipeline_run/results/06_all_sample_alignment/qc/KIRT_LP_167_Du-372.depth.tsv
KIRT_LP_167_Du-372	QB3.Berkeley.251217/QB3.Results.260109	D. setchellii	KIRT	cpdna_ir_regions	cpDNA	repeat_annotation	chloroplast	2	51472	10531489	204.606174	51469	0.999942	51446	0.999495	51413	0.998854	/home/neil/Downloads/dudleya/Dudleya_S_genomes/full_pipeline_run/results/05_analysis_masks/cpdna_ir_regions.bed	/home/neil/Downloads/dudleya/Dudleya_S_genomes/full_pipeline_run/results/06_all_sample_alignment/qc/KIRT_LP_167_Du-372.depth.tsv
KIRT_LP_167_Du-372	QB3.Berkeley.251217/QB3.Results.260109	D. setchellii	KIRT	cpdna_duplicate_ir_mask	cpDNA	mask	chloroplast	1	25736	5150132	200.113926	25734	0.999922	25714	0.999145	25691	0.998251	/home/neil/Downloads/dudleya/Dudleya_S_genomes/full_pipeline_run/results/05_analysis_masks/cpdna_duplicate_ir_copy_mask.bed	/home/neil/Downloads/dudleya/Dudleya_S_genomes/full_pipeline_run/results/06_all_sample_alignment/qc/KIRT_LP_167_Du-372.depth.tsv
KIRT_LP_167_Du-372	QB3.Berkeley.251217/QB3.Results.260109	D. setchellii	KIRT	cpdna_population_sites	cpDNA	variant_calling_and_population_genetics	chloroplast	1	124538	24678699	198.161999	124537	0.999992	124531	0.999944	124516	0.999823	/home/neil/Downloads/dudleya/Dudleya_S_genomes/full_pipeline_run/results/05_analysis_masks/cpdna_population_sites.bed	/home/neil/Downloads/dudleya/Dudleya_S_genomes/full_pipeline_run/results/06_all_sample_alignment/qc/KIRT_LP_167_Du-372.depth.tsv
KIRT_LP_167_Du-372	QB3.Berkeley.251217/QB3.Results.260109	D. setchellii	KIRT	mtdna_permissive_coverage	mtDNA	sample_qc_coverage	mitochondria	1	243359	3284708	13.497376	243148	0.999133	234919	0.965319	170165	0.699234	/home/neil/Downloads/dudleya/Dudleya_S_genomes/full_pipeline_run/results/05_analysis_masks/mtdna_permissive_coverage_regions.bed	/home/neil/Downloads/dudleya/Dudleya_S_genomes/full_pipeline_run/results/06_all_sample_alignment/qc/KIRT_LP_167_Du-372.depth.tsv
KIRT_LP_167_Du-372	QB3.Berkeley.251217/QB3.Results.260109	D. setchellii	KIRT	mtdna_high_confidence_unique	mtDNA	variant_calling_and_population_genetics	mitochondria	2	44930	974347	21.685889	44930	1.000000	44930	1.000000	43801	0.974872	/home/neil/Downloads/dudleya/Dudleya_S_genomes/full_pipeline_run/results/05_analysis_masks/mtdna_high_confidence_unique_regions.bed	/home/neil/Downloads/dudleya/Dudleya_S_genomes/full_pipeline_run/results/06_all_sample_alignment/qc/KIRT_LP_167_Du-372.depth.tsv
KIRT_LP_168_Du-373	QB3.Berkeley.251217/QB3.Results.260109	D. setchellii	KIRT	cpdna_full_coverage	cpDNA	sample_qc_coverage	chloroplast	1	150274	55737241	370.904089	150274	1.000000	150269	0.999967	150252	0.999854	/home/neil/Downloads/dudleya/Dudleya_S_genomes/full_pipeline_run/results/05_analysis_masks/cpdna_full_coverage_regions.bed	/home/neil/Downloads/dudleya/Dudleya_S_genomes/full_pipeline_run/results/06_all_sample_alignment/qc/KIRT_LP_168_Du-373.depth.tsv
KIRT_LP_168_Du-373	QB3.Berkeley.251217/QB3.Results.260109	D. setchellii	KIRT	cpdna_ir_regions	cpDNA	repeat_annotation	chloroplast	2	51472	19718507	383.091914	51472	1.000000	51467	0.999903	51455	0.999670	/home/neil/Downloads/dudleya/Dudleya_S_genomes/full_pipeline_run/results/05_analysis_masks/cpdna_ir_regions.bed	/home/neil/Downloads/dudleya/Dudleya_S_genomes/full_pipeline_run/results/06_all_sample_alignment/qc/KIRT_LP_168_Du-373.depth.tsv
KIRT_LP_168_Du-373	QB3.Berkeley.251217/QB3.Results.260109	D. setchellii	KIRT	cpdna_duplicate_ir_mask	cpDNA	mask	chloroplast	1	25736	9592521	372.727735	25736	1.000000	25732	0.999845	25722	0.999456	/home/neil/Downloads/dudleya/Dudleya_S_genomes/full_pipeline_run/results/05_analysis_masks/cpdna_duplicate_ir_copy_mask.bed	/home/neil/Downloads/dudleya/Dudleya_S_genomes/full_pipeline_run/results/06_all_sample_alignment/qc/KIRT_LP_168_Du-373.depth.tsv
KIRT_LP_168_Du-373	QB3.Berkeley.251217/QB3.Results.260109	D. setchellii	KIRT	cpdna_population_sites	cpDNA	variant_calling_and_population_genetics	chloroplast	1	124538	46144720	370.527229	124538	1.000000	124537	0.999992	124530	0.999936	/home/neil/Downloads/dudleya/Dudleya_S_genomes/full_pipeline_run/results/05_analysis_masks/cpdna_population_sites.bed	/home/neil/Downloads/dudleya/Dudleya_S_genomes/full_pipeline_run/results/06_all_sample_alignment/qc/KIRT_LP_168_Du-373.depth.tsv
KIRT_LP_168_Du-373	QB3.Berkeley.251217/QB3.Results.260109	D. setchellii	KIRT	mtdna_permissive_coverage	mtDNA	sample_qc_coverage	mitochondria	1	243359	8792674	36.130466	243349	0.999959	243324	0.999856	243095	0.998915	/home/neil/Downloads/dudleya/Dudleya_S_genomes/full_pipeline_run/results/05_analysis_masks/mtdna_permissive_coverage_regions.bed	/home/neil/Downloads/dudleya/Dudleya_S_genomes/full_pipeline_run/results/06_all_sample_alignment/qc/KIRT_LP_168_Du-373.depth.tsv
KIRT_LP_168_Du-373	QB3.Berkeley.251217/QB3.Results.260109	D. setchellii	KIRT	mtdna_high_confidence_unique	mtDNA	variant_calling_and_population_genetics	mitochondria	2	44930	2664831	59.310728	44930	1.000000	44930	1.000000	44930	1.000000	/home/neil/Downloads/dudleya/Dudleya_S_genomes/full_pipeline_run/results/05_analysis_masks/mtdna_high_confidence_unique_regions.bed	/home/neil/Downloads/dudleya/Dudleya_S_genomes/full_pipeline_run/results/06_all_sample_alignment/qc/KIRT_LP_168_Du-373.depth.tsv
MALV_LP_095_Du-201	QB3.Berkeley.251217/QB3.Results.260109	D. setchellii	MALV	cpdna_full_coverage	cpDNA	sample_qc_coverage	chloroplast	1	150274	738994056	4917.644143	150274	1.000000	150274	1.000000	150274	1.000000	/home/neil/Downloads/dudleya/Dudleya_S_genomes/full_pipeline_run/results/05_analysis_masks/cpdna_full_coverage_regions.bed	/home/neil/Downloads/dudleya/Dudleya_S_genomes/full_pipeline_run/results/06_all_sample_alignment/qc/MALV_LP_095_Du-201.depth.tsv
MALV_LP_095_Du-201	QB3.Berkeley.251217/QB3.Results.260109	D. setchellii	MALV	cpdna_ir_regions	cpDNA	repeat_annotation	chloroplast	2	51472	362914261	7050.712251	51472	1.000000	51472	1.000000	51472	1.000000	/home/neil/Downloads/dudleya/Dudleya_S_genomes/full_pipeline_run/results/05_analysis_masks/cpdna_ir_regions.bed	/home/neil/Downloads/dudleya/Dudleya_S_genomes/full_pipeline_run/results/06_all_sample_alignment/qc/MALV_LP_095_Du-201.depth.tsv
MALV_LP_095_Du-201	QB3.Berkeley.251217/QB3.Results.260109	D. setchellii	MALV	cpdna_duplicate_ir_mask	cpDNA	mask	chloroplast	1	25736	173783192	6752.533105	25736	1.000000	25736	1.000000	25736	1.000000	/home/neil/Downloads/dudleya/Dudleya_S_genomes/full_pipeline_run/results/05_analysis_masks/cpdna_duplicate_ir_copy_mask.bed	/home/neil/Downloads/dudleya/Dudleya_S_genomes/full_pipeline_run/results/06_all_sample_alignment/qc/MALV_LP_095_Du-201.depth.tsv
MALV_LP_095_Du-201	QB3.Berkeley.251217/QB3.Results.260109	D. setchellii	MALV	cpdna_population_sites	cpDNA	variant_calling_and_population_genetics	chloroplast	1	124538	565210864	4538.461064	124538	1.000000	124538	1.000000	124538	1.000000	/home/neil/Downloads/dudleya/Dudleya_S_genomes/full_pipeline_run/results/05_analysis_masks/cpdna_population_sites.bed	/home/neil/Downloads/dudleya/Dudleya_S_genomes/full_pipeline_run/results/06_all_sample_alignment/qc/MALV_LP_095_Du-201.depth.tsv
MALV_LP_095_Du-201	QB3.Berkeley.251217/QB3.Results.260109	D. setchellii	MALV	mtdna_permissive_coverage	mtDNA	sample_qc_coverage	mitochondria	1	243359	144451851	593.575134	243359	1.000000	243357	0.999992	243356	0.999988	/home/neil/Downloads/dudleya/Dudleya_S_genomes/full_pipeline_run/results/05_analysis_masks/mtdna_permissive_coverage_regions.bed	/home/neil/Downloads/dudleya/Dudleya_S_genomes/full_pipeline_run/results/06_all_sample_alignment/qc/MALV_LP_095_Du-201.depth.tsv
MALV_LP_095_Du-201	QB3.Berkeley.251217/QB3.Results.260109	D. setchellii	MALV	mtdna_high_confidence_unique	mtDNA	variant_calling_and_population_genetics	mitochondria	2	44930	44732267	995.599087	44930	1.000000	44930	1.000000	44930	1.000000	/home/neil/Downloads/dudleya/Dudleya_S_genomes/full_pipeline_run/results/05_analysis_masks/mtdna_high_confidence_unique_regions.bed	/home/neil/Downloads/dudleya/Dudleya_S_genomes/full_pipeline_run/results/06_all_sample_alignment/qc/MALV_LP_095_Du-201.depth.tsv
MALV_LP_096_Du-202	QB3.Berkeley.251217/QB3.Results.260109	D. setchellii	MALV	cpdna_full_coverage	cpDNA	sample_qc_coverage	chloroplast	1	150274	165438401	1100.911675	150274	1.000000	150274	1.000000	150273	0.999993	/home/neil/Downloads/dudleya/Dudleya_S_genomes/full_pipeline_run/results/05_analysis_masks/cpdna_full_coverage_regions.bed	/home/neil/Downloads/dudleya/Dudleya_S_genomes/full_pipeline_run/results/06_all_sample_alignment/qc/MALV_LP_096_Du-202.depth.tsv
MALV_LP_096_Du-202	QB3.Berkeley.251217/QB3.Results.260109	D. setchellii	MALV	cpdna_ir_regions	cpDNA	repeat_annotation	chloroplast	2	51472	67378698	1309.035942	51472	1.000000	51472	1.000000	51471	0.999981	/home/neil/Downloads/dudleya/Dudleya_S_genomes/full_pipeline_run/results/05_analysis_masks/cpdna_ir_regions.bed	/home/neil/Downloads/dudleya/Dudleya_S_genomes/full_pipeline_run/results/06_all_sample_alignment/qc/MALV_LP_096_Du-202.depth.tsv
MALV_LP_096_Du-202	QB3.Berkeley.251217/QB3.Results.260109	D. setchellii	MALV	cpdna_duplicate_ir_mask	cpDNA	mask	chloroplast	1	25736	32283369	1254.405075	25736	1.000000	25736	1.000000	25736	1.000000	/home/neil/Downloads/dudleya/Dudleya_S_genomes/full_pipeline_run/results/05_analysis_masks/cpdna_duplicate_ir_copy_mask.bed	/home/neil/Downloads/dudleya/Dudleya_S_genomes/full_pipeline_run/results/06_all_sample_alignment/qc/MALV_LP_096_Du-202.depth.tsv
MALV_LP_096_Du-202	QB3.Berkeley.251217/QB3.Results.260109	D. setchellii	MALV	cpdna_population_sites	cpDNA	variant_calling_and_population_genetics	chloroplast	1	124538	133155032	1069.191990	124538	1.000000	124538	1.000000	124537	0.999992	/home/neil/Downloads/dudleya/Dudleya_S_genomes/full_pipeline_run/results/05_analysis_masks/cpdna_population_sites.bed	/home/neil/Downloads/dudleya/Dudleya_S_genomes/full_pipeline_run/results/06_all_sample_alignment/qc/MALV_LP_096_Du-202.depth.tsv
MALV_LP_096_Du-202	QB3.Berkeley.251217/QB3.Results.260109	D. setchellii	MALV	mtdna_permissive_coverage	mtDNA	sample_qc_coverage	mitochondria	1	243359	29261259	120.239067	243357	0.999992	243351	0.999967	243325	0.999860	/home/neil/Downloads/dudleya/Dudleya_S_genomes/full_pipeline_run/results/05_analysis_masks/mtdna_permissive_coverage_regions.bed	/home/neil/Downloads/dudleya/Dudleya_S_genomes/full_pipeline_run/results/06_all_sample_alignment/qc/MALV_LP_096_Du-202.depth.tsv
MALV_LP_096_Du-202	QB3.Berkeley.251217/QB3.Results.260109	D. setchellii	MALV	mtdna_high_confidence_unique	mtDNA	variant_calling_and_population_genetics	mitochondria	2	44930	8952655	199.257846	44930	1.000000	44930	1.000000	44930	1.000000	/home/neil/Downloads/dudleya/Dudleya_S_genomes/full_pipeline_run/results/05_analysis_masks/mtdna_high_confidence_unique_regions.bed	/home/neil/Downloads/dudleya/Dudleya_S_genomes/full_pipeline_run/results/06_all_sample_alignment/qc/MALV_LP_096_Du-202.depth.tsv
MALV_LP_097_Du-203	QB3.Berkeley.251217/QB3.Results.260109	D. setchellii	MALV	cpdna_full_coverage	cpDNA	sample_qc_coverage	chloroplast	1	150274	486018423	3234.214987	150274	1.000000	150274	1.000000	150274	1.000000	/home/neil/Downloads/dudleya/Dudleya_S_genomes/full_pipeline_run/results/05_analysis_masks/cpdna_full_coverage_regions.bed	/home/neil/Downloads/dudleya/Dudleya_S_genomes/full_pipeline_run/results/06_all_sample_alignment/qc/MALV_LP_097_Du-203.depth.tsv
MALV_LP_097_Du-203	QB3.Berkeley.251217/QB3.Results.260109	D. setchellii	MALV	cpdna_ir_regions	cpDNA	repeat_annotation	chloroplast	2	51472	212128568	4121.241996	51472	1.000000	51472	1.000000	51472	1.000000	/home/neil/Downloads/dudleya/Dudleya_S_genomes/full_pipeline_run/results/05_analysis_masks/cpdna_ir_regions.bed	/home/neil/Downloads/dudleya/Dudleya_S_genomes/full_pipeline_run/results/06_all_sample_alignment/qc/MALV_LP_097_Du-203.depth.tsv
MALV_LP_097_Du-203	QB3.Berkeley.251217/QB3.Results.260109	D. setchellii	MALV	cpdna_duplicate_ir_mask	cpDNA	mask	chloroplast	1	25736	102187515	3970.605961	25736	1.000000	25736	1.000000	25736	1.000000	/home/neil/Downloads/dudleya/Dudleya_S_genomes/full_pipeline_run/results/05_analysis_masks/cpdna_duplicate_ir_copy_mask.bed	/home/neil/Downloads/dudleya/Dudleya_S_genomes/full_pipeline_run/results/06_all_sample_alignment/qc/MALV_LP_097_Du-203.depth.tsv
MALV_LP_097_Du-203	QB3.Berkeley.251217/QB3.Results.260109	D. setchellii	MALV	cpdna_population_sites	cpDNA	variant_calling_and_population_genetics	chloroplast	1	124538	383830908	3082.038478	124538	1.000000	124538	1.000000	124538	1.000000	/home/neil/Downloads/dudleya/Dudleya_S_genomes/full_pipeline_run/results/05_analysis_masks/cpdna_population_sites.bed	/home/neil/Downloads/dudleya/Dudleya_S_genomes/full_pipeline_run/results/06_all_sample_alignment/qc/MALV_LP_097_Du-203.depth.tsv
MALV_LP_097_Du-203	QB3.Berkeley.251217/QB3.Results.260109	D. setchellii	MALV	mtdna_permissive_coverage	mtDNA	sample_qc_coverage	mitochondria	1	243359	102843822	422.601268	243358	0.999996	243357	0.999992	243355	0.999984	/home/neil/Downloads/dudleya/Dudleya_S_genomes/full_pipeline_run/results/05_analysis_masks/mtdna_permissive_coverage_regions.bed	/home/neil/Downloads/dudleya/Dudleya_S_genomes/full_pipeline_run/results/06_all_sample_alignment/qc/MALV_LP_097_Du-203.depth.tsv
MALV_LP_097_Du-203	QB3.Berkeley.251217/QB3.Results.260109	D. setchellii	MALV	mtdna_high_confidence_unique	mtDNA	variant_calling_and_population_genetics	mitochondria	2	44930	31971943	711.594547	44930	1.000000	44930	1.000000	44930	1.000000	/home/neil/Downloads/dudleya/Dudleya_S_genomes/full_pipeline_run/results/05_analysis_masks/mtdna_high_confidence_unique_regions.bed	/home/neil/Downloads/dudleya/Dudleya_S_genomes/full_pipeline_run/results/06_all_sample_alignment/qc/MALV_LP_097_Du-203.depth.tsv
MALV_LP_098_Du-204	QB3.Berkeley.251217/QB3.Results.260109	D. setchellii	MALV	cpdna_full_coverage	cpDNA	sample_qc_coverage	chloroplast	1	150274	266183392	1771.320335	150274	1.000000	150274	1.000000	150274	1.000000	/home/neil/Downloads/dudleya/Dudleya_S_genomes/full_pipeline_run/results/05_analysis_masks/cpdna_full_coverage_regions.bed	/home/neil/Downloads/dudleya/Dudleya_S_genomes/full_pipeline_run/results/06_all_sample_alignment/qc/MALV_LP_098_Du-204.depth.tsv
MALV_LP_098_Du-204	QB3.Berkeley.251217/QB3.Results.260109	D. setchellii	MALV	cpdna_ir_regions	cpDNA	repeat_annotation	chloroplast	2	51472	124267872	2414.281007	51472	1.000000	51472	1.000000	51472	1.000000	/home/neil/Downloads/dudleya/Dudleya_S_genomes/full_pipeline_run/results/05_analysis_masks/cpdna_ir_regions.bed	/home/neil/Downloads/dudleya/Dudleya_S_genomes/full_pipeline_run/results/06_all_sample_alignment/qc/MALV_LP_098_Du-204.depth.tsv
MALV_LP_098_Du-204	QB3.Berkeley.251217/QB3.Results.260109	D. setchellii	MALV	cpdna_duplicate_ir_mask	cpDNA	mask	chloroplast	1	25736	59775546	2322.643224	25736	1.000000	25736	1.000000	25736	1.000000	/home/neil/Downloads/dudleya/Dudleya_S_genomes/full_pipeline_run/results/05_analysis_masks/cpdna_duplicate_ir_copy_mask.bed	/home/neil/Downloads/dudleya/Dudleya_S_genomes/full_pipeline_run/results/06_all_sample_alignment/qc/MALV_LP_098_Du-204.depth.tsv
MALV_LP_098_Du-204	QB3.Berkeley.251217/QB3.Results.260109	D. setchellii	MALV	cpdna_population_sites	cpDNA	variant_calling_and_population_genetics	chloroplast	1	124538	206407846	1657.388476	124538	1.000000	124538	1.000000	124538	1.000000	/home/neil/Downloads/dudleya/Dudleya_S_genomes/full_pipeline_run/results/05_analysis_masks/cpdna_population_sites.bed	/home/neil/Downloads/dudleya/Dudleya_S_genomes/full_pipeline_run/results/06_all_sample_alignment/qc/MALV_LP_098_Du-204.depth.tsv
MALV_LP_098_Du-204	QB3.Berkeley.251217/QB3.Results.260109	D. setchellii	MALV	mtdna_permissive_coverage	mtDNA	sample_qc_coverage	mitochondria	1	243359	44090520	181.174808	243359	1.000000	243352	0.999971	243346	0.999947	/home/neil/Downloads/dudleya/Dudleya_S_genomes/full_pipeline_run/results/05_analysis_masks/mtdna_permissive_coverage_regions.bed	/home/neil/Downloads/dudleya/Dudleya_S_genomes/full_pipeline_run/results/06_all_sample_alignment/qc/MALV_LP_098_Du-204.depth.tsv
MALV_LP_098_Du-204	QB3.Berkeley.251217/QB3.Results.260109	D. setchellii	MALV	mtdna_high_confidence_unique	mtDNA	variant_calling_and_population_genetics	mitochondria	2	44930	13556343	301.721411	44930	1.000000	44930	1.000000	44930	1.000000	/home/neil/Downloads/dudleya/Dudleya_S_genomes/full_pipeline_run/results/05_analysis_masks/mtdna_high_confidence_unique_regions.bed	/home/neil/Downloads/dudleya/Dudleya_S_genomes/full_pipeline_run/results/06_all_sample_alignment/qc/MALV_LP_098_Du-204.depth.tsv
MALV_LP_099_Du-205	QB3.Berkeley.251217/QB3.Results.260109	D. setchellii	MALV	cpdna_full_coverage	cpDNA	sample_qc_coverage	chloroplast	1	150274	156506995	1041.477534	150274	1.000000	150274	1.000000	150273	0.999993	/home/neil/Downloads/dudleya/Dudleya_S_genomes/full_pipeline_run/results/05_analysis_masks/cpdna_full_coverage_regions.bed	/home/neil/Downloads/dudleya/Dudleya_S_genomes/full_pipeline_run/results/06_all_sample_alignment/qc/MALV_LP_099_Du-205.depth.tsv
MALV_LP_099_Du-205	QB3.Berkeley.251217/QB3.Results.260109	D. setchellii	MALV	cpdna_ir_regions	cpDNA	repeat_annotation	chloroplast	2	51472	66678453	1295.431555	51472	1.000000	51472	1.000000	51471	0.999981	/home/neil/Downloads/dudleya/Dudleya_S_genomes/full_pipeline_run/results/05_analysis_masks/cpdna_ir_regions.bed	/home/neil/Downloads/dudleya/Dudleya_S_genomes/full_pipeline_run/results/06_all_sample_alignment/qc/MALV_LP_099_Du-205.depth.tsv
MALV_LP_099_Du-205	QB3.Berkeley.251217/QB3.Results.260109	D. setchellii	MALV	cpdna_duplicate_ir_mask	cpDNA	mask	chloroplast	1	25736	32287663	1254.571923	25736	1.000000	25736	1.000000	25736	1.000000	/home/neil/Downloads/dudleya/Dudleya_S_genomes/full_pipeline_run/results/05_analysis_masks/cpdna_duplicate_ir_copy_mask.bed	/home/neil/Downloads/dudleya/Dudleya_S_genomes/full_pipeline_run/results/06_all_sample_alignment/qc/MALV_LP_099_Du-205.depth.tsv
MALV_LP_099_Du-205	QB3.Berkeley.251217/QB3.Results.260109	D. setchellii	MALV	cpdna_population_sites	cpDNA	variant_calling_and_population_genetics	chloroplast	1	124538	124219332	997.441199	124538	1.000000	124538	1.000000	124537	0.999992	/home/neil/Downloads/dudleya/Dudleya_S_genomes/full_pipeline_run/results/05_analysis_masks/cpdna_population_sites.bed	/home/neil/Downloads/dudleya/Dudleya_S_genomes/full_pipeline_run/results/06_all_sample_alignment/qc/MALV_LP_099_Du-205.depth.tsv
MALV_LP_099_Du-205	QB3.Berkeley.251217/QB3.Results.260109	D. setchellii	MALV	mtdna_permissive_coverage	mtDNA	sample_qc_coverage	mitochondria	1	243359	24974991	102.626124	243357	0.999992	243343	0.999934	243315	0.999819	/home/neil/Downloads/dudleya/Dudleya_S_genomes/full_pipeline_run/results/05_analysis_masks/mtdna_permissive_coverage_regions.bed	/home/neil/Downloads/dudleya/Dudleya_S_genomes/full_pipeline_run/results/06_all_sample_alignment/qc/MALV_LP_099_Du-205.depth.tsv
MALV_LP_099_Du-205	QB3.Berkeley.251217/QB3.Results.260109	D. setchellii	MALV	mtdna_high_confidence_unique	mtDNA	variant_calling_and_population_genetics	mitochondria	2	44930	7843886	174.580147	44930	1.000000	44930	1.000000	44930	1.000000	/home/neil/Downloads/dudleya/Dudleya_S_genomes/full_pipeline_run/results/05_analysis_masks/mtdna_high_confidence_unique_regions.bed	/home/neil/Downloads/dudleya/Dudleya_S_genomes/full_pipeline_run/results/06_all_sample_alignment/qc/MALV_LP_099_Du-205.depth.tsv
MALV_LP_100_Du-206	QB3.Berkeley.251217/QB3.Results.260109	D. setchellii	MALV	cpdna_full_coverage	cpDNA	sample_qc_coverage	chloroplast	1	150274	294333432	1958.645088	150274	1.000000	150274	1.000000	150274	1.000000	/home/neil/Downloads/dudleya/Dudleya_S_genomes/full_pipeline_run/results/05_analysis_masks/cpdna_full_coverage_regions.bed	/home/neil/Downloads/dudleya/Dudleya_S_genomes/full_pipeline_run/results/06_all_sample_alignment/qc/MALV_LP_100_Du-206.depth.tsv
MALV_LP_100_Du-206	QB3.Berkeley.251217/QB3.Results.260109	D. setchellii	MALV	cpdna_ir_regions	cpDNA	repeat_annotation	chloroplast	2	51472	133490482	2593.458230	51472	1.000000	51472	1.000000	51472	1.000000	/home/neil/Downloads/dudleya/Dudleya_S_genomes/full_pipeline_run/results/05_analysis_masks/cpdna_ir_regions.bed	/home/neil/Downloads/dudleya/Dudleya_S_genomes/full_pipeline_run/results/06_all_sample_alignment/qc/MALV_LP_100_Du-206.depth.tsv
MALV_LP_100_Du-206	QB3.Berkeley.251217/QB3.Results.260109	D. setchellii	MALV	cpdna_duplicate_ir_mask	cpDNA	mask	chloroplast	1	25736	64272096	2497.361517	25736	1.000000	25736	1.000000	25736	1.000000	/home/neil/Downloads/dudleya/Dudleya_S_genomes/full_pipeline_run/results/05_analysis_masks/cpdna_duplicate_ir_copy_mask.bed	/home/neil/Downloads/dudleya/Dudleya_S_genomes/full_pipeline_run/results/06_all_sample_alignment/qc/MALV_LP_100_Du-206.depth.tsv
MALV_LP_100_Du-206	QB3.Berkeley.251217/QB3.Results.260109	D. setchellii	MALV	cpdna_population_sites	cpDNA	variant_calling_and_population_genetics	chloroplast	1	124538	230061336	1847.318377	124538	1.000000	124538	1.000000	124538	1.000000	/home/neil/Downloads/dudleya/Dudleya_S_genomes/full_pipeline_run/results/05_analysis_masks/cpdna_population_sites.bed	/home/neil/Downloads/dudleya/Dudleya_S_genomes/full_pipeline_run/results/06_all_sample_alignment/qc/MALV_LP_100_Du-206.depth.tsv
MALV_LP_100_Du-206	QB3.Berkeley.251217/QB3.Results.260109	D. setchellii	MALV	mtdna_permissive_coverage	mtDNA	sample_qc_coverage	mitochondria	1	243359	44059486	181.047284	243356	0.999988	243340	0.999922	243315	0.999819	/home/neil/Downloads/dudleya/Dudleya_S_genomes/full_pipeline_run/results/05_analysis_masks/mtdna_permissive_coverage_regions.bed	/home/neil/Downloads/dudleya/Dudleya_S_genomes/full_pipeline_run/results/06_all_sample_alignment/qc/MALV_LP_100_Du-206.depth.tsv
MALV_LP_100_Du-206	QB3.Berkeley.251217/QB3.Results.260109	D. setchellii	MALV	mtdna_high_confidence_unique	mtDNA	variant_calling_and_population_genetics	mitochondria	2	44930	13474804	299.906610	44930	1.000000	44930	1.000000	44930	1.000000	/home/neil/Downloads/dudleya/Dudleya_S_genomes/full_pipeline_run/results/05_analysis_masks/mtdna_high_confidence_unique_regions.bed	/home/neil/Downloads/dudleya/Dudleya_S_genomes/full_pipeline_run/results/06_all_sample_alignment/qc/MALV_LP_100_Du-206.depth.tsv
MALV_LP_101_Du-207	QB3.Berkeley.251217/QB3.Results.260109	D. setchellii	MALV	cpdna_full_coverage	cpDNA	sample_qc_coverage	chloroplast	1	150274	400452410	2664.815005	150274	1.000000	150274	1.000000	150274	1.000000	/home/neil/Downloads/dudleya/Dudleya_S_genomes/full_pipeline_run/results/05_analysis_masks/cpdna_full_coverage_regions.bed	/home/neil/Downloads/dudleya/Dudleya_S_genomes/full_pipeline_run/results/06_all_sample_alignment/qc/MALV_LP_101_Du-207.depth.tsv
MALV_LP_101_Du-207	QB3.Berkeley.251217/QB3.Results.260109	D. setchellii	MALV	cpdna_ir_regions	cpDNA	repeat_annotation	chloroplast	2	51472	181270846	3521.736983	51472	1.000000	51472	1.000000	51472	1.000000	/home/neil/Downloads/dudleya/Dudleya_S_genomes/full_pipeline_run/results/05_analysis_masks/cpdna_ir_regions.bed	/home/neil/Downloads/dudleya/Dudleya_S_genomes/full_pipeline_run/results/06_all_sample_alignment/qc/MALV_LP_101_Du-207.depth.tsv
MALV_LP_101_Du-207	QB3.Berkeley.251217/QB3.Results.260109	D. setchellii	MALV	cpdna_duplicate_ir_mask	cpDNA	mask	chloroplast	1	25736	87550071	3401.852308	25736	1.000000	25736	1.000000	25736	1.000000	/home/neil/Downloads/dudleya/Dudleya_S_genomes/full_pipeline_run/results/05_analysis_masks/cpdna_duplicate_ir_copy_mask.bed	/home/neil/Downloads/dudleya/Dudleya_S_genomes/full_pipeline_run/results/06_all_sample_alignment/qc/MALV_LP_101_Du-207.depth.tsv
MALV_LP_101_Du-207	QB3.Berkeley.251217/QB3.Results.260109	D. setchellii	MALV	cpdna_population_sites	cpDNA	variant_calling_and_population_genetics	chloroplast	1	124538	312902339	2512.504930	124538	1.000000	124538	1.000000	124538	1.000000	/home/neil/Downloads/dudleya/Dudleya_S_genomes/full_pipeline_run/results/05_analysis_masks/cpdna_population_sites.bed	/home/neil/Downloads/dudleya/Dudleya_S_genomes/full_pipeline_run/results/06_all_sample_alignment/qc/MALV_LP_101_Du-207.depth.tsv
MALV_LP_101_Du-207	QB3.Berkeley.251217/QB3.Results.260109	D. setchellii	MALV	mtdna_permissive_coverage	mtDNA	sample_qc_coverage	mitochondria	1	243359	45448760	186.756027	243356	0.999988	243346	0.999947	243337	0.999910	/home/neil/Downloads/dudleya/Dudleya_S_genomes/full_pipeline_run/results/05_analysis_masks/mtdna_permissive_coverage_regions.bed	/home/neil/Downloads/dudleya/Dudleya_S_genomes/full_pipeline_run/results/06_all_sample_alignment/qc/MALV_LP_101_Du-207.depth.tsv
MALV_LP_101_Du-207	QB3.Berkeley.251217/QB3.Results.260109	D. setchellii	MALV	mtdna_high_confidence_unique	mtDNA	variant_calling_and_population_genetics	mitochondria	2	44930	14173805	315.464166	44930	1.000000	44930	1.000000	44930	1.000000	/home/neil/Downloads/dudleya/Dudleya_S_genomes/full_pipeline_run/results/05_analysis_masks/mtdna_high_confidence_unique_regions.bed	/home/neil/Downloads/dudleya/Dudleya_S_genomes/full_pipeline_run/results/06_all_sample_alignment/qc/MALV_LP_101_Du-207.depth.tsv
MALV_LP_102_Du-208	QB3.Berkeley.251217/QB3.Results.260109	D. setchellii	MALV	cpdna_full_coverage	cpDNA	sample_qc_coverage	chloroplast	1	150274	260146838	1731.150019	150274	1.000000	150274	1.000000	150274	1.000000	/home/neil/Downloads/dudleya/Dudleya_S_genomes/full_pipeline_run/results/05_analysis_masks/cpdna_full_coverage_regions.bed	/home/neil/Downloads/dudleya/Dudleya_S_genomes/full_pipeline_run/results/06_all_sample_alignment/qc/MALV_LP_102_Du-208.depth.tsv
MALV_LP_102_Du-208	QB3.Berkeley.251217/QB3.Results.260109	D. setchellii	MALV	cpdna_ir_regions	cpDNA	repeat_annotation	chloroplast	2	51472	106240380	2064.042198	51472	1.000000	51472	1.000000	51472	1.000000	/home/neil/Downloads/dudleya/Dudleya_S_genomes/full_pipeline_run/results/05_analysis_masks/cpdna_ir_regions.bed	/home/neil/Downloads/dudleya/Dudleya_S_genomes/full_pipeline_run/results/06_all_sample_alignment/qc/MALV_LP_102_Du-208.depth.tsv
MALV_LP_102_Du-208	QB3.Berkeley.251217/QB3.Results.260109	D. setchellii	MALV	cpdna_duplicate_ir_mask	cpDNA	mask	chloroplast	1	25736	51316081	1993.941599	25736	1.000000	25736	1.000000	25736	1.000000	/home/neil/Downloads/dudleya/Dudleya_S_genomes/full_pipeline_run/results/05_analysis_masks/cpdna_duplicate_ir_copy_mask.bed	/home/neil/Downloads/dudleya/Dudleya_S_genomes/full_pipeline_run/results/06_all_sample_alignment/qc/MALV_LP_102_Du-208.depth.tsv
MALV_LP_102_Du-208	QB3.Berkeley.251217/QB3.Results.260109	D. setchellii	MALV	cpdna_population_sites	cpDNA	variant_calling_and_population_genetics	chloroplast	1	124538	208830757	1676.843670	124538	1.000000	124538	1.000000	124538	1.000000	/home/neil/Downloads/dudleya/Dudleya_S_genomes/full_pipeline_run/results/05_analysis_masks/cpdna_population_sites.bed	/home/neil/Downloads/dudleya/Dudleya_S_genomes/full_pipeline_run/results/06_all_sample_alignment/qc/MALV_LP_102_Du-208.depth.tsv
MALV_LP_102_Du-208	QB3.Berkeley.251217/QB3.Results.260109	D. setchellii	MALV	mtdna_permissive_coverage	mtDNA	sample_qc_coverage	mitochondria	1	243359	61266204	251.752366	243357	0.999992	243353	0.999975	243350	0.999963	/home/neil/Downloads/dudleya/Dudleya_S_genomes/full_pipeline_run/results/05_analysis_masks/mtdna_permissive_coverage_regions.bed	/home/neil/Downloads/dudleya/Dudleya_S_genomes/full_pipeline_run/results/06_all_sample_alignment/qc/MALV_LP_102_Du-208.depth.tsv
MALV_LP_102_Du-208	QB3.Berkeley.251217/QB3.Results.260109	D. setchellii	MALV	mtdna_high_confidence_unique	mtDNA	variant_calling_and_population_genetics	mitochondria	2	44930	18770614	417.774627	44930	1.000000	44930	1.000000	44930	1.000000	/home/neil/Downloads/dudleya/Dudleya_S_genomes/full_pipeline_run/results/05_analysis_masks/mtdna_high_confidence_unique_regions.bed	/home/neil/Downloads/dudleya/Dudleya_S_genomes/full_pipeline_run/results/06_all_sample_alignment/qc/MALV_LP_102_Du-208.depth.tsv
MALV_LP_103_Du-209	QB3.Berkeley.251217/QB3.Results.260109	D. setchellii	MALV	cpdna_full_coverage	cpDNA	sample_qc_coverage	chloroplast	1	150274	379794089	2527.343978	150274	1.000000	150274	1.000000	150274	1.000000	/home/neil/Downloads/dudleya/Dudleya_S_genomes/full_pipeline_run/results/05_analysis_masks/cpdna_full_coverage_regions.bed	/home/neil/Downloads/dudleya/Dudleya_S_genomes/full_pipeline_run/results/06_all_sample_alignment/qc/MALV_LP_103_Du-209.depth.tsv
MALV_LP_103_Du-209	QB3.Berkeley.251217/QB3.Results.260109	D. setchellii	MALV	cpdna_ir_regions	cpDNA	repeat_annotation	chloroplast	2	51472	155139168	3014.049736	51472	1.000000	51472	1.000000	51472	1.000000	/home/neil/Downloads/dudleya/Dudleya_S_genomes/full_pipeline_run/results/05_analysis_masks/cpdna_ir_regions.bed	/home/neil/Downloads/dudleya/Dudleya_S_genomes/full_pipeline_run/results/06_all_sample_alignment/qc/MALV_LP_103_Du-209.depth.tsv
MALV_LP_103_Du-209	QB3.Berkeley.251217/QB3.Results.260109	D. setchellii	MALV	cpdna_duplicate_ir_mask	cpDNA	mask	chloroplast	1	25736	75078496	2917.255828	25736	1.000000	25736	1.000000	25736	1.000000	/home/neil/Downloads/dudleya/Dudleya_S_genomes/full_pipeline_run/results/05_analysis_masks/cpdna_duplicate_ir_copy_mask.bed	/home/neil/Downloads/dudleya/Dudleya_S_genomes/full_pipeline_run/results/06_all_sample_alignment/qc/MALV_LP_103_Du-209.depth.tsv
MALV_LP_103_Du-209	QB3.Berkeley.251217/QB3.Results.260109	D. setchellii	MALV	cpdna_population_sites	cpDNA	variant_calling_and_population_genetics	chloroplast	1	124538	304715593	2446.767999	124538	1.000000	124538	1.000000	124538	1.000000	/home/neil/Downloads/dudleya/Dudleya_S_genomes/full_pipeline_run/results/05_analysis_masks/cpdna_population_sites.bed	/home/neil/Downloads/dudleya/Dudleya_S_genomes/full_pipeline_run/results/06_all_sample_alignment/qc/MALV_LP_103_Du-209.depth.tsv
MALV_LP_103_Du-209	QB3.Berkeley.251217/QB3.Results.260109	D. setchellii	MALV	mtdna_permissive_coverage	mtDNA	sample_qc_coverage	mitochondria	1	243359	92775019	381.226990	243359	1.000000	243355	0.999984	243352	0.999971	/home/neil/Downloads/dudleya/Dudleya_S_genomes/full_pipeline_run/results/05_analysis_masks/mtdna_permissive_coverage_regions.bed	/home/neil/Downloads/dudleya/Dudleya_S_genomes/full_pipeline_run/results/06_all_sample_alignment/qc/MALV_LP_103_Du-209.depth.tsv
MALV_LP_103_Du-209	QB3.Berkeley.251217/QB3.Results.260109	D. setchellii	MALV	mtdna_high_confidence_unique	mtDNA	variant_calling_and_population_genetics	mitochondria	2	44930	28631991	637.257757	44930	1.000000	44930	1.000000	44930	1.000000	/home/neil/Downloads/dudleya/Dudleya_S_genomes/full_pipeline_run/results/05_analysis_masks/mtdna_high_confidence_unique_regions.bed	/home/neil/Downloads/dudleya/Dudleya_S_genomes/full_pipeline_run/results/06_all_sample_alignment/qc/MALV_LP_103_Du-209.depth.tsv
MALV_LP_104_Du-210	QB3.Berkeley.251217/QB3.Results.260109	D. setchellii	MALV	cpdna_full_coverage	cpDNA	sample_qc_coverage	chloroplast	1	150274	133357157	887.426681	150274	1.000000	150273	0.999993	150272	0.999987	/home/neil/Downloads/dudleya/Dudleya_S_genomes/full_pipeline_run/results/05_analysis_masks/cpdna_full_coverage_regions.bed	/home/neil/Downloads/dudleya/Dudleya_S_genomes/full_pipeline_run/results/06_all_sample_alignment/qc/MALV_LP_104_Du-210.depth.tsv
MALV_LP_104_Du-210	QB3.Berkeley.251217/QB3.Results.260109	D. setchellii	MALV	cpdna_ir_regions	cpDNA	repeat_annotation	chloroplast	2	51472	72472789	1408.004138	51472	1.000000	51471	0.999981	51471	0.999981	/home/neil/Downloads/dudleya/Dudleya_S_genomes/full_pipeline_run/results/05_analysis_masks/cpdna_ir_regions.bed	/home/neil/Downloads/dudleya/Dudleya_S_genomes/full_pipeline_run/results/06_all_sample_alignment/qc/MALV_LP_104_Du-210.depth.tsv
MALV_LP_104_Du-210	QB3.Berkeley.251217/QB3.Results.260109	D. setchellii	MALV	cpdna_duplicate_ir_mask	cpDNA	mask	chloroplast	1	25736	34694942	1348.109341	25736	1.000000	25736	1.000000	25736	1.000000	/home/neil/Downloads/dudleya/Dudleya_S_genomes/full_pipeline_run/results/05_analysis_masks/cpdna_duplicate_ir_copy_mask.bed	/home/neil/Downloads/dudleya/Dudleya_S_genomes/full_pipeline_run/results/06_all_sample_alignment/qc/MALV_LP_104_Du-210.depth.tsv
MALV_LP_104_Du-210	QB3.Berkeley.251217/QB3.Results.260109	D. setchellii	MALV	cpdna_population_sites	cpDNA	variant_calling_and_population_genetics	chloroplast	1	124538	98662215	792.225787	124538	1.000000	124537	0.999992	124536	0.999984	/home/neil/Downloads/dudleya/Dudleya_S_genomes/full_pipeline_run/results/05_analysis_masks/cpdna_population_sites.bed	/home/neil/Downloads/dudleya/Dudleya_S_genomes/full_pipeline_run/results/06_all_sample_alignment/qc/MALV_LP_104_Du-210.depth.tsv
MALV_LP_104_Du-210	QB3.Berkeley.251217/QB3.Results.260109	D. setchellii	MALV	mtdna_permissive_coverage	mtDNA	sample_qc_coverage	mitochondria	1	243359	28449607	116.903862	243358	0.999996	243348	0.999955	243318	0.999832	/home/neil/Downloads/dudleya/Dudleya_S_genomes/full_pipeline_run/results/05_analysis_masks/mtdna_permissive_coverage_regions.bed	/home/neil/Downloads/dudleya/Dudleya_S_genomes/full_pipeline_run/results/06_all_sample_alignment/qc/MALV_LP_104_Du-210.depth.tsv
MALV_LP_104_Du-210	QB3.Berkeley.251217/QB3.Results.260109	D. setchellii	MALV	mtdna_high_confidence_unique	mtDNA	variant_calling_and_population_genetics	mitochondria	2	44930	8976724	199.793546	44930	1.000000	44930	1.000000	44930	1.000000	/home/neil/Downloads/dudleya/Dudleya_S_genomes/full_pipeline_run/results/05_analysis_masks/mtdna_high_confidence_unique_regions.bed	/home/neil/Downloads/dudleya/Dudleya_S_genomes/full_pipeline_run/results/06_all_sample_alignment/qc/MALV_LP_104_Du-210.depth.tsv
OCO_LP_058_Du-115	QB3.Berkeley.251217/QB3.Results.260109	D. setchellii	OCO	cpdna_full_coverage	cpDNA	sample_qc_coverage	chloroplast	1	150274	85237709	567.215280	150267	0.999953	150244	0.999800	150209	0.999567	/home/neil/Downloads/dudleya/Dudleya_S_genomes/full_pipeline_run/results/05_analysis_masks/cpdna_full_coverage_regions.bed	/home/neil/Downloads/dudleya/Dudleya_S_genomes/full_pipeline_run/results/06_all_sample_alignment/qc/OCO_LP_058_Du-115.depth.tsv
OCO_LP_058_Du-115	QB3.Berkeley.251217/QB3.Results.260109	D. setchellii	OCO	cpdna_ir_regions	cpDNA	repeat_annotation	chloroplast	2	51472	29384024	570.873951	51468	0.999922	51465	0.999864	51462	0.999806	/home/neil/Downloads/dudleya/Dudleya_S_genomes/full_pipeline_run/results/05_analysis_masks/cpdna_ir_regions.bed	/home/neil/Downloads/dudleya/Dudleya_S_genomes/full_pipeline_run/results/06_all_sample_alignment/qc/OCO_LP_058_Du-115.depth.tsv
OCO_LP_058_Du-115	QB3.Berkeley.251217/QB3.Results.260109	D. setchellii	OCO	cpdna_duplicate_ir_mask	cpDNA	mask	chloroplast	1	25736	14470685	562.274052	25733	0.999883	25730	0.999767	25728	0.999689	/home/neil/Downloads/dudleya/Dudleya_S_genomes/full_pipeline_run/results/05_analysis_masks/cpdna_duplicate_ir_copy_mask.bed	/home/neil/Downloads/dudleya/Dudleya_S_genomes/full_pipeline_run/results/06_all_sample_alignment/qc/OCO_LP_058_Du-115.depth.tsv
OCO_LP_058_Du-115	QB3.Berkeley.251217/QB3.Results.260109	D. setchellii	OCO	cpdna_population_sites	cpDNA	variant_calling_and_population_genetics	chloroplast	1	124538	70767024	568.236394	124534	0.999968	124514	0.999807	124481	0.999542	/home/neil/Downloads/dudleya/Dudleya_S_genomes/full_pipeline_run/results/05_analysis_masks/cpdna_population_sites.bed	/home/neil/Downloads/dudleya/Dudleya_S_genomes/full_pipeline_run/results/06_all_sample_alignment/qc/OCO_LP_058_Du-115.depth.tsv
OCO_LP_058_Du-115	QB3.Berkeley.251217/QB3.Results.260109	D. setchellii	OCO	mtdna_permissive_coverage	mtDNA	sample_qc_coverage	mitochondria	1	243359	4963876	20.397339	231093	0.949597	229015	0.941058	216157	0.888223	/home/neil/Downloads/dudleya/Dudleya_S_genomes/full_pipeline_run/results/05_analysis_masks/mtdna_permissive_coverage_regions.bed	/home/neil/Downloads/dudleya/Dudleya_S_genomes/full_pipeline_run/results/06_all_sample_alignment/qc/OCO_LP_058_Du-115.depth.tsv
OCO_LP_058_Du-115	QB3.Berkeley.251217/QB3.Results.260109	D. setchellii	OCO	mtdna_high_confidence_unique	mtDNA	variant_calling_and_population_genetics	mitochondria	2	44930	1578824	35.139639	44921	0.999800	44921	0.999800	44911	0.999577	/home/neil/Downloads/dudleya/Dudleya_S_genomes/full_pipeline_run/results/05_analysis_masks/mtdna_high_confidence_unique_regions.bed	/home/neil/Downloads/dudleya/Dudleya_S_genomes/full_pipeline_run/results/06_all_sample_alignment/qc/OCO_LP_058_Du-115.depth.tsv
OCO_LP_059_Du-106	QB3.Berkeley.251217/QB3.Results.260109	D. setchellii	OCO	cpdna_full_coverage	cpDNA	sample_qc_coverage	chloroplast	1	150274	61572912	409.737626	150242	0.999787	150190	0.999441	150180	0.999374	/home/neil/Downloads/dudleya/Dudleya_S_genomes/full_pipeline_run/results/05_analysis_masks/cpdna_full_coverage_regions.bed	/home/neil/Downloads/dudleya/Dudleya_S_genomes/full_pipeline_run/results/06_all_sample_alignment/qc/OCO_LP_059_Du-106.depth.tsv
OCO_LP_059_Du-106	QB3.Berkeley.251217/QB3.Results.260109	D. setchellii	OCO	cpdna_ir_regions	cpDNA	repeat_annotation	chloroplast	2	51472	22965015	446.165197	51472	1.000000	51467	0.999903	51466	0.999883	/home/neil/Downloads/dudleya/Dudleya_S_genomes/full_pipeline_run/results/05_analysis_masks/cpdna_ir_regions.bed	/home/neil/Downloads/dudleya/Dudleya_S_genomes/full_pipeline_run/results/06_all_sample_alignment/qc/OCO_LP_059_Du-106.depth.tsv
OCO_LP_059_Du-106	QB3.Berkeley.251217/QB3.Results.260109	D. setchellii	OCO	cpdna_duplicate_ir_mask	cpDNA	mask	chloroplast	1	25736	11326109	440.088164	25736	1.000000	25733	0.999883	25732	0.999845	/home/neil/Downloads/dudleya/Dudleya_S_genomes/full_pipeline_run/results/05_analysis_masks/cpdna_duplicate_ir_copy_mask.bed	/home/neil/Downloads/dudleya/Dudleya_S_genomes/full_pipeline_run/results/06_all_sample_alignment/qc/OCO_LP_059_Du-106.depth.tsv
OCO_LP_059_Du-106	QB3.Berkeley.251217/QB3.Results.260109	D. setchellii	OCO	cpdna_population_sites	cpDNA	variant_calling_and_population_genetics	chloroplast	1	124538	50246803	403.465633	124506	0.999743	124457	0.999350	124448	0.999277	/home/neil/Downloads/dudleya/Dudleya_S_genomes/full_pipeline_run/results/05_analysis_masks/cpdna_population_sites.bed	/home/neil/Downloads/dudleya/Dudleya_S_genomes/full_pipeline_run/results/06_all_sample_alignment/qc/OCO_LP_059_Du-106.depth.tsv
OCO_LP_059_Du-106	QB3.Berkeley.251217/QB3.Results.260109	D. setchellii	OCO	mtdna_permissive_coverage	mtDNA	sample_qc_coverage	mitochondria	1	243359	6112125	25.115673	243089	0.998891	242679	0.997206	233970	0.961419	/home/neil/Downloads/dudleya/Dudleya_S_genomes/full_pipeline_run/results/05_analysis_masks/mtdna_permissive_coverage_regions.bed	/home/neil/Downloads/dudleya/Dudleya_S_genomes/full_pipeline_run/results/06_all_sample_alignment/qc/OCO_LP_059_Du-106.depth.tsv
OCO_LP_059_Du-106	QB3.Berkeley.251217/QB3.Results.260109	D. setchellii	OCO	mtdna_high_confidence_unique	mtDNA	variant_calling_and_population_genetics	mitochondria	2	44930	1901645	42.324616	44922	0.999822	44921	0.999800	44897	0.999266	/home/neil/Downloads/dudleya/Dudleya_S_genomes/full_pipeline_run/results/05_analysis_masks/mtdna_high_confidence_unique_regions.bed	/home/neil/Downloads/dudleya/Dudleya_S_genomes/full_pipeline_run/results/06_all_sample_alignment/qc/OCO_LP_059_Du-106.depth.tsv
OCO_LP_060_Du-107	QB3.Berkeley.251217/QB3.Results.260109	D. setchellii	OCO	cpdna_full_coverage	cpDNA	sample_qc_coverage	chloroplast	1	150274	63033176	419.454969	150226	0.999681	150200	0.999508	150181	0.999381	/home/neil/Downloads/dudleya/Dudleya_S_genomes/full_pipeline_run/results/05_analysis_masks/cpdna_full_coverage_regions.bed	/home/neil/Downloads/dudleya/Dudleya_S_genomes/full_pipeline_run/results/06_all_sample_alignment/qc/OCO_LP_060_Du-107.depth.tsv
OCO_LP_060_Du-107	QB3.Berkeley.251217/QB3.Results.260109	D. setchellii	OCO	cpdna_ir_regions	cpDNA	repeat_annotation	chloroplast	2	51472	22362966	434.468565	51471	0.999981	51467	0.999903	51464	0.999845	/home/neil/Downloads/dudleya/Dudleya_S_genomes/full_pipeline_run/results/05_analysis_masks/cpdna_ir_regions.bed	/home/neil/Downloads/dudleya/Dudleya_S_genomes/full_pipeline_run/results/06_all_sample_alignment/qc/OCO_LP_060_Du-107.depth.tsv
OCO_LP_060_Du-107	QB3.Berkeley.251217/QB3.Results.260109	D. setchellii	OCO	cpdna_duplicate_ir_mask	cpDNA	mask	chloroplast	1	25736	11029312	428.555797	25735	0.999961	25732	0.999845	25731	0.999806	/home/neil/Downloads/dudleya/Dudleya_S_genomes/full_pipeline_run/results/05_analysis_masks/cpdna_duplicate_ir_copy_mask.bed	/home/neil/Downloads/dudleya/Dudleya_S_genomes/full_pipeline_run/results/06_all_sample_alignment/qc/OCO_LP_060_Du-107.depth.tsv
OCO_LP_060_Du-107	QB3.Berkeley.251217/QB3.Results.260109	D. setchellii	OCO	cpdna_population_sites	cpDNA	variant_calling_and_population_genetics	chloroplast	1	124538	52003864	417.574266	124491	0.999623	124468	0.999438	124450	0.999293	/home/neil/Downloads/dudleya/Dudleya_S_genomes/full_pipeline_run/results/05_analysis_masks/cpdna_population_sites.bed	/home/neil/Downloads/dudleya/Dudleya_S_genomes/full_pipeline_run/results/06_all_sample_alignment/qc/OCO_LP_060_Du-107.depth.tsv
OCO_LP_060_Du-107	QB3.Berkeley.251217/QB3.Results.260109	D. setchellii	OCO	mtdna_permissive_coverage	mtDNA	sample_qc_coverage	mitochondria	1	243359	6431031	26.426107	243111	0.998981	242811	0.997748	237304	0.975119	/home/neil/Downloads/dudleya/Dudleya_S_genomes/full_pipeline_run/results/05_analysis_masks/mtdna_permissive_coverage_regions.bed	/home/neil/Downloads/dudleya/Dudleya_S_genomes/full_pipeline_run/results/06_all_sample_alignment/qc/OCO_LP_060_Du-107.depth.tsv
OCO_LP_060_Du-107	QB3.Berkeley.251217/QB3.Results.260109	D. setchellii	OCO	mtdna_high_confidence_unique	mtDNA	variant_calling_and_population_genetics	mitochondria	2	44930	1976130	43.982417	44923	0.999844	44921	0.999800	44921	0.999800	/home/neil/Downloads/dudleya/Dudleya_S_genomes/full_pipeline_run/results/05_analysis_masks/mtdna_high_confidence_unique_regions.bed	/home/neil/Downloads/dudleya/Dudleya_S_genomes/full_pipeline_run/results/06_all_sample_alignment/qc/OCO_LP_060_Du-107.depth.tsv
OCO_LP_061_Du-108	QB3.Berkeley.251217/QB3.Results.260109	D. setchellii	OCO	cpdna_full_coverage	cpDNA	sample_qc_coverage	chloroplast	1	150274	354174719	2356.859596	150267	0.999953	150265	0.999940	150239	0.999767	/home/neil/Downloads/dudleya/Dudleya_S_genomes/full_pipeline_run/results/05_analysis_masks/cpdna_full_coverage_regions.bed	/home/neil/Downloads/dudleya/Dudleya_S_genomes/full_pipeline_run/results/06_all_sample_alignment/qc/OCO_LP_061_Du-108.depth.tsv
OCO_LP_061_Du-108	QB3.Berkeley.251217/QB3.Results.260109	D. setchellii	OCO	cpdna_ir_regions	cpDNA	repeat_annotation	chloroplast	2	51472	118090533	2294.267427	51471	0.999981	51470	0.999961	51469	0.999942	/home/neil/Downloads/dudleya/Dudleya_S_genomes/full_pipeline_run/results/05_analysis_masks/cpdna_ir_regions.bed	/home/neil/Downloads/dudleya/Dudleya_S_genomes/full_pipeline_run/results/06_all_sample_alignment/qc/OCO_LP_061_Du-108.depth.tsv
OCO_LP_061_Du-108	QB3.Berkeley.251217/QB3.Results.260109	D. setchellii	OCO	cpdna_duplicate_ir_mask	cpDNA	mask	chloroplast	1	25736	58247304	2263.261735	25735	0.999961	25734	0.999922	25733	0.999883	/home/neil/Downloads/dudleya/Dudleya_S_genomes/full_pipeline_run/results/05_analysis_masks/cpdna_duplicate_ir_copy_mask.bed	/home/neil/Downloads/dudleya/Dudleya_S_genomes/full_pipeline_run/results/06_all_sample_alignment/qc/OCO_LP_061_Du-108.depth.tsv
OCO_LP_061_Du-108	QB3.Berkeley.251217/QB3.Results.260109	D. setchellii	OCO	cpdna_population_sites	cpDNA	variant_calling_and_population_genetics	chloroplast	1	124538	295927415	2376.201762	124532	0.999952	124531	0.999944	124506	0.999743	/home/neil/Downloads/dudleya/Dudleya_S_genomes/full_pipeline_run/results/05_analysis_masks/cpdna_population_sites.bed	/home/neil/Downloads/dudleya/Dudleya_S_genomes/full_pipeline_run/results/06_all_sample_alignment/qc/OCO_LP_061_Du-108.depth.tsv
OCO_LP_061_Du-108	QB3.Berkeley.251217/QB3.Results.260109	D. setchellii	OCO	mtdna_permissive_coverage	mtDNA	sample_qc_coverage	mitochondria	1	243359	25164089	103.403157	243139	0.999096	243086	0.998878	243056	0.998755	/home/neil/Downloads/dudleya/Dudleya_S_genomes/full_pipeline_run/results/05_analysis_masks/mtdna_permissive_coverage_regions.bed	/home/neil/Downloads/dudleya/Dudleya_S_genomes/full_pipeline_run/results/06_all_sample_alignment/qc/OCO_LP_061_Du-108.depth.tsv
OCO_LP_061_Du-108	QB3.Berkeley.251217/QB3.Results.260109	D. setchellii	OCO	mtdna_high_confidence_unique	mtDNA	variant_calling_and_population_genetics	mitochondria	2	44930	7676389	170.852192	44930	1.000000	44922	0.999822	44921	0.999800	/home/neil/Downloads/dudleya/Dudleya_S_genomes/full_pipeline_run/results/05_analysis_masks/mtdna_high_confidence_unique_regions.bed	/home/neil/Downloads/dudleya/Dudleya_S_genomes/full_pipeline_run/results/06_all_sample_alignment/qc/OCO_LP_061_Du-108.depth.tsv
OCO_LP_062_Du-109	QB3.Berkeley.251217/QB3.Results.260109	D. setchellii	OCO	cpdna_full_coverage	cpDNA	sample_qc_coverage	chloroplast	1	150274	286756808	1908.226360	150274	1.000000	150266	0.999947	150250	0.999840	/home/neil/Downloads/dudleya/Dudleya_S_genomes/full_pipeline_run/results/05_analysis_masks/cpdna_full_coverage_regions.bed	/home/neil/Downloads/dudleya/Dudleya_S_genomes/full_pipeline_run/results/06_all_sample_alignment/qc/OCO_LP_062_Du-109.depth.tsv
OCO_LP_062_Du-109	QB3.Berkeley.251217/QB3.Results.260109	D. setchellii	OCO	cpdna_ir_regions	cpDNA	repeat_annotation	chloroplast	2	51472	95856123	1862.296452	51472	1.000000	51471	0.999981	51468	0.999922	/home/neil/Downloads/dudleya/Dudleya_S_genomes/full_pipeline_run/results/05_analysis_masks/cpdna_ir_regions.bed	/home/neil/Downloads/dudleya/Dudleya_S_genomes/full_pipeline_run/results/06_all_sample_alignment/qc/OCO_LP_062_Du-109.depth.tsv
OCO_LP_062_Du-109	QB3.Berkeley.251217/QB3.Results.260109	D. setchellii	OCO	cpdna_duplicate_ir_mask	cpDNA	mask	chloroplast	1	25736	47310183	1838.288118	25736	1.000000	25735	0.999961	25733	0.999883	/home/neil/Downloads/dudleya/Dudleya_S_genomes/full_pipeline_run/results/05_analysis_masks/cpdna_duplicate_ir_copy_mask.bed	/home/neil/Downloads/dudleya/Dudleya_S_genomes/full_pipeline_run/results/06_all_sample_alignment/qc/OCO_LP_062_Du-109.depth.tsv
OCO_LP_062_Du-109	QB3.Berkeley.251217/QB3.Results.260109	D. setchellii	OCO	cpdna_population_sites	cpDNA	variant_calling_and_population_genetics	chloroplast	1	124538	239446625	1922.679222	124538	1.000000	124531	0.999944	124517	0.999831	/home/neil/Downloads/dudleya/Dudleya_S_genomes/full_pipeline_run/results/05_analysis_masks/cpdna_population_sites.bed	/home/neil/Downloads/dudleya/Dudleya_S_genomes/full_pipeline_run/results/06_all_sample_alignment/qc/OCO_LP_062_Du-109.depth.tsv
OCO_LP_062_Du-109	QB3.Berkeley.251217/QB3.Results.260109	D. setchellii	OCO	mtdna_permissive_coverage	mtDNA	sample_qc_coverage	mitochondria	1	243359	18920840	77.748676	243122	0.999026	243080	0.998854	243045	0.998710	/home/neil/Downloads/dudleya/Dudleya_S_genomes/full_pipeline_run/results/05_analysis_masks/mtdna_permissive_coverage_regions.bed	/home/neil/Downloads/dudleya/Dudleya_S_genomes/full_pipeline_run/results/06_all_sample_alignment/qc/OCO_LP_062_Du-109.depth.tsv
OCO_LP_062_Du-109	QB3.Berkeley.251217/QB3.Results.260109	D. setchellii	OCO	mtdna_high_confidence_unique	mtDNA	variant_calling_and_population_genetics	mitochondria	2	44930	5790572	128.879858	44923	0.999844	44922	0.999822	44921	0.999800	/home/neil/Downloads/dudleya/Dudleya_S_genomes/full_pipeline_run/results/05_analysis_masks/mtdna_high_confidence_unique_regions.bed	/home/neil/Downloads/dudleya/Dudleya_S_genomes/full_pipeline_run/results/06_all_sample_alignment/qc/OCO_LP_062_Du-109.depth.tsv
OCO_LP_063_Du-110	QB3.Berkeley.251217/QB3.Results.260109	D. setchellii	OCO	cpdna_full_coverage	cpDNA	sample_qc_coverage	chloroplast	1	150274	33606114	223.632258	150248	0.999827	150212	0.999587	150156	0.999215	/home/neil/Downloads/dudleya/Dudleya_S_genomes/full_pipeline_run/results/05_analysis_masks/cpdna_full_coverage_regions.bed	/home/neil/Downloads/dudleya/Dudleya_S_genomes/full_pipeline_run/results/06_all_sample_alignment/qc/OCO_LP_063_Du-110.depth.tsv
OCO_LP_063_Du-110	QB3.Berkeley.251217/QB3.Results.260109	D. setchellii	OCO	cpdna_ir_regions	cpDNA	repeat_annotation	chloroplast	2	51472	11580256	224.981660	51471	0.999981	51452	0.999611	51441	0.999398	/home/neil/Downloads/dudleya/Dudleya_S_genomes/full_pipeline_run/results/05_analysis_masks/cpdna_ir_regions.bed	/home/neil/Downloads/dudleya/Dudleya_S_genomes/full_pipeline_run/results/06_all_sample_alignment/qc/OCO_LP_063_Du-110.depth.tsv
OCO_LP_063_Du-110	QB3.Berkeley.251217/QB3.Results.260109	D. setchellii	OCO	cpdna_duplicate_ir_mask	cpDNA	mask	chloroplast	1	25736	5738185	222.963359	25735	0.999961	25718	0.999301	25710	0.998990	/home/neil/Downloads/dudleya/Dudleya_S_genomes/full_pipeline_run/results/05_analysis_masks/cpdna_duplicate_ir_copy_mask.bed	/home/neil/Downloads/dudleya/Dudleya_S_genomes/full_pipeline_run/results/06_all_sample_alignment/qc/OCO_LP_063_Du-110.depth.tsv
OCO_LP_063_Du-110	QB3.Berkeley.251217/QB3.Results.260109	D. setchellii	OCO	cpdna_population_sites	cpDNA	variant_calling_and_population_genetics	chloroplast	1	124538	27867929	223.770488	124513	0.999799	124494	0.999647	124446	0.999261	/home/neil/Downloads/dudleya/Dudleya_S_genomes/full_pipeline_run/results/05_analysis_masks/cpdna_population_sites.bed	/home/neil/Downloads/dudleya/Dudleya_S_genomes/full_pipeline_run/results/06_all_sample_alignment/qc/OCO_LP_063_Du-110.depth.tsv
OCO_LP_063_Du-110	QB3.Berkeley.251217/QB3.Results.260109	D. setchellii	OCO	mtdna_permissive_coverage	mtDNA	sample_qc_coverage	mitochondria	1	243359	8787682	36.109953	243109	0.998973	243037	0.998677	242790	0.997662	/home/neil/Downloads/dudleya/Dudleya_S_genomes/full_pipeline_run/results/05_analysis_masks/mtdna_permissive_coverage_regions.bed	/home/neil/Downloads/dudleya/Dudleya_S_genomes/full_pipeline_run/results/06_all_sample_alignment/qc/OCO_LP_063_Du-110.depth.tsv
OCO_LP_063_Du-110	QB3.Berkeley.251217/QB3.Results.260109	D. setchellii	OCO	mtdna_high_confidence_unique	mtDNA	variant_calling_and_population_genetics	mitochondria	2	44930	2624726	58.418117	44929	0.999978	44922	0.999822	44921	0.999800	/home/neil/Downloads/dudleya/Dudleya_S_genomes/full_pipeline_run/results/05_analysis_masks/mtdna_high_confidence_unique_regions.bed	/home/neil/Downloads/dudleya/Dudleya_S_genomes/full_pipeline_run/results/06_all_sample_alignment/qc/OCO_LP_063_Du-110.depth.tsv
OCO_LP_064_Du-111	QB3.Berkeley.251217/QB3.Results.260109	D. setchellii	OCO	cpdna_full_coverage	cpDNA	sample_qc_coverage	chloroplast	1	150274	102802566	684.100816	150251	0.999847	150226	0.999681	150194	0.999468	/home/neil/Downloads/dudleya/Dudleya_S_genomes/full_pipeline_run/results/05_analysis_masks/cpdna_full_coverage_regions.bed	/home/neil/Downloads/dudleya/Dudleya_S_genomes/full_pipeline_run/results/06_all_sample_alignment/qc/OCO_LP_064_Du-111.depth.tsv
OCO_LP_064_Du-111	QB3.Berkeley.251217/QB3.Results.260109	D. setchellii	OCO	cpdna_ir_regions	cpDNA	repeat_annotation	chloroplast	2	51472	35645397	692.520147	51470	0.999961	51469	0.999942	51466	0.999883	/home/neil/Downloads/dudleya/Dudleya_S_genomes/full_pipeline_run/results/05_analysis_masks/cpdna_ir_regions.bed	/home/neil/Downloads/dudleya/Dudleya_S_genomes/full_pipeline_run/results/06_all_sample_alignment/qc/OCO_LP_064_Du-111.depth.tsv
OCO_LP_064_Du-111	QB3.Berkeley.251217/QB3.Results.260109	D. setchellii	OCO	cpdna_duplicate_ir_mask	cpDNA	mask	chloroplast	1	25736	17649867	685.804593	25735	0.999961	25735	0.999961	25732	0.999845	/home/neil/Downloads/dudleya/Dudleya_S_genomes/full_pipeline_run/results/05_analysis_masks/cpdna_duplicate_ir_copy_mask.bed	/home/neil/Downloads/dudleya/Dudleya_S_genomes/full_pipeline_run/results/06_all_sample_alignment/qc/OCO_LP_064_Du-111.depth.tsv
OCO_LP_064_Du-111	QB3.Berkeley.251217/QB3.Results.260109	D. setchellii	OCO	cpdna_population_sites	cpDNA	variant_calling_and_population_genetics	chloroplast	1	124538	85152699	683.748727	124516	0.999823	124491	0.999623	124462	0.999390	/home/neil/Downloads/dudleya/Dudleya_S_genomes/full_pipeline_run/results/05_analysis_masks/cpdna_population_sites.bed	/home/neil/Downloads/dudleya/Dudleya_S_genomes/full_pipeline_run/results/06_all_sample_alignment/qc/OCO_LP_064_Du-111.depth.tsv
OCO_LP_064_Du-111	QB3.Berkeley.251217/QB3.Results.260109	D. setchellii	OCO	mtdna_permissive_coverage	mtDNA	sample_qc_coverage	mitochondria	1	243359	7760741	31.890092	243116	0.999001	242987	0.998471	241305	0.991560	/home/neil/Downloads/dudleya/Dudleya_S_genomes/full_pipeline_run/results/05_analysis_masks/mtdna_permissive_coverage_regions.bed	/home/neil/Downloads/dudleya/Dudleya_S_genomes/full_pipeline_run/results/06_all_sample_alignment/qc/OCO_LP_064_Du-111.depth.tsv
OCO_LP_064_Du-111	QB3.Berkeley.251217/QB3.Results.260109	D. setchellii	OCO	mtdna_high_confidence_unique	mtDNA	variant_calling_and_population_genetics	mitochondria	2	44930	2347519	52.248364	44922	0.999822	44921	0.999800	44921	0.999800	/home/neil/Downloads/dudleya/Dudleya_S_genomes/full_pipeline_run/results/05_analysis_masks/mtdna_high_confidence_unique_regions.bed	/home/neil/Downloads/dudleya/Dudleya_S_genomes/full_pipeline_run/results/06_all_sample_alignment/qc/OCO_LP_064_Du-111.depth.tsv
OCO_LP_065_Du-112	QB3.Berkeley.251217/QB3.Results.260109	D. setchellii	OCO	cpdna_full_coverage	cpDNA	sample_qc_coverage	chloroplast	1	150274	80389567	534.953265	150266	0.999947	150204	0.999534	150189	0.999434	/home/neil/Downloads/dudleya/Dudleya_S_genomes/full_pipeline_run/results/05_analysis_masks/cpdna_full_coverage_regions.bed	/home/neil/Downloads/dudleya/Dudleya_S_genomes/full_pipeline_run/results/06_all_sample_alignment/qc/OCO_LP_065_Du-112.depth.tsv
OCO_LP_065_Du-112	QB3.Berkeley.251217/QB3.Results.260109	D. setchellii	OCO	cpdna_ir_regions	cpDNA	repeat_annotation	chloroplast	2	51472	27813231	540.356524	51471	0.999981	51469	0.999942	51466	0.999883	/home/neil/Downloads/dudleya/Dudleya_S_genomes/full_pipeline_run/results/05_analysis_masks/cpdna_ir_regions.bed	/home/neil/Downloads/dudleya/Dudleya_S_genomes/full_pipeline_run/results/06_all_sample_alignment/qc/OCO_LP_065_Du-112.depth.tsv
OCO_LP_065_Du-112	QB3.Berkeley.251217/QB3.Results.260109	D. setchellii	OCO	cpdna_duplicate_ir_mask	cpDNA	mask	chloroplast	1	25736	13780784	535.467205	25736	1.000000	25734	0.999922	25732	0.999845	/home/neil/Downloads/dudleya/Dudleya_S_genomes/full_pipeline_run/results/05_analysis_masks/cpdna_duplicate_ir_copy_mask.bed	/home/neil/Downloads/dudleya/Dudleya_S_genomes/full_pipeline_run/results/06_all_sample_alignment/qc/OCO_LP_065_Du-112.depth.tsv
OCO_LP_065_Du-112	QB3.Berkeley.251217/QB3.Results.260109	D. setchellii	OCO	cpdna_population_sites	cpDNA	variant_calling_and_population_genetics	chloroplast	1	124538	66608783	534.847059	124530	0.999936	124470	0.999454	124457	0.999350	/home/neil/Downloads/dudleya/Dudleya_S_genomes/full_pipeline_run/results/05_analysis_masks/cpdna_population_sites.bed	/home/neil/Downloads/dudleya/Dudleya_S_genomes/full_pipeline_run/results/06_all_sample_alignment/qc/OCO_LP_065_Du-112.depth.tsv
OCO_LP_065_Du-112	QB3.Berkeley.251217/QB3.Results.260109	D. setchellii	OCO	mtdna_permissive_coverage	mtDNA	sample_qc_coverage	mitochondria	1	243359	5382518	22.117604	243093	0.998907	242160	0.995073	229533	0.943187	/home/neil/Downloads/dudleya/Dudleya_S_genomes/full_pipeline_run/results/05_analysis_masks/mtdna_permissive_coverage_regions.bed	/home/neil/Downloads/dudleya/Dudleya_S_genomes/full_pipeline_run/results/06_all_sample_alignment/qc/OCO_LP_065_Du-112.depth.tsv
OCO_LP_065_Du-112	QB3.Berkeley.251217/QB3.Results.260109	D. setchellii	OCO	mtdna_high_confidence_unique	mtDNA	variant_calling_and_population_genetics	mitochondria	2	44930	1638003	36.456777	44930	1.000000	44921	0.999800	44915	0.999666	/home/neil/Downloads/dudleya/Dudleya_S_genomes/full_pipeline_run/results/05_analysis_masks/mtdna_high_confidence_unique_regions.bed	/home/neil/Downloads/dudleya/Dudleya_S_genomes/full_pipeline_run/results/06_all_sample_alignment/qc/OCO_LP_065_Du-112.depth.tsv
OCO_LP_066_Du-113	QB3.Berkeley.251217/QB3.Results.260109	D. setchellii	OCO	cpdna_full_coverage	cpDNA	sample_qc_coverage	chloroplast	1	150274	84179898	560.176065	150260	0.999907	150237	0.999754	150213	0.999594	/home/neil/Downloads/dudleya/Dudleya_S_genomes/full_pipeline_run/results/05_analysis_masks/cpdna_full_coverage_regions.bed	/home/neil/Downloads/dudleya/Dudleya_S_genomes/full_pipeline_run/results/06_all_sample_alignment/qc/OCO_LP_066_Du-113.depth.tsv
OCO_LP_066_Du-113	QB3.Berkeley.251217/QB3.Results.260109	D. setchellii	OCO	cpdna_ir_regions	cpDNA	repeat_annotation	chloroplast	2	51472	27645020	537.088514	51471	0.999981	51467	0.999903	51465	0.999864	/home/neil/Downloads/dudleya/Dudleya_S_genomes/full_pipeline_run/results/05_analysis_masks/cpdna_ir_regions.bed	/home/neil/Downloads/dudleya/Dudleya_S_genomes/full_pipeline_run/results/06_all_sample_alignment/qc/OCO_LP_066_Du-113.depth.tsv
OCO_LP_066_Du-113	QB3.Berkeley.251217/QB3.Results.260109	D. setchellii	OCO	cpdna_duplicate_ir_mask	cpDNA	mask	chloroplast	1	25736	13735693	533.715146	25735	0.999961	25732	0.999845	25731	0.999806	/home/neil/Downloads/dudleya/Dudleya_S_genomes/full_pipeline_run/results/05_analysis_masks/cpdna_duplicate_ir_copy_mask.bed	/home/neil/Downloads/dudleya/Dudleya_S_genomes/full_pipeline_run/results/06_all_sample_alignment/qc/OCO_LP_066_Du-113.depth.tsv
OCO_LP_066_Du-113	QB3.Berkeley.251217/QB3.Results.260109	D. setchellii	OCO	cpdna_population_sites	cpDNA	variant_calling_and_population_genetics	chloroplast	1	124538	70444205	565.644261	124525	0.999896	124505	0.999735	124482	0.999550	/home/neil/Downloads/dudleya/Dudleya_S_genomes/full_pipeline_run/results/05_analysis_masks/cpdna_population_sites.bed	/home/neil/Downloads/dudleya/Dudleya_S_genomes/full_pipeline_run/results/06_all_sample_alignment/qc/OCO_LP_066_Du-113.depth.tsv
OCO_LP_066_Du-113	QB3.Berkeley.251217/QB3.Results.260109	D. setchellii	OCO	mtdna_permissive_coverage	mtDNA	sample_qc_coverage	mitochondria	1	243359	4481399	18.414766	230002	0.945114	226704	0.931562	204074	0.838572	/home/neil/Downloads/dudleya/Dudleya_S_genomes/full_pipeline_run/results/05_analysis_masks/mtdna_permissive_coverage_regions.bed	/home/neil/Downloads/dudleya/Dudleya_S_genomes/full_pipeline_run/results/06_all_sample_alignment/qc/OCO_LP_066_Du-113.depth.tsv
OCO_LP_066_Du-113	QB3.Berkeley.251217/QB3.Results.260109	D. setchellii	OCO	mtdna_high_confidence_unique	mtDNA	variant_calling_and_population_genetics	mitochondria	2	44930	1449098	32.252348	44923	0.999844	44921	0.999800	44612	0.992922	/home/neil/Downloads/dudleya/Dudleya_S_genomes/full_pipeline_run/results/05_analysis_masks/mtdna_high_confidence_unique_regions.bed	/home/neil/Downloads/dudleya/Dudleya_S_genomes/full_pipeline_run/results/06_all_sample_alignment/qc/OCO_LP_066_Du-113.depth.tsv
OCO_LP_067_Du-114	QB3.Berkeley.251217/QB3.Results.260109	D. setchellii	OCO	cpdna_full_coverage	cpDNA	sample_qc_coverage	chloroplast	1	150274	55323157	368.148562	150241	0.999780	150216	0.999614	150204	0.999534	/home/neil/Downloads/dudleya/Dudleya_S_genomes/full_pipeline_run/results/05_analysis_masks/cpdna_full_coverage_regions.bed	/home/neil/Downloads/dudleya/Dudleya_S_genomes/full_pipeline_run/results/06_all_sample_alignment/qc/OCO_LP_067_Du-114.depth.tsv
OCO_LP_067_Du-114	QB3.Berkeley.251217/QB3.Results.260109	D. setchellii	OCO	cpdna_ir_regions	cpDNA	repeat_annotation	chloroplast	2	51472	19002353	369.178447	51471	0.999981	51467	0.999903	51460	0.999767	/home/neil/Downloads/dudleya/Dudleya_S_genomes/full_pipeline_run/results/05_analysis_masks/cpdna_ir_regions.bed	/home/neil/Downloads/dudleya/Dudleya_S_genomes/full_pipeline_run/results/06_all_sample_alignment/qc/OCO_LP_067_Du-114.depth.tsv
OCO_LP_067_Du-114	QB3.Berkeley.251217/QB3.Results.260109	D. setchellii	OCO	cpdna_duplicate_ir_mask	cpDNA	mask	chloroplast	1	25736	9415449	365.847412	25735	0.999961	25732	0.999845	25726	0.999611	/home/neil/Downloads/dudleya/Dudleya_S_genomes/full_pipeline_run/results/05_analysis_masks/cpdna_duplicate_ir_copy_mask.bed	/home/neil/Downloads/dudleya/Dudleya_S_genomes/full_pipeline_run/results/06_all_sample_alignment/qc/OCO_LP_067_Du-114.depth.tsv
OCO_LP_067_Du-114	QB3.Berkeley.251217/QB3.Results.260109	D. setchellii	OCO	cpdna_population_sites	cpDNA	variant_calling_and_population_genetics	chloroplast	1	124538	45907708	368.624099	124506	0.999743	124484	0.999566	124478	0.999518	/home/neil/Downloads/dudleya/Dudleya_S_genomes/full_pipeline_run/results/05_analysis_masks/cpdna_population_sites.bed	/home/neil/Downloads/dudleya/Dudleya_S_genomes/full_pipeline_run/results/06_all_sample_alignment/qc/OCO_LP_067_Du-114.depth.tsv
OCO_LP_067_Du-114	QB3.Berkeley.251217/QB3.Results.260109	D. setchellii	OCO	mtdna_permissive_coverage	mtDNA	sample_qc_coverage	mitochondria	1	243359	3117793	12.811497	229553	0.943269	215757	0.886579	157063	0.645396	/home/neil/Downloads/dudleya/Dudleya_S_genomes/full_pipeline_run/results/05_analysis_masks/mtdna_permissive_coverage_regions.bed	/home/neil/Downloads/dudleya/Dudleya_S_genomes/full_pipeline_run/results/06_all_sample_alignment/qc/OCO_LP_067_Du-114.depth.tsv
OCO_LP_067_Du-114	QB3.Berkeley.251217/QB3.Results.260109	D. setchellii	OCO	mtdna_high_confidence_unique	mtDNA	variant_calling_and_population_genetics	mitochondria	2	44930	1019491	22.690652	44921	0.999800	44866	0.998576	43677	0.972112	/home/neil/Downloads/dudleya/Dudleya_S_genomes/full_pipeline_run/results/05_analysis_masks/mtdna_high_confidence_unique_regions.bed	/home/neil/Downloads/dudleya/Dudleya_S_genomes/full_pipeline_run/results/06_all_sample_alignment/qc/OCO_LP_067_Du-114.depth.tsv
QUI1_LP_249_Du-648	QB3.Berkeley.251217/QB3.Results.260109	D. setchellii	QUI1	cpdna_full_coverage	cpDNA	sample_qc_coverage	chloroplast	1	150274	210302801	1399.462322	150274	1.000000	150270	0.999973	150265	0.999940	/home/neil/Downloads/dudleya/Dudleya_S_genomes/full_pipeline_run/results/05_analysis_masks/cpdna_full_coverage_regions.bed	/home/neil/Downloads/dudleya/Dudleya_S_genomes/full_pipeline_run/results/06_all_sample_alignment/qc/QUI1_LP_249_Du-648.depth.tsv
QUI1_LP_249_Du-648	QB3.Berkeley.251217/QB3.Results.260109	D. setchellii	QUI1	cpdna_ir_regions	cpDNA	repeat_annotation	chloroplast	2	51472	66676906	1295.401500	51472	1.000000	51468	0.999922	51466	0.999883	/home/neil/Downloads/dudleya/Dudleya_S_genomes/full_pipeline_run/results/05_analysis_masks/cpdna_ir_regions.bed	/home/neil/Downloads/dudleya/Dudleya_S_genomes/full_pipeline_run/results/06_all_sample_alignment/qc/QUI1_LP_249_Du-648.depth.tsv
QUI1_LP_249_Du-648	QB3.Berkeley.251217/QB3.Results.260109	D. setchellii	QUI1	cpdna_duplicate_ir_mask	cpDNA	mask	chloroplast	1	25736	32992795	1281.970586	25736	1.000000	25733	0.999883	25731	0.999806	/home/neil/Downloads/dudleya/Dudleya_S_genomes/full_pipeline_run/results/05_analysis_masks/cpdna_duplicate_ir_copy_mask.bed	/home/neil/Downloads/dudleya/Dudleya_S_genomes/full_pipeline_run/results/06_all_sample_alignment/qc/QUI1_LP_249_Du-648.depth.tsv
QUI1_LP_249_Du-648	QB3.Berkeley.251217/QB3.Results.260109	D. setchellii	QUI1	cpdna_population_sites	cpDNA	variant_calling_and_population_genetics	chloroplast	1	124538	177310006	1423.742199	124538	1.000000	124537	0.999992	124534	0.999968	/home/neil/Downloads/dudleya/Dudleya_S_genomes/full_pipeline_run/results/05_analysis_masks/cpdna_population_sites.bed	/home/neil/Downloads/dudleya/Dudleya_S_genomes/full_pipeline_run/results/06_all_sample_alignment/qc/QUI1_LP_249_Du-648.depth.tsv
QUI1_LP_249_Du-648	QB3.Berkeley.251217/QB3.Results.260109	D. setchellii	QUI1	mtdna_permissive_coverage	mtDNA	sample_qc_coverage	mitochondria	1	243359	13928274	57.233445	234383	0.963116	230261	0.946178	230032	0.945237	/home/neil/Downloads/dudleya/Dudleya_S_genomes/full_pipeline_run/results/05_analysis_masks/mtdna_permissive_coverage_regions.bed	/home/neil/Downloads/dudleya/Dudleya_S_genomes/full_pipeline_run/results/06_all_sample_alignment/qc/QUI1_LP_249_Du-648.depth.tsv
QUI1_LP_249_Du-648	QB3.Berkeley.251217/QB3.Results.260109	D. setchellii	QUI1	mtdna_high_confidence_unique	mtDNA	variant_calling_and_population_genetics	mitochondria	2	44930	4503377	100.230959	44930	1.000000	44928	0.999955	44927	0.999933	/home/neil/Downloads/dudleya/Dudleya_S_genomes/full_pipeline_run/results/05_analysis_masks/mtdna_high_confidence_unique_regions.bed	/home/neil/Downloads/dudleya/Dudleya_S_genomes/full_pipeline_run/results/06_all_sample_alignment/qc/QUI1_LP_249_Du-648.depth.tsv
QUI1_LP_250_Du-649	QB3.Berkeley.251217/QB3.Results.260109	D. setchellii	QUI1	cpdna_full_coverage	cpDNA	sample_qc_coverage	chloroplast	1	150274	191588368	1274.926920	150274	1.000000	150272	0.999987	150270	0.999973	/home/neil/Downloads/dudleya/Dudleya_S_genomes/full_pipeline_run/results/05_analysis_masks/cpdna_full_coverage_regions.bed	/home/neil/Downloads/dudleya/Dudleya_S_genomes/full_pipeline_run/results/06_all_sample_alignment/qc/QUI1_LP_250_Du-649.depth.tsv
QUI1_LP_250_Du-649	QB3.Berkeley.251217/QB3.Results.260109	D. setchellii	QUI1	cpdna_ir_regions	cpDNA	repeat_annotation	chloroplast	2	51472	61988385	1204.312733	51472	1.000000	51470	0.999961	51468	0.999922	/home/neil/Downloads/dudleya/Dudleya_S_genomes/full_pipeline_run/results/05_analysis_masks/cpdna_ir_regions.bed	/home/neil/Downloads/dudleya/Dudleya_S_genomes/full_pipeline_run/results/06_all_sample_alignment/qc/QUI1_LP_250_Du-649.depth.tsv
QUI1_LP_250_Du-649	QB3.Berkeley.251217/QB3.Results.260109	D. setchellii	QUI1	cpdna_duplicate_ir_mask	cpDNA	mask	chloroplast	1	25736	30564966	1187.634675	25736	1.000000	25735	0.999961	25733	0.999883	/home/neil/Downloads/dudleya/Dudleya_S_genomes/full_pipeline_run/results/05_analysis_masks/cpdna_duplicate_ir_copy_mask.bed	/home/neil/Downloads/dudleya/Dudleya_S_genomes/full_pipeline_run/results/06_all_sample_alignment/qc/QUI1_LP_250_Du-649.depth.tsv
QUI1_LP_250_Du-649	QB3.Berkeley.251217/QB3.Results.260109	D. setchellii	QUI1	cpdna_population_sites	cpDNA	variant_calling_and_population_genetics	chloroplast	1	124538	161023402	1292.966018	124538	1.000000	124537	0.999992	124537	0.999992	/home/neil/Downloads/dudleya/Dudleya_S_genomes/full_pipeline_run/results/05_analysis_masks/cpdna_population_sites.bed	/home/neil/Downloads/dudleya/Dudleya_S_genomes/full_pipeline_run/results/06_all_sample_alignment/qc/QUI1_LP_250_Du-649.depth.tsv
QUI1_LP_250_Du-649	QB3.Berkeley.251217/QB3.Results.260109	D. setchellii	QUI1	mtdna_permissive_coverage	mtDNA	sample_qc_coverage	mitochondria	1	243359	17379065	71.413282	231593	0.951652	230165	0.945784	230042	0.945278	/home/neil/Downloads/dudleya/Dudleya_S_genomes/full_pipeline_run/results/05_analysis_masks/mtdna_permissive_coverage_regions.bed	/home/neil/Downloads/dudleya/Dudleya_S_genomes/full_pipeline_run/results/06_all_sample_alignment/qc/QUI1_LP_250_Du-649.depth.tsv
QUI1_LP_250_Du-649	QB3.Berkeley.251217/QB3.Results.260109	D. setchellii	QUI1	mtdna_high_confidence_unique	mtDNA	variant_calling_and_population_genetics	mitochondria	2	44930	5633960	125.394169	44929	0.999978	44927	0.999933	44927	0.999933	/home/neil/Downloads/dudleya/Dudleya_S_genomes/full_pipeline_run/results/05_analysis_masks/mtdna_high_confidence_unique_regions.bed	/home/neil/Downloads/dudleya/Dudleya_S_genomes/full_pipeline_run/results/06_all_sample_alignment/qc/QUI1_LP_250_Du-649.depth.tsv
QUI1_LP_251_Du-650	QB3.Berkeley.251217/QB3.Results.260109	D. setchellii	QUI1	cpdna_full_coverage	cpDNA	sample_qc_coverage	chloroplast	1	150274	25812713	171.770985	150268	0.999960	150255	0.999874	150210	0.999574	/home/neil/Downloads/dudleya/Dudleya_S_genomes/full_pipeline_run/results/05_analysis_masks/cpdna_full_coverage_regions.bed	/home/neil/Downloads/dudleya/Dudleya_S_genomes/full_pipeline_run/results/06_all_sample_alignment/qc/QUI1_LP_251_Du-650.depth.tsv
QUI1_LP_251_Du-650	QB3.Berkeley.251217/QB3.Results.260109	D. setchellii	QUI1	cpdna_ir_regions	cpDNA	repeat_annotation	chloroplast	2	51472	8196056	159.233292	51467	0.999903	51462	0.999806	51422	0.999029	/home/neil/Downloads/dudleya/Dudleya_S_genomes/full_pipeline_run/results/05_analysis_masks/cpdna_ir_regions.bed	/home/neil/Downloads/dudleya/Dudleya_S_genomes/full_pipeline_run/results/06_all_sample_alignment/qc/QUI1_LP_251_Du-650.depth.tsv
QUI1_LP_251_Du-650	QB3.Berkeley.251217/QB3.Results.260109	D. setchellii	QUI1	cpdna_duplicate_ir_mask	cpDNA	mask	chloroplast	1	25736	4047607	157.274130	25733	0.999883	25728	0.999689	25699	0.998562	/home/neil/Downloads/dudleya/Dudleya_S_genomes/full_pipeline_run/results/05_analysis_masks/cpdna_duplicate_ir_copy_mask.bed	/home/neil/Downloads/dudleya/Dudleya_S_genomes/full_pipeline_run/results/06_all_sample_alignment/qc/QUI1_LP_251_Du-650.depth.tsv
QUI1_LP_251_Du-650	QB3.Berkeley.251217/QB3.Results.260109	D. setchellii	QUI1	cpdna_population_sites	cpDNA	variant_calling_and_population_genetics	chloroplast	1	124538	21765106	174.766786	124535	0.999976	124527	0.999912	124511	0.999783	/home/neil/Downloads/dudleya/Dudleya_S_genomes/full_pipeline_run/results/05_analysis_masks/cpdna_population_sites.bed	/home/neil/Downloads/dudleya/Dudleya_S_genomes/full_pipeline_run/results/06_all_sample_alignment/qc/QUI1_LP_251_Du-650.depth.tsv
QUI1_LP_251_Du-650	QB3.Berkeley.251217/QB3.Results.260109	D. setchellii	QUI1	mtdna_permissive_coverage	mtDNA	sample_qc_coverage	mitochondria	1	243359	1981147	8.140841	226554	0.930946	175171	0.719805	82634	0.339556	/home/neil/Downloads/dudleya/Dudleya_S_genomes/full_pipeline_run/results/05_analysis_masks/mtdna_permissive_coverage_regions.bed	/home/neil/Downloads/dudleya/Dudleya_S_genomes/full_pipeline_run/results/06_all_sample_alignment/qc/QUI1_LP_251_Du-650.depth.tsv
QUI1_LP_251_Du-650	QB3.Berkeley.251217/QB3.Results.260109	D. setchellii	QUI1	mtdna_high_confidence_unique	mtDNA	variant_calling_and_population_genetics	mitochondria	2	44930	618360	13.762742	44857	0.998375	41918	0.932962	32530	0.724015	/home/neil/Downloads/dudleya/Dudleya_S_genomes/full_pipeline_run/results/05_analysis_masks/mtdna_high_confidence_unique_regions.bed	/home/neil/Downloads/dudleya/Dudleya_S_genomes/full_pipeline_run/results/06_all_sample_alignment/qc/QUI1_LP_251_Du-650.depth.tsv
QUI1_LP_252_Du-651	QB3.Berkeley.251217/QB3.Results.260109	D. setchellii	QUI1	cpdna_full_coverage	cpDNA	sample_qc_coverage	chloroplast	1	150274	109558185	729.056157	150273	0.999993	150269	0.999967	150263	0.999927	/home/neil/Downloads/dudleya/Dudleya_S_genomes/full_pipeline_run/results/05_analysis_masks/cpdna_full_coverage_regions.bed	/home/neil/Downloads/dudleya/Dudleya_S_genomes/full_pipeline_run/results/06_all_sample_alignment/qc/QUI1_LP_252_Du-651.depth.tsv
QUI1_LP_252_Du-651	QB3.Berkeley.251217/QB3.Results.260109	D. setchellii	QUI1	cpdna_ir_regions	cpDNA	repeat_annotation	chloroplast	2	51472	35258372	685.001010	51471	0.999981	51468	0.999922	51466	0.999883	/home/neil/Downloads/dudleya/Dudleya_S_genomes/full_pipeline_run/results/05_analysis_masks/cpdna_ir_regions.bed	/home/neil/Downloads/dudleya/Dudleya_S_genomes/full_pipeline_run/results/06_all_sample_alignment/qc/QUI1_LP_252_Du-651.depth.tsv
QUI1_LP_252_Du-651	QB3.Berkeley.251217/QB3.Results.260109	D. setchellii	QUI1	cpdna_duplicate_ir_mask	cpDNA	mask	chloroplast	1	25736	17370224	674.938763	25735	0.999961	25733	0.999883	25732	0.999845	/home/neil/Downloads/dudleya/Dudleya_S_genomes/full_pipeline_run/results/05_analysis_masks/cpdna_duplicate_ir_copy_mask.bed	/home/neil/Downloads/dudleya/Dudleya_S_genomes/full_pipeline_run/results/06_all_sample_alignment/qc/QUI1_LP_252_Du-651.depth.tsv
QUI1_LP_252_Du-651	QB3.Berkeley.251217/QB3.Results.260109	D. setchellii	QUI1	cpdna_population_sites	cpDNA	variant_calling_and_population_genetics	chloroplast	1	124538	92187961	740.239614	124538	1.000000	124536	0.999984	124531	0.999944	/home/neil/Downloads/dudleya/Dudleya_S_genomes/full_pipeline_run/results/05_analysis_masks/cpdna_population_sites.bed	/home/neil/Downloads/dudleya/Dudleya_S_genomes/full_pipeline_run/results/06_all_sample_alignment/qc/QUI1_LP_252_Du-651.depth.tsv
QUI1_LP_252_Du-651	QB3.Berkeley.251217/QB3.Results.260109	D. setchellii	QUI1	mtdna_permissive_coverage	mtDNA	sample_qc_coverage	mitochondria	1	243359	15431337	63.409765	232203	0.954158	230319	0.946417	230058	0.945344	/home/neil/Downloads/dudleya/Dudleya_S_genomes/full_pipeline_run/results/05_analysis_masks/mtdna_permissive_coverage_regions.bed	/home/neil/Downloads/dudleya/Dudleya_S_genomes/full_pipeline_run/results/06_all_sample_alignment/qc/QUI1_LP_252_Du-651.depth.tsv
QUI1_LP_252_Du-651	QB3.Berkeley.251217/QB3.Results.260109	D. setchellii	QUI1	mtdna_high_confidence_unique	mtDNA	variant_calling_and_population_genetics	mitochondria	2	44930	4977834	110.790875	44929	0.999978	44927	0.999933	44927	0.999933	/home/neil/Downloads/dudleya/Dudleya_S_genomes/full_pipeline_run/results/05_analysis_masks/mtdna_high_confidence_unique_regions.bed	/home/neil/Downloads/dudleya/Dudleya_S_genomes/full_pipeline_run/results/06_all_sample_alignment/qc/QUI1_LP_252_Du-651.depth.tsv
QUI1_LP_253_Du-652	QB3.Berkeley.251217/QB3.Results.260109	D. setchellii	QUI1	cpdna_full_coverage	cpDNA	sample_qc_coverage	chloroplast	1	150274	231195624	1538.493845	150274	1.000000	150271	0.999980	150268	0.999960	/home/neil/Downloads/dudleya/Dudleya_S_genomes/full_pipeline_run/results/05_analysis_masks/cpdna_full_coverage_regions.bed	/home/neil/Downloads/dudleya/Dudleya_S_genomes/full_pipeline_run/results/06_all_sample_alignment/qc/QUI1_LP_253_Du-652.depth.tsv
QUI1_LP_253_Du-652	QB3.Berkeley.251217/QB3.Results.260109	D. setchellii	QUI1	cpdna_ir_regions	cpDNA	repeat_annotation	chloroplast	2	51472	78838471	1531.676853	51472	1.000000	51470	0.999961	51469	0.999942	/home/neil/Downloads/dudleya/Dudleya_S_genomes/full_pipeline_run/results/05_analysis_masks/cpdna_ir_regions.bed	/home/neil/Downloads/dudleya/Dudleya_S_genomes/full_pipeline_run/results/06_all_sample_alignment/qc/QUI1_LP_253_Du-652.depth.tsv
QUI1_LP_253_Du-652	QB3.Berkeley.251217/QB3.Results.260109	D. setchellii	QUI1	cpdna_duplicate_ir_mask	cpDNA	mask	chloroplast	1	25736	38869519	1510.317027	25736	1.000000	25735	0.999961	25734	0.999922	/home/neil/Downloads/dudleya/Dudleya_S_genomes/full_pipeline_run/results/05_analysis_masks/cpdna_duplicate_ir_copy_mask.bed	/home/neil/Downloads/dudleya/Dudleya_S_genomes/full_pipeline_run/results/06_all_sample_alignment/qc/QUI1_LP_253_Du-652.depth.tsv
QUI1_LP_253_Du-652	QB3.Berkeley.251217/QB3.Results.260109	D. setchellii	QUI1	cpdna_population_sites	cpDNA	variant_calling_and_population_genetics	chloroplast	1	124538	192326105	1544.316634	124538	1.000000	124536	0.999984	124534	0.999968	/home/neil/Downloads/dudleya/Dudleya_S_genomes/full_pipeline_run/results/05_analysis_masks/cpdna_population_sites.bed	/home/neil/Downloads/dudleya/Dudleya_S_genomes/full_pipeline_run/results/06_all_sample_alignment/qc/QUI1_LP_253_Du-652.depth.tsv
QUI1_LP_253_Du-652	QB3.Berkeley.251217/QB3.Results.260109	D. setchellii	QUI1	mtdna_permissive_coverage	mtDNA	sample_qc_coverage	mitochondria	1	243359	30850768	126.770606	231743	0.952268	230202	0.945936	230069	0.945389	/home/neil/Downloads/dudleya/Dudleya_S_genomes/full_pipeline_run/results/05_analysis_masks/mtdna_permissive_coverage_regions.bed	/home/neil/Downloads/dudleya/Dudleya_S_genomes/full_pipeline_run/results/06_all_sample_alignment/qc/QUI1_LP_253_Du-652.depth.tsv
QUI1_LP_253_Du-652	QB3.Berkeley.251217/QB3.Results.260109	D. setchellii	QUI1	mtdna_high_confidence_unique	mtDNA	variant_calling_and_population_genetics	mitochondria	2	44930	9947703	221.404474	44930	1.000000	44928	0.999955	44927	0.999933	/home/neil/Downloads/dudleya/Dudleya_S_genomes/full_pipeline_run/results/05_analysis_masks/mtdna_high_confidence_unique_regions.bed	/home/neil/Downloads/dudleya/Dudleya_S_genomes/full_pipeline_run/results/06_all_sample_alignment/qc/QUI1_LP_253_Du-652.depth.tsv
QUI1_LP_254_Du-653	QB3.Berkeley.251217/QB3.Results.260109	D. setchellii	QUI1	cpdna_full_coverage	cpDNA	sample_qc_coverage	chloroplast	1	150274	24815193	165.132977	150269	0.999967	150253	0.999860	150211	0.999581	/home/neil/Downloads/dudleya/Dudleya_S_genomes/full_pipeline_run/results/05_analysis_masks/cpdna_full_coverage_regions.bed	/home/neil/Downloads/dudleya/Dudleya_S_genomes/full_pipeline_run/results/06_all_sample_alignment/qc/QUI1_LP_254_Du-653.depth.tsv
QUI1_LP_254_Du-653	QB3.Berkeley.251217/QB3.Results.260109	D. setchellii	QUI1	cpdna_ir_regions	cpDNA	repeat_annotation	chloroplast	2	51472	8618064	167.432080	51469	0.999942	51460	0.999767	51426	0.999106	/home/neil/Downloads/dudleya/Dudleya_S_genomes/full_pipeline_run/results/05_analysis_masks/cpdna_ir_regions.bed	/home/neil/Downloads/dudleya/Dudleya_S_genomes/full_pipeline_run/results/06_all_sample_alignment/qc/QUI1_LP_254_Du-653.depth.tsv
QUI1_LP_254_Du-653	QB3.Berkeley.251217/QB3.Results.260109	D. setchellii	QUI1	cpdna_duplicate_ir_mask	cpDNA	mask	chloroplast	1	25736	4249864	165.133043	25735	0.999961	25727	0.999650	25701	0.998640	/home/neil/Downloads/dudleya/Dudleya_S_genomes/full_pipeline_run/results/05_analysis_masks/cpdna_duplicate_ir_copy_mask.bed	/home/neil/Downloads/dudleya/Dudleya_S_genomes/full_pipeline_run/results/06_all_sample_alignment/qc/QUI1_LP_254_Du-653.depth.tsv
QUI1_LP_254_Du-653	QB3.Berkeley.251217/QB3.Results.260109	D. setchellii	QUI1	cpdna_population_sites	cpDNA	variant_calling_and_population_genetics	chloroplast	1	124538	20565329	165.132963	124534	0.999968	124526	0.999904	124510	0.999775	/home/neil/Downloads/dudleya/Dudleya_S_genomes/full_pipeline_run/results/05_analysis_masks/cpdna_population_sites.bed	/home/neil/Downloads/dudleya/Dudleya_S_genomes/full_pipeline_run/results/06_all_sample_alignment/qc/QUI1_LP_254_Du-653.depth.tsv
QUI1_LP_254_Du-653	QB3.Berkeley.251217/QB3.Results.260109	D. setchellii	QUI1	mtdna_permissive_coverage	mtDNA	sample_qc_coverage	mitochondria	1	243359	2510623	10.316541	228776	0.940076	202232	0.831003	120383	0.494672	/home/neil/Downloads/dudleya/Dudleya_S_genomes/full_pipeline_run/results/05_analysis_masks/mtdna_permissive_coverage_regions.bed	/home/neil/Downloads/dudleya/Dudleya_S_genomes/full_pipeline_run/results/06_all_sample_alignment/qc/QUI1_LP_254_Du-653.depth.tsv
QUI1_LP_254_Du-653	QB3.Berkeley.251217/QB3.Results.260109	D. setchellii	QUI1	mtdna_high_confidence_unique	mtDNA	variant_calling_and_population_genetics	mitochondria	2	44930	801893	17.847607	44917	0.999711	44555	0.991654	40699	0.905831	/home/neil/Downloads/dudleya/Dudleya_S_genomes/full_pipeline_run/results/05_analysis_masks/mtdna_high_confidence_unique_regions.bed	/home/neil/Downloads/dudleya/Dudleya_S_genomes/full_pipeline_run/results/06_all_sample_alignment/qc/QUI1_LP_254_Du-653.depth.tsv
QUI1_LP_255_Du-654	QB3.Berkeley.251217/QB3.Results.260109	D. setchellii	QUI1	cpdna_full_coverage	cpDNA	sample_qc_coverage	chloroplast	1	150274	253581778	1687.462755	150274	1.000000	150273	0.999993	150267	0.999953	/home/neil/Downloads/dudleya/Dudleya_S_genomes/full_pipeline_run/results/05_analysis_masks/cpdna_full_coverage_regions.bed	/home/neil/Downloads/dudleya/Dudleya_S_genomes/full_pipeline_run/results/06_all_sample_alignment/qc/QUI1_LP_255_Du-654.depth.tsv
QUI1_LP_255_Du-654	QB3.Berkeley.251217/QB3.Results.260109	D. setchellii	QUI1	cpdna_ir_regions	cpDNA	repeat_annotation	chloroplast	2	51472	85181443	1654.908358	51472	1.000000	51471	0.999981	51468	0.999922	/home/neil/Downloads/dudleya/Dudleya_S_genomes/full_pipeline_run/results/05_analysis_masks/cpdna_ir_regions.bed	/home/neil/Downloads/dudleya/Dudleya_S_genomes/full_pipeline_run/results/06_all_sample_alignment/qc/QUI1_LP_255_Du-654.depth.tsv
QUI1_LP_255_Du-654	QB3.Berkeley.251217/QB3.Results.260109	D. setchellii	QUI1	cpdna_duplicate_ir_mask	cpDNA	mask	chloroplast	1	25736	42020811	1632.763872	25736	1.000000	25736	1.000000	25733	0.999883	/home/neil/Downloads/dudleya/Dudleya_S_genomes/full_pipeline_run/results/05_analysis_masks/cpdna_duplicate_ir_copy_mask.bed	/home/neil/Downloads/dudleya/Dudleya_S_genomes/full_pipeline_run/results/06_all_sample_alignment/qc/QUI1_LP_255_Du-654.depth.tsv
QUI1_LP_255_Du-654	QB3.Berkeley.251217/QB3.Results.260109	D. setchellii	QUI1	cpdna_population_sites	cpDNA	variant_calling_and_population_genetics	chloroplast	1	124538	211560967	1698.766377	124538	1.000000	124537	0.999992	124534	0.999968	/home/neil/Downloads/dudleya/Dudleya_S_genomes/full_pipeline_run/results/05_analysis_masks/cpdna_population_sites.bed	/home/neil/Downloads/dudleya/Dudleya_S_genomes/full_pipeline_run/results/06_all_sample_alignment/qc/QUI1_LP_255_Du-654.depth.tsv
QUI1_LP_255_Du-654	QB3.Berkeley.251217/QB3.Results.260109	D. setchellii	QUI1	mtdna_permissive_coverage	mtDNA	sample_qc_coverage	mitochondria	1	243359	11562400	47.511701	231745	0.952276	230285	0.946277	230018	0.945180	/home/neil/Downloads/dudleya/Dudleya_S_genomes/full_pipeline_run/results/05_analysis_masks/mtdna_permissive_coverage_regions.bed	/home/neil/Downloads/dudleya/Dudleya_S_genomes/full_pipeline_run/results/06_all_sample_alignment/qc/QUI1_LP_255_Du-654.depth.tsv
QUI1_LP_255_Du-654	QB3.Berkeley.251217/QB3.Results.260109	D. setchellii	QUI1	mtdna_high_confidence_unique	mtDNA	variant_calling_and_population_genetics	mitochondria	2	44930	3673861	81.768551	44930	1.000000	44927	0.999933	44924	0.999866	/home/neil/Downloads/dudleya/Dudleya_S_genomes/full_pipeline_run/results/05_analysis_masks/mtdna_high_confidence_unique_regions.bed	/home/neil/Downloads/dudleya/Dudleya_S_genomes/full_pipeline_run/results/06_all_sample_alignment/qc/QUI1_LP_255_Du-654.depth.tsv
QUI1_LP_257_Du-656	QB3.Berkeley.251217/QB3.Results.260109	D. setchellii	QUI1	cpdna_full_coverage	cpDNA	sample_qc_coverage	chloroplast	1	150274	54769458	364.463966	150274	1.000000	150263	0.999927	150256	0.999880	/home/neil/Downloads/dudleya/Dudleya_S_genomes/full_pipeline_run/results/05_analysis_masks/cpdna_full_coverage_regions.bed	/home/neil/Downloads/dudleya/Dudleya_S_genomes/full_pipeline_run/results/06_all_sample_alignment/qc/QUI1_LP_257_Du-656.depth.tsv
QUI1_LP_257_Du-656	QB3.Berkeley.251217/QB3.Results.260109	D. setchellii	QUI1	cpdna_ir_regions	cpDNA	repeat_annotation	chloroplast	2	51472	19502631	378.897867	51472	1.000000	51467	0.999903	51462	0.999806	/home/neil/Downloads/dudleya/Dudleya_S_genomes/full_pipeline_run/results/05_analysis_masks/cpdna_ir_regions.bed	/home/neil/Downloads/dudleya/Dudleya_S_genomes/full_pipeline_run/results/06_all_sample_alignment/qc/QUI1_LP_257_Du-656.depth.tsv
QUI1_LP_257_Du-656	QB3.Berkeley.251217/QB3.Results.260109	D. setchellii	QUI1	cpdna_duplicate_ir_mask	cpDNA	mask	chloroplast	1	25736	9647090	374.848073	25736	1.000000	25733	0.999883	25728	0.999689	/home/neil/Downloads/dudleya/Dudleya_S_genomes/full_pipeline_run/results/05_analysis_masks/cpdna_duplicate_ir_copy_mask.bed	/home/neil/Downloads/dudleya/Dudleya_S_genomes/full_pipeline_run/results/06_all_sample_alignment/qc/QUI1_LP_257_Du-656.depth.tsv
QUI1_LP_257_Du-656	QB3.Berkeley.251217/QB3.Results.260109	D. setchellii	QUI1	cpdna_population_sites	cpDNA	variant_calling_and_population_genetics	chloroplast	1	124538	45122368	362.318072	124538	1.000000	124530	0.999936	124528	0.999920	/home/neil/Downloads/dudleya/Dudleya_S_genomes/full_pipeline_run/results/05_analysis_masks/cpdna_population_sites.bed	/home/neil/Downloads/dudleya/Dudleya_S_genomes/full_pipeline_run/results/06_all_sample_alignment/qc/QUI1_LP_257_Du-656.depth.tsv
QUI1_LP_257_Du-656	QB3.Berkeley.251217/QB3.Results.260109	D. setchellii	QUI1	mtdna_permissive_coverage	mtDNA	sample_qc_coverage	mitochondria	1	243359	3954786	16.250831	230503	0.947173	224017	0.920521	184990	0.760153	/home/neil/Downloads/dudleya/Dudleya_S_genomes/full_pipeline_run/results/05_analysis_masks/mtdna_permissive_coverage_regions.bed	/home/neil/Downloads/dudleya/Dudleya_S_genomes/full_pipeline_run/results/06_all_sample_alignment/qc/QUI1_LP_257_Du-656.depth.tsv
QUI1_LP_257_Du-656	QB3.Berkeley.251217/QB3.Results.260109	D. setchellii	QUI1	mtdna_high_confidence_unique	mtDNA	variant_calling_and_population_genetics	mitochondria	2	44930	1288974	28.688493	44928	0.999955	44924	0.999866	44155	0.982751	/home/neil/Downloads/dudleya/Dudleya_S_genomes/full_pipeline_run/results/05_analysis_masks/mtdna_high_confidence_unique_regions.bed	/home/neil/Downloads/dudleya/Dudleya_S_genomes/full_pipeline_run/results/06_all_sample_alignment/qc/QUI1_LP_257_Du-656.depth.tsv
QUI1_LP_258_Du-657	QB3.Berkeley.251217/QB3.Results.260109	D. setchellii	QUI1	cpdna_full_coverage	cpDNA	sample_qc_coverage	chloroplast	1	150274	296876364	1975.567058	150274	1.000000	150272	0.999987	150268	0.999960	/home/neil/Downloads/dudleya/Dudleya_S_genomes/full_pipeline_run/results/05_analysis_masks/cpdna_full_coverage_regions.bed	/home/neil/Downloads/dudleya/Dudleya_S_genomes/full_pipeline_run/results/06_all_sample_alignment/qc/QUI1_LP_258_Du-657.depth.tsv
QUI1_LP_258_Du-657	QB3.Berkeley.251217/QB3.Results.260109	D. setchellii	QUI1	cpdna_ir_regions	cpDNA	repeat_annotation	chloroplast	2	51472	100446190	1951.472451	51472	1.000000	51470	0.999961	51468	0.999922	/home/neil/Downloads/dudleya/Dudleya_S_genomes/full_pipeline_run/results/05_analysis_masks/cpdna_ir_regions.bed	/home/neil/Downloads/dudleya/Dudleya_S_genomes/full_pipeline_run/results/06_all_sample_alignment/qc/QUI1_LP_258_Du-657.depth.tsv
QUI1_LP_258_Du-657	QB3.Berkeley.251217/QB3.Results.260109	D. setchellii	QUI1	cpdna_duplicate_ir_mask	cpDNA	mask	chloroplast	1	25736	49228401	1912.822544	25736	1.000000	25735	0.999961	25733	0.999883	/home/neil/Downloads/dudleya/Dudleya_S_genomes/full_pipeline_run/results/05_analysis_masks/cpdna_duplicate_ir_copy_mask.bed	/home/neil/Downloads/dudleya/Dudleya_S_genomes/full_pipeline_run/results/06_all_sample_alignment/qc/QUI1_LP_258_Du-657.depth.tsv
QUI1_LP_258_Du-657	QB3.Berkeley.251217/QB3.Results.260109	D. setchellii	QUI1	cpdna_population_sites	cpDNA	variant_calling_and_population_genetics	chloroplast	1	124538	247647963	1988.533323	124538	1.000000	124537	0.999992	124535	0.999976	/home/neil/Downloads/dudleya/Dudleya_S_genomes/full_pipeline_run/results/05_analysis_masks/cpdna_population_sites.bed	/home/neil/Downloads/dudleya/Dudleya_S_genomes/full_pipeline_run/results/06_all_sample_alignment/qc/QUI1_LP_258_Du-657.depth.tsv
QUI1_LP_258_Du-657	QB3.Berkeley.251217/QB3.Results.260109	D. setchellii	QUI1	mtdna_permissive_coverage	mtDNA	sample_qc_coverage	mitochondria	1	243359	17031699	69.985901	232441	0.955136	230693	0.947953	230067	0.945381	/home/neil/Downloads/dudleya/Dudleya_S_genomes/full_pipeline_run/results/05_analysis_masks/mtdna_permissive_coverage_regions.bed	/home/neil/Downloads/dudleya/Dudleya_S_genomes/full_pipeline_run/results/06_all_sample_alignment/qc/QUI1_LP_258_Du-657.depth.tsv
QUI1_LP_258_Du-657	QB3.Berkeley.251217/QB3.Results.260109	D. setchellii	QUI1	mtdna_high_confidence_unique	mtDNA	variant_calling_and_population_genetics	mitochondria	2	44930	5448596	121.268551	44930	1.000000	44927	0.999933	44927	0.999933	/home/neil/Downloads/dudleya/Dudleya_S_genomes/full_pipeline_run/results/05_analysis_masks/mtdna_high_confidence_unique_regions.bed	/home/neil/Downloads/dudleya/Dudleya_S_genomes/full_pipeline_run/results/06_all_sample_alignment/qc/QUI1_LP_258_Du-657.depth.tsv
QUI2_LP_243_Du-631	QB3.Berkeley.251217/QB3.Results.260109	D. setchellii	QUI2	cpdna_full_coverage	cpDNA	sample_qc_coverage	chloroplast	1	150274	300037596	1996.603511	150274	1.000000	150272	0.999987	150271	0.999980	/home/neil/Downloads/dudleya/Dudleya_S_genomes/full_pipeline_run/results/05_analysis_masks/cpdna_full_coverage_regions.bed	/home/neil/Downloads/dudleya/Dudleya_S_genomes/full_pipeline_run/results/06_all_sample_alignment/qc/QUI2_LP_243_Du-631.depth.tsv
QUI2_LP_243_Du-631	QB3.Berkeley.251217/QB3.Results.260109	D. setchellii	QUI2	cpdna_ir_regions	cpDNA	repeat_annotation	chloroplast	2	51472	102640973	1994.112780	51472	1.000000	51470	0.999961	51469	0.999942	/home/neil/Downloads/dudleya/Dudleya_S_genomes/full_pipeline_run/results/05_analysis_masks/cpdna_ir_regions.bed	/home/neil/Downloads/dudleya/Dudleya_S_genomes/full_pipeline_run/results/06_all_sample_alignment/qc/QUI2_LP_243_Du-631.depth.tsv
QUI2_LP_243_Du-631	QB3.Berkeley.251217/QB3.Results.260109	D. setchellii	QUI2	cpdna_duplicate_ir_mask	cpDNA	mask	chloroplast	1	25736	50211565	1951.024440	25736	1.000000	25735	0.999961	25734	0.999922	/home/neil/Downloads/dudleya/Dudleya_S_genomes/full_pipeline_run/results/05_analysis_masks/cpdna_duplicate_ir_copy_mask.bed	/home/neil/Downloads/dudleya/Dudleya_S_genomes/full_pipeline_run/results/06_all_sample_alignment/qc/QUI2_LP_243_Du-631.depth.tsv
QUI2_LP_243_Du-631	QB3.Berkeley.251217/QB3.Results.260109	D. setchellii	QUI2	cpdna_population_sites	cpDNA	variant_calling_and_population_genetics	chloroplast	1	124538	249826031	2006.022507	124538	1.000000	124537	0.999992	124537	0.999992	/home/neil/Downloads/dudleya/Dudleya_S_genomes/full_pipeline_run/results/05_analysis_masks/cpdna_population_sites.bed	/home/neil/Downloads/dudleya/Dudleya_S_genomes/full_pipeline_run/results/06_all_sample_alignment/qc/QUI2_LP_243_Du-631.depth.tsv
QUI2_LP_243_Du-631	QB3.Berkeley.251217/QB3.Results.260109	D. setchellii	QUI2	mtdna_permissive_coverage	mtDNA	sample_qc_coverage	mitochondria	1	243359	26845621	110.312834	242312	0.995698	242207	0.995266	242160	0.995073	/home/neil/Downloads/dudleya/Dudleya_S_genomes/full_pipeline_run/results/05_analysis_masks/mtdna_permissive_coverage_regions.bed	/home/neil/Downloads/dudleya/Dudleya_S_genomes/full_pipeline_run/results/06_all_sample_alignment/qc/QUI2_LP_243_Du-631.depth.tsv
QUI2_LP_243_Du-631	QB3.Berkeley.251217/QB3.Results.260109	D. setchellii	QUI2	mtdna_high_confidence_unique	mtDNA	variant_calling_and_population_genetics	mitochondria	2	44930	7946811	176.870933	44477	0.989918	44416	0.988560	44413	0.988493	/home/neil/Downloads/dudleya/Dudleya_S_genomes/full_pipeline_run/results/05_analysis_masks/mtdna_high_confidence_unique_regions.bed	/home/neil/Downloads/dudleya/Dudleya_S_genomes/full_pipeline_run/results/06_all_sample_alignment/qc/QUI2_LP_243_Du-631.depth.tsv
QUI2_LP_244_Du-632	QB3.Berkeley.251217/QB3.Results.260109	D. setchellii	QUI2	cpdna_full_coverage	cpDNA	sample_qc_coverage	chloroplast	1	150274	50937724	338.965649	150273	0.999993	150269	0.999967	150263	0.999927	/home/neil/Downloads/dudleya/Dudleya_S_genomes/full_pipeline_run/results/05_analysis_masks/cpdna_full_coverage_regions.bed	/home/neil/Downloads/dudleya/Dudleya_S_genomes/full_pipeline_run/results/06_all_sample_alignment/qc/QUI2_LP_244_Du-632.depth.tsv
QUI2_LP_244_Du-632	QB3.Berkeley.251217/QB3.Results.260109	D. setchellii	QUI2	cpdna_ir_regions	cpDNA	repeat_annotation	chloroplast	2	51472	16561438	321.756256	51471	0.999981	51467	0.999903	51461	0.999786	/home/neil/Downloads/dudleya/Dudleya_S_genomes/full_pipeline_run/results/05_analysis_masks/cpdna_ir_regions.bed	/home/neil/Downloads/dudleya/Dudleya_S_genomes/full_pipeline_run/results/06_all_sample_alignment/qc/QUI2_LP_244_Du-632.depth.tsv
QUI2_LP_244_Du-632	QB3.Berkeley.251217/QB3.Results.260109	D. setchellii	QUI2	cpdna_duplicate_ir_mask	cpDNA	mask	chloroplast	1	25736	8152441	316.771876	25736	1.000000	25733	0.999883	25729	0.999728	/home/neil/Downloads/dudleya/Dudleya_S_genomes/full_pipeline_run/results/05_analysis_masks/cpdna_duplicate_ir_copy_mask.bed	/home/neil/Downloads/dudleya/Dudleya_S_genomes/full_pipeline_run/results/06_all_sample_alignment/qc/QUI2_LP_244_Du-632.depth.tsv
QUI2_LP_244_Du-632	QB3.Berkeley.251217/QB3.Results.260109	D. setchellii	QUI2	cpdna_population_sites	cpDNA	variant_calling_and_population_genetics	chloroplast	1	124538	42785283	343.552032	124537	0.999992	124536	0.999984	124534	0.999968	/home/neil/Downloads/dudleya/Dudleya_S_genomes/full_pipeline_run/results/05_analysis_masks/cpdna_population_sites.bed	/home/neil/Downloads/dudleya/Dudleya_S_genomes/full_pipeline_run/results/06_all_sample_alignment/qc/QUI2_LP_244_Du-632.depth.tsv
QUI2_LP_244_Du-632	QB3.Berkeley.251217/QB3.Results.260109	D. setchellii	QUI2	mtdna_permissive_coverage	mtDNA	sample_qc_coverage	mitochondria	1	243359	5547117	22.793967	242232	0.995369	240761	0.989324	224205	0.921293	/home/neil/Downloads/dudleya/Dudleya_S_genomes/full_pipeline_run/results/05_analysis_masks/mtdna_permissive_coverage_regions.bed	/home/neil/Downloads/dudleya/Dudleya_S_genomes/full_pipeline_run/results/06_all_sample_alignment/qc/QUI2_LP_244_Du-632.depth.tsv
QUI2_LP_244_Du-632	QB3.Berkeley.251217/QB3.Results.260109	D. setchellii	QUI2	mtdna_high_confidence_unique	mtDNA	variant_calling_and_population_genetics	mitochondria	2	44930	1610418	35.842822	44538	0.991275	44412	0.988471	44304	0.986067	/home/neil/Downloads/dudleya/Dudleya_S_genomes/full_pipeline_run/results/05_analysis_masks/mtdna_high_confidence_unique_regions.bed	/home/neil/Downloads/dudleya/Dudleya_S_genomes/full_pipeline_run/results/06_all_sample_alignment/qc/QUI2_LP_244_Du-632.depth.tsv
QUI2_LP_245_Du-633	QB3.Berkeley.251217/QB3.Results.260109	D. setchellii	QUI2	cpdna_full_coverage	cpDNA	sample_qc_coverage	chloroplast	1	150274	146228468	973.078962	150273	0.999993	150271	0.999980	150269	0.999967	/home/neil/Downloads/dudleya/Dudleya_S_genomes/full_pipeline_run/results/05_analysis_masks/cpdna_full_coverage_regions.bed	/home/neil/Downloads/dudleya/Dudleya_S_genomes/full_pipeline_run/results/06_all_sample_alignment/qc/QUI2_LP_245_Du-633.depth.tsv
QUI2_LP_245_Du-633	QB3.Berkeley.251217/QB3.Results.260109	D. setchellii	QUI2	cpdna_ir_regions	cpDNA	repeat_annotation	chloroplast	2	51472	47532939	923.471771	51471	0.999981	51469	0.999942	51467	0.999903	/home/neil/Downloads/dudleya/Dudleya_S_genomes/full_pipeline_run/results/05_analysis_masks/cpdna_ir_regions.bed	/home/neil/Downloads/dudleya/Dudleya_S_genomes/full_pipeline_run/results/06_all_sample_alignment/qc/QUI2_LP_245_Du-633.depth.tsv
QUI2_LP_245_Du-633	QB3.Berkeley.251217/QB3.Results.260109	D. setchellii	QUI2	cpdna_duplicate_ir_mask	cpDNA	mask	chloroplast	1	25736	23434838	910.585872	25736	1.000000	25734	0.999922	25733	0.999883	/home/neil/Downloads/dudleya/Dudleya_S_genomes/full_pipeline_run/results/05_analysis_masks/cpdna_duplicate_ir_copy_mask.bed	/home/neil/Downloads/dudleya/Dudleya_S_genomes/full_pipeline_run/results/06_all_sample_alignment/qc/QUI2_LP_245_Du-633.depth.tsv
QUI2_LP_245_Du-633	QB3.Berkeley.251217/QB3.Results.260109	D. setchellii	QUI2	cpdna_population_sites	cpDNA	variant_calling_and_population_genetics	chloroplast	1	124538	122793630	985.993271	124537	0.999992	124537	0.999992	124536	0.999984	/home/neil/Downloads/dudleya/Dudleya_S_genomes/full_pipeline_run/results/05_analysis_masks/cpdna_population_sites.bed	/home/neil/Downloads/dudleya/Dudleya_S_genomes/full_pipeline_run/results/06_all_sample_alignment/qc/QUI2_LP_245_Du-633.depth.tsv
QUI2_LP_245_Du-633	QB3.Berkeley.251217/QB3.Results.260109	D. setchellii	QUI2	mtdna_permissive_coverage	mtDNA	sample_qc_coverage	mitochondria	1	243359	19722618	81.043306	242421	0.996146	242297	0.995636	242201	0.995242	/home/neil/Downloads/dudleya/Dudleya_S_genomes/full_pipeline_run/results/05_analysis_masks/mtdna_permissive_coverage_regions.bed	/home/neil/Downloads/dudleya/Dudleya_S_genomes/full_pipeline_run/results/06_all_sample_alignment/qc/QUI2_LP_245_Du-633.depth.tsv
QUI2_LP_245_Du-633	QB3.Berkeley.251217/QB3.Results.260109	D. setchellii	QUI2	mtdna_high_confidence_unique	mtDNA	variant_calling_and_population_genetics	mitochondria	2	44930	5976430	133.016470	44605	0.992767	44511	0.990674	44456	0.989450	/home/neil/Downloads/dudleya/Dudleya_S_genomes/full_pipeline_run/results/05_analysis_masks/mtdna_high_confidence_unique_regions.bed	/home/neil/Downloads/dudleya/Dudleya_S_genomes/full_pipeline_run/results/06_all_sample_alignment/qc/QUI2_LP_245_Du-633.depth.tsv
QUI2_LP_246_Du-634	QB3.Berkeley.251217/QB3.Results.260109	D. setchellii	QUI2	cpdna_full_coverage	cpDNA	sample_qc_coverage	chloroplast	1	150274	99370591	661.262700	150273	0.999993	150271	0.999980	150263	0.999927	/home/neil/Downloads/dudleya/Dudleya_S_genomes/full_pipeline_run/results/05_analysis_masks/cpdna_full_coverage_regions.bed	/home/neil/Downloads/dudleya/Dudleya_S_genomes/full_pipeline_run/results/06_all_sample_alignment/qc/QUI2_LP_246_Du-634.depth.tsv
QUI2_LP_246_Du-634	QB3.Berkeley.251217/QB3.Results.260109	D. setchellii	QUI2	cpdna_ir_regions	cpDNA	repeat_annotation	chloroplast	2	51472	36350507	706.219051	51471	0.999981	51469	0.999942	51462	0.999806	/home/neil/Downloads/dudleya/Dudleya_S_genomes/full_pipeline_run/results/05_analysis_masks/cpdna_ir_regions.bed	/home/neil/Downloads/dudleya/Dudleya_S_genomes/full_pipeline_run/results/06_all_sample_alignment/qc/QUI2_LP_246_Du-634.depth.tsv
QUI2_LP_246_Du-634	QB3.Berkeley.251217/QB3.Results.260109	D. setchellii	QUI2	cpdna_duplicate_ir_mask	cpDNA	mask	chloroplast	1	25736	17688777	687.316483	25736	1.000000	25734	0.999922	25727	0.999650	/home/neil/Downloads/dudleya/Dudleya_S_genomes/full_pipeline_run/results/05_analysis_masks/cpdna_duplicate_ir_copy_mask.bed	/home/neil/Downloads/dudleya/Dudleya_S_genomes/full_pipeline_run/results/06_all_sample_alignment/qc/QUI2_LP_246_Du-634.depth.tsv
QUI2_LP_246_Du-634	QB3.Berkeley.251217/QB3.Results.260109	D. setchellii	QUI2	cpdna_population_sites	cpDNA	variant_calling_and_population_genetics	chloroplast	1	124538	81681814	655.878639	124537	0.999992	124537	0.999992	124536	0.999984	/home/neil/Downloads/dudleya/Dudleya_S_genomes/full_pipeline_run/results/05_analysis_masks/cpdna_population_sites.bed	/home/neil/Downloads/dudleya/Dudleya_S_genomes/full_pipeline_run/results/06_all_sample_alignment/qc/QUI2_LP_246_Du-634.depth.tsv
QUI2_LP_246_Du-634	QB3.Berkeley.251217/QB3.Results.260109	D. setchellii	QUI2	mtdna_permissive_coverage	mtDNA	sample_qc_coverage	mitochondria	1	243359	11103346	45.625377	242274	0.995542	242145	0.995011	242048	0.994613	/home/neil/Downloads/dudleya/Dudleya_S_genomes/full_pipeline_run/results/05_analysis_masks/mtdna_permissive_coverage_regions.bed	/home/neil/Downloads/dudleya/Dudleya_S_genomes/full_pipeline_run/results/06_all_sample_alignment/qc/QUI2_LP_246_Du-634.depth.tsv
QUI2_LP_246_Du-634	QB3.Berkeley.251217/QB3.Results.260109	D. setchellii	QUI2	mtdna_high_confidence_unique	mtDNA	variant_calling_and_population_genetics	mitochondria	2	44930	3354965	74.670933	44440	0.989094	44414	0.988515	44413	0.988493	/home/neil/Downloads/dudleya/Dudleya_S_genomes/full_pipeline_run/results/05_analysis_masks/mtdna_high_confidence_unique_regions.bed	/home/neil/Downloads/dudleya/Dudleya_S_genomes/full_pipeline_run/results/06_all_sample_alignment/qc/QUI2_LP_246_Du-634.depth.tsv
QUI2_LP_247_Du-635	QB3.Berkeley.251217/QB3.Results.260109	D. setchellii	QUI2	cpdna_full_coverage	cpDNA	sample_qc_coverage	chloroplast	1	150274	206872471	1376.635153	150274	1.000000	150271	0.999980	150269	0.999967	/home/neil/Downloads/dudleya/Dudleya_S_genomes/full_pipeline_run/results/05_analysis_masks/cpdna_full_coverage_regions.bed	/home/neil/Downloads/dudleya/Dudleya_S_genomes/full_pipeline_run/results/06_all_sample_alignment/qc/QUI2_LP_247_Du-635.depth.tsv
QUI2_LP_247_Du-635	QB3.Berkeley.251217/QB3.Results.260109	D. setchellii	QUI2	cpdna_ir_regions	cpDNA	repeat_annotation	chloroplast	2	51472	68730279	1335.294510	51472	1.000000	51469	0.999942	51467	0.999903	/home/neil/Downloads/dudleya/Dudleya_S_genomes/full_pipeline_run/results/05_analysis_masks/cpdna_ir_regions.bed	/home/neil/Downloads/dudleya/Dudleya_S_genomes/full_pipeline_run/results/06_all_sample_alignment/qc/QUI2_LP_247_Du-635.depth.tsv
QUI2_LP_247_Du-635	QB3.Berkeley.251217/QB3.Results.260109	D. setchellii	QUI2	cpdna_duplicate_ir_mask	cpDNA	mask	chloroplast	1	25736	33956635	1319.421627	25736	1.000000	25734	0.999922	25732	0.999845	/home/neil/Downloads/dudleya/Dudleya_S_genomes/full_pipeline_run/results/05_analysis_masks/cpdna_duplicate_ir_copy_mask.bed	/home/neil/Downloads/dudleya/Dudleya_S_genomes/full_pipeline_run/results/06_all_sample_alignment/qc/QUI2_LP_247_Du-635.depth.tsv
QUI2_LP_247_Du-635	QB3.Berkeley.251217/QB3.Results.260109	D. setchellii	QUI2	cpdna_population_sites	cpDNA	variant_calling_and_population_genetics	chloroplast	1	124538	172915836	1388.458430	124538	1.000000	124537	0.999992	124537	0.999992	/home/neil/Downloads/dudleya/Dudleya_S_genomes/full_pipeline_run/results/05_analysis_masks/cpdna_population_sites.bed	/home/neil/Downloads/dudleya/Dudleya_S_genomes/full_pipeline_run/results/06_all_sample_alignment/qc/QUI2_LP_247_Du-635.depth.tsv
QUI2_LP_247_Du-635	QB3.Berkeley.251217/QB3.Results.260109	D. setchellii	QUI2	mtdna_permissive_coverage	mtDNA	sample_qc_coverage	mitochondria	1	243359	29465990	121.080338	242426	0.996166	242293	0.995620	242222	0.995328	/home/neil/Downloads/dudleya/Dudleya_S_genomes/full_pipeline_run/results/05_analysis_masks/mtdna_permissive_coverage_regions.bed	/home/neil/Downloads/dudleya/Dudleya_S_genomes/full_pipeline_run/results/06_all_sample_alignment/qc/QUI2_LP_247_Du-635.depth.tsv
QUI2_LP_247_Du-635	QB3.Berkeley.251217/QB3.Results.260109	D. setchellii	QUI2	mtdna_high_confidence_unique	mtDNA	variant_calling_and_population_genetics	mitochondria	2	44930	8967667	199.591965	44568	0.991943	44509	0.990630	44473	0.989829	/home/neil/Downloads/dudleya/Dudleya_S_genomes/full_pipeline_run/results/05_analysis_masks/mtdna_high_confidence_unique_regions.bed	/home/neil/Downloads/dudleya/Dudleya_S_genomes/full_pipeline_run/results/06_all_sample_alignment/qc/QUI2_LP_247_Du-635.depth.tsv
QUI2_LP_248_Du-636	QB3.Berkeley.251217/QB3.Results.260109	D. setchellii	QUI2	cpdna_full_coverage	cpDNA	sample_qc_coverage	chloroplast	1	150274	238194032	1585.064828	150274	1.000000	150272	0.999987	150269	0.999967	/home/neil/Downloads/dudleya/Dudleya_S_genomes/full_pipeline_run/results/05_analysis_masks/cpdna_full_coverage_regions.bed	/home/neil/Downloads/dudleya/Dudleya_S_genomes/full_pipeline_run/results/06_all_sample_alignment/qc/QUI2_LP_248_Du-636.depth.tsv
QUI2_LP_248_Du-636	QB3.Berkeley.251217/QB3.Results.260109	D. setchellii	QUI2	cpdna_ir_regions	cpDNA	repeat_annotation	chloroplast	2	51472	79280915	1540.272673	51472	1.000000	51470	0.999961	51467	0.999903	/home/neil/Downloads/dudleya/Dudleya_S_genomes/full_pipeline_run/results/05_analysis_masks/cpdna_ir_regions.bed	/home/neil/Downloads/dudleya/Dudleya_S_genomes/full_pipeline_run/results/06_all_sample_alignment/qc/QUI2_LP_248_Du-636.depth.tsv
QUI2_LP_248_Du-636	QB3.Berkeley.251217/QB3.Results.260109	D. setchellii	QUI2	cpdna_duplicate_ir_mask	cpDNA	mask	chloroplast	1	25736	38908128	1511.817221	25736	1.000000	25735	0.999961	25732	0.999845	/home/neil/Downloads/dudleya/Dudleya_S_genomes/full_pipeline_run/results/05_analysis_masks/cpdna_duplicate_ir_copy_mask.bed	/home/neil/Downloads/dudleya/Dudleya_S_genomes/full_pipeline_run/results/06_all_sample_alignment/qc/QUI2_LP_248_Du-636.depth.tsv
QUI2_LP_248_Du-636	QB3.Berkeley.251217/QB3.Results.260109	D. setchellii	QUI2	cpdna_population_sites	cpDNA	variant_calling_and_population_genetics	chloroplast	1	124538	199285904	1600.201577	124538	1.000000	124537	0.999992	124537	0.999992	/home/neil/Downloads/dudleya/Dudleya_S_genomes/full_pipeline_run/results/05_analysis_masks/cpdna_population_sites.bed	/home/neil/Downloads/dudleya/Dudleya_S_genomes/full_pipeline_run/results/06_all_sample_alignment/qc/QUI2_LP_248_Du-636.depth.tsv
QUI2_LP_248_Du-636	QB3.Berkeley.251217/QB3.Results.260109	D. setchellii	QUI2	mtdna_permissive_coverage	mtDNA	sample_qc_coverage	mitochondria	1	243359	27722849	113.917500	242399	0.996055	242217	0.995307	242175	0.995135	/home/neil/Downloads/dudleya/Dudleya_S_genomes/full_pipeline_run/results/05_analysis_masks/mtdna_permissive_coverage_regions.bed	/home/neil/Downloads/dudleya/Dudleya_S_genomes/full_pipeline_run/results/06_all_sample_alignment/qc/QUI2_LP_248_Du-636.depth.tsv
QUI2_LP_248_Du-636	QB3.Berkeley.251217/QB3.Results.260109	D. setchellii	QUI2	mtdna_high_confidence_unique	mtDNA	variant_calling_and_population_genetics	mitochondria	2	44930	8296648	184.657200	44560	0.991765	44417	0.988582	44413	0.988493	/home/neil/Downloads/dudleya/Dudleya_S_genomes/full_pipeline_run/results/05_analysis_masks/mtdna_high_confidence_unique_regions.bed	/home/neil/Downloads/dudleya/Dudleya_S_genomes/full_pipeline_run/results/06_all_sample_alignment/qc/QUI2_LP_248_Du-636.depth.tsv
QUI2_LP_337_Du-638	QB3.Berkeley.251217/QB3.Results.260109	D. setchellii	QUI2	cpdna_full_coverage	cpDNA	sample_qc_coverage	chloroplast	1	150274	63563272	422.982499	150272	0.999987	150268	0.999960	150264	0.999933	/home/neil/Downloads/dudleya/Dudleya_S_genomes/full_pipeline_run/results/05_analysis_masks/cpdna_full_coverage_regions.bed	/home/neil/Downloads/dudleya/Dudleya_S_genomes/full_pipeline_run/results/06_all_sample_alignment/qc/QUI2_LP_337_Du-638.depth.tsv
QUI2_LP_337_Du-638	QB3.Berkeley.251217/QB3.Results.260109	D. setchellii	QUI2	cpdna_ir_regions	cpDNA	repeat_annotation	chloroplast	2	51472	21569883	419.060518	51470	0.999961	51466	0.999883	51463	0.999825	/home/neil/Downloads/dudleya/Dudleya_S_genomes/full_pipeline_run/results/05_analysis_masks/cpdna_ir_regions.bed	/home/neil/Downloads/dudleya/Dudleya_S_genomes/full_pipeline_run/results/06_all_sample_alignment/qc/QUI2_LP_337_Du-638.depth.tsv
QUI2_LP_337_Du-638	QB3.Berkeley.251217/QB3.Results.260109	D. setchellii	QUI2	cpdna_duplicate_ir_mask	cpDNA	mask	chloroplast	1	25736	10646533	413.682507	25735	0.999961	25732	0.999845	25729	0.999728	/home/neil/Downloads/dudleya/Dudleya_S_genomes/full_pipeline_run/results/05_analysis_masks/cpdna_duplicate_ir_copy_mask.bed	/home/neil/Downloads/dudleya/Dudleya_S_genomes/full_pipeline_run/results/06_all_sample_alignment/qc/QUI2_LP_337_Du-638.depth.tsv
QUI2_LP_337_Du-638	QB3.Berkeley.251217/QB3.Results.260109	D. setchellii	QUI2	cpdna_population_sites	cpDNA	variant_calling_and_population_genetics	chloroplast	1	124538	52916739	424.904359	124537	0.999992	124536	0.999984	124535	0.999976	/home/neil/Downloads/dudleya/Dudleya_S_genomes/full_pipeline_run/results/05_analysis_masks/cpdna_population_sites.bed	/home/neil/Downloads/dudleya/Dudleya_S_genomes/full_pipeline_run/results/06_all_sample_alignment/qc/QUI2_LP_337_Du-638.depth.tsv
QUI2_LP_337_Du-638	QB3.Berkeley.251217/QB3.Results.260109	D. setchellii	QUI2	mtdna_permissive_coverage	mtDNA	sample_qc_coverage	mitochondria	1	243359	20489803	84.195789	242388	0.996010	242194	0.995213	242146	0.995016	/home/neil/Downloads/dudleya/Dudleya_S_genomes/full_pipeline_run/results/05_analysis_masks/mtdna_permissive_coverage_regions.bed	/home/neil/Downloads/dudleya/Dudleya_S_genomes/full_pipeline_run/results/06_all_sample_alignment/qc/QUI2_LP_337_Du-638.depth.tsv
QUI2_LP_337_Du-638	QB3.Berkeley.251217/QB3.Results.260109	D. setchellii	QUI2	mtdna_high_confidence_unique	mtDNA	variant_calling_and_population_genetics	mitochondria	2	44930	6234447	138.759114	44557	0.991698	44413	0.988493	44413	0.988493	/home/neil/Downloads/dudleya/Dudleya_S_genomes/full_pipeline_run/results/05_analysis_masks/mtdna_high_confidence_unique_regions.bed	/home/neil/Downloads/dudleya/Dudleya_S_genomes/full_pipeline_run/results/06_all_sample_alignment/qc/QUI2_LP_337_Du-638.depth.tsv
QUI2_LP_338_Du-639	QB3.Berkeley.251217/QB3.Results.260109	D. setchellii	QUI2	cpdna_full_coverage	cpDNA	sample_qc_coverage	chloroplast	1	150274	54371720	361.817214	150272	0.999987	150266	0.999947	150255	0.999874	/home/neil/Downloads/dudleya/Dudleya_S_genomes/full_pipeline_run/results/05_analysis_masks/cpdna_full_coverage_regions.bed	/home/neil/Downloads/dudleya/Dudleya_S_genomes/full_pipeline_run/results/06_all_sample_alignment/qc/QUI2_LP_338_Du-639.depth.tsv
QUI2_LP_338_Du-639	QB3.Berkeley.251217/QB3.Results.260109	D. setchellii	QUI2	cpdna_ir_regions	cpDNA	repeat_annotation	chloroplast	2	51472	19796130	384.599977	51470	0.999961	51466	0.999883	51459	0.999747	/home/neil/Downloads/dudleya/Dudleya_S_genomes/full_pipeline_run/results/05_analysis_masks/cpdna_ir_regions.bed	/home/neil/Downloads/dudleya/Dudleya_S_genomes/full_pipeline_run/results/06_all_sample_alignment/qc/QUI2_LP_338_Du-639.depth.tsv
QUI2_LP_338_Du-639	QB3.Berkeley.251217/QB3.Results.260109	D. setchellii	QUI2	cpdna_duplicate_ir_mask	cpDNA	mask	chloroplast	1	25736	9710778	377.322739	25734	0.999922	25731	0.999806	25725	0.999573	/home/neil/Downloads/dudleya/Dudleya_S_genomes/full_pipeline_run/results/05_analysis_masks/cpdna_duplicate_ir_copy_mask.bed	/home/neil/Downloads/dudleya/Dudleya_S_genomes/full_pipeline_run/results/06_all_sample_alignment/qc/QUI2_LP_338_Du-639.depth.tsv
QUI2_LP_338_Du-639	QB3.Berkeley.251217/QB3.Results.260109	D. setchellii	QUI2	cpdna_population_sites	cpDNA	variant_calling_and_population_genetics	chloroplast	1	124538	44660942	358.612970	124538	1.000000	124535	0.999976	124530	0.999936	/home/neil/Downloads/dudleya/Dudleya_S_genomes/full_pipeline_run/results/05_analysis_masks/cpdna_population_sites.bed	/home/neil/Downloads/dudleya/Dudleya_S_genomes/full_pipeline_run/results/06_all_sample_alignment/qc/QUI2_LP_338_Du-639.depth.tsv
QUI2_LP_338_Du-639	QB3.Berkeley.251217/QB3.Results.260109	D. setchellii	QUI2	mtdna_permissive_coverage	mtDNA	sample_qc_coverage	mitochondria	1	243359	4008646	16.472150	242032	0.994547	234960	0.965487	188897	0.776207	/home/neil/Downloads/dudleya/Dudleya_S_genomes/full_pipeline_run/results/05_analysis_masks/mtdna_permissive_coverage_regions.bed	/home/neil/Downloads/dudleya/Dudleya_S_genomes/full_pipeline_run/results/06_all_sample_alignment/qc/QUI2_LP_338_Du-639.depth.tsv
QUI2_LP_338_Du-639	QB3.Berkeley.251217/QB3.Results.260109	D. setchellii	QUI2	mtdna_high_confidence_unique	mtDNA	variant_calling_and_population_genetics	mitochondria	2	44930	1240565	27.611062	44487	0.990140	44389	0.987959	43865	0.976296	/home/neil/Downloads/dudleya/Dudleya_S_genomes/full_pipeline_run/results/05_analysis_masks/mtdna_high_confidence_unique_regions.bed	/home/neil/Downloads/dudleya/Dudleya_S_genomes/full_pipeline_run/results/06_all_sample_alignment/qc/QUI2_LP_338_Du-639.depth.tsv
QUI2_LP_339_Du-640	QB3.Berkeley.251217/QB3.Results.260109	D. setchellii	QUI2	cpdna_full_coverage	cpDNA	sample_qc_coverage	chloroplast	1	150274	112973024	751.780241	150274	1.000000	150271	0.999980	150263	0.999927	/home/neil/Downloads/dudleya/Dudleya_S_genomes/full_pipeline_run/results/05_analysis_masks/cpdna_full_coverage_regions.bed	/home/neil/Downloads/dudleya/Dudleya_S_genomes/full_pipeline_run/results/06_all_sample_alignment/qc/QUI2_LP_339_Du-640.depth.tsv
QUI2_LP_339_Du-640	QB3.Berkeley.251217/QB3.Results.260109	D. setchellii	QUI2	cpdna_ir_regions	cpDNA	repeat_annotation	chloroplast	2	51472	40804628	792.753886	51472	1.000000	51469	0.999942	51462	0.999806	/home/neil/Downloads/dudleya/Dudleya_S_genomes/full_pipeline_run/results/05_analysis_masks/cpdna_ir_regions.bed	/home/neil/Downloads/dudleya/Dudleya_S_genomes/full_pipeline_run/results/06_all_sample_alignment/qc/QUI2_LP_339_Du-640.depth.tsv
QUI2_LP_339_Du-640	QB3.Berkeley.251217/QB3.Results.260109	D. setchellii	QUI2	cpdna_duplicate_ir_mask	cpDNA	mask	chloroplast	1	25736	19875985	772.302805	25736	1.000000	25734	0.999922	25728	0.999689	/home/neil/Downloads/dudleya/Dudleya_S_genomes/full_pipeline_run/results/05_analysis_masks/cpdna_duplicate_ir_copy_mask.bed	/home/neil/Downloads/dudleya/Dudleya_S_genomes/full_pipeline_run/results/06_all_sample_alignment/qc/QUI2_LP_339_Du-640.depth.tsv
QUI2_LP_339_Du-640	QB3.Berkeley.251217/QB3.Results.260109	D. setchellii	QUI2	cpdna_population_sites	cpDNA	variant_calling_and_population_genetics	chloroplast	1	124538	93097039	747.539217	124538	1.000000	124537	0.999992	124535	0.999976	/home/neil/Downloads/dudleya/Dudleya_S_genomes/full_pipeline_run/results/05_analysis_masks/cpdna_population_sites.bed	/home/neil/Downloads/dudleya/Dudleya_S_genomes/full_pipeline_run/results/06_all_sample_alignment/qc/QUI2_LP_339_Du-640.depth.tsv
QUI2_LP_339_Du-640	QB3.Berkeley.251217/QB3.Results.260109	D. setchellii	QUI2	mtdna_permissive_coverage	mtDNA	sample_qc_coverage	mitochondria	1	243359	17172534	70.564614	242277	0.995554	242191	0.995201	242093	0.994798	/home/neil/Downloads/dudleya/Dudleya_S_genomes/full_pipeline_run/results/05_analysis_masks/mtdna_permissive_coverage_regions.bed	/home/neil/Downloads/dudleya/Dudleya_S_genomes/full_pipeline_run/results/06_all_sample_alignment/qc/QUI2_LP_339_Du-640.depth.tsv
QUI2_LP_339_Du-640	QB3.Berkeley.251217/QB3.Results.260109	D. setchellii	QUI2	mtdna_high_confidence_unique	mtDNA	variant_calling_and_population_genetics	mitochondria	2	44930	5230251	116.408880	44448	0.989272	44421	0.988671	44412	0.988471	/home/neil/Downloads/dudleya/Dudleya_S_genomes/full_pipeline_run/results/05_analysis_masks/mtdna_high_confidence_unique_regions.bed	/home/neil/Downloads/dudleya/Dudleya_S_genomes/full_pipeline_run/results/06_all_sample_alignment/qc/QUI2_LP_339_Du-640.depth.tsv
QUI2_LP_340_Du-641	QB3.Berkeley.251217/QB3.Results.260109	D. setchellii	QUI2	cpdna_full_coverage	cpDNA	sample_qc_coverage	chloroplast	1	150274	86823923	577.770759	150274	1.000000	150270	0.999973	150260	0.999907	/home/neil/Downloads/dudleya/Dudleya_S_genomes/full_pipeline_run/results/05_analysis_masks/cpdna_full_coverage_regions.bed	/home/neil/Downloads/dudleya/Dudleya_S_genomes/full_pipeline_run/results/06_all_sample_alignment/qc/QUI2_LP_340_Du-641.depth.tsv
QUI2_LP_340_Du-641	QB3.Berkeley.251217/QB3.Results.260109	D. setchellii	QUI2	cpdna_ir_regions	cpDNA	repeat_annotation	chloroplast	2	51472	36031065	700.012920	51472	1.000000	51469	0.999942	51461	0.999786	/home/neil/Downloads/dudleya/Dudleya_S_genomes/full_pipeline_run/results/05_analysis_masks/cpdna_ir_regions.bed	/home/neil/Downloads/dudleya/Dudleya_S_genomes/full_pipeline_run/results/06_all_sample_alignment/qc/QUI2_LP_340_Du-641.depth.tsv
QUI2_LP_340_Du-641	QB3.Berkeley.251217/QB3.Results.260109	D. setchellii	QUI2	cpdna_duplicate_ir_mask	cpDNA	mask	chloroplast	1	25736	17503148	680.103668	25736	1.000000	25734	0.999922	25726	0.999611	/home/neil/Downloads/dudleya/Dudleya_S_genomes/full_pipeline_run/results/05_analysis_masks/cpdna_duplicate_ir_copy_mask.bed	/home/neil/Downloads/dudleya/Dudleya_S_genomes/full_pipeline_run/results/06_all_sample_alignment/qc/QUI2_LP_340_Du-641.depth.tsv
QUI2_LP_340_Du-641	QB3.Berkeley.251217/QB3.Results.260109	D. setchellii	QUI2	cpdna_population_sites	cpDNA	variant_calling_and_population_genetics	chloroplast	1	124538	69320775	556.623480	124538	1.000000	124536	0.999984	124534	0.999968	/home/neil/Downloads/dudleya/Dudleya_S_genomes/full_pipeline_run/results/05_analysis_masks/cpdna_population_sites.bed	/home/neil/Downloads/dudleya/Dudleya_S_genomes/full_pipeline_run/results/06_all_sample_alignment/qc/QUI2_LP_340_Du-641.depth.tsv
QUI2_LP_340_Du-641	QB3.Berkeley.251217/QB3.Results.260109	D. setchellii	QUI2	mtdna_permissive_coverage	mtDNA	sample_qc_coverage	mitochondria	1	243359	29250617	120.195337	242414	0.996117	242209	0.995274	242167	0.995102	/home/neil/Downloads/dudleya/Dudleya_S_genomes/full_pipeline_run/results/05_analysis_masks/mtdna_permissive_coverage_regions.bed	/home/neil/Downloads/dudleya/Dudleya_S_genomes/full_pipeline_run/results/06_all_sample_alignment/qc/QUI2_LP_340_Du-641.depth.tsv
QUI2_LP_340_Du-641	QB3.Berkeley.251217/QB3.Results.260109	D. setchellii	QUI2	mtdna_high_confidence_unique	mtDNA	variant_calling_and_population_genetics	mitochondria	2	44930	8928764	198.726107	44580	0.992210	44433	0.988938	44433	0.988938	/home/neil/Downloads/dudleya/Dudleya_S_genomes/full_pipeline_run/results/05_analysis_masks/mtdna_high_confidence_unique_regions.bed	/home/neil/Downloads/dudleya/Dudleya_S_genomes/full_pipeline_run/results/06_all_sample_alignment/qc/QUI2_LP_340_Du-641.depth.tsv
QUIN_LP_069_Du-155	QB3.Berkeley.251217/QB3.Results.260109	D. setchellii	QUIN	cpdna_full_coverage	cpDNA	sample_qc_coverage	chloroplast	1	150274	43646965	290.449213	150273	0.999993	150265	0.999940	150229	0.999701	/home/neil/Downloads/dudleya/Dudleya_S_genomes/full_pipeline_run/results/05_analysis_masks/cpdna_full_coverage_regions.bed	/home/neil/Downloads/dudleya/Dudleya_S_genomes/full_pipeline_run/results/06_all_sample_alignment/qc/QUIN_LP_069_Du-155.depth.tsv
QUIN_LP_069_Du-155	QB3.Berkeley.251217/QB3.Results.260109	D. setchellii	QUIN	cpdna_ir_regions	cpDNA	repeat_annotation	chloroplast	2	51472	15287763	297.011249	51471	0.999981	51463	0.999825	51435	0.999281	/home/neil/Downloads/dudleya/Dudleya_S_genomes/full_pipeline_run/results/05_analysis_masks/cpdna_ir_regions.bed	/home/neil/Downloads/dudleya/Dudleya_S_genomes/full_pipeline_run/results/06_all_sample_alignment/qc/QUIN_LP_069_Du-155.depth.tsv
QUIN_LP_069_Du-155	QB3.Berkeley.251217/QB3.Results.260109	D. setchellii	QUIN	cpdna_duplicate_ir_mask	cpDNA	mask	chloroplast	1	25736	7501715	291.487216	25736	1.000000	25731	0.999806	25711	0.999029	/home/neil/Downloads/dudleya/Dudleya_S_genomes/full_pipeline_run/results/05_analysis_masks/cpdna_duplicate_ir_copy_mask.bed	/home/neil/Downloads/dudleya/Dudleya_S_genomes/full_pipeline_run/results/06_all_sample_alignment/qc/QUIN_LP_069_Du-155.depth.tsv
QUIN_LP_069_Du-155	QB3.Berkeley.251217/QB3.Results.260109	D. setchellii	QUIN	cpdna_population_sites	cpDNA	variant_calling_and_population_genetics	chloroplast	1	124538	36145250	290.234707	124537	0.999992	124534	0.999968	124518	0.999839	/home/neil/Downloads/dudleya/Dudleya_S_genomes/full_pipeline_run/results/05_analysis_masks/cpdna_population_sites.bed	/home/neil/Downloads/dudleya/Dudleya_S_genomes/full_pipeline_run/results/06_all_sample_alignment/qc/QUIN_LP_069_Du-155.depth.tsv
QUIN_LP_069_Du-155	QB3.Berkeley.251217/QB3.Results.260109	D. setchellii	QUIN	mtdna_permissive_coverage	mtDNA	sample_qc_coverage	mitochondria	1	243359	5833577	23.971076	242250	0.995443	241912	0.994054	234252	0.962578	/home/neil/Downloads/dudleya/Dudleya_S_genomes/full_pipeline_run/results/05_analysis_masks/mtdna_permissive_coverage_regions.bed	/home/neil/Downloads/dudleya/Dudleya_S_genomes/full_pipeline_run/results/06_all_sample_alignment/qc/QUIN_LP_069_Du-155.depth.tsv
QUIN_LP_069_Du-155	QB3.Berkeley.251217/QB3.Results.260109	D. setchellii	QUIN	mtdna_high_confidence_unique	mtDNA	variant_calling_and_population_genetics	mitochondria	2	44930	1774394	39.492410	44434	0.988961	44410	0.988426	44347	0.987024	/home/neil/Downloads/dudleya/Dudleya_S_genomes/full_pipeline_run/results/05_analysis_masks/mtdna_high_confidence_unique_regions.bed	/home/neil/Downloads/dudleya/Dudleya_S_genomes/full_pipeline_run/results/06_all_sample_alignment/qc/QUIN_LP_069_Du-155.depth.tsv
QUIN_LP_070_Du-156	QB3.Berkeley.251217/QB3.Results.260109	D. setchellii	QUIN	cpdna_full_coverage	cpDNA	sample_qc_coverage	chloroplast	1	150274	80714994	537.118823	150274	1.000000	150271	0.999980	150269	0.999967	/home/neil/Downloads/dudleya/Dudleya_S_genomes/full_pipeline_run/results/05_analysis_masks/cpdna_full_coverage_regions.bed	/home/neil/Downloads/dudleya/Dudleya_S_genomes/full_pipeline_run/results/06_all_sample_alignment/qc/QUIN_LP_070_Du-156.depth.tsv
QUIN_LP_070_Du-156	QB3.Berkeley.251217/QB3.Results.260109	D. setchellii	QUIN	cpdna_ir_regions	cpDNA	repeat_annotation	chloroplast	2	51472	28163834	547.168053	51472	1.000000	51469	0.999942	51467	0.999903	/home/neil/Downloads/dudleya/Dudleya_S_genomes/full_pipeline_run/results/05_analysis_masks/cpdna_ir_regions.bed	/home/neil/Downloads/dudleya/Dudleya_S_genomes/full_pipeline_run/results/06_all_sample_alignment/qc/QUIN_LP_070_Du-156.depth.tsv
QUIN_LP_070_Du-156	QB3.Berkeley.251217/QB3.Results.260109	D. setchellii	QUIN	cpdna_duplicate_ir_mask	cpDNA	mask	chloroplast	1	25736	13934670	541.446612	25736	1.000000	25735	0.999961	25733	0.999883	/home/neil/Downloads/dudleya/Dudleya_S_genomes/full_pipeline_run/results/05_analysis_masks/cpdna_duplicate_ir_copy_mask.bed	/home/neil/Downloads/dudleya/Dudleya_S_genomes/full_pipeline_run/results/06_all_sample_alignment/qc/QUIN_LP_070_Du-156.depth.tsv
QUIN_LP_070_Du-156	QB3.Berkeley.251217/QB3.Results.260109	D. setchellii	QUIN	cpdna_population_sites	cpDNA	variant_calling_and_population_genetics	chloroplast	1	124538	66780324	536.224478	124538	1.000000	124536	0.999984	124536	0.999984	/home/neil/Downloads/dudleya/Dudleya_S_genomes/full_pipeline_run/results/05_analysis_masks/cpdna_population_sites.bed	/home/neil/Downloads/dudleya/Dudleya_S_genomes/full_pipeline_run/results/06_all_sample_alignment/qc/QUIN_LP_070_Du-156.depth.tsv
QUIN_LP_070_Du-156	QB3.Berkeley.251217/QB3.Results.260109	D. setchellii	QUIN	mtdna_permissive_coverage	mtDNA	sample_qc_coverage	mitochondria	1	243359	10740179	44.133067	242407	0.996088	242166	0.995098	242085	0.994765	/home/neil/Downloads/dudleya/Dudleya_S_genomes/full_pipeline_run/results/05_analysis_masks/mtdna_permissive_coverage_regions.bed	/home/neil/Downloads/dudleya/Dudleya_S_genomes/full_pipeline_run/results/06_all_sample_alignment/qc/QUIN_LP_070_Du-156.depth.tsv
QUIN_LP_070_Du-156	QB3.Berkeley.251217/QB3.Results.260109	D. setchellii	QUIN	mtdna_high_confidence_unique	mtDNA	variant_calling_and_population_genetics	mitochondria	2	44930	3300185	73.451703	44492	0.990252	44417	0.988582	44413	0.988493	/home/neil/Downloads/dudleya/Dudleya_S_genomes/full_pipeline_run/results/05_analysis_masks/mtdna_high_confidence_unique_regions.bed	/home/neil/Downloads/dudleya/Dudleya_S_genomes/full_pipeline_run/results/06_all_sample_alignment/qc/QUIN_LP_070_Du-156.depth.tsv
QUIN_LP_071_Du-157	QB3.Berkeley.251217/QB3.Results.260109	D. setchellii	QUIN	cpdna_full_coverage	cpDNA	sample_qc_coverage	chloroplast	1	150274	95315549	634.278378	150274	1.000000	150272	0.999987	150262	0.999920	/home/neil/Downloads/dudleya/Dudleya_S_genomes/full_pipeline_run/results/05_analysis_masks/cpdna_full_coverage_regions.bed	/home/neil/Downloads/dudleya/Dudleya_S_genomes/full_pipeline_run/results/06_all_sample_alignment/qc/QUIN_LP_071_Du-157.depth.tsv
QUIN_LP_071_Du-157	QB3.Berkeley.251217/QB3.Results.260109	D. setchellii	QUIN	cpdna_ir_regions	cpDNA	repeat_annotation	chloroplast	2	51472	33486954	650.585833	51472	1.000000	51470	0.999961	51462	0.999806	/home/neil/Downloads/dudleya/Dudleya_S_genomes/full_pipeline_run/results/05_analysis_masks/cpdna_ir_regions.bed	/home/neil/Downloads/dudleya/Dudleya_S_genomes/full_pipeline_run/results/06_all_sample_alignment/qc/QUIN_LP_071_Du-157.depth.tsv
QUIN_LP_071_Du-157	QB3.Berkeley.251217/QB3.Results.260109	D. setchellii	QUIN	cpdna_duplicate_ir_mask	cpDNA	mask	chloroplast	1	25736	16485736	640.571029	25736	1.000000	25735	0.999961	25728	0.999689	/home/neil/Downloads/dudleya/Dudleya_S_genomes/full_pipeline_run/results/05_analysis_masks/cpdna_duplicate_ir_copy_mask.bed	/home/neil/Downloads/dudleya/Dudleya_S_genomes/full_pipeline_run/results/06_all_sample_alignment/qc/QUIN_LP_071_Du-157.depth.tsv
QUIN_LP_071_Du-157	QB3.Berkeley.251217/QB3.Results.260109	D. setchellii	QUIN	cpdna_population_sites	cpDNA	variant_calling_and_population_genetics	chloroplast	1	124538	78829813	632.977991	124538	1.000000	124537	0.999992	124534	0.999968	/home/neil/Downloads/dudleya/Dudleya_S_genomes/full_pipeline_run/results/05_analysis_masks/cpdna_population_sites.bed	/home/neil/Downloads/dudleya/Dudleya_S_genomes/full_pipeline_run/results/06_all_sample_alignment/qc/QUIN_LP_071_Du-157.depth.tsv
QUIN_LP_071_Du-157	QB3.Berkeley.251217/QB3.Results.260109	D. setchellii	QUIN	mtdna_permissive_coverage	mtDNA	sample_qc_coverage	mitochondria	1	243359	8139198	33.445231	242353	0.995866	242115	0.994888	241293	0.991510	/home/neil/Downloads/dudleya/Dudleya_S_genomes/full_pipeline_run/results/05_analysis_masks/mtdna_permissive_coverage_regions.bed	/home/neil/Downloads/dudleya/Dudleya_S_genomes/full_pipeline_run/results/06_all_sample_alignment/qc/QUIN_LP_071_Du-157.depth.tsv
QUIN_LP_071_Du-157	QB3.Berkeley.251217/QB3.Results.260109	D. setchellii	QUIN	mtdna_high_confidence_unique	mtDNA	variant_calling_and_population_genetics	mitochondria	2	44930	2461220	54.778990	44537	0.991253	44413	0.988493	44413	0.988493	/home/neil/Downloads/dudleya/Dudleya_S_genomes/full_pipeline_run/results/05_analysis_masks/mtdna_high_confidence_unique_regions.bed	/home/neil/Downloads/dudleya/Dudleya_S_genomes/full_pipeline_run/results/06_all_sample_alignment/qc/QUIN_LP_071_Du-157.depth.tsv
QUIN_LP_072_Du-158	QB3.Berkeley.251217/QB3.Results.260109	D. setchellii	QUIN	cpdna_full_coverage	cpDNA	sample_qc_coverage	chloroplast	1	150274	102779962	683.950397	150273	0.999993	150270	0.999973	150268	0.999960	/home/neil/Downloads/dudleya/Dudleya_S_genomes/full_pipeline_run/results/05_analysis_masks/cpdna_full_coverage_regions.bed	/home/neil/Downloads/dudleya/Dudleya_S_genomes/full_pipeline_run/results/06_all_sample_alignment/qc/QUIN_LP_072_Du-158.depth.tsv
QUIN_LP_072_Du-158	QB3.Berkeley.251217/QB3.Results.260109	D. setchellii	QUIN	cpdna_ir_regions	cpDNA	repeat_annotation	chloroplast	2	51472	36520448	709.520671	51471	0.999981	51468	0.999922	51466	0.999883	/home/neil/Downloads/dudleya/Dudleya_S_genomes/full_pipeline_run/results/05_analysis_masks/cpdna_ir_regions.bed	/home/neil/Downloads/dudleya/Dudleya_S_genomes/full_pipeline_run/results/06_all_sample_alignment/qc/QUIN_LP_072_Du-158.depth.tsv
QUIN_LP_072_Du-158	QB3.Berkeley.251217/QB3.Results.260109	D. setchellii	QUIN	cpdna_duplicate_ir_mask	cpDNA	mask	chloroplast	1	25736	17983149	698.754624	25736	1.000000	25733	0.999883	25732	0.999845	/home/neil/Downloads/dudleya/Dudleya_S_genomes/full_pipeline_run/results/05_analysis_masks/cpdna_duplicate_ir_copy_mask.bed	/home/neil/Downloads/dudleya/Dudleya_S_genomes/full_pipeline_run/results/06_all_sample_alignment/qc/QUIN_LP_072_Du-158.depth.tsv
QUIN_LP_072_Du-158	QB3.Berkeley.251217/QB3.Results.260109	D. setchellii	QUIN	cpdna_population_sites	cpDNA	variant_calling_and_population_genetics	chloroplast	1	124538	84796813	680.891077	124537	0.999992	124537	0.999992	124536	0.999984	/home/neil/Downloads/dudleya/Dudleya_S_genomes/full_pipeline_run/results/05_analysis_masks/cpdna_population_sites.bed	/home/neil/Downloads/dudleya/Dudleya_S_genomes/full_pipeline_run/results/06_all_sample_alignment/qc/QUIN_LP_072_Du-158.depth.tsv
QUIN_LP_072_Du-158	QB3.Berkeley.251217/QB3.Results.260109	D. setchellii	QUIN	mtdna_permissive_coverage	mtDNA	sample_qc_coverage	mitochondria	1	243359	8877677	36.479756	242378	0.995969	242239	0.995398	241668	0.993051	/home/neil/Downloads/dudleya/Dudleya_S_genomes/full_pipeline_run/results/05_analysis_masks/mtdna_permissive_coverage_regions.bed	/home/neil/Downloads/dudleya/Dudleya_S_genomes/full_pipeline_run/results/06_all_sample_alignment/qc/QUIN_LP_072_Du-158.depth.tsv
QUIN_LP_072_Du-158	QB3.Berkeley.251217/QB3.Results.260109	D. setchellii	QUIN	mtdna_high_confidence_unique	mtDNA	variant_calling_and_population_genetics	mitochondria	2	44930	2712463	60.370866	44545	0.991431	44465	0.989651	44412	0.988471	/home/neil/Downloads/dudleya/Dudleya_S_genomes/full_pipeline_run/results/05_analysis_masks/mtdna_high_confidence_unique_regions.bed	/home/neil/Downloads/dudleya/Dudleya_S_genomes/full_pipeline_run/results/06_all_sample_alignment/qc/QUIN_LP_072_Du-158.depth.tsv
QUIN_LP_073_Du-159	QB3.Berkeley.251217/QB3.Results.260109	D. setchellii	QUIN	cpdna_full_coverage	cpDNA	sample_qc_coverage	chloroplast	1	150274	145704101	969.589556	150274	1.000000	150270	0.999973	150269	0.999967	/home/neil/Downloads/dudleya/Dudleya_S_genomes/full_pipeline_run/results/05_analysis_masks/cpdna_full_coverage_regions.bed	/home/neil/Downloads/dudleya/Dudleya_S_genomes/full_pipeline_run/results/06_all_sample_alignment/qc/QUIN_LP_073_Du-159.depth.tsv
QUIN_LP_073_Du-159	QB3.Berkeley.251217/QB3.Results.260109	D. setchellii	QUIN	cpdna_ir_regions	cpDNA	repeat_annotation	chloroplast	2	51472	49718030	965.923803	51472	1.000000	51468	0.999922	51467	0.999903	/home/neil/Downloads/dudleya/Dudleya_S_genomes/full_pipeline_run/results/05_analysis_masks/cpdna_ir_regions.bed	/home/neil/Downloads/dudleya/Dudleya_S_genomes/full_pipeline_run/results/06_all_sample_alignment/qc/QUIN_LP_073_Du-159.depth.tsv
QUIN_LP_073_Du-159	QB3.Berkeley.251217/QB3.Results.260109	D. setchellii	QUIN	cpdna_duplicate_ir_mask	cpDNA	mask	chloroplast	1	25736	24494405	951.756489	25736	1.000000	25733	0.999883	25732	0.999845	/home/neil/Downloads/dudleya/Dudleya_S_genomes/full_pipeline_run/results/05_analysis_masks/cpdna_duplicate_ir_copy_mask.bed	/home/neil/Downloads/dudleya/Dudleya_S_genomes/full_pipeline_run/results/06_all_sample_alignment/qc/QUIN_LP_073_Du-159.depth.tsv
QUIN_LP_073_Du-159	QB3.Berkeley.251217/QB3.Results.260109	D. setchellii	QUIN	cpdna_population_sites	cpDNA	variant_calling_and_population_genetics	chloroplast	1	124538	121209696	973.274792	124538	1.000000	124537	0.999992	124537	0.999992	/home/neil/Downloads/dudleya/Dudleya_S_genomes/full_pipeline_run/results/05_analysis_masks/cpdna_population_sites.bed	/home/neil/Downloads/dudleya/Dudleya_S_genomes/full_pipeline_run/results/06_all_sample_alignment/qc/QUIN_LP_073_Du-159.depth.tsv
QUIN_LP_073_Du-159	QB3.Berkeley.251217/QB3.Results.260109	D. setchellii	QUIN	mtdna_permissive_coverage	mtDNA	sample_qc_coverage	mitochondria	1	243359	25478541	104.695290	242404	0.996076	242302	0.995657	242232	0.995369	/home/neil/Downloads/dudleya/Dudleya_S_genomes/full_pipeline_run/results/05_analysis_masks/mtdna_permissive_coverage_regions.bed	/home/neil/Downloads/dudleya/Dudleya_S_genomes/full_pipeline_run/results/06_all_sample_alignment/qc/QUIN_LP_073_Du-159.depth.tsv
QUIN_LP_073_Du-159	QB3.Berkeley.251217/QB3.Results.260109	D. setchellii	QUIN	mtdna_high_confidence_unique	mtDNA	variant_calling_and_population_genetics	mitochondria	2	44930	7733352	172.120009	44568	0.991943	44515	0.990763	44475	0.989873	/home/neil/Downloads/dudleya/Dudleya_S_genomes/full_pipeline_run/results/05_analysis_masks/mtdna_high_confidence_unique_regions.bed	/home/neil/Downloads/dudleya/Dudleya_S_genomes/full_pipeline_run/results/06_all_sample_alignment/qc/QUIN_LP_073_Du-159.depth.tsv
QUIN_LP_074_Du-160	QB3.Berkeley.251217/QB3.Results.260109	D. setchellii	QUIN	cpdna_full_coverage	cpDNA	sample_qc_coverage	chloroplast	1	150274	78503494	522.402372	150274	1.000000	150271	0.999980	150259	0.999900	/home/neil/Downloads/dudleya/Dudleya_S_genomes/full_pipeline_run/results/05_analysis_masks/cpdna_full_coverage_regions.bed	/home/neil/Downloads/dudleya/Dudleya_S_genomes/full_pipeline_run/results/06_all_sample_alignment/qc/QUIN_LP_074_Du-160.depth.tsv
QUIN_LP_074_Du-160	QB3.Berkeley.251217/QB3.Results.260109	D. setchellii	QUIN	cpdna_ir_regions	cpDNA	repeat_annotation	chloroplast	2	51472	26854048	521.721480	51472	1.000000	51469	0.999942	51459	0.999747	/home/neil/Downloads/dudleya/Dudleya_S_genomes/full_pipeline_run/results/05_analysis_masks/cpdna_ir_regions.bed	/home/neil/Downloads/dudleya/Dudleya_S_genomes/full_pipeline_run/results/06_all_sample_alignment/qc/QUIN_LP_074_Du-160.depth.tsv
QUIN_LP_074_Du-160	QB3.Berkeley.251217/QB3.Results.260109	D. setchellii	QUIN	cpdna_duplicate_ir_mask	cpDNA	mask	chloroplast	1	25736	13215626	513.507383	25736	1.000000	25734	0.999922	25725	0.999573	/home/neil/Downloads/dudleya/Dudleya_S_genomes/full_pipeline_run/results/05_analysis_masks/cpdna_duplicate_ir_copy_mask.bed	/home/neil/Downloads/dudleya/Dudleya_S_genomes/full_pipeline_run/results/06_all_sample_alignment/qc/QUIN_LP_074_Du-160.depth.tsv
QUIN_LP_074_Du-160	QB3.Berkeley.251217/QB3.Results.260109	D. setchellii	QUIN	cpdna_population_sites	cpDNA	variant_calling_and_population_genetics	chloroplast	1	124538	65287868	524.240537	124538	1.000000	124537	0.999992	124534	0.999968	/home/neil/Downloads/dudleya/Dudleya_S_genomes/full_pipeline_run/results/05_analysis_masks/cpdna_population_sites.bed	/home/neil/Downloads/dudleya/Dudleya_S_genomes/full_pipeline_run/results/06_all_sample_alignment/qc/QUIN_LP_074_Du-160.depth.tsv
QUIN_LP_074_Du-160	QB3.Berkeley.251217/QB3.Results.260109	D. setchellii	QUIN	mtdna_permissive_coverage	mtDNA	sample_qc_coverage	mitochondria	1	243359	7396075	30.391623	242240	0.995402	242030	0.994539	240645	0.988848	/home/neil/Downloads/dudleya/Dudleya_S_genomes/full_pipeline_run/results/05_analysis_masks/mtdna_permissive_coverage_regions.bed	/home/neil/Downloads/dudleya/Dudleya_S_genomes/full_pipeline_run/results/06_all_sample_alignment/qc/QUIN_LP_074_Du-160.depth.tsv
QUIN_LP_074_Du-160	QB3.Berkeley.251217/QB3.Results.260109	D. setchellii	QUIN	mtdna_high_confidence_unique	mtDNA	variant_calling_and_population_genetics	mitochondria	2	44930	2226495	49.554752	44468	0.989717	44414	0.988515	44413	0.988493	/home/neil/Downloads/dudleya/Dudleya_S_genomes/full_pipeline_run/results/05_analysis_masks/mtdna_high_confidence_unique_regions.bed	/home/neil/Downloads/dudleya/Dudleya_S_genomes/full_pipeline_run/results/06_all_sample_alignment/qc/QUIN_LP_074_Du-160.depth.tsv
QUIN_LP_075_Du-161	QB3.Berkeley.251217/QB3.Results.260109	D. setchellii	QUIN	cpdna_full_coverage	cpDNA	sample_qc_coverage	chloroplast	1	150274	673083770	4479.043414	150274	1.000000	150274	1.000000	150274	1.000000	/home/neil/Downloads/dudleya/Dudleya_S_genomes/full_pipeline_run/results/05_analysis_masks/cpdna_full_coverage_regions.bed	/home/neil/Downloads/dudleya/Dudleya_S_genomes/full_pipeline_run/results/06_all_sample_alignment/qc/QUIN_LP_075_Du-161.depth.tsv
QUIN_LP_075_Du-161	QB3.Berkeley.251217/QB3.Results.260109	D. setchellii	QUIN	cpdna_ir_regions	cpDNA	repeat_annotation	chloroplast	2	51472	241882532	4699.303155	51472	1.000000	51472	1.000000	51472	1.000000	/home/neil/Downloads/dudleya/Dudleya_S_genomes/full_pipeline_run/results/05_analysis_masks/cpdna_ir_regions.bed	/home/neil/Downloads/dudleya/Dudleya_S_genomes/full_pipeline_run/results/06_all_sample_alignment/qc/QUIN_LP_075_Du-161.depth.tsv
QUIN_LP_075_Du-161	QB3.Berkeley.251217/QB3.Results.260109	D. setchellii	QUIN	cpdna_duplicate_ir_mask	cpDNA	mask	chloroplast	1	25736	117524908	4566.556885	25736	1.000000	25736	1.000000	25736	1.000000	/home/neil/Downloads/dudleya/Dudleya_S_genomes/full_pipeline_run/results/05_analysis_masks/cpdna_duplicate_ir_copy_mask.bed	/home/neil/Downloads/dudleya/Dudleya_S_genomes/full_pipeline_run/results/06_all_sample_alignment/qc/QUIN_LP_075_Du-161.depth.tsv
QUIN_LP_075_Du-161	QB3.Berkeley.251217/QB3.Results.260109	D. setchellii	QUIN	cpdna_population_sites	cpDNA	variant_calling_and_population_genetics	chloroplast	1	124538	555558862	4460.958599	124538	1.000000	124538	1.000000	124538	1.000000	/home/neil/Downloads/dudleya/Dudleya_S_genomes/full_pipeline_run/results/05_analysis_masks/cpdna_population_sites.bed	/home/neil/Downloads/dudleya/Dudleya_S_genomes/full_pipeline_run/results/06_all_sample_alignment/qc/QUIN_LP_075_Du-161.depth.tsv
QUIN_LP_075_Du-161	QB3.Berkeley.251217/QB3.Results.260109	D. setchellii	QUIN	mtdna_permissive_coverage	mtDNA	sample_qc_coverage	mitochondria	1	243359	53001168	217.790047	242297	0.995636	242222	0.995328	242210	0.995279	/home/neil/Downloads/dudleya/Dudleya_S_genomes/full_pipeline_run/results/05_analysis_masks/mtdna_permissive_coverage_regions.bed	/home/neil/Downloads/dudleya/Dudleya_S_genomes/full_pipeline_run/results/06_all_sample_alignment/qc/QUIN_LP_075_Du-161.depth.tsv
QUIN_LP_075_Du-161	QB3.Berkeley.251217/QB3.Results.260109	D. setchellii	QUIN	mtdna_high_confidence_unique	mtDNA	variant_calling_and_population_genetics	mitochondria	2	44930	15837235	352.486868	44474	0.989851	44417	0.988582	44415	0.988538	/home/neil/Downloads/dudleya/Dudleya_S_genomes/full_pipeline_run/results/05_analysis_masks/mtdna_high_confidence_unique_regions.bed	/home/neil/Downloads/dudleya/Dudleya_S_genomes/full_pipeline_run/results/06_all_sample_alignment/qc/QUIN_LP_075_Du-161.depth.tsv
QUIN_LP_076_Du-162	QB3.Berkeley.251217/QB3.Results.260109	D. setchellii	QUIN	cpdna_full_coverage	cpDNA	sample_qc_coverage	chloroplast	1	150274	391021799	2602.058899	150274	1.000000	150274	1.000000	150273	0.999993	/home/neil/Downloads/dudleya/Dudleya_S_genomes/full_pipeline_run/results/05_analysis_masks/cpdna_full_coverage_regions.bed	/home/neil/Downloads/dudleya/Dudleya_S_genomes/full_pipeline_run/results/06_all_sample_alignment/qc/QUIN_LP_076_Du-162.depth.tsv
QUIN_LP_076_Du-162	QB3.Berkeley.251217/QB3.Results.260109	D. setchellii	QUIN	cpdna_ir_regions	cpDNA	repeat_annotation	chloroplast	2	51472	138747781	2695.597237	51472	1.000000	51472	1.000000	51471	0.999981	/home/neil/Downloads/dudleya/Dudleya_S_genomes/full_pipeline_run/results/05_analysis_masks/cpdna_ir_regions.bed	/home/neil/Downloads/dudleya/Dudleya_S_genomes/full_pipeline_run/results/06_all_sample_alignment/qc/QUIN_LP_076_Du-162.depth.tsv
QUIN_LP_076_Du-162	QB3.Berkeley.251217/QB3.Results.260109	D. setchellii	QUIN	cpdna_duplicate_ir_mask	cpDNA	mask	chloroplast	1	25736	67731134	2631.766164	25736	1.000000	25736	1.000000	25736	1.000000	/home/neil/Downloads/dudleya/Dudleya_S_genomes/full_pipeline_run/results/05_analysis_masks/cpdna_duplicate_ir_copy_mask.bed	/home/neil/Downloads/dudleya/Dudleya_S_genomes/full_pipeline_run/results/06_all_sample_alignment/qc/QUIN_LP_076_Du-162.depth.tsv
QUIN_LP_076_Du-162	QB3.Berkeley.251217/QB3.Results.260109	D. setchellii	QUIN	cpdna_population_sites	cpDNA	variant_calling_and_population_genetics	chloroplast	1	124538	323290665	2595.919840	124538	1.000000	124538	1.000000	124537	0.999992	/home/neil/Downloads/dudleya/Dudleya_S_genomes/full_pipeline_run/results/05_analysis_masks/cpdna_population_sites.bed	/home/neil/Downloads/dudleya/Dudleya_S_genomes/full_pipeline_run/results/06_all_sample_alignment/qc/QUIN_LP_076_Du-162.depth.tsv
QUIN_LP_076_Du-162	QB3.Berkeley.251217/QB3.Results.260109	D. setchellii	QUIN	mtdna_permissive_coverage	mtDNA	sample_qc_coverage	mitochondria	1	243359	28279070	116.203099	242305	0.995669	242211	0.995283	242171	0.995118	/home/neil/Downloads/dudleya/Dudleya_S_genomes/full_pipeline_run/results/05_analysis_masks/mtdna_permissive_coverage_regions.bed	/home/neil/Downloads/dudleya/Dudleya_S_genomes/full_pipeline_run/results/06_all_sample_alignment/qc/QUIN_LP_076_Du-162.depth.tsv
QUIN_LP_076_Du-162	QB3.Berkeley.251217/QB3.Results.260109	D. setchellii	QUIN	mtdna_high_confidence_unique	mtDNA	variant_calling_and_population_genetics	mitochondria	2	44930	8466895	188.446361	44473	0.989829	44417	0.988582	44414	0.988515	/home/neil/Downloads/dudleya/Dudleya_S_genomes/full_pipeline_run/results/05_analysis_masks/mtdna_high_confidence_unique_regions.bed	/home/neil/Downloads/dudleya/Dudleya_S_genomes/full_pipeline_run/results/06_all_sample_alignment/qc/QUIN_LP_076_Du-162.depth.tsv
QUIN_LP_077_Du-163	QB3.Berkeley.251217/QB3.Results.260109	D. setchellii	QUIN	cpdna_full_coverage	cpDNA	sample_qc_coverage	chloroplast	1	150274	604584168	4023.212053	150274	1.000000	150274	1.000000	150274	1.000000	/home/neil/Downloads/dudleya/Dudleya_S_genomes/full_pipeline_run/results/05_analysis_masks/cpdna_full_coverage_regions.bed	/home/neil/Downloads/dudleya/Dudleya_S_genomes/full_pipeline_run/results/06_all_sample_alignment/qc/QUIN_LP_077_Du-163.depth.tsv
QUIN_LP_077_Du-163	QB3.Berkeley.251217/QB3.Results.260109	D. setchellii	QUIN	cpdna_ir_regions	cpDNA	repeat_annotation	chloroplast	2	51472	211579182	4110.568503	51472	1.000000	51472	1.000000	51472	1.000000	/home/neil/Downloads/dudleya/Dudleya_S_genomes/full_pipeline_run/results/05_analysis_masks/cpdna_ir_regions.bed	/home/neil/Downloads/dudleya/Dudleya_S_genomes/full_pipeline_run/results/06_all_sample_alignment/qc/QUIN_LP_077_Du-163.depth.tsv
QUIN_LP_077_Du-163	QB3.Berkeley.251217/QB3.Results.260109	D. setchellii	QUIN	cpdna_duplicate_ir_mask	cpDNA	mask	chloroplast	1	25736	103001815	4002.246464	25736	1.000000	25736	1.000000	25736	1.000000	/home/neil/Downloads/dudleya/Dudleya_S_genomes/full_pipeline_run/results/05_analysis_masks/cpdna_duplicate_ir_copy_mask.bed	/home/neil/Downloads/dudleya/Dudleya_S_genomes/full_pipeline_run/results/06_all_sample_alignment/qc/QUIN_LP_077_Du-163.depth.tsv
QUIN_LP_077_Du-163	QB3.Berkeley.251217/QB3.Results.260109	D. setchellii	QUIN	cpdna_population_sites	cpDNA	variant_calling_and_population_genetics	chloroplast	1	124538	501582353	4027.544629	124538	1.000000	124538	1.000000	124538	1.000000	/home/neil/Downloads/dudleya/Dudleya_S_genomes/full_pipeline_run/results/05_analysis_masks/cpdna_population_sites.bed	/home/neil/Downloads/dudleya/Dudleya_S_genomes/full_pipeline_run/results/06_all_sample_alignment/qc/QUIN_LP_077_Du-163.depth.tsv
QUIN_LP_077_Du-163	QB3.Berkeley.251217/QB3.Results.260109	D. setchellii	QUIN	mtdna_permissive_coverage	mtDNA	sample_qc_coverage	mitochondria	1	243359	196107699	805.837051	242365	0.995915	242279	0.995562	242233	0.995373	/home/neil/Downloads/dudleya/Dudleya_S_genomes/full_pipeline_run/results/05_analysis_masks/mtdna_permissive_coverage_regions.bed	/home/neil/Downloads/dudleya/Dudleya_S_genomes/full_pipeline_run/results/06_all_sample_alignment/qc/QUIN_LP_077_Du-163.depth.tsv
QUIN_LP_077_Du-163	QB3.Berkeley.251217/QB3.Results.260109	D. setchellii	QUIN	mtdna_high_confidence_unique	mtDNA	variant_calling_and_population_genetics	mitochondria	2	44930	59601606	1326.543646	44538	0.991275	44461	0.989562	44424	0.988738	/home/neil/Downloads/dudleya/Dudleya_S_genomes/full_pipeline_run/results/05_analysis_masks/mtdna_high_confidence_unique_regions.bed	/home/neil/Downloads/dudleya/Dudleya_S_genomes/full_pipeline_run/results/06_all_sample_alignment/qc/QUIN_LP_077_Du-163.depth.tsv
QUIN_LP_318_Du-164	QB3.Berkeley.251217/QB3.Results.260109	D. setchellii	QUIN	cpdna_full_coverage	cpDNA	sample_qc_coverage	chloroplast	1	150274	45110099	300.185654	150273	0.999993	150263	0.999927	150228	0.999694	/home/neil/Downloads/dudleya/Dudleya_S_genomes/full_pipeline_run/results/05_analysis_masks/cpdna_full_coverage_regions.bed	/home/neil/Downloads/dudleya/Dudleya_S_genomes/full_pipeline_run/results/06_all_sample_alignment/qc/QUIN_LP_318_Du-164.depth.tsv
QUIN_LP_318_Du-164	QB3.Berkeley.251217/QB3.Results.260109	D. setchellii	QUIN	cpdna_ir_regions	cpDNA	repeat_annotation	chloroplast	2	51472	15134568	294.034970	51471	0.999981	51461	0.999786	51435	0.999281	/home/neil/Downloads/dudleya/Dudleya_S_genomes/full_pipeline_run/results/05_analysis_masks/cpdna_ir_regions.bed	/home/neil/Downloads/dudleya/Dudleya_S_genomes/full_pipeline_run/results/06_all_sample_alignment/qc/QUIN_LP_318_Du-164.depth.tsv
QUIN_LP_318_Du-164	QB3.Berkeley.251217/QB3.Results.260109	D. setchellii	QUIN	cpdna_duplicate_ir_mask	cpDNA	mask	chloroplast	1	25736	7368829	286.323788	25736	1.000000	25729	0.999728	25710	0.998990	/home/neil/Downloads/dudleya/Dudleya_S_genomes/full_pipeline_run/results/05_analysis_masks/cpdna_duplicate_ir_copy_mask.bed	/home/neil/Downloads/dudleya/Dudleya_S_genomes/full_pipeline_run/results/06_all_sample_alignment/qc/QUIN_LP_318_Du-164.depth.tsv
QUIN_LP_318_Du-164	QB3.Berkeley.251217/QB3.Results.260109	D. setchellii	QUIN	cpdna_population_sites	cpDNA	variant_calling_and_population_genetics	chloroplast	1	124538	37741270	303.050234	124537	0.999992	124534	0.999968	124518	0.999839	/home/neil/Downloads/dudleya/Dudleya_S_genomes/full_pipeline_run/results/05_analysis_masks/cpdna_population_sites.bed	/home/neil/Downloads/dudleya/Dudleya_S_genomes/full_pipeline_run/results/06_all_sample_alignment/qc/QUIN_LP_318_Du-164.depth.tsv
QUIN_LP_318_Du-164	QB3.Berkeley.251217/QB3.Results.260109	D. setchellii	QUIN	mtdna_permissive_coverage	mtDNA	sample_qc_coverage	mitochondria	1	243359	6656937	27.354390	242259	0.995480	242061	0.994666	239829	0.985495	/home/neil/Downloads/dudleya/Dudleya_S_genomes/full_pipeline_run/results/05_analysis_masks/mtdna_permissive_coverage_regions.bed	/home/neil/Downloads/dudleya/Dudleya_S_genomes/full_pipeline_run/results/06_all_sample_alignment/qc/QUIN_LP_318_Du-164.depth.tsv
QUIN_LP_318_Du-164	QB3.Berkeley.251217/QB3.Results.260109	D. setchellii	QUIN	mtdna_high_confidence_unique	mtDNA	variant_calling_and_population_genetics	mitochondria	2	44930	1998825	44.487536	44460	0.989539	44413	0.988493	44413	0.988493	/home/neil/Downloads/dudleya/Dudleya_S_genomes/full_pipeline_run/results/05_analysis_masks/mtdna_high_confidence_unique_regions.bed	/home/neil/Downloads/dudleya/Dudleya_S_genomes/full_pipeline_run/results/06_all_sample_alignment/qc/QUIN_LP_318_Du-164.depth.tsv
RIC_LP_192_Du-521	QB3.Berkeley.251217/QB3.Results.260109	D. setchellii	RIC	cpdna_full_coverage	cpDNA	sample_qc_coverage	chloroplast	1	150274	319847193	2128.426694	150274	1.000000	150274	1.000000	150273	0.999993	/home/neil/Downloads/dudleya/Dudleya_S_genomes/full_pipeline_run/results/05_analysis_masks/cpdna_full_coverage_regions.bed	/home/neil/Downloads/dudleya/Dudleya_S_genomes/full_pipeline_run/results/06_all_sample_alignment/qc/RIC_LP_192_Du-521.depth.tsv
RIC_LP_192_Du-521	QB3.Berkeley.251217/QB3.Results.260109	D. setchellii	RIC	cpdna_ir_regions	cpDNA	repeat_annotation	chloroplast	2	51472	116207587	2257.685479	51472	1.000000	51472	1.000000	51471	0.999981	/home/neil/Downloads/dudleya/Dudleya_S_genomes/full_pipeline_run/results/05_analysis_masks/cpdna_ir_regions.bed	/home/neil/Downloads/dudleya/Dudleya_S_genomes/full_pipeline_run/results/06_all_sample_alignment/qc/RIC_LP_192_Du-521.depth.tsv
RIC_LP_192_Du-521	QB3.Berkeley.251217/QB3.Results.260109	D. setchellii	RIC	cpdna_duplicate_ir_mask	cpDNA	mask	chloroplast	1	25736	56459764	2193.804942	25736	1.000000	25736	1.000000	25736	1.000000	/home/neil/Downloads/dudleya/Dudleya_S_genomes/full_pipeline_run/results/05_analysis_masks/cpdna_duplicate_ir_copy_mask.bed	/home/neil/Downloads/dudleya/Dudleya_S_genomes/full_pipeline_run/results/06_all_sample_alignment/qc/RIC_LP_192_Du-521.depth.tsv
RIC_LP_192_Du-521	QB3.Berkeley.251217/QB3.Results.260109	D. setchellii	RIC	cpdna_population_sites	cpDNA	variant_calling_and_population_genetics	chloroplast	1	124538	263387429	2114.916162	124538	1.000000	124538	1.000000	124537	0.999992	/home/neil/Downloads/dudleya/Dudleya_S_genomes/full_pipeline_run/results/05_analysis_masks/cpdna_population_sites.bed	/home/neil/Downloads/dudleya/Dudleya_S_genomes/full_pipeline_run/results/06_all_sample_alignment/qc/RIC_LP_192_Du-521.depth.tsv
RIC_LP_192_Du-521	QB3.Berkeley.251217/QB3.Results.260109	D. setchellii	RIC	mtdna_permissive_coverage	mtDNA	sample_qc_coverage	mitochondria	1	243359	28760368	118.180828	243359	1.000000	243348	0.999955	243321	0.999844	/home/neil/Downloads/dudleya/Dudleya_S_genomes/full_pipeline_run/results/05_analysis_masks/mtdna_permissive_coverage_regions.bed	/home/neil/Downloads/dudleya/Dudleya_S_genomes/full_pipeline_run/results/06_all_sample_alignment/qc/RIC_LP_192_Du-521.depth.tsv
RIC_LP_192_Du-521	QB3.Berkeley.251217/QB3.Results.260109	D. setchellii	RIC	mtdna_high_confidence_unique	mtDNA	variant_calling_and_population_genetics	mitochondria	2	44930	8527121	189.786802	44930	1.000000	44930	1.000000	44930	1.000000	/home/neil/Downloads/dudleya/Dudleya_S_genomes/full_pipeline_run/results/05_analysis_masks/mtdna_high_confidence_unique_regions.bed	/home/neil/Downloads/dudleya/Dudleya_S_genomes/full_pipeline_run/results/06_all_sample_alignment/qc/RIC_LP_192_Du-521.depth.tsv
RIC_LP_193_Du-522	QB3.Berkeley.251217/QB3.Results.260109	D. setchellii	RIC	cpdna_full_coverage	cpDNA	sample_qc_coverage	chloroplast	1	150274	278407188	1852.663721	150274	1.000000	150274	1.000000	150273	0.999993	/home/neil/Downloads/dudleya/Dudleya_S_genomes/full_pipeline_run/results/05_analysis_masks/cpdna_full_coverage_regions.bed	/home/neil/Downloads/dudleya/Dudleya_S_genomes/full_pipeline_run/results/06_all_sample_alignment/qc/RIC_LP_193_Du-522.depth.tsv
RIC_LP_193_Du-522	QB3.Berkeley.251217/QB3.Results.260109	D. setchellii	RIC	cpdna_ir_regions	cpDNA	repeat_annotation	chloroplast	2	51472	105326631	2046.289847	51472	1.000000	51472	1.000000	51471	0.999981	/home/neil/Downloads/dudleya/Dudleya_S_genomes/full_pipeline_run/results/05_analysis_masks/cpdna_ir_regions.bed	/home/neil/Downloads/dudleya/Dudleya_S_genomes/full_pipeline_run/results/06_all_sample_alignment/qc/RIC_LP_193_Du-522.depth.tsv
RIC_LP_193_Du-522	QB3.Berkeley.251217/QB3.Results.260109	D. setchellii	RIC	cpdna_duplicate_ir_mask	cpDNA	mask	chloroplast	1	25736	51082491	1984.865208	25736	1.000000	25736	1.000000	25736	1.000000	/home/neil/Downloads/dudleya/Dudleya_S_genomes/full_pipeline_run/results/05_analysis_masks/cpdna_duplicate_ir_copy_mask.bed	/home/neil/Downloads/dudleya/Dudleya_S_genomes/full_pipeline_run/results/06_all_sample_alignment/qc/RIC_LP_193_Du-522.depth.tsv
RIC_LP_193_Du-522	QB3.Berkeley.251217/QB3.Results.260109	D. setchellii	RIC	cpdna_population_sites	cpDNA	variant_calling_and_population_genetics	chloroplast	1	124538	227324697	1825.344048	124538	1.000000	124538	1.000000	124537	0.999992	/home/neil/Downloads/dudleya/Dudleya_S_genomes/full_pipeline_run/results/05_analysis_masks/cpdna_population_sites.bed	/home/neil/Downloads/dudleya/Dudleya_S_genomes/full_pipeline_run/results/06_all_sample_alignment/qc/RIC_LP_193_Du-522.depth.tsv
RIC_LP_193_Du-522	QB3.Berkeley.251217/QB3.Results.260109	D. setchellii	RIC	mtdna_permissive_coverage	mtDNA	sample_qc_coverage	mitochondria	1	243359	25624311	105.294281	243359	1.000000	243342	0.999930	243326	0.999864	/home/neil/Downloads/dudleya/Dudleya_S_genomes/full_pipeline_run/results/05_analysis_masks/mtdna_permissive_coverage_regions.bed	/home/neil/Downloads/dudleya/Dudleya_S_genomes/full_pipeline_run/results/06_all_sample_alignment/qc/RIC_LP_193_Du-522.depth.tsv
RIC_LP_193_Du-522	QB3.Berkeley.251217/QB3.Results.260109	D. setchellii	RIC	mtdna_high_confidence_unique	mtDNA	variant_calling_and_population_genetics	mitochondria	2	44930	7668723	170.681571	44930	1.000000	44930	1.000000	44930	1.000000	/home/neil/Downloads/dudleya/Dudleya_S_genomes/full_pipeline_run/results/05_analysis_masks/mtdna_high_confidence_unique_regions.bed	/home/neil/Downloads/dudleya/Dudleya_S_genomes/full_pipeline_run/results/06_all_sample_alignment/qc/RIC_LP_193_Du-522.depth.tsv
RIC_LP_194_Du-523	QB3.Berkeley.251217/QB3.Results.260109	D. setchellii	RIC	cpdna_full_coverage	cpDNA	sample_qc_coverage	chloroplast	1	150274	891119503	5929.964618	150274	1.000000	150274	1.000000	150274	1.000000	/home/neil/Downloads/dudleya/Dudleya_S_genomes/full_pipeline_run/results/05_analysis_masks/cpdna_full_coverage_regions.bed	/home/neil/Downloads/dudleya/Dudleya_S_genomes/full_pipeline_run/results/06_all_sample_alignment/qc/RIC_LP_194_Du-523.depth.tsv
RIC_LP_194_Du-523	QB3.Berkeley.251217/QB3.Results.260109	D. setchellii	RIC	cpdna_ir_regions	cpDNA	repeat_annotation	chloroplast	2	51472	324197084	6298.513444	51472	1.000000	51472	1.000000	51472	1.000000	/home/neil/Downloads/dudleya/Dudleya_S_genomes/full_pipeline_run/results/05_analysis_masks/cpdna_ir_regions.bed	/home/neil/Downloads/dudleya/Dudleya_S_genomes/full_pipeline_run/results/06_all_sample_alignment/qc/RIC_LP_194_Du-523.depth.tsv
RIC_LP_194_Du-523	QB3.Berkeley.251217/QB3.Results.260109	D. setchellii	RIC	cpdna_duplicate_ir_mask	cpDNA	mask	chloroplast	1	25736	157831642	6132.718449	25736	1.000000	25736	1.000000	25736	1.000000	/home/neil/Downloads/dudleya/Dudleya_S_genomes/full_pipeline_run/results/05_analysis_masks/cpdna_duplicate_ir_copy_mask.bed	/home/neil/Downloads/dudleya/Dudleya_S_genomes/full_pipeline_run/results/06_all_sample_alignment/qc/RIC_LP_194_Du-523.depth.tsv
RIC_LP_194_Du-523	QB3.Berkeley.251217/QB3.Results.260109	D. setchellii	RIC	cpdna_population_sites	cpDNA	variant_calling_and_population_genetics	chloroplast	1	124538	733287861	5888.065177	124538	1.000000	124538	1.000000	124538	1.000000	/home/neil/Downloads/dudleya/Dudleya_S_genomes/full_pipeline_run/results/05_analysis_masks/cpdna_population_sites.bed	/home/neil/Downloads/dudleya/Dudleya_S_genomes/full_pipeline_run/results/06_all_sample_alignment/qc/RIC_LP_194_Du-523.depth.tsv
RIC_LP_194_Du-523	QB3.Berkeley.251217/QB3.Results.260109	D. setchellii	RIC	mtdna_permissive_coverage	mtDNA	sample_qc_coverage	mitochondria	1	243359	113518116	466.463603	243358	0.999996	243354	0.999979	243352	0.999971	/home/neil/Downloads/dudleya/Dudleya_S_genomes/full_pipeline_run/results/05_analysis_masks/mtdna_permissive_coverage_regions.bed	/home/neil/Downloads/dudleya/Dudleya_S_genomes/full_pipeline_run/results/06_all_sample_alignment/qc/RIC_LP_194_Du-523.depth.tsv
RIC_LP_194_Du-523	QB3.Berkeley.251217/QB3.Results.260109	D. setchellii	RIC	mtdna_high_confidence_unique	mtDNA	variant_calling_and_population_genetics	mitochondria	2	44930	33810194	752.508213	44930	1.000000	44930	1.000000	44930	1.000000	/home/neil/Downloads/dudleya/Dudleya_S_genomes/full_pipeline_run/results/05_analysis_masks/mtdna_high_confidence_unique_regions.bed	/home/neil/Downloads/dudleya/Dudleya_S_genomes/full_pipeline_run/results/06_all_sample_alignment/qc/RIC_LP_194_Du-523.depth.tsv
RIC_LP_195_Du-524	QB3.Berkeley.251217/QB3.Results.260109	D. setchellii	RIC	cpdna_full_coverage	cpDNA	sample_qc_coverage	chloroplast	1	150274	351519777	2339.192255	150274	1.000000	150273	0.999993	150272	0.999987	/home/neil/Downloads/dudleya/Dudleya_S_genomes/full_pipeline_run/results/05_analysis_masks/cpdna_full_coverage_regions.bed	/home/neil/Downloads/dudleya/Dudleya_S_genomes/full_pipeline_run/results/06_all_sample_alignment/qc/RIC_LP_195_Du-524.depth.tsv
RIC_LP_195_Du-524	QB3.Berkeley.251217/QB3.Results.260109	D. setchellii	RIC	cpdna_ir_regions	cpDNA	repeat_annotation	chloroplast	2	51472	128774101	2501.828198	51472	1.000000	51471	0.999981	51470	0.999961	/home/neil/Downloads/dudleya/Dudleya_S_genomes/full_pipeline_run/results/05_analysis_masks/cpdna_ir_regions.bed	/home/neil/Downloads/dudleya/Dudleya_S_genomes/full_pipeline_run/results/06_all_sample_alignment/qc/RIC_LP_195_Du-524.depth.tsv
RIC_LP_195_Du-524	QB3.Berkeley.251217/QB3.Results.260109	D. setchellii	RIC	cpdna_duplicate_ir_mask	cpDNA	mask	chloroplast	1	25736	62935133	2445.412380	25736	1.000000	25736	1.000000	25735	0.999961	/home/neil/Downloads/dudleya/Dudleya_S_genomes/full_pipeline_run/results/05_analysis_masks/cpdna_duplicate_ir_copy_mask.bed	/home/neil/Downloads/dudleya/Dudleya_S_genomes/full_pipeline_run/results/06_all_sample_alignment/qc/RIC_LP_195_Du-524.depth.tsv
RIC_LP_195_Du-524	QB3.Berkeley.251217/QB3.Results.260109	D. setchellii	RIC	cpdna_population_sites	cpDNA	variant_calling_and_population_genetics	chloroplast	1	124538	288584644	2317.241677	124538	1.000000	124537	0.999992	124537	0.999992	/home/neil/Downloads/dudleya/Dudleya_S_genomes/full_pipeline_run/results/05_analysis_masks/cpdna_population_sites.bed	/home/neil/Downloads/dudleya/Dudleya_S_genomes/full_pipeline_run/results/06_all_sample_alignment/qc/RIC_LP_195_Du-524.depth.tsv
RIC_LP_195_Du-524	QB3.Berkeley.251217/QB3.Results.260109	D. setchellii	RIC	mtdna_permissive_coverage	mtDNA	sample_qc_coverage	mitochondria	1	243359	47021370	193.218126	243354	0.999979	243350	0.999963	243345	0.999942	/home/neil/Downloads/dudleya/Dudleya_S_genomes/full_pipeline_run/results/05_analysis_masks/mtdna_permissive_coverage_regions.bed	/home/neil/Downloads/dudleya/Dudleya_S_genomes/full_pipeline_run/results/06_all_sample_alignment/qc/RIC_LP_195_Du-524.depth.tsv
RIC_LP_195_Du-524	QB3.Berkeley.251217/QB3.Results.260109	D. setchellii	RIC	mtdna_high_confidence_unique	mtDNA	variant_calling_and_population_genetics	mitochondria	2	44930	14055817	312.838126	44930	1.000000	44930	1.000000	44930	1.000000	/home/neil/Downloads/dudleya/Dudleya_S_genomes/full_pipeline_run/results/05_analysis_masks/mtdna_high_confidence_unique_regions.bed	/home/neil/Downloads/dudleya/Dudleya_S_genomes/full_pipeline_run/results/06_all_sample_alignment/qc/RIC_LP_195_Du-524.depth.tsv
RIC_LP_196_Du-525	QB3.Berkeley.251217/QB3.Results.260109	D. setchellii	RIC	cpdna_full_coverage	cpDNA	sample_qc_coverage	chloroplast	1	150274	585196761	3894.198338	150274	1.000000	150274	1.000000	150272	0.999987	/home/neil/Downloads/dudleya/Dudleya_S_genomes/full_pipeline_run/results/05_analysis_masks/cpdna_full_coverage_regions.bed	/home/neil/Downloads/dudleya/Dudleya_S_genomes/full_pipeline_run/results/06_all_sample_alignment/qc/RIC_LP_196_Du-525.depth.tsv
RIC_LP_196_Du-525	QB3.Berkeley.251217/QB3.Results.260109	D. setchellii	RIC	cpdna_ir_regions	cpDNA	repeat_annotation	chloroplast	2	51472	206372788	4009.418480	51472	1.000000	51472	1.000000	51470	0.999961	/home/neil/Downloads/dudleya/Dudleya_S_genomes/full_pipeline_run/results/05_analysis_masks/cpdna_ir_regions.bed	/home/neil/Downloads/dudleya/Dudleya_S_genomes/full_pipeline_run/results/06_all_sample_alignment/qc/RIC_LP_196_Du-525.depth.tsv
RIC_LP_196_Du-525	QB3.Berkeley.251217/QB3.Results.260109	D. setchellii	RIC	cpdna_duplicate_ir_mask	cpDNA	mask	chloroplast	1	25736	101130557	3929.536719	25736	1.000000	25736	1.000000	25735	0.999961	/home/neil/Downloads/dudleya/Dudleya_S_genomes/full_pipeline_run/results/05_analysis_masks/cpdna_duplicate_ir_copy_mask.bed	/home/neil/Downloads/dudleya/Dudleya_S_genomes/full_pipeline_run/results/06_all_sample_alignment/qc/RIC_LP_196_Du-525.depth.tsv
RIC_LP_196_Du-525	QB3.Berkeley.251217/QB3.Results.260109	D. setchellii	RIC	cpdna_population_sites	cpDNA	variant_calling_and_population_genetics	chloroplast	1	124538	484066204	3886.895598	124538	1.000000	124538	1.000000	124537	0.999992	/home/neil/Downloads/dudleya/Dudleya_S_genomes/full_pipeline_run/results/05_analysis_masks/cpdna_population_sites.bed	/home/neil/Downloads/dudleya/Dudleya_S_genomes/full_pipeline_run/results/06_all_sample_alignment/qc/RIC_LP_196_Du-525.depth.tsv
RIC_LP_196_Du-525	QB3.Berkeley.251217/QB3.Results.260109	D. setchellii	RIC	mtdna_permissive_coverage	mtDNA	sample_qc_coverage	mitochondria	1	243359	92189183	378.819698	243358	0.999996	243352	0.999971	243350	0.999963	/home/neil/Downloads/dudleya/Dudleya_S_genomes/full_pipeline_run/results/05_analysis_masks/mtdna_permissive_coverage_regions.bed	/home/neil/Downloads/dudleya/Dudleya_S_genomes/full_pipeline_run/results/06_all_sample_alignment/qc/RIC_LP_196_Du-525.depth.tsv
RIC_LP_196_Du-525	QB3.Berkeley.251217/QB3.Results.260109	D. setchellii	RIC	mtdna_high_confidence_unique	mtDNA	variant_calling_and_population_genetics	mitochondria	2	44930	28272572	629.258224	44930	1.000000	44930	1.000000	44930	1.000000	/home/neil/Downloads/dudleya/Dudleya_S_genomes/full_pipeline_run/results/05_analysis_masks/mtdna_high_confidence_unique_regions.bed	/home/neil/Downloads/dudleya/Dudleya_S_genomes/full_pipeline_run/results/06_all_sample_alignment/qc/RIC_LP_196_Du-525.depth.tsv
RIC_LP_197_Du-526	QB3.Berkeley.251217/QB3.Results.260109	D. setchellii	RIC	cpdna_full_coverage	cpDNA	sample_qc_coverage	chloroplast	1	150274	55587905	369.910330	150274	1.000000	150269	0.999967	150265	0.999940	/home/neil/Downloads/dudleya/Dudleya_S_genomes/full_pipeline_run/results/05_analysis_masks/cpdna_full_coverage_regions.bed	/home/neil/Downloads/dudleya/Dudleya_S_genomes/full_pipeline_run/results/06_all_sample_alignment/qc/RIC_LP_197_Du-526.depth.tsv
RIC_LP_197_Du-526	QB3.Berkeley.251217/QB3.Results.260109	D. setchellii	RIC	cpdna_ir_regions	cpDNA	repeat_annotation	chloroplast	2	51472	20314961	394.679845	51472	1.000000	51467	0.999903	51463	0.999825	/home/neil/Downloads/dudleya/Dudleya_S_genomes/full_pipeline_run/results/05_analysis_masks/cpdna_ir_regions.bed	/home/neil/Downloads/dudleya/Dudleya_S_genomes/full_pipeline_run/results/06_all_sample_alignment/qc/RIC_LP_197_Du-526.depth.tsv
RIC_LP_197_Du-526	QB3.Berkeley.251217/QB3.Results.260109	D. setchellii	RIC	cpdna_duplicate_ir_mask	cpDNA	mask	chloroplast	1	25736	9945219	386.432196	25736	1.000000	25733	0.999883	25729	0.999728	/home/neil/Downloads/dudleya/Dudleya_S_genomes/full_pipeline_run/results/05_analysis_masks/cpdna_duplicate_ir_copy_mask.bed	/home/neil/Downloads/dudleya/Dudleya_S_genomes/full_pipeline_run/results/06_all_sample_alignment/qc/RIC_LP_197_Du-526.depth.tsv
RIC_LP_197_Du-526	QB3.Berkeley.251217/QB3.Results.260109	D. setchellii	RIC	cpdna_population_sites	cpDNA	variant_calling_and_population_genetics	chloroplast	1	124538	45642686	366.496057	124538	1.000000	124536	0.999984	124536	0.999984	/home/neil/Downloads/dudleya/Dudleya_S_genomes/full_pipeline_run/results/05_analysis_masks/cpdna_population_sites.bed	/home/neil/Downloads/dudleya/Dudleya_S_genomes/full_pipeline_run/results/06_all_sample_alignment/qc/RIC_LP_197_Du-526.depth.tsv
RIC_LP_197_Du-526	QB3.Berkeley.251217/QB3.Results.260109	D. setchellii	RIC	mtdna_permissive_coverage	mtDNA	sample_qc_coverage	mitochondria	1	243359	5519137	22.678993	243333	0.999893	242924	0.998213	233453	0.959295	/home/neil/Downloads/dudleya/Dudleya_S_genomes/full_pipeline_run/results/05_analysis_masks/mtdna_permissive_coverage_regions.bed	/home/neil/Downloads/dudleya/Dudleya_S_genomes/full_pipeline_run/results/06_all_sample_alignment/qc/RIC_LP_197_Du-526.depth.tsv
RIC_LP_197_Du-526	QB3.Berkeley.251217/QB3.Results.260109	D. setchellii	RIC	mtdna_high_confidence_unique	mtDNA	variant_calling_and_population_genetics	mitochondria	2	44930	1680687	37.406788	44930	1.000000	44930	1.000000	44930	1.000000	/home/neil/Downloads/dudleya/Dudleya_S_genomes/full_pipeline_run/results/05_analysis_masks/mtdna_high_confidence_unique_regions.bed	/home/neil/Downloads/dudleya/Dudleya_S_genomes/full_pipeline_run/results/06_all_sample_alignment/qc/RIC_LP_197_Du-526.depth.tsv
RIC_LP_198_Du-527	QB3.Berkeley.251217/QB3.Results.260109	D. setchellii	RIC	cpdna_full_coverage	cpDNA	sample_qc_coverage	chloroplast	1	150274	713227578	4746.180830	150274	1.000000	150274	1.000000	150273	0.999993	/home/neil/Downloads/dudleya/Dudleya_S_genomes/full_pipeline_run/results/05_analysis_masks/cpdna_full_coverage_regions.bed	/home/neil/Downloads/dudleya/Dudleya_S_genomes/full_pipeline_run/results/06_all_sample_alignment/qc/RIC_LP_198_Du-527.depth.tsv
RIC_LP_198_Du-527	QB3.Berkeley.251217/QB3.Results.260109	D. setchellii	RIC	cpdna_ir_regions	cpDNA	repeat_annotation	chloroplast	2	51472	253651982	4927.960483	51472	1.000000	51472	1.000000	51471	0.999981	/home/neil/Downloads/dudleya/Dudleya_S_genomes/full_pipeline_run/results/05_analysis_masks/cpdna_ir_regions.bed	/home/neil/Downloads/dudleya/Dudleya_S_genomes/full_pipeline_run/results/06_all_sample_alignment/qc/RIC_LP_198_Du-527.depth.tsv
RIC_LP_198_Du-527	QB3.Berkeley.251217/QB3.Results.260109	D. setchellii	RIC	cpdna_duplicate_ir_mask	cpDNA	mask	chloroplast	1	25736	123268323	4789.723461	25736	1.000000	25736	1.000000	25736	1.000000	/home/neil/Downloads/dudleya/Dudleya_S_genomes/full_pipeline_run/results/05_analysis_masks/cpdna_duplicate_ir_copy_mask.bed	/home/neil/Downloads/dudleya/Dudleya_S_genomes/full_pipeline_run/results/06_all_sample_alignment/qc/RIC_LP_198_Du-527.depth.tsv
RIC_LP_198_Du-527	QB3.Berkeley.251217/QB3.Results.260109	D. setchellii	RIC	cpdna_population_sites	cpDNA	variant_calling_and_population_genetics	chloroplast	1	124538	589959255	4737.182667	124538	1.000000	124538	1.000000	124537	0.999992	/home/neil/Downloads/dudleya/Dudleya_S_genomes/full_pipeline_run/results/05_analysis_masks/cpdna_population_sites.bed	/home/neil/Downloads/dudleya/Dudleya_S_genomes/full_pipeline_run/results/06_all_sample_alignment/qc/RIC_LP_198_Du-527.depth.tsv
RIC_LP_198_Du-527	QB3.Berkeley.251217/QB3.Results.260109	D. setchellii	RIC	mtdna_permissive_coverage	mtDNA	sample_qc_coverage	mitochondria	1	243359	74911544	307.823191	243359	1.000000	243354	0.999979	243346	0.999947	/home/neil/Downloads/dudleya/Dudleya_S_genomes/full_pipeline_run/results/05_analysis_masks/mtdna_permissive_coverage_regions.bed	/home/neil/Downloads/dudleya/Dudleya_S_genomes/full_pipeline_run/results/06_all_sample_alignment/qc/RIC_LP_198_Du-527.depth.tsv
RIC_LP_198_Du-527	QB3.Berkeley.251217/QB3.Results.260109	D. setchellii	RIC	mtdna_high_confidence_unique	mtDNA	variant_calling_and_population_genetics	mitochondria	2	44930	22298312	496.290051	44930	1.000000	44930	1.000000	44930	1.000000	/home/neil/Downloads/dudleya/Dudleya_S_genomes/full_pipeline_run/results/05_analysis_masks/mtdna_high_confidence_unique_regions.bed	/home/neil/Downloads/dudleya/Dudleya_S_genomes/full_pipeline_run/results/06_all_sample_alignment/qc/RIC_LP_198_Du-527.depth.tsv
RIC_LP_199_Du-528	QB3.Berkeley.251217/QB3.Results.260109	D. setchellii	RIC	cpdna_full_coverage	cpDNA	sample_qc_coverage	chloroplast	1	150274	557321049	3708.699103	150274	1.000000	150274	1.000000	150273	0.999993	/home/neil/Downloads/dudleya/Dudleya_S_genomes/full_pipeline_run/results/05_analysis_masks/cpdna_full_coverage_regions.bed	/home/neil/Downloads/dudleya/Dudleya_S_genomes/full_pipeline_run/results/06_all_sample_alignment/qc/RIC_LP_199_Du-528.depth.tsv
RIC_LP_199_Du-528	QB3.Berkeley.251217/QB3.Results.260109	D. setchellii	RIC	cpdna_ir_regions	cpDNA	repeat_annotation	chloroplast	2	51472	195989752	3807.696456	51472	1.000000	51472	1.000000	51471	0.999981	/home/neil/Downloads/dudleya/Dudleya_S_genomes/full_pipeline_run/results/05_analysis_masks/cpdna_ir_regions.bed	/home/neil/Downloads/dudleya/Dudleya_S_genomes/full_pipeline_run/results/06_all_sample_alignment/qc/RIC_LP_199_Du-528.depth.tsv
RIC_LP_199_Du-528	QB3.Berkeley.251217/QB3.Results.260109	D. setchellii	RIC	cpdna_duplicate_ir_mask	cpDNA	mask	chloroplast	1	25736	95570013	3713.475793	25736	1.000000	25736	1.000000	25736	1.000000	/home/neil/Downloads/dudleya/Dudleya_S_genomes/full_pipeline_run/results/05_analysis_masks/cpdna_duplicate_ir_copy_mask.bed	/home/neil/Downloads/dudleya/Dudleya_S_genomes/full_pipeline_run/results/06_all_sample_alignment/qc/RIC_LP_199_Du-528.depth.tsv
RIC_LP_199_Du-528	QB3.Berkeley.251217/QB3.Results.260109	D. setchellii	RIC	cpdna_population_sites	cpDNA	variant_calling_and_population_genetics	chloroplast	1	124538	461751036	3707.711992	124538	1.000000	124538	1.000000	124537	0.999992	/home/neil/Downloads/dudleya/Dudleya_S_genomes/full_pipeline_run/results/05_analysis_masks/cpdna_population_sites.bed	/home/neil/Downloads/dudleya/Dudleya_S_genomes/full_pipeline_run/results/06_all_sample_alignment/qc/RIC_LP_199_Du-528.depth.tsv
RIC_LP_199_Du-528	QB3.Berkeley.251217/QB3.Results.260109	D. setchellii	RIC	mtdna_permissive_coverage	mtDNA	sample_qc_coverage	mitochondria	1	243359	106292388	436.771962	243357	0.999992	243355	0.999984	243349	0.999959	/home/neil/Downloads/dudleya/Dudleya_S_genomes/full_pipeline_run/results/05_analysis_masks/mtdna_permissive_coverage_regions.bed	/home/neil/Downloads/dudleya/Dudleya_S_genomes/full_pipeline_run/results/06_all_sample_alignment/qc/RIC_LP_199_Du-528.depth.tsv
RIC_LP_199_Du-528	QB3.Berkeley.251217/QB3.Results.260109	D. setchellii	RIC	mtdna_high_confidence_unique	mtDNA	variant_calling_and_population_genetics	mitochondria	2	44930	32070081	713.778789	44930	1.000000	44930	1.000000	44930	1.000000	/home/neil/Downloads/dudleya/Dudleya_S_genomes/full_pipeline_run/results/05_analysis_masks/mtdna_high_confidence_unique_regions.bed	/home/neil/Downloads/dudleya/Dudleya_S_genomes/full_pipeline_run/results/06_all_sample_alignment/qc/RIC_LP_199_Du-528.depth.tsv
RIC_LP_200_Du-529	QB3.Berkeley.251217/QB3.Results.260109	D. setchellii	RIC	cpdna_full_coverage	cpDNA	sample_qc_coverage	chloroplast	1	150274	903150221	6010.023164	150274	1.000000	150274	1.000000	150273	0.999993	/home/neil/Downloads/dudleya/Dudleya_S_genomes/full_pipeline_run/results/05_analysis_masks/cpdna_full_coverage_regions.bed	/home/neil/Downloads/dudleya/Dudleya_S_genomes/full_pipeline_run/results/06_all_sample_alignment/qc/RIC_LP_200_Du-529.depth.tsv
RIC_LP_200_Du-529	QB3.Berkeley.251217/QB3.Results.260109	D. setchellii	RIC	cpdna_ir_regions	cpDNA	repeat_annotation	chloroplast	2	51472	318177999	6181.574429	51472	1.000000	51472	1.000000	51471	0.999981	/home/neil/Downloads/dudleya/Dudleya_S_genomes/full_pipeline_run/results/05_analysis_masks/cpdna_ir_regions.bed	/home/neil/Downloads/dudleya/Dudleya_S_genomes/full_pipeline_run/results/06_all_sample_alignment/qc/RIC_LP_200_Du-529.depth.tsv
RIC_LP_200_Du-529	QB3.Berkeley.251217/QB3.Results.260109	D. setchellii	RIC	cpdna_duplicate_ir_mask	cpDNA	mask	chloroplast	1	25736	154918424	6019.522226	25736	1.000000	25736	1.000000	25736	1.000000	/home/neil/Downloads/dudleya/Dudleya_S_genomes/full_pipeline_run/results/05_analysis_masks/cpdna_duplicate_ir_copy_mask.bed	/home/neil/Downloads/dudleya/Dudleya_S_genomes/full_pipeline_run/results/06_all_sample_alignment/qc/RIC_LP_200_Du-529.depth.tsv
RIC_LP_200_Du-529	QB3.Berkeley.251217/QB3.Results.260109	D. setchellii	RIC	cpdna_population_sites	cpDNA	variant_calling_and_population_genetics	chloroplast	1	124538	748231797	6008.060166	124538	1.000000	124538	1.000000	124537	0.999992	/home/neil/Downloads/dudleya/Dudleya_S_genomes/full_pipeline_run/results/05_analysis_masks/cpdna_population_sites.bed	/home/neil/Downloads/dudleya/Dudleya_S_genomes/full_pipeline_run/results/06_all_sample_alignment/qc/RIC_LP_200_Du-529.depth.tsv
RIC_LP_200_Du-529	QB3.Berkeley.251217/QB3.Results.260109	D. setchellii	RIC	mtdna_permissive_coverage	mtDNA	sample_qc_coverage	mitochondria	1	243359	142259185	584.565128	243359	1.000000	243357	0.999992	243352	0.999971	/home/neil/Downloads/dudleya/Dudleya_S_genomes/full_pipeline_run/results/05_analysis_masks/mtdna_permissive_coverage_regions.bed	/home/neil/Downloads/dudleya/Dudleya_S_genomes/full_pipeline_run/results/06_all_sample_alignment/qc/RIC_LP_200_Du-529.depth.tsv
RIC_LP_200_Du-529	QB3.Berkeley.251217/QB3.Results.260109	D. setchellii	RIC	mtdna_high_confidence_unique	mtDNA	variant_calling_and_population_genetics	mitochondria	2	44930	42438443	944.545805	44930	1.000000	44930	1.000000	44930	1.000000	/home/neil/Downloads/dudleya/Dudleya_S_genomes/full_pipeline_run/results/05_analysis_masks/mtdna_high_confidence_unique_regions.bed	/home/neil/Downloads/dudleya/Dudleya_S_genomes/full_pipeline_run/results/06_all_sample_alignment/qc/RIC_LP_200_Du-529.depth.tsv
RIC_LP_201_Du-530	QB3.Berkeley.251217/QB3.Results.260109	D. setchellii	RIC	cpdna_full_coverage	cpDNA	sample_qc_coverage	chloroplast	1	150274	433128869	2882.260863	150274	1.000000	150274	1.000000	150274	1.000000	/home/neil/Downloads/dudleya/Dudleya_S_genomes/full_pipeline_run/results/05_analysis_masks/cpdna_full_coverage_regions.bed	/home/neil/Downloads/dudleya/Dudleya_S_genomes/full_pipeline_run/results/06_all_sample_alignment/qc/RIC_LP_201_Du-530.depth.tsv
RIC_LP_201_Du-530	QB3.Berkeley.251217/QB3.Results.260109	D. setchellii	RIC	cpdna_ir_regions	cpDNA	repeat_annotation	chloroplast	2	51472	154127652	2994.397964	51472	1.000000	51472	1.000000	51472	1.000000	/home/neil/Downloads/dudleya/Dudleya_S_genomes/full_pipeline_run/results/05_analysis_masks/cpdna_ir_regions.bed	/home/neil/Downloads/dudleya/Dudleya_S_genomes/full_pipeline_run/results/06_all_sample_alignment/qc/RIC_LP_201_Du-530.depth.tsv
RIC_LP_201_Du-530	QB3.Berkeley.251217/QB3.Results.260109	D. setchellii	RIC	cpdna_duplicate_ir_mask	cpDNA	mask	chloroplast	1	25736	74658907	2900.952246	25736	1.000000	25736	1.000000	25736	1.000000	/home/neil/Downloads/dudleya/Dudleya_S_genomes/full_pipeline_run/results/05_analysis_masks/cpdna_duplicate_ir_copy_mask.bed	/home/neil/Downloads/dudleya/Dudleya_S_genomes/full_pipeline_run/results/06_all_sample_alignment/qc/RIC_LP_201_Du-530.depth.tsv
RIC_LP_201_Du-530	QB3.Berkeley.251217/QB3.Results.260109	D. setchellii	RIC	cpdna_population_sites	cpDNA	variant_calling_and_population_genetics	chloroplast	1	124538	358469962	2878.398256	124538	1.000000	124538	1.000000	124538	1.000000	/home/neil/Downloads/dudleya/Dudleya_S_genomes/full_pipeline_run/results/05_analysis_masks/cpdna_population_sites.bed	/home/neil/Downloads/dudleya/Dudleya_S_genomes/full_pipeline_run/results/06_all_sample_alignment/qc/RIC_LP_201_Du-530.depth.tsv
RIC_LP_201_Du-530	QB3.Berkeley.251217/QB3.Results.260109	D. setchellii	RIC	mtdna_permissive_coverage	mtDNA	sample_qc_coverage	mitochondria	1	243359	80175448	329.453392	243358	0.999996	243355	0.999984	243352	0.999971	/home/neil/Downloads/dudleya/Dudleya_S_genomes/full_pipeline_run/results/05_analysis_masks/mtdna_permissive_coverage_regions.bed	/home/neil/Downloads/dudleya/Dudleya_S_genomes/full_pipeline_run/results/06_all_sample_alignment/qc/RIC_LP_201_Du-530.depth.tsv
RIC_LP_201_Du-530	QB3.Berkeley.251217/QB3.Results.260109	D. setchellii	RIC	mtdna_high_confidence_unique	mtDNA	variant_calling_and_population_genetics	mitochondria	2	44930	24054046	535.367149	44930	1.000000	44930	1.000000	44930	1.000000	/home/neil/Downloads/dudleya/Dudleya_S_genomes/full_pipeline_run/results/05_analysis_masks/mtdna_high_confidence_unique_regions.bed	/home/neil/Downloads/dudleya/Dudleya_S_genomes/full_pipeline_run/results/06_all_sample_alignment/qc/RIC_LP_201_Du-530.depth.tsv
RSV_LP_049_Du-85	QB3.Berkeley.251217/QB3.Results.260109	D. setchellii	RSV	cpdna_full_coverage	cpDNA	sample_qc_coverage	chloroplast	1	150274	765510295	5094.096750	150274	1.000000	150274	1.000000	150273	0.999993	/home/neil/Downloads/dudleya/Dudleya_S_genomes/full_pipeline_run/results/05_analysis_masks/cpdna_full_coverage_regions.bed	/home/neil/Downloads/dudleya/Dudleya_S_genomes/full_pipeline_run/results/06_all_sample_alignment/qc/RSV_LP_049_Du-85.depth.tsv
RSV_LP_049_Du-85	QB3.Berkeley.251217/QB3.Results.260109	D. setchellii	RSV	cpdna_ir_regions	cpDNA	repeat_annotation	chloroplast	2	51472	270465115	5254.606679	51472	1.000000	51472	1.000000	51471	0.999981	/home/neil/Downloads/dudleya/Dudleya_S_genomes/full_pipeline_run/results/05_analysis_masks/cpdna_ir_regions.bed	/home/neil/Downloads/dudleya/Dudleya_S_genomes/full_pipeline_run/results/06_all_sample_alignment/qc/RSV_LP_049_Du-85.depth.tsv
RSV_LP_049_Du-85	QB3.Berkeley.251217/QB3.Results.260109	D. setchellii	RSV	cpdna_duplicate_ir_mask	cpDNA	mask	chloroplast	1	25736	132038466	5130.496814	25736	1.000000	25736	1.000000	25736	1.000000	/home/neil/Downloads/dudleya/Dudleya_S_genomes/full_pipeline_run/results/05_analysis_masks/cpdna_duplicate_ir_copy_mask.bed	/home/neil/Downloads/dudleya/Dudleya_S_genomes/full_pipeline_run/results/06_all_sample_alignment/qc/RSV_LP_049_Du-85.depth.tsv
RSV_LP_049_Du-85	QB3.Berkeley.251217/QB3.Results.260109	D. setchellii	RSV	cpdna_population_sites	cpDNA	variant_calling_and_population_genetics	chloroplast	1	124538	633471829	5086.574612	124538	1.000000	124538	1.000000	124537	0.999992	/home/neil/Downloads/dudleya/Dudleya_S_genomes/full_pipeline_run/results/05_analysis_masks/cpdna_population_sites.bed	/home/neil/Downloads/dudleya/Dudleya_S_genomes/full_pipeline_run/results/06_all_sample_alignment/qc/RSV_LP_049_Du-85.depth.tsv
RSV_LP_049_Du-85	QB3.Berkeley.251217/QB3.Results.260109	D. setchellii	RSV	mtdna_permissive_coverage	mtDNA	sample_qc_coverage	mitochondria	1	243359	60171650	247.254673	243249	0.999548	243187	0.999293	243177	0.999252	/home/neil/Downloads/dudleya/Dudleya_S_genomes/full_pipeline_run/results/05_analysis_masks/mtdna_permissive_coverage_regions.bed	/home/neil/Downloads/dudleya/Dudleya_S_genomes/full_pipeline_run/results/06_all_sample_alignment/qc/RSV_LP_049_Du-85.depth.tsv
RSV_LP_049_Du-85	QB3.Berkeley.251217/QB3.Results.260109	D. setchellii	RSV	mtdna_high_confidence_unique	mtDNA	variant_calling_and_population_genetics	mitochondria	2	44930	18161559	404.218985	44839	0.997975	44786	0.996795	44784	0.996751	/home/neil/Downloads/dudleya/Dudleya_S_genomes/full_pipeline_run/results/05_analysis_masks/mtdna_high_confidence_unique_regions.bed	/home/neil/Downloads/dudleya/Dudleya_S_genomes/full_pipeline_run/results/06_all_sample_alignment/qc/RSV_LP_049_Du-85.depth.tsv
RSV_LP_050_Du-87	QB3.Berkeley.251217/QB3.Results.260109	D. setchellii	RSV	cpdna_full_coverage	cpDNA	sample_qc_coverage	chloroplast	1	150274	895620404	5959.915914	150274	1.000000	150274	1.000000	150274	1.000000	/home/neil/Downloads/dudleya/Dudleya_S_genomes/full_pipeline_run/results/05_analysis_masks/cpdna_full_coverage_regions.bed	/home/neil/Downloads/dudleya/Dudleya_S_genomes/full_pipeline_run/results/06_all_sample_alignment/qc/RSV_LP_050_Du-87.depth.tsv
RSV_LP_050_Du-87	QB3.Berkeley.251217/QB3.Results.260109	D. setchellii	RSV	cpdna_ir_regions	cpDNA	repeat_annotation	chloroplast	2	51472	324641951	6307.156337	51472	1.000000	51472	1.000000	51472	1.000000	/home/neil/Downloads/dudleya/Dudleya_S_genomes/full_pipeline_run/results/05_analysis_masks/cpdna_ir_regions.bed	/home/neil/Downloads/dudleya/Dudleya_S_genomes/full_pipeline_run/results/06_all_sample_alignment/qc/RSV_LP_050_Du-87.depth.tsv
RSV_LP_050_Du-87	QB3.Berkeley.251217/QB3.Results.260109	D. setchellii	RSV	cpdna_duplicate_ir_mask	cpDNA	mask	chloroplast	1	25736	157717931	6128.300085	25736	1.000000	25736	1.000000	25736	1.000000	/home/neil/Downloads/dudleya/Dudleya_S_genomes/full_pipeline_run/results/05_analysis_masks/cpdna_duplicate_ir_copy_mask.bed	/home/neil/Downloads/dudleya/Dudleya_S_genomes/full_pipeline_run/results/06_all_sample_alignment/qc/RSV_LP_050_Du-87.depth.tsv
RSV_LP_050_Du-87	QB3.Berkeley.251217/QB3.Results.260109	D. setchellii	RSV	cpdna_population_sites	cpDNA	variant_calling_and_population_genetics	chloroplast	1	124538	737902473	5925.119024	124538	1.000000	124538	1.000000	124538	1.000000	/home/neil/Downloads/dudleya/Dudleya_S_genomes/full_pipeline_run/results/05_analysis_masks/cpdna_population_sites.bed	/home/neil/Downloads/dudleya/Dudleya_S_genomes/full_pipeline_run/results/06_all_sample_alignment/qc/RSV_LP_050_Du-87.depth.tsv
RSV_LP_050_Du-87	QB3.Berkeley.251217/QB3.Results.260109	D. setchellii	RSV	mtdna_permissive_coverage	mtDNA	sample_qc_coverage	mitochondria	1	243359	141647301	582.050801	243212	0.999396	243197	0.999334	243189	0.999301	/home/neil/Downloads/dudleya/Dudleya_S_genomes/full_pipeline_run/results/05_analysis_masks/mtdna_permissive_coverage_regions.bed	/home/neil/Downloads/dudleya/Dudleya_S_genomes/full_pipeline_run/results/06_all_sample_alignment/qc/RSV_LP_050_Du-87.depth.tsv
RSV_LP_050_Du-87	QB3.Berkeley.251217/QB3.Results.260109	D. setchellii	RSV	mtdna_high_confidence_unique	mtDNA	variant_calling_and_population_genetics	mitochondria	2	44930	42573003	947.540686	44795	0.996995	44789	0.996862	44786	0.996795	/home/neil/Downloads/dudleya/Dudleya_S_genomes/full_pipeline_run/results/05_analysis_masks/mtdna_high_confidence_unique_regions.bed	/home/neil/Downloads/dudleya/Dudleya_S_genomes/full_pipeline_run/results/06_all_sample_alignment/qc/RSV_LP_050_Du-87.depth.tsv
RSV_LP_051_Du-88	QB3.Berkeley.251217/QB3.Results.260109	D. setchellii	RSV	cpdna_full_coverage	cpDNA	sample_qc_coverage	chloroplast	1	150274	55061263	366.405785	150270	0.999973	150265	0.999940	150257	0.999887	/home/neil/Downloads/dudleya/Dudleya_S_genomes/full_pipeline_run/results/05_analysis_masks/cpdna_full_coverage_regions.bed	/home/neil/Downloads/dudleya/Dudleya_S_genomes/full_pipeline_run/results/06_all_sample_alignment/qc/RSV_LP_051_Du-88.depth.tsv
RSV_LP_051_Du-88	QB3.Berkeley.251217/QB3.Results.260109	D. setchellii	RSV	cpdna_ir_regions	cpDNA	repeat_annotation	chloroplast	2	51472	19223418	373.473306	51468	0.999922	51463	0.999825	51456	0.999689	/home/neil/Downloads/dudleya/Dudleya_S_genomes/full_pipeline_run/results/05_analysis_masks/cpdna_ir_regions.bed	/home/neil/Downloads/dudleya/Dudleya_S_genomes/full_pipeline_run/results/06_all_sample_alignment/qc/RSV_LP_051_Du-88.depth.tsv
RSV_LP_051_Du-88	QB3.Berkeley.251217/QB3.Results.260109	D. setchellii	RSV	cpdna_duplicate_ir_mask	cpDNA	mask	chloroplast	1	25736	9465723	367.800863	25732	0.999845	25728	0.999689	25721	0.999417	/home/neil/Downloads/dudleya/Dudleya_S_genomes/full_pipeline_run/results/05_analysis_masks/cpdna_duplicate_ir_copy_mask.bed	/home/neil/Downloads/dudleya/Dudleya_S_genomes/full_pipeline_run/results/06_all_sample_alignment/qc/RSV_LP_051_Du-88.depth.tsv
RSV_LP_051_Du-88	QB3.Berkeley.251217/QB3.Results.260109	D. setchellii	RSV	cpdna_population_sites	cpDNA	variant_calling_and_population_genetics	chloroplast	1	124538	45595540	366.117490	124538	1.000000	124537	0.999992	124536	0.999984	/home/neil/Downloads/dudleya/Dudleya_S_genomes/full_pipeline_run/results/05_analysis_masks/cpdna_population_sites.bed	/home/neil/Downloads/dudleya/Dudleya_S_genomes/full_pipeline_run/results/06_all_sample_alignment/qc/RSV_LP_051_Du-88.depth.tsv
RSV_LP_051_Du-88	QB3.Berkeley.251217/QB3.Results.260109	D. setchellii	RSV	mtdna_permissive_coverage	mtDNA	sample_qc_coverage	mitochondria	1	243359	5679658	23.338599	243157	0.999170	242825	0.997806	236002	0.969769	/home/neil/Downloads/dudleya/Dudleya_S_genomes/full_pipeline_run/results/05_analysis_masks/mtdna_permissive_coverage_regions.bed	/home/neil/Downloads/dudleya/Dudleya_S_genomes/full_pipeline_run/results/06_all_sample_alignment/qc/RSV_LP_051_Du-88.depth.tsv
RSV_LP_051_Du-88	QB3.Berkeley.251217/QB3.Results.260109	D. setchellii	RSV	mtdna_high_confidence_unique	mtDNA	variant_calling_and_population_genetics	mitochondria	2	44930	1702354	37.889027	44788	0.996840	44780	0.996661	44779	0.996639	/home/neil/Downloads/dudleya/Dudleya_S_genomes/full_pipeline_run/results/05_analysis_masks/mtdna_high_confidence_unique_regions.bed	/home/neil/Downloads/dudleya/Dudleya_S_genomes/full_pipeline_run/results/06_all_sample_alignment/qc/RSV_LP_051_Du-88.depth.tsv
RSV_LP_052_Du-89	QB3.Berkeley.251217/QB3.Results.260109	D. setchellii	RSV	cpdna_full_coverage	cpDNA	sample_qc_coverage	chloroplast	1	150274	386488785	2571.893907	150274	1.000000	150274	1.000000	150273	0.999993	/home/neil/Downloads/dudleya/Dudleya_S_genomes/full_pipeline_run/results/05_analysis_masks/cpdna_full_coverage_regions.bed	/home/neil/Downloads/dudleya/Dudleya_S_genomes/full_pipeline_run/results/06_all_sample_alignment/qc/RSV_LP_052_Du-89.depth.tsv
RSV_LP_052_Du-89	QB3.Berkeley.251217/QB3.Results.260109	D. setchellii	RSV	cpdna_ir_regions	cpDNA	repeat_annotation	chloroplast	2	51472	136011139	2642.429651	51472	1.000000	51472	1.000000	51471	0.999981	/home/neil/Downloads/dudleya/Dudleya_S_genomes/full_pipeline_run/results/05_analysis_masks/cpdna_ir_regions.bed	/home/neil/Downloads/dudleya/Dudleya_S_genomes/full_pipeline_run/results/06_all_sample_alignment/qc/RSV_LP_052_Du-89.depth.tsv
RSV_LP_052_Du-89	QB3.Berkeley.251217/QB3.Results.260109	D. setchellii	RSV	cpdna_duplicate_ir_mask	cpDNA	mask	chloroplast	1	25736	66522411	2584.799930	25736	1.000000	25736	1.000000	25736	1.000000	/home/neil/Downloads/dudleya/Dudleya_S_genomes/full_pipeline_run/results/05_analysis_masks/cpdna_duplicate_ir_copy_mask.bed	/home/neil/Downloads/dudleya/Dudleya_S_genomes/full_pipeline_run/results/06_all_sample_alignment/qc/RSV_LP_052_Du-89.depth.tsv
RSV_LP_052_Du-89	QB3.Berkeley.251217/QB3.Results.260109	D. setchellii	RSV	cpdna_population_sites	cpDNA	variant_calling_and_population_genetics	chloroplast	1	124538	319966374	2569.226854	124538	1.000000	124538	1.000000	124537	0.999992	/home/neil/Downloads/dudleya/Dudleya_S_genomes/full_pipeline_run/results/05_analysis_masks/cpdna_population_sites.bed	/home/neil/Downloads/dudleya/Dudleya_S_genomes/full_pipeline_run/results/06_all_sample_alignment/qc/RSV_LP_052_Du-89.depth.tsv
RSV_LP_052_Du-89	QB3.Berkeley.251217/QB3.Results.260109	D. setchellii	RSV	mtdna_permissive_coverage	mtDNA	sample_qc_coverage	mitochondria	1	243359	40604628	166.850735	243266	0.999618	243179	0.999260	243160	0.999182	/home/neil/Downloads/dudleya/Dudleya_S_genomes/full_pipeline_run/results/05_analysis_masks/mtdna_permissive_coverage_regions.bed	/home/neil/Downloads/dudleya/Dudleya_S_genomes/full_pipeline_run/results/06_all_sample_alignment/qc/RSV_LP_052_Du-89.depth.tsv
RSV_LP_052_Du-89	QB3.Berkeley.251217/QB3.Results.260109	D. setchellii	RSV	mtdna_high_confidence_unique	mtDNA	variant_calling_and_population_genetics	mitochondria	2	44930	12168857	270.840352	44856	0.998353	44784	0.996751	44780	0.996661	/home/neil/Downloads/dudleya/Dudleya_S_genomes/full_pipeline_run/results/05_analysis_masks/mtdna_high_confidence_unique_regions.bed	/home/neil/Downloads/dudleya/Dudleya_S_genomes/full_pipeline_run/results/06_all_sample_alignment/qc/RSV_LP_052_Du-89.depth.tsv
RSV_LP_053_Du-90	QB3.Berkeley.251217/QB3.Results.260109	D. setchellii	RSV	cpdna_full_coverage	cpDNA	sample_qc_coverage	chloroplast	1	150274	379998406	2528.703608	150274	1.000000	150274	1.000000	150272	0.999987	/home/neil/Downloads/dudleya/Dudleya_S_genomes/full_pipeline_run/results/05_analysis_masks/cpdna_full_coverage_regions.bed	/home/neil/Downloads/dudleya/Dudleya_S_genomes/full_pipeline_run/results/06_all_sample_alignment/qc/RSV_LP_053_Du-90.depth.tsv
RSV_LP_053_Du-90	QB3.Berkeley.251217/QB3.Results.260109	D. setchellii	RSV	cpdna_ir_regions	cpDNA	repeat_annotation	chloroplast	2	51472	130479349	2534.957822	51472	1.000000	51472	1.000000	51470	0.999961	/home/neil/Downloads/dudleya/Dudleya_S_genomes/full_pipeline_run/results/05_analysis_masks/cpdna_ir_regions.bed	/home/neil/Downloads/dudleya/Dudleya_S_genomes/full_pipeline_run/results/06_all_sample_alignment/qc/RSV_LP_053_Du-90.depth.tsv
RSV_LP_053_Du-90	QB3.Berkeley.251217/QB3.Results.260109	D. setchellii	RSV	cpdna_duplicate_ir_mask	cpDNA	mask	chloroplast	1	25736	63725290	2476.114781	25736	1.000000	25736	1.000000	25735	0.999961	/home/neil/Downloads/dudleya/Dudleya_S_genomes/full_pipeline_run/results/05_analysis_masks/cpdna_duplicate_ir_copy_mask.bed	/home/neil/Downloads/dudleya/Dudleya_S_genomes/full_pipeline_run/results/06_all_sample_alignment/qc/RSV_LP_053_Du-90.depth.tsv
RSV_LP_053_Du-90	QB3.Berkeley.251217/QB3.Results.260109	D. setchellii	RSV	cpdna_population_sites	cpDNA	variant_calling_and_population_genetics	chloroplast	1	124538	316273116	2539.571183	124538	1.000000	124538	1.000000	124537	0.999992	/home/neil/Downloads/dudleya/Dudleya_S_genomes/full_pipeline_run/results/05_analysis_masks/cpdna_population_sites.bed	/home/neil/Downloads/dudleya/Dudleya_S_genomes/full_pipeline_run/results/06_all_sample_alignment/qc/RSV_LP_053_Du-90.depth.tsv
RSV_LP_053_Du-90	QB3.Berkeley.251217/QB3.Results.260109	D. setchellii	RSV	mtdna_permissive_coverage	mtDNA	sample_qc_coverage	mitochondria	1	243359	57437716	236.020513	243207	0.999375	243181	0.999269	243171	0.999227	/home/neil/Downloads/dudleya/Dudleya_S_genomes/full_pipeline_run/results/05_analysis_masks/mtdna_permissive_coverage_regions.bed	/home/neil/Downloads/dudleya/Dudleya_S_genomes/full_pipeline_run/results/06_all_sample_alignment/qc/RSV_LP_053_Du-90.depth.tsv
RSV_LP_053_Du-90	QB3.Berkeley.251217/QB3.Results.260109	D. setchellii	RSV	mtdna_high_confidence_unique	mtDNA	variant_calling_and_population_genetics	mitochondria	2	44930	17304595	385.145671	44795	0.996995	44784	0.996751	44784	0.996751	/home/neil/Downloads/dudleya/Dudleya_S_genomes/full_pipeline_run/results/05_analysis_masks/mtdna_high_confidence_unique_regions.bed	/home/neil/Downloads/dudleya/Dudleya_S_genomes/full_pipeline_run/results/06_all_sample_alignment/qc/RSV_LP_053_Du-90.depth.tsv
RSV_LP_055_Du-92	QB3.Berkeley.251217/QB3.Results.260109	D. setchellii	RSV	cpdna_full_coverage	cpDNA	sample_qc_coverage	chloroplast	1	150274	47678780	317.278970	150273	0.999993	150263	0.999927	150256	0.999880	/home/neil/Downloads/dudleya/Dudleya_S_genomes/full_pipeline_run/results/05_analysis_masks/cpdna_full_coverage_regions.bed	/home/neil/Downloads/dudleya/Dudleya_S_genomes/full_pipeline_run/results/06_all_sample_alignment/qc/RSV_LP_055_Du-92.depth.tsv
RSV_LP_055_Du-92	QB3.Berkeley.251217/QB3.Results.260109	D. setchellii	RSV	cpdna_ir_regions	cpDNA	repeat_annotation	chloroplast	2	51472	17176101	333.697952	51471	0.999981	51461	0.999786	51456	0.999689	/home/neil/Downloads/dudleya/Dudleya_S_genomes/full_pipeline_run/results/05_analysis_masks/cpdna_ir_regions.bed	/home/neil/Downloads/dudleya/Dudleya_S_genomes/full_pipeline_run/results/06_all_sample_alignment/qc/RSV_LP_055_Du-92.depth.tsv
RSV_LP_055_Du-92	QB3.Berkeley.251217/QB3.Results.260109	D. setchellii	RSV	cpdna_duplicate_ir_mask	cpDNA	mask	chloroplast	1	25736	8363631	324.977891	25736	1.000000	25727	0.999650	25722	0.999456	/home/neil/Downloads/dudleya/Dudleya_S_genomes/full_pipeline_run/results/05_analysis_masks/cpdna_duplicate_ir_copy_mask.bed	/home/neil/Downloads/dudleya/Dudleya_S_genomes/full_pipeline_run/results/06_all_sample_alignment/qc/RSV_LP_055_Du-92.depth.tsv
RSV_LP_055_Du-92	QB3.Berkeley.251217/QB3.Results.260109	D. setchellii	RSV	cpdna_population_sites	cpDNA	variant_calling_and_population_genetics	chloroplast	1	124538	39315149	315.687975	124537	0.999992	124536	0.999984	124534	0.999968	/home/neil/Downloads/dudleya/Dudleya_S_genomes/full_pipeline_run/results/05_analysis_masks/cpdna_population_sites.bed	/home/neil/Downloads/dudleya/Dudleya_S_genomes/full_pipeline_run/results/06_all_sample_alignment/qc/RSV_LP_055_Du-92.depth.tsv
RSV_LP_055_Du-92	QB3.Berkeley.251217/QB3.Results.260109	D. setchellii	RSV	mtdna_permissive_coverage	mtDNA	sample_qc_coverage	mitochondria	1	243359	8320615	34.190702	243188	0.999297	243109	0.998973	242774	0.997596	/home/neil/Downloads/dudleya/Dudleya_S_genomes/full_pipeline_run/results/05_analysis_masks/mtdna_permissive_coverage_regions.bed	/home/neil/Downloads/dudleya/Dudleya_S_genomes/full_pipeline_run/results/06_all_sample_alignment/qc/RSV_LP_055_Du-92.depth.tsv
RSV_LP_055_Du-92	QB3.Berkeley.251217/QB3.Results.260109	D. setchellii	RSV	mtdna_high_confidence_unique	mtDNA	variant_calling_and_population_genetics	mitochondria	2	44930	2501312	55.671311	44784	0.996751	44780	0.996661	44779	0.996639	/home/neil/Downloads/dudleya/Dudleya_S_genomes/full_pipeline_run/results/05_analysis_masks/mtdna_high_confidence_unique_regions.bed	/home/neil/Downloads/dudleya/Dudleya_S_genomes/full_pipeline_run/results/06_all_sample_alignment/qc/RSV_LP_055_Du-92.depth.tsv
RSV_LP_057_Du-94	QB3.Berkeley.251217/QB3.Results.260109	D. setchellii	RSV	cpdna_full_coverage	cpDNA	sample_qc_coverage	chloroplast	1	150274	64017674	426.006322	150272	0.999987	150270	0.999973	150256	0.999880	/home/neil/Downloads/dudleya/Dudleya_S_genomes/full_pipeline_run/results/05_analysis_masks/cpdna_full_coverage_regions.bed	/home/neil/Downloads/dudleya/Dudleya_S_genomes/full_pipeline_run/results/06_all_sample_alignment/qc/RSV_LP_057_Du-94.depth.tsv
RSV_LP_057_Du-94	QB3.Berkeley.251217/QB3.Results.260109	D. setchellii	RSV	cpdna_ir_regions	cpDNA	repeat_annotation	chloroplast	2	51472	23329923	453.254643	51470	0.999961	51469	0.999942	51458	0.999728	/home/neil/Downloads/dudleya/Dudleya_S_genomes/full_pipeline_run/results/05_analysis_masks/cpdna_ir_regions.bed	/home/neil/Downloads/dudleya/Dudleya_S_genomes/full_pipeline_run/results/06_all_sample_alignment/qc/RSV_LP_057_Du-94.depth.tsv
RSV_LP_057_Du-94	QB3.Berkeley.251217/QB3.Results.260109	D. setchellii	RSV	cpdna_duplicate_ir_mask	cpDNA	mask	chloroplast	1	25736	11349242	440.987022	25735	0.999961	25734	0.999922	25724	0.999534	/home/neil/Downloads/dudleya/Dudleya_S_genomes/full_pipeline_run/results/05_analysis_masks/cpdna_duplicate_ir_copy_mask.bed	/home/neil/Downloads/dudleya/Dudleya_S_genomes/full_pipeline_run/results/06_all_sample_alignment/qc/RSV_LP_057_Du-94.depth.tsv
RSV_LP_057_Du-94	QB3.Berkeley.251217/QB3.Results.260109	D. setchellii	RSV	cpdna_population_sites	cpDNA	variant_calling_and_population_genetics	chloroplast	1	124538	52668432	422.910533	124537	0.999992	124536	0.999984	124532	0.999952	/home/neil/Downloads/dudleya/Dudleya_S_genomes/full_pipeline_run/results/05_analysis_masks/cpdna_population_sites.bed	/home/neil/Downloads/dudleya/Dudleya_S_genomes/full_pipeline_run/results/06_all_sample_alignment/qc/RSV_LP_057_Du-94.depth.tsv
RSV_LP_057_Du-94	QB3.Berkeley.251217/QB3.Results.260109	D. setchellii	RSV	mtdna_permissive_coverage	mtDNA	sample_qc_coverage	mitochondria	1	243359	12961913	53.262518	243189	0.999301	243146	0.999125	243091	0.998899	/home/neil/Downloads/dudleya/Dudleya_S_genomes/full_pipeline_run/results/05_analysis_masks/mtdna_permissive_coverage_regions.bed	/home/neil/Downloads/dudleya/Dudleya_S_genomes/full_pipeline_run/results/06_all_sample_alignment/qc/RSV_LP_057_Du-94.depth.tsv
RSV_LP_057_Du-94	QB3.Berkeley.251217/QB3.Results.260109	D. setchellii	RSV	mtdna_high_confidence_unique	mtDNA	variant_calling_and_population_genetics	mitochondria	2	44930	3895444	86.700289	44785	0.996773	44784	0.996751	44780	0.996661	/home/neil/Downloads/dudleya/Dudleya_S_genomes/full_pipeline_run/results/05_analysis_masks/mtdna_high_confidence_unique_regions.bed	/home/neil/Downloads/dudleya/Dudleya_S_genomes/full_pipeline_run/results/06_all_sample_alignment/qc/RSV_LP_057_Du-94.depth.tsv
RSV_LP_315_Du-95	QB3.Berkeley.251217/QB3.Results.260109	D. setchellii	RSV	cpdna_full_coverage	cpDNA	sample_qc_coverage	chloroplast	1	150274	117453526	781.595792	150274	1.000000	150274	1.000000	150272	0.999987	/home/neil/Downloads/dudleya/Dudleya_S_genomes/full_pipeline_run/results/05_analysis_masks/cpdna_full_coverage_regions.bed	/home/neil/Downloads/dudleya/Dudleya_S_genomes/full_pipeline_run/results/06_all_sample_alignment/qc/RSV_LP_315_Du-95.depth.tsv
RSV_LP_315_Du-95	QB3.Berkeley.251217/QB3.Results.260109	D. setchellii	RSV	cpdna_ir_regions	cpDNA	repeat_annotation	chloroplast	2	51472	50756073	986.090943	51472	1.000000	51472	1.000000	51470	0.999961	/home/neil/Downloads/dudleya/Dudleya_S_genomes/full_pipeline_run/results/05_analysis_masks/cpdna_ir_regions.bed	/home/neil/Downloads/dudleya/Dudleya_S_genomes/full_pipeline_run/results/06_all_sample_alignment/qc/RSV_LP_315_Du-95.depth.tsv
RSV_LP_315_Du-95	QB3.Berkeley.251217/QB3.Results.260109	D. setchellii	RSV	cpdna_duplicate_ir_mask	cpDNA	mask	chloroplast	1	25736	24513522	952.499301	25736	1.000000	25736	1.000000	25735	0.999961	/home/neil/Downloads/dudleya/Dudleya_S_genomes/full_pipeline_run/results/05_analysis_masks/cpdna_duplicate_ir_copy_mask.bed	/home/neil/Downloads/dudleya/Dudleya_S_genomes/full_pipeline_run/results/06_all_sample_alignment/qc/RSV_LP_315_Du-95.depth.tsv
RSV_LP_315_Du-95	QB3.Berkeley.251217/QB3.Results.260109	D. setchellii	RSV	cpdna_population_sites	cpDNA	variant_calling_and_population_genetics	chloroplast	1	124538	92940004	746.278277	124538	1.000000	124538	1.000000	124537	0.999992	/home/neil/Downloads/dudleya/Dudleya_S_genomes/full_pipeline_run/results/05_analysis_masks/cpdna_population_sites.bed	/home/neil/Downloads/dudleya/Dudleya_S_genomes/full_pipeline_run/results/06_all_sample_alignment/qc/RSV_LP_315_Du-95.depth.tsv
RSV_LP_315_Du-95	QB3.Berkeley.251217/QB3.Results.260109	D. setchellii	RSV	mtdna_permissive_coverage	mtDNA	sample_qc_coverage	mitochondria	1	243359	27495462	112.983132	243197	0.999334	243173	0.999236	243147	0.999129	/home/neil/Downloads/dudleya/Dudleya_S_genomes/full_pipeline_run/results/05_analysis_masks/mtdna_permissive_coverage_regions.bed	/home/neil/Downloads/dudleya/Dudleya_S_genomes/full_pipeline_run/results/06_all_sample_alignment/qc/RSV_LP_315_Du-95.depth.tsv
RSV_LP_315_Du-95	QB3.Berkeley.251217/QB3.Results.260109	D. setchellii	RSV	mtdna_high_confidence_unique	mtDNA	variant_calling_and_population_genetics	mitochondria	2	44930	8411340	187.209882	44788	0.996840	44780	0.996661	44780	0.996661	/home/neil/Downloads/dudleya/Dudleya_S_genomes/full_pipeline_run/results/05_analysis_masks/mtdna_high_confidence_unique_regions.bed	/home/neil/Downloads/dudleya/Dudleya_S_genomes/full_pipeline_run/results/06_all_sample_alignment/qc/RSV_LP_315_Du-95.depth.tsv
RSV_LP_316_Du-96	QB3.Berkeley.251217/QB3.Results.260109	D. setchellii	RSV	cpdna_full_coverage	cpDNA	sample_qc_coverage	chloroplast	1	150274	81002334	539.030930	150274	1.000000	150271	0.999980	150267	0.999953	/home/neil/Downloads/dudleya/Dudleya_S_genomes/full_pipeline_run/results/05_analysis_masks/cpdna_full_coverage_regions.bed	/home/neil/Downloads/dudleya/Dudleya_S_genomes/full_pipeline_run/results/06_all_sample_alignment/qc/RSV_LP_316_Du-96.depth.tsv
RSV_LP_316_Du-96	QB3.Berkeley.251217/QB3.Results.260109	D. setchellii	RSV	cpdna_ir_regions	cpDNA	repeat_annotation	chloroplast	2	51472	28353223	550.847509	51472	1.000000	51469	0.999942	51465	0.999864	/home/neil/Downloads/dudleya/Dudleya_S_genomes/full_pipeline_run/results/05_analysis_masks/cpdna_ir_regions.bed	/home/neil/Downloads/dudleya/Dudleya_S_genomes/full_pipeline_run/results/06_all_sample_alignment/qc/RSV_LP_316_Du-96.depth.tsv
RSV_LP_316_Du-96	QB3.Berkeley.251217/QB3.Results.260109	D. setchellii	RSV	cpdna_duplicate_ir_mask	cpDNA	mask	chloroplast	1	25736	13866291	538.789672	25736	1.000000	25734	0.999922	25731	0.999806	/home/neil/Downloads/dudleya/Dudleya_S_genomes/full_pipeline_run/results/05_analysis_masks/cpdna_duplicate_ir_copy_mask.bed	/home/neil/Downloads/dudleya/Dudleya_S_genomes/full_pipeline_run/results/06_all_sample_alignment/qc/RSV_LP_316_Du-96.depth.tsv
RSV_LP_316_Du-96	QB3.Berkeley.251217/QB3.Results.260109	D. setchellii	RSV	cpdna_population_sites	cpDNA	variant_calling_and_population_genetics	chloroplast	1	124538	67136043	539.080787	124538	1.000000	124537	0.999992	124536	0.999984	/home/neil/Downloads/dudleya/Dudleya_S_genomes/full_pipeline_run/results/05_analysis_masks/cpdna_population_sites.bed	/home/neil/Downloads/dudleya/Dudleya_S_genomes/full_pipeline_run/results/06_all_sample_alignment/qc/RSV_LP_316_Du-96.depth.tsv
RSV_LP_316_Du-96	QB3.Berkeley.251217/QB3.Results.260109	D. setchellii	RSV	mtdna_permissive_coverage	mtDNA	sample_qc_coverage	mitochondria	1	243359	8943523	36.750328	243185	0.999285	243123	0.999030	242931	0.998241	/home/neil/Downloads/dudleya/Dudleya_S_genomes/full_pipeline_run/results/05_analysis_masks/mtdna_permissive_coverage_regions.bed	/home/neil/Downloads/dudleya/Dudleya_S_genomes/full_pipeline_run/results/06_all_sample_alignment/qc/RSV_LP_316_Du-96.depth.tsv
RSV_LP_316_Du-96	QB3.Berkeley.251217/QB3.Results.260109	D. setchellii	RSV	mtdna_high_confidence_unique	mtDNA	variant_calling_and_population_genetics	mitochondria	2	44930	2681191	59.674850	44786	0.996795	44780	0.996661	44780	0.996661	/home/neil/Downloads/dudleya/Dudleya_S_genomes/full_pipeline_run/results/05_analysis_masks/mtdna_high_confidence_unique_regions.bed	/home/neil/Downloads/dudleya/Dudleya_S_genomes/full_pipeline_run/results/06_all_sample_alignment/qc/RSV_LP_316_Du-96.depth.tsv
SILG_LP_149_Du-343	QB3.Berkeley.251217/QB3.Results.260109	D. setchellii	SILG	cpdna_full_coverage	cpDNA	sample_qc_coverage	chloroplast	1	150274	23294326	155.012351	150272	0.999987	150236	0.999747	150162	0.999255	/home/neil/Downloads/dudleya/Dudleya_S_genomes/full_pipeline_run/results/05_analysis_masks/cpdna_full_coverage_regions.bed	/home/neil/Downloads/dudleya/Dudleya_S_genomes/full_pipeline_run/results/06_all_sample_alignment/qc/SILG_LP_149_Du-343.depth.tsv
SILG_LP_149_Du-343	QB3.Berkeley.251217/QB3.Results.260109	D. setchellii	SILG	cpdna_ir_regions	cpDNA	repeat_annotation	chloroplast	2	51472	7751461	150.595683	51470	0.999961	51436	0.999301	51367	0.997960	/home/neil/Downloads/dudleya/Dudleya_S_genomes/full_pipeline_run/results/05_analysis_masks/cpdna_ir_regions.bed	/home/neil/Downloads/dudleya/Dudleya_S_genomes/full_pipeline_run/results/06_all_sample_alignment/qc/SILG_LP_149_Du-343.depth.tsv
SILG_LP_149_Du-343	QB3.Berkeley.251217/QB3.Results.260109	D. setchellii	SILG	cpdna_duplicate_ir_mask	cpDNA	mask	chloroplast	1	25736	3792723	147.370337	25736	1.000000	25707	0.998873	25654	0.996814	/home/neil/Downloads/dudleya/Dudleya_S_genomes/full_pipeline_run/results/05_analysis_masks/cpdna_duplicate_ir_copy_mask.bed	/home/neil/Downloads/dudleya/Dudleya_S_genomes/full_pipeline_run/results/06_all_sample_alignment/qc/SILG_LP_149_Du-343.depth.tsv
SILG_LP_149_Du-343	QB3.Berkeley.251217/QB3.Results.260109	D. setchellii	SILG	cpdna_population_sites	cpDNA	variant_calling_and_population_genetics	chloroplast	1	124538	19501603	156.591587	124536	0.999984	124529	0.999928	124508	0.999759	/home/neil/Downloads/dudleya/Dudleya_S_genomes/full_pipeline_run/results/05_analysis_masks/cpdna_population_sites.bed	/home/neil/Downloads/dudleya/Dudleya_S_genomes/full_pipeline_run/results/06_all_sample_alignment/qc/SILG_LP_149_Du-343.depth.tsv
SILG_LP_149_Du-343	QB3.Berkeley.251217/QB3.Results.260109	D. setchellii	SILG	mtdna_permissive_coverage	mtDNA	sample_qc_coverage	mitochondria	1	243359	2886046	11.859212	235224	0.966572	214009	0.879396	144121	0.592216	/home/neil/Downloads/dudleya/Dudleya_S_genomes/full_pipeline_run/results/05_analysis_masks/mtdna_permissive_coverage_regions.bed	/home/neil/Downloads/dudleya/Dudleya_S_genomes/full_pipeline_run/results/06_all_sample_alignment/qc/SILG_LP_149_Du-343.depth.tsv
SILG_LP_149_Du-343	QB3.Berkeley.251217/QB3.Results.260109	D. setchellii	SILG	mtdna_high_confidence_unique	mtDNA	variant_calling_and_population_genetics	mitochondria	2	44930	952652	21.203027	44930	1.000000	44897	0.999266	43687	0.972335	/home/neil/Downloads/dudleya/Dudleya_S_genomes/full_pipeline_run/results/05_analysis_masks/mtdna_high_confidence_unique_regions.bed	/home/neil/Downloads/dudleya/Dudleya_S_genomes/full_pipeline_run/results/06_all_sample_alignment/qc/SILG_LP_149_Du-343.depth.tsv
SILG_LP_150_Du-344	QB3.Berkeley.251217/QB3.Results.260109	D. setchellii	SILG	cpdna_full_coverage	cpDNA	sample_qc_coverage	chloroplast	1	150274	47068976	313.221023	150272	0.999987	150257	0.999887	150241	0.999780	/home/neil/Downloads/dudleya/Dudleya_S_genomes/full_pipeline_run/results/05_analysis_masks/cpdna_full_coverage_regions.bed	/home/neil/Downloads/dudleya/Dudleya_S_genomes/full_pipeline_run/results/06_all_sample_alignment/qc/SILG_LP_150_Du-344.depth.tsv
SILG_LP_150_Du-344	QB3.Berkeley.251217/QB3.Results.260109	D. setchellii	SILG	cpdna_ir_regions	cpDNA	repeat_annotation	chloroplast	2	51472	16063196	312.076391	51471	0.999981	51464	0.999845	51456	0.999689	/home/neil/Downloads/dudleya/Dudleya_S_genomes/full_pipeline_run/results/05_analysis_masks/cpdna_ir_regions.bed	/home/neil/Downloads/dudleya/Dudleya_S_genomes/full_pipeline_run/results/06_all_sample_alignment/qc/SILG_LP_150_Du-344.depth.tsv
SILG_LP_150_Du-344	QB3.Berkeley.251217/QB3.Results.260109	D. setchellii	SILG	cpdna_duplicate_ir_mask	cpDNA	mask	chloroplast	1	25736	7876598	306.053699	25736	1.000000	25730	0.999767	25722	0.999456	/home/neil/Downloads/dudleya/Dudleya_S_genomes/full_pipeline_run/results/05_analysis_masks/cpdna_duplicate_ir_copy_mask.bed	/home/neil/Downloads/dudleya/Dudleya_S_genomes/full_pipeline_run/results/06_all_sample_alignment/qc/SILG_LP_150_Du-344.depth.tsv
SILG_LP_150_Du-344	QB3.Berkeley.251217/QB3.Results.260109	D. setchellii	SILG	cpdna_population_sites	cpDNA	variant_calling_and_population_genetics	chloroplast	1	124538	39192378	314.702163	124536	0.999984	124527	0.999912	124519	0.999847	/home/neil/Downloads/dudleya/Dudleya_S_genomes/full_pipeline_run/results/05_analysis_masks/cpdna_population_sites.bed	/home/neil/Downloads/dudleya/Dudleya_S_genomes/full_pipeline_run/results/06_all_sample_alignment/qc/SILG_LP_150_Du-344.depth.tsv
SILG_LP_150_Du-344	QB3.Berkeley.251217/QB3.Results.260109	D. setchellii	SILG	mtdna_permissive_coverage	mtDNA	sample_qc_coverage	mitochondria	1	243359	4637566	19.056480	230117	0.945587	228696	0.939747	211293	0.868236	/home/neil/Downloads/dudleya/Dudleya_S_genomes/full_pipeline_run/results/05_analysis_masks/mtdna_permissive_coverage_regions.bed	/home/neil/Downloads/dudleya/Dudleya_S_genomes/full_pipeline_run/results/06_all_sample_alignment/qc/SILG_LP_150_Du-344.depth.tsv
SILG_LP_150_Du-344	QB3.Berkeley.251217/QB3.Results.260109	D. setchellii	SILG	mtdna_high_confidence_unique	mtDNA	variant_calling_and_population_genetics	mitochondria	2	44930	1487466	33.106299	44930	1.000000	44930	1.000000	44863	0.998509	/home/neil/Downloads/dudleya/Dudleya_S_genomes/full_pipeline_run/results/05_analysis_masks/mtdna_high_confidence_unique_regions.bed	/home/neil/Downloads/dudleya/Dudleya_S_genomes/full_pipeline_run/results/06_all_sample_alignment/qc/SILG_LP_150_Du-344.depth.tsv
SILG_LP_151_Du-345	QB3.Berkeley.251217/QB3.Results.260109	D. setchellii	SILG	cpdna_full_coverage	cpDNA	sample_qc_coverage	chloroplast	1	150274	43668135	290.590089	150271	0.999980	150242	0.999787	150208	0.999561	/home/neil/Downloads/dudleya/Dudleya_S_genomes/full_pipeline_run/results/05_analysis_masks/cpdna_full_coverage_regions.bed	/home/neil/Downloads/dudleya/Dudleya_S_genomes/full_pipeline_run/results/06_all_sample_alignment/qc/SILG_LP_151_Du-345.depth.tsv
SILG_LP_151_Du-345	QB3.Berkeley.251217/QB3.Results.260109	D. setchellii	SILG	cpdna_ir_regions	cpDNA	repeat_annotation	chloroplast	2	51472	14917317	289.814210	51470	0.999961	51448	0.999534	51419	0.998970	/home/neil/Downloads/dudleya/Dudleya_S_genomes/full_pipeline_run/results/05_analysis_masks/cpdna_ir_regions.bed	/home/neil/Downloads/dudleya/Dudleya_S_genomes/full_pipeline_run/results/06_all_sample_alignment/qc/SILG_LP_151_Du-345.depth.tsv
SILG_LP_151_Du-345	QB3.Berkeley.251217/QB3.Results.260109	D. setchellii	SILG	cpdna_duplicate_ir_mask	cpDNA	mask	chloroplast	1	25736	7279339	282.846557	25735	0.999961	25718	0.999301	25692	0.998290	/home/neil/Downloads/dudleya/Dudleya_S_genomes/full_pipeline_run/results/05_analysis_masks/cpdna_duplicate_ir_copy_mask.bed	/home/neil/Downloads/dudleya/Dudleya_S_genomes/full_pipeline_run/results/06_all_sample_alignment/qc/SILG_LP_151_Du-345.depth.tsv
SILG_LP_151_Du-345	QB3.Berkeley.251217/QB3.Results.260109	D. setchellii	SILG	cpdna_population_sites	cpDNA	variant_calling_and_population_genetics	chloroplast	1	124538	36388796	292.190303	124536	0.999984	124524	0.999888	124516	0.999823	/home/neil/Downloads/dudleya/Dudleya_S_genomes/full_pipeline_run/results/05_analysis_masks/cpdna_population_sites.bed	/home/neil/Downloads/dudleya/Dudleya_S_genomes/full_pipeline_run/results/06_all_sample_alignment/qc/SILG_LP_151_Du-345.depth.tsv
SILG_LP_151_Du-345	QB3.Berkeley.251217/QB3.Results.260109	D. setchellii	SILG	mtdna_permissive_coverage	mtDNA	sample_qc_coverage	mitochondria	1	243359	5577363	22.918252	230111	0.945562	229844	0.944465	225922	0.928349	/home/neil/Downloads/dudleya/Dudleya_S_genomes/full_pipeline_run/results/05_analysis_masks/mtdna_permissive_coverage_regions.bed	/home/neil/Downloads/dudleya/Dudleya_S_genomes/full_pipeline_run/results/06_all_sample_alignment/qc/SILG_LP_151_Du-345.depth.tsv
SILG_LP_151_Du-345	QB3.Berkeley.251217/QB3.Results.260109	D. setchellii	SILG	mtdna_high_confidence_unique	mtDNA	variant_calling_and_population_genetics	mitochondria	2	44930	1750216	38.954284	44930	1.000000	44930	1.000000	44923	0.999844	/home/neil/Downloads/dudleya/Dudleya_S_genomes/full_pipeline_run/results/05_analysis_masks/mtdna_high_confidence_unique_regions.bed	/home/neil/Downloads/dudleya/Dudleya_S_genomes/full_pipeline_run/results/06_all_sample_alignment/qc/SILG_LP_151_Du-345.depth.tsv
SILG_LP_152_Du-346	QB3.Berkeley.251217/QB3.Results.260109	D. setchellii	SILG	cpdna_full_coverage	cpDNA	sample_qc_coverage	chloroplast	1	150274	35790277	238.166795	150267	0.999953	150247	0.999820	150207	0.999554	/home/neil/Downloads/dudleya/Dudleya_S_genomes/full_pipeline_run/results/05_analysis_masks/cpdna_full_coverage_regions.bed	/home/neil/Downloads/dudleya/Dudleya_S_genomes/full_pipeline_run/results/06_all_sample_alignment/qc/SILG_LP_152_Du-346.depth.tsv
SILG_LP_152_Du-346	QB3.Berkeley.251217/QB3.Results.260109	D. setchellii	SILG	cpdna_ir_regions	cpDNA	repeat_annotation	chloroplast	2	51472	12392377	240.759578	51466	0.999883	51455	0.999670	51426	0.999106	/home/neil/Downloads/dudleya/Dudleya_S_genomes/full_pipeline_run/results/05_analysis_masks/cpdna_ir_regions.bed	/home/neil/Downloads/dudleya/Dudleya_S_genomes/full_pipeline_run/results/06_all_sample_alignment/qc/SILG_LP_152_Du-346.depth.tsv
SILG_LP_152_Du-346	QB3.Berkeley.251217/QB3.Results.260109	D. setchellii	SILG	cpdna_duplicate_ir_mask	cpDNA	mask	chloroplast	1	25736	6103869	237.172404	25732	0.999845	25721	0.999417	25699	0.998562	/home/neil/Downloads/dudleya/Dudleya_S_genomes/full_pipeline_run/results/05_analysis_masks/cpdna_duplicate_ir_copy_mask.bed	/home/neil/Downloads/dudleya/Dudleya_S_genomes/full_pipeline_run/results/06_all_sample_alignment/qc/SILG_LP_152_Du-346.depth.tsv
SILG_LP_152_Du-346	QB3.Berkeley.251217/QB3.Results.260109	D. setchellii	SILG	cpdna_population_sites	cpDNA	variant_calling_and_population_genetics	chloroplast	1	124538	29686408	238.372288	124535	0.999976	124526	0.999904	124508	0.999759	/home/neil/Downloads/dudleya/Dudleya_S_genomes/full_pipeline_run/results/05_analysis_masks/cpdna_population_sites.bed	/home/neil/Downloads/dudleya/Dudleya_S_genomes/full_pipeline_run/results/06_all_sample_alignment/qc/SILG_LP_152_Du-346.depth.tsv
SILG_LP_152_Du-346	QB3.Berkeley.251217/QB3.Results.260109	D. setchellii	SILG	mtdna_permissive_coverage	mtDNA	sample_qc_coverage	mitochondria	1	243359	5165375	21.225330	230288	0.946289	229674	0.943766	221368	0.909636	/home/neil/Downloads/dudleya/Dudleya_S_genomes/full_pipeline_run/results/05_analysis_masks/mtdna_permissive_coverage_regions.bed	/home/neil/Downloads/dudleya/Dudleya_S_genomes/full_pipeline_run/results/06_all_sample_alignment/qc/SILG_LP_152_Du-346.depth.tsv
SILG_LP_152_Du-346	QB3.Berkeley.251217/QB3.Results.260109	D. setchellii	SILG	mtdna_high_confidence_unique	mtDNA	variant_calling_and_population_genetics	mitochondria	2	44930	1648351	36.687091	44930	1.000000	44930	1.000000	44872	0.998709	/home/neil/Downloads/dudleya/Dudleya_S_genomes/full_pipeline_run/results/05_analysis_masks/mtdna_high_confidence_unique_regions.bed	/home/neil/Downloads/dudleya/Dudleya_S_genomes/full_pipeline_run/results/06_all_sample_alignment/qc/SILG_LP_152_Du-346.depth.tsv
SILG_LP_153_Du-347	QB3.Berkeley.251217/QB3.Results.260109	D. setchellii	SILG	cpdna_full_coverage	cpDNA	sample_qc_coverage	chloroplast	1	150274	29612619	197.057502	150264	0.999933	150230	0.999707	150187	0.999421	/home/neil/Downloads/dudleya/Dudleya_S_genomes/full_pipeline_run/results/05_analysis_masks/cpdna_full_coverage_regions.bed	/home/neil/Downloads/dudleya/Dudleya_S_genomes/full_pipeline_run/results/06_all_sample_alignment/qc/SILG_LP_153_Du-347.depth.tsv
SILG_LP_153_Du-347	QB3.Berkeley.251217/QB3.Results.260109	D. setchellii	SILG	cpdna_ir_regions	cpDNA	repeat_annotation	chloroplast	2	51472	10154443	197.280910	51466	0.999883	51441	0.999398	51405	0.998698	/home/neil/Downloads/dudleya/Dudleya_S_genomes/full_pipeline_run/results/05_analysis_masks/cpdna_ir_regions.bed	/home/neil/Downloads/dudleya/Dudleya_S_genomes/full_pipeline_run/results/06_all_sample_alignment/qc/SILG_LP_153_Du-347.depth.tsv
SILG_LP_153_Du-347	QB3.Berkeley.251217/QB3.Results.260109	D. setchellii	SILG	cpdna_duplicate_ir_mask	cpDNA	mask	chloroplast	1	25736	4947122	192.225754	25732	0.999845	25707	0.998873	25677	0.997707	/home/neil/Downloads/dudleya/Dudleya_S_genomes/full_pipeline_run/results/05_analysis_masks/cpdna_duplicate_ir_copy_mask.bed	/home/neil/Downloads/dudleya/Dudleya_S_genomes/full_pipeline_run/results/06_all_sample_alignment/qc/SILG_LP_153_Du-347.depth.tsv
SILG_LP_153_Du-347	QB3.Berkeley.251217/QB3.Results.260109	D. setchellii	SILG	cpdna_population_sites	cpDNA	variant_calling_and_population_genetics	chloroplast	1	124538	24665497	198.055991	124532	0.999952	124523	0.999880	124510	0.999775	/home/neil/Downloads/dudleya/Dudleya_S_genomes/full_pipeline_run/results/05_analysis_masks/cpdna_population_sites.bed	/home/neil/Downloads/dudleya/Dudleya_S_genomes/full_pipeline_run/results/06_all_sample_alignment/qc/SILG_LP_153_Du-347.depth.tsv
SILG_LP_153_Du-347	QB3.Berkeley.251217/QB3.Results.260109	D. setchellii	SILG	mtdna_permissive_coverage	mtDNA	sample_qc_coverage	mitochondria	1	243359	3884294	15.961168	230035	0.945250	226555	0.930950	192997	0.793055	/home/neil/Downloads/dudleya/Dudleya_S_genomes/full_pipeline_run/results/05_analysis_masks/mtdna_permissive_coverage_regions.bed	/home/neil/Downloads/dudleya/Dudleya_S_genomes/full_pipeline_run/results/06_all_sample_alignment/qc/SILG_LP_153_Du-347.depth.tsv
SILG_LP_153_Du-347	QB3.Berkeley.251217/QB3.Results.260109	D. setchellii	SILG	mtdna_high_confidence_unique	mtDNA	variant_calling_and_population_genetics	mitochondria	2	44930	1248110	27.778990	44930	1.000000	44929	0.999978	44732	0.995593	/home/neil/Downloads/dudleya/Dudleya_S_genomes/full_pipeline_run/results/05_analysis_masks/mtdna_high_confidence_unique_regions.bed	/home/neil/Downloads/dudleya/Dudleya_S_genomes/full_pipeline_run/results/06_all_sample_alignment/qc/SILG_LP_153_Du-347.depth.tsv
SILG_LP_154_Du-348	QB3.Berkeley.251217/QB3.Results.260109	D. setchellii	SILG	cpdna_full_coverage	cpDNA	sample_qc_coverage	chloroplast	1	150274	217811221	1449.427186	150274	1.000000	150268	0.999960	150265	0.999940	/home/neil/Downloads/dudleya/Dudleya_S_genomes/full_pipeline_run/results/05_analysis_masks/cpdna_full_coverage_regions.bed	/home/neil/Downloads/dudleya/Dudleya_S_genomes/full_pipeline_run/results/06_all_sample_alignment/qc/SILG_LP_154_Du-348.depth.tsv
SILG_LP_154_Du-348	QB3.Berkeley.251217/QB3.Results.260109	D. setchellii	SILG	cpdna_ir_regions	cpDNA	repeat_annotation	chloroplast	2	51472	80347955	1561.003167	51472	1.000000	51471	0.999981	51469	0.999942	/home/neil/Downloads/dudleya/Dudleya_S_genomes/full_pipeline_run/results/05_analysis_masks/cpdna_ir_regions.bed	/home/neil/Downloads/dudleya/Dudleya_S_genomes/full_pipeline_run/results/06_all_sample_alignment/qc/SILG_LP_154_Du-348.depth.tsv
SILG_LP_154_Du-348	QB3.Berkeley.251217/QB3.Results.260109	D. setchellii	SILG	cpdna_duplicate_ir_mask	cpDNA	mask	chloroplast	1	25736	39187451	1522.670617	25736	1.000000	25736	1.000000	25734	0.999922	/home/neil/Downloads/dudleya/Dudleya_S_genomes/full_pipeline_run/results/05_analysis_masks/cpdna_duplicate_ir_copy_mask.bed	/home/neil/Downloads/dudleya/Dudleya_S_genomes/full_pipeline_run/results/06_all_sample_alignment/qc/SILG_LP_154_Du-348.depth.tsv
SILG_LP_154_Du-348	QB3.Berkeley.251217/QB3.Results.260109	D. setchellii	SILG	cpdna_population_sites	cpDNA	variant_calling_and_population_genetics	chloroplast	1	124538	178623770	1434.291301	124538	1.000000	124532	0.999952	124531	0.999944	/home/neil/Downloads/dudleya/Dudleya_S_genomes/full_pipeline_run/results/05_analysis_masks/cpdna_population_sites.bed	/home/neil/Downloads/dudleya/Dudleya_S_genomes/full_pipeline_run/results/06_all_sample_alignment/qc/SILG_LP_154_Du-348.depth.tsv
SILG_LP_154_Du-348	QB3.Berkeley.251217/QB3.Results.260109	D. setchellii	SILG	mtdna_permissive_coverage	mtDNA	sample_qc_coverage	mitochondria	1	243359	18962226	77.918737	230263	0.946186	229991	0.945069	229928	0.944810	/home/neil/Downloads/dudleya/Dudleya_S_genomes/full_pipeline_run/results/05_analysis_masks/mtdna_permissive_coverage_regions.bed	/home/neil/Downloads/dudleya/Dudleya_S_genomes/full_pipeline_run/results/06_all_sample_alignment/qc/SILG_LP_154_Du-348.depth.tsv
SILG_LP_154_Du-348	QB3.Berkeley.251217/QB3.Results.260109	D. setchellii	SILG	mtdna_high_confidence_unique	mtDNA	variant_calling_and_population_genetics	mitochondria	2	44930	6036350	134.350100	44930	1.000000	44930	1.000000	44930	1.000000	/home/neil/Downloads/dudleya/Dudleya_S_genomes/full_pipeline_run/results/05_analysis_masks/mtdna_high_confidence_unique_regions.bed	/home/neil/Downloads/dudleya/Dudleya_S_genomes/full_pipeline_run/results/06_all_sample_alignment/qc/SILG_LP_154_Du-348.depth.tsv
SILG_LP_155_Du-349	QB3.Berkeley.251217/QB3.Results.260109	D. setchellii	SILG	cpdna_full_coverage	cpDNA	sample_qc_coverage	chloroplast	1	150274	35442036	235.849422	150271	0.999980	150246	0.999814	150213	0.999594	/home/neil/Downloads/dudleya/Dudleya_S_genomes/full_pipeline_run/results/05_analysis_masks/cpdna_full_coverage_regions.bed	/home/neil/Downloads/dudleya/Dudleya_S_genomes/full_pipeline_run/results/06_all_sample_alignment/qc/SILG_LP_155_Du-349.depth.tsv
SILG_LP_155_Du-349	QB3.Berkeley.251217/QB3.Results.260109	D. setchellii	SILG	cpdna_ir_regions	cpDNA	repeat_annotation	chloroplast	2	51472	12915820	250.929049	51469	0.999942	51453	0.999631	51427	0.999126	/home/neil/Downloads/dudleya/Dudleya_S_genomes/full_pipeline_run/results/05_analysis_masks/cpdna_ir_regions.bed	/home/neil/Downloads/dudleya/Dudleya_S_genomes/full_pipeline_run/results/06_all_sample_alignment/qc/SILG_LP_155_Du-349.depth.tsv
SILG_LP_155_Du-349	QB3.Berkeley.251217/QB3.Results.260109	D. setchellii	SILG	cpdna_duplicate_ir_mask	cpDNA	mask	chloroplast	1	25736	6328267	245.891630	25733	0.999883	25721	0.999417	25702	0.998679	/home/neil/Downloads/dudleya/Dudleya_S_genomes/full_pipeline_run/results/05_analysis_masks/cpdna_duplicate_ir_copy_mask.bed	/home/neil/Downloads/dudleya/Dudleya_S_genomes/full_pipeline_run/results/06_all_sample_alignment/qc/SILG_LP_155_Du-349.depth.tsv
SILG_LP_155_Du-349	QB3.Berkeley.251217/QB3.Results.260109	D. setchellii	SILG	cpdna_population_sites	cpDNA	variant_calling_and_population_genetics	chloroplast	1	124538	29113769	233.774181	124538	1.000000	124525	0.999896	124511	0.999783	/home/neil/Downloads/dudleya/Dudleya_S_genomes/full_pipeline_run/results/05_analysis_masks/cpdna_population_sites.bed	/home/neil/Downloads/dudleya/Dudleya_S_genomes/full_pipeline_run/results/06_all_sample_alignment/qc/SILG_LP_155_Du-349.depth.tsv
SILG_LP_155_Du-349	QB3.Berkeley.251217/QB3.Results.260109	D. setchellii	SILG	mtdna_permissive_coverage	mtDNA	sample_qc_coverage	mitochondria	1	243359	4765491	19.582144	230422	0.946840	228817	0.940245	213697	0.878114	/home/neil/Downloads/dudleya/Dudleya_S_genomes/full_pipeline_run/results/05_analysis_masks/mtdna_permissive_coverage_regions.bed	/home/neil/Downloads/dudleya/Dudleya_S_genomes/full_pipeline_run/results/06_all_sample_alignment/qc/SILG_LP_155_Du-349.depth.tsv
SILG_LP_155_Du-349	QB3.Berkeley.251217/QB3.Results.260109	D. setchellii	SILG	mtdna_high_confidence_unique	mtDNA	variant_calling_and_population_genetics	mitochondria	2	44930	1541692	34.313198	44930	1.000000	44930	1.000000	44929	0.999978	/home/neil/Downloads/dudleya/Dudleya_S_genomes/full_pipeline_run/results/05_analysis_masks/mtdna_high_confidence_unique_regions.bed	/home/neil/Downloads/dudleya/Dudleya_S_genomes/full_pipeline_run/results/06_all_sample_alignment/qc/SILG_LP_155_Du-349.depth.tsv
SILG_LP_156_Du-350	QB3.Berkeley.251217/QB3.Results.260109	D. setchellii	SILG	cpdna_full_coverage	cpDNA	sample_qc_coverage	chloroplast	1	150274	22523618	149.883666	150259	0.999900	150214	0.999601	150165	0.999275	/home/neil/Downloads/dudleya/Dudleya_S_genomes/full_pipeline_run/results/05_analysis_masks/cpdna_full_coverage_regions.bed	/home/neil/Downloads/dudleya/Dudleya_S_genomes/full_pipeline_run/results/06_all_sample_alignment/qc/SILG_LP_156_Du-350.depth.tsv
SILG_LP_156_Du-350	QB3.Berkeley.251217/QB3.Results.260109	D. setchellii	SILG	cpdna_ir_regions	cpDNA	repeat_annotation	chloroplast	2	51472	9099423	176.783941	51466	0.999883	51430	0.999184	51394	0.998485	/home/neil/Downloads/dudleya/Dudleya_S_genomes/full_pipeline_run/results/05_analysis_masks/cpdna_ir_regions.bed	/home/neil/Downloads/dudleya/Dudleya_S_genomes/full_pipeline_run/results/06_all_sample_alignment/qc/SILG_LP_156_Du-350.depth.tsv
SILG_LP_156_Du-350	QB3.Berkeley.251217/QB3.Results.260109	D. setchellii	SILG	cpdna_duplicate_ir_mask	cpDNA	mask	chloroplast	1	25736	4357065	169.298454	25733	0.999883	25708	0.998912	25678	0.997746	/home/neil/Downloads/dudleya/Dudleya_S_genomes/full_pipeline_run/results/05_analysis_masks/cpdna_duplicate_ir_copy_mask.bed	/home/neil/Downloads/dudleya/Dudleya_S_genomes/full_pipeline_run/results/06_all_sample_alignment/qc/SILG_LP_156_Du-350.depth.tsv
SILG_LP_156_Du-350	QB3.Berkeley.251217/QB3.Results.260109	D. setchellii	SILG	cpdna_population_sites	cpDNA	variant_calling_and_population_genetics	chloroplast	1	124538	18166553	145.871565	124526	0.999904	124506	0.999743	124487	0.999590	/home/neil/Downloads/dudleya/Dudleya_S_genomes/full_pipeline_run/results/05_analysis_masks/cpdna_population_sites.bed	/home/neil/Downloads/dudleya/Dudleya_S_genomes/full_pipeline_run/results/06_all_sample_alignment/qc/SILG_LP_156_Du-350.depth.tsv
SILG_LP_156_Du-350	QB3.Berkeley.251217/QB3.Results.260109	D. setchellii	SILG	mtdna_permissive_coverage	mtDNA	sample_qc_coverage	mitochondria	1	243359	5716147	23.488538	230024	0.945204	229586	0.943405	221511	0.910223	/home/neil/Downloads/dudleya/Dudleya_S_genomes/full_pipeline_run/results/05_analysis_masks/mtdna_permissive_coverage_regions.bed	/home/neil/Downloads/dudleya/Dudleya_S_genomes/full_pipeline_run/results/06_all_sample_alignment/qc/SILG_LP_156_Du-350.depth.tsv
SILG_LP_156_Du-350	QB3.Berkeley.251217/QB3.Results.260109	D. setchellii	SILG	mtdna_high_confidence_unique	mtDNA	variant_calling_and_population_genetics	mitochondria	2	44930	1831964	40.773737	44929	0.999978	44929	0.999978	44928	0.999955	/home/neil/Downloads/dudleya/Dudleya_S_genomes/full_pipeline_run/results/05_analysis_masks/mtdna_high_confidence_unique_regions.bed	/home/neil/Downloads/dudleya/Dudleya_S_genomes/full_pipeline_run/results/06_all_sample_alignment/qc/SILG_LP_156_Du-350.depth.tsv
SILG_LP_157_Du-351	QB3.Berkeley.251217/QB3.Results.260109	D. setchellii	SILG	cpdna_full_coverage	cpDNA	sample_qc_coverage	chloroplast	1	150274	34839722	231.841317	150273	0.999993	150248	0.999827	150197	0.999488	/home/neil/Downloads/dudleya/Dudleya_S_genomes/full_pipeline_run/results/05_analysis_masks/cpdna_full_coverage_regions.bed	/home/neil/Downloads/dudleya/Dudleya_S_genomes/full_pipeline_run/results/06_all_sample_alignment/qc/SILG_LP_157_Du-351.depth.tsv
SILG_LP_157_Du-351	QB3.Berkeley.251217/QB3.Results.260109	D. setchellii	SILG	cpdna_ir_regions	cpDNA	repeat_annotation	chloroplast	2	51472	11971464	232.582064	51471	0.999981	51452	0.999611	51413	0.998854	/home/neil/Downloads/dudleya/Dudleya_S_genomes/full_pipeline_run/results/05_analysis_masks/cpdna_ir_regions.bed	/home/neil/Downloads/dudleya/Dudleya_S_genomes/full_pipeline_run/results/06_all_sample_alignment/qc/SILG_LP_157_Du-351.depth.tsv
SILG_LP_157_Du-351	QB3.Berkeley.251217/QB3.Results.260109	D. setchellii	SILG	cpdna_duplicate_ir_mask	cpDNA	mask	chloroplast	1	25736	5829742	226.520905	25736	1.000000	25717	0.999262	25692	0.998290	/home/neil/Downloads/dudleya/Dudleya_S_genomes/full_pipeline_run/results/05_analysis_masks/cpdna_duplicate_ir_copy_mask.bed	/home/neil/Downloads/dudleya/Dudleya_S_genomes/full_pipeline_run/results/06_all_sample_alignment/qc/SILG_LP_157_Du-351.depth.tsv
SILG_LP_157_Du-351	QB3.Berkeley.251217/QB3.Results.260109	D. setchellii	SILG	cpdna_population_sites	cpDNA	variant_calling_and_population_genetics	chloroplast	1	124538	29009980	232.940789	124537	0.999992	124531	0.999944	124505	0.999735	/home/neil/Downloads/dudleya/Dudleya_S_genomes/full_pipeline_run/results/05_analysis_masks/cpdna_population_sites.bed	/home/neil/Downloads/dudleya/Dudleya_S_genomes/full_pipeline_run/results/06_all_sample_alignment/qc/SILG_LP_157_Du-351.depth.tsv
SILG_LP_157_Du-351	QB3.Berkeley.251217/QB3.Results.260109	D. setchellii	SILG	mtdna_permissive_coverage	mtDNA	sample_qc_coverage	mitochondria	1	243359	1791237	7.360472	226886	0.932310	173528	0.713054	66298	0.272429	/home/neil/Downloads/dudleya/Dudleya_S_genomes/full_pipeline_run/results/05_analysis_masks/mtdna_permissive_coverage_regions.bed	/home/neil/Downloads/dudleya/Dudleya_S_genomes/full_pipeline_run/results/06_all_sample_alignment/qc/SILG_LP_157_Du-351.depth.tsv
SILG_LP_157_Du-351	QB3.Berkeley.251217/QB3.Results.260109	D. setchellii	SILG	mtdna_high_confidence_unique	mtDNA	variant_calling_and_population_genetics	mitochondria	2	44930	570284	12.692722	44895	0.999221	43374	0.965368	31931	0.710683	/home/neil/Downloads/dudleya/Dudleya_S_genomes/full_pipeline_run/results/05_analysis_masks/mtdna_high_confidence_unique_regions.bed	/home/neil/Downloads/dudleya/Dudleya_S_genomes/full_pipeline_run/results/06_all_sample_alignment/qc/SILG_LP_157_Du-351.depth.tsv
SILG_LP_158_Du-352	QB3.Berkeley.251217/QB3.Results.260109	D. setchellii	SILG	cpdna_full_coverage	cpDNA	sample_qc_coverage	chloroplast	1	150274	24085013	160.273986	150263	0.999927	150169	0.999301	149977	0.998024	/home/neil/Downloads/dudleya/Dudleya_S_genomes/full_pipeline_run/results/05_analysis_masks/cpdna_full_coverage_regions.bed	/home/neil/Downloads/dudleya/Dudleya_S_genomes/full_pipeline_run/results/06_all_sample_alignment/qc/SILG_LP_158_Du-352.depth.tsv
SILG_LP_158_Du-352	QB3.Berkeley.251217/QB3.Results.260109	D. setchellii	SILG	cpdna_ir_regions	cpDNA	repeat_annotation	chloroplast	2	51472	11751254	228.303816	51470	0.999961	51456	0.999689	51422	0.999029	/home/neil/Downloads/dudleya/Dudleya_S_genomes/full_pipeline_run/results/05_analysis_masks/cpdna_ir_regions.bed	/home/neil/Downloads/dudleya/Dudleya_S_genomes/full_pipeline_run/results/06_all_sample_alignment/qc/SILG_LP_158_Du-352.depth.tsv
SILG_LP_158_Du-352	QB3.Berkeley.251217/QB3.Results.260109	D. setchellii	SILG	cpdna_duplicate_ir_mask	cpDNA	mask	chloroplast	1	25736	5733491	222.780968	25735	0.999961	25721	0.999417	25699	0.998562	/home/neil/Downloads/dudleya/Dudleya_S_genomes/full_pipeline_run/results/05_analysis_masks/cpdna_duplicate_ir_copy_mask.bed	/home/neil/Downloads/dudleya/Dudleya_S_genomes/full_pipeline_run/results/06_all_sample_alignment/qc/SILG_LP_158_Du-352.depth.tsv
SILG_LP_158_Du-352	QB3.Berkeley.251217/QB3.Results.260109	D. setchellii	SILG	cpdna_population_sites	cpDNA	variant_calling_and_population_genetics	chloroplast	1	124538	18351522	147.356807	124528	0.999920	124448	0.999277	124278	0.997912	/home/neil/Downloads/dudleya/Dudleya_S_genomes/full_pipeline_run/results/05_analysis_masks/cpdna_population_sites.bed	/home/neil/Downloads/dudleya/Dudleya_S_genomes/full_pipeline_run/results/06_all_sample_alignment/qc/SILG_LP_158_Du-352.depth.tsv
SILG_LP_158_Du-352	QB3.Berkeley.251217/QB3.Results.260109	D. setchellii	SILG	mtdna_permissive_coverage	mtDNA	sample_qc_coverage	mitochondria	1	243359	2844101	11.686854	228944	0.940767	205000	0.842377	136512	0.560949	/home/neil/Downloads/dudleya/Dudleya_S_genomes/full_pipeline_run/results/05_analysis_masks/mtdna_permissive_coverage_regions.bed	/home/neil/Downloads/dudleya/Dudleya_S_genomes/full_pipeline_run/results/06_all_sample_alignment/qc/SILG_LP_158_Du-352.depth.tsv
SILG_LP_158_Du-352	QB3.Berkeley.251217/QB3.Results.260109	D. setchellii	SILG	mtdna_high_confidence_unique	mtDNA	variant_calling_and_population_genetics	mitochondria	2	44930	879561	19.576252	44929	0.999978	44387	0.987915	40517	0.901781	/home/neil/Downloads/dudleya/Dudleya_S_genomes/full_pipeline_run/results/05_analysis_masks/mtdna_high_confidence_unique_regions.bed	/home/neil/Downloads/dudleya/Dudleya_S_genomes/full_pipeline_run/results/06_all_sample_alignment/qc/SILG_LP_158_Du-352.depth.tsv
SILR_LP_346_Du-729	QB3.Berkeley.251217/QB3.Results.260109	D. setchellii	SILR	cpdna_full_coverage	cpDNA	sample_qc_coverage	chloroplast	1	150274	228859508	1522.948135	150274	1.000000	150274	1.000000	150271	0.999980	/home/neil/Downloads/dudleya/Dudleya_S_genomes/full_pipeline_run/results/05_analysis_masks/cpdna_full_coverage_regions.bed	/home/neil/Downloads/dudleya/Dudleya_S_genomes/full_pipeline_run/results/06_all_sample_alignment/qc/SILR_LP_346_Du-729.depth.tsv
SILR_LP_346_Du-729	QB3.Berkeley.251217/QB3.Results.260109	D. setchellii	SILR	cpdna_ir_regions	cpDNA	repeat_annotation	chloroplast	2	51472	83541016	1623.038079	51472	1.000000	51472	1.000000	51469	0.999942	/home/neil/Downloads/dudleya/Dudleya_S_genomes/full_pipeline_run/results/05_analysis_masks/cpdna_ir_regions.bed	/home/neil/Downloads/dudleya/Dudleya_S_genomes/full_pipeline_run/results/06_all_sample_alignment/qc/SILR_LP_346_Du-729.depth.tsv
SILR_LP_346_Du-729	QB3.Berkeley.251217/QB3.Results.260109	D. setchellii	SILR	cpdna_duplicate_ir_mask	cpDNA	mask	chloroplast	1	25736	40761244	1583.822039	25736	1.000000	25736	1.000000	25734	0.999922	/home/neil/Downloads/dudleya/Dudleya_S_genomes/full_pipeline_run/results/05_analysis_masks/cpdna_duplicate_ir_copy_mask.bed	/home/neil/Downloads/dudleya/Dudleya_S_genomes/full_pipeline_run/results/06_all_sample_alignment/qc/SILR_LP_346_Du-729.depth.tsv
SILR_LP_346_Du-729	QB3.Berkeley.251217/QB3.Results.260109	D. setchellii	SILR	cpdna_population_sites	cpDNA	variant_calling_and_population_genetics	chloroplast	1	124538	188098264	1510.368434	124538	1.000000	124538	1.000000	124537	0.999992	/home/neil/Downloads/dudleya/Dudleya_S_genomes/full_pipeline_run/results/05_analysis_masks/cpdna_population_sites.bed	/home/neil/Downloads/dudleya/Dudleya_S_genomes/full_pipeline_run/results/06_all_sample_alignment/qc/SILR_LP_346_Du-729.depth.tsv
SILR_LP_346_Du-729	QB3.Berkeley.251217/QB3.Results.260109	D. setchellii	SILR	mtdna_permissive_coverage	mtDNA	sample_qc_coverage	mitochondria	1	243359	33140025	136.177520	243358	0.999996	243345	0.999942	243342	0.999930	/home/neil/Downloads/dudleya/Dudleya_S_genomes/full_pipeline_run/results/05_analysis_masks/mtdna_permissive_coverage_regions.bed	/home/neil/Downloads/dudleya/Dudleya_S_genomes/full_pipeline_run/results/06_all_sample_alignment/qc/SILR_LP_346_Du-729.depth.tsv
SILR_LP_346_Du-729	QB3.Berkeley.251217/QB3.Results.260109	D. setchellii	SILR	mtdna_high_confidence_unique	mtDNA	variant_calling_and_population_genetics	mitochondria	2	44930	10034557	223.337570	44930	1.000000	44930	1.000000	44930	1.000000	/home/neil/Downloads/dudleya/Dudleya_S_genomes/full_pipeline_run/results/05_analysis_masks/mtdna_high_confidence_unique_regions.bed	/home/neil/Downloads/dudleya/Dudleya_S_genomes/full_pipeline_run/results/06_all_sample_alignment/qc/SILR_LP_346_Du-729.depth.tsv
SILR_LP_347_Du-730	QB3.Berkeley.251217/QB3.Results.260109	D. setchellii	SILR	cpdna_full_coverage	cpDNA	sample_qc_coverage	chloroplast	1	150274	397306431	2643.880052	150274	1.000000	150274	1.000000	150272	0.999987	/home/neil/Downloads/dudleya/Dudleya_S_genomes/full_pipeline_run/results/05_analysis_masks/cpdna_full_coverage_regions.bed	/home/neil/Downloads/dudleya/Dudleya_S_genomes/full_pipeline_run/results/06_all_sample_alignment/qc/SILR_LP_347_Du-730.depth.tsv
SILR_LP_347_Du-730	QB3.Berkeley.251217/QB3.Results.260109	D. setchellii	SILR	cpdna_ir_regions	cpDNA	repeat_annotation	chloroplast	2	51472	142917720	2776.610973	51472	1.000000	51472	1.000000	51470	0.999961	/home/neil/Downloads/dudleya/Dudleya_S_genomes/full_pipeline_run/results/05_analysis_masks/cpdna_ir_regions.bed	/home/neil/Downloads/dudleya/Dudleya_S_genomes/full_pipeline_run/results/06_all_sample_alignment/qc/SILR_LP_347_Du-730.depth.tsv
SILR_LP_347_Du-730	QB3.Berkeley.251217/QB3.Results.260109	D. setchellii	SILR	cpdna_duplicate_ir_mask	cpDNA	mask	chloroplast	1	25736	69551199	2702.486750	25736	1.000000	25736	1.000000	25735	0.999961	/home/neil/Downloads/dudleya/Dudleya_S_genomes/full_pipeline_run/results/05_analysis_masks/cpdna_duplicate_ir_copy_mask.bed	/home/neil/Downloads/dudleya/Dudleya_S_genomes/full_pipeline_run/results/06_all_sample_alignment/qc/SILR_LP_347_Du-730.depth.tsv
SILR_LP_347_Du-730	QB3.Berkeley.251217/QB3.Results.260109	D. setchellii	SILR	cpdna_population_sites	cpDNA	variant_calling_and_population_genetics	chloroplast	1	124538	327755232	2631.768874	124538	1.000000	124538	1.000000	124537	0.999992	/home/neil/Downloads/dudleya/Dudleya_S_genomes/full_pipeline_run/results/05_analysis_masks/cpdna_population_sites.bed	/home/neil/Downloads/dudleya/Dudleya_S_genomes/full_pipeline_run/results/06_all_sample_alignment/qc/SILR_LP_347_Du-730.depth.tsv
SILR_LP_347_Du-730	QB3.Berkeley.251217/QB3.Results.260109	D. setchellii	SILR	mtdna_permissive_coverage	mtDNA	sample_qc_coverage	mitochondria	1	243359	50910820	209.200482	243359	1.000000	243354	0.999979	243348	0.999955	/home/neil/Downloads/dudleya/Dudleya_S_genomes/full_pipeline_run/results/05_analysis_masks/mtdna_permissive_coverage_regions.bed	/home/neil/Downloads/dudleya/Dudleya_S_genomes/full_pipeline_run/results/06_all_sample_alignment/qc/SILR_LP_347_Du-730.depth.tsv
SILR_LP_347_Du-730	QB3.Berkeley.251217/QB3.Results.260109	D. setchellii	SILR	mtdna_high_confidence_unique	mtDNA	variant_calling_and_population_genetics	mitochondria	2	44930	15171141	337.661718	44930	1.000000	44930	1.000000	44930	1.000000	/home/neil/Downloads/dudleya/Dudleya_S_genomes/full_pipeline_run/results/05_analysis_masks/mtdna_high_confidence_unique_regions.bed	/home/neil/Downloads/dudleya/Dudleya_S_genomes/full_pipeline_run/results/06_all_sample_alignment/qc/SILR_LP_347_Du-730.depth.tsv
SILR_LP_348_Du-731	QB3.Berkeley.251217/QB3.Results.260109	D. setchellii	SILR	cpdna_full_coverage	cpDNA	sample_qc_coverage	chloroplast	1	150274	283716930	1887.997458	150274	1.000000	150273	0.999993	150271	0.999980	/home/neil/Downloads/dudleya/Dudleya_S_genomes/full_pipeline_run/results/05_analysis_masks/cpdna_full_coverage_regions.bed	/home/neil/Downloads/dudleya/Dudleya_S_genomes/full_pipeline_run/results/06_all_sample_alignment/qc/SILR_LP_348_Du-731.depth.tsv
SILR_LP_348_Du-731	QB3.Berkeley.251217/QB3.Results.260109	D. setchellii	SILR	cpdna_ir_regions	cpDNA	repeat_annotation	chloroplast	2	51472	99447829	1932.076255	51472	1.000000	51471	0.999981	51469	0.999942	/home/neil/Downloads/dudleya/Dudleya_S_genomes/full_pipeline_run/results/05_analysis_masks/cpdna_ir_regions.bed	/home/neil/Downloads/dudleya/Dudleya_S_genomes/full_pipeline_run/results/06_all_sample_alignment/qc/SILR_LP_348_Du-731.depth.tsv
SILR_LP_348_Du-731	QB3.Berkeley.251217/QB3.Results.260109	D. setchellii	SILR	cpdna_duplicate_ir_mask	cpDNA	mask	chloroplast	1	25736	48547019	1886.346713	25736	1.000000	25736	1.000000	25734	0.999922	/home/neil/Downloads/dudleya/Dudleya_S_genomes/full_pipeline_run/results/05_analysis_masks/cpdna_duplicate_ir_copy_mask.bed	/home/neil/Downloads/dudleya/Dudleya_S_genomes/full_pipeline_run/results/06_all_sample_alignment/qc/SILR_LP_348_Du-731.depth.tsv
SILR_LP_348_Du-731	QB3.Berkeley.251217/QB3.Results.260109	D. setchellii	SILR	cpdna_population_sites	cpDNA	variant_calling_and_population_genetics	chloroplast	1	124538	235169911	1888.338587	124538	1.000000	124537	0.999992	124537	0.999992	/home/neil/Downloads/dudleya/Dudleya_S_genomes/full_pipeline_run/results/05_analysis_masks/cpdna_population_sites.bed	/home/neil/Downloads/dudleya/Dudleya_S_genomes/full_pipeline_run/results/06_all_sample_alignment/qc/SILR_LP_348_Du-731.depth.tsv
SILR_LP_348_Du-731	QB3.Berkeley.251217/QB3.Results.260109	D. setchellii	SILR	mtdna_permissive_coverage	mtDNA	sample_qc_coverage	mitochondria	1	243359	28750845	118.141696	243357	0.999992	243349	0.999959	243333	0.999893	/home/neil/Downloads/dudleya/Dudleya_S_genomes/full_pipeline_run/results/05_analysis_masks/mtdna_permissive_coverage_regions.bed	/home/neil/Downloads/dudleya/Dudleya_S_genomes/full_pipeline_run/results/06_all_sample_alignment/qc/SILR_LP_348_Du-731.depth.tsv
SILR_LP_348_Du-731	QB3.Berkeley.251217/QB3.Results.260109	D. setchellii	SILR	mtdna_high_confidence_unique	mtDNA	variant_calling_and_population_genetics	mitochondria	2	44930	8655632	192.647051	44930	1.000000	44930	1.000000	44930	1.000000	/home/neil/Downloads/dudleya/Dudleya_S_genomes/full_pipeline_run/results/05_analysis_masks/mtdna_high_confidence_unique_regions.bed	/home/neil/Downloads/dudleya/Dudleya_S_genomes/full_pipeline_run/results/06_all_sample_alignment/qc/SILR_LP_348_Du-731.depth.tsv
SILR_LP_349_Du-732	QB3.Berkeley.251217/QB3.Results.260109	D. setchellii	SILR	cpdna_full_coverage	cpDNA	sample_qc_coverage	chloroplast	1	150274	531518783	3536.997638	150274	1.000000	150274	1.000000	150273	0.999993	/home/neil/Downloads/dudleya/Dudleya_S_genomes/full_pipeline_run/results/05_analysis_masks/cpdna_full_coverage_regions.bed	/home/neil/Downloads/dudleya/Dudleya_S_genomes/full_pipeline_run/results/06_all_sample_alignment/qc/SILR_LP_349_Du-732.depth.tsv
SILR_LP_349_Du-732	QB3.Berkeley.251217/QB3.Results.260109	D. setchellii	SILR	cpdna_ir_regions	cpDNA	repeat_annotation	chloroplast	2	51472	183552252	3566.060227	51472	1.000000	51472	1.000000	51471	0.999981	/home/neil/Downloads/dudleya/Dudleya_S_genomes/full_pipeline_run/results/05_analysis_masks/cpdna_ir_regions.bed	/home/neil/Downloads/dudleya/Dudleya_S_genomes/full_pipeline_run/results/06_all_sample_alignment/qc/SILR_LP_349_Du-732.depth.tsv
SILR_LP_349_Du-732	QB3.Berkeley.251217/QB3.Results.260109	D. setchellii	SILR	cpdna_duplicate_ir_mask	cpDNA	mask	chloroplast	1	25736	89852503	3491.315783	25736	1.000000	25736	1.000000	25735	0.999961	/home/neil/Downloads/dudleya/Dudleya_S_genomes/full_pipeline_run/results/05_analysis_masks/cpdna_duplicate_ir_copy_mask.bed	/home/neil/Downloads/dudleya/Dudleya_S_genomes/full_pipeline_run/results/06_all_sample_alignment/qc/SILR_LP_349_Du-732.depth.tsv
SILR_LP_349_Du-732	QB3.Berkeley.251217/QB3.Results.260109	D. setchellii	SILR	cpdna_population_sites	cpDNA	variant_calling_and_population_genetics	chloroplast	1	124538	441666280	3546.437874	124538	1.000000	124538	1.000000	124538	1.000000	/home/neil/Downloads/dudleya/Dudleya_S_genomes/full_pipeline_run/results/05_analysis_masks/cpdna_population_sites.bed	/home/neil/Downloads/dudleya/Dudleya_S_genomes/full_pipeline_run/results/06_all_sample_alignment/qc/SILR_LP_349_Du-732.depth.tsv
SILR_LP_349_Du-732	QB3.Berkeley.251217/QB3.Results.260109	D. setchellii	SILR	mtdna_permissive_coverage	mtDNA	sample_qc_coverage	mitochondria	1	243359	68678489	282.210598	243359	1.000000	243358	0.999996	243352	0.999971	/home/neil/Downloads/dudleya/Dudleya_S_genomes/full_pipeline_run/results/05_analysis_masks/mtdna_permissive_coverage_regions.bed	/home/neil/Downloads/dudleya/Dudleya_S_genomes/full_pipeline_run/results/06_all_sample_alignment/qc/SILR_LP_349_Du-732.depth.tsv
SILR_LP_349_Du-732	QB3.Berkeley.251217/QB3.Results.260109	D. setchellii	SILR	mtdna_high_confidence_unique	mtDNA	variant_calling_and_population_genetics	mitochondria	2	44930	20898993	465.145627	44930	1.000000	44930	1.000000	44930	1.000000	/home/neil/Downloads/dudleya/Dudleya_S_genomes/full_pipeline_run/results/05_analysis_masks/mtdna_high_confidence_unique_regions.bed	/home/neil/Downloads/dudleya/Dudleya_S_genomes/full_pipeline_run/results/06_all_sample_alignment/qc/SILR_LP_349_Du-732.depth.tsv
SILR_LP_351_Du-734	QB3.Berkeley.251217/QB3.Results.260109	D. setchellii	SILR	cpdna_full_coverage	cpDNA	sample_qc_coverage	chloroplast	1	150274	453073720	3014.984096	150274	1.000000	150273	0.999993	150273	0.999993	/home/neil/Downloads/dudleya/Dudleya_S_genomes/full_pipeline_run/results/05_analysis_masks/cpdna_full_coverage_regions.bed	/home/neil/Downloads/dudleya/Dudleya_S_genomes/full_pipeline_run/results/06_all_sample_alignment/qc/SILR_LP_351_Du-734.depth.tsv
SILR_LP_351_Du-734	QB3.Berkeley.251217/QB3.Results.260109	D. setchellii	SILR	cpdna_ir_regions	cpDNA	repeat_annotation	chloroplast	2	51472	158345996	3076.352114	51472	1.000000	51471	0.999981	51471	0.999981	/home/neil/Downloads/dudleya/Dudleya_S_genomes/full_pipeline_run/results/05_analysis_masks/cpdna_ir_regions.bed	/home/neil/Downloads/dudleya/Dudleya_S_genomes/full_pipeline_run/results/06_all_sample_alignment/qc/SILR_LP_351_Du-734.depth.tsv
SILR_LP_351_Du-734	QB3.Berkeley.251217/QB3.Results.260109	D. setchellii	SILR	cpdna_duplicate_ir_mask	cpDNA	mask	chloroplast	1	25736	77521457	3012.179709	25736	1.000000	25736	1.000000	25736	1.000000	/home/neil/Downloads/dudleya/Dudleya_S_genomes/full_pipeline_run/results/05_analysis_masks/cpdna_duplicate_ir_copy_mask.bed	/home/neil/Downloads/dudleya/Dudleya_S_genomes/full_pipeline_run/results/06_all_sample_alignment/qc/SILR_LP_351_Du-734.depth.tsv
SILR_LP_351_Du-734	QB3.Berkeley.251217/QB3.Results.260109	D. setchellii	SILR	cpdna_population_sites	cpDNA	variant_calling_and_population_genetics	chloroplast	1	124538	375552263	3015.563627	124538	1.000000	124537	0.999992	124537	0.999992	/home/neil/Downloads/dudleya/Dudleya_S_genomes/full_pipeline_run/results/05_analysis_masks/cpdna_population_sites.bed	/home/neil/Downloads/dudleya/Dudleya_S_genomes/full_pipeline_run/results/06_all_sample_alignment/qc/SILR_LP_351_Du-734.depth.tsv
SILR_LP_351_Du-734	QB3.Berkeley.251217/QB3.Results.260109	D. setchellii	SILR	mtdna_permissive_coverage	mtDNA	sample_qc_coverage	mitochondria	1	243359	54818896	225.259374	243359	1.000000	243355	0.999984	243349	0.999959	/home/neil/Downloads/dudleya/Dudleya_S_genomes/full_pipeline_run/results/05_analysis_masks/mtdna_permissive_coverage_regions.bed	/home/neil/Downloads/dudleya/Dudleya_S_genomes/full_pipeline_run/results/06_all_sample_alignment/qc/SILR_LP_351_Du-734.depth.tsv
SILR_LP_351_Du-734	QB3.Berkeley.251217/QB3.Results.260109	D. setchellii	SILR	mtdna_high_confidence_unique	mtDNA	variant_calling_and_population_genetics	mitochondria	2	44930	16614801	369.793034	44930	1.000000	44930	1.000000	44930	1.000000	/home/neil/Downloads/dudleya/Dudleya_S_genomes/full_pipeline_run/results/05_analysis_masks/mtdna_high_confidence_unique_regions.bed	/home/neil/Downloads/dudleya/Dudleya_S_genomes/full_pipeline_run/results/06_all_sample_alignment/qc/SILR_LP_351_Du-734.depth.tsv
SILR_LP_353_Du-736	QB3.Berkeley.251217/QB3.Results.260109	D. setchellii	SILR	cpdna_full_coverage	cpDNA	sample_qc_coverage	chloroplast	1	150274	112541228	748.906850	150273	0.999993	150270	0.999973	150269	0.999967	/home/neil/Downloads/dudleya/Dudleya_S_genomes/full_pipeline_run/results/05_analysis_masks/cpdna_full_coverage_regions.bed	/home/neil/Downloads/dudleya/Dudleya_S_genomes/full_pipeline_run/results/06_all_sample_alignment/qc/SILR_LP_353_Du-736.depth.tsv
SILR_LP_353_Du-736	QB3.Berkeley.251217/QB3.Results.260109	D. setchellii	SILR	cpdna_ir_regions	cpDNA	repeat_annotation	chloroplast	2	51472	39609656	769.537924	51471	0.999981	51468	0.999922	51467	0.999903	/home/neil/Downloads/dudleya/Dudleya_S_genomes/full_pipeline_run/results/05_analysis_masks/cpdna_ir_regions.bed	/home/neil/Downloads/dudleya/Dudleya_S_genomes/full_pipeline_run/results/06_all_sample_alignment/qc/SILR_LP_353_Du-736.depth.tsv
SILR_LP_353_Du-736	QB3.Berkeley.251217/QB3.Results.260109	D. setchellii	SILR	cpdna_duplicate_ir_mask	cpDNA	mask	chloroplast	1	25736	19360364	752.267796	25735	0.999961	25732	0.999845	25731	0.999806	/home/neil/Downloads/dudleya/Dudleya_S_genomes/full_pipeline_run/results/05_analysis_masks/cpdna_duplicate_ir_copy_mask.bed	/home/neil/Downloads/dudleya/Dudleya_S_genomes/full_pipeline_run/results/06_all_sample_alignment/qc/SILR_LP_353_Du-736.depth.tsv
SILR_LP_353_Du-736	QB3.Berkeley.251217/QB3.Results.260109	D. setchellii	SILR	cpdna_population_sites	cpDNA	variant_calling_and_population_genetics	chloroplast	1	124538	93180864	748.212305	124538	1.000000	124538	1.000000	124538	1.000000	/home/neil/Downloads/dudleya/Dudleya_S_genomes/full_pipeline_run/results/05_analysis_masks/cpdna_population_sites.bed	/home/neil/Downloads/dudleya/Dudleya_S_genomes/full_pipeline_run/results/06_all_sample_alignment/qc/SILR_LP_353_Du-736.depth.tsv
SILR_LP_353_Du-736	QB3.Berkeley.251217/QB3.Results.260109	D. setchellii	SILR	mtdna_permissive_coverage	mtDNA	sample_qc_coverage	mitochondria	1	243359	17369060	71.372170	243357	0.999992	243345	0.999942	243326	0.999864	/home/neil/Downloads/dudleya/Dudleya_S_genomes/full_pipeline_run/results/05_analysis_masks/mtdna_permissive_coverage_regions.bed	/home/neil/Downloads/dudleya/Dudleya_S_genomes/full_pipeline_run/results/06_all_sample_alignment/qc/SILR_LP_353_Du-736.depth.tsv
SILR_LP_353_Du-736	QB3.Berkeley.251217/QB3.Results.260109	D. setchellii	SILR	mtdna_high_confidence_unique	mtDNA	variant_calling_and_population_genetics	mitochondria	2	44930	5268915	117.269419	44930	1.000000	44930	1.000000	44930	1.000000	/home/neil/Downloads/dudleya/Dudleya_S_genomes/full_pipeline_run/results/05_analysis_masks/mtdna_high_confidence_unique_regions.bed	/home/neil/Downloads/dudleya/Dudleya_S_genomes/full_pipeline_run/results/06_all_sample_alignment/qc/SILR_LP_353_Du-736.depth.tsv
STI_LP_027_Du-45	QB3.Berkeley.251217/QB3.Results.260109	D. setchellii	STI	cpdna_full_coverage	cpDNA	sample_qc_coverage	chloroplast	1	150274	59137593	393.531769	150273	0.999993	150270	0.999973	150263	0.999927	/home/neil/Downloads/dudleya/Dudleya_S_genomes/full_pipeline_run/results/05_analysis_masks/cpdna_full_coverage_regions.bed	/home/neil/Downloads/dudleya/Dudleya_S_genomes/full_pipeline_run/results/06_all_sample_alignment/qc/STI_LP_027_Du-45.depth.tsv
STI_LP_027_Du-45	QB3.Berkeley.251217/QB3.Results.260109	D. setchellii	STI	cpdna_ir_regions	cpDNA	repeat_annotation	chloroplast	2	51472	22452704	436.211999	51471	0.999981	51468	0.999922	51463	0.999825	/home/neil/Downloads/dudleya/Dudleya_S_genomes/full_pipeline_run/results/05_analysis_masks/cpdna_ir_regions.bed	/home/neil/Downloads/dudleya/Dudleya_S_genomes/full_pipeline_run/results/06_all_sample_alignment/qc/STI_LP_027_Du-45.depth.tsv
STI_LP_027_Du-45	QB3.Berkeley.251217/QB3.Results.260109	D. setchellii	STI	cpdna_duplicate_ir_mask	cpDNA	mask	chloroplast	1	25736	11076208	430.377992	25735	0.999961	25733	0.999883	25728	0.999689	/home/neil/Downloads/dudleya/Dudleya_S_genomes/full_pipeline_run/results/05_analysis_masks/cpdna_duplicate_ir_copy_mask.bed	/home/neil/Downloads/dudleya/Dudleya_S_genomes/full_pipeline_run/results/06_all_sample_alignment/qc/STI_LP_027_Du-45.depth.tsv
STI_LP_027_Du-45	QB3.Berkeley.251217/QB3.Results.260109	D. setchellii	STI	cpdna_population_sites	cpDNA	variant_calling_and_population_genetics	chloroplast	1	124538	48061385	385.917431	124538	1.000000	124537	0.999992	124535	0.999976	/home/neil/Downloads/dudleya/Dudleya_S_genomes/full_pipeline_run/results/05_analysis_masks/cpdna_population_sites.bed	/home/neil/Downloads/dudleya/Dudleya_S_genomes/full_pipeline_run/results/06_all_sample_alignment/qc/STI_LP_027_Du-45.depth.tsv
STI_LP_027_Du-45	QB3.Berkeley.251217/QB3.Results.260109	D. setchellii	STI	mtdna_permissive_coverage	mtDNA	sample_qc_coverage	mitochondria	1	243359	3994542	16.414195	242353	0.995866	234925	0.965343	190365	0.782239	/home/neil/Downloads/dudleya/Dudleya_S_genomes/full_pipeline_run/results/05_analysis_masks/mtdna_permissive_coverage_regions.bed	/home/neil/Downloads/dudleya/Dudleya_S_genomes/full_pipeline_run/results/06_all_sample_alignment/qc/STI_LP_027_Du-45.depth.tsv
STI_LP_027_Du-45	QB3.Berkeley.251217/QB3.Results.260109	D. setchellii	STI	mtdna_high_confidence_unique	mtDNA	variant_calling_and_population_genetics	mitochondria	2	44930	1204703	26.812887	44783	0.996728	44766	0.996350	44065	0.980748	/home/neil/Downloads/dudleya/Dudleya_S_genomes/full_pipeline_run/results/05_analysis_masks/mtdna_high_confidence_unique_regions.bed	/home/neil/Downloads/dudleya/Dudleya_S_genomes/full_pipeline_run/results/06_all_sample_alignment/qc/STI_LP_027_Du-45.depth.tsv
STI_LP_028_Du-46	QB3.Berkeley.251217/QB3.Results.260109	D. setchellii	STI	cpdna_full_coverage	cpDNA	sample_qc_coverage	chloroplast	1	150274	113432111	754.835241	150270	0.999973	150255	0.999874	150250	0.999840	/home/neil/Downloads/dudleya/Dudleya_S_genomes/full_pipeline_run/results/05_analysis_masks/cpdna_full_coverage_regions.bed	/home/neil/Downloads/dudleya/Dudleya_S_genomes/full_pipeline_run/results/06_all_sample_alignment/qc/STI_LP_028_Du-46.depth.tsv
STI_LP_028_Du-46	QB3.Berkeley.251217/QB3.Results.260109	D. setchellii	STI	cpdna_ir_regions	cpDNA	repeat_annotation	chloroplast	2	51472	38485177	747.691502	51472	1.000000	51469	0.999942	51467	0.999903	/home/neil/Downloads/dudleya/Dudleya_S_genomes/full_pipeline_run/results/05_analysis_masks/cpdna_ir_regions.bed	/home/neil/Downloads/dudleya/Dudleya_S_genomes/full_pipeline_run/results/06_all_sample_alignment/qc/STI_LP_028_Du-46.depth.tsv
STI_LP_028_Du-46	QB3.Berkeley.251217/QB3.Results.260109	D. setchellii	STI	cpdna_duplicate_ir_mask	cpDNA	mask	chloroplast	1	25736	18842600	732.149518	25736	1.000000	25734	0.999922	25732	0.999845	/home/neil/Downloads/dudleya/Dudleya_S_genomes/full_pipeline_run/results/05_analysis_masks/cpdna_duplicate_ir_copy_mask.bed	/home/neil/Downloads/dudleya/Dudleya_S_genomes/full_pipeline_run/results/06_all_sample_alignment/qc/STI_LP_028_Du-46.depth.tsv
STI_LP_028_Du-46	QB3.Berkeley.251217/QB3.Results.260109	D. setchellii	STI	cpdna_population_sites	cpDNA	variant_calling_and_population_genetics	chloroplast	1	124538	94589511	759.523286	124534	0.999968	124521	0.999863	124518	0.999839	/home/neil/Downloads/dudleya/Dudleya_S_genomes/full_pipeline_run/results/05_analysis_masks/cpdna_population_sites.bed	/home/neil/Downloads/dudleya/Dudleya_S_genomes/full_pipeline_run/results/06_all_sample_alignment/qc/STI_LP_028_Du-46.depth.tsv
STI_LP_028_Du-46	QB3.Berkeley.251217/QB3.Results.260109	D. setchellii	STI	mtdna_permissive_coverage	mtDNA	sample_qc_coverage	mitochondria	1	243359	9151730	37.605883	243168	0.999215	243117	0.999006	243049	0.998726	/home/neil/Downloads/dudleya/Dudleya_S_genomes/full_pipeline_run/results/05_analysis_masks/mtdna_permissive_coverage_regions.bed	/home/neil/Downloads/dudleya/Dudleya_S_genomes/full_pipeline_run/results/06_all_sample_alignment/qc/STI_LP_028_Du-46.depth.tsv
STI_LP_028_Du-46	QB3.Berkeley.251217/QB3.Results.260109	D. setchellii	STI	mtdna_high_confidence_unique	mtDNA	variant_calling_and_population_genetics	mitochondria	2	44930	2757872	61.381527	44780	0.996661	44780	0.996661	44780	0.996661	/home/neil/Downloads/dudleya/Dudleya_S_genomes/full_pipeline_run/results/05_analysis_masks/mtdna_high_confidence_unique_regions.bed	/home/neil/Downloads/dudleya/Dudleya_S_genomes/full_pipeline_run/results/06_all_sample_alignment/qc/STI_LP_028_Du-46.depth.tsv
STI_LP_029_Du-47	QB3.Berkeley.251217/QB3.Results.260109	D. setchellii	STI	cpdna_full_coverage	cpDNA	sample_qc_coverage	chloroplast	1	150274	24591931	163.647278	150252	0.999854	150206	0.999547	150170	0.999308	/home/neil/Downloads/dudleya/Dudleya_S_genomes/full_pipeline_run/results/05_analysis_masks/cpdna_full_coverage_regions.bed	/home/neil/Downloads/dudleya/Dudleya_S_genomes/full_pipeline_run/results/06_all_sample_alignment/qc/STI_LP_029_Du-47.depth.tsv
STI_LP_029_Du-47	QB3.Berkeley.251217/QB3.Results.260109	D. setchellii	STI	cpdna_ir_regions	cpDNA	repeat_annotation	chloroplast	2	51472	8325556	161.749223	51457	0.999709	51425	0.999087	51395	0.998504	/home/neil/Downloads/dudleya/Dudleya_S_genomes/full_pipeline_run/results/05_analysis_masks/cpdna_ir_regions.bed	/home/neil/Downloads/dudleya/Dudleya_S_genomes/full_pipeline_run/results/06_all_sample_alignment/qc/STI_LP_029_Du-47.depth.tsv
STI_LP_029_Du-47	QB3.Berkeley.251217/QB3.Results.260109	D. setchellii	STI	cpdna_duplicate_ir_mask	cpDNA	mask	chloroplast	1	25736	4065589	157.972840	25723	0.999495	25695	0.998407	25672	0.997513	/home/neil/Downloads/dudleya/Dudleya_S_genomes/full_pipeline_run/results/05_analysis_masks/cpdna_duplicate_ir_copy_mask.bed	/home/neil/Downloads/dudleya/Dudleya_S_genomes/full_pipeline_run/results/06_all_sample_alignment/qc/STI_LP_029_Du-47.depth.tsv
STI_LP_029_Du-47	QB3.Berkeley.251217/QB3.Results.260109	D. setchellii	STI	cpdna_population_sites	cpDNA	variant_calling_and_population_genetics	chloroplast	1	124538	20526342	164.819910	124529	0.999928	124511	0.999783	124498	0.999679	/home/neil/Downloads/dudleya/Dudleya_S_genomes/full_pipeline_run/results/05_analysis_masks/cpdna_population_sites.bed	/home/neil/Downloads/dudleya/Dudleya_S_genomes/full_pipeline_run/results/06_all_sample_alignment/qc/STI_LP_029_Du-47.depth.tsv
STI_LP_029_Du-47	QB3.Berkeley.251217/QB3.Results.260109	D. setchellii	STI	mtdna_permissive_coverage	mtDNA	sample_qc_coverage	mitochondria	1	243359	1901098	7.811908	239615	0.984615	179308	0.736804	72680	0.298653	/home/neil/Downloads/dudleya/Dudleya_S_genomes/full_pipeline_run/results/05_analysis_masks/mtdna_permissive_coverage_regions.bed	/home/neil/Downloads/dudleya/Dudleya_S_genomes/full_pipeline_run/results/06_all_sample_alignment/qc/STI_LP_029_Du-47.depth.tsv
STI_LP_029_Du-47	QB3.Berkeley.251217/QB3.Results.260109	D. setchellii	STI	mtdna_high_confidence_unique	mtDNA	variant_calling_and_population_genetics	mitochondria	2	44930	571042	12.709593	44703	0.994948	42808	0.952771	31752	0.706699	/home/neil/Downloads/dudleya/Dudleya_S_genomes/full_pipeline_run/results/05_analysis_masks/mtdna_high_confidence_unique_regions.bed	/home/neil/Downloads/dudleya/Dudleya_S_genomes/full_pipeline_run/results/06_all_sample_alignment/qc/STI_LP_029_Du-47.depth.tsv
STI_LP_030_Du-48	QB3.Berkeley.251217/QB3.Results.260109	D. setchellii	STI	cpdna_full_coverage	cpDNA	sample_qc_coverage	chloroplast	1	150274	96085698	639.403343	150264	0.999933	150251	0.999847	150247	0.999820	/home/neil/Downloads/dudleya/Dudleya_S_genomes/full_pipeline_run/results/05_analysis_masks/cpdna_full_coverage_regions.bed	/home/neil/Downloads/dudleya/Dudleya_S_genomes/full_pipeline_run/results/06_all_sample_alignment/qc/STI_LP_030_Du-48.depth.tsv
STI_LP_030_Du-48	QB3.Berkeley.251217/QB3.Results.260109	D. setchellii	STI	cpdna_ir_regions	cpDNA	repeat_annotation	chloroplast	2	51472	34725296	674.644389	51470	0.999961	51467	0.999903	51465	0.999864	/home/neil/Downloads/dudleya/Dudleya_S_genomes/full_pipeline_run/results/05_analysis_masks/cpdna_ir_regions.bed	/home/neil/Downloads/dudleya/Dudleya_S_genomes/full_pipeline_run/results/06_all_sample_alignment/qc/STI_LP_030_Du-48.depth.tsv
STI_LP_030_Du-48	QB3.Berkeley.251217/QB3.Results.260109	D. setchellii	STI	cpdna_duplicate_ir_mask	cpDNA	mask	chloroplast	1	25736	17035527	661.933750	25735	0.999961	25732	0.999845	25731	0.999806	/home/neil/Downloads/dudleya/Dudleya_S_genomes/full_pipeline_run/results/05_analysis_masks/cpdna_duplicate_ir_copy_mask.bed	/home/neil/Downloads/dudleya/Dudleya_S_genomes/full_pipeline_run/results/06_all_sample_alignment/qc/STI_LP_030_Du-48.depth.tsv
STI_LP_030_Du-48	QB3.Berkeley.251217/QB3.Results.260109	D. setchellii	STI	cpdna_population_sites	cpDNA	variant_calling_and_population_genetics	chloroplast	1	124538	79050171	634.747394	124529	0.999928	124519	0.999847	124516	0.999823	/home/neil/Downloads/dudleya/Dudleya_S_genomes/full_pipeline_run/results/05_analysis_masks/cpdna_population_sites.bed	/home/neil/Downloads/dudleya/Dudleya_S_genomes/full_pipeline_run/results/06_all_sample_alignment/qc/STI_LP_030_Du-48.depth.tsv
STI_LP_030_Du-48	QB3.Berkeley.251217/QB3.Results.260109	D. setchellii	STI	mtdna_permissive_coverage	mtDNA	sample_qc_coverage	mitochondria	1	243359	9699421	39.856430	243215	0.999408	243119	0.999014	242998	0.998517	/home/neil/Downloads/dudleya/Dudleya_S_genomes/full_pipeline_run/results/05_analysis_masks/mtdna_permissive_coverage_regions.bed	/home/neil/Downloads/dudleya/Dudleya_S_genomes/full_pipeline_run/results/06_all_sample_alignment/qc/STI_LP_030_Du-48.depth.tsv
STI_LP_030_Du-48	QB3.Berkeley.251217/QB3.Results.260109	D. setchellii	STI	mtdna_high_confidence_unique	mtDNA	variant_calling_and_population_genetics	mitochondria	2	44930	2970690	66.118184	44820	0.997552	44780	0.996661	44779	0.996639	/home/neil/Downloads/dudleya/Dudleya_S_genomes/full_pipeline_run/results/05_analysis_masks/mtdna_high_confidence_unique_regions.bed	/home/neil/Downloads/dudleya/Dudleya_S_genomes/full_pipeline_run/results/06_all_sample_alignment/qc/STI_LP_030_Du-48.depth.tsv
STI_LP_031_Du-49	QB3.Berkeley.251217/QB3.Results.260109	D. setchellii	STI	cpdna_full_coverage	cpDNA	sample_qc_coverage	chloroplast	1	150274	57637038	383.546309	150272	0.999987	150250	0.999840	150239	0.999767	/home/neil/Downloads/dudleya/Dudleya_S_genomes/full_pipeline_run/results/05_analysis_masks/cpdna_full_coverage_regions.bed	/home/neil/Downloads/dudleya/Dudleya_S_genomes/full_pipeline_run/results/06_all_sample_alignment/qc/STI_LP_031_Du-49.depth.tsv
STI_LP_031_Du-49	QB3.Berkeley.251217/QB3.Results.260109	D. setchellii	STI	cpdna_ir_regions	cpDNA	repeat_annotation	chloroplast	2	51472	19982529	388.221344	51470	0.999961	51465	0.999864	51459	0.999747	/home/neil/Downloads/dudleya/Dudleya_S_genomes/full_pipeline_run/results/05_analysis_masks/cpdna_ir_regions.bed	/home/neil/Downloads/dudleya/Dudleya_S_genomes/full_pipeline_run/results/06_all_sample_alignment/qc/STI_LP_031_Du-49.depth.tsv
STI_LP_031_Du-49	QB3.Berkeley.251217/QB3.Results.260109	D. setchellii	STI	cpdna_duplicate_ir_mask	cpDNA	mask	chloroplast	1	25736	9833204	382.079733	25735	0.999961	25731	0.999806	25728	0.999689	/home/neil/Downloads/dudleya/Dudleya_S_genomes/full_pipeline_run/results/05_analysis_masks/cpdna_duplicate_ir_copy_mask.bed	/home/neil/Downloads/dudleya/Dudleya_S_genomes/full_pipeline_run/results/06_all_sample_alignment/qc/STI_LP_031_Du-49.depth.tsv
STI_LP_031_Du-49	QB3.Berkeley.251217/QB3.Results.260109	D. setchellii	STI	cpdna_population_sites	cpDNA	variant_calling_and_population_genetics	chloroplast	1	124538	47803834	383.849379	124537	0.999992	124519	0.999847	124511	0.999783	/home/neil/Downloads/dudleya/Dudleya_S_genomes/full_pipeline_run/results/05_analysis_masks/cpdna_population_sites.bed	/home/neil/Downloads/dudleya/Dudleya_S_genomes/full_pipeline_run/results/06_all_sample_alignment/qc/STI_LP_031_Du-49.depth.tsv
STI_LP_031_Du-49	QB3.Berkeley.251217/QB3.Results.260109	D. setchellii	STI	mtdna_permissive_coverage	mtDNA	sample_qc_coverage	mitochondria	1	243359	15203206	62.472339	243199	0.999343	243170	0.999223	243125	0.999038	/home/neil/Downloads/dudleya/Dudleya_S_genomes/full_pipeline_run/results/05_analysis_masks/mtdna_permissive_coverage_regions.bed	/home/neil/Downloads/dudleya/Dudleya_S_genomes/full_pipeline_run/results/06_all_sample_alignment/qc/STI_LP_031_Du-49.depth.tsv
STI_LP_031_Du-49	QB3.Berkeley.251217/QB3.Results.260109	D. setchellii	STI	mtdna_high_confidence_unique	mtDNA	variant_calling_and_population_genetics	mitochondria	2	44930	4607241	102.542644	44795	0.996995	44780	0.996661	44780	0.996661	/home/neil/Downloads/dudleya/Dudleya_S_genomes/full_pipeline_run/results/05_analysis_masks/mtdna_high_confidence_unique_regions.bed	/home/neil/Downloads/dudleya/Dudleya_S_genomes/full_pipeline_run/results/06_all_sample_alignment/qc/STI_LP_031_Du-49.depth.tsv
STI_LP_032_Du-50	QB3.Berkeley.251217/QB3.Results.260109	D. setchellii	STI	cpdna_full_coverage	cpDNA	sample_qc_coverage	chloroplast	1	150274	99867601	664.570059	150267	0.999953	150253	0.999860	150248	0.999827	/home/neil/Downloads/dudleya/Dudleya_S_genomes/full_pipeline_run/results/05_analysis_masks/cpdna_full_coverage_regions.bed	/home/neil/Downloads/dudleya/Dudleya_S_genomes/full_pipeline_run/results/06_all_sample_alignment/qc/STI_LP_032_Du-50.depth.tsv
STI_LP_032_Du-50	QB3.Berkeley.251217/QB3.Results.260109	D. setchellii	STI	cpdna_ir_regions	cpDNA	repeat_annotation	chloroplast	2	51472	41797213	812.037865	51472	1.000000	51470	0.999961	51468	0.999922	/home/neil/Downloads/dudleya/Dudleya_S_genomes/full_pipeline_run/results/05_analysis_masks/cpdna_ir_regions.bed	/home/neil/Downloads/dudleya/Dudleya_S_genomes/full_pipeline_run/results/06_all_sample_alignment/qc/STI_LP_032_Du-50.depth.tsv
STI_LP_032_Du-50	QB3.Berkeley.251217/QB3.Results.260109	D. setchellii	STI	cpdna_duplicate_ir_mask	cpDNA	mask	chloroplast	1	25736	20399957	792.662302	25736	1.000000	25735	0.999961	25733	0.999883	/home/neil/Downloads/dudleya/Dudleya_S_genomes/full_pipeline_run/results/05_analysis_masks/cpdna_duplicate_ir_copy_mask.bed	/home/neil/Downloads/dudleya/Dudleya_S_genomes/full_pipeline_run/results/06_all_sample_alignment/qc/STI_LP_032_Du-50.depth.tsv
STI_LP_032_Du-50	QB3.Berkeley.251217/QB3.Results.260109	D. setchellii	STI	cpdna_population_sites	cpDNA	variant_calling_and_population_genetics	chloroplast	1	124538	79467644	638.099568	124531	0.999944	124518	0.999839	124515	0.999815	/home/neil/Downloads/dudleya/Dudleya_S_genomes/full_pipeline_run/results/05_analysis_masks/cpdna_population_sites.bed	/home/neil/Downloads/dudleya/Dudleya_S_genomes/full_pipeline_run/results/06_all_sample_alignment/qc/STI_LP_032_Du-50.depth.tsv
STI_LP_032_Du-50	QB3.Berkeley.251217/QB3.Results.260109	D. setchellii	STI	mtdna_permissive_coverage	mtDNA	sample_qc_coverage	mitochondria	1	243359	10777033	44.284506	243336	0.999905	243091	0.998899	242445	0.996244	/home/neil/Downloads/dudleya/Dudleya_S_genomes/full_pipeline_run/results/05_analysis_masks/mtdna_permissive_coverage_regions.bed	/home/neil/Downloads/dudleya/Dudleya_S_genomes/full_pipeline_run/results/06_all_sample_alignment/qc/STI_LP_032_Du-50.depth.tsv
STI_LP_032_Du-50	QB3.Berkeley.251217/QB3.Results.260109	D. setchellii	STI	mtdna_high_confidence_unique	mtDNA	variant_calling_and_population_genetics	mitochondria	2	44930	3198909	71.197619	44930	1.000000	44784	0.996751	44780	0.996661	/home/neil/Downloads/dudleya/Dudleya_S_genomes/full_pipeline_run/results/05_analysis_masks/mtdna_high_confidence_unique_regions.bed	/home/neil/Downloads/dudleya/Dudleya_S_genomes/full_pipeline_run/results/06_all_sample_alignment/qc/STI_LP_032_Du-50.depth.tsv
STI_LP_033_Du-51	QB3.Berkeley.251217/QB3.Results.260109	D. setchellii	STI	cpdna_full_coverage	cpDNA	sample_qc_coverage	chloroplast	1	150274	43659616	290.533399	150254	0.999867	150246	0.999814	150233	0.999727	/home/neil/Downloads/dudleya/Dudleya_S_genomes/full_pipeline_run/results/05_analysis_masks/cpdna_full_coverage_regions.bed	/home/neil/Downloads/dudleya/Dudleya_S_genomes/full_pipeline_run/results/06_all_sample_alignment/qc/STI_LP_033_Du-51.depth.tsv
STI_LP_033_Du-51	QB3.Berkeley.251217/QB3.Results.260109	D. setchellii	STI	cpdna_ir_regions	cpDNA	repeat_annotation	chloroplast	2	51472	16544183	321.421025	51471	0.999981	51465	0.999864	51452	0.999611	/home/neil/Downloads/dudleya/Dudleya_S_genomes/full_pipeline_run/results/05_analysis_masks/cpdna_ir_regions.bed	/home/neil/Downloads/dudleya/Dudleya_S_genomes/full_pipeline_run/results/06_all_sample_alignment/qc/STI_LP_033_Du-51.depth.tsv
STI_LP_033_Du-51	QB3.Berkeley.251217/QB3.Results.260109	D. setchellii	STI	cpdna_duplicate_ir_mask	cpDNA	mask	chloroplast	1	25736	8127692	315.810227	25736	1.000000	25731	0.999806	25718	0.999301	/home/neil/Downloads/dudleya/Dudleya_S_genomes/full_pipeline_run/results/05_analysis_masks/cpdna_duplicate_ir_copy_mask.bed	/home/neil/Downloads/dudleya/Dudleya_S_genomes/full_pipeline_run/results/06_all_sample_alignment/qc/STI_LP_033_Du-51.depth.tsv
STI_LP_033_Du-51	QB3.Berkeley.251217/QB3.Results.260109	D. setchellii	STI	cpdna_population_sites	cpDNA	variant_calling_and_population_genetics	chloroplast	1	124538	35531924	285.309897	124518	0.999839	124515	0.999815	124515	0.999815	/home/neil/Downloads/dudleya/Dudleya_S_genomes/full_pipeline_run/results/05_analysis_masks/cpdna_population_sites.bed	/home/neil/Downloads/dudleya/Dudleya_S_genomes/full_pipeline_run/results/06_all_sample_alignment/qc/STI_LP_033_Du-51.depth.tsv
STI_LP_033_Du-51	QB3.Berkeley.251217/QB3.Results.260109	D. setchellii	STI	mtdna_permissive_coverage	mtDNA	sample_qc_coverage	mitochondria	1	243359	3839011	15.775094	242871	0.997995	233384	0.959011	182308	0.749132	/home/neil/Downloads/dudleya/Dudleya_S_genomes/full_pipeline_run/results/05_analysis_masks/mtdna_permissive_coverage_regions.bed	/home/neil/Downloads/dudleya/Dudleya_S_genomes/full_pipeline_run/results/06_all_sample_alignment/qc/STI_LP_033_Du-51.depth.tsv
STI_LP_033_Du-51	QB3.Berkeley.251217/QB3.Results.260109	D. setchellii	STI	mtdna_high_confidence_unique	mtDNA	variant_calling_and_population_genetics	mitochondria	2	44930	1186859	26.415736	44780	0.996661	44720	0.995326	43918	0.977476	/home/neil/Downloads/dudleya/Dudleya_S_genomes/full_pipeline_run/results/05_analysis_masks/mtdna_high_confidence_unique_regions.bed	/home/neil/Downloads/dudleya/Dudleya_S_genomes/full_pipeline_run/results/06_all_sample_alignment/qc/STI_LP_033_Du-51.depth.tsv
STI_LP_034_Du-52	QB3.Berkeley.251217/QB3.Results.260109	D. setchellii	STI	cpdna_full_coverage	cpDNA	sample_qc_coverage	chloroplast	1	150274	220535481	1467.555805	150274	1.000000	150260	0.999907	150256	0.999880	/home/neil/Downloads/dudleya/Dudleya_S_genomes/full_pipeline_run/results/05_analysis_masks/cpdna_full_coverage_regions.bed	/home/neil/Downloads/dudleya/Dudleya_S_genomes/full_pipeline_run/results/06_all_sample_alignment/qc/STI_LP_034_Du-52.depth.tsv
STI_LP_034_Du-52	QB3.Berkeley.251217/QB3.Results.260109	D. setchellii	STI	cpdna_ir_regions	cpDNA	repeat_annotation	chloroplast	2	51472	77387253	1503.482534	51472	1.000000	51471	0.999981	51467	0.999903	/home/neil/Downloads/dudleya/Dudleya_S_genomes/full_pipeline_run/results/05_analysis_masks/cpdna_ir_regions.bed	/home/neil/Downloads/dudleya/Dudleya_S_genomes/full_pipeline_run/results/06_all_sample_alignment/qc/STI_LP_034_Du-52.depth.tsv
STI_LP_034_Du-52	QB3.Berkeley.251217/QB3.Results.260109	D. setchellii	STI	cpdna_duplicate_ir_mask	cpDNA	mask	chloroplast	1	25736	37696172	1464.725365	25736	1.000000	25736	1.000000	25732	0.999845	/home/neil/Downloads/dudleya/Dudleya_S_genomes/full_pipeline_run/results/05_analysis_masks/cpdna_duplicate_ir_copy_mask.bed	/home/neil/Downloads/dudleya/Dudleya_S_genomes/full_pipeline_run/results/06_all_sample_alignment/qc/STI_LP_034_Du-52.depth.tsv
STI_LP_034_Du-52	QB3.Berkeley.251217/QB3.Results.260109	D. setchellii	STI	cpdna_population_sites	cpDNA	variant_calling_and_population_genetics	chloroplast	1	124538	182839309	1468.140720	124538	1.000000	124524	0.999888	124524	0.999888	/home/neil/Downloads/dudleya/Dudleya_S_genomes/full_pipeline_run/results/05_analysis_masks/cpdna_population_sites.bed	/home/neil/Downloads/dudleya/Dudleya_S_genomes/full_pipeline_run/results/06_all_sample_alignment/qc/STI_LP_034_Du-52.depth.tsv
STI_LP_034_Du-52	QB3.Berkeley.251217/QB3.Results.260109	D. setchellii	STI	mtdna_permissive_coverage	mtDNA	sample_qc_coverage	mitochondria	1	243359	16975175	69.753636	243192	0.999314	243159	0.999178	243116	0.999001	/home/neil/Downloads/dudleya/Dudleya_S_genomes/full_pipeline_run/results/05_analysis_masks/mtdna_permissive_coverage_regions.bed	/home/neil/Downloads/dudleya/Dudleya_S_genomes/full_pipeline_run/results/06_all_sample_alignment/qc/STI_LP_034_Du-52.depth.tsv
STI_LP_034_Du-52	QB3.Berkeley.251217/QB3.Results.260109	D. setchellii	STI	mtdna_high_confidence_unique	mtDNA	variant_calling_and_population_genetics	mitochondria	2	44930	5088947	113.263899	44790	0.996884	44780	0.996661	44780	0.996661	/home/neil/Downloads/dudleya/Dudleya_S_genomes/full_pipeline_run/results/05_analysis_masks/mtdna_high_confidence_unique_regions.bed	/home/neil/Downloads/dudleya/Dudleya_S_genomes/full_pipeline_run/results/06_all_sample_alignment/qc/STI_LP_034_Du-52.depth.tsv
STI_LP_035_Du-53	QB3.Berkeley.251217/QB3.Results.260109	D. setchellii	STI	cpdna_full_coverage	cpDNA	sample_qc_coverage	chloroplast	1	150274	235504730	1567.168838	150270	0.999973	150261	0.999913	150259	0.999900	/home/neil/Downloads/dudleya/Dudleya_S_genomes/full_pipeline_run/results/05_analysis_masks/cpdna_full_coverage_regions.bed	/home/neil/Downloads/dudleya/Dudleya_S_genomes/full_pipeline_run/results/06_all_sample_alignment/qc/STI_LP_035_Du-53.depth.tsv
STI_LP_035_Du-53	QB3.Berkeley.251217/QB3.Results.260109	D. setchellii	STI	cpdna_ir_regions	cpDNA	repeat_annotation	chloroplast	2	51472	86227941	1675.239761	51472	1.000000	51472	1.000000	51471	0.999981	/home/neil/Downloads/dudleya/Dudleya_S_genomes/full_pipeline_run/results/05_analysis_masks/cpdna_ir_regions.bed	/home/neil/Downloads/dudleya/Dudleya_S_genomes/full_pipeline_run/results/06_all_sample_alignment/qc/STI_LP_035_Du-53.depth.tsv
STI_LP_035_Du-53	QB3.Berkeley.251217/QB3.Results.260109	D. setchellii	STI	cpdna_duplicate_ir_mask	cpDNA	mask	chloroplast	1	25736	41924363	1629.016281	25736	1.000000	25736	1.000000	25735	0.999961	/home/neil/Downloads/dudleya/Dudleya_S_genomes/full_pipeline_run/results/05_analysis_masks/cpdna_duplicate_ir_copy_mask.bed	/home/neil/Downloads/dudleya/Dudleya_S_genomes/full_pipeline_run/results/06_all_sample_alignment/qc/STI_LP_035_Du-53.depth.tsv
STI_LP_035_Du-53	QB3.Berkeley.251217/QB3.Results.260109	D. setchellii	STI	cpdna_population_sites	cpDNA	variant_calling_and_population_genetics	chloroplast	1	124538	193580367	1554.387954	124534	0.999968	124525	0.999896	124524	0.999888	/home/neil/Downloads/dudleya/Dudleya_S_genomes/full_pipeline_run/results/05_analysis_masks/cpdna_population_sites.bed	/home/neil/Downloads/dudleya/Dudleya_S_genomes/full_pipeline_run/results/06_all_sample_alignment/qc/STI_LP_035_Du-53.depth.tsv
STI_LP_035_Du-53	QB3.Berkeley.251217/QB3.Results.260109	D. setchellii	STI	mtdna_permissive_coverage	mtDNA	sample_qc_coverage	mitochondria	1	243359	16933539	69.582547	243177	0.999252	243148	0.999133	243075	0.998833	/home/neil/Downloads/dudleya/Dudleya_S_genomes/full_pipeline_run/results/05_analysis_masks/mtdna_permissive_coverage_regions.bed	/home/neil/Downloads/dudleya/Dudleya_S_genomes/full_pipeline_run/results/06_all_sample_alignment/qc/STI_LP_035_Du-53.depth.tsv
STI_LP_035_Du-53	QB3.Berkeley.251217/QB3.Results.260109	D. setchellii	STI	mtdna_high_confidence_unique	mtDNA	variant_calling_and_population_genetics	mitochondria	2	44930	5105028	113.621812	44784	0.996751	44782	0.996706	44780	0.996661	/home/neil/Downloads/dudleya/Dudleya_S_genomes/full_pipeline_run/results/05_analysis_masks/mtdna_high_confidence_unique_regions.bed	/home/neil/Downloads/dudleya/Dudleya_S_genomes/full_pipeline_run/results/06_all_sample_alignment/qc/STI_LP_035_Du-53.depth.tsv
STI_LP_036_Du-54	QB3.Berkeley.251217/QB3.Results.260109	D. setchellii	STI	cpdna_full_coverage	cpDNA	sample_qc_coverage	chloroplast	1	150274	37129082	247.075888	150271	0.999980	150241	0.999780	150213	0.999594	/home/neil/Downloads/dudleya/Dudleya_S_genomes/full_pipeline_run/results/05_analysis_masks/cpdna_full_coverage_regions.bed	/home/neil/Downloads/dudleya/Dudleya_S_genomes/full_pipeline_run/results/06_all_sample_alignment/qc/STI_LP_036_Du-54.depth.tsv
STI_LP_036_Du-54	QB3.Berkeley.251217/QB3.Results.260109	D. setchellii	STI	cpdna_ir_regions	cpDNA	repeat_annotation	chloroplast	2	51472	13421093	260.745512	51469	0.999942	51461	0.999786	51434	0.999262	/home/neil/Downloads/dudleya/Dudleya_S_genomes/full_pipeline_run/results/05_analysis_masks/cpdna_ir_regions.bed	/home/neil/Downloads/dudleya/Dudleya_S_genomes/full_pipeline_run/results/06_all_sample_alignment/qc/STI_LP_036_Du-54.depth.tsv
STI_LP_036_Du-54	QB3.Berkeley.251217/QB3.Results.260109	D. setchellii	STI	cpdna_duplicate_ir_mask	cpDNA	mask	chloroplast	1	25736	6564872	255.085173	25734	0.999922	25726	0.999611	25706	0.998834	/home/neil/Downloads/dudleya/Dudleya_S_genomes/full_pipeline_run/results/05_analysis_masks/cpdna_duplicate_ir_copy_mask.bed	/home/neil/Downloads/dudleya/Dudleya_S_genomes/full_pipeline_run/results/06_all_sample_alignment/qc/STI_LP_036_Du-54.depth.tsv
STI_LP_036_Du-54	QB3.Berkeley.251217/QB3.Results.260109	D. setchellii	STI	cpdna_population_sites	cpDNA	variant_calling_and_population_genetics	chloroplast	1	124538	30564210	245.420755	124537	0.999992	124515	0.999815	124507	0.999751	/home/neil/Downloads/dudleya/Dudleya_S_genomes/full_pipeline_run/results/05_analysis_masks/cpdna_population_sites.bed	/home/neil/Downloads/dudleya/Dudleya_S_genomes/full_pipeline_run/results/06_all_sample_alignment/qc/STI_LP_036_Du-54.depth.tsv
STI_LP_036_Du-54	QB3.Berkeley.251217/QB3.Results.260109	D. setchellii	STI	mtdna_permissive_coverage	mtDNA	sample_qc_coverage	mitochondria	1	243359	4889852	20.093163	243171	0.999227	242329	0.995768	225411	0.926249	/home/neil/Downloads/dudleya/Dudleya_S_genomes/full_pipeline_run/results/05_analysis_masks/mtdna_permissive_coverage_regions.bed	/home/neil/Downloads/dudleya/Dudleya_S_genomes/full_pipeline_run/results/06_all_sample_alignment/qc/STI_LP_036_Du-54.depth.tsv
STI_LP_036_Du-54	QB3.Berkeley.251217/QB3.Results.260109	D. setchellii	STI	mtdna_high_confidence_unique	mtDNA	variant_calling_and_population_genetics	mitochondria	2	44930	1458392	32.459203	44781	0.996684	44780	0.996661	44736	0.995682	/home/neil/Downloads/dudleya/Dudleya_S_genomes/full_pipeline_run/results/05_analysis_masks/mtdna_high_confidence_unique_regions.bed	/home/neil/Downloads/dudleya/Dudleya_S_genomes/full_pipeline_run/results/06_all_sample_alignment/qc/STI_LP_036_Du-54.depth.tsv
STI_LP_037_Du-55	QB3.Berkeley.251217/QB3.Results.260109	D. setchellii	STI	cpdna_full_coverage	cpDNA	sample_qc_coverage	chloroplast	1	150274	104682755	696.612554	150262	0.999920	150252	0.999854	150248	0.999827	/home/neil/Downloads/dudleya/Dudleya_S_genomes/full_pipeline_run/results/05_analysis_masks/cpdna_full_coverage_regions.bed	/home/neil/Downloads/dudleya/Dudleya_S_genomes/full_pipeline_run/results/06_all_sample_alignment/qc/STI_LP_037_Du-55.depth.tsv
STI_LP_037_Du-55	QB3.Berkeley.251217/QB3.Results.260109	D. setchellii	STI	cpdna_ir_regions	cpDNA	repeat_annotation	chloroplast	2	51472	38153806	741.253614	51471	0.999981	51469	0.999942	51466	0.999883	/home/neil/Downloads/dudleya/Dudleya_S_genomes/full_pipeline_run/results/05_analysis_masks/cpdna_ir_regions.bed	/home/neil/Downloads/dudleya/Dudleya_S_genomes/full_pipeline_run/results/06_all_sample_alignment/qc/STI_LP_037_Du-55.depth.tsv
STI_LP_037_Du-55	QB3.Berkeley.251217/QB3.Results.260109	D. setchellii	STI	cpdna_duplicate_ir_mask	cpDNA	mask	chloroplast	1	25736	18615485	723.324720	25736	1.000000	25734	0.999922	25732	0.999845	/home/neil/Downloads/dudleya/Dudleya_S_genomes/full_pipeline_run/results/05_analysis_masks/cpdna_duplicate_ir_copy_mask.bed	/home/neil/Downloads/dudleya/Dudleya_S_genomes/full_pipeline_run/results/06_all_sample_alignment/qc/STI_LP_037_Du-55.depth.tsv
STI_LP_037_Du-55	QB3.Berkeley.251217/QB3.Results.260109	D. setchellii	STI	cpdna_population_sites	cpDNA	variant_calling_and_population_genetics	chloroplast	1	124538	86067270	691.092438	124526	0.999904	124518	0.999839	124516	0.999823	/home/neil/Downloads/dudleya/Dudleya_S_genomes/full_pipeline_run/results/05_analysis_masks/cpdna_population_sites.bed	/home/neil/Downloads/dudleya/Dudleya_S_genomes/full_pipeline_run/results/06_all_sample_alignment/qc/STI_LP_037_Du-55.depth.tsv
STI_LP_037_Du-55	QB3.Berkeley.251217/QB3.Results.260109	D. setchellii	STI	mtdna_permissive_coverage	mtDNA	sample_qc_coverage	mitochondria	1	243359	11670442	47.955662	243186	0.999289	243146	0.999125	243073	0.998825	/home/neil/Downloads/dudleya/Dudleya_S_genomes/full_pipeline_run/results/05_analysis_masks/mtdna_permissive_coverage_regions.bed	/home/neil/Downloads/dudleya/Dudleya_S_genomes/full_pipeline_run/results/06_all_sample_alignment/qc/STI_LP_037_Du-55.depth.tsv
STI_LP_037_Du-55	QB3.Berkeley.251217/QB3.Results.260109	D. setchellii	STI	mtdna_high_confidence_unique	mtDNA	variant_calling_and_population_genetics	mitochondria	2	44930	3479808	77.449544	44786	0.996795	44780	0.996661	44779	0.996639	/home/neil/Downloads/dudleya/Dudleya_S_genomes/full_pipeline_run/results/05_analysis_masks/mtdna_high_confidence_unique_regions.bed	/home/neil/Downloads/dudleya/Dudleya_S_genomes/full_pipeline_run/results/06_all_sample_alignment/qc/STI_LP_037_Du-55.depth.tsv
STI_LP_038_Du-56	QB3.Berkeley.251217/QB3.Results.260109	D. setchellii	STI	cpdna_full_coverage	cpDNA	sample_qc_coverage	chloroplast	1	150274	176158305	1172.247395	150261	0.999913	150255	0.999874	150251	0.999847	/home/neil/Downloads/dudleya/Dudleya_S_genomes/full_pipeline_run/results/05_analysis_masks/cpdna_full_coverage_regions.bed	/home/neil/Downloads/dudleya/Dudleya_S_genomes/full_pipeline_run/results/06_all_sample_alignment/qc/STI_LP_038_Du-56.depth.tsv
STI_LP_038_Du-56	QB3.Berkeley.251217/QB3.Results.260109	D. setchellii	STI	cpdna_ir_regions	cpDNA	repeat_annotation	chloroplast	2	51472	59765399	1161.124475	51472	1.000000	51470	0.999961	51468	0.999922	/home/neil/Downloads/dudleya/Dudleya_S_genomes/full_pipeline_run/results/05_analysis_masks/cpdna_ir_regions.bed	/home/neil/Downloads/dudleya/Dudleya_S_genomes/full_pipeline_run/results/06_all_sample_alignment/qc/STI_LP_038_Du-56.depth.tsv
STI_LP_038_Du-56	QB3.Berkeley.251217/QB3.Results.260109	D. setchellii	STI	cpdna_duplicate_ir_mask	cpDNA	mask	chloroplast	1	25736	29330547	1139.669995	25736	1.000000	25734	0.999922	25733	0.999883	/home/neil/Downloads/dudleya/Dudleya_S_genomes/full_pipeline_run/results/05_analysis_masks/cpdna_duplicate_ir_copy_mask.bed	/home/neil/Downloads/dudleya/Dudleya_S_genomes/full_pipeline_run/results/06_all_sample_alignment/qc/STI_LP_038_Du-56.depth.tsv
STI_LP_038_Du-56	QB3.Berkeley.251217/QB3.Results.260109	D. setchellii	STI	cpdna_population_sites	cpDNA	variant_calling_and_population_genetics	chloroplast	1	124538	146827758	1178.979572	124525	0.999896	124521	0.999863	124518	0.999839	/home/neil/Downloads/dudleya/Dudleya_S_genomes/full_pipeline_run/results/05_analysis_masks/cpdna_population_sites.bed	/home/neil/Downloads/dudleya/Dudleya_S_genomes/full_pipeline_run/results/06_all_sample_alignment/qc/STI_LP_038_Du-56.depth.tsv
STI_LP_038_Du-56	QB3.Berkeley.251217/QB3.Results.260109	D. setchellii	STI	mtdna_permissive_coverage	mtDNA	sample_qc_coverage	mitochondria	1	243359	14024707	57.629703	243182	0.999273	243135	0.999080	243077	0.998841	/home/neil/Downloads/dudleya/Dudleya_S_genomes/full_pipeline_run/results/05_analysis_masks/mtdna_permissive_coverage_regions.bed	/home/neil/Downloads/dudleya/Dudleya_S_genomes/full_pipeline_run/results/06_all_sample_alignment/qc/STI_LP_038_Du-56.depth.tsv
STI_LP_038_Du-56	QB3.Berkeley.251217/QB3.Results.260109	D. setchellii	STI	mtdna_high_confidence_unique	mtDNA	variant_calling_and_population_genetics	mitochondria	2	44930	4311853	95.968239	44784	0.996751	44780	0.996661	44780	0.996661	/home/neil/Downloads/dudleya/Dudleya_S_genomes/full_pipeline_run/results/05_analysis_masks/mtdna_high_confidence_unique_regions.bed	/home/neil/Downloads/dudleya/Dudleya_S_genomes/full_pipeline_run/results/06_all_sample_alignment/qc/STI_LP_038_Du-56.depth.tsv
STI_LP_039_Du-57	QB3.Berkeley.251217/QB3.Results.260109	D. setchellii	STI	cpdna_full_coverage	cpDNA	sample_qc_coverage	chloroplast	1	150274	122578977	815.703162	150261	0.999913	150253	0.999860	150248	0.999827	/home/neil/Downloads/dudleya/Dudleya_S_genomes/full_pipeline_run/results/05_analysis_masks/cpdna_full_coverage_regions.bed	/home/neil/Downloads/dudleya/Dudleya_S_genomes/full_pipeline_run/results/06_all_sample_alignment/qc/STI_LP_039_Du-57.depth.tsv
STI_LP_039_Du-57	QB3.Berkeley.251217/QB3.Results.260109	D. setchellii	STI	cpdna_ir_regions	cpDNA	repeat_annotation	chloroplast	2	51472	43198140	839.255129	51472	1.000000	51467	0.999903	51466	0.999883	/home/neil/Downloads/dudleya/Dudleya_S_genomes/full_pipeline_run/results/05_analysis_masks/cpdna_ir_regions.bed	/home/neil/Downloads/dudleya/Dudleya_S_genomes/full_pipeline_run/results/06_all_sample_alignment/qc/STI_LP_039_Du-57.depth.tsv
STI_LP_039_Du-57	QB3.Berkeley.251217/QB3.Results.260109	D. setchellii	STI	cpdna_duplicate_ir_mask	cpDNA	mask	chloroplast	1	25736	21222281	824.614587	25736	1.000000	25732	0.999845	25731	0.999806	/home/neil/Downloads/dudleya/Dudleya_S_genomes/full_pipeline_run/results/05_analysis_masks/cpdna_duplicate_ir_copy_mask.bed	/home/neil/Downloads/dudleya/Dudleya_S_genomes/full_pipeline_run/results/06_all_sample_alignment/qc/STI_LP_039_Du-57.depth.tsv
STI_LP_039_Du-57	QB3.Berkeley.251217/QB3.Results.260109	D. setchellii	STI	cpdna_population_sites	cpDNA	variant_calling_and_population_genetics	chloroplast	1	124538	101356696	813.861600	124525	0.999896	124521	0.999863	124517	0.999831	/home/neil/Downloads/dudleya/Dudleya_S_genomes/full_pipeline_run/results/05_analysis_masks/cpdna_population_sites.bed	/home/neil/Downloads/dudleya/Dudleya_S_genomes/full_pipeline_run/results/06_all_sample_alignment/qc/STI_LP_039_Du-57.depth.tsv
STI_LP_039_Du-57	QB3.Berkeley.251217/QB3.Results.260109	D. setchellii	STI	mtdna_permissive_coverage	mtDNA	sample_qc_coverage	mitochondria	1	243359	11477497	47.162821	243179	0.999260	243132	0.999067	243085	0.998874	/home/neil/Downloads/dudleya/Dudleya_S_genomes/full_pipeline_run/results/05_analysis_masks/mtdna_permissive_coverage_regions.bed	/home/neil/Downloads/dudleya/Dudleya_S_genomes/full_pipeline_run/results/06_all_sample_alignment/qc/STI_LP_039_Du-57.depth.tsv
STI_LP_039_Du-57	QB3.Berkeley.251217/QB3.Results.260109	D. setchellii	STI	mtdna_high_confidence_unique	mtDNA	variant_calling_and_population_genetics	mitochondria	2	44930	3447047	76.720387	44790	0.996884	44780	0.996661	44779	0.996639	/home/neil/Downloads/dudleya/Dudleya_S_genomes/full_pipeline_run/results/05_analysis_masks/mtdna_high_confidence_unique_regions.bed	/home/neil/Downloads/dudleya/Dudleya_S_genomes/full_pipeline_run/results/06_all_sample_alignment/qc/STI_LP_039_Du-57.depth.tsv
STI_LP_040_Du-58	QB3.Berkeley.251217/QB3.Results.260109	D. setchellii	STI	cpdna_full_coverage	cpDNA	sample_qc_coverage	chloroplast	1	150274	36212821	240.978619	150273	0.999993	150267	0.999953	150260	0.999907	/home/neil/Downloads/dudleya/Dudleya_S_genomes/full_pipeline_run/results/05_analysis_masks/cpdna_full_coverage_regions.bed	/home/neil/Downloads/dudleya/Dudleya_S_genomes/full_pipeline_run/results/06_all_sample_alignment/qc/STI_LP_040_Du-58.depth.tsv
STI_LP_040_Du-58	QB3.Berkeley.251217/QB3.Results.260109	D. setchellii	STI	cpdna_ir_regions	cpDNA	repeat_annotation	chloroplast	2	51472	15936370	309.612411	51471	0.999981	51466	0.999883	51461	0.999786	/home/neil/Downloads/dudleya/Dudleya_S_genomes/full_pipeline_run/results/05_analysis_masks/cpdna_ir_regions.bed	/home/neil/Downloads/dudleya/Dudleya_S_genomes/full_pipeline_run/results/06_all_sample_alignment/qc/STI_LP_040_Du-58.depth.tsv
STI_LP_040_Du-58	QB3.Berkeley.251217/QB3.Results.260109	D. setchellii	STI	cpdna_duplicate_ir_mask	cpDNA	mask	chloroplast	1	25736	7863036	305.526733	25736	1.000000	25731	0.999806	25727	0.999650	/home/neil/Downloads/dudleya/Dudleya_S_genomes/full_pipeline_run/results/05_analysis_masks/cpdna_duplicate_ir_copy_mask.bed	/home/neil/Downloads/dudleya/Dudleya_S_genomes/full_pipeline_run/results/06_all_sample_alignment/qc/STI_LP_040_Du-58.depth.tsv
STI_LP_040_Du-58	QB3.Berkeley.251217/QB3.Results.260109	D. setchellii	STI	cpdna_population_sites	cpDNA	variant_calling_and_population_genetics	chloroplast	1	124538	28349785	227.639636	124537	0.999992	124536	0.999984	124533	0.999960	/home/neil/Downloads/dudleya/Dudleya_S_genomes/full_pipeline_run/results/05_analysis_masks/cpdna_population_sites.bed	/home/neil/Downloads/dudleya/Dudleya_S_genomes/full_pipeline_run/results/06_all_sample_alignment/qc/STI_LP_040_Du-58.depth.tsv
STI_LP_040_Du-58	QB3.Berkeley.251217/QB3.Results.260109	D. setchellii	STI	mtdna_permissive_coverage	mtDNA	sample_qc_coverage	mitochondria	1	243359	4130857	16.974334	242301	0.995653	234154	0.962175	189093	0.777013	/home/neil/Downloads/dudleya/Dudleya_S_genomes/full_pipeline_run/results/05_analysis_masks/mtdna_permissive_coverage_regions.bed	/home/neil/Downloads/dudleya/Dudleya_S_genomes/full_pipeline_run/results/06_all_sample_alignment/qc/STI_LP_040_Du-58.depth.tsv
STI_LP_040_Du-58	QB3.Berkeley.251217/QB3.Results.260109	D. setchellii	STI	mtdna_high_confidence_unique	mtDNA	variant_calling_and_population_genetics	mitochondria	2	44930	1250973	27.842711	44783	0.996728	44738	0.995727	43621	0.970866	/home/neil/Downloads/dudleya/Dudleya_S_genomes/full_pipeline_run/results/05_analysis_masks/mtdna_high_confidence_unique_regions.bed	/home/neil/Downloads/dudleya/Dudleya_S_genomes/full_pipeline_run/results/06_all_sample_alignment/qc/STI_LP_040_Du-58.depth.tsv
STI_LP_041_Du-60	QB3.Berkeley.251217/QB3.Results.260109	D. setchellii	STI	cpdna_full_coverage	cpDNA	sample_qc_coverage	chloroplast	1	150274	3681252405	24496.934965	150274	1.000000	150267	0.999953	150261	0.999913	/home/neil/Downloads/dudleya/Dudleya_S_genomes/full_pipeline_run/results/05_analysis_masks/cpdna_full_coverage_regions.bed	/home/neil/Downloads/dudleya/Dudleya_S_genomes/full_pipeline_run/results/06_all_sample_alignment/qc/STI_LP_041_Du-60.depth.tsv
STI_LP_041_Du-60	QB3.Berkeley.251217/QB3.Results.260109	D. setchellii	STI	cpdna_ir_regions	cpDNA	repeat_annotation	chloroplast	2	51472	1404817144	27292.841623	51472	1.000000	51472	1.000000	51472	1.000000	/home/neil/Downloads/dudleya/Dudleya_S_genomes/full_pipeline_run/results/05_analysis_masks/cpdna_ir_regions.bed	/home/neil/Downloads/dudleya/Dudleya_S_genomes/full_pipeline_run/results/06_all_sample_alignment/qc/STI_LP_041_Du-60.depth.tsv
STI_LP_041_Du-60	QB3.Berkeley.251217/QB3.Results.260109	D. setchellii	STI	cpdna_duplicate_ir_mask	cpDNA	mask	chloroplast	1	25736	692968843	26926.050785	25736	1.000000	25736	1.000000	25736	1.000000	/home/neil/Downloads/dudleya/Dudleya_S_genomes/full_pipeline_run/results/05_analysis_masks/cpdna_duplicate_ir_copy_mask.bed	/home/neil/Downloads/dudleya/Dudleya_S_genomes/full_pipeline_run/results/06_all_sample_alignment/qc/STI_LP_041_Du-60.depth.tsv
STI_LP_041_Du-60	QB3.Berkeley.251217/QB3.Results.260109	D. setchellii	STI	cpdna_population_sites	cpDNA	variant_calling_and_population_genetics	chloroplast	1	124538	2988283562	23994.953845	124538	1.000000	124531	0.999944	124525	0.999896	/home/neil/Downloads/dudleya/Dudleya_S_genomes/full_pipeline_run/results/05_analysis_masks/cpdna_population_sites.bed	/home/neil/Downloads/dudleya/Dudleya_S_genomes/full_pipeline_run/results/06_all_sample_alignment/qc/STI_LP_041_Du-60.depth.tsv
STI_LP_041_Du-60	QB3.Berkeley.251217/QB3.Results.260109	D. setchellii	STI	mtdna_permissive_coverage	mtDNA	sample_qc_coverage	mitochondria	1	243359	363284592	1492.792919	243219	0.999425	243206	0.999371	243199	0.999343	/home/neil/Downloads/dudleya/Dudleya_S_genomes/full_pipeline_run/results/05_analysis_masks/mtdna_permissive_coverage_regions.bed	/home/neil/Downloads/dudleya/Dudleya_S_genomes/full_pipeline_run/results/06_all_sample_alignment/qc/STI_LP_041_Du-60.depth.tsv
STI_LP_041_Du-60	QB3.Berkeley.251217/QB3.Results.260109	D. setchellii	STI	mtdna_high_confidence_unique	mtDNA	variant_calling_and_population_genetics	mitochondria	2	44930	107185060	2385.601157	44795	0.996995	44794	0.996973	44794	0.996973	/home/neil/Downloads/dudleya/Dudleya_S_genomes/full_pipeline_run/results/05_analysis_masks/mtdna_high_confidence_unique_regions.bed	/home/neil/Downloads/dudleya/Dudleya_S_genomes/full_pipeline_run/results/06_all_sample_alignment/qc/STI_LP_041_Du-60.depth.tsv
STI_LP_042_Du-61	QB3.Berkeley.251217/QB3.Results.260109	D. setchellii	STI	cpdna_full_coverage	cpDNA	sample_qc_coverage	chloroplast	1	150274	193334856	1286.548944	150274	1.000000	150272	0.999987	150270	0.999973	/home/neil/Downloads/dudleya/Dudleya_S_genomes/full_pipeline_run/results/05_analysis_masks/cpdna_full_coverage_regions.bed	/home/neil/Downloads/dudleya/Dudleya_S_genomes/full_pipeline_run/results/06_all_sample_alignment/qc/STI_LP_042_Du-61.depth.tsv
STI_LP_042_Du-61	QB3.Berkeley.251217/QB3.Results.260109	D. setchellii	STI	cpdna_ir_regions	cpDNA	repeat_annotation	chloroplast	2	51472	66136206	1284.896759	51472	1.000000	51470	0.999961	51468	0.999922	/home/neil/Downloads/dudleya/Dudleya_S_genomes/full_pipeline_run/results/05_analysis_masks/cpdna_ir_regions.bed	/home/neil/Downloads/dudleya/Dudleya_S_genomes/full_pipeline_run/results/06_all_sample_alignment/qc/STI_LP_042_Du-61.depth.tsv
STI_LP_042_Du-61	QB3.Berkeley.251217/QB3.Results.260109	D. setchellii	STI	cpdna_duplicate_ir_mask	cpDNA	mask	chloroplast	1	25736	32388135	1258.475870	25736	1.000000	25735	0.999961	25733	0.999883	/home/neil/Downloads/dudleya/Dudleya_S_genomes/full_pipeline_run/results/05_analysis_masks/cpdna_duplicate_ir_copy_mask.bed	/home/neil/Downloads/dudleya/Dudleya_S_genomes/full_pipeline_run/results/06_all_sample_alignment/qc/STI_LP_042_Du-61.depth.tsv
STI_LP_042_Du-61	QB3.Berkeley.251217/QB3.Results.260109	D. setchellii	STI	cpdna_population_sites	cpDNA	variant_calling_and_population_genetics	chloroplast	1	124538	160946721	1292.350295	124538	1.000000	124537	0.999992	124537	0.999992	/home/neil/Downloads/dudleya/Dudleya_S_genomes/full_pipeline_run/results/05_analysis_masks/cpdna_population_sites.bed	/home/neil/Downloads/dudleya/Dudleya_S_genomes/full_pipeline_run/results/06_all_sample_alignment/qc/STI_LP_042_Du-61.depth.tsv
STI_LP_042_Du-61	QB3.Berkeley.251217/QB3.Results.260109	D. setchellii	STI	mtdna_permissive_coverage	mtDNA	sample_qc_coverage	mitochondria	1	243359	22186917	91.169494	242595	0.996861	242557	0.996704	242517	0.996540	/home/neil/Downloads/dudleya/Dudleya_S_genomes/full_pipeline_run/results/05_analysis_masks/mtdna_permissive_coverage_regions.bed	/home/neil/Downloads/dudleya/Dudleya_S_genomes/full_pipeline_run/results/06_all_sample_alignment/qc/STI_LP_042_Du-61.depth.tsv
STI_LP_042_Du-61	QB3.Berkeley.251217/QB3.Results.260109	D. setchellii	STI	mtdna_high_confidence_unique	mtDNA	variant_calling_and_population_genetics	mitochondria	2	44930	6627648	147.510527	44793	0.996951	44785	0.996773	44780	0.996661	/home/neil/Downloads/dudleya/Dudleya_S_genomes/full_pipeline_run/results/05_analysis_masks/mtdna_high_confidence_unique_regions.bed	/home/neil/Downloads/dudleya/Dudleya_S_genomes/full_pipeline_run/results/06_all_sample_alignment/qc/STI_LP_042_Du-61.depth.tsv
TIL_LP_123_Du-263	QB3.Berkeley.251217/QB3.Results.260109	D. setchellii	TIL	cpdna_full_coverage	cpDNA	sample_qc_coverage	chloroplast	1	150274	30455711	202.667867	150150	0.999175	150094	0.998802	150056	0.998549	/home/neil/Downloads/dudleya/Dudleya_S_genomes/full_pipeline_run/results/05_analysis_masks/cpdna_full_coverage_regions.bed	/home/neil/Downloads/dudleya/Dudleya_S_genomes/full_pipeline_run/results/06_all_sample_alignment/qc/TIL_LP_123_Du-263.depth.tsv
TIL_LP_123_Du-263	QB3.Berkeley.251217/QB3.Results.260109	D. setchellii	TIL	cpdna_ir_regions	cpDNA	repeat_annotation	chloroplast	2	51472	10696137	207.804962	51471	0.999981	51461	0.999786	51429	0.999165	/home/neil/Downloads/dudleya/Dudleya_S_genomes/full_pipeline_run/results/05_analysis_masks/cpdna_ir_regions.bed	/home/neil/Downloads/dudleya/Dudleya_S_genomes/full_pipeline_run/results/06_all_sample_alignment/qc/TIL_LP_123_Du-263.depth.tsv
TIL_LP_123_Du-263	QB3.Berkeley.251217/QB3.Results.260109	D. setchellii	TIL	cpdna_duplicate_ir_mask	cpDNA	mask	chloroplast	1	25736	5251142	204.038778	25735	0.999961	25726	0.999611	25703	0.998718	/home/neil/Downloads/dudleya/Dudleya_S_genomes/full_pipeline_run/results/05_analysis_masks/cpdna_duplicate_ir_copy_mask.bed	/home/neil/Downloads/dudleya/Dudleya_S_genomes/full_pipeline_run/results/06_all_sample_alignment/qc/TIL_LP_123_Du-263.depth.tsv
TIL_LP_123_Du-263	QB3.Berkeley.251217/QB3.Results.260109	D. setchellii	TIL	cpdna_population_sites	cpDNA	variant_calling_and_population_genetics	chloroplast	1	124538	25204569	202.384565	124415	0.999012	124368	0.998635	124353	0.998515	/home/neil/Downloads/dudleya/Dudleya_S_genomes/full_pipeline_run/results/05_analysis_masks/cpdna_population_sites.bed	/home/neil/Downloads/dudleya/Dudleya_S_genomes/full_pipeline_run/results/06_all_sample_alignment/qc/TIL_LP_123_Du-263.depth.tsv
TIL_LP_123_Du-263	QB3.Berkeley.251217/QB3.Results.260109	D. setchellii	TIL	mtdna_permissive_coverage	mtDNA	sample_qc_coverage	mitochondria	1	243359	2155613	8.857749	240780	0.989402	198825	0.817003	90029	0.369943	/home/neil/Downloads/dudleya/Dudleya_S_genomes/full_pipeline_run/results/05_analysis_masks/mtdna_permissive_coverage_regions.bed	/home/neil/Downloads/dudleya/Dudleya_S_genomes/full_pipeline_run/results/06_all_sample_alignment/qc/TIL_LP_123_Du-263.depth.tsv
TIL_LP_123_Du-263	QB3.Berkeley.251217/QB3.Results.260109	D. setchellii	TIL	mtdna_high_confidence_unique	mtDNA	variant_calling_and_population_genetics	mitochondria	2	44930	668496	14.878611	44763	0.996283	44234	0.984509	37106	0.825862	/home/neil/Downloads/dudleya/Dudleya_S_genomes/full_pipeline_run/results/05_analysis_masks/mtdna_high_confidence_unique_regions.bed	/home/neil/Downloads/dudleya/Dudleya_S_genomes/full_pipeline_run/results/06_all_sample_alignment/qc/TIL_LP_123_Du-263.depth.tsv
TIL_LP_124_Du-264	QB3.Berkeley.251217/QB3.Results.260109	D. setchellii	TIL	cpdna_full_coverage	cpDNA	sample_qc_coverage	chloroplast	1	150274	300470261	1999.482685	150273	0.999993	150271	0.999980	150269	0.999967	/home/neil/Downloads/dudleya/Dudleya_S_genomes/full_pipeline_run/results/05_analysis_masks/cpdna_full_coverage_regions.bed	/home/neil/Downloads/dudleya/Dudleya_S_genomes/full_pipeline_run/results/06_all_sample_alignment/qc/TIL_LP_124_Du-264.depth.tsv
TIL_LP_124_Du-264	QB3.Berkeley.251217/QB3.Results.260109	D. setchellii	TIL	cpdna_ir_regions	cpDNA	repeat_annotation	chloroplast	2	51472	104606339	2032.295986	51471	0.999981	51469	0.999942	51467	0.999903	/home/neil/Downloads/dudleya/Dudleya_S_genomes/full_pipeline_run/results/05_analysis_masks/cpdna_ir_regions.bed	/home/neil/Downloads/dudleya/Dudleya_S_genomes/full_pipeline_run/results/06_all_sample_alignment/qc/TIL_LP_124_Du-264.depth.tsv
TIL_LP_124_Du-264	QB3.Berkeley.251217/QB3.Results.260109	D. setchellii	TIL	cpdna_duplicate_ir_mask	cpDNA	mask	chloroplast	1	25736	51387803	1996.728435	25736	1.000000	25734	0.999922	25732	0.999845	/home/neil/Downloads/dudleya/Dudleya_S_genomes/full_pipeline_run/results/05_analysis_masks/cpdna_duplicate_ir_copy_mask.bed	/home/neil/Downloads/dudleya/Dudleya_S_genomes/full_pipeline_run/results/06_all_sample_alignment/qc/TIL_LP_124_Du-264.depth.tsv
TIL_LP_124_Du-264	QB3.Berkeley.251217/QB3.Results.260109	D. setchellii	TIL	cpdna_population_sites	cpDNA	variant_calling_and_population_genetics	chloroplast	1	124538	249082458	2000.051856	124537	0.999992	124537	0.999992	124537	0.999992	/home/neil/Downloads/dudleya/Dudleya_S_genomes/full_pipeline_run/results/05_analysis_masks/cpdna_population_sites.bed	/home/neil/Downloads/dudleya/Dudleya_S_genomes/full_pipeline_run/results/06_all_sample_alignment/qc/TIL_LP_124_Du-264.depth.tsv
TIL_LP_124_Du-264	QB3.Berkeley.251217/QB3.Results.260109	D. setchellii	TIL	mtdna_permissive_coverage	mtDNA	sample_qc_coverage	mitochondria	1	243359	20603324	84.662264	242618	0.996955	242537	0.996622	242497	0.996458	/home/neil/Downloads/dudleya/Dudleya_S_genomes/full_pipeline_run/results/05_analysis_masks/mtdna_permissive_coverage_regions.bed	/home/neil/Downloads/dudleya/Dudleya_S_genomes/full_pipeline_run/results/06_all_sample_alignment/qc/TIL_LP_124_Du-264.depth.tsv
TIL_LP_124_Du-264	QB3.Berkeley.251217/QB3.Results.260109	D. setchellii	TIL	mtdna_high_confidence_unique	mtDNA	variant_calling_and_population_genetics	mitochondria	2	44930	6234796	138.766882	44790	0.996884	44784	0.996751	44784	0.996751	/home/neil/Downloads/dudleya/Dudleya_S_genomes/full_pipeline_run/results/05_analysis_masks/mtdna_high_confidence_unique_regions.bed	/home/neil/Downloads/dudleya/Dudleya_S_genomes/full_pipeline_run/results/06_all_sample_alignment/qc/TIL_LP_124_Du-264.depth.tsv
TIL_LP_125_Du-265	QB3.Berkeley.251217/QB3.Results.260109	D. setchellii	TIL	cpdna_full_coverage	cpDNA	sample_qc_coverage	chloroplast	1	150274	47928640	318.941667	150272	0.999987	150248	0.999827	150237	0.999754	/home/neil/Downloads/dudleya/Dudleya_S_genomes/full_pipeline_run/results/05_analysis_masks/cpdna_full_coverage_regions.bed	/home/neil/Downloads/dudleya/Dudleya_S_genomes/full_pipeline_run/results/06_all_sample_alignment/qc/TIL_LP_125_Du-265.depth.tsv
TIL_LP_125_Du-265	QB3.Berkeley.251217/QB3.Results.260109	D. setchellii	TIL	cpdna_ir_regions	cpDNA	repeat_annotation	chloroplast	2	51472	16285423	316.393826	51470	0.999961	51466	0.999883	51458	0.999728	/home/neil/Downloads/dudleya/Dudleya_S_genomes/full_pipeline_run/results/05_analysis_masks/cpdna_ir_regions.bed	/home/neil/Downloads/dudleya/Dudleya_S_genomes/full_pipeline_run/results/06_all_sample_alignment/qc/TIL_LP_125_Du-265.depth.tsv
TIL_LP_125_Du-265	QB3.Berkeley.251217/QB3.Results.260109	D. setchellii	TIL	cpdna_duplicate_ir_mask	cpDNA	mask	chloroplast	1	25736	7985388	310.280852	25734	0.999922	25731	0.999806	25724	0.999534	/home/neil/Downloads/dudleya/Dudleya_S_genomes/full_pipeline_run/results/05_analysis_masks/cpdna_duplicate_ir_copy_mask.bed	/home/neil/Downloads/dudleya/Dudleya_S_genomes/full_pipeline_run/results/06_all_sample_alignment/qc/TIL_LP_125_Du-265.depth.tsv
TIL_LP_125_Du-265	QB3.Berkeley.251217/QB3.Results.260109	D. setchellii	TIL	cpdna_population_sites	cpDNA	variant_calling_and_population_genetics	chloroplast	1	124538	39943252	320.731439	124538	1.000000	124517	0.999831	124513	0.999799	/home/neil/Downloads/dudleya/Dudleya_S_genomes/full_pipeline_run/results/05_analysis_masks/cpdna_population_sites.bed	/home/neil/Downloads/dudleya/Dudleya_S_genomes/full_pipeline_run/results/06_all_sample_alignment/qc/TIL_LP_125_Du-265.depth.tsv
TIL_LP_125_Du-265	QB3.Berkeley.251217/QB3.Results.260109	D. setchellii	TIL	mtdna_permissive_coverage	mtDNA	sample_qc_coverage	mitochondria	1	243359	2414368	9.921014	242014	0.994473	209382	0.860383	111096	0.456511	/home/neil/Downloads/dudleya/Dudleya_S_genomes/full_pipeline_run/results/05_analysis_masks/mtdna_permissive_coverage_regions.bed	/home/neil/Downloads/dudleya/Dudleya_S_genomes/full_pipeline_run/results/06_all_sample_alignment/qc/TIL_LP_125_Du-265.depth.tsv
TIL_LP_125_Du-265	QB3.Berkeley.251217/QB3.Results.260109	D. setchellii	TIL	mtdna_high_confidence_unique	mtDNA	variant_calling_and_population_genetics	mitochondria	2	44930	721757	16.064033	44780	0.996661	44268	0.985266	39267	0.873959	/home/neil/Downloads/dudleya/Dudleya_S_genomes/full_pipeline_run/results/05_analysis_masks/mtdna_high_confidence_unique_regions.bed	/home/neil/Downloads/dudleya/Dudleya_S_genomes/full_pipeline_run/results/06_all_sample_alignment/qc/TIL_LP_125_Du-265.depth.tsv
TIL_LP_126_Du-266	QB3.Berkeley.251217/QB3.Results.260109	D. setchellii	TIL	cpdna_full_coverage	cpDNA	sample_qc_coverage	chloroplast	1	150274	38950526	259.196707	150257	0.999887	150248	0.999827	150228	0.999694	/home/neil/Downloads/dudleya/Dudleya_S_genomes/full_pipeline_run/results/05_analysis_masks/cpdna_full_coverage_regions.bed	/home/neil/Downloads/dudleya/Dudleya_S_genomes/full_pipeline_run/results/06_all_sample_alignment/qc/TIL_LP_126_Du-266.depth.tsv
TIL_LP_126_Du-266	QB3.Berkeley.251217/QB3.Results.260109	D. setchellii	TIL	cpdna_ir_regions	cpDNA	repeat_annotation	chloroplast	2	51472	15036418	292.128108	51472	1.000000	51467	0.999903	51449	0.999553	/home/neil/Downloads/dudleya/Dudleya_S_genomes/full_pipeline_run/results/05_analysis_masks/cpdna_ir_regions.bed	/home/neil/Downloads/dudleya/Dudleya_S_genomes/full_pipeline_run/results/06_all_sample_alignment/qc/TIL_LP_126_Du-266.depth.tsv
TIL_LP_126_Du-266	QB3.Berkeley.251217/QB3.Results.260109	D. setchellii	TIL	cpdna_duplicate_ir_mask	cpDNA	mask	chloroplast	1	25736	7334733	284.998951	25736	1.000000	25733	0.999883	25717	0.999262	/home/neil/Downloads/dudleya/Dudleya_S_genomes/full_pipeline_run/results/05_analysis_masks/cpdna_duplicate_ir_copy_mask.bed	/home/neil/Downloads/dudleya/Dudleya_S_genomes/full_pipeline_run/results/06_all_sample_alignment/qc/TIL_LP_126_Du-266.depth.tsv
TIL_LP_126_Du-266	QB3.Berkeley.251217/QB3.Results.260109	D. setchellii	TIL	cpdna_population_sites	cpDNA	variant_calling_and_population_genetics	chloroplast	1	124538	31615793	253.864628	124521	0.999863	124515	0.999815	124511	0.999783	/home/neil/Downloads/dudleya/Dudleya_S_genomes/full_pipeline_run/results/05_analysis_masks/cpdna_population_sites.bed	/home/neil/Downloads/dudleya/Dudleya_S_genomes/full_pipeline_run/results/06_all_sample_alignment/qc/TIL_LP_126_Du-266.depth.tsv
TIL_LP_126_Du-266	QB3.Berkeley.251217/QB3.Results.260109	D. setchellii	TIL	mtdna_permissive_coverage	mtDNA	sample_qc_coverage	mitochondria	1	243359	4256821	17.491940	243100	0.998936	239178	0.982820	204378	0.839821	/home/neil/Downloads/dudleya/Dudleya_S_genomes/full_pipeline_run/results/05_analysis_masks/mtdna_permissive_coverage_regions.bed	/home/neil/Downloads/dudleya/Dudleya_S_genomes/full_pipeline_run/results/06_all_sample_alignment/qc/TIL_LP_126_Du-266.depth.tsv
TIL_LP_126_Du-266	QB3.Berkeley.251217/QB3.Results.260109	D. setchellii	TIL	mtdna_high_confidence_unique	mtDNA	variant_calling_and_population_genetics	mitochondria	2	44930	1327275	29.540953	44780	0.996661	44780	0.996661	44554	0.991631	/home/neil/Downloads/dudleya/Dudleya_S_genomes/full_pipeline_run/results/05_analysis_masks/mtdna_high_confidence_unique_regions.bed	/home/neil/Downloads/dudleya/Dudleya_S_genomes/full_pipeline_run/results/06_all_sample_alignment/qc/TIL_LP_126_Du-266.depth.tsv
TIL_LP_127_Du-267	QB3.Berkeley.251217/QB3.Results.260109	D. setchellii	TIL	cpdna_full_coverage	cpDNA	sample_qc_coverage	chloroplast	1	150274	4585366	30.513369	150200	0.999508	150019	0.998303	148828	0.990378	/home/neil/Downloads/dudleya/Dudleya_S_genomes/full_pipeline_run/results/05_analysis_masks/cpdna_full_coverage_regions.bed	/home/neil/Downloads/dudleya/Dudleya_S_genomes/full_pipeline_run/results/06_all_sample_alignment/qc/TIL_LP_127_Du-267.depth.tsv
TIL_LP_127_Du-267	QB3.Berkeley.251217/QB3.Results.260109	D. setchellii	TIL	cpdna_ir_regions	cpDNA	repeat_annotation	chloroplast	2	51472	1733905	33.686373	51400	0.998601	51275	0.996173	50957	0.989995	/home/neil/Downloads/dudleya/Dudleya_S_genomes/full_pipeline_run/results/05_analysis_masks/cpdna_ir_regions.bed	/home/neil/Downloads/dudleya/Dudleya_S_genomes/full_pipeline_run/results/06_all_sample_alignment/qc/TIL_LP_127_Du-267.depth.tsv
TIL_LP_127_Du-267	QB3.Berkeley.251217/QB3.Results.260109	D. setchellii	TIL	cpdna_duplicate_ir_mask	cpDNA	mask	chloroplast	1	25736	847491	32.930176	25696	0.998446	25617	0.995376	25400	0.986944	/home/neil/Downloads/dudleya/Dudleya_S_genomes/full_pipeline_run/results/05_analysis_masks/cpdna_duplicate_ir_copy_mask.bed	/home/neil/Downloads/dudleya/Dudleya_S_genomes/full_pipeline_run/results/06_all_sample_alignment/qc/TIL_LP_127_Du-267.depth.tsv
TIL_LP_127_Du-267	QB3.Berkeley.251217/QB3.Results.260109	D. setchellii	TIL	cpdna_population_sites	cpDNA	variant_calling_and_population_genetics	chloroplast	1	124538	3737875	30.013931	124504	0.999727	124402	0.998908	123428	0.991087	/home/neil/Downloads/dudleya/Dudleya_S_genomes/full_pipeline_run/results/05_analysis_masks/cpdna_population_sites.bed	/home/neil/Downloads/dudleya/Dudleya_S_genomes/full_pipeline_run/results/06_all_sample_alignment/qc/TIL_LP_127_Du-267.depth.tsv
TIL_LP_127_Du-267	QB3.Berkeley.251217/QB3.Results.260109	D. setchellii	TIL	mtdna_permissive_coverage	mtDNA	sample_qc_coverage	mitochondria	1	243359	965674	3.968105	205670	0.845130	83284	0.342227	17077	0.070172	/home/neil/Downloads/dudleya/Dudleya_S_genomes/full_pipeline_run/results/05_analysis_masks/mtdna_permissive_coverage_regions.bed	/home/neil/Downloads/dudleya/Dudleya_S_genomes/full_pipeline_run/results/06_all_sample_alignment/qc/TIL_LP_127_Du-267.depth.tsv
TIL_LP_127_Du-267	QB3.Berkeley.251217/QB3.Results.260109	D. setchellii	TIL	mtdna_high_confidence_unique	mtDNA	variant_calling_and_population_genetics	mitochondria	2	44930	295425	6.575228	42022	0.935277	27730	0.617182	9760	0.217227	/home/neil/Downloads/dudleya/Dudleya_S_genomes/full_pipeline_run/results/05_analysis_masks/mtdna_high_confidence_unique_regions.bed	/home/neil/Downloads/dudleya/Dudleya_S_genomes/full_pipeline_run/results/06_all_sample_alignment/qc/TIL_LP_127_Du-267.depth.tsv
TIL_LP_128_Du-268	QB3.Berkeley.251217/QB3.Results.260109	D. setchellii	TIL	cpdna_full_coverage	cpDNA	sample_qc_coverage	chloroplast	1	150274	312682592	2080.749777	150273	0.999993	150273	0.999993	150272	0.999987	/home/neil/Downloads/dudleya/Dudleya_S_genomes/full_pipeline_run/results/05_analysis_masks/cpdna_full_coverage_regions.bed	/home/neil/Downloads/dudleya/Dudleya_S_genomes/full_pipeline_run/results/06_all_sample_alignment/qc/TIL_LP_128_Du-268.depth.tsv
TIL_LP_128_Du-268	QB3.Berkeley.251217/QB3.Results.260109	D. setchellii	TIL	cpdna_ir_regions	cpDNA	repeat_annotation	chloroplast	2	51472	104949680	2038.966428	51471	0.999981	51471	0.999981	51470	0.999961	/home/neil/Downloads/dudleya/Dudleya_S_genomes/full_pipeline_run/results/05_analysis_masks/cpdna_ir_regions.bed	/home/neil/Downloads/dudleya/Dudleya_S_genomes/full_pipeline_run/results/06_all_sample_alignment/qc/TIL_LP_128_Du-268.depth.tsv
TIL_LP_128_Du-268	QB3.Berkeley.251217/QB3.Results.260109	D. setchellii	TIL	cpdna_duplicate_ir_mask	cpDNA	mask	chloroplast	1	25736	51545705	2002.863887	25736	1.000000	25736	1.000000	25735	0.999961	/home/neil/Downloads/dudleya/Dudleya_S_genomes/full_pipeline_run/results/05_analysis_masks/cpdna_duplicate_ir_copy_mask.bed	/home/neil/Downloads/dudleya/Dudleya_S_genomes/full_pipeline_run/results/06_all_sample_alignment/qc/TIL_LP_128_Du-268.depth.tsv
TIL_LP_128_Du-268	QB3.Berkeley.251217/QB3.Results.260109	D. setchellii	TIL	cpdna_population_sites	cpDNA	variant_calling_and_population_genetics	chloroplast	1	124538	261136887	2096.845035	124537	0.999992	124537	0.999992	124537	0.999992	/home/neil/Downloads/dudleya/Dudleya_S_genomes/full_pipeline_run/results/05_analysis_masks/cpdna_population_sites.bed	/home/neil/Downloads/dudleya/Dudleya_S_genomes/full_pipeline_run/results/06_all_sample_alignment/qc/TIL_LP_128_Du-268.depth.tsv
TIL_LP_128_Du-268	QB3.Berkeley.251217/QB3.Results.260109	D. setchellii	TIL	mtdna_permissive_coverage	mtDNA	sample_qc_coverage	mitochondria	1	243359	23596758	96.962751	242562	0.996725	242544	0.996651	242503	0.996483	/home/neil/Downloads/dudleya/Dudleya_S_genomes/full_pipeline_run/results/05_analysis_masks/mtdna_permissive_coverage_regions.bed	/home/neil/Downloads/dudleya/Dudleya_S_genomes/full_pipeline_run/results/06_all_sample_alignment/qc/TIL_LP_128_Du-268.depth.tsv
TIL_LP_128_Du-268	QB3.Berkeley.251217/QB3.Results.260109	D. setchellii	TIL	mtdna_high_confidence_unique	mtDNA	variant_calling_and_population_genetics	mitochondria	2	44930	7071510	157.389495	44788	0.996840	44784	0.996751	44780	0.996661	/home/neil/Downloads/dudleya/Dudleya_S_genomes/full_pipeline_run/results/05_analysis_masks/mtdna_high_confidence_unique_regions.bed	/home/neil/Downloads/dudleya/Dudleya_S_genomes/full_pipeline_run/results/06_all_sample_alignment/qc/TIL_LP_128_Du-268.depth.tsv
TIL_LP_129_Du-269	QB3.Berkeley.251217/QB3.Results.260109	D. setchellii	TIL	cpdna_full_coverage	cpDNA	sample_qc_coverage	chloroplast	1	150274	91603550	609.576840	150191	0.999448	150157	0.999221	150091	0.998782	/home/neil/Downloads/dudleya/Dudleya_S_genomes/full_pipeline_run/results/05_analysis_masks/cpdna_full_coverage_regions.bed	/home/neil/Downloads/dudleya/Dudleya_S_genomes/full_pipeline_run/results/06_all_sample_alignment/qc/TIL_LP_129_Du-269.depth.tsv
TIL_LP_129_Du-269	QB3.Berkeley.251217/QB3.Results.260109	D. setchellii	TIL	cpdna_ir_regions	cpDNA	repeat_annotation	chloroplast	2	51472	34101683	662.528812	51472	1.000000	51470	0.999961	51458	0.999728	/home/neil/Downloads/dudleya/Dudleya_S_genomes/full_pipeline_run/results/05_analysis_masks/cpdna_ir_regions.bed	/home/neil/Downloads/dudleya/Dudleya_S_genomes/full_pipeline_run/results/06_all_sample_alignment/qc/TIL_LP_129_Du-269.depth.tsv
TIL_LP_129_Du-269	QB3.Berkeley.251217/QB3.Results.260109	D. setchellii	TIL	cpdna_duplicate_ir_mask	cpDNA	mask	chloroplast	1	25736	16723878	649.824293	25736	1.000000	25735	0.999961	25723	0.999495	/home/neil/Downloads/dudleya/Dudleya_S_genomes/full_pipeline_run/results/05_analysis_masks/cpdna_duplicate_ir_copy_mask.bed	/home/neil/Downloads/dudleya/Dudleya_S_genomes/full_pipeline_run/results/06_all_sample_alignment/qc/TIL_LP_129_Du-269.depth.tsv
TIL_LP_129_Du-269	QB3.Berkeley.251217/QB3.Results.260109	D. setchellii	TIL	cpdna_population_sites	cpDNA	variant_calling_and_population_genetics	chloroplast	1	124538	74879672	601.259632	124455	0.999334	124422	0.999069	124368	0.998635	/home/neil/Downloads/dudleya/Dudleya_S_genomes/full_pipeline_run/results/05_analysis_masks/cpdna_population_sites.bed	/home/neil/Downloads/dudleya/Dudleya_S_genomes/full_pipeline_run/results/06_all_sample_alignment/qc/TIL_LP_129_Du-269.depth.tsv
TIL_LP_129_Du-269	QB3.Berkeley.251217/QB3.Results.260109	D. setchellii	TIL	mtdna_permissive_coverage	mtDNA	sample_qc_coverage	mitochondria	1	243359	6477919	26.618777	242386	0.996002	241820	0.993676	235166	0.966334	/home/neil/Downloads/dudleya/Dudleya_S_genomes/full_pipeline_run/results/05_analysis_masks/mtdna_permissive_coverage_regions.bed	/home/neil/Downloads/dudleya/Dudleya_S_genomes/full_pipeline_run/results/06_all_sample_alignment/qc/TIL_LP_129_Du-269.depth.tsv
TIL_LP_129_Du-269	QB3.Berkeley.251217/QB3.Results.260109	D. setchellii	TIL	mtdna_high_confidence_unique	mtDNA	variant_calling_and_population_genetics	mitochondria	2	44930	2014354	44.833163	44790	0.996884	44781	0.996684	44780	0.996661	/home/neil/Downloads/dudleya/Dudleya_S_genomes/full_pipeline_run/results/05_analysis_masks/mtdna_high_confidence_unique_regions.bed	/home/neil/Downloads/dudleya/Dudleya_S_genomes/full_pipeline_run/results/06_all_sample_alignment/qc/TIL_LP_129_Du-269.depth.tsv
TIL_LP_130_Du-271	QB3.Berkeley.251217/QB3.Results.260109	D. setchellii	TIL	cpdna_full_coverage	cpDNA	sample_qc_coverage	chloroplast	1	150274	378266493	2517.178574	150274	1.000000	150273	0.999993	150271	0.999980	/home/neil/Downloads/dudleya/Dudleya_S_genomes/full_pipeline_run/results/05_analysis_masks/cpdna_full_coverage_regions.bed	/home/neil/Downloads/dudleya/Dudleya_S_genomes/full_pipeline_run/results/06_all_sample_alignment/qc/TIL_LP_130_Du-271.depth.tsv
TIL_LP_130_Du-271	QB3.Berkeley.251217/QB3.Results.260109	D. setchellii	TIL	cpdna_ir_regions	cpDNA	repeat_annotation	chloroplast	2	51472	124875826	2426.092361	51472	1.000000	51471	0.999981	51469	0.999942	/home/neil/Downloads/dudleya/Dudleya_S_genomes/full_pipeline_run/results/05_analysis_masks/cpdna_ir_regions.bed	/home/neil/Downloads/dudleya/Dudleya_S_genomes/full_pipeline_run/results/06_all_sample_alignment/qc/TIL_LP_130_Du-271.depth.tsv
TIL_LP_130_Du-271	QB3.Berkeley.251217/QB3.Results.260109	D. setchellii	TIL	cpdna_duplicate_ir_mask	cpDNA	mask	chloroplast	1	25736	61034193	2371.549308	25736	1.000000	25736	1.000000	25734	0.999922	/home/neil/Downloads/dudleya/Dudleya_S_genomes/full_pipeline_run/results/05_analysis_masks/cpdna_duplicate_ir_copy_mask.bed	/home/neil/Downloads/dudleya/Dudleya_S_genomes/full_pipeline_run/results/06_all_sample_alignment/qc/TIL_LP_130_Du-271.depth.tsv
TIL_LP_130_Du-271	QB3.Berkeley.251217/QB3.Results.260109	D. setchellii	TIL	cpdna_population_sites	cpDNA	variant_calling_and_population_genetics	chloroplast	1	124538	317232300	2547.273121	124538	1.000000	124537	0.999992	124537	0.999992	/home/neil/Downloads/dudleya/Dudleya_S_genomes/full_pipeline_run/results/05_analysis_masks/cpdna_population_sites.bed	/home/neil/Downloads/dudleya/Dudleya_S_genomes/full_pipeline_run/results/06_all_sample_alignment/qc/TIL_LP_130_Du-271.depth.tsv
TIL_LP_130_Du-271	QB3.Berkeley.251217/QB3.Results.260109	D. setchellii	TIL	mtdna_permissive_coverage	mtDNA	sample_qc_coverage	mitochondria	1	243359	33596897	138.054878	242431	0.996187	242395	0.996039	242346	0.995837	/home/neil/Downloads/dudleya/Dudleya_S_genomes/full_pipeline_run/results/05_analysis_masks/mtdna_permissive_coverage_regions.bed	/home/neil/Downloads/dudleya/Dudleya_S_genomes/full_pipeline_run/results/06_all_sample_alignment/qc/TIL_LP_130_Du-271.depth.tsv
TIL_LP_130_Du-271	QB3.Berkeley.251217/QB3.Results.260109	D. setchellii	TIL	mtdna_high_confidence_unique	mtDNA	variant_calling_and_population_genetics	mitochondria	2	44930	10193817	226.882195	44788	0.996840	44784	0.996751	44780	0.996661	/home/neil/Downloads/dudleya/Dudleya_S_genomes/full_pipeline_run/results/05_analysis_masks/mtdna_high_confidence_unique_regions.bed	/home/neil/Downloads/dudleya/Dudleya_S_genomes/full_pipeline_run/results/06_all_sample_alignment/qc/TIL_LP_130_Du-271.depth.tsv
TIL_LP_131_Du-272	QB3.Berkeley.251217/QB3.Results.260109	D. setchellii	TIL	cpdna_full_coverage	cpDNA	sample_qc_coverage	chloroplast	1	150274	106836185	710.942578	150265	0.999940	150260	0.999907	150247	0.999820	/home/neil/Downloads/dudleya/Dudleya_S_genomes/full_pipeline_run/results/05_analysis_masks/cpdna_full_coverage_regions.bed	/home/neil/Downloads/dudleya/Dudleya_S_genomes/full_pipeline_run/results/06_all_sample_alignment/qc/TIL_LP_131_Du-272.depth.tsv
TIL_LP_131_Du-272	QB3.Berkeley.251217/QB3.Results.260109	D. setchellii	TIL	cpdna_ir_regions	cpDNA	repeat_annotation	chloroplast	2	51472	35537703	690.427864	51471	0.999981	51468	0.999922	51465	0.999864	/home/neil/Downloads/dudleya/Dudleya_S_genomes/full_pipeline_run/results/05_analysis_masks/cpdna_ir_regions.bed	/home/neil/Downloads/dudleya/Dudleya_S_genomes/full_pipeline_run/results/06_all_sample_alignment/qc/TIL_LP_131_Du-272.depth.tsv
TIL_LP_131_Du-272	QB3.Berkeley.251217/QB3.Results.260109	D. setchellii	TIL	cpdna_duplicate_ir_mask	cpDNA	mask	chloroplast	1	25736	17450899	678.073477	25736	1.000000	25734	0.999922	25731	0.999806	/home/neil/Downloads/dudleya/Dudleya_S_genomes/full_pipeline_run/results/05_analysis_masks/cpdna_duplicate_ir_copy_mask.bed	/home/neil/Downloads/dudleya/Dudleya_S_genomes/full_pipeline_run/results/06_all_sample_alignment/qc/TIL_LP_131_Du-272.depth.tsv
TIL_LP_131_Du-272	QB3.Berkeley.251217/QB3.Results.260109	D. setchellii	TIL	cpdna_population_sites	cpDNA	variant_calling_and_population_genetics	chloroplast	1	124538	89385286	717.735037	124529	0.999928	124526	0.999904	124516	0.999823	/home/neil/Downloads/dudleya/Dudleya_S_genomes/full_pipeline_run/results/05_analysis_masks/cpdna_population_sites.bed	/home/neil/Downloads/dudleya/Dudleya_S_genomes/full_pipeline_run/results/06_all_sample_alignment/qc/TIL_LP_131_Du-272.depth.tsv
TIL_LP_131_Du-272	QB3.Berkeley.251217/QB3.Results.260109	D. setchellii	TIL	mtdna_permissive_coverage	mtDNA	sample_qc_coverage	mitochondria	1	243359	9208978	37.841124	242417	0.996129	242301	0.995653	242172	0.995122	/home/neil/Downloads/dudleya/Dudleya_S_genomes/full_pipeline_run/results/05_analysis_masks/mtdna_permissive_coverage_regions.bed	/home/neil/Downloads/dudleya/Dudleya_S_genomes/full_pipeline_run/results/06_all_sample_alignment/qc/TIL_LP_131_Du-272.depth.tsv
TIL_LP_131_Du-272	QB3.Berkeley.251217/QB3.Results.260109	D. setchellii	TIL	mtdna_high_confidence_unique	mtDNA	variant_calling_and_population_genetics	mitochondria	2	44930	2819783	62.759470	44789	0.996862	44780	0.996661	44780	0.996661	/home/neil/Downloads/dudleya/Dudleya_S_genomes/full_pipeline_run/results/05_analysis_masks/mtdna_high_confidence_unique_regions.bed	/home/neil/Downloads/dudleya/Dudleya_S_genomes/full_pipeline_run/results/06_all_sample_alignment/qc/TIL_LP_131_Du-272.depth.tsv
TULP_LP_115_Du-242	QB3.Berkeley.251217/QB3.Results.260109	D. setchellii	TULP	cpdna_full_coverage	cpDNA	sample_qc_coverage	chloroplast	1	150274	396188710	2636.442166	150274	1.000000	150274	1.000000	150274	1.000000	/home/neil/Downloads/dudleya/Dudleya_S_genomes/full_pipeline_run/results/05_analysis_masks/cpdna_full_coverage_regions.bed	/home/neil/Downloads/dudleya/Dudleya_S_genomes/full_pipeline_run/results/06_all_sample_alignment/qc/TULP_LP_115_Du-242.depth.tsv
TULP_LP_115_Du-242	QB3.Berkeley.251217/QB3.Results.260109	D. setchellii	TULP	cpdna_ir_regions	cpDNA	repeat_annotation	chloroplast	2	51472	153849124	2988.986711	51472	1.000000	51472	1.000000	51472	1.000000	/home/neil/Downloads/dudleya/Dudleya_S_genomes/full_pipeline_run/results/05_analysis_masks/cpdna_ir_regions.bed	/home/neil/Downloads/dudleya/Dudleya_S_genomes/full_pipeline_run/results/06_all_sample_alignment/qc/TULP_LP_115_Du-242.depth.tsv
TULP_LP_115_Du-242	QB3.Berkeley.251217/QB3.Results.260109	D. setchellii	TULP	cpdna_duplicate_ir_mask	cpDNA	mask	chloroplast	1	25736	73846459	2869.383704	25736	1.000000	25736	1.000000	25736	1.000000	/home/neil/Downloads/dudleya/Dudleya_S_genomes/full_pipeline_run/results/05_analysis_masks/cpdna_duplicate_ir_copy_mask.bed	/home/neil/Downloads/dudleya/Dudleya_S_genomes/full_pipeline_run/results/06_all_sample_alignment/qc/TULP_LP_115_Du-242.depth.tsv
TULP_LP_115_Du-242	QB3.Berkeley.251217/QB3.Results.260109	D. setchellii	TULP	cpdna_population_sites	cpDNA	variant_calling_and_population_genetics	chloroplast	1	124538	322342251	2588.304381	124538	1.000000	124538	1.000000	124538	1.000000	/home/neil/Downloads/dudleya/Dudleya_S_genomes/full_pipeline_run/results/05_analysis_masks/cpdna_population_sites.bed	/home/neil/Downloads/dudleya/Dudleya_S_genomes/full_pipeline_run/results/06_all_sample_alignment/qc/TULP_LP_115_Du-242.depth.tsv
TULP_LP_115_Du-242	QB3.Berkeley.251217/QB3.Results.260109	D. setchellii	TULP	mtdna_permissive_coverage	mtDNA	sample_qc_coverage	mitochondria	1	243359	31043516	127.562638	243355	0.999984	243342	0.999930	243324	0.999856	/home/neil/Downloads/dudleya/Dudleya_S_genomes/full_pipeline_run/results/05_analysis_masks/mtdna_permissive_coverage_regions.bed	/home/neil/Downloads/dudleya/Dudleya_S_genomes/full_pipeline_run/results/06_all_sample_alignment/qc/TULP_LP_115_Du-242.depth.tsv
TULP_LP_115_Du-242	QB3.Berkeley.251217/QB3.Results.260109	D. setchellii	TULP	mtdna_high_confidence_unique	mtDNA	variant_calling_and_population_genetics	mitochondria	2	44930	9193225	204.612174	44930	1.000000	44928	0.999955	44927	0.999933	/home/neil/Downloads/dudleya/Dudleya_S_genomes/full_pipeline_run/results/05_analysis_masks/mtdna_high_confidence_unique_regions.bed	/home/neil/Downloads/dudleya/Dudleya_S_genomes/full_pipeline_run/results/06_all_sample_alignment/qc/TULP_LP_115_Du-242.depth.tsv
TULP_LP_116_Du-243	QB3.Berkeley.251217/QB3.Results.260109	D. setchellii	TULP	cpdna_full_coverage	cpDNA	sample_qc_coverage	chloroplast	1	150274	384096132	2555.971971	150274	1.000000	150274	1.000000	150274	1.000000	/home/neil/Downloads/dudleya/Dudleya_S_genomes/full_pipeline_run/results/05_analysis_masks/cpdna_full_coverage_regions.bed	/home/neil/Downloads/dudleya/Dudleya_S_genomes/full_pipeline_run/results/06_all_sample_alignment/qc/TULP_LP_116_Du-243.depth.tsv
TULP_LP_116_Du-243	QB3.Berkeley.251217/QB3.Results.260109	D. setchellii	TULP	cpdna_ir_regions	cpDNA	repeat_annotation	chloroplast	2	51472	148375798	2882.650723	51472	1.000000	51472	1.000000	51472	1.000000	/home/neil/Downloads/dudleya/Dudleya_S_genomes/full_pipeline_run/results/05_analysis_masks/cpdna_ir_regions.bed	/home/neil/Downloads/dudleya/Dudleya_S_genomes/full_pipeline_run/results/06_all_sample_alignment/qc/TULP_LP_116_Du-243.depth.tsv
TULP_LP_116_Du-243	QB3.Berkeley.251217/QB3.Results.260109	D. setchellii	TULP	cpdna_duplicate_ir_mask	cpDNA	mask	chloroplast	1	25736	71450800	2776.297793	25736	1.000000	25736	1.000000	25736	1.000000	/home/neil/Downloads/dudleya/Dudleya_S_genomes/full_pipeline_run/results/05_analysis_masks/cpdna_duplicate_ir_copy_mask.bed	/home/neil/Downloads/dudleya/Dudleya_S_genomes/full_pipeline_run/results/06_all_sample_alignment/qc/TULP_LP_116_Du-243.depth.tsv
TULP_LP_116_Du-243	QB3.Berkeley.251217/QB3.Results.260109	D. setchellii	TULP	cpdna_population_sites	cpDNA	variant_calling_and_population_genetics	chloroplast	1	124538	312645332	2510.441247	124538	1.000000	124538	1.000000	124538	1.000000	/home/neil/Downloads/dudleya/Dudleya_S_genomes/full_pipeline_run/results/05_analysis_masks/cpdna_population_sites.bed	/home/neil/Downloads/dudleya/Dudleya_S_genomes/full_pipeline_run/results/06_all_sample_alignment/qc/TULP_LP_116_Du-243.depth.tsv
TULP_LP_116_Du-243	QB3.Berkeley.251217/QB3.Results.260109	D. setchellii	TULP	mtdna_permissive_coverage	mtDNA	sample_qc_coverage	mitochondria	1	243359	76550065	314.556129	243358	0.999996	243355	0.999984	243348	0.999955	/home/neil/Downloads/dudleya/Dudleya_S_genomes/full_pipeline_run/results/05_analysis_masks/mtdna_permissive_coverage_regions.bed	/home/neil/Downloads/dudleya/Dudleya_S_genomes/full_pipeline_run/results/06_all_sample_alignment/qc/TULP_LP_116_Du-243.depth.tsv
TULP_LP_116_Du-243	QB3.Berkeley.251217/QB3.Results.260109	D. setchellii	TULP	mtdna_high_confidence_unique	mtDNA	variant_calling_and_population_genetics	mitochondria	2	44930	23019370	512.338527	44930	1.000000	44930	1.000000	44930	1.000000	/home/neil/Downloads/dudleya/Dudleya_S_genomes/full_pipeline_run/results/05_analysis_masks/mtdna_high_confidence_unique_regions.bed	/home/neil/Downloads/dudleya/Dudleya_S_genomes/full_pipeline_run/results/06_all_sample_alignment/qc/TULP_LP_116_Du-243.depth.tsv
TULP_LP_117_Du-244	QB3.Berkeley.251217/QB3.Results.260109	D. setchellii	TULP	cpdna_full_coverage	cpDNA	sample_qc_coverage	chloroplast	1	150274	55475533	369.162550	150273	0.999993	150264	0.999933	150253	0.999860	/home/neil/Downloads/dudleya/Dudleya_S_genomes/full_pipeline_run/results/05_analysis_masks/cpdna_full_coverage_regions.bed	/home/neil/Downloads/dudleya/Dudleya_S_genomes/full_pipeline_run/results/06_all_sample_alignment/qc/TULP_LP_117_Du-244.depth.tsv
TULP_LP_117_Du-244	QB3.Berkeley.251217/QB3.Results.260109	D. setchellii	TULP	cpdna_ir_regions	cpDNA	repeat_annotation	chloroplast	2	51472	22176647	430.848753	51471	0.999981	51462	0.999806	51453	0.999631	/home/neil/Downloads/dudleya/Dudleya_S_genomes/full_pipeline_run/results/05_analysis_masks/cpdna_ir_regions.bed	/home/neil/Downloads/dudleya/Dudleya_S_genomes/full_pipeline_run/results/06_all_sample_alignment/qc/TULP_LP_117_Du-244.depth.tsv
TULP_LP_117_Du-244	QB3.Berkeley.251217/QB3.Results.260109	D. setchellii	TULP	cpdna_duplicate_ir_mask	cpDNA	mask	chloroplast	1	25736	10639373	413.404297	25735	0.999961	25730	0.999767	25724	0.999534	/home/neil/Downloads/dudleya/Dudleya_S_genomes/full_pipeline_run/results/05_analysis_masks/cpdna_duplicate_ir_copy_mask.bed	/home/neil/Downloads/dudleya/Dudleya_S_genomes/full_pipeline_run/results/06_all_sample_alignment/qc/TULP_LP_117_Du-244.depth.tsv
TULP_LP_117_Du-244	QB3.Berkeley.251217/QB3.Results.260109	D. setchellii	TULP	cpdna_population_sites	cpDNA	variant_calling_and_population_genetics	chloroplast	1	124538	44836160	360.019914	124538	1.000000	124534	0.999968	124529	0.999928	/home/neil/Downloads/dudleya/Dudleya_S_genomes/full_pipeline_run/results/05_analysis_masks/cpdna_population_sites.bed	/home/neil/Downloads/dudleya/Dudleya_S_genomes/full_pipeline_run/results/06_all_sample_alignment/qc/TULP_LP_117_Du-244.depth.tsv
TULP_LP_117_Du-244	QB3.Berkeley.251217/QB3.Results.260109	D. setchellii	TULP	mtdna_permissive_coverage	mtDNA	sample_qc_coverage	mitochondria	1	243359	6280935	25.809339	243355	0.999984	243195	0.999326	239695	0.984944	/home/neil/Downloads/dudleya/Dudleya_S_genomes/full_pipeline_run/results/05_analysis_masks/mtdna_permissive_coverage_regions.bed	/home/neil/Downloads/dudleya/Dudleya_S_genomes/full_pipeline_run/results/06_all_sample_alignment/qc/TULP_LP_117_Du-244.depth.tsv
TULP_LP_117_Du-244	QB3.Berkeley.251217/QB3.Results.260109	D. setchellii	TULP	mtdna_high_confidence_unique	mtDNA	variant_calling_and_population_genetics	mitochondria	2	44930	1868684	41.591008	44930	1.000000	44930	1.000000	44930	1.000000	/home/neil/Downloads/dudleya/Dudleya_S_genomes/full_pipeline_run/results/05_analysis_masks/mtdna_high_confidence_unique_regions.bed	/home/neil/Downloads/dudleya/Dudleya_S_genomes/full_pipeline_run/results/06_all_sample_alignment/qc/TULP_LP_117_Du-244.depth.tsv
TULP_LP_118_Du-245	QB3.Berkeley.251217/QB3.Results.260109	D. setchellii	TULP	cpdna_full_coverage	cpDNA	sample_qc_coverage	chloroplast	1	150274	809495707	5386.798162	150274	1.000000	150274	1.000000	150274	1.000000	/home/neil/Downloads/dudleya/Dudleya_S_genomes/full_pipeline_run/results/05_analysis_masks/cpdna_full_coverage_regions.bed	/home/neil/Downloads/dudleya/Dudleya_S_genomes/full_pipeline_run/results/06_all_sample_alignment/qc/TULP_LP_118_Du-245.depth.tsv
TULP_LP_118_Du-245	QB3.Berkeley.251217/QB3.Results.260109	D. setchellii	TULP	cpdna_ir_regions	cpDNA	repeat_annotation	chloroplast	2	51472	323394415	6282.919160	51472	1.000000	51472	1.000000	51472	1.000000	/home/neil/Downloads/dudleya/Dudleya_S_genomes/full_pipeline_run/results/05_analysis_masks/cpdna_ir_regions.bed	/home/neil/Downloads/dudleya/Dudleya_S_genomes/full_pipeline_run/results/06_all_sample_alignment/qc/TULP_LP_118_Du-245.depth.tsv
TULP_LP_118_Du-245	QB3.Berkeley.251217/QB3.Results.260109	D. setchellii	TULP	cpdna_duplicate_ir_mask	cpDNA	mask	chloroplast	1	25736	155948483	6059.546278	25736	1.000000	25736	1.000000	25736	1.000000	/home/neil/Downloads/dudleya/Dudleya_S_genomes/full_pipeline_run/results/05_analysis_masks/cpdna_duplicate_ir_copy_mask.bed	/home/neil/Downloads/dudleya/Dudleya_S_genomes/full_pipeline_run/results/06_all_sample_alignment/qc/TULP_LP_118_Du-245.depth.tsv
TULP_LP_118_Du-245	QB3.Berkeley.251217/QB3.Results.260109	D. setchellii	TULP	cpdna_population_sites	cpDNA	variant_calling_and_population_genetics	chloroplast	1	124538	653547224	5247.773563	124538	1.000000	124538	1.000000	124538	1.000000	/home/neil/Downloads/dudleya/Dudleya_S_genomes/full_pipeline_run/results/05_analysis_masks/cpdna_population_sites.bed	/home/neil/Downloads/dudleya/Dudleya_S_genomes/full_pipeline_run/results/06_all_sample_alignment/qc/TULP_LP_118_Du-245.depth.tsv
TULP_LP_118_Du-245	QB3.Berkeley.251217/QB3.Results.260109	D. setchellii	TULP	mtdna_permissive_coverage	mtDNA	sample_qc_coverage	mitochondria	1	243359	89043778	365.894740	243359	1.000000	243358	0.999996	243353	0.999975	/home/neil/Downloads/dudleya/Dudleya_S_genomes/full_pipeline_run/results/05_analysis_masks/mtdna_permissive_coverage_regions.bed	/home/neil/Downloads/dudleya/Dudleya_S_genomes/full_pipeline_run/results/06_all_sample_alignment/qc/TULP_LP_118_Du-245.depth.tsv
TULP_LP_118_Du-245	QB3.Berkeley.251217/QB3.Results.260109	D. setchellii	TULP	mtdna_high_confidence_unique	mtDNA	variant_calling_and_population_genetics	mitochondria	2	44930	26252912	584.306966	44930	1.000000	44930	1.000000	44930	1.000000	/home/neil/Downloads/dudleya/Dudleya_S_genomes/full_pipeline_run/results/05_analysis_masks/mtdna_high_confidence_unique_regions.bed	/home/neil/Downloads/dudleya/Dudleya_S_genomes/full_pipeline_run/results/06_all_sample_alignment/qc/TULP_LP_118_Du-245.depth.tsv
TULP_LP_119_Du-246	QB3.Berkeley.251217/QB3.Results.260109	D. setchellii	TULP	cpdna_full_coverage	cpDNA	sample_qc_coverage	chloroplast	1	150274	321940991	2142.359896	150274	1.000000	150274	1.000000	150274	1.000000	/home/neil/Downloads/dudleya/Dudleya_S_genomes/full_pipeline_run/results/05_analysis_masks/cpdna_full_coverage_regions.bed	/home/neil/Downloads/dudleya/Dudleya_S_genomes/full_pipeline_run/results/06_all_sample_alignment/qc/TULP_LP_119_Du-246.depth.tsv
TULP_LP_119_Du-246	QB3.Berkeley.251217/QB3.Results.260109	D. setchellii	TULP	cpdna_ir_regions	cpDNA	repeat_annotation	chloroplast	2	51472	149741274	2909.179243	51472	1.000000	51472	1.000000	51472	1.000000	/home/neil/Downloads/dudleya/Dudleya_S_genomes/full_pipeline_run/results/05_analysis_masks/cpdna_ir_regions.bed	/home/neil/Downloads/dudleya/Dudleya_S_genomes/full_pipeline_run/results/06_all_sample_alignment/qc/TULP_LP_119_Du-246.depth.tsv
TULP_LP_119_Du-246	QB3.Berkeley.251217/QB3.Results.260109	D. setchellii	TULP	cpdna_duplicate_ir_mask	cpDNA	mask	chloroplast	1	25736	70806697	2751.270477	25736	1.000000	25736	1.000000	25736	1.000000	/home/neil/Downloads/dudleya/Dudleya_S_genomes/full_pipeline_run/results/05_analysis_masks/cpdna_duplicate_ir_copy_mask.bed	/home/neil/Downloads/dudleya/Dudleya_S_genomes/full_pipeline_run/results/06_all_sample_alignment/qc/TULP_LP_119_Du-246.depth.tsv
TULP_LP_119_Du-246	QB3.Berkeley.251217/QB3.Results.260109	D. setchellii	TULP	cpdna_population_sites	cpDNA	variant_calling_and_population_genetics	chloroplast	1	124538	251134294	2016.527437	124538	1.000000	124538	1.000000	124538	1.000000	/home/neil/Downloads/dudleya/Dudleya_S_genomes/full_pipeline_run/results/05_analysis_masks/cpdna_population_sites.bed	/home/neil/Downloads/dudleya/Dudleya_S_genomes/full_pipeline_run/results/06_all_sample_alignment/qc/TULP_LP_119_Du-246.depth.tsv
TULP_LP_119_Du-246	QB3.Berkeley.251217/QB3.Results.260109	D. setchellii	TULP	mtdna_permissive_coverage	mtDNA	sample_qc_coverage	mitochondria	1	243359	68932668	283.255059	243359	1.000000	243354	0.999979	243351	0.999967	/home/neil/Downloads/dudleya/Dudleya_S_genomes/full_pipeline_run/results/05_analysis_masks/mtdna_permissive_coverage_regions.bed	/home/neil/Downloads/dudleya/Dudleya_S_genomes/full_pipeline_run/results/06_all_sample_alignment/qc/TULP_LP_119_Du-246.depth.tsv
TULP_LP_119_Du-246	QB3.Berkeley.251217/QB3.Results.260109	D. setchellii	TULP	mtdna_high_confidence_unique	mtDNA	variant_calling_and_population_genetics	mitochondria	2	44930	20977796	466.899533	44930	1.000000	44930	1.000000	44930	1.000000	/home/neil/Downloads/dudleya/Dudleya_S_genomes/full_pipeline_run/results/05_analysis_masks/mtdna_high_confidence_unique_regions.bed	/home/neil/Downloads/dudleya/Dudleya_S_genomes/full_pipeline_run/results/06_all_sample_alignment/qc/TULP_LP_119_Du-246.depth.tsv
TULP_LP_120_Du-248	QB3.Berkeley.251217/QB3.Results.260109	D. setchellii	TULP	cpdna_full_coverage	cpDNA	sample_qc_coverage	chloroplast	1	150274	821661893	5467.758182	150274	1.000000	150274	1.000000	150274	1.000000	/home/neil/Downloads/dudleya/Dudleya_S_genomes/full_pipeline_run/results/05_analysis_masks/cpdna_full_coverage_regions.bed	/home/neil/Downloads/dudleya/Dudleya_S_genomes/full_pipeline_run/results/06_all_sample_alignment/qc/TULP_LP_120_Du-248.depth.tsv
TULP_LP_120_Du-248	QB3.Berkeley.251217/QB3.Results.260109	D. setchellii	TULP	cpdna_ir_regions	cpDNA	repeat_annotation	chloroplast	2	51472	336257556	6532.824759	51472	1.000000	51472	1.000000	51472	1.000000	/home/neil/Downloads/dudleya/Dudleya_S_genomes/full_pipeline_run/results/05_analysis_masks/cpdna_ir_regions.bed	/home/neil/Downloads/dudleya/Dudleya_S_genomes/full_pipeline_run/results/06_all_sample_alignment/qc/TULP_LP_120_Du-248.depth.tsv
TULP_LP_120_Du-248	QB3.Berkeley.251217/QB3.Results.260109	D. setchellii	TULP	cpdna_duplicate_ir_mask	cpDNA	mask	chloroplast	1	25736	160520505	6237.197117	25736	1.000000	25736	1.000000	25736	1.000000	/home/neil/Downloads/dudleya/Dudleya_S_genomes/full_pipeline_run/results/05_analysis_masks/cpdna_duplicate_ir_copy_mask.bed	/home/neil/Downloads/dudleya/Dudleya_S_genomes/full_pipeline_run/results/06_all_sample_alignment/qc/TULP_LP_120_Du-248.depth.tsv
TULP_LP_120_Du-248	QB3.Berkeley.251217/QB3.Results.260109	D. setchellii	TULP	cpdna_population_sites	cpDNA	variant_calling_and_population_genetics	chloroplast	1	124538	661141388	5308.752252	124538	1.000000	124538	1.000000	124538	1.000000	/home/neil/Downloads/dudleya/Dudleya_S_genomes/full_pipeline_run/results/05_analysis_masks/cpdna_population_sites.bed	/home/neil/Downloads/dudleya/Dudleya_S_genomes/full_pipeline_run/results/06_all_sample_alignment/qc/TULP_LP_120_Du-248.depth.tsv
TULP_LP_120_Du-248	QB3.Berkeley.251217/QB3.Results.260109	D. setchellii	TULP	mtdna_permissive_coverage	mtDNA	sample_qc_coverage	mitochondria	1	243359	103092798	423.624349	243359	1.000000	243356	0.999988	243352	0.999971	/home/neil/Downloads/dudleya/Dudleya_S_genomes/full_pipeline_run/results/05_analysis_masks/mtdna_permissive_coverage_regions.bed	/home/neil/Downloads/dudleya/Dudleya_S_genomes/full_pipeline_run/results/06_all_sample_alignment/qc/TULP_LP_120_Du-248.depth.tsv
TULP_LP_120_Du-248	QB3.Berkeley.251217/QB3.Results.260109	D. setchellii	TULP	mtdna_high_confidence_unique	mtDNA	variant_calling_and_population_genetics	mitochondria	2	44930	30842964	686.467038	44930	1.000000	44930	1.000000	44928	0.999955	/home/neil/Downloads/dudleya/Dudleya_S_genomes/full_pipeline_run/results/05_analysis_masks/mtdna_high_confidence_unique_regions.bed	/home/neil/Downloads/dudleya/Dudleya_S_genomes/full_pipeline_run/results/06_all_sample_alignment/qc/TULP_LP_120_Du-248.depth.tsv
TULP_LP_121_Du-249	QB3.Berkeley.251217/QB3.Results.260109	D. setchellii	TULP	cpdna_full_coverage	cpDNA	sample_qc_coverage	chloroplast	1	150274	84346735	561.286284	150274	1.000000	150274	1.000000	150271	0.999980	/home/neil/Downloads/dudleya/Dudleya_S_genomes/full_pipeline_run/results/05_analysis_masks/cpdna_full_coverage_regions.bed	/home/neil/Downloads/dudleya/Dudleya_S_genomes/full_pipeline_run/results/06_all_sample_alignment/qc/TULP_LP_121_Du-249.depth.tsv
TULP_LP_121_Du-249	QB3.Berkeley.251217/QB3.Results.260109	D. setchellii	TULP	cpdna_ir_regions	cpDNA	repeat_annotation	chloroplast	2	51472	44150105	857.749942	51472	1.000000	51472	1.000000	51470	0.999961	/home/neil/Downloads/dudleya/Dudleya_S_genomes/full_pipeline_run/results/05_analysis_masks/cpdna_ir_regions.bed	/home/neil/Downloads/dudleya/Dudleya_S_genomes/full_pipeline_run/results/06_all_sample_alignment/qc/TULP_LP_121_Du-249.depth.tsv
TULP_LP_121_Du-249	QB3.Berkeley.251217/QB3.Results.260109	D. setchellii	TULP	cpdna_duplicate_ir_mask	cpDNA	mask	chloroplast	1	25736	20930393	813.272964	25736	1.000000	25736	1.000000	25736	1.000000	/home/neil/Downloads/dudleya/Dudleya_S_genomes/full_pipeline_run/results/05_analysis_masks/cpdna_duplicate_ir_copy_mask.bed	/home/neil/Downloads/dudleya/Dudleya_S_genomes/full_pipeline_run/results/06_all_sample_alignment/qc/TULP_LP_121_Du-249.depth.tsv
TULP_LP_121_Du-249	QB3.Berkeley.251217/QB3.Results.260109	D. setchellii	TULP	cpdna_population_sites	cpDNA	variant_calling_and_population_genetics	chloroplast	1	124538	63416342	509.212786	124538	1.000000	124538	1.000000	124535	0.999976	/home/neil/Downloads/dudleya/Dudleya_S_genomes/full_pipeline_run/results/05_analysis_masks/cpdna_population_sites.bed	/home/neil/Downloads/dudleya/Dudleya_S_genomes/full_pipeline_run/results/06_all_sample_alignment/qc/TULP_LP_121_Du-249.depth.tsv
TULP_LP_121_Du-249	QB3.Berkeley.251217/QB3.Results.260109	D. setchellii	TULP	mtdna_permissive_coverage	mtDNA	sample_qc_coverage	mitochondria	1	243359	13832775	56.841025	243352	0.999971	243299	0.999753	243110	0.998977	/home/neil/Downloads/dudleya/Dudleya_S_genomes/full_pipeline_run/results/05_analysis_masks/mtdna_permissive_coverage_regions.bed	/home/neil/Downloads/dudleya/Dudleya_S_genomes/full_pipeline_run/results/06_all_sample_alignment/qc/TULP_LP_121_Du-249.depth.tsv
TULP_LP_121_Du-249	QB3.Berkeley.251217/QB3.Results.260109	D. setchellii	TULP	mtdna_high_confidence_unique	mtDNA	variant_calling_and_population_genetics	mitochondria	2	44930	4320706	96.165279	44930	1.000000	44930	1.000000	44930	1.000000	/home/neil/Downloads/dudleya/Dudleya_S_genomes/full_pipeline_run/results/05_analysis_masks/mtdna_high_confidence_unique_regions.bed	/home/neil/Downloads/dudleya/Dudleya_S_genomes/full_pipeline_run/results/06_all_sample_alignment/qc/TULP_LP_121_Du-249.depth.tsv
TULP_LP_122_Du-250	QB3.Berkeley.251217/QB3.Results.260109	D. setchellii	TULP	cpdna_full_coverage	cpDNA	sample_qc_coverage	chloroplast	1	150274	347321038	2311.251700	150274	1.000000	150274	1.000000	150274	1.000000	/home/neil/Downloads/dudleya/Dudleya_S_genomes/full_pipeline_run/results/05_analysis_masks/cpdna_full_coverage_regions.bed	/home/neil/Downloads/dudleya/Dudleya_S_genomes/full_pipeline_run/results/06_all_sample_alignment/qc/TULP_LP_122_Du-250.depth.tsv
TULP_LP_122_Du-250	QB3.Berkeley.251217/QB3.Results.260109	D. setchellii	TULP	cpdna_ir_regions	cpDNA	repeat_annotation	chloroplast	2	51472	157143006	3052.980378	51472	1.000000	51472	1.000000	51472	1.000000	/home/neil/Downloads/dudleya/Dudleya_S_genomes/full_pipeline_run/results/05_analysis_masks/cpdna_ir_regions.bed	/home/neil/Downloads/dudleya/Dudleya_S_genomes/full_pipeline_run/results/06_all_sample_alignment/qc/TULP_LP_122_Du-250.depth.tsv
TULP_LP_122_Du-250	QB3.Berkeley.251217/QB3.Results.260109	D. setchellii	TULP	cpdna_duplicate_ir_mask	cpDNA	mask	chloroplast	1	25736	74256873	2885.330782	25736	1.000000	25736	1.000000	25736	1.000000	/home/neil/Downloads/dudleya/Dudleya_S_genomes/full_pipeline_run/results/05_analysis_masks/cpdna_duplicate_ir_copy_mask.bed	/home/neil/Downloads/dudleya/Dudleya_S_genomes/full_pipeline_run/results/06_all_sample_alignment/qc/TULP_LP_122_Du-250.depth.tsv
TULP_LP_122_Du-250	QB3.Berkeley.251217/QB3.Results.260109	D. setchellii	TULP	cpdna_population_sites	cpDNA	variant_calling_and_population_genetics	chloroplast	1	124538	273064165	2192.617233	124538	1.000000	124538	1.000000	124538	1.000000	/home/neil/Downloads/dudleya/Dudleya_S_genomes/full_pipeline_run/results/05_analysis_masks/cpdna_population_sites.bed	/home/neil/Downloads/dudleya/Dudleya_S_genomes/full_pipeline_run/results/06_all_sample_alignment/qc/TULP_LP_122_Du-250.depth.tsv
TULP_LP_122_Du-250	QB3.Berkeley.251217/QB3.Results.260109	D. setchellii	TULP	mtdna_permissive_coverage	mtDNA	sample_qc_coverage	mitochondria	1	243359	46169911	189.719349	243358	0.999996	243351	0.999967	243342	0.999930	/home/neil/Downloads/dudleya/Dudleya_S_genomes/full_pipeline_run/results/05_analysis_masks/mtdna_permissive_coverage_regions.bed	/home/neil/Downloads/dudleya/Dudleya_S_genomes/full_pipeline_run/results/06_all_sample_alignment/qc/TULP_LP_122_Du-250.depth.tsv
TULP_LP_122_Du-250	QB3.Berkeley.251217/QB3.Results.260109	D. setchellii	TULP	mtdna_high_confidence_unique	mtDNA	variant_calling_and_population_genetics	mitochondria	2	44930	13732683	305.646183	44930	1.000000	44930	1.000000	44930	1.000000	/home/neil/Downloads/dudleya/Dudleya_S_genomes/full_pipeline_run/results/05_analysis_masks/mtdna_high_confidence_unique_regions.bed	/home/neil/Downloads/dudleya/Dudleya_S_genomes/full_pipeline_run/results/06_all_sample_alignment/qc/TULP_LP_122_Du-250.depth.tsv
TULP_LP_140_Du-302	QB3.Berkeley.251217/QB3.Results.260109	D. setchellii	TULP	cpdna_full_coverage	cpDNA	sample_qc_coverage	chloroplast	1	150274	171053476	1138.277254	150274	1.000000	150272	0.999987	150271	0.999980	/home/neil/Downloads/dudleya/Dudleya_S_genomes/full_pipeline_run/results/05_analysis_masks/cpdna_full_coverage_regions.bed	/home/neil/Downloads/dudleya/Dudleya_S_genomes/full_pipeline_run/results/06_all_sample_alignment/qc/TULP_LP_140_Du-302.depth.tsv
TULP_LP_140_Du-302	QB3.Berkeley.251217/QB3.Results.260109	D. setchellii	TULP	cpdna_ir_regions	cpDNA	repeat_annotation	chloroplast	2	51472	58097986	1128.729911	51472	1.000000	51470	0.999961	51469	0.999942	/home/neil/Downloads/dudleya/Dudleya_S_genomes/full_pipeline_run/results/05_analysis_masks/cpdna_ir_regions.bed	/home/neil/Downloads/dudleya/Dudleya_S_genomes/full_pipeline_run/results/06_all_sample_alignment/qc/TULP_LP_140_Du-302.depth.tsv
TULP_LP_140_Du-302	QB3.Berkeley.251217/QB3.Results.260109	D. setchellii	TULP	cpdna_duplicate_ir_mask	cpDNA	mask	chloroplast	1	25736	28642700	1112.942959	25736	1.000000	25734	0.999922	25733	0.999883	/home/neil/Downloads/dudleya/Dudleya_S_genomes/full_pipeline_run/results/05_analysis_masks/cpdna_duplicate_ir_copy_mask.bed	/home/neil/Downloads/dudleya/Dudleya_S_genomes/full_pipeline_run/results/06_all_sample_alignment/qc/TULP_LP_140_Du-302.depth.tsv
TULP_LP_140_Du-302	QB3.Berkeley.251217/QB3.Results.260109	D. setchellii	TULP	cpdna_population_sites	cpDNA	variant_calling_and_population_genetics	chloroplast	1	124538	142410776	1143.512631	124538	1.000000	124538	1.000000	124538	1.000000	/home/neil/Downloads/dudleya/Dudleya_S_genomes/full_pipeline_run/results/05_analysis_masks/cpdna_population_sites.bed	/home/neil/Downloads/dudleya/Dudleya_S_genomes/full_pipeline_run/results/06_all_sample_alignment/qc/TULP_LP_140_Du-302.depth.tsv
TULP_LP_140_Du-302	QB3.Berkeley.251217/QB3.Results.260109	D. setchellii	TULP	mtdna_permissive_coverage	mtDNA	sample_qc_coverage	mitochondria	1	243359	11737362	48.230647	243354	0.999979	243324	0.999856	243296	0.999741	/home/neil/Downloads/dudleya/Dudleya_S_genomes/full_pipeline_run/results/05_analysis_masks/mtdna_permissive_coverage_regions.bed	/home/neil/Downloads/dudleya/Dudleya_S_genomes/full_pipeline_run/results/06_all_sample_alignment/qc/TULP_LP_140_Du-302.depth.tsv
TULP_LP_140_Du-302	QB3.Berkeley.251217/QB3.Results.260109	D. setchellii	TULP	mtdna_high_confidence_unique	mtDNA	variant_calling_and_population_genetics	mitochondria	2	44930	3467734	77.180815	44930	1.000000	44930	1.000000	44930	1.000000	/home/neil/Downloads/dudleya/Dudleya_S_genomes/full_pipeline_run/results/05_analysis_masks/mtdna_high_confidence_unique_regions.bed	/home/neil/Downloads/dudleya/Dudleya_S_genomes/full_pipeline_run/results/06_all_sample_alignment/qc/TULP_LP_140_Du-302.depth.tsv
TULP_LP_141_Du-303	QB3.Berkeley.251217/QB3.Results.260109	D. setchellii	TULP	cpdna_full_coverage	cpDNA	sample_qc_coverage	chloroplast	1	150274	37748778	251.199662	150274	1.000000	150248	0.999827	150211	0.999581	/home/neil/Downloads/dudleya/Dudleya_S_genomes/full_pipeline_run/results/05_analysis_masks/cpdna_full_coverage_regions.bed	/home/neil/Downloads/dudleya/Dudleya_S_genomes/full_pipeline_run/results/06_all_sample_alignment/qc/TULP_LP_141_Du-303.depth.tsv
TULP_LP_141_Du-303	QB3.Berkeley.251217/QB3.Results.260109	D. setchellii	TULP	cpdna_ir_regions	cpDNA	repeat_annotation	chloroplast	2	51472	13831853	268.725773	51472	1.000000	51446	0.999495	51413	0.998854	/home/neil/Downloads/dudleya/Dudleya_S_genomes/full_pipeline_run/results/05_analysis_masks/cpdna_ir_regions.bed	/home/neil/Downloads/dudleya/Dudleya_S_genomes/full_pipeline_run/results/06_all_sample_alignment/qc/TULP_LP_141_Du-303.depth.tsv
TULP_LP_141_Du-303	QB3.Berkeley.251217/QB3.Results.260109	D. setchellii	TULP	cpdna_duplicate_ir_mask	cpDNA	mask	chloroplast	1	25736	6739859	261.884481	25736	1.000000	25711	0.999029	25683	0.997941	/home/neil/Downloads/dudleya/Dudleya_S_genomes/full_pipeline_run/results/05_analysis_masks/cpdna_duplicate_ir_copy_mask.bed	/home/neil/Downloads/dudleya/Dudleya_S_genomes/full_pipeline_run/results/06_all_sample_alignment/qc/TULP_LP_141_Du-303.depth.tsv
TULP_LP_141_Du-303	QB3.Berkeley.251217/QB3.Results.260109	D. setchellii	TULP	cpdna_population_sites	cpDNA	variant_calling_and_population_genetics	chloroplast	1	124538	31008919	248.991625	124538	1.000000	124537	0.999992	124528	0.999920	/home/neil/Downloads/dudleya/Dudleya_S_genomes/full_pipeline_run/results/05_analysis_masks/cpdna_population_sites.bed	/home/neil/Downloads/dudleya/Dudleya_S_genomes/full_pipeline_run/results/06_all_sample_alignment/qc/TULP_LP_141_Du-303.depth.tsv
TULP_LP_141_Du-303	QB3.Berkeley.251217/QB3.Results.260109	D. setchellii	TULP	mtdna_permissive_coverage	mtDNA	sample_qc_coverage	mitochondria	1	243359	6491853	26.676034	243341	0.999926	243147	0.999129	239383	0.983662	/home/neil/Downloads/dudleya/Dudleya_S_genomes/full_pipeline_run/results/05_analysis_masks/mtdna_permissive_coverage_regions.bed	/home/neil/Downloads/dudleya/Dudleya_S_genomes/full_pipeline_run/results/06_all_sample_alignment/qc/TULP_LP_141_Du-303.depth.tsv
TULP_LP_141_Du-303	QB3.Berkeley.251217/QB3.Results.260109	D. setchellii	TULP	mtdna_high_confidence_unique	mtDNA	variant_calling_and_population_genetics	mitochondria	2	44930	1995182	44.406454	44928	0.999955	44927	0.999933	44927	0.999933	/home/neil/Downloads/dudleya/Dudleya_S_genomes/full_pipeline_run/results/05_analysis_masks/mtdna_high_confidence_unique_regions.bed	/home/neil/Downloads/dudleya/Dudleya_S_genomes/full_pipeline_run/results/06_all_sample_alignment/qc/TULP_LP_141_Du-303.depth.tsv
TULP_LP_142_Du-304	QB3.Berkeley.251217/QB3.Results.260109	D. setchellii	TULP	cpdna_full_coverage	cpDNA	sample_qc_coverage	chloroplast	1	150274	22422877	149.213284	150268	0.999960	150247	0.999820	150190	0.999441	/home/neil/Downloads/dudleya/Dudleya_S_genomes/full_pipeline_run/results/05_analysis_masks/cpdna_full_coverage_regions.bed	/home/neil/Downloads/dudleya/Dudleya_S_genomes/full_pipeline_run/results/06_all_sample_alignment/qc/TULP_LP_142_Du-304.depth.tsv
TULP_LP_142_Du-304	QB3.Berkeley.251217/QB3.Results.260109	D. setchellii	TULP	cpdna_ir_regions	cpDNA	repeat_annotation	chloroplast	2	51472	7695628	149.510957	51466	0.999883	51447	0.999514	51394	0.998485	/home/neil/Downloads/dudleya/Dudleya_S_genomes/full_pipeline_run/results/05_analysis_masks/cpdna_ir_regions.bed	/home/neil/Downloads/dudleya/Dudleya_S_genomes/full_pipeline_run/results/06_all_sample_alignment/qc/TULP_LP_142_Du-304.depth.tsv
TULP_LP_142_Du-304	QB3.Berkeley.251217/QB3.Results.260109	D. setchellii	TULP	cpdna_duplicate_ir_mask	cpDNA	mask	chloroplast	1	25736	3760000	146.098850	25730	0.999767	25711	0.999029	25670	0.997435	/home/neil/Downloads/dudleya/Dudleya_S_genomes/full_pipeline_run/results/05_analysis_masks/cpdna_duplicate_ir_copy_mask.bed	/home/neil/Downloads/dudleya/Dudleya_S_genomes/full_pipeline_run/results/06_all_sample_alignment/qc/TULP_LP_142_Du-304.depth.tsv
TULP_LP_142_Du-304	QB3.Berkeley.251217/QB3.Results.260109	D. setchellii	TULP	cpdna_population_sites	cpDNA	variant_calling_and_population_genetics	chloroplast	1	124538	18662877	149.856887	124538	1.000000	124536	0.999984	124520	0.999855	/home/neil/Downloads/dudleya/Dudleya_S_genomes/full_pipeline_run/results/05_analysis_masks/cpdna_population_sites.bed	/home/neil/Downloads/dudleya/Dudleya_S_genomes/full_pipeline_run/results/06_all_sample_alignment/qc/TULP_LP_142_Du-304.depth.tsv
TULP_LP_142_Du-304	QB3.Berkeley.251217/QB3.Results.260109	D. setchellii	TULP	mtdna_permissive_coverage	mtDNA	sample_qc_coverage	mitochondria	1	243359	3565724	14.652115	243140	0.999100	236256	0.970813	181323	0.745084	/home/neil/Downloads/dudleya/Dudleya_S_genomes/full_pipeline_run/results/05_analysis_masks/mtdna_permissive_coverage_regions.bed	/home/neil/Downloads/dudleya/Dudleya_S_genomes/full_pipeline_run/results/06_all_sample_alignment/qc/TULP_LP_142_Du-304.depth.tsv
TULP_LP_142_Du-304	QB3.Berkeley.251217/QB3.Results.260109	D. setchellii	TULP	mtdna_high_confidence_unique	mtDNA	variant_calling_and_population_genetics	mitochondria	2	44930	1066161	23.729379	44929	0.999978	44924	0.999866	44317	0.986357	/home/neil/Downloads/dudleya/Dudleya_S_genomes/full_pipeline_run/results/05_analysis_masks/mtdna_high_confidence_unique_regions.bed	/home/neil/Downloads/dudleya/Dudleya_S_genomes/full_pipeline_run/results/06_all_sample_alignment/qc/TULP_LP_142_Du-304.depth.tsv
TULP_LP_143_Du-305	QB3.Berkeley.251217/QB3.Results.260109	D. setchellii	TULP	cpdna_full_coverage	cpDNA	sample_qc_coverage	chloroplast	1	150274	50131491	333.600563	150273	0.999993	150266	0.999947	150249	0.999834	/home/neil/Downloads/dudleya/Dudleya_S_genomes/full_pipeline_run/results/05_analysis_masks/cpdna_full_coverage_regions.bed	/home/neil/Downloads/dudleya/Dudleya_S_genomes/full_pipeline_run/results/06_all_sample_alignment/qc/TULP_LP_143_Du-305.depth.tsv
TULP_LP_143_Du-305	QB3.Berkeley.251217/QB3.Results.260109	D. setchellii	TULP	cpdna_ir_regions	cpDNA	repeat_annotation	chloroplast	2	51472	17085957	331.946631	51471	0.999981	51464	0.999845	51449	0.999553	/home/neil/Downloads/dudleya/Dudleya_S_genomes/full_pipeline_run/results/05_analysis_masks/cpdna_ir_regions.bed	/home/neil/Downloads/dudleya/Dudleya_S_genomes/full_pipeline_run/results/06_all_sample_alignment/qc/TULP_LP_143_Du-305.depth.tsv
TULP_LP_143_Du-305	QB3.Berkeley.251217/QB3.Results.260109	D. setchellii	TULP	cpdna_duplicate_ir_mask	cpDNA	mask	chloroplast	1	25736	8370469	325.243589	25735	0.999961	25728	0.999689	25717	0.999262	/home/neil/Downloads/dudleya/Dudleya_S_genomes/full_pipeline_run/results/05_analysis_masks/cpdna_duplicate_ir_copy_mask.bed	/home/neil/Downloads/dudleya/Dudleya_S_genomes/full_pipeline_run/results/06_all_sample_alignment/qc/TULP_LP_143_Du-305.depth.tsv
TULP_LP_143_Du-305	QB3.Berkeley.251217/QB3.Results.260109	D. setchellii	TULP	cpdna_population_sites	cpDNA	variant_calling_and_population_genetics	chloroplast	1	124538	41761022	335.327547	124538	1.000000	124538	1.000000	124532	0.999952	/home/neil/Downloads/dudleya/Dudleya_S_genomes/full_pipeline_run/results/05_analysis_masks/cpdna_population_sites.bed	/home/neil/Downloads/dudleya/Dudleya_S_genomes/full_pipeline_run/results/06_all_sample_alignment/qc/TULP_LP_143_Du-305.depth.tsv
TULP_LP_143_Du-305	QB3.Berkeley.251217/QB3.Results.260109	D. setchellii	TULP	mtdna_permissive_coverage	mtDNA	sample_qc_coverage	mitochondria	1	243359	4622711	18.995439	243336	0.999905	242281	0.995570	219078	0.900226	/home/neil/Downloads/dudleya/Dudleya_S_genomes/full_pipeline_run/results/05_analysis_masks/mtdna_permissive_coverage_regions.bed	/home/neil/Downloads/dudleya/Dudleya_S_genomes/full_pipeline_run/results/06_all_sample_alignment/qc/TULP_LP_143_Du-305.depth.tsv
TULP_LP_143_Du-305	QB3.Berkeley.251217/QB3.Results.260109	D. setchellii	TULP	mtdna_high_confidence_unique	mtDNA	variant_calling_and_population_genetics	mitochondria	2	44930	1380785	30.731916	44930	1.000000	44930	1.000000	44859	0.998420	/home/neil/Downloads/dudleya/Dudleya_S_genomes/full_pipeline_run/results/05_analysis_masks/mtdna_high_confidence_unique_regions.bed	/home/neil/Downloads/dudleya/Dudleya_S_genomes/full_pipeline_run/results/06_all_sample_alignment/qc/TULP_LP_143_Du-305.depth.tsv
TULP_LP_144_Du-306	QB3.Berkeley.251217/QB3.Results.260109	D. setchellii	TULP	cpdna_full_coverage	cpDNA	sample_qc_coverage	chloroplast	1	150274	45053210	299.807086	150272	0.999987	150261	0.999913	150242	0.999787	/home/neil/Downloads/dudleya/Dudleya_S_genomes/full_pipeline_run/results/05_analysis_masks/cpdna_full_coverage_regions.bed	/home/neil/Downloads/dudleya/Dudleya_S_genomes/full_pipeline_run/results/06_all_sample_alignment/qc/TULP_LP_144_Du-306.depth.tsv
TULP_LP_144_Du-306	QB3.Berkeley.251217/QB3.Results.260109	D. setchellii	TULP	cpdna_ir_regions	cpDNA	repeat_annotation	chloroplast	2	51472	15255954	296.393262	51470	0.999961	51460	0.999767	51443	0.999437	/home/neil/Downloads/dudleya/Dudleya_S_genomes/full_pipeline_run/results/05_analysis_masks/cpdna_ir_regions.bed	/home/neil/Downloads/dudleya/Dudleya_S_genomes/full_pipeline_run/results/06_all_sample_alignment/qc/TULP_LP_144_Du-306.depth.tsv
TULP_LP_144_Du-306	QB3.Berkeley.251217/QB3.Results.260109	D. setchellii	TULP	cpdna_duplicate_ir_mask	cpDNA	mask	chloroplast	1	25736	7494679	291.213825	25734	0.999922	25724	0.999534	25709	0.998951	/home/neil/Downloads/dudleya/Dudleya_S_genomes/full_pipeline_run/results/05_analysis_masks/cpdna_duplicate_ir_copy_mask.bed	/home/neil/Downloads/dudleya/Dudleya_S_genomes/full_pipeline_run/results/06_all_sample_alignment/qc/TULP_LP_144_Du-306.depth.tsv
TULP_LP_144_Du-306	QB3.Berkeley.251217/QB3.Results.260109	D. setchellii	TULP	cpdna_population_sites	cpDNA	variant_calling_and_population_genetics	chloroplast	1	124538	37558531	301.582898	124538	1.000000	124537	0.999992	124533	0.999960	/home/neil/Downloads/dudleya/Dudleya_S_genomes/full_pipeline_run/results/05_analysis_masks/cpdna_population_sites.bed	/home/neil/Downloads/dudleya/Dudleya_S_genomes/full_pipeline_run/results/06_all_sample_alignment/qc/TULP_LP_144_Du-306.depth.tsv
TULP_LP_144_Du-306	QB3.Berkeley.251217/QB3.Results.260109	D. setchellii	TULP	mtdna_permissive_coverage	mtDNA	sample_qc_coverage	mitochondria	1	243359	3148085	12.935971	243233	0.999482	228940	0.940750	158925	0.653048	/home/neil/Downloads/dudleya/Dudleya_S_genomes/full_pipeline_run/results/05_analysis_masks/mtdna_permissive_coverage_regions.bed	/home/neil/Downloads/dudleya/Dudleya_S_genomes/full_pipeline_run/results/06_all_sample_alignment/qc/TULP_LP_144_Du-306.depth.tsv
TULP_LP_144_Du-306	QB3.Berkeley.251217/QB3.Results.260109	D. setchellii	TULP	mtdna_high_confidence_unique	mtDNA	variant_calling_and_population_genetics	mitochondria	2	44930	954841	21.251747	44930	1.000000	44920	0.999777	43570	0.969731	/home/neil/Downloads/dudleya/Dudleya_S_genomes/full_pipeline_run/results/05_analysis_masks/mtdna_high_confidence_unique_regions.bed	/home/neil/Downloads/dudleya/Dudleya_S_genomes/full_pipeline_run/results/06_all_sample_alignment/qc/TULP_LP_144_Du-306.depth.tsv
TULP_LP_145_Du-307	QB3.Berkeley.251217/QB3.Results.260109	D. setchellii	TULP	cpdna_full_coverage	cpDNA	sample_qc_coverage	chloroplast	1	150274	25924522	172.515019	150268	0.999960	150242	0.999787	150194	0.999468	/home/neil/Downloads/dudleya/Dudleya_S_genomes/full_pipeline_run/results/05_analysis_masks/cpdna_full_coverage_regions.bed	/home/neil/Downloads/dudleya/Dudleya_S_genomes/full_pipeline_run/results/06_all_sample_alignment/qc/TULP_LP_145_Du-307.depth.tsv
TULP_LP_145_Du-307	QB3.Berkeley.251217/QB3.Results.260109	D. setchellii	TULP	cpdna_ir_regions	cpDNA	repeat_annotation	chloroplast	2	51472	8737995	169.762104	51466	0.999883	51441	0.999398	51395	0.998504	/home/neil/Downloads/dudleya/Dudleya_S_genomes/full_pipeline_run/results/05_analysis_masks/cpdna_ir_regions.bed	/home/neil/Downloads/dudleya/Dudleya_S_genomes/full_pipeline_run/results/06_all_sample_alignment/qc/TULP_LP_145_Du-307.depth.tsv
TULP_LP_145_Du-307	QB3.Berkeley.251217/QB3.Results.260109	D. setchellii	TULP	cpdna_duplicate_ir_mask	cpDNA	mask	chloroplast	1	25736	4271366	165.968527	25730	0.999767	25712	0.999067	25682	0.997902	/home/neil/Downloads/dudleya/Dudleya_S_genomes/full_pipeline_run/results/05_analysis_masks/cpdna_duplicate_ir_copy_mask.bed	/home/neil/Downloads/dudleya/Dudleya_S_genomes/full_pipeline_run/results/06_all_sample_alignment/qc/TULP_LP_145_Du-307.depth.tsv
TULP_LP_145_Du-307	QB3.Berkeley.251217/QB3.Results.260109	D. setchellii	TULP	cpdna_population_sites	cpDNA	variant_calling_and_population_genetics	chloroplast	1	124538	21653156	173.867864	124538	1.000000	124530	0.999936	124512	0.999791	/home/neil/Downloads/dudleya/Dudleya_S_genomes/full_pipeline_run/results/05_analysis_masks/cpdna_population_sites.bed	/home/neil/Downloads/dudleya/Dudleya_S_genomes/full_pipeline_run/results/06_all_sample_alignment/qc/TULP_LP_145_Du-307.depth.tsv
TULP_LP_145_Du-307	QB3.Berkeley.251217/QB3.Results.260109	D. setchellii	TULP	mtdna_permissive_coverage	mtDNA	sample_qc_coverage	mitochondria	1	243359	5092452	20.925678	243352	0.999971	242368	0.995928	227606	0.935268	/home/neil/Downloads/dudleya/Dudleya_S_genomes/full_pipeline_run/results/05_analysis_masks/mtdna_permissive_coverage_regions.bed	/home/neil/Downloads/dudleya/Dudleya_S_genomes/full_pipeline_run/results/06_all_sample_alignment/qc/TULP_LP_145_Du-307.depth.tsv
TULP_LP_145_Du-307	QB3.Berkeley.251217/QB3.Results.260109	D. setchellii	TULP	mtdna_high_confidence_unique	mtDNA	variant_calling_and_population_genetics	mitochondria	2	44930	1526642	33.978233	44928	0.999955	44927	0.999933	44914	0.999644	/home/neil/Downloads/dudleya/Dudleya_S_genomes/full_pipeline_run/results/05_analysis_masks/mtdna_high_confidence_unique_regions.bed	/home/neil/Downloads/dudleya/Dudleya_S_genomes/full_pipeline_run/results/06_all_sample_alignment/qc/TULP_LP_145_Du-307.depth.tsv
TULP_LP_146_Du-308	QB3.Berkeley.251217/QB3.Results.260109	D. setchellii	TULP	cpdna_full_coverage	cpDNA	sample_qc_coverage	chloroplast	1	150274	16503509	109.822784	150270	0.999973	150213	0.999594	150138	0.999095	/home/neil/Downloads/dudleya/Dudleya_S_genomes/full_pipeline_run/results/05_analysis_masks/cpdna_full_coverage_regions.bed	/home/neil/Downloads/dudleya/Dudleya_S_genomes/full_pipeline_run/results/06_all_sample_alignment/qc/TULP_LP_146_Du-308.depth.tsv
TULP_LP_146_Du-308	QB3.Berkeley.251217/QB3.Results.260109	D. setchellii	TULP	cpdna_ir_regions	cpDNA	repeat_annotation	chloroplast	2	51472	5907654	114.774130	51468	0.999922	51413	0.998854	51340	0.997435	/home/neil/Downloads/dudleya/Dudleya_S_genomes/full_pipeline_run/results/05_analysis_masks/cpdna_ir_regions.bed	/home/neil/Downloads/dudleya/Dudleya_S_genomes/full_pipeline_run/results/06_all_sample_alignment/qc/TULP_LP_146_Du-308.depth.tsv
TULP_LP_146_Du-308	QB3.Berkeley.251217/QB3.Results.260109	D. setchellii	TULP	cpdna_duplicate_ir_mask	cpDNA	mask	chloroplast	1	25736	2837924	110.270594	25735	0.999961	25690	0.998213	25626	0.995726	/home/neil/Downloads/dudleya/Dudleya_S_genomes/full_pipeline_run/results/05_analysis_masks/cpdna_duplicate_ir_copy_mask.bed	/home/neil/Downloads/dudleya/Dudleya_S_genomes/full_pipeline_run/results/06_all_sample_alignment/qc/TULP_LP_146_Du-308.depth.tsv
TULP_LP_146_Du-308	QB3.Berkeley.251217/QB3.Results.260109	D. setchellii	TULP	cpdna_population_sites	cpDNA	variant_calling_and_population_genetics	chloroplast	1	124538	13665585	109.730243	124535	0.999976	124523	0.999880	124512	0.999791	/home/neil/Downloads/dudleya/Dudleya_S_genomes/full_pipeline_run/results/05_analysis_masks/cpdna_population_sites.bed	/home/neil/Downloads/dudleya/Dudleya_S_genomes/full_pipeline_run/results/06_all_sample_alignment/qc/TULP_LP_146_Du-308.depth.tsv
TULP_LP_146_Du-308	QB3.Berkeley.251217/QB3.Results.260109	D. setchellii	TULP	mtdna_permissive_coverage	mtDNA	sample_qc_coverage	mitochondria	1	243359	2768994	11.378227	243047	0.998718	222392	0.913843	132687	0.545232	/home/neil/Downloads/dudleya/Dudleya_S_genomes/full_pipeline_run/results/05_analysis_masks/mtdna_permissive_coverage_regions.bed	/home/neil/Downloads/dudleya/Dudleya_S_genomes/full_pipeline_run/results/06_all_sample_alignment/qc/TULP_LP_146_Du-308.depth.tsv
TULP_LP_146_Du-308	QB3.Berkeley.251217/QB3.Results.260109	D. setchellii	TULP	mtdna_high_confidence_unique	mtDNA	variant_calling_and_population_genetics	mitochondria	2	44930	865255	19.257846	44930	1.000000	44811	0.997351	42116	0.937369	/home/neil/Downloads/dudleya/Dudleya_S_genomes/full_pipeline_run/results/05_analysis_masks/mtdna_high_confidence_unique_regions.bed	/home/neil/Downloads/dudleya/Dudleya_S_genomes/full_pipeline_run/results/06_all_sample_alignment/qc/TULP_LP_146_Du-308.depth.tsv
TULP_LP_147_Du-309	QB3.Berkeley.251217/QB3.Results.260109	D. setchellii	TULP	cpdna_full_coverage	cpDNA	sample_qc_coverage	chloroplast	1	150274	291199116	1937.787748	150274	1.000000	150273	0.999993	150272	0.999987	/home/neil/Downloads/dudleya/Dudleya_S_genomes/full_pipeline_run/results/05_analysis_masks/cpdna_full_coverage_regions.bed	/home/neil/Downloads/dudleya/Dudleya_S_genomes/full_pipeline_run/results/06_all_sample_alignment/qc/TULP_LP_147_Du-309.depth.tsv
TULP_LP_147_Du-309	QB3.Berkeley.251217/QB3.Results.260109	D. setchellii	TULP	cpdna_ir_regions	cpDNA	repeat_annotation	chloroplast	2	51472	99279604	1928.807973	51472	1.000000	51471	0.999981	51470	0.999961	/home/neil/Downloads/dudleya/Dudleya_S_genomes/full_pipeline_run/results/05_analysis_masks/cpdna_ir_regions.bed	/home/neil/Downloads/dudleya/Dudleya_S_genomes/full_pipeline_run/results/06_all_sample_alignment/qc/TULP_LP_147_Du-309.depth.tsv
TULP_LP_147_Du-309	QB3.Berkeley.251217/QB3.Results.260109	D. setchellii	TULP	cpdna_duplicate_ir_mask	cpDNA	mask	chloroplast	1	25736	48478499	1883.684294	25736	1.000000	25735	0.999961	25734	0.999922	/home/neil/Downloads/dudleya/Dudleya_S_genomes/full_pipeline_run/results/05_analysis_masks/cpdna_duplicate_ir_copy_mask.bed	/home/neil/Downloads/dudleya/Dudleya_S_genomes/full_pipeline_run/results/06_all_sample_alignment/qc/TULP_LP_147_Du-309.depth.tsv
TULP_LP_147_Du-309	QB3.Berkeley.251217/QB3.Results.260109	D. setchellii	TULP	cpdna_population_sites	cpDNA	variant_calling_and_population_genetics	chloroplast	1	124538	242720617	1948.968323	124538	1.000000	124538	1.000000	124538	1.000000	/home/neil/Downloads/dudleya/Dudleya_S_genomes/full_pipeline_run/results/05_analysis_masks/cpdna_population_sites.bed	/home/neil/Downloads/dudleya/Dudleya_S_genomes/full_pipeline_run/results/06_all_sample_alignment/qc/TULP_LP_147_Du-309.depth.tsv
TULP_LP_147_Du-309	QB3.Berkeley.251217/QB3.Results.260109	D. setchellii	TULP	mtdna_permissive_coverage	mtDNA	sample_qc_coverage	mitochondria	1	243359	28663901	117.784430	243356	0.999988	243344	0.999938	243328	0.999873	/home/neil/Downloads/dudleya/Dudleya_S_genomes/full_pipeline_run/results/05_analysis_masks/mtdna_permissive_coverage_regions.bed	/home/neil/Downloads/dudleya/Dudleya_S_genomes/full_pipeline_run/results/06_all_sample_alignment/qc/TULP_LP_147_Du-309.depth.tsv
TULP_LP_147_Du-309	QB3.Berkeley.251217/QB3.Results.260109	D. setchellii	TULP	mtdna_high_confidence_unique	mtDNA	variant_calling_and_population_genetics	mitochondria	2	44930	8608671	191.601847	44930	1.000000	44929	0.999978	44927	0.999933	/home/neil/Downloads/dudleya/Dudleya_S_genomes/full_pipeline_run/results/05_analysis_masks/mtdna_high_confidence_unique_regions.bed	/home/neil/Downloads/dudleya/Dudleya_S_genomes/full_pipeline_run/results/06_all_sample_alignment/qc/TULP_LP_147_Du-309.depth.tsv
TULP_LP_148_Du-310	QB3.Berkeley.251217/QB3.Results.260109	D. setchellii	TULP	cpdna_full_coverage	cpDNA	sample_qc_coverage	chloroplast	1	150274	43691662	290.746649	150274	1.000000	150271	0.999980	150257	0.999887	/home/neil/Downloads/dudleya/Dudleya_S_genomes/full_pipeline_run/results/05_analysis_masks/cpdna_full_coverage_regions.bed	/home/neil/Downloads/dudleya/Dudleya_S_genomes/full_pipeline_run/results/06_all_sample_alignment/qc/TULP_LP_148_Du-310.depth.tsv
TULP_LP_148_Du-310	QB3.Berkeley.251217/QB3.Results.260109	D. setchellii	TULP	cpdna_ir_regions	cpDNA	repeat_annotation	chloroplast	2	51472	17562263	341.200323	51472	1.000000	51469	0.999942	51458	0.999728	/home/neil/Downloads/dudleya/Dudleya_S_genomes/full_pipeline_run/results/05_analysis_masks/cpdna_ir_regions.bed	/home/neil/Downloads/dudleya/Dudleya_S_genomes/full_pipeline_run/results/06_all_sample_alignment/qc/TULP_LP_148_Du-310.depth.tsv
TULP_LP_148_Du-310	QB3.Berkeley.251217/QB3.Results.260109	D. setchellii	TULP	cpdna_duplicate_ir_mask	cpDNA	mask	chloroplast	1	25736	8542277	331.919374	25736	1.000000	25733	0.999883	25726	0.999611	/home/neil/Downloads/dudleya/Dudleya_S_genomes/full_pipeline_run/results/05_analysis_masks/cpdna_duplicate_ir_copy_mask.bed	/home/neil/Downloads/dudleya/Dudleya_S_genomes/full_pipeline_run/results/06_all_sample_alignment/qc/TULP_LP_148_Du-310.depth.tsv
TULP_LP_148_Du-310	QB3.Berkeley.251217/QB3.Results.260109	D. setchellii	TULP	cpdna_population_sites	cpDNA	variant_calling_and_population_genetics	chloroplast	1	124538	35149385	282.238233	124538	1.000000	124538	1.000000	124531	0.999944	/home/neil/Downloads/dudleya/Dudleya_S_genomes/full_pipeline_run/results/05_analysis_masks/cpdna_population_sites.bed	/home/neil/Downloads/dudleya/Dudleya_S_genomes/full_pipeline_run/results/06_all_sample_alignment/qc/TULP_LP_148_Du-310.depth.tsv
TULP_LP_148_Du-310	QB3.Berkeley.251217/QB3.Results.260109	D. setchellii	TULP	mtdna_permissive_coverage	mtDNA	sample_qc_coverage	mitochondria	1	243359	4819733	19.805033	243318	0.999832	239125	0.982602	206642	0.849124	/home/neil/Downloads/dudleya/Dudleya_S_genomes/full_pipeline_run/results/05_analysis_masks/mtdna_permissive_coverage_regions.bed	/home/neil/Downloads/dudleya/Dudleya_S_genomes/full_pipeline_run/results/06_all_sample_alignment/qc/TULP_LP_148_Du-310.depth.tsv
TULP_LP_148_Du-310	QB3.Berkeley.251217/QB3.Results.260109	D. setchellii	TULP	mtdna_high_confidence_unique	mtDNA	variant_calling_and_population_genetics	mitochondria	2	44930	1519683	33.823347	44927	0.999933	44927	0.999933	44852	0.998264	/home/neil/Downloads/dudleya/Dudleya_S_genomes/full_pipeline_run/results/05_analysis_masks/mtdna_high_confidence_unique_regions.bed	/home/neil/Downloads/dudleya/Dudleya_S_genomes/full_pipeline_run/results/06_all_sample_alignment/qc/TULP_LP_148_Du-310.depth.tsv
