sample_id	step	command
DU-173	align_filter_sort	bwa mem -t 16 dudleya_organelle_reference_verification/references/dudleya_cp_mt.fa genomicsDrive_data_dump/QB3.Berkeley.241122/QB3.Dudleya.Results.250118/DU-173_S73_L008_R1_001.fastq.gz genomicsDrive_data_dump/QB3.Berkeley.241122/QB3.Dudleya.Results.250118/DU-173_S73_L008_R2_001.fastq.gz | samtools view -@ 16 -b -F 4 -q 0 - | samtools sort -@ 16 -o /home/neil/Downloads/dudleya/Dudleya_S_genomes/full_pipeline_run/results/06_all_sample_alignment/bam/DU-173.organelle.sorted.tmp.bam -
DU-173	index	samtools index /home/neil/Downloads/dudleya/Dudleya_S_genomes/full_pipeline_run/results/06_all_sample_alignment/bam/DU-173.organelle.sorted.bam
DU-173	flagstat	samtools flagstat /home/neil/Downloads/dudleya/Dudleya_S_genomes/full_pipeline_run/results/06_all_sample_alignment/bam/DU-173.organelle.sorted.bam
DU-173	idxstats	samtools idxstats /home/neil/Downloads/dudleya/Dudleya_S_genomes/full_pipeline_run/results/06_all_sample_alignment/bam/DU-173.organelle.sorted.bam
DU-173	depth	samtools depth -aa -q 20 -Q 0 /home/neil/Downloads/dudleya/Dudleya_S_genomes/full_pipeline_run/results/06_all_sample_alignment/bam/DU-173.organelle.sorted.bam
DU-229	align_filter_sort	bwa mem -t 16 dudleya_organelle_reference_verification/references/dudleya_cp_mt.fa genomicsDrive_data_dump/QB3.Berkeley.241122/QB3.Dudleya.Results.250118/DU-229_S75_L008_R1_001.fastq.gz genomicsDrive_data_dump/QB3.Berkeley.241122/QB3.Dudleya.Results.250118/DU-229_S75_L008_R2_001.fastq.gz | samtools view -@ 16 -b -F 4 -q 0 - | samtools sort -@ 16 -o /home/neil/Downloads/dudleya/Dudleya_S_genomes/full_pipeline_run/results/06_all_sample_alignment/bam/DU-229.organelle.sorted.tmp.bam -
DU-229	index	samtools index /home/neil/Downloads/dudleya/Dudleya_S_genomes/full_pipeline_run/results/06_all_sample_alignment/bam/DU-229.organelle.sorted.bam
DU-229	flagstat	samtools flagstat /home/neil/Downloads/dudleya/Dudleya_S_genomes/full_pipeline_run/results/06_all_sample_alignment/bam/DU-229.organelle.sorted.bam
DU-229	idxstats	samtools idxstats /home/neil/Downloads/dudleya/Dudleya_S_genomes/full_pipeline_run/results/06_all_sample_alignment/bam/DU-229.organelle.sorted.bam
DU-229	depth	samtools depth -aa -q 20 -Q 0 /home/neil/Downloads/dudleya/Dudleya_S_genomes/full_pipeline_run/results/06_all_sample_alignment/bam/DU-229.organelle.sorted.bam
DU-247	align_filter_sort	bwa mem -t 16 dudleya_organelle_reference_verification/references/dudleya_cp_mt.fa genomicsDrive_data_dump/QB3.Berkeley.241122/QB3.Dudleya.Results.250118/DU-247_S70_L008_R1_001.fastq.gz genomicsDrive_data_dump/QB3.Berkeley.241122/QB3.Dudleya.Results.250118/DU-247_S70_L008_R2_001.fastq.gz | samtools view -@ 16 -b -F 4 -q 0 - | samtools sort -@ 16 -o /home/neil/Downloads/dudleya/Dudleya_S_genomes/full_pipeline_run/results/06_all_sample_alignment/bam/DU-247.organelle.sorted.tmp.bam -
DU-247	index	samtools index /home/neil/Downloads/dudleya/Dudleya_S_genomes/full_pipeline_run/results/06_all_sample_alignment/bam/DU-247.organelle.sorted.bam
DU-247	flagstat	samtools flagstat /home/neil/Downloads/dudleya/Dudleya_S_genomes/full_pipeline_run/results/06_all_sample_alignment/bam/DU-247.organelle.sorted.bam
DU-247	idxstats	samtools idxstats /home/neil/Downloads/dudleya/Dudleya_S_genomes/full_pipeline_run/results/06_all_sample_alignment/bam/DU-247.organelle.sorted.bam
DU-247	depth	samtools depth -aa -q 20 -Q 0 /home/neil/Downloads/dudleya/Dudleya_S_genomes/full_pipeline_run/results/06_all_sample_alignment/bam/DU-247.organelle.sorted.bam
DU-254	align_filter_sort	bwa mem -t 16 dudleya_organelle_reference_verification/references/dudleya_cp_mt.fa genomicsDrive_data_dump/QB3.Berkeley.241122/QB3.Dudleya.Results.250118/DU-254_S71_L008_R1_001.fastq.gz genomicsDrive_data_dump/QB3.Berkeley.241122/QB3.Dudleya.Results.250118/DU-254_S71_L008_R2_001.fastq.gz | samtools view -@ 16 -b -F 4 -q 0 - | samtools sort -@ 16 -o /home/neil/Downloads/dudleya/Dudleya_S_genomes/full_pipeline_run/results/06_all_sample_alignment/bam/DU-254.organelle.sorted.tmp.bam -
DU-254	index	samtools index /home/neil/Downloads/dudleya/Dudleya_S_genomes/full_pipeline_run/results/06_all_sample_alignment/bam/DU-254.organelle.sorted.bam
DU-254	flagstat	samtools flagstat /home/neil/Downloads/dudleya/Dudleya_S_genomes/full_pipeline_run/results/06_all_sample_alignment/bam/DU-254.organelle.sorted.bam
DU-254	idxstats	samtools idxstats /home/neil/Downloads/dudleya/Dudleya_S_genomes/full_pipeline_run/results/06_all_sample_alignment/bam/DU-254.organelle.sorted.bam
DU-254	depth	samtools depth -aa -q 20 -Q 0 /home/neil/Downloads/dudleya/Dudleya_S_genomes/full_pipeline_run/results/06_all_sample_alignment/bam/DU-254.organelle.sorted.bam
DU-270	align_filter_sort	bwa mem -t 16 dudleya_organelle_reference_verification/references/dudleya_cp_mt.fa genomicsDrive_data_dump/QB3.Berkeley.241122/QB3.Dudleya.Results.250118/DU-270_S72_L008_R1_001.fastq.gz genomicsDrive_data_dump/QB3.Berkeley.241122/QB3.Dudleya.Results.250118/DU-270_S72_L008_R2_001.fastq.gz | samtools view -@ 16 -b -F 4 -q 0 - | samtools sort -@ 16 -o /home/neil/Downloads/dudleya/Dudleya_S_genomes/full_pipeline_run/results/06_all_sample_alignment/bam/DU-270.organelle.sorted.tmp.bam -
DU-270	index	samtools index /home/neil/Downloads/dudleya/Dudleya_S_genomes/full_pipeline_run/results/06_all_sample_alignment/bam/DU-270.organelle.sorted.bam
DU-270	flagstat	samtools flagstat /home/neil/Downloads/dudleya/Dudleya_S_genomes/full_pipeline_run/results/06_all_sample_alignment/bam/DU-270.organelle.sorted.bam
DU-270	idxstats	samtools idxstats /home/neil/Downloads/dudleya/Dudleya_S_genomes/full_pipeline_run/results/06_all_sample_alignment/bam/DU-270.organelle.sorted.bam
DU-270	depth	samtools depth -aa -q 20 -Q 0 /home/neil/Downloads/dudleya/Dudleya_S_genomes/full_pipeline_run/results/06_all_sample_alignment/bam/DU-270.organelle.sorted.bam
DU-297	align_filter_sort	bwa mem -t 16 dudleya_organelle_reference_verification/references/dudleya_cp_mt.fa genomicsDrive_data_dump/QB3.Berkeley.241122/QB3.Dudleya.Results.250118/DU-297_S69_L008_R1_001.fastq.gz genomicsDrive_data_dump/QB3.Berkeley.241122/QB3.Dudleya.Results.250118/DU-297_S69_L008_R2_001.fastq.gz | samtools view -@ 16 -b -F 4 -q 0 - | samtools sort -@ 16 -o /home/neil/Downloads/dudleya/Dudleya_S_genomes/full_pipeline_run/results/06_all_sample_alignment/bam/DU-297.organelle.sorted.tmp.bam -
DU-297	index	samtools index /home/neil/Downloads/dudleya/Dudleya_S_genomes/full_pipeline_run/results/06_all_sample_alignment/bam/DU-297.organelle.sorted.bam
DU-297	flagstat	samtools flagstat /home/neil/Downloads/dudleya/Dudleya_S_genomes/full_pipeline_run/results/06_all_sample_alignment/bam/DU-297.organelle.sorted.bam
DU-297	idxstats	samtools idxstats /home/neil/Downloads/dudleya/Dudleya_S_genomes/full_pipeline_run/results/06_all_sample_alignment/bam/DU-297.organelle.sorted.bam
DU-297	depth	samtools depth -aa -q 20 -Q 0 /home/neil/Downloads/dudleya/Dudleya_S_genomes/full_pipeline_run/results/06_all_sample_alignment/bam/DU-297.organelle.sorted.bam
DU-443	align_filter_sort	bwa mem -t 16 dudleya_organelle_reference_verification/references/dudleya_cp_mt.fa genomicsDrive_data_dump/QB3.Berkeley.241122/QB3.Dudleya.Results.250118/DU-443_S74_L008_R1_001.fastq.gz genomicsDrive_data_dump/QB3.Berkeley.241122/QB3.Dudleya.Results.250118/DU-443_S74_L008_R2_001.fastq.gz | samtools view -@ 16 -b -F 4 -q 0 - | samtools sort -@ 16 -o /home/neil/Downloads/dudleya/Dudleya_S_genomes/full_pipeline_run/results/06_all_sample_alignment/bam/DU-443.organelle.sorted.tmp.bam -
DU-443	index	samtools index /home/neil/Downloads/dudleya/Dudleya_S_genomes/full_pipeline_run/results/06_all_sample_alignment/bam/DU-443.organelle.sorted.bam
DU-443	flagstat	samtools flagstat /home/neil/Downloads/dudleya/Dudleya_S_genomes/full_pipeline_run/results/06_all_sample_alignment/bam/DU-443.organelle.sorted.bam
DU-443	idxstats	samtools idxstats /home/neil/Downloads/dudleya/Dudleya_S_genomes/full_pipeline_run/results/06_all_sample_alignment/bam/DU-443.organelle.sorted.bam
DU-443	depth	samtools depth -aa -q 20 -Q 0 /home/neil/Downloads/dudleya/Dudleya_S_genomes/full_pipeline_run/results/06_all_sample_alignment/bam/DU-443.organelle.sorted.bam
DU-4A	align_filter_sort	bwa mem -t 16 dudleya_organelle_reference_verification/references/dudleya_cp_mt.fa genomicsDrive_data_dump/QB3.Berkeley.241122/QB3.Dudleya.Results.250118/DU-4A_S68_L008_R1_001.fastq.gz genomicsDrive_data_dump/QB3.Berkeley.241122/QB3.Dudleya.Results.250118/DU-4A_S68_L008_R2_001.fastq.gz | samtools view -@ 16 -b -F 4 -q 0 - | samtools sort -@ 16 -o /home/neil/Downloads/dudleya/Dudleya_S_genomes/full_pipeline_run/results/06_all_sample_alignment/bam/DU-4A.organelle.sorted.tmp.bam -
DU-4A	index	samtools index /home/neil/Downloads/dudleya/Dudleya_S_genomes/full_pipeline_run/results/06_all_sample_alignment/bam/DU-4A.organelle.sorted.bam
DU-4A	flagstat	samtools flagstat /home/neil/Downloads/dudleya/Dudleya_S_genomes/full_pipeline_run/results/06_all_sample_alignment/bam/DU-4A.organelle.sorted.bam
DU-4A	idxstats	samtools idxstats /home/neil/Downloads/dudleya/Dudleya_S_genomes/full_pipeline_run/results/06_all_sample_alignment/bam/DU-4A.organelle.sorted.bam
DU-4A	depth	samtools depth -aa -q 20 -Q 0 /home/neil/Downloads/dudleya/Dudleya_S_genomes/full_pipeline_run/results/06_all_sample_alignment/bam/DU-4A.organelle.sorted.bam
DU014LP012	align_filter_sort	bwa mem -t 16 dudleya_organelle_reference_verification/references/dudleya_cp_mt.fa genomicsDrive_data_dump/QB3.Berkeley.250811/QB3.250916.Results5genomes/DU014LP012_S4_L005_R1_001.fastq.gz genomicsDrive_data_dump/QB3.Berkeley.250811/QB3.250916.Results5genomes/DU014LP012_S4_L005_R2_001.fastq.gz | samtools view -@ 16 -b -F 4 -q 0 - | samtools sort -@ 16 -o /home/neil/Downloads/dudleya/Dudleya_S_genomes/full_pipeline_run/results/06_all_sample_alignment/bam/DU014LP012.organelle.sorted.tmp.bam -
DU014LP012	index	samtools index /home/neil/Downloads/dudleya/Dudleya_S_genomes/full_pipeline_run/results/06_all_sample_alignment/bam/DU014LP012.organelle.sorted.bam
DU014LP012	flagstat	samtools flagstat /home/neil/Downloads/dudleya/Dudleya_S_genomes/full_pipeline_run/results/06_all_sample_alignment/bam/DU014LP012.organelle.sorted.bam
DU014LP012	idxstats	samtools idxstats /home/neil/Downloads/dudleya/Dudleya_S_genomes/full_pipeline_run/results/06_all_sample_alignment/bam/DU014LP012.organelle.sorted.bam
DU014LP012	depth	samtools depth -aa -q 20 -Q 0 /home/neil/Downloads/dudleya/Dudleya_S_genomes/full_pipeline_run/results/06_all_sample_alignment/bam/DU014LP012.organelle.sorted.bam
DU037LP013	align_filter_sort	bwa mem -t 16 dudleya_organelle_reference_verification/references/dudleya_cp_mt.fa genomicsDrive_data_dump/QB3.Berkeley.250811/QB3.250916.Results5genomes/DU037LP013_S5_L005_R1_001.fastq.gz genomicsDrive_data_dump/QB3.Berkeley.250811/QB3.250916.Results5genomes/DU037LP013_S5_L005_R2_001.fastq.gz | samtools view -@ 16 -b -F 4 -q 0 - | samtools sort -@ 16 -o /home/neil/Downloads/dudleya/Dudleya_S_genomes/full_pipeline_run/results/06_all_sample_alignment/bam/DU037LP013.organelle.sorted.tmp.bam -
DU037LP013	index	samtools index /home/neil/Downloads/dudleya/Dudleya_S_genomes/full_pipeline_run/results/06_all_sample_alignment/bam/DU037LP013.organelle.sorted.bam
DU037LP013	flagstat	samtools flagstat /home/neil/Downloads/dudleya/Dudleya_S_genomes/full_pipeline_run/results/06_all_sample_alignment/bam/DU037LP013.organelle.sorted.bam
DU037LP013	idxstats	samtools idxstats /home/neil/Downloads/dudleya/Dudleya_S_genomes/full_pipeline_run/results/06_all_sample_alignment/bam/DU037LP013.organelle.sorted.bam
DU037LP013	depth	samtools depth -aa -q 20 -Q 0 /home/neil/Downloads/dudleya/Dudleya_S_genomes/full_pipeline_run/results/06_all_sample_alignment/bam/DU037LP013.organelle.sorted.bam
DU059LP015	align_filter_sort	bwa mem -t 16 dudleya_organelle_reference_verification/references/dudleya_cp_mt.fa genomicsDrive_data_dump/QB3.Berkeley.250811/QB3.250916.Results5genomes/DU059LP015_S6_L005_R1_001.fastq.gz genomicsDrive_data_dump/QB3.Berkeley.250811/QB3.250916.Results5genomes/DU059LP015_S6_L005_R2_001.fastq.gz | samtools view -@ 16 -b -F 4 -q 0 - | samtools sort -@ 16 -o /home/neil/Downloads/dudleya/Dudleya_S_genomes/full_pipeline_run/results/06_all_sample_alignment/bam/DU059LP015.organelle.sorted.tmp.bam -
DU059LP015	index	samtools index /home/neil/Downloads/dudleya/Dudleya_S_genomes/full_pipeline_run/results/06_all_sample_alignment/bam/DU059LP015.organelle.sorted.bam
DU059LP015	flagstat	samtools flagstat /home/neil/Downloads/dudleya/Dudleya_S_genomes/full_pipeline_run/results/06_all_sample_alignment/bam/DU059LP015.organelle.sorted.bam
DU059LP015	idxstats	samtools idxstats /home/neil/Downloads/dudleya/Dudleya_S_genomes/full_pipeline_run/results/06_all_sample_alignment/bam/DU059LP015.organelle.sorted.bam
DU059LP015	depth	samtools depth -aa -q 20 -Q 0 /home/neil/Downloads/dudleya/Dudleya_S_genomes/full_pipeline_run/results/06_all_sample_alignment/bam/DU059LP015.organelle.sorted.bam
DU078LP011	align_filter_sort	bwa mem -t 16 dudleya_organelle_reference_verification/references/dudleya_cp_mt.fa genomicsDrive_data_dump/QB3.Berkeley.250811/QB3.250916.Results5genomes/DU078LP011_S7_L005_R1_001.fastq.gz genomicsDrive_data_dump/QB3.Berkeley.250811/QB3.250916.Results5genomes/DU078LP011_S7_L005_R2_001.fastq.gz | samtools view -@ 16 -b -F 4 -q 0 - | samtools sort -@ 16 -o /home/neil/Downloads/dudleya/Dudleya_S_genomes/full_pipeline_run/results/06_all_sample_alignment/bam/DU078LP011.organelle.sorted.tmp.bam -
DU078LP011	index	samtools index /home/neil/Downloads/dudleya/Dudleya_S_genomes/full_pipeline_run/results/06_all_sample_alignment/bam/DU078LP011.organelle.sorted.bam
DU078LP011	flagstat	samtools flagstat /home/neil/Downloads/dudleya/Dudleya_S_genomes/full_pipeline_run/results/06_all_sample_alignment/bam/DU078LP011.organelle.sorted.bam
DU078LP011	idxstats	samtools idxstats /home/neil/Downloads/dudleya/Dudleya_S_genomes/full_pipeline_run/results/06_all_sample_alignment/bam/DU078LP011.organelle.sorted.bam
DU078LP011	depth	samtools depth -aa -q 20 -Q 0 /home/neil/Downloads/dudleya/Dudleya_S_genomes/full_pipeline_run/results/06_all_sample_alignment/bam/DU078LP011.organelle.sorted.bam
DU079LP010	align_filter_sort	bwa mem -t 16 dudleya_organelle_reference_verification/references/dudleya_cp_mt.fa genomicsDrive_data_dump/QB3.Berkeley.250811/QB3.250916.Results5genomes/DU079LP010_S8_L005_R1_001.fastq.gz genomicsDrive_data_dump/QB3.Berkeley.250811/QB3.250916.Results5genomes/DU079LP010_S8_L005_R2_001.fastq.gz | samtools view -@ 16 -b -F 4 -q 0 - | samtools sort -@ 16 -o /home/neil/Downloads/dudleya/Dudleya_S_genomes/full_pipeline_run/results/06_all_sample_alignment/bam/DU079LP010.organelle.sorted.tmp.bam -
DU079LP010	index	samtools index /home/neil/Downloads/dudleya/Dudleya_S_genomes/full_pipeline_run/results/06_all_sample_alignment/bam/DU079LP010.organelle.sorted.bam
DU079LP010	flagstat	samtools flagstat /home/neil/Downloads/dudleya/Dudleya_S_genomes/full_pipeline_run/results/06_all_sample_alignment/bam/DU079LP010.organelle.sorted.bam
DU079LP010	idxstats	samtools idxstats /home/neil/Downloads/dudleya/Dudleya_S_genomes/full_pipeline_run/results/06_all_sample_alignment/bam/DU079LP010.organelle.sorted.bam
DU079LP010	depth	samtools depth -aa -q 20 -Q 0 /home/neil/Downloads/dudleya/Dudleya_S_genomes/full_pipeline_run/results/06_all_sample_alignment/bam/DU079LP010.organelle.sorted.bam
ABAB_MAD_LP_222_Du-589	align_filter_sort	bwa mem -t 16 dudleya_organelle_reference_verification/references/dudleya_cp_mt.fa genomicsDrive_data_dump/QB3.Berkeley.251217/QB3.Results.260109/ABAB_MAD/ABAB_MAD_LP_222_Du-589_S244_L005_R1_001.fastq.gz genomicsDrive_data_dump/QB3.Berkeley.251217/QB3.Results.260109/ABAB_MAD/ABAB_MAD_LP_222_Du-589_S244_L005_R2_001.fastq.gz | samtools view -@ 16 -b -F 4 -q 0 - | samtools sort -@ 16 -o /home/neil/Downloads/dudleya/Dudleya_S_genomes/full_pipeline_run/results/06_all_sample_alignment/bam/ABAB_MAD_LP_222_Du-589.organelle.sorted.tmp.bam -
ABAB_MAD_LP_222_Du-589	index	samtools index /home/neil/Downloads/dudleya/Dudleya_S_genomes/full_pipeline_run/results/06_all_sample_alignment/bam/ABAB_MAD_LP_222_Du-589.organelle.sorted.bam
ABAB_MAD_LP_222_Du-589	flagstat	samtools flagstat /home/neil/Downloads/dudleya/Dudleya_S_genomes/full_pipeline_run/results/06_all_sample_alignment/bam/ABAB_MAD_LP_222_Du-589.organelle.sorted.bam
ABAB_MAD_LP_222_Du-589	idxstats	samtools idxstats /home/neil/Downloads/dudleya/Dudleya_S_genomes/full_pipeline_run/results/06_all_sample_alignment/bam/ABAB_MAD_LP_222_Du-589.organelle.sorted.bam
ABAB_MAD_LP_222_Du-589	depth	samtools depth -aa -q 20 -Q 0 /home/neil/Downloads/dudleya/Dudleya_S_genomes/full_pipeline_run/results/06_all_sample_alignment/bam/ABAB_MAD_LP_222_Du-589.organelle.sorted.bam
ABAB_MAD_LP_223_Du-590	align_filter_sort	bwa mem -t 16 dudleya_organelle_reference_verification/references/dudleya_cp_mt.fa genomicsDrive_data_dump/QB3.Berkeley.251217/QB3.Results.260109/ABAB_MAD/ABAB_MAD_LP_223_Du-590_S253_L005_R1_001.fastq.gz genomicsDrive_data_dump/QB3.Berkeley.251217/QB3.Results.260109/ABAB_MAD/ABAB_MAD_LP_223_Du-590_S253_L005_R2_001.fastq.gz | samtools view -@ 16 -b -F 4 -q 0 - | samtools sort -@ 16 -o /home/neil/Downloads/dudleya/Dudleya_S_genomes/full_pipeline_run/results/06_all_sample_alignment/bam/ABAB_MAD_LP_223_Du-590.organelle.sorted.tmp.bam -
ABAB_MAD_LP_223_Du-590	index	samtools index /home/neil/Downloads/dudleya/Dudleya_S_genomes/full_pipeline_run/results/06_all_sample_alignment/bam/ABAB_MAD_LP_223_Du-590.organelle.sorted.bam
ABAB_MAD_LP_223_Du-590	flagstat	samtools flagstat /home/neil/Downloads/dudleya/Dudleya_S_genomes/full_pipeline_run/results/06_all_sample_alignment/bam/ABAB_MAD_LP_223_Du-590.organelle.sorted.bam
ABAB_MAD_LP_223_Du-590	idxstats	samtools idxstats /home/neil/Downloads/dudleya/Dudleya_S_genomes/full_pipeline_run/results/06_all_sample_alignment/bam/ABAB_MAD_LP_223_Du-590.organelle.sorted.bam
ABAB_MAD_LP_223_Du-590	depth	samtools depth -aa -q 20 -Q 0 /home/neil/Downloads/dudleya/Dudleya_S_genomes/full_pipeline_run/results/06_all_sample_alignment/bam/ABAB_MAD_LP_223_Du-590.organelle.sorted.bam
ABAB_MAD_LP_322_Du-593	align_filter_sort	bwa mem -t 16 dudleya_organelle_reference_verification/references/dudleya_cp_mt.fa genomicsDrive_data_dump/QB3.Berkeley.251217/QB3.Results.260109/ABAB_MAD/ABAB_MAD_LP_322_Du-593_S172_L005_R1_001.fastq.gz genomicsDrive_data_dump/QB3.Berkeley.251217/QB3.Results.260109/ABAB_MAD/ABAB_MAD_LP_322_Du-593_S172_L005_R2_001.fastq.gz | samtools view -@ 16 -b -F 4 -q 0 - | samtools sort -@ 16 -o /home/neil/Downloads/dudleya/Dudleya_S_genomes/full_pipeline_run/results/06_all_sample_alignment/bam/ABAB_MAD_LP_322_Du-593.organelle.sorted.tmp.bam -
ABAB_MAD_LP_322_Du-593	index	samtools index /home/neil/Downloads/dudleya/Dudleya_S_genomes/full_pipeline_run/results/06_all_sample_alignment/bam/ABAB_MAD_LP_322_Du-593.organelle.sorted.bam
ABAB_MAD_LP_322_Du-593	flagstat	samtools flagstat /home/neil/Downloads/dudleya/Dudleya_S_genomes/full_pipeline_run/results/06_all_sample_alignment/bam/ABAB_MAD_LP_322_Du-593.organelle.sorted.bam
ABAB_MAD_LP_322_Du-593	idxstats	samtools idxstats /home/neil/Downloads/dudleya/Dudleya_S_genomes/full_pipeline_run/results/06_all_sample_alignment/bam/ABAB_MAD_LP_322_Du-593.organelle.sorted.bam
ABAB_MAD_LP_322_Du-593	depth	samtools depth -aa -q 20 -Q 0 /home/neil/Downloads/dudleya/Dudleya_S_genomes/full_pipeline_run/results/06_all_sample_alignment/bam/ABAB_MAD_LP_322_Du-593.organelle.sorted.bam
ABAB_MAD_LP_323_Du-594	align_filter_sort	bwa mem -t 16 dudleya_organelle_reference_verification/references/dudleya_cp_mt.fa genomicsDrive_data_dump/QB3.Berkeley.251217/QB3.Results.260109/ABAB_MAD/ABAB_MAD_LP_323_Du-594_S183_L005_R1_001.fastq.gz genomicsDrive_data_dump/QB3.Berkeley.251217/QB3.Results.260109/ABAB_MAD/ABAB_MAD_LP_323_Du-594_S183_L005_R2_001.fastq.gz | samtools view -@ 16 -b -F 4 -q 0 - | samtools sort -@ 16 -o /home/neil/Downloads/dudleya/Dudleya_S_genomes/full_pipeline_run/results/06_all_sample_alignment/bam/ABAB_MAD_LP_323_Du-594.organelle.sorted.tmp.bam -
ABAB_MAD_LP_323_Du-594	index	samtools index /home/neil/Downloads/dudleya/Dudleya_S_genomes/full_pipeline_run/results/06_all_sample_alignment/bam/ABAB_MAD_LP_323_Du-594.organelle.sorted.bam
ABAB_MAD_LP_323_Du-594	flagstat	samtools flagstat /home/neil/Downloads/dudleya/Dudleya_S_genomes/full_pipeline_run/results/06_all_sample_alignment/bam/ABAB_MAD_LP_323_Du-594.organelle.sorted.bam
ABAB_MAD_LP_323_Du-594	idxstats	samtools idxstats /home/neil/Downloads/dudleya/Dudleya_S_genomes/full_pipeline_run/results/06_all_sample_alignment/bam/ABAB_MAD_LP_323_Du-594.organelle.sorted.bam
ABAB_MAD_LP_323_Du-594	depth	samtools depth -aa -q 20 -Q 0 /home/neil/Downloads/dudleya/Dudleya_S_genomes/full_pipeline_run/results/06_all_sample_alignment/bam/ABAB_MAD_LP_323_Du-594.organelle.sorted.bam
ABAB_MAD_LP_324_Du-595	align_filter_sort	bwa mem -t 16 dudleya_organelle_reference_verification/references/dudleya_cp_mt.fa genomicsDrive_data_dump/QB3.Berkeley.251217/QB3.Results.260109/ABAB_MAD/ABAB_MAD_LP_324_Du-595_S194_L005_R1_001.fastq.gz genomicsDrive_data_dump/QB3.Berkeley.251217/QB3.Results.260109/ABAB_MAD/ABAB_MAD_LP_324_Du-595_S194_L005_R2_001.fastq.gz | samtools view -@ 16 -b -F 4 -q 0 - | samtools sort -@ 16 -o /home/neil/Downloads/dudleya/Dudleya_S_genomes/full_pipeline_run/results/06_all_sample_alignment/bam/ABAB_MAD_LP_324_Du-595.organelle.sorted.tmp.bam -
ABAB_MAD_LP_324_Du-595	index	samtools index /home/neil/Downloads/dudleya/Dudleya_S_genomes/full_pipeline_run/results/06_all_sample_alignment/bam/ABAB_MAD_LP_324_Du-595.organelle.sorted.bam
ABAB_MAD_LP_324_Du-595	flagstat	samtools flagstat /home/neil/Downloads/dudleya/Dudleya_S_genomes/full_pipeline_run/results/06_all_sample_alignment/bam/ABAB_MAD_LP_324_Du-595.organelle.sorted.bam
ABAB_MAD_LP_324_Du-595	idxstats	samtools idxstats /home/neil/Downloads/dudleya/Dudleya_S_genomes/full_pipeline_run/results/06_all_sample_alignment/bam/ABAB_MAD_LP_324_Du-595.organelle.sorted.bam
ABAB_MAD_LP_324_Du-595	depth	samtools depth -aa -q 20 -Q 0 /home/neil/Downloads/dudleya/Dudleya_S_genomes/full_pipeline_run/results/06_all_sample_alignment/bam/ABAB_MAD_LP_324_Du-595.organelle.sorted.bam
ABAB_MAD_LP_325_Du-596	align_filter_sort	bwa mem -t 16 dudleya_organelle_reference_verification/references/dudleya_cp_mt.fa genomicsDrive_data_dump/QB3.Berkeley.251217/QB3.Results.260109/ABAB_MAD/ABAB_MAD_LP_325_Du-596_S212_L005_R1_001.fastq.gz genomicsDrive_data_dump/QB3.Berkeley.251217/QB3.Results.260109/ABAB_MAD/ABAB_MAD_LP_325_Du-596_S212_L005_R2_001.fastq.gz | samtools view -@ 16 -b -F 4 -q 0 - | samtools sort -@ 16 -o /home/neil/Downloads/dudleya/Dudleya_S_genomes/full_pipeline_run/results/06_all_sample_alignment/bam/ABAB_MAD_LP_325_Du-596.organelle.sorted.tmp.bam -
ABAB_MAD_LP_325_Du-596	index	samtools index /home/neil/Downloads/dudleya/Dudleya_S_genomes/full_pipeline_run/results/06_all_sample_alignment/bam/ABAB_MAD_LP_325_Du-596.organelle.sorted.bam
ABAB_MAD_LP_325_Du-596	flagstat	samtools flagstat /home/neil/Downloads/dudleya/Dudleya_S_genomes/full_pipeline_run/results/06_all_sample_alignment/bam/ABAB_MAD_LP_325_Du-596.organelle.sorted.bam
ABAB_MAD_LP_325_Du-596	idxstats	samtools idxstats /home/neil/Downloads/dudleya/Dudleya_S_genomes/full_pipeline_run/results/06_all_sample_alignment/bam/ABAB_MAD_LP_325_Du-596.organelle.sorted.bam
ABAB_MAD_LP_325_Du-596	depth	samtools depth -aa -q 20 -Q 0 /home/neil/Downloads/dudleya/Dudleya_S_genomes/full_pipeline_run/results/06_all_sample_alignment/bam/ABAB_MAD_LP_325_Du-596.organelle.sorted.bam
ABAB_MAD_LP_326_Du-597	align_filter_sort	bwa mem -t 16 dudleya_organelle_reference_verification/references/dudleya_cp_mt.fa genomicsDrive_data_dump/QB3.Berkeley.251217/QB3.Results.260109/ABAB_MAD/ABAB_MAD_LP_326_Du-597_S222_L005_R1_001.fastq.gz genomicsDrive_data_dump/QB3.Berkeley.251217/QB3.Results.260109/ABAB_MAD/ABAB_MAD_LP_326_Du-597_S222_L005_R2_001.fastq.gz | samtools view -@ 16 -b -F 4 -q 0 - | samtools sort -@ 16 -o /home/neil/Downloads/dudleya/Dudleya_S_genomes/full_pipeline_run/results/06_all_sample_alignment/bam/ABAB_MAD_LP_326_Du-597.organelle.sorted.tmp.bam -
ABAB_MAD_LP_326_Du-597	index	samtools index /home/neil/Downloads/dudleya/Dudleya_S_genomes/full_pipeline_run/results/06_all_sample_alignment/bam/ABAB_MAD_LP_326_Du-597.organelle.sorted.bam
ABAB_MAD_LP_326_Du-597	flagstat	samtools flagstat /home/neil/Downloads/dudleya/Dudleya_S_genomes/full_pipeline_run/results/06_all_sample_alignment/bam/ABAB_MAD_LP_326_Du-597.organelle.sorted.bam
ABAB_MAD_LP_326_Du-597	idxstats	samtools idxstats /home/neil/Downloads/dudleya/Dudleya_S_genomes/full_pipeline_run/results/06_all_sample_alignment/bam/ABAB_MAD_LP_326_Du-597.organelle.sorted.bam
ABAB_MAD_LP_326_Du-597	depth	samtools depth -aa -q 20 -Q 0 /home/neil/Downloads/dudleya/Dudleya_S_genomes/full_pipeline_run/results/06_all_sample_alignment/bam/ABAB_MAD_LP_326_Du-597.organelle.sorted.bam
ABAB_MAD_LP_327_Du-598	align_filter_sort	bwa mem -t 16 dudleya_organelle_reference_verification/references/dudleya_cp_mt.fa genomicsDrive_data_dump/QB3.Berkeley.251217/QB3.Results.260109/ABAB_MAD/ABAB_MAD_LP_327_Du-598_S233_L005_R1_001.fastq.gz genomicsDrive_data_dump/QB3.Berkeley.251217/QB3.Results.260109/ABAB_MAD/ABAB_MAD_LP_327_Du-598_S233_L005_R2_001.fastq.gz | samtools view -@ 16 -b -F 4 -q 0 - | samtools sort -@ 16 -o /home/neil/Downloads/dudleya/Dudleya_S_genomes/full_pipeline_run/results/06_all_sample_alignment/bam/ABAB_MAD_LP_327_Du-598.organelle.sorted.tmp.bam -
ABAB_MAD_LP_327_Du-598	index	samtools index /home/neil/Downloads/dudleya/Dudleya_S_genomes/full_pipeline_run/results/06_all_sample_alignment/bam/ABAB_MAD_LP_327_Du-598.organelle.sorted.bam
ABAB_MAD_LP_327_Du-598	flagstat	samtools flagstat /home/neil/Downloads/dudleya/Dudleya_S_genomes/full_pipeline_run/results/06_all_sample_alignment/bam/ABAB_MAD_LP_327_Du-598.organelle.sorted.bam
ABAB_MAD_LP_327_Du-598	idxstats	samtools idxstats /home/neil/Downloads/dudleya/Dudleya_S_genomes/full_pipeline_run/results/06_all_sample_alignment/bam/ABAB_MAD_LP_327_Du-598.organelle.sorted.bam
ABAB_MAD_LP_327_Du-598	depth	samtools depth -aa -q 20 -Q 0 /home/neil/Downloads/dudleya/Dudleya_S_genomes/full_pipeline_run/results/06_all_sample_alignment/bam/ABAB_MAD_LP_327_Du-598.organelle.sorted.bam
ABBE_BERN_LP_311_Du-780	align_filter_sort	bwa mem -t 16 dudleya_organelle_reference_verification/references/dudleya_cp_mt.fa genomicsDrive_data_dump/QB3.Berkeley.251217/QB3.Results.260109/ABBE_BERN/ABBE_BERN_LP_311_Du-780_S261_L005_R1_001.fastq.gz genomicsDrive_data_dump/QB3.Berkeley.251217/QB3.Results.260109/ABBE_BERN/ABBE_BERN_LP_311_Du-780_S261_L005_R2_001.fastq.gz | samtools view -@ 16 -b -F 4 -q 0 - | samtools sort -@ 16 -o /home/neil/Downloads/dudleya/Dudleya_S_genomes/full_pipeline_run/results/06_all_sample_alignment/bam/ABBE_BERN_LP_311_Du-780.organelle.sorted.tmp.bam -
ABBE_BERN_LP_311_Du-780	index	samtools index /home/neil/Downloads/dudleya/Dudleya_S_genomes/full_pipeline_run/results/06_all_sample_alignment/bam/ABBE_BERN_LP_311_Du-780.organelle.sorted.bam
ABBE_BERN_LP_311_Du-780	flagstat	samtools flagstat /home/neil/Downloads/dudleya/Dudleya_S_genomes/full_pipeline_run/results/06_all_sample_alignment/bam/ABBE_BERN_LP_311_Du-780.organelle.sorted.bam
ABBE_BERN_LP_311_Du-780	idxstats	samtools idxstats /home/neil/Downloads/dudleya/Dudleya_S_genomes/full_pipeline_run/results/06_all_sample_alignment/bam/ABBE_BERN_LP_311_Du-780.organelle.sorted.bam
ABBE_BERN_LP_311_Du-780	depth	samtools depth -aa -q 20 -Q 0 /home/neil/Downloads/dudleya/Dudleya_S_genomes/full_pipeline_run/results/06_all_sample_alignment/bam/ABBE_BERN_LP_311_Du-780.organelle.sorted.bam
ABBE_BERN_LP_312_Du-781	align_filter_sort	bwa mem -t 16 dudleya_organelle_reference_verification/references/dudleya_cp_mt.fa genomicsDrive_data_dump/QB3.Berkeley.251217/QB3.Results.260109/ABBE_BERN/ABBE_BERN_LP_312_Du-781_S271_L005_R1_001.fastq.gz genomicsDrive_data_dump/QB3.Berkeley.251217/QB3.Results.260109/ABBE_BERN/ABBE_BERN_LP_312_Du-781_S271_L005_R2_001.fastq.gz | samtools view -@ 16 -b -F 4 -q 0 - | samtools sort -@ 16 -o /home/neil/Downloads/dudleya/Dudleya_S_genomes/full_pipeline_run/results/06_all_sample_alignment/bam/ABBE_BERN_LP_312_Du-781.organelle.sorted.tmp.bam -
ABBE_BERN_LP_312_Du-781	index	samtools index /home/neil/Downloads/dudleya/Dudleya_S_genomes/full_pipeline_run/results/06_all_sample_alignment/bam/ABBE_BERN_LP_312_Du-781.organelle.sorted.bam
ABBE_BERN_LP_312_Du-781	flagstat	samtools flagstat /home/neil/Downloads/dudleya/Dudleya_S_genomes/full_pipeline_run/results/06_all_sample_alignment/bam/ABBE_BERN_LP_312_Du-781.organelle.sorted.bam
ABBE_BERN_LP_312_Du-781	idxstats	samtools idxstats /home/neil/Downloads/dudleya/Dudleya_S_genomes/full_pipeline_run/results/06_all_sample_alignment/bam/ABBE_BERN_LP_312_Du-781.organelle.sorted.bam
ABBE_BERN_LP_312_Du-781	depth	samtools depth -aa -q 20 -Q 0 /home/neil/Downloads/dudleya/Dudleya_S_genomes/full_pipeline_run/results/06_all_sample_alignment/bam/ABBE_BERN_LP_312_Du-781.organelle.sorted.bam
ABBE_BERN_LP_313_Du-782	align_filter_sort	bwa mem -t 16 dudleya_organelle_reference_verification/references/dudleya_cp_mt.fa genomicsDrive_data_dump/QB3.Berkeley.251217/QB3.Results.260109/ABBE_BERN/ABBE_BERN_LP_313_Du-782_S280_L005_R1_001.fastq.gz genomicsDrive_data_dump/QB3.Berkeley.251217/QB3.Results.260109/ABBE_BERN/ABBE_BERN_LP_313_Du-782_S280_L005_R2_001.fastq.gz | samtools view -@ 16 -b -F 4 -q 0 - | samtools sort -@ 16 -o /home/neil/Downloads/dudleya/Dudleya_S_genomes/full_pipeline_run/results/06_all_sample_alignment/bam/ABBE_BERN_LP_313_Du-782.organelle.sorted.tmp.bam -
ABBE_BERN_LP_313_Du-782	index	samtools index /home/neil/Downloads/dudleya/Dudleya_S_genomes/full_pipeline_run/results/06_all_sample_alignment/bam/ABBE_BERN_LP_313_Du-782.organelle.sorted.bam
ABBE_BERN_LP_313_Du-782	flagstat	samtools flagstat /home/neil/Downloads/dudleya/Dudleya_S_genomes/full_pipeline_run/results/06_all_sample_alignment/bam/ABBE_BERN_LP_313_Du-782.organelle.sorted.bam
ABBE_BERN_LP_313_Du-782	idxstats	samtools idxstats /home/neil/Downloads/dudleya/Dudleya_S_genomes/full_pipeline_run/results/06_all_sample_alignment/bam/ABBE_BERN_LP_313_Du-782.organelle.sorted.bam
ABBE_BERN_LP_313_Du-782	depth	samtools depth -aa -q 20 -Q 0 /home/neil/Downloads/dudleya/Dudleya_S_genomes/full_pipeline_run/results/06_all_sample_alignment/bam/ABBE_BERN_LP_313_Du-782.organelle.sorted.bam
ABBE_BERN_LP_314_Du-783	align_filter_sort	bwa mem -t 16 dudleya_organelle_reference_verification/references/dudleya_cp_mt.fa genomicsDrive_data_dump/QB3.Berkeley.251217/QB3.Results.260109/ABBE_BERN/ABBE_BERN_LP_314_Du-783_S291_L005_R1_001.fastq.gz genomicsDrive_data_dump/QB3.Berkeley.251217/QB3.Results.260109/ABBE_BERN/ABBE_BERN_LP_314_Du-783_S291_L005_R2_001.fastq.gz | samtools view -@ 16 -b -F 4 -q 0 - | samtools sort -@ 16 -o /home/neil/Downloads/dudleya/Dudleya_S_genomes/full_pipeline_run/results/06_all_sample_alignment/bam/ABBE_BERN_LP_314_Du-783.organelle.sorted.tmp.bam -
ABBE_BERN_LP_314_Du-783	index	samtools index /home/neil/Downloads/dudleya/Dudleya_S_genomes/full_pipeline_run/results/06_all_sample_alignment/bam/ABBE_BERN_LP_314_Du-783.organelle.sorted.bam
ABBE_BERN_LP_314_Du-783	flagstat	samtools flagstat /home/neil/Downloads/dudleya/Dudleya_S_genomes/full_pipeline_run/results/06_all_sample_alignment/bam/ABBE_BERN_LP_314_Du-783.organelle.sorted.bam
ABBE_BERN_LP_314_Du-783	idxstats	samtools idxstats /home/neil/Downloads/dudleya/Dudleya_S_genomes/full_pipeline_run/results/06_all_sample_alignment/bam/ABBE_BERN_LP_314_Du-783.organelle.sorted.bam
ABBE_BERN_LP_314_Du-783	depth	samtools depth -aa -q 20 -Q 0 /home/neil/Downloads/dudleya/Dudleya_S_genomes/full_pipeline_run/results/06_all_sample_alignment/bam/ABBE_BERN_LP_314_Du-783.organelle.sorted.bam
ABMU_HOR_LP_306_Du-775	align_filter_sort	bwa mem -t 16 dudleya_organelle_reference_verification/references/dudleya_cp_mt.fa genomicsDrive_data_dump/QB3.Berkeley.251217/QB3.Results.260109/ABMU_HOR/ABMU_HOR_LP_306_Du-775_S290_L005_R1_001.fastq.gz genomicsDrive_data_dump/QB3.Berkeley.251217/QB3.Results.260109/ABMU_HOR/ABMU_HOR_LP_306_Du-775_S290_L005_R2_001.fastq.gz | samtools view -@ 16 -b -F 4 -q 0 - | samtools sort -@ 16 -o /home/neil/Downloads/dudleya/Dudleya_S_genomes/full_pipeline_run/results/06_all_sample_alignment/bam/ABMU_HOR_LP_306_Du-775.organelle.sorted.tmp.bam -
ABMU_HOR_LP_306_Du-775	index	samtools index /home/neil/Downloads/dudleya/Dudleya_S_genomes/full_pipeline_run/results/06_all_sample_alignment/bam/ABMU_HOR_LP_306_Du-775.organelle.sorted.bam
ABMU_HOR_LP_306_Du-775	flagstat	samtools flagstat /home/neil/Downloads/dudleya/Dudleya_S_genomes/full_pipeline_run/results/06_all_sample_alignment/bam/ABMU_HOR_LP_306_Du-775.organelle.sorted.bam
ABMU_HOR_LP_306_Du-775	idxstats	samtools idxstats /home/neil/Downloads/dudleya/Dudleya_S_genomes/full_pipeline_run/results/06_all_sample_alignment/bam/ABMU_HOR_LP_306_Du-775.organelle.sorted.bam
ABMU_HOR_LP_306_Du-775	depth	samtools depth -aa -q 20 -Q 0 /home/neil/Downloads/dudleya/Dudleya_S_genomes/full_pipeline_run/results/06_all_sample_alignment/bam/ABMU_HOR_LP_306_Du-775.organelle.sorted.bam
ABMU_HOR_LP_308_Du-777	align_filter_sort	bwa mem -t 16 dudleya_organelle_reference_verification/references/dudleya_cp_mt.fa genomicsDrive_data_dump/QB3.Berkeley.251217/QB3.Results.260109/ABMU_HOR/ABMU_HOR_LP_308_Du-777_S232_L005_R1_001.fastq.gz genomicsDrive_data_dump/QB3.Berkeley.251217/QB3.Results.260109/ABMU_HOR/ABMU_HOR_LP_308_Du-777_S232_L005_R2_001.fastq.gz | samtools view -@ 16 -b -F 4 -q 0 - | samtools sort -@ 16 -o /home/neil/Downloads/dudleya/Dudleya_S_genomes/full_pipeline_run/results/06_all_sample_alignment/bam/ABMU_HOR_LP_308_Du-777.organelle.sorted.tmp.bam -
ABMU_HOR_LP_308_Du-777	index	samtools index /home/neil/Downloads/dudleya/Dudleya_S_genomes/full_pipeline_run/results/06_all_sample_alignment/bam/ABMU_HOR_LP_308_Du-777.organelle.sorted.bam
ABMU_HOR_LP_308_Du-777	flagstat	samtools flagstat /home/neil/Downloads/dudleya/Dudleya_S_genomes/full_pipeline_run/results/06_all_sample_alignment/bam/ABMU_HOR_LP_308_Du-777.organelle.sorted.bam
ABMU_HOR_LP_308_Du-777	idxstats	samtools idxstats /home/neil/Downloads/dudleya/Dudleya_S_genomes/full_pipeline_run/results/06_all_sample_alignment/bam/ABMU_HOR_LP_308_Du-777.organelle.sorted.bam
ABMU_HOR_LP_308_Du-777	depth	samtools depth -aa -q 20 -Q 0 /home/neil/Downloads/dudleya/Dudleya_S_genomes/full_pipeline_run/results/06_all_sample_alignment/bam/ABMU_HOR_LP_308_Du-777.organelle.sorted.bam
ABMU_HOR_LP_358_Du-770	align_filter_sort	bwa mem -t 16 dudleya_organelle_reference_verification/references/dudleya_cp_mt.fa genomicsDrive_data_dump/QB3.Berkeley.251217/QB3.Results.260109/ABMU_HOR/ABMU_HOR_LP_358_Du-770_S243_L005_R1_001.fastq.gz genomicsDrive_data_dump/QB3.Berkeley.251217/QB3.Results.260109/ABMU_HOR/ABMU_HOR_LP_358_Du-770_S243_L005_R2_001.fastq.gz | samtools view -@ 16 -b -F 4 -q 0 - | samtools sort -@ 16 -o /home/neil/Downloads/dudleya/Dudleya_S_genomes/full_pipeline_run/results/06_all_sample_alignment/bam/ABMU_HOR_LP_358_Du-770.organelle.sorted.tmp.bam -
ABMU_HOR_LP_358_Du-770	index	samtools index /home/neil/Downloads/dudleya/Dudleya_S_genomes/full_pipeline_run/results/06_all_sample_alignment/bam/ABMU_HOR_LP_358_Du-770.organelle.sorted.bam
ABMU_HOR_LP_358_Du-770	flagstat	samtools flagstat /home/neil/Downloads/dudleya/Dudleya_S_genomes/full_pipeline_run/results/06_all_sample_alignment/bam/ABMU_HOR_LP_358_Du-770.organelle.sorted.bam
ABMU_HOR_LP_358_Du-770	idxstats	samtools idxstats /home/neil/Downloads/dudleya/Dudleya_S_genomes/full_pipeline_run/results/06_all_sample_alignment/bam/ABMU_HOR_LP_358_Du-770.organelle.sorted.bam
ABMU_HOR_LP_358_Du-770	depth	samtools depth -aa -q 20 -Q 0 /home/neil/Downloads/dudleya/Dudleya_S_genomes/full_pipeline_run/results/06_all_sample_alignment/bam/ABMU_HOR_LP_358_Du-770.organelle.sorted.bam
ABMU_HOR_LP_359_Du-771	align_filter_sort	bwa mem -t 16 dudleya_organelle_reference_verification/references/dudleya_cp_mt.fa genomicsDrive_data_dump/QB3.Berkeley.251217/QB3.Results.260109/ABMU_HOR/ABMU_HOR_LP_359_Du-771_S252_L005_R1_001.fastq.gz genomicsDrive_data_dump/QB3.Berkeley.251217/QB3.Results.260109/ABMU_HOR/ABMU_HOR_LP_359_Du-771_S252_L005_R2_001.fastq.gz | samtools view -@ 16 -b -F 4 -q 0 - | samtools sort -@ 16 -o /home/neil/Downloads/dudleya/Dudleya_S_genomes/full_pipeline_run/results/06_all_sample_alignment/bam/ABMU_HOR_LP_359_Du-771.organelle.sorted.tmp.bam -
ABMU_HOR_LP_359_Du-771	index	samtools index /home/neil/Downloads/dudleya/Dudleya_S_genomes/full_pipeline_run/results/06_all_sample_alignment/bam/ABMU_HOR_LP_359_Du-771.organelle.sorted.bam
ABMU_HOR_LP_359_Du-771	flagstat	samtools flagstat /home/neil/Downloads/dudleya/Dudleya_S_genomes/full_pipeline_run/results/06_all_sample_alignment/bam/ABMU_HOR_LP_359_Du-771.organelle.sorted.bam
ABMU_HOR_LP_359_Du-771	idxstats	samtools idxstats /home/neil/Downloads/dudleya/Dudleya_S_genomes/full_pipeline_run/results/06_all_sample_alignment/bam/ABMU_HOR_LP_359_Du-771.organelle.sorted.bam
ABMU_HOR_LP_359_Du-771	depth	samtools depth -aa -q 20 -Q 0 /home/neil/Downloads/dudleya/Dudleya_S_genomes/full_pipeline_run/results/06_all_sample_alignment/bam/ABMU_HOR_LP_359_Du-771.organelle.sorted.bam
ABMU_HOR_LP_360_Du-772	align_filter_sort	bwa mem -t 16 dudleya_organelle_reference_verification/references/dudleya_cp_mt.fa genomicsDrive_data_dump/QB3.Berkeley.251217/QB3.Results.260109/ABMU_HOR/ABMU_HOR_LP_360_Du-772_S260_L005_R1_001.fastq.gz genomicsDrive_data_dump/QB3.Berkeley.251217/QB3.Results.260109/ABMU_HOR/ABMU_HOR_LP_360_Du-772_S260_L005_R2_001.fastq.gz | samtools view -@ 16 -b -F 4 -q 0 - | samtools sort -@ 16 -o /home/neil/Downloads/dudleya/Dudleya_S_genomes/full_pipeline_run/results/06_all_sample_alignment/bam/ABMU_HOR_LP_360_Du-772.organelle.sorted.tmp.bam -
ABMU_HOR_LP_360_Du-772	index	samtools index /home/neil/Downloads/dudleya/Dudleya_S_genomes/full_pipeline_run/results/06_all_sample_alignment/bam/ABMU_HOR_LP_360_Du-772.organelle.sorted.bam
ABMU_HOR_LP_360_Du-772	flagstat	samtools flagstat /home/neil/Downloads/dudleya/Dudleya_S_genomes/full_pipeline_run/results/06_all_sample_alignment/bam/ABMU_HOR_LP_360_Du-772.organelle.sorted.bam
ABMU_HOR_LP_360_Du-772	idxstats	samtools idxstats /home/neil/Downloads/dudleya/Dudleya_S_genomes/full_pipeline_run/results/06_all_sample_alignment/bam/ABMU_HOR_LP_360_Du-772.organelle.sorted.bam
ABMU_HOR_LP_360_Du-772	depth	samtools depth -aa -q 20 -Q 0 /home/neil/Downloads/dudleya/Dudleya_S_genomes/full_pipeline_run/results/06_all_sample_alignment/bam/ABMU_HOR_LP_360_Du-772.organelle.sorted.bam
ABMU_HOR_LP_361_Du-773	align_filter_sort	bwa mem -t 16 dudleya_organelle_reference_verification/references/dudleya_cp_mt.fa genomicsDrive_data_dump/QB3.Berkeley.251217/QB3.Results.260109/ABMU_HOR/ABMU_HOR_LP_361_Du-773_S270_L005_R1_001.fastq.gz genomicsDrive_data_dump/QB3.Berkeley.251217/QB3.Results.260109/ABMU_HOR/ABMU_HOR_LP_361_Du-773_S270_L005_R2_001.fastq.gz | samtools view -@ 16 -b -F 4 -q 0 - | samtools sort -@ 16 -o /home/neil/Downloads/dudleya/Dudleya_S_genomes/full_pipeline_run/results/06_all_sample_alignment/bam/ABMU_HOR_LP_361_Du-773.organelle.sorted.tmp.bam -
ABMU_HOR_LP_361_Du-773	index	samtools index /home/neil/Downloads/dudleya/Dudleya_S_genomes/full_pipeline_run/results/06_all_sample_alignment/bam/ABMU_HOR_LP_361_Du-773.organelle.sorted.bam
ABMU_HOR_LP_361_Du-773	flagstat	samtools flagstat /home/neil/Downloads/dudleya/Dudleya_S_genomes/full_pipeline_run/results/06_all_sample_alignment/bam/ABMU_HOR_LP_361_Du-773.organelle.sorted.bam
ABMU_HOR_LP_361_Du-773	idxstats	samtools idxstats /home/neil/Downloads/dudleya/Dudleya_S_genomes/full_pipeline_run/results/06_all_sample_alignment/bam/ABMU_HOR_LP_361_Du-773.organelle.sorted.bam
ABMU_HOR_LP_361_Du-773	depth	samtools depth -aa -q 20 -Q 0 /home/neil/Downloads/dudleya/Dudleya_S_genomes/full_pipeline_run/results/06_all_sample_alignment/bam/ABMU_HOR_LP_361_Du-773.organelle.sorted.bam
BAI_LP_105_Du-222	align_filter_sort	bwa mem -t 16 dudleya_organelle_reference_verification/references/dudleya_cp_mt.fa genomicsDrive_data_dump/QB3.Berkeley.251217/QB3.Results.260109/BAI/BAI_LP_105_Du-222_S37_L005_R1_001.fastq.gz genomicsDrive_data_dump/QB3.Berkeley.251217/QB3.Results.260109/BAI/BAI_LP_105_Du-222_S37_L005_R2_001.fastq.gz | samtools view -@ 16 -b -F 4 -q 0 - | samtools sort -@ 16 -o /home/neil/Downloads/dudleya/Dudleya_S_genomes/full_pipeline_run/results/06_all_sample_alignment/bam/BAI_LP_105_Du-222.organelle.sorted.tmp.bam -
BAI_LP_105_Du-222	index	samtools index /home/neil/Downloads/dudleya/Dudleya_S_genomes/full_pipeline_run/results/06_all_sample_alignment/bam/BAI_LP_105_Du-222.organelle.sorted.bam
BAI_LP_105_Du-222	flagstat	samtools flagstat /home/neil/Downloads/dudleya/Dudleya_S_genomes/full_pipeline_run/results/06_all_sample_alignment/bam/BAI_LP_105_Du-222.organelle.sorted.bam
BAI_LP_105_Du-222	idxstats	samtools idxstats /home/neil/Downloads/dudleya/Dudleya_S_genomes/full_pipeline_run/results/06_all_sample_alignment/bam/BAI_LP_105_Du-222.organelle.sorted.bam
BAI_LP_105_Du-222	depth	samtools depth -aa -q 20 -Q 0 /home/neil/Downloads/dudleya/Dudleya_S_genomes/full_pipeline_run/results/06_all_sample_alignment/bam/BAI_LP_105_Du-222.organelle.sorted.bam
BAI_LP_106_Du-223	align_filter_sort	bwa mem -t 16 dudleya_organelle_reference_verification/references/dudleya_cp_mt.fa genomicsDrive_data_dump/QB3.Berkeley.251217/QB3.Results.260109/BAI/BAI_LP_106_Du-223_S47_L005_R1_001.fastq.gz genomicsDrive_data_dump/QB3.Berkeley.251217/QB3.Results.260109/BAI/BAI_LP_106_Du-223_S47_L005_R2_001.fastq.gz | samtools view -@ 16 -b -F 4 -q 0 - | samtools sort -@ 16 -o /home/neil/Downloads/dudleya/Dudleya_S_genomes/full_pipeline_run/results/06_all_sample_alignment/bam/BAI_LP_106_Du-223.organelle.sorted.tmp.bam -
BAI_LP_106_Du-223	index	samtools index /home/neil/Downloads/dudleya/Dudleya_S_genomes/full_pipeline_run/results/06_all_sample_alignment/bam/BAI_LP_106_Du-223.organelle.sorted.bam
BAI_LP_106_Du-223	flagstat	samtools flagstat /home/neil/Downloads/dudleya/Dudleya_S_genomes/full_pipeline_run/results/06_all_sample_alignment/bam/BAI_LP_106_Du-223.organelle.sorted.bam
BAI_LP_106_Du-223	idxstats	samtools idxstats /home/neil/Downloads/dudleya/Dudleya_S_genomes/full_pipeline_run/results/06_all_sample_alignment/bam/BAI_LP_106_Du-223.organelle.sorted.bam
BAI_LP_106_Du-223	depth	samtools depth -aa -q 20 -Q 0 /home/neil/Downloads/dudleya/Dudleya_S_genomes/full_pipeline_run/results/06_all_sample_alignment/bam/BAI_LP_106_Du-223.organelle.sorted.bam
BAI_LP_108_Du-225	align_filter_sort	bwa mem -t 16 dudleya_organelle_reference_verification/references/dudleya_cp_mt.fa genomicsDrive_data_dump/QB3.Berkeley.251217/QB3.Results.260109/BAI/BAI_LP_108_Du-225_S68_L005_R1_001.fastq.gz genomicsDrive_data_dump/QB3.Berkeley.251217/QB3.Results.260109/BAI/BAI_LP_108_Du-225_S68_L005_R2_001.fastq.gz | samtools view -@ 16 -b -F 4 -q 0 - | samtools sort -@ 16 -o /home/neil/Downloads/dudleya/Dudleya_S_genomes/full_pipeline_run/results/06_all_sample_alignment/bam/BAI_LP_108_Du-225.organelle.sorted.tmp.bam -
BAI_LP_108_Du-225	index	samtools index /home/neil/Downloads/dudleya/Dudleya_S_genomes/full_pipeline_run/results/06_all_sample_alignment/bam/BAI_LP_108_Du-225.organelle.sorted.bam
BAI_LP_108_Du-225	flagstat	samtools flagstat /home/neil/Downloads/dudleya/Dudleya_S_genomes/full_pipeline_run/results/06_all_sample_alignment/bam/BAI_LP_108_Du-225.organelle.sorted.bam
BAI_LP_108_Du-225	idxstats	samtools idxstats /home/neil/Downloads/dudleya/Dudleya_S_genomes/full_pipeline_run/results/06_all_sample_alignment/bam/BAI_LP_108_Du-225.organelle.sorted.bam
BAI_LP_108_Du-225	depth	samtools depth -aa -q 20 -Q 0 /home/neil/Downloads/dudleya/Dudleya_S_genomes/full_pipeline_run/results/06_all_sample_alignment/bam/BAI_LP_108_Du-225.organelle.sorted.bam
BAI_LP_109_Du-226	align_filter_sort	bwa mem -t 16 dudleya_organelle_reference_verification/references/dudleya_cp_mt.fa genomicsDrive_data_dump/QB3.Berkeley.251217/QB3.Results.260109/BAI/BAI_LP_109_Du-226_S79_L005_R1_001.fastq.gz genomicsDrive_data_dump/QB3.Berkeley.251217/QB3.Results.260109/BAI/BAI_LP_109_Du-226_S79_L005_R2_001.fastq.gz | samtools view -@ 16 -b -F 4 -q 0 - | samtools sort -@ 16 -o /home/neil/Downloads/dudleya/Dudleya_S_genomes/full_pipeline_run/results/06_all_sample_alignment/bam/BAI_LP_109_Du-226.organelle.sorted.tmp.bam -
BAI_LP_109_Du-226	index	samtools index /home/neil/Downloads/dudleya/Dudleya_S_genomes/full_pipeline_run/results/06_all_sample_alignment/bam/BAI_LP_109_Du-226.organelle.sorted.bam
BAI_LP_109_Du-226	flagstat	samtools flagstat /home/neil/Downloads/dudleya/Dudleya_S_genomes/full_pipeline_run/results/06_all_sample_alignment/bam/BAI_LP_109_Du-226.organelle.sorted.bam
BAI_LP_109_Du-226	idxstats	samtools idxstats /home/neil/Downloads/dudleya/Dudleya_S_genomes/full_pipeline_run/results/06_all_sample_alignment/bam/BAI_LP_109_Du-226.organelle.sorted.bam
BAI_LP_109_Du-226	depth	samtools depth -aa -q 20 -Q 0 /home/neil/Downloads/dudleya/Dudleya_S_genomes/full_pipeline_run/results/06_all_sample_alignment/bam/BAI_LP_109_Du-226.organelle.sorted.bam
BAI_LP_110_Du-227	align_filter_sort	bwa mem -t 16 dudleya_organelle_reference_verification/references/dudleya_cp_mt.fa genomicsDrive_data_dump/QB3.Berkeley.251217/QB3.Results.260109/BAI/BAI_LP_110_Du-227_S89_L005_R1_001.fastq.gz genomicsDrive_data_dump/QB3.Berkeley.251217/QB3.Results.260109/BAI/BAI_LP_110_Du-227_S89_L005_R2_001.fastq.gz | samtools view -@ 16 -b -F 4 -q 0 - | samtools sort -@ 16 -o /home/neil/Downloads/dudleya/Dudleya_S_genomes/full_pipeline_run/results/06_all_sample_alignment/bam/BAI_LP_110_Du-227.organelle.sorted.tmp.bam -
BAI_LP_110_Du-227	index	samtools index /home/neil/Downloads/dudleya/Dudleya_S_genomes/full_pipeline_run/results/06_all_sample_alignment/bam/BAI_LP_110_Du-227.organelle.sorted.bam
BAI_LP_110_Du-227	flagstat	samtools flagstat /home/neil/Downloads/dudleya/Dudleya_S_genomes/full_pipeline_run/results/06_all_sample_alignment/bam/BAI_LP_110_Du-227.organelle.sorted.bam
BAI_LP_110_Du-227	idxstats	samtools idxstats /home/neil/Downloads/dudleya/Dudleya_S_genomes/full_pipeline_run/results/06_all_sample_alignment/bam/BAI_LP_110_Du-227.organelle.sorted.bam
BAI_LP_110_Du-227	depth	samtools depth -aa -q 20 -Q 0 /home/neil/Downloads/dudleya/Dudleya_S_genomes/full_pipeline_run/results/06_all_sample_alignment/bam/BAI_LP_110_Du-227.organelle.sorted.bam
BAI_LP_111_Du-228	align_filter_sort	bwa mem -t 16 dudleya_organelle_reference_verification/references/dudleya_cp_mt.fa genomicsDrive_data_dump/QB3.Berkeley.251217/QB3.Results.260109/BAI/BAI_LP_111_Du-228_S99_L005_R1_001.fastq.gz genomicsDrive_data_dump/QB3.Berkeley.251217/QB3.Results.260109/BAI/BAI_LP_111_Du-228_S99_L005_R2_001.fastq.gz | samtools view -@ 16 -b -F 4 -q 0 - | samtools sort -@ 16 -o /home/neil/Downloads/dudleya/Dudleya_S_genomes/full_pipeline_run/results/06_all_sample_alignment/bam/BAI_LP_111_Du-228.organelle.sorted.tmp.bam -
BAI_LP_111_Du-228	index	samtools index /home/neil/Downloads/dudleya/Dudleya_S_genomes/full_pipeline_run/results/06_all_sample_alignment/bam/BAI_LP_111_Du-228.organelle.sorted.bam
BAI_LP_111_Du-228	flagstat	samtools flagstat /home/neil/Downloads/dudleya/Dudleya_S_genomes/full_pipeline_run/results/06_all_sample_alignment/bam/BAI_LP_111_Du-228.organelle.sorted.bam
BAI_LP_111_Du-228	idxstats	samtools idxstats /home/neil/Downloads/dudleya/Dudleya_S_genomes/full_pipeline_run/results/06_all_sample_alignment/bam/BAI_LP_111_Du-228.organelle.sorted.bam
BAI_LP_111_Du-228	depth	samtools depth -aa -q 20 -Q 0 /home/neil/Downloads/dudleya/Dudleya_S_genomes/full_pipeline_run/results/06_all_sample_alignment/bam/BAI_LP_111_Du-228.organelle.sorted.bam
BAI_LP_112_Du-230	align_filter_sort	bwa mem -t 16 dudleya_organelle_reference_verification/references/dudleya_cp_mt.fa genomicsDrive_data_dump/QB3.Berkeley.251217/QB3.Results.260109/BAI/BAI_LP_112_Du-230_S109_L005_R1_001.fastq.gz genomicsDrive_data_dump/QB3.Berkeley.251217/QB3.Results.260109/BAI/BAI_LP_112_Du-230_S109_L005_R2_001.fastq.gz | samtools view -@ 16 -b -F 4 -q 0 - | samtools sort -@ 16 -o /home/neil/Downloads/dudleya/Dudleya_S_genomes/full_pipeline_run/results/06_all_sample_alignment/bam/BAI_LP_112_Du-230.organelle.sorted.tmp.bam -
BAI_LP_112_Du-230	index	samtools index /home/neil/Downloads/dudleya/Dudleya_S_genomes/full_pipeline_run/results/06_all_sample_alignment/bam/BAI_LP_112_Du-230.organelle.sorted.bam
BAI_LP_112_Du-230	flagstat	samtools flagstat /home/neil/Downloads/dudleya/Dudleya_S_genomes/full_pipeline_run/results/06_all_sample_alignment/bam/BAI_LP_112_Du-230.organelle.sorted.bam
BAI_LP_112_Du-230	idxstats	samtools idxstats /home/neil/Downloads/dudleya/Dudleya_S_genomes/full_pipeline_run/results/06_all_sample_alignment/bam/BAI_LP_112_Du-230.organelle.sorted.bam
BAI_LP_112_Du-230	depth	samtools depth -aa -q 20 -Q 0 /home/neil/Downloads/dudleya/Dudleya_S_genomes/full_pipeline_run/results/06_all_sample_alignment/bam/BAI_LP_112_Du-230.organelle.sorted.bam
BAI_LP_113_Du-231	align_filter_sort	bwa mem -t 16 dudleya_organelle_reference_verification/references/dudleya_cp_mt.fa genomicsDrive_data_dump/QB3.Berkeley.251217/QB3.Results.260109/BAI/BAI_LP_113_Du-231_S195_L005_R1_001.fastq.gz genomicsDrive_data_dump/QB3.Berkeley.251217/QB3.Results.260109/BAI/BAI_LP_113_Du-231_S195_L005_R2_001.fastq.gz | samtools view -@ 16 -b -F 4 -q 0 - | samtools sort -@ 16 -o /home/neil/Downloads/dudleya/Dudleya_S_genomes/full_pipeline_run/results/06_all_sample_alignment/bam/BAI_LP_113_Du-231.organelle.sorted.tmp.bam -
BAI_LP_113_Du-231	index	samtools index /home/neil/Downloads/dudleya/Dudleya_S_genomes/full_pipeline_run/results/06_all_sample_alignment/bam/BAI_LP_113_Du-231.organelle.sorted.bam
BAI_LP_113_Du-231	flagstat	samtools flagstat /home/neil/Downloads/dudleya/Dudleya_S_genomes/full_pipeline_run/results/06_all_sample_alignment/bam/BAI_LP_113_Du-231.organelle.sorted.bam
BAI_LP_113_Du-231	idxstats	samtools idxstats /home/neil/Downloads/dudleya/Dudleya_S_genomes/full_pipeline_run/results/06_all_sample_alignment/bam/BAI_LP_113_Du-231.organelle.sorted.bam
BAI_LP_113_Du-231	depth	samtools depth -aa -q 20 -Q 0 /home/neil/Downloads/dudleya/Dudleya_S_genomes/full_pipeline_run/results/06_all_sample_alignment/bam/BAI_LP_113_Du-231.organelle.sorted.bam
BAI_LP_114_Du-232	align_filter_sort	bwa mem -t 16 dudleya_organelle_reference_verification/references/dudleya_cp_mt.fa genomicsDrive_data_dump/QB3.Berkeley.251217/QB3.Results.260109/BAI/BAI_LP_114_Du-232_S197_L005_R1_001.fastq.gz genomicsDrive_data_dump/QB3.Berkeley.251217/QB3.Results.260109/BAI/BAI_LP_114_Du-232_S197_L005_R2_001.fastq.gz | samtools view -@ 16 -b -F 4 -q 0 - | samtools sort -@ 16 -o /home/neil/Downloads/dudleya/Dudleya_S_genomes/full_pipeline_run/results/06_all_sample_alignment/bam/BAI_LP_114_Du-232.organelle.sorted.tmp.bam -
BAI_LP_114_Du-232	index	samtools index /home/neil/Downloads/dudleya/Dudleya_S_genomes/full_pipeline_run/results/06_all_sample_alignment/bam/BAI_LP_114_Du-232.organelle.sorted.bam
BAI_LP_114_Du-232	flagstat	samtools flagstat /home/neil/Downloads/dudleya/Dudleya_S_genomes/full_pipeline_run/results/06_all_sample_alignment/bam/BAI_LP_114_Du-232.organelle.sorted.bam
BAI_LP_114_Du-232	idxstats	samtools idxstats /home/neil/Downloads/dudleya/Dudleya_S_genomes/full_pipeline_run/results/06_all_sample_alignment/bam/BAI_LP_114_Du-232.organelle.sorted.bam
BAI_LP_114_Du-232	depth	samtools depth -aa -q 20 -Q 0 /home/neil/Downloads/dudleya/Dudleya_S_genomes/full_pipeline_run/results/06_all_sample_alignment/bam/BAI_LP_114_Du-232.organelle.sorted.bam
BAI_LP_319_Du-233	align_filter_sort	bwa mem -t 16 dudleya_organelle_reference_verification/references/dudleya_cp_mt.fa genomicsDrive_data_dump/QB3.Berkeley.251217/QB3.Results.260109/BAI/BAI_LP_319_Du-233_S58_L005_R1_001.fastq.gz genomicsDrive_data_dump/QB3.Berkeley.251217/QB3.Results.260109/BAI/BAI_LP_319_Du-233_S58_L005_R2_001.fastq.gz | samtools view -@ 16 -b -F 4 -q 0 - | samtools sort -@ 16 -o /home/neil/Downloads/dudleya/Dudleya_S_genomes/full_pipeline_run/results/06_all_sample_alignment/bam/BAI_LP_319_Du-233.organelle.sorted.tmp.bam -
BAI_LP_319_Du-233	index	samtools index /home/neil/Downloads/dudleya/Dudleya_S_genomes/full_pipeline_run/results/06_all_sample_alignment/bam/BAI_LP_319_Du-233.organelle.sorted.bam
BAI_LP_319_Du-233	flagstat	samtools flagstat /home/neil/Downloads/dudleya/Dudleya_S_genomes/full_pipeline_run/results/06_all_sample_alignment/bam/BAI_LP_319_Du-233.organelle.sorted.bam
BAI_LP_319_Du-233	idxstats	samtools idxstats /home/neil/Downloads/dudleya/Dudleya_S_genomes/full_pipeline_run/results/06_all_sample_alignment/bam/BAI_LP_319_Du-233.organelle.sorted.bam
BAI_LP_319_Du-233	depth	samtools depth -aa -q 20 -Q 0 /home/neil/Downloads/dudleya/Dudleya_S_genomes/full_pipeline_run/results/06_all_sample_alignment/bam/BAI_LP_319_Du-233.organelle.sorted.bam
COM_LP_269_Du-703	align_filter_sort	bwa mem -t 16 dudleya_organelle_reference_verification/references/dudleya_cp_mt.fa genomicsDrive_data_dump/QB3.Berkeley.251217/QB3.Results.260109/COM/COM_LP_269_Du-703_S239_L005_R1_001.fastq.gz genomicsDrive_data_dump/QB3.Berkeley.251217/QB3.Results.260109/COM/COM_LP_269_Du-703_S239_L005_R2_001.fastq.gz | samtools view -@ 16 -b -F 4 -q 0 - | samtools sort -@ 16 -o /home/neil/Downloads/dudleya/Dudleya_S_genomes/full_pipeline_run/results/06_all_sample_alignment/bam/COM_LP_269_Du-703.organelle.sorted.tmp.bam -
COM_LP_269_Du-703	index	samtools index /home/neil/Downloads/dudleya/Dudleya_S_genomes/full_pipeline_run/results/06_all_sample_alignment/bam/COM_LP_269_Du-703.organelle.sorted.bam
COM_LP_269_Du-703	flagstat	samtools flagstat /home/neil/Downloads/dudleya/Dudleya_S_genomes/full_pipeline_run/results/06_all_sample_alignment/bam/COM_LP_269_Du-703.organelle.sorted.bam
COM_LP_269_Du-703	idxstats	samtools idxstats /home/neil/Downloads/dudleya/Dudleya_S_genomes/full_pipeline_run/results/06_all_sample_alignment/bam/COM_LP_269_Du-703.organelle.sorted.bam
COM_LP_269_Du-703	depth	samtools depth -aa -q 20 -Q 0 /home/neil/Downloads/dudleya/Dudleya_S_genomes/full_pipeline_run/results/06_all_sample_alignment/bam/COM_LP_269_Du-703.organelle.sorted.bam
COM_LP_270_Du-704	align_filter_sort	bwa mem -t 16 dudleya_organelle_reference_verification/references/dudleya_cp_mt.fa genomicsDrive_data_dump/QB3.Berkeley.251217/QB3.Results.260109/COM/COM_LP_270_Du-704_S250_L005_R1_001.fastq.gz genomicsDrive_data_dump/QB3.Berkeley.251217/QB3.Results.260109/COM/COM_LP_270_Du-704_S250_L005_R2_001.fastq.gz | samtools view -@ 16 -b -F 4 -q 0 - | samtools sort -@ 16 -o /home/neil/Downloads/dudleya/Dudleya_S_genomes/full_pipeline_run/results/06_all_sample_alignment/bam/COM_LP_270_Du-704.organelle.sorted.tmp.bam -
COM_LP_270_Du-704	index	samtools index /home/neil/Downloads/dudleya/Dudleya_S_genomes/full_pipeline_run/results/06_all_sample_alignment/bam/COM_LP_270_Du-704.organelle.sorted.bam
COM_LP_270_Du-704	flagstat	samtools flagstat /home/neil/Downloads/dudleya/Dudleya_S_genomes/full_pipeline_run/results/06_all_sample_alignment/bam/COM_LP_270_Du-704.organelle.sorted.bam
COM_LP_270_Du-704	idxstats	samtools idxstats /home/neil/Downloads/dudleya/Dudleya_S_genomes/full_pipeline_run/results/06_all_sample_alignment/bam/COM_LP_270_Du-704.organelle.sorted.bam
COM_LP_270_Du-704	depth	samtools depth -aa -q 20 -Q 0 /home/neil/Downloads/dudleya/Dudleya_S_genomes/full_pipeline_run/results/06_all_sample_alignment/bam/COM_LP_270_Du-704.organelle.sorted.bam
COM_LP_272_Du-707	align_filter_sort	bwa mem -t 16 dudleya_organelle_reference_verification/references/dudleya_cp_mt.fa genomicsDrive_data_dump/QB3.Berkeley.251217/QB3.Results.260109/COM/COM_LP_272_Du-707_S266_L005_R1_001.fastq.gz genomicsDrive_data_dump/QB3.Berkeley.251217/QB3.Results.260109/COM/COM_LP_272_Du-707_S266_L005_R2_001.fastq.gz | samtools view -@ 16 -b -F 4 -q 0 - | samtools sort -@ 16 -o /home/neil/Downloads/dudleya/Dudleya_S_genomes/full_pipeline_run/results/06_all_sample_alignment/bam/COM_LP_272_Du-707.organelle.sorted.tmp.bam -
COM_LP_272_Du-707	index	samtools index /home/neil/Downloads/dudleya/Dudleya_S_genomes/full_pipeline_run/results/06_all_sample_alignment/bam/COM_LP_272_Du-707.organelle.sorted.bam
COM_LP_272_Du-707	flagstat	samtools flagstat /home/neil/Downloads/dudleya/Dudleya_S_genomes/full_pipeline_run/results/06_all_sample_alignment/bam/COM_LP_272_Du-707.organelle.sorted.bam
COM_LP_272_Du-707	idxstats	samtools idxstats /home/neil/Downloads/dudleya/Dudleya_S_genomes/full_pipeline_run/results/06_all_sample_alignment/bam/COM_LP_272_Du-707.organelle.sorted.bam
COM_LP_272_Du-707	depth	samtools depth -aa -q 20 -Q 0 /home/neil/Downloads/dudleya/Dudleya_S_genomes/full_pipeline_run/results/06_all_sample_alignment/bam/COM_LP_272_Du-707.organelle.sorted.bam
COM_LP_274_Du-709	align_filter_sort	bwa mem -t 16 dudleya_organelle_reference_verification/references/dudleya_cp_mt.fa genomicsDrive_data_dump/QB3.Berkeley.251217/QB3.Results.260109/COM/COM_LP_274_Du-709_S286_L005_R1_001.fastq.gz genomicsDrive_data_dump/QB3.Berkeley.251217/QB3.Results.260109/COM/COM_LP_274_Du-709_S286_L005_R2_001.fastq.gz | samtools view -@ 16 -b -F 4 -q 0 - | samtools sort -@ 16 -o /home/neil/Downloads/dudleya/Dudleya_S_genomes/full_pipeline_run/results/06_all_sample_alignment/bam/COM_LP_274_Du-709.organelle.sorted.tmp.bam -
COM_LP_274_Du-709	index	samtools index /home/neil/Downloads/dudleya/Dudleya_S_genomes/full_pipeline_run/results/06_all_sample_alignment/bam/COM_LP_274_Du-709.organelle.sorted.bam
COM_LP_274_Du-709	flagstat	samtools flagstat /home/neil/Downloads/dudleya/Dudleya_S_genomes/full_pipeline_run/results/06_all_sample_alignment/bam/COM_LP_274_Du-709.organelle.sorted.bam
COM_LP_274_Du-709	idxstats	samtools idxstats /home/neil/Downloads/dudleya/Dudleya_S_genomes/full_pipeline_run/results/06_all_sample_alignment/bam/COM_LP_274_Du-709.organelle.sorted.bam
COM_LP_274_Du-709	depth	samtools depth -aa -q 20 -Q 0 /home/neil/Downloads/dudleya/Dudleya_S_genomes/full_pipeline_run/results/06_all_sample_alignment/bam/COM_LP_274_Du-709.organelle.sorted.bam
COM_LP_276_Du-711	align_filter_sort	bwa mem -t 16 dudleya_organelle_reference_verification/references/dudleya_cp_mt.fa genomicsDrive_data_dump/QB3.Berkeley.251217/QB3.Results.260109/COM/COM_LP_276_Du-711_S229_L005_R1_001.fastq.gz genomicsDrive_data_dump/QB3.Berkeley.251217/QB3.Results.260109/COM/COM_LP_276_Du-711_S229_L005_R2_001.fastq.gz | samtools view -@ 16 -b -F 4 -q 0 - | samtools sort -@ 16 -o /home/neil/Downloads/dudleya/Dudleya_S_genomes/full_pipeline_run/results/06_all_sample_alignment/bam/COM_LP_276_Du-711.organelle.sorted.tmp.bam -
COM_LP_276_Du-711	index	samtools index /home/neil/Downloads/dudleya/Dudleya_S_genomes/full_pipeline_run/results/06_all_sample_alignment/bam/COM_LP_276_Du-711.organelle.sorted.bam
COM_LP_276_Du-711	flagstat	samtools flagstat /home/neil/Downloads/dudleya/Dudleya_S_genomes/full_pipeline_run/results/06_all_sample_alignment/bam/COM_LP_276_Du-711.organelle.sorted.bam
COM_LP_276_Du-711	idxstats	samtools idxstats /home/neil/Downloads/dudleya/Dudleya_S_genomes/full_pipeline_run/results/06_all_sample_alignment/bam/COM_LP_276_Du-711.organelle.sorted.bam
COM_LP_276_Du-711	depth	samtools depth -aa -q 20 -Q 0 /home/neil/Downloads/dudleya/Dudleya_S_genomes/full_pipeline_run/results/06_all_sample_alignment/bam/COM_LP_276_Du-711.organelle.sorted.bam
COM_LP_277_Du-712	align_filter_sort	bwa mem -t 16 dudleya_organelle_reference_verification/references/dudleya_cp_mt.fa genomicsDrive_data_dump/QB3.Berkeley.251217/QB3.Results.260109/COM/COM_LP_277_Du-712_S240_L005_R1_001.fastq.gz genomicsDrive_data_dump/QB3.Berkeley.251217/QB3.Results.260109/COM/COM_LP_277_Du-712_S240_L005_R2_001.fastq.gz | samtools view -@ 16 -b -F 4 -q 0 - | samtools sort -@ 16 -o /home/neil/Downloads/dudleya/Dudleya_S_genomes/full_pipeline_run/results/06_all_sample_alignment/bam/COM_LP_277_Du-712.organelle.sorted.tmp.bam -
COM_LP_277_Du-712	index	samtools index /home/neil/Downloads/dudleya/Dudleya_S_genomes/full_pipeline_run/results/06_all_sample_alignment/bam/COM_LP_277_Du-712.organelle.sorted.bam
COM_LP_277_Du-712	flagstat	samtools flagstat /home/neil/Downloads/dudleya/Dudleya_S_genomes/full_pipeline_run/results/06_all_sample_alignment/bam/COM_LP_277_Du-712.organelle.sorted.bam
COM_LP_277_Du-712	idxstats	samtools idxstats /home/neil/Downloads/dudleya/Dudleya_S_genomes/full_pipeline_run/results/06_all_sample_alignment/bam/COM_LP_277_Du-712.organelle.sorted.bam
COM_LP_277_Du-712	depth	samtools depth -aa -q 20 -Q 0 /home/neil/Downloads/dudleya/Dudleya_S_genomes/full_pipeline_run/results/06_all_sample_alignment/bam/COM_LP_277_Du-712.organelle.sorted.bam
COM_LP_341_Du-713	align_filter_sort	bwa mem -t 16 dudleya_organelle_reference_verification/references/dudleya_cp_mt.fa genomicsDrive_data_dump/QB3.Berkeley.251217/QB3.Results.260109/COM/COM_LP_341_Du-713_S207_L005_R1_001.fastq.gz genomicsDrive_data_dump/QB3.Berkeley.251217/QB3.Results.260109/COM/COM_LP_341_Du-713_S207_L005_R2_001.fastq.gz | samtools view -@ 16 -b -F 4 -q 0 - | samtools sort -@ 16 -o /home/neil/Downloads/dudleya/Dudleya_S_genomes/full_pipeline_run/results/06_all_sample_alignment/bam/COM_LP_341_Du-713.organelle.sorted.tmp.bam -
COM_LP_341_Du-713	index	samtools index /home/neil/Downloads/dudleya/Dudleya_S_genomes/full_pipeline_run/results/06_all_sample_alignment/bam/COM_LP_341_Du-713.organelle.sorted.bam
COM_LP_341_Du-713	flagstat	samtools flagstat /home/neil/Downloads/dudleya/Dudleya_S_genomes/full_pipeline_run/results/06_all_sample_alignment/bam/COM_LP_341_Du-713.organelle.sorted.bam
COM_LP_341_Du-713	idxstats	samtools idxstats /home/neil/Downloads/dudleya/Dudleya_S_genomes/full_pipeline_run/results/06_all_sample_alignment/bam/COM_LP_341_Du-713.organelle.sorted.bam
COM_LP_341_Du-713	depth	samtools depth -aa -q 20 -Q 0 /home/neil/Downloads/dudleya/Dudleya_S_genomes/full_pipeline_run/results/06_all_sample_alignment/bam/COM_LP_341_Du-713.organelle.sorted.bam
COM_LP_342_Du-714	align_filter_sort	bwa mem -t 16 dudleya_organelle_reference_verification/references/dudleya_cp_mt.fa genomicsDrive_data_dump/QB3.Berkeley.251217/QB3.Results.260109/COM/COM_LP_342_Du-714_S210_L005_R1_001.fastq.gz genomicsDrive_data_dump/QB3.Berkeley.251217/QB3.Results.260109/COM/COM_LP_342_Du-714_S210_L005_R2_001.fastq.gz | samtools view -@ 16 -b -F 4 -q 0 - | samtools sort -@ 16 -o /home/neil/Downloads/dudleya/Dudleya_S_genomes/full_pipeline_run/results/06_all_sample_alignment/bam/COM_LP_342_Du-714.organelle.sorted.tmp.bam -
COM_LP_342_Du-714	index	samtools index /home/neil/Downloads/dudleya/Dudleya_S_genomes/full_pipeline_run/results/06_all_sample_alignment/bam/COM_LP_342_Du-714.organelle.sorted.bam
COM_LP_342_Du-714	flagstat	samtools flagstat /home/neil/Downloads/dudleya/Dudleya_S_genomes/full_pipeline_run/results/06_all_sample_alignment/bam/COM_LP_342_Du-714.organelle.sorted.bam
COM_LP_342_Du-714	idxstats	samtools idxstats /home/neil/Downloads/dudleya/Dudleya_S_genomes/full_pipeline_run/results/06_all_sample_alignment/bam/COM_LP_342_Du-714.organelle.sorted.bam
COM_LP_342_Du-714	depth	samtools depth -aa -q 20 -Q 0 /home/neil/Downloads/dudleya/Dudleya_S_genomes/full_pipeline_run/results/06_all_sample_alignment/bam/COM_LP_342_Du-714.organelle.sorted.bam
COM_LP_343_Du-715	align_filter_sort	bwa mem -t 16 dudleya_organelle_reference_verification/references/dudleya_cp_mt.fa genomicsDrive_data_dump/QB3.Berkeley.251217/QB3.Results.260109/COM/COM_LP_343_Du-715_S205_L005_R1_001.fastq.gz genomicsDrive_data_dump/QB3.Berkeley.251217/QB3.Results.260109/COM/COM_LP_343_Du-715_S205_L005_R2_001.fastq.gz | samtools view -@ 16 -b -F 4 -q 0 - | samtools sort -@ 16 -o /home/neil/Downloads/dudleya/Dudleya_S_genomes/full_pipeline_run/results/06_all_sample_alignment/bam/COM_LP_343_Du-715.organelle.sorted.tmp.bam -
COM_LP_343_Du-715	index	samtools index /home/neil/Downloads/dudleya/Dudleya_S_genomes/full_pipeline_run/results/06_all_sample_alignment/bam/COM_LP_343_Du-715.organelle.sorted.bam
COM_LP_343_Du-715	flagstat	samtools flagstat /home/neil/Downloads/dudleya/Dudleya_S_genomes/full_pipeline_run/results/06_all_sample_alignment/bam/COM_LP_343_Du-715.organelle.sorted.bam
COM_LP_343_Du-715	idxstats	samtools idxstats /home/neil/Downloads/dudleya/Dudleya_S_genomes/full_pipeline_run/results/06_all_sample_alignment/bam/COM_LP_343_Du-715.organelle.sorted.bam
COM_LP_343_Du-715	depth	samtools depth -aa -q 20 -Q 0 /home/neil/Downloads/dudleya/Dudleya_S_genomes/full_pipeline_run/results/06_all_sample_alignment/bam/COM_LP_343_Du-715.organelle.sorted.bam
CROB_LP_169_Du-381	align_filter_sort	bwa mem -t 16 dudleya_organelle_reference_verification/references/dudleya_cp_mt.fa genomicsDrive_data_dump/QB3.Berkeley.251217/QB3.Results.260109/CROB/CROB_LP_169_Du-381_S178_L005_R1_001.fastq.gz genomicsDrive_data_dump/QB3.Berkeley.251217/QB3.Results.260109/CROB/CROB_LP_169_Du-381_S178_L005_R2_001.fastq.gz | samtools view -@ 16 -b -F 4 -q 0 - | samtools sort -@ 16 -o /home/neil/Downloads/dudleya/Dudleya_S_genomes/full_pipeline_run/results/06_all_sample_alignment/bam/CROB_LP_169_Du-381.organelle.sorted.tmp.bam -
CROB_LP_169_Du-381	index	samtools index /home/neil/Downloads/dudleya/Dudleya_S_genomes/full_pipeline_run/results/06_all_sample_alignment/bam/CROB_LP_169_Du-381.organelle.sorted.bam
CROB_LP_169_Du-381	flagstat	samtools flagstat /home/neil/Downloads/dudleya/Dudleya_S_genomes/full_pipeline_run/results/06_all_sample_alignment/bam/CROB_LP_169_Du-381.organelle.sorted.bam
CROB_LP_169_Du-381	idxstats	samtools idxstats /home/neil/Downloads/dudleya/Dudleya_S_genomes/full_pipeline_run/results/06_all_sample_alignment/bam/CROB_LP_169_Du-381.organelle.sorted.bam
CROB_LP_169_Du-381	depth	samtools depth -aa -q 20 -Q 0 /home/neil/Downloads/dudleya/Dudleya_S_genomes/full_pipeline_run/results/06_all_sample_alignment/bam/CROB_LP_169_Du-381.organelle.sorted.bam
CROB_LP_170_Du-382	align_filter_sort	bwa mem -t 16 dudleya_organelle_reference_verification/references/dudleya_cp_mt.fa genomicsDrive_data_dump/QB3.Berkeley.251217/QB3.Results.260109/CROB/CROB_LP_170_Du-382_S189_L005_R1_001.fastq.gz genomicsDrive_data_dump/QB3.Berkeley.251217/QB3.Results.260109/CROB/CROB_LP_170_Du-382_S189_L005_R2_001.fastq.gz | samtools view -@ 16 -b -F 4 -q 0 - | samtools sort -@ 16 -o /home/neil/Downloads/dudleya/Dudleya_S_genomes/full_pipeline_run/results/06_all_sample_alignment/bam/CROB_LP_170_Du-382.organelle.sorted.tmp.bam -
CROB_LP_170_Du-382	index	samtools index /home/neil/Downloads/dudleya/Dudleya_S_genomes/full_pipeline_run/results/06_all_sample_alignment/bam/CROB_LP_170_Du-382.organelle.sorted.bam
CROB_LP_170_Du-382	flagstat	samtools flagstat /home/neil/Downloads/dudleya/Dudleya_S_genomes/full_pipeline_run/results/06_all_sample_alignment/bam/CROB_LP_170_Du-382.organelle.sorted.bam
CROB_LP_170_Du-382	idxstats	samtools idxstats /home/neil/Downloads/dudleya/Dudleya_S_genomes/full_pipeline_run/results/06_all_sample_alignment/bam/CROB_LP_170_Du-382.organelle.sorted.bam
CROB_LP_170_Du-382	depth	samtools depth -aa -q 20 -Q 0 /home/neil/Downloads/dudleya/Dudleya_S_genomes/full_pipeline_run/results/06_all_sample_alignment/bam/CROB_LP_170_Du-382.organelle.sorted.bam
CROB_LP_172_Du-384	align_filter_sort	bwa mem -t 16 dudleya_organelle_reference_verification/references/dudleya_cp_mt.fa genomicsDrive_data_dump/QB3.Berkeley.251217/QB3.Results.260109/CROB/CROB_LP_172_Du-384_S127_L005_R1_001.fastq.gz genomicsDrive_data_dump/QB3.Berkeley.251217/QB3.Results.260109/CROB/CROB_LP_172_Du-384_S127_L005_R2_001.fastq.gz | samtools view -@ 16 -b -F 4 -q 0 - | samtools sort -@ 16 -o /home/neil/Downloads/dudleya/Dudleya_S_genomes/full_pipeline_run/results/06_all_sample_alignment/bam/CROB_LP_172_Du-384.organelle.sorted.tmp.bam -
CROB_LP_172_Du-384	index	samtools index /home/neil/Downloads/dudleya/Dudleya_S_genomes/full_pipeline_run/results/06_all_sample_alignment/bam/CROB_LP_172_Du-384.organelle.sorted.bam
CROB_LP_172_Du-384	flagstat	samtools flagstat /home/neil/Downloads/dudleya/Dudleya_S_genomes/full_pipeline_run/results/06_all_sample_alignment/bam/CROB_LP_172_Du-384.organelle.sorted.bam
CROB_LP_172_Du-384	idxstats	samtools idxstats /home/neil/Downloads/dudleya/Dudleya_S_genomes/full_pipeline_run/results/06_all_sample_alignment/bam/CROB_LP_172_Du-384.organelle.sorted.bam
CROB_LP_172_Du-384	depth	samtools depth -aa -q 20 -Q 0 /home/neil/Downloads/dudleya/Dudleya_S_genomes/full_pipeline_run/results/06_all_sample_alignment/bam/CROB_LP_172_Du-384.organelle.sorted.bam
CROB_LP_173_Du-385	align_filter_sort	bwa mem -t 16 dudleya_organelle_reference_verification/references/dudleya_cp_mt.fa genomicsDrive_data_dump/QB3.Berkeley.251217/QB3.Results.260109/CROB/CROB_LP_173_Du-385_S137_L005_R1_001.fastq.gz genomicsDrive_data_dump/QB3.Berkeley.251217/QB3.Results.260109/CROB/CROB_LP_173_Du-385_S137_L005_R2_001.fastq.gz | samtools view -@ 16 -b -F 4 -q 0 - | samtools sort -@ 16 -o /home/neil/Downloads/dudleya/Dudleya_S_genomes/full_pipeline_run/results/06_all_sample_alignment/bam/CROB_LP_173_Du-385.organelle.sorted.tmp.bam -
CROB_LP_173_Du-385	index	samtools index /home/neil/Downloads/dudleya/Dudleya_S_genomes/full_pipeline_run/results/06_all_sample_alignment/bam/CROB_LP_173_Du-385.organelle.sorted.bam
CROB_LP_173_Du-385	flagstat	samtools flagstat /home/neil/Downloads/dudleya/Dudleya_S_genomes/full_pipeline_run/results/06_all_sample_alignment/bam/CROB_LP_173_Du-385.organelle.sorted.bam
CROB_LP_173_Du-385	idxstats	samtools idxstats /home/neil/Downloads/dudleya/Dudleya_S_genomes/full_pipeline_run/results/06_all_sample_alignment/bam/CROB_LP_173_Du-385.organelle.sorted.bam
CROB_LP_173_Du-385	depth	samtools depth -aa -q 20 -Q 0 /home/neil/Downloads/dudleya/Dudleya_S_genomes/full_pipeline_run/results/06_all_sample_alignment/bam/CROB_LP_173_Du-385.organelle.sorted.bam
CROB_LP_174_Du-386	align_filter_sort	bwa mem -t 16 dudleya_organelle_reference_verification/references/dudleya_cp_mt.fa genomicsDrive_data_dump/QB3.Berkeley.251217/QB3.Results.260109/CROB/CROB_LP_174_Du-386_S148_L005_R1_001.fastq.gz genomicsDrive_data_dump/QB3.Berkeley.251217/QB3.Results.260109/CROB/CROB_LP_174_Du-386_S148_L005_R2_001.fastq.gz | samtools view -@ 16 -b -F 4 -q 0 - | samtools sort -@ 16 -o /home/neil/Downloads/dudleya/Dudleya_S_genomes/full_pipeline_run/results/06_all_sample_alignment/bam/CROB_LP_174_Du-386.organelle.sorted.tmp.bam -
CROB_LP_174_Du-386	index	samtools index /home/neil/Downloads/dudleya/Dudleya_S_genomes/full_pipeline_run/results/06_all_sample_alignment/bam/CROB_LP_174_Du-386.organelle.sorted.bam
CROB_LP_174_Du-386	flagstat	samtools flagstat /home/neil/Downloads/dudleya/Dudleya_S_genomes/full_pipeline_run/results/06_all_sample_alignment/bam/CROB_LP_174_Du-386.organelle.sorted.bam
CROB_LP_174_Du-386	idxstats	samtools idxstats /home/neil/Downloads/dudleya/Dudleya_S_genomes/full_pipeline_run/results/06_all_sample_alignment/bam/CROB_LP_174_Du-386.organelle.sorted.bam
CROB_LP_174_Du-386	depth	samtools depth -aa -q 20 -Q 0 /home/neil/Downloads/dudleya/Dudleya_S_genomes/full_pipeline_run/results/06_all_sample_alignment/bam/CROB_LP_174_Du-386.organelle.sorted.bam
CROB_LP_175_Du-387	align_filter_sort	bwa mem -t 16 dudleya_organelle_reference_verification/references/dudleya_cp_mt.fa genomicsDrive_data_dump/QB3.Berkeley.251217/QB3.Results.260109/CROB/CROB_LP_175_Du-387_S158_L005_R1_001.fastq.gz genomicsDrive_data_dump/QB3.Berkeley.251217/QB3.Results.260109/CROB/CROB_LP_175_Du-387_S158_L005_R2_001.fastq.gz | samtools view -@ 16 -b -F 4 -q 0 - | samtools sort -@ 16 -o /home/neil/Downloads/dudleya/Dudleya_S_genomes/full_pipeline_run/results/06_all_sample_alignment/bam/CROB_LP_175_Du-387.organelle.sorted.tmp.bam -
CROB_LP_175_Du-387	index	samtools index /home/neil/Downloads/dudleya/Dudleya_S_genomes/full_pipeline_run/results/06_all_sample_alignment/bam/CROB_LP_175_Du-387.organelle.sorted.bam
CROB_LP_175_Du-387	flagstat	samtools flagstat /home/neil/Downloads/dudleya/Dudleya_S_genomes/full_pipeline_run/results/06_all_sample_alignment/bam/CROB_LP_175_Du-387.organelle.sorted.bam
CROB_LP_175_Du-387	idxstats	samtools idxstats /home/neil/Downloads/dudleya/Dudleya_S_genomes/full_pipeline_run/results/06_all_sample_alignment/bam/CROB_LP_175_Du-387.organelle.sorted.bam
CROB_LP_175_Du-387	depth	samtools depth -aa -q 20 -Q 0 /home/neil/Downloads/dudleya/Dudleya_S_genomes/full_pipeline_run/results/06_all_sample_alignment/bam/CROB_LP_175_Du-387.organelle.sorted.bam
CROB_LP_176_Du-388	align_filter_sort	bwa mem -t 16 dudleya_organelle_reference_verification/references/dudleya_cp_mt.fa genomicsDrive_data_dump/QB3.Berkeley.251217/QB3.Results.260109/CROB/CROB_LP_176_Du-388_S168_L005_R1_001.fastq.gz genomicsDrive_data_dump/QB3.Berkeley.251217/QB3.Results.260109/CROB/CROB_LP_176_Du-388_S168_L005_R2_001.fastq.gz | samtools view -@ 16 -b -F 4 -q 0 - | samtools sort -@ 16 -o /home/neil/Downloads/dudleya/Dudleya_S_genomes/full_pipeline_run/results/06_all_sample_alignment/bam/CROB_LP_176_Du-388.organelle.sorted.tmp.bam -
CROB_LP_176_Du-388	index	samtools index /home/neil/Downloads/dudleya/Dudleya_S_genomes/full_pipeline_run/results/06_all_sample_alignment/bam/CROB_LP_176_Du-388.organelle.sorted.bam
CROB_LP_176_Du-388	flagstat	samtools flagstat /home/neil/Downloads/dudleya/Dudleya_S_genomes/full_pipeline_run/results/06_all_sample_alignment/bam/CROB_LP_176_Du-388.organelle.sorted.bam
CROB_LP_176_Du-388	idxstats	samtools idxstats /home/neil/Downloads/dudleya/Dudleya_S_genomes/full_pipeline_run/results/06_all_sample_alignment/bam/CROB_LP_176_Du-388.organelle.sorted.bam
CROB_LP_176_Du-388	depth	samtools depth -aa -q 20 -Q 0 /home/neil/Downloads/dudleya/Dudleya_S_genomes/full_pipeline_run/results/06_all_sample_alignment/bam/CROB_LP_176_Du-388.organelle.sorted.bam
CROB_LP_177_Du-389	align_filter_sort	bwa mem -t 16 dudleya_organelle_reference_verification/references/dudleya_cp_mt.fa genomicsDrive_data_dump/QB3.Berkeley.251217/QB3.Results.260109/CROB/CROB_LP_177_Du-389_S179_L005_R1_001.fastq.gz genomicsDrive_data_dump/QB3.Berkeley.251217/QB3.Results.260109/CROB/CROB_LP_177_Du-389_S179_L005_R2_001.fastq.gz | samtools view -@ 16 -b -F 4 -q 0 - | samtools sort -@ 16 -o /home/neil/Downloads/dudleya/Dudleya_S_genomes/full_pipeline_run/results/06_all_sample_alignment/bam/CROB_LP_177_Du-389.organelle.sorted.tmp.bam -
CROB_LP_177_Du-389	index	samtools index /home/neil/Downloads/dudleya/Dudleya_S_genomes/full_pipeline_run/results/06_all_sample_alignment/bam/CROB_LP_177_Du-389.organelle.sorted.bam
CROB_LP_177_Du-389	flagstat	samtools flagstat /home/neil/Downloads/dudleya/Dudleya_S_genomes/full_pipeline_run/results/06_all_sample_alignment/bam/CROB_LP_177_Du-389.organelle.sorted.bam
CROB_LP_177_Du-389	idxstats	samtools idxstats /home/neil/Downloads/dudleya/Dudleya_S_genomes/full_pipeline_run/results/06_all_sample_alignment/bam/CROB_LP_177_Du-389.organelle.sorted.bam
CROB_LP_177_Du-389	depth	samtools depth -aa -q 20 -Q 0 /home/neil/Downloads/dudleya/Dudleya_S_genomes/full_pipeline_run/results/06_all_sample_alignment/bam/CROB_LP_177_Du-389.organelle.sorted.bam
CROB_LP_320_Du-395	align_filter_sort	bwa mem -t 16 dudleya_organelle_reference_verification/references/dudleya_cp_mt.fa genomicsDrive_data_dump/QB3.Berkeley.251217/QB3.Results.260109/CROB/CROB_LP_320_Du-395_S110_L005_R1_001.fastq.gz genomicsDrive_data_dump/QB3.Berkeley.251217/QB3.Results.260109/CROB/CROB_LP_320_Du-395_S110_L005_R2_001.fastq.gz | samtools view -@ 16 -b -F 4 -q 0 - | samtools sort -@ 16 -o /home/neil/Downloads/dudleya/Dudleya_S_genomes/full_pipeline_run/results/06_all_sample_alignment/bam/CROB_LP_320_Du-395.organelle.sorted.tmp.bam -
CROB_LP_320_Du-395	index	samtools index /home/neil/Downloads/dudleya/Dudleya_S_genomes/full_pipeline_run/results/06_all_sample_alignment/bam/CROB_LP_320_Du-395.organelle.sorted.bam
CROB_LP_320_Du-395	flagstat	samtools flagstat /home/neil/Downloads/dudleya/Dudleya_S_genomes/full_pipeline_run/results/06_all_sample_alignment/bam/CROB_LP_320_Du-395.organelle.sorted.bam
CROB_LP_320_Du-395	idxstats	samtools idxstats /home/neil/Downloads/dudleya/Dudleya_S_genomes/full_pipeline_run/results/06_all_sample_alignment/bam/CROB_LP_320_Du-395.organelle.sorted.bam
CROB_LP_320_Du-395	depth	samtools depth -aa -q 20 -Q 0 /home/neil/Downloads/dudleya/Dudleya_S_genomes/full_pipeline_run/results/06_all_sample_alignment/bam/CROB_LP_320_Du-395.organelle.sorted.bam
CROB_LP_321_Du-396	align_filter_sort	bwa mem -t 16 dudleya_organelle_reference_verification/references/dudleya_cp_mt.fa genomicsDrive_data_dump/QB3.Berkeley.251217/QB3.Results.260109/CROB/CROB_LP_321_Du-396_S111_L005_R1_001.fastq.gz genomicsDrive_data_dump/QB3.Berkeley.251217/QB3.Results.260109/CROB/CROB_LP_321_Du-396_S111_L005_R2_001.fastq.gz | samtools view -@ 16 -b -F 4 -q 0 - | samtools sort -@ 16 -o /home/neil/Downloads/dudleya/Dudleya_S_genomes/full_pipeline_run/results/06_all_sample_alignment/bam/CROB_LP_321_Du-396.organelle.sorted.tmp.bam -
CROB_LP_321_Du-396	index	samtools index /home/neil/Downloads/dudleya/Dudleya_S_genomes/full_pipeline_run/results/06_all_sample_alignment/bam/CROB_LP_321_Du-396.organelle.sorted.bam
CROB_LP_321_Du-396	flagstat	samtools flagstat /home/neil/Downloads/dudleya/Dudleya_S_genomes/full_pipeline_run/results/06_all_sample_alignment/bam/CROB_LP_321_Du-396.organelle.sorted.bam
CROB_LP_321_Du-396	idxstats	samtools idxstats /home/neil/Downloads/dudleya/Dudleya_S_genomes/full_pipeline_run/results/06_all_sample_alignment/bam/CROB_LP_321_Du-396.organelle.sorted.bam
CROB_LP_321_Du-396	depth	samtools depth -aa -q 20 -Q 0 /home/neil/Downloads/dudleya/Dudleya_S_genomes/full_pipeline_run/results/06_all_sample_alignment/bam/CROB_LP_321_Du-396.organelle.sorted.bam
CROS_LP_085_Du-181	align_filter_sort	bwa mem -t 16 dudleya_organelle_reference_verification/references/dudleya_cp_mt.fa genomicsDrive_data_dump/QB3.Berkeley.251217/QB3.Results.260109/CROS/CROS_LP_085_Du-181_S76_L005_R1_001.fastq.gz genomicsDrive_data_dump/QB3.Berkeley.251217/QB3.Results.260109/CROS/CROS_LP_085_Du-181_S76_L005_R2_001.fastq.gz | samtools view -@ 16 -b -F 4 -q 0 - | samtools sort -@ 16 -o /home/neil/Downloads/dudleya/Dudleya_S_genomes/full_pipeline_run/results/06_all_sample_alignment/bam/CROS_LP_085_Du-181.organelle.sorted.tmp.bam -
CROS_LP_085_Du-181	index	samtools index /home/neil/Downloads/dudleya/Dudleya_S_genomes/full_pipeline_run/results/06_all_sample_alignment/bam/CROS_LP_085_Du-181.organelle.sorted.bam
CROS_LP_085_Du-181	flagstat	samtools flagstat /home/neil/Downloads/dudleya/Dudleya_S_genomes/full_pipeline_run/results/06_all_sample_alignment/bam/CROS_LP_085_Du-181.organelle.sorted.bam
CROS_LP_085_Du-181	idxstats	samtools idxstats /home/neil/Downloads/dudleya/Dudleya_S_genomes/full_pipeline_run/results/06_all_sample_alignment/bam/CROS_LP_085_Du-181.organelle.sorted.bam
CROS_LP_085_Du-181	depth	samtools depth -aa -q 20 -Q 0 /home/neil/Downloads/dudleya/Dudleya_S_genomes/full_pipeline_run/results/06_all_sample_alignment/bam/CROS_LP_085_Du-181.organelle.sorted.bam
CROS_LP_086_Du-182	align_filter_sort	bwa mem -t 16 dudleya_organelle_reference_verification/references/dudleya_cp_mt.fa genomicsDrive_data_dump/QB3.Berkeley.251217/QB3.Results.260109/CROS/CROS_LP_086_Du-182_S86_L005_R1_001.fastq.gz genomicsDrive_data_dump/QB3.Berkeley.251217/QB3.Results.260109/CROS/CROS_LP_086_Du-182_S86_L005_R2_001.fastq.gz | samtools view -@ 16 -b -F 4 -q 0 - | samtools sort -@ 16 -o /home/neil/Downloads/dudleya/Dudleya_S_genomes/full_pipeline_run/results/06_all_sample_alignment/bam/CROS_LP_086_Du-182.organelle.sorted.tmp.bam -
CROS_LP_086_Du-182	index	samtools index /home/neil/Downloads/dudleya/Dudleya_S_genomes/full_pipeline_run/results/06_all_sample_alignment/bam/CROS_LP_086_Du-182.organelle.sorted.bam
CROS_LP_086_Du-182	flagstat	samtools flagstat /home/neil/Downloads/dudleya/Dudleya_S_genomes/full_pipeline_run/results/06_all_sample_alignment/bam/CROS_LP_086_Du-182.organelle.sorted.bam
CROS_LP_086_Du-182	idxstats	samtools idxstats /home/neil/Downloads/dudleya/Dudleya_S_genomes/full_pipeline_run/results/06_all_sample_alignment/bam/CROS_LP_086_Du-182.organelle.sorted.bam
CROS_LP_086_Du-182	depth	samtools depth -aa -q 20 -Q 0 /home/neil/Downloads/dudleya/Dudleya_S_genomes/full_pipeline_run/results/06_all_sample_alignment/bam/CROS_LP_086_Du-182.organelle.sorted.bam
CROS_LP_087_Du-183	align_filter_sort	bwa mem -t 16 dudleya_organelle_reference_verification/references/dudleya_cp_mt.fa genomicsDrive_data_dump/QB3.Berkeley.251217/QB3.Results.260109/CROS/CROS_LP_087_Du-183_S96_L005_R1_001.fastq.gz genomicsDrive_data_dump/QB3.Berkeley.251217/QB3.Results.260109/CROS/CROS_LP_087_Du-183_S96_L005_R2_001.fastq.gz | samtools view -@ 16 -b -F 4 -q 0 - | samtools sort -@ 16 -o /home/neil/Downloads/dudleya/Dudleya_S_genomes/full_pipeline_run/results/06_all_sample_alignment/bam/CROS_LP_087_Du-183.organelle.sorted.tmp.bam -
CROS_LP_087_Du-183	index	samtools index /home/neil/Downloads/dudleya/Dudleya_S_genomes/full_pipeline_run/results/06_all_sample_alignment/bam/CROS_LP_087_Du-183.organelle.sorted.bam
CROS_LP_087_Du-183	flagstat	samtools flagstat /home/neil/Downloads/dudleya/Dudleya_S_genomes/full_pipeline_run/results/06_all_sample_alignment/bam/CROS_LP_087_Du-183.organelle.sorted.bam
CROS_LP_087_Du-183	idxstats	samtools idxstats /home/neil/Downloads/dudleya/Dudleya_S_genomes/full_pipeline_run/results/06_all_sample_alignment/bam/CROS_LP_087_Du-183.organelle.sorted.bam
CROS_LP_087_Du-183	depth	samtools depth -aa -q 20 -Q 0 /home/neil/Downloads/dudleya/Dudleya_S_genomes/full_pipeline_run/results/06_all_sample_alignment/bam/CROS_LP_087_Du-183.organelle.sorted.bam
CROS_LP_088_Du-184	align_filter_sort	bwa mem -t 16 dudleya_organelle_reference_verification/references/dudleya_cp_mt.fa genomicsDrive_data_dump/QB3.Berkeley.251217/QB3.Results.260109/CROS/CROS_LP_088_Du-184_S106_L005_R1_001.fastq.gz genomicsDrive_data_dump/QB3.Berkeley.251217/QB3.Results.260109/CROS/CROS_LP_088_Du-184_S106_L005_R2_001.fastq.gz | samtools view -@ 16 -b -F 4 -q 0 - | samtools sort -@ 16 -o /home/neil/Downloads/dudleya/Dudleya_S_genomes/full_pipeline_run/results/06_all_sample_alignment/bam/CROS_LP_088_Du-184.organelle.sorted.tmp.bam -
CROS_LP_088_Du-184	index	samtools index /home/neil/Downloads/dudleya/Dudleya_S_genomes/full_pipeline_run/results/06_all_sample_alignment/bam/CROS_LP_088_Du-184.organelle.sorted.bam
CROS_LP_088_Du-184	flagstat	samtools flagstat /home/neil/Downloads/dudleya/Dudleya_S_genomes/full_pipeline_run/results/06_all_sample_alignment/bam/CROS_LP_088_Du-184.organelle.sorted.bam
CROS_LP_088_Du-184	idxstats	samtools idxstats /home/neil/Downloads/dudleya/Dudleya_S_genomes/full_pipeline_run/results/06_all_sample_alignment/bam/CROS_LP_088_Du-184.organelle.sorted.bam
CROS_LP_088_Du-184	depth	samtools depth -aa -q 20 -Q 0 /home/neil/Downloads/dudleya/Dudleya_S_genomes/full_pipeline_run/results/06_all_sample_alignment/bam/CROS_LP_088_Du-184.organelle.sorted.bam
CROS_LP_089_Du-185	align_filter_sort	bwa mem -t 16 dudleya_organelle_reference_verification/references/dudleya_cp_mt.fa genomicsDrive_data_dump/QB3.Berkeley.251217/QB3.Results.260109/CROS/CROS_LP_089_Du-185_S35_L005_R1_001.fastq.gz genomicsDrive_data_dump/QB3.Berkeley.251217/QB3.Results.260109/CROS/CROS_LP_089_Du-185_S35_L005_R2_001.fastq.gz | samtools view -@ 16 -b -F 4 -q 0 - | samtools sort -@ 16 -o /home/neil/Downloads/dudleya/Dudleya_S_genomes/full_pipeline_run/results/06_all_sample_alignment/bam/CROS_LP_089_Du-185.organelle.sorted.tmp.bam -
CROS_LP_089_Du-185	index	samtools index /home/neil/Downloads/dudleya/Dudleya_S_genomes/full_pipeline_run/results/06_all_sample_alignment/bam/CROS_LP_089_Du-185.organelle.sorted.bam
CROS_LP_089_Du-185	flagstat	samtools flagstat /home/neil/Downloads/dudleya/Dudleya_S_genomes/full_pipeline_run/results/06_all_sample_alignment/bam/CROS_LP_089_Du-185.organelle.sorted.bam
CROS_LP_089_Du-185	idxstats	samtools idxstats /home/neil/Downloads/dudleya/Dudleya_S_genomes/full_pipeline_run/results/06_all_sample_alignment/bam/CROS_LP_089_Du-185.organelle.sorted.bam
CROS_LP_089_Du-185	depth	samtools depth -aa -q 20 -Q 0 /home/neil/Downloads/dudleya/Dudleya_S_genomes/full_pipeline_run/results/06_all_sample_alignment/bam/CROS_LP_089_Du-185.organelle.sorted.bam
CROS_LP_090_Du-186	align_filter_sort	bwa mem -t 16 dudleya_organelle_reference_verification/references/dudleya_cp_mt.fa genomicsDrive_data_dump/QB3.Berkeley.251217/QB3.Results.260109/CROS/CROS_LP_090_Du-186_S45_L005_R1_001.fastq.gz genomicsDrive_data_dump/QB3.Berkeley.251217/QB3.Results.260109/CROS/CROS_LP_090_Du-186_S45_L005_R2_001.fastq.gz | samtools view -@ 16 -b -F 4 -q 0 - | samtools sort -@ 16 -o /home/neil/Downloads/dudleya/Dudleya_S_genomes/full_pipeline_run/results/06_all_sample_alignment/bam/CROS_LP_090_Du-186.organelle.sorted.tmp.bam -
CROS_LP_090_Du-186	index	samtools index /home/neil/Downloads/dudleya/Dudleya_S_genomes/full_pipeline_run/results/06_all_sample_alignment/bam/CROS_LP_090_Du-186.organelle.sorted.bam
CROS_LP_090_Du-186	flagstat	samtools flagstat /home/neil/Downloads/dudleya/Dudleya_S_genomes/full_pipeline_run/results/06_all_sample_alignment/bam/CROS_LP_090_Du-186.organelle.sorted.bam
CROS_LP_090_Du-186	idxstats	samtools idxstats /home/neil/Downloads/dudleya/Dudleya_S_genomes/full_pipeline_run/results/06_all_sample_alignment/bam/CROS_LP_090_Du-186.organelle.sorted.bam
CROS_LP_090_Du-186	depth	samtools depth -aa -q 20 -Q 0 /home/neil/Downloads/dudleya/Dudleya_S_genomes/full_pipeline_run/results/06_all_sample_alignment/bam/CROS_LP_090_Du-186.organelle.sorted.bam
CROS_LP_091_Du-187	align_filter_sort	bwa mem -t 16 dudleya_organelle_reference_verification/references/dudleya_cp_mt.fa genomicsDrive_data_dump/QB3.Berkeley.251217/QB3.Results.260109/CROS/CROS_LP_091_Du-187_S56_L005_R1_001.fastq.gz genomicsDrive_data_dump/QB3.Berkeley.251217/QB3.Results.260109/CROS/CROS_LP_091_Du-187_S56_L005_R2_001.fastq.gz | samtools view -@ 16 -b -F 4 -q 0 - | samtools sort -@ 16 -o /home/neil/Downloads/dudleya/Dudleya_S_genomes/full_pipeline_run/results/06_all_sample_alignment/bam/CROS_LP_091_Du-187.organelle.sorted.tmp.bam -
CROS_LP_091_Du-187	index	samtools index /home/neil/Downloads/dudleya/Dudleya_S_genomes/full_pipeline_run/results/06_all_sample_alignment/bam/CROS_LP_091_Du-187.organelle.sorted.bam
CROS_LP_091_Du-187	flagstat	samtools flagstat /home/neil/Downloads/dudleya/Dudleya_S_genomes/full_pipeline_run/results/06_all_sample_alignment/bam/CROS_LP_091_Du-187.organelle.sorted.bam
CROS_LP_091_Du-187	idxstats	samtools idxstats /home/neil/Downloads/dudleya/Dudleya_S_genomes/full_pipeline_run/results/06_all_sample_alignment/bam/CROS_LP_091_Du-187.organelle.sorted.bam
CROS_LP_091_Du-187	depth	samtools depth -aa -q 20 -Q 0 /home/neil/Downloads/dudleya/Dudleya_S_genomes/full_pipeline_run/results/06_all_sample_alignment/bam/CROS_LP_091_Du-187.organelle.sorted.bam
CROS_LP_092_Du-188	align_filter_sort	bwa mem -t 16 dudleya_organelle_reference_verification/references/dudleya_cp_mt.fa genomicsDrive_data_dump/QB3.Berkeley.251217/QB3.Results.260109/CROS/CROS_LP_092_Du-188_S66_L005_R1_001.fastq.gz genomicsDrive_data_dump/QB3.Berkeley.251217/QB3.Results.260109/CROS/CROS_LP_092_Du-188_S66_L005_R2_001.fastq.gz | samtools view -@ 16 -b -F 4 -q 0 - | samtools sort -@ 16 -o /home/neil/Downloads/dudleya/Dudleya_S_genomes/full_pipeline_run/results/06_all_sample_alignment/bam/CROS_LP_092_Du-188.organelle.sorted.tmp.bam -
CROS_LP_092_Du-188	index	samtools index /home/neil/Downloads/dudleya/Dudleya_S_genomes/full_pipeline_run/results/06_all_sample_alignment/bam/CROS_LP_092_Du-188.organelle.sorted.bam
CROS_LP_092_Du-188	flagstat	samtools flagstat /home/neil/Downloads/dudleya/Dudleya_S_genomes/full_pipeline_run/results/06_all_sample_alignment/bam/CROS_LP_092_Du-188.organelle.sorted.bam
CROS_LP_092_Du-188	idxstats	samtools idxstats /home/neil/Downloads/dudleya/Dudleya_S_genomes/full_pipeline_run/results/06_all_sample_alignment/bam/CROS_LP_092_Du-188.organelle.sorted.bam
CROS_LP_092_Du-188	depth	samtools depth -aa -q 20 -Q 0 /home/neil/Downloads/dudleya/Dudleya_S_genomes/full_pipeline_run/results/06_all_sample_alignment/bam/CROS_LP_092_Du-188.organelle.sorted.bam
CROS_LP_093_Du-189	align_filter_sort	bwa mem -t 16 dudleya_organelle_reference_verification/references/dudleya_cp_mt.fa genomicsDrive_data_dump/QB3.Berkeley.251217/QB3.Results.260109/CROS/CROS_LP_093_Du-189_S77_L005_R1_001.fastq.gz genomicsDrive_data_dump/QB3.Berkeley.251217/QB3.Results.260109/CROS/CROS_LP_093_Du-189_S77_L005_R2_001.fastq.gz | samtools view -@ 16 -b -F 4 -q 0 - | samtools sort -@ 16 -o /home/neil/Downloads/dudleya/Dudleya_S_genomes/full_pipeline_run/results/06_all_sample_alignment/bam/CROS_LP_093_Du-189.organelle.sorted.tmp.bam -
CROS_LP_093_Du-189	index	samtools index /home/neil/Downloads/dudleya/Dudleya_S_genomes/full_pipeline_run/results/06_all_sample_alignment/bam/CROS_LP_093_Du-189.organelle.sorted.bam
CROS_LP_093_Du-189	flagstat	samtools flagstat /home/neil/Downloads/dudleya/Dudleya_S_genomes/full_pipeline_run/results/06_all_sample_alignment/bam/CROS_LP_093_Du-189.organelle.sorted.bam
CROS_LP_093_Du-189	idxstats	samtools idxstats /home/neil/Downloads/dudleya/Dudleya_S_genomes/full_pipeline_run/results/06_all_sample_alignment/bam/CROS_LP_093_Du-189.organelle.sorted.bam
CROS_LP_093_Du-189	depth	samtools depth -aa -q 20 -Q 0 /home/neil/Downloads/dudleya/Dudleya_S_genomes/full_pipeline_run/results/06_all_sample_alignment/bam/CROS_LP_093_Du-189.organelle.sorted.bam
CROS_LP_094_Du-190	align_filter_sort	bwa mem -t 16 dudleya_organelle_reference_verification/references/dudleya_cp_mt.fa genomicsDrive_data_dump/QB3.Berkeley.251217/QB3.Results.260109/CROS/CROS_LP_094_Du-190_S87_L005_R1_001.fastq.gz genomicsDrive_data_dump/QB3.Berkeley.251217/QB3.Results.260109/CROS/CROS_LP_094_Du-190_S87_L005_R2_001.fastq.gz | samtools view -@ 16 -b -F 4 -q 0 - | samtools sort -@ 16 -o /home/neil/Downloads/dudleya/Dudleya_S_genomes/full_pipeline_run/results/06_all_sample_alignment/bam/CROS_LP_094_Du-190.organelle.sorted.tmp.bam -
CROS_LP_094_Du-190	index	samtools index /home/neil/Downloads/dudleya/Dudleya_S_genomes/full_pipeline_run/results/06_all_sample_alignment/bam/CROS_LP_094_Du-190.organelle.sorted.bam
CROS_LP_094_Du-190	flagstat	samtools flagstat /home/neil/Downloads/dudleya/Dudleya_S_genomes/full_pipeline_run/results/06_all_sample_alignment/bam/CROS_LP_094_Du-190.organelle.sorted.bam
CROS_LP_094_Du-190	idxstats	samtools idxstats /home/neil/Downloads/dudleya/Dudleya_S_genomes/full_pipeline_run/results/06_all_sample_alignment/bam/CROS_LP_094_Du-190.organelle.sorted.bam
CROS_LP_094_Du-190	depth	samtools depth -aa -q 20 -Q 0 /home/neil/Downloads/dudleya/Dudleya_S_genomes/full_pipeline_run/results/06_all_sample_alignment/bam/CROS_LP_094_Du-190.organelle.sorted.bam
CY_ALA_LP_298-Du-767	align_filter_sort	bwa mem -t 16 dudleya_organelle_reference_verification/references/dudleya_cp_mt.fa genomicsDrive_data_dump/QB3.Berkeley.251217/QB3.Results.260109/CY_ALA/CY_ALA_LP_298-Du-767_S289_L005_R1_001.fastq.gz genomicsDrive_data_dump/QB3.Berkeley.251217/QB3.Results.260109/CY_ALA/CY_ALA_LP_298-Du-767_S289_L005_R2_001.fastq.gz | samtools view -@ 16 -b -F 4 -q 0 - | samtools sort -@ 16 -o /home/neil/Downloads/dudleya/Dudleya_S_genomes/full_pipeline_run/results/06_all_sample_alignment/bam/CY_ALA_LP_298-Du-767.organelle.sorted.tmp.bam -
CY_ALA_LP_298-Du-767	index	samtools index /home/neil/Downloads/dudleya/Dudleya_S_genomes/full_pipeline_run/results/06_all_sample_alignment/bam/CY_ALA_LP_298-Du-767.organelle.sorted.bam
CY_ALA_LP_298-Du-767	flagstat	samtools flagstat /home/neil/Downloads/dudleya/Dudleya_S_genomes/full_pipeline_run/results/06_all_sample_alignment/bam/CY_ALA_LP_298-Du-767.organelle.sorted.bam
CY_ALA_LP_298-Du-767	idxstats	samtools idxstats /home/neil/Downloads/dudleya/Dudleya_S_genomes/full_pipeline_run/results/06_all_sample_alignment/bam/CY_ALA_LP_298-Du-767.organelle.sorted.bam
CY_ALA_LP_298-Du-767	depth	samtools depth -aa -q 20 -Q 0 /home/neil/Downloads/dudleya/Dudleya_S_genomes/full_pipeline_run/results/06_all_sample_alignment/bam/CY_ALA_LP_298-Du-767.organelle.sorted.bam
CY_ALA_LP_299-Du-768	align_filter_sort	bwa mem -t 16 dudleya_organelle_reference_verification/references/dudleya_cp_mt.fa genomicsDrive_data_dump/QB3.Berkeley.251217/QB3.Results.260109/CY_ALA/CY_ALA_LP_299-Du-768_S221_L005_R1_001.fastq.gz genomicsDrive_data_dump/QB3.Berkeley.251217/QB3.Results.260109/CY_ALA/CY_ALA_LP_299-Du-768_S221_L005_R2_001.fastq.gz | samtools view -@ 16 -b -F 4 -q 0 - | samtools sort -@ 16 -o /home/neil/Downloads/dudleya/Dudleya_S_genomes/full_pipeline_run/results/06_all_sample_alignment/bam/CY_ALA_LP_299-Du-768.organelle.sorted.tmp.bam -
CY_ALA_LP_299-Du-768	index	samtools index /home/neil/Downloads/dudleya/Dudleya_S_genomes/full_pipeline_run/results/06_all_sample_alignment/bam/CY_ALA_LP_299-Du-768.organelle.sorted.bam
CY_ALA_LP_299-Du-768	flagstat	samtools flagstat /home/neil/Downloads/dudleya/Dudleya_S_genomes/full_pipeline_run/results/06_all_sample_alignment/bam/CY_ALA_LP_299-Du-768.organelle.sorted.bam
CY_ALA_LP_299-Du-768	idxstats	samtools idxstats /home/neil/Downloads/dudleya/Dudleya_S_genomes/full_pipeline_run/results/06_all_sample_alignment/bam/CY_ALA_LP_299-Du-768.organelle.sorted.bam
CY_ALA_LP_299-Du-768	depth	samtools depth -aa -q 20 -Q 0 /home/neil/Downloads/dudleya/Dudleya_S_genomes/full_pipeline_run/results/06_all_sample_alignment/bam/CY_ALA_LP_299-Du-768.organelle.sorted.bam
CY_ALA_LP_357_Du-769	align_filter_sort	bwa mem -t 16 dudleya_organelle_reference_verification/references/dudleya_cp_mt.fa genomicsDrive_data_dump/QB3.Berkeley.251217/QB3.Results.260109/CY_ALA/CY_ALA_LP_357_Du-769_S231_L005_R1_001.fastq.gz genomicsDrive_data_dump/QB3.Berkeley.251217/QB3.Results.260109/CY_ALA/CY_ALA_LP_357_Du-769_S231_L005_R2_001.fastq.gz | samtools view -@ 16 -b -F 4 -q 0 - | samtools sort -@ 16 -o /home/neil/Downloads/dudleya/Dudleya_S_genomes/full_pipeline_run/results/06_all_sample_alignment/bam/CY_ALA_LP_357_Du-769.organelle.sorted.tmp.bam -
CY_ALA_LP_357_Du-769	index	samtools index /home/neil/Downloads/dudleya/Dudleya_S_genomes/full_pipeline_run/results/06_all_sample_alignment/bam/CY_ALA_LP_357_Du-769.organelle.sorted.bam
CY_ALA_LP_357_Du-769	flagstat	samtools flagstat /home/neil/Downloads/dudleya/Dudleya_S_genomes/full_pipeline_run/results/06_all_sample_alignment/bam/CY_ALA_LP_357_Du-769.organelle.sorted.bam
CY_ALA_LP_357_Du-769	idxstats	samtools idxstats /home/neil/Downloads/dudleya/Dudleya_S_genomes/full_pipeline_run/results/06_all_sample_alignment/bam/CY_ALA_LP_357_Du-769.organelle.sorted.bam
CY_ALA_LP_357_Du-769	depth	samtools depth -aa -q 20 -Q 0 /home/neil/Downloads/dudleya/Dudleya_S_genomes/full_pipeline_run/results/06_all_sample_alignment/bam/CY_ALA_LP_357_Du-769.organelle.sorted.bam
CY_BAL_LP_226_Du-602	align_filter_sort	bwa mem -t 16 dudleya_organelle_reference_verification/references/dudleya_cp_mt.fa genomicsDrive_data_dump/QB3.Berkeley.251217/QB3.Results.260109/CY_BAL/CY_BAL_LP_226_Du-602_S281_L005_R1_001.fastq.gz genomicsDrive_data_dump/QB3.Berkeley.251217/QB3.Results.260109/CY_BAL/CY_BAL_LP_226_Du-602_S281_L005_R2_001.fastq.gz | samtools view -@ 16 -b -F 4 -q 0 - | samtools sort -@ 16 -o /home/neil/Downloads/dudleya/Dudleya_S_genomes/full_pipeline_run/results/06_all_sample_alignment/bam/CY_BAL_LP_226_Du-602.organelle.sorted.tmp.bam -
CY_BAL_LP_226_Du-602	index	samtools index /home/neil/Downloads/dudleya/Dudleya_S_genomes/full_pipeline_run/results/06_all_sample_alignment/bam/CY_BAL_LP_226_Du-602.organelle.sorted.bam
CY_BAL_LP_226_Du-602	flagstat	samtools flagstat /home/neil/Downloads/dudleya/Dudleya_S_genomes/full_pipeline_run/results/06_all_sample_alignment/bam/CY_BAL_LP_226_Du-602.organelle.sorted.bam
CY_BAL_LP_226_Du-602	idxstats	samtools idxstats /home/neil/Downloads/dudleya/Dudleya_S_genomes/full_pipeline_run/results/06_all_sample_alignment/bam/CY_BAL_LP_226_Du-602.organelle.sorted.bam
CY_BAL_LP_226_Du-602	depth	samtools depth -aa -q 20 -Q 0 /home/neil/Downloads/dudleya/Dudleya_S_genomes/full_pipeline_run/results/06_all_sample_alignment/bam/CY_BAL_LP_226_Du-602.organelle.sorted.bam
CY_BAL_LP_227_Du-603	align_filter_sort	bwa mem -t 16 dudleya_organelle_reference_verification/references/dudleya_cp_mt.fa genomicsDrive_data_dump/QB3.Berkeley.251217/QB3.Results.260109/CY_BAL/CY_BAL_LP_227_Du-603_S213_L005_R1_001.fastq.gz genomicsDrive_data_dump/QB3.Berkeley.251217/QB3.Results.260109/CY_BAL/CY_BAL_LP_227_Du-603_S213_L005_R2_001.fastq.gz | samtools view -@ 16 -b -F 4 -q 0 - | samtools sort -@ 16 -o /home/neil/Downloads/dudleya/Dudleya_S_genomes/full_pipeline_run/results/06_all_sample_alignment/bam/CY_BAL_LP_227_Du-603.organelle.sorted.tmp.bam -
CY_BAL_LP_227_Du-603	index	samtools index /home/neil/Downloads/dudleya/Dudleya_S_genomes/full_pipeline_run/results/06_all_sample_alignment/bam/CY_BAL_LP_227_Du-603.organelle.sorted.bam
CY_BAL_LP_227_Du-603	flagstat	samtools flagstat /home/neil/Downloads/dudleya/Dudleya_S_genomes/full_pipeline_run/results/06_all_sample_alignment/bam/CY_BAL_LP_227_Du-603.organelle.sorted.bam
CY_BAL_LP_227_Du-603	idxstats	samtools idxstats /home/neil/Downloads/dudleya/Dudleya_S_genomes/full_pipeline_run/results/06_all_sample_alignment/bam/CY_BAL_LP_227_Du-603.organelle.sorted.bam
CY_BAL_LP_227_Du-603	depth	samtools depth -aa -q 20 -Q 0 /home/neil/Downloads/dudleya/Dudleya_S_genomes/full_pipeline_run/results/06_all_sample_alignment/bam/CY_BAL_LP_227_Du-603.organelle.sorted.bam
CY_BAL_LP_228_Du-604	align_filter_sort	bwa mem -t 16 dudleya_organelle_reference_verification/references/dudleya_cp_mt.fa genomicsDrive_data_dump/QB3.Berkeley.251217/QB3.Results.260109/CY_BAL/CY_BAL_LP_228_Du-604_S223_L005_R1_001.fastq.gz genomicsDrive_data_dump/QB3.Berkeley.251217/QB3.Results.260109/CY_BAL/CY_BAL_LP_228_Du-604_S223_L005_R2_001.fastq.gz | samtools view -@ 16 -b -F 4 -q 0 - | samtools sort -@ 16 -o /home/neil/Downloads/dudleya/Dudleya_S_genomes/full_pipeline_run/results/06_all_sample_alignment/bam/CY_BAL_LP_228_Du-604.organelle.sorted.tmp.bam -
CY_BAL_LP_228_Du-604	index	samtools index /home/neil/Downloads/dudleya/Dudleya_S_genomes/full_pipeline_run/results/06_all_sample_alignment/bam/CY_BAL_LP_228_Du-604.organelle.sorted.bam
CY_BAL_LP_228_Du-604	flagstat	samtools flagstat /home/neil/Downloads/dudleya/Dudleya_S_genomes/full_pipeline_run/results/06_all_sample_alignment/bam/CY_BAL_LP_228_Du-604.organelle.sorted.bam
CY_BAL_LP_228_Du-604	idxstats	samtools idxstats /home/neil/Downloads/dudleya/Dudleya_S_genomes/full_pipeline_run/results/06_all_sample_alignment/bam/CY_BAL_LP_228_Du-604.organelle.sorted.bam
CY_BAL_LP_228_Du-604	depth	samtools depth -aa -q 20 -Q 0 /home/neil/Downloads/dudleya/Dudleya_S_genomes/full_pipeline_run/results/06_all_sample_alignment/bam/CY_BAL_LP_228_Du-604.organelle.sorted.bam
CY_BGL_LP_210_Du-577	align_filter_sort	bwa mem -t 16 dudleya_organelle_reference_verification/references/dudleya_cp_mt.fa genomicsDrive_data_dump/QB3.Berkeley.251217/QB3.Results.260109/CY_BGL/CY_BGL_LP_210_Du-577_S193_L005_R1_001.fastq.gz genomicsDrive_data_dump/QB3.Berkeley.251217/QB3.Results.260109/CY_BGL/CY_BGL_LP_210_Du-577_S193_L005_R2_001.fastq.gz | samtools view -@ 16 -b -F 4 -q 0 - | samtools sort -@ 16 -o /home/neil/Downloads/dudleya/Dudleya_S_genomes/full_pipeline_run/results/06_all_sample_alignment/bam/CY_BGL_LP_210_Du-577.organelle.sorted.tmp.bam -
CY_BGL_LP_210_Du-577	index	samtools index /home/neil/Downloads/dudleya/Dudleya_S_genomes/full_pipeline_run/results/06_all_sample_alignment/bam/CY_BGL_LP_210_Du-577.organelle.sorted.bam
CY_BGL_LP_210_Du-577	flagstat	samtools flagstat /home/neil/Downloads/dudleya/Dudleya_S_genomes/full_pipeline_run/results/06_all_sample_alignment/bam/CY_BGL_LP_210_Du-577.organelle.sorted.bam
CY_BGL_LP_210_Du-577	idxstats	samtools idxstats /home/neil/Downloads/dudleya/Dudleya_S_genomes/full_pipeline_run/results/06_all_sample_alignment/bam/CY_BGL_LP_210_Du-577.organelle.sorted.bam
CY_BGL_LP_210_Du-577	depth	samtools depth -aa -q 20 -Q 0 /home/neil/Downloads/dudleya/Dudleya_S_genomes/full_pipeline_run/results/06_all_sample_alignment/bam/CY_BGL_LP_210_Du-577.organelle.sorted.bam
CY_BGL_LP_212_Du-579	align_filter_sort	bwa mem -t 16 dudleya_organelle_reference_verification/references/dudleya_cp_mt.fa genomicsDrive_data_dump/QB3.Berkeley.251217/QB3.Results.260109/CY_BGL/CY_BGL_LP_212_Du-579_S131_L005_R1_001.fastq.gz genomicsDrive_data_dump/QB3.Berkeley.251217/QB3.Results.260109/CY_BGL/CY_BGL_LP_212_Du-579_S131_L005_R2_001.fastq.gz | samtools view -@ 16 -b -F 4 -q 0 - | samtools sort -@ 16 -o /home/neil/Downloads/dudleya/Dudleya_S_genomes/full_pipeline_run/results/06_all_sample_alignment/bam/CY_BGL_LP_212_Du-579.organelle.sorted.tmp.bam -
CY_BGL_LP_212_Du-579	index	samtools index /home/neil/Downloads/dudleya/Dudleya_S_genomes/full_pipeline_run/results/06_all_sample_alignment/bam/CY_BGL_LP_212_Du-579.organelle.sorted.bam
CY_BGL_LP_212_Du-579	flagstat	samtools flagstat /home/neil/Downloads/dudleya/Dudleya_S_genomes/full_pipeline_run/results/06_all_sample_alignment/bam/CY_BGL_LP_212_Du-579.organelle.sorted.bam
CY_BGL_LP_212_Du-579	idxstats	samtools idxstats /home/neil/Downloads/dudleya/Dudleya_S_genomes/full_pipeline_run/results/06_all_sample_alignment/bam/CY_BGL_LP_212_Du-579.organelle.sorted.bam
CY_BGL_LP_212_Du-579	depth	samtools depth -aa -q 20 -Q 0 /home/neil/Downloads/dudleya/Dudleya_S_genomes/full_pipeline_run/results/06_all_sample_alignment/bam/CY_BGL_LP_212_Du-579.organelle.sorted.bam
CY_BOU_LP_288_Du-737	align_filter_sort	bwa mem -t 16 dudleya_organelle_reference_verification/references/dudleya_cp_mt.fa genomicsDrive_data_dump/QB3.Berkeley.251217/QB3.Results.260109/CY_BOU/CY_BOU_LP_288_Du-737_S268_L005_R1_001.fastq.gz genomicsDrive_data_dump/QB3.Berkeley.251217/QB3.Results.260109/CY_BOU/CY_BOU_LP_288_Du-737_S268_L005_R2_001.fastq.gz | samtools view -@ 16 -b -F 4 -q 0 - | samtools sort -@ 16 -o /home/neil/Downloads/dudleya/Dudleya_S_genomes/full_pipeline_run/results/06_all_sample_alignment/bam/CY_BOU_LP_288_Du-737.organelle.sorted.tmp.bam -
CY_BOU_LP_288_Du-737	index	samtools index /home/neil/Downloads/dudleya/Dudleya_S_genomes/full_pipeline_run/results/06_all_sample_alignment/bam/CY_BOU_LP_288_Du-737.organelle.sorted.bam
CY_BOU_LP_288_Du-737	flagstat	samtools flagstat /home/neil/Downloads/dudleya/Dudleya_S_genomes/full_pipeline_run/results/06_all_sample_alignment/bam/CY_BOU_LP_288_Du-737.organelle.sorted.bam
CY_BOU_LP_288_Du-737	idxstats	samtools idxstats /home/neil/Downloads/dudleya/Dudleya_S_genomes/full_pipeline_run/results/06_all_sample_alignment/bam/CY_BOU_LP_288_Du-737.organelle.sorted.bam
CY_BOU_LP_288_Du-737	depth	samtools depth -aa -q 20 -Q 0 /home/neil/Downloads/dudleya/Dudleya_S_genomes/full_pipeline_run/results/06_all_sample_alignment/bam/CY_BOU_LP_288_Du-737.organelle.sorted.bam
CY_BOU_LP_290_Du-739	align_filter_sort	bwa mem -t 16 dudleya_organelle_reference_verification/references/dudleya_cp_mt.fa genomicsDrive_data_dump/QB3.Berkeley.251217/QB3.Results.260109/CY_BOU/CY_BOU_LP_290_Du-739_S288_L005_R1_001.fastq.gz genomicsDrive_data_dump/QB3.Berkeley.251217/QB3.Results.260109/CY_BOU/CY_BOU_LP_290_Du-739_S288_L005_R2_001.fastq.gz | samtools view -@ 16 -b -F 4 -q 0 - | samtools sort -@ 16 -o /home/neil/Downloads/dudleya/Dudleya_S_genomes/full_pipeline_run/results/06_all_sample_alignment/bam/CY_BOU_LP_290_Du-739.organelle.sorted.tmp.bam -
CY_BOU_LP_290_Du-739	index	samtools index /home/neil/Downloads/dudleya/Dudleya_S_genomes/full_pipeline_run/results/06_all_sample_alignment/bam/CY_BOU_LP_290_Du-739.organelle.sorted.bam
CY_BOU_LP_290_Du-739	flagstat	samtools flagstat /home/neil/Downloads/dudleya/Dudleya_S_genomes/full_pipeline_run/results/06_all_sample_alignment/bam/CY_BOU_LP_290_Du-739.organelle.sorted.bam
CY_BOU_LP_290_Du-739	idxstats	samtools idxstats /home/neil/Downloads/dudleya/Dudleya_S_genomes/full_pipeline_run/results/06_all_sample_alignment/bam/CY_BOU_LP_290_Du-739.organelle.sorted.bam
CY_BOU_LP_290_Du-739	depth	samtools depth -aa -q 20 -Q 0 /home/neil/Downloads/dudleya/Dudleya_S_genomes/full_pipeline_run/results/06_all_sample_alignment/bam/CY_BOU_LP_290_Du-739.organelle.sorted.bam
CY_BOU_LP_291_Du-740	align_filter_sort	bwa mem -t 16 dudleya_organelle_reference_verification/references/dudleya_cp_mt.fa genomicsDrive_data_dump/QB3.Berkeley.251217/QB3.Results.260109/CY_BOU/CY_BOU_LP_291_Du-740_S220_L005_R1_001.fastq.gz genomicsDrive_data_dump/QB3.Berkeley.251217/QB3.Results.260109/CY_BOU/CY_BOU_LP_291_Du-740_S220_L005_R2_001.fastq.gz | samtools view -@ 16 -b -F 4 -q 0 - | samtools sort -@ 16 -o /home/neil/Downloads/dudleya/Dudleya_S_genomes/full_pipeline_run/results/06_all_sample_alignment/bam/CY_BOU_LP_291_Du-740.organelle.sorted.tmp.bam -
CY_BOU_LP_291_Du-740	index	samtools index /home/neil/Downloads/dudleya/Dudleya_S_genomes/full_pipeline_run/results/06_all_sample_alignment/bam/CY_BOU_LP_291_Du-740.organelle.sorted.bam
CY_BOU_LP_291_Du-740	flagstat	samtools flagstat /home/neil/Downloads/dudleya/Dudleya_S_genomes/full_pipeline_run/results/06_all_sample_alignment/bam/CY_BOU_LP_291_Du-740.organelle.sorted.bam
CY_BOU_LP_291_Du-740	idxstats	samtools idxstats /home/neil/Downloads/dudleya/Dudleya_S_genomes/full_pipeline_run/results/06_all_sample_alignment/bam/CY_BOU_LP_291_Du-740.organelle.sorted.bam
CY_BOU_LP_291_Du-740	depth	samtools depth -aa -q 20 -Q 0 /home/neil/Downloads/dudleya/Dudleya_S_genomes/full_pipeline_run/results/06_all_sample_alignment/bam/CY_BOU_LP_291_Du-740.organelle.sorted.bam
CY_BOU_LP_292_Du-741	align_filter_sort	bwa mem -t 16 dudleya_organelle_reference_verification/references/dudleya_cp_mt.fa genomicsDrive_data_dump/QB3.Berkeley.251217/QB3.Results.260109/CY_BOU/CY_BOU_LP_292_Du-741_S230_L005_R1_001.fastq.gz genomicsDrive_data_dump/QB3.Berkeley.251217/QB3.Results.260109/CY_BOU/CY_BOU_LP_292_Du-741_S230_L005_R2_001.fastq.gz | samtools view -@ 16 -b -F 4 -q 0 - | samtools sort -@ 16 -o /home/neil/Downloads/dudleya/Dudleya_S_genomes/full_pipeline_run/results/06_all_sample_alignment/bam/CY_BOU_LP_292_Du-741.organelle.sorted.tmp.bam -
CY_BOU_LP_292_Du-741	index	samtools index /home/neil/Downloads/dudleya/Dudleya_S_genomes/full_pipeline_run/results/06_all_sample_alignment/bam/CY_BOU_LP_292_Du-741.organelle.sorted.bam
CY_BOU_LP_292_Du-741	flagstat	samtools flagstat /home/neil/Downloads/dudleya/Dudleya_S_genomes/full_pipeline_run/results/06_all_sample_alignment/bam/CY_BOU_LP_292_Du-741.organelle.sorted.bam
CY_BOU_LP_292_Du-741	idxstats	samtools idxstats /home/neil/Downloads/dudleya/Dudleya_S_genomes/full_pipeline_run/results/06_all_sample_alignment/bam/CY_BOU_LP_292_Du-741.organelle.sorted.bam
CY_BOU_LP_292_Du-741	depth	samtools depth -aa -q 20 -Q 0 /home/neil/Downloads/dudleya/Dudleya_S_genomes/full_pipeline_run/results/06_all_sample_alignment/bam/CY_BOU_LP_292_Du-741.organelle.sorted.bam
CY_BOU_LP_354_Du-742	align_filter_sort	bwa mem -t 16 dudleya_organelle_reference_verification/references/dudleya_cp_mt.fa genomicsDrive_data_dump/QB3.Berkeley.251217/QB3.Results.260109/CY_BOU/CY_BOU_LP_354_Du-742_S278_L005_R1_001.fastq.gz genomicsDrive_data_dump/QB3.Berkeley.251217/QB3.Results.260109/CY_BOU/CY_BOU_LP_354_Du-742_S278_L005_R2_001.fastq.gz | samtools view -@ 16 -b -F 4 -q 0 - | samtools sort -@ 16 -o /home/neil/Downloads/dudleya/Dudleya_S_genomes/full_pipeline_run/results/06_all_sample_alignment/bam/CY_BOU_LP_354_Du-742.organelle.sorted.tmp.bam -
CY_BOU_LP_354_Du-742	index	samtools index /home/neil/Downloads/dudleya/Dudleya_S_genomes/full_pipeline_run/results/06_all_sample_alignment/bam/CY_BOU_LP_354_Du-742.organelle.sorted.bam
CY_BOU_LP_354_Du-742	flagstat	samtools flagstat /home/neil/Downloads/dudleya/Dudleya_S_genomes/full_pipeline_run/results/06_all_sample_alignment/bam/CY_BOU_LP_354_Du-742.organelle.sorted.bam
CY_BOU_LP_354_Du-742	idxstats	samtools idxstats /home/neil/Downloads/dudleya/Dudleya_S_genomes/full_pipeline_run/results/06_all_sample_alignment/bam/CY_BOU_LP_354_Du-742.organelle.sorted.bam
CY_BOU_LP_354_Du-742	depth	samtools depth -aa -q 20 -Q 0 /home/neil/Downloads/dudleya/Dudleya_S_genomes/full_pipeline_run/results/06_all_sample_alignment/bam/CY_BOU_LP_354_Du-742.organelle.sorted.bam
CY_CAS_LP_328_Du-610	align_filter_sort	bwa mem -t 16 dudleya_organelle_reference_verification/references/dudleya_cp_mt.fa genomicsDrive_data_dump/QB3.Berkeley.251217/QB3.Results.260109/CY_CAS/CY_CAS_LP_328_Du-610_S234_L005_R1_001.fastq.gz genomicsDrive_data_dump/QB3.Berkeley.251217/QB3.Results.260109/CY_CAS/CY_CAS_LP_328_Du-610_S234_L005_R2_001.fastq.gz | samtools view -@ 16 -b -F 4 -q 0 - | samtools sort -@ 16 -o /home/neil/Downloads/dudleya/Dudleya_S_genomes/full_pipeline_run/results/06_all_sample_alignment/bam/CY_CAS_LP_328_Du-610.organelle.sorted.tmp.bam -
CY_CAS_LP_328_Du-610	index	samtools index /home/neil/Downloads/dudleya/Dudleya_S_genomes/full_pipeline_run/results/06_all_sample_alignment/bam/CY_CAS_LP_328_Du-610.organelle.sorted.bam
CY_CAS_LP_328_Du-610	flagstat	samtools flagstat /home/neil/Downloads/dudleya/Dudleya_S_genomes/full_pipeline_run/results/06_all_sample_alignment/bam/CY_CAS_LP_328_Du-610.organelle.sorted.bam
CY_CAS_LP_328_Du-610	idxstats	samtools idxstats /home/neil/Downloads/dudleya/Dudleya_S_genomes/full_pipeline_run/results/06_all_sample_alignment/bam/CY_CAS_LP_328_Du-610.organelle.sorted.bam
CY_CAS_LP_328_Du-610	depth	samtools depth -aa -q 20 -Q 0 /home/neil/Downloads/dudleya/Dudleya_S_genomes/full_pipeline_run/results/06_all_sample_alignment/bam/CY_CAS_LP_328_Du-610.organelle.sorted.bam
CY_CAS_LP_329_Du-611	align_filter_sort	bwa mem -t 16 dudleya_organelle_reference_verification/references/dudleya_cp_mt.fa genomicsDrive_data_dump/QB3.Berkeley.251217/QB3.Results.260109/CY_CAS/CY_CAS_LP_329_Du-611_S245_L005_R1_001.fastq.gz genomicsDrive_data_dump/QB3.Berkeley.251217/QB3.Results.260109/CY_CAS/CY_CAS_LP_329_Du-611_S245_L005_R2_001.fastq.gz | samtools view -@ 16 -b -F 4 -q 0 - | samtools sort -@ 16 -o /home/neil/Downloads/dudleya/Dudleya_S_genomes/full_pipeline_run/results/06_all_sample_alignment/bam/CY_CAS_LP_329_Du-611.organelle.sorted.tmp.bam -
CY_CAS_LP_329_Du-611	index	samtools index /home/neil/Downloads/dudleya/Dudleya_S_genomes/full_pipeline_run/results/06_all_sample_alignment/bam/CY_CAS_LP_329_Du-611.organelle.sorted.bam
CY_CAS_LP_329_Du-611	flagstat	samtools flagstat /home/neil/Downloads/dudleya/Dudleya_S_genomes/full_pipeline_run/results/06_all_sample_alignment/bam/CY_CAS_LP_329_Du-611.organelle.sorted.bam
CY_CAS_LP_329_Du-611	idxstats	samtools idxstats /home/neil/Downloads/dudleya/Dudleya_S_genomes/full_pipeline_run/results/06_all_sample_alignment/bam/CY_CAS_LP_329_Du-611.organelle.sorted.bam
CY_CAS_LP_329_Du-611	depth	samtools depth -aa -q 20 -Q 0 /home/neil/Downloads/dudleya/Dudleya_S_genomes/full_pipeline_run/results/06_all_sample_alignment/bam/CY_CAS_LP_329_Du-611.organelle.sorted.bam
CY_CAS_LP_330_Du-607	align_filter_sort	bwa mem -t 16 dudleya_organelle_reference_verification/references/dudleya_cp_mt.fa genomicsDrive_data_dump/QB3.Berkeley.251217/QB3.Results.260109/CY_CAS/CY_CAS_LP_330_Du-607_S254_L005_R1_001.fastq.gz genomicsDrive_data_dump/QB3.Berkeley.251217/QB3.Results.260109/CY_CAS/CY_CAS_LP_330_Du-607_S254_L005_R2_001.fastq.gz | samtools view -@ 16 -b -F 4 -q 0 - | samtools sort -@ 16 -o /home/neil/Downloads/dudleya/Dudleya_S_genomes/full_pipeline_run/results/06_all_sample_alignment/bam/CY_CAS_LP_330_Du-607.organelle.sorted.tmp.bam -
CY_CAS_LP_330_Du-607	index	samtools index /home/neil/Downloads/dudleya/Dudleya_S_genomes/full_pipeline_run/results/06_all_sample_alignment/bam/CY_CAS_LP_330_Du-607.organelle.sorted.bam
CY_CAS_LP_330_Du-607	flagstat	samtools flagstat /home/neil/Downloads/dudleya/Dudleya_S_genomes/full_pipeline_run/results/06_all_sample_alignment/bam/CY_CAS_LP_330_Du-607.organelle.sorted.bam
CY_CAS_LP_330_Du-607	idxstats	samtools idxstats /home/neil/Downloads/dudleya/Dudleya_S_genomes/full_pipeline_run/results/06_all_sample_alignment/bam/CY_CAS_LP_330_Du-607.organelle.sorted.bam
CY_CAS_LP_330_Du-607	depth	samtools depth -aa -q 20 -Q 0 /home/neil/Downloads/dudleya/Dudleya_S_genomes/full_pipeline_run/results/06_all_sample_alignment/bam/CY_CAS_LP_330_Du-607.organelle.sorted.bam
CY_CAS_LP_331_Du-608	align_filter_sort	bwa mem -t 16 dudleya_organelle_reference_verification/references/dudleya_cp_mt.fa genomicsDrive_data_dump/QB3.Berkeley.251217/QB3.Results.260109/CY_CAS/CY_CAS_LP_331_Du-608_S262_L005_R1_001.fastq.gz genomicsDrive_data_dump/QB3.Berkeley.251217/QB3.Results.260109/CY_CAS/CY_CAS_LP_331_Du-608_S262_L005_R2_001.fastq.gz | samtools view -@ 16 -b -F 4 -q 0 - | samtools sort -@ 16 -o /home/neil/Downloads/dudleya/Dudleya_S_genomes/full_pipeline_run/results/06_all_sample_alignment/bam/CY_CAS_LP_331_Du-608.organelle.sorted.tmp.bam -
CY_CAS_LP_331_Du-608	index	samtools index /home/neil/Downloads/dudleya/Dudleya_S_genomes/full_pipeline_run/results/06_all_sample_alignment/bam/CY_CAS_LP_331_Du-608.organelle.sorted.bam
CY_CAS_LP_331_Du-608	flagstat	samtools flagstat /home/neil/Downloads/dudleya/Dudleya_S_genomes/full_pipeline_run/results/06_all_sample_alignment/bam/CY_CAS_LP_331_Du-608.organelle.sorted.bam
CY_CAS_LP_331_Du-608	idxstats	samtools idxstats /home/neil/Downloads/dudleya/Dudleya_S_genomes/full_pipeline_run/results/06_all_sample_alignment/bam/CY_CAS_LP_331_Du-608.organelle.sorted.bam
CY_CAS_LP_331_Du-608	depth	samtools depth -aa -q 20 -Q 0 /home/neil/Downloads/dudleya/Dudleya_S_genomes/full_pipeline_run/results/06_all_sample_alignment/bam/CY_CAS_LP_331_Du-608.organelle.sorted.bam
CY_CAS_LP_332_Du-609	align_filter_sort	bwa mem -t 16 dudleya_organelle_reference_verification/references/dudleya_cp_mt.fa genomicsDrive_data_dump/QB3.Berkeley.251217/QB3.Results.260109/CY_CAS/CY_CAS_LP_332_Du-609_S273_L005_R1_001.fastq.gz genomicsDrive_data_dump/QB3.Berkeley.251217/QB3.Results.260109/CY_CAS/CY_CAS_LP_332_Du-609_S273_L005_R2_001.fastq.gz | samtools view -@ 16 -b -F 4 -q 0 - | samtools sort -@ 16 -o /home/neil/Downloads/dudleya/Dudleya_S_genomes/full_pipeline_run/results/06_all_sample_alignment/bam/CY_CAS_LP_332_Du-609.organelle.sorted.tmp.bam -
CY_CAS_LP_332_Du-609	index	samtools index /home/neil/Downloads/dudleya/Dudleya_S_genomes/full_pipeline_run/results/06_all_sample_alignment/bam/CY_CAS_LP_332_Du-609.organelle.sorted.bam
CY_CAS_LP_332_Du-609	flagstat	samtools flagstat /home/neil/Downloads/dudleya/Dudleya_S_genomes/full_pipeline_run/results/06_all_sample_alignment/bam/CY_CAS_LP_332_Du-609.organelle.sorted.bam
CY_CAS_LP_332_Du-609	idxstats	samtools idxstats /home/neil/Downloads/dudleya/Dudleya_S_genomes/full_pipeline_run/results/06_all_sample_alignment/bam/CY_CAS_LP_332_Du-609.organelle.sorted.bam
CY_CAS_LP_332_Du-609	depth	samtools depth -aa -q 20 -Q 0 /home/neil/Downloads/dudleya/Dudleya_S_genomes/full_pipeline_run/results/06_all_sample_alignment/bam/CY_CAS_LP_332_Du-609.organelle.sorted.bam
CY_HICN_LP_236_Du-614	align_filter_sort	bwa mem -t 16 dudleya_organelle_reference_verification/references/dudleya_cp_mt.fa genomicsDrive_data_dump/QB3.Berkeley.251217/QB3.Results.260109/CY_HICN/CY_HICN_LP_236_Du-614_S224_L005_R1_001.fastq.gz genomicsDrive_data_dump/QB3.Berkeley.251217/QB3.Results.260109/CY_HICN/CY_HICN_LP_236_Du-614_S224_L005_R2_001.fastq.gz | samtools view -@ 16 -b -F 4 -q 0 - | samtools sort -@ 16 -o /home/neil/Downloads/dudleya/Dudleya_S_genomes/full_pipeline_run/results/06_all_sample_alignment/bam/CY_HICN_LP_236_Du-614.organelle.sorted.tmp.bam -
CY_HICN_LP_236_Du-614	index	samtools index /home/neil/Downloads/dudleya/Dudleya_S_genomes/full_pipeline_run/results/06_all_sample_alignment/bam/CY_HICN_LP_236_Du-614.organelle.sorted.bam
CY_HICN_LP_236_Du-614	flagstat	samtools flagstat /home/neil/Downloads/dudleya/Dudleya_S_genomes/full_pipeline_run/results/06_all_sample_alignment/bam/CY_HICN_LP_236_Du-614.organelle.sorted.bam
CY_HICN_LP_236_Du-614	idxstats	samtools idxstats /home/neil/Downloads/dudleya/Dudleya_S_genomes/full_pipeline_run/results/06_all_sample_alignment/bam/CY_HICN_LP_236_Du-614.organelle.sorted.bam
CY_HICN_LP_236_Du-614	depth	samtools depth -aa -q 20 -Q 0 /home/neil/Downloads/dudleya/Dudleya_S_genomes/full_pipeline_run/results/06_all_sample_alignment/bam/CY_HICN_LP_236_Du-614.organelle.sorted.bam
CY_HICN_LP_333_Du-612	align_filter_sort	bwa mem -t 16 dudleya_organelle_reference_verification/references/dudleya_cp_mt.fa genomicsDrive_data_dump/QB3.Berkeley.251217/QB3.Results.260109/CY_HICN/CY_HICN_LP_333_Du-612_S282_L005_R1_001.fastq.gz genomicsDrive_data_dump/QB3.Berkeley.251217/QB3.Results.260109/CY_HICN/CY_HICN_LP_333_Du-612_S282_L005_R2_001.fastq.gz | samtools view -@ 16 -b -F 4 -q 0 - | samtools sort -@ 16 -o /home/neil/Downloads/dudleya/Dudleya_S_genomes/full_pipeline_run/results/06_all_sample_alignment/bam/CY_HICN_LP_333_Du-612.organelle.sorted.tmp.bam -
CY_HICN_LP_333_Du-612	index	samtools index /home/neil/Downloads/dudleya/Dudleya_S_genomes/full_pipeline_run/results/06_all_sample_alignment/bam/CY_HICN_LP_333_Du-612.organelle.sorted.bam
CY_HICN_LP_333_Du-612	flagstat	samtools flagstat /home/neil/Downloads/dudleya/Dudleya_S_genomes/full_pipeline_run/results/06_all_sample_alignment/bam/CY_HICN_LP_333_Du-612.organelle.sorted.bam
CY_HICN_LP_333_Du-612	idxstats	samtools idxstats /home/neil/Downloads/dudleya/Dudleya_S_genomes/full_pipeline_run/results/06_all_sample_alignment/bam/CY_HICN_LP_333_Du-612.organelle.sorted.bam
CY_HICN_LP_333_Du-612	depth	samtools depth -aa -q 20 -Q 0 /home/neil/Downloads/dudleya/Dudleya_S_genomes/full_pipeline_run/results/06_all_sample_alignment/bam/CY_HICN_LP_333_Du-612.organelle.sorted.bam
CY_HICN_LP_334_Du-613	align_filter_sort	bwa mem -t 16 dudleya_organelle_reference_verification/references/dudleya_cp_mt.fa genomicsDrive_data_dump/QB3.Berkeley.251217/QB3.Results.260109/CY_HICN/CY_HICN_LP_334_Du-613_S214_L005_R1_001.fastq.gz genomicsDrive_data_dump/QB3.Berkeley.251217/QB3.Results.260109/CY_HICN/CY_HICN_LP_334_Du-613_S214_L005_R2_001.fastq.gz | samtools view -@ 16 -b -F 4 -q 0 - | samtools sort -@ 16 -o /home/neil/Downloads/dudleya/Dudleya_S_genomes/full_pipeline_run/results/06_all_sample_alignment/bam/CY_HICN_LP_334_Du-613.organelle.sorted.tmp.bam -
CY_HICN_LP_334_Du-613	index	samtools index /home/neil/Downloads/dudleya/Dudleya_S_genomes/full_pipeline_run/results/06_all_sample_alignment/bam/CY_HICN_LP_334_Du-613.organelle.sorted.bam
CY_HICN_LP_334_Du-613	flagstat	samtools flagstat /home/neil/Downloads/dudleya/Dudleya_S_genomes/full_pipeline_run/results/06_all_sample_alignment/bam/CY_HICN_LP_334_Du-613.organelle.sorted.bam
CY_HICN_LP_334_Du-613	idxstats	samtools idxstats /home/neil/Downloads/dudleya/Dudleya_S_genomes/full_pipeline_run/results/06_all_sample_alignment/bam/CY_HICN_LP_334_Du-613.organelle.sorted.bam
CY_HICN_LP_334_Du-613	depth	samtools depth -aa -q 20 -Q 0 /home/neil/Downloads/dudleya/Dudleya_S_genomes/full_pipeline_run/results/06_all_sample_alignment/bam/CY_HICN_LP_334_Du-613.organelle.sorted.bam
CY_HICN_LP_335_Du-615	align_filter_sort	bwa mem -t 16 dudleya_organelle_reference_verification/references/dudleya_cp_mt.fa genomicsDrive_data_dump/QB3.Berkeley.251217/QB3.Results.260109/CY_HICN/CY_HICN_LP_335_Du-615_S235_L005_R1_001.fastq.gz genomicsDrive_data_dump/QB3.Berkeley.251217/QB3.Results.260109/CY_HICN/CY_HICN_LP_335_Du-615_S235_L005_R2_001.fastq.gz | samtools view -@ 16 -b -F 4 -q 0 - | samtools sort -@ 16 -o /home/neil/Downloads/dudleya/Dudleya_S_genomes/full_pipeline_run/results/06_all_sample_alignment/bam/CY_HICN_LP_335_Du-615.organelle.sorted.tmp.bam -
CY_HICN_LP_335_Du-615	index	samtools index /home/neil/Downloads/dudleya/Dudleya_S_genomes/full_pipeline_run/results/06_all_sample_alignment/bam/CY_HICN_LP_335_Du-615.organelle.sorted.bam
CY_HICN_LP_335_Du-615	flagstat	samtools flagstat /home/neil/Downloads/dudleya/Dudleya_S_genomes/full_pipeline_run/results/06_all_sample_alignment/bam/CY_HICN_LP_335_Du-615.organelle.sorted.bam
CY_HICN_LP_335_Du-615	idxstats	samtools idxstats /home/neil/Downloads/dudleya/Dudleya_S_genomes/full_pipeline_run/results/06_all_sample_alignment/bam/CY_HICN_LP_335_Du-615.organelle.sorted.bam
CY_HICN_LP_335_Du-615	depth	samtools depth -aa -q 20 -Q 0 /home/neil/Downloads/dudleya/Dudleya_S_genomes/full_pipeline_run/results/06_all_sample_alignment/bam/CY_HICN_LP_335_Du-615.organelle.sorted.bam
CY_HICN_LP_336_Du-616	align_filter_sort	bwa mem -t 16 dudleya_organelle_reference_verification/references/dudleya_cp_mt.fa genomicsDrive_data_dump/QB3.Berkeley.251217/QB3.Results.260109/CY_HICN/CY_HICN_LP_336_Du-616_S246_L005_R1_001.fastq.gz genomicsDrive_data_dump/QB3.Berkeley.251217/QB3.Results.260109/CY_HICN/CY_HICN_LP_336_Du-616_S246_L005_R2_001.fastq.gz | samtools view -@ 16 -b -F 4 -q 0 - | samtools sort -@ 16 -o /home/neil/Downloads/dudleya/Dudleya_S_genomes/full_pipeline_run/results/06_all_sample_alignment/bam/CY_HICN_LP_336_Du-616.organelle.sorted.tmp.bam -
CY_HICN_LP_336_Du-616	index	samtools index /home/neil/Downloads/dudleya/Dudleya_S_genomes/full_pipeline_run/results/06_all_sample_alignment/bam/CY_HICN_LP_336_Du-616.organelle.sorted.bam
CY_HICN_LP_336_Du-616	flagstat	samtools flagstat /home/neil/Downloads/dudleya/Dudleya_S_genomes/full_pipeline_run/results/06_all_sample_alignment/bam/CY_HICN_LP_336_Du-616.organelle.sorted.bam
CY_HICN_LP_336_Du-616	idxstats	samtools idxstats /home/neil/Downloads/dudleya/Dudleya_S_genomes/full_pipeline_run/results/06_all_sample_alignment/bam/CY_HICN_LP_336_Du-616.organelle.sorted.bam
CY_HICN_LP_336_Du-616	depth	samtools depth -aa -q 20 -Q 0 /home/neil/Downloads/dudleya/Dudleya_S_genomes/full_pipeline_run/results/06_all_sample_alignment/bam/CY_HICN_LP_336_Du-616.organelle.sorted.bam
CY_HICS_LP_293_Du-757	align_filter_sort	bwa mem -t 16 dudleya_organelle_reference_verification/references/dudleya_cp_mt.fa genomicsDrive_data_dump/QB3.Berkeley.251217/QB3.Results.260109/CY_HICS/CY_HICS_LP_293_Du-757_S242_L005_R1_001.fastq.gz genomicsDrive_data_dump/QB3.Berkeley.251217/QB3.Results.260109/CY_HICS/CY_HICS_LP_293_Du-757_S242_L005_R2_001.fastq.gz | samtools view -@ 16 -b -F 4 -q 0 - | samtools sort -@ 16 -o /home/neil/Downloads/dudleya/Dudleya_S_genomes/full_pipeline_run/results/06_all_sample_alignment/bam/CY_HICS_LP_293_Du-757.organelle.sorted.tmp.bam -
CY_HICS_LP_293_Du-757	index	samtools index /home/neil/Downloads/dudleya/Dudleya_S_genomes/full_pipeline_run/results/06_all_sample_alignment/bam/CY_HICS_LP_293_Du-757.organelle.sorted.bam
CY_HICS_LP_293_Du-757	flagstat	samtools flagstat /home/neil/Downloads/dudleya/Dudleya_S_genomes/full_pipeline_run/results/06_all_sample_alignment/bam/CY_HICS_LP_293_Du-757.organelle.sorted.bam
CY_HICS_LP_293_Du-757	idxstats	samtools idxstats /home/neil/Downloads/dudleya/Dudleya_S_genomes/full_pipeline_run/results/06_all_sample_alignment/bam/CY_HICS_LP_293_Du-757.organelle.sorted.bam
CY_HICS_LP_293_Du-757	depth	samtools depth -aa -q 20 -Q 0 /home/neil/Downloads/dudleya/Dudleya_S_genomes/full_pipeline_run/results/06_all_sample_alignment/bam/CY_HICS_LP_293_Du-757.organelle.sorted.bam
CY_HICS_LP_295_Du-759	align_filter_sort	bwa mem -t 16 dudleya_organelle_reference_verification/references/dudleya_cp_mt.fa genomicsDrive_data_dump/QB3.Berkeley.251217/QB3.Results.260109/CY_HICS/CY_HICS_LP_295_Du-759_S259_L005_R1_001.fastq.gz genomicsDrive_data_dump/QB3.Berkeley.251217/QB3.Results.260109/CY_HICS/CY_HICS_LP_295_Du-759_S259_L005_R2_001.fastq.gz | samtools view -@ 16 -b -F 4 -q 0 - | samtools sort -@ 16 -o /home/neil/Downloads/dudleya/Dudleya_S_genomes/full_pipeline_run/results/06_all_sample_alignment/bam/CY_HICS_LP_295_Du-759.organelle.sorted.tmp.bam -
CY_HICS_LP_295_Du-759	index	samtools index /home/neil/Downloads/dudleya/Dudleya_S_genomes/full_pipeline_run/results/06_all_sample_alignment/bam/CY_HICS_LP_295_Du-759.organelle.sorted.bam
CY_HICS_LP_295_Du-759	flagstat	samtools flagstat /home/neil/Downloads/dudleya/Dudleya_S_genomes/full_pipeline_run/results/06_all_sample_alignment/bam/CY_HICS_LP_295_Du-759.organelle.sorted.bam
CY_HICS_LP_295_Du-759	idxstats	samtools idxstats /home/neil/Downloads/dudleya/Dudleya_S_genomes/full_pipeline_run/results/06_all_sample_alignment/bam/CY_HICS_LP_295_Du-759.organelle.sorted.bam
CY_HICS_LP_295_Du-759	depth	samtools depth -aa -q 20 -Q 0 /home/neil/Downloads/dudleya/Dudleya_S_genomes/full_pipeline_run/results/06_all_sample_alignment/bam/CY_HICS_LP_295_Du-759.organelle.sorted.bam
CY_HICS_LP_297_Du-761	align_filter_sort	bwa mem -t 16 dudleya_organelle_reference_verification/references/dudleya_cp_mt.fa genomicsDrive_data_dump/QB3.Berkeley.251217/QB3.Results.260109/CY_HICS/CY_HICS_LP_297_Du-761_S279_L005_R1_001.fastq.gz genomicsDrive_data_dump/QB3.Berkeley.251217/QB3.Results.260109/CY_HICS/CY_HICS_LP_297_Du-761_S279_L005_R2_001.fastq.gz | samtools view -@ 16 -b -F 4 -q 0 - | samtools sort -@ 16 -o /home/neil/Downloads/dudleya/Dudleya_S_genomes/full_pipeline_run/results/06_all_sample_alignment/bam/CY_HICS_LP_297_Du-761.organelle.sorted.tmp.bam -
CY_HICS_LP_297_Du-761	index	samtools index /home/neil/Downloads/dudleya/Dudleya_S_genomes/full_pipeline_run/results/06_all_sample_alignment/bam/CY_HICS_LP_297_Du-761.organelle.sorted.bam
CY_HICS_LP_297_Du-761	flagstat	samtools flagstat /home/neil/Downloads/dudleya/Dudleya_S_genomes/full_pipeline_run/results/06_all_sample_alignment/bam/CY_HICS_LP_297_Du-761.organelle.sorted.bam
CY_HICS_LP_297_Du-761	idxstats	samtools idxstats /home/neil/Downloads/dudleya/Dudleya_S_genomes/full_pipeline_run/results/06_all_sample_alignment/bam/CY_HICS_LP_297_Du-761.organelle.sorted.bam
CY_HICS_LP_297_Du-761	depth	samtools depth -aa -q 20 -Q 0 /home/neil/Downloads/dudleya/Dudleya_S_genomes/full_pipeline_run/results/06_all_sample_alignment/bam/CY_HICS_LP_297_Du-761.organelle.sorted.bam
CY_HICS_LP_355_Du-762	align_filter_sort	bwa mem -t 16 dudleya_organelle_reference_verification/references/dudleya_cp_mt.fa genomicsDrive_data_dump/QB3.Berkeley.251217/QB3.Results.260109/CY_HICS/CY_HICS_LP_355_Du-762_S251_L005_R1_001.fastq.gz genomicsDrive_data_dump/QB3.Berkeley.251217/QB3.Results.260109/CY_HICS/CY_HICS_LP_355_Du-762_S251_L005_R2_001.fastq.gz | samtools view -@ 16 -b -F 4 -q 0 - | samtools sort -@ 16 -o /home/neil/Downloads/dudleya/Dudleya_S_genomes/full_pipeline_run/results/06_all_sample_alignment/bam/CY_HICS_LP_355_Du-762.organelle.sorted.tmp.bam -
CY_HICS_LP_355_Du-762	index	samtools index /home/neil/Downloads/dudleya/Dudleya_S_genomes/full_pipeline_run/results/06_all_sample_alignment/bam/CY_HICS_LP_355_Du-762.organelle.sorted.bam
CY_HICS_LP_355_Du-762	flagstat	samtools flagstat /home/neil/Downloads/dudleya/Dudleya_S_genomes/full_pipeline_run/results/06_all_sample_alignment/bam/CY_HICS_LP_355_Du-762.organelle.sorted.bam
CY_HICS_LP_355_Du-762	idxstats	samtools idxstats /home/neil/Downloads/dudleya/Dudleya_S_genomes/full_pipeline_run/results/06_all_sample_alignment/bam/CY_HICS_LP_355_Du-762.organelle.sorted.bam
CY_HICS_LP_355_Du-762	depth	samtools depth -aa -q 20 -Q 0 /home/neil/Downloads/dudleya/Dudleya_S_genomes/full_pipeline_run/results/06_all_sample_alignment/bam/CY_HICS_LP_355_Du-762.organelle.sorted.bam
CY_HICS_LP_356_Du-763	align_filter_sort	bwa mem -t 16 dudleya_organelle_reference_verification/references/dudleya_cp_mt.fa genomicsDrive_data_dump/QB3.Berkeley.251217/QB3.Results.260109/CY_HICS/CY_HICS_LP_356_Du-763_S269_L005_R1_001.fastq.gz genomicsDrive_data_dump/QB3.Berkeley.251217/QB3.Results.260109/CY_HICS/CY_HICS_LP_356_Du-763_S269_L005_R2_001.fastq.gz | samtools view -@ 16 -b -F 4 -q 0 - | samtools sort -@ 16 -o /home/neil/Downloads/dudleya/Dudleya_S_genomes/full_pipeline_run/results/06_all_sample_alignment/bam/CY_HICS_LP_356_Du-763.organelle.sorted.tmp.bam -
CY_HICS_LP_356_Du-763	index	samtools index /home/neil/Downloads/dudleya/Dudleya_S_genomes/full_pipeline_run/results/06_all_sample_alignment/bam/CY_HICS_LP_356_Du-763.organelle.sorted.bam
CY_HICS_LP_356_Du-763	flagstat	samtools flagstat /home/neil/Downloads/dudleya/Dudleya_S_genomes/full_pipeline_run/results/06_all_sample_alignment/bam/CY_HICS_LP_356_Du-763.organelle.sorted.bam
CY_HICS_LP_356_Du-763	idxstats	samtools idxstats /home/neil/Downloads/dudleya/Dudleya_S_genomes/full_pipeline_run/results/06_all_sample_alignment/bam/CY_HICS_LP_356_Du-763.organelle.sorted.bam
CY_HICS_LP_356_Du-763	depth	samtools depth -aa -q 20 -Q 0 /home/neil/Downloads/dudleya/Dudleya_S_genomes/full_pipeline_run/results/06_all_sample_alignment/bam/CY_HICS_LP_356_Du-763.organelle.sorted.bam
CY_HUN_LP_264_Du-683	align_filter_sort	bwa mem -t 16 dudleya_organelle_reference_verification/references/dudleya_cp_mt.fa genomicsDrive_data_dump/QB3.Berkeley.251217/QB3.Results.260109/CY_HUN/CY_HUN_LP_264_Du-683_S265_L005_R1_001.fastq.gz genomicsDrive_data_dump/QB3.Berkeley.251217/QB3.Results.260109/CY_HUN/CY_HUN_LP_264_Du-683_S265_L005_R2_001.fastq.gz | samtools view -@ 16 -b -F 4 -q 0 - | samtools sort -@ 16 -o /home/neil/Downloads/dudleya/Dudleya_S_genomes/full_pipeline_run/results/06_all_sample_alignment/bam/CY_HUN_LP_264_Du-683.organelle.sorted.tmp.bam -
CY_HUN_LP_264_Du-683	index	samtools index /home/neil/Downloads/dudleya/Dudleya_S_genomes/full_pipeline_run/results/06_all_sample_alignment/bam/CY_HUN_LP_264_Du-683.organelle.sorted.bam
CY_HUN_LP_264_Du-683	flagstat	samtools flagstat /home/neil/Downloads/dudleya/Dudleya_S_genomes/full_pipeline_run/results/06_all_sample_alignment/bam/CY_HUN_LP_264_Du-683.organelle.sorted.bam
CY_HUN_LP_264_Du-683	idxstats	samtools idxstats /home/neil/Downloads/dudleya/Dudleya_S_genomes/full_pipeline_run/results/06_all_sample_alignment/bam/CY_HUN_LP_264_Du-683.organelle.sorted.bam
CY_HUN_LP_264_Du-683	depth	samtools depth -aa -q 20 -Q 0 /home/neil/Downloads/dudleya/Dudleya_S_genomes/full_pipeline_run/results/06_all_sample_alignment/bam/CY_HUN_LP_264_Du-683.organelle.sorted.bam
CY_HUN_LP_265_Du-684	align_filter_sort	bwa mem -t 16 dudleya_organelle_reference_verification/references/dudleya_cp_mt.fa genomicsDrive_data_dump/QB3.Berkeley.251217/QB3.Results.260109/CY_HUN/CY_HUN_LP_265_Du-684_S276_L005_R1_001.fastq.gz genomicsDrive_data_dump/QB3.Berkeley.251217/QB3.Results.260109/CY_HUN/CY_HUN_LP_265_Du-684_S276_L005_R2_001.fastq.gz | samtools view -@ 16 -b -F 4 -q 0 - | samtools sort -@ 16 -o /home/neil/Downloads/dudleya/Dudleya_S_genomes/full_pipeline_run/results/06_all_sample_alignment/bam/CY_HUN_LP_265_Du-684.organelle.sorted.tmp.bam -
CY_HUN_LP_265_Du-684	index	samtools index /home/neil/Downloads/dudleya/Dudleya_S_genomes/full_pipeline_run/results/06_all_sample_alignment/bam/CY_HUN_LP_265_Du-684.organelle.sorted.bam
CY_HUN_LP_265_Du-684	flagstat	samtools flagstat /home/neil/Downloads/dudleya/Dudleya_S_genomes/full_pipeline_run/results/06_all_sample_alignment/bam/CY_HUN_LP_265_Du-684.organelle.sorted.bam
CY_HUN_LP_265_Du-684	idxstats	samtools idxstats /home/neil/Downloads/dudleya/Dudleya_S_genomes/full_pipeline_run/results/06_all_sample_alignment/bam/CY_HUN_LP_265_Du-684.organelle.sorted.bam
CY_HUN_LP_265_Du-684	depth	samtools depth -aa -q 20 -Q 0 /home/neil/Downloads/dudleya/Dudleya_S_genomes/full_pipeline_run/results/06_all_sample_alignment/bam/CY_HUN_LP_265_Du-684.organelle.sorted.bam
CY_HUN_LP_266_Du-685	align_filter_sort	bwa mem -t 16 dudleya_organelle_reference_verification/references/dudleya_cp_mt.fa genomicsDrive_data_dump/QB3.Berkeley.251217/QB3.Results.260109/CY_HUN/CY_HUN_LP_266_Du-685_S285_L005_R1_001.fastq.gz genomicsDrive_data_dump/QB3.Berkeley.251217/QB3.Results.260109/CY_HUN/CY_HUN_LP_266_Du-685_S285_L005_R2_001.fastq.gz | samtools view -@ 16 -b -F 4 -q 0 - | samtools sort -@ 16 -o /home/neil/Downloads/dudleya/Dudleya_S_genomes/full_pipeline_run/results/06_all_sample_alignment/bam/CY_HUN_LP_266_Du-685.organelle.sorted.tmp.bam -
CY_HUN_LP_266_Du-685	index	samtools index /home/neil/Downloads/dudleya/Dudleya_S_genomes/full_pipeline_run/results/06_all_sample_alignment/bam/CY_HUN_LP_266_Du-685.organelle.sorted.bam
CY_HUN_LP_266_Du-685	flagstat	samtools flagstat /home/neil/Downloads/dudleya/Dudleya_S_genomes/full_pipeline_run/results/06_all_sample_alignment/bam/CY_HUN_LP_266_Du-685.organelle.sorted.bam
CY_HUN_LP_266_Du-685	idxstats	samtools idxstats /home/neil/Downloads/dudleya/Dudleya_S_genomes/full_pipeline_run/results/06_all_sample_alignment/bam/CY_HUN_LP_266_Du-685.organelle.sorted.bam
CY_HUN_LP_266_Du-685	depth	samtools depth -aa -q 20 -Q 0 /home/neil/Downloads/dudleya/Dudleya_S_genomes/full_pipeline_run/results/06_all_sample_alignment/bam/CY_HUN_LP_266_Du-685.organelle.sorted.bam
CY_HUN_LP_267_Du-686	align_filter_sort	bwa mem -t 16 dudleya_organelle_reference_verification/references/dudleya_cp_mt.fa genomicsDrive_data_dump/QB3.Berkeley.251217/QB3.Results.260109/CY_HUN/CY_HUN_LP_267_Du-686_S218_L005_R1_001.fastq.gz genomicsDrive_data_dump/QB3.Berkeley.251217/QB3.Results.260109/CY_HUN/CY_HUN_LP_267_Du-686_S218_L005_R2_001.fastq.gz | samtools view -@ 16 -b -F 4 -q 0 - | samtools sort -@ 16 -o /home/neil/Downloads/dudleya/Dudleya_S_genomes/full_pipeline_run/results/06_all_sample_alignment/bam/CY_HUN_LP_267_Du-686.organelle.sorted.tmp.bam -
CY_HUN_LP_267_Du-686	index	samtools index /home/neil/Downloads/dudleya/Dudleya_S_genomes/full_pipeline_run/results/06_all_sample_alignment/bam/CY_HUN_LP_267_Du-686.organelle.sorted.bam
CY_HUN_LP_267_Du-686	flagstat	samtools flagstat /home/neil/Downloads/dudleya/Dudleya_S_genomes/full_pipeline_run/results/06_all_sample_alignment/bam/CY_HUN_LP_267_Du-686.organelle.sorted.bam
CY_HUN_LP_267_Du-686	idxstats	samtools idxstats /home/neil/Downloads/dudleya/Dudleya_S_genomes/full_pipeline_run/results/06_all_sample_alignment/bam/CY_HUN_LP_267_Du-686.organelle.sorted.bam
CY_HUN_LP_267_Du-686	depth	samtools depth -aa -q 20 -Q 0 /home/neil/Downloads/dudleya/Dudleya_S_genomes/full_pipeline_run/results/06_all_sample_alignment/bam/CY_HUN_LP_267_Du-686.organelle.sorted.bam
CY_HUN_LP_268_Du-687	align_filter_sort	bwa mem -t 16 dudleya_organelle_reference_verification/references/dudleya_cp_mt.fa genomicsDrive_data_dump/QB3.Berkeley.251217/QB3.Results.260109/CY_HUN/CY_HUN_LP_268_Du-687_S228_L005_R1_001.fastq.gz genomicsDrive_data_dump/QB3.Berkeley.251217/QB3.Results.260109/CY_HUN/CY_HUN_LP_268_Du-687_S228_L005_R2_001.fastq.gz | samtools view -@ 16 -b -F 4 -q 0 - | samtools sort -@ 16 -o /home/neil/Downloads/dudleya/Dudleya_S_genomes/full_pipeline_run/results/06_all_sample_alignment/bam/CY_HUN_LP_268_Du-687.organelle.sorted.tmp.bam -
CY_HUN_LP_268_Du-687	index	samtools index /home/neil/Downloads/dudleya/Dudleya_S_genomes/full_pipeline_run/results/06_all_sample_alignment/bam/CY_HUN_LP_268_Du-687.organelle.sorted.bam
CY_HUN_LP_268_Du-687	flagstat	samtools flagstat /home/neil/Downloads/dudleya/Dudleya_S_genomes/full_pipeline_run/results/06_all_sample_alignment/bam/CY_HUN_LP_268_Du-687.organelle.sorted.bam
CY_HUN_LP_268_Du-687	idxstats	samtools idxstats /home/neil/Downloads/dudleya/Dudleya_S_genomes/full_pipeline_run/results/06_all_sample_alignment/bam/CY_HUN_LP_268_Du-687.organelle.sorted.bam
CY_HUN_LP_268_Du-687	depth	samtools depth -aa -q 20 -Q 0 /home/neil/Downloads/dudleya/Dudleya_S_genomes/full_pipeline_run/results/06_all_sample_alignment/bam/CY_HUN_LP_268_Du-687.organelle.sorted.bam
CY_RED_LP_202_Du-561	align_filter_sort	bwa mem -t 16 dudleya_organelle_reference_verification/references/dudleya_cp_mt.fa genomicsDrive_data_dump/QB3.Berkeley.251217/QB3.Results.260109/CY_RED/CY_RED_LP_202_Du-561_S192_L005_R1_001.fastq.gz genomicsDrive_data_dump/QB3.Berkeley.251217/QB3.Results.260109/CY_RED/CY_RED_LP_202_Du-561_S192_L005_R2_001.fastq.gz | samtools view -@ 16 -b -F 4 -q 0 - | samtools sort -@ 16 -o /home/neil/Downloads/dudleya/Dudleya_S_genomes/full_pipeline_run/results/06_all_sample_alignment/bam/CY_RED_LP_202_Du-561.organelle.sorted.tmp.bam -
CY_RED_LP_202_Du-561	index	samtools index /home/neil/Downloads/dudleya/Dudleya_S_genomes/full_pipeline_run/results/06_all_sample_alignment/bam/CY_RED_LP_202_Du-561.organelle.sorted.bam
CY_RED_LP_202_Du-561	flagstat	samtools flagstat /home/neil/Downloads/dudleya/Dudleya_S_genomes/full_pipeline_run/results/06_all_sample_alignment/bam/CY_RED_LP_202_Du-561.organelle.sorted.bam
CY_RED_LP_202_Du-561	idxstats	samtools idxstats /home/neil/Downloads/dudleya/Dudleya_S_genomes/full_pipeline_run/results/06_all_sample_alignment/bam/CY_RED_LP_202_Du-561.organelle.sorted.bam
CY_RED_LP_202_Du-561	depth	samtools depth -aa -q 20 -Q 0 /home/neil/Downloads/dudleya/Dudleya_S_genomes/full_pipeline_run/results/06_all_sample_alignment/bam/CY_RED_LP_202_Du-561.organelle.sorted.bam
CY_SIE_LP_188_Du-445	align_filter_sort	bwa mem -t 16 dudleya_organelle_reference_verification/references/dudleya_cp_mt.fa genomicsDrive_data_dump/QB3.Berkeley.251217/QB3.Results.260109/CY_SIE/CY_SIE_LP_188_Du-445_S129_L005_R1_001.fastq.gz genomicsDrive_data_dump/QB3.Berkeley.251217/QB3.Results.260109/CY_SIE/CY_SIE_LP_188_Du-445_S129_L005_R2_001.fastq.gz | samtools view -@ 16 -b -F 4 -q 0 - | samtools sort -@ 16 -o /home/neil/Downloads/dudleya/Dudleya_S_genomes/full_pipeline_run/results/06_all_sample_alignment/bam/CY_SIE_LP_188_Du-445.organelle.sorted.tmp.bam -
CY_SIE_LP_188_Du-445	index	samtools index /home/neil/Downloads/dudleya/Dudleya_S_genomes/full_pipeline_run/results/06_all_sample_alignment/bam/CY_SIE_LP_188_Du-445.organelle.sorted.bam
CY_SIE_LP_188_Du-445	flagstat	samtools flagstat /home/neil/Downloads/dudleya/Dudleya_S_genomes/full_pipeline_run/results/06_all_sample_alignment/bam/CY_SIE_LP_188_Du-445.organelle.sorted.bam
CY_SIE_LP_188_Du-445	idxstats	samtools idxstats /home/neil/Downloads/dudleya/Dudleya_S_genomes/full_pipeline_run/results/06_all_sample_alignment/bam/CY_SIE_LP_188_Du-445.organelle.sorted.bam
CY_SIE_LP_188_Du-445	depth	samtools depth -aa -q 20 -Q 0 /home/neil/Downloads/dudleya/Dudleya_S_genomes/full_pipeline_run/results/06_all_sample_alignment/bam/CY_SIE_LP_188_Du-445.organelle.sorted.bam
CY_SIE_LP_189_Du-446	align_filter_sort	bwa mem -t 16 dudleya_organelle_reference_verification/references/dudleya_cp_mt.fa genomicsDrive_data_dump/QB3.Berkeley.251217/QB3.Results.260109/CY_SIE/CY_SIE_LP_189_Du-446_S139_L005_R1_001.fastq.gz genomicsDrive_data_dump/QB3.Berkeley.251217/QB3.Results.260109/CY_SIE/CY_SIE_LP_189_Du-446_S139_L005_R2_001.fastq.gz | samtools view -@ 16 -b -F 4 -q 0 - | samtools sort -@ 16 -o /home/neil/Downloads/dudleya/Dudleya_S_genomes/full_pipeline_run/results/06_all_sample_alignment/bam/CY_SIE_LP_189_Du-446.organelle.sorted.tmp.bam -
CY_SIE_LP_189_Du-446	index	samtools index /home/neil/Downloads/dudleya/Dudleya_S_genomes/full_pipeline_run/results/06_all_sample_alignment/bam/CY_SIE_LP_189_Du-446.organelle.sorted.bam
CY_SIE_LP_189_Du-446	flagstat	samtools flagstat /home/neil/Downloads/dudleya/Dudleya_S_genomes/full_pipeline_run/results/06_all_sample_alignment/bam/CY_SIE_LP_189_Du-446.organelle.sorted.bam
CY_SIE_LP_189_Du-446	idxstats	samtools idxstats /home/neil/Downloads/dudleya/Dudleya_S_genomes/full_pipeline_run/results/06_all_sample_alignment/bam/CY_SIE_LP_189_Du-446.organelle.sorted.bam
CY_SIE_LP_189_Du-446	depth	samtools depth -aa -q 20 -Q 0 /home/neil/Downloads/dudleya/Dudleya_S_genomes/full_pipeline_run/results/06_all_sample_alignment/bam/CY_SIE_LP_189_Du-446.organelle.sorted.bam
CY_SIE_LP_190_Du-447	align_filter_sort	bwa mem -t 16 dudleya_organelle_reference_verification/references/dudleya_cp_mt.fa genomicsDrive_data_dump/QB3.Berkeley.251217/QB3.Results.260109/CY_SIE/CY_SIE_LP_190_Du-447_S150_L005_R1_001.fastq.gz genomicsDrive_data_dump/QB3.Berkeley.251217/QB3.Results.260109/CY_SIE/CY_SIE_LP_190_Du-447_S150_L005_R2_001.fastq.gz | samtools view -@ 16 -b -F 4 -q 0 - | samtools sort -@ 16 -o /home/neil/Downloads/dudleya/Dudleya_S_genomes/full_pipeline_run/results/06_all_sample_alignment/bam/CY_SIE_LP_190_Du-447.organelle.sorted.tmp.bam -
CY_SIE_LP_190_Du-447	index	samtools index /home/neil/Downloads/dudleya/Dudleya_S_genomes/full_pipeline_run/results/06_all_sample_alignment/bam/CY_SIE_LP_190_Du-447.organelle.sorted.bam
CY_SIE_LP_190_Du-447	flagstat	samtools flagstat /home/neil/Downloads/dudleya/Dudleya_S_genomes/full_pipeline_run/results/06_all_sample_alignment/bam/CY_SIE_LP_190_Du-447.organelle.sorted.bam
CY_SIE_LP_190_Du-447	idxstats	samtools idxstats /home/neil/Downloads/dudleya/Dudleya_S_genomes/full_pipeline_run/results/06_all_sample_alignment/bam/CY_SIE_LP_190_Du-447.organelle.sorted.bam
CY_SIE_LP_190_Du-447	depth	samtools depth -aa -q 20 -Q 0 /home/neil/Downloads/dudleya/Dudleya_S_genomes/full_pipeline_run/results/06_all_sample_alignment/bam/CY_SIE_LP_190_Du-447.organelle.sorted.bam
CY_SIE_LP_191_Du-448	align_filter_sort	bwa mem -t 16 dudleya_organelle_reference_verification/references/dudleya_cp_mt.fa genomicsDrive_data_dump/QB3.Berkeley.251217/QB3.Results.260109/CY_SIE/CY_SIE_LP_191_Du-448_S160_L005_R1_001.fastq.gz genomicsDrive_data_dump/QB3.Berkeley.251217/QB3.Results.260109/CY_SIE/CY_SIE_LP_191_Du-448_S160_L005_R2_001.fastq.gz | samtools view -@ 16 -b -F 4 -q 0 - | samtools sort -@ 16 -o /home/neil/Downloads/dudleya/Dudleya_S_genomes/full_pipeline_run/results/06_all_sample_alignment/bam/CY_SIE_LP_191_Du-448.organelle.sorted.tmp.bam -
CY_SIE_LP_191_Du-448	index	samtools index /home/neil/Downloads/dudleya/Dudleya_S_genomes/full_pipeline_run/results/06_all_sample_alignment/bam/CY_SIE_LP_191_Du-448.organelle.sorted.bam
CY_SIE_LP_191_Du-448	flagstat	samtools flagstat /home/neil/Downloads/dudleya/Dudleya_S_genomes/full_pipeline_run/results/06_all_sample_alignment/bam/CY_SIE_LP_191_Du-448.organelle.sorted.bam
CY_SIE_LP_191_Du-448	idxstats	samtools idxstats /home/neil/Downloads/dudleya/Dudleya_S_genomes/full_pipeline_run/results/06_all_sample_alignment/bam/CY_SIE_LP_191_Du-448.organelle.sorted.bam
CY_SIE_LP_191_Du-448	depth	samtools depth -aa -q 20 -Q 0 /home/neil/Downloads/dudleya/Dudleya_S_genomes/full_pipeline_run/results/06_all_sample_alignment/bam/CY_SIE_LP_191_Du-448.organelle.sorted.bam
CY_WOO_LP_259_Du-664	align_filter_sort	bwa mem -t 16 dudleya_organelle_reference_verification/references/dudleya_cp_mt.fa genomicsDrive_data_dump/QB3.Berkeley.251217/QB3.Results.260109/CY_WOO/CY_WOO_LP_259_Du-664_S217_L005_R1_001.fastq.gz genomicsDrive_data_dump/QB3.Berkeley.251217/QB3.Results.260109/CY_WOO/CY_WOO_LP_259_Du-664_S217_L005_R2_001.fastq.gz | samtools view -@ 16 -b -F 4 -q 0 - | samtools sort -@ 16 -o /home/neil/Downloads/dudleya/Dudleya_S_genomes/full_pipeline_run/results/06_all_sample_alignment/bam/CY_WOO_LP_259_Du-664.organelle.sorted.tmp.bam -
CY_WOO_LP_259_Du-664	index	samtools index /home/neil/Downloads/dudleya/Dudleya_S_genomes/full_pipeline_run/results/06_all_sample_alignment/bam/CY_WOO_LP_259_Du-664.organelle.sorted.bam
CY_WOO_LP_259_Du-664	flagstat	samtools flagstat /home/neil/Downloads/dudleya/Dudleya_S_genomes/full_pipeline_run/results/06_all_sample_alignment/bam/CY_WOO_LP_259_Du-664.organelle.sorted.bam
CY_WOO_LP_259_Du-664	idxstats	samtools idxstats /home/neil/Downloads/dudleya/Dudleya_S_genomes/full_pipeline_run/results/06_all_sample_alignment/bam/CY_WOO_LP_259_Du-664.organelle.sorted.bam
CY_WOO_LP_259_Du-664	depth	samtools depth -aa -q 20 -Q 0 /home/neil/Downloads/dudleya/Dudleya_S_genomes/full_pipeline_run/results/06_all_sample_alignment/bam/CY_WOO_LP_259_Du-664.organelle.sorted.bam
CY_WOO_LP_260_Du-665	align_filter_sort	bwa mem -t 16 dudleya_organelle_reference_verification/references/dudleya_cp_mt.fa genomicsDrive_data_dump/QB3.Berkeley.251217/QB3.Results.260109/CY_WOO/CY_WOO_LP_260_Du-665_S227_L005_R1_001.fastq.gz genomicsDrive_data_dump/QB3.Berkeley.251217/QB3.Results.260109/CY_WOO/CY_WOO_LP_260_Du-665_S227_L005_R2_001.fastq.gz | samtools view -@ 16 -b -F 4 -q 0 - | samtools sort -@ 16 -o /home/neil/Downloads/dudleya/Dudleya_S_genomes/full_pipeline_run/results/06_all_sample_alignment/bam/CY_WOO_LP_260_Du-665.organelle.sorted.tmp.bam -
CY_WOO_LP_260_Du-665	index	samtools index /home/neil/Downloads/dudleya/Dudleya_S_genomes/full_pipeline_run/results/06_all_sample_alignment/bam/CY_WOO_LP_260_Du-665.organelle.sorted.bam
CY_WOO_LP_260_Du-665	flagstat	samtools flagstat /home/neil/Downloads/dudleya/Dudleya_S_genomes/full_pipeline_run/results/06_all_sample_alignment/bam/CY_WOO_LP_260_Du-665.organelle.sorted.bam
CY_WOO_LP_260_Du-665	idxstats	samtools idxstats /home/neil/Downloads/dudleya/Dudleya_S_genomes/full_pipeline_run/results/06_all_sample_alignment/bam/CY_WOO_LP_260_Du-665.organelle.sorted.bam
CY_WOO_LP_260_Du-665	depth	samtools depth -aa -q 20 -Q 0 /home/neil/Downloads/dudleya/Dudleya_S_genomes/full_pipeline_run/results/06_all_sample_alignment/bam/CY_WOO_LP_260_Du-665.organelle.sorted.bam
CY_WOO_LP_261_Du-667	align_filter_sort	bwa mem -t 16 dudleya_organelle_reference_verification/references/dudleya_cp_mt.fa genomicsDrive_data_dump/QB3.Berkeley.251217/QB3.Results.260109/CY_WOO/CY_WOO_LP_261_Du-667_S238_L005_R1_001.fastq.gz genomicsDrive_data_dump/QB3.Berkeley.251217/QB3.Results.260109/CY_WOO/CY_WOO_LP_261_Du-667_S238_L005_R2_001.fastq.gz | samtools view -@ 16 -b -F 4 -q 0 - | samtools sort -@ 16 -o /home/neil/Downloads/dudleya/Dudleya_S_genomes/full_pipeline_run/results/06_all_sample_alignment/bam/CY_WOO_LP_261_Du-667.organelle.sorted.tmp.bam -
CY_WOO_LP_261_Du-667	index	samtools index /home/neil/Downloads/dudleya/Dudleya_S_genomes/full_pipeline_run/results/06_all_sample_alignment/bam/CY_WOO_LP_261_Du-667.organelle.sorted.bam
CY_WOO_LP_261_Du-667	flagstat	samtools flagstat /home/neil/Downloads/dudleya/Dudleya_S_genomes/full_pipeline_run/results/06_all_sample_alignment/bam/CY_WOO_LP_261_Du-667.organelle.sorted.bam
CY_WOO_LP_261_Du-667	idxstats	samtools idxstats /home/neil/Downloads/dudleya/Dudleya_S_genomes/full_pipeline_run/results/06_all_sample_alignment/bam/CY_WOO_LP_261_Du-667.organelle.sorted.bam
CY_WOO_LP_261_Du-667	depth	samtools depth -aa -q 20 -Q 0 /home/neil/Downloads/dudleya/Dudleya_S_genomes/full_pipeline_run/results/06_all_sample_alignment/bam/CY_WOO_LP_261_Du-667.organelle.sorted.bam
CY_WOO_LP_262_Du-668	align_filter_sort	bwa mem -t 16 dudleya_organelle_reference_verification/references/dudleya_cp_mt.fa genomicsDrive_data_dump/QB3.Berkeley.251217/QB3.Results.260109/CY_WOO/CY_WOO_LP_262_Du-668_S249_L005_R1_001.fastq.gz genomicsDrive_data_dump/QB3.Berkeley.251217/QB3.Results.260109/CY_WOO/CY_WOO_LP_262_Du-668_S249_L005_R2_001.fastq.gz | samtools view -@ 16 -b -F 4 -q 0 - | samtools sort -@ 16 -o /home/neil/Downloads/dudleya/Dudleya_S_genomes/full_pipeline_run/results/06_all_sample_alignment/bam/CY_WOO_LP_262_Du-668.organelle.sorted.tmp.bam -
CY_WOO_LP_262_Du-668	index	samtools index /home/neil/Downloads/dudleya/Dudleya_S_genomes/full_pipeline_run/results/06_all_sample_alignment/bam/CY_WOO_LP_262_Du-668.organelle.sorted.bam
CY_WOO_LP_262_Du-668	flagstat	samtools flagstat /home/neil/Downloads/dudleya/Dudleya_S_genomes/full_pipeline_run/results/06_all_sample_alignment/bam/CY_WOO_LP_262_Du-668.organelle.sorted.bam
CY_WOO_LP_262_Du-668	idxstats	samtools idxstats /home/neil/Downloads/dudleya/Dudleya_S_genomes/full_pipeline_run/results/06_all_sample_alignment/bam/CY_WOO_LP_262_Du-668.organelle.sorted.bam
CY_WOO_LP_262_Du-668	depth	samtools depth -aa -q 20 -Q 0 /home/neil/Downloads/dudleya/Dudleya_S_genomes/full_pipeline_run/results/06_all_sample_alignment/bam/CY_WOO_LP_262_Du-668.organelle.sorted.bam
CY_WOO_LP_263_Du-669	align_filter_sort	bwa mem -t 16 dudleya_organelle_reference_verification/references/dudleya_cp_mt.fa genomicsDrive_data_dump/QB3.Berkeley.251217/QB3.Results.260109/CY_WOO/CY_WOO_LP_263_Du-669_S257_L005_R1_001.fastq.gz genomicsDrive_data_dump/QB3.Berkeley.251217/QB3.Results.260109/CY_WOO/CY_WOO_LP_263_Du-669_S257_L005_R2_001.fastq.gz | samtools view -@ 16 -b -F 4 -q 0 - | samtools sort -@ 16 -o /home/neil/Downloads/dudleya/Dudleya_S_genomes/full_pipeline_run/results/06_all_sample_alignment/bam/CY_WOO_LP_263_Du-669.organelle.sorted.tmp.bam -
CY_WOO_LP_263_Du-669	index	samtools index /home/neil/Downloads/dudleya/Dudleya_S_genomes/full_pipeline_run/results/06_all_sample_alignment/bam/CY_WOO_LP_263_Du-669.organelle.sorted.bam
CY_WOO_LP_263_Du-669	flagstat	samtools flagstat /home/neil/Downloads/dudleya/Dudleya_S_genomes/full_pipeline_run/results/06_all_sample_alignment/bam/CY_WOO_LP_263_Du-669.organelle.sorted.bam
CY_WOO_LP_263_Du-669	idxstats	samtools idxstats /home/neil/Downloads/dudleya/Dudleya_S_genomes/full_pipeline_run/results/06_all_sample_alignment/bam/CY_WOO_LP_263_Du-669.organelle.sorted.bam
CY_WOO_LP_263_Du-669	depth	samtools depth -aa -q 20 -Q 0 /home/neil/Downloads/dudleya/Dudleya_S_genomes/full_pipeline_run/results/06_all_sample_alignment/bam/CY_WOO_LP_263_Du-669.organelle.sorted.bam
DAN_LP_043_Du-68	align_filter_sort	bwa mem -t 16 dudleya_organelle_reference_verification/references/dudleya_cp_mt.fa genomicsDrive_data_dump/QB3.Berkeley.251217/QB3.Results.260109/DAN/DAN_LP_043_Du-68_S50_L005_R1_001.fastq.gz genomicsDrive_data_dump/QB3.Berkeley.251217/QB3.Results.260109/DAN/DAN_LP_043_Du-68_S50_L005_R2_001.fastq.gz | samtools view -@ 16 -b -F 4 -q 0 - | samtools sort -@ 16 -o /home/neil/Downloads/dudleya/Dudleya_S_genomes/full_pipeline_run/results/06_all_sample_alignment/bam/DAN_LP_043_Du-68.organelle.sorted.tmp.bam -
DAN_LP_043_Du-68	index	samtools index /home/neil/Downloads/dudleya/Dudleya_S_genomes/full_pipeline_run/results/06_all_sample_alignment/bam/DAN_LP_043_Du-68.organelle.sorted.bam
DAN_LP_043_Du-68	flagstat	samtools flagstat /home/neil/Downloads/dudleya/Dudleya_S_genomes/full_pipeline_run/results/06_all_sample_alignment/bam/DAN_LP_043_Du-68.organelle.sorted.bam
DAN_LP_043_Du-68	idxstats	samtools idxstats /home/neil/Downloads/dudleya/Dudleya_S_genomes/full_pipeline_run/results/06_all_sample_alignment/bam/DAN_LP_043_Du-68.organelle.sorted.bam
DAN_LP_043_Du-68	depth	samtools depth -aa -q 20 -Q 0 /home/neil/Downloads/dudleya/Dudleya_S_genomes/full_pipeline_run/results/06_all_sample_alignment/bam/DAN_LP_043_Du-68.organelle.sorted.bam
DAN_LP_044_Du-69	align_filter_sort	bwa mem -t 16 dudleya_organelle_reference_verification/references/dudleya_cp_mt.fa genomicsDrive_data_dump/QB3.Berkeley.251217/QB3.Results.260109/DAN/DAN_LP_044_Du-69_S61_L005_R1_001.fastq.gz genomicsDrive_data_dump/QB3.Berkeley.251217/QB3.Results.260109/DAN/DAN_LP_044_Du-69_S61_L005_R2_001.fastq.gz | samtools view -@ 16 -b -F 4 -q 0 - | samtools sort -@ 16 -o /home/neil/Downloads/dudleya/Dudleya_S_genomes/full_pipeline_run/results/06_all_sample_alignment/bam/DAN_LP_044_Du-69.organelle.sorted.tmp.bam -
DAN_LP_044_Du-69	index	samtools index /home/neil/Downloads/dudleya/Dudleya_S_genomes/full_pipeline_run/results/06_all_sample_alignment/bam/DAN_LP_044_Du-69.organelle.sorted.bam
DAN_LP_044_Du-69	flagstat	samtools flagstat /home/neil/Downloads/dudleya/Dudleya_S_genomes/full_pipeline_run/results/06_all_sample_alignment/bam/DAN_LP_044_Du-69.organelle.sorted.bam
DAN_LP_044_Du-69	idxstats	samtools idxstats /home/neil/Downloads/dudleya/Dudleya_S_genomes/full_pipeline_run/results/06_all_sample_alignment/bam/DAN_LP_044_Du-69.organelle.sorted.bam
DAN_LP_044_Du-69	depth	samtools depth -aa -q 20 -Q 0 /home/neil/Downloads/dudleya/Dudleya_S_genomes/full_pipeline_run/results/06_all_sample_alignment/bam/DAN_LP_044_Du-69.organelle.sorted.bam
DAN_LP_045_Du-70	align_filter_sort	bwa mem -t 16 dudleya_organelle_reference_verification/references/dudleya_cp_mt.fa genomicsDrive_data_dump/QB3.Berkeley.251217/QB3.Results.260109/DAN/DAN_LP_045_Du-70_S71_L005_R1_001.fastq.gz genomicsDrive_data_dump/QB3.Berkeley.251217/QB3.Results.260109/DAN/DAN_LP_045_Du-70_S71_L005_R2_001.fastq.gz | samtools view -@ 16 -b -F 4 -q 0 - | samtools sort -@ 16 -o /home/neil/Downloads/dudleya/Dudleya_S_genomes/full_pipeline_run/results/06_all_sample_alignment/bam/DAN_LP_045_Du-70.organelle.sorted.tmp.bam -
DAN_LP_045_Du-70	index	samtools index /home/neil/Downloads/dudleya/Dudleya_S_genomes/full_pipeline_run/results/06_all_sample_alignment/bam/DAN_LP_045_Du-70.organelle.sorted.bam
DAN_LP_045_Du-70	flagstat	samtools flagstat /home/neil/Downloads/dudleya/Dudleya_S_genomes/full_pipeline_run/results/06_all_sample_alignment/bam/DAN_LP_045_Du-70.organelle.sorted.bam
DAN_LP_045_Du-70	idxstats	samtools idxstats /home/neil/Downloads/dudleya/Dudleya_S_genomes/full_pipeline_run/results/06_all_sample_alignment/bam/DAN_LP_045_Du-70.organelle.sorted.bam
DAN_LP_045_Du-70	depth	samtools depth -aa -q 20 -Q 0 /home/neil/Downloads/dudleya/Dudleya_S_genomes/full_pipeline_run/results/06_all_sample_alignment/bam/DAN_LP_045_Du-70.organelle.sorted.bam
DAN_LP_046_Du-71	align_filter_sort	bwa mem -t 16 dudleya_organelle_reference_verification/references/dudleya_cp_mt.fa genomicsDrive_data_dump/QB3.Berkeley.251217/QB3.Results.260109/DAN/DAN_LP_046_Du-71_S82_L005_R1_001.fastq.gz genomicsDrive_data_dump/QB3.Berkeley.251217/QB3.Results.260109/DAN/DAN_LP_046_Du-71_S82_L005_R2_001.fastq.gz | samtools view -@ 16 -b -F 4 -q 0 - | samtools sort -@ 16 -o /home/neil/Downloads/dudleya/Dudleya_S_genomes/full_pipeline_run/results/06_all_sample_alignment/bam/DAN_LP_046_Du-71.organelle.sorted.tmp.bam -
DAN_LP_046_Du-71	index	samtools index /home/neil/Downloads/dudleya/Dudleya_S_genomes/full_pipeline_run/results/06_all_sample_alignment/bam/DAN_LP_046_Du-71.organelle.sorted.bam
DAN_LP_046_Du-71	flagstat	samtools flagstat /home/neil/Downloads/dudleya/Dudleya_S_genomes/full_pipeline_run/results/06_all_sample_alignment/bam/DAN_LP_046_Du-71.organelle.sorted.bam
DAN_LP_046_Du-71	idxstats	samtools idxstats /home/neil/Downloads/dudleya/Dudleya_S_genomes/full_pipeline_run/results/06_all_sample_alignment/bam/DAN_LP_046_Du-71.organelle.sorted.bam
DAN_LP_046_Du-71	depth	samtools depth -aa -q 20 -Q 0 /home/neil/Downloads/dudleya/Dudleya_S_genomes/full_pipeline_run/results/06_all_sample_alignment/bam/DAN_LP_046_Du-71.organelle.sorted.bam
DAN_LP_047_Du-72	align_filter_sort	bwa mem -t 16 dudleya_organelle_reference_verification/references/dudleya_cp_mt.fa genomicsDrive_data_dump/QB3.Berkeley.251217/QB3.Results.260109/DAN/DAN_LP_047_Du-72_S91_L005_R1_001.fastq.gz genomicsDrive_data_dump/QB3.Berkeley.251217/QB3.Results.260109/DAN/DAN_LP_047_Du-72_S91_L005_R2_001.fastq.gz | samtools view -@ 16 -b -F 4 -q 0 - | samtools sort -@ 16 -o /home/neil/Downloads/dudleya/Dudleya_S_genomes/full_pipeline_run/results/06_all_sample_alignment/bam/DAN_LP_047_Du-72.organelle.sorted.tmp.bam -
DAN_LP_047_Du-72	index	samtools index /home/neil/Downloads/dudleya/Dudleya_S_genomes/full_pipeline_run/results/06_all_sample_alignment/bam/DAN_LP_047_Du-72.organelle.sorted.bam
DAN_LP_047_Du-72	flagstat	samtools flagstat /home/neil/Downloads/dudleya/Dudleya_S_genomes/full_pipeline_run/results/06_all_sample_alignment/bam/DAN_LP_047_Du-72.organelle.sorted.bam
DAN_LP_047_Du-72	idxstats	samtools idxstats /home/neil/Downloads/dudleya/Dudleya_S_genomes/full_pipeline_run/results/06_all_sample_alignment/bam/DAN_LP_047_Du-72.organelle.sorted.bam
DAN_LP_047_Du-72	depth	samtools depth -aa -q 20 -Q 0 /home/neil/Downloads/dudleya/Dudleya_S_genomes/full_pipeline_run/results/06_all_sample_alignment/bam/DAN_LP_047_Du-72.organelle.sorted.bam
DOV_LP_078_Du-174	align_filter_sort	bwa mem -t 16 dudleya_organelle_reference_verification/references/dudleya_cp_mt.fa genomicsDrive_data_dump/QB3.Berkeley.251217/QB3.Results.260109/DOV/DOV_LP_078_Du-174_S85_L005_R1_001.fastq.gz genomicsDrive_data_dump/QB3.Berkeley.251217/QB3.Results.260109/DOV/DOV_LP_078_Du-174_S85_L005_R2_001.fastq.gz | samtools view -@ 16 -b -F 4 -q 0 - | samtools sort -@ 16 -o /home/neil/Downloads/dudleya/Dudleya_S_genomes/full_pipeline_run/results/06_all_sample_alignment/bam/DOV_LP_078_Du-174.organelle.sorted.tmp.bam -
DOV_LP_078_Du-174	index	samtools index /home/neil/Downloads/dudleya/Dudleya_S_genomes/full_pipeline_run/results/06_all_sample_alignment/bam/DOV_LP_078_Du-174.organelle.sorted.bam
DOV_LP_078_Du-174	flagstat	samtools flagstat /home/neil/Downloads/dudleya/Dudleya_S_genomes/full_pipeline_run/results/06_all_sample_alignment/bam/DOV_LP_078_Du-174.organelle.sorted.bam
DOV_LP_078_Du-174	idxstats	samtools idxstats /home/neil/Downloads/dudleya/Dudleya_S_genomes/full_pipeline_run/results/06_all_sample_alignment/bam/DOV_LP_078_Du-174.organelle.sorted.bam
DOV_LP_078_Du-174	depth	samtools depth -aa -q 20 -Q 0 /home/neil/Downloads/dudleya/Dudleya_S_genomes/full_pipeline_run/results/06_all_sample_alignment/bam/DOV_LP_078_Du-174.organelle.sorted.bam
DOV_LP_079_Du-175	align_filter_sort	bwa mem -t 16 dudleya_organelle_reference_verification/references/dudleya_cp_mt.fa genomicsDrive_data_dump/QB3.Berkeley.251217/QB3.Results.260109/DOV/DOV_LP_079_Du-175_S95_L005_R1_001.fastq.gz genomicsDrive_data_dump/QB3.Berkeley.251217/QB3.Results.260109/DOV/DOV_LP_079_Du-175_S95_L005_R2_001.fastq.gz | samtools view -@ 16 -b -F 4 -q 0 - | samtools sort -@ 16 -o /home/neil/Downloads/dudleya/Dudleya_S_genomes/full_pipeline_run/results/06_all_sample_alignment/bam/DOV_LP_079_Du-175.organelle.sorted.tmp.bam -
DOV_LP_079_Du-175	index	samtools index /home/neil/Downloads/dudleya/Dudleya_S_genomes/full_pipeline_run/results/06_all_sample_alignment/bam/DOV_LP_079_Du-175.organelle.sorted.bam
DOV_LP_079_Du-175	flagstat	samtools flagstat /home/neil/Downloads/dudleya/Dudleya_S_genomes/full_pipeline_run/results/06_all_sample_alignment/bam/DOV_LP_079_Du-175.organelle.sorted.bam
DOV_LP_079_Du-175	idxstats	samtools idxstats /home/neil/Downloads/dudleya/Dudleya_S_genomes/full_pipeline_run/results/06_all_sample_alignment/bam/DOV_LP_079_Du-175.organelle.sorted.bam
DOV_LP_079_Du-175	depth	samtools depth -aa -q 20 -Q 0 /home/neil/Downloads/dudleya/Dudleya_S_genomes/full_pipeline_run/results/06_all_sample_alignment/bam/DOV_LP_079_Du-175.organelle.sorted.bam
DOV_LP_080_Du-176	align_filter_sort	bwa mem -t 16 dudleya_organelle_reference_verification/references/dudleya_cp_mt.fa genomicsDrive_data_dump/QB3.Berkeley.251217/QB3.Results.260109/DOV/DOV_LP_080_Du-176_S105_L005_R1_001.fastq.gz genomicsDrive_data_dump/QB3.Berkeley.251217/QB3.Results.260109/DOV/DOV_LP_080_Du-176_S105_L005_R2_001.fastq.gz | samtools view -@ 16 -b -F 4 -q 0 - | samtools sort -@ 16 -o /home/neil/Downloads/dudleya/Dudleya_S_genomes/full_pipeline_run/results/06_all_sample_alignment/bam/DOV_LP_080_Du-176.organelle.sorted.tmp.bam -
DOV_LP_080_Du-176	index	samtools index /home/neil/Downloads/dudleya/Dudleya_S_genomes/full_pipeline_run/results/06_all_sample_alignment/bam/DOV_LP_080_Du-176.organelle.sorted.bam
DOV_LP_080_Du-176	flagstat	samtools flagstat /home/neil/Downloads/dudleya/Dudleya_S_genomes/full_pipeline_run/results/06_all_sample_alignment/bam/DOV_LP_080_Du-176.organelle.sorted.bam
DOV_LP_080_Du-176	idxstats	samtools idxstats /home/neil/Downloads/dudleya/Dudleya_S_genomes/full_pipeline_run/results/06_all_sample_alignment/bam/DOV_LP_080_Du-176.organelle.sorted.bam
DOV_LP_080_Du-176	depth	samtools depth -aa -q 20 -Q 0 /home/neil/Downloads/dudleya/Dudleya_S_genomes/full_pipeline_run/results/06_all_sample_alignment/bam/DOV_LP_080_Du-176.organelle.sorted.bam
DOV_LP_081_Du-177	align_filter_sort	bwa mem -t 16 dudleya_organelle_reference_verification/references/dudleya_cp_mt.fa genomicsDrive_data_dump/QB3.Berkeley.251217/QB3.Results.260109/DOV/DOV_LP_081_Du-177_S34_L005_R1_001.fastq.gz genomicsDrive_data_dump/QB3.Berkeley.251217/QB3.Results.260109/DOV/DOV_LP_081_Du-177_S34_L005_R2_001.fastq.gz | samtools view -@ 16 -b -F 4 -q 0 - | samtools sort -@ 16 -o /home/neil/Downloads/dudleya/Dudleya_S_genomes/full_pipeline_run/results/06_all_sample_alignment/bam/DOV_LP_081_Du-177.organelle.sorted.tmp.bam -
DOV_LP_081_Du-177	index	samtools index /home/neil/Downloads/dudleya/Dudleya_S_genomes/full_pipeline_run/results/06_all_sample_alignment/bam/DOV_LP_081_Du-177.organelle.sorted.bam
DOV_LP_081_Du-177	flagstat	samtools flagstat /home/neil/Downloads/dudleya/Dudleya_S_genomes/full_pipeline_run/results/06_all_sample_alignment/bam/DOV_LP_081_Du-177.organelle.sorted.bam
DOV_LP_081_Du-177	idxstats	samtools idxstats /home/neil/Downloads/dudleya/Dudleya_S_genomes/full_pipeline_run/results/06_all_sample_alignment/bam/DOV_LP_081_Du-177.organelle.sorted.bam
DOV_LP_081_Du-177	depth	samtools depth -aa -q 20 -Q 0 /home/neil/Downloads/dudleya/Dudleya_S_genomes/full_pipeline_run/results/06_all_sample_alignment/bam/DOV_LP_081_Du-177.organelle.sorted.bam
DOV_LP_082_Du-178	align_filter_sort	bwa mem -t 16 dudleya_organelle_reference_verification/references/dudleya_cp_mt.fa genomicsDrive_data_dump/QB3.Berkeley.251217/QB3.Results.260109/DOV/DOV_LP_082_Du-178_S44_L005_R1_001.fastq.gz genomicsDrive_data_dump/QB3.Berkeley.251217/QB3.Results.260109/DOV/DOV_LP_082_Du-178_S44_L005_R2_001.fastq.gz | samtools view -@ 16 -b -F 4 -q 0 - | samtools sort -@ 16 -o /home/neil/Downloads/dudleya/Dudleya_S_genomes/full_pipeline_run/results/06_all_sample_alignment/bam/DOV_LP_082_Du-178.organelle.sorted.tmp.bam -
DOV_LP_082_Du-178	index	samtools index /home/neil/Downloads/dudleya/Dudleya_S_genomes/full_pipeline_run/results/06_all_sample_alignment/bam/DOV_LP_082_Du-178.organelle.sorted.bam
DOV_LP_082_Du-178	flagstat	samtools flagstat /home/neil/Downloads/dudleya/Dudleya_S_genomes/full_pipeline_run/results/06_all_sample_alignment/bam/DOV_LP_082_Du-178.organelle.sorted.bam
DOV_LP_082_Du-178	idxstats	samtools idxstats /home/neil/Downloads/dudleya/Dudleya_S_genomes/full_pipeline_run/results/06_all_sample_alignment/bam/DOV_LP_082_Du-178.organelle.sorted.bam
DOV_LP_082_Du-178	depth	samtools depth -aa -q 20 -Q 0 /home/neil/Downloads/dudleya/Dudleya_S_genomes/full_pipeline_run/results/06_all_sample_alignment/bam/DOV_LP_082_Du-178.organelle.sorted.bam
DOV_LP_083_Du-179	align_filter_sort	bwa mem -t 16 dudleya_organelle_reference_verification/references/dudleya_cp_mt.fa genomicsDrive_data_dump/QB3.Berkeley.251217/QB3.Results.260109/DOV/DOV_LP_083_Du-179_S55_L005_R1_001.fastq.gz genomicsDrive_data_dump/QB3.Berkeley.251217/QB3.Results.260109/DOV/DOV_LP_083_Du-179_S55_L005_R2_001.fastq.gz | samtools view -@ 16 -b -F 4 -q 0 - | samtools sort -@ 16 -o /home/neil/Downloads/dudleya/Dudleya_S_genomes/full_pipeline_run/results/06_all_sample_alignment/bam/DOV_LP_083_Du-179.organelle.sorted.tmp.bam -
DOV_LP_083_Du-179	index	samtools index /home/neil/Downloads/dudleya/Dudleya_S_genomes/full_pipeline_run/results/06_all_sample_alignment/bam/DOV_LP_083_Du-179.organelle.sorted.bam
DOV_LP_083_Du-179	flagstat	samtools flagstat /home/neil/Downloads/dudleya/Dudleya_S_genomes/full_pipeline_run/results/06_all_sample_alignment/bam/DOV_LP_083_Du-179.organelle.sorted.bam
DOV_LP_083_Du-179	idxstats	samtools idxstats /home/neil/Downloads/dudleya/Dudleya_S_genomes/full_pipeline_run/results/06_all_sample_alignment/bam/DOV_LP_083_Du-179.organelle.sorted.bam
DOV_LP_083_Du-179	depth	samtools depth -aa -q 20 -Q 0 /home/neil/Downloads/dudleya/Dudleya_S_genomes/full_pipeline_run/results/06_all_sample_alignment/bam/DOV_LP_083_Du-179.organelle.sorted.bam
DOV_LP_084_Du-180	align_filter_sort	bwa mem -t 16 dudleya_organelle_reference_verification/references/dudleya_cp_mt.fa genomicsDrive_data_dump/QB3.Berkeley.251217/QB3.Results.260109/DOV/DOV_LP_084_Du-180_S65_L005_R1_001.fastq.gz genomicsDrive_data_dump/QB3.Berkeley.251217/QB3.Results.260109/DOV/DOV_LP_084_Du-180_S65_L005_R2_001.fastq.gz | samtools view -@ 16 -b -F 4 -q 0 - | samtools sort -@ 16 -o /home/neil/Downloads/dudleya/Dudleya_S_genomes/full_pipeline_run/results/06_all_sample_alignment/bam/DOV_LP_084_Du-180.organelle.sorted.tmp.bam -
DOV_LP_084_Du-180	index	samtools index /home/neil/Downloads/dudleya/Dudleya_S_genomes/full_pipeline_run/results/06_all_sample_alignment/bam/DOV_LP_084_Du-180.organelle.sorted.bam
DOV_LP_084_Du-180	flagstat	samtools flagstat /home/neil/Downloads/dudleya/Dudleya_S_genomes/full_pipeline_run/results/06_all_sample_alignment/bam/DOV_LP_084_Du-180.organelle.sorted.bam
DOV_LP_084_Du-180	idxstats	samtools idxstats /home/neil/Downloads/dudleya/Dudleya_S_genomes/full_pipeline_run/results/06_all_sample_alignment/bam/DOV_LP_084_Du-180.organelle.sorted.bam
DOV_LP_084_Du-180	depth	samtools depth -aa -q 20 -Q 0 /home/neil/Downloads/dudleya/Dudleya_S_genomes/full_pipeline_run/results/06_all_sample_alignment/bam/DOV_LP_084_Du-180.organelle.sorted.bam
DUD_LP_132_Du-283	align_filter_sort	bwa mem -t 16 dudleya_organelle_reference_verification/references/dudleya_cp_mt.fa genomicsDrive_data_dump/QB3.Berkeley.251217/QB3.Results.260109/DUD/DUD_LP_132_Du-283_S122_L005_R1_001.fastq.gz genomicsDrive_data_dump/QB3.Berkeley.251217/QB3.Results.260109/DUD/DUD_LP_132_Du-283_S122_L005_R2_001.fastq.gz | samtools view -@ 16 -b -F 4 -q 0 - | samtools sort -@ 16 -o /home/neil/Downloads/dudleya/Dudleya_S_genomes/full_pipeline_run/results/06_all_sample_alignment/bam/DUD_LP_132_Du-283.organelle.sorted.tmp.bam -
DUD_LP_132_Du-283	index	samtools index /home/neil/Downloads/dudleya/Dudleya_S_genomes/full_pipeline_run/results/06_all_sample_alignment/bam/DUD_LP_132_Du-283.organelle.sorted.bam
DUD_LP_132_Du-283	flagstat	samtools flagstat /home/neil/Downloads/dudleya/Dudleya_S_genomes/full_pipeline_run/results/06_all_sample_alignment/bam/DUD_LP_132_Du-283.organelle.sorted.bam
DUD_LP_132_Du-283	idxstats	samtools idxstats /home/neil/Downloads/dudleya/Dudleya_S_genomes/full_pipeline_run/results/06_all_sample_alignment/bam/DUD_LP_132_Du-283.organelle.sorted.bam
DUD_LP_132_Du-283	depth	samtools depth -aa -q 20 -Q 0 /home/neil/Downloads/dudleya/Dudleya_S_genomes/full_pipeline_run/results/06_all_sample_alignment/bam/DUD_LP_132_Du-283.organelle.sorted.bam
DUD_LP_133_Du-284	align_filter_sort	bwa mem -t 16 dudleya_organelle_reference_verification/references/dudleya_cp_mt.fa genomicsDrive_data_dump/QB3.Berkeley.251217/QB3.Results.260109/DUD/DUD_LP_133_Du-284_S133_L005_R1_001.fastq.gz genomicsDrive_data_dump/QB3.Berkeley.251217/QB3.Results.260109/DUD/DUD_LP_133_Du-284_S133_L005_R2_001.fastq.gz | samtools view -@ 16 -b -F 4 -q 0 - | samtools sort -@ 16 -o /home/neil/Downloads/dudleya/Dudleya_S_genomes/full_pipeline_run/results/06_all_sample_alignment/bam/DUD_LP_133_Du-284.organelle.sorted.tmp.bam -
DUD_LP_133_Du-284	index	samtools index /home/neil/Downloads/dudleya/Dudleya_S_genomes/full_pipeline_run/results/06_all_sample_alignment/bam/DUD_LP_133_Du-284.organelle.sorted.bam
DUD_LP_133_Du-284	flagstat	samtools flagstat /home/neil/Downloads/dudleya/Dudleya_S_genomes/full_pipeline_run/results/06_all_sample_alignment/bam/DUD_LP_133_Du-284.organelle.sorted.bam
DUD_LP_133_Du-284	idxstats	samtools idxstats /home/neil/Downloads/dudleya/Dudleya_S_genomes/full_pipeline_run/results/06_all_sample_alignment/bam/DUD_LP_133_Du-284.organelle.sorted.bam
DUD_LP_133_Du-284	depth	samtools depth -aa -q 20 -Q 0 /home/neil/Downloads/dudleya/Dudleya_S_genomes/full_pipeline_run/results/06_all_sample_alignment/bam/DUD_LP_133_Du-284.organelle.sorted.bam
DUD_LP_134_Du-285	align_filter_sort	bwa mem -t 16 dudleya_organelle_reference_verification/references/dudleya_cp_mt.fa genomicsDrive_data_dump/QB3.Berkeley.251217/QB3.Results.260109/DUD/DUD_LP_134_Du-285_S142_L005_R1_001.fastq.gz genomicsDrive_data_dump/QB3.Berkeley.251217/QB3.Results.260109/DUD/DUD_LP_134_Du-285_S142_L005_R2_001.fastq.gz | samtools view -@ 16 -b -F 4 -q 0 - | samtools sort -@ 16 -o /home/neil/Downloads/dudleya/Dudleya_S_genomes/full_pipeline_run/results/06_all_sample_alignment/bam/DUD_LP_134_Du-285.organelle.sorted.tmp.bam -
DUD_LP_134_Du-285	index	samtools index /home/neil/Downloads/dudleya/Dudleya_S_genomes/full_pipeline_run/results/06_all_sample_alignment/bam/DUD_LP_134_Du-285.organelle.sorted.bam
DUD_LP_134_Du-285	flagstat	samtools flagstat /home/neil/Downloads/dudleya/Dudleya_S_genomes/full_pipeline_run/results/06_all_sample_alignment/bam/DUD_LP_134_Du-285.organelle.sorted.bam
DUD_LP_134_Du-285	idxstats	samtools idxstats /home/neil/Downloads/dudleya/Dudleya_S_genomes/full_pipeline_run/results/06_all_sample_alignment/bam/DUD_LP_134_Du-285.organelle.sorted.bam
DUD_LP_134_Du-285	depth	samtools depth -aa -q 20 -Q 0 /home/neil/Downloads/dudleya/Dudleya_S_genomes/full_pipeline_run/results/06_all_sample_alignment/bam/DUD_LP_134_Du-285.organelle.sorted.bam
DUD_LP_135_Du-286	align_filter_sort	bwa mem -t 16 dudleya_organelle_reference_verification/references/dudleya_cp_mt.fa genomicsDrive_data_dump/QB3.Berkeley.251217/QB3.Results.260109/DUD/DUD_LP_135_Du-286_S153_L005_R1_001.fastq.gz genomicsDrive_data_dump/QB3.Berkeley.251217/QB3.Results.260109/DUD/DUD_LP_135_Du-286_S153_L005_R2_001.fastq.gz | samtools view -@ 16 -b -F 4 -q 0 - | samtools sort -@ 16 -o /home/neil/Downloads/dudleya/Dudleya_S_genomes/full_pipeline_run/results/06_all_sample_alignment/bam/DUD_LP_135_Du-286.organelle.sorted.tmp.bam -
DUD_LP_135_Du-286	index	samtools index /home/neil/Downloads/dudleya/Dudleya_S_genomes/full_pipeline_run/results/06_all_sample_alignment/bam/DUD_LP_135_Du-286.organelle.sorted.bam
DUD_LP_135_Du-286	flagstat	samtools flagstat /home/neil/Downloads/dudleya/Dudleya_S_genomes/full_pipeline_run/results/06_all_sample_alignment/bam/DUD_LP_135_Du-286.organelle.sorted.bam
DUD_LP_135_Du-286	idxstats	samtools idxstats /home/neil/Downloads/dudleya/Dudleya_S_genomes/full_pipeline_run/results/06_all_sample_alignment/bam/DUD_LP_135_Du-286.organelle.sorted.bam
DUD_LP_135_Du-286	depth	samtools depth -aa -q 20 -Q 0 /home/neil/Downloads/dudleya/Dudleya_S_genomes/full_pipeline_run/results/06_all_sample_alignment/bam/DUD_LP_135_Du-286.organelle.sorted.bam
DUD_LP_136_Du-287	align_filter_sort	bwa mem -t 16 dudleya_organelle_reference_verification/references/dudleya_cp_mt.fa genomicsDrive_data_dump/QB3.Berkeley.251217/QB3.Results.260109/DUD/DUD_LP_136_Du-287_S163_L005_R1_001.fastq.gz genomicsDrive_data_dump/QB3.Berkeley.251217/QB3.Results.260109/DUD/DUD_LP_136_Du-287_S163_L005_R2_001.fastq.gz | samtools view -@ 16 -b -F 4 -q 0 - | samtools sort -@ 16 -o /home/neil/Downloads/dudleya/Dudleya_S_genomes/full_pipeline_run/results/06_all_sample_alignment/bam/DUD_LP_136_Du-287.organelle.sorted.tmp.bam -
DUD_LP_136_Du-287	index	samtools index /home/neil/Downloads/dudleya/Dudleya_S_genomes/full_pipeline_run/results/06_all_sample_alignment/bam/DUD_LP_136_Du-287.organelle.sorted.bam
DUD_LP_136_Du-287	flagstat	samtools flagstat /home/neil/Downloads/dudleya/Dudleya_S_genomes/full_pipeline_run/results/06_all_sample_alignment/bam/DUD_LP_136_Du-287.organelle.sorted.bam
DUD_LP_136_Du-287	idxstats	samtools idxstats /home/neil/Downloads/dudleya/Dudleya_S_genomes/full_pipeline_run/results/06_all_sample_alignment/bam/DUD_LP_136_Du-287.organelle.sorted.bam
DUD_LP_136_Du-287	depth	samtools depth -aa -q 20 -Q 0 /home/neil/Downloads/dudleya/Dudleya_S_genomes/full_pipeline_run/results/06_all_sample_alignment/bam/DUD_LP_136_Du-287.organelle.sorted.bam
DUD_LP_137_Du-288	align_filter_sort	bwa mem -t 16 dudleya_organelle_reference_verification/references/dudleya_cp_mt.fa genomicsDrive_data_dump/QB3.Berkeley.251217/QB3.Results.260109/DUD/DUD_LP_137_Du-288_S174_L005_R1_001.fastq.gz genomicsDrive_data_dump/QB3.Berkeley.251217/QB3.Results.260109/DUD/DUD_LP_137_Du-288_S174_L005_R2_001.fastq.gz | samtools view -@ 16 -b -F 4 -q 0 - | samtools sort -@ 16 -o /home/neil/Downloads/dudleya/Dudleya_S_genomes/full_pipeline_run/results/06_all_sample_alignment/bam/DUD_LP_137_Du-288.organelle.sorted.tmp.bam -
DUD_LP_137_Du-288	index	samtools index /home/neil/Downloads/dudleya/Dudleya_S_genomes/full_pipeline_run/results/06_all_sample_alignment/bam/DUD_LP_137_Du-288.organelle.sorted.bam
DUD_LP_137_Du-288	flagstat	samtools flagstat /home/neil/Downloads/dudleya/Dudleya_S_genomes/full_pipeline_run/results/06_all_sample_alignment/bam/DUD_LP_137_Du-288.organelle.sorted.bam
DUD_LP_137_Du-288	idxstats	samtools idxstats /home/neil/Downloads/dudleya/Dudleya_S_genomes/full_pipeline_run/results/06_all_sample_alignment/bam/DUD_LP_137_Du-288.organelle.sorted.bam
DUD_LP_137_Du-288	depth	samtools depth -aa -q 20 -Q 0 /home/neil/Downloads/dudleya/Dudleya_S_genomes/full_pipeline_run/results/06_all_sample_alignment/bam/DUD_LP_137_Du-288.organelle.sorted.bam
DUD_LP_138_Du-289	align_filter_sort	bwa mem -t 16 dudleya_organelle_reference_verification/references/dudleya_cp_mt.fa genomicsDrive_data_dump/QB3.Berkeley.251217/QB3.Results.260109/DUD/DUD_LP_138_Du-289_S185_L005_R1_001.fastq.gz genomicsDrive_data_dump/QB3.Berkeley.251217/QB3.Results.260109/DUD/DUD_LP_138_Du-289_S185_L005_R2_001.fastq.gz | samtools view -@ 16 -b -F 4 -q 0 - | samtools sort -@ 16 -o /home/neil/Downloads/dudleya/Dudleya_S_genomes/full_pipeline_run/results/06_all_sample_alignment/bam/DUD_LP_138_Du-289.organelle.sorted.tmp.bam -
DUD_LP_138_Du-289	index	samtools index /home/neil/Downloads/dudleya/Dudleya_S_genomes/full_pipeline_run/results/06_all_sample_alignment/bam/DUD_LP_138_Du-289.organelle.sorted.bam
DUD_LP_138_Du-289	flagstat	samtools flagstat /home/neil/Downloads/dudleya/Dudleya_S_genomes/full_pipeline_run/results/06_all_sample_alignment/bam/DUD_LP_138_Du-289.organelle.sorted.bam
DUD_LP_138_Du-289	idxstats	samtools idxstats /home/neil/Downloads/dudleya/Dudleya_S_genomes/full_pipeline_run/results/06_all_sample_alignment/bam/DUD_LP_138_Du-289.organelle.sorted.bam
DUD_LP_138_Du-289	depth	samtools depth -aa -q 20 -Q 0 /home/neil/Downloads/dudleya/Dudleya_S_genomes/full_pipeline_run/results/06_all_sample_alignment/bam/DUD_LP_138_Du-289.organelle.sorted.bam
DUD_LP_139_Du-290	align_filter_sort	bwa mem -t 16 dudleya_organelle_reference_verification/references/dudleya_cp_mt.fa genomicsDrive_data_dump/QB3.Berkeley.251217/QB3.Results.260109/DUD/DUD_LP_139_Du-290_S114_L005_R1_001.fastq.gz genomicsDrive_data_dump/QB3.Berkeley.251217/QB3.Results.260109/DUD/DUD_LP_139_Du-290_S114_L005_R2_001.fastq.gz | samtools view -@ 16 -b -F 4 -q 0 - | samtools sort -@ 16 -o /home/neil/Downloads/dudleya/Dudleya_S_genomes/full_pipeline_run/results/06_all_sample_alignment/bam/DUD_LP_139_Du-290.organelle.sorted.tmp.bam -
DUD_LP_139_Du-290	index	samtools index /home/neil/Downloads/dudleya/Dudleya_S_genomes/full_pipeline_run/results/06_all_sample_alignment/bam/DUD_LP_139_Du-290.organelle.sorted.bam
DUD_LP_139_Du-290	flagstat	samtools flagstat /home/neil/Downloads/dudleya/Dudleya_S_genomes/full_pipeline_run/results/06_all_sample_alignment/bam/DUD_LP_139_Du-290.organelle.sorted.bam
DUD_LP_139_Du-290	idxstats	samtools idxstats /home/neil/Downloads/dudleya/Dudleya_S_genomes/full_pipeline_run/results/06_all_sample_alignment/bam/DUD_LP_139_Du-290.organelle.sorted.bam
DUD_LP_139_Du-290	depth	samtools depth -aa -q 20 -Q 0 /home/neil/Downloads/dudleya/Dudleya_S_genomes/full_pipeline_run/results/06_all_sample_alignment/bam/DUD_LP_139_Du-290.organelle.sorted.bam
KIRN_LP_179_Du-421	align_filter_sort	bwa mem -t 16 dudleya_organelle_reference_verification/references/dudleya_cp_mt.fa genomicsDrive_data_dump/QB3.Berkeley.251217/QB3.Results.260109/KIRN/KIRN_LP_179_Du-421_S118_L005_R1_001.fastq.gz genomicsDrive_data_dump/QB3.Berkeley.251217/QB3.Results.260109/KIRN/KIRN_LP_179_Du-421_S118_L005_R2_001.fastq.gz | samtools view -@ 16 -b -F 4 -q 0 - | samtools sort -@ 16 -o /home/neil/Downloads/dudleya/Dudleya_S_genomes/full_pipeline_run/results/06_all_sample_alignment/bam/KIRN_LP_179_Du-421.organelle.sorted.tmp.bam -
KIRN_LP_179_Du-421	index	samtools index /home/neil/Downloads/dudleya/Dudleya_S_genomes/full_pipeline_run/results/06_all_sample_alignment/bam/KIRN_LP_179_Du-421.organelle.sorted.bam
KIRN_LP_179_Du-421	flagstat	samtools flagstat /home/neil/Downloads/dudleya/Dudleya_S_genomes/full_pipeline_run/results/06_all_sample_alignment/bam/KIRN_LP_179_Du-421.organelle.sorted.bam
KIRN_LP_179_Du-421	idxstats	samtools idxstats /home/neil/Downloads/dudleya/Dudleya_S_genomes/full_pipeline_run/results/06_all_sample_alignment/bam/KIRN_LP_179_Du-421.organelle.sorted.bam
KIRN_LP_179_Du-421	depth	samtools depth -aa -q 20 -Q 0 /home/neil/Downloads/dudleya/Dudleya_S_genomes/full_pipeline_run/results/06_all_sample_alignment/bam/KIRN_LP_179_Du-421.organelle.sorted.bam
KIRN_LP_180_Du-422	align_filter_sort	bwa mem -t 16 dudleya_organelle_reference_verification/references/dudleya_cp_mt.fa genomicsDrive_data_dump/QB3.Berkeley.251217/QB3.Results.260109/KIRN/KIRN_LP_180_Du-422_S128_L005_R1_001.fastq.gz genomicsDrive_data_dump/QB3.Berkeley.251217/QB3.Results.260109/KIRN/KIRN_LP_180_Du-422_S128_L005_R2_001.fastq.gz | samtools view -@ 16 -b -F 4 -q 0 - | samtools sort -@ 16 -o /home/neil/Downloads/dudleya/Dudleya_S_genomes/full_pipeline_run/results/06_all_sample_alignment/bam/KIRN_LP_180_Du-422.organelle.sorted.tmp.bam -
KIRN_LP_180_Du-422	index	samtools index /home/neil/Downloads/dudleya/Dudleya_S_genomes/full_pipeline_run/results/06_all_sample_alignment/bam/KIRN_LP_180_Du-422.organelle.sorted.bam
KIRN_LP_180_Du-422	flagstat	samtools flagstat /home/neil/Downloads/dudleya/Dudleya_S_genomes/full_pipeline_run/results/06_all_sample_alignment/bam/KIRN_LP_180_Du-422.organelle.sorted.bam
KIRN_LP_180_Du-422	idxstats	samtools idxstats /home/neil/Downloads/dudleya/Dudleya_S_genomes/full_pipeline_run/results/06_all_sample_alignment/bam/KIRN_LP_180_Du-422.organelle.sorted.bam
KIRN_LP_180_Du-422	depth	samtools depth -aa -q 20 -Q 0 /home/neil/Downloads/dudleya/Dudleya_S_genomes/full_pipeline_run/results/06_all_sample_alignment/bam/KIRN_LP_180_Du-422.organelle.sorted.bam
KIRN_LP_181_Du-423	align_filter_sort	bwa mem -t 16 dudleya_organelle_reference_verification/references/dudleya_cp_mt.fa genomicsDrive_data_dump/QB3.Berkeley.251217/QB3.Results.260109/KIRN/KIRN_LP_181_Du-423_S138_L005_R1_001.fastq.gz genomicsDrive_data_dump/QB3.Berkeley.251217/QB3.Results.260109/KIRN/KIRN_LP_181_Du-423_S138_L005_R2_001.fastq.gz | samtools view -@ 16 -b -F 4 -q 0 - | samtools sort -@ 16 -o /home/neil/Downloads/dudleya/Dudleya_S_genomes/full_pipeline_run/results/06_all_sample_alignment/bam/KIRN_LP_181_Du-423.organelle.sorted.tmp.bam -
KIRN_LP_181_Du-423	index	samtools index /home/neil/Downloads/dudleya/Dudleya_S_genomes/full_pipeline_run/results/06_all_sample_alignment/bam/KIRN_LP_181_Du-423.organelle.sorted.bam
KIRN_LP_181_Du-423	flagstat	samtools flagstat /home/neil/Downloads/dudleya/Dudleya_S_genomes/full_pipeline_run/results/06_all_sample_alignment/bam/KIRN_LP_181_Du-423.organelle.sorted.bam
KIRN_LP_181_Du-423	idxstats	samtools idxstats /home/neil/Downloads/dudleya/Dudleya_S_genomes/full_pipeline_run/results/06_all_sample_alignment/bam/KIRN_LP_181_Du-423.organelle.sorted.bam
KIRN_LP_181_Du-423	depth	samtools depth -aa -q 20 -Q 0 /home/neil/Downloads/dudleya/Dudleya_S_genomes/full_pipeline_run/results/06_all_sample_alignment/bam/KIRN_LP_181_Du-423.organelle.sorted.bam
KIRN_LP_182_Du-424	align_filter_sort	bwa mem -t 16 dudleya_organelle_reference_verification/references/dudleya_cp_mt.fa genomicsDrive_data_dump/QB3.Berkeley.251217/QB3.Results.260109/KIRN/KIRN_LP_182_Du-424_S149_L005_R1_001.fastq.gz genomicsDrive_data_dump/QB3.Berkeley.251217/QB3.Results.260109/KIRN/KIRN_LP_182_Du-424_S149_L005_R2_001.fastq.gz | samtools view -@ 16 -b -F 4 -q 0 - | samtools sort -@ 16 -o /home/neil/Downloads/dudleya/Dudleya_S_genomes/full_pipeline_run/results/06_all_sample_alignment/bam/KIRN_LP_182_Du-424.organelle.sorted.tmp.bam -
KIRN_LP_182_Du-424	index	samtools index /home/neil/Downloads/dudleya/Dudleya_S_genomes/full_pipeline_run/results/06_all_sample_alignment/bam/KIRN_LP_182_Du-424.organelle.sorted.bam
KIRN_LP_182_Du-424	flagstat	samtools flagstat /home/neil/Downloads/dudleya/Dudleya_S_genomes/full_pipeline_run/results/06_all_sample_alignment/bam/KIRN_LP_182_Du-424.organelle.sorted.bam
KIRN_LP_182_Du-424	idxstats	samtools idxstats /home/neil/Downloads/dudleya/Dudleya_S_genomes/full_pipeline_run/results/06_all_sample_alignment/bam/KIRN_LP_182_Du-424.organelle.sorted.bam
KIRN_LP_182_Du-424	depth	samtools depth -aa -q 20 -Q 0 /home/neil/Downloads/dudleya/Dudleya_S_genomes/full_pipeline_run/results/06_all_sample_alignment/bam/KIRN_LP_182_Du-424.organelle.sorted.bam
KIRN_LP_183_Du-425	align_filter_sort	bwa mem -t 16 dudleya_organelle_reference_verification/references/dudleya_cp_mt.fa genomicsDrive_data_dump/QB3.Berkeley.251217/QB3.Results.260109/KIRN/KIRN_LP_183_Du-425_S159_L005_R1_001.fastq.gz genomicsDrive_data_dump/QB3.Berkeley.251217/QB3.Results.260109/KIRN/KIRN_LP_183_Du-425_S159_L005_R2_001.fastq.gz | samtools view -@ 16 -b -F 4 -q 0 - | samtools sort -@ 16 -o /home/neil/Downloads/dudleya/Dudleya_S_genomes/full_pipeline_run/results/06_all_sample_alignment/bam/KIRN_LP_183_Du-425.organelle.sorted.tmp.bam -
KIRN_LP_183_Du-425	index	samtools index /home/neil/Downloads/dudleya/Dudleya_S_genomes/full_pipeline_run/results/06_all_sample_alignment/bam/KIRN_LP_183_Du-425.organelle.sorted.bam
KIRN_LP_183_Du-425	flagstat	samtools flagstat /home/neil/Downloads/dudleya/Dudleya_S_genomes/full_pipeline_run/results/06_all_sample_alignment/bam/KIRN_LP_183_Du-425.organelle.sorted.bam
KIRN_LP_183_Du-425	idxstats	samtools idxstats /home/neil/Downloads/dudleya/Dudleya_S_genomes/full_pipeline_run/results/06_all_sample_alignment/bam/KIRN_LP_183_Du-425.organelle.sorted.bam
KIRN_LP_183_Du-425	depth	samtools depth -aa -q 20 -Q 0 /home/neil/Downloads/dudleya/Dudleya_S_genomes/full_pipeline_run/results/06_all_sample_alignment/bam/KIRN_LP_183_Du-425.organelle.sorted.bam
KIRN_LP_184_Du-426	align_filter_sort	bwa mem -t 16 dudleya_organelle_reference_verification/references/dudleya_cp_mt.fa genomicsDrive_data_dump/QB3.Berkeley.251217/QB3.Results.260109/KIRN/KIRN_LP_184_Du-426_S169_L005_R1_001.fastq.gz genomicsDrive_data_dump/QB3.Berkeley.251217/QB3.Results.260109/KIRN/KIRN_LP_184_Du-426_S169_L005_R2_001.fastq.gz | samtools view -@ 16 -b -F 4 -q 0 - | samtools sort -@ 16 -o /home/neil/Downloads/dudleya/Dudleya_S_genomes/full_pipeline_run/results/06_all_sample_alignment/bam/KIRN_LP_184_Du-426.organelle.sorted.tmp.bam -
KIRN_LP_184_Du-426	index	samtools index /home/neil/Downloads/dudleya/Dudleya_S_genomes/full_pipeline_run/results/06_all_sample_alignment/bam/KIRN_LP_184_Du-426.organelle.sorted.bam
KIRN_LP_184_Du-426	flagstat	samtools flagstat /home/neil/Downloads/dudleya/Dudleya_S_genomes/full_pipeline_run/results/06_all_sample_alignment/bam/KIRN_LP_184_Du-426.organelle.sorted.bam
KIRN_LP_184_Du-426	idxstats	samtools idxstats /home/neil/Downloads/dudleya/Dudleya_S_genomes/full_pipeline_run/results/06_all_sample_alignment/bam/KIRN_LP_184_Du-426.organelle.sorted.bam
KIRN_LP_184_Du-426	depth	samtools depth -aa -q 20 -Q 0 /home/neil/Downloads/dudleya/Dudleya_S_genomes/full_pipeline_run/results/06_all_sample_alignment/bam/KIRN_LP_184_Du-426.organelle.sorted.bam
KIRN_LP_185_Du-427	align_filter_sort	bwa mem -t 16 dudleya_organelle_reference_verification/references/dudleya_cp_mt.fa genomicsDrive_data_dump/QB3.Berkeley.251217/QB3.Results.260109/KIRN/KIRN_LP_185_Du-427_S180_L005_R1_001.fastq.gz genomicsDrive_data_dump/QB3.Berkeley.251217/QB3.Results.260109/KIRN/KIRN_LP_185_Du-427_S180_L005_R2_001.fastq.gz | samtools view -@ 16 -b -F 4 -q 0 - | samtools sort -@ 16 -o /home/neil/Downloads/dudleya/Dudleya_S_genomes/full_pipeline_run/results/06_all_sample_alignment/bam/KIRN_LP_185_Du-427.organelle.sorted.tmp.bam -
KIRN_LP_185_Du-427	index	samtools index /home/neil/Downloads/dudleya/Dudleya_S_genomes/full_pipeline_run/results/06_all_sample_alignment/bam/KIRN_LP_185_Du-427.organelle.sorted.bam
KIRN_LP_185_Du-427	flagstat	samtools flagstat /home/neil/Downloads/dudleya/Dudleya_S_genomes/full_pipeline_run/results/06_all_sample_alignment/bam/KIRN_LP_185_Du-427.organelle.sorted.bam
KIRN_LP_185_Du-427	idxstats	samtools idxstats /home/neil/Downloads/dudleya/Dudleya_S_genomes/full_pipeline_run/results/06_all_sample_alignment/bam/KIRN_LP_185_Du-427.organelle.sorted.bam
KIRN_LP_185_Du-427	depth	samtools depth -aa -q 20 -Q 0 /home/neil/Downloads/dudleya/Dudleya_S_genomes/full_pipeline_run/results/06_all_sample_alignment/bam/KIRN_LP_185_Du-427.organelle.sorted.bam
KIRN_LP_186_Du-428	align_filter_sort	bwa mem -t 16 dudleya_organelle_reference_verification/references/dudleya_cp_mt.fa genomicsDrive_data_dump/QB3.Berkeley.251217/QB3.Results.260109/KIRN/KIRN_LP_186_Du-428_S190_L005_R1_001.fastq.gz genomicsDrive_data_dump/QB3.Berkeley.251217/QB3.Results.260109/KIRN/KIRN_LP_186_Du-428_S190_L005_R2_001.fastq.gz | samtools view -@ 16 -b -F 4 -q 0 - | samtools sort -@ 16 -o /home/neil/Downloads/dudleya/Dudleya_S_genomes/full_pipeline_run/results/06_all_sample_alignment/bam/KIRN_LP_186_Du-428.organelle.sorted.tmp.bam -
KIRN_LP_186_Du-428	index	samtools index /home/neil/Downloads/dudleya/Dudleya_S_genomes/full_pipeline_run/results/06_all_sample_alignment/bam/KIRN_LP_186_Du-428.organelle.sorted.bam
KIRN_LP_186_Du-428	flagstat	samtools flagstat /home/neil/Downloads/dudleya/Dudleya_S_genomes/full_pipeline_run/results/06_all_sample_alignment/bam/KIRN_LP_186_Du-428.organelle.sorted.bam
KIRN_LP_186_Du-428	idxstats	samtools idxstats /home/neil/Downloads/dudleya/Dudleya_S_genomes/full_pipeline_run/results/06_all_sample_alignment/bam/KIRN_LP_186_Du-428.organelle.sorted.bam
KIRN_LP_186_Du-428	depth	samtools depth -aa -q 20 -Q 0 /home/neil/Downloads/dudleya/Dudleya_S_genomes/full_pipeline_run/results/06_all_sample_alignment/bam/KIRN_LP_186_Du-428.organelle.sorted.bam
KIRN_LP_187_Du-429	align_filter_sort	bwa mem -t 16 dudleya_organelle_reference_verification/references/dudleya_cp_mt.fa genomicsDrive_data_dump/QB3.Berkeley.251217/QB3.Results.260109/KIRN/KIRN_LP_187_Du-429_S119_L005_R1_001.fastq.gz genomicsDrive_data_dump/QB3.Berkeley.251217/QB3.Results.260109/KIRN/KIRN_LP_187_Du-429_S119_L005_R2_001.fastq.gz | samtools view -@ 16 -b -F 4 -q 0 - | samtools sort -@ 16 -o /home/neil/Downloads/dudleya/Dudleya_S_genomes/full_pipeline_run/results/06_all_sample_alignment/bam/KIRN_LP_187_Du-429.organelle.sorted.tmp.bam -
KIRN_LP_187_Du-429	index	samtools index /home/neil/Downloads/dudleya/Dudleya_S_genomes/full_pipeline_run/results/06_all_sample_alignment/bam/KIRN_LP_187_Du-429.organelle.sorted.bam
KIRN_LP_187_Du-429	flagstat	samtools flagstat /home/neil/Downloads/dudleya/Dudleya_S_genomes/full_pipeline_run/results/06_all_sample_alignment/bam/KIRN_LP_187_Du-429.organelle.sorted.bam
KIRN_LP_187_Du-429	idxstats	samtools idxstats /home/neil/Downloads/dudleya/Dudleya_S_genomes/full_pipeline_run/results/06_all_sample_alignment/bam/KIRN_LP_187_Du-429.organelle.sorted.bam
KIRN_LP_187_Du-429	depth	samtools depth -aa -q 20 -Q 0 /home/neil/Downloads/dudleya/Dudleya_S_genomes/full_pipeline_run/results/06_all_sample_alignment/bam/KIRN_LP_187_Du-429.organelle.sorted.bam
KIRT_LP_159_Du-364	align_filter_sort	bwa mem -t 16 dudleya_organelle_reference_verification/references/dudleya_cp_mt.fa genomicsDrive_data_dump/QB3.Berkeley.251217/QB3.Results.260109/KIRT/KIRT_LP_159_Du-364_S156_L005_R1_001.fastq.gz genomicsDrive_data_dump/QB3.Berkeley.251217/QB3.Results.260109/KIRT/KIRT_LP_159_Du-364_S156_L005_R2_001.fastq.gz | samtools view -@ 16 -b -F 4 -q 0 - | samtools sort -@ 16 -o /home/neil/Downloads/dudleya/Dudleya_S_genomes/full_pipeline_run/results/06_all_sample_alignment/bam/KIRT_LP_159_Du-364.organelle.sorted.tmp.bam -
KIRT_LP_159_Du-364	index	samtools index /home/neil/Downloads/dudleya/Dudleya_S_genomes/full_pipeline_run/results/06_all_sample_alignment/bam/KIRT_LP_159_Du-364.organelle.sorted.bam
KIRT_LP_159_Du-364	flagstat	samtools flagstat /home/neil/Downloads/dudleya/Dudleya_S_genomes/full_pipeline_run/results/06_all_sample_alignment/bam/KIRT_LP_159_Du-364.organelle.sorted.bam
KIRT_LP_159_Du-364	idxstats	samtools idxstats /home/neil/Downloads/dudleya/Dudleya_S_genomes/full_pipeline_run/results/06_all_sample_alignment/bam/KIRT_LP_159_Du-364.organelle.sorted.bam
KIRT_LP_159_Du-364	depth	samtools depth -aa -q 20 -Q 0 /home/neil/Downloads/dudleya/Dudleya_S_genomes/full_pipeline_run/results/06_all_sample_alignment/bam/KIRT_LP_159_Du-364.organelle.sorted.bam
KIRT_LP_160_Du-365	align_filter_sort	bwa mem -t 16 dudleya_organelle_reference_verification/references/dudleya_cp_mt.fa genomicsDrive_data_dump/QB3.Berkeley.251217/QB3.Results.260109/KIRT/KIRT_LP_160_Du-365_S166_L005_R1_001.fastq.gz genomicsDrive_data_dump/QB3.Berkeley.251217/QB3.Results.260109/KIRT/KIRT_LP_160_Du-365_S166_L005_R2_001.fastq.gz | samtools view -@ 16 -b -F 4 -q 0 - | samtools sort -@ 16 -o /home/neil/Downloads/dudleya/Dudleya_S_genomes/full_pipeline_run/results/06_all_sample_alignment/bam/KIRT_LP_160_Du-365.organelle.sorted.tmp.bam -
KIRT_LP_160_Du-365	index	samtools index /home/neil/Downloads/dudleya/Dudleya_S_genomes/full_pipeline_run/results/06_all_sample_alignment/bam/KIRT_LP_160_Du-365.organelle.sorted.bam
KIRT_LP_160_Du-365	flagstat	samtools flagstat /home/neil/Downloads/dudleya/Dudleya_S_genomes/full_pipeline_run/results/06_all_sample_alignment/bam/KIRT_LP_160_Du-365.organelle.sorted.bam
KIRT_LP_160_Du-365	idxstats	samtools idxstats /home/neil/Downloads/dudleya/Dudleya_S_genomes/full_pipeline_run/results/06_all_sample_alignment/bam/KIRT_LP_160_Du-365.organelle.sorted.bam
KIRT_LP_160_Du-365	depth	samtools depth -aa -q 20 -Q 0 /home/neil/Downloads/dudleya/Dudleya_S_genomes/full_pipeline_run/results/06_all_sample_alignment/bam/KIRT_LP_160_Du-365.organelle.sorted.bam
KIRT_LP_161_Du-366	align_filter_sort	bwa mem -t 16 dudleya_organelle_reference_verification/references/dudleya_cp_mt.fa genomicsDrive_data_dump/QB3.Berkeley.251217/QB3.Results.260109/KIRT/KIRT_LP_161_Du-366_S177_L005_R1_001.fastq.gz genomicsDrive_data_dump/QB3.Berkeley.251217/QB3.Results.260109/KIRT/KIRT_LP_161_Du-366_S177_L005_R2_001.fastq.gz | samtools view -@ 16 -b -F 4 -q 0 - | samtools sort -@ 16 -o /home/neil/Downloads/dudleya/Dudleya_S_genomes/full_pipeline_run/results/06_all_sample_alignment/bam/KIRT_LP_161_Du-366.organelle.sorted.tmp.bam -
KIRT_LP_161_Du-366	index	samtools index /home/neil/Downloads/dudleya/Dudleya_S_genomes/full_pipeline_run/results/06_all_sample_alignment/bam/KIRT_LP_161_Du-366.organelle.sorted.bam
KIRT_LP_161_Du-366	flagstat	samtools flagstat /home/neil/Downloads/dudleya/Dudleya_S_genomes/full_pipeline_run/results/06_all_sample_alignment/bam/KIRT_LP_161_Du-366.organelle.sorted.bam
KIRT_LP_161_Du-366	idxstats	samtools idxstats /home/neil/Downloads/dudleya/Dudleya_S_genomes/full_pipeline_run/results/06_all_sample_alignment/bam/KIRT_LP_161_Du-366.organelle.sorted.bam
KIRT_LP_161_Du-366	depth	samtools depth -aa -q 20 -Q 0 /home/neil/Downloads/dudleya/Dudleya_S_genomes/full_pipeline_run/results/06_all_sample_alignment/bam/KIRT_LP_161_Du-366.organelle.sorted.bam
KIRT_LP_162_Du-367	align_filter_sort	bwa mem -t 16 dudleya_organelle_reference_verification/references/dudleya_cp_mt.fa genomicsDrive_data_dump/QB3.Berkeley.251217/QB3.Results.260109/KIRT/KIRT_LP_162_Du-367_S188_L005_R1_001.fastq.gz genomicsDrive_data_dump/QB3.Berkeley.251217/QB3.Results.260109/KIRT/KIRT_LP_162_Du-367_S188_L005_R2_001.fastq.gz | samtools view -@ 16 -b -F 4 -q 0 - | samtools sort -@ 16 -o /home/neil/Downloads/dudleya/Dudleya_S_genomes/full_pipeline_run/results/06_all_sample_alignment/bam/KIRT_LP_162_Du-367.organelle.sorted.tmp.bam -
KIRT_LP_162_Du-367	index	samtools index /home/neil/Downloads/dudleya/Dudleya_S_genomes/full_pipeline_run/results/06_all_sample_alignment/bam/KIRT_LP_162_Du-367.organelle.sorted.bam
KIRT_LP_162_Du-367	flagstat	samtools flagstat /home/neil/Downloads/dudleya/Dudleya_S_genomes/full_pipeline_run/results/06_all_sample_alignment/bam/KIRT_LP_162_Du-367.organelle.sorted.bam
KIRT_LP_162_Du-367	idxstats	samtools idxstats /home/neil/Downloads/dudleya/Dudleya_S_genomes/full_pipeline_run/results/06_all_sample_alignment/bam/KIRT_LP_162_Du-367.organelle.sorted.bam
KIRT_LP_162_Du-367	depth	samtools depth -aa -q 20 -Q 0 /home/neil/Downloads/dudleya/Dudleya_S_genomes/full_pipeline_run/results/06_all_sample_alignment/bam/KIRT_LP_162_Du-367.organelle.sorted.bam
KIRT_LP_163_Du-368	align_filter_sort	bwa mem -t 16 dudleya_organelle_reference_verification/references/dudleya_cp_mt.fa genomicsDrive_data_dump/QB3.Berkeley.251217/QB3.Results.260109/KIRT/KIRT_LP_163_Du-368_S117_L005_R1_001.fastq.gz genomicsDrive_data_dump/QB3.Berkeley.251217/QB3.Results.260109/KIRT/KIRT_LP_163_Du-368_S117_L005_R2_001.fastq.gz | samtools view -@ 16 -b -F 4 -q 0 - | samtools sort -@ 16 -o /home/neil/Downloads/dudleya/Dudleya_S_genomes/full_pipeline_run/results/06_all_sample_alignment/bam/KIRT_LP_163_Du-368.organelle.sorted.tmp.bam -
KIRT_LP_163_Du-368	index	samtools index /home/neil/Downloads/dudleya/Dudleya_S_genomes/full_pipeline_run/results/06_all_sample_alignment/bam/KIRT_LP_163_Du-368.organelle.sorted.bam
KIRT_LP_163_Du-368	flagstat	samtools flagstat /home/neil/Downloads/dudleya/Dudleya_S_genomes/full_pipeline_run/results/06_all_sample_alignment/bam/KIRT_LP_163_Du-368.organelle.sorted.bam
KIRT_LP_163_Du-368	idxstats	samtools idxstats /home/neil/Downloads/dudleya/Dudleya_S_genomes/full_pipeline_run/results/06_all_sample_alignment/bam/KIRT_LP_163_Du-368.organelle.sorted.bam
KIRT_LP_163_Du-368	depth	samtools depth -aa -q 20 -Q 0 /home/neil/Downloads/dudleya/Dudleya_S_genomes/full_pipeline_run/results/06_all_sample_alignment/bam/KIRT_LP_163_Du-368.organelle.sorted.bam
KIRT_LP_164_Du-369	align_filter_sort	bwa mem -t 16 dudleya_organelle_reference_verification/references/dudleya_cp_mt.fa genomicsDrive_data_dump/QB3.Berkeley.251217/QB3.Results.260109/KIRT/KIRT_LP_164_Du-369_S126_L005_R1_001.fastq.gz genomicsDrive_data_dump/QB3.Berkeley.251217/QB3.Results.260109/KIRT/KIRT_LP_164_Du-369_S126_L005_R2_001.fastq.gz | samtools view -@ 16 -b -F 4 -q 0 - | samtools sort -@ 16 -o /home/neil/Downloads/dudleya/Dudleya_S_genomes/full_pipeline_run/results/06_all_sample_alignment/bam/KIRT_LP_164_Du-369.organelle.sorted.tmp.bam -
KIRT_LP_164_Du-369	index	samtools index /home/neil/Downloads/dudleya/Dudleya_S_genomes/full_pipeline_run/results/06_all_sample_alignment/bam/KIRT_LP_164_Du-369.organelle.sorted.bam
KIRT_LP_164_Du-369	flagstat	samtools flagstat /home/neil/Downloads/dudleya/Dudleya_S_genomes/full_pipeline_run/results/06_all_sample_alignment/bam/KIRT_LP_164_Du-369.organelle.sorted.bam
KIRT_LP_164_Du-369	idxstats	samtools idxstats /home/neil/Downloads/dudleya/Dudleya_S_genomes/full_pipeline_run/results/06_all_sample_alignment/bam/KIRT_LP_164_Du-369.organelle.sorted.bam
KIRT_LP_164_Du-369	depth	samtools depth -aa -q 20 -Q 0 /home/neil/Downloads/dudleya/Dudleya_S_genomes/full_pipeline_run/results/06_all_sample_alignment/bam/KIRT_LP_164_Du-369.organelle.sorted.bam
KIRT_LP_165_Du-370	align_filter_sort	bwa mem -t 16 dudleya_organelle_reference_verification/references/dudleya_cp_mt.fa genomicsDrive_data_dump/QB3.Berkeley.251217/QB3.Results.260109/KIRT/KIRT_LP_165_Du-370_S136_L005_R1_001.fastq.gz genomicsDrive_data_dump/QB3.Berkeley.251217/QB3.Results.260109/KIRT/KIRT_LP_165_Du-370_S136_L005_R2_001.fastq.gz | samtools view -@ 16 -b -F 4 -q 0 - | samtools sort -@ 16 -o /home/neil/Downloads/dudleya/Dudleya_S_genomes/full_pipeline_run/results/06_all_sample_alignment/bam/KIRT_LP_165_Du-370.organelle.sorted.tmp.bam -
KIRT_LP_165_Du-370	index	samtools index /home/neil/Downloads/dudleya/Dudleya_S_genomes/full_pipeline_run/results/06_all_sample_alignment/bam/KIRT_LP_165_Du-370.organelle.sorted.bam
KIRT_LP_165_Du-370	flagstat	samtools flagstat /home/neil/Downloads/dudleya/Dudleya_S_genomes/full_pipeline_run/results/06_all_sample_alignment/bam/KIRT_LP_165_Du-370.organelle.sorted.bam
KIRT_LP_165_Du-370	idxstats	samtools idxstats /home/neil/Downloads/dudleya/Dudleya_S_genomes/full_pipeline_run/results/06_all_sample_alignment/bam/KIRT_LP_165_Du-370.organelle.sorted.bam
KIRT_LP_165_Du-370	depth	samtools depth -aa -q 20 -Q 0 /home/neil/Downloads/dudleya/Dudleya_S_genomes/full_pipeline_run/results/06_all_sample_alignment/bam/KIRT_LP_165_Du-370.organelle.sorted.bam
KIRT_LP_166_Du-371	align_filter_sort	bwa mem -t 16 dudleya_organelle_reference_verification/references/dudleya_cp_mt.fa genomicsDrive_data_dump/QB3.Berkeley.251217/QB3.Results.260109/KIRT/KIRT_LP_166_Du-371_S147_L005_R1_001.fastq.gz genomicsDrive_data_dump/QB3.Berkeley.251217/QB3.Results.260109/KIRT/KIRT_LP_166_Du-371_S147_L005_R2_001.fastq.gz | samtools view -@ 16 -b -F 4 -q 0 - | samtools sort -@ 16 -o /home/neil/Downloads/dudleya/Dudleya_S_genomes/full_pipeline_run/results/06_all_sample_alignment/bam/KIRT_LP_166_Du-371.organelle.sorted.tmp.bam -
KIRT_LP_166_Du-371	index	samtools index /home/neil/Downloads/dudleya/Dudleya_S_genomes/full_pipeline_run/results/06_all_sample_alignment/bam/KIRT_LP_166_Du-371.organelle.sorted.bam
KIRT_LP_166_Du-371	flagstat	samtools flagstat /home/neil/Downloads/dudleya/Dudleya_S_genomes/full_pipeline_run/results/06_all_sample_alignment/bam/KIRT_LP_166_Du-371.organelle.sorted.bam
KIRT_LP_166_Du-371	idxstats	samtools idxstats /home/neil/Downloads/dudleya/Dudleya_S_genomes/full_pipeline_run/results/06_all_sample_alignment/bam/KIRT_LP_166_Du-371.organelle.sorted.bam
KIRT_LP_166_Du-371	depth	samtools depth -aa -q 20 -Q 0 /home/neil/Downloads/dudleya/Dudleya_S_genomes/full_pipeline_run/results/06_all_sample_alignment/bam/KIRT_LP_166_Du-371.organelle.sorted.bam
KIRT_LP_167_Du-372	align_filter_sort	bwa mem -t 16 dudleya_organelle_reference_verification/references/dudleya_cp_mt.fa genomicsDrive_data_dump/QB3.Berkeley.251217/QB3.Results.260109/KIRT/KIRT_LP_167_Du-372_S157_L005_R1_001.fastq.gz genomicsDrive_data_dump/QB3.Berkeley.251217/QB3.Results.260109/KIRT/KIRT_LP_167_Du-372_S157_L005_R2_001.fastq.gz | samtools view -@ 16 -b -F 4 -q 0 - | samtools sort -@ 16 -o /home/neil/Downloads/dudleya/Dudleya_S_genomes/full_pipeline_run/results/06_all_sample_alignment/bam/KIRT_LP_167_Du-372.organelle.sorted.tmp.bam -
KIRT_LP_167_Du-372	index	samtools index /home/neil/Downloads/dudleya/Dudleya_S_genomes/full_pipeline_run/results/06_all_sample_alignment/bam/KIRT_LP_167_Du-372.organelle.sorted.bam
KIRT_LP_167_Du-372	flagstat	samtools flagstat /home/neil/Downloads/dudleya/Dudleya_S_genomes/full_pipeline_run/results/06_all_sample_alignment/bam/KIRT_LP_167_Du-372.organelle.sorted.bam
KIRT_LP_167_Du-372	idxstats	samtools idxstats /home/neil/Downloads/dudleya/Dudleya_S_genomes/full_pipeline_run/results/06_all_sample_alignment/bam/KIRT_LP_167_Du-372.organelle.sorted.bam
KIRT_LP_167_Du-372	depth	samtools depth -aa -q 20 -Q 0 /home/neil/Downloads/dudleya/Dudleya_S_genomes/full_pipeline_run/results/06_all_sample_alignment/bam/KIRT_LP_167_Du-372.organelle.sorted.bam
KIRT_LP_168_Du-373	align_filter_sort	bwa mem -t 16 dudleya_organelle_reference_verification/references/dudleya_cp_mt.fa genomicsDrive_data_dump/QB3.Berkeley.251217/QB3.Results.260109/KIRT/KIRT_LP_168_Du-373_S167_L005_R1_001.fastq.gz genomicsDrive_data_dump/QB3.Berkeley.251217/QB3.Results.260109/KIRT/KIRT_LP_168_Du-373_S167_L005_R2_001.fastq.gz | samtools view -@ 16 -b -F 4 -q 0 - | samtools sort -@ 16 -o /home/neil/Downloads/dudleya/Dudleya_S_genomes/full_pipeline_run/results/06_all_sample_alignment/bam/KIRT_LP_168_Du-373.organelle.sorted.tmp.bam -
KIRT_LP_168_Du-373	index	samtools index /home/neil/Downloads/dudleya/Dudleya_S_genomes/full_pipeline_run/results/06_all_sample_alignment/bam/KIRT_LP_168_Du-373.organelle.sorted.bam
KIRT_LP_168_Du-373	flagstat	samtools flagstat /home/neil/Downloads/dudleya/Dudleya_S_genomes/full_pipeline_run/results/06_all_sample_alignment/bam/KIRT_LP_168_Du-373.organelle.sorted.bam
KIRT_LP_168_Du-373	idxstats	samtools idxstats /home/neil/Downloads/dudleya/Dudleya_S_genomes/full_pipeline_run/results/06_all_sample_alignment/bam/KIRT_LP_168_Du-373.organelle.sorted.bam
KIRT_LP_168_Du-373	depth	samtools depth -aa -q 20 -Q 0 /home/neil/Downloads/dudleya/Dudleya_S_genomes/full_pipeline_run/results/06_all_sample_alignment/bam/KIRT_LP_168_Du-373.organelle.sorted.bam
MALV_LP_095_Du-201	align_filter_sort	bwa mem -t 16 dudleya_organelle_reference_verification/references/dudleya_cp_mt.fa genomicsDrive_data_dump/QB3.Berkeley.251217/QB3.Results.260109/MALV/MALV_LP_095_Du-201_S97_L005_R1_001.fastq.gz genomicsDrive_data_dump/QB3.Berkeley.251217/QB3.Results.260109/MALV/MALV_LP_095_Du-201_S97_L005_R2_001.fastq.gz | samtools view -@ 16 -b -F 4 -q 0 - | samtools sort -@ 16 -o /home/neil/Downloads/dudleya/Dudleya_S_genomes/full_pipeline_run/results/06_all_sample_alignment/bam/MALV_LP_095_Du-201.organelle.sorted.tmp.bam -
MALV_LP_095_Du-201	index	samtools index /home/neil/Downloads/dudleya/Dudleya_S_genomes/full_pipeline_run/results/06_all_sample_alignment/bam/MALV_LP_095_Du-201.organelle.sorted.bam
MALV_LP_095_Du-201	flagstat	samtools flagstat /home/neil/Downloads/dudleya/Dudleya_S_genomes/full_pipeline_run/results/06_all_sample_alignment/bam/MALV_LP_095_Du-201.organelle.sorted.bam
MALV_LP_095_Du-201	idxstats	samtools idxstats /home/neil/Downloads/dudleya/Dudleya_S_genomes/full_pipeline_run/results/06_all_sample_alignment/bam/MALV_LP_095_Du-201.organelle.sorted.bam
MALV_LP_095_Du-201	depth	samtools depth -aa -q 20 -Q 0 /home/neil/Downloads/dudleya/Dudleya_S_genomes/full_pipeline_run/results/06_all_sample_alignment/bam/MALV_LP_095_Du-201.organelle.sorted.bam
MALV_LP_096_Du-202	align_filter_sort	bwa mem -t 16 dudleya_organelle_reference_verification/references/dudleya_cp_mt.fa genomicsDrive_data_dump/QB3.Berkeley.251217/QB3.Results.260109/MALV/MALV_LP_096_Du-202_S107_L005_R1_001.fastq.gz genomicsDrive_data_dump/QB3.Berkeley.251217/QB3.Results.260109/MALV/MALV_LP_096_Du-202_S107_L005_R2_001.fastq.gz | samtools view -@ 16 -b -F 4 -q 0 - | samtools sort -@ 16 -o /home/neil/Downloads/dudleya/Dudleya_S_genomes/full_pipeline_run/results/06_all_sample_alignment/bam/MALV_LP_096_Du-202.organelle.sorted.tmp.bam -
MALV_LP_096_Du-202	index	samtools index /home/neil/Downloads/dudleya/Dudleya_S_genomes/full_pipeline_run/results/06_all_sample_alignment/bam/MALV_LP_096_Du-202.organelle.sorted.bam
MALV_LP_096_Du-202	flagstat	samtools flagstat /home/neil/Downloads/dudleya/Dudleya_S_genomes/full_pipeline_run/results/06_all_sample_alignment/bam/MALV_LP_096_Du-202.organelle.sorted.bam
MALV_LP_096_Du-202	idxstats	samtools idxstats /home/neil/Downloads/dudleya/Dudleya_S_genomes/full_pipeline_run/results/06_all_sample_alignment/bam/MALV_LP_096_Du-202.organelle.sorted.bam
MALV_LP_096_Du-202	depth	samtools depth -aa -q 20 -Q 0 /home/neil/Downloads/dudleya/Dudleya_S_genomes/full_pipeline_run/results/06_all_sample_alignment/bam/MALV_LP_096_Du-202.organelle.sorted.bam
MALV_LP_097_Du-203	align_filter_sort	bwa mem -t 16 dudleya_organelle_reference_verification/references/dudleya_cp_mt.fa genomicsDrive_data_dump/QB3.Berkeley.251217/QB3.Results.260109/MALV/MALV_LP_097_Du-203_S36_L005_R1_001.fastq.gz genomicsDrive_data_dump/QB3.Berkeley.251217/QB3.Results.260109/MALV/MALV_LP_097_Du-203_S36_L005_R2_001.fastq.gz | samtools view -@ 16 -b -F 4 -q 0 - | samtools sort -@ 16 -o /home/neil/Downloads/dudleya/Dudleya_S_genomes/full_pipeline_run/results/06_all_sample_alignment/bam/MALV_LP_097_Du-203.organelle.sorted.tmp.bam -
MALV_LP_097_Du-203	index	samtools index /home/neil/Downloads/dudleya/Dudleya_S_genomes/full_pipeline_run/results/06_all_sample_alignment/bam/MALV_LP_097_Du-203.organelle.sorted.bam
MALV_LP_097_Du-203	flagstat	samtools flagstat /home/neil/Downloads/dudleya/Dudleya_S_genomes/full_pipeline_run/results/06_all_sample_alignment/bam/MALV_LP_097_Du-203.organelle.sorted.bam
MALV_LP_097_Du-203	idxstats	samtools idxstats /home/neil/Downloads/dudleya/Dudleya_S_genomes/full_pipeline_run/results/06_all_sample_alignment/bam/MALV_LP_097_Du-203.organelle.sorted.bam
MALV_LP_097_Du-203	depth	samtools depth -aa -q 20 -Q 0 /home/neil/Downloads/dudleya/Dudleya_S_genomes/full_pipeline_run/results/06_all_sample_alignment/bam/MALV_LP_097_Du-203.organelle.sorted.bam
MALV_LP_098_Du-204	align_filter_sort	bwa mem -t 16 dudleya_organelle_reference_verification/references/dudleya_cp_mt.fa genomicsDrive_data_dump/QB3.Berkeley.251217/QB3.Results.260109/MALV/MALV_LP_098_Du-204_S46_L005_R1_001.fastq.gz genomicsDrive_data_dump/QB3.Berkeley.251217/QB3.Results.260109/MALV/MALV_LP_098_Du-204_S46_L005_R2_001.fastq.gz | samtools view -@ 16 -b -F 4 -q 0 - | samtools sort -@ 16 -o /home/neil/Downloads/dudleya/Dudleya_S_genomes/full_pipeline_run/results/06_all_sample_alignment/bam/MALV_LP_098_Du-204.organelle.sorted.tmp.bam -
MALV_LP_098_Du-204	index	samtools index /home/neil/Downloads/dudleya/Dudleya_S_genomes/full_pipeline_run/results/06_all_sample_alignment/bam/MALV_LP_098_Du-204.organelle.sorted.bam
MALV_LP_098_Du-204	flagstat	samtools flagstat /home/neil/Downloads/dudleya/Dudleya_S_genomes/full_pipeline_run/results/06_all_sample_alignment/bam/MALV_LP_098_Du-204.organelle.sorted.bam
MALV_LP_098_Du-204	idxstats	samtools idxstats /home/neil/Downloads/dudleya/Dudleya_S_genomes/full_pipeline_run/results/06_all_sample_alignment/bam/MALV_LP_098_Du-204.organelle.sorted.bam
MALV_LP_098_Du-204	depth	samtools depth -aa -q 20 -Q 0 /home/neil/Downloads/dudleya/Dudleya_S_genomes/full_pipeline_run/results/06_all_sample_alignment/bam/MALV_LP_098_Du-204.organelle.sorted.bam
MALV_LP_099_Du-205	align_filter_sort	bwa mem -t 16 dudleya_organelle_reference_verification/references/dudleya_cp_mt.fa genomicsDrive_data_dump/QB3.Berkeley.251217/QB3.Results.260109/MALV/MALV_LP_099_Du-205_S57_L005_R1_001.fastq.gz genomicsDrive_data_dump/QB3.Berkeley.251217/QB3.Results.260109/MALV/MALV_LP_099_Du-205_S57_L005_R2_001.fastq.gz | samtools view -@ 16 -b -F 4 -q 0 - | samtools sort -@ 16 -o /home/neil/Downloads/dudleya/Dudleya_S_genomes/full_pipeline_run/results/06_all_sample_alignment/bam/MALV_LP_099_Du-205.organelle.sorted.tmp.bam -
MALV_LP_099_Du-205	index	samtools index /home/neil/Downloads/dudleya/Dudleya_S_genomes/full_pipeline_run/results/06_all_sample_alignment/bam/MALV_LP_099_Du-205.organelle.sorted.bam
MALV_LP_099_Du-205	flagstat	samtools flagstat /home/neil/Downloads/dudleya/Dudleya_S_genomes/full_pipeline_run/results/06_all_sample_alignment/bam/MALV_LP_099_Du-205.organelle.sorted.bam
MALV_LP_099_Du-205	idxstats	samtools idxstats /home/neil/Downloads/dudleya/Dudleya_S_genomes/full_pipeline_run/results/06_all_sample_alignment/bam/MALV_LP_099_Du-205.organelle.sorted.bam
MALV_LP_099_Du-205	depth	samtools depth -aa -q 20 -Q 0 /home/neil/Downloads/dudleya/Dudleya_S_genomes/full_pipeline_run/results/06_all_sample_alignment/bam/MALV_LP_099_Du-205.organelle.sorted.bam
MALV_LP_100_Du-206	align_filter_sort	bwa mem -t 16 dudleya_organelle_reference_verification/references/dudleya_cp_mt.fa genomicsDrive_data_dump/QB3.Berkeley.251217/QB3.Results.260109/MALV/MALV_LP_100_Du-206_S67_L005_R1_001.fastq.gz genomicsDrive_data_dump/QB3.Berkeley.251217/QB3.Results.260109/MALV/MALV_LP_100_Du-206_S67_L005_R2_001.fastq.gz | samtools view -@ 16 -b -F 4 -q 0 - | samtools sort -@ 16 -o /home/neil/Downloads/dudleya/Dudleya_S_genomes/full_pipeline_run/results/06_all_sample_alignment/bam/MALV_LP_100_Du-206.organelle.sorted.tmp.bam -
MALV_LP_100_Du-206	index	samtools index /home/neil/Downloads/dudleya/Dudleya_S_genomes/full_pipeline_run/results/06_all_sample_alignment/bam/MALV_LP_100_Du-206.organelle.sorted.bam
MALV_LP_100_Du-206	flagstat	samtools flagstat /home/neil/Downloads/dudleya/Dudleya_S_genomes/full_pipeline_run/results/06_all_sample_alignment/bam/MALV_LP_100_Du-206.organelle.sorted.bam
MALV_LP_100_Du-206	idxstats	samtools idxstats /home/neil/Downloads/dudleya/Dudleya_S_genomes/full_pipeline_run/results/06_all_sample_alignment/bam/MALV_LP_100_Du-206.organelle.sorted.bam
MALV_LP_100_Du-206	depth	samtools depth -aa -q 20 -Q 0 /home/neil/Downloads/dudleya/Dudleya_S_genomes/full_pipeline_run/results/06_all_sample_alignment/bam/MALV_LP_100_Du-206.organelle.sorted.bam
MALV_LP_101_Du-207	align_filter_sort	bwa mem -t 16 dudleya_organelle_reference_verification/references/dudleya_cp_mt.fa genomicsDrive_data_dump/QB3.Berkeley.251217/QB3.Results.260109/MALV/MALV_LP_101_Du-207_S78_L005_R1_001.fastq.gz genomicsDrive_data_dump/QB3.Berkeley.251217/QB3.Results.260109/MALV/MALV_LP_101_Du-207_S78_L005_R2_001.fastq.gz | samtools view -@ 16 -b -F 4 -q 0 - | samtools sort -@ 16 -o /home/neil/Downloads/dudleya/Dudleya_S_genomes/full_pipeline_run/results/06_all_sample_alignment/bam/MALV_LP_101_Du-207.organelle.sorted.tmp.bam -
MALV_LP_101_Du-207	index	samtools index /home/neil/Downloads/dudleya/Dudleya_S_genomes/full_pipeline_run/results/06_all_sample_alignment/bam/MALV_LP_101_Du-207.organelle.sorted.bam
MALV_LP_101_Du-207	flagstat	samtools flagstat /home/neil/Downloads/dudleya/Dudleya_S_genomes/full_pipeline_run/results/06_all_sample_alignment/bam/MALV_LP_101_Du-207.organelle.sorted.bam
MALV_LP_101_Du-207	idxstats	samtools idxstats /home/neil/Downloads/dudleya/Dudleya_S_genomes/full_pipeline_run/results/06_all_sample_alignment/bam/MALV_LP_101_Du-207.organelle.sorted.bam
MALV_LP_101_Du-207	depth	samtools depth -aa -q 20 -Q 0 /home/neil/Downloads/dudleya/Dudleya_S_genomes/full_pipeline_run/results/06_all_sample_alignment/bam/MALV_LP_101_Du-207.organelle.sorted.bam
MALV_LP_102_Du-208	align_filter_sort	bwa mem -t 16 dudleya_organelle_reference_verification/references/dudleya_cp_mt.fa genomicsDrive_data_dump/QB3.Berkeley.251217/QB3.Results.260109/MALV/MALV_LP_102_Du-208_S88_L005_R1_001.fastq.gz genomicsDrive_data_dump/QB3.Berkeley.251217/QB3.Results.260109/MALV/MALV_LP_102_Du-208_S88_L005_R2_001.fastq.gz | samtools view -@ 16 -b -F 4 -q 0 - | samtools sort -@ 16 -o /home/neil/Downloads/dudleya/Dudleya_S_genomes/full_pipeline_run/results/06_all_sample_alignment/bam/MALV_LP_102_Du-208.organelle.sorted.tmp.bam -
MALV_LP_102_Du-208	index	samtools index /home/neil/Downloads/dudleya/Dudleya_S_genomes/full_pipeline_run/results/06_all_sample_alignment/bam/MALV_LP_102_Du-208.organelle.sorted.bam
MALV_LP_102_Du-208	flagstat	samtools flagstat /home/neil/Downloads/dudleya/Dudleya_S_genomes/full_pipeline_run/results/06_all_sample_alignment/bam/MALV_LP_102_Du-208.organelle.sorted.bam
MALV_LP_102_Du-208	idxstats	samtools idxstats /home/neil/Downloads/dudleya/Dudleya_S_genomes/full_pipeline_run/results/06_all_sample_alignment/bam/MALV_LP_102_Du-208.organelle.sorted.bam
MALV_LP_102_Du-208	depth	samtools depth -aa -q 20 -Q 0 /home/neil/Downloads/dudleya/Dudleya_S_genomes/full_pipeline_run/results/06_all_sample_alignment/bam/MALV_LP_102_Du-208.organelle.sorted.bam
MALV_LP_103_Du-209	align_filter_sort	bwa mem -t 16 dudleya_organelle_reference_verification/references/dudleya_cp_mt.fa genomicsDrive_data_dump/QB3.Berkeley.251217/QB3.Results.260109/MALV/MALV_LP_103_Du-209_S98_L005_R1_001.fastq.gz genomicsDrive_data_dump/QB3.Berkeley.251217/QB3.Results.260109/MALV/MALV_LP_103_Du-209_S98_L005_R2_001.fastq.gz | samtools view -@ 16 -b -F 4 -q 0 - | samtools sort -@ 16 -o /home/neil/Downloads/dudleya/Dudleya_S_genomes/full_pipeline_run/results/06_all_sample_alignment/bam/MALV_LP_103_Du-209.organelle.sorted.tmp.bam -
MALV_LP_103_Du-209	index	samtools index /home/neil/Downloads/dudleya/Dudleya_S_genomes/full_pipeline_run/results/06_all_sample_alignment/bam/MALV_LP_103_Du-209.organelle.sorted.bam
MALV_LP_103_Du-209	flagstat	samtools flagstat /home/neil/Downloads/dudleya/Dudleya_S_genomes/full_pipeline_run/results/06_all_sample_alignment/bam/MALV_LP_103_Du-209.organelle.sorted.bam
MALV_LP_103_Du-209	idxstats	samtools idxstats /home/neil/Downloads/dudleya/Dudleya_S_genomes/full_pipeline_run/results/06_all_sample_alignment/bam/MALV_LP_103_Du-209.organelle.sorted.bam
MALV_LP_103_Du-209	depth	samtools depth -aa -q 20 -Q 0 /home/neil/Downloads/dudleya/Dudleya_S_genomes/full_pipeline_run/results/06_all_sample_alignment/bam/MALV_LP_103_Du-209.organelle.sorted.bam
MALV_LP_104_Du-210	align_filter_sort	bwa mem -t 16 dudleya_organelle_reference_verification/references/dudleya_cp_mt.fa genomicsDrive_data_dump/QB3.Berkeley.251217/QB3.Results.260109/MALV/MALV_LP_104_Du-210_S108_L005_R1_001.fastq.gz genomicsDrive_data_dump/QB3.Berkeley.251217/QB3.Results.260109/MALV/MALV_LP_104_Du-210_S108_L005_R2_001.fastq.gz | samtools view -@ 16 -b -F 4 -q 0 - | samtools sort -@ 16 -o /home/neil/Downloads/dudleya/Dudleya_S_genomes/full_pipeline_run/results/06_all_sample_alignment/bam/MALV_LP_104_Du-210.organelle.sorted.tmp.bam -
MALV_LP_104_Du-210	index	samtools index /home/neil/Downloads/dudleya/Dudleya_S_genomes/full_pipeline_run/results/06_all_sample_alignment/bam/MALV_LP_104_Du-210.organelle.sorted.bam
MALV_LP_104_Du-210	flagstat	samtools flagstat /home/neil/Downloads/dudleya/Dudleya_S_genomes/full_pipeline_run/results/06_all_sample_alignment/bam/MALV_LP_104_Du-210.organelle.sorted.bam
MALV_LP_104_Du-210	idxstats	samtools idxstats /home/neil/Downloads/dudleya/Dudleya_S_genomes/full_pipeline_run/results/06_all_sample_alignment/bam/MALV_LP_104_Du-210.organelle.sorted.bam
MALV_LP_104_Du-210	depth	samtools depth -aa -q 20 -Q 0 /home/neil/Downloads/dudleya/Dudleya_S_genomes/full_pipeline_run/results/06_all_sample_alignment/bam/MALV_LP_104_Du-210.organelle.sorted.bam
OCO_LP_058_Du-115	align_filter_sort	bwa mem -t 16 dudleya_organelle_reference_verification/references/dudleya_cp_mt.fa genomicsDrive_data_dump/QB3.Berkeley.251217/QB3.Results.260109/OCO/OCO_LP_058_Du-115_S41_L005_R1_001.fastq.gz genomicsDrive_data_dump/QB3.Berkeley.251217/QB3.Results.260109/OCO/OCO_LP_058_Du-115_S41_L005_R2_001.fastq.gz | samtools view -@ 16 -b -F 4 -q 0 - | samtools sort -@ 16 -o /home/neil/Downloads/dudleya/Dudleya_S_genomes/full_pipeline_run/results/06_all_sample_alignment/bam/OCO_LP_058_Du-115.organelle.sorted.tmp.bam -
OCO_LP_058_Du-115	index	samtools index /home/neil/Downloads/dudleya/Dudleya_S_genomes/full_pipeline_run/results/06_all_sample_alignment/bam/OCO_LP_058_Du-115.organelle.sorted.bam
OCO_LP_058_Du-115	flagstat	samtools flagstat /home/neil/Downloads/dudleya/Dudleya_S_genomes/full_pipeline_run/results/06_all_sample_alignment/bam/OCO_LP_058_Du-115.organelle.sorted.bam
OCO_LP_058_Du-115	idxstats	samtools idxstats /home/neil/Downloads/dudleya/Dudleya_S_genomes/full_pipeline_run/results/06_all_sample_alignment/bam/OCO_LP_058_Du-115.organelle.sorted.bam
OCO_LP_058_Du-115	depth	samtools depth -aa -q 20 -Q 0 /home/neil/Downloads/dudleya/Dudleya_S_genomes/full_pipeline_run/results/06_all_sample_alignment/bam/OCO_LP_058_Du-115.organelle.sorted.bam
OCO_LP_059_Du-106	align_filter_sort	bwa mem -t 16 dudleya_organelle_reference_verification/references/dudleya_cp_mt.fa genomicsDrive_data_dump/QB3.Berkeley.251217/QB3.Results.260109/OCO/OCO_LP_059_Du-106_S52_L005_R1_001.fastq.gz genomicsDrive_data_dump/QB3.Berkeley.251217/QB3.Results.260109/OCO/OCO_LP_059_Du-106_S52_L005_R2_001.fastq.gz | samtools view -@ 16 -b -F 4 -q 0 - | samtools sort -@ 16 -o /home/neil/Downloads/dudleya/Dudleya_S_genomes/full_pipeline_run/results/06_all_sample_alignment/bam/OCO_LP_059_Du-106.organelle.sorted.tmp.bam -
OCO_LP_059_Du-106	index	samtools index /home/neil/Downloads/dudleya/Dudleya_S_genomes/full_pipeline_run/results/06_all_sample_alignment/bam/OCO_LP_059_Du-106.organelle.sorted.bam
OCO_LP_059_Du-106	flagstat	samtools flagstat /home/neil/Downloads/dudleya/Dudleya_S_genomes/full_pipeline_run/results/06_all_sample_alignment/bam/OCO_LP_059_Du-106.organelle.sorted.bam
OCO_LP_059_Du-106	idxstats	samtools idxstats /home/neil/Downloads/dudleya/Dudleya_S_genomes/full_pipeline_run/results/06_all_sample_alignment/bam/OCO_LP_059_Du-106.organelle.sorted.bam
OCO_LP_059_Du-106	depth	samtools depth -aa -q 20 -Q 0 /home/neil/Downloads/dudleya/Dudleya_S_genomes/full_pipeline_run/results/06_all_sample_alignment/bam/OCO_LP_059_Du-106.organelle.sorted.bam
OCO_LP_060_Du-107	align_filter_sort	bwa mem -t 16 dudleya_organelle_reference_verification/references/dudleya_cp_mt.fa genomicsDrive_data_dump/QB3.Berkeley.251217/QB3.Results.260109/OCO/OCO_LP_060_Du-107_S63_L005_R1_001.fastq.gz genomicsDrive_data_dump/QB3.Berkeley.251217/QB3.Results.260109/OCO/OCO_LP_060_Du-107_S63_L005_R2_001.fastq.gz | samtools view -@ 16 -b -F 4 -q 0 - | samtools sort -@ 16 -o /home/neil/Downloads/dudleya/Dudleya_S_genomes/full_pipeline_run/results/06_all_sample_alignment/bam/OCO_LP_060_Du-107.organelle.sorted.tmp.bam -
OCO_LP_060_Du-107	index	samtools index /home/neil/Downloads/dudleya/Dudleya_S_genomes/full_pipeline_run/results/06_all_sample_alignment/bam/OCO_LP_060_Du-107.organelle.sorted.bam
OCO_LP_060_Du-107	flagstat	samtools flagstat /home/neil/Downloads/dudleya/Dudleya_S_genomes/full_pipeline_run/results/06_all_sample_alignment/bam/OCO_LP_060_Du-107.organelle.sorted.bam
OCO_LP_060_Du-107	idxstats	samtools idxstats /home/neil/Downloads/dudleya/Dudleya_S_genomes/full_pipeline_run/results/06_all_sample_alignment/bam/OCO_LP_060_Du-107.organelle.sorted.bam
OCO_LP_060_Du-107	depth	samtools depth -aa -q 20 -Q 0 /home/neil/Downloads/dudleya/Dudleya_S_genomes/full_pipeline_run/results/06_all_sample_alignment/bam/OCO_LP_060_Du-107.organelle.sorted.bam
OCO_LP_061_Du-108	align_filter_sort	bwa mem -t 16 dudleya_organelle_reference_verification/references/dudleya_cp_mt.fa genomicsDrive_data_dump/QB3.Berkeley.251217/QB3.Results.260109/OCO/OCO_LP_061_Du-108_S73_L005_R1_001.fastq.gz genomicsDrive_data_dump/QB3.Berkeley.251217/QB3.Results.260109/OCO/OCO_LP_061_Du-108_S73_L005_R2_001.fastq.gz | samtools view -@ 16 -b -F 4 -q 0 - | samtools sort -@ 16 -o /home/neil/Downloads/dudleya/Dudleya_S_genomes/full_pipeline_run/results/06_all_sample_alignment/bam/OCO_LP_061_Du-108.organelle.sorted.tmp.bam -
OCO_LP_061_Du-108	index	samtools index /home/neil/Downloads/dudleya/Dudleya_S_genomes/full_pipeline_run/results/06_all_sample_alignment/bam/OCO_LP_061_Du-108.organelle.sorted.bam
OCO_LP_061_Du-108	flagstat	samtools flagstat /home/neil/Downloads/dudleya/Dudleya_S_genomes/full_pipeline_run/results/06_all_sample_alignment/bam/OCO_LP_061_Du-108.organelle.sorted.bam
OCO_LP_061_Du-108	idxstats	samtools idxstats /home/neil/Downloads/dudleya/Dudleya_S_genomes/full_pipeline_run/results/06_all_sample_alignment/bam/OCO_LP_061_Du-108.organelle.sorted.bam
OCO_LP_061_Du-108	depth	samtools depth -aa -q 20 -Q 0 /home/neil/Downloads/dudleya/Dudleya_S_genomes/full_pipeline_run/results/06_all_sample_alignment/bam/OCO_LP_061_Du-108.organelle.sorted.bam
OCO_LP_062_Du-109	align_filter_sort	bwa mem -t 16 dudleya_organelle_reference_verification/references/dudleya_cp_mt.fa genomicsDrive_data_dump/QB3.Berkeley.251217/QB3.Results.260109/OCO/OCO_LP_062_Du-109_S83_L005_R1_001.fastq.gz genomicsDrive_data_dump/QB3.Berkeley.251217/QB3.Results.260109/OCO/OCO_LP_062_Du-109_S83_L005_R2_001.fastq.gz | samtools view -@ 16 -b -F 4 -q 0 - | samtools sort -@ 16 -o /home/neil/Downloads/dudleya/Dudleya_S_genomes/full_pipeline_run/results/06_all_sample_alignment/bam/OCO_LP_062_Du-109.organelle.sorted.tmp.bam -
OCO_LP_062_Du-109	index	samtools index /home/neil/Downloads/dudleya/Dudleya_S_genomes/full_pipeline_run/results/06_all_sample_alignment/bam/OCO_LP_062_Du-109.organelle.sorted.bam
OCO_LP_062_Du-109	flagstat	samtools flagstat /home/neil/Downloads/dudleya/Dudleya_S_genomes/full_pipeline_run/results/06_all_sample_alignment/bam/OCO_LP_062_Du-109.organelle.sorted.bam
OCO_LP_062_Du-109	idxstats	samtools idxstats /home/neil/Downloads/dudleya/Dudleya_S_genomes/full_pipeline_run/results/06_all_sample_alignment/bam/OCO_LP_062_Du-109.organelle.sorted.bam
OCO_LP_062_Du-109	depth	samtools depth -aa -q 20 -Q 0 /home/neil/Downloads/dudleya/Dudleya_S_genomes/full_pipeline_run/results/06_all_sample_alignment/bam/OCO_LP_062_Du-109.organelle.sorted.bam
OCO_LP_063_Du-110	align_filter_sort	bwa mem -t 16 dudleya_organelle_reference_verification/references/dudleya_cp_mt.fa genomicsDrive_data_dump/QB3.Berkeley.251217/QB3.Results.260109/OCO/OCO_LP_063_Du-110_S93_L005_R1_001.fastq.gz genomicsDrive_data_dump/QB3.Berkeley.251217/QB3.Results.260109/OCO/OCO_LP_063_Du-110_S93_L005_R2_001.fastq.gz | samtools view -@ 16 -b -F 4 -q 0 - | samtools sort -@ 16 -o /home/neil/Downloads/dudleya/Dudleya_S_genomes/full_pipeline_run/results/06_all_sample_alignment/bam/OCO_LP_063_Du-110.organelle.sorted.tmp.bam -
OCO_LP_063_Du-110	index	samtools index /home/neil/Downloads/dudleya/Dudleya_S_genomes/full_pipeline_run/results/06_all_sample_alignment/bam/OCO_LP_063_Du-110.organelle.sorted.bam
OCO_LP_063_Du-110	flagstat	samtools flagstat /home/neil/Downloads/dudleya/Dudleya_S_genomes/full_pipeline_run/results/06_all_sample_alignment/bam/OCO_LP_063_Du-110.organelle.sorted.bam
OCO_LP_063_Du-110	idxstats	samtools idxstats /home/neil/Downloads/dudleya/Dudleya_S_genomes/full_pipeline_run/results/06_all_sample_alignment/bam/OCO_LP_063_Du-110.organelle.sorted.bam
OCO_LP_063_Du-110	depth	samtools depth -aa -q 20 -Q 0 /home/neil/Downloads/dudleya/Dudleya_S_genomes/full_pipeline_run/results/06_all_sample_alignment/bam/OCO_LP_063_Du-110.organelle.sorted.bam
OCO_LP_064_Du-111	align_filter_sort	bwa mem -t 16 dudleya_organelle_reference_verification/references/dudleya_cp_mt.fa genomicsDrive_data_dump/QB3.Berkeley.251217/QB3.Results.260109/OCO/OCO_LP_064_Du-111_S103_L005_R1_001.fastq.gz genomicsDrive_data_dump/QB3.Berkeley.251217/QB3.Results.260109/OCO/OCO_LP_064_Du-111_S103_L005_R2_001.fastq.gz | samtools view -@ 16 -b -F 4 -q 0 - | samtools sort -@ 16 -o /home/neil/Downloads/dudleya/Dudleya_S_genomes/full_pipeline_run/results/06_all_sample_alignment/bam/OCO_LP_064_Du-111.organelle.sorted.tmp.bam -
OCO_LP_064_Du-111	index	samtools index /home/neil/Downloads/dudleya/Dudleya_S_genomes/full_pipeline_run/results/06_all_sample_alignment/bam/OCO_LP_064_Du-111.organelle.sorted.bam
OCO_LP_064_Du-111	flagstat	samtools flagstat /home/neil/Downloads/dudleya/Dudleya_S_genomes/full_pipeline_run/results/06_all_sample_alignment/bam/OCO_LP_064_Du-111.organelle.sorted.bam
OCO_LP_064_Du-111	idxstats	samtools idxstats /home/neil/Downloads/dudleya/Dudleya_S_genomes/full_pipeline_run/results/06_all_sample_alignment/bam/OCO_LP_064_Du-111.organelle.sorted.bam
OCO_LP_064_Du-111	depth	samtools depth -aa -q 20 -Q 0 /home/neil/Downloads/dudleya/Dudleya_S_genomes/full_pipeline_run/results/06_all_sample_alignment/bam/OCO_LP_064_Du-111.organelle.sorted.bam
OCO_LP_065_Du-112	align_filter_sort	bwa mem -t 16 dudleya_organelle_reference_verification/references/dudleya_cp_mt.fa genomicsDrive_data_dump/QB3.Berkeley.251217/QB3.Results.260109/OCO/OCO_LP_065_Du-112_S32_L005_R1_001.fastq.gz genomicsDrive_data_dump/QB3.Berkeley.251217/QB3.Results.260109/OCO/OCO_LP_065_Du-112_S32_L005_R2_001.fastq.gz | samtools view -@ 16 -b -F 4 -q 0 - | samtools sort -@ 16 -o /home/neil/Downloads/dudleya/Dudleya_S_genomes/full_pipeline_run/results/06_all_sample_alignment/bam/OCO_LP_065_Du-112.organelle.sorted.tmp.bam -
OCO_LP_065_Du-112	index	samtools index /home/neil/Downloads/dudleya/Dudleya_S_genomes/full_pipeline_run/results/06_all_sample_alignment/bam/OCO_LP_065_Du-112.organelle.sorted.bam
OCO_LP_065_Du-112	flagstat	samtools flagstat /home/neil/Downloads/dudleya/Dudleya_S_genomes/full_pipeline_run/results/06_all_sample_alignment/bam/OCO_LP_065_Du-112.organelle.sorted.bam
OCO_LP_065_Du-112	idxstats	samtools idxstats /home/neil/Downloads/dudleya/Dudleya_S_genomes/full_pipeline_run/results/06_all_sample_alignment/bam/OCO_LP_065_Du-112.organelle.sorted.bam
OCO_LP_065_Du-112	depth	samtools depth -aa -q 20 -Q 0 /home/neil/Downloads/dudleya/Dudleya_S_genomes/full_pipeline_run/results/06_all_sample_alignment/bam/OCO_LP_065_Du-112.organelle.sorted.bam
OCO_LP_066_Du-113	align_filter_sort	bwa mem -t 16 dudleya_organelle_reference_verification/references/dudleya_cp_mt.fa genomicsDrive_data_dump/QB3.Berkeley.251217/QB3.Results.260109/OCO/OCO_LP_066_Du-113_S42_L005_R1_001.fastq.gz genomicsDrive_data_dump/QB3.Berkeley.251217/QB3.Results.260109/OCO/OCO_LP_066_Du-113_S42_L005_R2_001.fastq.gz | samtools view -@ 16 -b -F 4 -q 0 - | samtools sort -@ 16 -o /home/neil/Downloads/dudleya/Dudleya_S_genomes/full_pipeline_run/results/06_all_sample_alignment/bam/OCO_LP_066_Du-113.organelle.sorted.tmp.bam -
OCO_LP_066_Du-113	index	samtools index /home/neil/Downloads/dudleya/Dudleya_S_genomes/full_pipeline_run/results/06_all_sample_alignment/bam/OCO_LP_066_Du-113.organelle.sorted.bam
OCO_LP_066_Du-113	flagstat	samtools flagstat /home/neil/Downloads/dudleya/Dudleya_S_genomes/full_pipeline_run/results/06_all_sample_alignment/bam/OCO_LP_066_Du-113.organelle.sorted.bam
OCO_LP_066_Du-113	idxstats	samtools idxstats /home/neil/Downloads/dudleya/Dudleya_S_genomes/full_pipeline_run/results/06_all_sample_alignment/bam/OCO_LP_066_Du-113.organelle.sorted.bam
OCO_LP_066_Du-113	depth	samtools depth -aa -q 20 -Q 0 /home/neil/Downloads/dudleya/Dudleya_S_genomes/full_pipeline_run/results/06_all_sample_alignment/bam/OCO_LP_066_Du-113.organelle.sorted.bam
OCO_LP_067_Du-114	align_filter_sort	bwa mem -t 16 dudleya_organelle_reference_verification/references/dudleya_cp_mt.fa genomicsDrive_data_dump/QB3.Berkeley.251217/QB3.Results.260109/OCO/OCO_LP_067_Du-114_S53_L005_R1_001.fastq.gz genomicsDrive_data_dump/QB3.Berkeley.251217/QB3.Results.260109/OCO/OCO_LP_067_Du-114_S53_L005_R2_001.fastq.gz | samtools view -@ 16 -b -F 4 -q 0 - | samtools sort -@ 16 -o /home/neil/Downloads/dudleya/Dudleya_S_genomes/full_pipeline_run/results/06_all_sample_alignment/bam/OCO_LP_067_Du-114.organelle.sorted.tmp.bam -
OCO_LP_067_Du-114	index	samtools index /home/neil/Downloads/dudleya/Dudleya_S_genomes/full_pipeline_run/results/06_all_sample_alignment/bam/OCO_LP_067_Du-114.organelle.sorted.bam
OCO_LP_067_Du-114	flagstat	samtools flagstat /home/neil/Downloads/dudleya/Dudleya_S_genomes/full_pipeline_run/results/06_all_sample_alignment/bam/OCO_LP_067_Du-114.organelle.sorted.bam
OCO_LP_067_Du-114	idxstats	samtools idxstats /home/neil/Downloads/dudleya/Dudleya_S_genomes/full_pipeline_run/results/06_all_sample_alignment/bam/OCO_LP_067_Du-114.organelle.sorted.bam
OCO_LP_067_Du-114	depth	samtools depth -aa -q 20 -Q 0 /home/neil/Downloads/dudleya/Dudleya_S_genomes/full_pipeline_run/results/06_all_sample_alignment/bam/OCO_LP_067_Du-114.organelle.sorted.bam
QUI1_LP_249_Du-648	align_filter_sort	bwa mem -t 16 dudleya_organelle_reference_verification/references/dudleya_cp_mt.fa genomicsDrive_data_dump/QB3.Berkeley.251217/QB3.Results.260109/QUI1/QUI1_LP_249_Du-648_S274_L005_R1_001.fastq.gz genomicsDrive_data_dump/QB3.Berkeley.251217/QB3.Results.260109/QUI1/QUI1_LP_249_Du-648_S274_L005_R2_001.fastq.gz | samtools view -@ 16 -b -F 4 -q 0 - | samtools sort -@ 16 -o /home/neil/Downloads/dudleya/Dudleya_S_genomes/full_pipeline_run/results/06_all_sample_alignment/bam/QUI1_LP_249_Du-648.organelle.sorted.tmp.bam -
QUI1_LP_249_Du-648	index	samtools index /home/neil/Downloads/dudleya/Dudleya_S_genomes/full_pipeline_run/results/06_all_sample_alignment/bam/QUI1_LP_249_Du-648.organelle.sorted.bam
QUI1_LP_249_Du-648	flagstat	samtools flagstat /home/neil/Downloads/dudleya/Dudleya_S_genomes/full_pipeline_run/results/06_all_sample_alignment/bam/QUI1_LP_249_Du-648.organelle.sorted.bam
QUI1_LP_249_Du-648	idxstats	samtools idxstats /home/neil/Downloads/dudleya/Dudleya_S_genomes/full_pipeline_run/results/06_all_sample_alignment/bam/QUI1_LP_249_Du-648.organelle.sorted.bam
QUI1_LP_249_Du-648	depth	samtools depth -aa -q 20 -Q 0 /home/neil/Downloads/dudleya/Dudleya_S_genomes/full_pipeline_run/results/06_all_sample_alignment/bam/QUI1_LP_249_Du-648.organelle.sorted.bam
QUI1_LP_250_Du-649	align_filter_sort	bwa mem -t 16 dudleya_organelle_reference_verification/references/dudleya_cp_mt.fa genomicsDrive_data_dump/QB3.Berkeley.251217/QB3.Results.260109/QUI1/QUI1_LP_250_Du-649_S283_L005_R1_001.fastq.gz genomicsDrive_data_dump/QB3.Berkeley.251217/QB3.Results.260109/QUI1/QUI1_LP_250_Du-649_S283_L005_R2_001.fastq.gz | samtools view -@ 16 -b -F 4 -q 0 - | samtools sort -@ 16 -o /home/neil/Downloads/dudleya/Dudleya_S_genomes/full_pipeline_run/results/06_all_sample_alignment/bam/QUI1_LP_250_Du-649.organelle.sorted.tmp.bam -
QUI1_LP_250_Du-649	index	samtools index /home/neil/Downloads/dudleya/Dudleya_S_genomes/full_pipeline_run/results/06_all_sample_alignment/bam/QUI1_LP_250_Du-649.organelle.sorted.bam
QUI1_LP_250_Du-649	flagstat	samtools flagstat /home/neil/Downloads/dudleya/Dudleya_S_genomes/full_pipeline_run/results/06_all_sample_alignment/bam/QUI1_LP_250_Du-649.organelle.sorted.bam
QUI1_LP_250_Du-649	idxstats	samtools idxstats /home/neil/Downloads/dudleya/Dudleya_S_genomes/full_pipeline_run/results/06_all_sample_alignment/bam/QUI1_LP_250_Du-649.organelle.sorted.bam
QUI1_LP_250_Du-649	depth	samtools depth -aa -q 20 -Q 0 /home/neil/Downloads/dudleya/Dudleya_S_genomes/full_pipeline_run/results/06_all_sample_alignment/bam/QUI1_LP_250_Du-649.organelle.sorted.bam
QUI1_LP_251_Du-650	align_filter_sort	bwa mem -t 16 dudleya_organelle_reference_verification/references/dudleya_cp_mt.fa genomicsDrive_data_dump/QB3.Berkeley.251217/QB3.Results.260109/QUI1/QUI1_LP_251_Du-650_S216_L005_R1_001.fastq.gz genomicsDrive_data_dump/QB3.Berkeley.251217/QB3.Results.260109/QUI1/QUI1_LP_251_Du-650_S216_L005_R2_001.fastq.gz | samtools view -@ 16 -b -F 4 -q 0 - | samtools sort -@ 16 -o /home/neil/Downloads/dudleya/Dudleya_S_genomes/full_pipeline_run/results/06_all_sample_alignment/bam/QUI1_LP_251_Du-650.organelle.sorted.tmp.bam -
QUI1_LP_251_Du-650	index	samtools index /home/neil/Downloads/dudleya/Dudleya_S_genomes/full_pipeline_run/results/06_all_sample_alignment/bam/QUI1_LP_251_Du-650.organelle.sorted.bam
QUI1_LP_251_Du-650	flagstat	samtools flagstat /home/neil/Downloads/dudleya/Dudleya_S_genomes/full_pipeline_run/results/06_all_sample_alignment/bam/QUI1_LP_251_Du-650.organelle.sorted.bam
QUI1_LP_251_Du-650	idxstats	samtools idxstats /home/neil/Downloads/dudleya/Dudleya_S_genomes/full_pipeline_run/results/06_all_sample_alignment/bam/QUI1_LP_251_Du-650.organelle.sorted.bam
QUI1_LP_251_Du-650	depth	samtools depth -aa -q 20 -Q 0 /home/neil/Downloads/dudleya/Dudleya_S_genomes/full_pipeline_run/results/06_all_sample_alignment/bam/QUI1_LP_251_Du-650.organelle.sorted.bam
QUI1_LP_252_Du-651	align_filter_sort	bwa mem -t 16 dudleya_organelle_reference_verification/references/dudleya_cp_mt.fa genomicsDrive_data_dump/QB3.Berkeley.251217/QB3.Results.260109/QUI1/QUI1_LP_252_Du-651_S226_L005_R1_001.fastq.gz genomicsDrive_data_dump/QB3.Berkeley.251217/QB3.Results.260109/QUI1/QUI1_LP_252_Du-651_S226_L005_R2_001.fastq.gz | samtools view -@ 16 -b -F 4 -q 0 - | samtools sort -@ 16 -o /home/neil/Downloads/dudleya/Dudleya_S_genomes/full_pipeline_run/results/06_all_sample_alignment/bam/QUI1_LP_252_Du-651.organelle.sorted.tmp.bam -
QUI1_LP_252_Du-651	index	samtools index /home/neil/Downloads/dudleya/Dudleya_S_genomes/full_pipeline_run/results/06_all_sample_alignment/bam/QUI1_LP_252_Du-651.organelle.sorted.bam
QUI1_LP_252_Du-651	flagstat	samtools flagstat /home/neil/Downloads/dudleya/Dudleya_S_genomes/full_pipeline_run/results/06_all_sample_alignment/bam/QUI1_LP_252_Du-651.organelle.sorted.bam
QUI1_LP_252_Du-651	idxstats	samtools idxstats /home/neil/Downloads/dudleya/Dudleya_S_genomes/full_pipeline_run/results/06_all_sample_alignment/bam/QUI1_LP_252_Du-651.organelle.sorted.bam
QUI1_LP_252_Du-651	depth	samtools depth -aa -q 20 -Q 0 /home/neil/Downloads/dudleya/Dudleya_S_genomes/full_pipeline_run/results/06_all_sample_alignment/bam/QUI1_LP_252_Du-651.organelle.sorted.bam
QUI1_LP_253_Du-652	align_filter_sort	bwa mem -t 16 dudleya_organelle_reference_verification/references/dudleya_cp_mt.fa genomicsDrive_data_dump/QB3.Berkeley.251217/QB3.Results.260109/QUI1/QUI1_LP_253_Du-652_S237_L005_R1_001.fastq.gz genomicsDrive_data_dump/QB3.Berkeley.251217/QB3.Results.260109/QUI1/QUI1_LP_253_Du-652_S237_L005_R2_001.fastq.gz | samtools view -@ 16 -b -F 4 -q 0 - | samtools sort -@ 16 -o /home/neil/Downloads/dudleya/Dudleya_S_genomes/full_pipeline_run/results/06_all_sample_alignment/bam/QUI1_LP_253_Du-652.organelle.sorted.tmp.bam -
QUI1_LP_253_Du-652	index	samtools index /home/neil/Downloads/dudleya/Dudleya_S_genomes/full_pipeline_run/results/06_all_sample_alignment/bam/QUI1_LP_253_Du-652.organelle.sorted.bam
QUI1_LP_253_Du-652	flagstat	samtools flagstat /home/neil/Downloads/dudleya/Dudleya_S_genomes/full_pipeline_run/results/06_all_sample_alignment/bam/QUI1_LP_253_Du-652.organelle.sorted.bam
QUI1_LP_253_Du-652	idxstats	samtools idxstats /home/neil/Downloads/dudleya/Dudleya_S_genomes/full_pipeline_run/results/06_all_sample_alignment/bam/QUI1_LP_253_Du-652.organelle.sorted.bam
QUI1_LP_253_Du-652	depth	samtools depth -aa -q 20 -Q 0 /home/neil/Downloads/dudleya/Dudleya_S_genomes/full_pipeline_run/results/06_all_sample_alignment/bam/QUI1_LP_253_Du-652.organelle.sorted.bam
QUI1_LP_254_Du-653	align_filter_sort	bwa mem -t 16 dudleya_organelle_reference_verification/references/dudleya_cp_mt.fa genomicsDrive_data_dump/QB3.Berkeley.251217/QB3.Results.260109/QUI1/QUI1_LP_254_Du-653_S248_L005_R1_001.fastq.gz genomicsDrive_data_dump/QB3.Berkeley.251217/QB3.Results.260109/QUI1/QUI1_LP_254_Du-653_S248_L005_R2_001.fastq.gz | samtools view -@ 16 -b -F 4 -q 0 - | samtools sort -@ 16 -o /home/neil/Downloads/dudleya/Dudleya_S_genomes/full_pipeline_run/results/06_all_sample_alignment/bam/QUI1_LP_254_Du-653.organelle.sorted.tmp.bam -
QUI1_LP_254_Du-653	index	samtools index /home/neil/Downloads/dudleya/Dudleya_S_genomes/full_pipeline_run/results/06_all_sample_alignment/bam/QUI1_LP_254_Du-653.organelle.sorted.bam
QUI1_LP_254_Du-653	flagstat	samtools flagstat /home/neil/Downloads/dudleya/Dudleya_S_genomes/full_pipeline_run/results/06_all_sample_alignment/bam/QUI1_LP_254_Du-653.organelle.sorted.bam
QUI1_LP_254_Du-653	idxstats	samtools idxstats /home/neil/Downloads/dudleya/Dudleya_S_genomes/full_pipeline_run/results/06_all_sample_alignment/bam/QUI1_LP_254_Du-653.organelle.sorted.bam
QUI1_LP_254_Du-653	depth	samtools depth -aa -q 20 -Q 0 /home/neil/Downloads/dudleya/Dudleya_S_genomes/full_pipeline_run/results/06_all_sample_alignment/bam/QUI1_LP_254_Du-653.organelle.sorted.bam
QUI1_LP_255_Du-654	align_filter_sort	bwa mem -t 16 dudleya_organelle_reference_verification/references/dudleya_cp_mt.fa genomicsDrive_data_dump/QB3.Berkeley.251217/QB3.Results.260109/QUI1/QUI1_LP_255_Du-654_S256_L005_R1_001.fastq.gz genomicsDrive_data_dump/QB3.Berkeley.251217/QB3.Results.260109/QUI1/QUI1_LP_255_Du-654_S256_L005_R2_001.fastq.gz | samtools view -@ 16 -b -F 4 -q 0 - | samtools sort -@ 16 -o /home/neil/Downloads/dudleya/Dudleya_S_genomes/full_pipeline_run/results/06_all_sample_alignment/bam/QUI1_LP_255_Du-654.organelle.sorted.tmp.bam -
QUI1_LP_255_Du-654	index	samtools index /home/neil/Downloads/dudleya/Dudleya_S_genomes/full_pipeline_run/results/06_all_sample_alignment/bam/QUI1_LP_255_Du-654.organelle.sorted.bam
QUI1_LP_255_Du-654	flagstat	samtools flagstat /home/neil/Downloads/dudleya/Dudleya_S_genomes/full_pipeline_run/results/06_all_sample_alignment/bam/QUI1_LP_255_Du-654.organelle.sorted.bam
QUI1_LP_255_Du-654	idxstats	samtools idxstats /home/neil/Downloads/dudleya/Dudleya_S_genomes/full_pipeline_run/results/06_all_sample_alignment/bam/QUI1_LP_255_Du-654.organelle.sorted.bam
QUI1_LP_255_Du-654	depth	samtools depth -aa -q 20 -Q 0 /home/neil/Downloads/dudleya/Dudleya_S_genomes/full_pipeline_run/results/06_all_sample_alignment/bam/QUI1_LP_255_Du-654.organelle.sorted.bam
QUI1_LP_257_Du-656	align_filter_sort	bwa mem -t 16 dudleya_organelle_reference_verification/references/dudleya_cp_mt.fa genomicsDrive_data_dump/QB3.Berkeley.251217/QB3.Results.260109/QUI1/QUI1_LP_257_Du-656_S275_L005_R1_001.fastq.gz genomicsDrive_data_dump/QB3.Berkeley.251217/QB3.Results.260109/QUI1/QUI1_LP_257_Du-656_S275_L005_R2_001.fastq.gz | samtools view -@ 16 -b -F 4 -q 0 - | samtools sort -@ 16 -o /home/neil/Downloads/dudleya/Dudleya_S_genomes/full_pipeline_run/results/06_all_sample_alignment/bam/QUI1_LP_257_Du-656.organelle.sorted.tmp.bam -
QUI1_LP_257_Du-656	index	samtools index /home/neil/Downloads/dudleya/Dudleya_S_genomes/full_pipeline_run/results/06_all_sample_alignment/bam/QUI1_LP_257_Du-656.organelle.sorted.bam
QUI1_LP_257_Du-656	flagstat	samtools flagstat /home/neil/Downloads/dudleya/Dudleya_S_genomes/full_pipeline_run/results/06_all_sample_alignment/bam/QUI1_LP_257_Du-656.organelle.sorted.bam
QUI1_LP_257_Du-656	idxstats	samtools idxstats /home/neil/Downloads/dudleya/Dudleya_S_genomes/full_pipeline_run/results/06_all_sample_alignment/bam/QUI1_LP_257_Du-656.organelle.sorted.bam
QUI1_LP_257_Du-656	depth	samtools depth -aa -q 20 -Q 0 /home/neil/Downloads/dudleya/Dudleya_S_genomes/full_pipeline_run/results/06_all_sample_alignment/bam/QUI1_LP_257_Du-656.organelle.sorted.bam
QUI1_LP_258_Du-657	align_filter_sort	bwa mem -t 16 dudleya_organelle_reference_verification/references/dudleya_cp_mt.fa genomicsDrive_data_dump/QB3.Berkeley.251217/QB3.Results.260109/QUI1/QUI1_LP_258_Du-657_S284_L005_R1_001.fastq.gz genomicsDrive_data_dump/QB3.Berkeley.251217/QB3.Results.260109/QUI1/QUI1_LP_258_Du-657_S284_L005_R2_001.fastq.gz | samtools view -@ 16 -b -F 4 -q 0 - | samtools sort -@ 16 -o /home/neil/Downloads/dudleya/Dudleya_S_genomes/full_pipeline_run/results/06_all_sample_alignment/bam/QUI1_LP_258_Du-657.organelle.sorted.tmp.bam -
QUI1_LP_258_Du-657	index	samtools index /home/neil/Downloads/dudleya/Dudleya_S_genomes/full_pipeline_run/results/06_all_sample_alignment/bam/QUI1_LP_258_Du-657.organelle.sorted.bam
QUI1_LP_258_Du-657	flagstat	samtools flagstat /home/neil/Downloads/dudleya/Dudleya_S_genomes/full_pipeline_run/results/06_all_sample_alignment/bam/QUI1_LP_258_Du-657.organelle.sorted.bam
QUI1_LP_258_Du-657	idxstats	samtools idxstats /home/neil/Downloads/dudleya/Dudleya_S_genomes/full_pipeline_run/results/06_all_sample_alignment/bam/QUI1_LP_258_Du-657.organelle.sorted.bam
QUI1_LP_258_Du-657	depth	samtools depth -aa -q 20 -Q 0 /home/neil/Downloads/dudleya/Dudleya_S_genomes/full_pipeline_run/results/06_all_sample_alignment/bam/QUI1_LP_258_Du-657.organelle.sorted.bam
QUI2_LP_243_Du-631	align_filter_sort	bwa mem -t 16 dudleya_organelle_reference_verification/references/dudleya_cp_mt.fa genomicsDrive_data_dump/QB3.Berkeley.251217/QB3.Results.260109/QUI2/QUI2_LP_243_Du-631_S215_L005_R1_001.fastq.gz genomicsDrive_data_dump/QB3.Berkeley.251217/QB3.Results.260109/QUI2/QUI2_LP_243_Du-631_S215_L005_R2_001.fastq.gz | samtools view -@ 16 -b -F 4 -q 0 - | samtools sort -@ 16 -o /home/neil/Downloads/dudleya/Dudleya_S_genomes/full_pipeline_run/results/06_all_sample_alignment/bam/QUI2_LP_243_Du-631.organelle.sorted.tmp.bam -
QUI2_LP_243_Du-631	index	samtools index /home/neil/Downloads/dudleya/Dudleya_S_genomes/full_pipeline_run/results/06_all_sample_alignment/bam/QUI2_LP_243_Du-631.organelle.sorted.bam
QUI2_LP_243_Du-631	flagstat	samtools flagstat /home/neil/Downloads/dudleya/Dudleya_S_genomes/full_pipeline_run/results/06_all_sample_alignment/bam/QUI2_LP_243_Du-631.organelle.sorted.bam
QUI2_LP_243_Du-631	idxstats	samtools idxstats /home/neil/Downloads/dudleya/Dudleya_S_genomes/full_pipeline_run/results/06_all_sample_alignment/bam/QUI2_LP_243_Du-631.organelle.sorted.bam
QUI2_LP_243_Du-631	depth	samtools depth -aa -q 20 -Q 0 /home/neil/Downloads/dudleya/Dudleya_S_genomes/full_pipeline_run/results/06_all_sample_alignment/bam/QUI2_LP_243_Du-631.organelle.sorted.bam
QUI2_LP_244_Du-632	align_filter_sort	bwa mem -t 16 dudleya_organelle_reference_verification/references/dudleya_cp_mt.fa genomicsDrive_data_dump/QB3.Berkeley.251217/QB3.Results.260109/QUI2/QUI2_LP_244_Du-632_S225_L005_R1_001.fastq.gz genomicsDrive_data_dump/QB3.Berkeley.251217/QB3.Results.260109/QUI2/QUI2_LP_244_Du-632_S225_L005_R2_001.fastq.gz | samtools view -@ 16 -b -F 4 -q 0 - | samtools sort -@ 16 -o /home/neil/Downloads/dudleya/Dudleya_S_genomes/full_pipeline_run/results/06_all_sample_alignment/bam/QUI2_LP_244_Du-632.organelle.sorted.tmp.bam -
QUI2_LP_244_Du-632	index	samtools index /home/neil/Downloads/dudleya/Dudleya_S_genomes/full_pipeline_run/results/06_all_sample_alignment/bam/QUI2_LP_244_Du-632.organelle.sorted.bam
QUI2_LP_244_Du-632	flagstat	samtools flagstat /home/neil/Downloads/dudleya/Dudleya_S_genomes/full_pipeline_run/results/06_all_sample_alignment/bam/QUI2_LP_244_Du-632.organelle.sorted.bam
QUI2_LP_244_Du-632	idxstats	samtools idxstats /home/neil/Downloads/dudleya/Dudleya_S_genomes/full_pipeline_run/results/06_all_sample_alignment/bam/QUI2_LP_244_Du-632.organelle.sorted.bam
QUI2_LP_244_Du-632	depth	samtools depth -aa -q 20 -Q 0 /home/neil/Downloads/dudleya/Dudleya_S_genomes/full_pipeline_run/results/06_all_sample_alignment/bam/QUI2_LP_244_Du-632.organelle.sorted.bam
QUI2_LP_245_Du-633	align_filter_sort	bwa mem -t 16 dudleya_organelle_reference_verification/references/dudleya_cp_mt.fa genomicsDrive_data_dump/QB3.Berkeley.251217/QB3.Results.260109/QUI2/QUI2_LP_245_Du-633_S236_L005_R1_001.fastq.gz genomicsDrive_data_dump/QB3.Berkeley.251217/QB3.Results.260109/QUI2/QUI2_LP_245_Du-633_S236_L005_R2_001.fastq.gz | samtools view -@ 16 -b -F 4 -q 0 - | samtools sort -@ 16 -o /home/neil/Downloads/dudleya/Dudleya_S_genomes/full_pipeline_run/results/06_all_sample_alignment/bam/QUI2_LP_245_Du-633.organelle.sorted.tmp.bam -
QUI2_LP_245_Du-633	index	samtools index /home/neil/Downloads/dudleya/Dudleya_S_genomes/full_pipeline_run/results/06_all_sample_alignment/bam/QUI2_LP_245_Du-633.organelle.sorted.bam
QUI2_LP_245_Du-633	flagstat	samtools flagstat /home/neil/Downloads/dudleya/Dudleya_S_genomes/full_pipeline_run/results/06_all_sample_alignment/bam/QUI2_LP_245_Du-633.organelle.sorted.bam
QUI2_LP_245_Du-633	idxstats	samtools idxstats /home/neil/Downloads/dudleya/Dudleya_S_genomes/full_pipeline_run/results/06_all_sample_alignment/bam/QUI2_LP_245_Du-633.organelle.sorted.bam
QUI2_LP_245_Du-633	depth	samtools depth -aa -q 20 -Q 0 /home/neil/Downloads/dudleya/Dudleya_S_genomes/full_pipeline_run/results/06_all_sample_alignment/bam/QUI2_LP_245_Du-633.organelle.sorted.bam
QUI2_LP_246_Du-634	align_filter_sort	bwa mem -t 16 dudleya_organelle_reference_verification/references/dudleya_cp_mt.fa genomicsDrive_data_dump/QB3.Berkeley.251217/QB3.Results.260109/QUI2/QUI2_LP_246_Du-634_S247_L005_R1_001.fastq.gz genomicsDrive_data_dump/QB3.Berkeley.251217/QB3.Results.260109/QUI2/QUI2_LP_246_Du-634_S247_L005_R2_001.fastq.gz | samtools view -@ 16 -b -F 4 -q 0 - | samtools sort -@ 16 -o /home/neil/Downloads/dudleya/Dudleya_S_genomes/full_pipeline_run/results/06_all_sample_alignment/bam/QUI2_LP_246_Du-634.organelle.sorted.tmp.bam -
QUI2_LP_246_Du-634	index	samtools index /home/neil/Downloads/dudleya/Dudleya_S_genomes/full_pipeline_run/results/06_all_sample_alignment/bam/QUI2_LP_246_Du-634.organelle.sorted.bam
QUI2_LP_246_Du-634	flagstat	samtools flagstat /home/neil/Downloads/dudleya/Dudleya_S_genomes/full_pipeline_run/results/06_all_sample_alignment/bam/QUI2_LP_246_Du-634.organelle.sorted.bam
QUI2_LP_246_Du-634	idxstats	samtools idxstats /home/neil/Downloads/dudleya/Dudleya_S_genomes/full_pipeline_run/results/06_all_sample_alignment/bam/QUI2_LP_246_Du-634.organelle.sorted.bam
QUI2_LP_246_Du-634	depth	samtools depth -aa -q 20 -Q 0 /home/neil/Downloads/dudleya/Dudleya_S_genomes/full_pipeline_run/results/06_all_sample_alignment/bam/QUI2_LP_246_Du-634.organelle.sorted.bam
QUI2_LP_247_Du-635	align_filter_sort	bwa mem -t 16 dudleya_organelle_reference_verification/references/dudleya_cp_mt.fa genomicsDrive_data_dump/QB3.Berkeley.251217/QB3.Results.260109/QUI2/QUI2_LP_247_Du-635_S255_L005_R1_001.fastq.gz genomicsDrive_data_dump/QB3.Berkeley.251217/QB3.Results.260109/QUI2/QUI2_LP_247_Du-635_S255_L005_R2_001.fastq.gz | samtools view -@ 16 -b -F 4 -q 0 - | samtools sort -@ 16 -o /home/neil/Downloads/dudleya/Dudleya_S_genomes/full_pipeline_run/results/06_all_sample_alignment/bam/QUI2_LP_247_Du-635.organelle.sorted.tmp.bam -
QUI2_LP_247_Du-635	index	samtools index /home/neil/Downloads/dudleya/Dudleya_S_genomes/full_pipeline_run/results/06_all_sample_alignment/bam/QUI2_LP_247_Du-635.organelle.sorted.bam
QUI2_LP_247_Du-635	flagstat	samtools flagstat /home/neil/Downloads/dudleya/Dudleya_S_genomes/full_pipeline_run/results/06_all_sample_alignment/bam/QUI2_LP_247_Du-635.organelle.sorted.bam
QUI2_LP_247_Du-635	idxstats	samtools idxstats /home/neil/Downloads/dudleya/Dudleya_S_genomes/full_pipeline_run/results/06_all_sample_alignment/bam/QUI2_LP_247_Du-635.organelle.sorted.bam
QUI2_LP_247_Du-635	depth	samtools depth -aa -q 20 -Q 0 /home/neil/Downloads/dudleya/Dudleya_S_genomes/full_pipeline_run/results/06_all_sample_alignment/bam/QUI2_LP_247_Du-635.organelle.sorted.bam
QUI2_LP_248_Du-636	align_filter_sort	bwa mem -t 16 dudleya_organelle_reference_verification/references/dudleya_cp_mt.fa genomicsDrive_data_dump/QB3.Berkeley.251217/QB3.Results.260109/QUI2/QUI2_LP_248_Du-636_S263_L005_R1_001.fastq.gz genomicsDrive_data_dump/QB3.Berkeley.251217/QB3.Results.260109/QUI2/QUI2_LP_248_Du-636_S263_L005_R2_001.fastq.gz | samtools view -@ 16 -b -F 4 -q 0 - | samtools sort -@ 16 -o /home/neil/Downloads/dudleya/Dudleya_S_genomes/full_pipeline_run/results/06_all_sample_alignment/bam/QUI2_LP_248_Du-636.organelle.sorted.tmp.bam -
QUI2_LP_248_Du-636	index	samtools index /home/neil/Downloads/dudleya/Dudleya_S_genomes/full_pipeline_run/results/06_all_sample_alignment/bam/QUI2_LP_248_Du-636.organelle.sorted.bam
QUI2_LP_248_Du-636	flagstat	samtools flagstat /home/neil/Downloads/dudleya/Dudleya_S_genomes/full_pipeline_run/results/06_all_sample_alignment/bam/QUI2_LP_248_Du-636.organelle.sorted.bam
QUI2_LP_248_Du-636	idxstats	samtools idxstats /home/neil/Downloads/dudleya/Dudleya_S_genomes/full_pipeline_run/results/06_all_sample_alignment/bam/QUI2_LP_248_Du-636.organelle.sorted.bam
QUI2_LP_248_Du-636	depth	samtools depth -aa -q 20 -Q 0 /home/neil/Downloads/dudleya/Dudleya_S_genomes/full_pipeline_run/results/06_all_sample_alignment/bam/QUI2_LP_248_Du-636.organelle.sorted.bam
QUI2_LP_337_Du-638	align_filter_sort	bwa mem -t 16 dudleya_organelle_reference_verification/references/dudleya_cp_mt.fa genomicsDrive_data_dump/QB3.Berkeley.251217/QB3.Results.260109/QUI2/QUI2_LP_337_Du-638_S206_L005_R1_001.fastq.gz genomicsDrive_data_dump/QB3.Berkeley.251217/QB3.Results.260109/QUI2/QUI2_LP_337_Du-638_S206_L005_R2_001.fastq.gz | samtools view -@ 16 -b -F 4 -q 0 - | samtools sort -@ 16 -o /home/neil/Downloads/dudleya/Dudleya_S_genomes/full_pipeline_run/results/06_all_sample_alignment/bam/QUI2_LP_337_Du-638.organelle.sorted.tmp.bam -
QUI2_LP_337_Du-638	index	samtools index /home/neil/Downloads/dudleya/Dudleya_S_genomes/full_pipeline_run/results/06_all_sample_alignment/bam/QUI2_LP_337_Du-638.organelle.sorted.bam
QUI2_LP_337_Du-638	flagstat	samtools flagstat /home/neil/Downloads/dudleya/Dudleya_S_genomes/full_pipeline_run/results/06_all_sample_alignment/bam/QUI2_LP_337_Du-638.organelle.sorted.bam
QUI2_LP_337_Du-638	idxstats	samtools idxstats /home/neil/Downloads/dudleya/Dudleya_S_genomes/full_pipeline_run/results/06_all_sample_alignment/bam/QUI2_LP_337_Du-638.organelle.sorted.bam
QUI2_LP_337_Du-638	depth	samtools depth -aa -q 20 -Q 0 /home/neil/Downloads/dudleya/Dudleya_S_genomes/full_pipeline_run/results/06_all_sample_alignment/bam/QUI2_LP_337_Du-638.organelle.sorted.bam
QUI2_LP_338_Du-639	align_filter_sort	bwa mem -t 16 dudleya_organelle_reference_verification/references/dudleya_cp_mt.fa genomicsDrive_data_dump/QB3.Berkeley.251217/QB3.Results.260109/QUI2/QUI2_LP_338_Du-639_S208_L005_R1_001.fastq.gz genomicsDrive_data_dump/QB3.Berkeley.251217/QB3.Results.260109/QUI2/QUI2_LP_338_Du-639_S208_L005_R2_001.fastq.gz | samtools view -@ 16 -b -F 4 -q 0 - | samtools sort -@ 16 -o /home/neil/Downloads/dudleya/Dudleya_S_genomes/full_pipeline_run/results/06_all_sample_alignment/bam/QUI2_LP_338_Du-639.organelle.sorted.tmp.bam -
QUI2_LP_338_Du-639	index	samtools index /home/neil/Downloads/dudleya/Dudleya_S_genomes/full_pipeline_run/results/06_all_sample_alignment/bam/QUI2_LP_338_Du-639.organelle.sorted.bam
QUI2_LP_338_Du-639	flagstat	samtools flagstat /home/neil/Downloads/dudleya/Dudleya_S_genomes/full_pipeline_run/results/06_all_sample_alignment/bam/QUI2_LP_338_Du-639.organelle.sorted.bam
QUI2_LP_338_Du-639	idxstats	samtools idxstats /home/neil/Downloads/dudleya/Dudleya_S_genomes/full_pipeline_run/results/06_all_sample_alignment/bam/QUI2_LP_338_Du-639.organelle.sorted.bam
QUI2_LP_338_Du-639	depth	samtools depth -aa -q 20 -Q 0 /home/neil/Downloads/dudleya/Dudleya_S_genomes/full_pipeline_run/results/06_all_sample_alignment/bam/QUI2_LP_338_Du-639.organelle.sorted.bam
QUI2_LP_339_Du-640	align_filter_sort	bwa mem -t 16 dudleya_organelle_reference_verification/references/dudleya_cp_mt.fa genomicsDrive_data_dump/QB3.Berkeley.251217/QB3.Results.260109/QUI2/QUI2_LP_339_Du-640_S209_L005_R1_001.fastq.gz genomicsDrive_data_dump/QB3.Berkeley.251217/QB3.Results.260109/QUI2/QUI2_LP_339_Du-640_S209_L005_R2_001.fastq.gz | samtools view -@ 16 -b -F 4 -q 0 - | samtools sort -@ 16 -o /home/neil/Downloads/dudleya/Dudleya_S_genomes/full_pipeline_run/results/06_all_sample_alignment/bam/QUI2_LP_339_Du-640.organelle.sorted.tmp.bam -
QUI2_LP_339_Du-640	index	samtools index /home/neil/Downloads/dudleya/Dudleya_S_genomes/full_pipeline_run/results/06_all_sample_alignment/bam/QUI2_LP_339_Du-640.organelle.sorted.bam
QUI2_LP_339_Du-640	flagstat	samtools flagstat /home/neil/Downloads/dudleya/Dudleya_S_genomes/full_pipeline_run/results/06_all_sample_alignment/bam/QUI2_LP_339_Du-640.organelle.sorted.bam
QUI2_LP_339_Du-640	idxstats	samtools idxstats /home/neil/Downloads/dudleya/Dudleya_S_genomes/full_pipeline_run/results/06_all_sample_alignment/bam/QUI2_LP_339_Du-640.organelle.sorted.bam
QUI2_LP_339_Du-640	depth	samtools depth -aa -q 20 -Q 0 /home/neil/Downloads/dudleya/Dudleya_S_genomes/full_pipeline_run/results/06_all_sample_alignment/bam/QUI2_LP_339_Du-640.organelle.sorted.bam
QUI2_LP_340_Du-641	align_filter_sort	bwa mem -t 16 dudleya_organelle_reference_verification/references/dudleya_cp_mt.fa genomicsDrive_data_dump/QB3.Berkeley.251217/QB3.Results.260109/QUI2/QUI2_LP_340_Du-641_S211_L005_R1_001.fastq.gz genomicsDrive_data_dump/QB3.Berkeley.251217/QB3.Results.260109/QUI2/QUI2_LP_340_Du-641_S211_L005_R2_001.fastq.gz | samtools view -@ 16 -b -F 4 -q 0 - | samtools sort -@ 16 -o /home/neil/Downloads/dudleya/Dudleya_S_genomes/full_pipeline_run/results/06_all_sample_alignment/bam/QUI2_LP_340_Du-641.organelle.sorted.tmp.bam -
QUI2_LP_340_Du-641	index	samtools index /home/neil/Downloads/dudleya/Dudleya_S_genomes/full_pipeline_run/results/06_all_sample_alignment/bam/QUI2_LP_340_Du-641.organelle.sorted.bam
QUI2_LP_340_Du-641	flagstat	samtools flagstat /home/neil/Downloads/dudleya/Dudleya_S_genomes/full_pipeline_run/results/06_all_sample_alignment/bam/QUI2_LP_340_Du-641.organelle.sorted.bam
QUI2_LP_340_Du-641	idxstats	samtools idxstats /home/neil/Downloads/dudleya/Dudleya_S_genomes/full_pipeline_run/results/06_all_sample_alignment/bam/QUI2_LP_340_Du-641.organelle.sorted.bam
QUI2_LP_340_Du-641	depth	samtools depth -aa -q 20 -Q 0 /home/neil/Downloads/dudleya/Dudleya_S_genomes/full_pipeline_run/results/06_all_sample_alignment/bam/QUI2_LP_340_Du-641.organelle.sorted.bam
QUIN_LP_069_Du-155	align_filter_sort	bwa mem -t 16 dudleya_organelle_reference_verification/references/dudleya_cp_mt.fa genomicsDrive_data_dump/QB3.Berkeley.251217/QB3.Results.260109/QUIN/QUIN_LP_069_Du-155_S74_L005_R1_001.fastq.gz genomicsDrive_data_dump/QB3.Berkeley.251217/QB3.Results.260109/QUIN/QUIN_LP_069_Du-155_S74_L005_R2_001.fastq.gz | samtools view -@ 16 -b -F 4 -q 0 - | samtools sort -@ 16 -o /home/neil/Downloads/dudleya/Dudleya_S_genomes/full_pipeline_run/results/06_all_sample_alignment/bam/QUIN_LP_069_Du-155.organelle.sorted.tmp.bam -
QUIN_LP_069_Du-155	index	samtools index /home/neil/Downloads/dudleya/Dudleya_S_genomes/full_pipeline_run/results/06_all_sample_alignment/bam/QUIN_LP_069_Du-155.organelle.sorted.bam
QUIN_LP_069_Du-155	flagstat	samtools flagstat /home/neil/Downloads/dudleya/Dudleya_S_genomes/full_pipeline_run/results/06_all_sample_alignment/bam/QUIN_LP_069_Du-155.organelle.sorted.bam
QUIN_LP_069_Du-155	idxstats	samtools idxstats /home/neil/Downloads/dudleya/Dudleya_S_genomes/full_pipeline_run/results/06_all_sample_alignment/bam/QUIN_LP_069_Du-155.organelle.sorted.bam
QUIN_LP_069_Du-155	depth	samtools depth -aa -q 20 -Q 0 /home/neil/Downloads/dudleya/Dudleya_S_genomes/full_pipeline_run/results/06_all_sample_alignment/bam/QUIN_LP_069_Du-155.organelle.sorted.bam
QUIN_LP_070_Du-156	align_filter_sort	bwa mem -t 16 dudleya_organelle_reference_verification/references/dudleya_cp_mt.fa genomicsDrive_data_dump/QB3.Berkeley.251217/QB3.Results.260109/QUIN/QUIN_LP_070_Du-156_S84_L005_R1_001.fastq.gz genomicsDrive_data_dump/QB3.Berkeley.251217/QB3.Results.260109/QUIN/QUIN_LP_070_Du-156_S84_L005_R2_001.fastq.gz | samtools view -@ 16 -b -F 4 -q 0 - | samtools sort -@ 16 -o /home/neil/Downloads/dudleya/Dudleya_S_genomes/full_pipeline_run/results/06_all_sample_alignment/bam/QUIN_LP_070_Du-156.organelle.sorted.tmp.bam -
QUIN_LP_070_Du-156	index	samtools index /home/neil/Downloads/dudleya/Dudleya_S_genomes/full_pipeline_run/results/06_all_sample_alignment/bam/QUIN_LP_070_Du-156.organelle.sorted.bam
QUIN_LP_070_Du-156	flagstat	samtools flagstat /home/neil/Downloads/dudleya/Dudleya_S_genomes/full_pipeline_run/results/06_all_sample_alignment/bam/QUIN_LP_070_Du-156.organelle.sorted.bam
QUIN_LP_070_Du-156	idxstats	samtools idxstats /home/neil/Downloads/dudleya/Dudleya_S_genomes/full_pipeline_run/results/06_all_sample_alignment/bam/QUIN_LP_070_Du-156.organelle.sorted.bam
QUIN_LP_070_Du-156	depth	samtools depth -aa -q 20 -Q 0 /home/neil/Downloads/dudleya/Dudleya_S_genomes/full_pipeline_run/results/06_all_sample_alignment/bam/QUIN_LP_070_Du-156.organelle.sorted.bam
QUIN_LP_071_Du-157	align_filter_sort	bwa mem -t 16 dudleya_organelle_reference_verification/references/dudleya_cp_mt.fa genomicsDrive_data_dump/QB3.Berkeley.251217/QB3.Results.260109/QUIN/QUIN_LP_071_Du-157_S94_L005_R1_001.fastq.gz genomicsDrive_data_dump/QB3.Berkeley.251217/QB3.Results.260109/QUIN/QUIN_LP_071_Du-157_S94_L005_R2_001.fastq.gz | samtools view -@ 16 -b -F 4 -q 0 - | samtools sort -@ 16 -o /home/neil/Downloads/dudleya/Dudleya_S_genomes/full_pipeline_run/results/06_all_sample_alignment/bam/QUIN_LP_071_Du-157.organelle.sorted.tmp.bam -
QUIN_LP_071_Du-157	index	samtools index /home/neil/Downloads/dudleya/Dudleya_S_genomes/full_pipeline_run/results/06_all_sample_alignment/bam/QUIN_LP_071_Du-157.organelle.sorted.bam
QUIN_LP_071_Du-157	flagstat	samtools flagstat /home/neil/Downloads/dudleya/Dudleya_S_genomes/full_pipeline_run/results/06_all_sample_alignment/bam/QUIN_LP_071_Du-157.organelle.sorted.bam
QUIN_LP_071_Du-157	idxstats	samtools idxstats /home/neil/Downloads/dudleya/Dudleya_S_genomes/full_pipeline_run/results/06_all_sample_alignment/bam/QUIN_LP_071_Du-157.organelle.sorted.bam
QUIN_LP_071_Du-157	depth	samtools depth -aa -q 20 -Q 0 /home/neil/Downloads/dudleya/Dudleya_S_genomes/full_pipeline_run/results/06_all_sample_alignment/bam/QUIN_LP_071_Du-157.organelle.sorted.bam
QUIN_LP_072_Du-158	align_filter_sort	bwa mem -t 16 dudleya_organelle_reference_verification/references/dudleya_cp_mt.fa genomicsDrive_data_dump/QB3.Berkeley.251217/QB3.Results.260109/QUIN/QUIN_LP_072_Du-158_S104_L005_R1_001.fastq.gz genomicsDrive_data_dump/QB3.Berkeley.251217/QB3.Results.260109/QUIN/QUIN_LP_072_Du-158_S104_L005_R2_001.fastq.gz | samtools view -@ 16 -b -F 4 -q 0 - | samtools sort -@ 16 -o /home/neil/Downloads/dudleya/Dudleya_S_genomes/full_pipeline_run/results/06_all_sample_alignment/bam/QUIN_LP_072_Du-158.organelle.sorted.tmp.bam -
QUIN_LP_072_Du-158	index	samtools index /home/neil/Downloads/dudleya/Dudleya_S_genomes/full_pipeline_run/results/06_all_sample_alignment/bam/QUIN_LP_072_Du-158.organelle.sorted.bam
QUIN_LP_072_Du-158	flagstat	samtools flagstat /home/neil/Downloads/dudleya/Dudleya_S_genomes/full_pipeline_run/results/06_all_sample_alignment/bam/QUIN_LP_072_Du-158.organelle.sorted.bam
QUIN_LP_072_Du-158	idxstats	samtools idxstats /home/neil/Downloads/dudleya/Dudleya_S_genomes/full_pipeline_run/results/06_all_sample_alignment/bam/QUIN_LP_072_Du-158.organelle.sorted.bam
QUIN_LP_072_Du-158	depth	samtools depth -aa -q 20 -Q 0 /home/neil/Downloads/dudleya/Dudleya_S_genomes/full_pipeline_run/results/06_all_sample_alignment/bam/QUIN_LP_072_Du-158.organelle.sorted.bam
QUIN_LP_073_Du-159	align_filter_sort	bwa mem -t 16 dudleya_organelle_reference_verification/references/dudleya_cp_mt.fa genomicsDrive_data_dump/QB3.Berkeley.251217/QB3.Results.260109/QUIN/QUIN_LP_073_Du-159_S33_L005_R1_001.fastq.gz genomicsDrive_data_dump/QB3.Berkeley.251217/QB3.Results.260109/QUIN/QUIN_LP_073_Du-159_S33_L005_R2_001.fastq.gz | samtools view -@ 16 -b -F 4 -q 0 - | samtools sort -@ 16 -o /home/neil/Downloads/dudleya/Dudleya_S_genomes/full_pipeline_run/results/06_all_sample_alignment/bam/QUIN_LP_073_Du-159.organelle.sorted.tmp.bam -
QUIN_LP_073_Du-159	index	samtools index /home/neil/Downloads/dudleya/Dudleya_S_genomes/full_pipeline_run/results/06_all_sample_alignment/bam/QUIN_LP_073_Du-159.organelle.sorted.bam
QUIN_LP_073_Du-159	flagstat	samtools flagstat /home/neil/Downloads/dudleya/Dudleya_S_genomes/full_pipeline_run/results/06_all_sample_alignment/bam/QUIN_LP_073_Du-159.organelle.sorted.bam
QUIN_LP_073_Du-159	idxstats	samtools idxstats /home/neil/Downloads/dudleya/Dudleya_S_genomes/full_pipeline_run/results/06_all_sample_alignment/bam/QUIN_LP_073_Du-159.organelle.sorted.bam
QUIN_LP_073_Du-159	depth	samtools depth -aa -q 20 -Q 0 /home/neil/Downloads/dudleya/Dudleya_S_genomes/full_pipeline_run/results/06_all_sample_alignment/bam/QUIN_LP_073_Du-159.organelle.sorted.bam
QUIN_LP_074_Du-160	align_filter_sort	bwa mem -t 16 dudleya_organelle_reference_verification/references/dudleya_cp_mt.fa genomicsDrive_data_dump/QB3.Berkeley.251217/QB3.Results.260109/QUIN/QUIN_LP_074_Du-160_S43_L005_R1_001.fastq.gz genomicsDrive_data_dump/QB3.Berkeley.251217/QB3.Results.260109/QUIN/QUIN_LP_074_Du-160_S43_L005_R2_001.fastq.gz | samtools view -@ 16 -b -F 4 -q 0 - | samtools sort -@ 16 -o /home/neil/Downloads/dudleya/Dudleya_S_genomes/full_pipeline_run/results/06_all_sample_alignment/bam/QUIN_LP_074_Du-160.organelle.sorted.tmp.bam -
QUIN_LP_074_Du-160	index	samtools index /home/neil/Downloads/dudleya/Dudleya_S_genomes/full_pipeline_run/results/06_all_sample_alignment/bam/QUIN_LP_074_Du-160.organelle.sorted.bam
QUIN_LP_074_Du-160	flagstat	samtools flagstat /home/neil/Downloads/dudleya/Dudleya_S_genomes/full_pipeline_run/results/06_all_sample_alignment/bam/QUIN_LP_074_Du-160.organelle.sorted.bam
QUIN_LP_074_Du-160	idxstats	samtools idxstats /home/neil/Downloads/dudleya/Dudleya_S_genomes/full_pipeline_run/results/06_all_sample_alignment/bam/QUIN_LP_074_Du-160.organelle.sorted.bam
QUIN_LP_074_Du-160	depth	samtools depth -aa -q 20 -Q 0 /home/neil/Downloads/dudleya/Dudleya_S_genomes/full_pipeline_run/results/06_all_sample_alignment/bam/QUIN_LP_074_Du-160.organelle.sorted.bam
QUIN_LP_075_Du-161	align_filter_sort	bwa mem -t 16 dudleya_organelle_reference_verification/references/dudleya_cp_mt.fa genomicsDrive_data_dump/QB3.Berkeley.251217/QB3.Results.260109/QUIN/QUIN_LP_075_Du-161_S54_L005_R1_001.fastq.gz genomicsDrive_data_dump/QB3.Berkeley.251217/QB3.Results.260109/QUIN/QUIN_LP_075_Du-161_S54_L005_R2_001.fastq.gz | samtools view -@ 16 -b -F 4 -q 0 - | samtools sort -@ 16 -o /home/neil/Downloads/dudleya/Dudleya_S_genomes/full_pipeline_run/results/06_all_sample_alignment/bam/QUIN_LP_075_Du-161.organelle.sorted.tmp.bam -
QUIN_LP_075_Du-161	index	samtools index /home/neil/Downloads/dudleya/Dudleya_S_genomes/full_pipeline_run/results/06_all_sample_alignment/bam/QUIN_LP_075_Du-161.organelle.sorted.bam
QUIN_LP_075_Du-161	flagstat	samtools flagstat /home/neil/Downloads/dudleya/Dudleya_S_genomes/full_pipeline_run/results/06_all_sample_alignment/bam/QUIN_LP_075_Du-161.organelle.sorted.bam
QUIN_LP_075_Du-161	idxstats	samtools idxstats /home/neil/Downloads/dudleya/Dudleya_S_genomes/full_pipeline_run/results/06_all_sample_alignment/bam/QUIN_LP_075_Du-161.organelle.sorted.bam
QUIN_LP_075_Du-161	depth	samtools depth -aa -q 20 -Q 0 /home/neil/Downloads/dudleya/Dudleya_S_genomes/full_pipeline_run/results/06_all_sample_alignment/bam/QUIN_LP_075_Du-161.organelle.sorted.bam
QUIN_LP_076_Du-162	align_filter_sort	bwa mem -t 16 dudleya_organelle_reference_verification/references/dudleya_cp_mt.fa genomicsDrive_data_dump/QB3.Berkeley.251217/QB3.Results.260109/QUIN/QUIN_LP_076_Du-162_S64_L005_R1_001.fastq.gz genomicsDrive_data_dump/QB3.Berkeley.251217/QB3.Results.260109/QUIN/QUIN_LP_076_Du-162_S64_L005_R2_001.fastq.gz | samtools view -@ 16 -b -F 4 -q 0 - | samtools sort -@ 16 -o /home/neil/Downloads/dudleya/Dudleya_S_genomes/full_pipeline_run/results/06_all_sample_alignment/bam/QUIN_LP_076_Du-162.organelle.sorted.tmp.bam -
QUIN_LP_076_Du-162	index	samtools index /home/neil/Downloads/dudleya/Dudleya_S_genomes/full_pipeline_run/results/06_all_sample_alignment/bam/QUIN_LP_076_Du-162.organelle.sorted.bam
QUIN_LP_076_Du-162	flagstat	samtools flagstat /home/neil/Downloads/dudleya/Dudleya_S_genomes/full_pipeline_run/results/06_all_sample_alignment/bam/QUIN_LP_076_Du-162.organelle.sorted.bam
QUIN_LP_076_Du-162	idxstats	samtools idxstats /home/neil/Downloads/dudleya/Dudleya_S_genomes/full_pipeline_run/results/06_all_sample_alignment/bam/QUIN_LP_076_Du-162.organelle.sorted.bam
QUIN_LP_076_Du-162	depth	samtools depth -aa -q 20 -Q 0 /home/neil/Downloads/dudleya/Dudleya_S_genomes/full_pipeline_run/results/06_all_sample_alignment/bam/QUIN_LP_076_Du-162.organelle.sorted.bam
QUIN_LP_077_Du-163	align_filter_sort	bwa mem -t 16 dudleya_organelle_reference_verification/references/dudleya_cp_mt.fa genomicsDrive_data_dump/QB3.Berkeley.251217/QB3.Results.260109/QUIN/QUIN_LP_077_Du-163_S75_L005_R1_001.fastq.gz genomicsDrive_data_dump/QB3.Berkeley.251217/QB3.Results.260109/QUIN/QUIN_LP_077_Du-163_S75_L005_R2_001.fastq.gz | samtools view -@ 16 -b -F 4 -q 0 - | samtools sort -@ 16 -o /home/neil/Downloads/dudleya/Dudleya_S_genomes/full_pipeline_run/results/06_all_sample_alignment/bam/QUIN_LP_077_Du-163.organelle.sorted.tmp.bam -
QUIN_LP_077_Du-163	index	samtools index /home/neil/Downloads/dudleya/Dudleya_S_genomes/full_pipeline_run/results/06_all_sample_alignment/bam/QUIN_LP_077_Du-163.organelle.sorted.bam
QUIN_LP_077_Du-163	flagstat	samtools flagstat /home/neil/Downloads/dudleya/Dudleya_S_genomes/full_pipeline_run/results/06_all_sample_alignment/bam/QUIN_LP_077_Du-163.organelle.sorted.bam
QUIN_LP_077_Du-163	idxstats	samtools idxstats /home/neil/Downloads/dudleya/Dudleya_S_genomes/full_pipeline_run/results/06_all_sample_alignment/bam/QUIN_LP_077_Du-163.organelle.sorted.bam
QUIN_LP_077_Du-163	depth	samtools depth -aa -q 20 -Q 0 /home/neil/Downloads/dudleya/Dudleya_S_genomes/full_pipeline_run/results/06_all_sample_alignment/bam/QUIN_LP_077_Du-163.organelle.sorted.bam
QUIN_LP_318_Du-164	align_filter_sort	bwa mem -t 16 dudleya_organelle_reference_verification/references/dudleya_cp_mt.fa genomicsDrive_data_dump/QB3.Berkeley.251217/QB3.Results.260109/QUIN/QUIN_LP_318_Du-164_S25_L005_R1_001.fastq.gz genomicsDrive_data_dump/QB3.Berkeley.251217/QB3.Results.260109/QUIN/QUIN_LP_318_Du-164_S25_L005_R2_001.fastq.gz | samtools view -@ 16 -b -F 4 -q 0 - | samtools sort -@ 16 -o /home/neil/Downloads/dudleya/Dudleya_S_genomes/full_pipeline_run/results/06_all_sample_alignment/bam/QUIN_LP_318_Du-164.organelle.sorted.tmp.bam -
QUIN_LP_318_Du-164	index	samtools index /home/neil/Downloads/dudleya/Dudleya_S_genomes/full_pipeline_run/results/06_all_sample_alignment/bam/QUIN_LP_318_Du-164.organelle.sorted.bam
QUIN_LP_318_Du-164	flagstat	samtools flagstat /home/neil/Downloads/dudleya/Dudleya_S_genomes/full_pipeline_run/results/06_all_sample_alignment/bam/QUIN_LP_318_Du-164.organelle.sorted.bam
QUIN_LP_318_Du-164	idxstats	samtools idxstats /home/neil/Downloads/dudleya/Dudleya_S_genomes/full_pipeline_run/results/06_all_sample_alignment/bam/QUIN_LP_318_Du-164.organelle.sorted.bam
QUIN_LP_318_Du-164	depth	samtools depth -aa -q 20 -Q 0 /home/neil/Downloads/dudleya/Dudleya_S_genomes/full_pipeline_run/results/06_all_sample_alignment/bam/QUIN_LP_318_Du-164.organelle.sorted.bam
RIC_LP_192_Du-521	align_filter_sort	bwa mem -t 16 dudleya_organelle_reference_verification/references/dudleya_cp_mt.fa genomicsDrive_data_dump/QB3.Berkeley.251217/QB3.Results.260109/RIC/RIC_LP_192_Du-521_S170_L005_R1_001.fastq.gz genomicsDrive_data_dump/QB3.Berkeley.251217/QB3.Results.260109/RIC/RIC_LP_192_Du-521_S170_L005_R2_001.fastq.gz | samtools view -@ 16 -b -F 4 -q 0 - | samtools sort -@ 16 -o /home/neil/Downloads/dudleya/Dudleya_S_genomes/full_pipeline_run/results/06_all_sample_alignment/bam/RIC_LP_192_Du-521.organelle.sorted.tmp.bam -
RIC_LP_192_Du-521	index	samtools index /home/neil/Downloads/dudleya/Dudleya_S_genomes/full_pipeline_run/results/06_all_sample_alignment/bam/RIC_LP_192_Du-521.organelle.sorted.bam
RIC_LP_192_Du-521	flagstat	samtools flagstat /home/neil/Downloads/dudleya/Dudleya_S_genomes/full_pipeline_run/results/06_all_sample_alignment/bam/RIC_LP_192_Du-521.organelle.sorted.bam
RIC_LP_192_Du-521	idxstats	samtools idxstats /home/neil/Downloads/dudleya/Dudleya_S_genomes/full_pipeline_run/results/06_all_sample_alignment/bam/RIC_LP_192_Du-521.organelle.sorted.bam
RIC_LP_192_Du-521	depth	samtools depth -aa -q 20 -Q 0 /home/neil/Downloads/dudleya/Dudleya_S_genomes/full_pipeline_run/results/06_all_sample_alignment/bam/RIC_LP_192_Du-521.organelle.sorted.bam
RIC_LP_193_Du-522	align_filter_sort	bwa mem -t 16 dudleya_organelle_reference_verification/references/dudleya_cp_mt.fa genomicsDrive_data_dump/QB3.Berkeley.251217/QB3.Results.260109/RIC/RIC_LP_193_Du-522_S181_L005_R1_001.fastq.gz genomicsDrive_data_dump/QB3.Berkeley.251217/QB3.Results.260109/RIC/RIC_LP_193_Du-522_S181_L005_R2_001.fastq.gz | samtools view -@ 16 -b -F 4 -q 0 - | samtools sort -@ 16 -o /home/neil/Downloads/dudleya/Dudleya_S_genomes/full_pipeline_run/results/06_all_sample_alignment/bam/RIC_LP_193_Du-522.organelle.sorted.tmp.bam -
RIC_LP_193_Du-522	index	samtools index /home/neil/Downloads/dudleya/Dudleya_S_genomes/full_pipeline_run/results/06_all_sample_alignment/bam/RIC_LP_193_Du-522.organelle.sorted.bam
RIC_LP_193_Du-522	flagstat	samtools flagstat /home/neil/Downloads/dudleya/Dudleya_S_genomes/full_pipeline_run/results/06_all_sample_alignment/bam/RIC_LP_193_Du-522.organelle.sorted.bam
RIC_LP_193_Du-522	idxstats	samtools idxstats /home/neil/Downloads/dudleya/Dudleya_S_genomes/full_pipeline_run/results/06_all_sample_alignment/bam/RIC_LP_193_Du-522.organelle.sorted.bam
RIC_LP_193_Du-522	depth	samtools depth -aa -q 20 -Q 0 /home/neil/Downloads/dudleya/Dudleya_S_genomes/full_pipeline_run/results/06_all_sample_alignment/bam/RIC_LP_193_Du-522.organelle.sorted.bam
RIC_LP_194_Du-523	align_filter_sort	bwa mem -t 16 dudleya_organelle_reference_verification/references/dudleya_cp_mt.fa genomicsDrive_data_dump/QB3.Berkeley.251217/QB3.Results.260109/RIC/RIC_LP_194_Du-523_S191_L005_R1_001.fastq.gz genomicsDrive_data_dump/QB3.Berkeley.251217/QB3.Results.260109/RIC/RIC_LP_194_Du-523_S191_L005_R2_001.fastq.gz | samtools view -@ 16 -b -F 4 -q 0 - | samtools sort -@ 16 -o /home/neil/Downloads/dudleya/Dudleya_S_genomes/full_pipeline_run/results/06_all_sample_alignment/bam/RIC_LP_194_Du-523.organelle.sorted.tmp.bam -
RIC_LP_194_Du-523	index	samtools index /home/neil/Downloads/dudleya/Dudleya_S_genomes/full_pipeline_run/results/06_all_sample_alignment/bam/RIC_LP_194_Du-523.organelle.sorted.bam
RIC_LP_194_Du-523	flagstat	samtools flagstat /home/neil/Downloads/dudleya/Dudleya_S_genomes/full_pipeline_run/results/06_all_sample_alignment/bam/RIC_LP_194_Du-523.organelle.sorted.bam
RIC_LP_194_Du-523	idxstats	samtools idxstats /home/neil/Downloads/dudleya/Dudleya_S_genomes/full_pipeline_run/results/06_all_sample_alignment/bam/RIC_LP_194_Du-523.organelle.sorted.bam
RIC_LP_194_Du-523	depth	samtools depth -aa -q 20 -Q 0 /home/neil/Downloads/dudleya/Dudleya_S_genomes/full_pipeline_run/results/06_all_sample_alignment/bam/RIC_LP_194_Du-523.organelle.sorted.bam
RIC_LP_195_Du-524	align_filter_sort	bwa mem -t 16 dudleya_organelle_reference_verification/references/dudleya_cp_mt.fa genomicsDrive_data_dump/QB3.Berkeley.251217/QB3.Results.260109/RIC/RIC_LP_195_Du-524_S120_L005_R1_001.fastq.gz genomicsDrive_data_dump/QB3.Berkeley.251217/QB3.Results.260109/RIC/RIC_LP_195_Du-524_S120_L005_R2_001.fastq.gz | samtools view -@ 16 -b -F 4 -q 0 - | samtools sort -@ 16 -o /home/neil/Downloads/dudleya/Dudleya_S_genomes/full_pipeline_run/results/06_all_sample_alignment/bam/RIC_LP_195_Du-524.organelle.sorted.tmp.bam -
RIC_LP_195_Du-524	index	samtools index /home/neil/Downloads/dudleya/Dudleya_S_genomes/full_pipeline_run/results/06_all_sample_alignment/bam/RIC_LP_195_Du-524.organelle.sorted.bam
RIC_LP_195_Du-524	flagstat	samtools flagstat /home/neil/Downloads/dudleya/Dudleya_S_genomes/full_pipeline_run/results/06_all_sample_alignment/bam/RIC_LP_195_Du-524.organelle.sorted.bam
RIC_LP_195_Du-524	idxstats	samtools idxstats /home/neil/Downloads/dudleya/Dudleya_S_genomes/full_pipeline_run/results/06_all_sample_alignment/bam/RIC_LP_195_Du-524.organelle.sorted.bam
RIC_LP_195_Du-524	depth	samtools depth -aa -q 20 -Q 0 /home/neil/Downloads/dudleya/Dudleya_S_genomes/full_pipeline_run/results/06_all_sample_alignment/bam/RIC_LP_195_Du-524.organelle.sorted.bam
RIC_LP_196_Du-525	align_filter_sort	bwa mem -t 16 dudleya_organelle_reference_verification/references/dudleya_cp_mt.fa genomicsDrive_data_dump/QB3.Berkeley.251217/QB3.Results.260109/RIC/RIC_LP_196_Du-525_S130_L005_R1_001.fastq.gz genomicsDrive_data_dump/QB3.Berkeley.251217/QB3.Results.260109/RIC/RIC_LP_196_Du-525_S130_L005_R2_001.fastq.gz | samtools view -@ 16 -b -F 4 -q 0 - | samtools sort -@ 16 -o /home/neil/Downloads/dudleya/Dudleya_S_genomes/full_pipeline_run/results/06_all_sample_alignment/bam/RIC_LP_196_Du-525.organelle.sorted.tmp.bam -
RIC_LP_196_Du-525	index	samtools index /home/neil/Downloads/dudleya/Dudleya_S_genomes/full_pipeline_run/results/06_all_sample_alignment/bam/RIC_LP_196_Du-525.organelle.sorted.bam
RIC_LP_196_Du-525	flagstat	samtools flagstat /home/neil/Downloads/dudleya/Dudleya_S_genomes/full_pipeline_run/results/06_all_sample_alignment/bam/RIC_LP_196_Du-525.organelle.sorted.bam
RIC_LP_196_Du-525	idxstats	samtools idxstats /home/neil/Downloads/dudleya/Dudleya_S_genomes/full_pipeline_run/results/06_all_sample_alignment/bam/RIC_LP_196_Du-525.organelle.sorted.bam
RIC_LP_196_Du-525	depth	samtools depth -aa -q 20 -Q 0 /home/neil/Downloads/dudleya/Dudleya_S_genomes/full_pipeline_run/results/06_all_sample_alignment/bam/RIC_LP_196_Du-525.organelle.sorted.bam
RIC_LP_197_Du-526	align_filter_sort	bwa mem -t 16 dudleya_organelle_reference_verification/references/dudleya_cp_mt.fa genomicsDrive_data_dump/QB3.Berkeley.251217/QB3.Results.260109/RIC/RIC_LP_197_Du-526_S140_L005_R1_001.fastq.gz genomicsDrive_data_dump/QB3.Berkeley.251217/QB3.Results.260109/RIC/RIC_LP_197_Du-526_S140_L005_R2_001.fastq.gz | samtools view -@ 16 -b -F 4 -q 0 - | samtools sort -@ 16 -o /home/neil/Downloads/dudleya/Dudleya_S_genomes/full_pipeline_run/results/06_all_sample_alignment/bam/RIC_LP_197_Du-526.organelle.sorted.tmp.bam -
RIC_LP_197_Du-526	index	samtools index /home/neil/Downloads/dudleya/Dudleya_S_genomes/full_pipeline_run/results/06_all_sample_alignment/bam/RIC_LP_197_Du-526.organelle.sorted.bam
RIC_LP_197_Du-526	flagstat	samtools flagstat /home/neil/Downloads/dudleya/Dudleya_S_genomes/full_pipeline_run/results/06_all_sample_alignment/bam/RIC_LP_197_Du-526.organelle.sorted.bam
RIC_LP_197_Du-526	idxstats	samtools idxstats /home/neil/Downloads/dudleya/Dudleya_S_genomes/full_pipeline_run/results/06_all_sample_alignment/bam/RIC_LP_197_Du-526.organelle.sorted.bam
RIC_LP_197_Du-526	depth	samtools depth -aa -q 20 -Q 0 /home/neil/Downloads/dudleya/Dudleya_S_genomes/full_pipeline_run/results/06_all_sample_alignment/bam/RIC_LP_197_Du-526.organelle.sorted.bam
RIC_LP_198_Du-527	align_filter_sort	bwa mem -t 16 dudleya_organelle_reference_verification/references/dudleya_cp_mt.fa genomicsDrive_data_dump/QB3.Berkeley.251217/QB3.Results.260109/RIC/RIC_LP_198_Du-527_S151_L005_R1_001.fastq.gz genomicsDrive_data_dump/QB3.Berkeley.251217/QB3.Results.260109/RIC/RIC_LP_198_Du-527_S151_L005_R2_001.fastq.gz | samtools view -@ 16 -b -F 4 -q 0 - | samtools sort -@ 16 -o /home/neil/Downloads/dudleya/Dudleya_S_genomes/full_pipeline_run/results/06_all_sample_alignment/bam/RIC_LP_198_Du-527.organelle.sorted.tmp.bam -
RIC_LP_198_Du-527	index	samtools index /home/neil/Downloads/dudleya/Dudleya_S_genomes/full_pipeline_run/results/06_all_sample_alignment/bam/RIC_LP_198_Du-527.organelle.sorted.bam
RIC_LP_198_Du-527	flagstat	samtools flagstat /home/neil/Downloads/dudleya/Dudleya_S_genomes/full_pipeline_run/results/06_all_sample_alignment/bam/RIC_LP_198_Du-527.organelle.sorted.bam
RIC_LP_198_Du-527	idxstats	samtools idxstats /home/neil/Downloads/dudleya/Dudleya_S_genomes/full_pipeline_run/results/06_all_sample_alignment/bam/RIC_LP_198_Du-527.organelle.sorted.bam
RIC_LP_198_Du-527	depth	samtools depth -aa -q 20 -Q 0 /home/neil/Downloads/dudleya/Dudleya_S_genomes/full_pipeline_run/results/06_all_sample_alignment/bam/RIC_LP_198_Du-527.organelle.sorted.bam
RIC_LP_199_Du-528	align_filter_sort	bwa mem -t 16 dudleya_organelle_reference_verification/references/dudleya_cp_mt.fa genomicsDrive_data_dump/QB3.Berkeley.251217/QB3.Results.260109/RIC/RIC_LP_199_Du-528_S161_L005_R1_001.fastq.gz genomicsDrive_data_dump/QB3.Berkeley.251217/QB3.Results.260109/RIC/RIC_LP_199_Du-528_S161_L005_R2_001.fastq.gz | samtools view -@ 16 -b -F 4 -q 0 - | samtools sort -@ 16 -o /home/neil/Downloads/dudleya/Dudleya_S_genomes/full_pipeline_run/results/06_all_sample_alignment/bam/RIC_LP_199_Du-528.organelle.sorted.tmp.bam -
RIC_LP_199_Du-528	index	samtools index /home/neil/Downloads/dudleya/Dudleya_S_genomes/full_pipeline_run/results/06_all_sample_alignment/bam/RIC_LP_199_Du-528.organelle.sorted.bam
RIC_LP_199_Du-528	flagstat	samtools flagstat /home/neil/Downloads/dudleya/Dudleya_S_genomes/full_pipeline_run/results/06_all_sample_alignment/bam/RIC_LP_199_Du-528.organelle.sorted.bam
RIC_LP_199_Du-528	idxstats	samtools idxstats /home/neil/Downloads/dudleya/Dudleya_S_genomes/full_pipeline_run/results/06_all_sample_alignment/bam/RIC_LP_199_Du-528.organelle.sorted.bam
RIC_LP_199_Du-528	depth	samtools depth -aa -q 20 -Q 0 /home/neil/Downloads/dudleya/Dudleya_S_genomes/full_pipeline_run/results/06_all_sample_alignment/bam/RIC_LP_199_Du-528.organelle.sorted.bam
RIC_LP_200_Du-529	align_filter_sort	bwa mem -t 16 dudleya_organelle_reference_verification/references/dudleya_cp_mt.fa genomicsDrive_data_dump/QB3.Berkeley.251217/QB3.Results.260109/RIC/RIC_LP_200_Du-529_S171_L005_R1_001.fastq.gz genomicsDrive_data_dump/QB3.Berkeley.251217/QB3.Results.260109/RIC/RIC_LP_200_Du-529_S171_L005_R2_001.fastq.gz | samtools view -@ 16 -b -F 4 -q 0 - | samtools sort -@ 16 -o /home/neil/Downloads/dudleya/Dudleya_S_genomes/full_pipeline_run/results/06_all_sample_alignment/bam/RIC_LP_200_Du-529.organelle.sorted.tmp.bam -
RIC_LP_200_Du-529	index	samtools index /home/neil/Downloads/dudleya/Dudleya_S_genomes/full_pipeline_run/results/06_all_sample_alignment/bam/RIC_LP_200_Du-529.organelle.sorted.bam
RIC_LP_200_Du-529	flagstat	samtools flagstat /home/neil/Downloads/dudleya/Dudleya_S_genomes/full_pipeline_run/results/06_all_sample_alignment/bam/RIC_LP_200_Du-529.organelle.sorted.bam
RIC_LP_200_Du-529	idxstats	samtools idxstats /home/neil/Downloads/dudleya/Dudleya_S_genomes/full_pipeline_run/results/06_all_sample_alignment/bam/RIC_LP_200_Du-529.organelle.sorted.bam
RIC_LP_200_Du-529	depth	samtools depth -aa -q 20 -Q 0 /home/neil/Downloads/dudleya/Dudleya_S_genomes/full_pipeline_run/results/06_all_sample_alignment/bam/RIC_LP_200_Du-529.organelle.sorted.bam
RIC_LP_201_Du-530	align_filter_sort	bwa mem -t 16 dudleya_organelle_reference_verification/references/dudleya_cp_mt.fa genomicsDrive_data_dump/QB3.Berkeley.251217/QB3.Results.260109/RIC/RIC_LP_201_Du-530_S182_L005_R1_001.fastq.gz genomicsDrive_data_dump/QB3.Berkeley.251217/QB3.Results.260109/RIC/RIC_LP_201_Du-530_S182_L005_R2_001.fastq.gz | samtools view -@ 16 -b -F 4 -q 0 - | samtools sort -@ 16 -o /home/neil/Downloads/dudleya/Dudleya_S_genomes/full_pipeline_run/results/06_all_sample_alignment/bam/RIC_LP_201_Du-530.organelle.sorted.tmp.bam -
RIC_LP_201_Du-530	index	samtools index /home/neil/Downloads/dudleya/Dudleya_S_genomes/full_pipeline_run/results/06_all_sample_alignment/bam/RIC_LP_201_Du-530.organelle.sorted.bam
RIC_LP_201_Du-530	flagstat	samtools flagstat /home/neil/Downloads/dudleya/Dudleya_S_genomes/full_pipeline_run/results/06_all_sample_alignment/bam/RIC_LP_201_Du-530.organelle.sorted.bam
RIC_LP_201_Du-530	idxstats	samtools idxstats /home/neil/Downloads/dudleya/Dudleya_S_genomes/full_pipeline_run/results/06_all_sample_alignment/bam/RIC_LP_201_Du-530.organelle.sorted.bam
RIC_LP_201_Du-530	depth	samtools depth -aa -q 20 -Q 0 /home/neil/Downloads/dudleya/Dudleya_S_genomes/full_pipeline_run/results/06_all_sample_alignment/bam/RIC_LP_201_Du-530.organelle.sorted.bam
RSV_LP_049_Du-85	align_filter_sort	bwa mem -t 16 dudleya_organelle_reference_verification/references/dudleya_cp_mt.fa genomicsDrive_data_dump/QB3.Berkeley.251217/QB3.Results.260109/RSV/RSV_LP_049_Du-85_S30_L005_R1_001.fastq.gz genomicsDrive_data_dump/QB3.Berkeley.251217/QB3.Results.260109/RSV/RSV_LP_049_Du-85_S30_L005_R2_001.fastq.gz | samtools view -@ 16 -b -F 4 -q 0 - | samtools sort -@ 16 -o /home/neil/Downloads/dudleya/Dudleya_S_genomes/full_pipeline_run/results/06_all_sample_alignment/bam/RSV_LP_049_Du-85.organelle.sorted.tmp.bam -
RSV_LP_049_Du-85	index	samtools index /home/neil/Downloads/dudleya/Dudleya_S_genomes/full_pipeline_run/results/06_all_sample_alignment/bam/RSV_LP_049_Du-85.organelle.sorted.bam
RSV_LP_049_Du-85	flagstat	samtools flagstat /home/neil/Downloads/dudleya/Dudleya_S_genomes/full_pipeline_run/results/06_all_sample_alignment/bam/RSV_LP_049_Du-85.organelle.sorted.bam
RSV_LP_049_Du-85	idxstats	samtools idxstats /home/neil/Downloads/dudleya/Dudleya_S_genomes/full_pipeline_run/results/06_all_sample_alignment/bam/RSV_LP_049_Du-85.organelle.sorted.bam
RSV_LP_049_Du-85	depth	samtools depth -aa -q 20 -Q 0 /home/neil/Downloads/dudleya/Dudleya_S_genomes/full_pipeline_run/results/06_all_sample_alignment/bam/RSV_LP_049_Du-85.organelle.sorted.bam
RSV_LP_050_Du-87	align_filter_sort	bwa mem -t 16 dudleya_organelle_reference_verification/references/dudleya_cp_mt.fa genomicsDrive_data_dump/QB3.Berkeley.251217/QB3.Results.260109/RSV/RSV_LP_050_Du-87_S40_L005_R1_001.fastq.gz genomicsDrive_data_dump/QB3.Berkeley.251217/QB3.Results.260109/RSV/RSV_LP_050_Du-87_S40_L005_R2_001.fastq.gz | samtools view -@ 16 -b -F 4 -q 0 - | samtools sort -@ 16 -o /home/neil/Downloads/dudleya/Dudleya_S_genomes/full_pipeline_run/results/06_all_sample_alignment/bam/RSV_LP_050_Du-87.organelle.sorted.tmp.bam -
RSV_LP_050_Du-87	index	samtools index /home/neil/Downloads/dudleya/Dudleya_S_genomes/full_pipeline_run/results/06_all_sample_alignment/bam/RSV_LP_050_Du-87.organelle.sorted.bam
RSV_LP_050_Du-87	flagstat	samtools flagstat /home/neil/Downloads/dudleya/Dudleya_S_genomes/full_pipeline_run/results/06_all_sample_alignment/bam/RSV_LP_050_Du-87.organelle.sorted.bam
RSV_LP_050_Du-87	idxstats	samtools idxstats /home/neil/Downloads/dudleya/Dudleya_S_genomes/full_pipeline_run/results/06_all_sample_alignment/bam/RSV_LP_050_Du-87.organelle.sorted.bam
RSV_LP_050_Du-87	depth	samtools depth -aa -q 20 -Q 0 /home/neil/Downloads/dudleya/Dudleya_S_genomes/full_pipeline_run/results/06_all_sample_alignment/bam/RSV_LP_050_Du-87.organelle.sorted.bam
RSV_LP_051_Du-88	align_filter_sort	bwa mem -t 16 dudleya_organelle_reference_verification/references/dudleya_cp_mt.fa genomicsDrive_data_dump/QB3.Berkeley.251217/QB3.Results.260109/RSV/RSV_LP_051_Du-88_S51_L005_R1_001.fastq.gz genomicsDrive_data_dump/QB3.Berkeley.251217/QB3.Results.260109/RSV/RSV_LP_051_Du-88_S51_L005_R2_001.fastq.gz | samtools view -@ 16 -b -F 4 -q 0 - | samtools sort -@ 16 -o /home/neil/Downloads/dudleya/Dudleya_S_genomes/full_pipeline_run/results/06_all_sample_alignment/bam/RSV_LP_051_Du-88.organelle.sorted.tmp.bam -
RSV_LP_051_Du-88	index	samtools index /home/neil/Downloads/dudleya/Dudleya_S_genomes/full_pipeline_run/results/06_all_sample_alignment/bam/RSV_LP_051_Du-88.organelle.sorted.bam
RSV_LP_051_Du-88	flagstat	samtools flagstat /home/neil/Downloads/dudleya/Dudleya_S_genomes/full_pipeline_run/results/06_all_sample_alignment/bam/RSV_LP_051_Du-88.organelle.sorted.bam
RSV_LP_051_Du-88	idxstats	samtools idxstats /home/neil/Downloads/dudleya/Dudleya_S_genomes/full_pipeline_run/results/06_all_sample_alignment/bam/RSV_LP_051_Du-88.organelle.sorted.bam
RSV_LP_051_Du-88	depth	samtools depth -aa -q 20 -Q 0 /home/neil/Downloads/dudleya/Dudleya_S_genomes/full_pipeline_run/results/06_all_sample_alignment/bam/RSV_LP_051_Du-88.organelle.sorted.bam
RSV_LP_052_Du-89	align_filter_sort	bwa mem -t 16 dudleya_organelle_reference_verification/references/dudleya_cp_mt.fa genomicsDrive_data_dump/QB3.Berkeley.251217/QB3.Results.260109/RSV/RSV_LP_052_Du-89_S62_L005_R1_001.fastq.gz genomicsDrive_data_dump/QB3.Berkeley.251217/QB3.Results.260109/RSV/RSV_LP_052_Du-89_S62_L005_R2_001.fastq.gz | samtools view -@ 16 -b -F 4 -q 0 - | samtools sort -@ 16 -o /home/neil/Downloads/dudleya/Dudleya_S_genomes/full_pipeline_run/results/06_all_sample_alignment/bam/RSV_LP_052_Du-89.organelle.sorted.tmp.bam -
RSV_LP_052_Du-89	index	samtools index /home/neil/Downloads/dudleya/Dudleya_S_genomes/full_pipeline_run/results/06_all_sample_alignment/bam/RSV_LP_052_Du-89.organelle.sorted.bam
RSV_LP_052_Du-89	flagstat	samtools flagstat /home/neil/Downloads/dudleya/Dudleya_S_genomes/full_pipeline_run/results/06_all_sample_alignment/bam/RSV_LP_052_Du-89.organelle.sorted.bam
RSV_LP_052_Du-89	idxstats	samtools idxstats /home/neil/Downloads/dudleya/Dudleya_S_genomes/full_pipeline_run/results/06_all_sample_alignment/bam/RSV_LP_052_Du-89.organelle.sorted.bam
RSV_LP_052_Du-89	depth	samtools depth -aa -q 20 -Q 0 /home/neil/Downloads/dudleya/Dudleya_S_genomes/full_pipeline_run/results/06_all_sample_alignment/bam/RSV_LP_052_Du-89.organelle.sorted.bam
RSV_LP_053_Du-90	align_filter_sort	bwa mem -t 16 dudleya_organelle_reference_verification/references/dudleya_cp_mt.fa genomicsDrive_data_dump/QB3.Berkeley.251217/QB3.Results.260109/RSV/RSV_LP_053_Du-90_S72_L005_R1_001.fastq.gz genomicsDrive_data_dump/QB3.Berkeley.251217/QB3.Results.260109/RSV/RSV_LP_053_Du-90_S72_L005_R2_001.fastq.gz | samtools view -@ 16 -b -F 4 -q 0 - | samtools sort -@ 16 -o /home/neil/Downloads/dudleya/Dudleya_S_genomes/full_pipeline_run/results/06_all_sample_alignment/bam/RSV_LP_053_Du-90.organelle.sorted.tmp.bam -
RSV_LP_053_Du-90	index	samtools index /home/neil/Downloads/dudleya/Dudleya_S_genomes/full_pipeline_run/results/06_all_sample_alignment/bam/RSV_LP_053_Du-90.organelle.sorted.bam
RSV_LP_053_Du-90	flagstat	samtools flagstat /home/neil/Downloads/dudleya/Dudleya_S_genomes/full_pipeline_run/results/06_all_sample_alignment/bam/RSV_LP_053_Du-90.organelle.sorted.bam
RSV_LP_053_Du-90	idxstats	samtools idxstats /home/neil/Downloads/dudleya/Dudleya_S_genomes/full_pipeline_run/results/06_all_sample_alignment/bam/RSV_LP_053_Du-90.organelle.sorted.bam
RSV_LP_053_Du-90	depth	samtools depth -aa -q 20 -Q 0 /home/neil/Downloads/dudleya/Dudleya_S_genomes/full_pipeline_run/results/06_all_sample_alignment/bam/RSV_LP_053_Du-90.organelle.sorted.bam
RSV_LP_055_Du-92	align_filter_sort	bwa mem -t 16 dudleya_organelle_reference_verification/references/dudleya_cp_mt.fa genomicsDrive_data_dump/QB3.Berkeley.251217/QB3.Results.260109/RSV/RSV_LP_055_Du-92_S92_L005_R1_001.fastq.gz genomicsDrive_data_dump/QB3.Berkeley.251217/QB3.Results.260109/RSV/RSV_LP_055_Du-92_S92_L005_R2_001.fastq.gz | samtools view -@ 16 -b -F 4 -q 0 - | samtools sort -@ 16 -o /home/neil/Downloads/dudleya/Dudleya_S_genomes/full_pipeline_run/results/06_all_sample_alignment/bam/RSV_LP_055_Du-92.organelle.sorted.tmp.bam -
RSV_LP_055_Du-92	index	samtools index /home/neil/Downloads/dudleya/Dudleya_S_genomes/full_pipeline_run/results/06_all_sample_alignment/bam/RSV_LP_055_Du-92.organelle.sorted.bam
RSV_LP_055_Du-92	flagstat	samtools flagstat /home/neil/Downloads/dudleya/Dudleya_S_genomes/full_pipeline_run/results/06_all_sample_alignment/bam/RSV_LP_055_Du-92.organelle.sorted.bam
RSV_LP_055_Du-92	idxstats	samtools idxstats /home/neil/Downloads/dudleya/Dudleya_S_genomes/full_pipeline_run/results/06_all_sample_alignment/bam/RSV_LP_055_Du-92.organelle.sorted.bam
RSV_LP_055_Du-92	depth	samtools depth -aa -q 20 -Q 0 /home/neil/Downloads/dudleya/Dudleya_S_genomes/full_pipeline_run/results/06_all_sample_alignment/bam/RSV_LP_055_Du-92.organelle.sorted.bam
RSV_LP_057_Du-94	align_filter_sort	bwa mem -t 16 dudleya_organelle_reference_verification/references/dudleya_cp_mt.fa genomicsDrive_data_dump/QB3.Berkeley.251217/QB3.Results.260109/RSV/RSV_LP_057_Du-94_S31_L005_R1_001.fastq.gz genomicsDrive_data_dump/QB3.Berkeley.251217/QB3.Results.260109/RSV/RSV_LP_057_Du-94_S31_L005_R2_001.fastq.gz | samtools view -@ 16 -b -F 4 -q 0 - | samtools sort -@ 16 -o /home/neil/Downloads/dudleya/Dudleya_S_genomes/full_pipeline_run/results/06_all_sample_alignment/bam/RSV_LP_057_Du-94.organelle.sorted.tmp.bam -
RSV_LP_057_Du-94	index	samtools index /home/neil/Downloads/dudleya/Dudleya_S_genomes/full_pipeline_run/results/06_all_sample_alignment/bam/RSV_LP_057_Du-94.organelle.sorted.bam
RSV_LP_057_Du-94	flagstat	samtools flagstat /home/neil/Downloads/dudleya/Dudleya_S_genomes/full_pipeline_run/results/06_all_sample_alignment/bam/RSV_LP_057_Du-94.organelle.sorted.bam
RSV_LP_057_Du-94	idxstats	samtools idxstats /home/neil/Downloads/dudleya/Dudleya_S_genomes/full_pipeline_run/results/06_all_sample_alignment/bam/RSV_LP_057_Du-94.organelle.sorted.bam
RSV_LP_057_Du-94	depth	samtools depth -aa -q 20 -Q 0 /home/neil/Downloads/dudleya/Dudleya_S_genomes/full_pipeline_run/results/06_all_sample_alignment/bam/RSV_LP_057_Du-94.organelle.sorted.bam
RSV_LP_315_Du-95	align_filter_sort	bwa mem -t 16 dudleya_organelle_reference_verification/references/dudleya_cp_mt.fa genomicsDrive_data_dump/QB3.Berkeley.251217/QB3.Results.260109/RSV/RSV_LP_315_Du-95_S27_L005_R1_001.fastq.gz genomicsDrive_data_dump/QB3.Berkeley.251217/QB3.Results.260109/RSV/RSV_LP_315_Du-95_S27_L005_R2_001.fastq.gz | samtools view -@ 16 -b -F 4 -q 0 - | samtools sort -@ 16 -o /home/neil/Downloads/dudleya/Dudleya_S_genomes/full_pipeline_run/results/06_all_sample_alignment/bam/RSV_LP_315_Du-95.organelle.sorted.tmp.bam -
RSV_LP_315_Du-95	index	samtools index /home/neil/Downloads/dudleya/Dudleya_S_genomes/full_pipeline_run/results/06_all_sample_alignment/bam/RSV_LP_315_Du-95.organelle.sorted.bam
RSV_LP_315_Du-95	flagstat	samtools flagstat /home/neil/Downloads/dudleya/Dudleya_S_genomes/full_pipeline_run/results/06_all_sample_alignment/bam/RSV_LP_315_Du-95.organelle.sorted.bam
RSV_LP_315_Du-95	idxstats	samtools idxstats /home/neil/Downloads/dudleya/Dudleya_S_genomes/full_pipeline_run/results/06_all_sample_alignment/bam/RSV_LP_315_Du-95.organelle.sorted.bam
RSV_LP_315_Du-95	depth	samtools depth -aa -q 20 -Q 0 /home/neil/Downloads/dudleya/Dudleya_S_genomes/full_pipeline_run/results/06_all_sample_alignment/bam/RSV_LP_315_Du-95.organelle.sorted.bam
RSV_LP_316_Du-96	align_filter_sort	bwa mem -t 16 dudleya_organelle_reference_verification/references/dudleya_cp_mt.fa genomicsDrive_data_dump/QB3.Berkeley.251217/QB3.Results.260109/RSV/RSV_LP_316_Du-96_S26_L005_R1_001.fastq.gz genomicsDrive_data_dump/QB3.Berkeley.251217/QB3.Results.260109/RSV/RSV_LP_316_Du-96_S26_L005_R2_001.fastq.gz | samtools view -@ 16 -b -F 4 -q 0 - | samtools sort -@ 16 -o /home/neil/Downloads/dudleya/Dudleya_S_genomes/full_pipeline_run/results/06_all_sample_alignment/bam/RSV_LP_316_Du-96.organelle.sorted.tmp.bam -
RSV_LP_316_Du-96	index	samtools index /home/neil/Downloads/dudleya/Dudleya_S_genomes/full_pipeline_run/results/06_all_sample_alignment/bam/RSV_LP_316_Du-96.organelle.sorted.bam
RSV_LP_316_Du-96	flagstat	samtools flagstat /home/neil/Downloads/dudleya/Dudleya_S_genomes/full_pipeline_run/results/06_all_sample_alignment/bam/RSV_LP_316_Du-96.organelle.sorted.bam
RSV_LP_316_Du-96	idxstats	samtools idxstats /home/neil/Downloads/dudleya/Dudleya_S_genomes/full_pipeline_run/results/06_all_sample_alignment/bam/RSV_LP_316_Du-96.organelle.sorted.bam
RSV_LP_316_Du-96	depth	samtools depth -aa -q 20 -Q 0 /home/neil/Downloads/dudleya/Dudleya_S_genomes/full_pipeline_run/results/06_all_sample_alignment/bam/RSV_LP_316_Du-96.organelle.sorted.bam
SILG_LP_149_Du-343	align_filter_sort	bwa mem -t 16 dudleya_organelle_reference_verification/references/dudleya_cp_mt.fa genomicsDrive_data_dump/QB3.Berkeley.251217/QB3.Results.260109/SILG/SILG_LP_149_Du-343_S134_L005_R1_001.fastq.gz genomicsDrive_data_dump/QB3.Berkeley.251217/QB3.Results.260109/SILG/SILG_LP_149_Du-343_S134_L005_R2_001.fastq.gz | samtools view -@ 16 -b -F 4 -q 0 - | samtools sort -@ 16 -o /home/neil/Downloads/dudleya/Dudleya_S_genomes/full_pipeline_run/results/06_all_sample_alignment/bam/SILG_LP_149_Du-343.organelle.sorted.tmp.bam -
SILG_LP_149_Du-343	index	samtools index /home/neil/Downloads/dudleya/Dudleya_S_genomes/full_pipeline_run/results/06_all_sample_alignment/bam/SILG_LP_149_Du-343.organelle.sorted.bam
SILG_LP_149_Du-343	flagstat	samtools flagstat /home/neil/Downloads/dudleya/Dudleya_S_genomes/full_pipeline_run/results/06_all_sample_alignment/bam/SILG_LP_149_Du-343.organelle.sorted.bam
SILG_LP_149_Du-343	idxstats	samtools idxstats /home/neil/Downloads/dudleya/Dudleya_S_genomes/full_pipeline_run/results/06_all_sample_alignment/bam/SILG_LP_149_Du-343.organelle.sorted.bam
SILG_LP_149_Du-343	depth	samtools depth -aa -q 20 -Q 0 /home/neil/Downloads/dudleya/Dudleya_S_genomes/full_pipeline_run/results/06_all_sample_alignment/bam/SILG_LP_149_Du-343.organelle.sorted.bam
SILG_LP_150_Du-344	align_filter_sort	bwa mem -t 16 dudleya_organelle_reference_verification/references/dudleya_cp_mt.fa genomicsDrive_data_dump/QB3.Berkeley.251217/QB3.Results.260109/SILG/SILG_LP_150_Du-344_S145_L005_R1_001.fastq.gz genomicsDrive_data_dump/QB3.Berkeley.251217/QB3.Results.260109/SILG/SILG_LP_150_Du-344_S145_L005_R2_001.fastq.gz | samtools view -@ 16 -b -F 4 -q 0 - | samtools sort -@ 16 -o /home/neil/Downloads/dudleya/Dudleya_S_genomes/full_pipeline_run/results/06_all_sample_alignment/bam/SILG_LP_150_Du-344.organelle.sorted.tmp.bam -
SILG_LP_150_Du-344	index	samtools index /home/neil/Downloads/dudleya/Dudleya_S_genomes/full_pipeline_run/results/06_all_sample_alignment/bam/SILG_LP_150_Du-344.organelle.sorted.bam
SILG_LP_150_Du-344	flagstat	samtools flagstat /home/neil/Downloads/dudleya/Dudleya_S_genomes/full_pipeline_run/results/06_all_sample_alignment/bam/SILG_LP_150_Du-344.organelle.sorted.bam
SILG_LP_150_Du-344	idxstats	samtools idxstats /home/neil/Downloads/dudleya/Dudleya_S_genomes/full_pipeline_run/results/06_all_sample_alignment/bam/SILG_LP_150_Du-344.organelle.sorted.bam
SILG_LP_150_Du-344	depth	samtools depth -aa -q 20 -Q 0 /home/neil/Downloads/dudleya/Dudleya_S_genomes/full_pipeline_run/results/06_all_sample_alignment/bam/SILG_LP_150_Du-344.organelle.sorted.bam
SILG_LP_151_Du-345	align_filter_sort	bwa mem -t 16 dudleya_organelle_reference_verification/references/dudleya_cp_mt.fa genomicsDrive_data_dump/QB3.Berkeley.251217/QB3.Results.260109/SILG/SILG_LP_151_Du-345_S155_L005_R1_001.fastq.gz genomicsDrive_data_dump/QB3.Berkeley.251217/QB3.Results.260109/SILG/SILG_LP_151_Du-345_S155_L005_R2_001.fastq.gz | samtools view -@ 16 -b -F 4 -q 0 - | samtools sort -@ 16 -o /home/neil/Downloads/dudleya/Dudleya_S_genomes/full_pipeline_run/results/06_all_sample_alignment/bam/SILG_LP_151_Du-345.organelle.sorted.tmp.bam -
SILG_LP_151_Du-345	index	samtools index /home/neil/Downloads/dudleya/Dudleya_S_genomes/full_pipeline_run/results/06_all_sample_alignment/bam/SILG_LP_151_Du-345.organelle.sorted.bam
SILG_LP_151_Du-345	flagstat	samtools flagstat /home/neil/Downloads/dudleya/Dudleya_S_genomes/full_pipeline_run/results/06_all_sample_alignment/bam/SILG_LP_151_Du-345.organelle.sorted.bam
SILG_LP_151_Du-345	idxstats	samtools idxstats /home/neil/Downloads/dudleya/Dudleya_S_genomes/full_pipeline_run/results/06_all_sample_alignment/bam/SILG_LP_151_Du-345.organelle.sorted.bam
SILG_LP_151_Du-345	depth	samtools depth -aa -q 20 -Q 0 /home/neil/Downloads/dudleya/Dudleya_S_genomes/full_pipeline_run/results/06_all_sample_alignment/bam/SILG_LP_151_Du-345.organelle.sorted.bam
SILG_LP_152_Du-346	align_filter_sort	bwa mem -t 16 dudleya_organelle_reference_verification/references/dudleya_cp_mt.fa genomicsDrive_data_dump/QB3.Berkeley.251217/QB3.Results.260109/SILG/SILG_LP_152_Du-346_S165_L005_R1_001.fastq.gz genomicsDrive_data_dump/QB3.Berkeley.251217/QB3.Results.260109/SILG/SILG_LP_152_Du-346_S165_L005_R2_001.fastq.gz | samtools view -@ 16 -b -F 4 -q 0 - | samtools sort -@ 16 -o /home/neil/Downloads/dudleya/Dudleya_S_genomes/full_pipeline_run/results/06_all_sample_alignment/bam/SILG_LP_152_Du-346.organelle.sorted.tmp.bam -
SILG_LP_152_Du-346	index	samtools index /home/neil/Downloads/dudleya/Dudleya_S_genomes/full_pipeline_run/results/06_all_sample_alignment/bam/SILG_LP_152_Du-346.organelle.sorted.bam
SILG_LP_152_Du-346	flagstat	samtools flagstat /home/neil/Downloads/dudleya/Dudleya_S_genomes/full_pipeline_run/results/06_all_sample_alignment/bam/SILG_LP_152_Du-346.organelle.sorted.bam
SILG_LP_152_Du-346	idxstats	samtools idxstats /home/neil/Downloads/dudleya/Dudleya_S_genomes/full_pipeline_run/results/06_all_sample_alignment/bam/SILG_LP_152_Du-346.organelle.sorted.bam
SILG_LP_152_Du-346	depth	samtools depth -aa -q 20 -Q 0 /home/neil/Downloads/dudleya/Dudleya_S_genomes/full_pipeline_run/results/06_all_sample_alignment/bam/SILG_LP_152_Du-346.organelle.sorted.bam
SILG_LP_153_Du-347	align_filter_sort	bwa mem -t 16 dudleya_organelle_reference_verification/references/dudleya_cp_mt.fa genomicsDrive_data_dump/QB3.Berkeley.251217/QB3.Results.260109/SILG/SILG_LP_153_Du-347_S176_L005_R1_001.fastq.gz genomicsDrive_data_dump/QB3.Berkeley.251217/QB3.Results.260109/SILG/SILG_LP_153_Du-347_S176_L005_R2_001.fastq.gz | samtools view -@ 16 -b -F 4 -q 0 - | samtools sort -@ 16 -o /home/neil/Downloads/dudleya/Dudleya_S_genomes/full_pipeline_run/results/06_all_sample_alignment/bam/SILG_LP_153_Du-347.organelle.sorted.tmp.bam -
SILG_LP_153_Du-347	index	samtools index /home/neil/Downloads/dudleya/Dudleya_S_genomes/full_pipeline_run/results/06_all_sample_alignment/bam/SILG_LP_153_Du-347.organelle.sorted.bam
SILG_LP_153_Du-347	flagstat	samtools flagstat /home/neil/Downloads/dudleya/Dudleya_S_genomes/full_pipeline_run/results/06_all_sample_alignment/bam/SILG_LP_153_Du-347.organelle.sorted.bam
SILG_LP_153_Du-347	idxstats	samtools idxstats /home/neil/Downloads/dudleya/Dudleya_S_genomes/full_pipeline_run/results/06_all_sample_alignment/bam/SILG_LP_153_Du-347.organelle.sorted.bam
SILG_LP_153_Du-347	depth	samtools depth -aa -q 20 -Q 0 /home/neil/Downloads/dudleya/Dudleya_S_genomes/full_pipeline_run/results/06_all_sample_alignment/bam/SILG_LP_153_Du-347.organelle.sorted.bam
SILG_LP_154_Du-348	align_filter_sort	bwa mem -t 16 dudleya_organelle_reference_verification/references/dudleya_cp_mt.fa genomicsDrive_data_dump/QB3.Berkeley.251217/QB3.Results.260109/SILG/SILG_LP_154_Du-348_S187_L005_R1_001.fastq.gz genomicsDrive_data_dump/QB3.Berkeley.251217/QB3.Results.260109/SILG/SILG_LP_154_Du-348_S187_L005_R2_001.fastq.gz | samtools view -@ 16 -b -F 4 -q 0 - | samtools sort -@ 16 -o /home/neil/Downloads/dudleya/Dudleya_S_genomes/full_pipeline_run/results/06_all_sample_alignment/bam/SILG_LP_154_Du-348.organelle.sorted.tmp.bam -
SILG_LP_154_Du-348	index	samtools index /home/neil/Downloads/dudleya/Dudleya_S_genomes/full_pipeline_run/results/06_all_sample_alignment/bam/SILG_LP_154_Du-348.organelle.sorted.bam
SILG_LP_154_Du-348	flagstat	samtools flagstat /home/neil/Downloads/dudleya/Dudleya_S_genomes/full_pipeline_run/results/06_all_sample_alignment/bam/SILG_LP_154_Du-348.organelle.sorted.bam
SILG_LP_154_Du-348	idxstats	samtools idxstats /home/neil/Downloads/dudleya/Dudleya_S_genomes/full_pipeline_run/results/06_all_sample_alignment/bam/SILG_LP_154_Du-348.organelle.sorted.bam
SILG_LP_154_Du-348	depth	samtools depth -aa -q 20 -Q 0 /home/neil/Downloads/dudleya/Dudleya_S_genomes/full_pipeline_run/results/06_all_sample_alignment/bam/SILG_LP_154_Du-348.organelle.sorted.bam
SILG_LP_155_Du-349	align_filter_sort	bwa mem -t 16 dudleya_organelle_reference_verification/references/dudleya_cp_mt.fa genomicsDrive_data_dump/QB3.Berkeley.251217/QB3.Results.260109/SILG/SILG_LP_155_Du-349_S116_L005_R1_001.fastq.gz genomicsDrive_data_dump/QB3.Berkeley.251217/QB3.Results.260109/SILG/SILG_LP_155_Du-349_S116_L005_R2_001.fastq.gz | samtools view -@ 16 -b -F 4 -q 0 - | samtools sort -@ 16 -o /home/neil/Downloads/dudleya/Dudleya_S_genomes/full_pipeline_run/results/06_all_sample_alignment/bam/SILG_LP_155_Du-349.organelle.sorted.tmp.bam -
SILG_LP_155_Du-349	index	samtools index /home/neil/Downloads/dudleya/Dudleya_S_genomes/full_pipeline_run/results/06_all_sample_alignment/bam/SILG_LP_155_Du-349.organelle.sorted.bam
SILG_LP_155_Du-349	flagstat	samtools flagstat /home/neil/Downloads/dudleya/Dudleya_S_genomes/full_pipeline_run/results/06_all_sample_alignment/bam/SILG_LP_155_Du-349.organelle.sorted.bam
SILG_LP_155_Du-349	idxstats	samtools idxstats /home/neil/Downloads/dudleya/Dudleya_S_genomes/full_pipeline_run/results/06_all_sample_alignment/bam/SILG_LP_155_Du-349.organelle.sorted.bam
SILG_LP_155_Du-349	depth	samtools depth -aa -q 20 -Q 0 /home/neil/Downloads/dudleya/Dudleya_S_genomes/full_pipeline_run/results/06_all_sample_alignment/bam/SILG_LP_155_Du-349.organelle.sorted.bam
SILG_LP_156_Du-350	align_filter_sort	bwa mem -t 16 dudleya_organelle_reference_verification/references/dudleya_cp_mt.fa genomicsDrive_data_dump/QB3.Berkeley.251217/QB3.Results.260109/SILG/SILG_LP_156_Du-350_S125_L005_R1_001.fastq.gz genomicsDrive_data_dump/QB3.Berkeley.251217/QB3.Results.260109/SILG/SILG_LP_156_Du-350_S125_L005_R2_001.fastq.gz | samtools view -@ 16 -b -F 4 -q 0 - | samtools sort -@ 16 -o /home/neil/Downloads/dudleya/Dudleya_S_genomes/full_pipeline_run/results/06_all_sample_alignment/bam/SILG_LP_156_Du-350.organelle.sorted.tmp.bam -
SILG_LP_156_Du-350	index	samtools index /home/neil/Downloads/dudleya/Dudleya_S_genomes/full_pipeline_run/results/06_all_sample_alignment/bam/SILG_LP_156_Du-350.organelle.sorted.bam
SILG_LP_156_Du-350	flagstat	samtools flagstat /home/neil/Downloads/dudleya/Dudleya_S_genomes/full_pipeline_run/results/06_all_sample_alignment/bam/SILG_LP_156_Du-350.organelle.sorted.bam
SILG_LP_156_Du-350	idxstats	samtools idxstats /home/neil/Downloads/dudleya/Dudleya_S_genomes/full_pipeline_run/results/06_all_sample_alignment/bam/SILG_LP_156_Du-350.organelle.sorted.bam
SILG_LP_156_Du-350	depth	samtools depth -aa -q 20 -Q 0 /home/neil/Downloads/dudleya/Dudleya_S_genomes/full_pipeline_run/results/06_all_sample_alignment/bam/SILG_LP_156_Du-350.organelle.sorted.bam
SILG_LP_157_Du-351	align_filter_sort	bwa mem -t 16 dudleya_organelle_reference_verification/references/dudleya_cp_mt.fa genomicsDrive_data_dump/QB3.Berkeley.251217/QB3.Results.260109/SILG/SILG_LP_157_Du-351_S135_L005_R1_001.fastq.gz genomicsDrive_data_dump/QB3.Berkeley.251217/QB3.Results.260109/SILG/SILG_LP_157_Du-351_S135_L005_R2_001.fastq.gz | samtools view -@ 16 -b -F 4 -q 0 - | samtools sort -@ 16 -o /home/neil/Downloads/dudleya/Dudleya_S_genomes/full_pipeline_run/results/06_all_sample_alignment/bam/SILG_LP_157_Du-351.organelle.sorted.tmp.bam -
SILG_LP_157_Du-351	index	samtools index /home/neil/Downloads/dudleya/Dudleya_S_genomes/full_pipeline_run/results/06_all_sample_alignment/bam/SILG_LP_157_Du-351.organelle.sorted.bam
SILG_LP_157_Du-351	flagstat	samtools flagstat /home/neil/Downloads/dudleya/Dudleya_S_genomes/full_pipeline_run/results/06_all_sample_alignment/bam/SILG_LP_157_Du-351.organelle.sorted.bam
SILG_LP_157_Du-351	idxstats	samtools idxstats /home/neil/Downloads/dudleya/Dudleya_S_genomes/full_pipeline_run/results/06_all_sample_alignment/bam/SILG_LP_157_Du-351.organelle.sorted.bam
SILG_LP_157_Du-351	depth	samtools depth -aa -q 20 -Q 0 /home/neil/Downloads/dudleya/Dudleya_S_genomes/full_pipeline_run/results/06_all_sample_alignment/bam/SILG_LP_157_Du-351.organelle.sorted.bam
SILG_LP_158_Du-352	align_filter_sort	bwa mem -t 16 dudleya_organelle_reference_verification/references/dudleya_cp_mt.fa genomicsDrive_data_dump/QB3.Berkeley.251217/QB3.Results.260109/SILG/SILG_LP_158_Du-352_S146_L005_R1_001.fastq.gz genomicsDrive_data_dump/QB3.Berkeley.251217/QB3.Results.260109/SILG/SILG_LP_158_Du-352_S146_L005_R2_001.fastq.gz | samtools view -@ 16 -b -F 4 -q 0 - | samtools sort -@ 16 -o /home/neil/Downloads/dudleya/Dudleya_S_genomes/full_pipeline_run/results/06_all_sample_alignment/bam/SILG_LP_158_Du-352.organelle.sorted.tmp.bam -
SILG_LP_158_Du-352	index	samtools index /home/neil/Downloads/dudleya/Dudleya_S_genomes/full_pipeline_run/results/06_all_sample_alignment/bam/SILG_LP_158_Du-352.organelle.sorted.bam
SILG_LP_158_Du-352	flagstat	samtools flagstat /home/neil/Downloads/dudleya/Dudleya_S_genomes/full_pipeline_run/results/06_all_sample_alignment/bam/SILG_LP_158_Du-352.organelle.sorted.bam
SILG_LP_158_Du-352	idxstats	samtools idxstats /home/neil/Downloads/dudleya/Dudleya_S_genomes/full_pipeline_run/results/06_all_sample_alignment/bam/SILG_LP_158_Du-352.organelle.sorted.bam
SILG_LP_158_Du-352	depth	samtools depth -aa -q 20 -Q 0 /home/neil/Downloads/dudleya/Dudleya_S_genomes/full_pipeline_run/results/06_all_sample_alignment/bam/SILG_LP_158_Du-352.organelle.sorted.bam
SILR_LP_346_Du-729	align_filter_sort	bwa mem -t 16 dudleya_organelle_reference_verification/references/dudleya_cp_mt.fa genomicsDrive_data_dump/QB3.Berkeley.251217/QB3.Results.260109/SILR/SILR_LP_346_Du-729_S267_L005_R1_001.fastq.gz genomicsDrive_data_dump/QB3.Berkeley.251217/QB3.Results.260109/SILR/SILR_LP_346_Du-729_S267_L005_R2_001.fastq.gz | samtools view -@ 16 -b -F 4 -q 0 - | samtools sort -@ 16 -o /home/neil/Downloads/dudleya/Dudleya_S_genomes/full_pipeline_run/results/06_all_sample_alignment/bam/SILR_LP_346_Du-729.organelle.sorted.tmp.bam -
SILR_LP_346_Du-729	index	samtools index /home/neil/Downloads/dudleya/Dudleya_S_genomes/full_pipeline_run/results/06_all_sample_alignment/bam/SILR_LP_346_Du-729.organelle.sorted.bam
SILR_LP_346_Du-729	flagstat	samtools flagstat /home/neil/Downloads/dudleya/Dudleya_S_genomes/full_pipeline_run/results/06_all_sample_alignment/bam/SILR_LP_346_Du-729.organelle.sorted.bam
SILR_LP_346_Du-729	idxstats	samtools idxstats /home/neil/Downloads/dudleya/Dudleya_S_genomes/full_pipeline_run/results/06_all_sample_alignment/bam/SILR_LP_346_Du-729.organelle.sorted.bam
SILR_LP_346_Du-729	depth	samtools depth -aa -q 20 -Q 0 /home/neil/Downloads/dudleya/Dudleya_S_genomes/full_pipeline_run/results/06_all_sample_alignment/bam/SILR_LP_346_Du-729.organelle.sorted.bam
SILR_LP_347_Du-730	align_filter_sort	bwa mem -t 16 dudleya_organelle_reference_verification/references/dudleya_cp_mt.fa genomicsDrive_data_dump/QB3.Berkeley.251217/QB3.Results.260109/SILR/SILR_LP_347_Du-730_S277_L005_R1_001.fastq.gz genomicsDrive_data_dump/QB3.Berkeley.251217/QB3.Results.260109/SILR/SILR_LP_347_Du-730_S277_L005_R2_001.fastq.gz | samtools view -@ 16 -b -F 4 -q 0 - | samtools sort -@ 16 -o /home/neil/Downloads/dudleya/Dudleya_S_genomes/full_pipeline_run/results/06_all_sample_alignment/bam/SILR_LP_347_Du-730.organelle.sorted.tmp.bam -
SILR_LP_347_Du-730	index	samtools index /home/neil/Downloads/dudleya/Dudleya_S_genomes/full_pipeline_run/results/06_all_sample_alignment/bam/SILR_LP_347_Du-730.organelle.sorted.bam
SILR_LP_347_Du-730	flagstat	samtools flagstat /home/neil/Downloads/dudleya/Dudleya_S_genomes/full_pipeline_run/results/06_all_sample_alignment/bam/SILR_LP_347_Du-730.organelle.sorted.bam
SILR_LP_347_Du-730	idxstats	samtools idxstats /home/neil/Downloads/dudleya/Dudleya_S_genomes/full_pipeline_run/results/06_all_sample_alignment/bam/SILR_LP_347_Du-730.organelle.sorted.bam
SILR_LP_347_Du-730	depth	samtools depth -aa -q 20 -Q 0 /home/neil/Downloads/dudleya/Dudleya_S_genomes/full_pipeline_run/results/06_all_sample_alignment/bam/SILR_LP_347_Du-730.organelle.sorted.bam
SILR_LP_348_Du-731	align_filter_sort	bwa mem -t 16 dudleya_organelle_reference_verification/references/dudleya_cp_mt.fa genomicsDrive_data_dump/QB3.Berkeley.251217/QB3.Results.260109/SILR/SILR_LP_348_Du-731_S287_L005_R1_001.fastq.gz genomicsDrive_data_dump/QB3.Berkeley.251217/QB3.Results.260109/SILR/SILR_LP_348_Du-731_S287_L005_R2_001.fastq.gz | samtools view -@ 16 -b -F 4 -q 0 - | samtools sort -@ 16 -o /home/neil/Downloads/dudleya/Dudleya_S_genomes/full_pipeline_run/results/06_all_sample_alignment/bam/SILR_LP_348_Du-731.organelle.sorted.tmp.bam -
SILR_LP_348_Du-731	index	samtools index /home/neil/Downloads/dudleya/Dudleya_S_genomes/full_pipeline_run/results/06_all_sample_alignment/bam/SILR_LP_348_Du-731.organelle.sorted.bam
SILR_LP_348_Du-731	flagstat	samtools flagstat /home/neil/Downloads/dudleya/Dudleya_S_genomes/full_pipeline_run/results/06_all_sample_alignment/bam/SILR_LP_348_Du-731.organelle.sorted.bam
SILR_LP_348_Du-731	idxstats	samtools idxstats /home/neil/Downloads/dudleya/Dudleya_S_genomes/full_pipeline_run/results/06_all_sample_alignment/bam/SILR_LP_348_Du-731.organelle.sorted.bam
SILR_LP_348_Du-731	depth	samtools depth -aa -q 20 -Q 0 /home/neil/Downloads/dudleya/Dudleya_S_genomes/full_pipeline_run/results/06_all_sample_alignment/bam/SILR_LP_348_Du-731.organelle.sorted.bam
SILR_LP_349_Du-732	align_filter_sort	bwa mem -t 16 dudleya_organelle_reference_verification/references/dudleya_cp_mt.fa genomicsDrive_data_dump/QB3.Berkeley.251217/QB3.Results.260109/SILR/SILR_LP_349_Du-732_S219_L005_R1_001.fastq.gz genomicsDrive_data_dump/QB3.Berkeley.251217/QB3.Results.260109/SILR/SILR_LP_349_Du-732_S219_L005_R2_001.fastq.gz | samtools view -@ 16 -b -F 4 -q 0 - | samtools sort -@ 16 -o /home/neil/Downloads/dudleya/Dudleya_S_genomes/full_pipeline_run/results/06_all_sample_alignment/bam/SILR_LP_349_Du-732.organelle.sorted.tmp.bam -
SILR_LP_349_Du-732	index	samtools index /home/neil/Downloads/dudleya/Dudleya_S_genomes/full_pipeline_run/results/06_all_sample_alignment/bam/SILR_LP_349_Du-732.organelle.sorted.bam
SILR_LP_349_Du-732	flagstat	samtools flagstat /home/neil/Downloads/dudleya/Dudleya_S_genomes/full_pipeline_run/results/06_all_sample_alignment/bam/SILR_LP_349_Du-732.organelle.sorted.bam
SILR_LP_349_Du-732	idxstats	samtools idxstats /home/neil/Downloads/dudleya/Dudleya_S_genomes/full_pipeline_run/results/06_all_sample_alignment/bam/SILR_LP_349_Du-732.organelle.sorted.bam
SILR_LP_349_Du-732	depth	samtools depth -aa -q 20 -Q 0 /home/neil/Downloads/dudleya/Dudleya_S_genomes/full_pipeline_run/results/06_all_sample_alignment/bam/SILR_LP_349_Du-732.organelle.sorted.bam
SILR_LP_351_Du-734	align_filter_sort	bwa mem -t 16 dudleya_organelle_reference_verification/references/dudleya_cp_mt.fa genomicsDrive_data_dump/QB3.Berkeley.251217/QB3.Results.260109/SILR/SILR_LP_351_Du-734_S241_L005_R1_001.fastq.gz genomicsDrive_data_dump/QB3.Berkeley.251217/QB3.Results.260109/SILR/SILR_LP_351_Du-734_S241_L005_R2_001.fastq.gz | samtools view -@ 16 -b -F 4 -q 0 - | samtools sort -@ 16 -o /home/neil/Downloads/dudleya/Dudleya_S_genomes/full_pipeline_run/results/06_all_sample_alignment/bam/SILR_LP_351_Du-734.organelle.sorted.tmp.bam -
SILR_LP_351_Du-734	index	samtools index /home/neil/Downloads/dudleya/Dudleya_S_genomes/full_pipeline_run/results/06_all_sample_alignment/bam/SILR_LP_351_Du-734.organelle.sorted.bam
SILR_LP_351_Du-734	flagstat	samtools flagstat /home/neil/Downloads/dudleya/Dudleya_S_genomes/full_pipeline_run/results/06_all_sample_alignment/bam/SILR_LP_351_Du-734.organelle.sorted.bam
SILR_LP_351_Du-734	idxstats	samtools idxstats /home/neil/Downloads/dudleya/Dudleya_S_genomes/full_pipeline_run/results/06_all_sample_alignment/bam/SILR_LP_351_Du-734.organelle.sorted.bam
SILR_LP_351_Du-734	depth	samtools depth -aa -q 20 -Q 0 /home/neil/Downloads/dudleya/Dudleya_S_genomes/full_pipeline_run/results/06_all_sample_alignment/bam/SILR_LP_351_Du-734.organelle.sorted.bam
SILR_LP_353_Du-736	align_filter_sort	bwa mem -t 16 dudleya_organelle_reference_verification/references/dudleya_cp_mt.fa genomicsDrive_data_dump/QB3.Berkeley.251217/QB3.Results.260109/SILR/SILR_LP_353_Du-736_S258_L005_R1_001.fastq.gz genomicsDrive_data_dump/QB3.Berkeley.251217/QB3.Results.260109/SILR/SILR_LP_353_Du-736_S258_L005_R2_001.fastq.gz | samtools view -@ 16 -b -F 4 -q 0 - | samtools sort -@ 16 -o /home/neil/Downloads/dudleya/Dudleya_S_genomes/full_pipeline_run/results/06_all_sample_alignment/bam/SILR_LP_353_Du-736.organelle.sorted.tmp.bam -
SILR_LP_353_Du-736	index	samtools index /home/neil/Downloads/dudleya/Dudleya_S_genomes/full_pipeline_run/results/06_all_sample_alignment/bam/SILR_LP_353_Du-736.organelle.sorted.bam
SILR_LP_353_Du-736	flagstat	samtools flagstat /home/neil/Downloads/dudleya/Dudleya_S_genomes/full_pipeline_run/results/06_all_sample_alignment/bam/SILR_LP_353_Du-736.organelle.sorted.bam
SILR_LP_353_Du-736	idxstats	samtools idxstats /home/neil/Downloads/dudleya/Dudleya_S_genomes/full_pipeline_run/results/06_all_sample_alignment/bam/SILR_LP_353_Du-736.organelle.sorted.bam
SILR_LP_353_Du-736	depth	samtools depth -aa -q 20 -Q 0 /home/neil/Downloads/dudleya/Dudleya_S_genomes/full_pipeline_run/results/06_all_sample_alignment/bam/SILR_LP_353_Du-736.organelle.sorted.bam
STI_LP_027_Du-45	align_filter_sort	bwa mem -t 16 dudleya_organelle_reference_verification/references/dudleya_cp_mt.fa genomicsDrive_data_dump/QB3.Berkeley.251217/QB3.Results.260109/STI/STI_LP_027_Du-45_S100_L005_R1_001.fastq.gz genomicsDrive_data_dump/QB3.Berkeley.251217/QB3.Results.260109/STI/STI_LP_027_Du-45_S100_L005_R2_001.fastq.gz | samtools view -@ 16 -b -F 4 -q 0 - | samtools sort -@ 16 -o /home/neil/Downloads/dudleya/Dudleya_S_genomes/full_pipeline_run/results/06_all_sample_alignment/bam/STI_LP_027_Du-45.organelle.sorted.tmp.bam -
STI_LP_027_Du-45	index	samtools index /home/neil/Downloads/dudleya/Dudleya_S_genomes/full_pipeline_run/results/06_all_sample_alignment/bam/STI_LP_027_Du-45.organelle.sorted.bam
STI_LP_027_Du-45	flagstat	samtools flagstat /home/neil/Downloads/dudleya/Dudleya_S_genomes/full_pipeline_run/results/06_all_sample_alignment/bam/STI_LP_027_Du-45.organelle.sorted.bam
STI_LP_027_Du-45	idxstats	samtools idxstats /home/neil/Downloads/dudleya/Dudleya_S_genomes/full_pipeline_run/results/06_all_sample_alignment/bam/STI_LP_027_Du-45.organelle.sorted.bam
STI_LP_027_Du-45	depth	samtools depth -aa -q 20 -Q 0 /home/neil/Downloads/dudleya/Dudleya_S_genomes/full_pipeline_run/results/06_all_sample_alignment/bam/STI_LP_027_Du-45.organelle.sorted.bam
STI_LP_028_Du-46	align_filter_sort	bwa mem -t 16 dudleya_organelle_reference_verification/references/dudleya_cp_mt.fa genomicsDrive_data_dump/QB3.Berkeley.251217/QB3.Results.260109/STI/STI_LP_028_Du-46_S28_L005_R1_001.fastq.gz genomicsDrive_data_dump/QB3.Berkeley.251217/QB3.Results.260109/STI/STI_LP_028_Du-46_S28_L005_R2_001.fastq.gz | samtools view -@ 16 -b -F 4 -q 0 - | samtools sort -@ 16 -o /home/neil/Downloads/dudleya/Dudleya_S_genomes/full_pipeline_run/results/06_all_sample_alignment/bam/STI_LP_028_Du-46.organelle.sorted.tmp.bam -
STI_LP_028_Du-46	index	samtools index /home/neil/Downloads/dudleya/Dudleya_S_genomes/full_pipeline_run/results/06_all_sample_alignment/bam/STI_LP_028_Du-46.organelle.sorted.bam
STI_LP_028_Du-46	flagstat	samtools flagstat /home/neil/Downloads/dudleya/Dudleya_S_genomes/full_pipeline_run/results/06_all_sample_alignment/bam/STI_LP_028_Du-46.organelle.sorted.bam
STI_LP_028_Du-46	idxstats	samtools idxstats /home/neil/Downloads/dudleya/Dudleya_S_genomes/full_pipeline_run/results/06_all_sample_alignment/bam/STI_LP_028_Du-46.organelle.sorted.bam
STI_LP_028_Du-46	depth	samtools depth -aa -q 20 -Q 0 /home/neil/Downloads/dudleya/Dudleya_S_genomes/full_pipeline_run/results/06_all_sample_alignment/bam/STI_LP_028_Du-46.organelle.sorted.bam
STI_LP_029_Du-47	align_filter_sort	bwa mem -t 16 dudleya_organelle_reference_verification/references/dudleya_cp_mt.fa genomicsDrive_data_dump/QB3.Berkeley.251217/QB3.Results.260109/STI/STI_LP_029_Du-47_S38_L005_R1_001.fastq.gz genomicsDrive_data_dump/QB3.Berkeley.251217/QB3.Results.260109/STI/STI_LP_029_Du-47_S38_L005_R2_001.fastq.gz | samtools view -@ 16 -b -F 4 -q 0 - | samtools sort -@ 16 -o /home/neil/Downloads/dudleya/Dudleya_S_genomes/full_pipeline_run/results/06_all_sample_alignment/bam/STI_LP_029_Du-47.organelle.sorted.tmp.bam -
STI_LP_029_Du-47	index	samtools index /home/neil/Downloads/dudleya/Dudleya_S_genomes/full_pipeline_run/results/06_all_sample_alignment/bam/STI_LP_029_Du-47.organelle.sorted.bam
STI_LP_029_Du-47	flagstat	samtools flagstat /home/neil/Downloads/dudleya/Dudleya_S_genomes/full_pipeline_run/results/06_all_sample_alignment/bam/STI_LP_029_Du-47.organelle.sorted.bam
STI_LP_029_Du-47	idxstats	samtools idxstats /home/neil/Downloads/dudleya/Dudleya_S_genomes/full_pipeline_run/results/06_all_sample_alignment/bam/STI_LP_029_Du-47.organelle.sorted.bam
STI_LP_029_Du-47	depth	samtools depth -aa -q 20 -Q 0 /home/neil/Downloads/dudleya/Dudleya_S_genomes/full_pipeline_run/results/06_all_sample_alignment/bam/STI_LP_029_Du-47.organelle.sorted.bam
STI_LP_030_Du-48	align_filter_sort	bwa mem -t 16 dudleya_organelle_reference_verification/references/dudleya_cp_mt.fa genomicsDrive_data_dump/QB3.Berkeley.251217/QB3.Results.260109/STI/STI_LP_030_Du-48_S48_L005_R1_001.fastq.gz genomicsDrive_data_dump/QB3.Berkeley.251217/QB3.Results.260109/STI/STI_LP_030_Du-48_S48_L005_R2_001.fastq.gz | samtools view -@ 16 -b -F 4 -q 0 - | samtools sort -@ 16 -o /home/neil/Downloads/dudleya/Dudleya_S_genomes/full_pipeline_run/results/06_all_sample_alignment/bam/STI_LP_030_Du-48.organelle.sorted.tmp.bam -
STI_LP_030_Du-48	index	samtools index /home/neil/Downloads/dudleya/Dudleya_S_genomes/full_pipeline_run/results/06_all_sample_alignment/bam/STI_LP_030_Du-48.organelle.sorted.bam
STI_LP_030_Du-48	flagstat	samtools flagstat /home/neil/Downloads/dudleya/Dudleya_S_genomes/full_pipeline_run/results/06_all_sample_alignment/bam/STI_LP_030_Du-48.organelle.sorted.bam
STI_LP_030_Du-48	idxstats	samtools idxstats /home/neil/Downloads/dudleya/Dudleya_S_genomes/full_pipeline_run/results/06_all_sample_alignment/bam/STI_LP_030_Du-48.organelle.sorted.bam
STI_LP_030_Du-48	depth	samtools depth -aa -q 20 -Q 0 /home/neil/Downloads/dudleya/Dudleya_S_genomes/full_pipeline_run/results/06_all_sample_alignment/bam/STI_LP_030_Du-48.organelle.sorted.bam
STI_LP_031_Du-49	align_filter_sort	bwa mem -t 16 dudleya_organelle_reference_verification/references/dudleya_cp_mt.fa genomicsDrive_data_dump/QB3.Berkeley.251217/QB3.Results.260109/STI/STI_LP_031_Du-49_S59_L005_R1_001.fastq.gz genomicsDrive_data_dump/QB3.Berkeley.251217/QB3.Results.260109/STI/STI_LP_031_Du-49_S59_L005_R2_001.fastq.gz | samtools view -@ 16 -b -F 4 -q 0 - | samtools sort -@ 16 -o /home/neil/Downloads/dudleya/Dudleya_S_genomes/full_pipeline_run/results/06_all_sample_alignment/bam/STI_LP_031_Du-49.organelle.sorted.tmp.bam -
STI_LP_031_Du-49	index	samtools index /home/neil/Downloads/dudleya/Dudleya_S_genomes/full_pipeline_run/results/06_all_sample_alignment/bam/STI_LP_031_Du-49.organelle.sorted.bam
STI_LP_031_Du-49	flagstat	samtools flagstat /home/neil/Downloads/dudleya/Dudleya_S_genomes/full_pipeline_run/results/06_all_sample_alignment/bam/STI_LP_031_Du-49.organelle.sorted.bam
STI_LP_031_Du-49	idxstats	samtools idxstats /home/neil/Downloads/dudleya/Dudleya_S_genomes/full_pipeline_run/results/06_all_sample_alignment/bam/STI_LP_031_Du-49.organelle.sorted.bam
STI_LP_031_Du-49	depth	samtools depth -aa -q 20 -Q 0 /home/neil/Downloads/dudleya/Dudleya_S_genomes/full_pipeline_run/results/06_all_sample_alignment/bam/STI_LP_031_Du-49.organelle.sorted.bam
STI_LP_032_Du-50	align_filter_sort	bwa mem -t 16 dudleya_organelle_reference_verification/references/dudleya_cp_mt.fa genomicsDrive_data_dump/QB3.Berkeley.251217/QB3.Results.260109/STI/STI_LP_032_Du-50_S69_L005_R1_001.fastq.gz genomicsDrive_data_dump/QB3.Berkeley.251217/QB3.Results.260109/STI/STI_LP_032_Du-50_S69_L005_R2_001.fastq.gz | samtools view -@ 16 -b -F 4 -q 0 - | samtools sort -@ 16 -o /home/neil/Downloads/dudleya/Dudleya_S_genomes/full_pipeline_run/results/06_all_sample_alignment/bam/STI_LP_032_Du-50.organelle.sorted.tmp.bam -
STI_LP_032_Du-50	index	samtools index /home/neil/Downloads/dudleya/Dudleya_S_genomes/full_pipeline_run/results/06_all_sample_alignment/bam/STI_LP_032_Du-50.organelle.sorted.bam
STI_LP_032_Du-50	flagstat	samtools flagstat /home/neil/Downloads/dudleya/Dudleya_S_genomes/full_pipeline_run/results/06_all_sample_alignment/bam/STI_LP_032_Du-50.organelle.sorted.bam
STI_LP_032_Du-50	idxstats	samtools idxstats /home/neil/Downloads/dudleya/Dudleya_S_genomes/full_pipeline_run/results/06_all_sample_alignment/bam/STI_LP_032_Du-50.organelle.sorted.bam
STI_LP_032_Du-50	depth	samtools depth -aa -q 20 -Q 0 /home/neil/Downloads/dudleya/Dudleya_S_genomes/full_pipeline_run/results/06_all_sample_alignment/bam/STI_LP_032_Du-50.organelle.sorted.bam
STI_LP_033_Du-51	align_filter_sort	bwa mem -t 16 dudleya_organelle_reference_verification/references/dudleya_cp_mt.fa genomicsDrive_data_dump/QB3.Berkeley.251217/QB3.Results.260109/STI/STI_LP_033_Du-51_S80_L005_R1_001.fastq.gz genomicsDrive_data_dump/QB3.Berkeley.251217/QB3.Results.260109/STI/STI_LP_033_Du-51_S80_L005_R2_001.fastq.gz | samtools view -@ 16 -b -F 4 -q 0 - | samtools sort -@ 16 -o /home/neil/Downloads/dudleya/Dudleya_S_genomes/full_pipeline_run/results/06_all_sample_alignment/bam/STI_LP_033_Du-51.organelle.sorted.tmp.bam -
STI_LP_033_Du-51	index	samtools index /home/neil/Downloads/dudleya/Dudleya_S_genomes/full_pipeline_run/results/06_all_sample_alignment/bam/STI_LP_033_Du-51.organelle.sorted.bam
STI_LP_033_Du-51	flagstat	samtools flagstat /home/neil/Downloads/dudleya/Dudleya_S_genomes/full_pipeline_run/results/06_all_sample_alignment/bam/STI_LP_033_Du-51.organelle.sorted.bam
STI_LP_033_Du-51	idxstats	samtools idxstats /home/neil/Downloads/dudleya/Dudleya_S_genomes/full_pipeline_run/results/06_all_sample_alignment/bam/STI_LP_033_Du-51.organelle.sorted.bam
STI_LP_033_Du-51	depth	samtools depth -aa -q 20 -Q 0 /home/neil/Downloads/dudleya/Dudleya_S_genomes/full_pipeline_run/results/06_all_sample_alignment/bam/STI_LP_033_Du-51.organelle.sorted.bam
STI_LP_034_Du-52	align_filter_sort	bwa mem -t 16 dudleya_organelle_reference_verification/references/dudleya_cp_mt.fa genomicsDrive_data_dump/QB3.Berkeley.251217/QB3.Results.260109/STI/STI_LP_034_Du-52_S101_L005_R1_001.fastq.gz genomicsDrive_data_dump/QB3.Berkeley.251217/QB3.Results.260109/STI/STI_LP_034_Du-52_S101_L005_R2_001.fastq.gz | samtools view -@ 16 -b -F 4 -q 0 - | samtools sort -@ 16 -o /home/neil/Downloads/dudleya/Dudleya_S_genomes/full_pipeline_run/results/06_all_sample_alignment/bam/STI_LP_034_Du-52.organelle.sorted.tmp.bam -
STI_LP_034_Du-52	index	samtools index /home/neil/Downloads/dudleya/Dudleya_S_genomes/full_pipeline_run/results/06_all_sample_alignment/bam/STI_LP_034_Du-52.organelle.sorted.bam
STI_LP_034_Du-52	flagstat	samtools flagstat /home/neil/Downloads/dudleya/Dudleya_S_genomes/full_pipeline_run/results/06_all_sample_alignment/bam/STI_LP_034_Du-52.organelle.sorted.bam
STI_LP_034_Du-52	idxstats	samtools idxstats /home/neil/Downloads/dudleya/Dudleya_S_genomes/full_pipeline_run/results/06_all_sample_alignment/bam/STI_LP_034_Du-52.organelle.sorted.bam
STI_LP_034_Du-52	depth	samtools depth -aa -q 20 -Q 0 /home/neil/Downloads/dudleya/Dudleya_S_genomes/full_pipeline_run/results/06_all_sample_alignment/bam/STI_LP_034_Du-52.organelle.sorted.bam
STI_LP_035_Du-53	align_filter_sort	bwa mem -t 16 dudleya_organelle_reference_verification/references/dudleya_cp_mt.fa genomicsDrive_data_dump/QB3.Berkeley.251217/QB3.Results.260109/STI/STI_LP_035_Du-53_S49_L005_R1_001.fastq.gz genomicsDrive_data_dump/QB3.Berkeley.251217/QB3.Results.260109/STI/STI_LP_035_Du-53_S49_L005_R2_001.fastq.gz | samtools view -@ 16 -b -F 4 -q 0 - | samtools sort -@ 16 -o /home/neil/Downloads/dudleya/Dudleya_S_genomes/full_pipeline_run/results/06_all_sample_alignment/bam/STI_LP_035_Du-53.organelle.sorted.tmp.bam -
STI_LP_035_Du-53	index	samtools index /home/neil/Downloads/dudleya/Dudleya_S_genomes/full_pipeline_run/results/06_all_sample_alignment/bam/STI_LP_035_Du-53.organelle.sorted.bam
STI_LP_035_Du-53	flagstat	samtools flagstat /home/neil/Downloads/dudleya/Dudleya_S_genomes/full_pipeline_run/results/06_all_sample_alignment/bam/STI_LP_035_Du-53.organelle.sorted.bam
STI_LP_035_Du-53	idxstats	samtools idxstats /home/neil/Downloads/dudleya/Dudleya_S_genomes/full_pipeline_run/results/06_all_sample_alignment/bam/STI_LP_035_Du-53.organelle.sorted.bam
STI_LP_035_Du-53	depth	samtools depth -aa -q 20 -Q 0 /home/neil/Downloads/dudleya/Dudleya_S_genomes/full_pipeline_run/results/06_all_sample_alignment/bam/STI_LP_035_Du-53.organelle.sorted.bam
STI_LP_036_Du-54	align_filter_sort	bwa mem -t 16 dudleya_organelle_reference_verification/references/dudleya_cp_mt.fa genomicsDrive_data_dump/QB3.Berkeley.251217/QB3.Results.260109/STI/STI_LP_036_Du-54_S60_L005_R1_001.fastq.gz genomicsDrive_data_dump/QB3.Berkeley.251217/QB3.Results.260109/STI/STI_LP_036_Du-54_S60_L005_R2_001.fastq.gz | samtools view -@ 16 -b -F 4 -q 0 - | samtools sort -@ 16 -o /home/neil/Downloads/dudleya/Dudleya_S_genomes/full_pipeline_run/results/06_all_sample_alignment/bam/STI_LP_036_Du-54.organelle.sorted.tmp.bam -
STI_LP_036_Du-54	index	samtools index /home/neil/Downloads/dudleya/Dudleya_S_genomes/full_pipeline_run/results/06_all_sample_alignment/bam/STI_LP_036_Du-54.organelle.sorted.bam
STI_LP_036_Du-54	flagstat	samtools flagstat /home/neil/Downloads/dudleya/Dudleya_S_genomes/full_pipeline_run/results/06_all_sample_alignment/bam/STI_LP_036_Du-54.organelle.sorted.bam
STI_LP_036_Du-54	idxstats	samtools idxstats /home/neil/Downloads/dudleya/Dudleya_S_genomes/full_pipeline_run/results/06_all_sample_alignment/bam/STI_LP_036_Du-54.organelle.sorted.bam
STI_LP_036_Du-54	depth	samtools depth -aa -q 20 -Q 0 /home/neil/Downloads/dudleya/Dudleya_S_genomes/full_pipeline_run/results/06_all_sample_alignment/bam/STI_LP_036_Du-54.organelle.sorted.bam
STI_LP_037_Du-55	align_filter_sort	bwa mem -t 16 dudleya_organelle_reference_verification/references/dudleya_cp_mt.fa genomicsDrive_data_dump/QB3.Berkeley.251217/QB3.Results.260109/STI/STI_LP_037_Du-55_S70_L005_R1_001.fastq.gz genomicsDrive_data_dump/QB3.Berkeley.251217/QB3.Results.260109/STI/STI_LP_037_Du-55_S70_L005_R2_001.fastq.gz | samtools view -@ 16 -b -F 4 -q 0 - | samtools sort -@ 16 -o /home/neil/Downloads/dudleya/Dudleya_S_genomes/full_pipeline_run/results/06_all_sample_alignment/bam/STI_LP_037_Du-55.organelle.sorted.tmp.bam -
STI_LP_037_Du-55	index	samtools index /home/neil/Downloads/dudleya/Dudleya_S_genomes/full_pipeline_run/results/06_all_sample_alignment/bam/STI_LP_037_Du-55.organelle.sorted.bam
STI_LP_037_Du-55	flagstat	samtools flagstat /home/neil/Downloads/dudleya/Dudleya_S_genomes/full_pipeline_run/results/06_all_sample_alignment/bam/STI_LP_037_Du-55.organelle.sorted.bam
STI_LP_037_Du-55	idxstats	samtools idxstats /home/neil/Downloads/dudleya/Dudleya_S_genomes/full_pipeline_run/results/06_all_sample_alignment/bam/STI_LP_037_Du-55.organelle.sorted.bam
STI_LP_037_Du-55	depth	samtools depth -aa -q 20 -Q 0 /home/neil/Downloads/dudleya/Dudleya_S_genomes/full_pipeline_run/results/06_all_sample_alignment/bam/STI_LP_037_Du-55.organelle.sorted.bam
STI_LP_038_Du-56	align_filter_sort	bwa mem -t 16 dudleya_organelle_reference_verification/references/dudleya_cp_mt.fa genomicsDrive_data_dump/QB3.Berkeley.251217/QB3.Results.260109/STI/STI_LP_038_Du-56_S81_L005_R1_001.fastq.gz genomicsDrive_data_dump/QB3.Berkeley.251217/QB3.Results.260109/STI/STI_LP_038_Du-56_S81_L005_R2_001.fastq.gz | samtools view -@ 16 -b -F 4 -q 0 - | samtools sort -@ 16 -o /home/neil/Downloads/dudleya/Dudleya_S_genomes/full_pipeline_run/results/06_all_sample_alignment/bam/STI_LP_038_Du-56.organelle.sorted.tmp.bam -
STI_LP_038_Du-56	index	samtools index /home/neil/Downloads/dudleya/Dudleya_S_genomes/full_pipeline_run/results/06_all_sample_alignment/bam/STI_LP_038_Du-56.organelle.sorted.bam
STI_LP_038_Du-56	flagstat	samtools flagstat /home/neil/Downloads/dudleya/Dudleya_S_genomes/full_pipeline_run/results/06_all_sample_alignment/bam/STI_LP_038_Du-56.organelle.sorted.bam
STI_LP_038_Du-56	idxstats	samtools idxstats /home/neil/Downloads/dudleya/Dudleya_S_genomes/full_pipeline_run/results/06_all_sample_alignment/bam/STI_LP_038_Du-56.organelle.sorted.bam
STI_LP_038_Du-56	depth	samtools depth -aa -q 20 -Q 0 /home/neil/Downloads/dudleya/Dudleya_S_genomes/full_pipeline_run/results/06_all_sample_alignment/bam/STI_LP_038_Du-56.organelle.sorted.bam
STI_LP_039_Du-57	align_filter_sort	bwa mem -t 16 dudleya_organelle_reference_verification/references/dudleya_cp_mt.fa genomicsDrive_data_dump/QB3.Berkeley.251217/QB3.Results.260109/STI/STI_LP_039_Du-57_S90_L005_R1_001.fastq.gz genomicsDrive_data_dump/QB3.Berkeley.251217/QB3.Results.260109/STI/STI_LP_039_Du-57_S90_L005_R2_001.fastq.gz | samtools view -@ 16 -b -F 4 -q 0 - | samtools sort -@ 16 -o /home/neil/Downloads/dudleya/Dudleya_S_genomes/full_pipeline_run/results/06_all_sample_alignment/bam/STI_LP_039_Du-57.organelle.sorted.tmp.bam -
STI_LP_039_Du-57	index	samtools index /home/neil/Downloads/dudleya/Dudleya_S_genomes/full_pipeline_run/results/06_all_sample_alignment/bam/STI_LP_039_Du-57.organelle.sorted.bam
STI_LP_039_Du-57	flagstat	samtools flagstat /home/neil/Downloads/dudleya/Dudleya_S_genomes/full_pipeline_run/results/06_all_sample_alignment/bam/STI_LP_039_Du-57.organelle.sorted.bam
STI_LP_039_Du-57	idxstats	samtools idxstats /home/neil/Downloads/dudleya/Dudleya_S_genomes/full_pipeline_run/results/06_all_sample_alignment/bam/STI_LP_039_Du-57.organelle.sorted.bam
STI_LP_039_Du-57	depth	samtools depth -aa -q 20 -Q 0 /home/neil/Downloads/dudleya/Dudleya_S_genomes/full_pipeline_run/results/06_all_sample_alignment/bam/STI_LP_039_Du-57.organelle.sorted.bam
STI_LP_040_Du-58	align_filter_sort	bwa mem -t 16 dudleya_organelle_reference_verification/references/dudleya_cp_mt.fa genomicsDrive_data_dump/QB3.Berkeley.251217/QB3.Results.260109/STI/STI_LP_040_Du-58_S102_L005_R1_001.fastq.gz genomicsDrive_data_dump/QB3.Berkeley.251217/QB3.Results.260109/STI/STI_LP_040_Du-58_S102_L005_R2_001.fastq.gz | samtools view -@ 16 -b -F 4 -q 0 - | samtools sort -@ 16 -o /home/neil/Downloads/dudleya/Dudleya_S_genomes/full_pipeline_run/results/06_all_sample_alignment/bam/STI_LP_040_Du-58.organelle.sorted.tmp.bam -
STI_LP_040_Du-58	index	samtools index /home/neil/Downloads/dudleya/Dudleya_S_genomes/full_pipeline_run/results/06_all_sample_alignment/bam/STI_LP_040_Du-58.organelle.sorted.bam
STI_LP_040_Du-58	flagstat	samtools flagstat /home/neil/Downloads/dudleya/Dudleya_S_genomes/full_pipeline_run/results/06_all_sample_alignment/bam/STI_LP_040_Du-58.organelle.sorted.bam
STI_LP_040_Du-58	idxstats	samtools idxstats /home/neil/Downloads/dudleya/Dudleya_S_genomes/full_pipeline_run/results/06_all_sample_alignment/bam/STI_LP_040_Du-58.organelle.sorted.bam
STI_LP_040_Du-58	depth	samtools depth -aa -q 20 -Q 0 /home/neil/Downloads/dudleya/Dudleya_S_genomes/full_pipeline_run/results/06_all_sample_alignment/bam/STI_LP_040_Du-58.organelle.sorted.bam
STI_LP_041_Du-60	align_filter_sort	bwa mem -t 16 dudleya_organelle_reference_verification/references/dudleya_cp_mt.fa genomicsDrive_data_dump/QB3.Berkeley.251217/QB3.Results.260109/STI/STI_LP_041_Du-60_S29_L005_R1_001.fastq.gz genomicsDrive_data_dump/QB3.Berkeley.251217/QB3.Results.260109/STI/STI_LP_041_Du-60_S29_L005_R2_001.fastq.gz | samtools view -@ 16 -b -F 4 -q 0 - | samtools sort -@ 16 -o /home/neil/Downloads/dudleya/Dudleya_S_genomes/full_pipeline_run/results/06_all_sample_alignment/bam/STI_LP_041_Du-60.organelle.sorted.tmp.bam -
STI_LP_041_Du-60	index	samtools index /home/neil/Downloads/dudleya/Dudleya_S_genomes/full_pipeline_run/results/06_all_sample_alignment/bam/STI_LP_041_Du-60.organelle.sorted.bam
STI_LP_041_Du-60	flagstat	samtools flagstat /home/neil/Downloads/dudleya/Dudleya_S_genomes/full_pipeline_run/results/06_all_sample_alignment/bam/STI_LP_041_Du-60.organelle.sorted.bam
STI_LP_041_Du-60	idxstats	samtools idxstats /home/neil/Downloads/dudleya/Dudleya_S_genomes/full_pipeline_run/results/06_all_sample_alignment/bam/STI_LP_041_Du-60.organelle.sorted.bam
STI_LP_041_Du-60	depth	samtools depth -aa -q 20 -Q 0 /home/neil/Downloads/dudleya/Dudleya_S_genomes/full_pipeline_run/results/06_all_sample_alignment/bam/STI_LP_041_Du-60.organelle.sorted.bam
STI_LP_042_Du-61	align_filter_sort	bwa mem -t 16 dudleya_organelle_reference_verification/references/dudleya_cp_mt.fa genomicsDrive_data_dump/QB3.Berkeley.251217/QB3.Results.260109/STI/STI_LP_042_Du-61_S39_L005_R1_001.fastq.gz genomicsDrive_data_dump/QB3.Berkeley.251217/QB3.Results.260109/STI/STI_LP_042_Du-61_S39_L005_R2_001.fastq.gz | samtools view -@ 16 -b -F 4 -q 0 - | samtools sort -@ 16 -o /home/neil/Downloads/dudleya/Dudleya_S_genomes/full_pipeline_run/results/06_all_sample_alignment/bam/STI_LP_042_Du-61.organelle.sorted.tmp.bam -
STI_LP_042_Du-61	index	samtools index /home/neil/Downloads/dudleya/Dudleya_S_genomes/full_pipeline_run/results/06_all_sample_alignment/bam/STI_LP_042_Du-61.organelle.sorted.bam
STI_LP_042_Du-61	flagstat	samtools flagstat /home/neil/Downloads/dudleya/Dudleya_S_genomes/full_pipeline_run/results/06_all_sample_alignment/bam/STI_LP_042_Du-61.organelle.sorted.bam
STI_LP_042_Du-61	idxstats	samtools idxstats /home/neil/Downloads/dudleya/Dudleya_S_genomes/full_pipeline_run/results/06_all_sample_alignment/bam/STI_LP_042_Du-61.organelle.sorted.bam
STI_LP_042_Du-61	depth	samtools depth -aa -q 20 -Q 0 /home/neil/Downloads/dudleya/Dudleya_S_genomes/full_pipeline_run/results/06_all_sample_alignment/bam/STI_LP_042_Du-61.organelle.sorted.bam
TIL_LP_123_Du-263	align_filter_sort	bwa mem -t 16 dudleya_organelle_reference_verification/references/dudleya_cp_mt.fa genomicsDrive_data_dump/QB3.Berkeley.251217/QB3.Results.260109/TIL/TIL_LP_123_Du-263_S112_L005_R1_001.fastq.gz genomicsDrive_data_dump/QB3.Berkeley.251217/QB3.Results.260109/TIL/TIL_LP_123_Du-263_S112_L005_R2_001.fastq.gz | samtools view -@ 16 -b -F 4 -q 0 - | samtools sort -@ 16 -o /home/neil/Downloads/dudleya/Dudleya_S_genomes/full_pipeline_run/results/06_all_sample_alignment/bam/TIL_LP_123_Du-263.organelle.sorted.tmp.bam -
TIL_LP_123_Du-263	index	samtools index /home/neil/Downloads/dudleya/Dudleya_S_genomes/full_pipeline_run/results/06_all_sample_alignment/bam/TIL_LP_123_Du-263.organelle.sorted.bam
TIL_LP_123_Du-263	flagstat	samtools flagstat /home/neil/Downloads/dudleya/Dudleya_S_genomes/full_pipeline_run/results/06_all_sample_alignment/bam/TIL_LP_123_Du-263.organelle.sorted.bam
TIL_LP_123_Du-263	idxstats	samtools idxstats /home/neil/Downloads/dudleya/Dudleya_S_genomes/full_pipeline_run/results/06_all_sample_alignment/bam/TIL_LP_123_Du-263.organelle.sorted.bam
TIL_LP_123_Du-263	depth	samtools depth -aa -q 20 -Q 0 /home/neil/Downloads/dudleya/Dudleya_S_genomes/full_pipeline_run/results/06_all_sample_alignment/bam/TIL_LP_123_Du-263.organelle.sorted.bam
TIL_LP_124_Du-264	align_filter_sort	bwa mem -t 16 dudleya_organelle_reference_verification/references/dudleya_cp_mt.fa genomicsDrive_data_dump/QB3.Berkeley.251217/QB3.Results.260109/TIL/TIL_LP_124_Du-264_S121_L005_R1_001.fastq.gz genomicsDrive_data_dump/QB3.Berkeley.251217/QB3.Results.260109/TIL/TIL_LP_124_Du-264_S121_L005_R2_001.fastq.gz | samtools view -@ 16 -b -F 4 -q 0 - | samtools sort -@ 16 -o /home/neil/Downloads/dudleya/Dudleya_S_genomes/full_pipeline_run/results/06_all_sample_alignment/bam/TIL_LP_124_Du-264.organelle.sorted.tmp.bam -
TIL_LP_124_Du-264	index	samtools index /home/neil/Downloads/dudleya/Dudleya_S_genomes/full_pipeline_run/results/06_all_sample_alignment/bam/TIL_LP_124_Du-264.organelle.sorted.bam
TIL_LP_124_Du-264	flagstat	samtools flagstat /home/neil/Downloads/dudleya/Dudleya_S_genomes/full_pipeline_run/results/06_all_sample_alignment/bam/TIL_LP_124_Du-264.organelle.sorted.bam
TIL_LP_124_Du-264	idxstats	samtools idxstats /home/neil/Downloads/dudleya/Dudleya_S_genomes/full_pipeline_run/results/06_all_sample_alignment/bam/TIL_LP_124_Du-264.organelle.sorted.bam
TIL_LP_124_Du-264	depth	samtools depth -aa -q 20 -Q 0 /home/neil/Downloads/dudleya/Dudleya_S_genomes/full_pipeline_run/results/06_all_sample_alignment/bam/TIL_LP_124_Du-264.organelle.sorted.bam
TIL_LP_125_Du-265	align_filter_sort	bwa mem -t 16 dudleya_organelle_reference_verification/references/dudleya_cp_mt.fa genomicsDrive_data_dump/QB3.Berkeley.251217/QB3.Results.260109/TIL/TIL_LP_125_Du-265_S132_L005_R1_001.fastq.gz genomicsDrive_data_dump/QB3.Berkeley.251217/QB3.Results.260109/TIL/TIL_LP_125_Du-265_S132_L005_R2_001.fastq.gz | samtools view -@ 16 -b -F 4 -q 0 - | samtools sort -@ 16 -o /home/neil/Downloads/dudleya/Dudleya_S_genomes/full_pipeline_run/results/06_all_sample_alignment/bam/TIL_LP_125_Du-265.organelle.sorted.tmp.bam -
TIL_LP_125_Du-265	index	samtools index /home/neil/Downloads/dudleya/Dudleya_S_genomes/full_pipeline_run/results/06_all_sample_alignment/bam/TIL_LP_125_Du-265.organelle.sorted.bam
TIL_LP_125_Du-265	flagstat	samtools flagstat /home/neil/Downloads/dudleya/Dudleya_S_genomes/full_pipeline_run/results/06_all_sample_alignment/bam/TIL_LP_125_Du-265.organelle.sorted.bam
TIL_LP_125_Du-265	idxstats	samtools idxstats /home/neil/Downloads/dudleya/Dudleya_S_genomes/full_pipeline_run/results/06_all_sample_alignment/bam/TIL_LP_125_Du-265.organelle.sorted.bam
TIL_LP_125_Du-265	depth	samtools depth -aa -q 20 -Q 0 /home/neil/Downloads/dudleya/Dudleya_S_genomes/full_pipeline_run/results/06_all_sample_alignment/bam/TIL_LP_125_Du-265.organelle.sorted.bam
TIL_LP_126_Du-266	align_filter_sort	bwa mem -t 16 dudleya_organelle_reference_verification/references/dudleya_cp_mt.fa genomicsDrive_data_dump/QB3.Berkeley.251217/QB3.Results.260109/TIL/TIL_LP_126_Du-266_S141_L005_R1_001.fastq.gz genomicsDrive_data_dump/QB3.Berkeley.251217/QB3.Results.260109/TIL/TIL_LP_126_Du-266_S141_L005_R2_001.fastq.gz | samtools view -@ 16 -b -F 4 -q 0 - | samtools sort -@ 16 -o /home/neil/Downloads/dudleya/Dudleya_S_genomes/full_pipeline_run/results/06_all_sample_alignment/bam/TIL_LP_126_Du-266.organelle.sorted.tmp.bam -
TIL_LP_126_Du-266	index	samtools index /home/neil/Downloads/dudleya/Dudleya_S_genomes/full_pipeline_run/results/06_all_sample_alignment/bam/TIL_LP_126_Du-266.organelle.sorted.bam
TIL_LP_126_Du-266	flagstat	samtools flagstat /home/neil/Downloads/dudleya/Dudleya_S_genomes/full_pipeline_run/results/06_all_sample_alignment/bam/TIL_LP_126_Du-266.organelle.sorted.bam
TIL_LP_126_Du-266	idxstats	samtools idxstats /home/neil/Downloads/dudleya/Dudleya_S_genomes/full_pipeline_run/results/06_all_sample_alignment/bam/TIL_LP_126_Du-266.organelle.sorted.bam
TIL_LP_126_Du-266	depth	samtools depth -aa -q 20 -Q 0 /home/neil/Downloads/dudleya/Dudleya_S_genomes/full_pipeline_run/results/06_all_sample_alignment/bam/TIL_LP_126_Du-266.organelle.sorted.bam
TIL_LP_127_Du-267	align_filter_sort	bwa mem -t 16 dudleya_organelle_reference_verification/references/dudleya_cp_mt.fa genomicsDrive_data_dump/QB3.Berkeley.251217/QB3.Results.260109/TIL/TIL_LP_127_Du-267_S152_L005_R1_001.fastq.gz genomicsDrive_data_dump/QB3.Berkeley.251217/QB3.Results.260109/TIL/TIL_LP_127_Du-267_S152_L005_R2_001.fastq.gz | samtools view -@ 16 -b -F 4 -q 0 - | samtools sort -@ 16 -o /home/neil/Downloads/dudleya/Dudleya_S_genomes/full_pipeline_run/results/06_all_sample_alignment/bam/TIL_LP_127_Du-267.organelle.sorted.tmp.bam -
TIL_LP_127_Du-267	index	samtools index /home/neil/Downloads/dudleya/Dudleya_S_genomes/full_pipeline_run/results/06_all_sample_alignment/bam/TIL_LP_127_Du-267.organelle.sorted.bam
TIL_LP_127_Du-267	flagstat	samtools flagstat /home/neil/Downloads/dudleya/Dudleya_S_genomes/full_pipeline_run/results/06_all_sample_alignment/bam/TIL_LP_127_Du-267.organelle.sorted.bam
TIL_LP_127_Du-267	idxstats	samtools idxstats /home/neil/Downloads/dudleya/Dudleya_S_genomes/full_pipeline_run/results/06_all_sample_alignment/bam/TIL_LP_127_Du-267.organelle.sorted.bam
TIL_LP_127_Du-267	depth	samtools depth -aa -q 20 -Q 0 /home/neil/Downloads/dudleya/Dudleya_S_genomes/full_pipeline_run/results/06_all_sample_alignment/bam/TIL_LP_127_Du-267.organelle.sorted.bam
TIL_LP_128_Du-268	align_filter_sort	bwa mem -t 16 dudleya_organelle_reference_verification/references/dudleya_cp_mt.fa genomicsDrive_data_dump/QB3.Berkeley.251217/QB3.Results.260109/TIL/TIL_LP_128_Du-268_S162_L005_R1_001.fastq.gz genomicsDrive_data_dump/QB3.Berkeley.251217/QB3.Results.260109/TIL/TIL_LP_128_Du-268_S162_L005_R2_001.fastq.gz | samtools view -@ 16 -b -F 4 -q 0 - | samtools sort -@ 16 -o /home/neil/Downloads/dudleya/Dudleya_S_genomes/full_pipeline_run/results/06_all_sample_alignment/bam/TIL_LP_128_Du-268.organelle.sorted.tmp.bam -
TIL_LP_128_Du-268	index	samtools index /home/neil/Downloads/dudleya/Dudleya_S_genomes/full_pipeline_run/results/06_all_sample_alignment/bam/TIL_LP_128_Du-268.organelle.sorted.bam
TIL_LP_128_Du-268	flagstat	samtools flagstat /home/neil/Downloads/dudleya/Dudleya_S_genomes/full_pipeline_run/results/06_all_sample_alignment/bam/TIL_LP_128_Du-268.organelle.sorted.bam
TIL_LP_128_Du-268	idxstats	samtools idxstats /home/neil/Downloads/dudleya/Dudleya_S_genomes/full_pipeline_run/results/06_all_sample_alignment/bam/TIL_LP_128_Du-268.organelle.sorted.bam
TIL_LP_128_Du-268	depth	samtools depth -aa -q 20 -Q 0 /home/neil/Downloads/dudleya/Dudleya_S_genomes/full_pipeline_run/results/06_all_sample_alignment/bam/TIL_LP_128_Du-268.organelle.sorted.bam
TIL_LP_129_Du-269	align_filter_sort	bwa mem -t 16 dudleya_organelle_reference_verification/references/dudleya_cp_mt.fa genomicsDrive_data_dump/QB3.Berkeley.251217/QB3.Results.260109/TIL/TIL_LP_129_Du-269_S173_L005_R1_001.fastq.gz genomicsDrive_data_dump/QB3.Berkeley.251217/QB3.Results.260109/TIL/TIL_LP_129_Du-269_S173_L005_R2_001.fastq.gz | samtools view -@ 16 -b -F 4 -q 0 - | samtools sort -@ 16 -o /home/neil/Downloads/dudleya/Dudleya_S_genomes/full_pipeline_run/results/06_all_sample_alignment/bam/TIL_LP_129_Du-269.organelle.sorted.tmp.bam -
TIL_LP_129_Du-269	index	samtools index /home/neil/Downloads/dudleya/Dudleya_S_genomes/full_pipeline_run/results/06_all_sample_alignment/bam/TIL_LP_129_Du-269.organelle.sorted.bam
TIL_LP_129_Du-269	flagstat	samtools flagstat /home/neil/Downloads/dudleya/Dudleya_S_genomes/full_pipeline_run/results/06_all_sample_alignment/bam/TIL_LP_129_Du-269.organelle.sorted.bam
TIL_LP_129_Du-269	idxstats	samtools idxstats /home/neil/Downloads/dudleya/Dudleya_S_genomes/full_pipeline_run/results/06_all_sample_alignment/bam/TIL_LP_129_Du-269.organelle.sorted.bam
TIL_LP_129_Du-269	depth	samtools depth -aa -q 20 -Q 0 /home/neil/Downloads/dudleya/Dudleya_S_genomes/full_pipeline_run/results/06_all_sample_alignment/bam/TIL_LP_129_Du-269.organelle.sorted.bam
TIL_LP_130_Du-271	align_filter_sort	bwa mem -t 16 dudleya_organelle_reference_verification/references/dudleya_cp_mt.fa genomicsDrive_data_dump/QB3.Berkeley.251217/QB3.Results.260109/TIL/TIL_LP_130_Du-271_S184_L005_R1_001.fastq.gz genomicsDrive_data_dump/QB3.Berkeley.251217/QB3.Results.260109/TIL/TIL_LP_130_Du-271_S184_L005_R2_001.fastq.gz | samtools view -@ 16 -b -F 4 -q 0 - | samtools sort -@ 16 -o /home/neil/Downloads/dudleya/Dudleya_S_genomes/full_pipeline_run/results/06_all_sample_alignment/bam/TIL_LP_130_Du-271.organelle.sorted.tmp.bam -
TIL_LP_130_Du-271	index	samtools index /home/neil/Downloads/dudleya/Dudleya_S_genomes/full_pipeline_run/results/06_all_sample_alignment/bam/TIL_LP_130_Du-271.organelle.sorted.bam
TIL_LP_130_Du-271	flagstat	samtools flagstat /home/neil/Downloads/dudleya/Dudleya_S_genomes/full_pipeline_run/results/06_all_sample_alignment/bam/TIL_LP_130_Du-271.organelle.sorted.bam
TIL_LP_130_Du-271	idxstats	samtools idxstats /home/neil/Downloads/dudleya/Dudleya_S_genomes/full_pipeline_run/results/06_all_sample_alignment/bam/TIL_LP_130_Du-271.organelle.sorted.bam
TIL_LP_130_Du-271	depth	samtools depth -aa -q 20 -Q 0 /home/neil/Downloads/dudleya/Dudleya_S_genomes/full_pipeline_run/results/06_all_sample_alignment/bam/TIL_LP_130_Du-271.organelle.sorted.bam
TIL_LP_131_Du-272	align_filter_sort	bwa mem -t 16 dudleya_organelle_reference_verification/references/dudleya_cp_mt.fa genomicsDrive_data_dump/QB3.Berkeley.251217/QB3.Results.260109/TIL/TIL_LP_131_Du-272_S113_L005_R1_001.fastq.gz genomicsDrive_data_dump/QB3.Berkeley.251217/QB3.Results.260109/TIL/TIL_LP_131_Du-272_S113_L005_R2_001.fastq.gz | samtools view -@ 16 -b -F 4 -q 0 - | samtools sort -@ 16 -o /home/neil/Downloads/dudleya/Dudleya_S_genomes/full_pipeline_run/results/06_all_sample_alignment/bam/TIL_LP_131_Du-272.organelle.sorted.tmp.bam -
TIL_LP_131_Du-272	index	samtools index /home/neil/Downloads/dudleya/Dudleya_S_genomes/full_pipeline_run/results/06_all_sample_alignment/bam/TIL_LP_131_Du-272.organelle.sorted.bam
TIL_LP_131_Du-272	flagstat	samtools flagstat /home/neil/Downloads/dudleya/Dudleya_S_genomes/full_pipeline_run/results/06_all_sample_alignment/bam/TIL_LP_131_Du-272.organelle.sorted.bam
TIL_LP_131_Du-272	idxstats	samtools idxstats /home/neil/Downloads/dudleya/Dudleya_S_genomes/full_pipeline_run/results/06_all_sample_alignment/bam/TIL_LP_131_Du-272.organelle.sorted.bam
TIL_LP_131_Du-272	depth	samtools depth -aa -q 20 -Q 0 /home/neil/Downloads/dudleya/Dudleya_S_genomes/full_pipeline_run/results/06_all_sample_alignment/bam/TIL_LP_131_Du-272.organelle.sorted.bam
TULP_LP_115_Du-242	align_filter_sort	bwa mem -t 16 dudleya_organelle_reference_verification/references/dudleya_cp_mt.fa genomicsDrive_data_dump/QB3.Berkeley.251217/QB3.Results.260109/TULP/TULP_LP_115_Du-242_S199_L005_R1_001.fastq.gz genomicsDrive_data_dump/QB3.Berkeley.251217/QB3.Results.260109/TULP/TULP_LP_115_Du-242_S199_L005_R2_001.fastq.gz | samtools view -@ 16 -b -F 4 -q 0 - | samtools sort -@ 16 -o /home/neil/Downloads/dudleya/Dudleya_S_genomes/full_pipeline_run/results/06_all_sample_alignment/bam/TULP_LP_115_Du-242.organelle.sorted.tmp.bam -
TULP_LP_115_Du-242	index	samtools index /home/neil/Downloads/dudleya/Dudleya_S_genomes/full_pipeline_run/results/06_all_sample_alignment/bam/TULP_LP_115_Du-242.organelle.sorted.bam
TULP_LP_115_Du-242	flagstat	samtools flagstat /home/neil/Downloads/dudleya/Dudleya_S_genomes/full_pipeline_run/results/06_all_sample_alignment/bam/TULP_LP_115_Du-242.organelle.sorted.bam
TULP_LP_115_Du-242	idxstats	samtools idxstats /home/neil/Downloads/dudleya/Dudleya_S_genomes/full_pipeline_run/results/06_all_sample_alignment/bam/TULP_LP_115_Du-242.organelle.sorted.bam
TULP_LP_115_Du-242	depth	samtools depth -aa -q 20 -Q 0 /home/neil/Downloads/dudleya/Dudleya_S_genomes/full_pipeline_run/results/06_all_sample_alignment/bam/TULP_LP_115_Du-242.organelle.sorted.bam
TULP_LP_116_Du-243	align_filter_sort	bwa mem -t 16 dudleya_organelle_reference_verification/references/dudleya_cp_mt.fa genomicsDrive_data_dump/QB3.Berkeley.251217/QB3.Results.260109/TULP/TULP_LP_116_Du-243_S200_L005_R1_001.fastq.gz genomicsDrive_data_dump/QB3.Berkeley.251217/QB3.Results.260109/TULP/TULP_LP_116_Du-243_S200_L005_R2_001.fastq.gz | samtools view -@ 16 -b -F 4 -q 0 - | samtools sort -@ 16 -o /home/neil/Downloads/dudleya/Dudleya_S_genomes/full_pipeline_run/results/06_all_sample_alignment/bam/TULP_LP_116_Du-243.organelle.sorted.tmp.bam -
TULP_LP_116_Du-243	index	samtools index /home/neil/Downloads/dudleya/Dudleya_S_genomes/full_pipeline_run/results/06_all_sample_alignment/bam/TULP_LP_116_Du-243.organelle.sorted.bam
TULP_LP_116_Du-243	flagstat	samtools flagstat /home/neil/Downloads/dudleya/Dudleya_S_genomes/full_pipeline_run/results/06_all_sample_alignment/bam/TULP_LP_116_Du-243.organelle.sorted.bam
TULP_LP_116_Du-243	idxstats	samtools idxstats /home/neil/Downloads/dudleya/Dudleya_S_genomes/full_pipeline_run/results/06_all_sample_alignment/bam/TULP_LP_116_Du-243.organelle.sorted.bam
TULP_LP_116_Du-243	depth	samtools depth -aa -q 20 -Q 0 /home/neil/Downloads/dudleya/Dudleya_S_genomes/full_pipeline_run/results/06_all_sample_alignment/bam/TULP_LP_116_Du-243.organelle.sorted.bam
TULP_LP_117_Du-244	align_filter_sort	bwa mem -t 16 dudleya_organelle_reference_verification/references/dudleya_cp_mt.fa genomicsDrive_data_dump/QB3.Berkeley.251217/QB3.Results.260109/TULP/TULP_LP_117_Du-244_S201_L005_R1_001.fastq.gz genomicsDrive_data_dump/QB3.Berkeley.251217/QB3.Results.260109/TULP/TULP_LP_117_Du-244_S201_L005_R2_001.fastq.gz | samtools view -@ 16 -b -F 4 -q 0 - | samtools sort -@ 16 -o /home/neil/Downloads/dudleya/Dudleya_S_genomes/full_pipeline_run/results/06_all_sample_alignment/bam/TULP_LP_117_Du-244.organelle.sorted.tmp.bam -
TULP_LP_117_Du-244	index	samtools index /home/neil/Downloads/dudleya/Dudleya_S_genomes/full_pipeline_run/results/06_all_sample_alignment/bam/TULP_LP_117_Du-244.organelle.sorted.bam
TULP_LP_117_Du-244	flagstat	samtools flagstat /home/neil/Downloads/dudleya/Dudleya_S_genomes/full_pipeline_run/results/06_all_sample_alignment/bam/TULP_LP_117_Du-244.organelle.sorted.bam
TULP_LP_117_Du-244	idxstats	samtools idxstats /home/neil/Downloads/dudleya/Dudleya_S_genomes/full_pipeline_run/results/06_all_sample_alignment/bam/TULP_LP_117_Du-244.organelle.sorted.bam
TULP_LP_117_Du-244	depth	samtools depth -aa -q 20 -Q 0 /home/neil/Downloads/dudleya/Dudleya_S_genomes/full_pipeline_run/results/06_all_sample_alignment/bam/TULP_LP_117_Du-244.organelle.sorted.bam
TULP_LP_118_Du-245	align_filter_sort	bwa mem -t 16 dudleya_organelle_reference_verification/references/dudleya_cp_mt.fa genomicsDrive_data_dump/QB3.Berkeley.251217/QB3.Results.260109/TULP/TULP_LP_118_Du-245_S202_L005_R1_001.fastq.gz genomicsDrive_data_dump/QB3.Berkeley.251217/QB3.Results.260109/TULP/TULP_LP_118_Du-245_S202_L005_R2_001.fastq.gz | samtools view -@ 16 -b -F 4 -q 0 - | samtools sort -@ 16 -o /home/neil/Downloads/dudleya/Dudleya_S_genomes/full_pipeline_run/results/06_all_sample_alignment/bam/TULP_LP_118_Du-245.organelle.sorted.tmp.bam -
TULP_LP_118_Du-245	index	samtools index /home/neil/Downloads/dudleya/Dudleya_S_genomes/full_pipeline_run/results/06_all_sample_alignment/bam/TULP_LP_118_Du-245.organelle.sorted.bam
TULP_LP_118_Du-245	flagstat	samtools flagstat /home/neil/Downloads/dudleya/Dudleya_S_genomes/full_pipeline_run/results/06_all_sample_alignment/bam/TULP_LP_118_Du-245.organelle.sorted.bam
TULP_LP_118_Du-245	idxstats	samtools idxstats /home/neil/Downloads/dudleya/Dudleya_S_genomes/full_pipeline_run/results/06_all_sample_alignment/bam/TULP_LP_118_Du-245.organelle.sorted.bam
TULP_LP_118_Du-245	depth	samtools depth -aa -q 20 -Q 0 /home/neil/Downloads/dudleya/Dudleya_S_genomes/full_pipeline_run/results/06_all_sample_alignment/bam/TULP_LP_118_Du-245.organelle.sorted.bam
TULP_LP_119_Du-246	align_filter_sort	bwa mem -t 16 dudleya_organelle_reference_verification/references/dudleya_cp_mt.fa genomicsDrive_data_dump/QB3.Berkeley.251217/QB3.Results.260109/TULP/TULP_LP_119_Du-246_S203_L005_R1_001.fastq.gz genomicsDrive_data_dump/QB3.Berkeley.251217/QB3.Results.260109/TULP/TULP_LP_119_Du-246_S203_L005_R2_001.fastq.gz | samtools view -@ 16 -b -F 4 -q 0 - | samtools sort -@ 16 -o /home/neil/Downloads/dudleya/Dudleya_S_genomes/full_pipeline_run/results/06_all_sample_alignment/bam/TULP_LP_119_Du-246.organelle.sorted.tmp.bam -
TULP_LP_119_Du-246	index	samtools index /home/neil/Downloads/dudleya/Dudleya_S_genomes/full_pipeline_run/results/06_all_sample_alignment/bam/TULP_LP_119_Du-246.organelle.sorted.bam
TULP_LP_119_Du-246	flagstat	samtools flagstat /home/neil/Downloads/dudleya/Dudleya_S_genomes/full_pipeline_run/results/06_all_sample_alignment/bam/TULP_LP_119_Du-246.organelle.sorted.bam
TULP_LP_119_Du-246	idxstats	samtools idxstats /home/neil/Downloads/dudleya/Dudleya_S_genomes/full_pipeline_run/results/06_all_sample_alignment/bam/TULP_LP_119_Du-246.organelle.sorted.bam
TULP_LP_119_Du-246	depth	samtools depth -aa -q 20 -Q 0 /home/neil/Downloads/dudleya/Dudleya_S_genomes/full_pipeline_run/results/06_all_sample_alignment/bam/TULP_LP_119_Du-246.organelle.sorted.bam
TULP_LP_120_Du-248	align_filter_sort	bwa mem -t 16 dudleya_organelle_reference_verification/references/dudleya_cp_mt.fa genomicsDrive_data_dump/QB3.Berkeley.251217/QB3.Results.260109/TULP/TULP_LP_120_Du-248_S204_L005_R1_001.fastq.gz genomicsDrive_data_dump/QB3.Berkeley.251217/QB3.Results.260109/TULP/TULP_LP_120_Du-248_S204_L005_R2_001.fastq.gz | samtools view -@ 16 -b -F 4 -q 0 - | samtools sort -@ 16 -o /home/neil/Downloads/dudleya/Dudleya_S_genomes/full_pipeline_run/results/06_all_sample_alignment/bam/TULP_LP_120_Du-248.organelle.sorted.tmp.bam -
TULP_LP_120_Du-248	index	samtools index /home/neil/Downloads/dudleya/Dudleya_S_genomes/full_pipeline_run/results/06_all_sample_alignment/bam/TULP_LP_120_Du-248.organelle.sorted.bam
TULP_LP_120_Du-248	flagstat	samtools flagstat /home/neil/Downloads/dudleya/Dudleya_S_genomes/full_pipeline_run/results/06_all_sample_alignment/bam/TULP_LP_120_Du-248.organelle.sorted.bam
TULP_LP_120_Du-248	idxstats	samtools idxstats /home/neil/Downloads/dudleya/Dudleya_S_genomes/full_pipeline_run/results/06_all_sample_alignment/bam/TULP_LP_120_Du-248.organelle.sorted.bam
TULP_LP_120_Du-248	depth	samtools depth -aa -q 20 -Q 0 /home/neil/Downloads/dudleya/Dudleya_S_genomes/full_pipeline_run/results/06_all_sample_alignment/bam/TULP_LP_120_Du-248.organelle.sorted.bam
TULP_LP_121_Du-249	align_filter_sort	bwa mem -t 16 dudleya_organelle_reference_verification/references/dudleya_cp_mt.fa genomicsDrive_data_dump/QB3.Berkeley.251217/QB3.Results.260109/TULP/TULP_LP_121_Du-249_S196_L005_R1_001.fastq.gz genomicsDrive_data_dump/QB3.Berkeley.251217/QB3.Results.260109/TULP/TULP_LP_121_Du-249_S196_L005_R2_001.fastq.gz | samtools view -@ 16 -b -F 4 -q 0 - | samtools sort -@ 16 -o /home/neil/Downloads/dudleya/Dudleya_S_genomes/full_pipeline_run/results/06_all_sample_alignment/bam/TULP_LP_121_Du-249.organelle.sorted.tmp.bam -
TULP_LP_121_Du-249	index	samtools index /home/neil/Downloads/dudleya/Dudleya_S_genomes/full_pipeline_run/results/06_all_sample_alignment/bam/TULP_LP_121_Du-249.organelle.sorted.bam
TULP_LP_121_Du-249	flagstat	samtools flagstat /home/neil/Downloads/dudleya/Dudleya_S_genomes/full_pipeline_run/results/06_all_sample_alignment/bam/TULP_LP_121_Du-249.organelle.sorted.bam
TULP_LP_121_Du-249	idxstats	samtools idxstats /home/neil/Downloads/dudleya/Dudleya_S_genomes/full_pipeline_run/results/06_all_sample_alignment/bam/TULP_LP_121_Du-249.organelle.sorted.bam
TULP_LP_121_Du-249	depth	samtools depth -aa -q 20 -Q 0 /home/neil/Downloads/dudleya/Dudleya_S_genomes/full_pipeline_run/results/06_all_sample_alignment/bam/TULP_LP_121_Du-249.organelle.sorted.bam
TULP_LP_122_Du-250	align_filter_sort	bwa mem -t 16 dudleya_organelle_reference_verification/references/dudleya_cp_mt.fa genomicsDrive_data_dump/QB3.Berkeley.251217/QB3.Results.260109/TULP/TULP_LP_122_Du-250_S198_L005_R1_001.fastq.gz genomicsDrive_data_dump/QB3.Berkeley.251217/QB3.Results.260109/TULP/TULP_LP_122_Du-250_S198_L005_R2_001.fastq.gz | samtools view -@ 16 -b -F 4 -q 0 - | samtools sort -@ 16 -o /home/neil/Downloads/dudleya/Dudleya_S_genomes/full_pipeline_run/results/06_all_sample_alignment/bam/TULP_LP_122_Du-250.organelle.sorted.tmp.bam -
TULP_LP_122_Du-250	index	samtools index /home/neil/Downloads/dudleya/Dudleya_S_genomes/full_pipeline_run/results/06_all_sample_alignment/bam/TULP_LP_122_Du-250.organelle.sorted.bam
TULP_LP_122_Du-250	flagstat	samtools flagstat /home/neil/Downloads/dudleya/Dudleya_S_genomes/full_pipeline_run/results/06_all_sample_alignment/bam/TULP_LP_122_Du-250.organelle.sorted.bam
TULP_LP_122_Du-250	idxstats	samtools idxstats /home/neil/Downloads/dudleya/Dudleya_S_genomes/full_pipeline_run/results/06_all_sample_alignment/bam/TULP_LP_122_Du-250.organelle.sorted.bam
TULP_LP_122_Du-250	depth	samtools depth -aa -q 20 -Q 0 /home/neil/Downloads/dudleya/Dudleya_S_genomes/full_pipeline_run/results/06_all_sample_alignment/bam/TULP_LP_122_Du-250.organelle.sorted.bam
TULP_LP_140_Du-302	align_filter_sort	bwa mem -t 16 dudleya_organelle_reference_verification/references/dudleya_cp_mt.fa genomicsDrive_data_dump/QB3.Berkeley.251217/QB3.Results.260109/TULP/TULP_LP_140_Du-302_S123_L005_R1_001.fastq.gz genomicsDrive_data_dump/QB3.Berkeley.251217/QB3.Results.260109/TULP/TULP_LP_140_Du-302_S123_L005_R2_001.fastq.gz | samtools view -@ 16 -b -F 4 -q 0 - | samtools sort -@ 16 -o /home/neil/Downloads/dudleya/Dudleya_S_genomes/full_pipeline_run/results/06_all_sample_alignment/bam/TULP_LP_140_Du-302.organelle.sorted.tmp.bam -
TULP_LP_140_Du-302	index	samtools index /home/neil/Downloads/dudleya/Dudleya_S_genomes/full_pipeline_run/results/06_all_sample_alignment/bam/TULP_LP_140_Du-302.organelle.sorted.bam
TULP_LP_140_Du-302	flagstat	samtools flagstat /home/neil/Downloads/dudleya/Dudleya_S_genomes/full_pipeline_run/results/06_all_sample_alignment/bam/TULP_LP_140_Du-302.organelle.sorted.bam
TULP_LP_140_Du-302	idxstats	samtools idxstats /home/neil/Downloads/dudleya/Dudleya_S_genomes/full_pipeline_run/results/06_all_sample_alignment/bam/TULP_LP_140_Du-302.organelle.sorted.bam
TULP_LP_140_Du-302	depth	samtools depth -aa -q 20 -Q 0 /home/neil/Downloads/dudleya/Dudleya_S_genomes/full_pipeline_run/results/06_all_sample_alignment/bam/TULP_LP_140_Du-302.organelle.sorted.bam
TULP_LP_141_Du-303	align_filter_sort	bwa mem -t 16 dudleya_organelle_reference_verification/references/dudleya_cp_mt.fa genomicsDrive_data_dump/QB3.Berkeley.251217/QB3.Results.260109/TULP/TULP_LP_141_Du-303_S143_L005_R1_001.fastq.gz genomicsDrive_data_dump/QB3.Berkeley.251217/QB3.Results.260109/TULP/TULP_LP_141_Du-303_S143_L005_R2_001.fastq.gz | samtools view -@ 16 -b -F 4 -q 0 - | samtools sort -@ 16 -o /home/neil/Downloads/dudleya/Dudleya_S_genomes/full_pipeline_run/results/06_all_sample_alignment/bam/TULP_LP_141_Du-303.organelle.sorted.tmp.bam -
TULP_LP_141_Du-303	index	samtools index /home/neil/Downloads/dudleya/Dudleya_S_genomes/full_pipeline_run/results/06_all_sample_alignment/bam/TULP_LP_141_Du-303.organelle.sorted.bam
TULP_LP_141_Du-303	flagstat	samtools flagstat /home/neil/Downloads/dudleya/Dudleya_S_genomes/full_pipeline_run/results/06_all_sample_alignment/bam/TULP_LP_141_Du-303.organelle.sorted.bam
TULP_LP_141_Du-303	idxstats	samtools idxstats /home/neil/Downloads/dudleya/Dudleya_S_genomes/full_pipeline_run/results/06_all_sample_alignment/bam/TULP_LP_141_Du-303.organelle.sorted.bam
TULP_LP_141_Du-303	depth	samtools depth -aa -q 20 -Q 0 /home/neil/Downloads/dudleya/Dudleya_S_genomes/full_pipeline_run/results/06_all_sample_alignment/bam/TULP_LP_141_Du-303.organelle.sorted.bam
TULP_LP_142_Du-304	align_filter_sort	bwa mem -t 16 dudleya_organelle_reference_verification/references/dudleya_cp_mt.fa genomicsDrive_data_dump/QB3.Berkeley.251217/QB3.Results.260109/TULP/TULP_LP_142_Du-304_S144_L005_R1_001.fastq.gz genomicsDrive_data_dump/QB3.Berkeley.251217/QB3.Results.260109/TULP/TULP_LP_142_Du-304_S144_L005_R2_001.fastq.gz | samtools view -@ 16 -b -F 4 -q 0 - | samtools sort -@ 16 -o /home/neil/Downloads/dudleya/Dudleya_S_genomes/full_pipeline_run/results/06_all_sample_alignment/bam/TULP_LP_142_Du-304.organelle.sorted.tmp.bam -
TULP_LP_142_Du-304	index	samtools index /home/neil/Downloads/dudleya/Dudleya_S_genomes/full_pipeline_run/results/06_all_sample_alignment/bam/TULP_LP_142_Du-304.organelle.sorted.bam
TULP_LP_142_Du-304	flagstat	samtools flagstat /home/neil/Downloads/dudleya/Dudleya_S_genomes/full_pipeline_run/results/06_all_sample_alignment/bam/TULP_LP_142_Du-304.organelle.sorted.bam
TULP_LP_142_Du-304	idxstats	samtools idxstats /home/neil/Downloads/dudleya/Dudleya_S_genomes/full_pipeline_run/results/06_all_sample_alignment/bam/TULP_LP_142_Du-304.organelle.sorted.bam
TULP_LP_142_Du-304	depth	samtools depth -aa -q 20 -Q 0 /home/neil/Downloads/dudleya/Dudleya_S_genomes/full_pipeline_run/results/06_all_sample_alignment/bam/TULP_LP_142_Du-304.organelle.sorted.bam
TULP_LP_143_Du-305	align_filter_sort	bwa mem -t 16 dudleya_organelle_reference_verification/references/dudleya_cp_mt.fa genomicsDrive_data_dump/QB3.Berkeley.251217/QB3.Results.260109/TULP/TULP_LP_143_Du-305_S154_L005_R1_001.fastq.gz genomicsDrive_data_dump/QB3.Berkeley.251217/QB3.Results.260109/TULP/TULP_LP_143_Du-305_S154_L005_R2_001.fastq.gz | samtools view -@ 16 -b -F 4 -q 0 - | samtools sort -@ 16 -o /home/neil/Downloads/dudleya/Dudleya_S_genomes/full_pipeline_run/results/06_all_sample_alignment/bam/TULP_LP_143_Du-305.organelle.sorted.tmp.bam -
TULP_LP_143_Du-305	index	samtools index /home/neil/Downloads/dudleya/Dudleya_S_genomes/full_pipeline_run/results/06_all_sample_alignment/bam/TULP_LP_143_Du-305.organelle.sorted.bam
TULP_LP_143_Du-305	flagstat	samtools flagstat /home/neil/Downloads/dudleya/Dudleya_S_genomes/full_pipeline_run/results/06_all_sample_alignment/bam/TULP_LP_143_Du-305.organelle.sorted.bam
TULP_LP_143_Du-305	idxstats	samtools idxstats /home/neil/Downloads/dudleya/Dudleya_S_genomes/full_pipeline_run/results/06_all_sample_alignment/bam/TULP_LP_143_Du-305.organelle.sorted.bam
TULP_LP_143_Du-305	depth	samtools depth -aa -q 20 -Q 0 /home/neil/Downloads/dudleya/Dudleya_S_genomes/full_pipeline_run/results/06_all_sample_alignment/bam/TULP_LP_143_Du-305.organelle.sorted.bam
TULP_LP_144_Du-306	align_filter_sort	bwa mem -t 16 dudleya_organelle_reference_verification/references/dudleya_cp_mt.fa genomicsDrive_data_dump/QB3.Berkeley.251217/QB3.Results.260109/TULP/TULP_LP_144_Du-306_S164_L005_R1_001.fastq.gz genomicsDrive_data_dump/QB3.Berkeley.251217/QB3.Results.260109/TULP/TULP_LP_144_Du-306_S164_L005_R2_001.fastq.gz | samtools view -@ 16 -b -F 4 -q 0 - | samtools sort -@ 16 -o /home/neil/Downloads/dudleya/Dudleya_S_genomes/full_pipeline_run/results/06_all_sample_alignment/bam/TULP_LP_144_Du-306.organelle.sorted.tmp.bam -
TULP_LP_144_Du-306	index	samtools index /home/neil/Downloads/dudleya/Dudleya_S_genomes/full_pipeline_run/results/06_all_sample_alignment/bam/TULP_LP_144_Du-306.organelle.sorted.bam
TULP_LP_144_Du-306	flagstat	samtools flagstat /home/neil/Downloads/dudleya/Dudleya_S_genomes/full_pipeline_run/results/06_all_sample_alignment/bam/TULP_LP_144_Du-306.organelle.sorted.bam
TULP_LP_144_Du-306	idxstats	samtools idxstats /home/neil/Downloads/dudleya/Dudleya_S_genomes/full_pipeline_run/results/06_all_sample_alignment/bam/TULP_LP_144_Du-306.organelle.sorted.bam
TULP_LP_144_Du-306	depth	samtools depth -aa -q 20 -Q 0 /home/neil/Downloads/dudleya/Dudleya_S_genomes/full_pipeline_run/results/06_all_sample_alignment/bam/TULP_LP_144_Du-306.organelle.sorted.bam
TULP_LP_145_Du-307	align_filter_sort	bwa mem -t 16 dudleya_organelle_reference_verification/references/dudleya_cp_mt.fa genomicsDrive_data_dump/QB3.Berkeley.251217/QB3.Results.260109/TULP/TULP_LP_145_Du-307_S175_L005_R1_001.fastq.gz genomicsDrive_data_dump/QB3.Berkeley.251217/QB3.Results.260109/TULP/TULP_LP_145_Du-307_S175_L005_R2_001.fastq.gz | samtools view -@ 16 -b -F 4 -q 0 - | samtools sort -@ 16 -o /home/neil/Downloads/dudleya/Dudleya_S_genomes/full_pipeline_run/results/06_all_sample_alignment/bam/TULP_LP_145_Du-307.organelle.sorted.tmp.bam -
TULP_LP_145_Du-307	index	samtools index /home/neil/Downloads/dudleya/Dudleya_S_genomes/full_pipeline_run/results/06_all_sample_alignment/bam/TULP_LP_145_Du-307.organelle.sorted.bam
TULP_LP_145_Du-307	flagstat	samtools flagstat /home/neil/Downloads/dudleya/Dudleya_S_genomes/full_pipeline_run/results/06_all_sample_alignment/bam/TULP_LP_145_Du-307.organelle.sorted.bam
TULP_LP_145_Du-307	idxstats	samtools idxstats /home/neil/Downloads/dudleya/Dudleya_S_genomes/full_pipeline_run/results/06_all_sample_alignment/bam/TULP_LP_145_Du-307.organelle.sorted.bam
TULP_LP_145_Du-307	depth	samtools depth -aa -q 20 -Q 0 /home/neil/Downloads/dudleya/Dudleya_S_genomes/full_pipeline_run/results/06_all_sample_alignment/bam/TULP_LP_145_Du-307.organelle.sorted.bam
TULP_LP_146_Du-308	align_filter_sort	bwa mem -t 16 dudleya_organelle_reference_verification/references/dudleya_cp_mt.fa genomicsDrive_data_dump/QB3.Berkeley.251217/QB3.Results.260109/TULP/TULP_LP_146_Du-308_S186_L005_R1_001.fastq.gz genomicsDrive_data_dump/QB3.Berkeley.251217/QB3.Results.260109/TULP/TULP_LP_146_Du-308_S186_L005_R2_001.fastq.gz | samtools view -@ 16 -b -F 4 -q 0 - | samtools sort -@ 16 -o /home/neil/Downloads/dudleya/Dudleya_S_genomes/full_pipeline_run/results/06_all_sample_alignment/bam/TULP_LP_146_Du-308.organelle.sorted.tmp.bam -
TULP_LP_146_Du-308	index	samtools index /home/neil/Downloads/dudleya/Dudleya_S_genomes/full_pipeline_run/results/06_all_sample_alignment/bam/TULP_LP_146_Du-308.organelle.sorted.bam
TULP_LP_146_Du-308	flagstat	samtools flagstat /home/neil/Downloads/dudleya/Dudleya_S_genomes/full_pipeline_run/results/06_all_sample_alignment/bam/TULP_LP_146_Du-308.organelle.sorted.bam
TULP_LP_146_Du-308	idxstats	samtools idxstats /home/neil/Downloads/dudleya/Dudleya_S_genomes/full_pipeline_run/results/06_all_sample_alignment/bam/TULP_LP_146_Du-308.organelle.sorted.bam
TULP_LP_146_Du-308	depth	samtools depth -aa -q 20 -Q 0 /home/neil/Downloads/dudleya/Dudleya_S_genomes/full_pipeline_run/results/06_all_sample_alignment/bam/TULP_LP_146_Du-308.organelle.sorted.bam
TULP_LP_147_Du-309	align_filter_sort	bwa mem -t 16 dudleya_organelle_reference_verification/references/dudleya_cp_mt.fa genomicsDrive_data_dump/QB3.Berkeley.251217/QB3.Results.260109/TULP/TULP_LP_147_Du-309_S115_L005_R1_001.fastq.gz genomicsDrive_data_dump/QB3.Berkeley.251217/QB3.Results.260109/TULP/TULP_LP_147_Du-309_S115_L005_R2_001.fastq.gz | samtools view -@ 16 -b -F 4 -q 0 - | samtools sort -@ 16 -o /home/neil/Downloads/dudleya/Dudleya_S_genomes/full_pipeline_run/results/06_all_sample_alignment/bam/TULP_LP_147_Du-309.organelle.sorted.tmp.bam -
TULP_LP_147_Du-309	index	samtools index /home/neil/Downloads/dudleya/Dudleya_S_genomes/full_pipeline_run/results/06_all_sample_alignment/bam/TULP_LP_147_Du-309.organelle.sorted.bam
TULP_LP_147_Du-309	flagstat	samtools flagstat /home/neil/Downloads/dudleya/Dudleya_S_genomes/full_pipeline_run/results/06_all_sample_alignment/bam/TULP_LP_147_Du-309.organelle.sorted.bam
TULP_LP_147_Du-309	idxstats	samtools idxstats /home/neil/Downloads/dudleya/Dudleya_S_genomes/full_pipeline_run/results/06_all_sample_alignment/bam/TULP_LP_147_Du-309.organelle.sorted.bam
TULP_LP_147_Du-309	depth	samtools depth -aa -q 20 -Q 0 /home/neil/Downloads/dudleya/Dudleya_S_genomes/full_pipeline_run/results/06_all_sample_alignment/bam/TULP_LP_147_Du-309.organelle.sorted.bam
TULP_LP_148_Du-310	align_filter_sort	bwa mem -t 16 dudleya_organelle_reference_verification/references/dudleya_cp_mt.fa genomicsDrive_data_dump/QB3.Berkeley.251217/QB3.Results.260109/TULP/TULP_LP_148_Du-310_S124_L005_R1_001.fastq.gz genomicsDrive_data_dump/QB3.Berkeley.251217/QB3.Results.260109/TULP/TULP_LP_148_Du-310_S124_L005_R2_001.fastq.gz | samtools view -@ 16 -b -F 4 -q 0 - | samtools sort -@ 16 -o /home/neil/Downloads/dudleya/Dudleya_S_genomes/full_pipeline_run/results/06_all_sample_alignment/bam/TULP_LP_148_Du-310.organelle.sorted.tmp.bam -
TULP_LP_148_Du-310	index	samtools index /home/neil/Downloads/dudleya/Dudleya_S_genomes/full_pipeline_run/results/06_all_sample_alignment/bam/TULP_LP_148_Du-310.organelle.sorted.bam
TULP_LP_148_Du-310	flagstat	samtools flagstat /home/neil/Downloads/dudleya/Dudleya_S_genomes/full_pipeline_run/results/06_all_sample_alignment/bam/TULP_LP_148_Du-310.organelle.sorted.bam
TULP_LP_148_Du-310	idxstats	samtools idxstats /home/neil/Downloads/dudleya/Dudleya_S_genomes/full_pipeline_run/results/06_all_sample_alignment/bam/TULP_LP_148_Du-310.organelle.sorted.bam
TULP_LP_148_Du-310	depth	samtools depth -aa -q 20 -Q 0 /home/neil/Downloads/dudleya/Dudleya_S_genomes/full_pipeline_run/results/06_all_sample_alignment/bam/TULP_LP_148_Du-310.organelle.sorted.bam
