sample_id	batch	naming_profile	species	popcode	population_name	du_id	lp_id	r1_paths	r2_paths	downstream_cpDNA_use	downstream_mtDNA_use	include_reason
DU-173	QB3.Berkeley.241122/QB3.Dudleya.Results.250118	initial_du_dash				DU-173		genomicsDrive_data_dump/QB3.Berkeley.241122/QB3.Dudleya.Results.250118/DU-173_S73_L008_R1_001.fastq.gz	genomicsDrive_data_dump/QB3.Berkeley.241122/QB3.Dudleya.Results.250118/DU-173_S73_L008_R2_001.fastq.gz	include	include	passes Step 5 downstream QC
DU-229	QB3.Berkeley.241122/QB3.Dudleya.Results.250118	initial_du_dash				DU-229		genomicsDrive_data_dump/QB3.Berkeley.241122/QB3.Dudleya.Results.250118/DU-229_S75_L008_R1_001.fastq.gz	genomicsDrive_data_dump/QB3.Berkeley.241122/QB3.Dudleya.Results.250118/DU-229_S75_L008_R2_001.fastq.gz	include	include	passes Step 5 downstream QC
DU-247	QB3.Berkeley.241122/QB3.Dudleya.Results.250118	initial_du_dash				DU-247		genomicsDrive_data_dump/QB3.Berkeley.241122/QB3.Dudleya.Results.250118/DU-247_S70_L008_R1_001.fastq.gz	genomicsDrive_data_dump/QB3.Berkeley.241122/QB3.Dudleya.Results.250118/DU-247_S70_L008_R2_001.fastq.gz	include	include	passes Step 5 downstream QC
DU-254	QB3.Berkeley.241122/QB3.Dudleya.Results.250118	initial_du_dash				DU-254		genomicsDrive_data_dump/QB3.Berkeley.241122/QB3.Dudleya.Results.250118/DU-254_S71_L008_R1_001.fastq.gz	genomicsDrive_data_dump/QB3.Berkeley.241122/QB3.Dudleya.Results.250118/DU-254_S71_L008_R2_001.fastq.gz	include	include	passes Step 5 downstream QC
DU-270	QB3.Berkeley.241122/QB3.Dudleya.Results.250118	initial_du_dash				DU-270		genomicsDrive_data_dump/QB3.Berkeley.241122/QB3.Dudleya.Results.250118/DU-270_S72_L008_R1_001.fastq.gz	genomicsDrive_data_dump/QB3.Berkeley.241122/QB3.Dudleya.Results.250118/DU-270_S72_L008_R2_001.fastq.gz	include	include	passes Step 5 downstream QC
DU-297	QB3.Berkeley.241122/QB3.Dudleya.Results.250118	initial_du_dash				DU-297		genomicsDrive_data_dump/QB3.Berkeley.241122/QB3.Dudleya.Results.250118/DU-297_S69_L008_R1_001.fastq.gz	genomicsDrive_data_dump/QB3.Berkeley.241122/QB3.Dudleya.Results.250118/DU-297_S69_L008_R2_001.fastq.gz	include	include	passes Step 5 downstream QC
DU-443	QB3.Berkeley.241122/QB3.Dudleya.Results.250118	initial_du_dash				DU-443		genomicsDrive_data_dump/QB3.Berkeley.241122/QB3.Dudleya.Results.250118/DU-443_S74_L008_R1_001.fastq.gz	genomicsDrive_data_dump/QB3.Berkeley.241122/QB3.Dudleya.Results.250118/DU-443_S74_L008_R2_001.fastq.gz	include	include	passes Step 5 downstream QC
DU-4A	QB3.Berkeley.241122/QB3.Dudleya.Results.250118	initial_du_dash				DU-4A		genomicsDrive_data_dump/QB3.Berkeley.241122/QB3.Dudleya.Results.250118/DU-4A_S68_L008_R1_001.fastq.gz	genomicsDrive_data_dump/QB3.Berkeley.241122/QB3.Dudleya.Results.250118/DU-4A_S68_L008_R2_001.fastq.gz	include	include	passes Step 5 downstream QC
DU014LP012	QB3.Berkeley.250811/QB3.250916.Results5genomes	initial_du_lp				DU014	LP012	genomicsDrive_data_dump/QB3.Berkeley.250811/QB3.250916.Results5genomes/DU014LP012_S4_L005_R1_001.fastq.gz	genomicsDrive_data_dump/QB3.Berkeley.250811/QB3.250916.Results5genomes/DU014LP012_S4_L005_R2_001.fastq.gz	include	include	passes Step 5 downstream QC
DU037LP013	QB3.Berkeley.250811/QB3.250916.Results5genomes	initial_du_lp				DU037	LP013	genomicsDrive_data_dump/QB3.Berkeley.250811/QB3.250916.Results5genomes/DU037LP013_S5_L005_R1_001.fastq.gz	genomicsDrive_data_dump/QB3.Berkeley.250811/QB3.250916.Results5genomes/DU037LP013_S5_L005_R2_001.fastq.gz	include	include	passes Step 5 downstream QC
DU059LP015	QB3.Berkeley.250811/QB3.250916.Results5genomes	initial_du_lp				DU059	LP015	genomicsDrive_data_dump/QB3.Berkeley.250811/QB3.250916.Results5genomes/DU059LP015_S6_L005_R1_001.fastq.gz	genomicsDrive_data_dump/QB3.Berkeley.250811/QB3.250916.Results5genomes/DU059LP015_S6_L005_R2_001.fastq.gz	include	include	passes Step 5 downstream QC
DU078LP011	QB3.Berkeley.250811/QB3.250916.Results5genomes	initial_du_lp				DU078	LP011	genomicsDrive_data_dump/QB3.Berkeley.250811/QB3.250916.Results5genomes/DU078LP011_S7_L005_R1_001.fastq.gz	genomicsDrive_data_dump/QB3.Berkeley.250811/QB3.250916.Results5genomes/DU078LP011_S7_L005_R2_001.fastq.gz	include	include	passes Step 5 downstream QC
DU079LP010	QB3.Berkeley.250811/QB3.250916.Results5genomes	initial_du_lp				DU079	LP010	genomicsDrive_data_dump/QB3.Berkeley.250811/QB3.250916.Results5genomes/DU079LP010_S8_L005_R1_001.fastq.gz	genomicsDrive_data_dump/QB3.Berkeley.250811/QB3.250916.Results5genomes/DU079LP010_S8_L005_R2_001.fastq.gz	include	include	passes Step 5 downstream QC
ABAB_MAD_LP_223_Du-590	QB3.Berkeley.251217/QB3.Results.260109	main_standard	D. abramsii ssp. abramsii	ABAB_MAD	Madonna Inn	Du-590	LP_223	genomicsDrive_data_dump/QB3.Berkeley.251217/QB3.Results.260109/ABAB_MAD/ABAB_MAD_LP_223_Du-590_S253_L005_R1_001.fastq.gz	genomicsDrive_data_dump/QB3.Berkeley.251217/QB3.Results.260109/ABAB_MAD/ABAB_MAD_LP_223_Du-590_S253_L005_R2_001.fastq.gz	include	include	passes Step 5 downstream QC
ABAB_MAD_LP_322_Du-593	QB3.Berkeley.251217/QB3.Results.260109	main_standard	D. abramsii ssp. abramsii	ABAB_MAD	Madonna Inn	Du-593	LP_322	genomicsDrive_data_dump/QB3.Berkeley.251217/QB3.Results.260109/ABAB_MAD/ABAB_MAD_LP_322_Du-593_S172_L005_R1_001.fastq.gz	genomicsDrive_data_dump/QB3.Berkeley.251217/QB3.Results.260109/ABAB_MAD/ABAB_MAD_LP_322_Du-593_S172_L005_R2_001.fastq.gz	include	include	passes Step 5 downstream QC
ABAB_MAD_LP_323_Du-594	QB3.Berkeley.251217/QB3.Results.260109	main_standard	D. abramsii ssp. abramsii	ABAB_MAD	Madonna Inn	Du-594	LP_323	genomicsDrive_data_dump/QB3.Berkeley.251217/QB3.Results.260109/ABAB_MAD/ABAB_MAD_LP_323_Du-594_S183_L005_R1_001.fastq.gz	genomicsDrive_data_dump/QB3.Berkeley.251217/QB3.Results.260109/ABAB_MAD/ABAB_MAD_LP_323_Du-594_S183_L005_R2_001.fastq.gz	include	include	passes Step 5 downstream QC
ABAB_MAD_LP_324_Du-595	QB3.Berkeley.251217/QB3.Results.260109	main_standard	D. abramsii ssp. abramsii	ABAB_MAD	Madonna Inn	Du-595	LP_324	genomicsDrive_data_dump/QB3.Berkeley.251217/QB3.Results.260109/ABAB_MAD/ABAB_MAD_LP_324_Du-595_S194_L005_R1_001.fastq.gz	genomicsDrive_data_dump/QB3.Berkeley.251217/QB3.Results.260109/ABAB_MAD/ABAB_MAD_LP_324_Du-595_S194_L005_R2_001.fastq.gz	include	include	passes Step 5 downstream QC
ABAB_MAD_LP_325_Du-596	QB3.Berkeley.251217/QB3.Results.260109	main_standard	D. abramsii ssp. abramsii	ABAB_MAD	Madonna Inn	Du-596	LP_325	genomicsDrive_data_dump/QB3.Berkeley.251217/QB3.Results.260109/ABAB_MAD/ABAB_MAD_LP_325_Du-596_S212_L005_R1_001.fastq.gz	genomicsDrive_data_dump/QB3.Berkeley.251217/QB3.Results.260109/ABAB_MAD/ABAB_MAD_LP_325_Du-596_S212_L005_R2_001.fastq.gz	include	include	passes Step 5 downstream QC
ABAB_MAD_LP_326_Du-597	QB3.Berkeley.251217/QB3.Results.260109	main_standard	D. abramsii ssp. abramsii	ABAB_MAD	Madonna Inn	Du-597	LP_326	genomicsDrive_data_dump/QB3.Berkeley.251217/QB3.Results.260109/ABAB_MAD/ABAB_MAD_LP_326_Du-597_S222_L005_R1_001.fastq.gz	genomicsDrive_data_dump/QB3.Berkeley.251217/QB3.Results.260109/ABAB_MAD/ABAB_MAD_LP_326_Du-597_S222_L005_R2_001.fastq.gz	include	include	passes Step 5 downstream QC
ABAB_MAD_LP_327_Du-598	QB3.Berkeley.251217/QB3.Results.260109	main_standard	D. abramsii ssp. abramsii	ABAB_MAD	Madonna Inn	Du-598	LP_327	genomicsDrive_data_dump/QB3.Berkeley.251217/QB3.Results.260109/ABAB_MAD/ABAB_MAD_LP_327_Du-598_S233_L005_R1_001.fastq.gz	genomicsDrive_data_dump/QB3.Berkeley.251217/QB3.Results.260109/ABAB_MAD/ABAB_MAD_LP_327_Du-598_S233_L005_R2_001.fastq.gz	include	include	passes Step 5 downstream QC
ABBE_BERN_LP_311_Du-780	QB3.Berkeley.251217/QB3.Results.260109	main_standard	D. abramsii ssp. bettinae	ABBE_BERN	San Bernardino Creek Road	Du-780	LP_311	genomicsDrive_data_dump/QB3.Berkeley.251217/QB3.Results.260109/ABBE_BERN/ABBE_BERN_LP_311_Du-780_S261_L005_R1_001.fastq.gz	genomicsDrive_data_dump/QB3.Berkeley.251217/QB3.Results.260109/ABBE_BERN/ABBE_BERN_LP_311_Du-780_S261_L005_R2_001.fastq.gz	include	include	passes Step 5 downstream QC
ABBE_BERN_LP_312_Du-781	QB3.Berkeley.251217/QB3.Results.260109	main_standard	D. abramsii ssp. bettinae	ABBE_BERN	San Bernardino Creek Road	Du-781	LP_312	genomicsDrive_data_dump/QB3.Berkeley.251217/QB3.Results.260109/ABBE_BERN/ABBE_BERN_LP_312_Du-781_S271_L005_R1_001.fastq.gz	genomicsDrive_data_dump/QB3.Berkeley.251217/QB3.Results.260109/ABBE_BERN/ABBE_BERN_LP_312_Du-781_S271_L005_R2_001.fastq.gz	include	include	passes Step 5 downstream QC
ABBE_BERN_LP_313_Du-782	QB3.Berkeley.251217/QB3.Results.260109	main_standard	D. abramsii ssp. bettinae	ABBE_BERN	San Bernardino Creek Road	Du-782	LP_313	genomicsDrive_data_dump/QB3.Berkeley.251217/QB3.Results.260109/ABBE_BERN/ABBE_BERN_LP_313_Du-782_S280_L005_R1_001.fastq.gz	genomicsDrive_data_dump/QB3.Berkeley.251217/QB3.Results.260109/ABBE_BERN/ABBE_BERN_LP_313_Du-782_S280_L005_R2_001.fastq.gz	include	include	passes Step 5 downstream QC
ABBE_BERN_LP_314_Du-783	QB3.Berkeley.251217/QB3.Results.260109	main_standard	D. abramsii ssp. bettinae	ABBE_BERN	San Bernardino Creek Road	Du-783	LP_314	genomicsDrive_data_dump/QB3.Berkeley.251217/QB3.Results.260109/ABBE_BERN/ABBE_BERN_LP_314_Du-783_S291_L005_R1_001.fastq.gz	genomicsDrive_data_dump/QB3.Berkeley.251217/QB3.Results.260109/ABBE_BERN/ABBE_BERN_LP_314_Du-783_S291_L005_R2_001.fastq.gz	include	include	passes Step 5 downstream QC
ABMU_HOR_LP_306_Du-775	QB3.Berkeley.251217/QB3.Results.260109	main_standard	D. abramsii ssp. murina	ABMU_HOR	Horse Canyon (SLO)	Du-775	LP_306	genomicsDrive_data_dump/QB3.Berkeley.251217/QB3.Results.260109/ABMU_HOR/ABMU_HOR_LP_306_Du-775_S290_L005_R1_001.fastq.gz	genomicsDrive_data_dump/QB3.Berkeley.251217/QB3.Results.260109/ABMU_HOR/ABMU_HOR_LP_306_Du-775_S290_L005_R2_001.fastq.gz	include	include	passes Step 5 downstream QC
ABMU_HOR_LP_308_Du-777	QB3.Berkeley.251217/QB3.Results.260109	main_standard	D. abramsii ssp. murina	ABMU_HOR	Horse Canyon (SLO)	Du-777	LP_308	genomicsDrive_data_dump/QB3.Berkeley.251217/QB3.Results.260109/ABMU_HOR/ABMU_HOR_LP_308_Du-777_S232_L005_R1_001.fastq.gz	genomicsDrive_data_dump/QB3.Berkeley.251217/QB3.Results.260109/ABMU_HOR/ABMU_HOR_LP_308_Du-777_S232_L005_R2_001.fastq.gz	include	include	passes Step 5 downstream QC
ABMU_HOR_LP_358_Du-770	QB3.Berkeley.251217/QB3.Results.260109	main_standard	D. abramsii ssp. murina	ABMU_HOR	Horse Canyon (SLO)	Du-770	LP_358	genomicsDrive_data_dump/QB3.Berkeley.251217/QB3.Results.260109/ABMU_HOR/ABMU_HOR_LP_358_Du-770_S243_L005_R1_001.fastq.gz	genomicsDrive_data_dump/QB3.Berkeley.251217/QB3.Results.260109/ABMU_HOR/ABMU_HOR_LP_358_Du-770_S243_L005_R2_001.fastq.gz	include	include	passes Step 5 downstream QC
ABMU_HOR_LP_359_Du-771	QB3.Berkeley.251217/QB3.Results.260109	main_standard	D. abramsii ssp. murina	ABMU_HOR	Horse Canyon (SLO)	Du-771	LP_359	genomicsDrive_data_dump/QB3.Berkeley.251217/QB3.Results.260109/ABMU_HOR/ABMU_HOR_LP_359_Du-771_S252_L005_R1_001.fastq.gz	genomicsDrive_data_dump/QB3.Berkeley.251217/QB3.Results.260109/ABMU_HOR/ABMU_HOR_LP_359_Du-771_S252_L005_R2_001.fastq.gz	include	include	passes Step 5 downstream QC
ABMU_HOR_LP_360_Du-772	QB3.Berkeley.251217/QB3.Results.260109	main_standard	D. abramsii ssp. murina	ABMU_HOR	Horse Canyon (SLO)	Du-772	LP_360	genomicsDrive_data_dump/QB3.Berkeley.251217/QB3.Results.260109/ABMU_HOR/ABMU_HOR_LP_360_Du-772_S260_L005_R1_001.fastq.gz	genomicsDrive_data_dump/QB3.Berkeley.251217/QB3.Results.260109/ABMU_HOR/ABMU_HOR_LP_360_Du-772_S260_L005_R2_001.fastq.gz	include	include	passes Step 5 downstream QC
ABMU_HOR_LP_361_Du-773	QB3.Berkeley.251217/QB3.Results.260109	main_standard	D. abramsii ssp. murina	ABMU_HOR	Horse Canyon (SLO)	Du-773	LP_361	genomicsDrive_data_dump/QB3.Berkeley.251217/QB3.Results.260109/ABMU_HOR/ABMU_HOR_LP_361_Du-773_S270_L005_R1_001.fastq.gz	genomicsDrive_data_dump/QB3.Berkeley.251217/QB3.Results.260109/ABMU_HOR/ABMU_HOR_LP_361_Du-773_S270_L005_R2_001.fastq.gz	include	include	passes Step 5 downstream QC
BAI_LP_105_Du-222	QB3.Berkeley.251217/QB3.Results.260109	main_standard	D. setchellii	BAI	Baird Ridgeline	Du-222	LP_105	genomicsDrive_data_dump/QB3.Berkeley.251217/QB3.Results.260109/BAI/BAI_LP_105_Du-222_S37_L005_R1_001.fastq.gz	genomicsDrive_data_dump/QB3.Berkeley.251217/QB3.Results.260109/BAI/BAI_LP_105_Du-222_S37_L005_R2_001.fastq.gz	include	include	passes Step 5 downstream QC
BAI_LP_106_Du-223	QB3.Berkeley.251217/QB3.Results.260109	main_standard	D. setchellii	BAI	Baird Ridgeline	Du-223	LP_106	genomicsDrive_data_dump/QB3.Berkeley.251217/QB3.Results.260109/BAI/BAI_LP_106_Du-223_S47_L005_R1_001.fastq.gz	genomicsDrive_data_dump/QB3.Berkeley.251217/QB3.Results.260109/BAI/BAI_LP_106_Du-223_S47_L005_R2_001.fastq.gz	include	include	passes Step 5 downstream QC
BAI_LP_108_Du-225	QB3.Berkeley.251217/QB3.Results.260109	main_standard	D. setchellii	BAI	Baird Ridgeline	Du-225	LP_108	genomicsDrive_data_dump/QB3.Berkeley.251217/QB3.Results.260109/BAI/BAI_LP_108_Du-225_S68_L005_R1_001.fastq.gz	genomicsDrive_data_dump/QB3.Berkeley.251217/QB3.Results.260109/BAI/BAI_LP_108_Du-225_S68_L005_R2_001.fastq.gz	include	include	passes Step 5 downstream QC
BAI_LP_109_Du-226	QB3.Berkeley.251217/QB3.Results.260109	main_standard	D. setchellii	BAI	Baird Ridgeline	Du-226	LP_109	genomicsDrive_data_dump/QB3.Berkeley.251217/QB3.Results.260109/BAI/BAI_LP_109_Du-226_S79_L005_R1_001.fastq.gz	genomicsDrive_data_dump/QB3.Berkeley.251217/QB3.Results.260109/BAI/BAI_LP_109_Du-226_S79_L005_R2_001.fastq.gz	include	include	passes Step 5 downstream QC
BAI_LP_110_Du-227	QB3.Berkeley.251217/QB3.Results.260109	main_standard	D. setchellii	BAI	Baird Ridgeline	Du-227	LP_110	genomicsDrive_data_dump/QB3.Berkeley.251217/QB3.Results.260109/BAI/BAI_LP_110_Du-227_S89_L005_R1_001.fastq.gz	genomicsDrive_data_dump/QB3.Berkeley.251217/QB3.Results.260109/BAI/BAI_LP_110_Du-227_S89_L005_R2_001.fastq.gz	include	include	passes Step 5 downstream QC
BAI_LP_111_Du-228	QB3.Berkeley.251217/QB3.Results.260109	main_standard	D. setchellii	BAI	Baird Ridgeline	Du-228	LP_111	genomicsDrive_data_dump/QB3.Berkeley.251217/QB3.Results.260109/BAI/BAI_LP_111_Du-228_S99_L005_R1_001.fastq.gz	genomicsDrive_data_dump/QB3.Berkeley.251217/QB3.Results.260109/BAI/BAI_LP_111_Du-228_S99_L005_R2_001.fastq.gz	include	include	passes Step 5 downstream QC
BAI_LP_112_Du-230	QB3.Berkeley.251217/QB3.Results.260109	main_standard	D. setchellii	BAI	Baird Ridgeline	Du-230	LP_112	genomicsDrive_data_dump/QB3.Berkeley.251217/QB3.Results.260109/BAI/BAI_LP_112_Du-230_S109_L005_R1_001.fastq.gz	genomicsDrive_data_dump/QB3.Berkeley.251217/QB3.Results.260109/BAI/BAI_LP_112_Du-230_S109_L005_R2_001.fastq.gz	include	include	passes Step 5 downstream QC
BAI_LP_113_Du-231	QB3.Berkeley.251217/QB3.Results.260109	main_standard	D. setchellii	BAI	Baird Ridgeline	Du-231	LP_113	genomicsDrive_data_dump/QB3.Berkeley.251217/QB3.Results.260109/BAI/BAI_LP_113_Du-231_S195_L005_R1_001.fastq.gz	genomicsDrive_data_dump/QB3.Berkeley.251217/QB3.Results.260109/BAI/BAI_LP_113_Du-231_S195_L005_R2_001.fastq.gz	include	include	passes Step 5 downstream QC
BAI_LP_114_Du-232	QB3.Berkeley.251217/QB3.Results.260109	main_standard	D. setchellii	BAI	Baird Ridgeline	Du-232	LP_114	genomicsDrive_data_dump/QB3.Berkeley.251217/QB3.Results.260109/BAI/BAI_LP_114_Du-232_S197_L005_R1_001.fastq.gz	genomicsDrive_data_dump/QB3.Berkeley.251217/QB3.Results.260109/BAI/BAI_LP_114_Du-232_S197_L005_R2_001.fastq.gz	include	include	passes Step 5 downstream QC
BAI_LP_319_Du-233	QB3.Berkeley.251217/QB3.Results.260109	main_standard	D. setchellii	BAI	Baird Ridgeline	Du-233	LP_319	genomicsDrive_data_dump/QB3.Berkeley.251217/QB3.Results.260109/BAI/BAI_LP_319_Du-233_S58_L005_R1_001.fastq.gz	genomicsDrive_data_dump/QB3.Berkeley.251217/QB3.Results.260109/BAI/BAI_LP_319_Du-233_S58_L005_R2_001.fastq.gz	include	include	passes Step 5 downstream QC
COM_LP_269_Du-703	QB3.Berkeley.251217/QB3.Results.260109	main_standard	D. setchellii	COM	Communication Hill	Du-703	LP_269	genomicsDrive_data_dump/QB3.Berkeley.251217/QB3.Results.260109/COM/COM_LP_269_Du-703_S239_L005_R1_001.fastq.gz	genomicsDrive_data_dump/QB3.Berkeley.251217/QB3.Results.260109/COM/COM_LP_269_Du-703_S239_L005_R2_001.fastq.gz	include	include	passes Step 5 downstream QC
COM_LP_270_Du-704	QB3.Berkeley.251217/QB3.Results.260109	main_standard	D. setchellii	COM	Communication Hill	Du-704	LP_270	genomicsDrive_data_dump/QB3.Berkeley.251217/QB3.Results.260109/COM/COM_LP_270_Du-704_S250_L005_R1_001.fastq.gz	genomicsDrive_data_dump/QB3.Berkeley.251217/QB3.Results.260109/COM/COM_LP_270_Du-704_S250_L005_R2_001.fastq.gz	include	include	passes Step 5 downstream QC
COM_LP_272_Du-707	QB3.Berkeley.251217/QB3.Results.260109	main_standard	D. setchellii	COM	Communication Hill	Du-707	LP_272	genomicsDrive_data_dump/QB3.Berkeley.251217/QB3.Results.260109/COM/COM_LP_272_Du-707_S266_L005_R1_001.fastq.gz	genomicsDrive_data_dump/QB3.Berkeley.251217/QB3.Results.260109/COM/COM_LP_272_Du-707_S266_L005_R2_001.fastq.gz	include	include	passes Step 5 downstream QC
COM_LP_274_Du-709	QB3.Berkeley.251217/QB3.Results.260109	main_standard	D. setchellii	COM	Communication Hill	Du-709	LP_274	genomicsDrive_data_dump/QB3.Berkeley.251217/QB3.Results.260109/COM/COM_LP_274_Du-709_S286_L005_R1_001.fastq.gz	genomicsDrive_data_dump/QB3.Berkeley.251217/QB3.Results.260109/COM/COM_LP_274_Du-709_S286_L005_R2_001.fastq.gz	include	include	passes Step 5 downstream QC
COM_LP_276_Du-711	QB3.Berkeley.251217/QB3.Results.260109	main_standard	D. setchellii	COM	Communication Hill	Du-711	LP_276	genomicsDrive_data_dump/QB3.Berkeley.251217/QB3.Results.260109/COM/COM_LP_276_Du-711_S229_L005_R1_001.fastq.gz	genomicsDrive_data_dump/QB3.Berkeley.251217/QB3.Results.260109/COM/COM_LP_276_Du-711_S229_L005_R2_001.fastq.gz	include	include	passes Step 5 downstream QC
COM_LP_277_Du-712	QB3.Berkeley.251217/QB3.Results.260109	main_standard	D. setchellii	COM	Communication Hill	Du-712	LP_277	genomicsDrive_data_dump/QB3.Berkeley.251217/QB3.Results.260109/COM/COM_LP_277_Du-712_S240_L005_R1_001.fastq.gz	genomicsDrive_data_dump/QB3.Berkeley.251217/QB3.Results.260109/COM/COM_LP_277_Du-712_S240_L005_R2_001.fastq.gz	include	include	passes Step 5 downstream QC
COM_LP_341_Du-713	QB3.Berkeley.251217/QB3.Results.260109	main_standard	D. setchellii	COM	Communication Hill	Du-713	LP_341	genomicsDrive_data_dump/QB3.Berkeley.251217/QB3.Results.260109/COM/COM_LP_341_Du-713_S207_L005_R1_001.fastq.gz	genomicsDrive_data_dump/QB3.Berkeley.251217/QB3.Results.260109/COM/COM_LP_341_Du-713_S207_L005_R2_001.fastq.gz	include	include	passes Step 5 downstream QC
COM_LP_342_Du-714	QB3.Berkeley.251217/QB3.Results.260109	main_standard	D. setchellii	COM	Communication Hill	Du-714	LP_342	genomicsDrive_data_dump/QB3.Berkeley.251217/QB3.Results.260109/COM/COM_LP_342_Du-714_S210_L005_R1_001.fastq.gz	genomicsDrive_data_dump/QB3.Berkeley.251217/QB3.Results.260109/COM/COM_LP_342_Du-714_S210_L005_R2_001.fastq.gz	include	include	passes Step 5 downstream QC
COM_LP_343_Du-715	QB3.Berkeley.251217/QB3.Results.260109	main_standard	D. setchellii	COM	Communication Hill	Du-715	LP_343	genomicsDrive_data_dump/QB3.Berkeley.251217/QB3.Results.260109/COM/COM_LP_343_Du-715_S205_L005_R1_001.fastq.gz	genomicsDrive_data_dump/QB3.Berkeley.251217/QB3.Results.260109/COM/COM_LP_343_Du-715_S205_L005_R2_001.fastq.gz	include	include	passes Step 5 downstream QC
CROB_LP_169_Du-381	QB3.Berkeley.251217/QB3.Results.260109	main_standard	D. setchellii	CROB	Crosp Bench	Du-381	LP_169	genomicsDrive_data_dump/QB3.Berkeley.251217/QB3.Results.260109/CROB/CROB_LP_169_Du-381_S178_L005_R1_001.fastq.gz	genomicsDrive_data_dump/QB3.Berkeley.251217/QB3.Results.260109/CROB/CROB_LP_169_Du-381_S178_L005_R2_001.fastq.gz	include	include	passes Step 5 downstream QC
CROB_LP_170_Du-382	QB3.Berkeley.251217/QB3.Results.260109	main_standard	D. setchellii	CROB	Crosp Bench	Du-382	LP_170	genomicsDrive_data_dump/QB3.Berkeley.251217/QB3.Results.260109/CROB/CROB_LP_170_Du-382_S189_L005_R1_001.fastq.gz	genomicsDrive_data_dump/QB3.Berkeley.251217/QB3.Results.260109/CROB/CROB_LP_170_Du-382_S189_L005_R2_001.fastq.gz	include	include	passes Step 5 downstream QC
CROB_LP_172_Du-384	QB3.Berkeley.251217/QB3.Results.260109	main_standard	D. setchellii	CROB	Crosp Bench	Du-384	LP_172	genomicsDrive_data_dump/QB3.Berkeley.251217/QB3.Results.260109/CROB/CROB_LP_172_Du-384_S127_L005_R1_001.fastq.gz	genomicsDrive_data_dump/QB3.Berkeley.251217/QB3.Results.260109/CROB/CROB_LP_172_Du-384_S127_L005_R2_001.fastq.gz	include	include	passes Step 5 downstream QC
CROB_LP_173_Du-385	QB3.Berkeley.251217/QB3.Results.260109	main_standard	D. setchellii	CROB	Crosp Bench	Du-385	LP_173	genomicsDrive_data_dump/QB3.Berkeley.251217/QB3.Results.260109/CROB/CROB_LP_173_Du-385_S137_L005_R1_001.fastq.gz	genomicsDrive_data_dump/QB3.Berkeley.251217/QB3.Results.260109/CROB/CROB_LP_173_Du-385_S137_L005_R2_001.fastq.gz	include	include	passes Step 5 downstream QC
CROB_LP_174_Du-386	QB3.Berkeley.251217/QB3.Results.260109	main_standard	D. setchellii	CROB	Crosp Bench	Du-386	LP_174	genomicsDrive_data_dump/QB3.Berkeley.251217/QB3.Results.260109/CROB/CROB_LP_174_Du-386_S148_L005_R1_001.fastq.gz	genomicsDrive_data_dump/QB3.Berkeley.251217/QB3.Results.260109/CROB/CROB_LP_174_Du-386_S148_L005_R2_001.fastq.gz	include	include	passes Step 5 downstream QC
CROB_LP_175_Du-387	QB3.Berkeley.251217/QB3.Results.260109	main_standard	D. setchellii	CROB	Crosp Bench	Du-387	LP_175	genomicsDrive_data_dump/QB3.Berkeley.251217/QB3.Results.260109/CROB/CROB_LP_175_Du-387_S158_L005_R1_001.fastq.gz	genomicsDrive_data_dump/QB3.Berkeley.251217/QB3.Results.260109/CROB/CROB_LP_175_Du-387_S158_L005_R2_001.fastq.gz	include	include	passes Step 5 downstream QC
CROB_LP_176_Du-388	QB3.Berkeley.251217/QB3.Results.260109	main_standard	D. setchellii	CROB	Crosp Bench	Du-388	LP_176	genomicsDrive_data_dump/QB3.Berkeley.251217/QB3.Results.260109/CROB/CROB_LP_176_Du-388_S168_L005_R1_001.fastq.gz	genomicsDrive_data_dump/QB3.Berkeley.251217/QB3.Results.260109/CROB/CROB_LP_176_Du-388_S168_L005_R2_001.fastq.gz	include	include	passes Step 5 downstream QC
CROB_LP_177_Du-389	QB3.Berkeley.251217/QB3.Results.260109	main_standard	D. setchellii	CROB	Crosp Bench	Du-389	LP_177	genomicsDrive_data_dump/QB3.Berkeley.251217/QB3.Results.260109/CROB/CROB_LP_177_Du-389_S179_L005_R1_001.fastq.gz	genomicsDrive_data_dump/QB3.Berkeley.251217/QB3.Results.260109/CROB/CROB_LP_177_Du-389_S179_L005_R2_001.fastq.gz	include	include	passes Step 5 downstream QC
CROB_LP_320_Du-395	QB3.Berkeley.251217/QB3.Results.260109	main_standard	D. setchellii	CROB	Crosp Bench	Du-395	LP_320	genomicsDrive_data_dump/QB3.Berkeley.251217/QB3.Results.260109/CROB/CROB_LP_320_Du-395_S110_L005_R1_001.fastq.gz	genomicsDrive_data_dump/QB3.Berkeley.251217/QB3.Results.260109/CROB/CROB_LP_320_Du-395_S110_L005_R2_001.fastq.gz	include	include	passes Step 5 downstream QC
CROB_LP_321_Du-396	QB3.Berkeley.251217/QB3.Results.260109	main_standard	D. setchellii	CROB	Crosp Bench	Du-396	LP_321	genomicsDrive_data_dump/QB3.Berkeley.251217/QB3.Results.260109/CROB/CROB_LP_321_Du-396_S111_L005_R1_001.fastq.gz	genomicsDrive_data_dump/QB3.Berkeley.251217/QB3.Results.260109/CROB/CROB_LP_321_Du-396_S111_L005_R2_001.fastq.gz	include	include	passes Step 5 downstream QC
CROS_LP_085_Du-181	QB3.Berkeley.251217/QB3.Results.260109	main_standard	D. setchellii	CROS	Crosp South End	Du-181	LP_085	genomicsDrive_data_dump/QB3.Berkeley.251217/QB3.Results.260109/CROS/CROS_LP_085_Du-181_S76_L005_R1_001.fastq.gz	genomicsDrive_data_dump/QB3.Berkeley.251217/QB3.Results.260109/CROS/CROS_LP_085_Du-181_S76_L005_R2_001.fastq.gz	include	include	passes Step 5 downstream QC
CROS_LP_086_Du-182	QB3.Berkeley.251217/QB3.Results.260109	main_standard	D. setchellii	CROS	Crosp South End	Du-182	LP_086	genomicsDrive_data_dump/QB3.Berkeley.251217/QB3.Results.260109/CROS/CROS_LP_086_Du-182_S86_L005_R1_001.fastq.gz	genomicsDrive_data_dump/QB3.Berkeley.251217/QB3.Results.260109/CROS/CROS_LP_086_Du-182_S86_L005_R2_001.fastq.gz	include	include	passes Step 5 downstream QC
CROS_LP_087_Du-183	QB3.Berkeley.251217/QB3.Results.260109	main_standard	D. setchellii	CROS	Crosp South End	Du-183	LP_087	genomicsDrive_data_dump/QB3.Berkeley.251217/QB3.Results.260109/CROS/CROS_LP_087_Du-183_S96_L005_R1_001.fastq.gz	genomicsDrive_data_dump/QB3.Berkeley.251217/QB3.Results.260109/CROS/CROS_LP_087_Du-183_S96_L005_R2_001.fastq.gz	include	include	passes Step 5 downstream QC
CROS_LP_088_Du-184	QB3.Berkeley.251217/QB3.Results.260109	main_standard	D. setchellii	CROS	Crosp South End	Du-184	LP_088	genomicsDrive_data_dump/QB3.Berkeley.251217/QB3.Results.260109/CROS/CROS_LP_088_Du-184_S106_L005_R1_001.fastq.gz	genomicsDrive_data_dump/QB3.Berkeley.251217/QB3.Results.260109/CROS/CROS_LP_088_Du-184_S106_L005_R2_001.fastq.gz	include	include	passes Step 5 downstream QC
CROS_LP_089_Du-185	QB3.Berkeley.251217/QB3.Results.260109	main_standard	D. setchellii	CROS	Crosp South End	Du-185	LP_089	genomicsDrive_data_dump/QB3.Berkeley.251217/QB3.Results.260109/CROS/CROS_LP_089_Du-185_S35_L005_R1_001.fastq.gz	genomicsDrive_data_dump/QB3.Berkeley.251217/QB3.Results.260109/CROS/CROS_LP_089_Du-185_S35_L005_R2_001.fastq.gz	include	include	passes Step 5 downstream QC
CROS_LP_090_Du-186	QB3.Berkeley.251217/QB3.Results.260109	main_standard	D. setchellii	CROS	Crosp South End	Du-186	LP_090	genomicsDrive_data_dump/QB3.Berkeley.251217/QB3.Results.260109/CROS/CROS_LP_090_Du-186_S45_L005_R1_001.fastq.gz	genomicsDrive_data_dump/QB3.Berkeley.251217/QB3.Results.260109/CROS/CROS_LP_090_Du-186_S45_L005_R2_001.fastq.gz	include	include	passes Step 5 downstream QC
CROS_LP_091_Du-187	QB3.Berkeley.251217/QB3.Results.260109	main_standard	D. setchellii	CROS	Crosp South End	Du-187	LP_091	genomicsDrive_data_dump/QB3.Berkeley.251217/QB3.Results.260109/CROS/CROS_LP_091_Du-187_S56_L005_R1_001.fastq.gz	genomicsDrive_data_dump/QB3.Berkeley.251217/QB3.Results.260109/CROS/CROS_LP_091_Du-187_S56_L005_R2_001.fastq.gz	include	include	passes Step 5 downstream QC
CROS_LP_092_Du-188	QB3.Berkeley.251217/QB3.Results.260109	main_standard	D. setchellii	CROS	Crosp South End	Du-188	LP_092	genomicsDrive_data_dump/QB3.Berkeley.251217/QB3.Results.260109/CROS/CROS_LP_092_Du-188_S66_L005_R1_001.fastq.gz	genomicsDrive_data_dump/QB3.Berkeley.251217/QB3.Results.260109/CROS/CROS_LP_092_Du-188_S66_L005_R2_001.fastq.gz	include	include	passes Step 5 downstream QC
CROS_LP_093_Du-189	QB3.Berkeley.251217/QB3.Results.260109	main_standard	D. setchellii	CROS	Crosp South End	Du-189	LP_093	genomicsDrive_data_dump/QB3.Berkeley.251217/QB3.Results.260109/CROS/CROS_LP_093_Du-189_S77_L005_R1_001.fastq.gz	genomicsDrive_data_dump/QB3.Berkeley.251217/QB3.Results.260109/CROS/CROS_LP_093_Du-189_S77_L005_R2_001.fastq.gz	include	include	passes Step 5 downstream QC
CROS_LP_094_Du-190	QB3.Berkeley.251217/QB3.Results.260109	main_standard	D. setchellii	CROS	Crosp South End	Du-190	LP_094	genomicsDrive_data_dump/QB3.Berkeley.251217/QB3.Results.260109/CROS/CROS_LP_094_Du-190_S87_L005_R1_001.fastq.gz	genomicsDrive_data_dump/QB3.Berkeley.251217/QB3.Results.260109/CROS/CROS_LP_094_Du-190_S87_L005_R2_001.fastq.gz	include	include	passes Step 5 downstream QC
CY_ALA_LP_298-Du-767	QB3.Berkeley.251217/QB3.Results.260109	main_standard	D. cymosa	CY_ALA	Los Alanitos Dam	Du-767	LP_298	genomicsDrive_data_dump/QB3.Berkeley.251217/QB3.Results.260109/CY_ALA/CY_ALA_LP_298-Du-767_S289_L005_R1_001.fastq.gz	genomicsDrive_data_dump/QB3.Berkeley.251217/QB3.Results.260109/CY_ALA/CY_ALA_LP_298-Du-767_S289_L005_R2_001.fastq.gz	include	include	passes Step 5 downstream QC
CY_ALA_LP_299-Du-768	QB3.Berkeley.251217/QB3.Results.260109	main_standard	D. cymosa	CY_ALA	Los Alanitos Dam	Du-768	LP_299	genomicsDrive_data_dump/QB3.Berkeley.251217/QB3.Results.260109/CY_ALA/CY_ALA_LP_299-Du-768_S221_L005_R1_001.fastq.gz	genomicsDrive_data_dump/QB3.Berkeley.251217/QB3.Results.260109/CY_ALA/CY_ALA_LP_299-Du-768_S221_L005_R2_001.fastq.gz	include	include	passes Step 5 downstream QC
CY_ALA_LP_357_Du-769	QB3.Berkeley.251217/QB3.Results.260109	main_standard	D. cymosa	CY_ALA	Los Alanitos Dam	Du-769	LP_357	genomicsDrive_data_dump/QB3.Berkeley.251217/QB3.Results.260109/CY_ALA/CY_ALA_LP_357_Du-769_S231_L005_R1_001.fastq.gz	genomicsDrive_data_dump/QB3.Berkeley.251217/QB3.Results.260109/CY_ALA/CY_ALA_LP_357_Du-769_S231_L005_R2_001.fastq.gz	include	include	passes Step 5 downstream QC
CY_BAL_LP_226_Du-602	QB3.Berkeley.251217/QB3.Results.260109	main_standard	D. cymosa	CY_BAL	Baldwin Lake	Du-602	LP_226	genomicsDrive_data_dump/QB3.Berkeley.251217/QB3.Results.260109/CY_BAL/CY_BAL_LP_226_Du-602_S281_L005_R1_001.fastq.gz	genomicsDrive_data_dump/QB3.Berkeley.251217/QB3.Results.260109/CY_BAL/CY_BAL_LP_226_Du-602_S281_L005_R2_001.fastq.gz	include	include	passes Step 5 downstream QC
CY_BAL_LP_227_Du-603	QB3.Berkeley.251217/QB3.Results.260109	main_standard	D. cymosa	CY_BAL	Baldwin Lake	Du-603	LP_227	genomicsDrive_data_dump/QB3.Berkeley.251217/QB3.Results.260109/CY_BAL/CY_BAL_LP_227_Du-603_S213_L005_R1_001.fastq.gz	genomicsDrive_data_dump/QB3.Berkeley.251217/QB3.Results.260109/CY_BAL/CY_BAL_LP_227_Du-603_S213_L005_R2_001.fastq.gz	include	include	passes Step 5 downstream QC
CY_BAL_LP_228_Du-604	QB3.Berkeley.251217/QB3.Results.260109	main_standard	D. cymosa	CY_BAL	Baldwin Lake	Du-604	LP_228	genomicsDrive_data_dump/QB3.Berkeley.251217/QB3.Results.260109/CY_BAL/CY_BAL_LP_228_Du-604_S223_L005_R1_001.fastq.gz	genomicsDrive_data_dump/QB3.Berkeley.251217/QB3.Results.260109/CY_BAL/CY_BAL_LP_228_Du-604_S223_L005_R2_001.fastq.gz	include	include	passes Step 5 downstream QC
CY_BGL_LP_210_Du-577	QB3.Berkeley.251217/QB3.Results.260109	main_standard	D. cymosa	CY_BGL	Below Green Lake	Du-577	LP_210	genomicsDrive_data_dump/QB3.Berkeley.251217/QB3.Results.260109/CY_BGL/CY_BGL_LP_210_Du-577_S193_L005_R1_001.fastq.gz	genomicsDrive_data_dump/QB3.Berkeley.251217/QB3.Results.260109/CY_BGL/CY_BGL_LP_210_Du-577_S193_L005_R2_001.fastq.gz	include	include	passes Step 5 downstream QC
CY_BGL_LP_212_Du-579	QB3.Berkeley.251217/QB3.Results.260109	main_standard	D. cymosa	CY_BGL	Below Green Lake	Du-579	LP_212	genomicsDrive_data_dump/QB3.Berkeley.251217/QB3.Results.260109/CY_BGL/CY_BGL_LP_212_Du-579_S131_L005_R1_001.fastq.gz	genomicsDrive_data_dump/QB3.Berkeley.251217/QB3.Results.260109/CY_BGL/CY_BGL_LP_212_Du-579_S131_L005_R2_001.fastq.gz	include	include	passes Step 5 downstream QC
CY_BOU_LP_288_Du-737	QB3.Berkeley.251217/QB3.Results.260109	main_standard	D. cymosa	CY_BOU	Boulder Ridge	Du-737	LP_288	genomicsDrive_data_dump/QB3.Berkeley.251217/QB3.Results.260109/CY_BOU/CY_BOU_LP_288_Du-737_S268_L005_R1_001.fastq.gz	genomicsDrive_data_dump/QB3.Berkeley.251217/QB3.Results.260109/CY_BOU/CY_BOU_LP_288_Du-737_S268_L005_R2_001.fastq.gz	include	include	passes Step 5 downstream QC
CY_BOU_LP_290_Du-739	QB3.Berkeley.251217/QB3.Results.260109	main_standard	D. cymosa	CY_BOU	Boulder Ridge	Du-739	LP_290	genomicsDrive_data_dump/QB3.Berkeley.251217/QB3.Results.260109/CY_BOU/CY_BOU_LP_290_Du-739_S288_L005_R1_001.fastq.gz	genomicsDrive_data_dump/QB3.Berkeley.251217/QB3.Results.260109/CY_BOU/CY_BOU_LP_290_Du-739_S288_L005_R2_001.fastq.gz	include	include	passes Step 5 downstream QC
CY_BOU_LP_291_Du-740	QB3.Berkeley.251217/QB3.Results.260109	main_standard	D. cymosa	CY_BOU	Boulder Ridge	Du-740	LP_291	genomicsDrive_data_dump/QB3.Berkeley.251217/QB3.Results.260109/CY_BOU/CY_BOU_LP_291_Du-740_S220_L005_R1_001.fastq.gz	genomicsDrive_data_dump/QB3.Berkeley.251217/QB3.Results.260109/CY_BOU/CY_BOU_LP_291_Du-740_S220_L005_R2_001.fastq.gz	include	include	passes Step 5 downstream QC
CY_BOU_LP_292_Du-741	QB3.Berkeley.251217/QB3.Results.260109	main_standard	D. cymosa	CY_BOU	Boulder Ridge	Du-741	LP_292	genomicsDrive_data_dump/QB3.Berkeley.251217/QB3.Results.260109/CY_BOU/CY_BOU_LP_292_Du-741_S230_L005_R1_001.fastq.gz	genomicsDrive_data_dump/QB3.Berkeley.251217/QB3.Results.260109/CY_BOU/CY_BOU_LP_292_Du-741_S230_L005_R2_001.fastq.gz	include	include	passes Step 5 downstream QC
CY_BOU_LP_354_Du-742	QB3.Berkeley.251217/QB3.Results.260109	main_standard	D. cymosa	CY_BOU	Boulder Ridge	Du-742	LP_354	genomicsDrive_data_dump/QB3.Berkeley.251217/QB3.Results.260109/CY_BOU/CY_BOU_LP_354_Du-742_S278_L005_R1_001.fastq.gz	genomicsDrive_data_dump/QB3.Berkeley.251217/QB3.Results.260109/CY_BOU/CY_BOU_LP_354_Du-742_S278_L005_R2_001.fastq.gz	include	include	passes Step 5 downstream QC
CY_CAS_LP_328_Du-610	QB3.Berkeley.251217/QB3.Results.260109	main_standard	D. cymosa	CY_CAS	Castle Rock Falls	Du-610	LP_328	genomicsDrive_data_dump/QB3.Berkeley.251217/QB3.Results.260109/CY_CAS/CY_CAS_LP_328_Du-610_S234_L005_R1_001.fastq.gz	genomicsDrive_data_dump/QB3.Berkeley.251217/QB3.Results.260109/CY_CAS/CY_CAS_LP_328_Du-610_S234_L005_R2_001.fastq.gz	include	include	passes Step 5 downstream QC
CY_CAS_LP_329_Du-611	QB3.Berkeley.251217/QB3.Results.260109	main_standard	D. cymosa	CY_CAS	Castle Rock Falls	Du-611	LP_329	genomicsDrive_data_dump/QB3.Berkeley.251217/QB3.Results.260109/CY_CAS/CY_CAS_LP_329_Du-611_S245_L005_R1_001.fastq.gz	genomicsDrive_data_dump/QB3.Berkeley.251217/QB3.Results.260109/CY_CAS/CY_CAS_LP_329_Du-611_S245_L005_R2_001.fastq.gz	include	include	passes Step 5 downstream QC
CY_CAS_LP_330_Du-607	QB3.Berkeley.251217/QB3.Results.260109	main_standard	D. cymosa	CY_CAS	Castle Rock Falls	Du-607	LP_330	genomicsDrive_data_dump/QB3.Berkeley.251217/QB3.Results.260109/CY_CAS/CY_CAS_LP_330_Du-607_S254_L005_R1_001.fastq.gz	genomicsDrive_data_dump/QB3.Berkeley.251217/QB3.Results.260109/CY_CAS/CY_CAS_LP_330_Du-607_S254_L005_R2_001.fastq.gz	include	include	passes Step 5 downstream QC
CY_CAS_LP_331_Du-608	QB3.Berkeley.251217/QB3.Results.260109	main_standard	D. cymosa	CY_CAS	Castle Rock Falls	Du-608	LP_331	genomicsDrive_data_dump/QB3.Berkeley.251217/QB3.Results.260109/CY_CAS/CY_CAS_LP_331_Du-608_S262_L005_R1_001.fastq.gz	genomicsDrive_data_dump/QB3.Berkeley.251217/QB3.Results.260109/CY_CAS/CY_CAS_LP_331_Du-608_S262_L005_R2_001.fastq.gz	include	include	passes Step 5 downstream QC
CY_CAS_LP_332_Du-609	QB3.Berkeley.251217/QB3.Results.260109	main_standard	D. cymosa	CY_CAS	Castle Rock Falls	Du-609	LP_332	genomicsDrive_data_dump/QB3.Berkeley.251217/QB3.Results.260109/CY_CAS/CY_CAS_LP_332_Du-609_S273_L005_R1_001.fastq.gz	genomicsDrive_data_dump/QB3.Berkeley.251217/QB3.Results.260109/CY_CAS/CY_CAS_LP_332_Du-609_S273_L005_R2_001.fastq.gz	include	include	passes Step 5 downstream QC
CY_HICN_LP_236_Du-614	QB3.Berkeley.251217/QB3.Results.260109	main_standard	D. cymosa	CY_HICN	Hick's Road North	Du-614	LP_236	genomicsDrive_data_dump/QB3.Berkeley.251217/QB3.Results.260109/CY_HICN/CY_HICN_LP_236_Du-614_S224_L005_R1_001.fastq.gz	genomicsDrive_data_dump/QB3.Berkeley.251217/QB3.Results.260109/CY_HICN/CY_HICN_LP_236_Du-614_S224_L005_R2_001.fastq.gz	include	include	passes Step 5 downstream QC
CY_HICN_LP_333_Du-612	QB3.Berkeley.251217/QB3.Results.260109	main_standard	D. cymosa	CY_HICN	Hick's Road North	Du-612	LP_333	genomicsDrive_data_dump/QB3.Berkeley.251217/QB3.Results.260109/CY_HICN/CY_HICN_LP_333_Du-612_S282_L005_R1_001.fastq.gz	genomicsDrive_data_dump/QB3.Berkeley.251217/QB3.Results.260109/CY_HICN/CY_HICN_LP_333_Du-612_S282_L005_R2_001.fastq.gz	include	include	passes Step 5 downstream QC
CY_HICN_LP_334_Du-613	QB3.Berkeley.251217/QB3.Results.260109	main_standard	D. cymosa	CY_HICN	Hick's Road North	Du-613	LP_334	genomicsDrive_data_dump/QB3.Berkeley.251217/QB3.Results.260109/CY_HICN/CY_HICN_LP_334_Du-613_S214_L005_R1_001.fastq.gz	genomicsDrive_data_dump/QB3.Berkeley.251217/QB3.Results.260109/CY_HICN/CY_HICN_LP_334_Du-613_S214_L005_R2_001.fastq.gz	include	include	passes Step 5 downstream QC
CY_HICN_LP_335_Du-615	QB3.Berkeley.251217/QB3.Results.260109	main_standard	D. cymosa	CY_HICN	Hick's Road North	Du-615	LP_335	genomicsDrive_data_dump/QB3.Berkeley.251217/QB3.Results.260109/CY_HICN/CY_HICN_LP_335_Du-615_S235_L005_R1_001.fastq.gz	genomicsDrive_data_dump/QB3.Berkeley.251217/QB3.Results.260109/CY_HICN/CY_HICN_LP_335_Du-615_S235_L005_R2_001.fastq.gz	include	include	passes Step 5 downstream QC
CY_HICN_LP_336_Du-616	QB3.Berkeley.251217/QB3.Results.260109	main_standard	D. cymosa	CY_HICN	Hick's Road North	Du-616	LP_336	genomicsDrive_data_dump/QB3.Berkeley.251217/QB3.Results.260109/CY_HICN/CY_HICN_LP_336_Du-616_S246_L005_R1_001.fastq.gz	genomicsDrive_data_dump/QB3.Berkeley.251217/QB3.Results.260109/CY_HICN/CY_HICN_LP_336_Du-616_S246_L005_R2_001.fastq.gz	include	include	passes Step 5 downstream QC
CY_HICS_LP_293_Du-757	QB3.Berkeley.251217/QB3.Results.260109	main_standard	D. cymosa	CY_HICS	Hicks Rd. South	Du-757	LP_293	genomicsDrive_data_dump/QB3.Berkeley.251217/QB3.Results.260109/CY_HICS/CY_HICS_LP_293_Du-757_S242_L005_R1_001.fastq.gz	genomicsDrive_data_dump/QB3.Berkeley.251217/QB3.Results.260109/CY_HICS/CY_HICS_LP_293_Du-757_S242_L005_R2_001.fastq.gz	include	include	passes Step 5 downstream QC
CY_HICS_LP_295_Du-759	QB3.Berkeley.251217/QB3.Results.260109	main_standard	D. cymosa	CY_HICS	Hicks Rd. South	Du-759	LP_295	genomicsDrive_data_dump/QB3.Berkeley.251217/QB3.Results.260109/CY_HICS/CY_HICS_LP_295_Du-759_S259_L005_R1_001.fastq.gz	genomicsDrive_data_dump/QB3.Berkeley.251217/QB3.Results.260109/CY_HICS/CY_HICS_LP_295_Du-759_S259_L005_R2_001.fastq.gz	include	include	passes Step 5 downstream QC
CY_HICS_LP_297_Du-761	QB3.Berkeley.251217/QB3.Results.260109	main_standard	D. cymosa	CY_HICS	Hicks Rd. South	Du-761	LP_297	genomicsDrive_data_dump/QB3.Berkeley.251217/QB3.Results.260109/CY_HICS/CY_HICS_LP_297_Du-761_S279_L005_R1_001.fastq.gz	genomicsDrive_data_dump/QB3.Berkeley.251217/QB3.Results.260109/CY_HICS/CY_HICS_LP_297_Du-761_S279_L005_R2_001.fastq.gz	include	include	passes Step 5 downstream QC
CY_HICS_LP_355_Du-762	QB3.Berkeley.251217/QB3.Results.260109	main_standard	D. cymosa	CY_HICS	Hicks Rd. South	Du-762	LP_355	genomicsDrive_data_dump/QB3.Berkeley.251217/QB3.Results.260109/CY_HICS/CY_HICS_LP_355_Du-762_S251_L005_R1_001.fastq.gz	genomicsDrive_data_dump/QB3.Berkeley.251217/QB3.Results.260109/CY_HICS/CY_HICS_LP_355_Du-762_S251_L005_R2_001.fastq.gz	include	include	passes Step 5 downstream QC
CY_HICS_LP_356_Du-763	QB3.Berkeley.251217/QB3.Results.260109	main_standard	D. cymosa	CY_HICS	Hicks Rd. South	Du-763	LP_356	genomicsDrive_data_dump/QB3.Berkeley.251217/QB3.Results.260109/CY_HICS/CY_HICS_LP_356_Du-763_S269_L005_R1_001.fastq.gz	genomicsDrive_data_dump/QB3.Berkeley.251217/QB3.Results.260109/CY_HICS/CY_HICS_LP_356_Du-763_S269_L005_R2_001.fastq.gz	include	include	passes Step 5 downstream QC
CY_HUN_LP_264_Du-683	QB3.Berkeley.251217/QB3.Results.260109	main_standard	D. cymosa	CY_HUN	Hunting Hollow	Du-683	LP_264	genomicsDrive_data_dump/QB3.Berkeley.251217/QB3.Results.260109/CY_HUN/CY_HUN_LP_264_Du-683_S265_L005_R1_001.fastq.gz	genomicsDrive_data_dump/QB3.Berkeley.251217/QB3.Results.260109/CY_HUN/CY_HUN_LP_264_Du-683_S265_L005_R2_001.fastq.gz	include	include	passes Step 5 downstream QC
CY_HUN_LP_266_Du-685	QB3.Berkeley.251217/QB3.Results.260109	main_standard	D. cymosa	CY_HUN	Hunting Hollow	Du-685	LP_266	genomicsDrive_data_dump/QB3.Berkeley.251217/QB3.Results.260109/CY_HUN/CY_HUN_LP_266_Du-685_S285_L005_R1_001.fastq.gz	genomicsDrive_data_dump/QB3.Berkeley.251217/QB3.Results.260109/CY_HUN/CY_HUN_LP_266_Du-685_S285_L005_R2_001.fastq.gz	include	include	passes Step 5 downstream QC
CY_HUN_LP_267_Du-686	QB3.Berkeley.251217/QB3.Results.260109	main_standard	D. cymosa	CY_HUN	Hunting Hollow	Du-686	LP_267	genomicsDrive_data_dump/QB3.Berkeley.251217/QB3.Results.260109/CY_HUN/CY_HUN_LP_267_Du-686_S218_L005_R1_001.fastq.gz	genomicsDrive_data_dump/QB3.Berkeley.251217/QB3.Results.260109/CY_HUN/CY_HUN_LP_267_Du-686_S218_L005_R2_001.fastq.gz	include	include	passes Step 5 downstream QC
CY_HUN_LP_268_Du-687	QB3.Berkeley.251217/QB3.Results.260109	main_standard	D. cymosa	CY_HUN	Hunting Hollow	Du-687	LP_268	genomicsDrive_data_dump/QB3.Berkeley.251217/QB3.Results.260109/CY_HUN/CY_HUN_LP_268_Du-687_S228_L005_R1_001.fastq.gz	genomicsDrive_data_dump/QB3.Berkeley.251217/QB3.Results.260109/CY_HUN/CY_HUN_LP_268_Du-687_S228_L005_R2_001.fastq.gz	include	include	passes Step 5 downstream QC
CY_SIE_LP_188_Du-445	QB3.Berkeley.251217/QB3.Results.260109	main_standard	D. cymosa	CY_SIE	Sierra Azule	Du-445	LP_188	genomicsDrive_data_dump/QB3.Berkeley.251217/QB3.Results.260109/CY_SIE/CY_SIE_LP_188_Du-445_S129_L005_R1_001.fastq.gz	genomicsDrive_data_dump/QB3.Berkeley.251217/QB3.Results.260109/CY_SIE/CY_SIE_LP_188_Du-445_S129_L005_R2_001.fastq.gz	include	include	passes Step 5 downstream QC
CY_SIE_LP_189_Du-446	QB3.Berkeley.251217/QB3.Results.260109	main_standard	D. cymosa	CY_SIE	Sierra Azule	Du-446	LP_189	genomicsDrive_data_dump/QB3.Berkeley.251217/QB3.Results.260109/CY_SIE/CY_SIE_LP_189_Du-446_S139_L005_R1_001.fastq.gz	genomicsDrive_data_dump/QB3.Berkeley.251217/QB3.Results.260109/CY_SIE/CY_SIE_LP_189_Du-446_S139_L005_R2_001.fastq.gz	include	include	passes Step 5 downstream QC
CY_SIE_LP_190_Du-447	QB3.Berkeley.251217/QB3.Results.260109	main_standard	D. cymosa	CY_SIE	Sierra Azule	Du-447	LP_190	genomicsDrive_data_dump/QB3.Berkeley.251217/QB3.Results.260109/CY_SIE/CY_SIE_LP_190_Du-447_S150_L005_R1_001.fastq.gz	genomicsDrive_data_dump/QB3.Berkeley.251217/QB3.Results.260109/CY_SIE/CY_SIE_LP_190_Du-447_S150_L005_R2_001.fastq.gz	include	include	passes Step 5 downstream QC
CY_SIE_LP_191_Du-448	QB3.Berkeley.251217/QB3.Results.260109	main_standard	D. cymosa	CY_SIE	Sierra Azule	Du-448	LP_191	genomicsDrive_data_dump/QB3.Berkeley.251217/QB3.Results.260109/CY_SIE/CY_SIE_LP_191_Du-448_S160_L005_R1_001.fastq.gz	genomicsDrive_data_dump/QB3.Berkeley.251217/QB3.Results.260109/CY_SIE/CY_SIE_LP_191_Du-448_S160_L005_R2_001.fastq.gz	include	include	passes Step 5 downstream QC
CY_WOO_LP_259_Du-664	QB3.Berkeley.251217/QB3.Results.260109	main_standard	D. cymosa	CY_WOO	Hicks & Woods Rd.	Du-664	LP_259	genomicsDrive_data_dump/QB3.Berkeley.251217/QB3.Results.260109/CY_WOO/CY_WOO_LP_259_Du-664_S217_L005_R1_001.fastq.gz	genomicsDrive_data_dump/QB3.Berkeley.251217/QB3.Results.260109/CY_WOO/CY_WOO_LP_259_Du-664_S217_L005_R2_001.fastq.gz	include	include	passes Step 5 downstream QC
CY_WOO_LP_260_Du-665	QB3.Berkeley.251217/QB3.Results.260109	main_standard	D. cymosa	CY_WOO	Hicks & Woods Rd.	Du-665	LP_260	genomicsDrive_data_dump/QB3.Berkeley.251217/QB3.Results.260109/CY_WOO/CY_WOO_LP_260_Du-665_S227_L005_R1_001.fastq.gz	genomicsDrive_data_dump/QB3.Berkeley.251217/QB3.Results.260109/CY_WOO/CY_WOO_LP_260_Du-665_S227_L005_R2_001.fastq.gz	include	include	passes Step 5 downstream QC
CY_WOO_LP_261_Du-667	QB3.Berkeley.251217/QB3.Results.260109	main_standard	D. cymosa	CY_WOO	Hicks & Woods Rd.	Du-667	LP_261	genomicsDrive_data_dump/QB3.Berkeley.251217/QB3.Results.260109/CY_WOO/CY_WOO_LP_261_Du-667_S238_L005_R1_001.fastq.gz	genomicsDrive_data_dump/QB3.Berkeley.251217/QB3.Results.260109/CY_WOO/CY_WOO_LP_261_Du-667_S238_L005_R2_001.fastq.gz	include	include	passes Step 5 downstream QC
CY_WOO_LP_262_Du-668	QB3.Berkeley.251217/QB3.Results.260109	main_standard	D. cymosa	CY_WOO	Hicks & Woods Rd.	Du-668	LP_262	genomicsDrive_data_dump/QB3.Berkeley.251217/QB3.Results.260109/CY_WOO/CY_WOO_LP_262_Du-668_S249_L005_R1_001.fastq.gz	genomicsDrive_data_dump/QB3.Berkeley.251217/QB3.Results.260109/CY_WOO/CY_WOO_LP_262_Du-668_S249_L005_R2_001.fastq.gz	include	include	passes Step 5 downstream QC
CY_WOO_LP_263_Du-669	QB3.Berkeley.251217/QB3.Results.260109	main_standard	D. cymosa	CY_WOO	Hicks & Woods Rd.	Du-669	LP_263	genomicsDrive_data_dump/QB3.Berkeley.251217/QB3.Results.260109/CY_WOO/CY_WOO_LP_263_Du-669_S257_L005_R1_001.fastq.gz	genomicsDrive_data_dump/QB3.Berkeley.251217/QB3.Results.260109/CY_WOO/CY_WOO_LP_263_Du-669_S257_L005_R2_001.fastq.gz	include	include	passes Step 5 downstream QC
DAN_LP_043_Du-68	QB3.Berkeley.251217/QB3.Results.260109	main_standard	D. setchellii	DAN	Dana Rock	Du-68	LP_043	genomicsDrive_data_dump/QB3.Berkeley.251217/QB3.Results.260109/DAN/DAN_LP_043_Du-68_S50_L005_R1_001.fastq.gz	genomicsDrive_data_dump/QB3.Berkeley.251217/QB3.Results.260109/DAN/DAN_LP_043_Du-68_S50_L005_R2_001.fastq.gz	include	include	passes Step 5 downstream QC
DAN_LP_044_Du-69	QB3.Berkeley.251217/QB3.Results.260109	main_standard	D. setchellii	DAN	Dana Rock	Du-69	LP_044	genomicsDrive_data_dump/QB3.Berkeley.251217/QB3.Results.260109/DAN/DAN_LP_044_Du-69_S61_L005_R1_001.fastq.gz	genomicsDrive_data_dump/QB3.Berkeley.251217/QB3.Results.260109/DAN/DAN_LP_044_Du-69_S61_L005_R2_001.fastq.gz	include	include	passes Step 5 downstream QC
DAN_LP_045_Du-70	QB3.Berkeley.251217/QB3.Results.260109	main_standard	D. setchellii	DAN	Dana Rock	Du-70	LP_045	genomicsDrive_data_dump/QB3.Berkeley.251217/QB3.Results.260109/DAN/DAN_LP_045_Du-70_S71_L005_R1_001.fastq.gz	genomicsDrive_data_dump/QB3.Berkeley.251217/QB3.Results.260109/DAN/DAN_LP_045_Du-70_S71_L005_R2_001.fastq.gz	include	include	passes Step 5 downstream QC
DAN_LP_046_Du-71	QB3.Berkeley.251217/QB3.Results.260109	main_standard	D. setchellii	DAN	Dana Rock	Du-71	LP_046	genomicsDrive_data_dump/QB3.Berkeley.251217/QB3.Results.260109/DAN/DAN_LP_046_Du-71_S82_L005_R1_001.fastq.gz	genomicsDrive_data_dump/QB3.Berkeley.251217/QB3.Results.260109/DAN/DAN_LP_046_Du-71_S82_L005_R2_001.fastq.gz	include	include	passes Step 5 downstream QC
DAN_LP_047_Du-72	QB3.Berkeley.251217/QB3.Results.260109	main_standard	D. setchellii	DAN	Dana Rock	Du-72	LP_047	genomicsDrive_data_dump/QB3.Berkeley.251217/QB3.Results.260109/DAN/DAN_LP_047_Du-72_S91_L005_R1_001.fastq.gz	genomicsDrive_data_dump/QB3.Berkeley.251217/QB3.Results.260109/DAN/DAN_LP_047_Du-72_S91_L005_R2_001.fastq.gz	include	include	passes Step 5 downstream QC
DOV_LP_078_Du-174	QB3.Berkeley.251217/QB3.Results.260109	main_standard	D. setchellii	DOV	Dove Road	Du-174	LP_078	genomicsDrive_data_dump/QB3.Berkeley.251217/QB3.Results.260109/DOV/DOV_LP_078_Du-174_S85_L005_R1_001.fastq.gz	genomicsDrive_data_dump/QB3.Berkeley.251217/QB3.Results.260109/DOV/DOV_LP_078_Du-174_S85_L005_R2_001.fastq.gz	include	include	passes Step 5 downstream QC
DOV_LP_079_Du-175	QB3.Berkeley.251217/QB3.Results.260109	main_standard	D. setchellii	DOV	Dove Road	Du-175	LP_079	genomicsDrive_data_dump/QB3.Berkeley.251217/QB3.Results.260109/DOV/DOV_LP_079_Du-175_S95_L005_R1_001.fastq.gz	genomicsDrive_data_dump/QB3.Berkeley.251217/QB3.Results.260109/DOV/DOV_LP_079_Du-175_S95_L005_R2_001.fastq.gz	include	include	passes Step 5 downstream QC
DOV_LP_080_Du-176	QB3.Berkeley.251217/QB3.Results.260109	main_standard	D. setchellii	DOV	Dove Road	Du-176	LP_080	genomicsDrive_data_dump/QB3.Berkeley.251217/QB3.Results.260109/DOV/DOV_LP_080_Du-176_S105_L005_R1_001.fastq.gz	genomicsDrive_data_dump/QB3.Berkeley.251217/QB3.Results.260109/DOV/DOV_LP_080_Du-176_S105_L005_R2_001.fastq.gz	include	include	passes Step 5 downstream QC
DOV_LP_081_Du-177	QB3.Berkeley.251217/QB3.Results.260109	main_standard	D. setchellii	DOV	Dove Road	Du-177	LP_081	genomicsDrive_data_dump/QB3.Berkeley.251217/QB3.Results.260109/DOV/DOV_LP_081_Du-177_S34_L005_R1_001.fastq.gz	genomicsDrive_data_dump/QB3.Berkeley.251217/QB3.Results.260109/DOV/DOV_LP_081_Du-177_S34_L005_R2_001.fastq.gz	include	include	passes Step 5 downstream QC
DOV_LP_082_Du-178	QB3.Berkeley.251217/QB3.Results.260109	main_standard	D. setchellii	DOV	Dove Road	Du-178	LP_082	genomicsDrive_data_dump/QB3.Berkeley.251217/QB3.Results.260109/DOV/DOV_LP_082_Du-178_S44_L005_R1_001.fastq.gz	genomicsDrive_data_dump/QB3.Berkeley.251217/QB3.Results.260109/DOV/DOV_LP_082_Du-178_S44_L005_R2_001.fastq.gz	include	include	passes Step 5 downstream QC
DOV_LP_083_Du-179	QB3.Berkeley.251217/QB3.Results.260109	main_standard	D. setchellii	DOV	Dove Road	Du-179	LP_083	genomicsDrive_data_dump/QB3.Berkeley.251217/QB3.Results.260109/DOV/DOV_LP_083_Du-179_S55_L005_R1_001.fastq.gz	genomicsDrive_data_dump/QB3.Berkeley.251217/QB3.Results.260109/DOV/DOV_LP_083_Du-179_S55_L005_R2_001.fastq.gz	include	include	passes Step 5 downstream QC
DOV_LP_084_Du-180	QB3.Berkeley.251217/QB3.Results.260109	main_standard	D. setchellii	DOV	Dove Road	Du-180	LP_084	genomicsDrive_data_dump/QB3.Berkeley.251217/QB3.Results.260109/DOV/DOV_LP_084_Du-180_S65_L005_R1_001.fastq.gz	genomicsDrive_data_dump/QB3.Berkeley.251217/QB3.Results.260109/DOV/DOV_LP_084_Du-180_S65_L005_R2_001.fastq.gz	include	include	passes Step 5 downstream QC
DUD_LP_132_Du-283	QB3.Berkeley.251217/QB3.Results.260109	main_standard	D. setchellii	DUD	Dude Rock	Du-283	LP_132	genomicsDrive_data_dump/QB3.Berkeley.251217/QB3.Results.260109/DUD/DUD_LP_132_Du-283_S122_L005_R1_001.fastq.gz	genomicsDrive_data_dump/QB3.Berkeley.251217/QB3.Results.260109/DUD/DUD_LP_132_Du-283_S122_L005_R2_001.fastq.gz	include	include	passes Step 5 downstream QC
DUD_LP_133_Du-284	QB3.Berkeley.251217/QB3.Results.260109	main_standard	D. setchellii	DUD	Dude Rock	Du-284	LP_133	genomicsDrive_data_dump/QB3.Berkeley.251217/QB3.Results.260109/DUD/DUD_LP_133_Du-284_S133_L005_R1_001.fastq.gz	genomicsDrive_data_dump/QB3.Berkeley.251217/QB3.Results.260109/DUD/DUD_LP_133_Du-284_S133_L005_R2_001.fastq.gz	include	include	passes Step 5 downstream QC
DUD_LP_134_Du-285	QB3.Berkeley.251217/QB3.Results.260109	main_standard	D. setchellii	DUD	Dude Rock	Du-285	LP_134	genomicsDrive_data_dump/QB3.Berkeley.251217/QB3.Results.260109/DUD/DUD_LP_134_Du-285_S142_L005_R1_001.fastq.gz	genomicsDrive_data_dump/QB3.Berkeley.251217/QB3.Results.260109/DUD/DUD_LP_134_Du-285_S142_L005_R2_001.fastq.gz	include	include	passes Step 5 downstream QC
DUD_LP_135_Du-286	QB3.Berkeley.251217/QB3.Results.260109	main_standard	D. setchellii	DUD	Dude Rock	Du-286	LP_135	genomicsDrive_data_dump/QB3.Berkeley.251217/QB3.Results.260109/DUD/DUD_LP_135_Du-286_S153_L005_R1_001.fastq.gz	genomicsDrive_data_dump/QB3.Berkeley.251217/QB3.Results.260109/DUD/DUD_LP_135_Du-286_S153_L005_R2_001.fastq.gz	include	include	passes Step 5 downstream QC
DUD_LP_136_Du-287	QB3.Berkeley.251217/QB3.Results.260109	main_standard	D. setchellii	DUD	Dude Rock	Du-287	LP_136	genomicsDrive_data_dump/QB3.Berkeley.251217/QB3.Results.260109/DUD/DUD_LP_136_Du-287_S163_L005_R1_001.fastq.gz	genomicsDrive_data_dump/QB3.Berkeley.251217/QB3.Results.260109/DUD/DUD_LP_136_Du-287_S163_L005_R2_001.fastq.gz	include	include	passes Step 5 downstream QC
DUD_LP_137_Du-288	QB3.Berkeley.251217/QB3.Results.260109	main_standard	D. setchellii	DUD	Dude Rock	Du-288	LP_137	genomicsDrive_data_dump/QB3.Berkeley.251217/QB3.Results.260109/DUD/DUD_LP_137_Du-288_S174_L005_R1_001.fastq.gz	genomicsDrive_data_dump/QB3.Berkeley.251217/QB3.Results.260109/DUD/DUD_LP_137_Du-288_S174_L005_R2_001.fastq.gz	include	include	passes Step 5 downstream QC
DUD_LP_138_Du-289	QB3.Berkeley.251217/QB3.Results.260109	main_standard	D. setchellii	DUD	Dude Rock	Du-289	LP_138	genomicsDrive_data_dump/QB3.Berkeley.251217/QB3.Results.260109/DUD/DUD_LP_138_Du-289_S185_L005_R1_001.fastq.gz	genomicsDrive_data_dump/QB3.Berkeley.251217/QB3.Results.260109/DUD/DUD_LP_138_Du-289_S185_L005_R2_001.fastq.gz	include	include	passes Step 5 downstream QC
DUD_LP_139_Du-290	QB3.Berkeley.251217/QB3.Results.260109	main_standard	D. setchellii	DUD	Dude Rock	Du-290	LP_139	genomicsDrive_data_dump/QB3.Berkeley.251217/QB3.Results.260109/DUD/DUD_LP_139_Du-290_S114_L005_R1_001.fastq.gz	genomicsDrive_data_dump/QB3.Berkeley.251217/QB3.Results.260109/DUD/DUD_LP_139_Du-290_S114_L005_R2_001.fastq.gz	include	include	passes Step 5 downstream QC
KIRN_LP_179_Du-421	QB3.Berkeley.251217/QB3.Results.260109	main_standard	D. setchellii	KIRN	Kirby N. Rd. Canyon	Du-421	LP_179	genomicsDrive_data_dump/QB3.Berkeley.251217/QB3.Results.260109/KIRN/KIRN_LP_179_Du-421_S118_L005_R1_001.fastq.gz	genomicsDrive_data_dump/QB3.Berkeley.251217/QB3.Results.260109/KIRN/KIRN_LP_179_Du-421_S118_L005_R2_001.fastq.gz	include	include	passes Step 5 downstream QC
KIRN_LP_180_Du-422	QB3.Berkeley.251217/QB3.Results.260109	main_standard	D. setchellii	KIRN	Kirby N. Rd. Canyon	Du-422	LP_180	genomicsDrive_data_dump/QB3.Berkeley.251217/QB3.Results.260109/KIRN/KIRN_LP_180_Du-422_S128_L005_R1_001.fastq.gz	genomicsDrive_data_dump/QB3.Berkeley.251217/QB3.Results.260109/KIRN/KIRN_LP_180_Du-422_S128_L005_R2_001.fastq.gz	include	include	passes Step 5 downstream QC
KIRN_LP_181_Du-423	QB3.Berkeley.251217/QB3.Results.260109	main_standard	D. setchellii	KIRN	Kirby N. Rd. Canyon	Du-423	LP_181	genomicsDrive_data_dump/QB3.Berkeley.251217/QB3.Results.260109/KIRN/KIRN_LP_181_Du-423_S138_L005_R1_001.fastq.gz	genomicsDrive_data_dump/QB3.Berkeley.251217/QB3.Results.260109/KIRN/KIRN_LP_181_Du-423_S138_L005_R2_001.fastq.gz	include	include	passes Step 5 downstream QC
KIRN_LP_182_Du-424	QB3.Berkeley.251217/QB3.Results.260109	main_standard	D. setchellii	KIRN	Kirby N. Rd. Canyon	Du-424	LP_182	genomicsDrive_data_dump/QB3.Berkeley.251217/QB3.Results.260109/KIRN/KIRN_LP_182_Du-424_S149_L005_R1_001.fastq.gz	genomicsDrive_data_dump/QB3.Berkeley.251217/QB3.Results.260109/KIRN/KIRN_LP_182_Du-424_S149_L005_R2_001.fastq.gz	include	include	passes Step 5 downstream QC
KIRN_LP_183_Du-425	QB3.Berkeley.251217/QB3.Results.260109	main_standard	D. setchellii	KIRN	Kirby N. Rd. Canyon	Du-425	LP_183	genomicsDrive_data_dump/QB3.Berkeley.251217/QB3.Results.260109/KIRN/KIRN_LP_183_Du-425_S159_L005_R1_001.fastq.gz	genomicsDrive_data_dump/QB3.Berkeley.251217/QB3.Results.260109/KIRN/KIRN_LP_183_Du-425_S159_L005_R2_001.fastq.gz	include	include	passes Step 5 downstream QC
KIRN_LP_184_Du-426	QB3.Berkeley.251217/QB3.Results.260109	main_standard	D. setchellii	KIRN	Kirby N. Rd. Canyon	Du-426	LP_184	genomicsDrive_data_dump/QB3.Berkeley.251217/QB3.Results.260109/KIRN/KIRN_LP_184_Du-426_S169_L005_R1_001.fastq.gz	genomicsDrive_data_dump/QB3.Berkeley.251217/QB3.Results.260109/KIRN/KIRN_LP_184_Du-426_S169_L005_R2_001.fastq.gz	include	include	passes Step 5 downstream QC
KIRN_LP_185_Du-427	QB3.Berkeley.251217/QB3.Results.260109	main_standard	D. setchellii	KIRN	Kirby N. Rd. Canyon	Du-427	LP_185	genomicsDrive_data_dump/QB3.Berkeley.251217/QB3.Results.260109/KIRN/KIRN_LP_185_Du-427_S180_L005_R1_001.fastq.gz	genomicsDrive_data_dump/QB3.Berkeley.251217/QB3.Results.260109/KIRN/KIRN_LP_185_Du-427_S180_L005_R2_001.fastq.gz	include	include	passes Step 5 downstream QC
KIRN_LP_186_Du-428	QB3.Berkeley.251217/QB3.Results.260109	main_standard	D. setchellii	KIRN	Kirby N. Rd. Canyon	Du-428	LP_186	genomicsDrive_data_dump/QB3.Berkeley.251217/QB3.Results.260109/KIRN/KIRN_LP_186_Du-428_S190_L005_R1_001.fastq.gz	genomicsDrive_data_dump/QB3.Berkeley.251217/QB3.Results.260109/KIRN/KIRN_LP_186_Du-428_S190_L005_R2_001.fastq.gz	include	include	passes Step 5 downstream QC
KIRN_LP_187_Du-429	QB3.Berkeley.251217/QB3.Results.260109	main_standard	D. setchellii	KIRN	Kirby N. Rd. Canyon	Du-429	LP_187	genomicsDrive_data_dump/QB3.Berkeley.251217/QB3.Results.260109/KIRN/KIRN_LP_187_Du-429_S119_L005_R1_001.fastq.gz	genomicsDrive_data_dump/QB3.Berkeley.251217/QB3.Results.260109/KIRN/KIRN_LP_187_Du-429_S119_L005_R2_001.fastq.gz	include	include	passes Step 5 downstream QC
KIRT_LP_159_Du-364	QB3.Berkeley.251217/QB3.Results.260109	main_standard	D. setchellii	KIRT	KC Transect	Du-364	LP_159	genomicsDrive_data_dump/QB3.Berkeley.251217/QB3.Results.260109/KIRT/KIRT_LP_159_Du-364_S156_L005_R1_001.fastq.gz	genomicsDrive_data_dump/QB3.Berkeley.251217/QB3.Results.260109/KIRT/KIRT_LP_159_Du-364_S156_L005_R2_001.fastq.gz	include	include	passes Step 5 downstream QC
KIRT_LP_160_Du-365	QB3.Berkeley.251217/QB3.Results.260109	main_standard	D. setchellii	KIRT	KC Transect	Du-365	LP_160	genomicsDrive_data_dump/QB3.Berkeley.251217/QB3.Results.260109/KIRT/KIRT_LP_160_Du-365_S166_L005_R1_001.fastq.gz	genomicsDrive_data_dump/QB3.Berkeley.251217/QB3.Results.260109/KIRT/KIRT_LP_160_Du-365_S166_L005_R2_001.fastq.gz	include	include	passes Step 5 downstream QC
KIRT_LP_161_Du-366	QB3.Berkeley.251217/QB3.Results.260109	main_standard	D. setchellii	KIRT	KC Transect	Du-366	LP_161	genomicsDrive_data_dump/QB3.Berkeley.251217/QB3.Results.260109/KIRT/KIRT_LP_161_Du-366_S177_L005_R1_001.fastq.gz	genomicsDrive_data_dump/QB3.Berkeley.251217/QB3.Results.260109/KIRT/KIRT_LP_161_Du-366_S177_L005_R2_001.fastq.gz	include	include	passes Step 5 downstream QC
KIRT_LP_162_Du-367	QB3.Berkeley.251217/QB3.Results.260109	main_standard	D. setchellii	KIRT	KC Transect	Du-367	LP_162	genomicsDrive_data_dump/QB3.Berkeley.251217/QB3.Results.260109/KIRT/KIRT_LP_162_Du-367_S188_L005_R1_001.fastq.gz	genomicsDrive_data_dump/QB3.Berkeley.251217/QB3.Results.260109/KIRT/KIRT_LP_162_Du-367_S188_L005_R2_001.fastq.gz	include	include	passes Step 5 downstream QC
KIRT_LP_163_Du-368	QB3.Berkeley.251217/QB3.Results.260109	main_standard	D. setchellii	KIRT	KC Transect	Du-368	LP_163	genomicsDrive_data_dump/QB3.Berkeley.251217/QB3.Results.260109/KIRT/KIRT_LP_163_Du-368_S117_L005_R1_001.fastq.gz	genomicsDrive_data_dump/QB3.Berkeley.251217/QB3.Results.260109/KIRT/KIRT_LP_163_Du-368_S117_L005_R2_001.fastq.gz	include	include	passes Step 5 downstream QC
KIRT_LP_164_Du-369	QB3.Berkeley.251217/QB3.Results.260109	main_standard	D. setchellii	KIRT	KC Transect	Du-369	LP_164	genomicsDrive_data_dump/QB3.Berkeley.251217/QB3.Results.260109/KIRT/KIRT_LP_164_Du-369_S126_L005_R1_001.fastq.gz	genomicsDrive_data_dump/QB3.Berkeley.251217/QB3.Results.260109/KIRT/KIRT_LP_164_Du-369_S126_L005_R2_001.fastq.gz	include	include	passes Step 5 downstream QC
KIRT_LP_165_Du-370	QB3.Berkeley.251217/QB3.Results.260109	main_standard	D. setchellii	KIRT	KC Transect	Du-370	LP_165	genomicsDrive_data_dump/QB3.Berkeley.251217/QB3.Results.260109/KIRT/KIRT_LP_165_Du-370_S136_L005_R1_001.fastq.gz	genomicsDrive_data_dump/QB3.Berkeley.251217/QB3.Results.260109/KIRT/KIRT_LP_165_Du-370_S136_L005_R2_001.fastq.gz	include	include	passes Step 5 downstream QC
KIRT_LP_166_Du-371	QB3.Berkeley.251217/QB3.Results.260109	main_standard	D. setchellii	KIRT	KC Transect	Du-371	LP_166	genomicsDrive_data_dump/QB3.Berkeley.251217/QB3.Results.260109/KIRT/KIRT_LP_166_Du-371_S147_L005_R1_001.fastq.gz	genomicsDrive_data_dump/QB3.Berkeley.251217/QB3.Results.260109/KIRT/KIRT_LP_166_Du-371_S147_L005_R2_001.fastq.gz	include	include	passes Step 5 downstream QC
KIRT_LP_167_Du-372	QB3.Berkeley.251217/QB3.Results.260109	main_standard	D. setchellii	KIRT	KC Transect	Du-372	LP_167	genomicsDrive_data_dump/QB3.Berkeley.251217/QB3.Results.260109/KIRT/KIRT_LP_167_Du-372_S157_L005_R1_001.fastq.gz	genomicsDrive_data_dump/QB3.Berkeley.251217/QB3.Results.260109/KIRT/KIRT_LP_167_Du-372_S157_L005_R2_001.fastq.gz	include	include	passes Step 5 downstream QC
KIRT_LP_168_Du-373	QB3.Berkeley.251217/QB3.Results.260109	main_standard	D. setchellii	KIRT	KC Transect	Du-373	LP_168	genomicsDrive_data_dump/QB3.Berkeley.251217/QB3.Results.260109/KIRT/KIRT_LP_168_Du-373_S167_L005_R1_001.fastq.gz	genomicsDrive_data_dump/QB3.Berkeley.251217/QB3.Results.260109/KIRT/KIRT_LP_168_Du-373_S167_L005_R2_001.fastq.gz	include	include	passes Step 5 downstream QC
MALV_LP_095_Du-201	QB3.Berkeley.251217/QB3.Results.260109	main_standard	D. setchellii	MALV	Malech Vista	Du-201	LP_095	genomicsDrive_data_dump/QB3.Berkeley.251217/QB3.Results.260109/MALV/MALV_LP_095_Du-201_S97_L005_R1_001.fastq.gz	genomicsDrive_data_dump/QB3.Berkeley.251217/QB3.Results.260109/MALV/MALV_LP_095_Du-201_S97_L005_R2_001.fastq.gz	include	include	passes Step 5 downstream QC
MALV_LP_096_Du-202	QB3.Berkeley.251217/QB3.Results.260109	main_standard	D. setchellii	MALV	Malech Vista	Du-202	LP_096	genomicsDrive_data_dump/QB3.Berkeley.251217/QB3.Results.260109/MALV/MALV_LP_096_Du-202_S107_L005_R1_001.fastq.gz	genomicsDrive_data_dump/QB3.Berkeley.251217/QB3.Results.260109/MALV/MALV_LP_096_Du-202_S107_L005_R2_001.fastq.gz	include	include	passes Step 5 downstream QC
MALV_LP_097_Du-203	QB3.Berkeley.251217/QB3.Results.260109	main_standard	D. setchellii	MALV	Malech Vista	Du-203	LP_097	genomicsDrive_data_dump/QB3.Berkeley.251217/QB3.Results.260109/MALV/MALV_LP_097_Du-203_S36_L005_R1_001.fastq.gz	genomicsDrive_data_dump/QB3.Berkeley.251217/QB3.Results.260109/MALV/MALV_LP_097_Du-203_S36_L005_R2_001.fastq.gz	include	include	passes Step 5 downstream QC
MALV_LP_098_Du-204	QB3.Berkeley.251217/QB3.Results.260109	main_standard	D. setchellii	MALV	Malech Vista	Du-204	LP_098	genomicsDrive_data_dump/QB3.Berkeley.251217/QB3.Results.260109/MALV/MALV_LP_098_Du-204_S46_L005_R1_001.fastq.gz	genomicsDrive_data_dump/QB3.Berkeley.251217/QB3.Results.260109/MALV/MALV_LP_098_Du-204_S46_L005_R2_001.fastq.gz	include	include	passes Step 5 downstream QC
MALV_LP_099_Du-205	QB3.Berkeley.251217/QB3.Results.260109	main_standard	D. setchellii	MALV	Malech Vista	Du-205	LP_099	genomicsDrive_data_dump/QB3.Berkeley.251217/QB3.Results.260109/MALV/MALV_LP_099_Du-205_S57_L005_R1_001.fastq.gz	genomicsDrive_data_dump/QB3.Berkeley.251217/QB3.Results.260109/MALV/MALV_LP_099_Du-205_S57_L005_R2_001.fastq.gz	include	include	passes Step 5 downstream QC
MALV_LP_100_Du-206	QB3.Berkeley.251217/QB3.Results.260109	main_standard	D. setchellii	MALV	Malech Vista	Du-206	LP_100	genomicsDrive_data_dump/QB3.Berkeley.251217/QB3.Results.260109/MALV/MALV_LP_100_Du-206_S67_L005_R1_001.fastq.gz	genomicsDrive_data_dump/QB3.Berkeley.251217/QB3.Results.260109/MALV/MALV_LP_100_Du-206_S67_L005_R2_001.fastq.gz	include	include	passes Step 5 downstream QC
MALV_LP_101_Du-207	QB3.Berkeley.251217/QB3.Results.260109	main_standard	D. setchellii	MALV	Malech Vista	Du-207	LP_101	genomicsDrive_data_dump/QB3.Berkeley.251217/QB3.Results.260109/MALV/MALV_LP_101_Du-207_S78_L005_R1_001.fastq.gz	genomicsDrive_data_dump/QB3.Berkeley.251217/QB3.Results.260109/MALV/MALV_LP_101_Du-207_S78_L005_R2_001.fastq.gz	include	include	passes Step 5 downstream QC
MALV_LP_102_Du-208	QB3.Berkeley.251217/QB3.Results.260109	main_standard	D. setchellii	MALV	Malech Vista	Du-208	LP_102	genomicsDrive_data_dump/QB3.Berkeley.251217/QB3.Results.260109/MALV/MALV_LP_102_Du-208_S88_L005_R1_001.fastq.gz	genomicsDrive_data_dump/QB3.Berkeley.251217/QB3.Results.260109/MALV/MALV_LP_102_Du-208_S88_L005_R2_001.fastq.gz	include	include	passes Step 5 downstream QC
MALV_LP_103_Du-209	QB3.Berkeley.251217/QB3.Results.260109	main_standard	D. setchellii	MALV	Malech Vista	Du-209	LP_103	genomicsDrive_data_dump/QB3.Berkeley.251217/QB3.Results.260109/MALV/MALV_LP_103_Du-209_S98_L005_R1_001.fastq.gz	genomicsDrive_data_dump/QB3.Berkeley.251217/QB3.Results.260109/MALV/MALV_LP_103_Du-209_S98_L005_R2_001.fastq.gz	include	include	passes Step 5 downstream QC
MALV_LP_104_Du-210	QB3.Berkeley.251217/QB3.Results.260109	main_standard	D. setchellii	MALV	Malech Vista	Du-210	LP_104	genomicsDrive_data_dump/QB3.Berkeley.251217/QB3.Results.260109/MALV/MALV_LP_104_Du-210_S108_L005_R1_001.fastq.gz	genomicsDrive_data_dump/QB3.Berkeley.251217/QB3.Results.260109/MALV/MALV_LP_104_Du-210_S108_L005_R2_001.fastq.gz	include	include	passes Step 5 downstream QC
OCO_LP_058_Du-115	QB3.Berkeley.251217/QB3.Results.260109	main_standard	D. setchellii	OCO	O'Connell Ranch Pacheco Pass	Du-115	LP_058	genomicsDrive_data_dump/QB3.Berkeley.251217/QB3.Results.260109/OCO/OCO_LP_058_Du-115_S41_L005_R1_001.fastq.gz	genomicsDrive_data_dump/QB3.Berkeley.251217/QB3.Results.260109/OCO/OCO_LP_058_Du-115_S41_L005_R2_001.fastq.gz	include	include	passes Step 5 downstream QC
OCO_LP_059_Du-106	QB3.Berkeley.251217/QB3.Results.260109	main_standard	D. setchellii	OCO	O'Connell Ranch Pacheco Pass	Du-106	LP_059	genomicsDrive_data_dump/QB3.Berkeley.251217/QB3.Results.260109/OCO/OCO_LP_059_Du-106_S52_L005_R1_001.fastq.gz	genomicsDrive_data_dump/QB3.Berkeley.251217/QB3.Results.260109/OCO/OCO_LP_059_Du-106_S52_L005_R2_001.fastq.gz	include	include	passes Step 5 downstream QC
OCO_LP_060_Du-107	QB3.Berkeley.251217/QB3.Results.260109	main_standard	D. setchellii	OCO	O'Connell Ranch Pacheco Pass	Du-107	LP_060	genomicsDrive_data_dump/QB3.Berkeley.251217/QB3.Results.260109/OCO/OCO_LP_060_Du-107_S63_L005_R1_001.fastq.gz	genomicsDrive_data_dump/QB3.Berkeley.251217/QB3.Results.260109/OCO/OCO_LP_060_Du-107_S63_L005_R2_001.fastq.gz	include	include	passes Step 5 downstream QC
OCO_LP_061_Du-108	QB3.Berkeley.251217/QB3.Results.260109	main_standard	D. setchellii	OCO	O'Connell Ranch Pacheco Pass	Du-108	LP_061	genomicsDrive_data_dump/QB3.Berkeley.251217/QB3.Results.260109/OCO/OCO_LP_061_Du-108_S73_L005_R1_001.fastq.gz	genomicsDrive_data_dump/QB3.Berkeley.251217/QB3.Results.260109/OCO/OCO_LP_061_Du-108_S73_L005_R2_001.fastq.gz	include	include	passes Step 5 downstream QC
OCO_LP_062_Du-109	QB3.Berkeley.251217/QB3.Results.260109	main_standard	D. setchellii	OCO	O'Connell Ranch Pacheco Pass	Du-109	LP_062	genomicsDrive_data_dump/QB3.Berkeley.251217/QB3.Results.260109/OCO/OCO_LP_062_Du-109_S83_L005_R1_001.fastq.gz	genomicsDrive_data_dump/QB3.Berkeley.251217/QB3.Results.260109/OCO/OCO_LP_062_Du-109_S83_L005_R2_001.fastq.gz	include	include	passes Step 5 downstream QC
OCO_LP_063_Du-110	QB3.Berkeley.251217/QB3.Results.260109	main_standard	D. setchellii	OCO	O'Connell Ranch Pacheco Pass	Du-110	LP_063	genomicsDrive_data_dump/QB3.Berkeley.251217/QB3.Results.260109/OCO/OCO_LP_063_Du-110_S93_L005_R1_001.fastq.gz	genomicsDrive_data_dump/QB3.Berkeley.251217/QB3.Results.260109/OCO/OCO_LP_063_Du-110_S93_L005_R2_001.fastq.gz	include	include	passes Step 5 downstream QC
OCO_LP_064_Du-111	QB3.Berkeley.251217/QB3.Results.260109	main_standard	D. setchellii	OCO	O'Connell Ranch Pacheco Pass	Du-111	LP_064	genomicsDrive_data_dump/QB3.Berkeley.251217/QB3.Results.260109/OCO/OCO_LP_064_Du-111_S103_L005_R1_001.fastq.gz	genomicsDrive_data_dump/QB3.Berkeley.251217/QB3.Results.260109/OCO/OCO_LP_064_Du-111_S103_L005_R2_001.fastq.gz	include	include	passes Step 5 downstream QC
OCO_LP_065_Du-112	QB3.Berkeley.251217/QB3.Results.260109	main_standard	D. setchellii	OCO	O'Connell Ranch Pacheco Pass	Du-112	LP_065	genomicsDrive_data_dump/QB3.Berkeley.251217/QB3.Results.260109/OCO/OCO_LP_065_Du-112_S32_L005_R1_001.fastq.gz	genomicsDrive_data_dump/QB3.Berkeley.251217/QB3.Results.260109/OCO/OCO_LP_065_Du-112_S32_L005_R2_001.fastq.gz	include	include	passes Step 5 downstream QC
OCO_LP_066_Du-113	QB3.Berkeley.251217/QB3.Results.260109	main_standard	D. setchellii	OCO	O'Connell Ranch Pacheco Pass	Du-113	LP_066	genomicsDrive_data_dump/QB3.Berkeley.251217/QB3.Results.260109/OCO/OCO_LP_066_Du-113_S42_L005_R1_001.fastq.gz	genomicsDrive_data_dump/QB3.Berkeley.251217/QB3.Results.260109/OCO/OCO_LP_066_Du-113_S42_L005_R2_001.fastq.gz	include	include	passes Step 5 downstream QC
OCO_LP_067_Du-114	QB3.Berkeley.251217/QB3.Results.260109	main_standard	D. setchellii	OCO	O'Connell Ranch Pacheco Pass	Du-114	LP_067	genomicsDrive_data_dump/QB3.Berkeley.251217/QB3.Results.260109/OCO/OCO_LP_067_Du-114_S53_L005_R1_001.fastq.gz	genomicsDrive_data_dump/QB3.Berkeley.251217/QB3.Results.260109/OCO/OCO_LP_067_Du-114_S53_L005_R2_001.fastq.gz	include	include	passes Step 5 downstream QC
QUI1_LP_249_Du-648	QB3.Berkeley.251217/QB3.Results.260109	main_standard	D. setchellii	QUI1	Quicklsilver SE Mine Hill Tr. #1	Du-648	LP_249	genomicsDrive_data_dump/QB3.Berkeley.251217/QB3.Results.260109/QUI1/QUI1_LP_249_Du-648_S274_L005_R1_001.fastq.gz	genomicsDrive_data_dump/QB3.Berkeley.251217/QB3.Results.260109/QUI1/QUI1_LP_249_Du-648_S274_L005_R2_001.fastq.gz	include	include	passes Step 5 downstream QC
QUI1_LP_250_Du-649	QB3.Berkeley.251217/QB3.Results.260109	main_standard	D. setchellii	QUI1	Quicklsilver SE Mine Hill Tr. #1	Du-649	LP_250	genomicsDrive_data_dump/QB3.Berkeley.251217/QB3.Results.260109/QUI1/QUI1_LP_250_Du-649_S283_L005_R1_001.fastq.gz	genomicsDrive_data_dump/QB3.Berkeley.251217/QB3.Results.260109/QUI1/QUI1_LP_250_Du-649_S283_L005_R2_001.fastq.gz	include	include	passes Step 5 downstream QC
QUI1_LP_251_Du-650	QB3.Berkeley.251217/QB3.Results.260109	main_standard	D. setchellii	QUI1	Quicklsilver SE Mine Hill Tr. #1	Du-650	LP_251	genomicsDrive_data_dump/QB3.Berkeley.251217/QB3.Results.260109/QUI1/QUI1_LP_251_Du-650_S216_L005_R1_001.fastq.gz	genomicsDrive_data_dump/QB3.Berkeley.251217/QB3.Results.260109/QUI1/QUI1_LP_251_Du-650_S216_L005_R2_001.fastq.gz	include	include	passes Step 5 downstream QC
QUI1_LP_252_Du-651	QB3.Berkeley.251217/QB3.Results.260109	main_standard	D. setchellii	QUI1	Quicklsilver SE Mine Hill Tr. #1	Du-651	LP_252	genomicsDrive_data_dump/QB3.Berkeley.251217/QB3.Results.260109/QUI1/QUI1_LP_252_Du-651_S226_L005_R1_001.fastq.gz	genomicsDrive_data_dump/QB3.Berkeley.251217/QB3.Results.260109/QUI1/QUI1_LP_252_Du-651_S226_L005_R2_001.fastq.gz	include	include	passes Step 5 downstream QC
QUI1_LP_253_Du-652	QB3.Berkeley.251217/QB3.Results.260109	main_standard	D. setchellii	QUI1	Quicklsilver SE Mine Hill Tr. #1	Du-652	LP_253	genomicsDrive_data_dump/QB3.Berkeley.251217/QB3.Results.260109/QUI1/QUI1_LP_253_Du-652_S237_L005_R1_001.fastq.gz	genomicsDrive_data_dump/QB3.Berkeley.251217/QB3.Results.260109/QUI1/QUI1_LP_253_Du-652_S237_L005_R2_001.fastq.gz	include	include	passes Step 5 downstream QC
QUI1_LP_254_Du-653	QB3.Berkeley.251217/QB3.Results.260109	main_standard	D. setchellii	QUI1	Quicklsilver SE Mine Hill Tr. #1	Du-653	LP_254	genomicsDrive_data_dump/QB3.Berkeley.251217/QB3.Results.260109/QUI1/QUI1_LP_254_Du-653_S248_L005_R1_001.fastq.gz	genomicsDrive_data_dump/QB3.Berkeley.251217/QB3.Results.260109/QUI1/QUI1_LP_254_Du-653_S248_L005_R2_001.fastq.gz	include	include	passes Step 5 downstream QC
QUI1_LP_255_Du-654	QB3.Berkeley.251217/QB3.Results.260109	main_standard	D. setchellii	QUI1	Quicklsilver SE Mine Hill Tr. #1	Du-654	LP_255	genomicsDrive_data_dump/QB3.Berkeley.251217/QB3.Results.260109/QUI1/QUI1_LP_255_Du-654_S256_L005_R1_001.fastq.gz	genomicsDrive_data_dump/QB3.Berkeley.251217/QB3.Results.260109/QUI1/QUI1_LP_255_Du-654_S256_L005_R2_001.fastq.gz	include	include	passes Step 5 downstream QC
QUI1_LP_257_Du-656	QB3.Berkeley.251217/QB3.Results.260109	main_standard	D. setchellii	QUI1	Quicklsilver SE Mine Hill Tr. #1	Du-656	LP_257	genomicsDrive_data_dump/QB3.Berkeley.251217/QB3.Results.260109/QUI1/QUI1_LP_257_Du-656_S275_L005_R1_001.fastq.gz	genomicsDrive_data_dump/QB3.Berkeley.251217/QB3.Results.260109/QUI1/QUI1_LP_257_Du-656_S275_L005_R2_001.fastq.gz	include	include	passes Step 5 downstream QC
QUI1_LP_258_Du-657	QB3.Berkeley.251217/QB3.Results.260109	main_standard	D. setchellii	QUI1	Quicklsilver SE Mine Hill Tr. #1	Du-657	LP_258	genomicsDrive_data_dump/QB3.Berkeley.251217/QB3.Results.260109/QUI1/QUI1_LP_258_Du-657_S284_L005_R1_001.fastq.gz	genomicsDrive_data_dump/QB3.Berkeley.251217/QB3.Results.260109/QUI1/QUI1_LP_258_Du-657_S284_L005_R2_001.fastq.gz	include	include	passes Step 5 downstream QC
QUI2_LP_243_Du-631	QB3.Berkeley.251217/QB3.Results.260109	main_standard	D. setchellii	QUI2	Quicklsilver SE Mine Hill Tr. #2	Du-631	LP_243	genomicsDrive_data_dump/QB3.Berkeley.251217/QB3.Results.260109/QUI2/QUI2_LP_243_Du-631_S215_L005_R1_001.fastq.gz	genomicsDrive_data_dump/QB3.Berkeley.251217/QB3.Results.260109/QUI2/QUI2_LP_243_Du-631_S215_L005_R2_001.fastq.gz	include	include	passes Step 5 downstream QC
QUI2_LP_244_Du-632	QB3.Berkeley.251217/QB3.Results.260109	main_standard	D. setchellii	QUI2	Quicklsilver SE Mine Hill Tr. #2	Du-632	LP_244	genomicsDrive_data_dump/QB3.Berkeley.251217/QB3.Results.260109/QUI2/QUI2_LP_244_Du-632_S225_L005_R1_001.fastq.gz	genomicsDrive_data_dump/QB3.Berkeley.251217/QB3.Results.260109/QUI2/QUI2_LP_244_Du-632_S225_L005_R2_001.fastq.gz	include	include	passes Step 5 downstream QC
QUI2_LP_245_Du-633	QB3.Berkeley.251217/QB3.Results.260109	main_standard	D. setchellii	QUI2	Quicklsilver SE Mine Hill Tr. #2	Du-633	LP_245	genomicsDrive_data_dump/QB3.Berkeley.251217/QB3.Results.260109/QUI2/QUI2_LP_245_Du-633_S236_L005_R1_001.fastq.gz	genomicsDrive_data_dump/QB3.Berkeley.251217/QB3.Results.260109/QUI2/QUI2_LP_245_Du-633_S236_L005_R2_001.fastq.gz	include	include	passes Step 5 downstream QC
QUI2_LP_246_Du-634	QB3.Berkeley.251217/QB3.Results.260109	main_standard	D. setchellii	QUI2	Quicklsilver SE Mine Hill Tr. #2	Du-634	LP_246	genomicsDrive_data_dump/QB3.Berkeley.251217/QB3.Results.260109/QUI2/QUI2_LP_246_Du-634_S247_L005_R1_001.fastq.gz	genomicsDrive_data_dump/QB3.Berkeley.251217/QB3.Results.260109/QUI2/QUI2_LP_246_Du-634_S247_L005_R2_001.fastq.gz	include	include	passes Step 5 downstream QC
QUI2_LP_247_Du-635	QB3.Berkeley.251217/QB3.Results.260109	main_standard	D. setchellii	QUI2	Quicklsilver SE Mine Hill Tr. #2	Du-635	LP_247	genomicsDrive_data_dump/QB3.Berkeley.251217/QB3.Results.260109/QUI2/QUI2_LP_247_Du-635_S255_L005_R1_001.fastq.gz	genomicsDrive_data_dump/QB3.Berkeley.251217/QB3.Results.260109/QUI2/QUI2_LP_247_Du-635_S255_L005_R2_001.fastq.gz	include	include	passes Step 5 downstream QC
QUI2_LP_248_Du-636	QB3.Berkeley.251217/QB3.Results.260109	main_standard	D. setchellii	QUI2	Quicklsilver SE Mine Hill Tr. #2	Du-636	LP_248	genomicsDrive_data_dump/QB3.Berkeley.251217/QB3.Results.260109/QUI2/QUI2_LP_248_Du-636_S263_L005_R1_001.fastq.gz	genomicsDrive_data_dump/QB3.Berkeley.251217/QB3.Results.260109/QUI2/QUI2_LP_248_Du-636_S263_L005_R2_001.fastq.gz	include	include	passes Step 5 downstream QC
QUI2_LP_337_Du-638	QB3.Berkeley.251217/QB3.Results.260109	main_standard	D. setchellii	QUI2	Quicklsilver SE Mine Hill Tr. #2	Du-638	LP_337	genomicsDrive_data_dump/QB3.Berkeley.251217/QB3.Results.260109/QUI2/QUI2_LP_337_Du-638_S206_L005_R1_001.fastq.gz	genomicsDrive_data_dump/QB3.Berkeley.251217/QB3.Results.260109/QUI2/QUI2_LP_337_Du-638_S206_L005_R2_001.fastq.gz	include	include	passes Step 5 downstream QC
QUI2_LP_338_Du-639	QB3.Berkeley.251217/QB3.Results.260109	main_standard	D. setchellii	QUI2	Quicklsilver SE Mine Hill Tr. #2	Du-639	LP_338	genomicsDrive_data_dump/QB3.Berkeley.251217/QB3.Results.260109/QUI2/QUI2_LP_338_Du-639_S208_L005_R1_001.fastq.gz	genomicsDrive_data_dump/QB3.Berkeley.251217/QB3.Results.260109/QUI2/QUI2_LP_338_Du-639_S208_L005_R2_001.fastq.gz	include	include	passes Step 5 downstream QC
QUI2_LP_339_Du-640	QB3.Berkeley.251217/QB3.Results.260109	main_standard	D. setchellii	QUI2	Quicklsilver SE Mine Hill Tr. #2	Du-640	LP_339	genomicsDrive_data_dump/QB3.Berkeley.251217/QB3.Results.260109/QUI2/QUI2_LP_339_Du-640_S209_L005_R1_001.fastq.gz	genomicsDrive_data_dump/QB3.Berkeley.251217/QB3.Results.260109/QUI2/QUI2_LP_339_Du-640_S209_L005_R2_001.fastq.gz	include	include	passes Step 5 downstream QC
QUI2_LP_340_Du-641	QB3.Berkeley.251217/QB3.Results.260109	main_standard	D. setchellii	QUI2	Quicklsilver SE Mine Hill Tr. #2	Du-641	LP_340	genomicsDrive_data_dump/QB3.Berkeley.251217/QB3.Results.260109/QUI2/QUI2_LP_340_Du-641_S211_L005_R1_001.fastq.gz	genomicsDrive_data_dump/QB3.Berkeley.251217/QB3.Results.260109/QUI2/QUI2_LP_340_Du-641_S211_L005_R2_001.fastq.gz	include	include	passes Step 5 downstream QC
QUIN_LP_069_Du-155	QB3.Berkeley.251217/QB3.Results.260109	main_standard	D. setchellii	QUIN	Quicksilver NE	Du-155	LP_069	genomicsDrive_data_dump/QB3.Berkeley.251217/QB3.Results.260109/QUIN/QUIN_LP_069_Du-155_S74_L005_R1_001.fastq.gz	genomicsDrive_data_dump/QB3.Berkeley.251217/QB3.Results.260109/QUIN/QUIN_LP_069_Du-155_S74_L005_R2_001.fastq.gz	include	include	passes Step 5 downstream QC
QUIN_LP_070_Du-156	QB3.Berkeley.251217/QB3.Results.260109	main_standard	D. setchellii	QUIN	Quicksilver NE	Du-156	LP_070	genomicsDrive_data_dump/QB3.Berkeley.251217/QB3.Results.260109/QUIN/QUIN_LP_070_Du-156_S84_L005_R1_001.fastq.gz	genomicsDrive_data_dump/QB3.Berkeley.251217/QB3.Results.260109/QUIN/QUIN_LP_070_Du-156_S84_L005_R2_001.fastq.gz	include	include	passes Step 5 downstream QC
QUIN_LP_071_Du-157	QB3.Berkeley.251217/QB3.Results.260109	main_standard	D. setchellii	QUIN	Quicksilver NE	Du-157	LP_071	genomicsDrive_data_dump/QB3.Berkeley.251217/QB3.Results.260109/QUIN/QUIN_LP_071_Du-157_S94_L005_R1_001.fastq.gz	genomicsDrive_data_dump/QB3.Berkeley.251217/QB3.Results.260109/QUIN/QUIN_LP_071_Du-157_S94_L005_R2_001.fastq.gz	include	include	passes Step 5 downstream QC
QUIN_LP_072_Du-158	QB3.Berkeley.251217/QB3.Results.260109	main_standard	D. setchellii	QUIN	Quicksilver NE	Du-158	LP_072	genomicsDrive_data_dump/QB3.Berkeley.251217/QB3.Results.260109/QUIN/QUIN_LP_072_Du-158_S104_L005_R1_001.fastq.gz	genomicsDrive_data_dump/QB3.Berkeley.251217/QB3.Results.260109/QUIN/QUIN_LP_072_Du-158_S104_L005_R2_001.fastq.gz	include	include	passes Step 5 downstream QC
QUIN_LP_073_Du-159	QB3.Berkeley.251217/QB3.Results.260109	main_standard	D. setchellii	QUIN	Quicksilver NE	Du-159	LP_073	genomicsDrive_data_dump/QB3.Berkeley.251217/QB3.Results.260109/QUIN/QUIN_LP_073_Du-159_S33_L005_R1_001.fastq.gz	genomicsDrive_data_dump/QB3.Berkeley.251217/QB3.Results.260109/QUIN/QUIN_LP_073_Du-159_S33_L005_R2_001.fastq.gz	include	include	passes Step 5 downstream QC
QUIN_LP_074_Du-160	QB3.Berkeley.251217/QB3.Results.260109	main_standard	D. setchellii	QUIN	Quicksilver NE	Du-160	LP_074	genomicsDrive_data_dump/QB3.Berkeley.251217/QB3.Results.260109/QUIN/QUIN_LP_074_Du-160_S43_L005_R1_001.fastq.gz	genomicsDrive_data_dump/QB3.Berkeley.251217/QB3.Results.260109/QUIN/QUIN_LP_074_Du-160_S43_L005_R2_001.fastq.gz	include	include	passes Step 5 downstream QC
QUIN_LP_075_Du-161	QB3.Berkeley.251217/QB3.Results.260109	main_standard	D. setchellii	QUIN	Quicksilver NE	Du-161	LP_075	genomicsDrive_data_dump/QB3.Berkeley.251217/QB3.Results.260109/QUIN/QUIN_LP_075_Du-161_S54_L005_R1_001.fastq.gz	genomicsDrive_data_dump/QB3.Berkeley.251217/QB3.Results.260109/QUIN/QUIN_LP_075_Du-161_S54_L005_R2_001.fastq.gz	include	include	passes Step 5 downstream QC
QUIN_LP_076_Du-162	QB3.Berkeley.251217/QB3.Results.260109	main_standard	D. setchellii	QUIN	Quicksilver NE	Du-162	LP_076	genomicsDrive_data_dump/QB3.Berkeley.251217/QB3.Results.260109/QUIN/QUIN_LP_076_Du-162_S64_L005_R1_001.fastq.gz	genomicsDrive_data_dump/QB3.Berkeley.251217/QB3.Results.260109/QUIN/QUIN_LP_076_Du-162_S64_L005_R2_001.fastq.gz	include	include	passes Step 5 downstream QC
QUIN_LP_077_Du-163	QB3.Berkeley.251217/QB3.Results.260109	main_standard	D. setchellii	QUIN	Quicksilver NE	Du-163	LP_077	genomicsDrive_data_dump/QB3.Berkeley.251217/QB3.Results.260109/QUIN/QUIN_LP_077_Du-163_S75_L005_R1_001.fastq.gz	genomicsDrive_data_dump/QB3.Berkeley.251217/QB3.Results.260109/QUIN/QUIN_LP_077_Du-163_S75_L005_R2_001.fastq.gz	include	include	passes Step 5 downstream QC
QUIN_LP_318_Du-164	QB3.Berkeley.251217/QB3.Results.260109	main_standard	D. setchellii	QUIN	Quicksilver NE	Du-164	LP_318	genomicsDrive_data_dump/QB3.Berkeley.251217/QB3.Results.260109/QUIN/QUIN_LP_318_Du-164_S25_L005_R1_001.fastq.gz	genomicsDrive_data_dump/QB3.Berkeley.251217/QB3.Results.260109/QUIN/QUIN_LP_318_Du-164_S25_L005_R2_001.fastq.gz	include	include	passes Step 5 downstream QC
RIC_LP_192_Du-521	QB3.Berkeley.251217/QB3.Results.260109	main_standard	D. setchellii	RIC	Richmond Ranch	Du-521	LP_192	genomicsDrive_data_dump/QB3.Berkeley.251217/QB3.Results.260109/RIC/RIC_LP_192_Du-521_S170_L005_R1_001.fastq.gz	genomicsDrive_data_dump/QB3.Berkeley.251217/QB3.Results.260109/RIC/RIC_LP_192_Du-521_S170_L005_R2_001.fastq.gz	include	include	passes Step 5 downstream QC
RIC_LP_193_Du-522	QB3.Berkeley.251217/QB3.Results.260109	main_standard	D. setchellii	RIC	Richmond Ranch	Du-522	LP_193	genomicsDrive_data_dump/QB3.Berkeley.251217/QB3.Results.260109/RIC/RIC_LP_193_Du-522_S181_L005_R1_001.fastq.gz	genomicsDrive_data_dump/QB3.Berkeley.251217/QB3.Results.260109/RIC/RIC_LP_193_Du-522_S181_L005_R2_001.fastq.gz	include	include	passes Step 5 downstream QC
RIC_LP_194_Du-523	QB3.Berkeley.251217/QB3.Results.260109	main_standard	D. setchellii	RIC	Richmond Ranch	Du-523	LP_194	genomicsDrive_data_dump/QB3.Berkeley.251217/QB3.Results.260109/RIC/RIC_LP_194_Du-523_S191_L005_R1_001.fastq.gz	genomicsDrive_data_dump/QB3.Berkeley.251217/QB3.Results.260109/RIC/RIC_LP_194_Du-523_S191_L005_R2_001.fastq.gz	include	include	passes Step 5 downstream QC
RIC_LP_195_Du-524	QB3.Berkeley.251217/QB3.Results.260109	main_standard	D. setchellii	RIC	Richmond Ranch	Du-524	LP_195	genomicsDrive_data_dump/QB3.Berkeley.251217/QB3.Results.260109/RIC/RIC_LP_195_Du-524_S120_L005_R1_001.fastq.gz	genomicsDrive_data_dump/QB3.Berkeley.251217/QB3.Results.260109/RIC/RIC_LP_195_Du-524_S120_L005_R2_001.fastq.gz	include	include	passes Step 5 downstream QC
RIC_LP_196_Du-525	QB3.Berkeley.251217/QB3.Results.260109	main_standard	D. setchellii	RIC	Richmond Ranch	Du-525	LP_196	genomicsDrive_data_dump/QB3.Berkeley.251217/QB3.Results.260109/RIC/RIC_LP_196_Du-525_S130_L005_R1_001.fastq.gz	genomicsDrive_data_dump/QB3.Berkeley.251217/QB3.Results.260109/RIC/RIC_LP_196_Du-525_S130_L005_R2_001.fastq.gz	include	include	passes Step 5 downstream QC
RIC_LP_197_Du-526	QB3.Berkeley.251217/QB3.Results.260109	main_standard	D. setchellii	RIC	Richmond Ranch	Du-526	LP_197	genomicsDrive_data_dump/QB3.Berkeley.251217/QB3.Results.260109/RIC/RIC_LP_197_Du-526_S140_L005_R1_001.fastq.gz	genomicsDrive_data_dump/QB3.Berkeley.251217/QB3.Results.260109/RIC/RIC_LP_197_Du-526_S140_L005_R2_001.fastq.gz	include	include	passes Step 5 downstream QC
RIC_LP_198_Du-527	QB3.Berkeley.251217/QB3.Results.260109	main_standard	D. setchellii	RIC	Richmond Ranch	Du-527	LP_198	genomicsDrive_data_dump/QB3.Berkeley.251217/QB3.Results.260109/RIC/RIC_LP_198_Du-527_S151_L005_R1_001.fastq.gz	genomicsDrive_data_dump/QB3.Berkeley.251217/QB3.Results.260109/RIC/RIC_LP_198_Du-527_S151_L005_R2_001.fastq.gz	include	include	passes Step 5 downstream QC
RIC_LP_199_Du-528	QB3.Berkeley.251217/QB3.Results.260109	main_standard	D. setchellii	RIC	Richmond Ranch	Du-528	LP_199	genomicsDrive_data_dump/QB3.Berkeley.251217/QB3.Results.260109/RIC/RIC_LP_199_Du-528_S161_L005_R1_001.fastq.gz	genomicsDrive_data_dump/QB3.Berkeley.251217/QB3.Results.260109/RIC/RIC_LP_199_Du-528_S161_L005_R2_001.fastq.gz	include	include	passes Step 5 downstream QC
RIC_LP_200_Du-529	QB3.Berkeley.251217/QB3.Results.260109	main_standard	D. setchellii	RIC	Richmond Ranch	Du-529	LP_200	genomicsDrive_data_dump/QB3.Berkeley.251217/QB3.Results.260109/RIC/RIC_LP_200_Du-529_S171_L005_R1_001.fastq.gz	genomicsDrive_data_dump/QB3.Berkeley.251217/QB3.Results.260109/RIC/RIC_LP_200_Du-529_S171_L005_R2_001.fastq.gz	include	include	passes Step 5 downstream QC
RIC_LP_201_Du-530	QB3.Berkeley.251217/QB3.Results.260109	main_standard	D. setchellii	RIC	Richmond Ranch	Du-530	LP_201	genomicsDrive_data_dump/QB3.Berkeley.251217/QB3.Results.260109/RIC/RIC_LP_201_Du-530_S182_L005_R1_001.fastq.gz	genomicsDrive_data_dump/QB3.Berkeley.251217/QB3.Results.260109/RIC/RIC_LP_201_Du-530_S182_L005_R2_001.fastq.gz	include	include	passes Step 5 downstream QC
RSV_LP_049_Du-85	QB3.Berkeley.251217/QB3.Results.260109	main_standard	D. setchellii	RSV	Rancho San Vicente	Du-85	LP_049	genomicsDrive_data_dump/QB3.Berkeley.251217/QB3.Results.260109/RSV/RSV_LP_049_Du-85_S30_L005_R1_001.fastq.gz	genomicsDrive_data_dump/QB3.Berkeley.251217/QB3.Results.260109/RSV/RSV_LP_049_Du-85_S30_L005_R2_001.fastq.gz	include	include	passes Step 5 downstream QC
RSV_LP_050_Du-87	QB3.Berkeley.251217/QB3.Results.260109	main_standard	D. setchellii	RSV	Rancho San Vicente	Du-87	LP_050	genomicsDrive_data_dump/QB3.Berkeley.251217/QB3.Results.260109/RSV/RSV_LP_050_Du-87_S40_L005_R1_001.fastq.gz	genomicsDrive_data_dump/QB3.Berkeley.251217/QB3.Results.260109/RSV/RSV_LP_050_Du-87_S40_L005_R2_001.fastq.gz	include	include	passes Step 5 downstream QC
RSV_LP_051_Du-88	QB3.Berkeley.251217/QB3.Results.260109	main_standard	D. setchellii	RSV	Rancho San Vicente	Du-88	LP_051	genomicsDrive_data_dump/QB3.Berkeley.251217/QB3.Results.260109/RSV/RSV_LP_051_Du-88_S51_L005_R1_001.fastq.gz	genomicsDrive_data_dump/QB3.Berkeley.251217/QB3.Results.260109/RSV/RSV_LP_051_Du-88_S51_L005_R2_001.fastq.gz	include	include	passes Step 5 downstream QC
RSV_LP_052_Du-89	QB3.Berkeley.251217/QB3.Results.260109	main_standard	D. setchellii	RSV	Rancho San Vicente	Du-89	LP_052	genomicsDrive_data_dump/QB3.Berkeley.251217/QB3.Results.260109/RSV/RSV_LP_052_Du-89_S62_L005_R1_001.fastq.gz	genomicsDrive_data_dump/QB3.Berkeley.251217/QB3.Results.260109/RSV/RSV_LP_052_Du-89_S62_L005_R2_001.fastq.gz	include	include	passes Step 5 downstream QC
RSV_LP_053_Du-90	QB3.Berkeley.251217/QB3.Results.260109	main_standard	D. setchellii	RSV	Rancho San Vicente	Du-90	LP_053	genomicsDrive_data_dump/QB3.Berkeley.251217/QB3.Results.260109/RSV/RSV_LP_053_Du-90_S72_L005_R1_001.fastq.gz	genomicsDrive_data_dump/QB3.Berkeley.251217/QB3.Results.260109/RSV/RSV_LP_053_Du-90_S72_L005_R2_001.fastq.gz	include	include	passes Step 5 downstream QC
RSV_LP_055_Du-92	QB3.Berkeley.251217/QB3.Results.260109	main_standard	D. setchellii	RSV	Rancho San Vicente	Du-92	LP_055	genomicsDrive_data_dump/QB3.Berkeley.251217/QB3.Results.260109/RSV/RSV_LP_055_Du-92_S92_L005_R1_001.fastq.gz	genomicsDrive_data_dump/QB3.Berkeley.251217/QB3.Results.260109/RSV/RSV_LP_055_Du-92_S92_L005_R2_001.fastq.gz	include	include	passes Step 5 downstream QC
RSV_LP_057_Du-94	QB3.Berkeley.251217/QB3.Results.260109	main_standard	D. setchellii	RSV	Rancho San Vicente	Du-94	LP_057	genomicsDrive_data_dump/QB3.Berkeley.251217/QB3.Results.260109/RSV/RSV_LP_057_Du-94_S31_L005_R1_001.fastq.gz	genomicsDrive_data_dump/QB3.Berkeley.251217/QB3.Results.260109/RSV/RSV_LP_057_Du-94_S31_L005_R2_001.fastq.gz	include	include	passes Step 5 downstream QC
RSV_LP_315_Du-95	QB3.Berkeley.251217/QB3.Results.260109	main_standard	D. setchellii	RSV	Rancho San Vicente	Du-95	LP_315	genomicsDrive_data_dump/QB3.Berkeley.251217/QB3.Results.260109/RSV/RSV_LP_315_Du-95_S27_L005_R1_001.fastq.gz	genomicsDrive_data_dump/QB3.Berkeley.251217/QB3.Results.260109/RSV/RSV_LP_315_Du-95_S27_L005_R2_001.fastq.gz	include	include	passes Step 5 downstream QC
RSV_LP_316_Du-96	QB3.Berkeley.251217/QB3.Results.260109	main_standard	D. setchellii	RSV	Rancho San Vicente	Du-96	LP_316	genomicsDrive_data_dump/QB3.Berkeley.251217/QB3.Results.260109/RSV/RSV_LP_316_Du-96_S26_L005_R1_001.fastq.gz	genomicsDrive_data_dump/QB3.Berkeley.251217/QB3.Results.260109/RSV/RSV_LP_316_Du-96_S26_L005_R2_001.fastq.gz	include	include	passes Step 5 downstream QC
SILG_LP_149_Du-343	QB3.Berkeley.251217/QB3.Results.260109	main_standard	D. setchellii	SILG	Silver Creek Golf	Du-343	LP_149	genomicsDrive_data_dump/QB3.Berkeley.251217/QB3.Results.260109/SILG/SILG_LP_149_Du-343_S134_L005_R1_001.fastq.gz	genomicsDrive_data_dump/QB3.Berkeley.251217/QB3.Results.260109/SILG/SILG_LP_149_Du-343_S134_L005_R2_001.fastq.gz	include	include	passes Step 5 downstream QC
SILG_LP_150_Du-344	QB3.Berkeley.251217/QB3.Results.260109	main_standard	D. setchellii	SILG	Silver Creek Golf	Du-344	LP_150	genomicsDrive_data_dump/QB3.Berkeley.251217/QB3.Results.260109/SILG/SILG_LP_150_Du-344_S145_L005_R1_001.fastq.gz	genomicsDrive_data_dump/QB3.Berkeley.251217/QB3.Results.260109/SILG/SILG_LP_150_Du-344_S145_L005_R2_001.fastq.gz	include	include	passes Step 5 downstream QC
SILG_LP_151_Du-345	QB3.Berkeley.251217/QB3.Results.260109	main_standard	D. setchellii	SILG	Silver Creek Golf	Du-345	LP_151	genomicsDrive_data_dump/QB3.Berkeley.251217/QB3.Results.260109/SILG/SILG_LP_151_Du-345_S155_L005_R1_001.fastq.gz	genomicsDrive_data_dump/QB3.Berkeley.251217/QB3.Results.260109/SILG/SILG_LP_151_Du-345_S155_L005_R2_001.fastq.gz	include	include	passes Step 5 downstream QC
SILG_LP_152_Du-346	QB3.Berkeley.251217/QB3.Results.260109	main_standard	D. setchellii	SILG	Silver Creek Golf	Du-346	LP_152	genomicsDrive_data_dump/QB3.Berkeley.251217/QB3.Results.260109/SILG/SILG_LP_152_Du-346_S165_L005_R1_001.fastq.gz	genomicsDrive_data_dump/QB3.Berkeley.251217/QB3.Results.260109/SILG/SILG_LP_152_Du-346_S165_L005_R2_001.fastq.gz	include	include	passes Step 5 downstream QC
SILG_LP_153_Du-347	QB3.Berkeley.251217/QB3.Results.260109	main_standard	D. setchellii	SILG	Silver Creek Golf	Du-347	LP_153	genomicsDrive_data_dump/QB3.Berkeley.251217/QB3.Results.260109/SILG/SILG_LP_153_Du-347_S176_L005_R1_001.fastq.gz	genomicsDrive_data_dump/QB3.Berkeley.251217/QB3.Results.260109/SILG/SILG_LP_153_Du-347_S176_L005_R2_001.fastq.gz	include	include	passes Step 5 downstream QC
SILG_LP_154_Du-348	QB3.Berkeley.251217/QB3.Results.260109	main_standard	D. setchellii	SILG	Silver Creek Golf	Du-348	LP_154	genomicsDrive_data_dump/QB3.Berkeley.251217/QB3.Results.260109/SILG/SILG_LP_154_Du-348_S187_L005_R1_001.fastq.gz	genomicsDrive_data_dump/QB3.Berkeley.251217/QB3.Results.260109/SILG/SILG_LP_154_Du-348_S187_L005_R2_001.fastq.gz	include	include	passes Step 5 downstream QC
SILG_LP_155_Du-349	QB3.Berkeley.251217/QB3.Results.260109	main_standard	D. setchellii	SILG	Silver Creek Golf	Du-349	LP_155	genomicsDrive_data_dump/QB3.Berkeley.251217/QB3.Results.260109/SILG/SILG_LP_155_Du-349_S116_L005_R1_001.fastq.gz	genomicsDrive_data_dump/QB3.Berkeley.251217/QB3.Results.260109/SILG/SILG_LP_155_Du-349_S116_L005_R2_001.fastq.gz	include	include	passes Step 5 downstream QC
SILG_LP_156_Du-350	QB3.Berkeley.251217/QB3.Results.260109	main_standard	D. setchellii	SILG	Silver Creek Golf	Du-350	LP_156	genomicsDrive_data_dump/QB3.Berkeley.251217/QB3.Results.260109/SILG/SILG_LP_156_Du-350_S125_L005_R1_001.fastq.gz	genomicsDrive_data_dump/QB3.Berkeley.251217/QB3.Results.260109/SILG/SILG_LP_156_Du-350_S125_L005_R2_001.fastq.gz	include	include	passes Step 5 downstream QC
SILG_LP_157_Du-351	QB3.Berkeley.251217/QB3.Results.260109	main_standard	D. setchellii	SILG	Silver Creek Golf	Du-351	LP_157	genomicsDrive_data_dump/QB3.Berkeley.251217/QB3.Results.260109/SILG/SILG_LP_157_Du-351_S135_L005_R1_001.fastq.gz	genomicsDrive_data_dump/QB3.Berkeley.251217/QB3.Results.260109/SILG/SILG_LP_157_Du-351_S135_L005_R2_001.fastq.gz	include	include	passes Step 5 downstream QC
SILG_LP_158_Du-352	QB3.Berkeley.251217/QB3.Results.260109	main_standard	D. setchellii	SILG	Silver Creek Golf	Du-352	LP_158	genomicsDrive_data_dump/QB3.Berkeley.251217/QB3.Results.260109/SILG/SILG_LP_158_Du-352_S146_L005_R1_001.fastq.gz	genomicsDrive_data_dump/QB3.Berkeley.251217/QB3.Results.260109/SILG/SILG_LP_158_Du-352_S146_L005_R2_001.fastq.gz	include	include	passes Step 5 downstream QC
SILR_LP_346_Du-729	QB3.Berkeley.251217/QB3.Results.260109	main_standard	D. setchellii	SILR	Silver Creek Valley Rd. + Razorback + water tower	Du-729	LP_346	genomicsDrive_data_dump/QB3.Berkeley.251217/QB3.Results.260109/SILR/SILR_LP_346_Du-729_S267_L005_R1_001.fastq.gz	genomicsDrive_data_dump/QB3.Berkeley.251217/QB3.Results.260109/SILR/SILR_LP_346_Du-729_S267_L005_R2_001.fastq.gz	include	include	passes Step 5 downstream QC
SILR_LP_347_Du-730	QB3.Berkeley.251217/QB3.Results.260109	main_standard	D. setchellii	SILR	Silver Creek Valley Rd. + Razorback + water tower	Du-730	LP_347	genomicsDrive_data_dump/QB3.Berkeley.251217/QB3.Results.260109/SILR/SILR_LP_347_Du-730_S277_L005_R1_001.fastq.gz	genomicsDrive_data_dump/QB3.Berkeley.251217/QB3.Results.260109/SILR/SILR_LP_347_Du-730_S277_L005_R2_001.fastq.gz	include	include	passes Step 5 downstream QC
SILR_LP_348_Du-731	QB3.Berkeley.251217/QB3.Results.260109	main_standard	D. setchellii	SILR	Silver Creek Valley Rd. + Razorback + water tower	Du-731	LP_348	genomicsDrive_data_dump/QB3.Berkeley.251217/QB3.Results.260109/SILR/SILR_LP_348_Du-731_S287_L005_R1_001.fastq.gz	genomicsDrive_data_dump/QB3.Berkeley.251217/QB3.Results.260109/SILR/SILR_LP_348_Du-731_S287_L005_R2_001.fastq.gz	include	include	passes Step 5 downstream QC
SILR_LP_349_Du-732	QB3.Berkeley.251217/QB3.Results.260109	main_standard	D. setchellii	SILR	Silver Creek Valley Rd. + Razorback + water tower	Du-732	LP_349	genomicsDrive_data_dump/QB3.Berkeley.251217/QB3.Results.260109/SILR/SILR_LP_349_Du-732_S219_L005_R1_001.fastq.gz	genomicsDrive_data_dump/QB3.Berkeley.251217/QB3.Results.260109/SILR/SILR_LP_349_Du-732_S219_L005_R2_001.fastq.gz	include	include	passes Step 5 downstream QC
SILR_LP_351_Du-734	QB3.Berkeley.251217/QB3.Results.260109	main_standard	D. setchellii	SILR	Silver Creek Valley Rd. + Razorback + water tower	Du-734	LP_351	genomicsDrive_data_dump/QB3.Berkeley.251217/QB3.Results.260109/SILR/SILR_LP_351_Du-734_S241_L005_R1_001.fastq.gz	genomicsDrive_data_dump/QB3.Berkeley.251217/QB3.Results.260109/SILR/SILR_LP_351_Du-734_S241_L005_R2_001.fastq.gz	include	include	passes Step 5 downstream QC
SILR_LP_353_Du-736	QB3.Berkeley.251217/QB3.Results.260109	main_standard	D. setchellii	SILR	Silver Creek Valley Rd. + Razorback + water tower	Du-736	LP_353	genomicsDrive_data_dump/QB3.Berkeley.251217/QB3.Results.260109/SILR/SILR_LP_353_Du-736_S258_L005_R1_001.fastq.gz	genomicsDrive_data_dump/QB3.Berkeley.251217/QB3.Results.260109/SILR/SILR_LP_353_Du-736_S258_L005_R2_001.fastq.gz	include	include	passes Step 5 downstream QC
STI_LP_027_Du-45	QB3.Berkeley.251217/QB3.Results.260109	main_standard	D. setchellii	STI	Stiles Ranch	Du-45	LP_027	genomicsDrive_data_dump/QB3.Berkeley.251217/QB3.Results.260109/STI/STI_LP_027_Du-45_S100_L005_R1_001.fastq.gz	genomicsDrive_data_dump/QB3.Berkeley.251217/QB3.Results.260109/STI/STI_LP_027_Du-45_S100_L005_R2_001.fastq.gz	include	include	passes Step 5 downstream QC
STI_LP_028_Du-46	QB3.Berkeley.251217/QB3.Results.260109	main_standard	D. setchellii	STI	Stiles Ranch	Du-46	LP_028	genomicsDrive_data_dump/QB3.Berkeley.251217/QB3.Results.260109/STI/STI_LP_028_Du-46_S28_L005_R1_001.fastq.gz	genomicsDrive_data_dump/QB3.Berkeley.251217/QB3.Results.260109/STI/STI_LP_028_Du-46_S28_L005_R2_001.fastq.gz	include	include	passes Step 5 downstream QC
STI_LP_029_Du-47	QB3.Berkeley.251217/QB3.Results.260109	main_standard	D. setchellii	STI	Stiles Ranch	Du-47	LP_029	genomicsDrive_data_dump/QB3.Berkeley.251217/QB3.Results.260109/STI/STI_LP_029_Du-47_S38_L005_R1_001.fastq.gz	genomicsDrive_data_dump/QB3.Berkeley.251217/QB3.Results.260109/STI/STI_LP_029_Du-47_S38_L005_R2_001.fastq.gz	include	include	passes Step 5 downstream QC
STI_LP_030_Du-48	QB3.Berkeley.251217/QB3.Results.260109	main_standard	D. setchellii	STI	Stiles Ranch	Du-48	LP_030	genomicsDrive_data_dump/QB3.Berkeley.251217/QB3.Results.260109/STI/STI_LP_030_Du-48_S48_L005_R1_001.fastq.gz	genomicsDrive_data_dump/QB3.Berkeley.251217/QB3.Results.260109/STI/STI_LP_030_Du-48_S48_L005_R2_001.fastq.gz	include	include	passes Step 5 downstream QC
STI_LP_031_Du-49	QB3.Berkeley.251217/QB3.Results.260109	main_standard	D. setchellii	STI	Stiles Ranch	Du-49	LP_031	genomicsDrive_data_dump/QB3.Berkeley.251217/QB3.Results.260109/STI/STI_LP_031_Du-49_S59_L005_R1_001.fastq.gz	genomicsDrive_data_dump/QB3.Berkeley.251217/QB3.Results.260109/STI/STI_LP_031_Du-49_S59_L005_R2_001.fastq.gz	include	include	passes Step 5 downstream QC
STI_LP_032_Du-50	QB3.Berkeley.251217/QB3.Results.260109	main_standard	D. setchellii	STI	Stiles Ranch	Du-50	LP_032	genomicsDrive_data_dump/QB3.Berkeley.251217/QB3.Results.260109/STI/STI_LP_032_Du-50_S69_L005_R1_001.fastq.gz	genomicsDrive_data_dump/QB3.Berkeley.251217/QB3.Results.260109/STI/STI_LP_032_Du-50_S69_L005_R2_001.fastq.gz	include	include	passes Step 5 downstream QC
STI_LP_033_Du-51	QB3.Berkeley.251217/QB3.Results.260109	main_standard	D. setchellii	STI	Stiles Ranch	Du-51	LP_033	genomicsDrive_data_dump/QB3.Berkeley.251217/QB3.Results.260109/STI/STI_LP_033_Du-51_S80_L005_R1_001.fastq.gz	genomicsDrive_data_dump/QB3.Berkeley.251217/QB3.Results.260109/STI/STI_LP_033_Du-51_S80_L005_R2_001.fastq.gz	include	include	passes Step 5 downstream QC
STI_LP_034_Du-52	QB3.Berkeley.251217/QB3.Results.260109	main_standard	D. setchellii	STI	Stiles Ranch	Du-52	LP_034	genomicsDrive_data_dump/QB3.Berkeley.251217/QB3.Results.260109/STI/STI_LP_034_Du-52_S101_L005_R1_001.fastq.gz	genomicsDrive_data_dump/QB3.Berkeley.251217/QB3.Results.260109/STI/STI_LP_034_Du-52_S101_L005_R2_001.fastq.gz	include	include	passes Step 5 downstream QC
STI_LP_035_Du-53	QB3.Berkeley.251217/QB3.Results.260109	main_standard	D. setchellii	STI	Stiles Ranch	Du-53	LP_035	genomicsDrive_data_dump/QB3.Berkeley.251217/QB3.Results.260109/STI/STI_LP_035_Du-53_S49_L005_R1_001.fastq.gz	genomicsDrive_data_dump/QB3.Berkeley.251217/QB3.Results.260109/STI/STI_LP_035_Du-53_S49_L005_R2_001.fastq.gz	include	include	passes Step 5 downstream QC
STI_LP_036_Du-54	QB3.Berkeley.251217/QB3.Results.260109	main_standard	D. setchellii	STI	Stiles Ranch	Du-54	LP_036	genomicsDrive_data_dump/QB3.Berkeley.251217/QB3.Results.260109/STI/STI_LP_036_Du-54_S60_L005_R1_001.fastq.gz	genomicsDrive_data_dump/QB3.Berkeley.251217/QB3.Results.260109/STI/STI_LP_036_Du-54_S60_L005_R2_001.fastq.gz	include	include	passes Step 5 downstream QC
STI_LP_037_Du-55	QB3.Berkeley.251217/QB3.Results.260109	main_standard	D. setchellii	STI	Stiles Ranch	Du-55	LP_037	genomicsDrive_data_dump/QB3.Berkeley.251217/QB3.Results.260109/STI/STI_LP_037_Du-55_S70_L005_R1_001.fastq.gz	genomicsDrive_data_dump/QB3.Berkeley.251217/QB3.Results.260109/STI/STI_LP_037_Du-55_S70_L005_R2_001.fastq.gz	include	include	passes Step 5 downstream QC
STI_LP_038_Du-56	QB3.Berkeley.251217/QB3.Results.260109	main_standard	D. setchellii	STI	Stiles Ranch	Du-56	LP_038	genomicsDrive_data_dump/QB3.Berkeley.251217/QB3.Results.260109/STI/STI_LP_038_Du-56_S81_L005_R1_001.fastq.gz	genomicsDrive_data_dump/QB3.Berkeley.251217/QB3.Results.260109/STI/STI_LP_038_Du-56_S81_L005_R2_001.fastq.gz	include	include	passes Step 5 downstream QC
STI_LP_039_Du-57	QB3.Berkeley.251217/QB3.Results.260109	main_standard	D. setchellii	STI	Stiles Ranch	Du-57	LP_039	genomicsDrive_data_dump/QB3.Berkeley.251217/QB3.Results.260109/STI/STI_LP_039_Du-57_S90_L005_R1_001.fastq.gz	genomicsDrive_data_dump/QB3.Berkeley.251217/QB3.Results.260109/STI/STI_LP_039_Du-57_S90_L005_R2_001.fastq.gz	include	include	passes Step 5 downstream QC
STI_LP_040_Du-58	QB3.Berkeley.251217/QB3.Results.260109	main_standard	D. setchellii	STI	Stiles Ranch	Du-58	LP_040	genomicsDrive_data_dump/QB3.Berkeley.251217/QB3.Results.260109/STI/STI_LP_040_Du-58_S102_L005_R1_001.fastq.gz	genomicsDrive_data_dump/QB3.Berkeley.251217/QB3.Results.260109/STI/STI_LP_040_Du-58_S102_L005_R2_001.fastq.gz	include	include	passes Step 5 downstream QC
STI_LP_041_Du-60	QB3.Berkeley.251217/QB3.Results.260109	main_standard	D. setchellii	STI	Stiles Ranch	Du-60	LP_041	genomicsDrive_data_dump/QB3.Berkeley.251217/QB3.Results.260109/STI/STI_LP_041_Du-60_S29_L005_R1_001.fastq.gz	genomicsDrive_data_dump/QB3.Berkeley.251217/QB3.Results.260109/STI/STI_LP_041_Du-60_S29_L005_R2_001.fastq.gz	include	include	passes Step 5 downstream QC
STI_LP_042_Du-61	QB3.Berkeley.251217/QB3.Results.260109	main_standard	D. setchellii	STI	Stiles Ranch	Du-61	LP_042	genomicsDrive_data_dump/QB3.Berkeley.251217/QB3.Results.260109/STI/STI_LP_042_Du-61_S39_L005_R1_001.fastq.gz	genomicsDrive_data_dump/QB3.Berkeley.251217/QB3.Results.260109/STI/STI_LP_042_Du-61_S39_L005_R2_001.fastq.gz	include	include	passes Step 5 downstream QC
TIL_LP_123_Du-263	QB3.Berkeley.251217/QB3.Results.260109	main_standard	D. setchellii	TIL	Tilton Ranch Road	Du-263	LP_123	genomicsDrive_data_dump/QB3.Berkeley.251217/QB3.Results.260109/TIL/TIL_LP_123_Du-263_S112_L005_R1_001.fastq.gz	genomicsDrive_data_dump/QB3.Berkeley.251217/QB3.Results.260109/TIL/TIL_LP_123_Du-263_S112_L005_R2_001.fastq.gz	include	include	passes Step 5 downstream QC
TIL_LP_124_Du-264	QB3.Berkeley.251217/QB3.Results.260109	main_standard	D. setchellii	TIL	Tilton Ranch Road	Du-264	LP_124	genomicsDrive_data_dump/QB3.Berkeley.251217/QB3.Results.260109/TIL/TIL_LP_124_Du-264_S121_L005_R1_001.fastq.gz	genomicsDrive_data_dump/QB3.Berkeley.251217/QB3.Results.260109/TIL/TIL_LP_124_Du-264_S121_L005_R2_001.fastq.gz	include	include	passes Step 5 downstream QC
TIL_LP_125_Du-265	QB3.Berkeley.251217/QB3.Results.260109	main_standard	D. setchellii	TIL	Tilton Ranch Road	Du-265	LP_125	genomicsDrive_data_dump/QB3.Berkeley.251217/QB3.Results.260109/TIL/TIL_LP_125_Du-265_S132_L005_R1_001.fastq.gz	genomicsDrive_data_dump/QB3.Berkeley.251217/QB3.Results.260109/TIL/TIL_LP_125_Du-265_S132_L005_R2_001.fastq.gz	include	include	passes Step 5 downstream QC
TIL_LP_126_Du-266	QB3.Berkeley.251217/QB3.Results.260109	main_standard	D. setchellii	TIL	Tilton Ranch Road	Du-266	LP_126	genomicsDrive_data_dump/QB3.Berkeley.251217/QB3.Results.260109/TIL/TIL_LP_126_Du-266_S141_L005_R1_001.fastq.gz	genomicsDrive_data_dump/QB3.Berkeley.251217/QB3.Results.260109/TIL/TIL_LP_126_Du-266_S141_L005_R2_001.fastq.gz	include	include	passes Step 5 downstream QC
TIL_LP_127_Du-267	QB3.Berkeley.251217/QB3.Results.260109	main_standard	D. setchellii	TIL	Tilton Ranch Road	Du-267	LP_127	genomicsDrive_data_dump/QB3.Berkeley.251217/QB3.Results.260109/TIL/TIL_LP_127_Du-267_S152_L005_R1_001.fastq.gz	genomicsDrive_data_dump/QB3.Berkeley.251217/QB3.Results.260109/TIL/TIL_LP_127_Du-267_S152_L005_R2_001.fastq.gz	include	include	passes Step 5 downstream QC
TIL_LP_128_Du-268	QB3.Berkeley.251217/QB3.Results.260109	main_standard	D. setchellii	TIL	Tilton Ranch Road	Du-268	LP_128	genomicsDrive_data_dump/QB3.Berkeley.251217/QB3.Results.260109/TIL/TIL_LP_128_Du-268_S162_L005_R1_001.fastq.gz	genomicsDrive_data_dump/QB3.Berkeley.251217/QB3.Results.260109/TIL/TIL_LP_128_Du-268_S162_L005_R2_001.fastq.gz	include	include	passes Step 5 downstream QC
TIL_LP_129_Du-269	QB3.Berkeley.251217/QB3.Results.260109	main_standard	D. setchellii	TIL	Tilton Ranch Road	Du-269	LP_129	genomicsDrive_data_dump/QB3.Berkeley.251217/QB3.Results.260109/TIL/TIL_LP_129_Du-269_S173_L005_R1_001.fastq.gz	genomicsDrive_data_dump/QB3.Berkeley.251217/QB3.Results.260109/TIL/TIL_LP_129_Du-269_S173_L005_R2_001.fastq.gz	include	include	passes Step 5 downstream QC
TIL_LP_130_Du-271	QB3.Berkeley.251217/QB3.Results.260109	main_standard	D. setchellii	TIL	Tilton Ranch Road	Du-271	LP_130	genomicsDrive_data_dump/QB3.Berkeley.251217/QB3.Results.260109/TIL/TIL_LP_130_Du-271_S184_L005_R1_001.fastq.gz	genomicsDrive_data_dump/QB3.Berkeley.251217/QB3.Results.260109/TIL/TIL_LP_130_Du-271_S184_L005_R2_001.fastq.gz	include	include	passes Step 5 downstream QC
TIL_LP_131_Du-272	QB3.Berkeley.251217/QB3.Results.260109	main_standard	D. setchellii	TIL	Tilton Ranch Road	Du-272	LP_131	genomicsDrive_data_dump/QB3.Berkeley.251217/QB3.Results.260109/TIL/TIL_LP_131_Du-272_S113_L005_R1_001.fastq.gz	genomicsDrive_data_dump/QB3.Berkeley.251217/QB3.Results.260109/TIL/TIL_LP_131_Du-272_S113_L005_R2_001.fastq.gz	include	include	passes Step 5 downstream QC
TULP_LP_115_Du-242	QB3.Berkeley.251217/QB3.Results.260109	main_standard	D. setchellii	TULP	Tulare Hill NW Parks	Du-242	LP_115	genomicsDrive_data_dump/QB3.Berkeley.251217/QB3.Results.260109/TULP/TULP_LP_115_Du-242_S199_L005_R1_001.fastq.gz	genomicsDrive_data_dump/QB3.Berkeley.251217/QB3.Results.260109/TULP/TULP_LP_115_Du-242_S199_L005_R2_001.fastq.gz	include	include	passes Step 5 downstream QC
TULP_LP_116_Du-243	QB3.Berkeley.251217/QB3.Results.260109	main_standard	D. setchellii	TULP	Tulare Hill NW Parks	Du-243	LP_116	genomicsDrive_data_dump/QB3.Berkeley.251217/QB3.Results.260109/TULP/TULP_LP_116_Du-243_S200_L005_R1_001.fastq.gz	genomicsDrive_data_dump/QB3.Berkeley.251217/QB3.Results.260109/TULP/TULP_LP_116_Du-243_S200_L005_R2_001.fastq.gz	include	include	passes Step 5 downstream QC
TULP_LP_117_Du-244	QB3.Berkeley.251217/QB3.Results.260109	main_standard	D. setchellii	TULP	Tulare Hill NW Parks	Du-244	LP_117	genomicsDrive_data_dump/QB3.Berkeley.251217/QB3.Results.260109/TULP/TULP_LP_117_Du-244_S201_L005_R1_001.fastq.gz	genomicsDrive_data_dump/QB3.Berkeley.251217/QB3.Results.260109/TULP/TULP_LP_117_Du-244_S201_L005_R2_001.fastq.gz	include	include	passes Step 5 downstream QC
TULP_LP_118_Du-245	QB3.Berkeley.251217/QB3.Results.260109	main_standard	D. setchellii	TULP	Tulare Hill NW Parks	Du-245	LP_118	genomicsDrive_data_dump/QB3.Berkeley.251217/QB3.Results.260109/TULP/TULP_LP_118_Du-245_S202_L005_R1_001.fastq.gz	genomicsDrive_data_dump/QB3.Berkeley.251217/QB3.Results.260109/TULP/TULP_LP_118_Du-245_S202_L005_R2_001.fastq.gz	include	include	passes Step 5 downstream QC
TULP_LP_119_Du-246	QB3.Berkeley.251217/QB3.Results.260109	main_standard	D. setchellii	TULP	Tulare Hill NW Parks	Du-246	LP_119	genomicsDrive_data_dump/QB3.Berkeley.251217/QB3.Results.260109/TULP/TULP_LP_119_Du-246_S203_L005_R1_001.fastq.gz	genomicsDrive_data_dump/QB3.Berkeley.251217/QB3.Results.260109/TULP/TULP_LP_119_Du-246_S203_L005_R2_001.fastq.gz	include	include	passes Step 5 downstream QC
TULP_LP_120_Du-248	QB3.Berkeley.251217/QB3.Results.260109	main_standard	D. setchellii	TULP	Tulare Hill NW Parks	Du-248	LP_120	genomicsDrive_data_dump/QB3.Berkeley.251217/QB3.Results.260109/TULP/TULP_LP_120_Du-248_S204_L005_R1_001.fastq.gz	genomicsDrive_data_dump/QB3.Berkeley.251217/QB3.Results.260109/TULP/TULP_LP_120_Du-248_S204_L005_R2_001.fastq.gz	include	include	passes Step 5 downstream QC
TULP_LP_121_Du-249	QB3.Berkeley.251217/QB3.Results.260109	main_standard	D. setchellii	TULP	Tulare Hill NW Parks	Du-249	LP_121	genomicsDrive_data_dump/QB3.Berkeley.251217/QB3.Results.260109/TULP/TULP_LP_121_Du-249_S196_L005_R1_001.fastq.gz	genomicsDrive_data_dump/QB3.Berkeley.251217/QB3.Results.260109/TULP/TULP_LP_121_Du-249_S196_L005_R2_001.fastq.gz	include	include	passes Step 5 downstream QC
TULP_LP_122_Du-250	QB3.Berkeley.251217/QB3.Results.260109	main_standard	D. setchellii	TULP	Tulare Hill NW Parks	Du-250	LP_122	genomicsDrive_data_dump/QB3.Berkeley.251217/QB3.Results.260109/TULP/TULP_LP_122_Du-250_S198_L005_R1_001.fastq.gz	genomicsDrive_data_dump/QB3.Berkeley.251217/QB3.Results.260109/TULP/TULP_LP_122_Du-250_S198_L005_R2_001.fastq.gz	include	include	passes Step 5 downstream QC
TULP_LP_140_Du-302	QB3.Berkeley.251217/QB3.Results.260109	main_standard	D. setchellii	TULP	Tulare Hill NW Parks	Du-302	LP_140	genomicsDrive_data_dump/QB3.Berkeley.251217/QB3.Results.260109/TULP/TULP_LP_140_Du-302_S123_L005_R1_001.fastq.gz	genomicsDrive_data_dump/QB3.Berkeley.251217/QB3.Results.260109/TULP/TULP_LP_140_Du-302_S123_L005_R2_001.fastq.gz	include	include	passes Step 5 downstream QC
TULP_LP_141_Du-303	QB3.Berkeley.251217/QB3.Results.260109	main_standard	D. setchellii	TULP	Tulare Hill NW Parks	Du-303	LP_141	genomicsDrive_data_dump/QB3.Berkeley.251217/QB3.Results.260109/TULP/TULP_LP_141_Du-303_S143_L005_R1_001.fastq.gz	genomicsDrive_data_dump/QB3.Berkeley.251217/QB3.Results.260109/TULP/TULP_LP_141_Du-303_S143_L005_R2_001.fastq.gz	include	include	passes Step 5 downstream QC
TULP_LP_142_Du-304	QB3.Berkeley.251217/QB3.Results.260109	main_standard	D. setchellii	TULP	Tulare Hill NW Parks	Du-304	LP_142	genomicsDrive_data_dump/QB3.Berkeley.251217/QB3.Results.260109/TULP/TULP_LP_142_Du-304_S144_L005_R1_001.fastq.gz	genomicsDrive_data_dump/QB3.Berkeley.251217/QB3.Results.260109/TULP/TULP_LP_142_Du-304_S144_L005_R2_001.fastq.gz	include	include	passes Step 5 downstream QC
TULP_LP_143_Du-305	QB3.Berkeley.251217/QB3.Results.260109	main_standard	D. setchellii	TULP	Tulare Hill NW Parks	Du-305	LP_143	genomicsDrive_data_dump/QB3.Berkeley.251217/QB3.Results.260109/TULP/TULP_LP_143_Du-305_S154_L005_R1_001.fastq.gz	genomicsDrive_data_dump/QB3.Berkeley.251217/QB3.Results.260109/TULP/TULP_LP_143_Du-305_S154_L005_R2_001.fastq.gz	include	include	passes Step 5 downstream QC
TULP_LP_144_Du-306	QB3.Berkeley.251217/QB3.Results.260109	main_standard	D. setchellii	TULP	Tulare Hill NW Parks	Du-306	LP_144	genomicsDrive_data_dump/QB3.Berkeley.251217/QB3.Results.260109/TULP/TULP_LP_144_Du-306_S164_L005_R1_001.fastq.gz	genomicsDrive_data_dump/QB3.Berkeley.251217/QB3.Results.260109/TULP/TULP_LP_144_Du-306_S164_L005_R2_001.fastq.gz	include	include	passes Step 5 downstream QC
TULP_LP_145_Du-307	QB3.Berkeley.251217/QB3.Results.260109	main_standard	D. setchellii	TULP	Tulare Hill NW Parks	Du-307	LP_145	genomicsDrive_data_dump/QB3.Berkeley.251217/QB3.Results.260109/TULP/TULP_LP_145_Du-307_S175_L005_R1_001.fastq.gz	genomicsDrive_data_dump/QB3.Berkeley.251217/QB3.Results.260109/TULP/TULP_LP_145_Du-307_S175_L005_R2_001.fastq.gz	include	include	passes Step 5 downstream QC
TULP_LP_146_Du-308	QB3.Berkeley.251217/QB3.Results.260109	main_standard	D. setchellii	TULP	Tulare Hill NW Parks	Du-308	LP_146	genomicsDrive_data_dump/QB3.Berkeley.251217/QB3.Results.260109/TULP/TULP_LP_146_Du-308_S186_L005_R1_001.fastq.gz	genomicsDrive_data_dump/QB3.Berkeley.251217/QB3.Results.260109/TULP/TULP_LP_146_Du-308_S186_L005_R2_001.fastq.gz	include	include	passes Step 5 downstream QC
TULP_LP_147_Du-309	QB3.Berkeley.251217/QB3.Results.260109	main_standard	D. setchellii	TULP	Tulare Hill NW Parks	Du-309	LP_147	genomicsDrive_data_dump/QB3.Berkeley.251217/QB3.Results.260109/TULP/TULP_LP_147_Du-309_S115_L005_R1_001.fastq.gz	genomicsDrive_data_dump/QB3.Berkeley.251217/QB3.Results.260109/TULP/TULP_LP_147_Du-309_S115_L005_R2_001.fastq.gz	include	include	passes Step 5 downstream QC
TULP_LP_148_Du-310	QB3.Berkeley.251217/QB3.Results.260109	main_standard	D. setchellii	TULP	Tulare Hill NW Parks	Du-310	LP_148	genomicsDrive_data_dump/QB3.Berkeley.251217/QB3.Results.260109/TULP/TULP_LP_148_Du-310_S124_L005_R1_001.fastq.gz	genomicsDrive_data_dump/QB3.Berkeley.251217/QB3.Results.260109/TULP/TULP_LP_148_Du-310_S124_L005_R2_001.fastq.gz	include	include	passes Step 5 downstream QC
