lcl|PX244389.1_cds_XZP60952.1_1	ptg000216l_1	100.000	231	372	115	345	86366	86136	417	1.01e-118
lcl|PX244389.1_cds_XZP60952.1_1	ptg000216l_1	100.000	231	372	115	345	125484	125714	417	1.01e-118
lcl|PX244389.1_cds_XZP60952.1_1	ptg000216l_1	100.000	114	372	1	114	57527	57414	206	3.32e-55
lcl|PX244389.1_cds_XZP60952.1_1	ptg000216l_1	100.000	27	372	346	372	85599	85573	50.0	5.64e-08
lcl|PX244389.1_cds_XZP60952.1_1	ptg000216l_1	100.000	27	372	346	372	126251	126277	50.0	5.64e-08
lcl|PX244389.1_cds_XZP60952.1_1	ptg000216l_1	94.118	17	372	158	174	23417	23401	27.4	0.64
lcl|PX244389.1_cds_XZP60952.1_1	ptg000216l_1	94.118	17	372	158	174	173680	173664	27.4	0.64
lcl|PX244389.1_cds_XZP60952.1_1	ptg000216l_1	100.000	14	372	320	333	10115	10128	26.5	0.64
lcl|PX244389.1_cds_XZP60952.1_1	ptg000216l_1	100.000	14	372	320	333	160386	160399	26.5	0.64
lcl|PX244389.1_cds_XZP60952.1_1	ptg000216l_1	100.000	12	372	349	360	15957	15946	22.9	7.8
lcl|PX244389.1_cds_XZP60952.1_1	ptg000216l_1	100.000	12	372	241	252	82480	82491	22.9	7.8
lcl|PX244389.1_cds_XZP60952.1_1	ptg000216l_1	88.235	17	372	184	200	102753	102737	22.9	7.8
lcl|PX244389.1_cds_XZP60952.1_1	ptg000216l_1	100.000	12	372	120	131	105014	105003	22.9	7.8
lcl|PX244389.1_cds_XZP60952.1_1	ptg000216l_1	100.000	12	372	42	53	141567	141556	22.9	7.8
lcl|PX244389.1_cds_XZP60952.1_1	ptg000216l_1	100.000	12	372	251	262	142961	142972	22.9	7.8
lcl|PX244389.1_cds_XZP60952.1_1	ptg000216l_1	100.000	12	372	317	328	149526	149537	22.9	7.8
lcl|PX244389.1_cds_XZP60952.1_1	ptg000216l_1	100.000	12	372	349	360	166221	166210	22.9	7.8
lcl|PX244389.1_cds_XZP60953.1_2	ptg000216l_1	100.000	1062	1062	1	1062	141398	140337	1916	0.0
lcl|PX244389.1_cds_XZP60953.1_2	ptg000216l_1	90.000	20	1062	477	496	38692	38673	28.3	0.54
lcl|PX244389.1_cds_XZP60953.1_2	ptg000216l_1	86.364	22	1062	903	924	6136	6115	27.4	1.9
lcl|PX244389.1_cds_XZP60953.1_2	ptg000216l_1	75.676	37	1062	720	756	22936	22972	27.4	1.9
lcl|PX244389.1_cds_XZP60953.1_2	ptg000216l_1	94.118	17	1062	876	892	85175	85159	27.4	1.9
lcl|PX244389.1_cds_XZP60953.1_2	ptg000216l_1	94.118	17	1062	876	892	126675	126691	27.4	1.9
lcl|PX244389.1_cds_XZP60953.1_2	ptg000216l_1	86.364	22	1062	903	924	156407	156386	27.4	1.9
lcl|PX244389.1_cds_XZP60953.1_2	ptg000216l_1	75.676	37	1062	720	756	173199	173235	27.4	1.9
lcl|PX244389.1_cds_XZP60953.1_2	ptg000216l_1	100.000	13	1062	470	482	77	65	24.7	6.6
lcl|PX244389.1_cds_XZP60953.1_2	ptg000216l_1	100.000	13	1062	952	964	52653	52641	24.7	6.6
lcl|PX244389.1_cds_XZP60953.1_2	ptg000216l_1	88.889	18	1062	795	812	68465	68482	24.7	6.6
lcl|PX244389.1_cds_XZP60953.1_2	ptg000216l_1	100.000	13	1062	792	804	106784	106796	24.7	6.6
lcl|PX244389.1_cds_XZP60954.1_3	ptg000216l_1	99.335	1503	1503	1	1503	143411	141909	2666	0.0
lcl|PX244389.1_cds_XZP60954.1_3	ptg000216l_1	84.615	26	1503	1472	1497	107515	107540	30.1	0.22
lcl|PX244389.1_cds_XZP60954.1_3	ptg000216l_1	94.444	18	1503	805	822	112974	112957	29.2	0.77
lcl|PX244389.1_cds_XZP60954.1_3	ptg000216l_1	90.909	22	1503	1116	1137	64484	64504	28.3	0.77
lcl|PX244389.1_cds_XZP60954.1_3	ptg000216l_1	100.000	15	1503	757	771	97282	97268	28.3	0.77
lcl|PX244389.1_cds_XZP60954.1_3	ptg000216l_1	100.000	15	1503	757	771	114569	114583	28.3	0.77
lcl|PX244389.1_cds_XZP60954.1_3	ptg000216l_1	100.000	14	1503	1334	1347	2796	2809	26.5	2.7
lcl|PX244389.1_cds_XZP60954.1_3	ptg000216l_1	100.000	14	1503	1376	1389	8260	8273	26.5	2.7
lcl|PX244389.1_cds_XZP60954.1_3	ptg000216l_1	100.000	14	1503	874	887	65188	65201	26.5	2.7
lcl|PX244389.1_cds_XZP60954.1_3	ptg000216l_1	100.000	14	1503	1340	1353	111867	111854	26.5	2.7
lcl|PX244389.1_cds_XZP60954.1_3	ptg000216l_1	100.000	14	1503	1334	1347	153070	153083	26.5	2.7
lcl|PX244389.1_cds_XZP60954.1_3	ptg000216l_1	100.000	14	1503	1376	1389	158531	158544	26.5	2.7
lcl|PX244389.1_cds_XZP60954.1_3	ptg000216l_1	93.750	16	1503	977	992	102046	102061	25.6	9.4
lcl|PX244389.1_cds_XZP60954.1_3	ptg000216l_1	100.000	13	1503	198	210	55021	55033	24.7	9.4
lcl|PX244389.1_cds_XZP60954.1_3	ptg000216l_1	100.000	13	1503	871	883	77448	77436	24.7	9.4
lcl|PX244389.1_cds_XZP60954.1_3	ptg000216l_1	100.000	13	1503	385	397	89633	89621	24.7	9.4
lcl|PX244389.1_cds_XZP60954.1_3	ptg000216l_1	100.000	13	1503	871	883	134400	134412	24.7	9.4
lcl|PX244389.1_cds_XZP60954.1_3	ptg000216l_1	100.000	13	1503	1087	1099	147840	147852	24.7	9.4
lcl|PX244389.1_cds_XZP60955.1_4	ptg000216l_1	98.718	234	270	37	270	145023	144790	409	3.73e-116
lcl|PX244389.1_cds_XZP60955.1_4	ptg000216l_1	97.727	44	270	1	44	145845	145802	76.1	1.01e-15
lcl|PX244389.1_cds_XZP60955.1_4	ptg000216l_1	84.615	26	270	94	119	102913	102938	30.1	0.038
lcl|PX244389.1_cds_XZP60955.1_4	ptg000216l_1	100.000	14	270	39	52	94762	94775	26.5	0.46
lcl|PX244389.1_cds_XZP60955.1_4	ptg000216l_1	100.000	14	270	39	52	117089	117076	26.5	0.46
lcl|PX244389.1_cds_XZP60955.1_4	ptg000216l_1	85.714	21	270	238	258	72444	72464	25.6	1.6
lcl|PX244389.1_cds_XZP60955.1_4	ptg000216l_1	85.714	21	270	238	258	139407	139387	25.6	1.6
lcl|PX244389.1_cds_XZP60955.1_4	ptg000216l_1	100.000	13	270	103	115	12055	12067	24.7	1.6
lcl|PX244389.1_cds_XZP60955.1_4	ptg000216l_1	88.889	18	270	1	18	27743	27726	24.7	1.6
lcl|PX244389.1_cds_XZP60955.1_4	ptg000216l_1	88.889	18	270	235	252	71885	71902	24.7	1.6
lcl|PX244389.1_cds_XZP60955.1_4	ptg000216l_1	88.889	18	270	235	252	139966	139949	24.7	1.6
lcl|PX244389.1_cds_XZP60955.1_4	ptg000216l_1	100.000	13	270	103	115	162326	162338	24.7	1.6
lcl|PX244389.1_cds_XZP60955.1_4	ptg000216l_1	88.235	17	270	20	36	2563	2579	22.9	5.6
lcl|PX244389.1_cds_XZP60955.1_4	ptg000216l_1	100.000	12	270	209	220	40309	40320	22.9	5.6
lcl|PX244389.1_cds_XZP60955.1_4	ptg000216l_1	100.000	12	270	95	106	107461	107450	22.9	5.6
lcl|PX244389.1_cds_XZP60955.1_4	ptg000216l_1	88.235	17	270	20	36	152837	152853	22.9	5.6
lcl|PX244389.1_cds_XZP60956.1_5	ptg000216l_1	100.000	186	186	1	186	147703	147888	336	1.30e-94
lcl|PX244389.1_cds_XZP60956.1_5	ptg000216l_1	90.909	22	186	105	126	57700	57679	31.9	0.007
lcl|PX244389.1_cds_XZP60956.1_5	ptg000216l_1	90.000	20	186	56	75	24945	24964	28.3	0.088
lcl|PX244389.1_cds_XZP60956.1_5	ptg000216l_1	90.000	20	186	56	75	175208	175227	28.3	0.088
lcl|PX244389.1_cds_XZP60956.1_5	ptg000216l_1	100.000	14	186	56	69	65613	65600	26.5	0.31
lcl|PX244389.1_cds_XZP60956.1_5	ptg000216l_1	100.000	13	186	58	70	112762	112774	24.7	1.1
lcl|PX244389.1_cds_XZP60956.1_5	ptg000216l_1	100.000	13	186	138	150	142325	142313	24.7	1.1
lcl|PX244389.1_cds_XZP60956.1_5	ptg000216l_1	94.118	17	186	55	70	149582	149598	23.8	3.7
lcl|PX244389.1_cds_XZP60956.1_5	ptg000216l_1	100.000	12	186	59	70	19798	19809	22.9	3.7
lcl|PX244389.1_cds_XZP60956.1_5	ptg000216l_1	100.000	12	186	60	71	32917	32928	22.9	3.7
lcl|PX244389.1_cds_XZP60956.1_5	ptg000216l_1	100.000	12	186	136	147	101277	101266	22.9	3.7
lcl|PX244389.1_cds_XZP60956.1_5	ptg000216l_1	100.000	12	186	134	145	143978	143989	22.9	3.7
lcl|PX244389.1_cds_XZP60956.1_5	ptg000216l_1	100.000	12	186	59	70	170062	170073	22.9	3.7
lcl|PX244389.1_cds_XZP60957.1_6	ptg000216l_1	100.000	111	111	1	111	148281	148391	201	3.72e-54
lcl|PX244389.1_cds_XZP60957.1_6	ptg000216l_1	100.000	12	111	39	50	19141	19130	22.9	2.1
lcl|PX244389.1_cds_XZP60957.1_6	ptg000216l_1	100.000	12	111	39	50	169405	169394	22.9	2.1
lcl|PX244389.1_cds_XZP60957.1_6	ptg000216l_1	92.857	14	111	40	53	39773	39760	22.0	7.2
lcl|PX244389.1_cds_XZP60957.1_6	ptg000216l_1	100.000	11	111	37	47	16604	16614	21.1	7.2
lcl|PX244389.1_cds_XZP60957.1_6	ptg000216l_1	100.000	11	111	71	81	25749	25759	21.1	7.2
lcl|PX244389.1_cds_XZP60957.1_6	ptg000216l_1	100.000	11	111	43	53	40869	40879	21.1	7.2
lcl|PX244389.1_cds_XZP60957.1_6	ptg000216l_1	100.000	11	111	37	47	68817	68827	21.1	7.2
lcl|PX244389.1_cds_XZP60957.1_6	ptg000216l_1	100.000	11	111	63	73	77052	77062	21.1	7.2
lcl|PX244389.1_cds_XZP60957.1_6	ptg000216l_1	100.000	11	111	51	61	80600	80590	21.1	7.2
lcl|PX244389.1_cds_XZP60957.1_6	ptg000216l_1	100.000	11	111	67	77	80798	80808	21.1	7.2
lcl|PX244389.1_cds_XZP60957.1_6	ptg000216l_1	100.000	11	111	55	65	92999	92989	21.1	7.2
lcl|PX244389.1_cds_XZP60957.1_6	ptg000216l_1	100.000	11	111	41	51	96004	95994	21.1	7.2
lcl|PX244389.1_cds_XZP60957.1_6	ptg000216l_1	100.000	11	111	55	65	118853	118863	21.1	7.2
lcl|PX244389.1_cds_XZP60957.1_6	ptg000216l_1	100.000	11	111	70	80	130106	130116	21.1	7.2
lcl|PX244389.1_cds_XZP60957.1_6	ptg000216l_1	100.000	11	111	51	61	131248	131258	21.1	7.2
lcl|PX244389.1_cds_XZP60957.1_6	ptg000216l_1	100.000	11	111	63	73	134796	134786	21.1	7.2
lcl|PX244389.1_cds_XZP60957.1_6	ptg000216l_1	100.000	11	111	37	47	166868	166878	21.1	7.2
lcl|PX244389.1_cds_XZP60957.1_6	ptg000216l_1	100.000	11	111	71	81	176001	176011	21.1	7.2
lcl|PX244389.1_cds_XZP60957.1_6	ptg000216l_1	100.000	11	111	71	81	176014	176024	21.1	7.2
lcl|PX244389.1_cds_XZP60958.1_7	ptg000216l_1	99.672	1524	1524	1	1524	1623	100	2727	0.0
lcl|PX244389.1_cds_XZP60958.1_7	ptg000216l_1	99.672	1524	1524	1	1524	151897	150374	2727	0.0
lcl|PX244389.1_cds_XZP60958.1_7	ptg000216l_1	94.444	18	1524	245	262	46852	46869	29.2	0.78
lcl|PX244389.1_cds_XZP60958.1_7	ptg000216l_1	90.000	20	1524	555	574	4081	4062	28.3	0.78
lcl|PX244389.1_cds_XZP60958.1_7	ptg000216l_1	90.000	20	1524	555	574	154355	154336	28.3	0.78
lcl|PX244389.1_cds_XZP60958.1_7	ptg000216l_1	100.000	14	1524	1396	1409	13130	13117	26.5	2.7
lcl|PX244389.1_cds_XZP60958.1_7	ptg000216l_1	100.000	14	1524	1396	1409	163396	163383	26.5	2.7
lcl|PX244389.1_cds_XZP60958.1_7	ptg000216l_1	93.750	16	1524	152	167	20371	20356	25.6	9.6
lcl|PX244389.1_cds_XZP60958.1_7	ptg000216l_1	80.769	26	1524	1334	1359	106997	106972	25.6	9.6
lcl|PX244389.1_cds_XZP60958.1_7	ptg000216l_1	93.750	16	1524	152	167	170635	170620	25.6	9.6
lcl|PX244389.1_cds_XZP60958.1_7	ptg000216l_1	88.889	18	1524	766	783	19550	19567	24.7	9.6
lcl|PX244389.1_cds_XZP60958.1_7	ptg000216l_1	88.889	18	1524	771	788	57153	57136	24.7	9.6
lcl|PX244389.1_cds_XZP60958.1_7	ptg000216l_1	100.000	13	1524	872	884	62173	62185	24.7	9.6
lcl|PX244389.1_cds_XZP60958.1_7	ptg000216l_1	100.000	13	1524	27	39	66642	66654	24.7	9.6
lcl|PX244389.1_cds_XZP60958.1_7	ptg000216l_1	100.000	13	1524	756	768	69278	69266	24.7	9.6
lcl|PX244389.1_cds_XZP60958.1_7	ptg000216l_1	100.000	13	1524	1458	1470	71925	71913	24.7	9.6
lcl|PX244389.1_cds_XZP60958.1_7	ptg000216l_1	100.000	13	1524	1458	1470	139926	139938	24.7	9.6
lcl|PX244389.1_cds_XZP60958.1_7	ptg000216l_1	88.889	18	1524	766	783	169814	169831	24.7	9.6
lcl|PX244389.1_cds_XZP60959.1_8	ptg000216l_1	98.783	411	555	145	555	2092	1682	719	0.0
lcl|PX244389.1_cds_XZP60959.1_8	ptg000216l_1	98.783	411	555	145	555	152366	151956	719	0.0
lcl|PX244389.1_cds_XZP60959.1_8	ptg000216l_1	100.000	145	555	1	145	2968	2824	262	7.47e-72
lcl|PX244389.1_cds_XZP60959.1_8	ptg000216l_1	100.000	145	555	1	145	153242	153098	262	7.47e-72
lcl|PX244389.1_cds_XZP60959.1_8	ptg000216l_1	94.118	17	555	303	319	92349	92365	27.4	0.97
lcl|PX244389.1_cds_XZP60959.1_8	ptg000216l_1	86.364	22	555	431	452	103040	103061	27.4	0.97
lcl|PX244389.1_cds_XZP60959.1_8	ptg000216l_1	94.118	17	555	303	319	119503	119487	27.4	0.97
lcl|PX244389.1_cds_XZP60959.1_8	ptg000216l_1	87.500	24	555	325	348	149475	149453	27.4	0.97
lcl|PX244389.1_cds_XZP60959.1_8	ptg000216l_1	100.000	14	555	302	315	146527	146540	26.5	0.97
lcl|PX244389.1_cds_XZP60959.1_8	ptg000216l_1	93.750	16	555	536	551	60570	60555	25.6	3.4
lcl|PX244389.1_cds_XZP60959.1_8	ptg000216l_1	85.714	21	555	350	370	78324	78344	25.6	3.4
lcl|PX244389.1_cds_XZP60959.1_8	ptg000216l_1	93.750	16	555	163	178	113552	113567	25.6	3.4
lcl|PX244389.1_cds_XZP60959.1_8	ptg000216l_1	85.714	21	555	350	370	133524	133504	25.6	3.4
lcl|PX244389.1_cds_XZP60959.1_8	ptg000216l_1	100.000	13	555	405	417	3841	3853	24.7	3.4
lcl|PX244389.1_cds_XZP60959.1_8	ptg000216l_1	100.000	13	555	258	270	14848	14860	24.7	3.4
lcl|PX244389.1_cds_XZP60959.1_8	ptg000216l_1	100.000	13	555	303	315	20403	20415	24.7	3.4
lcl|PX244389.1_cds_XZP60959.1_8	ptg000216l_1	88.889	18	555	322	339	105736	105753	24.7	3.4
lcl|PX244389.1_cds_XZP60959.1_8	ptg000216l_1	88.889	18	555	120	137	112537	112554	24.7	3.4
lcl|PX244389.1_cds_XZP60959.1_8	ptg000216l_1	100.000	13	555	405	417	154115	154127	24.7	3.4
lcl|PX244389.1_cds_XZP60959.1_8	ptg000216l_1	100.000	13	555	303	315	170667	170679	24.7	3.4
lcl|PX244389.1_cds_XZP60960.1_9	ptg000216l_1	99.593	246	246	1	246	3603	3358	440	1.99e-125
lcl|PX244389.1_cds_XZP60960.1_9	ptg000216l_1	99.593	246	246	1	246	153877	153632	440	1.99e-125
lcl|PX244389.1_cds_XZP60960.1_9	ptg000216l_1	100.000	12	246	57	68	113750	113761	22.9	5.0
lcl|PX244389.1_cds_XZP60961.1_10	ptg000216l_1	99.728	735	735	1	735	5013	4279	1317	0.0
lcl|PX244389.1_cds_XZP60961.1_10	ptg000216l_1	99.728	735	735	1	735	155287	154553	1317	0.0
lcl|PX244389.1_cds_XZP60961.1_10	ptg000216l_1	87.500	24	735	378	399	3096	3119	28.3	0.37
lcl|PX244389.1_cds_XZP60961.1_10	ptg000216l_1	87.500	24	735	378	399	153370	153393	28.3	0.37
lcl|PX244389.1_cds_XZP60961.1_10	ptg000216l_1	83.333	24	735	287	310	61547	61570	26.5	1.3
lcl|PX244389.1_cds_XZP60961.1_10	ptg000216l_1	100.000	14	735	500	513	105419	105432	26.5	1.3
lcl|PX244389.1_cds_XZP60961.1_10	ptg000216l_1	100.000	14	735	296	309	150185	150198	26.5	1.3
lcl|PX244389.1_cds_XZP60961.1_10	ptg000216l_1	93.750	16	735	474	489	136113	136098	25.6	4.5
lcl|PX244389.1_cds_XZP60961.1_10	ptg000216l_1	100.000	13	735	291	303	96394	96406	24.7	4.5
lcl|PX244389.1_cds_XZP60961.1_10	ptg000216l_1	88.889	18	735	408	425	107735	107718	24.7	4.5
lcl|PX244389.1_cds_XZP60961.1_10	ptg000216l_1	100.000	13	735	291	303	115457	115445	24.7	4.5
lcl|PX244389.1_cds_XZP60962.1_11	ptg000216l_1	99.297	711	711	1	711	5914	5204	1260	0.0
lcl|PX244389.1_cds_XZP60962.1_11	ptg000216l_1	99.297	711	711	1	711	156187	155478	1257	0.0
lcl|PX244389.1_cds_XZP60962.1_11	ptg000216l_1	90.476	21	711	659	678	25620	25600	26.5	1.3
lcl|PX244389.1_cds_XZP60962.1_11	ptg000216l_1	100.000	14	711	321	334	98003	97990	26.5	1.3
lcl|PX244389.1_cds_XZP60962.1_11	ptg000216l_1	90.476	21	711	659	678	175885	175865	26.5	1.3
lcl|PX244389.1_cds_XZP60962.1_11	ptg000216l_1	93.750	16	711	207	222	7049	7034	25.6	4.4
lcl|PX244389.1_cds_XZP60962.1_11	ptg000216l_1	93.750	16	711	207	222	157320	157305	25.6	4.4
lcl|PX244389.1_cds_XZP60962.1_11	ptg000216l_1	88.889	18	711	359	376	6222	6239	24.7	4.4
lcl|PX244389.1_cds_XZP60962.1_11	ptg000216l_1	100.000	13	711	71	83	14845	14857	24.7	4.4
lcl|PX244389.1_cds_XZP60962.1_11	ptg000216l_1	100.000	13	711	453	465	29228	29216	24.7	4.4
lcl|PX244389.1_cds_XZP60962.1_11	ptg000216l_1	90.000	20	711	674	692	93466	93447	24.7	4.4
lcl|PX244389.1_cds_XZP60962.1_11	ptg000216l_1	90.000	20	711	674	692	118386	118405	24.7	4.4
lcl|PX244389.1_cds_XZP60962.1_11	ptg000216l_1	88.889	18	711	359	376	156493	156510	24.7	4.4
lcl|PX244389.1_cds_XZP60963.1_12	ptg000216l_1	99.560	4092	4092	1	4092	10315	6224	7299	0.0
lcl|PX244389.1_cds_XZP60963.1_12	ptg000216l_1	99.560	4092	4092	1	4092	160586	156495	7299	0.0
lcl|PX244389.1_cds_XZP60963.1_12	ptg000216l_1	88.000	25	4092	3976	4000	82480	82456	32.8	0.17
lcl|PX244389.1_cds_XZP60963.1_12	ptg000216l_1	88.000	25	4092	3976	4000	129370	129394	32.8	0.17
lcl|PX244389.1_cds_XZP60963.1_12	ptg000216l_1	82.759	29	4092	2307	2335	6347	6375	31.0	0.61
lcl|PX244389.1_cds_XZP60963.1_12	ptg000216l_1	82.759	29	4092	2307	2335	156618	156646	31.0	0.61
lcl|PX244389.1_cds_XZP60963.1_12	ptg000216l_1	94.444	18	4092	1931	1948	36128	36111	29.2	2.1
lcl|PX244389.1_cds_XZP60963.1_12	ptg000216l_1	82.143	28	4092	1573	1600	146106	146079	29.2	2.1
lcl|PX244389.1_cds_XZP60963.1_12	ptg000216l_1	90.000	20	4092	2669	2688	85276	85257	28.3	2.1
lcl|PX244389.1_cds_XZP60963.1_12	ptg000216l_1	100.000	15	4092	2092	2106	85718	85732	28.3	2.1
lcl|PX244389.1_cds_XZP60963.1_12	ptg000216l_1	100.000	15	4092	2092	2106	126132	126118	28.3	2.1
lcl|PX244389.1_cds_XZP60963.1_12	ptg000216l_1	90.000	20	4092	2669	2688	126574	126593	28.3	2.1
lcl|PX244389.1_cds_XZP60963.1_12	ptg000216l_1	86.364	22	4092	3382	3403	23014	23035	27.4	7.4
lcl|PX244389.1_cds_XZP60963.1_12	ptg000216l_1	87.500	24	4092	3386	3409	51684	51706	27.4	7.4
lcl|PX244389.1_cds_XZP60963.1_12	ptg000216l_1	94.118	17	4092	2453	2469	71404	71420	27.4	7.4
lcl|PX244389.1_cds_XZP60963.1_12	ptg000216l_1	81.481	27	4092	1069	1095	142694	142668	27.4	7.4
lcl|PX244389.1_cds_XZP60963.1_12	ptg000216l_1	94.118	17	4092	2762	2778	143666	143650	27.4	7.4
lcl|PX244389.1_cds_XZP60963.1_12	ptg000216l_1	94.118	17	4092	3087	3103	147604	147620	27.4	7.4
lcl|PX244389.1_cds_XZP60963.1_12	ptg000216l_1	86.364	22	4092	3382	3403	173277	173298	27.4	7.4
lcl|PX244389.1_cds_XZP60963.1_12	ptg000216l_1	83.333	24	4092	870	893	12674	12697	26.5	7.4
lcl|PX244389.1_cds_XZP60964.1_13	ptg000216l_1	99.753	1619	2049	431	2049	12094	10476	2902	0.0
lcl|PX244389.1_cds_XZP60964.1_13	ptg000216l_1	99.752	1612	2049	438	2049	162358	160747	2890	0.0
lcl|PX244389.1_cds_XZP60964.1_13	ptg000216l_1	98.423	444	2049	1	444	13265	12822	770	0.0
lcl|PX244389.1_cds_XZP60964.1_13	ptg000216l_1	98.423	444	2049	1	444	163531	163088	770	0.0
lcl|PX244389.1_cds_XZP60964.1_13	ptg000216l_1	91.667	24	2049	990	1013	11574	11597	35.6	0.007
lcl|PX244389.1_cds_XZP60964.1_13	ptg000216l_1	91.667	24	2049	990	1013	161845	161868	35.6	0.007
lcl|PX244389.1_cds_XZP60964.1_13	ptg000216l_1	95.238	21	2049	928	948	11512	11532	34.6	0.025
lcl|PX244389.1_cds_XZP60964.1_13	ptg000216l_1	95.238	21	2049	928	948	161783	161803	34.6	0.025
lcl|PX244389.1_cds_XZP60964.1_13	ptg000216l_1	91.304	23	2049	251	273	46480	46502	33.7	0.025
lcl|PX244389.1_cds_XZP60964.1_13	ptg000216l_1	100.000	16	2049	1976	1991	107439	107454	30.1	0.30
lcl|PX244389.1_cds_XZP60964.1_13	ptg000216l_1	100.000	15	2049	275	289	148449	148463	28.3	1.1
lcl|PX244389.1_cds_XZP60964.1_13	ptg000216l_1	78.125	32	2049	1529	1560	53524	53555	27.4	3.7
lcl|PX244389.1_cds_XZP60964.1_13	ptg000216l_1	100.000	14	2049	136	149	228	215	26.5	3.7
lcl|PX244389.1_cds_XZP60964.1_13	ptg000216l_1	100.000	14	2049	1647	1660	10865	10878	26.5	3.7
lcl|PX244389.1_cds_XZP60964.1_13	ptg000216l_1	89.474	19	2049	63	81	59444	59426	26.5	3.7
lcl|PX244389.1_cds_XZP60964.1_13	ptg000216l_1	100.000	14	2049	1995	2008	75556	75569	26.5	3.7
lcl|PX244389.1_cds_XZP60964.1_13	ptg000216l_1	100.000	14	2049	974	987	99102	99089	26.5	3.7
lcl|PX244389.1_cds_XZP60964.1_13	ptg000216l_1	100.000	14	2049	1995	2008	136292	136279	26.5	3.7
lcl|PX244389.1_cds_XZP60964.1_13	ptg000216l_1	100.000	14	2049	136	149	150502	150489	26.5	3.7
lcl|PX244389.1_cds_XZP60964.1_13	ptg000216l_1	100.000	14	2049	1647	1660	161136	161149	26.5	3.7
lcl|PX244389.1_cds_XZP60965.1_14	ptg000216l_1	99.751	3213	3213	1	3213	16513	13302	5755	0.0
lcl|PX244389.1_cds_XZP60965.1_14	ptg000216l_1	99.689	3213	3213	1	3213	166777	163568	5744	0.0
lcl|PX244389.1_cds_XZP60965.1_14	ptg000216l_1	100.000	16	3213	1843	1858	106635	106620	30.1	0.48
lcl|PX244389.1_cds_XZP60965.1_14	ptg000216l_1	94.444	18	3213	3008	3025	32710	32693	29.2	1.7
lcl|PX244389.1_cds_XZP60965.1_14	ptg000216l_1	94.444	18	3213	2047	2064	113055	113038	29.2	1.7
lcl|PX244389.1_cds_XZP60965.1_14	ptg000216l_1	100.000	14	3213	3153	3166	26837	26824	26.5	5.8
lcl|PX244389.1_cds_XZP60965.1_14	ptg000216l_1	89.474	19	3213	2468	2486	48311	48293	26.5	5.8
lcl|PX244389.1_cds_XZP60965.1_14	ptg000216l_1	100.000	14	3213	924	937	48699	48712	26.5	5.8
lcl|PX244389.1_cds_XZP60965.1_14	ptg000216l_1	89.474	19	3213	522	540	74420	74438	26.5	5.8
lcl|PX244389.1_cds_XZP60965.1_14	ptg000216l_1	100.000	14	3213	2396	2409	96431	96444	26.5	5.8
lcl|PX244389.1_cds_XZP60965.1_14	ptg000216l_1	100.000	14	3213	2396	2409	115420	115407	26.5	5.8
lcl|PX244389.1_cds_XZP60965.1_14	ptg000216l_1	89.474	19	3213	522	540	137431	137413	26.5	5.8
lcl|PX244389.1_cds_XZP60965.1_14	ptg000216l_1	100.000	14	3213	1548	1561	146206	146219	26.5	5.8
lcl|PX244389.1_cds_XZP60966.1_15	ptg000216l_1	100.000	90	90	1	90	18557	18646	163	7.34e-43
lcl|PX244389.1_cds_XZP60966.1_15	ptg000216l_1	100.000	90	90	1	90	168821	168910	163	7.34e-43
lcl|PX244389.1_cds_XZP60966.1_15	ptg000216l_1	100.000	13	90	63	75	5930	5918	24.7	0.46
lcl|PX244389.1_cds_XZP60966.1_15	ptg000216l_1	100.000	13	90	46	58	103971	103983	24.7	0.46
lcl|PX244389.1_cds_XZP60966.1_15	ptg000216l_1	100.000	13	90	63	75	156203	156191	24.7	0.46
lcl|PX244389.1_cds_XZP60966.1_15	ptg000216l_1	100.000	11	90	9	19	56538	56548	21.1	5.7
lcl|PX244389.1_cds_XZP60966.1_15	ptg000216l_1	100.000	11	90	76	86	114563	114553	21.1	5.7
lcl|PX244389.1_cds_XZP60966.1_15	ptg000216l_1	100.000	11	90	40	50	141319	141309	21.1	5.7
lcl|PX244389.1_cds_XZP60967.1_16	ptg000216l_1	100.000	105	105	1	105	19552	19448	190	6.29e-51
lcl|PX244389.1_cds_XZP60967.1_16	ptg000216l_1	100.000	105	105	1	105	169816	169712	190	6.29e-51
lcl|PX244389.1_cds_XZP60967.1_16	ptg000216l_1	84.615	26	105	43	68	26202	26225	27.4	0.16
lcl|PX244389.1_cds_XZP60967.1_16	ptg000216l_1	94.118	17	105	59	75	65896	65880	27.4	0.16
lcl|PX244389.1_cds_XZP60967.1_16	ptg000216l_1	84.615	26	105	43	68	176466	176489	27.4	0.16
lcl|PX244389.1_cds_XZP60967.1_16	ptg000216l_1	100.000	13	105	6	18	97959	97947	24.7	0.55
lcl|PX244389.1_cds_XZP60967.1_16	ptg000216l_1	93.333	15	105	67	81	54755	54769	23.8	1.9
lcl|PX244389.1_cds_XZP60967.1_16	ptg000216l_1	100.000	12	105	40	51	54938	54949	22.9	1.9
lcl|PX244389.1_cds_XZP60967.1_16	ptg000216l_1	92.857	14	105	1	14	44083	44070	22.0	6.7
lcl|PX244389.1_cds_XZP60967.1_16	ptg000216l_1	100.000	11	105	91	101	18198	18208	21.1	6.7
lcl|PX244389.1_cds_XZP60967.1_16	ptg000216l_1	100.000	11	105	9	19	50649	50659	21.1	6.7
lcl|PX244389.1_cds_XZP60967.1_16	ptg000216l_1	100.000	11	105	6	16	69667	69657	21.1	6.7
lcl|PX244389.1_cds_XZP60967.1_16	ptg000216l_1	100.000	11	105	75	85	82206	82216	21.1	6.7
lcl|PX244389.1_cds_XZP60967.1_16	ptg000216l_1	100.000	11	105	9	19	97564	97574	21.1	6.7
lcl|PX244389.1_cds_XZP60967.1_16	ptg000216l_1	100.000	11	105	67	77	100262	100272	21.1	6.7
lcl|PX244389.1_cds_XZP60967.1_16	ptg000216l_1	100.000	11	105	90	100	113229	113239	21.1	6.7
lcl|PX244389.1_cds_XZP60967.1_16	ptg000216l_1	100.000	11	105	75	85	129644	129634	21.1	6.7
lcl|PX244389.1_cds_XZP60967.1_16	ptg000216l_1	100.000	11	105	62	72	147054	147064	21.1	6.7
lcl|PX244389.1_cds_XZP60967.1_16	ptg000216l_1	100.000	11	105	21	31	154124	154114	21.1	6.7
lcl|PX244389.1_cds_XZP60967.1_16	ptg000216l_1	100.000	11	105	93	103	155331	155321	21.1	6.7
lcl|PX244389.1_cds_XZP60968.1_17	ptg000216l_1	99.906	1062	1062	1	1062	22220	23281	1911	0.0
lcl|PX244389.1_cds_XZP60968.1_17	ptg000216l_1	99.906	1062	1062	1	1062	172483	173544	1911	0.0
lcl|PX244389.1_cds_XZP60968.1_17	ptg000216l_1	100.000	16	1062	14	29	22248	22233	30.1	0.16
lcl|PX244389.1_cds_XZP60968.1_17	ptg000216l_1	100.000	16	1062	952	967	37062	37047	30.1	0.16
lcl|PX244389.1_cds_XZP60968.1_17	ptg000216l_1	100.000	16	1062	458	473	62550	62565	30.1	0.16
lcl|PX244389.1_cds_XZP60968.1_17	ptg000216l_1	100.000	16	1062	14	29	172511	172496	30.1	0.16
lcl|PX244389.1_cds_XZP60968.1_17	ptg000216l_1	86.364	22	1062	795	816	6934	6913	27.4	1.9
lcl|PX244389.1_cds_XZP60968.1_17	ptg000216l_1	86.364	22	1062	795	816	157205	157184	27.4	1.9
lcl|PX244389.1_cds_XZP60968.1_17	ptg000216l_1	89.474	19	1062	949	967	97559	97577	26.5	1.9
lcl|PX244389.1_cds_XZP60968.1_17	ptg000216l_1	90.476	21	1062	808	828	111922	111941	26.5	1.9
lcl|PX244389.1_cds_XZP60968.1_17	ptg000216l_1	89.474	19	1062	717	735	140679	140661	26.5	1.9
lcl|PX244389.1_cds_XZP60968.1_17	ptg000216l_1	100.000	14	1062	812	825	146089	146076	26.5	1.9
lcl|PX244389.1_cds_XZP60968.1_17	ptg000216l_1	93.750	16	1062	964	979	98897	98912	25.6	6.6
lcl|PX244389.1_cds_XZP60968.1_17	ptg000216l_1	79.412	34	1062	783	815	152749	152779	25.6	6.6
lcl|PX244389.1_cds_XZP60968.1_17	ptg000216l_1	88.889	18	1062	951	968	29001	29018	24.7	6.6
lcl|PX244389.1_cds_XZP60968.1_17	ptg000216l_1	100.000	13	1062	172	184	44642	44654	24.7	6.6
lcl|PX244389.1_cds_XZP60968.1_17	ptg000216l_1	100.000	13	1062	538	550	135749	135761	24.7	6.6
lcl|PX244389.1_cds_XZP60968.1_17	ptg000216l_1	100.000	13	1062	263	275	149237	149249	24.7	6.6
lcl|PX244389.1_cds_XZP60969.1_18	ptg000216l_1	99.930	1422	1422	1	1422	23229	24650	2561	0.0
lcl|PX244389.1_cds_XZP60969.1_18	ptg000216l_1	99.930	1422	1422	1	1422	173492	174913	2561	0.0
lcl|PX244389.1_cds_XZP60969.1_18	ptg000216l_1	94.444	18	1422	1249	1266	74869	74852	29.2	0.73
lcl|PX244389.1_cds_XZP60969.1_18	ptg000216l_1	94.444	18	1422	1249	1266	136979	136996	29.2	0.73
lcl|PX244389.1_cds_XZP60969.1_18	ptg000216l_1	100.000	15	1422	79	93	66964	66978	28.3	0.73
lcl|PX244389.1_cds_XZP60969.1_18	ptg000216l_1	94.118	17	1422	173	189	86307	86323	27.4	2.6
lcl|PX244389.1_cds_XZP60969.1_18	ptg000216l_1	94.118	17	1422	173	189	125543	125527	27.4	2.6
lcl|PX244389.1_cds_XZP60969.1_18	ptg000216l_1	94.118	17	1422	942	958	150057	150073	27.4	2.6
lcl|PX244389.1_cds_XZP60969.1_18	ptg000216l_1	100.000	14	1422	683	696	76197	76210	26.5	2.6
lcl|PX244389.1_cds_XZP60969.1_18	ptg000216l_1	100.000	14	1422	683	696	135651	135638	26.5	2.6
lcl|PX244389.1_cds_XZP60969.1_18	ptg000216l_1	93.750	16	1422	629	644	33600	33585	25.6	8.9
lcl|PX244389.1_cds_XZP60969.1_18	ptg000216l_1	100.000	13	1422	1315	1327	40900	40888	24.7	8.9
lcl|PX244389.1_cds_XZP60970.1_19	ptg000216l_1	100.000	189	189	1	189	25233	25421	342	3.10e-96
lcl|PX244389.1_cds_XZP60970.1_19	ptg000216l_1	100.000	189	189	1	189	175498	175686	342	3.10e-96
lcl|PX244389.1_cds_XZP60970.1_19	ptg000216l_1	95.000	20	189	111	130	49915	49934	32.8	0.007
lcl|PX244389.1_cds_XZP60970.1_19	ptg000216l_1	100.000	14	189	109	122	146010	146023	26.5	0.31
lcl|PX244389.1_cds_XZP60970.1_19	ptg000216l_1	100.000	12	189	107	118	34464	34475	22.9	3.8
lcl|PX244389.1_cds_XZP60970.1_19	ptg000216l_1	100.000	12	189	70	81	48141	48130	22.9	3.8
lcl|PX244389.1_cds_XZP60970.1_19	ptg000216l_1	100.000	12	189	165	176	113656	113645	22.9	3.8
lcl|PX244389.1_cds_XZP60971.1_20	ptg000216l_1	99.340	303	303	1	303	26823	26521	538	3.46e-155
lcl|PX244389.1_cds_XZP60971.1_20	ptg000216l_1	99.444	180	303	124	303	176964	176785	321	1.68e-89
lcl|PX244389.1_cds_XZP60971.1_20	ptg000216l_1	100.000	15	303	115	129	16532	16518	28.3	0.15
lcl|PX244389.1_cds_XZP60971.1_20	ptg000216l_1	100.000	15	303	115	129	166796	166782	28.3	0.15
lcl|PX244389.1_cds_XZP60971.1_20	ptg000216l_1	90.476	21	303	43	61	16683	16663	27.4	0.52
lcl|PX244389.1_cds_XZP60971.1_20	ptg000216l_1	94.118	17	303	31	47	25952	25968	27.4	0.52
lcl|PX244389.1_cds_XZP60971.1_20	ptg000216l_1	90.476	21	303	43	61	166947	166927	27.4	0.52
lcl|PX244389.1_cds_XZP60971.1_20	ptg000216l_1	94.118	17	303	31	47	176216	176232	27.4	0.52
lcl|PX244389.1_cds_XZP60971.1_20	ptg000216l_1	83.333	24	303	23	46	4086	4063	26.5	0.52
lcl|PX244389.1_cds_XZP60971.1_20	ptg000216l_1	100.000	14	303	56	69	75013	75000	26.5	0.52
lcl|PX244389.1_cds_XZP60971.1_20	ptg000216l_1	100.000	14	303	56	69	136835	136848	26.5	0.52
lcl|PX244389.1_cds_XZP60971.1_20	ptg000216l_1	83.333	24	303	23	46	154360	154337	26.5	0.52
lcl|PX244389.1_cds_XZP60971.1_20	ptg000216l_1	100.000	12	303	40	51	4196	4185	22.9	6.3
lcl|PX244389.1_cds_XZP60971.1_20	ptg000216l_1	100.000	12	303	12	23	18677	18666	22.9	6.3
lcl|PX244389.1_cds_XZP60971.1_20	ptg000216l_1	100.000	12	303	126	137	62454	62443	22.9	6.3
lcl|PX244389.1_cds_XZP60971.1_20	ptg000216l_1	100.000	12	303	166	177	85278	85289	22.9	6.3
lcl|PX244389.1_cds_XZP60971.1_20	ptg000216l_1	100.000	12	303	289	300	99345	99334	22.9	6.3
lcl|PX244389.1_cds_XZP60971.1_20	ptg000216l_1	100.000	12	303	34	45	125104	125115	22.9	6.3
lcl|PX244389.1_cds_XZP60971.1_20	ptg000216l_1	100.000	12	303	166	177	126572	126561	22.9	6.3
lcl|PX244389.1_cds_XZP60971.1_20	ptg000216l_1	100.000	12	303	15	26	145501	145490	22.9	6.3
lcl|PX244389.1_cds_XZP60972.1_21	ptg000216l_1	99.909	2205	2205	1	2205	29142	26938	3968	0.0
lcl|PX244389.1_cds_XZP60972.1_21	ptg000216l_1	75.758	165	2205	761	925	30606	30442	118	8.19e-28
lcl|PX244389.1_cds_XZP60972.1_21	ptg000216l_1	73.563	87	2205	1960	2046	29398	29312	54.5	2.86e-08
lcl|PX244389.1_cds_XZP60972.1_21	ptg000216l_1	67.708	96	2205	1246	1341	30127	30032	34.6	0.027
lcl|PX244389.1_cds_XZP60972.1_21	ptg000216l_1	90.909	22	2205	1894	1915	20853	20832	31.9	0.094
lcl|PX244389.1_cds_XZP60972.1_21	ptg000216l_1	90.909	22	2205	1894	1915	171117	171096	31.9	0.094
lcl|PX244389.1_cds_XZP60972.1_21	ptg000216l_1	84.000	25	2205	968	992	64277	64253	28.3	1.1
lcl|PX244389.1_cds_XZP60972.1_21	ptg000216l_1	100.000	15	2205	714	728	65089	65103	28.3	1.1
lcl|PX244389.1_cds_XZP60972.1_21	ptg000216l_1	86.364	22	2205	964	985	19779	19800	27.4	4.0
lcl|PX244389.1_cds_XZP60972.1_21	ptg000216l_1	94.118	17	2205	420	436	71846	71862	27.4	4.0
lcl|PX244389.1_cds_XZP60972.1_21	ptg000216l_1	94.118	17	2205	420	436	140005	139989	27.4	4.0
lcl|PX244389.1_cds_XZP60972.1_21	ptg000216l_1	86.364	22	2205	964	985	170043	170064	27.4	4.0
lcl|PX244389.1_cds_XZP60972.1_21	ptg000216l_1	100.000	14	2205	1981	1994	20264	20251	26.5	4.0
lcl|PX244389.1_cds_XZP60972.1_21	ptg000216l_1	89.474	19	2205	1906	1924	47124	47106	26.5	4.0
lcl|PX244389.1_cds_XZP60972.1_21	ptg000216l_1	100.000	14	2205	540	553	49520	49533	26.5	4.0
lcl|PX244389.1_cds_XZP60972.1_21	ptg000216l_1	100.000	14	2205	1346	1359	70129	70116	26.5	4.0
lcl|PX244389.1_cds_XZP60972.1_21	ptg000216l_1	100.000	14	2205	1154	1167	85074	85061	26.5	4.0
lcl|PX244389.1_cds_XZP60972.1_21	ptg000216l_1	100.000	14	2205	1154	1167	126776	126789	26.5	4.0
lcl|PX244389.1_cds_XZP60972.1_21	ptg000216l_1	100.000	14	2205	1981	1994	170528	170515	26.5	4.0
lcl|PX244389.1_cds_XZP60973.1_22	ptg000216l_1	99.911	2253	2253	1	2253	31420	29168	4055	0.0
lcl|PX244389.1_cds_XZP60973.1_22	ptg000216l_1	75.758	165	2253	815	979	28382	28218	118	8.37e-28
lcl|PX244389.1_cds_XZP60973.1_22	ptg000216l_1	73.563	87	2253	2023	2109	27183	27097	54.5	2.92e-08
lcl|PX244389.1_cds_XZP60973.1_22	ptg000216l_1	67.708	96	2253	1294	1389	27897	27802	34.6	0.027
lcl|PX244389.1_cds_XZP60973.1_22	ptg000216l_1	88.000	25	2253	2078	2101	76321	76345	29.2	1.2
lcl|PX244389.1_cds_XZP60973.1_22	ptg000216l_1	88.000	25	2253	2078	2101	135527	135503	29.2	1.2
lcl|PX244389.1_cds_XZP60973.1_22	ptg000216l_1	94.118	17	2253	29	45	107521	107537	27.4	4.1
lcl|PX244389.1_cds_XZP60973.1_22	ptg000216l_1	100.000	14	2253	1797	1810	106815	106828	26.5	4.1
lcl|PX244389.1_cds_XZP60974.1_23	ptg000216l_1	100.000	229	510	129	357	33182	32954	414	1.71e-117
lcl|PX244389.1_cds_XZP60974.1_23	ptg000216l_1	100.000	155	510	356	510	32211	32057	280	2.55e-77
lcl|PX244389.1_cds_XZP60974.1_23	ptg000216l_1	100.000	131	510	1	131	34016	33886	237	2.72e-64
lcl|PX244389.1_cds_XZP60974.1_23	ptg000216l_1	100.000	14	510	263	276	46996	46983	26.5	0.89
lcl|PX244389.1_cds_XZP60974.1_23	ptg000216l_1	82.609	23	510	8	30	144239	144261	24.7	3.1
lcl|PX244389.1_cds_XZP60975.1_24	ptg000216l_1	99.835	606	606	1	606	35170	34565	1089	0.0
lcl|PX244389.1_cds_XZP60975.1_24	ptg000216l_1	84.000	25	606	521	545	55275	55251	28.3	0.31
lcl|PX244389.1_cds_XZP60975.1_24	ptg000216l_1	94.118	17	606	529	545	55286	55270	27.4	1.1
lcl|PX244389.1_cds_XZP60975.1_24	ptg000216l_1	89.474	19	606	118	136	2527	2545	26.5	1.1
lcl|PX244389.1_cds_XZP60975.1_24	ptg000216l_1	80.000	35	606	432	463	109637	109671	26.5	1.1
lcl|PX244389.1_cds_XZP60975.1_24	ptg000216l_1	89.474	19	606	118	136	152801	152819	26.5	1.1
lcl|PX244389.1_cds_XZP60975.1_24	ptg000216l_1	93.750	16	606	581	596	33033	33018	25.6	3.7
lcl|PX244389.1_cds_XZP60975.1_24	ptg000216l_1	93.750	16	606	165	180	101764	101749	25.6	3.7
lcl|PX244389.1_cds_XZP60975.1_24	ptg000216l_1	100.000	13	606	560	572	60564	60552	24.7	3.7
lcl|PX244389.1_cds_XZP60975.1_24	ptg000216l_1	100.000	13	606	399	411	86809	86821	24.7	3.7
lcl|PX244389.1_cds_XZP60975.1_24	ptg000216l_1	100.000	13	606	399	411	125041	125029	24.7	3.7
lcl|PX244389.1_cds_XZP60976.1_25	ptg000216l_1	99.790	477	477	1	477	37976	37500	856	0.0
lcl|PX244389.1_cds_XZP60976.1_25	ptg000216l_1	100.000	16	477	299	314	31657	31672	30.1	0.068
lcl|PX244389.1_cds_XZP60976.1_25	ptg000216l_1	93.750	16	477	388	403	79455	79440	25.6	2.9
lcl|PX244389.1_cds_XZP60976.1_25	ptg000216l_1	93.750	16	477	448	463	84684	84669	25.6	2.9
lcl|PX244389.1_cds_XZP60976.1_25	ptg000216l_1	85.714	21	477	220	240	109733	109713	25.6	2.9
lcl|PX244389.1_cds_XZP60976.1_25	ptg000216l_1	93.750	16	477	448	463	127166	127181	25.6	2.9
lcl|PX244389.1_cds_XZP60976.1_25	ptg000216l_1	93.750	16	477	388	403	132393	132408	25.6	2.9
lcl|PX244389.1_cds_XZP60977.1_26	ptg000216l_1	99.853	678	678	1	678	38761	38084	1219	0.0
lcl|PX244389.1_cds_XZP60977.1_26	ptg000216l_1	90.000	20	678	70	89	140922	140903	28.3	0.34
lcl|PX244389.1_cds_XZP60977.1_26	ptg000216l_1	100.000	14	678	469	482	38280	38293	26.5	1.2
lcl|PX244389.1_cds_XZP60977.1_26	ptg000216l_1	100.000	14	678	50	63	47175	47188	26.5	1.2
lcl|PX244389.1_cds_XZP60977.1_26	ptg000216l_1	93.750	16	678	368	383	91915	91930	25.6	4.2
lcl|PX244389.1_cds_XZP60977.1_26	ptg000216l_1	93.750	16	678	368	383	119937	119922	25.6	4.2
lcl|PX244389.1_cds_XZP60977.1_26	ptg000216l_1	100.000	13	678	1	13	74462	74474	24.7	4.2
lcl|PX244389.1_cds_XZP60977.1_26	ptg000216l_1	100.000	13	678	121	133	115189	115201	24.7	4.2
lcl|PX244389.1_cds_XZP60977.1_26	ptg000216l_1	100.000	13	678	1	13	137389	137377	24.7	4.2
lcl|PX244389.1_cds_XZP60978.1_27	ptg000216l_1	99.725	363	363	1	363	39180	38818	651	0.0
lcl|PX244389.1_cds_XZP60978.1_27	ptg000216l_1	93.750	16	363	312	327	78585	78600	25.6	2.2
lcl|PX244389.1_cds_XZP60978.1_27	ptg000216l_1	93.750	16	363	255	270	81161	81146	25.6	2.2
lcl|PX244389.1_cds_XZP60978.1_27	ptg000216l_1	93.750	16	363	255	270	130687	130702	25.6	2.2
lcl|PX244389.1_cds_XZP60978.1_27	ptg000216l_1	93.750	16	363	312	327	133263	133248	25.6	2.2
lcl|PX244389.1_cds_XZP60978.1_27	ptg000216l_1	93.750	16	363	116	131	149747	149732	25.6	2.2
lcl|PX244389.1_cds_XZP60978.1_27	ptg000216l_1	100.000	13	363	203	215	6291	6303	24.7	2.2
lcl|PX244389.1_cds_XZP60978.1_27	ptg000216l_1	100.000	13	363	135	147	59944	59956	24.7	2.2
lcl|PX244389.1_cds_XZP60978.1_27	ptg000216l_1	100.000	13	363	14	26	81985	81997	24.7	2.2
lcl|PX244389.1_cds_XZP60978.1_27	ptg000216l_1	100.000	13	363	14	26	129865	129853	24.7	2.2
lcl|PX244389.1_cds_XZP60978.1_27	ptg000216l_1	100.000	13	363	203	215	156562	156574	24.7	2.2
lcl|PX244389.1_cds_XZP60978.1_27	ptg000216l_1	93.333	15	363	230	244	26396	26382	23.8	7.6
lcl|PX244389.1_cds_XZP60978.1_27	ptg000216l_1	93.333	15	363	268	282	42449	42435	23.8	7.6
lcl|PX244389.1_cds_XZP60978.1_27	ptg000216l_1	93.333	15	363	318	332	84260	84246	23.8	7.6
lcl|PX244389.1_cds_XZP60978.1_27	ptg000216l_1	93.333	15	363	224	238	112097	112083	23.8	7.6
lcl|PX244389.1_cds_XZP60978.1_27	ptg000216l_1	93.333	15	363	318	332	127590	127604	23.8	7.6
lcl|PX244389.1_cds_XZP60978.1_27	ptg000216l_1	93.333	15	363	230	244	176660	176646	23.8	7.6
lcl|PX244389.1_cds_XZP60978.1_27	ptg000216l_1	100.000	12	363	233	244	32770	32781	22.9	7.6
lcl|PX244389.1_cds_XZP60978.1_27	ptg000216l_1	100.000	12	363	203	214	52908	52919	22.9	7.6
lcl|PX244389.1_cds_XZP60978.1_27	ptg000216l_1	100.000	12	363	222	233	58204	58193	22.9	7.6
lcl|PX244389.1_cds_XZP60979.1_28	ptg000216l_1	100.000	402	402	1	402	41538	41137	726	0.0
lcl|PX244389.1_cds_XZP60979.1_28	ptg000216l_1	84.848	33	402	178	210	113239	113270	34.6	0.005
lcl|PX244389.1_cds_XZP60979.1_28	ptg000216l_1	84.615	26	402	115	140	41399	41424	30.1	0.057
lcl|PX244389.1_cds_XZP60979.1_28	ptg000216l_1	76.087	46	402	21	66	81365	81407	28.3	0.20
lcl|PX244389.1_cds_XZP60979.1_28	ptg000216l_1	76.087	46	402	21	66	130483	130441	28.3	0.20
lcl|PX244389.1_cds_XZP60979.1_28	ptg000216l_1	94.737	19	402	218	235	19202	19220	27.4	0.70
lcl|PX244389.1_cds_XZP60979.1_28	ptg000216l_1	82.759	29	402	119	146	32845	32873	27.4	0.70
lcl|PX244389.1_cds_XZP60979.1_28	ptg000216l_1	94.737	19	402	218	235	169466	169484	27.4	0.70
lcl|PX244389.1_cds_XZP60979.1_28	ptg000216l_1	89.474	19	402	338	356	65786	65804	26.5	0.70
lcl|PX244389.1_cds_XZP60979.1_28	ptg000216l_1	100.000	14	402	223	236	68419	68432	26.5	0.70
lcl|PX244389.1_cds_XZP60979.1_28	ptg000216l_1	94.444	18	402	161	178	30330	30346	25.6	2.4
lcl|PX244389.1_cds_XZP60979.1_28	ptg000216l_1	100.000	13	402	195	207	35688	35676	24.7	2.4
lcl|PX244389.1_cds_XZP60979.1_28	ptg000216l_1	100.000	13	402	386	398	66354	66366	24.7	2.4
lcl|PX244389.1_cds_XZP60979.1_28	ptg000216l_1	100.000	13	402	202	214	106898	106886	24.7	2.4
lcl|PX244389.1_cds_XZP60979.1_28	ptg000216l_1	100.000	12	402	47	58	10209	10220	22.9	8.5
lcl|PX244389.1_cds_XZP60979.1_28	ptg000216l_1	100.000	12	402	52	63	48124	48113	22.9	8.5
lcl|PX244389.1_cds_XZP60979.1_28	ptg000216l_1	100.000	12	402	369	380	64428	64417	22.9	8.5
lcl|PX244389.1_cds_XZP60979.1_28	ptg000216l_1	100.000	12	402	300	311	98576	98587	22.9	8.5
lcl|PX244389.1_cds_XZP60979.1_28	ptg000216l_1	100.000	12	402	225	236	113267	113256	22.9	8.5
lcl|PX244389.1_cds_XZP60979.1_28	ptg000216l_1	88.235	17	402	277	293	143327	143343	22.9	8.5
lcl|PX244389.1_cds_XZP60980.1_29	ptg000216l_1	99.733	1497	1497	1	1497	43031	41535	2682	0.0
lcl|PX244389.1_cds_XZP60980.1_29	ptg000216l_1	77.500	40	1497	414	451	46049	46086	27.4	2.7
lcl|PX244389.1_cds_XZP60980.1_29	ptg000216l_1	100.000	14	1497	1330	1343	8115	8128	26.5	2.7
lcl|PX244389.1_cds_XZP60980.1_29	ptg000216l_1	100.000	14	1497	43	56	51127	51140	26.5	2.7
lcl|PX244389.1_cds_XZP60980.1_29	ptg000216l_1	100.000	14	1497	1330	1343	158386	158399	26.5	2.7
lcl|PX244389.1_cds_XZP60980.1_29	ptg000216l_1	93.750	16	1497	1417	1432	27420	27405	25.6	9.4
lcl|PX244389.1_cds_XZP60980.1_29	ptg000216l_1	82.609	23	1497	924	946	13512	13490	24.7	9.4
lcl|PX244389.1_cds_XZP60980.1_29	ptg000216l_1	100.000	13	1497	799	811	27720	27708	24.7	9.4
lcl|PX244389.1_cds_XZP60980.1_29	ptg000216l_1	88.889	18	1497	1314	1331	31355	31372	24.7	9.4
lcl|PX244389.1_cds_XZP60980.1_29	ptg000216l_1	100.000	13	1497	96	108	37262	37274	24.7	9.4
lcl|PX244389.1_cds_XZP60980.1_29	ptg000216l_1	100.000	13	1497	391	403	49275	49263	24.7	9.4
lcl|PX244389.1_cds_XZP60980.1_29	ptg000216l_1	100.000	13	1497	1303	1315	61457	61469	24.7	9.4
lcl|PX244389.1_cds_XZP60980.1_29	ptg000216l_1	100.000	13	1497	1219	1231	100612	100600	24.7	9.4
lcl|PX244389.1_cds_XZP60980.1_29	ptg000216l_1	100.000	13	1497	449	461	108444	108432	24.7	9.4
lcl|PX244389.1_cds_XZP60980.1_29	ptg000216l_1	82.609	23	1497	924	946	163778	163756	24.7	9.4
lcl|PX244389.1_cds_XZP60981.1_30	ptg000216l_1	99.790	1428	1428	1	1428	43725	45152	2562	0.0
lcl|PX244389.1_cds_XZP60981.1_30	ptg000216l_1	100.000	15	1428	1371	1385	105755	105769	28.3	0.73
lcl|PX244389.1_cds_XZP60981.1_30	ptg000216l_1	86.364	22	1428	281	302	73738	73717	27.4	2.6
lcl|PX244389.1_cds_XZP60981.1_30	ptg000216l_1	86.364	22	1428	281	302	138113	138134	27.4	2.6
lcl|PX244389.1_cds_XZP60981.1_30	ptg000216l_1	88.889	18	1428	706	723	16771	16754	24.7	8.9
lcl|PX244389.1_cds_XZP60981.1_30	ptg000216l_1	100.000	13	1428	371	383	52344	52332	24.7	8.9
lcl|PX244389.1_cds_XZP60981.1_30	ptg000216l_1	100.000	13	1428	1389	1401	73393	73405	24.7	8.9
lcl|PX244389.1_cds_XZP60981.1_30	ptg000216l_1	88.889	18	1428	706	723	167035	167018	24.7	8.9
lcl|PX244389.1_cds_XZP60981.1_30	ptg000216l_1	100.000	13	1428	918	930	172654	172666	24.7	8.9
lcl|PX244389.1_cds_XZP60982.1_31	ptg000216l_1	99.651	1434	1434	1	1434	45789	47221	2561	0.0
lcl|PX244389.1_cds_XZP60982.1_31	ptg000216l_1	91.304	23	1434	692	714	13015	12993	33.7	0.017
lcl|PX244389.1_cds_XZP60982.1_31	ptg000216l_1	91.304	23	1434	692	714	163281	163259	33.7	0.017
lcl|PX244389.1_cds_XZP60982.1_31	ptg000216l_1	87.500	24	1434	1115	1138	56312	56289	31.0	0.21
lcl|PX244389.1_cds_XZP60982.1_31	ptg000216l_1	94.444	18	1434	1064	1081	1379	1362	29.2	0.74
lcl|PX244389.1_cds_XZP60982.1_31	ptg000216l_1	94.444	18	1434	1064	1081	151653	151636	29.2	0.74
lcl|PX244389.1_cds_XZP60982.1_31	ptg000216l_1	90.000	20	1434	339	358	108940	108959	28.3	0.74
lcl|PX244389.1_cds_XZP60982.1_31	ptg000216l_1	77.500	40	1434	261	298	42618	42581	27.4	2.6
lcl|PX244389.1_cds_XZP60982.1_31	ptg000216l_1	89.474	19	1434	1318	1336	27219	27237	26.5	2.6
lcl|PX244389.1_cds_XZP60982.1_31	ptg000216l_1	100.000	14	1434	1195	1208	33035	33048	26.5	2.6
lcl|PX244389.1_cds_XZP60982.1_31	ptg000216l_1	100.000	14	1434	1387	1400	38712	38699	26.5	2.6
lcl|PX244389.1_cds_XZP60982.1_31	ptg000216l_1	100.000	14	1434	1337	1350	45235	45222	26.5	2.6
lcl|PX244389.1_cds_XZP60982.1_31	ptg000216l_1	93.750	16	1434	434	449	65498	65513	25.6	9.0
lcl|PX244389.1_cds_XZP60982.1_31	ptg000216l_1	93.750	16	1434	1383	1398	75886	75901	25.6	9.0
lcl|PX244389.1_cds_XZP60982.1_31	ptg000216l_1	80.769	26	1434	259	284	140236	140261	25.6	9.0
lcl|PX244389.1_cds_XZP60982.1_31	ptg000216l_1	100.000	13	1434	1108	1120	12283	12295	24.7	9.0
lcl|PX244389.1_cds_XZP60982.1_31	ptg000216l_1	100.000	13	1434	863	875	95996	96008	24.7	9.0
lcl|PX244389.1_cds_XZP60982.1_31	ptg000216l_1	88.889	18	1434	202	219	112966	112983	24.7	9.0
lcl|PX244389.1_cds_XZP60982.1_31	ptg000216l_1	100.000	13	1434	203	215	124428	124440	24.7	9.0
lcl|PX244389.1_cds_XZP60982.1_31	ptg000216l_1	100.000	13	1434	1108	1120	162549	162561	24.7	9.0
lcl|PX244389.1_cds_XZP60983.1_32	ptg000216l_1	100.000	111	111	1	111	47800	47910	201	3.72e-54
lcl|PX244389.1_cds_XZP60983.1_32	ptg000216l_1	100.000	13	111	78	90	18519	18531	24.7	0.59
lcl|PX244389.1_cds_XZP60983.1_32	ptg000216l_1	100.000	13	111	78	90	32806	32818	24.7	0.59
lcl|PX244389.1_cds_XZP60983.1_32	ptg000216l_1	100.000	13	111	6	18	146445	146457	24.7	0.59
lcl|PX244389.1_cds_XZP60983.1_32	ptg000216l_1	84.000	25	111	71	95	148182	148205	24.7	0.59
lcl|PX244389.1_cds_XZP60983.1_32	ptg000216l_1	100.000	13	111	78	90	168783	168795	24.7	0.59
lcl|PX244389.1_cds_XZP60983.1_32	ptg000216l_1	93.333	15	111	70	84	61684	61698	23.8	2.1
lcl|PX244389.1_cds_XZP60983.1_32	ptg000216l_1	93.333	15	111	67	81	148713	148727	23.8	2.1
lcl|PX244389.1_cds_XZP60983.1_32	ptg000216l_1	100.000	12	111	51	62	34949	34960	22.9	2.1
lcl|PX244389.1_cds_XZP60983.1_32	ptg000216l_1	100.000	11	111	99	109	2054	2064	21.1	7.2
lcl|PX244389.1_cds_XZP60983.1_32	ptg000216l_1	100.000	11	111	45	55	35436	35426	21.1	7.2
lcl|PX244389.1_cds_XZP60983.1_32	ptg000216l_1	100.000	11	111	100	110	62169	62179	21.1	7.2
lcl|PX244389.1_cds_XZP60984.1_33	ptg000216l_1	100.000	555	555	1	555	48149	48703	1002	0.0
lcl|PX244389.1_cds_XZP60984.1_33	ptg000216l_1	94.118	17	555	396	412	144958	144942	27.4	0.97
lcl|PX244389.1_cds_XZP60984.1_33	ptg000216l_1	89.474	19	555	145	163	14029	14047	26.5	0.97
lcl|PX244389.1_cds_XZP60984.1_33	ptg000216l_1	100.000	14	555	248	261	20168	20155	26.5	0.97
lcl|PX244389.1_cds_XZP60984.1_33	ptg000216l_1	89.474	19	555	145	163	21602	21584	26.5	0.97
lcl|PX244389.1_cds_XZP60984.1_33	ptg000216l_1	89.474	19	555	145	163	164295	164313	26.5	0.97
lcl|PX244389.1_cds_XZP60984.1_33	ptg000216l_1	100.000	14	555	248	261	170432	170419	26.5	0.97
lcl|PX244389.1_cds_XZP60984.1_33	ptg000216l_1	89.474	19	555	145	163	171865	171847	26.5	0.97
lcl|PX244389.1_cds_XZP60984.1_33	ptg000216l_1	100.000	13	555	145	157	9504	9516	24.7	3.4
lcl|PX244389.1_cds_XZP60984.1_33	ptg000216l_1	100.000	13	555	493	505	17957	17969	24.7	3.4
lcl|PX244389.1_cds_XZP60984.1_33	ptg000216l_1	100.000	13	555	358	370	18268	18280	24.7	3.4
lcl|PX244389.1_cds_XZP60984.1_33	ptg000216l_1	100.000	13	555	45	57	18540	18528	24.7	3.4
lcl|PX244389.1_cds_XZP60984.1_33	ptg000216l_1	100.000	13	555	228	240	19024	19036	24.7	3.4
lcl|PX244389.1_cds_XZP60984.1_33	ptg000216l_1	100.000	13	555	543	555	81168	81156	24.7	3.4
lcl|PX244389.1_cds_XZP60984.1_33	ptg000216l_1	100.000	13	555	543	555	130680	130692	24.7	3.4
lcl|PX244389.1_cds_XZP60984.1_33	ptg000216l_1	100.000	13	555	493	505	168221	168233	24.7	3.4
lcl|PX244389.1_cds_XZP60984.1_33	ptg000216l_1	100.000	13	555	358	370	168532	168544	24.7	3.4
lcl|PX244389.1_cds_XZP60984.1_33	ptg000216l_1	100.000	13	555	45	57	168804	168792	24.7	3.4
lcl|PX244389.1_cds_XZP60984.1_33	ptg000216l_1	100.000	13	555	228	240	169288	169300	24.7	3.4
lcl|PX244389.1_cds_XZP60985.1_34	ptg000216l_1	99.565	690	690	1	690	49300	49989	1232	0.0
lcl|PX244389.1_cds_XZP60985.1_34	ptg000216l_1	95.000	20	690	616	635	25343	25362	32.8	0.029
lcl|PX244389.1_cds_XZP60985.1_34	ptg000216l_1	95.000	20	690	616	635	175608	175627	32.8	0.029
lcl|PX244389.1_cds_XZP60985.1_34	ptg000216l_1	87.500	24	690	471	494	66217	66194	31.0	0.10
lcl|PX244389.1_cds_XZP60985.1_34	ptg000216l_1	90.476	21	690	167	187	16961	16981	30.1	0.10
lcl|PX244389.1_cds_XZP60985.1_34	ptg000216l_1	85.714	28	690	99	125	113374	113401	30.1	0.10
lcl|PX244389.1_cds_XZP60985.1_34	ptg000216l_1	90.476	21	690	167	187	167225	167245	30.1	0.10
lcl|PX244389.1_cds_XZP60985.1_34	ptg000216l_1	100.000	15	690	99	113	66203	66189	28.3	0.35
lcl|PX244389.1_cds_XZP60985.1_34	ptg000216l_1	87.500	24	690	197	218	78022	78045	28.3	0.35
lcl|PX244389.1_cds_XZP60985.1_34	ptg000216l_1	87.500	24	690	197	218	133826	133803	28.3	0.35
lcl|PX244389.1_cds_XZP60985.1_34	ptg000216l_1	94.118	17	690	446	462	100613	100629	27.4	1.2
lcl|PX244389.1_cds_XZP60985.1_34	ptg000216l_1	86.364	22	690	191	212	142151	142172	27.4	1.2
lcl|PX244389.1_cds_XZP60985.1_34	ptg000216l_1	100.000	14	690	165	178	4100	4113	26.5	1.2
lcl|PX244389.1_cds_XZP60985.1_34	ptg000216l_1	100.000	14	690	60	73	27051	27064	26.5	1.2
lcl|PX244389.1_cds_XZP60985.1_34	ptg000216l_1	100.000	14	690	221	234	28603	28590	26.5	1.2
lcl|PX244389.1_cds_XZP60985.1_34	ptg000216l_1	100.000	14	690	669	682	37493	37506	26.5	1.2
lcl|PX244389.1_cds_XZP60985.1_34	ptg000216l_1	100.000	14	690	261	274	39502	39515	26.5	1.2
lcl|PX244389.1_cds_XZP60985.1_34	ptg000216l_1	100.000	14	690	262	275	74783	74770	26.5	1.2
lcl|PX244389.1_cds_XZP60985.1_34	ptg000216l_1	100.000	14	690	91	104	100811	100824	26.5	1.2
lcl|PX244389.1_cds_XZP60985.1_34	ptg000216l_1	100.000	14	690	262	275	137065	137078	26.5	1.2
lcl|PX244389.1_cds_XZP60986.1_35	ptg000216l_1	99.896	963	963	1	963	50215	51177	1733	0.0
lcl|PX244389.1_cds_XZP60986.1_35	ptg000216l_1	80.000	30	963	887	916	99308	99279	28.3	0.49
lcl|PX244389.1_cds_XZP60986.1_35	ptg000216l_1	86.364	22	963	760	781	103027	103048	27.4	1.7
lcl|PX244389.1_cds_XZP60986.1_35	ptg000216l_1	100.000	14	963	913	926	42989	42976	26.5	1.7
lcl|PX244389.1_cds_XZP60986.1_35	ptg000216l_1	84.000	25	963	911	932	55961	55985	26.5	1.7
lcl|PX244389.1_cds_XZP60986.1_35	ptg000216l_1	89.474	19	963	277	295	146092	146110	26.5	1.7
lcl|PX244389.1_cds_XZP60986.1_35	ptg000216l_1	93.750	16	963	402	417	69701	69716	25.6	6.0
lcl|PX244389.1_cds_XZP60987.1_36	ptg000216l_1	100.000	123	123	1	123	52028	51906	223	1.29e-60
lcl|PX244389.1_cds_XZP60987.1_36	ptg000216l_1	89.655	29	123	22	49	45933	45961	36.5	3.69e-04
lcl|PX244389.1_cds_XZP60987.1_36	ptg000216l_1	86.364	22	123	84	105	150221	150200	27.4	0.19
lcl|PX244389.1_cds_XZP60987.1_36	ptg000216l_1	100.000	14	123	6	19	60859	60846	26.5	0.19
lcl|PX244389.1_cds_XZP60987.1_36	ptg000216l_1	93.750	16	123	84	99	22060	22045	25.6	0.67
lcl|PX244389.1_cds_XZP60987.1_36	ptg000216l_1	93.750	16	123	84	99	172323	172308	25.6	0.67
lcl|PX244389.1_cds_XZP60987.1_36	ptg000216l_1	100.000	12	123	18	29	16926	16937	22.9	2.3
lcl|PX244389.1_cds_XZP60987.1_36	ptg000216l_1	100.000	12	123	65	76	44253	44242	22.9	2.3
lcl|PX244389.1_cds_XZP60987.1_36	ptg000216l_1	100.000	12	123	17	28	83481	83470	22.9	2.3
lcl|PX244389.1_cds_XZP60987.1_36	ptg000216l_1	100.000	12	123	78	89	114948	114937	22.9	2.3
lcl|PX244389.1_cds_XZP60987.1_36	ptg000216l_1	100.000	12	123	17	28	128369	128380	22.9	2.3
lcl|PX244389.1_cds_XZP60987.1_36	ptg000216l_1	100.000	12	123	18	29	167190	167201	22.9	2.3
lcl|PX244389.1_cds_XZP60987.1_36	ptg000216l_1	92.857	14	123	35	48	39536	39549	22.0	8.1
lcl|PX244389.1_cds_XZP60987.1_36	ptg000216l_1	100.000	11	123	77	87	3029	3039	21.1	8.1
lcl|PX244389.1_cds_XZP60987.1_36	ptg000216l_1	100.000	11	123	112	122	20295	20285	21.1	8.1
lcl|PX244389.1_cds_XZP60987.1_36	ptg000216l_1	100.000	11	123	99	109	28260	28250	21.1	8.1
lcl|PX244389.1_cds_XZP60987.1_36	ptg000216l_1	100.000	11	123	87	97	29444	29434	21.1	8.1
lcl|PX244389.1_cds_XZP60987.1_36	ptg000216l_1	100.000	11	123	50	60	31948	31938	21.1	8.1
lcl|PX244389.1_cds_XZP60987.1_36	ptg000216l_1	100.000	11	123	69	79	34211	34201	21.1	8.1
lcl|PX244389.1_cds_XZP60987.1_36	ptg000216l_1	100.000	11	123	73	83	41403	41393	21.1	8.1
lcl|PX244389.1_cds_XZP60988.1_37	ptg000216l_1	99.153	118	117	1	117	52280	52163	205	3.25e-55
lcl|PX244389.1_cds_XZP60988.1_37	ptg000216l_1	78.571	28	117	68	95	95757	95730	24.7	0.63
lcl|PX244389.1_cds_XZP60988.1_37	ptg000216l_1	78.571	28	117	68	95	116094	116121	24.7	0.63
lcl|PX244389.1_cds_XZP60988.1_37	ptg000216l_1	85.714	21	117	51	71	28125	28108	23.8	2.2
lcl|PX244389.1_cds_XZP60988.1_37	ptg000216l_1	100.000	12	117	90	101	34605	34616	22.9	2.2
lcl|PX244389.1_cds_XZP60988.1_37	ptg000216l_1	100.000	12	117	92	103	97646	97635	22.9	2.2
lcl|PX244389.1_cds_XZP60988.1_37	ptg000216l_1	92.857	14	117	71	84	1857	1870	22.0	7.7
lcl|PX244389.1_cds_XZP60988.1_37	ptg000216l_1	92.857	14	117	71	84	152131	152144	22.0	7.7
lcl|PX244389.1_cds_XZP60988.1_37	ptg000216l_1	100.000	11	117	94	104	12202	12212	21.1	7.7
lcl|PX244389.1_cds_XZP60988.1_37	ptg000216l_1	100.000	11	117	3	13	28173	28163	21.1	7.7
lcl|PX244389.1_cds_XZP60988.1_37	ptg000216l_1	100.000	11	117	88	98	84643	84633	21.1	7.7
lcl|PX244389.1_cds_XZP60988.1_37	ptg000216l_1	100.000	11	117	90	100	140299	140309	21.1	7.7
lcl|PX244389.1_cds_XZP60989.1_38	ptg000216l_1	100.000	120	120	1	120	52422	52303	217	5.31e-59
lcl|PX244389.1_cds_XZP60989.1_38	ptg000216l_1	100.000	14	120	69	82	59160	59173	26.5	0.19
lcl|PX244389.1_cds_XZP60989.1_38	ptg000216l_1	100.000	13	120	45	57	75507	75519	24.7	0.65
lcl|PX244389.1_cds_XZP60989.1_38	ptg000216l_1	100.000	13	120	45	57	136341	136329	24.7	0.65
lcl|PX244389.1_cds_XZP60989.1_38	ptg000216l_1	100.000	12	120	10	21	61829	61840	22.9	2.3
lcl|PX244389.1_cds_XZP60989.1_38	ptg000216l_1	100.000	12	120	74	85	99741	99730	22.9	2.3
lcl|PX244389.1_cds_XZP60989.1_38	ptg000216l_1	100.000	12	120	108	119	111528	111517	22.9	2.3
lcl|PX244389.1_cds_XZP60989.1_38	ptg000216l_1	92.857	14	120	71	84	8030	8043	22.0	7.9
lcl|PX244389.1_cds_XZP60989.1_38	ptg000216l_1	92.857	14	120	68	81	36617	36630	22.0	7.9
lcl|PX244389.1_cds_XZP60989.1_38	ptg000216l_1	92.857	14	120	71	84	158301	158314	22.0	7.9
lcl|PX244389.1_cds_XZP60989.1_38	ptg000216l_1	100.000	11	120	73	83	2373	2383	21.1	7.9
lcl|PX244389.1_cds_XZP60989.1_38	ptg000216l_1	100.000	11	120	2	12	12662	12672	21.1	7.9
lcl|PX244389.1_cds_XZP60989.1_38	ptg000216l_1	100.000	11	120	107	117	33872	33862	21.1	7.9
lcl|PX244389.1_cds_XZP60989.1_38	ptg000216l_1	100.000	11	120	90	100	52645	52655	21.1	7.9
lcl|PX244389.1_cds_XZP60989.1_38	ptg000216l_1	100.000	11	120	91	101	68218	68228	21.1	7.9
lcl|PX244389.1_cds_XZP60989.1_38	ptg000216l_1	100.000	11	120	21	31	99355	99345	21.1	7.9
lcl|PX244389.1_cds_XZP60989.1_38	ptg000216l_1	100.000	11	120	76	86	112542	112552	21.1	7.9
lcl|PX244389.1_cds_XZP60989.1_38	ptg000216l_1	100.000	11	120	86	96	136831	136841	21.1	7.9
lcl|PX244389.1_cds_XZP60990.1_39	ptg000216l_1	100.000	252	252	1	252	52683	52432	455	2.66e-130
lcl|PX244389.1_cds_XZP60990.1_39	ptg000216l_1	100.000	13	252	205	217	19385	19373	24.7	1.5
lcl|PX244389.1_cds_XZP60990.1_39	ptg000216l_1	100.000	13	252	84	96	81724	81736	24.7	1.5
lcl|PX244389.1_cds_XZP60990.1_39	ptg000216l_1	100.000	13	252	220	232	91108	91120	24.7	1.5
lcl|PX244389.1_cds_XZP60990.1_39	ptg000216l_1	100.000	13	252	113	125	107955	107967	24.7	1.5
lcl|PX244389.1_cds_XZP60990.1_39	ptg000216l_1	100.000	13	252	220	232	120743	120731	24.7	1.5
lcl|PX244389.1_cds_XZP60990.1_39	ptg000216l_1	100.000	13	252	84	96	130124	130112	24.7	1.5
lcl|PX244389.1_cds_XZP60990.1_39	ptg000216l_1	100.000	13	252	31	43	140447	140435	24.7	1.5
lcl|PX244389.1_cds_XZP60990.1_39	ptg000216l_1	100.000	13	252	205	217	169649	169637	24.7	1.5
lcl|PX244389.1_cds_XZP60990.1_39	ptg000216l_1	100.000	12	252	224	235	7630	7641	22.9	5.2
lcl|PX244389.1_cds_XZP60990.1_39	ptg000216l_1	100.000	12	252	225	236	13654	13665	22.9	5.2
lcl|PX244389.1_cds_XZP60990.1_39	ptg000216l_1	100.000	12	252	218	229	15021	15032	22.9	5.2
lcl|PX244389.1_cds_XZP60990.1_39	ptg000216l_1	100.000	12	252	72	83	18795	18784	22.9	5.2
lcl|PX244389.1_cds_XZP60990.1_39	ptg000216l_1	75.000	32	252	208	239	19248	19222	22.9	5.2
lcl|PX244389.1_cds_XZP60990.1_39	ptg000216l_1	100.000	12	252	139	150	40448	40459	22.9	5.2
lcl|PX244389.1_cds_XZP60990.1_39	ptg000216l_1	100.000	12	252	178	189	93801	93790	22.9	5.2
lcl|PX244389.1_cds_XZP60990.1_39	ptg000216l_1	88.235	17	252	28	44	103339	103355	22.9	5.2
lcl|PX244389.1_cds_XZP60990.1_39	ptg000216l_1	100.000	12	252	178	189	118051	118062	22.9	5.2
lcl|PX244389.1_cds_XZP60990.1_39	ptg000216l_1	100.000	12	252	224	235	157901	157912	22.9	5.2
lcl|PX244389.1_cds_XZP60990.1_39	ptg000216l_1	100.000	12	252	225	236	163920	163931	22.9	5.2
lcl|PX244389.1_cds_XZP60991.1_40	ptg000216l_1	98.958	96	96	1	96	53748	53843	169	1.87e-44
lcl|PX244389.1_cds_XZP60991.1_40	ptg000216l_1	93.750	16	96	17	32	25618	25633	25.6	0.50
lcl|PX244389.1_cds_XZP60991.1_40	ptg000216l_1	93.750	16	96	17	32	175883	175898	25.6	0.50
lcl|PX244389.1_cds_XZP60991.1_40	ptg000216l_1	92.857	14	96	22	35	86730	86743	22.0	6.1
lcl|PX244389.1_cds_XZP60991.1_40	ptg000216l_1	92.857	14	96	22	35	125120	125107	22.0	6.1
lcl|PX244389.1_cds_XZP60991.1_40	ptg000216l_1	100.000	11	96	80	90	6718	6728	21.1	6.1
lcl|PX244389.1_cds_XZP60991.1_40	ptg000216l_1	100.000	11	96	61	71	27371	27361	21.1	6.1
lcl|PX244389.1_cds_XZP60991.1_40	ptg000216l_1	100.000	11	96	82	92	62226	62236	21.1	6.1
lcl|PX244389.1_cds_XZP60991.1_40	ptg000216l_1	100.000	11	96	37	47	108870	108880	21.1	6.1
lcl|PX244389.1_cds_XZP60991.1_40	ptg000216l_1	100.000	11	96	80	90	156989	156999	21.1	6.1
lcl|PX244389.1_cds_XZP60992.1_41	ptg000216l_1	100.000	114	114	1	114	54015	54128	206	9.04e-56
lcl|PX244389.1_cds_XZP60992.1_41	ptg000216l_1	85.714	21	114	65	85	68121	68141	25.6	0.61
lcl|PX244389.1_cds_XZP60992.1_41	ptg000216l_1	100.000	12	114	68	79	113420	113431	22.9	2.1
lcl|PX244389.1_cds_XZP60992.1_41	ptg000216l_1	100.000	12	114	72	83	118810	118821	22.9	2.1
lcl|PX244389.1_cds_XZP60992.1_41	ptg000216l_1	92.857	14	114	19	32	87863	87850	22.0	7.4
lcl|PX244389.1_cds_XZP60992.1_41	ptg000216l_1	92.857	14	114	37	50	105346	105359	22.0	7.4
lcl|PX244389.1_cds_XZP60992.1_41	ptg000216l_1	92.857	14	114	19	32	123987	124000	22.0	7.4
lcl|PX244389.1_cds_XZP60992.1_41	ptg000216l_1	100.000	11	114	79	89	54783	54793	21.1	7.4
lcl|PX244389.1_cds_XZP60992.1_41	ptg000216l_1	100.000	11	114	56	66	56122	56112	21.1	7.4
lcl|PX244389.1_cds_XZP60992.1_41	ptg000216l_1	100.000	11	114	22	32	56320	56310	21.1	7.4
lcl|PX244389.1_cds_XZP60992.1_41	ptg000216l_1	100.000	11	114	10	20	68840	68830	21.1	7.4
lcl|PX244389.1_cds_XZP60992.1_41	ptg000216l_1	100.000	11	114	12	22	76734	76744	21.1	7.4
lcl|PX244389.1_cds_XZP60992.1_41	ptg000216l_1	100.000	11	114	12	22	135114	135104	21.1	7.4
lcl|PX244389.1_cds_XZP60992.1_41	ptg000216l_1	100.000	11	114	11	21	143212	143202	21.1	7.4
lcl|PX244389.1_cds_XZP60992.1_41	ptg000216l_1	100.000	11	114	80	90	144330	144340	21.1	7.4
lcl|PX244389.1_cds_XZP60993.1_42	ptg000216l_1	100.000	135	135	1	135	54813	54947	244	4.38e-67
lcl|PX244389.1_cds_XZP60993.1_42	ptg000216l_1	100.000	13	135	13	25	8993	8981	24.7	0.74
lcl|PX244389.1_cds_XZP60993.1_42	ptg000216l_1	100.000	13	135	13	25	159264	159252	24.7	0.74
lcl|PX244389.1_cds_XZP60993.1_42	ptg000216l_1	93.333	15	135	91	105	69106	69092	23.8	2.6
lcl|PX244389.1_cds_XZP60993.1_42	ptg000216l_1	88.235	17	135	71	87	106198	106182	22.9	2.6
lcl|PX244389.1_cds_XZP60993.1_42	ptg000216l_1	85.714	21	135	81	100	32604	32584	22.0	9.1
lcl|PX244389.1_cds_XZP60993.1_42	ptg000216l_1	100.000	11	135	59	69	81908	81918	21.1	9.1
lcl|PX244389.1_cds_XZP60993.1_42	ptg000216l_1	100.000	11	135	47	57	84131	84121	21.1	9.1
lcl|PX244389.1_cds_XZP60994.1_43	ptg000216l_1	100.000	201	201	1	201	55389	55589	363	1.02e-102
lcl|PX244389.1_cds_XZP60994.1_43	ptg000216l_1	100.000	14	201	81	94	60120	60133	26.5	0.33
lcl|PX244389.1_cds_XZP60994.1_43	ptg000216l_1	80.000	30	201	140	169	145319	145345	26.5	0.33
lcl|PX244389.1_cds_XZP60994.1_43	ptg000216l_1	100.000	12	201	144	155	4807	4818	22.9	4.1
lcl|PX244389.1_cds_XZP60994.1_43	ptg000216l_1	100.000	12	201	37	48	25500	25489	22.9	4.1
lcl|PX244389.1_cds_XZP60994.1_43	ptg000216l_1	100.000	12	201	29	40	51098	51109	22.9	4.1
lcl|PX244389.1_cds_XZP60994.1_43	ptg000216l_1	100.000	12	201	144	155	155081	155092	22.9	4.1
lcl|PX244389.1_cds_XZP60994.1_43	ptg000216l_1	100.000	12	201	37	48	175765	175754	22.9	4.1
lcl|PX244389.1_cds_XZP60995.1_44	ptg000216l_1	99.346	306	306	1	306	55732	56037	544	8.23e-157
lcl|PX244389.1_cds_XZP60995.1_44	ptg000216l_1	94.737	19	306	287	305	69556	69538	31.0	0.043
lcl|PX244389.1_cds_XZP60995.1_44	ptg000216l_1	85.185	27	306	86	112	98560	98535	28.3	0.15
lcl|PX244389.1_cds_XZP60995.1_44	ptg000216l_1	100.000	14	306	116	129	18495	18508	26.5	0.52
lcl|PX244389.1_cds_XZP60995.1_44	ptg000216l_1	84.000	25	306	230	254	51125	51146	26.5	0.52
lcl|PX244389.1_cds_XZP60995.1_44	ptg000216l_1	100.000	14	306	116	129	168759	168772	26.5	0.52
lcl|PX244389.1_cds_XZP60995.1_44	ptg000216l_1	85.714	21	306	238	258	69477	69457	25.6	1.8
lcl|PX244389.1_cds_XZP60995.1_44	ptg000216l_1	93.750	16	306	93	108	77629	77644	25.6	1.8
lcl|PX244389.1_cds_XZP60995.1_44	ptg000216l_1	93.750	16	306	76	91	96539	96524	25.6	1.8
lcl|PX244389.1_cds_XZP60995.1_44	ptg000216l_1	93.750	16	306	76	91	115312	115327	25.6	1.8
lcl|PX244389.1_cds_XZP60995.1_44	ptg000216l_1	93.750	16	306	93	108	134219	134204	25.6	1.8
lcl|PX244389.1_cds_XZP60995.1_44	ptg000216l_1	88.889	18	306	215	232	29865	29848	24.7	1.8
lcl|PX244389.1_cds_XZP60995.1_44	ptg000216l_1	100.000	13	306	294	306	39468	39480	24.7	1.8
lcl|PX244389.1_cds_XZP60995.1_44	ptg000216l_1	100.000	13	306	203	215	56507	56519	24.7	1.8
lcl|PX244389.1_cds_XZP60995.1_44	ptg000216l_1	100.000	13	306	180	192	112392	112404	24.7	1.8
lcl|PX244389.1_cds_XZP60995.1_44	ptg000216l_1	93.333	15	306	247	261	77537	77551	23.8	6.4
lcl|PX244389.1_cds_XZP60995.1_44	ptg000216l_1	93.333	15	306	247	261	134311	134297	23.8	6.4
lcl|PX244389.1_cds_XZP60995.1_44	ptg000216l_1	100.000	12	306	125	136	1064	1053	22.9	6.4
lcl|PX244389.1_cds_XZP60995.1_44	ptg000216l_1	100.000	12	306	116	127	14500	14489	22.9	6.4
lcl|PX244389.1_cds_XZP60995.1_44	ptg000216l_1	100.000	12	306	278	289	28881	28892	22.9	6.4
lcl|PX244389.1_cds_XZP60996.1_45	ptg000216l_1	99.725	363	363	1	363	56633	56271	651	0.0
lcl|PX244389.1_cds_XZP60996.1_45	ptg000216l_1	87.500	24	363	322	345	46903	46926	31.0	0.051
lcl|PX244389.1_cds_XZP60996.1_45	ptg000216l_1	85.714	21	363	48	68	47234	47254	25.6	2.2
lcl|PX244389.1_cds_XZP60996.1_45	ptg000216l_1	100.000	13	363	211	223	49544	49556	24.7	2.2
lcl|PX244389.1_cds_XZP60996.1_45	ptg000216l_1	100.000	13	363	115	127	55946	55934	24.7	2.2
lcl|PX244389.1_cds_XZP60996.1_45	ptg000216l_1	100.000	13	363	151	163	78490	78502	24.7	2.2
lcl|PX244389.1_cds_XZP60996.1_45	ptg000216l_1	88.889	18	363	153	170	99933	99916	24.7	2.2
lcl|PX244389.1_cds_XZP60996.1_45	ptg000216l_1	100.000	13	363	151	163	133358	133346	24.7	2.2
lcl|PX244389.1_cds_XZP60996.1_45	ptg000216l_1	100.000	12	363	57	68	46885	46874	22.9	7.6
lcl|PX244389.1_cds_XZP60996.1_45	ptg000216l_1	100.000	12	363	216	227	74297	74308	22.9	7.6
lcl|PX244389.1_cds_XZP60996.1_45	ptg000216l_1	88.235	17	363	77	93	76084	76068	22.9	7.6
lcl|PX244389.1_cds_XZP60996.1_45	ptg000216l_1	100.000	12	363	314	325	87860	87849	22.9	7.6
lcl|PX244389.1_cds_XZP60996.1_45	ptg000216l_1	100.000	12	363	165	176	98389	98400	22.9	7.6
lcl|PX244389.1_cds_XZP60996.1_45	ptg000216l_1	100.000	12	363	314	325	123990	124001	22.9	7.6
lcl|PX244389.1_cds_XZP60996.1_45	ptg000216l_1	88.235	17	363	77	93	135764	135780	22.9	7.6
lcl|PX244389.1_cds_XZP60996.1_45	ptg000216l_1	100.000	12	363	107	118	138861	138872	22.9	7.6
lcl|PX244389.1_cds_XZP60997.1_46	ptg000216l_1	100.000	231	372	115	345	86366	86136	417	1.01e-118
lcl|PX244389.1_cds_XZP60997.1_46	ptg000216l_1	100.000	231	372	115	345	125484	125714	417	1.01e-118
lcl|PX244389.1_cds_XZP60997.1_46	ptg000216l_1	100.000	114	372	1	114	57527	57414	206	3.32e-55
lcl|PX244389.1_cds_XZP60997.1_46	ptg000216l_1	100.000	27	372	346	372	85599	85573	50.0	5.64e-08
lcl|PX244389.1_cds_XZP60997.1_46	ptg000216l_1	100.000	27	372	346	372	126251	126277	50.0	5.64e-08
lcl|PX244389.1_cds_XZP60997.1_46	ptg000216l_1	94.118	17	372	158	174	23417	23401	27.4	0.64
lcl|PX244389.1_cds_XZP60997.1_46	ptg000216l_1	94.118	17	372	158	174	173680	173664	27.4	0.64
lcl|PX244389.1_cds_XZP60997.1_46	ptg000216l_1	100.000	14	372	320	333	10115	10128	26.5	0.64
lcl|PX244389.1_cds_XZP60997.1_46	ptg000216l_1	100.000	14	372	320	333	160386	160399	26.5	0.64
lcl|PX244389.1_cds_XZP60997.1_46	ptg000216l_1	100.000	12	372	349	360	15957	15946	22.9	7.8
lcl|PX244389.1_cds_XZP60997.1_46	ptg000216l_1	100.000	12	372	241	252	82480	82491	22.9	7.8
lcl|PX244389.1_cds_XZP60997.1_46	ptg000216l_1	88.235	17	372	184	200	102753	102737	22.9	7.8
lcl|PX244389.1_cds_XZP60997.1_46	ptg000216l_1	100.000	12	372	120	131	105014	105003	22.9	7.8
lcl|PX244389.1_cds_XZP60997.1_46	ptg000216l_1	100.000	12	372	42	53	141567	141556	22.9	7.8
lcl|PX244389.1_cds_XZP60997.1_46	ptg000216l_1	100.000	12	372	251	262	142961	142972	22.9	7.8
lcl|PX244389.1_cds_XZP60997.1_46	ptg000216l_1	100.000	12	372	317	328	149526	149537	22.9	7.8
lcl|PX244389.1_cds_XZP60997.1_46	ptg000216l_1	100.000	12	372	349	360	166221	166210	22.9	7.8
lcl|PX244389.1_cds_XZP60998.1_47	ptg000216l_1	99.327	297	588	67	363	58750	58454	527	1.25e-151
lcl|PX244389.1_cds_XZP60998.1_47	ptg000216l_1	99.123	228	588	361	588	57900	57673	403	3.59e-114
lcl|PX244389.1_cds_XZP60998.1_47	ptg000216l_1	100.000	68	588	1	68	59692	59625	123	5.01e-30
lcl|PX244389.1_cds_XZP60998.1_47	ptg000216l_1	94.118	17	588	162	178	72640	72624	27.4	1.0
lcl|PX244389.1_cds_XZP60998.1_47	ptg000216l_1	94.118	17	588	162	178	139211	139227	27.4	1.0
lcl|PX244389.1_cds_XZP60998.1_47	ptg000216l_1	93.750	16	588	36	51	8123	8108	25.6	3.6
lcl|PX244389.1_cds_XZP60998.1_47	ptg000216l_1	85.714	21	588	168	188	24864	24884	25.6	3.6
lcl|PX244389.1_cds_XZP60998.1_47	ptg000216l_1	85.714	21	588	168	188	175127	175147	25.6	3.6
lcl|PX244389.1_cds_XZP60998.1_47	ptg000216l_1	100.000	13	588	76	88	160809	160797	24.7	3.6
lcl|PX244389.1_cds_XZP60999.1_48	ptg000216l_1	99.869	1527	1527	1	1527	60133	61659	2746	0.0
lcl|PX244389.1_cds_XZP60999.1_48	ptg000216l_1	94.444	18	1527	812	829	73921	73904	29.2	0.79
lcl|PX244389.1_cds_XZP60999.1_48	ptg000216l_1	94.444	18	1527	812	829	137930	137947	29.2	0.79
lcl|PX244389.1_cds_XZP60999.1_48	ptg000216l_1	83.333	24	1527	1415	1438	4727	4704	26.5	2.7
lcl|PX244389.1_cds_XZP60999.1_48	ptg000216l_1	100.000	14	1527	714	727	52010	52023	26.5	2.7
lcl|PX244389.1_cds_XZP60999.1_48	ptg000216l_1	83.333	24	1527	1415	1438	155001	154978	26.5	2.7
lcl|PX244389.1_cds_XZP60999.1_48	ptg000216l_1	93.750	16	1527	423	438	1686	1701	25.6	9.6
lcl|PX244389.1_cds_XZP60999.1_48	ptg000216l_1	85.714	21	1527	564	584	60261	60281	25.6	9.6
lcl|PX244389.1_cds_XZP60999.1_48	ptg000216l_1	85.714	21	1527	129	149	60696	60716	25.6	9.6
lcl|PX244389.1_cds_XZP60999.1_48	ptg000216l_1	93.750	16	1527	423	438	151960	151975	25.6	9.6
lcl|PX244389.1_cds_XZP60999.1_48	ptg000216l_1	82.609	23	1527	348	370	24700	24722	24.7	9.6
lcl|PX244389.1_cds_XZP60999.1_48	ptg000216l_1	100.000	13	1527	1041	1053	34173	34161	24.7	9.6
lcl|PX244389.1_cds_XZP60999.1_48	ptg000216l_1	100.000	13	1527	420	432	34599	34611	24.7	9.6
lcl|PX244389.1_cds_XZP60999.1_48	ptg000216l_1	100.000	13	1527	1325	1337	41729	41717	24.7	9.6
lcl|PX244389.1_cds_XZP60999.1_48	ptg000216l_1	88.889	18	1527	68	85	57988	58005	24.7	9.6
lcl|PX244389.1_cds_XZP60999.1_48	ptg000216l_1	100.000	13	1527	424	436	61745	61757	24.7	9.6
lcl|PX244389.1_cds_XZP60999.1_48	ptg000216l_1	100.000	13	1527	467	479	80885	80897	24.7	9.6
lcl|PX244389.1_cds_XZP60999.1_48	ptg000216l_1	100.000	13	1527	1451	1463	139240	139252	24.7	9.6
lcl|PX244389.1_cds_XZP60999.1_48	ptg000216l_1	100.000	13	1527	258	270	165320	165308	24.7	9.6
lcl|PX244389.1_cds_XZP60999.1_48	ptg000216l_1	82.609	23	1527	348	370	174963	174985	24.7	9.6
lcl|PX244389.1_cds_XZP61000.1_49	ptg000216l_1	100.000	102	102	1	102	61839	61940	185	2.62e-49
lcl|PX244389.1_cds_XZP61000.1_49	ptg000216l_1	88.235	17	102	84	100	3346	3330	22.9	1.9
lcl|PX244389.1_cds_XZP61000.1_49	ptg000216l_1	100.000	12	102	22	33	9091	9080	22.9	1.9
lcl|PX244389.1_cds_XZP61000.1_49	ptg000216l_1	100.000	12	102	58	69	27972	27961	22.9	1.9
lcl|PX244389.1_cds_XZP61000.1_49	ptg000216l_1	100.000	12	102	62	73	37241	37230	22.9	1.9
lcl|PX244389.1_cds_XZP61000.1_49	ptg000216l_1	100.000	12	102	90	101	102158	102147	22.9	1.9
lcl|PX244389.1_cds_XZP61000.1_49	ptg000216l_1	88.235	17	102	84	100	153620	153604	22.9	1.9
lcl|PX244389.1_cds_XZP61000.1_49	ptg000216l_1	100.000	11	102	52	62	7071	7081	21.1	6.6
lcl|PX244389.1_cds_XZP61000.1_49	ptg000216l_1	100.000	11	102	83	93	14440	14430	21.1	6.6
lcl|PX244389.1_cds_XZP61000.1_49	ptg000216l_1	100.000	11	102	90	100	19037	19047	21.1	6.6
lcl|PX244389.1_cds_XZP61000.1_49	ptg000216l_1	100.000	11	102	18	28	23022	23032	21.1	6.6
lcl|PX244389.1_cds_XZP61000.1_49	ptg000216l_1	100.000	11	102	19	29	45531	45541	21.1	6.6
lcl|PX244389.1_cds_XZP61000.1_49	ptg000216l_1	100.000	11	102	89	99	51534	51544	21.1	6.6
lcl|PX244389.1_cds_XZP61000.1_49	ptg000216l_1	100.000	11	102	22	32	75407	75397	21.1	6.6
lcl|PX244389.1_cds_XZP61000.1_49	ptg000216l_1	100.000	11	102	17	27	76331	76321	21.1	6.6
lcl|PX244389.1_cds_XZP61000.1_49	ptg000216l_1	100.000	11	102	48	58	99295	99285	21.1	6.6
lcl|PX244389.1_cds_XZP61000.1_49	ptg000216l_1	100.000	11	102	9	19	108552	108562	21.1	6.6
lcl|PX244389.1_cds_XZP61000.1_49	ptg000216l_1	100.000	11	102	20	30	113957	113967	21.1	6.6
lcl|PX244389.1_cds_XZP61000.1_49	ptg000216l_1	100.000	11	102	65	75	133412	133402	21.1	6.6
lcl|PX244389.1_cds_XZP61000.1_49	ptg000216l_1	100.000	11	102	17	27	135517	135527	21.1	6.6
lcl|PX244389.1_cds_XZP61001.1_50	ptg000216l_1	100.000	132	132	1	132	62132	62001	239	1.82e-65
lcl|PX244389.1_cds_XZP61001.1_50	ptg000216l_1	93.750	16	132	99	114	16593	16578	25.6	0.72
lcl|PX244389.1_cds_XZP61001.1_50	ptg000216l_1	93.750	16	132	99	114	166857	166842	25.6	0.72
lcl|PX244389.1_cds_XZP61001.1_50	ptg000216l_1	93.333	15	132	101	115	75583	75597	23.8	2.5
lcl|PX244389.1_cds_XZP61001.1_50	ptg000216l_1	93.333	15	132	101	115	136265	136251	23.8	2.5
lcl|PX244389.1_cds_XZP61001.1_50	ptg000216l_1	100.000	12	132	64	75	28035	28024	22.9	2.5
lcl|PX244389.1_cds_XZP61002.1_51	ptg000216l_1	99.099	222	222	1	222	62235	62456	392	2.32e-111
lcl|PX244389.1_cds_XZP61002.1_51	ptg000216l_1	100.000	12	222	209	220	26687	26698	22.9	4.5
lcl|PX244389.1_cds_XZP61002.1_51	ptg000216l_1	100.000	12	222	161	172	34630	34641	22.9	4.5
lcl|PX244389.1_cds_XZP61002.1_51	ptg000216l_1	100.000	12	222	39	50	45635	45646	22.9	4.5
lcl|PX244389.1_cds_XZP61002.1_51	ptg000216l_1	100.000	12	222	158	169	112570	112581	22.9	4.5
lcl|PX244389.1_cds_XZP61002.1_51	ptg000216l_1	100.000	12	222	209	220	176951	176962	22.9	4.5
lcl|PX244389.1_cds_XZP61003.1_52	ptg000216l_1	100.000	643	648	6	648	63400	64042	1160	0.0
lcl|PX244389.1_cds_XZP61003.1_52	ptg000216l_1	94.118	17	648	93	109	40735	40751	27.4	1.1
lcl|PX244389.1_cds_XZP61003.1_52	ptg000216l_1	94.118	17	648	176	192	72249	72265	27.4	1.1
lcl|PX244389.1_cds_XZP61003.1_52	ptg000216l_1	94.118	17	648	176	192	139602	139586	27.4	1.1
lcl|PX244389.1_cds_XZP61003.1_52	ptg000216l_1	100.000	13	648	572	584	93368	93356	24.7	4.0
lcl|PX244389.1_cds_XZP61003.1_52	ptg000216l_1	100.000	13	648	233	245	96997	97009	24.7	4.0
lcl|PX244389.1_cds_XZP61003.1_52	ptg000216l_1	100.000	13	648	572	584	118484	118496	24.7	4.0
lcl|PX244389.1_cds_XZP61003.1_52	ptg000216l_1	84.000	25	648	125	148	149147	149171	24.7	4.0
lcl|PX244389.1_cds_XZP61004.1_53	ptg000216l_1	100.000	476	483	8	483	64978	65453	859	0.0
lcl|PX244389.1_cds_XZP61004.1_53	ptg000216l_1	100.000	15	483	119	133	28429	28415	28.3	0.24
lcl|PX244389.1_cds_XZP61004.1_53	ptg000216l_1	100.000	14	483	218	231	142538	142525	26.5	0.84
lcl|PX244389.1_cds_XZP61004.1_53	ptg000216l_1	100.000	13	483	25	37	60169	60181	24.7	2.9
lcl|PX244389.1_cds_XZP61004.1_53	ptg000216l_1	100.000	13	483	336	348	113228	113216	24.7	2.9
lcl|PX244389.1_cds_XZP61005.1_54	ptg000216l_1	99.800	1002	1002	1	1002	66642	65641	1799	0.0
lcl|PX244389.1_cds_XZP61005.1_54	ptg000216l_1	87.500	24	1002	426	449	49770	49793	31.0	0.15
lcl|PX244389.1_cds_XZP61005.1_54	ptg000216l_1	87.500	24	1002	953	976	144657	144634	31.0	0.15
lcl|PX244389.1_cds_XZP61005.1_54	ptg000216l_1	90.476	21	1002	977	997	2656	2676	30.1	0.15
lcl|PX244389.1_cds_XZP61005.1_54	ptg000216l_1	85.714	28	1002	239	266	33217	33243	30.1	0.15
lcl|PX244389.1_cds_XZP61005.1_54	ptg000216l_1	90.476	21	1002	977	997	152930	152950	30.1	0.15
lcl|PX244389.1_cds_XZP61005.1_54	ptg000216l_1	100.000	15	1002	440	454	49398	49412	28.3	0.51
lcl|PX244389.1_cds_XZP61005.1_54	ptg000216l_1	94.118	17	1002	747	763	19494	19478	27.4	1.8
lcl|PX244389.1_cds_XZP61005.1_54	ptg000216l_1	94.118	17	1002	237	253	68637	68621	27.4	1.8
lcl|PX244389.1_cds_XZP61005.1_54	ptg000216l_1	94.118	17	1002	747	763	169758	169742	27.4	1.8
lcl|PX244389.1_cds_XZP61005.1_54	ptg000216l_1	89.474	19	1002	839	857	41183	41201	26.5	1.8
lcl|PX244389.1_cds_XZP61005.1_54	ptg000216l_1	100.000	14	1002	219	232	111280	111293	26.5	1.8
lcl|PX244389.1_cds_XZP61005.1_54	ptg000216l_1	85.714	21	1002	264	284	105474	105454	25.6	6.2
lcl|PX244389.1_cds_XZP61005.1_54	ptg000216l_1	82.609	23	1002	913	935	7230	7208	24.7	6.2
lcl|PX244389.1_cds_XZP61005.1_54	ptg000216l_1	100.000	13	1002	253	265	16630	16642	24.7	6.2
lcl|PX244389.1_cds_XZP61005.1_54	ptg000216l_1	100.000	13	1002	622	634	25573	25561	24.7	6.2
lcl|PX244389.1_cds_XZP61005.1_54	ptg000216l_1	100.000	13	1002	277	289	41141	41153	24.7	6.2
lcl|PX244389.1_cds_XZP61005.1_54	ptg000216l_1	100.000	13	1002	981	993	106308	106320	24.7	6.2
lcl|PX244389.1_cds_XZP61005.1_54	ptg000216l_1	100.000	13	1002	923	935	107152	107164	24.7	6.2
lcl|PX244389.1_cds_XZP61005.1_54	ptg000216l_1	100.000	13	1002	469	481	146001	146013	24.7	6.2
lcl|PX244389.1_cds_XZP61006.1_55	ptg000216l_1	99.760	417	417	1	417	67124	66708	748	0.0
lcl|PX244389.1_cds_XZP61006.1_55	ptg000216l_1	100.000	15	417	147	161	23321	23307	28.3	0.21
lcl|PX244389.1_cds_XZP61006.1_55	ptg000216l_1	100.000	15	417	147	161	173584	173570	28.3	0.21
lcl|PX244389.1_cds_XZP61006.1_55	ptg000216l_1	100.000	12	417	107	118	33616	33605	22.9	8.8
lcl|PX244389.1_cds_XZP61006.1_55	ptg000216l_1	100.000	12	417	303	314	155784	155773	22.9	8.8
lcl|PX244389.1_cds_XZP61007.1_56	ptg000216l_1	100.000	114	114	1	114	67354	67241	206	9.04e-56
lcl|PX244389.1_cds_XZP61007.1_56	ptg000216l_1	100.000	11	114	20	30	1450	1460	21.1	7.4
lcl|PX244389.1_cds_XZP61007.1_56	ptg000216l_1	100.000	11	114	28	38	7099	7089	21.1	7.4
lcl|PX244389.1_cds_XZP61007.1_56	ptg000216l_1	100.000	11	114	28	38	67803	67793	21.1	7.4
lcl|PX244389.1_cds_XZP61007.1_56	ptg000216l_1	100.000	11	114	2	12	100286	100296	21.1	7.4
lcl|PX244389.1_cds_XZP61008.1_57	ptg000216l_1	100.000	243	243	1	243	67717	67475	439	1.97e-125
lcl|PX244389.1_cds_XZP61008.1_57	ptg000216l_1	100.000	15	243	147	161	104809	104795	28.3	0.12
lcl|PX244389.1_cds_XZP61008.1_57	ptg000216l_1	100.000	14	243	60	73	69727	69740	26.5	0.41
lcl|PX244389.1_cds_XZP61008.1_57	ptg000216l_1	85.714	21	243	1	21	39844	39864	25.6	1.4
lcl|PX244389.1_cds_XZP61008.1_57	ptg000216l_1	85.000	20	243	2	21	20167	20186	23.8	5.0
lcl|PX244389.1_cds_XZP61008.1_57	ptg000216l_1	93.333	15	243	44	58	63998	64012	23.8	5.0
lcl|PX244389.1_cds_XZP61008.1_57	ptg000216l_1	93.333	15	243	155	169	141858	141872	23.8	5.0
lcl|PX244389.1_cds_XZP61008.1_57	ptg000216l_1	85.000	20	243	2	21	170431	170450	23.8	5.0
lcl|PX244389.1_cds_XZP61008.1_57	ptg000216l_1	100.000	12	243	7	18	76981	76970	22.9	5.0
lcl|PX244389.1_cds_XZP61008.1_57	ptg000216l_1	100.000	12	243	4	15	101298	101309	22.9	5.0
lcl|PX244389.1_cds_XZP61008.1_57	ptg000216l_1	100.000	12	243	155	166	111491	111502	22.9	5.0
lcl|PX244389.1_cds_XZP61008.1_57	ptg000216l_1	100.000	12	243	11	22	144701	144712	22.9	5.0
lcl|PX244389.1_cds_XZP61009.1_58	ptg000216l_1	99.753	405	405	1	405	68243	67839	727	0.0
lcl|PX244389.1_cds_XZP61009.1_58	ptg000216l_1	100.000	24	405	158	181	68063	68086	44.6	2.62e-06
lcl|PX244389.1_cds_XZP61009.1_58	ptg000216l_1	100.000	16	405	226	241	68003	68018	30.1	0.058
lcl|PX244389.1_cds_XZP61009.1_58	ptg000216l_1	93.750	16	405	159	174	11790	11805	25.6	2.5
lcl|PX244389.1_cds_XZP61009.1_58	ptg000216l_1	93.750	16	405	165	180	11805	11790	25.6	2.5
lcl|PX244389.1_cds_XZP61009.1_58	ptg000216l_1	86.957	23	405	323	344	143261	143239	25.6	2.5
lcl|PX244389.1_cds_XZP61009.1_58	ptg000216l_1	93.750	16	405	159	174	162061	162076	25.6	2.5
lcl|PX244389.1_cds_XZP61009.1_58	ptg000216l_1	93.750	16	405	165	180	162076	162061	25.6	2.5
lcl|PX244389.1_cds_XZP61009.1_58	ptg000216l_1	100.000	13	405	115	127	28835	28823	24.7	2.5
lcl|PX244389.1_cds_XZP61009.1_58	ptg000216l_1	100.000	13	405	159	171	100338	100350	24.7	2.5
lcl|PX244389.1_cds_XZP61009.1_58	ptg000216l_1	100.000	13	405	168	180	100350	100338	24.7	2.5
lcl|PX244389.1_cds_XZP61009.1_58	ptg000216l_1	93.333	15	405	163	177	51752	51766	23.8	8.6
lcl|PX244389.1_cds_XZP61009.1_58	ptg000216l_1	93.333	15	405	162	176	51766	51752	23.8	8.6
lcl|PX244389.1_cds_XZP61009.1_58	ptg000216l_1	85.000	20	405	103	122	54099	54080	23.8	8.6
lcl|PX244389.1_cds_XZP61009.1_58	ptg000216l_1	85.000	20	405	164	183	97573	97554	23.8	8.6
lcl|PX244389.1_cds_XZP61009.1_58	ptg000216l_1	93.333	15	405	190	204	147600	147586	23.8	8.6
lcl|PX244389.1_cds_XZP61009.1_58	ptg000216l_1	100.000	12	405	172	183	12239	12228	22.9	8.6
lcl|PX244389.1_cds_XZP61009.1_58	ptg000216l_1	100.000	12	405	364	375	43245	43234	22.9	8.6
lcl|PX244389.1_cds_XZP61009.1_58	ptg000216l_1	100.000	12	405	366	377	50715	50704	22.9	8.6
lcl|PX244389.1_cds_XZP61009.1_58	ptg000216l_1	100.000	12	405	224	235	65445	65456	22.9	8.6
lcl|PX244389.1_cds_XZP61010.1_59	ptg000216l_1	100.000	369	369	1	369	68762	68394	666	0.0
lcl|PX244389.1_cds_XZP61010.1_59	ptg000216l_1	94.118	17	369	126	142	66406	66390	27.4	0.64
lcl|PX244389.1_cds_XZP61010.1_59	ptg000216l_1	100.000	14	369	331	344	41303	41316	26.5	0.64
lcl|PX244389.1_cds_XZP61010.1_59	ptg000216l_1	100.000	14	369	79	92	89201	89214	26.5	0.64
lcl|PX244389.1_cds_XZP61010.1_59	ptg000216l_1	100.000	14	369	79	92	122649	122636	26.5	0.64
lcl|PX244389.1_cds_XZP61010.1_59	ptg000216l_1	93.750	16	369	284	299	78578	78593	25.6	2.2
lcl|PX244389.1_cds_XZP61010.1_59	ptg000216l_1	93.750	16	369	284	299	133270	133255	25.6	2.2
lcl|PX244389.1_cds_XZP61010.1_59	ptg000216l_1	100.000	13	369	313	325	75785	75773	24.7	2.2
lcl|PX244389.1_cds_XZP61010.1_59	ptg000216l_1	100.000	13	369	258	270	76955	76943	24.7	2.2
lcl|PX244389.1_cds_XZP61010.1_59	ptg000216l_1	100.000	13	369	270	282	111044	111056	24.7	2.2
lcl|PX244389.1_cds_XZP61010.1_59	ptg000216l_1	100.000	13	369	258	270	134893	134905	24.7	2.2
lcl|PX244389.1_cds_XZP61010.1_59	ptg000216l_1	100.000	13	369	313	325	136063	136075	24.7	2.2
lcl|PX244389.1_cds_XZP61010.1_59	ptg000216l_1	88.889	18	369	281	298	140587	140604	24.7	2.2
lcl|PX244389.1_cds_XZP61010.1_59	ptg000216l_1	93.333	15	369	194	208	42101	42115	23.8	7.8
lcl|PX244389.1_cds_XZP61010.1_59	ptg000216l_1	93.333	15	369	259	273	49581	49595	23.8	7.8
lcl|PX244389.1_cds_XZP61010.1_59	ptg000216l_1	100.000	12	369	286	297	84689	84678	22.9	7.8
lcl|PX244389.1_cds_XZP61010.1_59	ptg000216l_1	100.000	12	369	337	348	101365	101354	22.9	7.8
lcl|PX244389.1_cds_XZP61010.1_59	ptg000216l_1	100.000	12	369	331	342	113256	113267	22.9	7.8
lcl|PX244389.1_cds_XZP61010.1_59	ptg000216l_1	100.000	12	369	286	297	127161	127172	22.9	7.8
lcl|PX244389.1_cds_XZP61011.1_60	ptg000216l_1	100.000	399	408	10	408	69295	68897	720	0.0
lcl|PX244389.1_cds_XZP61011.1_60	ptg000216l_1	88.000	25	408	95	119	54256	54279	29.2	0.20
lcl|PX244389.1_cds_XZP61011.1_60	ptg000216l_1	100.000	13	408	27	39	868	856	24.7	2.5
lcl|PX244389.1_cds_XZP61011.1_60	ptg000216l_1	88.889	18	408	177	194	74265	74248	24.7	2.5
lcl|PX244389.1_cds_XZP61011.1_60	ptg000216l_1	88.889	18	408	177	194	137586	137603	24.7	2.5
lcl|PX244389.1_cds_XZP61011.1_60	ptg000216l_1	100.000	13	408	27	39	151142	151130	24.7	2.5
lcl|PX244389.1_cds_XZP61011.1_60	ptg000216l_1	93.333	15	408	227	241	4563	4577	23.8	8.6
lcl|PX244389.1_cds_XZP61011.1_60	ptg000216l_1	93.333	15	408	199	213	54903	54917	23.8	8.6
lcl|PX244389.1_cds_XZP61011.1_60	ptg000216l_1	93.333	15	408	227	241	154837	154851	23.8	8.6
lcl|PX244389.1_cds_XZP61011.1_60	ptg000216l_1	100.000	12	408	391	402	48109	48120	22.9	8.6
lcl|PX244389.1_cds_XZP61011.1_60	ptg000216l_1	100.000	12	408	380	391	147216	147205	22.9	8.6
lcl|PX244389.1_cds_XZP61012.1_61	ptg000216l_1	99.391	657	657	1	657	71124	70468	1168	0.0
lcl|PX244389.1_cds_XZP61012.1_61	ptg000216l_1	90.000	20	657	395	414	149603	149584	28.3	0.33
lcl|PX244389.1_cds_XZP61012.1_61	ptg000216l_1	94.118	17	657	473	489	17897	17913	27.4	1.2
lcl|PX244389.1_cds_XZP61012.1_61	ptg000216l_1	86.364	22	657	401	422	55675	55654	27.4	1.2
lcl|PX244389.1_cds_XZP61012.1_61	ptg000216l_1	94.118	17	657	473	489	168161	168177	27.4	1.2
lcl|PX244389.1_cds_XZP61012.1_61	ptg000216l_1	100.000	14	657	209	222	76284	76297	26.5	1.2
lcl|PX244389.1_cds_XZP61012.1_61	ptg000216l_1	100.000	14	657	627	640	110207	110220	26.5	1.2
lcl|PX244389.1_cds_XZP61012.1_61	ptg000216l_1	100.000	14	657	209	222	135564	135551	26.5	1.2
lcl|PX244389.1_cds_XZP61012.1_61	ptg000216l_1	93.750	16	657	2	17	5693	5678	25.6	4.1
lcl|PX244389.1_cds_XZP61012.1_61	ptg000216l_1	93.750	16	657	291	306	74787	74772	25.6	4.1
lcl|PX244389.1_cds_XZP61012.1_61	ptg000216l_1	80.769	26	657	617	642	110973	110948	25.6	4.1
lcl|PX244389.1_cds_XZP61012.1_61	ptg000216l_1	93.750	16	657	291	306	137061	137076	25.6	4.1
lcl|PX244389.1_cds_XZP61012.1_61	ptg000216l_1	93.750	16	657	597	612	148924	148909	25.6	4.1
lcl|PX244389.1_cds_XZP61012.1_61	ptg000216l_1	100.000	13	657	207	219	2294	2282	24.7	4.1
lcl|PX244389.1_cds_XZP61012.1_61	ptg000216l_1	88.889	18	657	117	134	45482	45499	24.7	4.1
lcl|PX244389.1_cds_XZP61012.1_61	ptg000216l_1	100.000	13	657	628	640	68269	68281	24.7	4.1
lcl|PX244389.1_cds_XZP61012.1_61	ptg000216l_1	100.000	13	657	582	594	144701	144689	24.7	4.1
lcl|PX244389.1_cds_XZP61012.1_61	ptg000216l_1	100.000	13	657	207	219	152568	152556	24.7	4.1
lcl|PX244389.1_cds_XZP61013.1_62	ptg000216l_1	100.000	387	387	1	387	71628	71242	699	0.0
lcl|PX244389.1_cds_XZP61013.1_62	ptg000216l_1	100.000	15	387	226	240	45201	45215	28.3	0.19
lcl|PX244389.1_cds_XZP61013.1_62	ptg000216l_1	94.118	17	387	209	225	7847	7863	27.4	0.67
lcl|PX244389.1_cds_XZP61013.1_62	ptg000216l_1	84.615	26	387	155	178	55660	55685	27.4	0.67
lcl|PX244389.1_cds_XZP61013.1_62	ptg000216l_1	94.118	17	387	209	225	158118	158134	27.4	0.67
lcl|PX244389.1_cds_XZP61013.1_62	ptg000216l_1	100.000	12	387	363	374	23415	23404	22.9	8.2
lcl|PX244389.1_cds_XZP61013.1_62	ptg000216l_1	88.235	17	387	371	387	31488	31504	22.9	8.2
lcl|PX244389.1_cds_XZP61013.1_62	ptg000216l_1	100.000	12	387	11	22	55712	55723	22.9	8.2
lcl|PX244389.1_cds_XZP61013.1_62	ptg000216l_1	88.235	17	387	155	171	68289	68305	22.9	8.2
lcl|PX244389.1_cds_XZP61013.1_62	ptg000216l_1	100.000	12	387	126	137	73823	73812	22.9	8.2
lcl|PX244389.1_cds_XZP61013.1_62	ptg000216l_1	100.000	12	387	9	20	84931	84920	22.9	8.2
lcl|PX244389.1_cds_XZP61013.1_62	ptg000216l_1	100.000	12	387	66	77	86948	86937	22.9	8.2
lcl|PX244389.1_cds_XZP61013.1_62	ptg000216l_1	100.000	12	387	66	77	124902	124913	22.9	8.2
lcl|PX244389.1_cds_XZP61013.1_62	ptg000216l_1	100.000	12	387	126	137	138028	138039	22.9	8.2
lcl|PX244389.1_cds_XZP61013.1_62	ptg000216l_1	100.000	12	387	213	224	148421	148410	22.9	8.2
lcl|PX244389.1_cds_XZP61014.1_63	ptg000216l_1	100.000	279	279	1	279	71943	71665	504	6.54e-145
lcl|PX244389.1_cds_XZP61014.1_63	ptg000216l_1	100.000	110	279	1	110	139908	140017	199	3.63e-53
lcl|PX244389.1_cds_XZP61014.1_63	ptg000216l_1	94.118	17	279	82	98	28707	28723	27.4	0.47
lcl|PX244389.1_cds_XZP61014.1_63	ptg000216l_1	100.000	13	279	248	260	140179	140191	24.7	1.7
lcl|PX244389.1_cds_XZP61014.1_63	ptg000216l_1	88.889	18	279	42	59	144808	144825	24.7	1.7
lcl|PX244389.1_cds_XZP61014.1_63	ptg000216l_1	100.000	12	279	38	49	5617	5628	22.9	5.8
lcl|PX244389.1_cds_XZP61014.1_63	ptg000216l_1	100.000	12	279	80	91	26741	26730	22.9	5.8
lcl|PX244389.1_cds_XZP61014.1_63	ptg000216l_1	100.000	12	279	148	159	35658	35669	22.9	5.8
lcl|PX244389.1_cds_XZP61014.1_63	ptg000216l_1	100.000	12	279	128	139	50202	50213	22.9	5.8
lcl|PX244389.1_cds_XZP61014.1_63	ptg000216l_1	100.000	12	279	36	47	62170	62181	22.9	5.8
lcl|PX244389.1_cds_XZP61014.1_63	ptg000216l_1	100.000	12	279	79	90	110669	110680	22.9	5.8
lcl|PX244389.1_cds_XZP61014.1_63	ptg000216l_1	100.000	12	279	82	93	144799	144788	22.9	5.8
lcl|PX244389.1_cds_XZP61014.1_63	ptg000216l_1	100.000	12	279	38	49	155891	155902	22.9	5.8
lcl|PX244389.1_cds_XZP61015.1_64	ptg000216l_1	100.000	435	825	391	825	72432	71998	785	0.0
lcl|PX244389.1_cds_XZP61015.1_64	ptg000216l_1	100.000	435	825	391	825	139419	139853	785	0.0
lcl|PX244389.1_cds_XZP61015.1_64	ptg000216l_1	100.000	391	825	1	391	73488	73098	706	0.0
lcl|PX244389.1_cds_XZP61015.1_64	ptg000216l_1	100.000	391	825	1	391	138363	138753	706	0.0
lcl|PX244389.1_cds_XZP61015.1_64	ptg000216l_1	94.118	17	825	558	574	63586	63570	27.4	1.5
lcl|PX244389.1_cds_XZP61015.1_64	ptg000216l_1	100.000	14	825	202	215	17013	17000	26.5	1.5
lcl|PX244389.1_cds_XZP61015.1_64	ptg000216l_1	100.000	14	825	202	215	167277	167264	26.5	1.5
lcl|PX244389.1_cds_XZP61015.1_64	ptg000216l_1	88.889	18	825	240	257	35964	35981	24.7	5.1
lcl|PX244389.1_cds_XZP61015.1_64	ptg000216l_1	100.000	13	825	200	212	86609	86597	24.7	5.1
lcl|PX244389.1_cds_XZP61015.1_64	ptg000216l_1	100.000	13	825	730	742	92117	92105	24.7	5.1
lcl|PX244389.1_cds_XZP61015.1_64	ptg000216l_1	100.000	13	825	217	229	120246	120234	24.7	5.1
lcl|PX244389.1_cds_XZP61015.1_64	ptg000216l_1	100.000	13	825	200	212	125241	125253	24.7	5.1
lcl|PX244389.1_cds_XZP61015.1_64	ptg000216l_1	100.000	13	825	774	786	154361	154349	24.7	5.1
lcl|PX244389.1_cds_XZP61016.1_65	ptg000216l_1	100.000	282	282	1	282	73793	73512	509	1.56e-146
lcl|PX244389.1_cds_XZP61016.1_65	ptg000216l_1	100.000	282	282	1	282	138058	138339	509	1.56e-146
lcl|PX244389.1_cds_XZP61016.1_65	ptg000216l_1	86.364	22	282	56	77	44005	44026	27.4	0.48
lcl|PX244389.1_cds_XZP61016.1_65	ptg000216l_1	100.000	13	282	252	264	113319	113331	24.7	1.7
lcl|PX244389.1_cds_XZP61016.1_65	ptg000216l_1	93.333	15	282	263	277	21336	21322	23.8	5.8
lcl|PX244389.1_cds_XZP61016.1_65	ptg000216l_1	85.000	20	282	101	120	45214	45233	23.8	5.8
lcl|PX244389.1_cds_XZP61016.1_65	ptg000216l_1	89.474	19	282	141	159	45754	45738	23.8	5.8
lcl|PX244389.1_cds_XZP61016.1_65	ptg000216l_1	93.333	15	282	263	277	171599	171585	23.8	5.8
lcl|PX244389.1_cds_XZP61016.1_65	ptg000216l_1	100.000	12	282	263	274	3043	3032	22.9	5.8
lcl|PX244389.1_cds_XZP61016.1_65	ptg000216l_1	100.000	12	282	267	278	100367	100378	22.9	5.8
lcl|PX244389.1_cds_XZP61016.1_65	ptg000216l_1	100.000	12	282	99	110	148194	148183	22.9	5.8
lcl|PX244389.1_cds_XZP61016.1_65	ptg000216l_1	100.000	12	282	263	274	153317	153306	22.9	5.8
lcl|PX244389.1_cds_XZP61017.1_66	ptg000216l_1	99.897	6771	6771	1	6771	137725	130955	12180	0.0
lcl|PX244389.1_cds_XZP61017.1_66	ptg000216l_1	99.852	6771	6771	1	6771	74126	80893	12165	0.0
lcl|PX244389.1_cds_XZP61017.1_66	ptg000216l_1	92.308	26	6771	1404	1429	75551	75526	39.2	0.002
lcl|PX244389.1_cds_XZP61017.1_66	ptg000216l_1	92.308	26	6771	1404	1429	136297	136322	39.2	0.002
lcl|PX244389.1_cds_XZP61017.1_66	ptg000216l_1	100.000	20	6771	1601	1620	3621	3640	37.4	0.007
lcl|PX244389.1_cds_XZP61017.1_66	ptg000216l_1	100.000	20	6771	1601	1620	153895	153914	37.4	0.007
lcl|PX244389.1_cds_XZP61017.1_66	ptg000216l_1	100.000	18	6771	2140	2157	76279	76262	33.7	0.083
lcl|PX244389.1_cds_XZP61017.1_66	ptg000216l_1	100.000	18	6771	2140	2157	135569	135586	33.7	0.083
lcl|PX244389.1_cds_XZP61017.1_66	ptg000216l_1	87.500	24	6771	1758	1781	62713	62690	31.0	1.0
lcl|PX244389.1_cds_XZP61017.1_66	ptg000216l_1	90.476	21	6771	2015	2035	20120	20100	30.1	1.0
lcl|PX244389.1_cds_XZP61017.1_66	ptg000216l_1	100.000	16	6771	1971	1986	86709	86694	30.1	1.0
lcl|PX244389.1_cds_XZP61017.1_66	ptg000216l_1	80.645	31	6771	2194	2224	106859	106889	30.1	1.0
lcl|PX244389.1_cds_XZP61017.1_66	ptg000216l_1	100.000	16	6771	1971	1986	125141	125156	30.1	1.0
lcl|PX244389.1_cds_XZP61017.1_66	ptg000216l_1	90.476	21	6771	2015	2035	170384	170364	30.1	1.0
lcl|PX244389.1_cds_XZP61017.1_66	ptg000216l_1	94.444	18	6771	730	747	24494	24477	29.2	3.5
lcl|PX244389.1_cds_XZP61017.1_66	ptg000216l_1	86.957	23	6771	1616	1638	25815	25793	29.2	3.5
lcl|PX244389.1_cds_XZP61017.1_66	ptg000216l_1	88.000	25	6771	2199	2223	29343	29320	29.2	3.5
lcl|PX244389.1_cds_XZP61017.1_66	ptg000216l_1	94.444	18	6771	4359	4376	36395	36412	29.2	3.5
lcl|PX244389.1_cds_XZP61017.1_66	ptg000216l_1	94.444	18	6771	5042	5059	42280	42263	29.2	3.5
lcl|PX244389.1_cds_XZP61017.1_66	ptg000216l_1	86.957	23	6771	3766	3788	109346	109324	29.2	3.5
lcl|PX244389.1_cds_XZP61018.1_67	ptg000216l_1	100.000	777	1533	1	777	84731	83955	1402	0.0
lcl|PX244389.1_cds_XZP61018.1_67	ptg000216l_1	100.000	777	1533	1	777	127119	127895	1402	0.0
lcl|PX244389.1_cds_XZP61018.1_67	ptg000216l_1	100.000	756	1533	778	1533	83276	82521	1364	0.0
lcl|PX244389.1_cds_XZP61018.1_67	ptg000216l_1	100.000	756	1533	778	1533	128574	129329	1364	0.0
lcl|PX244389.1_cds_XZP61018.1_67	ptg000216l_1	85.185	27	1533	283	307	55288	55314	29.2	0.79
lcl|PX244389.1_cds_XZP61018.1_67	ptg000216l_1	100.000	15	1533	124	138	105118	105104	28.3	0.79
lcl|PX244389.1_cds_XZP61018.1_67	ptg000216l_1	94.118	17	1533	135	151	82404	82388	27.4	2.8
lcl|PX244389.1_cds_XZP61018.1_67	ptg000216l_1	86.364	22	1533	703	724	108942	108963	27.4	2.8
lcl|PX244389.1_cds_XZP61018.1_67	ptg000216l_1	94.118	17	1533	135	151	129446	129462	27.4	2.8
lcl|PX244389.1_cds_XZP61018.1_67	ptg000216l_1	100.000	14	1533	225	238	5982	5995	26.5	2.8
lcl|PX244389.1_cds_XZP61018.1_67	ptg000216l_1	89.474	19	1533	104	122	9962	9944	26.5	2.8
lcl|PX244389.1_cds_XZP61018.1_67	ptg000216l_1	100.000	14	1533	1168	1181	35331	35318	26.5	2.8
lcl|PX244389.1_cds_XZP61018.1_67	ptg000216l_1	100.000	14	1533	996	1009	72579	72592	26.5	2.8
lcl|PX244389.1_cds_XZP61018.1_67	ptg000216l_1	100.000	14	1533	1424	1437	74834	74821	26.5	2.8
lcl|PX244389.1_cds_XZP61018.1_67	ptg000216l_1	100.000	14	1533	1424	1437	137014	137027	26.5	2.8
lcl|PX244389.1_cds_XZP61018.1_67	ptg000216l_1	100.000	14	1533	996	1009	139272	139259	26.5	2.8
lcl|PX244389.1_cds_XZP61018.1_67	ptg000216l_1	100.000	14	1533	225	238	156253	156266	26.5	2.8
lcl|PX244389.1_cds_XZP61018.1_67	ptg000216l_1	89.474	19	1533	104	122	160233	160215	26.5	2.8
lcl|PX244389.1_cds_XZP61018.1_67	ptg000216l_1	93.750	16	1533	1169	1184	7756	7771	25.6	9.6
lcl|PX244389.1_cds_XZP61018.1_67	ptg000216l_1	93.750	16	1533	48	63	37529	37514	25.6	9.6
lcl|PX244389.1_cds_XZP61019.1_68	ptg000216l_1	99.573	468	468	1	468	85519	85052	836	0.0
lcl|PX244389.1_cds_XZP61019.1_68	ptg000216l_1	99.573	468	468	1	468	126331	126798	836	0.0
lcl|PX244389.1_cds_XZP61019.1_68	ptg000216l_1	87.500	24	468	135	158	59206	59183	31.0	0.067
lcl|PX244389.1_cds_XZP61019.1_68	ptg000216l_1	90.000	20	468	244	263	7647	7628	28.3	0.23
lcl|PX244389.1_cds_XZP61019.1_68	ptg000216l_1	90.000	20	468	244	263	157918	157899	28.3	0.23
lcl|PX244389.1_cds_XZP61019.1_68	ptg000216l_1	94.118	17	468	47	63	107262	107278	27.4	0.82
lcl|PX244389.1_cds_XZP61019.1_68	ptg000216l_1	94.118	17	468	345	361	140523	140507	27.4	0.82
lcl|PX244389.1_cds_XZP61019.1_68	ptg000216l_1	100.000	14	468	446	459	27989	27976	26.5	0.82
lcl|PX244389.1_cds_XZP61019.1_68	ptg000216l_1	86.364	22	468	442	461	11319	11298	24.7	2.8
lcl|PX244389.1_cds_XZP61019.1_68	ptg000216l_1	100.000	13	468	58	70	103902	103914	24.7	2.8
lcl|PX244389.1_cds_XZP61019.1_68	ptg000216l_1	86.364	22	468	442	461	161590	161569	24.7	2.8
lcl|PX244389.1_cds_XZP61019.1_68	ptg000216l_1	93.333	15	468	156	170	62566	62552	23.8	9.9
lcl|PX244389.1_cds_XZP61019.1_68	ptg000216l_1	100.000	12	468	408	419	8384	8373	22.9	9.9
lcl|PX244389.1_cds_XZP61019.1_68	ptg000216l_1	100.000	12	468	13	24	9265	9254	22.9	9.9
lcl|PX244389.1_cds_XZP61019.1_68	ptg000216l_1	100.000	12	468	142	153	15410	15421	22.9	9.9
lcl|PX244389.1_cds_XZP61019.1_68	ptg000216l_1	100.000	12	468	231	242	26647	26658	22.9	9.9
lcl|PX244389.1_cds_XZP61019.1_68	ptg000216l_1	100.000	12	468	409	420	76133	76122	22.9	9.9
lcl|PX244389.1_cds_XZP61019.1_68	ptg000216l_1	100.000	12	468	408	419	158655	158644	22.9	9.9
lcl|PX244389.1_cds_XZP61019.1_68	ptg000216l_1	100.000	12	468	13	24	159536	159525	22.9	9.9
lcl|PX244389.1_cds_XZP61019.1_68	ptg000216l_1	100.000	12	468	142	153	165674	165685	22.9	9.9
lcl|PX244389.1_cds_XZP61020.1_69	ptg000216l_1	99.187	5169	5166	1	5166	96474	101639	9120	0.0
lcl|PX244389.1_cds_XZP61020.1_69	ptg000216l_1	99.818	1097	5166	1	1097	115377	114282	1966	0.0
lcl|PX244389.1_cds_XZP61020.1_69	ptg000216l_1	83.784	37	5166	1089	1125	37063	37032	36.5	0.018
lcl|PX244389.1_cds_XZP61020.1_69	ptg000216l_1	100.000	17	5166	4132	4148	145378	145362	31.9	0.22
lcl|PX244389.1_cds_XZP61020.1_69	ptg000216l_1	90.476	21	5166	1489	1509	35337	35317	30.1	0.77
lcl|PX244389.1_cds_XZP61020.1_69	ptg000216l_1	100.000	16	5166	1534	1549	36235	36250	30.1	0.77
lcl|PX244389.1_cds_XZP61020.1_69	ptg000216l_1	84.615	26	5166	1074	1099	43068	43093	30.1	0.77
lcl|PX244389.1_cds_XZP61020.1_69	ptg000216l_1	88.000	25	5166	2986	3009	102016	101992	29.2	2.7
lcl|PX244389.1_cds_XZP61020.1_69	ptg000216l_1	100.000	15	5166	178	192	1817	1803	28.3	2.7
lcl|PX244389.1_cds_XZP61020.1_69	ptg000216l_1	100.000	15	5166	1089	1103	50646	50660	28.3	2.7
lcl|PX244389.1_cds_XZP61020.1_69	ptg000216l_1	85.185	27	5166	2063	2088	55843	55817	28.3	2.7
lcl|PX244389.1_cds_XZP61020.1_69	ptg000216l_1	84.000	25	5166	1286	1310	75401	75425	28.3	2.7
lcl|PX244389.1_cds_XZP61020.1_69	ptg000216l_1	100.000	15	5166	413	427	110473	110459	28.3	2.7
lcl|PX244389.1_cds_XZP61020.1_69	ptg000216l_1	84.000	25	5166	1286	1310	136447	136423	28.3	2.7
lcl|PX244389.1_cds_XZP61020.1_69	ptg000216l_1	100.000	15	5166	795	809	142641	142655	28.3	2.7
lcl|PX244389.1_cds_XZP61020.1_69	ptg000216l_1	100.000	15	5166	178	192	152091	152077	28.3	2.7
lcl|PX244389.1_cds_XZP61020.1_69	ptg000216l_1	94.118	17	5166	2615	2631	11535	11551	27.4	9.4
lcl|PX244389.1_cds_XZP61020.1_69	ptg000216l_1	94.737	19	5166	4053	4071	17809	17792	27.4	9.4
lcl|PX244389.1_cds_XZP61020.1_69	ptg000216l_1	94.118	17	5166	5046	5062	24948	24964	27.4	9.4
lcl|PX244389.1_cds_XZP61020.1_69	ptg000216l_1	86.364	22	5166	786	807	26869	26890	27.4	9.4
lcl|PX244389.1_cds_XZP61021.1_70	ptg000216l_1	100.000	279	279	1	279	101850	102128	504	6.54e-145
lcl|PX244389.1_cds_XZP61021.1_70	ptg000216l_1	88.000	25	279	143	167	99480	99457	29.2	0.14
lcl|PX244389.1_cds_XZP61021.1_70	ptg000216l_1	93.750	16	279	235	250	43117	43102	25.6	1.7
lcl|PX244389.1_cds_XZP61021.1_70	ptg000216l_1	94.118	17	279	168	183	84621	84637	23.8	5.8
lcl|PX244389.1_cds_XZP61021.1_70	ptg000216l_1	94.118	17	279	168	183	127229	127213	23.8	5.8
lcl|PX244389.1_cds_XZP61021.1_70	ptg000216l_1	88.235	17	279	71	87	16371	16355	22.9	5.8
lcl|PX244389.1_cds_XZP61021.1_70	ptg000216l_1	100.000	12	279	232	243	41645	41656	22.9	5.8
lcl|PX244389.1_cds_XZP61021.1_70	ptg000216l_1	100.000	12	279	142	153	133189	133178	22.9	5.8
lcl|PX244389.1_cds_XZP61021.1_70	ptg000216l_1	100.000	12	279	67	78	148557	148546	22.9	5.8
lcl|PX244389.1_cds_XZP61021.1_70	ptg000216l_1	100.000	12	279	137	148	148704	148715	22.9	5.8
lcl|PX244389.1_cds_XZP61021.1_70	ptg000216l_1	88.235	17	279	71	87	166635	166619	22.9	5.8
lcl|PX244389.1_cds_XZP61022.1_71	ptg000216l_1	99.831	1182	1182	1	1182	102220	103401	2123	0.0
lcl|PX244389.1_cds_XZP61022.1_71	ptg000216l_1	87.500	24	1182	553	576	102193	102170	31.0	0.17
lcl|PX244389.1_cds_XZP61022.1_71	ptg000216l_1	84.615	26	1182	694	719	144966	144941	30.1	0.17
lcl|PX244389.1_cds_XZP61022.1_71	ptg000216l_1	86.364	22	1182	821	842	1806	1785	27.4	2.1
lcl|PX244389.1_cds_XZP61022.1_71	ptg000216l_1	86.364	22	1182	808	829	50974	50995	27.4	2.1
lcl|PX244389.1_cds_XZP61022.1_71	ptg000216l_1	86.364	22	1182	159	180	102191	102170	27.4	2.1
lcl|PX244389.1_cds_XZP61022.1_71	ptg000216l_1	86.364	22	1182	821	842	152080	152059	27.4	2.1
lcl|PX244389.1_cds_XZP61022.1_71	ptg000216l_1	93.750	16	1182	1148	1163	72536	72521	25.6	7.4
lcl|PX244389.1_cds_XZP61022.1_71	ptg000216l_1	100.000	13	1182	12	24	46452	46464	24.7	7.4
lcl|PX244389.1_cds_XZP61022.1_71	ptg000216l_1	100.000	13	1182	879	891	58329	58341	24.7	7.4
lcl|PX244389.1_cds_XZP61022.1_71	ptg000216l_1	100.000	13	1182	1046	1058	89484	89496	24.7	7.4
lcl|PX244389.1_cds_XZP61022.1_71	ptg000216l_1	100.000	13	1182	408	420	140589	140601	24.7	7.4
lcl|PX244389.1_cds_XZP61023.1_72	ptg000216l_1	99.638	552	1086	1	552	103403	103954	987	0.0
lcl|PX244389.1_cds_XZP61023.1_72	ptg000216l_1	99.813	535	1086	552	1086	104949	105483	961	0.0
lcl|PX244389.1_cds_XZP61023.1_72	ptg000216l_1	94.737	19	1086	867	885	40637	40619	31.0	0.16
lcl|PX244389.1_cds_XZP61023.1_72	ptg000216l_1	90.476	21	1086	540	560	24991	25011	30.1	0.16
lcl|PX244389.1_cds_XZP61023.1_72	ptg000216l_1	90.476	21	1086	540	560	175256	175276	30.1	0.16
lcl|PX244389.1_cds_XZP61023.1_72	ptg000216l_1	87.500	24	1086	329	349	2709	2732	29.2	0.56
lcl|PX244389.1_cds_XZP61023.1_72	ptg000216l_1	86.957	23	1086	377	399	69948	69970	29.2	0.56
lcl|PX244389.1_cds_XZP61023.1_72	ptg000216l_1	87.500	24	1086	329	349	152983	153006	29.2	0.56
lcl|PX244389.1_cds_XZP61023.1_72	ptg000216l_1	100.000	15	1086	707	721	84594	84608	28.3	0.56
lcl|PX244389.1_cds_XZP61023.1_72	ptg000216l_1	100.000	15	1086	707	721	127256	127242	28.3	0.56
lcl|PX244389.1_cds_XZP61023.1_72	ptg000216l_1	100.000	14	1086	1022	1035	4514	4501	26.5	1.9
lcl|PX244389.1_cds_XZP61023.1_72	ptg000216l_1	100.000	14	1086	42	55	82448	82435	26.5	1.9
lcl|PX244389.1_cds_XZP61023.1_72	ptg000216l_1	100.000	14	1086	462	475	97957	97944	26.5	1.9
lcl|PX244389.1_cds_XZP61023.1_72	ptg000216l_1	100.000	14	1086	941	954	104006	104019	26.5	1.9
lcl|PX244389.1_cds_XZP61023.1_72	ptg000216l_1	100.000	14	1086	42	55	129402	129415	26.5	1.9
lcl|PX244389.1_cds_XZP61023.1_72	ptg000216l_1	86.957	23	1086	912	934	146072	146052	26.5	1.9
lcl|PX244389.1_cds_XZP61023.1_72	ptg000216l_1	100.000	14	1086	1022	1035	154788	154775	26.5	1.9
lcl|PX244389.1_cds_XZP61023.1_72	ptg000216l_1	93.750	16	1086	897	912	64276	64261	25.6	6.8
lcl|PX244389.1_cds_XZP61023.1_72	ptg000216l_1	85.714	21	1086	1057	1077	66359	66379	25.6	6.8
lcl|PX244389.1_cds_XZP61023.1_72	ptg000216l_1	93.750	16	1086	939	954	97853	97838	25.6	6.8
lcl|PX244389.1_cds_XZP61024.1_73	ptg000216l_1	99.405	504	504	1	504	105561	106064	896	0.0
lcl|PX244389.1_cds_XZP61024.1_73	ptg000216l_1	100.000	15	504	195	209	45095	45109	28.3	0.25
lcl|PX244389.1_cds_XZP61024.1_73	ptg000216l_1	100.000	14	504	485	498	58431	58444	26.5	0.88
lcl|PX244389.1_cds_XZP61024.1_73	ptg000216l_1	94.444	18	504	134	150	16610	16593	25.6	3.1
lcl|PX244389.1_cds_XZP61024.1_73	ptg000216l_1	75.000	36	504	283	318	143637	143672	25.6	3.1
lcl|PX244389.1_cds_XZP61024.1_73	ptg000216l_1	94.444	18	504	134	150	166874	166857	25.6	3.1
lcl|PX244389.1_cds_XZP61024.1_73	ptg000216l_1	88.889	18	504	176	193	1915	1898	24.7	3.1
lcl|PX244389.1_cds_XZP61024.1_73	ptg000216l_1	100.000	13	504	440	452	18330	18318	24.7	3.1
lcl|PX244389.1_cds_XZP61024.1_73	ptg000216l_1	100.000	13	504	157	169	62547	62535	24.7	3.1
lcl|PX244389.1_cds_XZP61024.1_73	ptg000216l_1	88.889	18	504	176	193	152189	152172	24.7	3.1
lcl|PX244389.1_cds_XZP61024.1_73	ptg000216l_1	100.000	13	504	440	452	168594	168582	24.7	3.1
lcl|PX244389.1_cds_XZP61025.1_74	ptg000216l_1	99.435	531	531	1	531	106309	106839	945	0.0
lcl|PX244389.1_cds_XZP61025.1_74	ptg000216l_1	100.000	16	531	312	327	14657	14672	30.1	0.076
lcl|PX244389.1_cds_XZP61025.1_74	ptg000216l_1	100.000	16	531	312	327	164923	164938	30.1	0.076
lcl|PX244389.1_cds_XZP61025.1_74	ptg000216l_1	100.000	14	531	507	520	29624	29611	26.5	0.93
lcl|PX244389.1_cds_XZP61025.1_74	ptg000216l_1	100.000	13	531	488	500	32919	32931	24.7	3.2
lcl|PX244389.1_cds_XZP61025.1_74	ptg000216l_1	86.364	22	531	141	162	99312	99293	24.7	3.2
lcl|PX244389.1_cds_XZP61026.1_75	ptg000216l_1	99.020	306	306	1	306	107015	107320	539	3.50e-155
lcl|PX244389.1_cds_XZP61026.1_75	ptg000216l_1	80.645	31	306	32	62	96463	96433	30.1	0.043
lcl|PX244389.1_cds_XZP61026.1_75	ptg000216l_1	80.645	31	306	32	62	115388	115418	30.1	0.043
lcl|PX244389.1_cds_XZP61026.1_75	ptg000216l_1	94.118	17	306	248	264	85473	85457	27.4	0.52
lcl|PX244389.1_cds_XZP61026.1_75	ptg000216l_1	94.118	17	306	248	264	126377	126393	27.4	0.52
lcl|PX244389.1_cds_XZP61026.1_75	ptg000216l_1	89.474	19	306	24	42	40562	40544	26.5	0.52
lcl|PX244389.1_cds_XZP61026.1_75	ptg000216l_1	100.000	13	306	291	303	2224	2236	24.7	1.8
lcl|PX244389.1_cds_XZP61026.1_75	ptg000216l_1	100.000	13	306	138	150	65720	65708	24.7	1.8
lcl|PX244389.1_cds_XZP61026.1_75	ptg000216l_1	100.000	13	306	214	226	83221	83233	24.7	1.8
lcl|PX244389.1_cds_XZP61026.1_75	ptg000216l_1	88.889	18	306	31	48	109286	109303	24.7	1.8
lcl|PX244389.1_cds_XZP61026.1_75	ptg000216l_1	100.000	13	306	114	126	113430	113418	24.7	1.8
lcl|PX244389.1_cds_XZP61026.1_75	ptg000216l_1	100.000	13	306	214	226	128629	128617	24.7	1.8
lcl|PX244389.1_cds_XZP61026.1_75	ptg000216l_1	100.000	13	306	291	303	152498	152510	24.7	1.8
lcl|PX244389.1_cds_XZP61026.1_75	ptg000216l_1	93.333	15	306	277	291	76676	76662	23.8	6.4
lcl|PX244389.1_cds_XZP61026.1_75	ptg000216l_1	93.333	15	306	277	291	135172	135186	23.8	6.4
lcl|PX244389.1_cds_XZP61026.1_75	ptg000216l_1	100.000	12	306	165	176	9872	9861	22.9	6.4
lcl|PX244389.1_cds_XZP61026.1_75	ptg000216l_1	100.000	12	306	295	306	19405	19394	22.9	6.4
lcl|PX244389.1_cds_XZP61026.1_75	ptg000216l_1	100.000	12	306	295	306	103698	103687	22.9	6.4
lcl|PX244389.1_cds_XZP61026.1_75	ptg000216l_1	100.000	12	306	20	31	144189	144178	22.9	6.4
lcl|PX244389.1_cds_XZP61026.1_75	ptg000216l_1	77.778	27	306	280	306	144813	144787	22.9	6.4
lcl|PX244389.1_cds_XZP61027.1_76	ptg000216l_1	100.000	246	246	1	246	107625	107870	444	4.69e-127
lcl|PX244389.1_cds_XZP61027.1_76	ptg000216l_1	93.750	16	246	120	135	81234	81249	25.6	1.4
lcl|PX244389.1_cds_XZP61027.1_76	ptg000216l_1	93.750	16	246	120	135	130614	130599	25.6	1.4
lcl|PX244389.1_cds_XZP61027.1_76	ptg000216l_1	88.889	18	246	94	111	4589	4606	24.7	1.4
lcl|PX244389.1_cds_XZP61027.1_76	ptg000216l_1	88.889	18	246	94	111	154863	154880	24.7	1.4
lcl|PX244389.1_cds_XZP61027.1_76	ptg000216l_1	100.000	12	246	71	82	20782	20793	22.9	5.0
lcl|PX244389.1_cds_XZP61027.1_76	ptg000216l_1	100.000	12	246	28	39	30501	30490	22.9	5.0
lcl|PX244389.1_cds_XZP61027.1_76	ptg000216l_1	100.000	12	246	177	188	133486	133497	22.9	5.0
lcl|PX244389.1_cds_XZP61027.1_76	ptg000216l_1	100.000	12	246	108	119	161362	161373	22.9	5.0
lcl|PX244389.1_cds_XZP61027.1_76	ptg000216l_1	100.000	12	246	71	82	171046	171057	22.9	5.0
lcl|PX244389.1_cds_XZP61028.1_77	ptg000216l_1	99.402	1506	1506	1	1506	107998	109502	2672	0.0
lcl|PX244389.1_cds_XZP61028.1_77	ptg000216l_1	100.000	15	1506	339	353	8024	8038	28.3	0.78
lcl|PX244389.1_cds_XZP61028.1_77	ptg000216l_1	90.000	20	1506	944	963	46127	46146	28.3	0.78
lcl|PX244389.1_cds_XZP61028.1_77	ptg000216l_1	100.000	15	1506	76	90	53099	53085	28.3	0.78
lcl|PX244389.1_cds_XZP61028.1_77	ptg000216l_1	100.000	15	1506	339	353	158295	158309	28.3	0.78
lcl|PX244389.1_cds_XZP61028.1_77	ptg000216l_1	86.364	22	1506	946	967	84029	84008	27.4	2.7
lcl|PX244389.1_cds_XZP61028.1_77	ptg000216l_1	86.364	22	1506	946	967	127821	127842	27.4	2.7
lcl|PX244389.1_cds_XZP61028.1_77	ptg000216l_1	89.474	19	1506	649	667	17444	17426	26.5	2.7
lcl|PX244389.1_cds_XZP61028.1_77	ptg000216l_1	100.000	14	1506	1299	1312	18302	18315	26.5	2.7
lcl|PX244389.1_cds_XZP61028.1_77	ptg000216l_1	100.000	14	1506	637	650	45289	45276	26.5	2.7
lcl|PX244389.1_cds_XZP61028.1_77	ptg000216l_1	100.000	14	1506	639	652	45294	45281	26.5	2.7
lcl|PX244389.1_cds_XZP61028.1_77	ptg000216l_1	100.000	14	1506	647	660	106281	106294	26.5	2.7
lcl|PX244389.1_cds_XZP61028.1_77	ptg000216l_1	75.610	41	1506	904	944	113042	113081	26.5	2.7
lcl|PX244389.1_cds_XZP61028.1_77	ptg000216l_1	89.474	19	1506	649	667	167708	167690	26.5	2.7
lcl|PX244389.1_cds_XZP61028.1_77	ptg000216l_1	100.000	14	1506	1299	1312	168566	168579	26.5	2.7
lcl|PX244389.1_cds_XZP61028.1_77	ptg000216l_1	93.750	16	1506	109	124	2345	2360	25.6	9.4
lcl|PX244389.1_cds_XZP61028.1_77	ptg000216l_1	93.750	16	1506	109	124	152619	152634	25.6	9.4
lcl|PX244389.1_cds_XZP61028.1_77	ptg000216l_1	100.000	13	1506	1472	1484	18032	18020	24.7	9.4
lcl|PX244389.1_cds_XZP61028.1_77	ptg000216l_1	100.000	13	1506	942	954	22781	22793	24.7	9.4
lcl|PX244389.1_cds_XZP61028.1_77	ptg000216l_1	88.889	18	1506	1218	1235	25786	25803	24.7	9.4
lcl|PX244389.1_cds_XZP61029.1_78	ptg000216l_1	99.688	960	960	1	960	110715	109758	1711	0.0
lcl|PX244389.1_cds_XZP61029.1_78	ptg000216l_1	100.000	16	960	57	72	110644	110659	30.1	0.14
lcl|PX244389.1_cds_XZP61029.1_78	ptg000216l_1	94.444	18	960	197	214	2097	2080	29.2	0.49
lcl|PX244389.1_cds_XZP61029.1_78	ptg000216l_1	95.000	20	960	521	540	39526	39544	29.2	0.49
lcl|PX244389.1_cds_XZP61029.1_78	ptg000216l_1	86.957	23	960	478	500	113000	112978	29.2	0.49
lcl|PX244389.1_cds_XZP61029.1_78	ptg000216l_1	94.444	18	960	197	214	152371	152354	29.2	0.49
lcl|PX244389.1_cds_XZP61029.1_78	ptg000216l_1	100.000	15	960	243	257	96886	96900	28.3	0.49
lcl|PX244389.1_cds_XZP61029.1_78	ptg000216l_1	100.000	15	960	243	257	114965	114951	28.3	0.49
lcl|PX244389.1_cds_XZP61029.1_78	ptg000216l_1	94.118	17	960	498	514	162367	162351	27.4	1.7
lcl|PX244389.1_cds_XZP61029.1_78	ptg000216l_1	100.000	14	960	632	645	59198	59185	26.5	1.7
lcl|PX244389.1_cds_XZP61029.1_78	ptg000216l_1	100.000	14	960	497	510	70485	70498	26.5	1.7
lcl|PX244389.1_cds_XZP61029.1_78	ptg000216l_1	89.474	19	960	29	47	86688	86706	26.5	1.7
lcl|PX244389.1_cds_XZP61029.1_78	ptg000216l_1	89.474	19	960	29	47	125162	125144	26.5	1.7
lcl|PX244389.1_cds_XZP61029.1_78	ptg000216l_1	93.750	16	960	683	698	21325	21340	25.6	6.0
lcl|PX244389.1_cds_XZP61029.1_78	ptg000216l_1	93.750	16	960	110	125	34447	34462	25.6	6.0
lcl|PX244389.1_cds_XZP61029.1_78	ptg000216l_1	93.750	16	960	677	692	105035	105050	25.6	6.0
lcl|PX244389.1_cds_XZP61029.1_78	ptg000216l_1	93.750	16	960	683	698	171588	171603	25.6	6.0
lcl|PX244389.1_cds_XZP61029.1_78	ptg000216l_1	100.000	13	960	37	49	8054	8066	24.7	6.0
lcl|PX244389.1_cds_XZP61029.1_78	ptg000216l_1	88.889	18	960	481	498	22072	22089	24.7	6.0
lcl|PX244389.1_cds_XZP61029.1_78	ptg000216l_1	100.000	13	960	497	509	68281	68269	24.7	6.0
lcl|PX244389.1_cds_XZP61030.1_79	ptg000216l_1	100.000	159	159	1	159	111490	111332	288	4.94e-80
lcl|PX244389.1_cds_XZP61030.1_79	ptg000216l_1	93.333	15	159	120	134	53371	53385	23.8	3.1
lcl|PX244389.1_cds_XZP61030.1_79	ptg000216l_1	100.000	12	159	1	12	10248	10259	22.9	3.1
lcl|PX244389.1_cds_XZP61030.1_79	ptg000216l_1	100.000	12	159	1	12	160519	160530	22.9	3.1
lcl|PX244389.1_cds_XZP61031.1_80	ptg000216l_1	99.369	2219	2220	1	2219	112099	114317	3939	0.0
lcl|PX244389.1_cds_XZP61031.1_80	ptg000216l_1	84.848	33	2220	1141	1172	41361	41329	34.6	0.027
lcl|PX244389.1_cds_XZP61031.1_80	ptg000216l_1	85.714	28	2220	1276	1303	49398	49424	30.1	0.33
lcl|PX244389.1_cds_XZP61031.1_80	ptg000216l_1	100.000	16	2220	2122	2137	143591	143606	30.1	0.33
lcl|PX244389.1_cds_XZP61031.1_80	ptg000216l_1	94.444	18	2220	940	957	14451	14468	29.2	1.1
lcl|PX244389.1_cds_XZP61031.1_80	ptg000216l_1	86.957	23	2220	880	902	110217	110239	29.2	1.1
lcl|PX244389.1_cds_XZP61031.1_80	ptg000216l_1	94.444	18	2220	859	876	142590	142607	29.2	1.1
lcl|PX244389.1_cds_XZP61031.1_80	ptg000216l_1	94.444	18	2220	940	957	164717	164734	29.2	1.1
lcl|PX244389.1_cds_XZP61031.1_80	ptg000216l_1	94.737	19	2220	662	679	86512	86530	27.4	4.0
lcl|PX244389.1_cds_XZP61031.1_80	ptg000216l_1	94.118	17	2220	1891	1907	107327	107343	27.4	4.0
lcl|PX244389.1_cds_XZP61031.1_80	ptg000216l_1	94.737	19	2220	662	679	125338	125320	27.4	4.0
lcl|PX244389.1_cds_XZP61031.1_80	ptg000216l_1	94.118	17	2220	663	679	143587	143571	27.4	4.0
lcl|PX244389.1_cds_XZP61031.1_80	ptg000216l_1	100.000	14	2220	1130	1143	32826	32813	26.5	4.0
lcl|PX244389.1_cds_XZP61031.1_80	ptg000216l_1	100.000	14	2220	1905	1918	63026	63039	26.5	4.0
lcl|PX244389.1_cds_XZP61031.1_80	ptg000216l_1	100.000	14	2220	1331	1344	96946	96959	26.5	4.0
lcl|PX244389.1_cds_XZP61031.1_80	ptg000216l_1	100.000	14	2220	1331	1344	114905	114892	26.5	4.0
lcl|PX244389.1_cds_XZP61031.1_80	ptg000216l_1	100.000	14	2220	201	214	143668	143681	26.5	4.0
lcl|PX244389.1_cds_XZP61032.1_81	ptg000216l_1	99.573	468	468	1	468	85519	85052	836	0.0
lcl|PX244389.1_cds_XZP61032.1_81	ptg000216l_1	99.573	468	468	1	468	126331	126798	836	0.0
lcl|PX244389.1_cds_XZP61032.1_81	ptg000216l_1	87.500	24	468	135	158	59206	59183	31.0	0.067
lcl|PX244389.1_cds_XZP61032.1_81	ptg000216l_1	90.000	20	468	244	263	7647	7628	28.3	0.23
lcl|PX244389.1_cds_XZP61032.1_81	ptg000216l_1	90.000	20	468	244	263	157918	157899	28.3	0.23
lcl|PX244389.1_cds_XZP61032.1_81	ptg000216l_1	94.118	17	468	47	63	107262	107278	27.4	0.82
lcl|PX244389.1_cds_XZP61032.1_81	ptg000216l_1	94.118	17	468	345	361	140523	140507	27.4	0.82
lcl|PX244389.1_cds_XZP61032.1_81	ptg000216l_1	100.000	14	468	446	459	27989	27976	26.5	0.82
lcl|PX244389.1_cds_XZP61032.1_81	ptg000216l_1	86.364	22	468	442	461	11319	11298	24.7	2.8
lcl|PX244389.1_cds_XZP61032.1_81	ptg000216l_1	100.000	13	468	58	70	103902	103914	24.7	2.8
lcl|PX244389.1_cds_XZP61032.1_81	ptg000216l_1	86.364	22	468	442	461	161590	161569	24.7	2.8
lcl|PX244389.1_cds_XZP61032.1_81	ptg000216l_1	93.333	15	468	156	170	62566	62552	23.8	9.9
lcl|PX244389.1_cds_XZP61032.1_81	ptg000216l_1	100.000	12	468	408	419	8384	8373	22.9	9.9
lcl|PX244389.1_cds_XZP61032.1_81	ptg000216l_1	100.000	12	468	13	24	9265	9254	22.9	9.9
lcl|PX244389.1_cds_XZP61032.1_81	ptg000216l_1	100.000	12	468	142	153	15410	15421	22.9	9.9
lcl|PX244389.1_cds_XZP61032.1_81	ptg000216l_1	100.000	12	468	231	242	26647	26658	22.9	9.9
lcl|PX244389.1_cds_XZP61032.1_81	ptg000216l_1	100.000	12	468	409	420	76133	76122	22.9	9.9
lcl|PX244389.1_cds_XZP61032.1_81	ptg000216l_1	100.000	12	468	408	419	158655	158644	22.9	9.9
lcl|PX244389.1_cds_XZP61032.1_81	ptg000216l_1	100.000	12	468	13	24	159536	159525	22.9	9.9
lcl|PX244389.1_cds_XZP61032.1_81	ptg000216l_1	100.000	12	468	142	153	165674	165685	22.9	9.9
lcl|PX244389.1_cds_XZP61033.1_82	ptg000216l_1	100.000	777	1533	1	777	84731	83955	1402	0.0
lcl|PX244389.1_cds_XZP61033.1_82	ptg000216l_1	100.000	777	1533	1	777	127119	127895	1402	0.0
lcl|PX244389.1_cds_XZP61033.1_82	ptg000216l_1	100.000	756	1533	778	1533	83276	82521	1364	0.0
lcl|PX244389.1_cds_XZP61033.1_82	ptg000216l_1	100.000	756	1533	778	1533	128574	129329	1364	0.0
lcl|PX244389.1_cds_XZP61033.1_82	ptg000216l_1	85.185	27	1533	283	307	55288	55314	29.2	0.79
lcl|PX244389.1_cds_XZP61033.1_82	ptg000216l_1	100.000	15	1533	124	138	105118	105104	28.3	0.79
lcl|PX244389.1_cds_XZP61033.1_82	ptg000216l_1	94.118	17	1533	135	151	82404	82388	27.4	2.8
lcl|PX244389.1_cds_XZP61033.1_82	ptg000216l_1	86.364	22	1533	703	724	108942	108963	27.4	2.8
lcl|PX244389.1_cds_XZP61033.1_82	ptg000216l_1	94.118	17	1533	135	151	129446	129462	27.4	2.8
lcl|PX244389.1_cds_XZP61033.1_82	ptg000216l_1	100.000	14	1533	225	238	5982	5995	26.5	2.8
lcl|PX244389.1_cds_XZP61033.1_82	ptg000216l_1	89.474	19	1533	104	122	9962	9944	26.5	2.8
lcl|PX244389.1_cds_XZP61033.1_82	ptg000216l_1	100.000	14	1533	1168	1181	35331	35318	26.5	2.8
lcl|PX244389.1_cds_XZP61033.1_82	ptg000216l_1	100.000	14	1533	996	1009	72579	72592	26.5	2.8
lcl|PX244389.1_cds_XZP61033.1_82	ptg000216l_1	100.000	14	1533	1424	1437	74834	74821	26.5	2.8
lcl|PX244389.1_cds_XZP61033.1_82	ptg000216l_1	100.000	14	1533	1424	1437	137014	137027	26.5	2.8
lcl|PX244389.1_cds_XZP61033.1_82	ptg000216l_1	100.000	14	1533	996	1009	139272	139259	26.5	2.8
lcl|PX244389.1_cds_XZP61033.1_82	ptg000216l_1	100.000	14	1533	225	238	156253	156266	26.5	2.8
lcl|PX244389.1_cds_XZP61033.1_82	ptg000216l_1	89.474	19	1533	104	122	160233	160215	26.5	2.8
lcl|PX244389.1_cds_XZP61033.1_82	ptg000216l_1	93.750	16	1533	1169	1184	7756	7771	25.6	9.6
lcl|PX244389.1_cds_XZP61033.1_82	ptg000216l_1	93.750	16	1533	48	63	37529	37514	25.6	9.6
lcl|PX244389.1_cds_XZP61034.1_83	ptg000216l_1	99.897	6771	6771	1	6771	137725	130955	12180	0.0
lcl|PX244389.1_cds_XZP61034.1_83	ptg000216l_1	99.852	6771	6771	1	6771	74126	80893	12165	0.0
lcl|PX244389.1_cds_XZP61034.1_83	ptg000216l_1	92.308	26	6771	1404	1429	75551	75526	39.2	0.002
lcl|PX244389.1_cds_XZP61034.1_83	ptg000216l_1	92.308	26	6771	1404	1429	136297	136322	39.2	0.002
lcl|PX244389.1_cds_XZP61034.1_83	ptg000216l_1	100.000	20	6771	1601	1620	3621	3640	37.4	0.007
lcl|PX244389.1_cds_XZP61034.1_83	ptg000216l_1	100.000	20	6771	1601	1620	153895	153914	37.4	0.007
lcl|PX244389.1_cds_XZP61034.1_83	ptg000216l_1	100.000	18	6771	2140	2157	76279	76262	33.7	0.083
lcl|PX244389.1_cds_XZP61034.1_83	ptg000216l_1	100.000	18	6771	2140	2157	135569	135586	33.7	0.083
lcl|PX244389.1_cds_XZP61034.1_83	ptg000216l_1	87.500	24	6771	1758	1781	62713	62690	31.0	1.0
lcl|PX244389.1_cds_XZP61034.1_83	ptg000216l_1	90.476	21	6771	2015	2035	20120	20100	30.1	1.0
lcl|PX244389.1_cds_XZP61034.1_83	ptg000216l_1	100.000	16	6771	1971	1986	86709	86694	30.1	1.0
lcl|PX244389.1_cds_XZP61034.1_83	ptg000216l_1	80.645	31	6771	2194	2224	106859	106889	30.1	1.0
lcl|PX244389.1_cds_XZP61034.1_83	ptg000216l_1	100.000	16	6771	1971	1986	125141	125156	30.1	1.0
lcl|PX244389.1_cds_XZP61034.1_83	ptg000216l_1	90.476	21	6771	2015	2035	170384	170364	30.1	1.0
lcl|PX244389.1_cds_XZP61034.1_83	ptg000216l_1	94.444	18	6771	730	747	24494	24477	29.2	3.5
lcl|PX244389.1_cds_XZP61034.1_83	ptg000216l_1	86.957	23	6771	1616	1638	25815	25793	29.2	3.5
lcl|PX244389.1_cds_XZP61034.1_83	ptg000216l_1	88.000	25	6771	2199	2223	29343	29320	29.2	3.5
lcl|PX244389.1_cds_XZP61034.1_83	ptg000216l_1	94.444	18	6771	4359	4376	36395	36412	29.2	3.5
lcl|PX244389.1_cds_XZP61034.1_83	ptg000216l_1	94.444	18	6771	5042	5059	42280	42263	29.2	3.5
lcl|PX244389.1_cds_XZP61034.1_83	ptg000216l_1	86.957	23	6771	3766	3788	109346	109324	29.2	3.5
lcl|PX244389.1_cds_XZP61035.1_84	ptg000216l_1	100.000	282	282	1	282	73793	73512	509	1.56e-146
lcl|PX244389.1_cds_XZP61035.1_84	ptg000216l_1	100.000	282	282	1	282	138058	138339	509	1.56e-146
lcl|PX244389.1_cds_XZP61035.1_84	ptg000216l_1	86.364	22	282	56	77	44005	44026	27.4	0.48
lcl|PX244389.1_cds_XZP61035.1_84	ptg000216l_1	100.000	13	282	252	264	113319	113331	24.7	1.7
lcl|PX244389.1_cds_XZP61035.1_84	ptg000216l_1	93.333	15	282	263	277	21336	21322	23.8	5.8
lcl|PX244389.1_cds_XZP61035.1_84	ptg000216l_1	85.000	20	282	101	120	45214	45233	23.8	5.8
lcl|PX244389.1_cds_XZP61035.1_84	ptg000216l_1	89.474	19	282	141	159	45754	45738	23.8	5.8
lcl|PX244389.1_cds_XZP61035.1_84	ptg000216l_1	93.333	15	282	263	277	171599	171585	23.8	5.8
lcl|PX244389.1_cds_XZP61035.1_84	ptg000216l_1	100.000	12	282	263	274	3043	3032	22.9	5.8
lcl|PX244389.1_cds_XZP61035.1_84	ptg000216l_1	100.000	12	282	267	278	100367	100378	22.9	5.8
lcl|PX244389.1_cds_XZP61035.1_84	ptg000216l_1	100.000	12	282	99	110	148194	148183	22.9	5.8
lcl|PX244389.1_cds_XZP61035.1_84	ptg000216l_1	100.000	12	282	263	274	153317	153306	22.9	5.8
lcl|PX244389.1_cds_XZP61036.1_85	ptg000216l_1	100.000	435	825	391	825	72432	71998	785	0.0
lcl|PX244389.1_cds_XZP61036.1_85	ptg000216l_1	100.000	435	825	391	825	139419	139853	785	0.0
lcl|PX244389.1_cds_XZP61036.1_85	ptg000216l_1	100.000	391	825	1	391	73488	73098	706	0.0
lcl|PX244389.1_cds_XZP61036.1_85	ptg000216l_1	100.000	391	825	1	391	138363	138753	706	0.0
lcl|PX244389.1_cds_XZP61036.1_85	ptg000216l_1	94.118	17	825	558	574	63586	63570	27.4	1.5
lcl|PX244389.1_cds_XZP61036.1_85	ptg000216l_1	100.000	14	825	202	215	17013	17000	26.5	1.5
lcl|PX244389.1_cds_XZP61036.1_85	ptg000216l_1	100.000	14	825	202	215	167277	167264	26.5	1.5
lcl|PX244389.1_cds_XZP61036.1_85	ptg000216l_1	88.889	18	825	240	257	35964	35981	24.7	5.1
lcl|PX244389.1_cds_XZP61036.1_85	ptg000216l_1	100.000	13	825	200	212	86609	86597	24.7	5.1
lcl|PX244389.1_cds_XZP61036.1_85	ptg000216l_1	100.000	13	825	730	742	92117	92105	24.7	5.1
lcl|PX244389.1_cds_XZP61036.1_85	ptg000216l_1	100.000	13	825	217	229	120246	120234	24.7	5.1
lcl|PX244389.1_cds_XZP61036.1_85	ptg000216l_1	100.000	13	825	200	212	125241	125253	24.7	5.1
lcl|PX244389.1_cds_XZP61036.1_85	ptg000216l_1	100.000	13	825	774	786	154361	154349	24.7	5.1
