sample_id	batch	species	popcode	track_id	organelle	purpose	record	region_count	region_bp	total_depth	mean_depth	bases_ge_1x	breadth_ge_1x	bases_ge_5x	breadth_ge_5x	bases_ge_10x	breadth_ge_10x	bed_path	depth_path
DU-173	QB3.Berkeley.241122/QB3.Dudleya.Results.250118			cpdna_full_coverage	cpDNA	sample_qc_coverage	chloroplast	1	150274	2647718970	17619.275257	150274	1.000000	150274	1.000000	150274	1.000000	dudleya_organelle_alignment_pipeline/results/05_analysis_masks/cpdna_full_coverage_regions.bed	dudleya_organelle_alignment_pipeline/results/06_all_sample_alignment/qc/DU-173.depth.tsv
DU-173	QB3.Berkeley.241122/QB3.Dudleya.Results.250118			cpdna_ir_regions	cpDNA	repeat_annotation	chloroplast	2	51472	1158520285	22507.776752	51472	1.000000	51472	1.000000	51472	1.000000	dudleya_organelle_alignment_pipeline/results/05_analysis_masks/cpdna_ir_regions.bed	dudleya_organelle_alignment_pipeline/results/06_all_sample_alignment/qc/DU-173.depth.tsv
DU-173	QB3.Berkeley.241122/QB3.Dudleya.Results.250118			cpdna_duplicate_ir_mask	cpDNA	mask	chloroplast	1	25736	550523182	21391.171200	25736	1.000000	25736	1.000000	25736	1.000000	dudleya_organelle_alignment_pipeline/results/05_analysis_masks/cpdna_duplicate_ir_copy_mask.bed	dudleya_organelle_alignment_pipeline/results/06_all_sample_alignment/qc/DU-173.depth.tsv
DU-173	QB3.Berkeley.241122/QB3.Dudleya.Results.250118			cpdna_population_sites	cpDNA	variant_calling_and_population_genetics	chloroplast	1	124538	2097195788	16839.806228	124538	1.000000	124538	1.000000	124538	1.000000	dudleya_organelle_alignment_pipeline/results/05_analysis_masks/cpdna_population_sites.bed	dudleya_organelle_alignment_pipeline/results/06_all_sample_alignment/qc/DU-173.depth.tsv
DU-173	QB3.Berkeley.241122/QB3.Dudleya.Results.250118			mtdna_permissive_coverage	mtDNA	sample_qc_coverage	mitochondria	1	243359	449898993	1848.704971	242289	0.995603	242287	0.995595	242278	0.995558	dudleya_organelle_alignment_pipeline/results/05_analysis_masks/mtdna_permissive_coverage_regions.bed	dudleya_organelle_alignment_pipeline/results/06_all_sample_alignment/qc/DU-173.depth.tsv
DU-173	QB3.Berkeley.241122/QB3.Dudleya.Results.250118			mtdna_high_confidence_unique	mtDNA	variant_calling_and_population_genetics	mitochondria	2	44930	138197708	3075.844825	44461	0.989562	44460	0.989539	44460	0.989539	dudleya_organelle_alignment_pipeline/results/05_analysis_masks/mtdna_high_confidence_unique_regions.bed	dudleya_organelle_alignment_pipeline/results/06_all_sample_alignment/qc/DU-173.depth.tsv
DU-229	QB3.Berkeley.241122/QB3.Dudleya.Results.250118			cpdna_full_coverage	cpDNA	sample_qc_coverage	chloroplast	1	150274	1459593198	9712.879127	150274	1.000000	150274	1.000000	150274	1.000000	dudleya_organelle_alignment_pipeline/results/05_analysis_masks/cpdna_full_coverage_regions.bed	dudleya_organelle_alignment_pipeline/results/06_all_sample_alignment/qc/DU-229.depth.tsv
DU-229	QB3.Berkeley.241122/QB3.Dudleya.Results.250118			cpdna_ir_regions	cpDNA	repeat_annotation	chloroplast	2	51472	665614620	12931.586494	51472	1.000000	51472	1.000000	51472	1.000000	dudleya_organelle_alignment_pipeline/results/05_analysis_masks/cpdna_ir_regions.bed	dudleya_organelle_alignment_pipeline/results/06_all_sample_alignment/qc/DU-229.depth.tsv
DU-229	QB3.Berkeley.241122/QB3.Dudleya.Results.250118			cpdna_duplicate_ir_mask	cpDNA	mask	chloroplast	1	25736	314590274	12223.743938	25736	1.000000	25736	1.000000	25736	1.000000	dudleya_organelle_alignment_pipeline/results/05_analysis_masks/cpdna_duplicate_ir_copy_mask.bed	dudleya_organelle_alignment_pipeline/results/06_all_sample_alignment/qc/DU-229.depth.tsv
DU-229	QB3.Berkeley.241122/QB3.Dudleya.Results.250118			cpdna_population_sites	cpDNA	variant_calling_and_population_genetics	chloroplast	1	124538	1145002924	9194.004432	124538	1.000000	124538	1.000000	124538	1.000000	dudleya_organelle_alignment_pipeline/results/05_analysis_masks/cpdna_population_sites.bed	dudleya_organelle_alignment_pipeline/results/06_all_sample_alignment/qc/DU-229.depth.tsv
DU-229	QB3.Berkeley.241122/QB3.Dudleya.Results.250118			mtdna_permissive_coverage	mtDNA	sample_qc_coverage	mitochondria	1	243359	223622142	918.898179	230427	0.946860	230070	0.945393	229989	0.945061	dudleya_organelle_alignment_pipeline/results/05_analysis_masks/mtdna_permissive_coverage_regions.bed	dudleya_organelle_alignment_pipeline/results/06_all_sample_alignment/qc/DU-229.depth.tsv
DU-229	QB3.Berkeley.241122/QB3.Dudleya.Results.250118			mtdna_high_confidence_unique	mtDNA	variant_calling_and_population_genetics	mitochondria	2	44930	69158850	1539.257734	44930	1.000000	44930	1.000000	44930	1.000000	dudleya_organelle_alignment_pipeline/results/05_analysis_masks/mtdna_high_confidence_unique_regions.bed	dudleya_organelle_alignment_pipeline/results/06_all_sample_alignment/qc/DU-229.depth.tsv
DU-247	QB3.Berkeley.241122/QB3.Dudleya.Results.250118			cpdna_full_coverage	cpDNA	sample_qc_coverage	chloroplast	1	150274	1580505086	10517.488627	150274	1.000000	150274	1.000000	150274	1.000000	dudleya_organelle_alignment_pipeline/results/05_analysis_masks/cpdna_full_coverage_regions.bed	dudleya_organelle_alignment_pipeline/results/06_all_sample_alignment/qc/DU-247.depth.tsv
DU-247	QB3.Berkeley.241122/QB3.Dudleya.Results.250118			cpdna_ir_regions	cpDNA	repeat_annotation	chloroplast	2	51472	622966435	12103.015912	51472	1.000000	51472	1.000000	51472	1.000000	dudleya_organelle_alignment_pipeline/results/05_analysis_masks/cpdna_ir_regions.bed	dudleya_organelle_alignment_pipeline/results/06_all_sample_alignment/qc/DU-247.depth.tsv
DU-247	QB3.Berkeley.241122/QB3.Dudleya.Results.250118			cpdna_duplicate_ir_mask	cpDNA	mask	chloroplast	1	25736	298298857	11590.723384	25736	1.000000	25736	1.000000	25736	1.000000	dudleya_organelle_alignment_pipeline/results/05_analysis_masks/cpdna_duplicate_ir_copy_mask.bed	dudleya_organelle_alignment_pipeline/results/06_all_sample_alignment/qc/DU-247.depth.tsv
DU-247	QB3.Berkeley.241122/QB3.Dudleya.Results.250118			cpdna_population_sites	cpDNA	variant_calling_and_population_genetics	chloroplast	1	124538	1282206229	10295.702749	124538	1.000000	124538	1.000000	124538	1.000000	dudleya_organelle_alignment_pipeline/results/05_analysis_masks/cpdna_population_sites.bed	dudleya_organelle_alignment_pipeline/results/06_all_sample_alignment/qc/DU-247.depth.tsv
DU-247	QB3.Berkeley.241122/QB3.Dudleya.Results.250118			mtdna_permissive_coverage	mtDNA	sample_qc_coverage	mitochondria	1	243359	206500192	848.541422	243359	1.000000	243357	0.999992	243356	0.999988	dudleya_organelle_alignment_pipeline/results/05_analysis_masks/mtdna_permissive_coverage_regions.bed	dudleya_organelle_alignment_pipeline/results/06_all_sample_alignment/qc/DU-247.depth.tsv
DU-247	QB3.Berkeley.241122/QB3.Dudleya.Results.250118			mtdna_high_confidence_unique	mtDNA	variant_calling_and_population_genetics	mitochondria	2	44930	62291474	1386.411618	44930	1.000000	44930	1.000000	44930	1.000000	dudleya_organelle_alignment_pipeline/results/05_analysis_masks/mtdna_high_confidence_unique_regions.bed	dudleya_organelle_alignment_pipeline/results/06_all_sample_alignment/qc/DU-247.depth.tsv
DU-254	QB3.Berkeley.241122/QB3.Dudleya.Results.250118			cpdna_full_coverage	cpDNA	sample_qc_coverage	chloroplast	1	150274	3347329568	22274.841742	150274	1.000000	150274	1.000000	150274	1.000000	dudleya_organelle_alignment_pipeline/results/05_analysis_masks/cpdna_full_coverage_regions.bed	dudleya_organelle_alignment_pipeline/results/06_all_sample_alignment/qc/DU-254.depth.tsv
DU-254	QB3.Berkeley.241122/QB3.Dudleya.Results.250118			cpdna_ir_regions	cpDNA	repeat_annotation	chloroplast	2	51472	1376393519	26740.626341	51472	1.000000	51472	1.000000	51472	1.000000	dudleya_organelle_alignment_pipeline/results/05_analysis_masks/cpdna_ir_regions.bed	dudleya_organelle_alignment_pipeline/results/06_all_sample_alignment/qc/DU-254.depth.tsv
DU-254	QB3.Berkeley.241122/QB3.Dudleya.Results.250118			cpdna_duplicate_ir_mask	cpDNA	mask	chloroplast	1	25736	656652007	25514.921006	25736	1.000000	25736	1.000000	25736	1.000000	dudleya_organelle_alignment_pipeline/results/05_analysis_masks/cpdna_duplicate_ir_copy_mask.bed	dudleya_organelle_alignment_pipeline/results/06_all_sample_alignment/qc/DU-254.depth.tsv
DU-254	QB3.Berkeley.241122/QB3.Dudleya.Results.250118			cpdna_population_sites	cpDNA	variant_calling_and_population_genetics	chloroplast	1	124538	2690677561	21605.273579	124538	1.000000	124538	1.000000	124538	1.000000	dudleya_organelle_alignment_pipeline/results/05_analysis_masks/cpdna_population_sites.bed	dudleya_organelle_alignment_pipeline/results/06_all_sample_alignment/qc/DU-254.depth.tsv
DU-254	QB3.Berkeley.241122/QB3.Dudleya.Results.250118			mtdna_permissive_coverage	mtDNA	sample_qc_coverage	mitochondria	1	243359	273479337	1123.769152	243359	1.000000	243358	0.999996	243357	0.999992	dudleya_organelle_alignment_pipeline/results/05_analysis_masks/mtdna_permissive_coverage_regions.bed	dudleya_organelle_alignment_pipeline/results/06_all_sample_alignment/qc/DU-254.depth.tsv
DU-254	QB3.Berkeley.241122/QB3.Dudleya.Results.250118			mtdna_high_confidence_unique	mtDNA	variant_calling_and_population_genetics	mitochondria	2	44930	81520439	1814.387692	44930	1.000000	44930	1.000000	44930	1.000000	dudleya_organelle_alignment_pipeline/results/05_analysis_masks/mtdna_high_confidence_unique_regions.bed	dudleya_organelle_alignment_pipeline/results/06_all_sample_alignment/qc/DU-254.depth.tsv
DU-270	QB3.Berkeley.241122/QB3.Dudleya.Results.250118			cpdna_full_coverage	cpDNA	sample_qc_coverage	chloroplast	1	150274	1658950551	11039.504844	150274	1.000000	150274	1.000000	150274	1.000000	dudleya_organelle_alignment_pipeline/results/05_analysis_masks/cpdna_full_coverage_regions.bed	dudleya_organelle_alignment_pipeline/results/06_all_sample_alignment/qc/DU-270.depth.tsv
DU-270	QB3.Berkeley.241122/QB3.Dudleya.Results.250118			cpdna_ir_regions	cpDNA	repeat_annotation	chloroplast	2	51472	894610853	17380.534135	51472	1.000000	51472	1.000000	51472	1.000000	dudleya_organelle_alignment_pipeline/results/05_analysis_masks/cpdna_ir_regions.bed	dudleya_organelle_alignment_pipeline/results/06_all_sample_alignment/qc/DU-270.depth.tsv
DU-270	QB3.Berkeley.241122/QB3.Dudleya.Results.250118			cpdna_duplicate_ir_mask	cpDNA	mask	chloroplast	1	25736	419380773	16295.491646	25736	1.000000	25736	1.000000	25736	1.000000	dudleya_organelle_alignment_pipeline/results/05_analysis_masks/cpdna_duplicate_ir_copy_mask.bed	dudleya_organelle_alignment_pipeline/results/06_all_sample_alignment/qc/DU-270.depth.tsv
DU-270	QB3.Berkeley.241122/QB3.Dudleya.Results.250118			cpdna_population_sites	cpDNA	variant_calling_and_population_genetics	chloroplast	1	124538	1239569778	9953.345790	124538	1.000000	124538	1.000000	124538	1.000000	dudleya_organelle_alignment_pipeline/results/05_analysis_masks/cpdna_population_sites.bed	dudleya_organelle_alignment_pipeline/results/06_all_sample_alignment/qc/DU-270.depth.tsv
DU-270	QB3.Berkeley.241122/QB3.Dudleya.Results.250118			mtdna_permissive_coverage	mtDNA	sample_qc_coverage	mitochondria	1	243359	248378091	1020.624226	242449	0.996261	242439	0.996220	242389	0.996014	dudleya_organelle_alignment_pipeline/results/05_analysis_masks/mtdna_permissive_coverage_regions.bed	dudleya_organelle_alignment_pipeline/results/06_all_sample_alignment/qc/DU-270.depth.tsv
DU-270	QB3.Berkeley.241122/QB3.Dudleya.Results.250118			mtdna_high_confidence_unique	mtDNA	variant_calling_and_population_genetics	mitochondria	2	44930	76840453	1710.225974	44795	0.996995	44795	0.996995	44795	0.996995	dudleya_organelle_alignment_pipeline/results/05_analysis_masks/mtdna_high_confidence_unique_regions.bed	dudleya_organelle_alignment_pipeline/results/06_all_sample_alignment/qc/DU-270.depth.tsv
DU-297	QB3.Berkeley.241122/QB3.Dudleya.Results.250118			cpdna_full_coverage	cpDNA	sample_qc_coverage	chloroplast	1	150274	3132097196	20842.575535	150274	1.000000	150274	1.000000	150274	1.000000	dudleya_organelle_alignment_pipeline/results/05_analysis_masks/cpdna_full_coverage_regions.bed	dudleya_organelle_alignment_pipeline/results/06_all_sample_alignment/qc/DU-297.depth.tsv
DU-297	QB3.Berkeley.241122/QB3.Dudleya.Results.250118			cpdna_ir_regions	cpDNA	repeat_annotation	chloroplast	2	51472	1173269571	22794.326449	51472	1.000000	51472	1.000000	51472	1.000000	dudleya_organelle_alignment_pipeline/results/05_analysis_masks/cpdna_ir_regions.bed	dudleya_organelle_alignment_pipeline/results/06_all_sample_alignment/qc/DU-297.depth.tsv
DU-297	QB3.Berkeley.241122/QB3.Dudleya.Results.250118			cpdna_duplicate_ir_mask	cpDNA	mask	chloroplast	1	25736	563678029	21902.316949	25736	1.000000	25736	1.000000	25736	1.000000	dudleya_organelle_alignment_pipeline/results/05_analysis_masks/cpdna_duplicate_ir_copy_mask.bed	dudleya_organelle_alignment_pipeline/results/06_all_sample_alignment/qc/DU-297.depth.tsv
DU-297	QB3.Berkeley.241122/QB3.Dudleya.Results.250118			cpdna_population_sites	cpDNA	variant_calling_and_population_genetics	chloroplast	1	124538	2568419167	20623.578081	124538	1.000000	124538	1.000000	124538	1.000000	dudleya_organelle_alignment_pipeline/results/05_analysis_masks/cpdna_population_sites.bed	dudleya_organelle_alignment_pipeline/results/06_all_sample_alignment/qc/DU-297.depth.tsv
DU-297	QB3.Berkeley.241122/QB3.Dudleya.Results.250118			mtdna_permissive_coverage	mtDNA	sample_qc_coverage	mitochondria	1	243359	227096084	933.173147	243359	1.000000	243359	1.000000	243358	0.999996	dudleya_organelle_alignment_pipeline/results/05_analysis_masks/mtdna_permissive_coverage_regions.bed	dudleya_organelle_alignment_pipeline/results/06_all_sample_alignment/qc/DU-297.depth.tsv
DU-297	QB3.Berkeley.241122/QB3.Dudleya.Results.250118			mtdna_high_confidence_unique	mtDNA	variant_calling_and_population_genetics	mitochondria	2	44930	68389611	1522.136902	44930	1.000000	44930	1.000000	44930	1.000000	dudleya_organelle_alignment_pipeline/results/05_analysis_masks/mtdna_high_confidence_unique_regions.bed	dudleya_organelle_alignment_pipeline/results/06_all_sample_alignment/qc/DU-297.depth.tsv
DU-443	QB3.Berkeley.241122/QB3.Dudleya.Results.250118			cpdna_full_coverage	cpDNA	sample_qc_coverage	chloroplast	1	150274	2794873672	18598.517854	150274	1.000000	150274	1.000000	150274	1.000000	dudleya_organelle_alignment_pipeline/results/05_analysis_masks/cpdna_full_coverage_regions.bed	dudleya_organelle_alignment_pipeline/results/06_all_sample_alignment/qc/DU-443.depth.tsv
DU-443	QB3.Berkeley.241122/QB3.Dudleya.Results.250118			cpdna_ir_regions	cpDNA	repeat_annotation	chloroplast	2	51472	970878101	18862.257169	51472	1.000000	51472	1.000000	51472	1.000000	dudleya_organelle_alignment_pipeline/results/05_analysis_masks/cpdna_ir_regions.bed	dudleya_organelle_alignment_pipeline/results/06_all_sample_alignment/qc/DU-443.depth.tsv
DU-443	QB3.Berkeley.241122/QB3.Dudleya.Results.250118			cpdna_duplicate_ir_mask	cpDNA	mask	chloroplast	1	25736	471153349	18307.170850	25736	1.000000	25736	1.000000	25736	1.000000	dudleya_organelle_alignment_pipeline/results/05_analysis_masks/cpdna_duplicate_ir_copy_mask.bed	dudleya_organelle_alignment_pipeline/results/06_all_sample_alignment/qc/DU-443.depth.tsv
DU-443	QB3.Berkeley.241122/QB3.Dudleya.Results.250118			cpdna_population_sites	cpDNA	variant_calling_and_population_genetics	chloroplast	1	124538	2323720323	18658.725232	124538	1.000000	124538	1.000000	124538	1.000000	dudleya_organelle_alignment_pipeline/results/05_analysis_masks/cpdna_population_sites.bed	dudleya_organelle_alignment_pipeline/results/06_all_sample_alignment/qc/DU-443.depth.tsv
DU-443	QB3.Berkeley.241122/QB3.Dudleya.Results.250118			mtdna_permissive_coverage	mtDNA	sample_qc_coverage	mitochondria	1	243359	218540117	898.015348	242893	0.998085	242881	0.998036	242870	0.997991	dudleya_organelle_alignment_pipeline/results/05_analysis_masks/mtdna_permissive_coverage_regions.bed	dudleya_organelle_alignment_pipeline/results/06_all_sample_alignment/qc/DU-443.depth.tsv
DU-443	QB3.Berkeley.241122/QB3.Dudleya.Results.250118			mtdna_high_confidence_unique	mtDNA	variant_calling_and_population_genetics	mitochondria	2	44930	64378612	1432.864723	44930	1.000000	44930	1.000000	44928	0.999955	dudleya_organelle_alignment_pipeline/results/05_analysis_masks/mtdna_high_confidence_unique_regions.bed	dudleya_organelle_alignment_pipeline/results/06_all_sample_alignment/qc/DU-443.depth.tsv
DU-4A	QB3.Berkeley.241122/QB3.Dudleya.Results.250118			cpdna_full_coverage	cpDNA	sample_qc_coverage	chloroplast	1	150274	3079023297	20489.394686	150274	1.000000	150274	1.000000	150274	1.000000	dudleya_organelle_alignment_pipeline/results/05_analysis_masks/cpdna_full_coverage_regions.bed	dudleya_organelle_alignment_pipeline/results/06_all_sample_alignment/qc/DU-4A.depth.tsv
DU-4A	QB3.Berkeley.241122/QB3.Dudleya.Results.250118			cpdna_ir_regions	cpDNA	repeat_annotation	chloroplast	2	51472	1161096178	22557.821301	51472	1.000000	51472	1.000000	51472	1.000000	dudleya_organelle_alignment_pipeline/results/05_analysis_masks/cpdna_ir_regions.bed	dudleya_organelle_alignment_pipeline/results/06_all_sample_alignment/qc/DU-4A.depth.tsv
DU-4A	QB3.Berkeley.241122/QB3.Dudleya.Results.250118			cpdna_duplicate_ir_mask	cpDNA	mask	chloroplast	1	25736	558062468	21684.118278	25736	1.000000	25736	1.000000	25736	1.000000	dudleya_organelle_alignment_pipeline/results/05_analysis_masks/cpdna_duplicate_ir_copy_mask.bed	dudleya_organelle_alignment_pipeline/results/06_all_sample_alignment/qc/DU-4A.depth.tsv
DU-4A	QB3.Berkeley.241122/QB3.Dudleya.Results.250118			cpdna_population_sites	cpDNA	variant_calling_and_population_genetics	chloroplast	1	124538	2520960829	20242.502923	124538	1.000000	124538	1.000000	124538	1.000000	dudleya_organelle_alignment_pipeline/results/05_analysis_masks/cpdna_population_sites.bed	dudleya_organelle_alignment_pipeline/results/06_all_sample_alignment/qc/DU-4A.depth.tsv
DU-4A	QB3.Berkeley.241122/QB3.Dudleya.Results.250118			mtdna_permissive_coverage	mtDNA	sample_qc_coverage	mitochondria	1	243359	324065339	1331.634906	243359	1.000000	243359	1.000000	243358	0.999996	dudleya_organelle_alignment_pipeline/results/05_analysis_masks/mtdna_permissive_coverage_regions.bed	dudleya_organelle_alignment_pipeline/results/06_all_sample_alignment/qc/DU-4A.depth.tsv
DU-4A	QB3.Berkeley.241122/QB3.Dudleya.Results.250118			mtdna_high_confidence_unique	mtDNA	variant_calling_and_population_genetics	mitochondria	2	44930	97196867	2163.295504	44930	1.000000	44930	1.000000	44930	1.000000	dudleya_organelle_alignment_pipeline/results/05_analysis_masks/mtdna_high_confidence_unique_regions.bed	dudleya_organelle_alignment_pipeline/results/06_all_sample_alignment/qc/DU-4A.depth.tsv
DU014LP012	QB3.Berkeley.250811/QB3.250916.Results5genomes			cpdna_full_coverage	cpDNA	sample_qc_coverage	chloroplast	1	150274	1297468341	8634.017468	150274	1.000000	150274	1.000000	150274	1.000000	dudleya_organelle_alignment_pipeline/results/05_analysis_masks/cpdna_full_coverage_regions.bed	dudleya_organelle_alignment_pipeline/results/06_all_sample_alignment/qc/DU014LP012.depth.tsv
DU014LP012	QB3.Berkeley.250811/QB3.250916.Results5genomes			cpdna_ir_regions	cpDNA	repeat_annotation	chloroplast	2	51472	555838254	10798.847024	51472	1.000000	51472	1.000000	51472	1.000000	dudleya_organelle_alignment_pipeline/results/05_analysis_masks/cpdna_ir_regions.bed	dudleya_organelle_alignment_pipeline/results/06_all_sample_alignment/qc/DU014LP012.depth.tsv
DU014LP012	QB3.Berkeley.250811/QB3.250916.Results5genomes			cpdna_duplicate_ir_mask	cpDNA	mask	chloroplast	1	25736	268319787	10425.854329	25736	1.000000	25736	1.000000	25736	1.000000	dudleya_organelle_alignment_pipeline/results/05_analysis_masks/cpdna_duplicate_ir_copy_mask.bed	dudleya_organelle_alignment_pipeline/results/06_all_sample_alignment/qc/DU014LP012.depth.tsv
DU014LP012	QB3.Berkeley.250811/QB3.250916.Results5genomes			cpdna_population_sites	cpDNA	variant_calling_and_population_genetics	chloroplast	1	124538	1029148554	8263.731182	124538	1.000000	124538	1.000000	124538	1.000000	dudleya_organelle_alignment_pipeline/results/05_analysis_masks/cpdna_population_sites.bed	dudleya_organelle_alignment_pipeline/results/06_all_sample_alignment/qc/DU014LP012.depth.tsv
DU014LP012	QB3.Berkeley.250811/QB3.250916.Results5genomes			mtdna_permissive_coverage	mtDNA	sample_qc_coverage	mitochondria	1	243359	130833659	537.615864	235934	0.969490	230410	0.946791	230182	0.945854	dudleya_organelle_alignment_pipeline/results/05_analysis_masks/mtdna_permissive_coverage_regions.bed	dudleya_organelle_alignment_pipeline/results/06_all_sample_alignment/qc/DU014LP012.depth.tsv
DU014LP012	QB3.Berkeley.250811/QB3.250916.Results5genomes			mtdna_high_confidence_unique	mtDNA	variant_calling_and_population_genetics	mitochondria	2	44930	41119297	915.185778	44930	1.000000	44930	1.000000	44930	1.000000	dudleya_organelle_alignment_pipeline/results/05_analysis_masks/mtdna_high_confidence_unique_regions.bed	dudleya_organelle_alignment_pipeline/results/06_all_sample_alignment/qc/DU014LP012.depth.tsv
DU037LP013	QB3.Berkeley.250811/QB3.250916.Results5genomes			cpdna_full_coverage	cpDNA	sample_qc_coverage	chloroplast	1	150274	1735155768	11546.613306	150274	1.000000	150274	1.000000	150274	1.000000	dudleya_organelle_alignment_pipeline/results/05_analysis_masks/cpdna_full_coverage_regions.bed	dudleya_organelle_alignment_pipeline/results/06_all_sample_alignment/qc/DU037LP013.depth.tsv
DU037LP013	QB3.Berkeley.250811/QB3.250916.Results5genomes			cpdna_ir_regions	cpDNA	repeat_annotation	chloroplast	2	51472	583815486	11342.389765	51472	1.000000	51472	1.000000	51472	1.000000	dudleya_organelle_alignment_pipeline/results/05_analysis_masks/cpdna_ir_regions.bed	dudleya_organelle_alignment_pipeline/results/06_all_sample_alignment/qc/DU037LP013.depth.tsv
DU037LP013	QB3.Berkeley.250811/QB3.250916.Results5genomes			cpdna_duplicate_ir_mask	cpDNA	mask	chloroplast	1	25736	284434582	11052.012045	25736	1.000000	25736	1.000000	25736	1.000000	dudleya_organelle_alignment_pipeline/results/05_analysis_masks/cpdna_duplicate_ir_copy_mask.bed	dudleya_organelle_alignment_pipeline/results/06_all_sample_alignment/qc/DU037LP013.depth.tsv
DU037LP013	QB3.Berkeley.250811/QB3.250916.Results5genomes			cpdna_population_sites	cpDNA	variant_calling_and_population_genetics	chloroplast	1	124538	1450721186	11648.823540	124538	1.000000	124538	1.000000	124538	1.000000	dudleya_organelle_alignment_pipeline/results/05_analysis_masks/cpdna_population_sites.bed	dudleya_organelle_alignment_pipeline/results/06_all_sample_alignment/qc/DU037LP013.depth.tsv
DU037LP013	QB3.Berkeley.250811/QB3.250916.Results5genomes			mtdna_permissive_coverage	mtDNA	sample_qc_coverage	mitochondria	1	243359	86443346	355.209160	231989	0.953279	230040	0.945270	229917	0.944765	dudleya_organelle_alignment_pipeline/results/05_analysis_masks/mtdna_permissive_coverage_regions.bed	dudleya_organelle_alignment_pipeline/results/06_all_sample_alignment/qc/DU037LP013.depth.tsv
DU037LP013	QB3.Berkeley.250811/QB3.250916.Results5genomes			mtdna_high_confidence_unique	mtDNA	variant_calling_and_population_genetics	mitochondria	2	44930	27510505	612.297018	44930	1.000000	44930	1.000000	44928	0.999955	dudleya_organelle_alignment_pipeline/results/05_analysis_masks/mtdna_high_confidence_unique_regions.bed	dudleya_organelle_alignment_pipeline/results/06_all_sample_alignment/qc/DU037LP013.depth.tsv
DU059LP015	QB3.Berkeley.250811/QB3.250916.Results5genomes			cpdna_full_coverage	cpDNA	sample_qc_coverage	chloroplast	1	150274	1365082835	9083.958868	150274	1.000000	150274	1.000000	150274	1.000000	dudleya_organelle_alignment_pipeline/results/05_analysis_masks/cpdna_full_coverage_regions.bed	dudleya_organelle_alignment_pipeline/results/06_all_sample_alignment/qc/DU059LP015.depth.tsv
DU059LP015	QB3.Berkeley.250811/QB3.250916.Results5genomes			cpdna_ir_regions	cpDNA	repeat_annotation	chloroplast	2	51472	534379439	10381.944339	51472	1.000000	51472	1.000000	51472	1.000000	dudleya_organelle_alignment_pipeline/results/05_analysis_masks/cpdna_ir_regions.bed	dudleya_organelle_alignment_pipeline/results/06_all_sample_alignment/qc/DU059LP015.depth.tsv
DU059LP015	QB3.Berkeley.250811/QB3.250916.Results5genomes			cpdna_duplicate_ir_mask	cpDNA	mask	chloroplast	1	25736	257864301	10019.595159	25736	1.000000	25736	1.000000	25736	1.000000	dudleya_organelle_alignment_pipeline/results/05_analysis_masks/cpdna_duplicate_ir_copy_mask.bed	dudleya_organelle_alignment_pipeline/results/06_all_sample_alignment/qc/DU059LP015.depth.tsv
DU059LP015	QB3.Berkeley.250811/QB3.250916.Results5genomes			cpdna_population_sites	cpDNA	variant_calling_and_population_genetics	chloroplast	1	124538	1107218534	8890.607959	124538	1.000000	124538	1.000000	124538	1.000000	dudleya_organelle_alignment_pipeline/results/05_analysis_masks/cpdna_population_sites.bed	dudleya_organelle_alignment_pipeline/results/06_all_sample_alignment/qc/DU059LP015.depth.tsv
DU059LP015	QB3.Berkeley.250811/QB3.250916.Results5genomes			mtdna_permissive_coverage	mtDNA	sample_qc_coverage	mitochondria	1	243359	237312583	975.154332	243229	0.999466	243203	0.999359	243191	0.999310	dudleya_organelle_alignment_pipeline/results/05_analysis_masks/mtdna_permissive_coverage_regions.bed	dudleya_organelle_alignment_pipeline/results/06_all_sample_alignment/qc/DU059LP015.depth.tsv
DU059LP015	QB3.Berkeley.250811/QB3.250916.Results5genomes			mtdna_high_confidence_unique	mtDNA	variant_calling_and_population_genetics	mitochondria	2	44930	70693281	1573.409326	44815	0.997440	44795	0.996995	44793	0.996951	dudleya_organelle_alignment_pipeline/results/05_analysis_masks/mtdna_high_confidence_unique_regions.bed	dudleya_organelle_alignment_pipeline/results/06_all_sample_alignment/qc/DU059LP015.depth.tsv
DU078LP011	QB3.Berkeley.250811/QB3.250916.Results5genomes			cpdna_full_coverage	cpDNA	sample_qc_coverage	chloroplast	1	150274	2190830897	14578.908507	150274	1.000000	150274	1.000000	150274	1.000000	dudleya_organelle_alignment_pipeline/results/05_analysis_masks/cpdna_full_coverage_regions.bed	dudleya_organelle_alignment_pipeline/results/06_all_sample_alignment/qc/DU078LP011.depth.tsv
DU078LP011	QB3.Berkeley.250811/QB3.250916.Results5genomes			cpdna_ir_regions	cpDNA	repeat_annotation	chloroplast	2	51472	893175807	17352.654006	51472	1.000000	51472	1.000000	51472	1.000000	dudleya_organelle_alignment_pipeline/results/05_analysis_masks/cpdna_ir_regions.bed	dudleya_organelle_alignment_pipeline/results/06_all_sample_alignment/qc/DU078LP011.depth.tsv
DU078LP011	QB3.Berkeley.250811/QB3.250916.Results5genomes			cpdna_duplicate_ir_mask	cpDNA	mask	chloroplast	1	25736	430675595	16734.364120	25736	1.000000	25736	1.000000	25736	1.000000	dudleya_organelle_alignment_pipeline/results/05_analysis_masks/cpdna_duplicate_ir_copy_mask.bed	dudleya_organelle_alignment_pipeline/results/06_all_sample_alignment/qc/DU078LP011.depth.tsv
DU078LP011	QB3.Berkeley.250811/QB3.250916.Results5genomes			cpdna_population_sites	cpDNA	variant_calling_and_population_genetics	chloroplast	1	124538	1760155302	14133.479757	124538	1.000000	124538	1.000000	124538	1.000000	dudleya_organelle_alignment_pipeline/results/05_analysis_masks/cpdna_population_sites.bed	dudleya_organelle_alignment_pipeline/results/06_all_sample_alignment/qc/DU078LP011.depth.tsv
DU078LP011	QB3.Berkeley.250811/QB3.250916.Results5genomes			mtdna_permissive_coverage	mtDNA	sample_qc_coverage	mitochondria	1	243359	359508163	1477.274985	243223	0.999441	243174	0.999240	243172	0.999232	dudleya_organelle_alignment_pipeline/results/05_analysis_masks/mtdna_permissive_coverage_regions.bed	dudleya_organelle_alignment_pipeline/results/06_all_sample_alignment/qc/DU078LP011.depth.tsv
DU078LP011	QB3.Berkeley.250811/QB3.250916.Results5genomes			mtdna_high_confidence_unique	mtDNA	variant_calling_and_population_genetics	mitochondria	2	44930	107775819	2398.749588	44794	0.996973	44745	0.995882	44745	0.995882	dudleya_organelle_alignment_pipeline/results/05_analysis_masks/mtdna_high_confidence_unique_regions.bed	dudleya_organelle_alignment_pipeline/results/06_all_sample_alignment/qc/DU078LP011.depth.tsv
DU079LP010	QB3.Berkeley.250811/QB3.250916.Results5genomes			cpdna_full_coverage	cpDNA	sample_qc_coverage	chloroplast	1	150274	2077564341	13825.174954	150274	1.000000	150274	1.000000	150274	1.000000	dudleya_organelle_alignment_pipeline/results/05_analysis_masks/cpdna_full_coverage_regions.bed	dudleya_organelle_alignment_pipeline/results/06_all_sample_alignment/qc/DU079LP010.depth.tsv
DU079LP010	QB3.Berkeley.250811/QB3.250916.Results5genomes			cpdna_ir_regions	cpDNA	repeat_annotation	chloroplast	2	51472	775227606	15061.151811	51472	1.000000	51472	1.000000	51472	1.000000	dudleya_organelle_alignment_pipeline/results/05_analysis_masks/cpdna_ir_regions.bed	dudleya_organelle_alignment_pipeline/results/06_all_sample_alignment/qc/DU079LP010.depth.tsv
DU079LP010	QB3.Berkeley.250811/QB3.250916.Results5genomes			cpdna_duplicate_ir_mask	cpDNA	mask	chloroplast	1	25736	376833131	14642.257188	25736	1.000000	25736	1.000000	25736	1.000000	dudleya_organelle_alignment_pipeline/results/05_analysis_masks/cpdna_duplicate_ir_copy_mask.bed	dudleya_organelle_alignment_pipeline/results/06_all_sample_alignment/qc/DU079LP010.depth.tsv
DU079LP010	QB3.Berkeley.250811/QB3.250916.Results5genomes			cpdna_population_sites	cpDNA	variant_calling_and_population_genetics	chloroplast	1	124538	1700731210	13656.323451	124538	1.000000	124538	1.000000	124538	1.000000	dudleya_organelle_alignment_pipeline/results/05_analysis_masks/cpdna_population_sites.bed	dudleya_organelle_alignment_pipeline/results/06_all_sample_alignment/qc/DU079LP010.depth.tsv
DU079LP010	QB3.Berkeley.250811/QB3.250916.Results5genomes			mtdna_permissive_coverage	mtDNA	sample_qc_coverage	mitochondria	1	243359	402417540	1653.596292	243254	0.999569	243241	0.999515	243240	0.999511	dudleya_organelle_alignment_pipeline/results/05_analysis_masks/mtdna_permissive_coverage_regions.bed	dudleya_organelle_alignment_pipeline/results/06_all_sample_alignment/qc/DU079LP010.depth.tsv
DU079LP010	QB3.Berkeley.250811/QB3.250916.Results5genomes			mtdna_high_confidence_unique	mtDNA	variant_calling_and_population_genetics	mitochondria	2	44930	120568432	2683.472780	44825	0.997663	44813	0.997396	44813	0.997396	dudleya_organelle_alignment_pipeline/results/05_analysis_masks/mtdna_high_confidence_unique_regions.bed	dudleya_organelle_alignment_pipeline/results/06_all_sample_alignment/qc/DU079LP010.depth.tsv
ABAB_MAD_LP_222_Du-589	QB3.Berkeley.251217/QB3.Results.260109	D. abramsii ssp. abramsii	ABAB_MAD	cpdna_full_coverage	cpDNA	sample_qc_coverage	chloroplast	1	150274	31835	0.211846	20147	0.134068	74	0.000492	0	0.000000	dudleya_organelle_alignment_pipeline/results/05_analysis_masks/cpdna_full_coverage_regions.bed	dudleya_organelle_alignment_pipeline/results/06_all_sample_alignment/qc/ABAB_MAD_LP_222_Du-589.depth.tsv
ABAB_MAD_LP_222_Du-589	QB3.Berkeley.251217/QB3.Results.260109	D. abramsii ssp. abramsii	ABAB_MAD	cpdna_ir_regions	cpDNA	repeat_annotation	chloroplast	2	51472	9180	0.178349	5878	0.114198	17	0.000330	0	0.000000	dudleya_organelle_alignment_pipeline/results/05_analysis_masks/cpdna_ir_regions.bed	dudleya_organelle_alignment_pipeline/results/06_all_sample_alignment/qc/ABAB_MAD_LP_222_Du-589.depth.tsv
ABAB_MAD_LP_222_Du-589	QB3.Berkeley.251217/QB3.Results.260109	D. abramsii ssp. abramsii	ABAB_MAD	cpdna_duplicate_ir_mask	cpDNA	mask	chloroplast	1	25736	5027	0.195329	3180	0.123562	17	0.000661	0	0.000000	dudleya_organelle_alignment_pipeline/results/05_analysis_masks/cpdna_duplicate_ir_copy_mask.bed	dudleya_organelle_alignment_pipeline/results/06_all_sample_alignment/qc/ABAB_MAD_LP_222_Du-589.depth.tsv
ABAB_MAD_LP_222_Du-589	QB3.Berkeley.251217/QB3.Results.260109	D. abramsii ssp. abramsii	ABAB_MAD	cpdna_population_sites	cpDNA	variant_calling_and_population_genetics	chloroplast	1	124538	26808	0.215260	16967	0.136240	57	0.000458	0	0.000000	dudleya_organelle_alignment_pipeline/results/05_analysis_masks/cpdna_population_sites.bed	dudleya_organelle_alignment_pipeline/results/06_all_sample_alignment/qc/ABAB_MAD_LP_222_Du-589.depth.tsv
ABAB_MAD_LP_222_Du-589	QB3.Berkeley.251217/QB3.Results.260109	D. abramsii ssp. abramsii	ABAB_MAD	mtdna_permissive_coverage	mtDNA	sample_qc_coverage	mitochondria	1	243359	2558	0.010511	1976	0.008120	0	0.000000	0	0.000000	dudleya_organelle_alignment_pipeline/results/05_analysis_masks/mtdna_permissive_coverage_regions.bed	dudleya_organelle_alignment_pipeline/results/06_all_sample_alignment/qc/ABAB_MAD_LP_222_Du-589.depth.tsv
ABAB_MAD_LP_222_Du-589	QB3.Berkeley.251217/QB3.Results.260109	D. abramsii ssp. abramsii	ABAB_MAD	mtdna_high_confidence_unique	mtDNA	variant_calling_and_population_genetics	mitochondria	2	44930	747	0.016626	551	0.012264	0	0.000000	0	0.000000	dudleya_organelle_alignment_pipeline/results/05_analysis_masks/mtdna_high_confidence_unique_regions.bed	dudleya_organelle_alignment_pipeline/results/06_all_sample_alignment/qc/ABAB_MAD_LP_222_Du-589.depth.tsv
ABAB_MAD_LP_223_Du-590	QB3.Berkeley.251217/QB3.Results.260109	D. abramsii ssp. abramsii	ABAB_MAD	cpdna_full_coverage	cpDNA	sample_qc_coverage	chloroplast	1	150274	19288973	128.358685	150254	0.999867	150191	0.999448	150125	0.999008	dudleya_organelle_alignment_pipeline/results/05_analysis_masks/cpdna_full_coverage_regions.bed	dudleya_organelle_alignment_pipeline/results/06_all_sample_alignment/qc/ABAB_MAD_LP_223_Du-590.depth.tsv
ABAB_MAD_LP_223_Du-590	QB3.Berkeley.251217/QB3.Results.260109	D. abramsii ssp. abramsii	ABAB_MAD	cpdna_ir_regions	cpDNA	repeat_annotation	chloroplast	2	51472	6418469	124.698263	51471	0.999981	51435	0.999281	51383	0.998271	dudleya_organelle_alignment_pipeline/results/05_analysis_masks/cpdna_ir_regions.bed	dudleya_organelle_alignment_pipeline/results/06_all_sample_alignment/qc/ABAB_MAD_LP_223_Du-590.depth.tsv
ABAB_MAD_LP_223_Du-590	QB3.Berkeley.251217/QB3.Results.260109	D. abramsii ssp. abramsii	ABAB_MAD	cpdna_duplicate_ir_mask	cpDNA	mask	chloroplast	1	25736	3152639	122.499184	25735	0.999961	25706	0.998834	25661	0.997086	dudleya_organelle_alignment_pipeline/results/05_analysis_masks/cpdna_duplicate_ir_copy_mask.bed	dudleya_organelle_alignment_pipeline/results/06_all_sample_alignment/qc/ABAB_MAD_LP_223_Du-590.depth.tsv
ABAB_MAD_LP_223_Du-590	QB3.Berkeley.251217/QB3.Results.260109	D. abramsii ssp. abramsii	ABAB_MAD	cpdna_population_sites	cpDNA	variant_calling_and_population_genetics	chloroplast	1	124538	16136334	129.569561	124519	0.999847	124485	0.999574	124464	0.999406	dudleya_organelle_alignment_pipeline/results/05_analysis_masks/cpdna_population_sites.bed	dudleya_organelle_alignment_pipeline/results/06_all_sample_alignment/qc/ABAB_MAD_LP_223_Du-590.depth.tsv
ABAB_MAD_LP_223_Du-590	QB3.Berkeley.251217/QB3.Results.260109	D. abramsii ssp. abramsii	ABAB_MAD	mtdna_permissive_coverage	mtDNA	sample_qc_coverage	mitochondria	1	243359	2345637	9.638587	241949	0.994206	207108	0.851039	103642	0.425881	dudleya_organelle_alignment_pipeline/results/05_analysis_masks/mtdna_permissive_coverage_regions.bed	dudleya_organelle_alignment_pipeline/results/06_all_sample_alignment/qc/ABAB_MAD_LP_223_Du-590.depth.tsv
ABAB_MAD_LP_223_Du-590	QB3.Berkeley.251217/QB3.Results.260109	D. abramsii ssp. abramsii	ABAB_MAD	mtdna_high_confidence_unique	mtDNA	variant_calling_and_population_genetics	mitochondria	2	44930	703180	15.650568	44921	0.999800	44416	0.988560	38930	0.866459	dudleya_organelle_alignment_pipeline/results/05_analysis_masks/mtdna_high_confidence_unique_regions.bed	dudleya_organelle_alignment_pipeline/results/06_all_sample_alignment/qc/ABAB_MAD_LP_223_Du-590.depth.tsv
ABAB_MAD_LP_322_Du-593	QB3.Berkeley.251217/QB3.Results.260109	D. abramsii ssp. abramsii	ABAB_MAD	cpdna_full_coverage	cpDNA	sample_qc_coverage	chloroplast	1	150274	391946605	2608.213031	150269	0.999967	150259	0.999900	150258	0.999894	dudleya_organelle_alignment_pipeline/results/05_analysis_masks/cpdna_full_coverage_regions.bed	dudleya_organelle_alignment_pipeline/results/06_all_sample_alignment/qc/ABAB_MAD_LP_322_Du-593.depth.tsv
ABAB_MAD_LP_322_Du-593	QB3.Berkeley.251217/QB3.Results.260109	D. abramsii ssp. abramsii	ABAB_MAD	cpdna_ir_regions	cpDNA	repeat_annotation	chloroplast	2	51472	136532008	2652.549114	51472	1.000000	51472	1.000000	51472	1.000000	dudleya_organelle_alignment_pipeline/results/05_analysis_masks/cpdna_ir_regions.bed	dudleya_organelle_alignment_pipeline/results/06_all_sample_alignment/qc/ABAB_MAD_LP_322_Du-593.depth.tsv
ABAB_MAD_LP_322_Du-593	QB3.Berkeley.251217/QB3.Results.260109	D. abramsii ssp. abramsii	ABAB_MAD	cpdna_duplicate_ir_mask	cpDNA	mask	chloroplast	1	25736	66725165	2592.678155	25736	1.000000	25736	1.000000	25736	1.000000	dudleya_organelle_alignment_pipeline/results/05_analysis_masks/cpdna_duplicate_ir_copy_mask.bed	dudleya_organelle_alignment_pipeline/results/06_all_sample_alignment/qc/ABAB_MAD_LP_322_Du-593.depth.tsv
ABAB_MAD_LP_322_Du-593	QB3.Berkeley.251217/QB3.Results.260109	D. abramsii ssp. abramsii	ABAB_MAD	cpdna_population_sites	cpDNA	variant_calling_and_population_genetics	chloroplast	1	124538	325221440	2611.423341	124533	0.999960	124523	0.999880	124522	0.999872	dudleya_organelle_alignment_pipeline/results/05_analysis_masks/cpdna_population_sites.bed	dudleya_organelle_alignment_pipeline/results/06_all_sample_alignment/qc/ABAB_MAD_LP_322_Du-593.depth.tsv
ABAB_MAD_LP_322_Du-593	QB3.Berkeley.251217/QB3.Results.260109	D. abramsii ssp. abramsii	ABAB_MAD	mtdna_permissive_coverage	mtDNA	sample_qc_coverage	mitochondria	1	243359	27432405	112.724021	243071	0.998817	243054	0.998747	243018	0.998599	dudleya_organelle_alignment_pipeline/results/05_analysis_masks/mtdna_permissive_coverage_regions.bed	dudleya_organelle_alignment_pipeline/results/06_all_sample_alignment/qc/ABAB_MAD_LP_322_Du-593.depth.tsv
ABAB_MAD_LP_322_Du-593	QB3.Berkeley.251217/QB3.Results.260109	D. abramsii ssp. abramsii	ABAB_MAD	mtdna_high_confidence_unique	mtDNA	variant_calling_and_population_genetics	mitochondria	2	44930	8234504	183.274071	44923	0.999844	44920	0.999777	44912	0.999599	dudleya_organelle_alignment_pipeline/results/05_analysis_masks/mtdna_high_confidence_unique_regions.bed	dudleya_organelle_alignment_pipeline/results/06_all_sample_alignment/qc/ABAB_MAD_LP_322_Du-593.depth.tsv
ABAB_MAD_LP_323_Du-594	QB3.Berkeley.251217/QB3.Results.260109	D. abramsii ssp. abramsii	ABAB_MAD	cpdna_full_coverage	cpDNA	sample_qc_coverage	chloroplast	1	150274	47696624	317.397714	150259	0.999900	150238	0.999760	150214	0.999601	dudleya_organelle_alignment_pipeline/results/05_analysis_masks/cpdna_full_coverage_regions.bed	dudleya_organelle_alignment_pipeline/results/06_all_sample_alignment/qc/ABAB_MAD_LP_323_Du-594.depth.tsv
ABAB_MAD_LP_323_Du-594	QB3.Berkeley.251217/QB3.Results.260109	D. abramsii ssp. abramsii	ABAB_MAD	cpdna_ir_regions	cpDNA	repeat_annotation	chloroplast	2	51472	16383440	318.298104	51472	1.000000	51467	0.999903	51462	0.999806	dudleya_organelle_alignment_pipeline/results/05_analysis_masks/cpdna_ir_regions.bed	dudleya_organelle_alignment_pipeline/results/06_all_sample_alignment/qc/ABAB_MAD_LP_323_Du-594.depth.tsv
ABAB_MAD_LP_323_Du-594	QB3.Berkeley.251217/QB3.Results.260109	D. abramsii ssp. abramsii	ABAB_MAD	cpdna_duplicate_ir_mask	cpDNA	mask	chloroplast	1	25736	8004472	311.022381	25736	1.000000	25731	0.999806	25728	0.999689	dudleya_organelle_alignment_pipeline/results/05_analysis_masks/cpdna_duplicate_ir_copy_mask.bed	dudleya_organelle_alignment_pipeline/results/06_all_sample_alignment/qc/ABAB_MAD_LP_323_Du-594.depth.tsv
ABAB_MAD_LP_323_Du-594	QB3.Berkeley.251217/QB3.Results.260109	D. abramsii ssp. abramsii	ABAB_MAD	cpdna_population_sites	cpDNA	variant_calling_and_population_genetics	chloroplast	1	124538	39692152	318.715187	124523	0.999880	124507	0.999751	124486	0.999582	dudleya_organelle_alignment_pipeline/results/05_analysis_masks/cpdna_population_sites.bed	dudleya_organelle_alignment_pipeline/results/06_all_sample_alignment/qc/ABAB_MAD_LP_323_Du-594.depth.tsv
ABAB_MAD_LP_323_Du-594	QB3.Berkeley.251217/QB3.Results.260109	D. abramsii ssp. abramsii	ABAB_MAD	mtdna_permissive_coverage	mtDNA	sample_qc_coverage	mitochondria	1	243359	3887517	15.974412	242995	0.998504	236226	0.970689	189509	0.778722	dudleya_organelle_alignment_pipeline/results/05_analysis_masks/mtdna_permissive_coverage_regions.bed	dudleya_organelle_alignment_pipeline/results/06_all_sample_alignment/qc/ABAB_MAD_LP_323_Du-594.depth.tsv
ABAB_MAD_LP_323_Du-594	QB3.Berkeley.251217/QB3.Results.260109	D. abramsii ssp. abramsii	ABAB_MAD	mtdna_high_confidence_unique	mtDNA	variant_calling_and_population_genetics	mitochondria	2	44930	1174895	26.149455	44916	0.999688	44894	0.999199	44687	0.994592	dudleya_organelle_alignment_pipeline/results/05_analysis_masks/mtdna_high_confidence_unique_regions.bed	dudleya_organelle_alignment_pipeline/results/06_all_sample_alignment/qc/ABAB_MAD_LP_323_Du-594.depth.tsv
ABAB_MAD_LP_324_Du-595	QB3.Berkeley.251217/QB3.Results.260109	D. abramsii ssp. abramsii	ABAB_MAD	cpdna_full_coverage	cpDNA	sample_qc_coverage	chloroplast	1	150274	125799159	837.131899	150273	0.999993	150251	0.999847	150235	0.999740	dudleya_organelle_alignment_pipeline/results/05_analysis_masks/cpdna_full_coverage_regions.bed	dudleya_organelle_alignment_pipeline/results/06_all_sample_alignment/qc/ABAB_MAD_LP_324_Du-595.depth.tsv
ABAB_MAD_LP_324_Du-595	QB3.Berkeley.251217/QB3.Results.260109	D. abramsii ssp. abramsii	ABAB_MAD	cpdna_ir_regions	cpDNA	repeat_annotation	chloroplast	2	51472	43170540	838.718915	51472	1.000000	51469	0.999942	51464	0.999845	dudleya_organelle_alignment_pipeline/results/05_analysis_masks/cpdna_ir_regions.bed	dudleya_organelle_alignment_pipeline/results/06_all_sample_alignment/qc/ABAB_MAD_LP_324_Du-595.depth.tsv
ABAB_MAD_LP_324_Du-595	QB3.Berkeley.251217/QB3.Results.260109	D. abramsii ssp. abramsii	ABAB_MAD	cpdna_duplicate_ir_mask	cpDNA	mask	chloroplast	1	25736	21273491	826.604406	25736	1.000000	25734	0.999922	25730	0.999767	dudleya_organelle_alignment_pipeline/results/05_analysis_masks/cpdna_duplicate_ir_copy_mask.bed	dudleya_organelle_alignment_pipeline/results/06_all_sample_alignment/qc/ABAB_MAD_LP_324_Du-595.depth.tsv
ABAB_MAD_LP_324_Du-595	QB3.Berkeley.251217/QB3.Results.260109	D. abramsii ssp. abramsii	ABAB_MAD	cpdna_population_sites	cpDNA	variant_calling_and_population_genetics	chloroplast	1	124538	104525668	839.307424	124537	0.999992	124517	0.999831	124505	0.999735	dudleya_organelle_alignment_pipeline/results/05_analysis_masks/cpdna_population_sites.bed	dudleya_organelle_alignment_pipeline/results/06_all_sample_alignment/qc/ABAB_MAD_LP_324_Du-595.depth.tsv
ABAB_MAD_LP_324_Du-595	QB3.Berkeley.251217/QB3.Results.260109	D. abramsii ssp. abramsii	ABAB_MAD	mtdna_permissive_coverage	mtDNA	sample_qc_coverage	mitochondria	1	243359	14183285	58.281325	243110	0.998977	243049	0.998726	243021	0.998611	dudleya_organelle_alignment_pipeline/results/05_analysis_masks/mtdna_permissive_coverage_regions.bed	dudleya_organelle_alignment_pipeline/results/06_all_sample_alignment/qc/ABAB_MAD_LP_324_Du-595.depth.tsv
ABAB_MAD_LP_324_Du-595	QB3.Berkeley.251217/QB3.Results.260109	D. abramsii ssp. abramsii	ABAB_MAD	mtdna_high_confidence_unique	mtDNA	variant_calling_and_population_genetics	mitochondria	2	44930	4277330	95.199866	44922	0.999822	44915	0.999666	44912	0.999599	dudleya_organelle_alignment_pipeline/results/05_analysis_masks/mtdna_high_confidence_unique_regions.bed	dudleya_organelle_alignment_pipeline/results/06_all_sample_alignment/qc/ABAB_MAD_LP_324_Du-595.depth.tsv
ABAB_MAD_LP_325_Du-596	QB3.Berkeley.251217/QB3.Results.260109	D. abramsii ssp. abramsii	ABAB_MAD	cpdna_full_coverage	cpDNA	sample_qc_coverage	chloroplast	1	150274	207801829	1382.819576	150269	0.999967	150255	0.999874	150247	0.999820	dudleya_organelle_alignment_pipeline/results/05_analysis_masks/cpdna_full_coverage_regions.bed	dudleya_organelle_alignment_pipeline/results/06_all_sample_alignment/qc/ABAB_MAD_LP_325_Du-596.depth.tsv
ABAB_MAD_LP_325_Du-596	QB3.Berkeley.251217/QB3.Results.260109	D. abramsii ssp. abramsii	ABAB_MAD	cpdna_ir_regions	cpDNA	repeat_annotation	chloroplast	2	51472	70375896	1367.265620	51472	1.000000	51471	0.999981	51467	0.999903	dudleya_organelle_alignment_pipeline/results/05_analysis_masks/cpdna_ir_regions.bed	dudleya_organelle_alignment_pipeline/results/06_all_sample_alignment/qc/ABAB_MAD_LP_325_Du-596.depth.tsv
ABAB_MAD_LP_325_Du-596	QB3.Berkeley.251217/QB3.Results.260109	D. abramsii ssp. abramsii	ABAB_MAD	cpdna_duplicate_ir_mask	cpDNA	mask	chloroplast	1	25736	34604893	1344.610390	25736	1.000000	25735	0.999961	25732	0.999845	dudleya_organelle_alignment_pipeline/results/05_analysis_masks/cpdna_duplicate_ir_copy_mask.bed	dudleya_organelle_alignment_pipeline/results/06_all_sample_alignment/qc/ABAB_MAD_LP_325_Du-596.depth.tsv
ABAB_MAD_LP_325_Du-596	QB3.Berkeley.251217/QB3.Results.260109	D. abramsii ssp. abramsii	ABAB_MAD	cpdna_population_sites	cpDNA	variant_calling_and_population_genetics	chloroplast	1	124538	173196936	1390.715573	124533	0.999960	124520	0.999855	124515	0.999815	dudleya_organelle_alignment_pipeline/results/05_analysis_masks/cpdna_population_sites.bed	dudleya_organelle_alignment_pipeline/results/06_all_sample_alignment/qc/ABAB_MAD_LP_325_Du-596.depth.tsv
ABAB_MAD_LP_325_Du-596	QB3.Berkeley.251217/QB3.Results.260109	D. abramsii ssp. abramsii	ABAB_MAD	mtdna_permissive_coverage	mtDNA	sample_qc_coverage	mitochondria	1	243359	14262761	58.607904	243090	0.998895	243060	0.998771	243000	0.998525	dudleya_organelle_alignment_pipeline/results/05_analysis_masks/mtdna_permissive_coverage_regions.bed	dudleya_organelle_alignment_pipeline/results/06_all_sample_alignment/qc/ABAB_MAD_LP_325_Du-596.depth.tsv
ABAB_MAD_LP_325_Du-596	QB3.Berkeley.251217/QB3.Results.260109	D. abramsii ssp. abramsii	ABAB_MAD	mtdna_high_confidence_unique	mtDNA	variant_calling_and_population_genetics	mitochondria	2	44930	4238093	94.326575	44924	0.999866	44917	0.999711	44911	0.999577	dudleya_organelle_alignment_pipeline/results/05_analysis_masks/mtdna_high_confidence_unique_regions.bed	dudleya_organelle_alignment_pipeline/results/06_all_sample_alignment/qc/ABAB_MAD_LP_325_Du-596.depth.tsv
ABAB_MAD_LP_326_Du-597	QB3.Berkeley.251217/QB3.Results.260109	D. abramsii ssp. abramsii	ABAB_MAD	cpdna_full_coverage	cpDNA	sample_qc_coverage	chloroplast	1	150274	110898931	737.978167	150261	0.999913	150245	0.999807	150239	0.999767	dudleya_organelle_alignment_pipeline/results/05_analysis_masks/cpdna_full_coverage_regions.bed	dudleya_organelle_alignment_pipeline/results/06_all_sample_alignment/qc/ABAB_MAD_LP_326_Du-597.depth.tsv
ABAB_MAD_LP_326_Du-597	QB3.Berkeley.251217/QB3.Results.260109	D. abramsii ssp. abramsii	ABAB_MAD	cpdna_ir_regions	cpDNA	repeat_annotation	chloroplast	2	51472	36724563	713.486226	51472	1.000000	51467	0.999903	51466	0.999883	dudleya_organelle_alignment_pipeline/results/05_analysis_masks/cpdna_ir_regions.bed	dudleya_organelle_alignment_pipeline/results/06_all_sample_alignment/qc/ABAB_MAD_LP_326_Du-597.depth.tsv
ABAB_MAD_LP_326_Du-597	QB3.Berkeley.251217/QB3.Results.260109	D. abramsii ssp. abramsii	ABAB_MAD	cpdna_duplicate_ir_mask	cpDNA	mask	chloroplast	1	25736	18127799	704.375155	25736	1.000000	25731	0.999806	25731	0.999806	dudleya_organelle_alignment_pipeline/results/05_analysis_masks/cpdna_duplicate_ir_copy_mask.bed	dudleya_organelle_alignment_pipeline/results/06_all_sample_alignment/qc/ABAB_MAD_LP_326_Du-597.depth.tsv
ABAB_MAD_LP_326_Du-597	QB3.Berkeley.251217/QB3.Results.260109	D. abramsii ssp. abramsii	ABAB_MAD	cpdna_population_sites	cpDNA	variant_calling_and_population_genetics	chloroplast	1	124538	92771132	744.922289	124525	0.999896	124514	0.999807	124508	0.999759	dudleya_organelle_alignment_pipeline/results/05_analysis_masks/cpdna_population_sites.bed	dudleya_organelle_alignment_pipeline/results/06_all_sample_alignment/qc/ABAB_MAD_LP_326_Du-597.depth.tsv
ABAB_MAD_LP_326_Du-597	QB3.Berkeley.251217/QB3.Results.260109	D. abramsii ssp. abramsii	ABAB_MAD	mtdna_permissive_coverage	mtDNA	sample_qc_coverage	mitochondria	1	243359	11110801	45.656010	243085	0.998874	243035	0.998669	242968	0.998393	dudleya_organelle_alignment_pipeline/results/05_analysis_masks/mtdna_permissive_coverage_regions.bed	dudleya_organelle_alignment_pipeline/results/06_all_sample_alignment/qc/ABAB_MAD_LP_326_Du-597.depth.tsv
ABAB_MAD_LP_326_Du-597	QB3.Berkeley.251217/QB3.Results.260109	D. abramsii ssp. abramsii	ABAB_MAD	mtdna_high_confidence_unique	mtDNA	variant_calling_and_population_genetics	mitochondria	2	44930	3317625	73.839862	44923	0.999844	44915	0.999666	44909	0.999533	dudleya_organelle_alignment_pipeline/results/05_analysis_masks/mtdna_high_confidence_unique_regions.bed	dudleya_organelle_alignment_pipeline/results/06_all_sample_alignment/qc/ABAB_MAD_LP_326_Du-597.depth.tsv
ABAB_MAD_LP_327_Du-598	QB3.Berkeley.251217/QB3.Results.260109	D. abramsii ssp. abramsii	ABAB_MAD	cpdna_full_coverage	cpDNA	sample_qc_coverage	chloroplast	1	150274	34720994	231.051240	150256	0.999880	150235	0.999740	150204	0.999534	dudleya_organelle_alignment_pipeline/results/05_analysis_masks/cpdna_full_coverage_regions.bed	dudleya_organelle_alignment_pipeline/results/06_all_sample_alignment/qc/ABAB_MAD_LP_327_Du-598.depth.tsv
ABAB_MAD_LP_327_Du-598	QB3.Berkeley.251217/QB3.Results.260109	D. abramsii ssp. abramsii	ABAB_MAD	cpdna_ir_regions	cpDNA	repeat_annotation	chloroplast	2	51472	12297483	238.915974	51470	0.999961	51465	0.999864	51450	0.999573	dudleya_organelle_alignment_pipeline/results/05_analysis_masks/cpdna_ir_regions.bed	dudleya_organelle_alignment_pipeline/results/06_all_sample_alignment/qc/ABAB_MAD_LP_327_Du-598.depth.tsv
ABAB_MAD_LP_327_Du-598	QB3.Berkeley.251217/QB3.Results.260109	D. abramsii ssp. abramsii	ABAB_MAD	cpdna_duplicate_ir_mask	cpDNA	mask	chloroplast	1	25736	6042439	234.785476	25734	0.999922	25732	0.999845	25724	0.999534	dudleya_organelle_alignment_pipeline/results/05_analysis_masks/cpdna_duplicate_ir_copy_mask.bed	dudleya_organelle_alignment_pipeline/results/06_all_sample_alignment/qc/ABAB_MAD_LP_327_Du-598.depth.tsv
ABAB_MAD_LP_327_Du-598	QB3.Berkeley.251217/QB3.Results.260109	D. abramsii ssp. abramsii	ABAB_MAD	cpdna_population_sites	cpDNA	variant_calling_and_population_genetics	chloroplast	1	124538	28678555	230.279553	124522	0.999872	124503	0.999719	124480	0.999534	dudleya_organelle_alignment_pipeline/results/05_analysis_masks/cpdna_population_sites.bed	dudleya_organelle_alignment_pipeline/results/06_all_sample_alignment/qc/ABAB_MAD_LP_327_Du-598.depth.tsv
ABAB_MAD_LP_327_Du-598	QB3.Berkeley.251217/QB3.Results.260109	D. abramsii ssp. abramsii	ABAB_MAD	mtdna_permissive_coverage	mtDNA	sample_qc_coverage	mitochondria	1	243359	3092151	12.706130	242316	0.995714	226849	0.932158	152907	0.628319	dudleya_organelle_alignment_pipeline/results/05_analysis_masks/mtdna_permissive_coverage_regions.bed	dudleya_organelle_alignment_pipeline/results/06_all_sample_alignment/qc/ABAB_MAD_LP_327_Du-598.depth.tsv
ABAB_MAD_LP_327_Du-598	QB3.Berkeley.251217/QB3.Results.260109	D. abramsii ssp. abramsii	ABAB_MAD	mtdna_high_confidence_unique	mtDNA	variant_calling_and_population_genetics	mitochondria	2	44930	933217	20.770465	44921	0.999800	44854	0.998308	43037	0.957868	dudleya_organelle_alignment_pipeline/results/05_analysis_masks/mtdna_high_confidence_unique_regions.bed	dudleya_organelle_alignment_pipeline/results/06_all_sample_alignment/qc/ABAB_MAD_LP_327_Du-598.depth.tsv
ABBE_BERN_LP_311_Du-780	QB3.Berkeley.251217/QB3.Results.260109	D. abramsii ssp. bettinae	ABBE_BERN	cpdna_full_coverage	cpDNA	sample_qc_coverage	chloroplast	1	150274	162376367	1080.535335	150274	1.000000	150262	0.999920	150255	0.999874	dudleya_organelle_alignment_pipeline/results/05_analysis_masks/cpdna_full_coverage_regions.bed	dudleya_organelle_alignment_pipeline/results/06_all_sample_alignment/qc/ABBE_BERN_LP_311_Du-780.depth.tsv
ABBE_BERN_LP_311_Du-780	QB3.Berkeley.251217/QB3.Results.260109	D. abramsii ssp. bettinae	ABBE_BERN	cpdna_ir_regions	cpDNA	repeat_annotation	chloroplast	2	51472	57306378	1113.350521	51472	1.000000	51469	0.999942	51467	0.999903	dudleya_organelle_alignment_pipeline/results/05_analysis_masks/cpdna_ir_regions.bed	dudleya_organelle_alignment_pipeline/results/06_all_sample_alignment/qc/ABBE_BERN_LP_311_Du-780.depth.tsv
ABBE_BERN_LP_311_Du-780	QB3.Berkeley.251217/QB3.Results.260109	D. abramsii ssp. bettinae	ABBE_BERN	cpdna_duplicate_ir_mask	cpDNA	mask	chloroplast	1	25736	28158169	1094.115985	25736	1.000000	25734	0.999922	25732	0.999845	dudleya_organelle_alignment_pipeline/results/05_analysis_masks/cpdna_duplicate_ir_copy_mask.bed	dudleya_organelle_alignment_pipeline/results/06_all_sample_alignment/qc/ABBE_BERN_LP_311_Du-780.depth.tsv
ABBE_BERN_LP_311_Du-780	QB3.Berkeley.251217/QB3.Results.260109	D. abramsii ssp. bettinae	ABBE_BERN	cpdna_population_sites	cpDNA	variant_calling_and_population_genetics	chloroplast	1	124538	134218198	1077.728870	124538	1.000000	124528	0.999920	124523	0.999880	dudleya_organelle_alignment_pipeline/results/05_analysis_masks/cpdna_population_sites.bed	dudleya_organelle_alignment_pipeline/results/06_all_sample_alignment/qc/ABBE_BERN_LP_311_Du-780.depth.tsv
ABBE_BERN_LP_311_Du-780	QB3.Berkeley.251217/QB3.Results.260109	D. abramsii ssp. bettinae	ABBE_BERN	mtdna_permissive_coverage	mtDNA	sample_qc_coverage	mitochondria	1	243359	28466479	116.973192	230050	0.945311	229060	0.941243	228938	0.940742	dudleya_organelle_alignment_pipeline/results/05_analysis_masks/mtdna_permissive_coverage_regions.bed	dudleya_organelle_alignment_pipeline/results/06_all_sample_alignment/qc/ABBE_BERN_LP_311_Du-780.depth.tsv
ABBE_BERN_LP_311_Du-780	QB3.Berkeley.251217/QB3.Results.260109	D. abramsii ssp. bettinae	ABBE_BERN	mtdna_high_confidence_unique	mtDNA	variant_calling_and_population_genetics	mitochondria	2	44930	9136479	203.349188	44930	1.000000	44927	0.999933	44918	0.999733	dudleya_organelle_alignment_pipeline/results/05_analysis_masks/mtdna_high_confidence_unique_regions.bed	dudleya_organelle_alignment_pipeline/results/06_all_sample_alignment/qc/ABBE_BERN_LP_311_Du-780.depth.tsv
ABBE_BERN_LP_312_Du-781	QB3.Berkeley.251217/QB3.Results.260109	D. abramsii ssp. bettinae	ABBE_BERN	cpdna_full_coverage	cpDNA	sample_qc_coverage	chloroplast	1	150274	60736212	404.169797	150274	1.000000	150266	0.999947	150254	0.999867	dudleya_organelle_alignment_pipeline/results/05_analysis_masks/cpdna_full_coverage_regions.bed	dudleya_organelle_alignment_pipeline/results/06_all_sample_alignment/qc/ABBE_BERN_LP_312_Du-781.depth.tsv
ABBE_BERN_LP_312_Du-781	QB3.Berkeley.251217/QB3.Results.260109	D. abramsii ssp. bettinae	ABBE_BERN	cpdna_ir_regions	cpDNA	repeat_annotation	chloroplast	2	51472	20392484	396.185965	51472	1.000000	51470	0.999961	51463	0.999825	dudleya_organelle_alignment_pipeline/results/05_analysis_masks/cpdna_ir_regions.bed	dudleya_organelle_alignment_pipeline/results/06_all_sample_alignment/qc/ABBE_BERN_LP_312_Du-781.depth.tsv
ABBE_BERN_LP_312_Du-781	QB3.Berkeley.251217/QB3.Results.260109	D. abramsii ssp. bettinae	ABBE_BERN	cpdna_duplicate_ir_mask	cpDNA	mask	chloroplast	1	25736	10025910	389.567532	25736	1.000000	25735	0.999961	25728	0.999689	dudleya_organelle_alignment_pipeline/results/05_analysis_masks/cpdna_duplicate_ir_copy_mask.bed	dudleya_organelle_alignment_pipeline/results/06_all_sample_alignment/qc/ABBE_BERN_LP_312_Du-781.depth.tsv
ABBE_BERN_LP_312_Du-781	QB3.Berkeley.251217/QB3.Results.260109	D. abramsii ssp. bettinae	ABBE_BERN	cpdna_population_sites	cpDNA	variant_calling_and_population_genetics	chloroplast	1	124538	50710302	407.187381	124538	1.000000	124531	0.999944	124526	0.999904	dudleya_organelle_alignment_pipeline/results/05_analysis_masks/cpdna_population_sites.bed	dudleya_organelle_alignment_pipeline/results/06_all_sample_alignment/qc/ABBE_BERN_LP_312_Du-781.depth.tsv
ABBE_BERN_LP_312_Du-781	QB3.Berkeley.251217/QB3.Results.260109	D. abramsii ssp. bettinae	ABBE_BERN	mtdna_permissive_coverage	mtDNA	sample_qc_coverage	mitochondria	1	243359	12731723	52.316631	230146	0.945706	229150	0.941613	228925	0.940688	dudleya_organelle_alignment_pipeline/results/05_analysis_masks/mtdna_permissive_coverage_regions.bed	dudleya_organelle_alignment_pipeline/results/06_all_sample_alignment/qc/ABBE_BERN_LP_312_Du-781.depth.tsv
ABBE_BERN_LP_312_Du-781	QB3.Berkeley.251217/QB3.Results.260109	D. abramsii ssp. bettinae	ABBE_BERN	mtdna_high_confidence_unique	mtDNA	variant_calling_and_population_genetics	mitochondria	2	44930	4160036	92.589272	44929	0.999978	44925	0.999889	44917	0.999711	dudleya_organelle_alignment_pipeline/results/05_analysis_masks/mtdna_high_confidence_unique_regions.bed	dudleya_organelle_alignment_pipeline/results/06_all_sample_alignment/qc/ABBE_BERN_LP_312_Du-781.depth.tsv
ABBE_BERN_LP_313_Du-782	QB3.Berkeley.251217/QB3.Results.260109	D. abramsii ssp. bettinae	ABBE_BERN	cpdna_full_coverage	cpDNA	sample_qc_coverage	chloroplast	1	150274	17655022	117.485540	150261	0.999913	150220	0.999641	150140	0.999108	dudleya_organelle_alignment_pipeline/results/05_analysis_masks/cpdna_full_coverage_regions.bed	dudleya_organelle_alignment_pipeline/results/06_all_sample_alignment/qc/ABBE_BERN_LP_313_Du-782.depth.tsv
ABBE_BERN_LP_313_Du-782	QB3.Berkeley.251217/QB3.Results.260109	D. abramsii ssp. bettinae	ABBE_BERN	cpdna_ir_regions	cpDNA	repeat_annotation	chloroplast	2	51472	6443080	125.176407	51471	0.999981	51445	0.999475	51398	0.998562	dudleya_organelle_alignment_pipeline/results/05_analysis_masks/cpdna_ir_regions.bed	dudleya_organelle_alignment_pipeline/results/06_all_sample_alignment/qc/ABBE_BERN_LP_313_Du-782.depth.tsv
ABBE_BERN_LP_313_Du-782	QB3.Berkeley.251217/QB3.Results.260109	D. abramsii ssp. bettinae	ABBE_BERN	cpdna_duplicate_ir_mask	cpDNA	mask	chloroplast	1	25736	3149671	122.383859	25735	0.999961	25716	0.999223	25680	0.997824	dudleya_organelle_alignment_pipeline/results/05_analysis_masks/cpdna_duplicate_ir_copy_mask.bed	dudleya_organelle_alignment_pipeline/results/06_all_sample_alignment/qc/ABBE_BERN_LP_313_Du-782.depth.tsv
ABBE_BERN_LP_313_Du-782	QB3.Berkeley.251217/QB3.Results.260109	D. abramsii ssp. bettinae	ABBE_BERN	cpdna_population_sites	cpDNA	variant_calling_and_population_genetics	chloroplast	1	124538	14505351	116.473293	124526	0.999904	124504	0.999727	124460	0.999374	dudleya_organelle_alignment_pipeline/results/05_analysis_masks/cpdna_population_sites.bed	dudleya_organelle_alignment_pipeline/results/06_all_sample_alignment/qc/ABBE_BERN_LP_313_Du-782.depth.tsv
ABBE_BERN_LP_313_Du-782	QB3.Berkeley.251217/QB3.Results.260109	D. abramsii ssp. bettinae	ABBE_BERN	mtdna_permissive_coverage	mtDNA	sample_qc_coverage	mitochondria	1	243359	3334933	13.703759	229807	0.944313	220686	0.906833	168523	0.692487	dudleya_organelle_alignment_pipeline/results/05_analysis_masks/mtdna_permissive_coverage_regions.bed	dudleya_organelle_alignment_pipeline/results/06_all_sample_alignment/qc/ABBE_BERN_LP_313_Du-782.depth.tsv
ABBE_BERN_LP_313_Du-782	QB3.Berkeley.251217/QB3.Results.260109	D. abramsii ssp. bettinae	ABBE_BERN	mtdna_high_confidence_unique	mtDNA	variant_calling_and_population_genetics	mitochondria	2	44930	1077916	23.991008	44927	0.999933	44914	0.999644	44253	0.984932	dudleya_organelle_alignment_pipeline/results/05_analysis_masks/mtdna_high_confidence_unique_regions.bed	dudleya_organelle_alignment_pipeline/results/06_all_sample_alignment/qc/ABBE_BERN_LP_313_Du-782.depth.tsv
ABBE_BERN_LP_314_Du-783	QB3.Berkeley.251217/QB3.Results.260109	D. abramsii ssp. bettinae	ABBE_BERN	cpdna_full_coverage	cpDNA	sample_qc_coverage	chloroplast	1	150274	26232616	174.565234	150274	1.000000	150258	0.999894	150214	0.999601	dudleya_organelle_alignment_pipeline/results/05_analysis_masks/cpdna_full_coverage_regions.bed	dudleya_organelle_alignment_pipeline/results/06_all_sample_alignment/qc/ABBE_BERN_LP_314_Du-783.depth.tsv
ABBE_BERN_LP_314_Du-783	QB3.Berkeley.251217/QB3.Results.260109	D. abramsii ssp. bettinae	ABBE_BERN	cpdna_ir_regions	cpDNA	repeat_annotation	chloroplast	2	51472	9004560	174.940939	51472	1.000000	51464	0.999845	51434	0.999262	dudleya_organelle_alignment_pipeline/results/05_analysis_masks/cpdna_ir_regions.bed	dudleya_organelle_alignment_pipeline/results/06_all_sample_alignment/qc/ABBE_BERN_LP_314_Du-783.depth.tsv
ABBE_BERN_LP_314_Du-783	QB3.Berkeley.251217/QB3.Results.260109	D. abramsii ssp. bettinae	ABBE_BERN	cpdna_duplicate_ir_mask	cpDNA	mask	chloroplast	1	25736	4443000	172.637551	25736	1.000000	25728	0.999689	25714	0.999145	dudleya_organelle_alignment_pipeline/results/05_analysis_masks/cpdna_duplicate_ir_copy_mask.bed	dudleya_organelle_alignment_pipeline/results/06_all_sample_alignment/qc/ABBE_BERN_LP_314_Du-783.depth.tsv
ABBE_BERN_LP_314_Du-783	QB3.Berkeley.251217/QB3.Results.260109	D. abramsii ssp. bettinae	ABBE_BERN	cpdna_population_sites	cpDNA	variant_calling_and_population_genetics	chloroplast	1	124538	21789616	174.963593	124538	1.000000	124530	0.999936	124500	0.999695	dudleya_organelle_alignment_pipeline/results/05_analysis_masks/cpdna_population_sites.bed	dudleya_organelle_alignment_pipeline/results/06_all_sample_alignment/qc/ABBE_BERN_LP_314_Du-783.depth.tsv
ABBE_BERN_LP_314_Du-783	QB3.Berkeley.251217/QB3.Results.260109	D. abramsii ssp. bettinae	ABBE_BERN	mtdna_permissive_coverage	mtDNA	sample_qc_coverage	mitochondria	1	243359	14433438	59.309243	229794	0.944259	229021	0.941083	228939	0.940746	dudleya_organelle_alignment_pipeline/results/05_analysis_masks/mtdna_permissive_coverage_regions.bed	dudleya_organelle_alignment_pipeline/results/06_all_sample_alignment/qc/ABBE_BERN_LP_314_Du-783.depth.tsv
ABBE_BERN_LP_314_Du-783	QB3.Berkeley.251217/QB3.Results.260109	D. abramsii ssp. bettinae	ABBE_BERN	mtdna_high_confidence_unique	mtDNA	variant_calling_and_population_genetics	mitochondria	2	44930	4747327	105.660516	44928	0.999955	44927	0.999933	44925	0.999889	dudleya_organelle_alignment_pipeline/results/05_analysis_masks/mtdna_high_confidence_unique_regions.bed	dudleya_organelle_alignment_pipeline/results/06_all_sample_alignment/qc/ABBE_BERN_LP_314_Du-783.depth.tsv
ABMU_HOR_LP_306_Du-775	QB3.Berkeley.251217/QB3.Results.260109	D. abramsii ssp. murina	ABMU_HOR	cpdna_full_coverage	cpDNA	sample_qc_coverage	chloroplast	1	150274	144836358	963.815151	150260	0.999907	150258	0.999894	150246	0.999814	dudleya_organelle_alignment_pipeline/results/05_analysis_masks/cpdna_full_coverage_regions.bed	dudleya_organelle_alignment_pipeline/results/06_all_sample_alignment/qc/ABMU_HOR_LP_306_Du-775.depth.tsv
ABMU_HOR_LP_306_Du-775	QB3.Berkeley.251217/QB3.Results.260109	D. abramsii ssp. murina	ABMU_HOR	cpdna_ir_regions	cpDNA	repeat_annotation	chloroplast	2	51472	50041023	972.198924	51472	1.000000	51471	0.999981	51468	0.999922	dudleya_organelle_alignment_pipeline/results/05_analysis_masks/cpdna_ir_regions.bed	dudleya_organelle_alignment_pipeline/results/06_all_sample_alignment/qc/ABMU_HOR_LP_306_Du-775.depth.tsv
ABMU_HOR_LP_306_Du-775	QB3.Berkeley.251217/QB3.Results.260109	D. abramsii ssp. murina	ABMU_HOR	cpdna_duplicate_ir_mask	cpDNA	mask	chloroplast	1	25736	24440797	949.673492	25736	1.000000	25735	0.999961	25733	0.999883	dudleya_organelle_alignment_pipeline/results/05_analysis_masks/cpdna_duplicate_ir_copy_mask.bed	dudleya_organelle_alignment_pipeline/results/06_all_sample_alignment/qc/ABMU_HOR_LP_306_Du-775.depth.tsv
ABMU_HOR_LP_306_Du-775	QB3.Berkeley.251217/QB3.Results.260109	D. abramsii ssp. murina	ABMU_HOR	cpdna_population_sites	cpDNA	variant_calling_and_population_genetics	chloroplast	1	124538	120395561	966.737550	124524	0.999888	124523	0.999880	124513	0.999799	dudleya_organelle_alignment_pipeline/results/05_analysis_masks/cpdna_population_sites.bed	dudleya_organelle_alignment_pipeline/results/06_all_sample_alignment/qc/ABMU_HOR_LP_306_Du-775.depth.tsv
ABMU_HOR_LP_306_Du-775	QB3.Berkeley.251217/QB3.Results.260109	D. abramsii ssp. murina	ABMU_HOR	mtdna_permissive_coverage	mtDNA	sample_qc_coverage	mitochondria	1	243359	39863556	163.805555	243120	0.999018	243063	0.998784	243052	0.998738	dudleya_organelle_alignment_pipeline/results/05_analysis_masks/mtdna_permissive_coverage_regions.bed	dudleya_organelle_alignment_pipeline/results/06_all_sample_alignment/qc/ABMU_HOR_LP_306_Du-775.depth.tsv
ABMU_HOR_LP_306_Du-775	QB3.Berkeley.251217/QB3.Results.260109	D. abramsii ssp. murina	ABMU_HOR	mtdna_high_confidence_unique	mtDNA	variant_calling_and_population_genetics	mitochondria	2	44930	12016881	267.457846	44930	1.000000	44919	0.999755	44912	0.999599	dudleya_organelle_alignment_pipeline/results/05_analysis_masks/mtdna_high_confidence_unique_regions.bed	dudleya_organelle_alignment_pipeline/results/06_all_sample_alignment/qc/ABMU_HOR_LP_306_Du-775.depth.tsv
ABMU_HOR_LP_308_Du-777	QB3.Berkeley.251217/QB3.Results.260109	D. abramsii ssp. murina	ABMU_HOR	cpdna_full_coverage	cpDNA	sample_qc_coverage	chloroplast	1	150274	96012540	638.916513	150267	0.999953	150255	0.999874	150235	0.999740	dudleya_organelle_alignment_pipeline/results/05_analysis_masks/cpdna_full_coverage_regions.bed	dudleya_organelle_alignment_pipeline/results/06_all_sample_alignment/qc/ABMU_HOR_LP_308_Du-777.depth.tsv
ABMU_HOR_LP_308_Du-777	QB3.Berkeley.251217/QB3.Results.260109	D. abramsii ssp. murina	ABMU_HOR	cpdna_ir_regions	cpDNA	repeat_annotation	chloroplast	2	51472	32279117	627.119929	51472	1.000000	51470	0.999961	51462	0.999806	dudleya_organelle_alignment_pipeline/results/05_analysis_masks/cpdna_ir_regions.bed	dudleya_organelle_alignment_pipeline/results/06_all_sample_alignment/qc/ABMU_HOR_LP_308_Du-777.depth.tsv
ABMU_HOR_LP_308_Du-777	QB3.Berkeley.251217/QB3.Results.260109	D. abramsii ssp. murina	ABMU_HOR	cpdna_duplicate_ir_mask	cpDNA	mask	chloroplast	1	25736	15895728	617.645633	25736	1.000000	25734	0.999922	25728	0.999689	dudleya_organelle_alignment_pipeline/results/05_analysis_masks/cpdna_duplicate_ir_copy_mask.bed	dudleya_organelle_alignment_pipeline/results/06_all_sample_alignment/qc/ABMU_HOR_LP_308_Du-777.depth.tsv
ABMU_HOR_LP_308_Du-777	QB3.Berkeley.251217/QB3.Results.260109	D. abramsii ssp. murina	ABMU_HOR	cpdna_population_sites	cpDNA	variant_calling_and_population_genetics	chloroplast	1	124538	80116812	643.312178	124531	0.999944	124521	0.999863	124507	0.999751	dudleya_organelle_alignment_pipeline/results/05_analysis_masks/cpdna_population_sites.bed	dudleya_organelle_alignment_pipeline/results/06_all_sample_alignment/qc/ABMU_HOR_LP_308_Du-777.depth.tsv
ABMU_HOR_LP_308_Du-777	QB3.Berkeley.251217/QB3.Results.260109	D. abramsii ssp. murina	ABMU_HOR	mtdna_permissive_coverage	mtDNA	sample_qc_coverage	mitochondria	1	243359	40793590	167.627209	243120	0.999018	243083	0.998866	243037	0.998677	dudleya_organelle_alignment_pipeline/results/05_analysis_masks/mtdna_permissive_coverage_regions.bed	dudleya_organelle_alignment_pipeline/results/06_all_sample_alignment/qc/ABMU_HOR_LP_308_Du-777.depth.tsv
ABMU_HOR_LP_308_Du-777	QB3.Berkeley.251217/QB3.Results.260109	D. abramsii ssp. murina	ABMU_HOR	mtdna_high_confidence_unique	mtDNA	variant_calling_and_population_genetics	mitochondria	2	44930	12315841	274.111752	44930	1.000000	44926	0.999911	44915	0.999666	dudleya_organelle_alignment_pipeline/results/05_analysis_masks/mtdna_high_confidence_unique_regions.bed	dudleya_organelle_alignment_pipeline/results/06_all_sample_alignment/qc/ABMU_HOR_LP_308_Du-777.depth.tsv
ABMU_HOR_LP_358_Du-770	QB3.Berkeley.251217/QB3.Results.260109	D. abramsii ssp. murina	ABMU_HOR	cpdna_full_coverage	cpDNA	sample_qc_coverage	chloroplast	1	150274	307228425	2044.454962	150261	0.999913	150258	0.999894	150256	0.999880	dudleya_organelle_alignment_pipeline/results/05_analysis_masks/cpdna_full_coverage_regions.bed	dudleya_organelle_alignment_pipeline/results/06_all_sample_alignment/qc/ABMU_HOR_LP_358_Du-770.depth.tsv
ABMU_HOR_LP_358_Du-770	QB3.Berkeley.251217/QB3.Results.260109	D. abramsii ssp. murina	ABMU_HOR	cpdna_ir_regions	cpDNA	repeat_annotation	chloroplast	2	51472	107149621	2081.706967	51472	1.000000	51470	0.999961	51470	0.999961	dudleya_organelle_alignment_pipeline/results/05_analysis_masks/cpdna_ir_regions.bed	dudleya_organelle_alignment_pipeline/results/06_all_sample_alignment/qc/ABMU_HOR_LP_358_Du-770.depth.tsv
ABMU_HOR_LP_358_Du-770	QB3.Berkeley.251217/QB3.Results.260109	D. abramsii ssp. murina	ABMU_HOR	cpdna_duplicate_ir_mask	cpDNA	mask	chloroplast	1	25736	52286125	2031.633704	25736	1.000000	25735	0.999961	25735	0.999961	dudleya_organelle_alignment_pipeline/results/05_analysis_masks/cpdna_duplicate_ir_copy_mask.bed	dudleya_organelle_alignment_pipeline/results/06_all_sample_alignment/qc/ABMU_HOR_LP_358_Du-770.depth.tsv
ABMU_HOR_LP_358_Du-770	QB3.Berkeley.251217/QB3.Results.260109	D. abramsii ssp. murina	ABMU_HOR	cpdna_population_sites	cpDNA	variant_calling_and_population_genetics	chloroplast	1	124538	254942300	2047.104498	124525	0.999896	124523	0.999880	124521	0.999863	dudleya_organelle_alignment_pipeline/results/05_analysis_masks/cpdna_population_sites.bed	dudleya_organelle_alignment_pipeline/results/06_all_sample_alignment/qc/ABMU_HOR_LP_358_Du-770.depth.tsv
ABMU_HOR_LP_358_Du-770	QB3.Berkeley.251217/QB3.Results.260109	D. abramsii ssp. murina	ABMU_HOR	mtdna_permissive_coverage	mtDNA	sample_qc_coverage	mitochondria	1	243359	28395208	116.680328	243100	0.998936	243054	0.998747	243036	0.998673	dudleya_organelle_alignment_pipeline/results/05_analysis_masks/mtdna_permissive_coverage_regions.bed	dudleya_organelle_alignment_pipeline/results/06_all_sample_alignment/qc/ABMU_HOR_LP_358_Du-770.depth.tsv
ABMU_HOR_LP_358_Du-770	QB3.Berkeley.251217/QB3.Results.260109	D. abramsii ssp. murina	ABMU_HOR	mtdna_high_confidence_unique	mtDNA	variant_calling_and_population_genetics	mitochondria	2	44930	8562636	190.577254	44930	1.000000	44917	0.999711	44912	0.999599	dudleya_organelle_alignment_pipeline/results/05_analysis_masks/mtdna_high_confidence_unique_regions.bed	dudleya_organelle_alignment_pipeline/results/06_all_sample_alignment/qc/ABMU_HOR_LP_358_Du-770.depth.tsv
ABMU_HOR_LP_359_Du-771	QB3.Berkeley.251217/QB3.Results.260109	D. abramsii ssp. murina	ABMU_HOR	cpdna_full_coverage	cpDNA	sample_qc_coverage	chloroplast	1	150274	221340625	1472.913644	150260	0.999907	150259	0.999900	150253	0.999860	dudleya_organelle_alignment_pipeline/results/05_analysis_masks/cpdna_full_coverage_regions.bed	dudleya_organelle_alignment_pipeline/results/06_all_sample_alignment/qc/ABMU_HOR_LP_359_Du-771.depth.tsv
ABMU_HOR_LP_359_Du-771	QB3.Berkeley.251217/QB3.Results.260109	D. abramsii ssp. murina	ABMU_HOR	cpdna_ir_regions	cpDNA	repeat_annotation	chloroplast	2	51472	77824337	1511.974219	51472	1.000000	51472	1.000000	51470	0.999961	dudleya_organelle_alignment_pipeline/results/05_analysis_masks/cpdna_ir_regions.bed	dudleya_organelle_alignment_pipeline/results/06_all_sample_alignment/qc/ABMU_HOR_LP_359_Du-771.depth.tsv
ABMU_HOR_LP_359_Du-771	QB3.Berkeley.251217/QB3.Results.260109	D. abramsii ssp. murina	ABMU_HOR	cpdna_duplicate_ir_mask	cpDNA	mask	chloroplast	1	25736	37935671	1474.031357	25736	1.000000	25736	1.000000	25734	0.999922	dudleya_organelle_alignment_pipeline/results/05_analysis_masks/cpdna_duplicate_ir_copy_mask.bed	dudleya_organelle_alignment_pipeline/results/06_all_sample_alignment/qc/ABMU_HOR_LP_359_Du-771.depth.tsv
ABMU_HOR_LP_359_Du-771	QB3.Berkeley.251217/QB3.Results.260109	D. abramsii ssp. murina	ABMU_HOR	cpdna_population_sites	cpDNA	variant_calling_and_population_genetics	chloroplast	1	124538	183404954	1472.682667	124524	0.999888	124523	0.999880	124519	0.999847	dudleya_organelle_alignment_pipeline/results/05_analysis_masks/cpdna_population_sites.bed	dudleya_organelle_alignment_pipeline/results/06_all_sample_alignment/qc/ABMU_HOR_LP_359_Du-771.depth.tsv
ABMU_HOR_LP_359_Du-771	QB3.Berkeley.251217/QB3.Results.260109	D. abramsii ssp. murina	ABMU_HOR	mtdna_permissive_coverage	mtDNA	sample_qc_coverage	mitochondria	1	243359	31261557	128.458602	243117	0.999006	243061	0.998775	243032	0.998656	dudleya_organelle_alignment_pipeline/results/05_analysis_masks/mtdna_permissive_coverage_regions.bed	dudleya_organelle_alignment_pipeline/results/06_all_sample_alignment/qc/ABMU_HOR_LP_359_Du-771.depth.tsv
ABMU_HOR_LP_359_Du-771	QB3.Berkeley.251217/QB3.Results.260109	D. abramsii ssp. murina	ABMU_HOR	mtdna_high_confidence_unique	mtDNA	variant_calling_and_population_genetics	mitochondria	2	44930	9383295	208.842533	44929	0.999978	44923	0.999844	44914	0.999644	dudleya_organelle_alignment_pipeline/results/05_analysis_masks/mtdna_high_confidence_unique_regions.bed	dudleya_organelle_alignment_pipeline/results/06_all_sample_alignment/qc/ABMU_HOR_LP_359_Du-771.depth.tsv
ABMU_HOR_LP_360_Du-772	QB3.Berkeley.251217/QB3.Results.260109	D. abramsii ssp. murina	ABMU_HOR	cpdna_full_coverage	cpDNA	sample_qc_coverage	chloroplast	1	150274	184517176	1227.871595	150260	0.999907	150259	0.999900	150251	0.999847	dudleya_organelle_alignment_pipeline/results/05_analysis_masks/cpdna_full_coverage_regions.bed	dudleya_organelle_alignment_pipeline/results/06_all_sample_alignment/qc/ABMU_HOR_LP_360_Du-772.depth.tsv
ABMU_HOR_LP_360_Du-772	QB3.Berkeley.251217/QB3.Results.260109	D. abramsii ssp. murina	ABMU_HOR	cpdna_ir_regions	cpDNA	repeat_annotation	chloroplast	2	51472	65371355	1270.037205	51472	1.000000	51471	0.999981	51468	0.999922	dudleya_organelle_alignment_pipeline/results/05_analysis_masks/cpdna_ir_regions.bed	dudleya_organelle_alignment_pipeline/results/06_all_sample_alignment/qc/ABMU_HOR_LP_360_Du-772.depth.tsv
ABMU_HOR_LP_360_Du-772	QB3.Berkeley.251217/QB3.Results.260109	D. abramsii ssp. murina	ABMU_HOR	cpdna_duplicate_ir_mask	cpDNA	mask	chloroplast	1	25736	31979111	1242.582802	25736	1.000000	25735	0.999961	25733	0.999883	dudleya_organelle_alignment_pipeline/results/05_analysis_masks/cpdna_duplicate_ir_copy_mask.bed	dudleya_organelle_alignment_pipeline/results/06_all_sample_alignment/qc/ABMU_HOR_LP_360_Du-772.depth.tsv
ABMU_HOR_LP_360_Du-772	QB3.Berkeley.251217/QB3.Results.260109	D. abramsii ssp. murina	ABMU_HOR	cpdna_population_sites	cpDNA	variant_calling_and_population_genetics	chloroplast	1	124538	152538065	1224.831497	124524	0.999888	124524	0.999888	124518	0.999839	dudleya_organelle_alignment_pipeline/results/05_analysis_masks/cpdna_population_sites.bed	dudleya_organelle_alignment_pipeline/results/06_all_sample_alignment/qc/ABMU_HOR_LP_360_Du-772.depth.tsv
ABMU_HOR_LP_360_Du-772	QB3.Berkeley.251217/QB3.Results.260109	D. abramsii ssp. murina	ABMU_HOR	mtdna_permissive_coverage	mtDNA	sample_qc_coverage	mitochondria	1	243359	18839047	77.412576	243081	0.998858	243026	0.998632	242989	0.998480	dudleya_organelle_alignment_pipeline/results/05_analysis_masks/mtdna_permissive_coverage_regions.bed	dudleya_organelle_alignment_pipeline/results/06_all_sample_alignment/qc/ABMU_HOR_LP_360_Du-772.depth.tsv
ABMU_HOR_LP_360_Du-772	QB3.Berkeley.251217/QB3.Results.260109	D. abramsii ssp. murina	ABMU_HOR	mtdna_high_confidence_unique	mtDNA	variant_calling_and_population_genetics	mitochondria	2	44930	5728431	127.496795	44930	1.000000	44922	0.999822	44914	0.999644	dudleya_organelle_alignment_pipeline/results/05_analysis_masks/mtdna_high_confidence_unique_regions.bed	dudleya_organelle_alignment_pipeline/results/06_all_sample_alignment/qc/ABMU_HOR_LP_360_Du-772.depth.tsv
ABMU_HOR_LP_361_Du-773	QB3.Berkeley.251217/QB3.Results.260109	D. abramsii ssp. murina	ABMU_HOR	cpdna_full_coverage	cpDNA	sample_qc_coverage	chloroplast	1	150274	134580353	895.566452	150260	0.999907	150254	0.999867	150244	0.999800	dudleya_organelle_alignment_pipeline/results/05_analysis_masks/cpdna_full_coverage_regions.bed	dudleya_organelle_alignment_pipeline/results/06_all_sample_alignment/qc/ABMU_HOR_LP_361_Du-773.depth.tsv
ABMU_HOR_LP_361_Du-773	QB3.Berkeley.251217/QB3.Results.260109	D. abramsii ssp. murina	ABMU_HOR	cpdna_ir_regions	cpDNA	repeat_annotation	chloroplast	2	51472	46042306	894.511696	51472	1.000000	51471	0.999981	51466	0.999883	dudleya_organelle_alignment_pipeline/results/05_analysis_masks/cpdna_ir_regions.bed	dudleya_organelle_alignment_pipeline/results/06_all_sample_alignment/qc/ABMU_HOR_LP_361_Du-773.depth.tsv
ABMU_HOR_LP_361_Du-773	QB3.Berkeley.251217/QB3.Results.260109	D. abramsii ssp. murina	ABMU_HOR	cpdna_duplicate_ir_mask	cpDNA	mask	chloroplast	1	25736	22380142	869.604523	25736	1.000000	25735	0.999961	25731	0.999806	dudleya_organelle_alignment_pipeline/results/05_analysis_masks/cpdna_duplicate_ir_copy_mask.bed	dudleya_organelle_alignment_pipeline/results/06_all_sample_alignment/qc/ABMU_HOR_LP_361_Du-773.depth.tsv
ABMU_HOR_LP_361_Du-773	QB3.Berkeley.251217/QB3.Results.260109	D. abramsii ssp. murina	ABMU_HOR	cpdna_population_sites	cpDNA	variant_calling_and_population_genetics	chloroplast	1	124538	112200211	900.931531	124524	0.999888	124519	0.999847	124513	0.999799	dudleya_organelle_alignment_pipeline/results/05_analysis_masks/cpdna_population_sites.bed	dudleya_organelle_alignment_pipeline/results/06_all_sample_alignment/qc/ABMU_HOR_LP_361_Du-773.depth.tsv
ABMU_HOR_LP_361_Du-773	QB3.Berkeley.251217/QB3.Results.260109	D. abramsii ssp. murina	ABMU_HOR	mtdna_permissive_coverage	mtDNA	sample_qc_coverage	mitochondria	1	243359	18853458	77.471793	243116	0.999001	243071	0.998817	242998	0.998517	dudleya_organelle_alignment_pipeline/results/05_analysis_masks/mtdna_permissive_coverage_regions.bed	dudleya_organelle_alignment_pipeline/results/06_all_sample_alignment/qc/ABMU_HOR_LP_361_Du-773.depth.tsv
ABMU_HOR_LP_361_Du-773	QB3.Berkeley.251217/QB3.Results.260109	D. abramsii ssp. murina	ABMU_HOR	mtdna_high_confidence_unique	mtDNA	variant_calling_and_population_genetics	mitochondria	2	44930	5620237	125.088738	44929	0.999978	44920	0.999777	44912	0.999599	dudleya_organelle_alignment_pipeline/results/05_analysis_masks/mtdna_high_confidence_unique_regions.bed	dudleya_organelle_alignment_pipeline/results/06_all_sample_alignment/qc/ABMU_HOR_LP_361_Du-773.depth.tsv
BAI_LP_105_Du-222	QB3.Berkeley.251217/QB3.Results.260109	D. setchellii	BAI	cpdna_full_coverage	cpDNA	sample_qc_coverage	chloroplast	1	150274	211838932	1409.684523	150274	1.000000	150272	0.999987	150272	0.999987	dudleya_organelle_alignment_pipeline/results/05_analysis_masks/cpdna_full_coverage_regions.bed	dudleya_organelle_alignment_pipeline/results/06_all_sample_alignment/qc/BAI_LP_105_Du-222.depth.tsv
BAI_LP_105_Du-222	QB3.Berkeley.251217/QB3.Results.260109	D. setchellii	BAI	cpdna_ir_regions	cpDNA	repeat_annotation	chloroplast	2	51472	80052941	1555.271623	51472	1.000000	51470	0.999961	51470	0.999961	dudleya_organelle_alignment_pipeline/results/05_analysis_masks/cpdna_ir_regions.bed	dudleya_organelle_alignment_pipeline/results/06_all_sample_alignment/qc/BAI_LP_105_Du-222.depth.tsv
BAI_LP_105_Du-222	QB3.Berkeley.251217/QB3.Results.260109	D. setchellii	BAI	cpdna_duplicate_ir_mask	cpDNA	mask	chloroplast	1	25736	38753207	1505.797599	25736	1.000000	25735	0.999961	25735	0.999961	dudleya_organelle_alignment_pipeline/results/05_analysis_masks/cpdna_duplicate_ir_copy_mask.bed	dudleya_organelle_alignment_pipeline/results/06_all_sample_alignment/qc/BAI_LP_105_Du-222.depth.tsv
BAI_LP_105_Du-222	QB3.Berkeley.251217/QB3.Results.260109	D. setchellii	BAI	cpdna_population_sites	cpDNA	variant_calling_and_population_genetics	chloroplast	1	124538	173085725	1389.822584	124538	1.000000	124537	0.999992	124537	0.999992	dudleya_organelle_alignment_pipeline/results/05_analysis_masks/cpdna_population_sites.bed	dudleya_organelle_alignment_pipeline/results/06_all_sample_alignment/qc/BAI_LP_105_Du-222.depth.tsv
BAI_LP_105_Du-222	QB3.Berkeley.251217/QB3.Results.260109	D. setchellii	BAI	mtdna_permissive_coverage	mtDNA	sample_qc_coverage	mitochondria	1	243359	24535307	100.819394	230164	0.945780	230008	0.945139	229943	0.944872	dudleya_organelle_alignment_pipeline/results/05_analysis_masks/mtdna_permissive_coverage_regions.bed	dudleya_organelle_alignment_pipeline/results/06_all_sample_alignment/qc/BAI_LP_105_Du-222.depth.tsv
BAI_LP_105_Du-222	QB3.Berkeley.251217/QB3.Results.260109	D. setchellii	BAI	mtdna_high_confidence_unique	mtDNA	variant_calling_and_population_genetics	mitochondria	2	44930	7702714	171.438104	44930	1.000000	44930	1.000000	44930	1.000000	dudleya_organelle_alignment_pipeline/results/05_analysis_masks/mtdna_high_confidence_unique_regions.bed	dudleya_organelle_alignment_pipeline/results/06_all_sample_alignment/qc/BAI_LP_105_Du-222.depth.tsv
BAI_LP_106_Du-223	QB3.Berkeley.251217/QB3.Results.260109	D. setchellii	BAI	cpdna_full_coverage	cpDNA	sample_qc_coverage	chloroplast	1	150274	294264747	1958.188023	150274	1.000000	150274	1.000000	150273	0.999993	dudleya_organelle_alignment_pipeline/results/05_analysis_masks/cpdna_full_coverage_regions.bed	dudleya_organelle_alignment_pipeline/results/06_all_sample_alignment/qc/BAI_LP_106_Du-223.depth.tsv
BAI_LP_106_Du-223	QB3.Berkeley.251217/QB3.Results.260109	D. setchellii	BAI	cpdna_ir_regions	cpDNA	repeat_annotation	chloroplast	2	51472	116563039	2264.591215	51472	1.000000	51472	1.000000	51471	0.999981	dudleya_organelle_alignment_pipeline/results/05_analysis_masks/cpdna_ir_regions.bed	dudleya_organelle_alignment_pipeline/results/06_all_sample_alignment/qc/BAI_LP_106_Du-223.depth.tsv
BAI_LP_106_Du-223	QB3.Berkeley.251217/QB3.Results.260109	D. setchellii	BAI	cpdna_duplicate_ir_mask	cpDNA	mask	chloroplast	1	25736	56524560	2196.322661	25736	1.000000	25736	1.000000	25735	0.999961	dudleya_organelle_alignment_pipeline/results/05_analysis_masks/cpdna_duplicate_ir_copy_mask.bed	dudleya_organelle_alignment_pipeline/results/06_all_sample_alignment/qc/BAI_LP_106_Du-223.depth.tsv
BAI_LP_106_Du-223	QB3.Berkeley.251217/QB3.Results.260109	D. setchellii	BAI	cpdna_population_sites	cpDNA	variant_calling_and_population_genetics	chloroplast	1	124538	237740187	1908.977075	124538	1.000000	124538	1.000000	124538	1.000000	dudleya_organelle_alignment_pipeline/results/05_analysis_masks/cpdna_population_sites.bed	dudleya_organelle_alignment_pipeline/results/06_all_sample_alignment/qc/BAI_LP_106_Du-223.depth.tsv
BAI_LP_106_Du-223	QB3.Berkeley.251217/QB3.Results.260109	D. setchellii	BAI	mtdna_permissive_coverage	mtDNA	sample_qc_coverage	mitochondria	1	243359	48958946	201.179928	241892	0.993972	234212	0.962414	230931	0.948931	dudleya_organelle_alignment_pipeline/results/05_analysis_masks/mtdna_permissive_coverage_regions.bed	dudleya_organelle_alignment_pipeline/results/06_all_sample_alignment/qc/BAI_LP_106_Du-223.depth.tsv
BAI_LP_106_Du-223	QB3.Berkeley.251217/QB3.Results.260109	D. setchellii	BAI	mtdna_high_confidence_unique	mtDNA	variant_calling_and_population_genetics	mitochondria	2	44930	15475216	344.429468	44930	1.000000	44930	1.000000	44930	1.000000	dudleya_organelle_alignment_pipeline/results/05_analysis_masks/mtdna_high_confidence_unique_regions.bed	dudleya_organelle_alignment_pipeline/results/06_all_sample_alignment/qc/BAI_LP_106_Du-223.depth.tsv
BAI_LP_108_Du-225	QB3.Berkeley.251217/QB3.Results.260109	D. setchellii	BAI	cpdna_full_coverage	cpDNA	sample_qc_coverage	chloroplast	1	150274	59414640	395.375381	150274	1.000000	150269	0.999967	150255	0.999874	dudleya_organelle_alignment_pipeline/results/05_analysis_masks/cpdna_full_coverage_regions.bed	dudleya_organelle_alignment_pipeline/results/06_all_sample_alignment/qc/BAI_LP_108_Du-225.depth.tsv
BAI_LP_108_Du-225	QB3.Berkeley.251217/QB3.Results.260109	D. setchellii	BAI	cpdna_ir_regions	cpDNA	repeat_annotation	chloroplast	2	51472	27986420	543.721247	51472	1.000000	51469	0.999942	51457	0.999709	dudleya_organelle_alignment_pipeline/results/05_analysis_masks/cpdna_ir_regions.bed	dudleya_organelle_alignment_pipeline/results/06_all_sample_alignment/qc/BAI_LP_108_Du-225.depth.tsv
BAI_LP_108_Du-225	QB3.Berkeley.251217/QB3.Results.260109	D. setchellii	BAI	cpdna_duplicate_ir_mask	cpDNA	mask	chloroplast	1	25736	13505985	524.789594	25736	1.000000	25734	0.999922	25728	0.999689	dudleya_organelle_alignment_pipeline/results/05_analysis_masks/cpdna_duplicate_ir_copy_mask.bed	dudleya_organelle_alignment_pipeline/results/06_all_sample_alignment/qc/BAI_LP_108_Du-225.depth.tsv
BAI_LP_108_Du-225	QB3.Berkeley.251217/QB3.Results.260109	D. setchellii	BAI	cpdna_population_sites	cpDNA	variant_calling_and_population_genetics	chloroplast	1	124538	45908655	368.631703	124538	1.000000	124535	0.999976	124527	0.999912	dudleya_organelle_alignment_pipeline/results/05_analysis_masks/cpdna_population_sites.bed	dudleya_organelle_alignment_pipeline/results/06_all_sample_alignment/qc/BAI_LP_108_Du-225.depth.tsv
BAI_LP_108_Du-225	QB3.Berkeley.251217/QB3.Results.260109	D. setchellii	BAI	mtdna_permissive_coverage	mtDNA	sample_qc_coverage	mitochondria	1	243359	20837620	85.625023	230067	0.945381	229877	0.944600	229830	0.944407	dudleya_organelle_alignment_pipeline/results/05_analysis_masks/mtdna_permissive_coverage_regions.bed	dudleya_organelle_alignment_pipeline/results/06_all_sample_alignment/qc/BAI_LP_108_Du-225.depth.tsv
BAI_LP_108_Du-225	QB3.Berkeley.251217/QB3.Results.260109	D. setchellii	BAI	mtdna_high_confidence_unique	mtDNA	variant_calling_and_population_genetics	mitochondria	2	44930	6708874	149.318362	44930	1.000000	44930	1.000000	44930	1.000000	dudleya_organelle_alignment_pipeline/results/05_analysis_masks/mtdna_high_confidence_unique_regions.bed	dudleya_organelle_alignment_pipeline/results/06_all_sample_alignment/qc/BAI_LP_108_Du-225.depth.tsv
BAI_LP_109_Du-226	QB3.Berkeley.251217/QB3.Results.260109	D. setchellii	BAI	cpdna_full_coverage	cpDNA	sample_qc_coverage	chloroplast	1	150274	261740008	1741.751787	150274	1.000000	150274	1.000000	150274	1.000000	dudleya_organelle_alignment_pipeline/results/05_analysis_masks/cpdna_full_coverage_regions.bed	dudleya_organelle_alignment_pipeline/results/06_all_sample_alignment/qc/BAI_LP_109_Du-226.depth.tsv
BAI_LP_109_Du-226	QB3.Berkeley.251217/QB3.Results.260109	D. setchellii	BAI	cpdna_ir_regions	cpDNA	repeat_annotation	chloroplast	2	51472	106479409	2068.686062	51472	1.000000	51472	1.000000	51472	1.000000	dudleya_organelle_alignment_pipeline/results/05_analysis_masks/cpdna_ir_regions.bed	dudleya_organelle_alignment_pipeline/results/06_all_sample_alignment/qc/BAI_LP_109_Du-226.depth.tsv
BAI_LP_109_Du-226	QB3.Berkeley.251217/QB3.Results.260109	D. setchellii	BAI	cpdna_duplicate_ir_mask	cpDNA	mask	chloroplast	1	25736	51414764	1997.776034	25736	1.000000	25736	1.000000	25736	1.000000	dudleya_organelle_alignment_pipeline/results/05_analysis_masks/cpdna_duplicate_ir_copy_mask.bed	dudleya_organelle_alignment_pipeline/results/06_all_sample_alignment/qc/BAI_LP_109_Du-226.depth.tsv
BAI_LP_109_Du-226	QB3.Berkeley.251217/QB3.Results.260109	D. setchellii	BAI	cpdna_population_sites	cpDNA	variant_calling_and_population_genetics	chloroplast	1	124538	210325244	1688.843919	124538	1.000000	124538	1.000000	124538	1.000000	dudleya_organelle_alignment_pipeline/results/05_analysis_masks/cpdna_population_sites.bed	dudleya_organelle_alignment_pipeline/results/06_all_sample_alignment/qc/BAI_LP_109_Du-226.depth.tsv
BAI_LP_109_Du-226	QB3.Berkeley.251217/QB3.Results.260109	D. setchellii	BAI	mtdna_permissive_coverage	mtDNA	sample_qc_coverage	mitochondria	1	243359	50480993	207.434256	230590	0.947530	230006	0.945130	229946	0.944884	dudleya_organelle_alignment_pipeline/results/05_analysis_masks/mtdna_permissive_coverage_regions.bed	dudleya_organelle_alignment_pipeline/results/06_all_sample_alignment/qc/BAI_LP_109_Du-226.depth.tsv
BAI_LP_109_Du-226	QB3.Berkeley.251217/QB3.Results.260109	D. setchellii	BAI	mtdna_high_confidence_unique	mtDNA	variant_calling_and_population_genetics	mitochondria	2	44930	15989066	355.866147	44930	1.000000	44930	1.000000	44930	1.000000	dudleya_organelle_alignment_pipeline/results/05_analysis_masks/mtdna_high_confidence_unique_regions.bed	dudleya_organelle_alignment_pipeline/results/06_all_sample_alignment/qc/BAI_LP_109_Du-226.depth.tsv
BAI_LP_110_Du-227	QB3.Berkeley.251217/QB3.Results.260109	D. setchellii	BAI	cpdna_full_coverage	cpDNA	sample_qc_coverage	chloroplast	1	150274	361714857	2407.035528	150274	1.000000	150274	1.000000	150273	0.999993	dudleya_organelle_alignment_pipeline/results/05_analysis_masks/cpdna_full_coverage_regions.bed	dudleya_organelle_alignment_pipeline/results/06_all_sample_alignment/qc/BAI_LP_110_Du-227.depth.tsv
BAI_LP_110_Du-227	QB3.Berkeley.251217/QB3.Results.260109	D. setchellii	BAI	cpdna_ir_regions	cpDNA	repeat_annotation	chloroplast	2	51472	140499800	2729.635530	51472	1.000000	51472	1.000000	51471	0.999981	dudleya_organelle_alignment_pipeline/results/05_analysis_masks/cpdna_ir_regions.bed	dudleya_organelle_alignment_pipeline/results/06_all_sample_alignment/qc/BAI_LP_110_Du-227.depth.tsv
BAI_LP_110_Du-227	QB3.Berkeley.251217/QB3.Results.260109	D. setchellii	BAI	cpdna_duplicate_ir_mask	cpDNA	mask	chloroplast	1	25736	67704809	2630.743278	25736	1.000000	25736	1.000000	25736	1.000000	dudleya_organelle_alignment_pipeline/results/05_analysis_masks/cpdna_duplicate_ir_copy_mask.bed	dudleya_organelle_alignment_pipeline/results/06_all_sample_alignment/qc/BAI_LP_110_Du-227.depth.tsv
BAI_LP_110_Du-227	QB3.Berkeley.251217/QB3.Results.260109	D. setchellii	BAI	cpdna_population_sites	cpDNA	variant_calling_and_population_genetics	chloroplast	1	124538	294010048	2360.805923	124538	1.000000	124538	1.000000	124537	0.999992	dudleya_organelle_alignment_pipeline/results/05_analysis_masks/cpdna_population_sites.bed	dudleya_organelle_alignment_pipeline/results/06_all_sample_alignment/qc/BAI_LP_110_Du-227.depth.tsv
BAI_LP_110_Du-227	QB3.Berkeley.251217/QB3.Results.260109	D. setchellii	BAI	mtdna_permissive_coverage	mtDNA	sample_qc_coverage	mitochondria	1	243359	34956277	143.640782	230703	0.947995	230035	0.945250	229947	0.944888	dudleya_organelle_alignment_pipeline/results/05_analysis_masks/mtdna_permissive_coverage_regions.bed	dudleya_organelle_alignment_pipeline/results/06_all_sample_alignment/qc/BAI_LP_110_Du-227.depth.tsv
BAI_LP_110_Du-227	QB3.Berkeley.251217/QB3.Results.260109	D. setchellii	BAI	mtdna_high_confidence_unique	mtDNA	variant_calling_and_population_genetics	mitochondria	2	44930	11176334	248.749922	44930	1.000000	44930	1.000000	44930	1.000000	dudleya_organelle_alignment_pipeline/results/05_analysis_masks/mtdna_high_confidence_unique_regions.bed	dudleya_organelle_alignment_pipeline/results/06_all_sample_alignment/qc/BAI_LP_110_Du-227.depth.tsv
BAI_LP_111_Du-228	QB3.Berkeley.251217/QB3.Results.260109	D. setchellii	BAI	cpdna_full_coverage	cpDNA	sample_qc_coverage	chloroplast	1	150274	230623845	1534.688935	150274	1.000000	150274	1.000000	150272	0.999987	dudleya_organelle_alignment_pipeline/results/05_analysis_masks/cpdna_full_coverage_regions.bed	dudleya_organelle_alignment_pipeline/results/06_all_sample_alignment/qc/BAI_LP_111_Du-228.depth.tsv
BAI_LP_111_Du-228	QB3.Berkeley.251217/QB3.Results.260109	D. setchellii	BAI	cpdna_ir_regions	cpDNA	repeat_annotation	chloroplast	2	51472	87205705	1694.235798	51472	1.000000	51472	1.000000	51470	0.999961	dudleya_organelle_alignment_pipeline/results/05_analysis_masks/cpdna_ir_regions.bed	dudleya_organelle_alignment_pipeline/results/06_all_sample_alignment/qc/BAI_LP_111_Du-228.depth.tsv
BAI_LP_111_Du-228	QB3.Berkeley.251217/QB3.Results.260109	D. setchellii	BAI	cpdna_duplicate_ir_mask	cpDNA	mask	chloroplast	1	25736	42210778	1640.145244	25736	1.000000	25736	1.000000	25735	0.999961	dudleya_organelle_alignment_pipeline/results/05_analysis_masks/cpdna_duplicate_ir_copy_mask.bed	dudleya_organelle_alignment_pipeline/results/06_all_sample_alignment/qc/BAI_LP_111_Du-228.depth.tsv
BAI_LP_111_Du-228	QB3.Berkeley.251217/QB3.Results.260109	D. setchellii	BAI	cpdna_population_sites	cpDNA	variant_calling_and_population_genetics	chloroplast	1	124538	188413067	1512.896200	124538	1.000000	124538	1.000000	124537	0.999992	dudleya_organelle_alignment_pipeline/results/05_analysis_masks/cpdna_population_sites.bed	dudleya_organelle_alignment_pipeline/results/06_all_sample_alignment/qc/BAI_LP_111_Du-228.depth.tsv
BAI_LP_111_Du-228	QB3.Berkeley.251217/QB3.Results.260109	D. setchellii	BAI	mtdna_permissive_coverage	mtDNA	sample_qc_coverage	mitochondria	1	243359	52563040	215.989711	230449	0.946951	230015	0.945167	229942	0.944867	dudleya_organelle_alignment_pipeline/results/05_analysis_masks/mtdna_permissive_coverage_regions.bed	dudleya_organelle_alignment_pipeline/results/06_all_sample_alignment/qc/BAI_LP_111_Du-228.depth.tsv
BAI_LP_111_Du-228	QB3.Berkeley.251217/QB3.Results.260109	D. setchellii	BAI	mtdna_high_confidence_unique	mtDNA	variant_calling_and_population_genetics	mitochondria	2	44930	16731594	372.392477	44930	1.000000	44930	1.000000	44930	1.000000	dudleya_organelle_alignment_pipeline/results/05_analysis_masks/mtdna_high_confidence_unique_regions.bed	dudleya_organelle_alignment_pipeline/results/06_all_sample_alignment/qc/BAI_LP_111_Du-228.depth.tsv
BAI_LP_112_Du-230	QB3.Berkeley.251217/QB3.Results.260109	D. setchellii	BAI	cpdna_full_coverage	cpDNA	sample_qc_coverage	chloroplast	1	150274	61708742	410.641508	150274	1.000000	150270	0.999973	150255	0.999874	dudleya_organelle_alignment_pipeline/results/05_analysis_masks/cpdna_full_coverage_regions.bed	dudleya_organelle_alignment_pipeline/results/06_all_sample_alignment/qc/BAI_LP_112_Du-230.depth.tsv
BAI_LP_112_Du-230	QB3.Berkeley.251217/QB3.Results.260109	D. setchellii	BAI	cpdna_ir_regions	cpDNA	repeat_annotation	chloroplast	2	51472	27120633	526.900703	51472	1.000000	51470	0.999961	51457	0.999709	dudleya_organelle_alignment_pipeline/results/05_analysis_masks/cpdna_ir_regions.bed	dudleya_organelle_alignment_pipeline/results/06_all_sample_alignment/qc/BAI_LP_112_Du-230.depth.tsv
BAI_LP_112_Du-230	QB3.Berkeley.251217/QB3.Results.260109	D. setchellii	BAI	cpdna_duplicate_ir_mask	cpDNA	mask	chloroplast	1	25736	13015819	505.743666	25736	1.000000	25735	0.999961	25728	0.999689	dudleya_organelle_alignment_pipeline/results/05_analysis_masks/cpdna_duplicate_ir_copy_mask.bed	dudleya_organelle_alignment_pipeline/results/06_all_sample_alignment/qc/BAI_LP_112_Du-230.depth.tsv
BAI_LP_112_Du-230	QB3.Berkeley.251217/QB3.Results.260109	D. setchellii	BAI	cpdna_population_sites	cpDNA	variant_calling_and_population_genetics	chloroplast	1	124538	48692923	390.988477	124538	1.000000	124535	0.999976	124527	0.999912	dudleya_organelle_alignment_pipeline/results/05_analysis_masks/cpdna_population_sites.bed	dudleya_organelle_alignment_pipeline/results/06_all_sample_alignment/qc/BAI_LP_112_Du-230.depth.tsv
BAI_LP_112_Du-230	QB3.Berkeley.251217/QB3.Results.260109	D. setchellii	BAI	mtdna_permissive_coverage	mtDNA	sample_qc_coverage	mitochondria	1	243359	8100157	33.284806	229938	0.944851	229831	0.944411	229081	0.941329	dudleya_organelle_alignment_pipeline/results/05_analysis_masks/mtdna_permissive_coverage_regions.bed	dudleya_organelle_alignment_pipeline/results/06_all_sample_alignment/qc/BAI_LP_112_Du-230.depth.tsv
BAI_LP_112_Du-230	QB3.Berkeley.251217/QB3.Results.260109	D. setchellii	BAI	mtdna_high_confidence_unique	mtDNA	variant_calling_and_population_genetics	mitochondria	2	44930	2608672	58.060806	44930	1.000000	44930	1.000000	44930	1.000000	dudleya_organelle_alignment_pipeline/results/05_analysis_masks/mtdna_high_confidence_unique_regions.bed	dudleya_organelle_alignment_pipeline/results/06_all_sample_alignment/qc/BAI_LP_112_Du-230.depth.tsv
BAI_LP_113_Du-231	QB3.Berkeley.251217/QB3.Results.260109	D. setchellii	BAI	cpdna_full_coverage	cpDNA	sample_qc_coverage	chloroplast	1	150274	268776071	1788.573346	150274	1.000000	150261	0.999913	150257	0.999887	dudleya_organelle_alignment_pipeline/results/05_analysis_masks/cpdna_full_coverage_regions.bed	dudleya_organelle_alignment_pipeline/results/06_all_sample_alignment/qc/BAI_LP_113_Du-231.depth.tsv
BAI_LP_113_Du-231	QB3.Berkeley.251217/QB3.Results.260109	D. setchellii	BAI	cpdna_ir_regions	cpDNA	repeat_annotation	chloroplast	2	51472	105220059	2044.219362	51472	1.000000	51472	1.000000	51471	0.999981	dudleya_organelle_alignment_pipeline/results/05_analysis_masks/cpdna_ir_regions.bed	dudleya_organelle_alignment_pipeline/results/06_all_sample_alignment/qc/BAI_LP_113_Du-231.depth.tsv
BAI_LP_113_Du-231	QB3.Berkeley.251217/QB3.Results.260109	D. setchellii	BAI	cpdna_duplicate_ir_mask	cpDNA	mask	chloroplast	1	25736	50842124	1975.525490	25736	1.000000	25736	1.000000	25735	0.999961	dudleya_organelle_alignment_pipeline/results/05_analysis_masks/cpdna_duplicate_ir_copy_mask.bed	dudleya_organelle_alignment_pipeline/results/06_all_sample_alignment/qc/BAI_LP_113_Du-231.depth.tsv
BAI_LP_113_Du-231	QB3.Berkeley.251217/QB3.Results.260109	D. setchellii	BAI	cpdna_population_sites	cpDNA	variant_calling_and_population_genetics	chloroplast	1	124538	217933947	1749.939352	124538	1.000000	124525	0.999896	124522	0.999872	dudleya_organelle_alignment_pipeline/results/05_analysis_masks/cpdna_population_sites.bed	dudleya_organelle_alignment_pipeline/results/06_all_sample_alignment/qc/BAI_LP_113_Du-231.depth.tsv
BAI_LP_113_Du-231	QB3.Berkeley.251217/QB3.Results.260109	D. setchellii	BAI	mtdna_permissive_coverage	mtDNA	sample_qc_coverage	mitochondria	1	243359	34063747	139.973237	230458	0.946988	230031	0.945233	229940	0.944859	dudleya_organelle_alignment_pipeline/results/05_analysis_masks/mtdna_permissive_coverage_regions.bed	dudleya_organelle_alignment_pipeline/results/06_all_sample_alignment/qc/BAI_LP_113_Du-231.depth.tsv
BAI_LP_113_Du-231	QB3.Berkeley.251217/QB3.Results.260109	D. setchellii	BAI	mtdna_high_confidence_unique	mtDNA	variant_calling_and_population_genetics	mitochondria	2	44930	10808119	240.554618	44930	1.000000	44930	1.000000	44930	1.000000	dudleya_organelle_alignment_pipeline/results/05_analysis_masks/mtdna_high_confidence_unique_regions.bed	dudleya_organelle_alignment_pipeline/results/06_all_sample_alignment/qc/BAI_LP_113_Du-231.depth.tsv
BAI_LP_114_Du-232	QB3.Berkeley.251217/QB3.Results.260109	D. setchellii	BAI	cpdna_full_coverage	cpDNA	sample_qc_coverage	chloroplast	1	150274	73820164	491.237100	150274	1.000000	150272	0.999987	150262	0.999920	dudleya_organelle_alignment_pipeline/results/05_analysis_masks/cpdna_full_coverage_regions.bed	dudleya_organelle_alignment_pipeline/results/06_all_sample_alignment/qc/BAI_LP_114_Du-232.depth.tsv
BAI_LP_114_Du-232	QB3.Berkeley.251217/QB3.Results.260109	D. setchellii	BAI	cpdna_ir_regions	cpDNA	repeat_annotation	chloroplast	2	51472	32170506	625.009831	51472	1.000000	51470	0.999961	51464	0.999845	dudleya_organelle_alignment_pipeline/results/05_analysis_masks/cpdna_ir_regions.bed	dudleya_organelle_alignment_pipeline/results/06_all_sample_alignment/qc/BAI_LP_114_Du-232.depth.tsv
BAI_LP_114_Du-232	QB3.Berkeley.251217/QB3.Results.260109	D. setchellii	BAI	cpdna_duplicate_ir_mask	cpDNA	mask	chloroplast	1	25736	15480027	601.493122	25736	1.000000	25735	0.999961	25733	0.999883	dudleya_organelle_alignment_pipeline/results/05_analysis_masks/cpdna_duplicate_ir_copy_mask.bed	dudleya_organelle_alignment_pipeline/results/06_all_sample_alignment/qc/BAI_LP_114_Du-232.depth.tsv
BAI_LP_114_Du-232	QB3.Berkeley.251217/QB3.Results.260109	D. setchellii	BAI	cpdna_population_sites	cpDNA	variant_calling_and_population_genetics	chloroplast	1	124538	58340137	468.452496	124538	1.000000	124537	0.999992	124529	0.999928	dudleya_organelle_alignment_pipeline/results/05_analysis_masks/cpdna_population_sites.bed	dudleya_organelle_alignment_pipeline/results/06_all_sample_alignment/qc/BAI_LP_114_Du-232.depth.tsv
BAI_LP_114_Du-232	QB3.Berkeley.251217/QB3.Results.260109	D. setchellii	BAI	mtdna_permissive_coverage	mtDNA	sample_qc_coverage	mitochondria	1	243359	12424119	51.052638	230383	0.946680	229891	0.944658	229837	0.944436	dudleya_organelle_alignment_pipeline/results/05_analysis_masks/mtdna_permissive_coverage_regions.bed	dudleya_organelle_alignment_pipeline/results/06_all_sample_alignment/qc/BAI_LP_114_Du-232.depth.tsv
BAI_LP_114_Du-232	QB3.Berkeley.251217/QB3.Results.260109	D. setchellii	BAI	mtdna_high_confidence_unique	mtDNA	variant_calling_and_population_genetics	mitochondria	2	44930	3940253	87.697596	44930	1.000000	44930	1.000000	44929	0.999978	dudleya_organelle_alignment_pipeline/results/05_analysis_masks/mtdna_high_confidence_unique_regions.bed	dudleya_organelle_alignment_pipeline/results/06_all_sample_alignment/qc/BAI_LP_114_Du-232.depth.tsv
BAI_LP_319_Du-233	QB3.Berkeley.251217/QB3.Results.260109	D. setchellii	BAI	cpdna_full_coverage	cpDNA	sample_qc_coverage	chloroplast	1	150274	32146727	213.920751	150274	1.000000	150250	0.999840	150212	0.999587	dudleya_organelle_alignment_pipeline/results/05_analysis_masks/cpdna_full_coverage_regions.bed	dudleya_organelle_alignment_pipeline/results/06_all_sample_alignment/qc/BAI_LP_319_Du-233.depth.tsv
BAI_LP_319_Du-233	QB3.Berkeley.251217/QB3.Results.260109	D. setchellii	BAI	cpdna_ir_regions	cpDNA	repeat_annotation	chloroplast	2	51472	11251831	218.601006	51472	1.000000	51452	0.999611	51416	0.998912	dudleya_organelle_alignment_pipeline/results/05_analysis_masks/cpdna_ir_regions.bed	dudleya_organelle_alignment_pipeline/results/06_all_sample_alignment/qc/BAI_LP_319_Du-233.depth.tsv
BAI_LP_319_Du-233	QB3.Berkeley.251217/QB3.Results.260109	D. setchellii	BAI	cpdna_duplicate_ir_mask	cpDNA	mask	chloroplast	1	25736	5520302	214.497280	25736	1.000000	25719	0.999339	25688	0.998135	dudleya_organelle_alignment_pipeline/results/05_analysis_masks/cpdna_duplicate_ir_copy_mask.bed	dudleya_organelle_alignment_pipeline/results/06_all_sample_alignment/qc/BAI_LP_319_Du-233.depth.tsv
BAI_LP_319_Du-233	QB3.Berkeley.251217/QB3.Results.260109	D. setchellii	BAI	cpdna_population_sites	cpDNA	variant_calling_and_population_genetics	chloroplast	1	124538	26626425	213.801611	124538	1.000000	124531	0.999944	124524	0.999888	dudleya_organelle_alignment_pipeline/results/05_analysis_masks/cpdna_population_sites.bed	dudleya_organelle_alignment_pipeline/results/06_all_sample_alignment/qc/BAI_LP_319_Du-233.depth.tsv
BAI_LP_319_Du-233	QB3.Berkeley.251217/QB3.Results.260109	D. setchellii	BAI	mtdna_permissive_coverage	mtDNA	sample_qc_coverage	mitochondria	1	243359	3484537	14.318505	229963	0.944954	225346	0.925982	179210	0.736402	dudleya_organelle_alignment_pipeline/results/05_analysis_masks/mtdna_permissive_coverage_regions.bed	dudleya_organelle_alignment_pipeline/results/06_all_sample_alignment/qc/BAI_LP_319_Du-233.depth.tsv
BAI_LP_319_Du-233	QB3.Berkeley.251217/QB3.Results.260109	D. setchellii	BAI	mtdna_high_confidence_unique	mtDNA	variant_calling_and_population_genetics	mitochondria	2	44930	1123581	25.007367	44930	1.000000	44930	1.000000	44523	0.990941	dudleya_organelle_alignment_pipeline/results/05_analysis_masks/mtdna_high_confidence_unique_regions.bed	dudleya_organelle_alignment_pipeline/results/06_all_sample_alignment/qc/BAI_LP_319_Du-233.depth.tsv
COM_LP_269_Du-703	QB3.Berkeley.251217/QB3.Results.260109	D. setchellii	COM	cpdna_full_coverage	cpDNA	sample_qc_coverage	chloroplast	1	150274	215548609	1434.370610	150274	1.000000	150271	0.999980	150269	0.999967	dudleya_organelle_alignment_pipeline/results/05_analysis_masks/cpdna_full_coverage_regions.bed	dudleya_organelle_alignment_pipeline/results/06_all_sample_alignment/qc/COM_LP_269_Du-703.depth.tsv
COM_LP_269_Du-703	QB3.Berkeley.251217/QB3.Results.260109	D. setchellii	COM	cpdna_ir_regions	cpDNA	repeat_annotation	chloroplast	2	51472	70864789	1376.763852	51472	1.000000	51469	0.999942	51467	0.999903	dudleya_organelle_alignment_pipeline/results/05_analysis_masks/cpdna_ir_regions.bed	dudleya_organelle_alignment_pipeline/results/06_all_sample_alignment/qc/COM_LP_269_Du-703.depth.tsv
COM_LP_269_Du-703	QB3.Berkeley.251217/QB3.Results.260109	D. setchellii	COM	cpdna_duplicate_ir_mask	cpDNA	mask	chloroplast	1	25736	34779000	1351.375505	25736	1.000000	25733	0.999883	25732	0.999845	dudleya_organelle_alignment_pipeline/results/05_analysis_masks/cpdna_duplicate_ir_copy_mask.bed	dudleya_organelle_alignment_pipeline/results/06_all_sample_alignment/qc/COM_LP_269_Du-703.depth.tsv
COM_LP_269_Du-703	QB3.Berkeley.251217/QB3.Results.260109	D. setchellii	COM	cpdna_population_sites	cpDNA	variant_calling_and_population_genetics	chloroplast	1	124538	180769609	1451.521696	124538	1.000000	124538	1.000000	124537	0.999992	dudleya_organelle_alignment_pipeline/results/05_analysis_masks/cpdna_population_sites.bed	dudleya_organelle_alignment_pipeline/results/06_all_sample_alignment/qc/COM_LP_269_Du-703.depth.tsv
COM_LP_269_Du-703	QB3.Berkeley.251217/QB3.Results.260109	D. setchellii	COM	mtdna_permissive_coverage	mtDNA	sample_qc_coverage	mitochondria	1	243359	38694374	159.001204	240316	0.987496	230906	0.948829	229888	0.944646	dudleya_organelle_alignment_pipeline/results/05_analysis_masks/mtdna_permissive_coverage_regions.bed	dudleya_organelle_alignment_pipeline/results/06_all_sample_alignment/qc/COM_LP_269_Du-703.depth.tsv
COM_LP_269_Du-703	QB3.Berkeley.251217/QB3.Results.260109	D. setchellii	COM	mtdna_high_confidence_unique	mtDNA	variant_calling_and_population_genetics	mitochondria	2	44930	12406022	276.118896	44930	1.000000	44930	1.000000	44844	0.998086	dudleya_organelle_alignment_pipeline/results/05_analysis_masks/mtdna_high_confidence_unique_regions.bed	dudleya_organelle_alignment_pipeline/results/06_all_sample_alignment/qc/COM_LP_269_Du-703.depth.tsv
COM_LP_270_Du-704	QB3.Berkeley.251217/QB3.Results.260109	D. setchellii	COM	cpdna_full_coverage	cpDNA	sample_qc_coverage	chloroplast	1	150274	153147429	1019.121265	150273	0.999993	150270	0.999973	150267	0.999953	dudleya_organelle_alignment_pipeline/results/05_analysis_masks/cpdna_full_coverage_regions.bed	dudleya_organelle_alignment_pipeline/results/06_all_sample_alignment/qc/COM_LP_270_Du-704.depth.tsv
COM_LP_270_Du-704	QB3.Berkeley.251217/QB3.Results.260109	D. setchellii	COM	cpdna_ir_regions	cpDNA	repeat_annotation	chloroplast	2	51472	49890815	969.280677	51471	0.999981	51468	0.999922	51465	0.999864	dudleya_organelle_alignment_pipeline/results/05_analysis_masks/cpdna_ir_regions.bed	dudleya_organelle_alignment_pipeline/results/06_all_sample_alignment/qc/COM_LP_270_Du-704.depth.tsv
COM_LP_270_Du-704	QB3.Berkeley.251217/QB3.Results.260109	D. setchellii	COM	cpdna_duplicate_ir_mask	cpDNA	mask	chloroplast	1	25736	24574673	954.875389	25736	1.000000	25733	0.999883	25731	0.999806	dudleya_organelle_alignment_pipeline/results/05_analysis_masks/cpdna_duplicate_ir_copy_mask.bed	dudleya_organelle_alignment_pipeline/results/06_all_sample_alignment/qc/COM_LP_270_Du-704.depth.tsv
COM_LP_270_Du-704	QB3.Berkeley.251217/QB3.Results.260109	D. setchellii	COM	cpdna_population_sites	cpDNA	variant_calling_and_population_genetics	chloroplast	1	124538	128572756	1032.397790	124537	0.999992	124537	0.999992	124536	0.999984	dudleya_organelle_alignment_pipeline/results/05_analysis_masks/cpdna_population_sites.bed	dudleya_organelle_alignment_pipeline/results/06_all_sample_alignment/qc/COM_LP_270_Du-704.depth.tsv
COM_LP_270_Du-704	QB3.Berkeley.251217/QB3.Results.260109	D. setchellii	COM	mtdna_permissive_coverage	mtDNA	sample_qc_coverage	mitochondria	1	243359	36549861	150.189066	231102	0.949634	230025	0.945209	229962	0.944950	dudleya_organelle_alignment_pipeline/results/05_analysis_masks/mtdna_permissive_coverage_regions.bed	dudleya_organelle_alignment_pipeline/results/06_all_sample_alignment/qc/COM_LP_270_Du-704.depth.tsv
COM_LP_270_Du-704	QB3.Berkeley.251217/QB3.Results.260109	D. setchellii	COM	mtdna_high_confidence_unique	mtDNA	variant_calling_and_population_genetics	mitochondria	2	44930	11885022	264.523080	44930	1.000000	44930	1.000000	44930	1.000000	dudleya_organelle_alignment_pipeline/results/05_analysis_masks/mtdna_high_confidence_unique_regions.bed	dudleya_organelle_alignment_pipeline/results/06_all_sample_alignment/qc/COM_LP_270_Du-704.depth.tsv
COM_LP_272_Du-707	QB3.Berkeley.251217/QB3.Results.260109	D. setchellii	COM	cpdna_full_coverage	cpDNA	sample_qc_coverage	chloroplast	1	150274	162519972	1081.490957	150274	1.000000	150273	0.999993	150269	0.999967	dudleya_organelle_alignment_pipeline/results/05_analysis_masks/cpdna_full_coverage_regions.bed	dudleya_organelle_alignment_pipeline/results/06_all_sample_alignment/qc/COM_LP_272_Du-707.depth.tsv
COM_LP_272_Du-707	QB3.Berkeley.251217/QB3.Results.260109	D. setchellii	COM	cpdna_ir_regions	cpDNA	repeat_annotation	chloroplast	2	51472	55869317	1085.431244	51472	1.000000	51471	0.999981	51467	0.999903	dudleya_organelle_alignment_pipeline/results/05_analysis_masks/cpdna_ir_regions.bed	dudleya_organelle_alignment_pipeline/results/06_all_sample_alignment/qc/COM_LP_272_Du-707.depth.tsv
COM_LP_272_Du-707	QB3.Berkeley.251217/QB3.Results.260109	D. setchellii	COM	cpdna_duplicate_ir_mask	cpDNA	mask	chloroplast	1	25736	27354704	1062.896487	25736	1.000000	25735	0.999961	25732	0.999845	dudleya_organelle_alignment_pipeline/results/05_analysis_masks/cpdna_duplicate_ir_copy_mask.bed	dudleya_organelle_alignment_pipeline/results/06_all_sample_alignment/qc/COM_LP_272_Du-707.depth.tsv
COM_LP_272_Du-707	QB3.Berkeley.251217/QB3.Results.260109	D. setchellii	COM	cpdna_population_sites	cpDNA	variant_calling_and_population_genetics	chloroplast	1	124538	135165268	1085.333537	124538	1.000000	124538	1.000000	124537	0.999992	dudleya_organelle_alignment_pipeline/results/05_analysis_masks/cpdna_population_sites.bed	dudleya_organelle_alignment_pipeline/results/06_all_sample_alignment/qc/COM_LP_272_Du-707.depth.tsv
COM_LP_272_Du-707	QB3.Berkeley.251217/QB3.Results.260109	D. setchellii	COM	mtdna_permissive_coverage	mtDNA	sample_qc_coverage	mitochondria	1	243359	38950936	160.055457	241283	0.991469	232746	0.956390	230093	0.945488	dudleya_organelle_alignment_pipeline/results/05_analysis_masks/mtdna_permissive_coverage_regions.bed	dudleya_organelle_alignment_pipeline/results/06_all_sample_alignment/qc/COM_LP_272_Du-707.depth.tsv
COM_LP_272_Du-707	QB3.Berkeley.251217/QB3.Results.260109	D. setchellii	COM	mtdna_high_confidence_unique	mtDNA	variant_calling_and_population_genetics	mitochondria	2	44930	12728833	283.303650	44930	1.000000	44930	1.000000	44930	1.000000	dudleya_organelle_alignment_pipeline/results/05_analysis_masks/mtdna_high_confidence_unique_regions.bed	dudleya_organelle_alignment_pipeline/results/06_all_sample_alignment/qc/COM_LP_272_Du-707.depth.tsv
COM_LP_274_Du-709	QB3.Berkeley.251217/QB3.Results.260109	D. setchellii	COM	cpdna_full_coverage	cpDNA	sample_qc_coverage	chloroplast	1	150274	206928318	1377.006788	150274	1.000000	150193	0.999461	150069	0.998636	dudleya_organelle_alignment_pipeline/results/05_analysis_masks/cpdna_full_coverage_regions.bed	dudleya_organelle_alignment_pipeline/results/06_all_sample_alignment/qc/COM_LP_274_Du-709.depth.tsv
COM_LP_274_Du-709	QB3.Berkeley.251217/QB3.Results.260109	D. setchellii	COM	cpdna_ir_regions	cpDNA	repeat_annotation	chloroplast	2	51472	66113762	1284.460717	51472	1.000000	51469	0.999942	51465	0.999864	dudleya_organelle_alignment_pipeline/results/05_analysis_masks/cpdna_ir_regions.bed	dudleya_organelle_alignment_pipeline/results/06_all_sample_alignment/qc/COM_LP_274_Du-709.depth.tsv
COM_LP_274_Du-709	QB3.Berkeley.251217/QB3.Results.260109	D. setchellii	COM	cpdna_duplicate_ir_mask	cpDNA	mask	chloroplast	1	25736	32306791	1255.315162	25736	1.000000	25734	0.999922	25731	0.999806	dudleya_organelle_alignment_pipeline/results/05_analysis_masks/cpdna_duplicate_ir_copy_mask.bed	dudleya_organelle_alignment_pipeline/results/06_all_sample_alignment/qc/COM_LP_274_Du-709.depth.tsv
COM_LP_274_Du-709	QB3.Berkeley.251217/QB3.Results.260109	D. setchellii	COM	cpdna_population_sites	cpDNA	variant_calling_and_population_genetics	chloroplast	1	124538	174621527	1402.154579	124538	1.000000	124459	0.999366	124338	0.998394	dudleya_organelle_alignment_pipeline/results/05_analysis_masks/cpdna_population_sites.bed	dudleya_organelle_alignment_pipeline/results/06_all_sample_alignment/qc/COM_LP_274_Du-709.depth.tsv
COM_LP_274_Du-709	QB3.Berkeley.251217/QB3.Results.260109	D. setchellii	COM	mtdna_permissive_coverage	mtDNA	sample_qc_coverage	mitochondria	1	243359	36409021	149.610333	231289	0.950402	230209	0.945965	229976	0.945007	dudleya_organelle_alignment_pipeline/results/05_analysis_masks/mtdna_permissive_coverage_regions.bed	dudleya_organelle_alignment_pipeline/results/06_all_sample_alignment/qc/COM_LP_274_Du-709.depth.tsv
COM_LP_274_Du-709	QB3.Berkeley.251217/QB3.Results.260109	D. setchellii	COM	mtdna_high_confidence_unique	mtDNA	variant_calling_and_population_genetics	mitochondria	2	44930	11750197	261.522301	44930	1.000000	44930	1.000000	44930	1.000000	dudleya_organelle_alignment_pipeline/results/05_analysis_masks/mtdna_high_confidence_unique_regions.bed	dudleya_organelle_alignment_pipeline/results/06_all_sample_alignment/qc/COM_LP_274_Du-709.depth.tsv
COM_LP_276_Du-711	QB3.Berkeley.251217/QB3.Results.260109	D. setchellii	COM	cpdna_full_coverage	cpDNA	sample_qc_coverage	chloroplast	1	150274	277984498	1849.850926	150274	1.000000	150270	0.999973	150269	0.999967	dudleya_organelle_alignment_pipeline/results/05_analysis_masks/cpdna_full_coverage_regions.bed	dudleya_organelle_alignment_pipeline/results/06_all_sample_alignment/qc/COM_LP_276_Du-711.depth.tsv
COM_LP_276_Du-711	QB3.Berkeley.251217/QB3.Results.260109	D. setchellii	COM	cpdna_ir_regions	cpDNA	repeat_annotation	chloroplast	2	51472	90063246	1749.752215	51472	1.000000	51468	0.999922	51467	0.999903	dudleya_organelle_alignment_pipeline/results/05_analysis_masks/cpdna_ir_regions.bed	dudleya_organelle_alignment_pipeline/results/06_all_sample_alignment/qc/COM_LP_276_Du-711.depth.tsv
COM_LP_276_Du-711	QB3.Berkeley.251217/QB3.Results.260109	D. setchellii	COM	cpdna_duplicate_ir_mask	cpDNA	mask	chloroplast	1	25736	44386047	1724.667664	25736	1.000000	25733	0.999883	25732	0.999845	dudleya_organelle_alignment_pipeline/results/05_analysis_masks/cpdna_duplicate_ir_copy_mask.bed	dudleya_organelle_alignment_pipeline/results/06_all_sample_alignment/qc/COM_LP_276_Du-711.depth.tsv
COM_LP_276_Du-711	QB3.Berkeley.251217/QB3.Results.260109	D. setchellii	COM	cpdna_population_sites	cpDNA	variant_calling_and_population_genetics	chloroplast	1	124538	233598451	1875.720270	124538	1.000000	124537	0.999992	124537	0.999992	dudleya_organelle_alignment_pipeline/results/05_analysis_masks/cpdna_population_sites.bed	dudleya_organelle_alignment_pipeline/results/06_all_sample_alignment/qc/COM_LP_276_Du-711.depth.tsv
COM_LP_276_Du-711	QB3.Berkeley.251217/QB3.Results.260109	D. setchellii	COM	mtdna_permissive_coverage	mtDNA	sample_qc_coverage	mitochondria	1	243359	35336048	145.201320	232823	0.956706	230122	0.945607	230060	0.945352	dudleya_organelle_alignment_pipeline/results/05_analysis_masks/mtdna_permissive_coverage_regions.bed	dudleya_organelle_alignment_pipeline/results/06_all_sample_alignment/qc/COM_LP_276_Du-711.depth.tsv
COM_LP_276_Du-711	QB3.Berkeley.251217/QB3.Results.260109	D. setchellii	COM	mtdna_high_confidence_unique	mtDNA	variant_calling_and_population_genetics	mitochondria	2	44930	11570460	257.521923	44930	1.000000	44930	1.000000	44930	1.000000	dudleya_organelle_alignment_pipeline/results/05_analysis_masks/mtdna_high_confidence_unique_regions.bed	dudleya_organelle_alignment_pipeline/results/06_all_sample_alignment/qc/COM_LP_276_Du-711.depth.tsv
COM_LP_277_Du-712	QB3.Berkeley.251217/QB3.Results.260109	D. setchellii	COM	cpdna_full_coverage	cpDNA	sample_qc_coverage	chloroplast	1	150274	239108868	1591.152615	150274	1.000000	150274	1.000000	150273	0.999993	dudleya_organelle_alignment_pipeline/results/05_analysis_masks/cpdna_full_coverage_regions.bed	dudleya_organelle_alignment_pipeline/results/06_all_sample_alignment/qc/COM_LP_277_Du-712.depth.tsv
COM_LP_277_Du-712	QB3.Berkeley.251217/QB3.Results.260109	D. setchellii	COM	cpdna_ir_regions	cpDNA	repeat_annotation	chloroplast	2	51472	81262872	1578.778210	51472	1.000000	51472	1.000000	51471	0.999981	dudleya_organelle_alignment_pipeline/results/05_analysis_masks/cpdna_ir_regions.bed	dudleya_organelle_alignment_pipeline/results/06_all_sample_alignment/qc/COM_LP_277_Du-712.depth.tsv
COM_LP_277_Du-712	QB3.Berkeley.251217/QB3.Results.260109	D. setchellii	COM	cpdna_duplicate_ir_mask	cpDNA	mask	chloroplast	1	25736	39858570	1548.747669	25736	1.000000	25736	1.000000	25735	0.999961	dudleya_organelle_alignment_pipeline/results/05_analysis_masks/cpdna_duplicate_ir_copy_mask.bed	dudleya_organelle_alignment_pipeline/results/06_all_sample_alignment/qc/COM_LP_277_Du-712.depth.tsv
COM_LP_277_Du-712	QB3.Berkeley.251217/QB3.Results.260109	D. setchellii	COM	cpdna_population_sites	cpDNA	variant_calling_and_population_genetics	chloroplast	1	124538	199250298	1599.915672	124538	1.000000	124538	1.000000	124538	1.000000	dudleya_organelle_alignment_pipeline/results/05_analysis_masks/cpdna_population_sites.bed	dudleya_organelle_alignment_pipeline/results/06_all_sample_alignment/qc/COM_LP_277_Du-712.depth.tsv
COM_LP_277_Du-712	QB3.Berkeley.251217/QB3.Results.260109	D. setchellii	COM	mtdna_permissive_coverage	mtDNA	sample_qc_coverage	mitochondria	1	243359	26999968	110.947070	239771	0.985256	230978	0.949125	230032	0.945237	dudleya_organelle_alignment_pipeline/results/05_analysis_masks/mtdna_permissive_coverage_regions.bed	dudleya_organelle_alignment_pipeline/results/06_all_sample_alignment/qc/COM_LP_277_Du-712.depth.tsv
COM_LP_277_Du-712	QB3.Berkeley.251217/QB3.Results.260109	D. setchellii	COM	mtdna_high_confidence_unique	mtDNA	variant_calling_and_population_genetics	mitochondria	2	44930	8746239	194.663677	44930	1.000000	44930	1.000000	44930	1.000000	dudleya_organelle_alignment_pipeline/results/05_analysis_masks/mtdna_high_confidence_unique_regions.bed	dudleya_organelle_alignment_pipeline/results/06_all_sample_alignment/qc/COM_LP_277_Du-712.depth.tsv
COM_LP_341_Du-713	QB3.Berkeley.251217/QB3.Results.260109	D. setchellii	COM	cpdna_full_coverage	cpDNA	sample_qc_coverage	chloroplast	1	150274	330033780	2196.213450	150274	1.000000	150273	0.999993	150269	0.999967	dudleya_organelle_alignment_pipeline/results/05_analysis_masks/cpdna_full_coverage_regions.bed	dudleya_organelle_alignment_pipeline/results/06_all_sample_alignment/qc/COM_LP_341_Du-713.depth.tsv
COM_LP_341_Du-713	QB3.Berkeley.251217/QB3.Results.260109	D. setchellii	COM	cpdna_ir_regions	cpDNA	repeat_annotation	chloroplast	2	51472	109766802	2132.553660	51472	1.000000	51471	0.999981	51467	0.999903	dudleya_organelle_alignment_pipeline/results/05_analysis_masks/cpdna_ir_regions.bed	dudleya_organelle_alignment_pipeline/results/06_all_sample_alignment/qc/COM_LP_341_Du-713.depth.tsv
COM_LP_341_Du-713	QB3.Berkeley.251217/QB3.Results.260109	D. setchellii	COM	cpdna_duplicate_ir_mask	cpDNA	mask	chloroplast	1	25736	53594657	2082.478124	25736	1.000000	25735	0.999961	25732	0.999845	dudleya_organelle_alignment_pipeline/results/05_analysis_masks/cpdna_duplicate_ir_copy_mask.bed	dudleya_organelle_alignment_pipeline/results/06_all_sample_alignment/qc/COM_LP_341_Du-713.depth.tsv
COM_LP_341_Du-713	QB3.Berkeley.251217/QB3.Results.260109	D. setchellii	COM	cpdna_population_sites	cpDNA	variant_calling_and_population_genetics	chloroplast	1	124538	276439123	2219.717058	124538	1.000000	124538	1.000000	124537	0.999992	dudleya_organelle_alignment_pipeline/results/05_analysis_masks/cpdna_population_sites.bed	dudleya_organelle_alignment_pipeline/results/06_all_sample_alignment/qc/COM_LP_341_Du-713.depth.tsv
COM_LP_341_Du-713	QB3.Berkeley.251217/QB3.Results.260109	D. setchellii	COM	mtdna_permissive_coverage	mtDNA	sample_qc_coverage	mitochondria	1	243359	23511886	96.613998	230662	0.947826	229981	0.945028	229928	0.944810	dudleya_organelle_alignment_pipeline/results/05_analysis_masks/mtdna_permissive_coverage_regions.bed	dudleya_organelle_alignment_pipeline/results/06_all_sample_alignment/qc/COM_LP_341_Du-713.depth.tsv
COM_LP_341_Du-713	QB3.Berkeley.251217/QB3.Results.260109	D. setchellii	COM	mtdna_high_confidence_unique	mtDNA	variant_calling_and_population_genetics	mitochondria	2	44930	7537552	167.762119	44930	1.000000	44930	1.000000	44930	1.000000	dudleya_organelle_alignment_pipeline/results/05_analysis_masks/mtdna_high_confidence_unique_regions.bed	dudleya_organelle_alignment_pipeline/results/06_all_sample_alignment/qc/COM_LP_341_Du-713.depth.tsv
COM_LP_342_Du-714	QB3.Berkeley.251217/QB3.Results.260109	D. setchellii	COM	cpdna_full_coverage	cpDNA	sample_qc_coverage	chloroplast	1	150274	41921246	278.965397	150273	0.999993	150263	0.999927	150237	0.999754	dudleya_organelle_alignment_pipeline/results/05_analysis_masks/cpdna_full_coverage_regions.bed	dudleya_organelle_alignment_pipeline/results/06_all_sample_alignment/qc/COM_LP_342_Du-714.depth.tsv
COM_LP_342_Du-714	QB3.Berkeley.251217/QB3.Results.260109	D. setchellii	COM	cpdna_ir_regions	cpDNA	repeat_annotation	chloroplast	2	51472	16762703	325.666440	51471	0.999981	51462	0.999806	51440	0.999378	dudleya_organelle_alignment_pipeline/results/05_analysis_masks/cpdna_ir_regions.bed	dudleya_organelle_alignment_pipeline/results/06_all_sample_alignment/qc/COM_LP_342_Du-714.depth.tsv
COM_LP_342_Du-714	QB3.Berkeley.251217/QB3.Results.260109	D. setchellii	COM	cpdna_duplicate_ir_mask	cpDNA	mask	chloroplast	1	25736	8172379	317.546588	25736	1.000000	25732	0.999845	25716	0.999223	dudleya_organelle_alignment_pipeline/results/05_analysis_masks/cpdna_duplicate_ir_copy_mask.bed	dudleya_organelle_alignment_pipeline/results/06_all_sample_alignment/qc/COM_LP_342_Du-714.depth.tsv
COM_LP_342_Du-714	QB3.Berkeley.251217/QB3.Results.260109	D. setchellii	COM	cpdna_population_sites	cpDNA	variant_calling_and_population_genetics	chloroplast	1	124538	33748867	270.992524	124537	0.999992	124531	0.999944	124521	0.999863	dudleya_organelle_alignment_pipeline/results/05_analysis_masks/cpdna_population_sites.bed	dudleya_organelle_alignment_pipeline/results/06_all_sample_alignment/qc/COM_LP_342_Du-714.depth.tsv
COM_LP_342_Du-714	QB3.Berkeley.251217/QB3.Results.260109	D. setchellii	COM	mtdna_permissive_coverage	mtDNA	sample_qc_coverage	mitochondria	1	243359	12659355	52.019260	230088	0.945467	229899	0.944691	229765	0.944140	dudleya_organelle_alignment_pipeline/results/05_analysis_masks/mtdna_permissive_coverage_regions.bed	dudleya_organelle_alignment_pipeline/results/06_all_sample_alignment/qc/COM_LP_342_Du-714.depth.tsv
COM_LP_342_Du-714	QB3.Berkeley.251217/QB3.Results.260109	D. setchellii	COM	mtdna_high_confidence_unique	mtDNA	variant_calling_and_population_genetics	mitochondria	2	44930	4086108	90.943868	44930	1.000000	44930	1.000000	44930	1.000000	dudleya_organelle_alignment_pipeline/results/05_analysis_masks/mtdna_high_confidence_unique_regions.bed	dudleya_organelle_alignment_pipeline/results/06_all_sample_alignment/qc/COM_LP_342_Du-714.depth.tsv
COM_LP_343_Du-715	QB3.Berkeley.251217/QB3.Results.260109	D. setchellii	COM	cpdna_full_coverage	cpDNA	sample_qc_coverage	chloroplast	1	150274	190050165	1264.690931	150274	1.000000	150271	0.999980	150270	0.999973	dudleya_organelle_alignment_pipeline/results/05_analysis_masks/cpdna_full_coverage_regions.bed	dudleya_organelle_alignment_pipeline/results/06_all_sample_alignment/qc/COM_LP_343_Du-715.depth.tsv
COM_LP_343_Du-715	QB3.Berkeley.251217/QB3.Results.260109	D. setchellii	COM	cpdna_ir_regions	cpDNA	repeat_annotation	chloroplast	2	51472	65495769	1272.454325	51472	1.000000	51469	0.999942	51468	0.999922	dudleya_organelle_alignment_pipeline/results/05_analysis_masks/cpdna_ir_regions.bed	dudleya_organelle_alignment_pipeline/results/06_all_sample_alignment/qc/COM_LP_343_Du-715.depth.tsv
COM_LP_343_Du-715	QB3.Berkeley.251217/QB3.Results.260109	D. setchellii	COM	cpdna_duplicate_ir_mask	cpDNA	mask	chloroplast	1	25736	31987966	1242.926873	25736	1.000000	25734	0.999922	25733	0.999883	dudleya_organelle_alignment_pipeline/results/05_analysis_masks/cpdna_duplicate_ir_copy_mask.bed	dudleya_organelle_alignment_pipeline/results/06_all_sample_alignment/qc/COM_LP_343_Du-715.depth.tsv
COM_LP_343_Du-715	QB3.Berkeley.251217/QB3.Results.260109	D. setchellii	COM	cpdna_population_sites	cpDNA	variant_calling_and_population_genetics	chloroplast	1	124538	158062199	1269.188513	124538	1.000000	124537	0.999992	124537	0.999992	dudleya_organelle_alignment_pipeline/results/05_analysis_masks/cpdna_population_sites.bed	dudleya_organelle_alignment_pipeline/results/06_all_sample_alignment/qc/COM_LP_343_Du-715.depth.tsv
COM_LP_343_Du-715	QB3.Berkeley.251217/QB3.Results.260109	D. setchellii	COM	mtdna_permissive_coverage	mtDNA	sample_qc_coverage	mitochondria	1	243359	32835742	134.927173	231202	0.950045	230241	0.946096	230010	0.945147	dudleya_organelle_alignment_pipeline/results/05_analysis_masks/mtdna_permissive_coverage_regions.bed	dudleya_organelle_alignment_pipeline/results/06_all_sample_alignment/qc/COM_LP_343_Du-715.depth.tsv
COM_LP_343_Du-715	QB3.Berkeley.251217/QB3.Results.260109	D. setchellii	COM	mtdna_high_confidence_unique	mtDNA	variant_calling_and_population_genetics	mitochondria	2	44930	10689316	237.910438	44930	1.000000	44930	1.000000	44930	1.000000	dudleya_organelle_alignment_pipeline/results/05_analysis_masks/mtdna_high_confidence_unique_regions.bed	dudleya_organelle_alignment_pipeline/results/06_all_sample_alignment/qc/COM_LP_343_Du-715.depth.tsv
CROB_LP_169_Du-381	QB3.Berkeley.251217/QB3.Results.260109	D. setchellii	CROB	cpdna_full_coverage	cpDNA	sample_qc_coverage	chloroplast	1	150274	25610084	170.422588	150257	0.999887	150226	0.999681	150154	0.999201	dudleya_organelle_alignment_pipeline/results/05_analysis_masks/cpdna_full_coverage_regions.bed	dudleya_organelle_alignment_pipeline/results/06_all_sample_alignment/qc/CROB_LP_169_Du-381.depth.tsv
CROB_LP_169_Du-381	QB3.Berkeley.251217/QB3.Results.260109	D. setchellii	CROB	cpdna_ir_regions	cpDNA	repeat_annotation	chloroplast	2	51472	9808039	190.550960	51455	0.999670	51428	0.999145	51394	0.998485	dudleya_organelle_alignment_pipeline/results/05_analysis_masks/cpdna_ir_regions.bed	dudleya_organelle_alignment_pipeline/results/06_all_sample_alignment/qc/CROB_LP_169_Du-381.depth.tsv
CROB_LP_169_Du-381	QB3.Berkeley.251217/QB3.Results.260109	D. setchellii	CROB	cpdna_duplicate_ir_mask	cpDNA	mask	chloroplast	1	25736	4841665	188.128108	25719	0.999339	25695	0.998407	25675	0.997630	dudleya_organelle_alignment_pipeline/results/05_analysis_masks/cpdna_duplicate_ir_copy_mask.bed	dudleya_organelle_alignment_pipeline/results/06_all_sample_alignment/qc/CROB_LP_169_Du-381.depth.tsv
CROB_LP_169_Du-381	QB3.Berkeley.251217/QB3.Results.260109	D. setchellii	CROB	cpdna_population_sites	cpDNA	variant_calling_and_population_genetics	chloroplast	1	124538	20768419	166.763711	124538	1.000000	124531	0.999944	124479	0.999526	dudleya_organelle_alignment_pipeline/results/05_analysis_masks/cpdna_population_sites.bed	dudleya_organelle_alignment_pipeline/results/06_all_sample_alignment/qc/CROB_LP_169_Du-381.depth.tsv
CROB_LP_169_Du-381	QB3.Berkeley.251217/QB3.Results.260109	D. setchellii	CROB	mtdna_permissive_coverage	mtDNA	sample_qc_coverage	mitochondria	1	243359	2788208	11.457181	242994	0.998500	222240	0.913219	134680	0.553421	dudleya_organelle_alignment_pipeline/results/05_analysis_masks/mtdna_permissive_coverage_regions.bed	dudleya_organelle_alignment_pipeline/results/06_all_sample_alignment/qc/CROB_LP_169_Du-381.depth.tsv
CROB_LP_169_Du-381	QB3.Berkeley.251217/QB3.Results.260109	D. setchellii	CROB	mtdna_high_confidence_unique	mtDNA	variant_calling_and_population_genetics	mitochondria	2	44930	829493	18.461896	44900	0.999332	44709	0.995081	41850	0.931449	dudleya_organelle_alignment_pipeline/results/05_analysis_masks/mtdna_high_confidence_unique_regions.bed	dudleya_organelle_alignment_pipeline/results/06_all_sample_alignment/qc/CROB_LP_169_Du-381.depth.tsv
CROB_LP_170_Du-382	QB3.Berkeley.251217/QB3.Results.260109	D. setchellii	CROB	cpdna_full_coverage	cpDNA	sample_qc_coverage	chloroplast	1	150274	352564334	2346.143272	150274	1.000000	150274	1.000000	150272	0.999987	dudleya_organelle_alignment_pipeline/results/05_analysis_masks/cpdna_full_coverage_regions.bed	dudleya_organelle_alignment_pipeline/results/06_all_sample_alignment/qc/CROB_LP_170_Du-382.depth.tsv
CROB_LP_170_Du-382	QB3.Berkeley.251217/QB3.Results.260109	D. setchellii	CROB	cpdna_ir_regions	cpDNA	repeat_annotation	chloroplast	2	51472	127202433	2471.293771	51472	1.000000	51472	1.000000	51470	0.999961	dudleya_organelle_alignment_pipeline/results/05_analysis_masks/cpdna_ir_regions.bed	dudleya_organelle_alignment_pipeline/results/06_all_sample_alignment/qc/CROB_LP_170_Du-382.depth.tsv
CROB_LP_170_Du-382	QB3.Berkeley.251217/QB3.Results.260109	D. setchellii	CROB	cpdna_duplicate_ir_mask	cpDNA	mask	chloroplast	1	25736	62167122	2415.570485	25736	1.000000	25736	1.000000	25735	0.999961	dudleya_organelle_alignment_pipeline/results/05_analysis_masks/cpdna_duplicate_ir_copy_mask.bed	dudleya_organelle_alignment_pipeline/results/06_all_sample_alignment/qc/CROB_LP_170_Du-382.depth.tsv
CROB_LP_170_Du-382	QB3.Berkeley.251217/QB3.Results.260109	D. setchellii	CROB	cpdna_population_sites	cpDNA	variant_calling_and_population_genetics	chloroplast	1	124538	290397212	2331.796014	124538	1.000000	124538	1.000000	124537	0.999992	dudleya_organelle_alignment_pipeline/results/05_analysis_masks/cpdna_population_sites.bed	dudleya_organelle_alignment_pipeline/results/06_all_sample_alignment/qc/CROB_LP_170_Du-382.depth.tsv
CROB_LP_170_Du-382	QB3.Berkeley.251217/QB3.Results.260109	D. setchellii	CROB	mtdna_permissive_coverage	mtDNA	sample_qc_coverage	mitochondria	1	243359	42139868	173.159275	243356	0.999988	243345	0.999942	243340	0.999922	dudleya_organelle_alignment_pipeline/results/05_analysis_masks/mtdna_permissive_coverage_regions.bed	dudleya_organelle_alignment_pipeline/results/06_all_sample_alignment/qc/CROB_LP_170_Du-382.depth.tsv
CROB_LP_170_Du-382	QB3.Berkeley.251217/QB3.Results.260109	D. setchellii	CROB	mtdna_high_confidence_unique	mtDNA	variant_calling_and_population_genetics	mitochondria	2	44930	12790240	284.670376	44930	1.000000	44930	1.000000	44930	1.000000	dudleya_organelle_alignment_pipeline/results/05_analysis_masks/mtdna_high_confidence_unique_regions.bed	dudleya_organelle_alignment_pipeline/results/06_all_sample_alignment/qc/CROB_LP_170_Du-382.depth.tsv
CROB_LP_172_Du-384	QB3.Berkeley.251217/QB3.Results.260109	D. setchellii	CROB	cpdna_full_coverage	cpDNA	sample_qc_coverage	chloroplast	1	150274	64335216	428.119409	150274	1.000000	150272	0.999987	150257	0.999887	dudleya_organelle_alignment_pipeline/results/05_analysis_masks/cpdna_full_coverage_regions.bed	dudleya_organelle_alignment_pipeline/results/06_all_sample_alignment/qc/CROB_LP_172_Du-384.depth.tsv
CROB_LP_172_Du-384	QB3.Berkeley.251217/QB3.Results.260109	D. setchellii	CROB	cpdna_ir_regions	cpDNA	repeat_annotation	chloroplast	2	51472	23248666	451.675979	51472	1.000000	51470	0.999961	51455	0.999670	dudleya_organelle_alignment_pipeline/results/05_analysis_masks/cpdna_ir_regions.bed	dudleya_organelle_alignment_pipeline/results/06_all_sample_alignment/qc/CROB_LP_172_Du-384.depth.tsv
CROB_LP_172_Du-384	QB3.Berkeley.251217/QB3.Results.260109	D. setchellii	CROB	cpdna_duplicate_ir_mask	cpDNA	mask	chloroplast	1	25736	11443303	444.641864	25736	1.000000	25734	0.999922	25727	0.999650	dudleya_organelle_alignment_pipeline/results/05_analysis_masks/cpdna_duplicate_ir_copy_mask.bed	dudleya_organelle_alignment_pipeline/results/06_all_sample_alignment/qc/CROB_LP_172_Du-384.depth.tsv
CROB_LP_172_Du-384	QB3.Berkeley.251217/QB3.Results.260109	D. setchellii	CROB	cpdna_population_sites	cpDNA	variant_calling_and_population_genetics	chloroplast	1	124538	52891913	424.705014	124538	1.000000	124538	1.000000	124530	0.999936	dudleya_organelle_alignment_pipeline/results/05_analysis_masks/cpdna_population_sites.bed	dudleya_organelle_alignment_pipeline/results/06_all_sample_alignment/qc/CROB_LP_172_Du-384.depth.tsv
CROB_LP_172_Du-384	QB3.Berkeley.251217/QB3.Results.260109	D. setchellii	CROB	mtdna_permissive_coverage	mtDNA	sample_qc_coverage	mitochondria	1	243359	17017147	69.926105	243354	0.999979	243331	0.999885	243306	0.999782	dudleya_organelle_alignment_pipeline/results/05_analysis_masks/mtdna_permissive_coverage_regions.bed	dudleya_organelle_alignment_pipeline/results/06_all_sample_alignment/qc/CROB_LP_172_Du-384.depth.tsv
CROB_LP_172_Du-384	QB3.Berkeley.251217/QB3.Results.260109	D. setchellii	CROB	mtdna_high_confidence_unique	mtDNA	variant_calling_and_population_genetics	mitochondria	2	44930	5117335	113.895727	44930	1.000000	44930	1.000000	44930	1.000000	dudleya_organelle_alignment_pipeline/results/05_analysis_masks/mtdna_high_confidence_unique_regions.bed	dudleya_organelle_alignment_pipeline/results/06_all_sample_alignment/qc/CROB_LP_172_Du-384.depth.tsv
CROB_LP_173_Du-385	QB3.Berkeley.251217/QB3.Results.260109	D. setchellii	CROB	cpdna_full_coverage	cpDNA	sample_qc_coverage	chloroplast	1	150274	375869802	2501.229767	150274	1.000000	150274	1.000000	150272	0.999987	dudleya_organelle_alignment_pipeline/results/05_analysis_masks/cpdna_full_coverage_regions.bed	dudleya_organelle_alignment_pipeline/results/06_all_sample_alignment/qc/CROB_LP_173_Du-385.depth.tsv
CROB_LP_173_Du-385	QB3.Berkeley.251217/QB3.Results.260109	D. setchellii	CROB	cpdna_ir_regions	cpDNA	repeat_annotation	chloroplast	2	51472	131982287	2564.156959	51472	1.000000	51472	1.000000	51470	0.999961	dudleya_organelle_alignment_pipeline/results/05_analysis_masks/cpdna_ir_regions.bed	dudleya_organelle_alignment_pipeline/results/06_all_sample_alignment/qc/CROB_LP_173_Du-385.depth.tsv
CROB_LP_173_Du-385	QB3.Berkeley.251217/QB3.Results.260109	D. setchellii	CROB	cpdna_duplicate_ir_mask	cpDNA	mask	chloroplast	1	25736	64600957	2510.139765	25736	1.000000	25736	1.000000	25735	0.999961	dudleya_organelle_alignment_pipeline/results/05_analysis_masks/cpdna_duplicate_ir_copy_mask.bed	dudleya_organelle_alignment_pipeline/results/06_all_sample_alignment/qc/CROB_LP_173_Du-385.depth.tsv
CROB_LP_173_Du-385	QB3.Berkeley.251217/QB3.Results.260109	D. setchellii	CROB	cpdna_population_sites	cpDNA	variant_calling_and_population_genetics	chloroplast	1	124538	311268845	2499.388500	124538	1.000000	124538	1.000000	124537	0.999992	dudleya_organelle_alignment_pipeline/results/05_analysis_masks/cpdna_population_sites.bed	dudleya_organelle_alignment_pipeline/results/06_all_sample_alignment/qc/CROB_LP_173_Du-385.depth.tsv
CROB_LP_173_Du-385	QB3.Berkeley.251217/QB3.Results.260109	D. setchellii	CROB	mtdna_permissive_coverage	mtDNA	sample_qc_coverage	mitochondria	1	243359	26917630	110.608730	243357	0.999992	243345	0.999942	243329	0.999877	dudleya_organelle_alignment_pipeline/results/05_analysis_masks/mtdna_permissive_coverage_regions.bed	dudleya_organelle_alignment_pipeline/results/06_all_sample_alignment/qc/CROB_LP_173_Du-385.depth.tsv
CROB_LP_173_Du-385	QB3.Berkeley.251217/QB3.Results.260109	D. setchellii	CROB	mtdna_high_confidence_unique	mtDNA	variant_calling_and_population_genetics	mitochondria	2	44930	8130862	180.967327	44930	1.000000	44930	1.000000	44930	1.000000	dudleya_organelle_alignment_pipeline/results/05_analysis_masks/mtdna_high_confidence_unique_regions.bed	dudleya_organelle_alignment_pipeline/results/06_all_sample_alignment/qc/CROB_LP_173_Du-385.depth.tsv
CROB_LP_174_Du-386	QB3.Berkeley.251217/QB3.Results.260109	D. setchellii	CROB	cpdna_full_coverage	cpDNA	sample_qc_coverage	chloroplast	1	150274	446450192	2970.907755	150274	1.000000	150274	1.000000	150272	0.999987	dudleya_organelle_alignment_pipeline/results/05_analysis_masks/cpdna_full_coverage_regions.bed	dudleya_organelle_alignment_pipeline/results/06_all_sample_alignment/qc/CROB_LP_174_Du-386.depth.tsv
CROB_LP_174_Du-386	QB3.Berkeley.251217/QB3.Results.260109	D. setchellii	CROB	cpdna_ir_regions	cpDNA	repeat_annotation	chloroplast	2	51472	148845499	2891.776092	51472	1.000000	51472	1.000000	51470	0.999961	dudleya_organelle_alignment_pipeline/results/05_analysis_masks/cpdna_ir_regions.bed	dudleya_organelle_alignment_pipeline/results/06_all_sample_alignment/qc/CROB_LP_174_Du-386.depth.tsv
CROB_LP_174_Du-386	QB3.Berkeley.251217/QB3.Results.260109	D. setchellii	CROB	cpdna_duplicate_ir_mask	cpDNA	mask	chloroplast	1	25736	72750539	2826.800552	25736	1.000000	25736	1.000000	25735	0.999961	dudleya_organelle_alignment_pipeline/results/05_analysis_masks/cpdna_duplicate_ir_copy_mask.bed	dudleya_organelle_alignment_pipeline/results/06_all_sample_alignment/qc/CROB_LP_174_Du-386.depth.tsv
CROB_LP_174_Du-386	QB3.Berkeley.251217/QB3.Results.260109	D. setchellii	CROB	cpdna_population_sites	cpDNA	variant_calling_and_population_genetics	chloroplast	1	124538	373699653	3000.687766	124538	1.000000	124538	1.000000	124537	0.999992	dudleya_organelle_alignment_pipeline/results/05_analysis_masks/cpdna_population_sites.bed	dudleya_organelle_alignment_pipeline/results/06_all_sample_alignment/qc/CROB_LP_174_Du-386.depth.tsv
CROB_LP_174_Du-386	QB3.Berkeley.251217/QB3.Results.260109	D. setchellii	CROB	mtdna_permissive_coverage	mtDNA	sample_qc_coverage	mitochondria	1	243359	32376012	133.038071	243359	1.000000	243349	0.999959	243335	0.999901	dudleya_organelle_alignment_pipeline/results/05_analysis_masks/mtdna_permissive_coverage_regions.bed	dudleya_organelle_alignment_pipeline/results/06_all_sample_alignment/qc/CROB_LP_174_Du-386.depth.tsv
CROB_LP_174_Du-386	QB3.Berkeley.251217/QB3.Results.260109	D. setchellii	CROB	mtdna_high_confidence_unique	mtDNA	variant_calling_and_population_genetics	mitochondria	2	44930	9662376	215.053995	44930	1.000000	44930	1.000000	44930	1.000000	dudleya_organelle_alignment_pipeline/results/05_analysis_masks/mtdna_high_confidence_unique_regions.bed	dudleya_organelle_alignment_pipeline/results/06_all_sample_alignment/qc/CROB_LP_174_Du-386.depth.tsv
CROB_LP_175_Du-387	QB3.Berkeley.251217/QB3.Results.260109	D. setchellii	CROB	cpdna_full_coverage	cpDNA	sample_qc_coverage	chloroplast	1	150274	402002727	2675.131606	150274	1.000000	150274	1.000000	150273	0.999993	dudleya_organelle_alignment_pipeline/results/05_analysis_masks/cpdna_full_coverage_regions.bed	dudleya_organelle_alignment_pipeline/results/06_all_sample_alignment/qc/CROB_LP_175_Du-387.depth.tsv
CROB_LP_175_Du-387	QB3.Berkeley.251217/QB3.Results.260109	D. setchellii	CROB	cpdna_ir_regions	cpDNA	repeat_annotation	chloroplast	2	51472	138412772	2689.088670	51472	1.000000	51472	1.000000	51471	0.999981	dudleya_organelle_alignment_pipeline/results/05_analysis_masks/cpdna_ir_regions.bed	dudleya_organelle_alignment_pipeline/results/06_all_sample_alignment/qc/CROB_LP_175_Du-387.depth.tsv
CROB_LP_175_Du-387	QB3.Berkeley.251217/QB3.Results.260109	D. setchellii	CROB	cpdna_duplicate_ir_mask	cpDNA	mask	chloroplast	1	25736	67598845	2626.625933	25736	1.000000	25736	1.000000	25736	1.000000	dudleya_organelle_alignment_pipeline/results/05_analysis_masks/cpdna_duplicate_ir_copy_mask.bed	dudleya_organelle_alignment_pipeline/results/06_all_sample_alignment/qc/CROB_LP_175_Du-387.depth.tsv
CROB_LP_175_Du-387	QB3.Berkeley.251217/QB3.Results.260109	D. setchellii	CROB	cpdna_population_sites	cpDNA	variant_calling_and_population_genetics	chloroplast	1	124538	334403882	2685.155390	124538	1.000000	124538	1.000000	124537	0.999992	dudleya_organelle_alignment_pipeline/results/05_analysis_masks/cpdna_population_sites.bed	dudleya_organelle_alignment_pipeline/results/06_all_sample_alignment/qc/CROB_LP_175_Du-387.depth.tsv
CROB_LP_175_Du-387	QB3.Berkeley.251217/QB3.Results.260109	D. setchellii	CROB	mtdna_permissive_coverage	mtDNA	sample_qc_coverage	mitochondria	1	243359	29354178	120.620885	243357	0.999992	243340	0.999922	243315	0.999819	dudleya_organelle_alignment_pipeline/results/05_analysis_masks/mtdna_permissive_coverage_regions.bed	dudleya_organelle_alignment_pipeline/results/06_all_sample_alignment/qc/CROB_LP_175_Du-387.depth.tsv
CROB_LP_175_Du-387	QB3.Berkeley.251217/QB3.Results.260109	D. setchellii	CROB	mtdna_high_confidence_unique	mtDNA	variant_calling_and_population_genetics	mitochondria	2	44930	8898603	198.054819	44930	1.000000	44930	1.000000	44930	1.000000	dudleya_organelle_alignment_pipeline/results/05_analysis_masks/mtdna_high_confidence_unique_regions.bed	dudleya_organelle_alignment_pipeline/results/06_all_sample_alignment/qc/CROB_LP_175_Du-387.depth.tsv
CROB_LP_176_Du-388	QB3.Berkeley.251217/QB3.Results.260109	D. setchellii	CROB	cpdna_full_coverage	cpDNA	sample_qc_coverage	chloroplast	1	150274	508172053	3381.636564	150274	1.000000	150274	1.000000	150273	0.999993	dudleya_organelle_alignment_pipeline/results/05_analysis_masks/cpdna_full_coverage_regions.bed	dudleya_organelle_alignment_pipeline/results/06_all_sample_alignment/qc/CROB_LP_176_Du-388.depth.tsv
CROB_LP_176_Du-388	QB3.Berkeley.251217/QB3.Results.260109	D. setchellii	CROB	cpdna_ir_regions	cpDNA	repeat_annotation	chloroplast	2	51472	178520909	3468.311101	51472	1.000000	51472	1.000000	51471	0.999981	dudleya_organelle_alignment_pipeline/results/05_analysis_masks/cpdna_ir_regions.bed	dudleya_organelle_alignment_pipeline/results/06_all_sample_alignment/qc/CROB_LP_176_Du-388.depth.tsv
CROB_LP_176_Du-388	QB3.Berkeley.251217/QB3.Results.260109	D. setchellii	CROB	cpdna_duplicate_ir_mask	cpDNA	mask	chloroplast	1	25736	87306535	3392.389454	25736	1.000000	25736	1.000000	25736	1.000000	dudleya_organelle_alignment_pipeline/results/05_analysis_masks/cpdna_duplicate_ir_copy_mask.bed	dudleya_organelle_alignment_pipeline/results/06_all_sample_alignment/qc/CROB_LP_176_Du-388.depth.tsv
CROB_LP_176_Du-388	QB3.Berkeley.251217/QB3.Results.260109	D. setchellii	CROB	cpdna_population_sites	cpDNA	variant_calling_and_population_genetics	chloroplast	1	124538	420865518	3379.414460	124538	1.000000	124538	1.000000	124537	0.999992	dudleya_organelle_alignment_pipeline/results/05_analysis_masks/cpdna_population_sites.bed	dudleya_organelle_alignment_pipeline/results/06_all_sample_alignment/qc/CROB_LP_176_Du-388.depth.tsv
CROB_LP_176_Du-388	QB3.Berkeley.251217/QB3.Results.260109	D. setchellii	CROB	mtdna_permissive_coverage	mtDNA	sample_qc_coverage	mitochondria	1	243359	41165987	169.157446	243359	1.000000	243356	0.999988	243345	0.999942	dudleya_organelle_alignment_pipeline/results/05_analysis_masks/mtdna_permissive_coverage_regions.bed	dudleya_organelle_alignment_pipeline/results/06_all_sample_alignment/qc/CROB_LP_176_Du-388.depth.tsv
CROB_LP_176_Du-388	QB3.Berkeley.251217/QB3.Results.260109	D. setchellii	CROB	mtdna_high_confidence_unique	mtDNA	variant_calling_and_population_genetics	mitochondria	2	44930	12512333	278.485043	44930	1.000000	44930	1.000000	44930	1.000000	dudleya_organelle_alignment_pipeline/results/05_analysis_masks/mtdna_high_confidence_unique_regions.bed	dudleya_organelle_alignment_pipeline/results/06_all_sample_alignment/qc/CROB_LP_176_Du-388.depth.tsv
CROB_LP_177_Du-389	QB3.Berkeley.251217/QB3.Results.260109	D. setchellii	CROB	cpdna_full_coverage	cpDNA	sample_qc_coverage	chloroplast	1	150274	344747575	2294.126562	150274	1.000000	150274	1.000000	150274	1.000000	dudleya_organelle_alignment_pipeline/results/05_analysis_masks/cpdna_full_coverage_regions.bed	dudleya_organelle_alignment_pipeline/results/06_all_sample_alignment/qc/CROB_LP_177_Du-389.depth.tsv
CROB_LP_177_Du-389	QB3.Berkeley.251217/QB3.Results.260109	D. setchellii	CROB	cpdna_ir_regions	cpDNA	repeat_annotation	chloroplast	2	51472	116754855	2268.317823	51472	1.000000	51472	1.000000	51472	1.000000	dudleya_organelle_alignment_pipeline/results/05_analysis_masks/cpdna_ir_regions.bed	dudleya_organelle_alignment_pipeline/results/06_all_sample_alignment/qc/CROB_LP_177_Du-389.depth.tsv
CROB_LP_177_Du-389	QB3.Berkeley.251217/QB3.Results.260109	D. setchellii	CROB	cpdna_duplicate_ir_mask	cpDNA	mask	chloroplast	1	25736	56806572	2207.280541	25736	1.000000	25736	1.000000	25736	1.000000	dudleya_organelle_alignment_pipeline/results/05_analysis_masks/cpdna_duplicate_ir_copy_mask.bed	dudleya_organelle_alignment_pipeline/results/06_all_sample_alignment/qc/CROB_LP_177_Du-389.depth.tsv
CROB_LP_177_Du-389	QB3.Berkeley.251217/QB3.Results.260109	D. setchellii	CROB	cpdna_population_sites	cpDNA	variant_calling_and_population_genetics	chloroplast	1	124538	287941003	2312.073447	124538	1.000000	124538	1.000000	124538	1.000000	dudleya_organelle_alignment_pipeline/results/05_analysis_masks/cpdna_population_sites.bed	dudleya_organelle_alignment_pipeline/results/06_all_sample_alignment/qc/CROB_LP_177_Du-389.depth.tsv
CROB_LP_177_Du-389	QB3.Berkeley.251217/QB3.Results.260109	D. setchellii	CROB	mtdna_permissive_coverage	mtDNA	sample_qc_coverage	mitochondria	1	243359	29734676	122.184411	243358	0.999996	243346	0.999947	243319	0.999836	dudleya_organelle_alignment_pipeline/results/05_analysis_masks/mtdna_permissive_coverage_regions.bed	dudleya_organelle_alignment_pipeline/results/06_all_sample_alignment/qc/CROB_LP_177_Du-389.depth.tsv
CROB_LP_177_Du-389	QB3.Berkeley.251217/QB3.Results.260109	D. setchellii	CROB	mtdna_high_confidence_unique	mtDNA	variant_calling_and_population_genetics	mitochondria	2	44930	8912842	198.371734	44930	1.000000	44930	1.000000	44930	1.000000	dudleya_organelle_alignment_pipeline/results/05_analysis_masks/mtdna_high_confidence_unique_regions.bed	dudleya_organelle_alignment_pipeline/results/06_all_sample_alignment/qc/CROB_LP_177_Du-389.depth.tsv
CROB_LP_320_Du-395	QB3.Berkeley.251217/QB3.Results.260109	D. setchellii	CROB	cpdna_full_coverage	cpDNA	sample_qc_coverage	chloroplast	1	150274	280562160	1867.004006	150274	1.000000	150273	0.999993	150272	0.999987	dudleya_organelle_alignment_pipeline/results/05_analysis_masks/cpdna_full_coverage_regions.bed	dudleya_organelle_alignment_pipeline/results/06_all_sample_alignment/qc/CROB_LP_320_Du-395.depth.tsv
CROB_LP_320_Du-395	QB3.Berkeley.251217/QB3.Results.260109	D. setchellii	CROB	cpdna_ir_regions	cpDNA	repeat_annotation	chloroplast	2	51472	98461954	1912.922638	51472	1.000000	51471	0.999981	51470	0.999961	dudleya_organelle_alignment_pipeline/results/05_analysis_masks/cpdna_ir_regions.bed	dudleya_organelle_alignment_pipeline/results/06_all_sample_alignment/qc/CROB_LP_320_Du-395.depth.tsv
CROB_LP_320_Du-395	QB3.Berkeley.251217/QB3.Results.260109	D. setchellii	CROB	cpdna_duplicate_ir_mask	cpDNA	mask	chloroplast	1	25736	48071446	1867.867812	25736	1.000000	25736	1.000000	25735	0.999961	dudleya_organelle_alignment_pipeline/results/05_analysis_masks/cpdna_duplicate_ir_copy_mask.bed	dudleya_organelle_alignment_pipeline/results/06_all_sample_alignment/qc/CROB_LP_320_Du-395.depth.tsv
CROB_LP_320_Du-395	QB3.Berkeley.251217/QB3.Results.260109	D. setchellii	CROB	cpdna_population_sites	cpDNA	variant_calling_and_population_genetics	chloroplast	1	124538	232490714	1866.825499	124538	1.000000	124537	0.999992	124537	0.999992	dudleya_organelle_alignment_pipeline/results/05_analysis_masks/cpdna_population_sites.bed	dudleya_organelle_alignment_pipeline/results/06_all_sample_alignment/qc/CROB_LP_320_Du-395.depth.tsv
CROB_LP_320_Du-395	QB3.Berkeley.251217/QB3.Results.260109	D. setchellii	CROB	mtdna_permissive_coverage	mtDNA	sample_qc_coverage	mitochondria	1	243359	17418372	71.574801	243342	0.999930	243319	0.999836	243293	0.999729	dudleya_organelle_alignment_pipeline/results/05_analysis_masks/mtdna_permissive_coverage_regions.bed	dudleya_organelle_alignment_pipeline/results/06_all_sample_alignment/qc/CROB_LP_320_Du-395.depth.tsv
CROB_LP_320_Du-395	QB3.Berkeley.251217/QB3.Results.260109	D. setchellii	CROB	mtdna_high_confidence_unique	mtDNA	variant_calling_and_population_genetics	mitochondria	2	44930	5249937	116.847029	44930	1.000000	44930	1.000000	44930	1.000000	dudleya_organelle_alignment_pipeline/results/05_analysis_masks/mtdna_high_confidence_unique_regions.bed	dudleya_organelle_alignment_pipeline/results/06_all_sample_alignment/qc/CROB_LP_320_Du-395.depth.tsv
CROB_LP_321_Du-396	QB3.Berkeley.251217/QB3.Results.260109	D. setchellii	CROB	cpdna_full_coverage	cpDNA	sample_qc_coverage	chloroplast	1	150274	273592998	1820.627640	150274	1.000000	150273	0.999993	150273	0.999993	dudleya_organelle_alignment_pipeline/results/05_analysis_masks/cpdna_full_coverage_regions.bed	dudleya_organelle_alignment_pipeline/results/06_all_sample_alignment/qc/CROB_LP_321_Du-396.depth.tsv
CROB_LP_321_Du-396	QB3.Berkeley.251217/QB3.Results.260109	D. setchellii	CROB	cpdna_ir_regions	cpDNA	repeat_annotation	chloroplast	2	51472	89549065	1739.762687	51472	1.000000	51471	0.999981	51471	0.999981	dudleya_organelle_alignment_pipeline/results/05_analysis_masks/cpdna_ir_regions.bed	dudleya_organelle_alignment_pipeline/results/06_all_sample_alignment/qc/CROB_LP_321_Du-396.depth.tsv
CROB_LP_321_Du-396	QB3.Berkeley.251217/QB3.Results.260109	D. setchellii	CROB	cpdna_duplicate_ir_mask	cpDNA	mask	chloroplast	1	25736	43726836	1699.053311	25736	1.000000	25736	1.000000	25736	1.000000	dudleya_organelle_alignment_pipeline/results/05_analysis_masks/cpdna_duplicate_ir_copy_mask.bed	dudleya_organelle_alignment_pipeline/results/06_all_sample_alignment/qc/CROB_LP_321_Du-396.depth.tsv
CROB_LP_321_Du-396	QB3.Berkeley.251217/QB3.Results.260109	D. setchellii	CROB	cpdna_population_sites	cpDNA	variant_calling_and_population_genetics	chloroplast	1	124538	229866162	1845.751192	124538	1.000000	124537	0.999992	124537	0.999992	dudleya_organelle_alignment_pipeline/results/05_analysis_masks/cpdna_population_sites.bed	dudleya_organelle_alignment_pipeline/results/06_all_sample_alignment/qc/CROB_LP_321_Du-396.depth.tsv
CROB_LP_321_Du-396	QB3.Berkeley.251217/QB3.Results.260109	D. setchellii	CROB	mtdna_permissive_coverage	mtDNA	sample_qc_coverage	mitochondria	1	243359	26271829	107.955034	243358	0.999996	243351	0.999967	243341	0.999926	dudleya_organelle_alignment_pipeline/results/05_analysis_masks/mtdna_permissive_coverage_regions.bed	dudleya_organelle_alignment_pipeline/results/06_all_sample_alignment/qc/CROB_LP_321_Du-396.depth.tsv
CROB_LP_321_Du-396	QB3.Berkeley.251217/QB3.Results.260109	D. setchellii	CROB	mtdna_high_confidence_unique	mtDNA	variant_calling_and_population_genetics	mitochondria	2	44930	7922752	176.335455	44930	1.000000	44930	1.000000	44930	1.000000	dudleya_organelle_alignment_pipeline/results/05_analysis_masks/mtdna_high_confidence_unique_regions.bed	dudleya_organelle_alignment_pipeline/results/06_all_sample_alignment/qc/CROB_LP_321_Du-396.depth.tsv
CROS_LP_085_Du-181	QB3.Berkeley.251217/QB3.Results.260109	D. setchellii	CROS	cpdna_full_coverage	cpDNA	sample_qc_coverage	chloroplast	1	150274	199525475	1327.744487	150274	1.000000	150274	1.000000	150271	0.999980	dudleya_organelle_alignment_pipeline/results/05_analysis_masks/cpdna_full_coverage_regions.bed	dudleya_organelle_alignment_pipeline/results/06_all_sample_alignment/qc/CROS_LP_085_Du-181.depth.tsv
CROS_LP_085_Du-181	QB3.Berkeley.251217/QB3.Results.260109	D. setchellii	CROS	cpdna_ir_regions	cpDNA	repeat_annotation	chloroplast	2	51472	76828824	1492.633354	51472	1.000000	51472	1.000000	51469	0.999942	dudleya_organelle_alignment_pipeline/results/05_analysis_masks/cpdna_ir_regions.bed	dudleya_organelle_alignment_pipeline/results/06_all_sample_alignment/qc/CROS_LP_085_Du-181.depth.tsv
CROS_LP_085_Du-181	QB3.Berkeley.251217/QB3.Results.260109	D. setchellii	CROS	cpdna_duplicate_ir_mask	cpDNA	mask	chloroplast	1	25736	37361128	1451.706870	25736	1.000000	25736	1.000000	25734	0.999922	dudleya_organelle_alignment_pipeline/results/05_analysis_masks/cpdna_duplicate_ir_copy_mask.bed	dudleya_organelle_alignment_pipeline/results/06_all_sample_alignment/qc/CROS_LP_085_Du-181.depth.tsv
CROS_LP_085_Du-181	QB3.Berkeley.251217/QB3.Results.260109	D. setchellii	CROS	cpdna_population_sites	cpDNA	variant_calling_and_population_genetics	chloroplast	1	124538	162164347	1302.127439	124538	1.000000	124538	1.000000	124537	0.999992	dudleya_organelle_alignment_pipeline/results/05_analysis_masks/cpdna_population_sites.bed	dudleya_organelle_alignment_pipeline/results/06_all_sample_alignment/qc/CROS_LP_085_Du-181.depth.tsv
CROS_LP_085_Du-181	QB3.Berkeley.251217/QB3.Results.260109	D. setchellii	CROS	mtdna_permissive_coverage	mtDNA	sample_qc_coverage	mitochondria	1	243359	48107229	197.680090	243359	1.000000	243352	0.999971	243347	0.999951	dudleya_organelle_alignment_pipeline/results/05_analysis_masks/mtdna_permissive_coverage_regions.bed	dudleya_organelle_alignment_pipeline/results/06_all_sample_alignment/qc/CROS_LP_085_Du-181.depth.tsv
CROS_LP_085_Du-181	QB3.Berkeley.251217/QB3.Results.260109	D. setchellii	CROS	mtdna_high_confidence_unique	mtDNA	variant_calling_and_population_genetics	mitochondria	2	44930	14615239	325.289094	44930	1.000000	44930	1.000000	44930	1.000000	dudleya_organelle_alignment_pipeline/results/05_analysis_masks/mtdna_high_confidence_unique_regions.bed	dudleya_organelle_alignment_pipeline/results/06_all_sample_alignment/qc/CROS_LP_085_Du-181.depth.tsv
CROS_LP_086_Du-182	QB3.Berkeley.251217/QB3.Results.260109	D. setchellii	CROS	cpdna_full_coverage	cpDNA	sample_qc_coverage	chloroplast	1	150274	369441561	2458.452966	150274	1.000000	150274	1.000000	150274	1.000000	dudleya_organelle_alignment_pipeline/results/05_analysis_masks/cpdna_full_coverage_regions.bed	dudleya_organelle_alignment_pipeline/results/06_all_sample_alignment/qc/CROS_LP_086_Du-182.depth.tsv
CROS_LP_086_Du-182	QB3.Berkeley.251217/QB3.Results.260109	D. setchellii	CROS	cpdna_ir_regions	cpDNA	repeat_annotation	chloroplast	2	51472	161783572	3143.137473	51472	1.000000	51472	1.000000	51472	1.000000	dudleya_organelle_alignment_pipeline/results/05_analysis_masks/cpdna_ir_regions.bed	dudleya_organelle_alignment_pipeline/results/06_all_sample_alignment/qc/CROS_LP_086_Du-182.depth.tsv
CROS_LP_086_Du-182	QB3.Berkeley.251217/QB3.Results.260109	D. setchellii	CROS	cpdna_duplicate_ir_mask	cpDNA	mask	chloroplast	1	25736	77537321	3012.796122	25736	1.000000	25736	1.000000	25736	1.000000	dudleya_organelle_alignment_pipeline/results/05_analysis_masks/cpdna_duplicate_ir_copy_mask.bed	dudleya_organelle_alignment_pipeline/results/06_all_sample_alignment/qc/CROS_LP_086_Du-182.depth.tsv
CROS_LP_086_Du-182	QB3.Berkeley.251217/QB3.Results.260109	D. setchellii	CROS	cpdna_population_sites	cpDNA	variant_calling_and_population_genetics	chloroplast	1	124538	291904240	2343.896963	124538	1.000000	124538	1.000000	124538	1.000000	dudleya_organelle_alignment_pipeline/results/05_analysis_masks/cpdna_population_sites.bed	dudleya_organelle_alignment_pipeline/results/06_all_sample_alignment/qc/CROS_LP_086_Du-182.depth.tsv
CROS_LP_086_Du-182	QB3.Berkeley.251217/QB3.Results.260109	D. setchellii	CROS	mtdna_permissive_coverage	mtDNA	sample_qc_coverage	mitochondria	1	243359	63170598	259.577817	243359	1.000000	243356	0.999988	243351	0.999967	dudleya_organelle_alignment_pipeline/results/05_analysis_masks/mtdna_permissive_coverage_regions.bed	dudleya_organelle_alignment_pipeline/results/06_all_sample_alignment/qc/CROS_LP_086_Du-182.depth.tsv
CROS_LP_086_Du-182	QB3.Berkeley.251217/QB3.Results.260109	D. setchellii	CROS	mtdna_high_confidence_unique	mtDNA	variant_calling_and_population_genetics	mitochondria	2	44930	19135137	425.887759	44930	1.000000	44930	1.000000	44930	1.000000	dudleya_organelle_alignment_pipeline/results/05_analysis_masks/mtdna_high_confidence_unique_regions.bed	dudleya_organelle_alignment_pipeline/results/06_all_sample_alignment/qc/CROS_LP_086_Du-182.depth.tsv
CROS_LP_087_Du-183	QB3.Berkeley.251217/QB3.Results.260109	D. setchellii	CROS	cpdna_full_coverage	cpDNA	sample_qc_coverage	chloroplast	1	150274	85523112	569.114498	150273	0.999993	150273	0.999993	150268	0.999960	dudleya_organelle_alignment_pipeline/results/05_analysis_masks/cpdna_full_coverage_regions.bed	dudleya_organelle_alignment_pipeline/results/06_all_sample_alignment/qc/CROS_LP_087_Du-183.depth.tsv
CROS_LP_087_Du-183	QB3.Berkeley.251217/QB3.Results.260109	D. setchellii	CROS	cpdna_ir_regions	cpDNA	repeat_annotation	chloroplast	2	51472	34924473	678.514008	51471	0.999981	51471	0.999981	51467	0.999903	dudleya_organelle_alignment_pipeline/results/05_analysis_masks/cpdna_ir_regions.bed	dudleya_organelle_alignment_pipeline/results/06_all_sample_alignment/qc/CROS_LP_087_Du-183.depth.tsv
CROS_LP_087_Du-183	QB3.Berkeley.251217/QB3.Results.260109	D. setchellii	CROS	cpdna_duplicate_ir_mask	cpDNA	mask	chloroplast	1	25736	16943673	658.364664	25736	1.000000	25736	1.000000	25734	0.999922	dudleya_organelle_alignment_pipeline/results/05_analysis_masks/cpdna_duplicate_ir_copy_mask.bed	dudleya_organelle_alignment_pipeline/results/06_all_sample_alignment/qc/CROS_LP_087_Du-183.depth.tsv
CROS_LP_087_Du-183	QB3.Berkeley.251217/QB3.Results.260109	D. setchellii	CROS	cpdna_population_sites	cpDNA	variant_calling_and_population_genetics	chloroplast	1	124538	68579439	550.670791	124537	0.999992	124537	0.999992	124534	0.999968	dudleya_organelle_alignment_pipeline/results/05_analysis_masks/cpdna_population_sites.bed	dudleya_organelle_alignment_pipeline/results/06_all_sample_alignment/qc/CROS_LP_087_Du-183.depth.tsv
CROS_LP_087_Du-183	QB3.Berkeley.251217/QB3.Results.260109	D. setchellii	CROS	mtdna_permissive_coverage	mtDNA	sample_qc_coverage	mitochondria	1	243359	19047044	78.267268	243359	1.000000	243344	0.999938	243295	0.999737	dudleya_organelle_alignment_pipeline/results/05_analysis_masks/mtdna_permissive_coverage_regions.bed	dudleya_organelle_alignment_pipeline/results/06_all_sample_alignment/qc/CROS_LP_087_Du-183.depth.tsv
CROS_LP_087_Du-183	QB3.Berkeley.251217/QB3.Results.260109	D. setchellii	CROS	mtdna_high_confidence_unique	mtDNA	variant_calling_and_population_genetics	mitochondria	2	44930	5847481	130.146472	44930	1.000000	44930	1.000000	44930	1.000000	dudleya_organelle_alignment_pipeline/results/05_analysis_masks/mtdna_high_confidence_unique_regions.bed	dudleya_organelle_alignment_pipeline/results/06_all_sample_alignment/qc/CROS_LP_087_Du-183.depth.tsv
CROS_LP_088_Du-184	QB3.Berkeley.251217/QB3.Results.260109	D. setchellii	CROS	cpdna_full_coverage	cpDNA	sample_qc_coverage	chloroplast	1	150274	369014066	2455.608196	150274	1.000000	150274	1.000000	150274	1.000000	dudleya_organelle_alignment_pipeline/results/05_analysis_masks/cpdna_full_coverage_regions.bed	dudleya_organelle_alignment_pipeline/results/06_all_sample_alignment/qc/CROS_LP_088_Du-184.depth.tsv
CROS_LP_088_Du-184	QB3.Berkeley.251217/QB3.Results.260109	D. setchellii	CROS	cpdna_ir_regions	cpDNA	repeat_annotation	chloroplast	2	51472	149212712	2898.910320	51472	1.000000	51472	1.000000	51472	1.000000	dudleya_organelle_alignment_pipeline/results/05_analysis_masks/cpdna_ir_regions.bed	dudleya_organelle_alignment_pipeline/results/06_all_sample_alignment/qc/CROS_LP_088_Du-184.depth.tsv
CROS_LP_088_Du-184	QB3.Berkeley.251217/QB3.Results.260109	D. setchellii	CROS	cpdna_duplicate_ir_mask	cpDNA	mask	chloroplast	1	25736	71832003	2791.109846	25736	1.000000	25736	1.000000	25736	1.000000	dudleya_organelle_alignment_pipeline/results/05_analysis_masks/cpdna_duplicate_ir_copy_mask.bed	dudleya_organelle_alignment_pipeline/results/06_all_sample_alignment/qc/CROS_LP_088_Du-184.depth.tsv
CROS_LP_088_Du-184	QB3.Berkeley.251217/QB3.Results.260109	D. setchellii	CROS	cpdna_population_sites	cpDNA	variant_calling_and_population_genetics	chloroplast	1	124538	297182063	2386.276181	124538	1.000000	124538	1.000000	124538	1.000000	dudleya_organelle_alignment_pipeline/results/05_analysis_masks/cpdna_population_sites.bed	dudleya_organelle_alignment_pipeline/results/06_all_sample_alignment/qc/CROS_LP_088_Du-184.depth.tsv
CROS_LP_088_Du-184	QB3.Berkeley.251217/QB3.Results.260109	D. setchellii	CROS	mtdna_permissive_coverage	mtDNA	sample_qc_coverage	mitochondria	1	243359	101398627	416.662737	243358	0.999996	243354	0.999979	243345	0.999942	dudleya_organelle_alignment_pipeline/results/05_analysis_masks/mtdna_permissive_coverage_regions.bed	dudleya_organelle_alignment_pipeline/results/06_all_sample_alignment/qc/CROS_LP_088_Du-184.depth.tsv
CROS_LP_088_Du-184	QB3.Berkeley.251217/QB3.Results.260109	D. setchellii	CROS	mtdna_high_confidence_unique	mtDNA	variant_calling_and_population_genetics	mitochondria	2	44930	30495063	678.723859	44930	1.000000	44930	1.000000	44930	1.000000	dudleya_organelle_alignment_pipeline/results/05_analysis_masks/mtdna_high_confidence_unique_regions.bed	dudleya_organelle_alignment_pipeline/results/06_all_sample_alignment/qc/CROS_LP_088_Du-184.depth.tsv
CROS_LP_089_Du-185	QB3.Berkeley.251217/QB3.Results.260109	D. setchellii	CROS	cpdna_full_coverage	cpDNA	sample_qc_coverage	chloroplast	1	150274	959491437	6384.946411	150274	1.000000	150274	1.000000	150274	1.000000	dudleya_organelle_alignment_pipeline/results/05_analysis_masks/cpdna_full_coverage_regions.bed	dudleya_organelle_alignment_pipeline/results/06_all_sample_alignment/qc/CROS_LP_089_Du-185.depth.tsv
CROS_LP_089_Du-185	QB3.Berkeley.251217/QB3.Results.260109	D. setchellii	CROS	cpdna_ir_regions	cpDNA	repeat_annotation	chloroplast	2	51472	362956549	7051.533824	51472	1.000000	51472	1.000000	51472	1.000000	dudleya_organelle_alignment_pipeline/results/05_analysis_masks/cpdna_ir_regions.bed	dudleya_organelle_alignment_pipeline/results/06_all_sample_alignment/qc/CROS_LP_089_Du-185.depth.tsv
CROS_LP_089_Du-185	QB3.Berkeley.251217/QB3.Results.260109	D. setchellii	CROS	cpdna_duplicate_ir_mask	cpDNA	mask	chloroplast	1	25736	175734905	6828.369016	25736	1.000000	25736	1.000000	25736	1.000000	dudleya_organelle_alignment_pipeline/results/05_analysis_masks/cpdna_duplicate_ir_copy_mask.bed	dudleya_organelle_alignment_pipeline/results/06_all_sample_alignment/qc/CROS_LP_089_Du-185.depth.tsv
CROS_LP_089_Du-185	QB3.Berkeley.251217/QB3.Results.260109	D. setchellii	CROS	cpdna_population_sites	cpDNA	variant_calling_and_population_genetics	chloroplast	1	124538	783756532	6293.312338	124538	1.000000	124538	1.000000	124538	1.000000	dudleya_organelle_alignment_pipeline/results/05_analysis_masks/cpdna_population_sites.bed	dudleya_organelle_alignment_pipeline/results/06_all_sample_alignment/qc/CROS_LP_089_Du-185.depth.tsv
CROS_LP_089_Du-185	QB3.Berkeley.251217/QB3.Results.260109	D. setchellii	CROS	mtdna_permissive_coverage	mtDNA	sample_qc_coverage	mitochondria	1	243359	88883246	365.235089	243359	1.000000	243357	0.999992	243354	0.999979	dudleya_organelle_alignment_pipeline/results/05_analysis_masks/mtdna_permissive_coverage_regions.bed	dudleya_organelle_alignment_pipeline/results/06_all_sample_alignment/qc/CROS_LP_089_Du-185.depth.tsv
CROS_LP_089_Du-185	QB3.Berkeley.251217/QB3.Results.260109	D. setchellii	CROS	mtdna_high_confidence_unique	mtDNA	variant_calling_and_population_genetics	mitochondria	2	44930	26468956	589.115424	44930	1.000000	44930	1.000000	44930	1.000000	dudleya_organelle_alignment_pipeline/results/05_analysis_masks/mtdna_high_confidence_unique_regions.bed	dudleya_organelle_alignment_pipeline/results/06_all_sample_alignment/qc/CROS_LP_089_Du-185.depth.tsv
CROS_LP_090_Du-186	QB3.Berkeley.251217/QB3.Results.260109	D. setchellii	CROS	cpdna_full_coverage	cpDNA	sample_qc_coverage	chloroplast	1	150274	337651762	2246.907396	150274	1.000000	150274	1.000000	150273	0.999993	dudleya_organelle_alignment_pipeline/results/05_analysis_masks/cpdna_full_coverage_regions.bed	dudleya_organelle_alignment_pipeline/results/06_all_sample_alignment/qc/CROS_LP_090_Du-186.depth.tsv
CROS_LP_090_Du-186	QB3.Berkeley.251217/QB3.Results.260109	D. setchellii	CROS	cpdna_ir_regions	cpDNA	repeat_annotation	chloroplast	2	51472	129546725	2516.838767	51472	1.000000	51472	1.000000	51471	0.999981	dudleya_organelle_alignment_pipeline/results/05_analysis_masks/cpdna_ir_regions.bed	dudleya_organelle_alignment_pipeline/results/06_all_sample_alignment/qc/CROS_LP_090_Du-186.depth.tsv
CROS_LP_090_Du-186	QB3.Berkeley.251217/QB3.Results.260109	D. setchellii	CROS	cpdna_duplicate_ir_mask	cpDNA	mask	chloroplast	1	25736	62707772	2436.578023	25736	1.000000	25736	1.000000	25736	1.000000	dudleya_organelle_alignment_pipeline/results/05_analysis_masks/cpdna_duplicate_ir_copy_mask.bed	dudleya_organelle_alignment_pipeline/results/06_all_sample_alignment/qc/CROS_LP_090_Du-186.depth.tsv
CROS_LP_090_Du-186	QB3.Berkeley.251217/QB3.Results.260109	D. setchellii	CROS	cpdna_population_sites	cpDNA	variant_calling_and_population_genetics	chloroplast	1	124538	274943990	2207.711622	124538	1.000000	124538	1.000000	124537	0.999992	dudleya_organelle_alignment_pipeline/results/05_analysis_masks/cpdna_population_sites.bed	dudleya_organelle_alignment_pipeline/results/06_all_sample_alignment/qc/CROS_LP_090_Du-186.depth.tsv
CROS_LP_090_Du-186	QB3.Berkeley.251217/QB3.Results.260109	D. setchellii	CROS	mtdna_permissive_coverage	mtDNA	sample_qc_coverage	mitochondria	1	243359	83176223	341.784043	243359	1.000000	243356	0.999988	243352	0.999971	dudleya_organelle_alignment_pipeline/results/05_analysis_masks/mtdna_permissive_coverage_regions.bed	dudleya_organelle_alignment_pipeline/results/06_all_sample_alignment/qc/CROS_LP_090_Du-186.depth.tsv
CROS_LP_090_Du-186	QB3.Berkeley.251217/QB3.Results.260109	D. setchellii	CROS	mtdna_high_confidence_unique	mtDNA	variant_calling_and_population_genetics	mitochondria	2	44930	25118244	559.052838	44930	1.000000	44930	1.000000	44930	1.000000	dudleya_organelle_alignment_pipeline/results/05_analysis_masks/mtdna_high_confidence_unique_regions.bed	dudleya_organelle_alignment_pipeline/results/06_all_sample_alignment/qc/CROS_LP_090_Du-186.depth.tsv
CROS_LP_091_Du-187	QB3.Berkeley.251217/QB3.Results.260109	D. setchellii	CROS	cpdna_full_coverage	cpDNA	sample_qc_coverage	chloroplast	1	150274	147539113	981.800664	150261	0.999913	150260	0.999907	150253	0.999860	dudleya_organelle_alignment_pipeline/results/05_analysis_masks/cpdna_full_coverage_regions.bed	dudleya_organelle_alignment_pipeline/results/06_all_sample_alignment/qc/CROS_LP_091_Du-187.depth.tsv
CROS_LP_091_Du-187	QB3.Berkeley.251217/QB3.Results.260109	D. setchellii	CROS	cpdna_ir_regions	cpDNA	repeat_annotation	chloroplast	2	51472	67433294	1310.096635	51472	1.000000	51472	1.000000	51470	0.999961	dudleya_organelle_alignment_pipeline/results/05_analysis_masks/cpdna_ir_regions.bed	dudleya_organelle_alignment_pipeline/results/06_all_sample_alignment/qc/CROS_LP_091_Du-187.depth.tsv
CROS_LP_091_Du-187	QB3.Berkeley.251217/QB3.Results.260109	D. setchellii	CROS	cpdna_duplicate_ir_mask	cpDNA	mask	chloroplast	1	25736	31867859	1238.259986	25736	1.000000	25736	1.000000	25735	0.999961	dudleya_organelle_alignment_pipeline/results/05_analysis_masks/cpdna_duplicate_ir_copy_mask.bed	dudleya_organelle_alignment_pipeline/results/06_all_sample_alignment/qc/CROS_LP_091_Du-187.depth.tsv
CROS_LP_091_Du-187	QB3.Berkeley.251217/QB3.Results.260109	D. setchellii	CROS	cpdna_population_sites	cpDNA	variant_calling_and_population_genetics	chloroplast	1	124538	115671254	928.802887	124525	0.999896	124524	0.999888	124518	0.999839	dudleya_organelle_alignment_pipeline/results/05_analysis_masks/cpdna_population_sites.bed	dudleya_organelle_alignment_pipeline/results/06_all_sample_alignment/qc/CROS_LP_091_Du-187.depth.tsv
CROS_LP_091_Du-187	QB3.Berkeley.251217/QB3.Results.260109	D. setchellii	CROS	mtdna_permissive_coverage	mtDNA	sample_qc_coverage	mitochondria	1	243359	65592513	269.529843	243358	0.999996	243356	0.999988	243349	0.999959	dudleya_organelle_alignment_pipeline/results/05_analysis_masks/mtdna_permissive_coverage_regions.bed	dudleya_organelle_alignment_pipeline/results/06_all_sample_alignment/qc/CROS_LP_091_Du-187.depth.tsv
CROS_LP_091_Du-187	QB3.Berkeley.251217/QB3.Results.260109	D. setchellii	CROS	mtdna_high_confidence_unique	mtDNA	variant_calling_and_population_genetics	mitochondria	2	44930	19714051	438.772557	44930	1.000000	44930	1.000000	44928	0.999955	dudleya_organelle_alignment_pipeline/results/05_analysis_masks/mtdna_high_confidence_unique_regions.bed	dudleya_organelle_alignment_pipeline/results/06_all_sample_alignment/qc/CROS_LP_091_Du-187.depth.tsv
CROS_LP_092_Du-188	QB3.Berkeley.251217/QB3.Results.260109	D. setchellii	CROS	cpdna_full_coverage	cpDNA	sample_qc_coverage	chloroplast	1	150274	102189086	680.018406	150266	0.999947	150260	0.999907	150251	0.999847	dudleya_organelle_alignment_pipeline/results/05_analysis_masks/cpdna_full_coverage_regions.bed	dudleya_organelle_alignment_pipeline/results/06_all_sample_alignment/qc/CROS_LP_092_Du-188.depth.tsv
CROS_LP_092_Du-188	QB3.Berkeley.251217/QB3.Results.260109	D. setchellii	CROS	cpdna_ir_regions	cpDNA	repeat_annotation	chloroplast	2	51472	39295197	763.428602	51472	1.000000	51472	1.000000	51468	0.999922	dudleya_organelle_alignment_pipeline/results/05_analysis_masks/cpdna_ir_regions.bed	dudleya_organelle_alignment_pipeline/results/06_all_sample_alignment/qc/CROS_LP_092_Du-188.depth.tsv
CROS_LP_092_Du-188	QB3.Berkeley.251217/QB3.Results.260109	D. setchellii	CROS	cpdna_duplicate_ir_mask	cpDNA	mask	chloroplast	1	25736	18806040	730.728940	25736	1.000000	25736	1.000000	25732	0.999845	dudleya_organelle_alignment_pipeline/results/05_analysis_masks/cpdna_duplicate_ir_copy_mask.bed	dudleya_organelle_alignment_pipeline/results/06_all_sample_alignment/qc/CROS_LP_092_Du-188.depth.tsv
CROS_LP_092_Du-188	QB3.Berkeley.251217/QB3.Results.260109	D. setchellii	CROS	cpdna_population_sites	cpDNA	variant_calling_and_population_genetics	chloroplast	1	124538	83383046	669.538984	124530	0.999936	124524	0.999888	124519	0.999847	dudleya_organelle_alignment_pipeline/results/05_analysis_masks/cpdna_population_sites.bed	dudleya_organelle_alignment_pipeline/results/06_all_sample_alignment/qc/CROS_LP_092_Du-188.depth.tsv
CROS_LP_092_Du-188	QB3.Berkeley.251217/QB3.Results.260109	D. setchellii	CROS	mtdna_permissive_coverage	mtDNA	sample_qc_coverage	mitochondria	1	243359	22956576	94.332143	243359	1.000000	243341	0.999926	243323	0.999852	dudleya_organelle_alignment_pipeline/results/05_analysis_masks/mtdna_permissive_coverage_regions.bed	dudleya_organelle_alignment_pipeline/results/06_all_sample_alignment/qc/CROS_LP_092_Du-188.depth.tsv
CROS_LP_092_Du-188	QB3.Berkeley.251217/QB3.Results.260109	D. setchellii	CROS	mtdna_high_confidence_unique	mtDNA	variant_calling_and_population_genetics	mitochondria	2	44930	6893487	153.427265	44930	1.000000	44927	0.999933	44927	0.999933	dudleya_organelle_alignment_pipeline/results/05_analysis_masks/mtdna_high_confidence_unique_regions.bed	dudleya_organelle_alignment_pipeline/results/06_all_sample_alignment/qc/CROS_LP_092_Du-188.depth.tsv
CROS_LP_093_Du-189	QB3.Berkeley.251217/QB3.Results.260109	D. setchellii	CROS	cpdna_full_coverage	cpDNA	sample_qc_coverage	chloroplast	1	150274	194646602	1295.277972	150274	1.000000	150274	1.000000	150273	0.999993	dudleya_organelle_alignment_pipeline/results/05_analysis_masks/cpdna_full_coverage_regions.bed	dudleya_organelle_alignment_pipeline/results/06_all_sample_alignment/qc/CROS_LP_093_Du-189.depth.tsv
CROS_LP_093_Du-189	QB3.Berkeley.251217/QB3.Results.260109	D. setchellii	CROS	cpdna_ir_regions	cpDNA	repeat_annotation	chloroplast	2	51472	74853087	1454.248659	51472	1.000000	51472	1.000000	51471	0.999981	dudleya_organelle_alignment_pipeline/results/05_analysis_masks/cpdna_ir_regions.bed	dudleya_organelle_alignment_pipeline/results/06_all_sample_alignment/qc/CROS_LP_093_Du-189.depth.tsv
CROS_LP_093_Du-189	QB3.Berkeley.251217/QB3.Results.260109	D. setchellii	CROS	cpdna_duplicate_ir_mask	cpDNA	mask	chloroplast	1	25736	36351135	1412.462504	25736	1.000000	25736	1.000000	25735	0.999961	dudleya_organelle_alignment_pipeline/results/05_analysis_masks/cpdna_duplicate_ir_copy_mask.bed	dudleya_organelle_alignment_pipeline/results/06_all_sample_alignment/qc/CROS_LP_093_Du-189.depth.tsv
CROS_LP_093_Du-189	QB3.Berkeley.251217/QB3.Results.260109	D. setchellii	CROS	cpdna_population_sites	cpDNA	variant_calling_and_population_genetics	chloroplast	1	124538	158295467	1271.061580	124538	1.000000	124538	1.000000	124538	1.000000	dudleya_organelle_alignment_pipeline/results/05_analysis_masks/cpdna_population_sites.bed	dudleya_organelle_alignment_pipeline/results/06_all_sample_alignment/qc/CROS_LP_093_Du-189.depth.tsv
CROS_LP_093_Du-189	QB3.Berkeley.251217/QB3.Results.260109	D. setchellii	CROS	mtdna_permissive_coverage	mtDNA	sample_qc_coverage	mitochondria	1	243359	65076326	267.408750	243359	1.000000	243352	0.999971	243341	0.999926	dudleya_organelle_alignment_pipeline/results/05_analysis_masks/mtdna_permissive_coverage_regions.bed	dudleya_organelle_alignment_pipeline/results/06_all_sample_alignment/qc/CROS_LP_093_Du-189.depth.tsv
CROS_LP_093_Du-189	QB3.Berkeley.251217/QB3.Results.260109	D. setchellii	CROS	mtdna_high_confidence_unique	mtDNA	variant_calling_and_population_genetics	mitochondria	2	44930	19561812	435.384198	44930	1.000000	44930	1.000000	44930	1.000000	dudleya_organelle_alignment_pipeline/results/05_analysis_masks/mtdna_high_confidence_unique_regions.bed	dudleya_organelle_alignment_pipeline/results/06_all_sample_alignment/qc/CROS_LP_093_Du-189.depth.tsv
CROS_LP_094_Du-190	QB3.Berkeley.251217/QB3.Results.260109	D. setchellii	CROS	cpdna_full_coverage	cpDNA	sample_qc_coverage	chloroplast	1	150274	475491635	3164.164360	150274	1.000000	150274	1.000000	150266	0.999947	dudleya_organelle_alignment_pipeline/results/05_analysis_masks/cpdna_full_coverage_regions.bed	dudleya_organelle_alignment_pipeline/results/06_all_sample_alignment/qc/CROS_LP_094_Du-190.depth.tsv
CROS_LP_094_Du-190	QB3.Berkeley.251217/QB3.Results.260109	D. setchellii	CROS	cpdna_ir_regions	cpDNA	repeat_annotation	chloroplast	2	51472	189674337	3685.000330	51472	1.000000	51472	1.000000	51472	1.000000	dudleya_organelle_alignment_pipeline/results/05_analysis_masks/cpdna_ir_regions.bed	dudleya_organelle_alignment_pipeline/results/06_all_sample_alignment/qc/CROS_LP_094_Du-190.depth.tsv
CROS_LP_094_Du-190	QB3.Berkeley.251217/QB3.Results.260109	D. setchellii	CROS	cpdna_duplicate_ir_mask	cpDNA	mask	chloroplast	1	25736	91406136	3551.683867	25736	1.000000	25736	1.000000	25736	1.000000	dudleya_organelle_alignment_pipeline/results/05_analysis_masks/cpdna_duplicate_ir_copy_mask.bed	dudleya_organelle_alignment_pipeline/results/06_all_sample_alignment/qc/CROS_LP_094_Du-190.depth.tsv
CROS_LP_094_Du-190	QB3.Berkeley.251217/QB3.Results.260109	D. setchellii	CROS	cpdna_population_sites	cpDNA	variant_calling_and_population_genetics	chloroplast	1	124538	384085499	3084.082762	124538	1.000000	124538	1.000000	124530	0.999936	dudleya_organelle_alignment_pipeline/results/05_analysis_masks/cpdna_population_sites.bed	dudleya_organelle_alignment_pipeline/results/06_all_sample_alignment/qc/CROS_LP_094_Du-190.depth.tsv
CROS_LP_094_Du-190	QB3.Berkeley.251217/QB3.Results.260109	D. setchellii	CROS	mtdna_permissive_coverage	mtDNA	sample_qc_coverage	mitochondria	1	243359	37135037	152.593646	243358	0.999996	243349	0.999959	243330	0.999881	dudleya_organelle_alignment_pipeline/results/05_analysis_masks/mtdna_permissive_coverage_regions.bed	dudleya_organelle_alignment_pipeline/results/06_all_sample_alignment/qc/CROS_LP_094_Du-190.depth.tsv
CROS_LP_094_Du-190	QB3.Berkeley.251217/QB3.Results.260109	D. setchellii	CROS	mtdna_high_confidence_unique	mtDNA	variant_calling_and_population_genetics	mitochondria	2	44930	11238135	250.125417	44930	1.000000	44929	0.999978	44928	0.999955	dudleya_organelle_alignment_pipeline/results/05_analysis_masks/mtdna_high_confidence_unique_regions.bed	dudleya_organelle_alignment_pipeline/results/06_all_sample_alignment/qc/CROS_LP_094_Du-190.depth.tsv
CY_ALA_LP_298-Du-767	QB3.Berkeley.251217/QB3.Results.260109	D. cymosa	CY_ALA	cpdna_full_coverage	cpDNA	sample_qc_coverage	chloroplast	1	150274	110349965	734.325066	150274	1.000000	150270	0.999973	150264	0.999933	dudleya_organelle_alignment_pipeline/results/05_analysis_masks/cpdna_full_coverage_regions.bed	dudleya_organelle_alignment_pipeline/results/06_all_sample_alignment/qc/CY_ALA_LP_298-Du-767.depth.tsv
CY_ALA_LP_298-Du-767	QB3.Berkeley.251217/QB3.Results.260109	D. cymosa	CY_ALA	cpdna_ir_regions	cpDNA	repeat_annotation	chloroplast	2	51472	36915357	717.192979	51472	1.000000	51468	0.999922	51463	0.999825	dudleya_organelle_alignment_pipeline/results/05_analysis_masks/cpdna_ir_regions.bed	dudleya_organelle_alignment_pipeline/results/06_all_sample_alignment/qc/CY_ALA_LP_298-Du-767.depth.tsv
CY_ALA_LP_298-Du-767	QB3.Berkeley.251217/QB3.Results.260109	D. cymosa	CY_ALA	cpdna_duplicate_ir_mask	cpDNA	mask	chloroplast	1	25736	18249297	709.096091	25736	1.000000	25732	0.999845	25728	0.999689	dudleya_organelle_alignment_pipeline/results/05_analysis_masks/cpdna_duplicate_ir_copy_mask.bed	dudleya_organelle_alignment_pipeline/results/06_all_sample_alignment/qc/CY_ALA_LP_298-Du-767.depth.tsv
CY_ALA_LP_298-Du-767	QB3.Berkeley.251217/QB3.Results.260109	D. cymosa	CY_ALA	cpdna_population_sites	cpDNA	variant_calling_and_population_genetics	chloroplast	1	124538	92100668	739.538679	124538	1.000000	124538	1.000000	124536	0.999984	dudleya_organelle_alignment_pipeline/results/05_analysis_masks/cpdna_population_sites.bed	dudleya_organelle_alignment_pipeline/results/06_all_sample_alignment/qc/CY_ALA_LP_298-Du-767.depth.tsv
CY_ALA_LP_298-Du-767	QB3.Berkeley.251217/QB3.Results.260109	D. cymosa	CY_ALA	mtdna_permissive_coverage	mtDNA	sample_qc_coverage	mitochondria	1	243359	18192357	74.755226	230476	0.947062	230110	0.945558	230041	0.945274	dudleya_organelle_alignment_pipeline/results/05_analysis_masks/mtdna_permissive_coverage_regions.bed	dudleya_organelle_alignment_pipeline/results/06_all_sample_alignment/qc/CY_ALA_LP_298-Du-767.depth.tsv
CY_ALA_LP_298-Du-767	QB3.Berkeley.251217/QB3.Results.260109	D. cymosa	CY_ALA	mtdna_high_confidence_unique	mtDNA	variant_calling_and_population_genetics	mitochondria	2	44930	5889443	131.080414	44924	0.999866	44923	0.999844	44921	0.999800	dudleya_organelle_alignment_pipeline/results/05_analysis_masks/mtdna_high_confidence_unique_regions.bed	dudleya_organelle_alignment_pipeline/results/06_all_sample_alignment/qc/CY_ALA_LP_298-Du-767.depth.tsv
CY_ALA_LP_299-Du-768	QB3.Berkeley.251217/QB3.Results.260109	D. cymosa	CY_ALA	cpdna_full_coverage	cpDNA	sample_qc_coverage	chloroplast	1	150274	107234882	713.595712	150274	1.000000	150270	0.999973	150266	0.999947	dudleya_organelle_alignment_pipeline/results/05_analysis_masks/cpdna_full_coverage_regions.bed	dudleya_organelle_alignment_pipeline/results/06_all_sample_alignment/qc/CY_ALA_LP_299-Du-768.depth.tsv
CY_ALA_LP_299-Du-768	QB3.Berkeley.251217/QB3.Results.260109	D. cymosa	CY_ALA	cpdna_ir_regions	cpDNA	repeat_annotation	chloroplast	2	51472	34759295	675.304923	51472	1.000000	51468	0.999922	51465	0.999864	dudleya_organelle_alignment_pipeline/results/05_analysis_masks/cpdna_ir_regions.bed	dudleya_organelle_alignment_pipeline/results/06_all_sample_alignment/qc/CY_ALA_LP_299-Du-768.depth.tsv
CY_ALA_LP_299-Du-768	QB3.Berkeley.251217/QB3.Results.260109	D. cymosa	CY_ALA	cpdna_duplicate_ir_mask	cpDNA	mask	chloroplast	1	25736	17031638	661.782639	25736	1.000000	25733	0.999883	25730	0.999767	dudleya_organelle_alignment_pipeline/results/05_analysis_masks/cpdna_duplicate_ir_copy_mask.bed	dudleya_organelle_alignment_pipeline/results/06_all_sample_alignment/qc/CY_ALA_LP_299-Du-768.depth.tsv
CY_ALA_LP_299-Du-768	QB3.Berkeley.251217/QB3.Results.260109	D. cymosa	CY_ALA	cpdna_population_sites	cpDNA	variant_calling_and_population_genetics	chloroplast	1	124538	90203244	724.302976	124538	1.000000	124537	0.999992	124536	0.999984	dudleya_organelle_alignment_pipeline/results/05_analysis_masks/cpdna_population_sites.bed	dudleya_organelle_alignment_pipeline/results/06_all_sample_alignment/qc/CY_ALA_LP_299-Du-768.depth.tsv
CY_ALA_LP_299-Du-768	QB3.Berkeley.251217/QB3.Results.260109	D. cymosa	CY_ALA	mtdna_permissive_coverage	mtDNA	sample_qc_coverage	mitochondria	1	243359	22407507	92.075933	230374	0.946643	230091	0.945480	230024	0.945204	dudleya_organelle_alignment_pipeline/results/05_analysis_masks/mtdna_permissive_coverage_regions.bed	dudleya_organelle_alignment_pipeline/results/06_all_sample_alignment/qc/CY_ALA_LP_299-Du-768.depth.tsv
CY_ALA_LP_299-Du-768	QB3.Berkeley.251217/QB3.Results.260109	D. cymosa	CY_ALA	mtdna_high_confidence_unique	mtDNA	variant_calling_and_population_genetics	mitochondria	2	44930	7271999	161.851747	44926	0.999911	44921	0.999800	44921	0.999800	dudleya_organelle_alignment_pipeline/results/05_analysis_masks/mtdna_high_confidence_unique_regions.bed	dudleya_organelle_alignment_pipeline/results/06_all_sample_alignment/qc/CY_ALA_LP_299-Du-768.depth.tsv
CY_ALA_LP_357_Du-769	QB3.Berkeley.251217/QB3.Results.260109	D. cymosa	CY_ALA	cpdna_full_coverage	cpDNA	sample_qc_coverage	chloroplast	1	150274	270254984	1798.414789	150274	1.000000	150273	0.999993	150272	0.999987	dudleya_organelle_alignment_pipeline/results/05_analysis_masks/cpdna_full_coverage_regions.bed	dudleya_organelle_alignment_pipeline/results/06_all_sample_alignment/qc/CY_ALA_LP_357_Du-769.depth.tsv
CY_ALA_LP_357_Du-769	QB3.Berkeley.251217/QB3.Results.260109	D. cymosa	CY_ALA	cpdna_ir_regions	cpDNA	repeat_annotation	chloroplast	2	51472	93235997	1811.392544	51472	1.000000	51471	0.999981	51471	0.999981	dudleya_organelle_alignment_pipeline/results/05_analysis_masks/cpdna_ir_regions.bed	dudleya_organelle_alignment_pipeline/results/06_all_sample_alignment/qc/CY_ALA_LP_357_Du-769.depth.tsv
CY_ALA_LP_357_Du-769	QB3.Berkeley.251217/QB3.Results.260109	D. cymosa	CY_ALA	cpdna_duplicate_ir_mask	cpDNA	mask	chloroplast	1	25736	45488435	1767.502137	25736	1.000000	25736	1.000000	25736	1.000000	dudleya_organelle_alignment_pipeline/results/05_analysis_masks/cpdna_duplicate_ir_copy_mask.bed	dudleya_organelle_alignment_pipeline/results/06_all_sample_alignment/qc/CY_ALA_LP_357_Du-769.depth.tsv
CY_ALA_LP_357_Du-769	QB3.Berkeley.251217/QB3.Results.260109	D. cymosa	CY_ALA	cpdna_population_sites	cpDNA	variant_calling_and_population_genetics	chloroplast	1	124538	224766549	1804.802944	124538	1.000000	124537	0.999992	124536	0.999984	dudleya_organelle_alignment_pipeline/results/05_analysis_masks/cpdna_population_sites.bed	dudleya_organelle_alignment_pipeline/results/06_all_sample_alignment/qc/CY_ALA_LP_357_Du-769.depth.tsv
CY_ALA_LP_357_Du-769	QB3.Berkeley.251217/QB3.Results.260109	D. cymosa	CY_ALA	mtdna_permissive_coverage	mtDNA	sample_qc_coverage	mitochondria	1	243359	43933983	180.531573	230827	0.948504	230121	0.945603	230043	0.945282	dudleya_organelle_alignment_pipeline/results/05_analysis_masks/mtdna_permissive_coverage_regions.bed	dudleya_organelle_alignment_pipeline/results/06_all_sample_alignment/qc/CY_ALA_LP_357_Du-769.depth.tsv
CY_ALA_LP_357_Du-769	QB3.Berkeley.251217/QB3.Results.260109	D. cymosa	CY_ALA	mtdna_high_confidence_unique	mtDNA	variant_calling_and_population_genetics	mitochondria	2	44930	14235733	316.842488	44926	0.999911	44922	0.999822	44921	0.999800	dudleya_organelle_alignment_pipeline/results/05_analysis_masks/mtdna_high_confidence_unique_regions.bed	dudleya_organelle_alignment_pipeline/results/06_all_sample_alignment/qc/CY_ALA_LP_357_Du-769.depth.tsv
CY_BAL_LP_226_Du-602	QB3.Berkeley.251217/QB3.Results.260109	D. cymosa	CY_BAL	cpdna_full_coverage	cpDNA	sample_qc_coverage	chloroplast	1	150274	108192962	719.971266	150273	0.999993	150265	0.999940	150226	0.999681	dudleya_organelle_alignment_pipeline/results/05_analysis_masks/cpdna_full_coverage_regions.bed	dudleya_organelle_alignment_pipeline/results/06_all_sample_alignment/qc/CY_BAL_LP_226_Du-602.depth.tsv
CY_BAL_LP_226_Du-602	QB3.Berkeley.251217/QB3.Results.260109	D. cymosa	CY_BAL	cpdna_ir_regions	cpDNA	repeat_annotation	chloroplast	2	51472	34869118	677.438569	51471	0.999981	51468	0.999922	51456	0.999689	dudleya_organelle_alignment_pipeline/results/05_analysis_masks/cpdna_ir_regions.bed	dudleya_organelle_alignment_pipeline/results/06_all_sample_alignment/qc/CY_BAL_LP_226_Du-602.depth.tsv
CY_BAL_LP_226_Du-602	QB3.Berkeley.251217/QB3.Results.260109	D. cymosa	CY_BAL	cpdna_duplicate_ir_mask	cpDNA	mask	chloroplast	1	25736	17063853	663.034388	25736	1.000000	25734	0.999922	25722	0.999456	dudleya_organelle_alignment_pipeline/results/05_analysis_masks/cpdna_duplicate_ir_copy_mask.bed	dudleya_organelle_alignment_pipeline/results/06_all_sample_alignment/qc/CY_BAL_LP_226_Du-602.depth.tsv
CY_BAL_LP_226_Du-602	QB3.Berkeley.251217/QB3.Results.260109	D. cymosa	CY_BAL	cpdna_population_sites	cpDNA	variant_calling_and_population_genetics	chloroplast	1	124538	91129109	731.737373	124537	0.999992	124531	0.999944	124504	0.999727	dudleya_organelle_alignment_pipeline/results/05_analysis_masks/cpdna_population_sites.bed	dudleya_organelle_alignment_pipeline/results/06_all_sample_alignment/qc/CY_BAL_LP_226_Du-602.depth.tsv
CY_BAL_LP_226_Du-602	QB3.Berkeley.251217/QB3.Results.260109	D. cymosa	CY_BAL	mtdna_permissive_coverage	mtDNA	sample_qc_coverage	mitochondria	1	243359	10442549	42.910059	233733	0.960445	232508	0.955412	232320	0.954639	dudleya_organelle_alignment_pipeline/results/05_analysis_masks/mtdna_permissive_coverage_regions.bed	dudleya_organelle_alignment_pipeline/results/06_all_sample_alignment/qc/CY_BAL_LP_226_Du-602.depth.tsv
CY_BAL_LP_226_Du-602	QB3.Berkeley.251217/QB3.Results.260109	D. cymosa	CY_BAL	mtdna_high_confidence_unique	mtDNA	variant_calling_and_population_genetics	mitochondria	2	44930	3279290	72.986646	44772	0.996483	44649	0.993746	44639	0.993523	dudleya_organelle_alignment_pipeline/results/05_analysis_masks/mtdna_high_confidence_unique_regions.bed	dudleya_organelle_alignment_pipeline/results/06_all_sample_alignment/qc/CY_BAL_LP_226_Du-602.depth.tsv
CY_BAL_LP_227_Du-603	QB3.Berkeley.251217/QB3.Results.260109	D. cymosa	CY_BAL	cpdna_full_coverage	cpDNA	sample_qc_coverage	chloroplast	1	150274	31354861	208.651270	150263	0.999927	150234	0.999734	150175	0.999341	dudleya_organelle_alignment_pipeline/results/05_analysis_masks/cpdna_full_coverage_regions.bed	dudleya_organelle_alignment_pipeline/results/06_all_sample_alignment/qc/CY_BAL_LP_227_Du-603.depth.tsv
CY_BAL_LP_227_Du-603	QB3.Berkeley.251217/QB3.Results.260109	D. cymosa	CY_BAL	cpdna_ir_regions	cpDNA	repeat_annotation	chloroplast	2	51472	10192554	198.021332	51469	0.999942	51442	0.999417	51409	0.998776	dudleya_organelle_alignment_pipeline/results/05_analysis_masks/cpdna_ir_regions.bed	dudleya_organelle_alignment_pipeline/results/06_all_sample_alignment/qc/CY_BAL_LP_227_Du-603.depth.tsv
CY_BAL_LP_227_Du-603	QB3.Berkeley.251217/QB3.Results.260109	D. cymosa	CY_BAL	cpdna_duplicate_ir_mask	cpDNA	mask	chloroplast	1	25736	4957291	192.620881	25734	0.999922	25713	0.999106	25687	0.998096	dudleya_organelle_alignment_pipeline/results/05_analysis_masks/cpdna_duplicate_ir_copy_mask.bed	dudleya_organelle_alignment_pipeline/results/06_all_sample_alignment/qc/CY_BAL_LP_227_Du-603.depth.tsv
CY_BAL_LP_227_Du-603	QB3.Berkeley.251217/QB3.Results.260109	D. cymosa	CY_BAL	cpdna_population_sites	cpDNA	variant_calling_and_population_genetics	chloroplast	1	124538	26397570	211.963979	124529	0.999928	124521	0.999863	124488	0.999599	dudleya_organelle_alignment_pipeline/results/05_analysis_masks/cpdna_population_sites.bed	dudleya_organelle_alignment_pipeline/results/06_all_sample_alignment/qc/CY_BAL_LP_227_Du-603.depth.tsv
CY_BAL_LP_227_Du-603	QB3.Berkeley.251217/QB3.Results.260109	D. cymosa	CY_BAL	mtdna_permissive_coverage	mtDNA	sample_qc_coverage	mitochondria	1	243359	2940869	12.084488	235610	0.968158	218663	0.898520	144105	0.592150	dudleya_organelle_alignment_pipeline/results/05_analysis_masks/mtdna_permissive_coverage_regions.bed	dudleya_organelle_alignment_pipeline/results/06_all_sample_alignment/qc/CY_BAL_LP_227_Du-603.depth.tsv
CY_BAL_LP_227_Du-603	QB3.Berkeley.251217/QB3.Results.260109	D. cymosa	CY_BAL	mtdna_high_confidence_unique	mtDNA	variant_calling_and_population_genetics	mitochondria	2	44930	931540	20.733140	44841	0.998019	44619	0.993078	42974	0.956466	dudleya_organelle_alignment_pipeline/results/05_analysis_masks/mtdna_high_confidence_unique_regions.bed	dudleya_organelle_alignment_pipeline/results/06_all_sample_alignment/qc/CY_BAL_LP_227_Du-603.depth.tsv
CY_BAL_LP_228_Du-604	QB3.Berkeley.251217/QB3.Results.260109	D. cymosa	CY_BAL	cpdna_full_coverage	cpDNA	sample_qc_coverage	chloroplast	1	150274	9575150	63.717942	150217	0.999621	149996	0.998150	149754	0.996540	dudleya_organelle_alignment_pipeline/results/05_analysis_masks/cpdna_full_coverage_regions.bed	dudleya_organelle_alignment_pipeline/results/06_all_sample_alignment/qc/CY_BAL_LP_228_Du-604.depth.tsv
CY_BAL_LP_228_Du-604	QB3.Berkeley.251217/QB3.Results.260109	D. cymosa	CY_BAL	cpdna_ir_regions	cpDNA	repeat_annotation	chloroplast	2	51472	3090210	60.036719	51452	0.999611	51349	0.997610	51172	0.994172	dudleya_organelle_alignment_pipeline/results/05_analysis_masks/cpdna_ir_regions.bed	dudleya_organelle_alignment_pipeline/results/06_all_sample_alignment/qc/CY_BAL_LP_228_Du-604.depth.tsv
CY_BAL_LP_228_Du-604	QB3.Berkeley.251217/QB3.Results.260109	D. cymosa	CY_BAL	cpdna_duplicate_ir_mask	cpDNA	mask	chloroplast	1	25736	1496216	58.137084	25717	0.999262	25632	0.995959	25505	0.991024	dudleya_organelle_alignment_pipeline/results/05_analysis_masks/cpdna_duplicate_ir_copy_mask.bed	dudleya_organelle_alignment_pipeline/results/06_all_sample_alignment/qc/CY_BAL_LP_228_Du-604.depth.tsv
CY_BAL_LP_228_Du-604	QB3.Berkeley.251217/QB3.Results.260109	D. cymosa	CY_BAL	cpdna_population_sites	cpDNA	variant_calling_and_population_genetics	chloroplast	1	124538	8078934	64.871236	124500	0.999695	124364	0.998603	124249	0.997679	dudleya_organelle_alignment_pipeline/results/05_analysis_masks/cpdna_population_sites.bed	dudleya_organelle_alignment_pipeline/results/06_all_sample_alignment/qc/CY_BAL_LP_228_Du-604.depth.tsv
CY_BAL_LP_228_Du-604	QB3.Berkeley.251217/QB3.Results.260109	D. cymosa	CY_BAL	mtdna_permissive_coverage	mtDNA	sample_qc_coverage	mitochondria	1	243359	1016184	4.175658	212492	0.873163	88494	0.363636	18065	0.074232	dudleya_organelle_alignment_pipeline/results/05_analysis_masks/mtdna_permissive_coverage_regions.bed	dudleya_organelle_alignment_pipeline/results/06_all_sample_alignment/qc/CY_BAL_LP_228_Du-604.depth.tsv
CY_BAL_LP_228_Du-604	QB3.Berkeley.251217/QB3.Results.260109	D. cymosa	CY_BAL	mtdna_high_confidence_unique	mtDNA	variant_calling_and_population_genetics	mitochondria	2	44930	316071	7.034743	44140	0.982417	31596	0.703227	10497	0.233630	dudleya_organelle_alignment_pipeline/results/05_analysis_masks/mtdna_high_confidence_unique_regions.bed	dudleya_organelle_alignment_pipeline/results/06_all_sample_alignment/qc/CY_BAL_LP_228_Du-604.depth.tsv
CY_BGL_LP_210_Du-577	QB3.Berkeley.251217/QB3.Results.260109	D. cymosa	CY_BGL	cpdna_full_coverage	cpDNA	sample_qc_coverage	chloroplast	1	150274	101258819	673.827934	150267	0.999953	150254	0.999867	150218	0.999627	dudleya_organelle_alignment_pipeline/results/05_analysis_masks/cpdna_full_coverage_regions.bed	dudleya_organelle_alignment_pipeline/results/06_all_sample_alignment/qc/CY_BGL_LP_210_Du-577.depth.tsv
CY_BGL_LP_210_Du-577	QB3.Berkeley.251217/QB3.Results.260109	D. cymosa	CY_BGL	cpdna_ir_regions	cpDNA	repeat_annotation	chloroplast	2	51472	31301526	608.127254	51472	1.000000	51469	0.999942	51460	0.999767	dudleya_organelle_alignment_pipeline/results/05_analysis_masks/cpdna_ir_regions.bed	dudleya_organelle_alignment_pipeline/results/06_all_sample_alignment/qc/CY_BGL_LP_210_Du-577.depth.tsv
CY_BGL_LP_210_Du-577	QB3.Berkeley.251217/QB3.Results.260109	D. cymosa	CY_BGL	cpdna_duplicate_ir_mask	cpDNA	mask	chloroplast	1	25736	15246769	592.429632	25736	1.000000	25734	0.999922	25726	0.999611	dudleya_organelle_alignment_pipeline/results/05_analysis_masks/cpdna_duplicate_ir_copy_mask.bed	dudleya_organelle_alignment_pipeline/results/06_all_sample_alignment/qc/CY_BGL_LP_210_Du-577.depth.tsv
CY_BGL_LP_210_Du-577	QB3.Berkeley.251217/QB3.Results.260109	D. cymosa	CY_BGL	cpdna_population_sites	cpDNA	variant_calling_and_population_genetics	chloroplast	1	124538	86012050	690.649039	124531	0.999944	124520	0.999855	124492	0.999631	dudleya_organelle_alignment_pipeline/results/05_analysis_masks/cpdna_population_sites.bed	dudleya_organelle_alignment_pipeline/results/06_all_sample_alignment/qc/CY_BGL_LP_210_Du-577.depth.tsv
CY_BGL_LP_210_Du-577	QB3.Berkeley.251217/QB3.Results.260109	D. cymosa	CY_BGL	mtdna_permissive_coverage	mtDNA	sample_qc_coverage	mitochondria	1	243359	32287851	132.675804	229605	0.943483	228889	0.940541	228820	0.940257	dudleya_organelle_alignment_pipeline/results/05_analysis_masks/mtdna_permissive_coverage_regions.bed	dudleya_organelle_alignment_pipeline/results/06_all_sample_alignment/qc/CY_BGL_LP_210_Du-577.depth.tsv
CY_BGL_LP_210_Du-577	QB3.Berkeley.251217/QB3.Results.260109	D. cymosa	CY_BGL	mtdna_high_confidence_unique	mtDNA	variant_calling_and_population_genetics	mitochondria	2	44930	10391173	231.274716	44930	1.000000	44922	0.999822	44918	0.999733	dudleya_organelle_alignment_pipeline/results/05_analysis_masks/mtdna_high_confidence_unique_regions.bed	dudleya_organelle_alignment_pipeline/results/06_all_sample_alignment/qc/CY_BGL_LP_210_Du-577.depth.tsv
CY_BGL_LP_212_Du-579	QB3.Berkeley.251217/QB3.Results.260109	D. cymosa	CY_BGL	cpdna_full_coverage	cpDNA	sample_qc_coverage	chloroplast	1	150274	228225387	1518.728370	150266	0.999947	150261	0.999913	150256	0.999880	dudleya_organelle_alignment_pipeline/results/05_analysis_masks/cpdna_full_coverage_regions.bed	dudleya_organelle_alignment_pipeline/results/06_all_sample_alignment/qc/CY_BGL_LP_212_Du-579.depth.tsv
CY_BGL_LP_212_Du-579	QB3.Berkeley.251217/QB3.Results.260109	D. cymosa	CY_BGL	cpdna_ir_regions	cpDNA	repeat_annotation	chloroplast	2	51472	76643826	1489.039206	51472	1.000000	51472	1.000000	51468	0.999922	dudleya_organelle_alignment_pipeline/results/05_analysis_masks/cpdna_ir_regions.bed	dudleya_organelle_alignment_pipeline/results/06_all_sample_alignment/qc/CY_BGL_LP_212_Du-579.depth.tsv
CY_BGL_LP_212_Du-579	QB3.Berkeley.251217/QB3.Results.260109	D. cymosa	CY_BGL	cpdna_duplicate_ir_mask	cpDNA	mask	chloroplast	1	25736	37352612	1451.375971	25736	1.000000	25736	1.000000	25733	0.999883	dudleya_organelle_alignment_pipeline/results/05_analysis_masks/cpdna_duplicate_ir_copy_mask.bed	dudleya_organelle_alignment_pipeline/results/06_all_sample_alignment/qc/CY_BGL_LP_212_Du-579.depth.tsv
CY_BGL_LP_212_Du-579	QB3.Berkeley.251217/QB3.Results.260109	D. cymosa	CY_BGL	cpdna_population_sites	cpDNA	variant_calling_and_population_genetics	chloroplast	1	124538	190872775	1532.646863	124530	0.999936	124525	0.999896	124523	0.999880	dudleya_organelle_alignment_pipeline/results/05_analysis_masks/cpdna_population_sites.bed	dudleya_organelle_alignment_pipeline/results/06_all_sample_alignment/qc/CY_BGL_LP_212_Du-579.depth.tsv
CY_BGL_LP_212_Du-579	QB3.Berkeley.251217/QB3.Results.260109	D. cymosa	CY_BGL	mtdna_permissive_coverage	mtDNA	sample_qc_coverage	mitochondria	1	243359	9474054	38.930362	229905	0.944715	228998	0.940988	228836	0.940323	dudleya_organelle_alignment_pipeline/results/05_analysis_masks/mtdna_permissive_coverage_regions.bed	dudleya_organelle_alignment_pipeline/results/06_all_sample_alignment/qc/CY_BGL_LP_212_Du-579.depth.tsv
CY_BGL_LP_212_Du-579	QB3.Berkeley.251217/QB3.Results.260109	D. cymosa	CY_BGL	mtdna_high_confidence_unique	mtDNA	variant_calling_and_population_genetics	mitochondria	2	44930	3008801	66.966414	44927	0.999933	44919	0.999755	44917	0.999711	dudleya_organelle_alignment_pipeline/results/05_analysis_masks/mtdna_high_confidence_unique_regions.bed	dudleya_organelle_alignment_pipeline/results/06_all_sample_alignment/qc/CY_BGL_LP_212_Du-579.depth.tsv
CY_BOU_LP_288_Du-737	QB3.Berkeley.251217/QB3.Results.260109	D. cymosa	CY_BOU	cpdna_full_coverage	cpDNA	sample_qc_coverage	chloroplast	1	150274	29207270	194.360102	150271	0.999980	150260	0.999907	150235	0.999740	dudleya_organelle_alignment_pipeline/results/05_analysis_masks/cpdna_full_coverage_regions.bed	dudleya_organelle_alignment_pipeline/results/06_all_sample_alignment/qc/CY_BOU_LP_288_Du-737.depth.tsv
CY_BOU_LP_288_Du-737	QB3.Berkeley.251217/QB3.Results.260109	D. cymosa	CY_BOU	cpdna_ir_regions	cpDNA	repeat_annotation	chloroplast	2	51472	11890193	231.003128	51470	0.999961	51460	0.999767	51440	0.999378	dudleya_organelle_alignment_pipeline/results/05_analysis_masks/cpdna_ir_regions.bed	dudleya_organelle_alignment_pipeline/results/06_all_sample_alignment/qc/CY_BOU_LP_288_Du-737.depth.tsv
CY_BOU_LP_288_Du-737	QB3.Berkeley.251217/QB3.Results.260109	D. cymosa	CY_BOU	cpdna_duplicate_ir_mask	cpDNA	mask	chloroplast	1	25736	5800118	225.369832	25734	0.999922	25726	0.999611	25714	0.999145	dudleya_organelle_alignment_pipeline/results/05_analysis_masks/cpdna_duplicate_ir_copy_mask.bed	dudleya_organelle_alignment_pipeline/results/06_all_sample_alignment/qc/CY_BOU_LP_288_Du-737.depth.tsv
CY_BOU_LP_288_Du-737	QB3.Berkeley.251217/QB3.Results.260109	D. cymosa	CY_BOU	cpdna_population_sites	cpDNA	variant_calling_and_population_genetics	chloroplast	1	124538	23407152	187.951886	124537	0.999992	124534	0.999968	124521	0.999863	dudleya_organelle_alignment_pipeline/results/05_analysis_masks/cpdna_population_sites.bed	dudleya_organelle_alignment_pipeline/results/06_all_sample_alignment/qc/CY_BOU_LP_288_Du-737.depth.tsv
CY_BOU_LP_288_Du-737	QB3.Berkeley.251217/QB3.Results.260109	D. cymosa	CY_BOU	mtdna_permissive_coverage	mtDNA	sample_qc_coverage	mitochondria	1	243359	3113544	12.794037	229738	0.944029	215389	0.885067	149091	0.612638	dudleya_organelle_alignment_pipeline/results/05_analysis_masks/mtdna_permissive_coverage_regions.bed	dudleya_organelle_alignment_pipeline/results/06_all_sample_alignment/qc/CY_BOU_LP_288_Du-737.depth.tsv
CY_BOU_LP_288_Du-737	QB3.Berkeley.251217/QB3.Results.260109	D. cymosa	CY_BOU	mtdna_high_confidence_unique	mtDNA	variant_calling_and_population_genetics	mitochondria	2	44930	979829	21.807901	44927	0.999933	44763	0.996283	42965	0.956265	dudleya_organelle_alignment_pipeline/results/05_analysis_masks/mtdna_high_confidence_unique_regions.bed	dudleya_organelle_alignment_pipeline/results/06_all_sample_alignment/qc/CY_BOU_LP_288_Du-737.depth.tsv
CY_BOU_LP_290_Du-739	QB3.Berkeley.251217/QB3.Results.260109	D. cymosa	CY_BOU	cpdna_full_coverage	cpDNA	sample_qc_coverage	chloroplast	1	150274	274505720	1826.701359	150274	1.000000	150274	1.000000	150270	0.999973	dudleya_organelle_alignment_pipeline/results/05_analysis_masks/cpdna_full_coverage_regions.bed	dudleya_organelle_alignment_pipeline/results/06_all_sample_alignment/qc/CY_BOU_LP_290_Du-739.depth.tsv
CY_BOU_LP_290_Du-739	QB3.Berkeley.251217/QB3.Results.260109	D. cymosa	CY_BOU	cpdna_ir_regions	cpDNA	repeat_annotation	chloroplast	2	51472	100480267	1952.134500	51472	1.000000	51472	1.000000	51469	0.999942	dudleya_organelle_alignment_pipeline/results/05_analysis_masks/cpdna_ir_regions.bed	dudleya_organelle_alignment_pipeline/results/06_all_sample_alignment/qc/CY_BOU_LP_290_Du-739.depth.tsv
CY_BOU_LP_290_Du-739	QB3.Berkeley.251217/QB3.Results.260109	D. cymosa	CY_BOU	cpdna_duplicate_ir_mask	cpDNA	mask	chloroplast	1	25736	48969234	1902.752331	25736	1.000000	25736	1.000000	25734	0.999922	dudleya_organelle_alignment_pipeline/results/05_analysis_masks/cpdna_duplicate_ir_copy_mask.bed	dudleya_organelle_alignment_pipeline/results/06_all_sample_alignment/qc/CY_BOU_LP_290_Du-739.depth.tsv
CY_BOU_LP_290_Du-739	QB3.Berkeley.251217/QB3.Results.260109	D. cymosa	CY_BOU	cpdna_population_sites	cpDNA	variant_calling_and_population_genetics	chloroplast	1	124538	225536486	1810.985290	124538	1.000000	124538	1.000000	124536	0.999984	dudleya_organelle_alignment_pipeline/results/05_analysis_masks/cpdna_population_sites.bed	dudleya_organelle_alignment_pipeline/results/06_all_sample_alignment/qc/CY_BOU_LP_290_Du-739.depth.tsv
CY_BOU_LP_290_Du-739	QB3.Berkeley.251217/QB3.Results.260109	D. cymosa	CY_BOU	mtdna_permissive_coverage	mtDNA	sample_qc_coverage	mitochondria	1	243359	19194303	78.872378	232942	0.957195	230066	0.945377	229979	0.945019	dudleya_organelle_alignment_pipeline/results/05_analysis_masks/mtdna_permissive_coverage_regions.bed	dudleya_organelle_alignment_pipeline/results/06_all_sample_alignment/qc/CY_BOU_LP_290_Du-739.depth.tsv
CY_BOU_LP_290_Du-739	QB3.Berkeley.251217/QB3.Results.260109	D. cymosa	CY_BOU	mtdna_high_confidence_unique	mtDNA	variant_calling_and_population_genetics	mitochondria	2	44930	6216572	138.361273	44930	1.000000	44927	0.999933	44927	0.999933	dudleya_organelle_alignment_pipeline/results/05_analysis_masks/mtdna_high_confidence_unique_regions.bed	dudleya_organelle_alignment_pipeline/results/06_all_sample_alignment/qc/CY_BOU_LP_290_Du-739.depth.tsv
CY_BOU_LP_291_Du-740	QB3.Berkeley.251217/QB3.Results.260109	D. cymosa	CY_BOU	cpdna_full_coverage	cpDNA	sample_qc_coverage	chloroplast	1	150274	95665928	636.609979	150273	0.999993	150269	0.999967	150263	0.999927	dudleya_organelle_alignment_pipeline/results/05_analysis_masks/cpdna_full_coverage_regions.bed	dudleya_organelle_alignment_pipeline/results/06_all_sample_alignment/qc/CY_BOU_LP_291_Du-740.depth.tsv
CY_BOU_LP_291_Du-740	QB3.Berkeley.251217/QB3.Results.260109	D. cymosa	CY_BOU	cpdna_ir_regions	cpDNA	repeat_annotation	chloroplast	2	51472	32994904	641.026267	51471	0.999981	51468	0.999922	51462	0.999806	dudleya_organelle_alignment_pipeline/results/05_analysis_masks/cpdna_ir_regions.bed	dudleya_organelle_alignment_pipeline/results/06_all_sample_alignment/qc/CY_BOU_LP_291_Du-740.depth.tsv
CY_BOU_LP_291_Du-740	QB3.Berkeley.251217/QB3.Results.260109	D. cymosa	CY_BOU	cpdna_duplicate_ir_mask	cpDNA	mask	chloroplast	1	25736	16176282	628.546860	25736	1.000000	25733	0.999883	25729	0.999728	dudleya_organelle_alignment_pipeline/results/05_analysis_masks/cpdna_duplicate_ir_copy_mask.bed	dudleya_organelle_alignment_pipeline/results/06_all_sample_alignment/qc/CY_BOU_LP_291_Du-740.depth.tsv
CY_BOU_LP_291_Du-740	QB3.Berkeley.251217/QB3.Results.260109	D. cymosa	CY_BOU	cpdna_population_sites	cpDNA	variant_calling_and_population_genetics	chloroplast	1	124538	79489646	638.276237	124537	0.999992	124536	0.999984	124534	0.999968	dudleya_organelle_alignment_pipeline/results/05_analysis_masks/cpdna_population_sites.bed	dudleya_organelle_alignment_pipeline/results/06_all_sample_alignment/qc/CY_BOU_LP_291_Du-740.depth.tsv
CY_BOU_LP_291_Du-740	QB3.Berkeley.251217/QB3.Results.260109	D. cymosa	CY_BOU	mtdna_permissive_coverage	mtDNA	sample_qc_coverage	mitochondria	1	243359	12901630	53.014805	230521	0.947247	230132	0.945648	229891	0.944658	dudleya_organelle_alignment_pipeline/results/05_analysis_masks/mtdna_permissive_coverage_regions.bed	dudleya_organelle_alignment_pipeline/results/06_all_sample_alignment/qc/CY_BOU_LP_291_Du-740.depth.tsv
CY_BOU_LP_291_Du-740	QB3.Berkeley.251217/QB3.Results.260109	D. cymosa	CY_BOU	mtdna_high_confidence_unique	mtDNA	variant_calling_and_population_genetics	mitochondria	2	44930	4192519	93.312241	44928	0.999955	44927	0.999933	44926	0.999911	dudleya_organelle_alignment_pipeline/results/05_analysis_masks/mtdna_high_confidence_unique_regions.bed	dudleya_organelle_alignment_pipeline/results/06_all_sample_alignment/qc/CY_BOU_LP_291_Du-740.depth.tsv
CY_BOU_LP_292_Du-741	QB3.Berkeley.251217/QB3.Results.260109	D. cymosa	CY_BOU	cpdna_full_coverage	cpDNA	sample_qc_coverage	chloroplast	1	150274	215100605	1431.389362	150273	0.999993	150270	0.999973	150268	0.999960	dudleya_organelle_alignment_pipeline/results/05_analysis_masks/cpdna_full_coverage_regions.bed	dudleya_organelle_alignment_pipeline/results/06_all_sample_alignment/qc/CY_BOU_LP_292_Du-741.depth.tsv
CY_BOU_LP_292_Du-741	QB3.Berkeley.251217/QB3.Results.260109	D. cymosa	CY_BOU	cpdna_ir_regions	cpDNA	repeat_annotation	chloroplast	2	51472	70796536	1375.437830	51471	0.999981	51468	0.999922	51467	0.999903	dudleya_organelle_alignment_pipeline/results/05_analysis_masks/cpdna_ir_regions.bed	dudleya_organelle_alignment_pipeline/results/06_all_sample_alignment/qc/CY_BOU_LP_292_Du-741.depth.tsv
CY_BOU_LP_292_Du-741	QB3.Berkeley.251217/QB3.Results.260109	D. cymosa	CY_BOU	cpdna_duplicate_ir_mask	cpDNA	mask	chloroplast	1	25736	34825491	1353.181963	25736	1.000000	25733	0.999883	25732	0.999845	dudleya_organelle_alignment_pipeline/results/05_analysis_masks/cpdna_duplicate_ir_copy_mask.bed	dudleya_organelle_alignment_pipeline/results/06_all_sample_alignment/qc/CY_BOU_LP_292_Du-741.depth.tsv
CY_BOU_LP_292_Du-741	QB3.Berkeley.251217/QB3.Results.260109	D. cymosa	CY_BOU	cpdna_population_sites	cpDNA	variant_calling_and_population_genetics	chloroplast	1	124538	180275114	1447.551061	124537	0.999992	124537	0.999992	124536	0.999984	dudleya_organelle_alignment_pipeline/results/05_analysis_masks/cpdna_population_sites.bed	dudleya_organelle_alignment_pipeline/results/06_all_sample_alignment/qc/CY_BOU_LP_292_Du-741.depth.tsv
CY_BOU_LP_292_Du-741	QB3.Berkeley.251217/QB3.Results.260109	D. cymosa	CY_BOU	mtdna_permissive_coverage	mtDNA	sample_qc_coverage	mitochondria	1	243359	12301703	50.549612	230825	0.948496	230098	0.945508	230003	0.945118	dudleya_organelle_alignment_pipeline/results/05_analysis_masks/mtdna_permissive_coverage_regions.bed	dudleya_organelle_alignment_pipeline/results/06_all_sample_alignment/qc/CY_BOU_LP_292_Du-741.depth.tsv
CY_BOU_LP_292_Du-741	QB3.Berkeley.251217/QB3.Results.260109	D. cymosa	CY_BOU	mtdna_high_confidence_unique	mtDNA	variant_calling_and_population_genetics	mitochondria	2	44930	4015700	89.376808	44928	0.999955	44927	0.999933	44927	0.999933	dudleya_organelle_alignment_pipeline/results/05_analysis_masks/mtdna_high_confidence_unique_regions.bed	dudleya_organelle_alignment_pipeline/results/06_all_sample_alignment/qc/CY_BOU_LP_292_Du-741.depth.tsv
CY_BOU_LP_354_Du-742	QB3.Berkeley.251217/QB3.Results.260109	D. cymosa	CY_BOU	cpdna_full_coverage	cpDNA	sample_qc_coverage	chloroplast	1	150274	299348240	1992.016184	150274	1.000000	150273	0.999993	150272	0.999987	dudleya_organelle_alignment_pipeline/results/05_analysis_masks/cpdna_full_coverage_regions.bed	dudleya_organelle_alignment_pipeline/results/06_all_sample_alignment/qc/CY_BOU_LP_354_Du-742.depth.tsv
CY_BOU_LP_354_Du-742	QB3.Berkeley.251217/QB3.Results.260109	D. cymosa	CY_BOU	cpdna_ir_regions	cpDNA	repeat_annotation	chloroplast	2	51472	102806827	1997.334998	51472	1.000000	51471	0.999981	51470	0.999961	dudleya_organelle_alignment_pipeline/results/05_analysis_masks/cpdna_ir_regions.bed	dudleya_organelle_alignment_pipeline/results/06_all_sample_alignment/qc/CY_BOU_LP_354_Du-742.depth.tsv
CY_BOU_LP_354_Du-742	QB3.Berkeley.251217/QB3.Results.260109	D. cymosa	CY_BOU	cpdna_duplicate_ir_mask	cpDNA	mask	chloroplast	1	25736	50472714	1961.171666	25736	1.000000	25736	1.000000	25735	0.999961	dudleya_organelle_alignment_pipeline/results/05_analysis_masks/cpdna_duplicate_ir_copy_mask.bed	dudleya_organelle_alignment_pipeline/results/06_all_sample_alignment/qc/CY_BOU_LP_354_Du-742.depth.tsv
CY_BOU_LP_354_Du-742	QB3.Berkeley.251217/QB3.Results.260109	D. cymosa	CY_BOU	cpdna_population_sites	cpDNA	variant_calling_and_population_genetics	chloroplast	1	124538	248875526	1998.390258	124538	1.000000	124537	0.999992	124537	0.999992	dudleya_organelle_alignment_pipeline/results/05_analysis_masks/cpdna_population_sites.bed	dudleya_organelle_alignment_pipeline/results/06_all_sample_alignment/qc/CY_BOU_LP_354_Du-742.depth.tsv
CY_BOU_LP_354_Du-742	QB3.Berkeley.251217/QB3.Results.260109	D. cymosa	CY_BOU	mtdna_permissive_coverage	mtDNA	sample_qc_coverage	mitochondria	1	243359	21604085	88.774547	230635	0.947715	230057	0.945340	229930	0.944818	dudleya_organelle_alignment_pipeline/results/05_analysis_masks/mtdna_permissive_coverage_regions.bed	dudleya_organelle_alignment_pipeline/results/06_all_sample_alignment/qc/CY_BOU_LP_354_Du-742.depth.tsv
CY_BOU_LP_354_Du-742	QB3.Berkeley.251217/QB3.Results.260109	D. cymosa	CY_BOU	mtdna_high_confidence_unique	mtDNA	variant_calling_and_population_genetics	mitochondria	2	44930	6981571	155.387736	44930	1.000000	44928	0.999955	44927	0.999933	dudleya_organelle_alignment_pipeline/results/05_analysis_masks/mtdna_high_confidence_unique_regions.bed	dudleya_organelle_alignment_pipeline/results/06_all_sample_alignment/qc/CY_BOU_LP_354_Du-742.depth.tsv
CY_CAS_LP_328_Du-610	QB3.Berkeley.251217/QB3.Results.260109	D. cymosa	CY_CAS	cpdna_full_coverage	cpDNA	sample_qc_coverage	chloroplast	1	150274	177085957	1178.420465	150271	0.999980	150263	0.999927	150247	0.999820	dudleya_organelle_alignment_pipeline/results/05_analysis_masks/cpdna_full_coverage_regions.bed	dudleya_organelle_alignment_pipeline/results/06_all_sample_alignment/qc/CY_CAS_LP_328_Du-610.depth.tsv
CY_CAS_LP_328_Du-610	QB3.Berkeley.251217/QB3.Results.260109	D. cymosa	CY_CAS	cpdna_ir_regions	cpDNA	repeat_annotation	chloroplast	2	51472	56810639	1103.719284	51472	1.000000	51469	0.999942	51467	0.999903	dudleya_organelle_alignment_pipeline/results/05_analysis_masks/cpdna_ir_regions.bed	dudleya_organelle_alignment_pipeline/results/06_all_sample_alignment/qc/CY_CAS_LP_328_Du-610.depth.tsv
CY_CAS_LP_328_Du-610	QB3.Berkeley.251217/QB3.Results.260109	D. cymosa	CY_CAS	cpdna_duplicate_ir_mask	cpDNA	mask	chloroplast	1	25736	28006305	1088.215146	25736	1.000000	25734	0.999922	25732	0.999845	dudleya_organelle_alignment_pipeline/results/05_analysis_masks/cpdna_duplicate_ir_copy_mask.bed	dudleya_organelle_alignment_pipeline/results/06_all_sample_alignment/qc/CY_CAS_LP_328_Du-610.depth.tsv
CY_CAS_LP_328_Du-610	QB3.Berkeley.251217/QB3.Results.260109	D. cymosa	CY_CAS	cpdna_population_sites	cpDNA	variant_calling_and_population_genetics	chloroplast	1	124538	149079652	1197.061556	124535	0.999976	124529	0.999928	124515	0.999815	dudleya_organelle_alignment_pipeline/results/05_analysis_masks/cpdna_population_sites.bed	dudleya_organelle_alignment_pipeline/results/06_all_sample_alignment/qc/CY_CAS_LP_328_Du-610.depth.tsv
CY_CAS_LP_328_Du-610	QB3.Berkeley.251217/QB3.Results.260109	D. cymosa	CY_CAS	mtdna_permissive_coverage	mtDNA	sample_qc_coverage	mitochondria	1	243359	19927580	81.885527	230537	0.947312	229586	0.943405	229500	0.943051	dudleya_organelle_alignment_pipeline/results/05_analysis_masks/mtdna_permissive_coverage_regions.bed	dudleya_organelle_alignment_pipeline/results/06_all_sample_alignment/qc/CY_CAS_LP_328_Du-610.depth.tsv
CY_CAS_LP_328_Du-610	QB3.Berkeley.251217/QB3.Results.260109	D. cymosa	CY_CAS	mtdna_high_confidence_unique	mtDNA	variant_calling_and_population_genetics	mitochondria	2	44930	6388151	142.180080	44924	0.999866	44914	0.999644	44913	0.999622	dudleya_organelle_alignment_pipeline/results/05_analysis_masks/mtdna_high_confidence_unique_regions.bed	dudleya_organelle_alignment_pipeline/results/06_all_sample_alignment/qc/CY_CAS_LP_328_Du-610.depth.tsv
CY_CAS_LP_329_Du-611	QB3.Berkeley.251217/QB3.Results.260109	D. cymosa	CY_CAS	cpdna_full_coverage	cpDNA	sample_qc_coverage	chloroplast	1	150274	365369881	2431.357926	150274	1.000000	150228	0.999694	150138	0.999095	dudleya_organelle_alignment_pipeline/results/05_analysis_masks/cpdna_full_coverage_regions.bed	dudleya_organelle_alignment_pipeline/results/06_all_sample_alignment/qc/CY_CAS_LP_329_Du-611.depth.tsv
CY_CAS_LP_329_Du-611	QB3.Berkeley.251217/QB3.Results.260109	D. cymosa	CY_CAS	cpdna_ir_regions	cpDNA	repeat_annotation	chloroplast	2	51472	118521279	2302.635977	51472	1.000000	51472	1.000000	51470	0.999961	dudleya_organelle_alignment_pipeline/results/05_analysis_masks/cpdna_ir_regions.bed	dudleya_organelle_alignment_pipeline/results/06_all_sample_alignment/qc/CY_CAS_LP_329_Du-611.depth.tsv
CY_CAS_LP_329_Du-611	QB3.Berkeley.251217/QB3.Results.260109	D. cymosa	CY_CAS	cpdna_duplicate_ir_mask	cpDNA	mask	chloroplast	1	25736	58520609	2273.881295	25736	1.000000	25736	1.000000	25735	0.999961	dudleya_organelle_alignment_pipeline/results/05_analysis_masks/cpdna_duplicate_ir_copy_mask.bed	dudleya_organelle_alignment_pipeline/results/06_all_sample_alignment/qc/CY_CAS_LP_329_Du-611.depth.tsv
CY_CAS_LP_329_Du-611	QB3.Berkeley.251217/QB3.Results.260109	D. cymosa	CY_CAS	cpdna_population_sites	cpDNA	variant_calling_and_population_genetics	chloroplast	1	124538	306849272	2463.900753	124538	1.000000	124492	0.999631	124403	0.998916	dudleya_organelle_alignment_pipeline/results/05_analysis_masks/cpdna_population_sites.bed	dudleya_organelle_alignment_pipeline/results/06_all_sample_alignment/qc/CY_CAS_LP_329_Du-611.depth.tsv
CY_CAS_LP_329_Du-611	QB3.Berkeley.251217/QB3.Results.260109	D. cymosa	CY_CAS	mtdna_permissive_coverage	mtDNA	sample_qc_coverage	mitochondria	1	243359	18766774	77.115595	230602	0.947580	230103	0.945529	230034	0.945246	dudleya_organelle_alignment_pipeline/results/05_analysis_masks/mtdna_permissive_coverage_regions.bed	dudleya_organelle_alignment_pipeline/results/06_all_sample_alignment/qc/CY_CAS_LP_329_Du-611.depth.tsv
CY_CAS_LP_329_Du-611	QB3.Berkeley.251217/QB3.Results.260109	D. cymosa	CY_CAS	mtdna_high_confidence_unique	mtDNA	variant_calling_and_population_genetics	mitochondria	2	44930	6013970	133.851992	44929	0.999978	44927	0.999933	44927	0.999933	dudleya_organelle_alignment_pipeline/results/05_analysis_masks/mtdna_high_confidence_unique_regions.bed	dudleya_organelle_alignment_pipeline/results/06_all_sample_alignment/qc/CY_CAS_LP_329_Du-611.depth.tsv
CY_CAS_LP_330_Du-607	QB3.Berkeley.251217/QB3.Results.260109	D. cymosa	CY_CAS	cpdna_full_coverage	cpDNA	sample_qc_coverage	chloroplast	1	150274	57954660	385.659928	150229	0.999701	150154	0.999201	150083	0.998729	dudleya_organelle_alignment_pipeline/results/05_analysis_masks/cpdna_full_coverage_regions.bed	dudleya_organelle_alignment_pipeline/results/06_all_sample_alignment/qc/CY_CAS_LP_330_Du-607.depth.tsv
CY_CAS_LP_330_Du-607	QB3.Berkeley.251217/QB3.Results.260109	D. cymosa	CY_CAS	cpdna_ir_regions	cpDNA	repeat_annotation	chloroplast	2	51472	21219796	412.259015	51470	0.999961	51465	0.999864	51457	0.999709	dudleya_organelle_alignment_pipeline/results/05_analysis_masks/cpdna_ir_regions.bed	dudleya_organelle_alignment_pipeline/results/06_all_sample_alignment/qc/CY_CAS_LP_330_Du-607.depth.tsv
CY_CAS_LP_330_Du-607	QB3.Berkeley.251217/QB3.Results.260109	D. cymosa	CY_CAS	cpdna_duplicate_ir_mask	cpDNA	mask	chloroplast	1	25736	10448504	405.987877	25735	0.999961	25730	0.999767	25723	0.999495	dudleya_organelle_alignment_pipeline/results/05_analysis_masks/cpdna_duplicate_ir_copy_mask.bed	dudleya_organelle_alignment_pipeline/results/06_all_sample_alignment/qc/CY_CAS_LP_330_Du-607.depth.tsv
CY_CAS_LP_330_Du-607	QB3.Berkeley.251217/QB3.Results.260109	D. cymosa	CY_CAS	cpdna_population_sites	cpDNA	variant_calling_and_population_genetics	chloroplast	1	124538	47506156	381.459121	124494	0.999647	124424	0.999085	124360	0.998571	dudleya_organelle_alignment_pipeline/results/05_analysis_masks/cpdna_population_sites.bed	dudleya_organelle_alignment_pipeline/results/06_all_sample_alignment/qc/CY_CAS_LP_330_Du-607.depth.tsv
CY_CAS_LP_330_Du-607	QB3.Berkeley.251217/QB3.Results.260109	D. cymosa	CY_CAS	mtdna_permissive_coverage	mtDNA	sample_qc_coverage	mitochondria	1	243359	4196534	17.244211	230079	0.945430	225997	0.928657	193607	0.795561	dudleya_organelle_alignment_pipeline/results/05_analysis_masks/mtdna_permissive_coverage_regions.bed	dudleya_organelle_alignment_pipeline/results/06_all_sample_alignment/qc/CY_CAS_LP_330_Du-607.depth.tsv
CY_CAS_LP_330_Du-607	QB3.Berkeley.251217/QB3.Results.260109	D. cymosa	CY_CAS	mtdna_high_confidence_unique	mtDNA	variant_calling_and_population_genetics	mitochondria	2	44930	1331710	29.639662	44927	0.999933	44927	0.999933	44813	0.997396	dudleya_organelle_alignment_pipeline/results/05_analysis_masks/mtdna_high_confidence_unique_regions.bed	dudleya_organelle_alignment_pipeline/results/06_all_sample_alignment/qc/CY_CAS_LP_330_Du-607.depth.tsv
CY_CAS_LP_331_Du-608	QB3.Berkeley.251217/QB3.Results.260109	D. cymosa	CY_CAS	cpdna_full_coverage	cpDNA	sample_qc_coverage	chloroplast	1	150274	91278638	607.414709	150274	1.000000	150263	0.999927	150112	0.998922	dudleya_organelle_alignment_pipeline/results/05_analysis_masks/cpdna_full_coverage_regions.bed	dudleya_organelle_alignment_pipeline/results/06_all_sample_alignment/qc/CY_CAS_LP_331_Du-608.depth.tsv
CY_CAS_LP_331_Du-608	QB3.Berkeley.251217/QB3.Results.260109	D. cymosa	CY_CAS	cpdna_ir_regions	cpDNA	repeat_annotation	chloroplast	2	51472	28956632	562.570563	51472	1.000000	51469	0.999942	51465	0.999864	dudleya_organelle_alignment_pipeline/results/05_analysis_masks/cpdna_ir_regions.bed	dudleya_organelle_alignment_pipeline/results/06_all_sample_alignment/qc/CY_CAS_LP_331_Du-608.depth.tsv
CY_CAS_LP_331_Du-608	QB3.Berkeley.251217/QB3.Results.260109	D. cymosa	CY_CAS	cpdna_duplicate_ir_mask	cpDNA	mask	chloroplast	1	25736	14331725	556.874611	25736	1.000000	25734	0.999922	25731	0.999806	dudleya_organelle_alignment_pipeline/results/05_analysis_masks/cpdna_duplicate_ir_copy_mask.bed	dudleya_organelle_alignment_pipeline/results/06_all_sample_alignment/qc/CY_CAS_LP_331_Du-608.depth.tsv
CY_CAS_LP_331_Du-608	QB3.Berkeley.251217/QB3.Results.260109	D. cymosa	CY_CAS	cpdna_population_sites	cpDNA	variant_calling_and_population_genetics	chloroplast	1	124538	76946913	617.858911	124538	1.000000	124529	0.999928	124381	0.998739	dudleya_organelle_alignment_pipeline/results/05_analysis_masks/cpdna_population_sites.bed	dudleya_organelle_alignment_pipeline/results/06_all_sample_alignment/qc/CY_CAS_LP_331_Du-608.depth.tsv
CY_CAS_LP_331_Du-608	QB3.Berkeley.251217/QB3.Results.260109	D. cymosa	CY_CAS	mtdna_permissive_coverage	mtDNA	sample_qc_coverage	mitochondria	1	243359	5790387	23.793601	230452	0.946963	229545	0.943236	220711	0.906936	dudleya_organelle_alignment_pipeline/results/05_analysis_masks/mtdna_permissive_coverage_regions.bed	dudleya_organelle_alignment_pipeline/results/06_all_sample_alignment/qc/CY_CAS_LP_331_Du-608.depth.tsv
CY_CAS_LP_331_Du-608	QB3.Berkeley.251217/QB3.Results.260109	D. cymosa	CY_CAS	mtdna_high_confidence_unique	mtDNA	variant_calling_and_population_genetics	mitochondria	2	44930	1843082	41.021189	44929	0.999978	44927	0.999933	44870	0.998665	dudleya_organelle_alignment_pipeline/results/05_analysis_masks/mtdna_high_confidence_unique_regions.bed	dudleya_organelle_alignment_pipeline/results/06_all_sample_alignment/qc/CY_CAS_LP_331_Du-608.depth.tsv
CY_CAS_LP_332_Du-609	QB3.Berkeley.251217/QB3.Results.260109	D. cymosa	CY_CAS	cpdna_full_coverage	cpDNA	sample_qc_coverage	chloroplast	1	150274	383098359	2549.332280	150274	1.000000	150273	0.999993	150196	0.999481	dudleya_organelle_alignment_pipeline/results/05_analysis_masks/cpdna_full_coverage_regions.bed	dudleya_organelle_alignment_pipeline/results/06_all_sample_alignment/qc/CY_CAS_LP_332_Du-609.depth.tsv
CY_CAS_LP_332_Du-609	QB3.Berkeley.251217/QB3.Results.260109	D. cymosa	CY_CAS	cpdna_ir_regions	cpDNA	repeat_annotation	chloroplast	2	51472	127555599	2478.155094	51472	1.000000	51471	0.999981	51470	0.999961	dudleya_organelle_alignment_pipeline/results/05_analysis_masks/cpdna_ir_regions.bed	dudleya_organelle_alignment_pipeline/results/06_all_sample_alignment/qc/CY_CAS_LP_332_Du-609.depth.tsv
CY_CAS_LP_332_Du-609	QB3.Berkeley.251217/QB3.Results.260109	D. cymosa	CY_CAS	cpdna_duplicate_ir_mask	cpDNA	mask	chloroplast	1	25736	62911408	2444.490519	25736	1.000000	25735	0.999961	25734	0.999922	dudleya_organelle_alignment_pipeline/results/05_analysis_masks/cpdna_duplicate_ir_copy_mask.bed	dudleya_organelle_alignment_pipeline/results/06_all_sample_alignment/qc/CY_CAS_LP_332_Du-609.depth.tsv
CY_CAS_LP_332_Du-609	QB3.Berkeley.251217/QB3.Results.260109	D. cymosa	CY_CAS	cpdna_population_sites	cpDNA	variant_calling_and_population_genetics	chloroplast	1	124538	320186951	2570.998017	124538	1.000000	124538	1.000000	124462	0.999390	dudleya_organelle_alignment_pipeline/results/05_analysis_masks/cpdna_population_sites.bed	dudleya_organelle_alignment_pipeline/results/06_all_sample_alignment/qc/CY_CAS_LP_332_Du-609.depth.tsv
CY_CAS_LP_332_Du-609	QB3.Berkeley.251217/QB3.Results.260109	D. cymosa	CY_CAS	mtdna_permissive_coverage	mtDNA	sample_qc_coverage	mitochondria	1	243359	23980605	98.540038	230654	0.947793	230112	0.945566	230036	0.945254	dudleya_organelle_alignment_pipeline/results/05_analysis_masks/mtdna_permissive_coverage_regions.bed	dudleya_organelle_alignment_pipeline/results/06_all_sample_alignment/qc/CY_CAS_LP_332_Du-609.depth.tsv
CY_CAS_LP_332_Du-609	QB3.Berkeley.251217/QB3.Results.260109	D. cymosa	CY_CAS	mtdna_high_confidence_unique	mtDNA	variant_calling_and_population_genetics	mitochondria	2	44930	7747562	172.436279	44930	1.000000	44927	0.999933	44927	0.999933	dudleya_organelle_alignment_pipeline/results/05_analysis_masks/mtdna_high_confidence_unique_regions.bed	dudleya_organelle_alignment_pipeline/results/06_all_sample_alignment/qc/CY_CAS_LP_332_Du-609.depth.tsv
CY_HICN_LP_236_Du-614	QB3.Berkeley.251217/QB3.Results.260109	D. cymosa	CY_HICN	cpdna_full_coverage	cpDNA	sample_qc_coverage	chloroplast	1	150274	287446274	1912.814419	150274	1.000000	150272	0.999987	150258	0.999894	dudleya_organelle_alignment_pipeline/results/05_analysis_masks/cpdna_full_coverage_regions.bed	dudleya_organelle_alignment_pipeline/results/06_all_sample_alignment/qc/CY_HICN_LP_236_Du-614.depth.tsv
CY_HICN_LP_236_Du-614	QB3.Berkeley.251217/QB3.Results.260109	D. cymosa	CY_HICN	cpdna_ir_regions	cpDNA	repeat_annotation	chloroplast	2	51472	93912853	1824.542528	51472	1.000000	51470	0.999961	51465	0.999864	dudleya_organelle_alignment_pipeline/results/05_analysis_masks/cpdna_ir_regions.bed	dudleya_organelle_alignment_pipeline/results/06_all_sample_alignment/qc/CY_HICN_LP_236_Du-614.depth.tsv
CY_HICN_LP_236_Du-614	QB3.Berkeley.251217/QB3.Results.260109	D. cymosa	CY_HICN	cpdna_duplicate_ir_mask	cpDNA	mask	chloroplast	1	25736	46086749	1790.750272	25736	1.000000	25734	0.999922	25730	0.999767	dudleya_organelle_alignment_pipeline/results/05_analysis_masks/cpdna_duplicate_ir_copy_mask.bed	dudleya_organelle_alignment_pipeline/results/06_all_sample_alignment/qc/CY_HICN_LP_236_Du-614.depth.tsv
CY_HICN_LP_236_Du-614	QB3.Berkeley.251217/QB3.Results.260109	D. cymosa	CY_HICN	cpdna_population_sites	cpDNA	variant_calling_and_population_genetics	chloroplast	1	124538	241359525	1938.039193	124538	1.000000	124538	1.000000	124528	0.999920	dudleya_organelle_alignment_pipeline/results/05_analysis_masks/cpdna_population_sites.bed	dudleya_organelle_alignment_pipeline/results/06_all_sample_alignment/qc/CY_HICN_LP_236_Du-614.depth.tsv
CY_HICN_LP_236_Du-614	QB3.Berkeley.251217/QB3.Results.260109	D. cymosa	CY_HICN	mtdna_permissive_coverage	mtDNA	sample_qc_coverage	mitochondria	1	243359	31955128	131.308593	243115	0.998997	242820	0.997785	242801	0.997707	dudleya_organelle_alignment_pipeline/results/05_analysis_masks/mtdna_permissive_coverage_regions.bed	dudleya_organelle_alignment_pipeline/results/06_all_sample_alignment/qc/CY_HICN_LP_236_Du-614.depth.tsv
CY_HICN_LP_236_Du-614	QB3.Berkeley.251217/QB3.Results.260109	D. cymosa	CY_HICN	mtdna_high_confidence_unique	mtDNA	variant_calling_and_population_genetics	mitochondria	2	44930	9652401	214.831983	44930	1.000000	44928	0.999955	44926	0.999911	dudleya_organelle_alignment_pipeline/results/05_analysis_masks/mtdna_high_confidence_unique_regions.bed	dudleya_organelle_alignment_pipeline/results/06_all_sample_alignment/qc/CY_HICN_LP_236_Du-614.depth.tsv
CY_HICN_LP_333_Du-612	QB3.Berkeley.251217/QB3.Results.260109	D. cymosa	CY_HICN	cpdna_full_coverage	cpDNA	sample_qc_coverage	chloroplast	1	150274	88731026	590.461597	150273	0.999993	150256	0.999880	150229	0.999701	dudleya_organelle_alignment_pipeline/results/05_analysis_masks/cpdna_full_coverage_regions.bed	dudleya_organelle_alignment_pipeline/results/06_all_sample_alignment/qc/CY_HICN_LP_333_Du-612.depth.tsv
CY_HICN_LP_333_Du-612	QB3.Berkeley.251217/QB3.Results.260109	D. cymosa	CY_HICN	cpdna_ir_regions	cpDNA	repeat_annotation	chloroplast	2	51472	29547014	574.040527	51471	0.999981	51469	0.999942	51466	0.999883	dudleya_organelle_alignment_pipeline/results/05_analysis_masks/cpdna_ir_regions.bed	dudleya_organelle_alignment_pipeline/results/06_all_sample_alignment/qc/CY_HICN_LP_333_Du-612.depth.tsv
CY_HICN_LP_333_Du-612	QB3.Berkeley.251217/QB3.Results.260109	D. cymosa	CY_HICN	cpdna_duplicate_ir_mask	cpDNA	mask	chloroplast	1	25736	14601502	567.357087	25736	1.000000	25734	0.999922	25731	0.999806	dudleya_organelle_alignment_pipeline/results/05_analysis_masks/cpdna_duplicate_ir_copy_mask.bed	dudleya_organelle_alignment_pipeline/results/06_all_sample_alignment/qc/CY_HICN_LP_333_Du-612.depth.tsv
CY_HICN_LP_333_Du-612	QB3.Berkeley.251217/QB3.Results.260109	D. cymosa	CY_HICN	cpdna_population_sites	cpDNA	variant_calling_and_population_genetics	chloroplast	1	124538	74129524	595.236185	124537	0.999992	124522	0.999872	124498	0.999679	dudleya_organelle_alignment_pipeline/results/05_analysis_masks/cpdna_population_sites.bed	dudleya_organelle_alignment_pipeline/results/06_all_sample_alignment/qc/CY_HICN_LP_333_Du-612.depth.tsv
CY_HICN_LP_333_Du-612	QB3.Berkeley.251217/QB3.Results.260109	D. cymosa	CY_HICN	mtdna_permissive_coverage	mtDNA	sample_qc_coverage	mitochondria	1	243359	9223057	37.898976	243340	0.999922	242837	0.997855	242278	0.995558	dudleya_organelle_alignment_pipeline/results/05_analysis_masks/mtdna_permissive_coverage_regions.bed	dudleya_organelle_alignment_pipeline/results/06_all_sample_alignment/qc/CY_HICN_LP_333_Du-612.depth.tsv
CY_HICN_LP_333_Du-612	QB3.Berkeley.251217/QB3.Results.260109	D. cymosa	CY_HICN	mtdna_high_confidence_unique	mtDNA	variant_calling_and_population_genetics	mitochondria	2	44930	2826555	62.910194	44930	1.000000	44926	0.999911	44920	0.999777	dudleya_organelle_alignment_pipeline/results/05_analysis_masks/mtdna_high_confidence_unique_regions.bed	dudleya_organelle_alignment_pipeline/results/06_all_sample_alignment/qc/CY_HICN_LP_333_Du-612.depth.tsv
CY_HICN_LP_334_Du-613	QB3.Berkeley.251217/QB3.Results.260109	D. cymosa	CY_HICN	cpdna_full_coverage	cpDNA	sample_qc_coverage	chloroplast	1	150274	50262193	334.470321	150263	0.999927	150256	0.999880	150245	0.999807	dudleya_organelle_alignment_pipeline/results/05_analysis_masks/cpdna_full_coverage_regions.bed	dudleya_organelle_alignment_pipeline/results/06_all_sample_alignment/qc/CY_HICN_LP_334_Du-613.depth.tsv
CY_HICN_LP_334_Du-613	QB3.Berkeley.251217/QB3.Results.260109	D. cymosa	CY_HICN	cpdna_ir_regions	cpDNA	repeat_annotation	chloroplast	2	51472	16206591	314.862275	51471	0.999981	51467	0.999903	51458	0.999728	dudleya_organelle_alignment_pipeline/results/05_analysis_masks/cpdna_ir_regions.bed	dudleya_organelle_alignment_pipeline/results/06_all_sample_alignment/qc/CY_HICN_LP_334_Du-613.depth.tsv
CY_HICN_LP_334_Du-613	QB3.Berkeley.251217/QB3.Results.260109	D. cymosa	CY_HICN	cpdna_duplicate_ir_mask	cpDNA	mask	chloroplast	1	25736	8015799	311.462504	25735	0.999961	25732	0.999845	25724	0.999534	dudleya_organelle_alignment_pipeline/results/05_analysis_masks/cpdna_duplicate_ir_copy_mask.bed	dudleya_organelle_alignment_pipeline/results/06_all_sample_alignment/qc/CY_HICN_LP_334_Du-613.depth.tsv
CY_HICN_LP_334_Du-613	QB3.Berkeley.251217/QB3.Results.260109	D. cymosa	CY_HICN	cpdna_population_sites	cpDNA	variant_calling_and_population_genetics	chloroplast	1	124538	42246394	339.224927	124528	0.999920	124524	0.999888	124521	0.999863	dudleya_organelle_alignment_pipeline/results/05_analysis_masks/cpdna_population_sites.bed	dudleya_organelle_alignment_pipeline/results/06_all_sample_alignment/qc/CY_HICN_LP_334_Du-613.depth.tsv
CY_HICN_LP_334_Du-613	QB3.Berkeley.251217/QB3.Results.260109	D. cymosa	CY_HICN	mtdna_permissive_coverage	mtDNA	sample_qc_coverage	mitochondria	1	243359	6600543	27.122658	243013	0.998578	242445	0.996244	236417	0.971474	dudleya_organelle_alignment_pipeline/results/05_analysis_masks/mtdna_permissive_coverage_regions.bed	dudleya_organelle_alignment_pipeline/results/06_all_sample_alignment/qc/CY_HICN_LP_334_Du-613.depth.tsv
CY_HICN_LP_334_Du-613	QB3.Berkeley.251217/QB3.Results.260109	D. cymosa	CY_HICN	mtdna_high_confidence_unique	mtDNA	variant_calling_and_population_genetics	mitochondria	2	44930	1970311	43.852905	44928	0.999955	44926	0.999911	44905	0.999444	dudleya_organelle_alignment_pipeline/results/05_analysis_masks/mtdna_high_confidence_unique_regions.bed	dudleya_organelle_alignment_pipeline/results/06_all_sample_alignment/qc/CY_HICN_LP_334_Du-613.depth.tsv
CY_HICN_LP_335_Du-615	QB3.Berkeley.251217/QB3.Results.260109	D. cymosa	CY_HICN	cpdna_full_coverage	cpDNA	sample_qc_coverage	chloroplast	1	150274	205559020	1367.894779	150274	1.000000	150254	0.999867	150241	0.999780	dudleya_organelle_alignment_pipeline/results/05_analysis_masks/cpdna_full_coverage_regions.bed	dudleya_organelle_alignment_pipeline/results/06_all_sample_alignment/qc/CY_HICN_LP_335_Du-615.depth.tsv
CY_HICN_LP_335_Du-615	QB3.Berkeley.251217/QB3.Results.260109	D. cymosa	CY_HICN	cpdna_ir_regions	cpDNA	repeat_annotation	chloroplast	2	51472	66084009	1283.882674	51472	1.000000	51469	0.999942	51467	0.999903	dudleya_organelle_alignment_pipeline/results/05_analysis_masks/cpdna_ir_regions.bed	dudleya_organelle_alignment_pipeline/results/06_all_sample_alignment/qc/CY_HICN_LP_335_Du-615.depth.tsv
CY_HICN_LP_335_Du-615	QB3.Berkeley.251217/QB3.Results.260109	D. cymosa	CY_HICN	cpdna_duplicate_ir_mask	cpDNA	mask	chloroplast	1	25736	32678626	1269.763211	25736	1.000000	25733	0.999883	25732	0.999845	dudleya_organelle_alignment_pipeline/results/05_analysis_masks/cpdna_duplicate_ir_copy_mask.bed	dudleya_organelle_alignment_pipeline/results/06_all_sample_alignment/qc/CY_HICN_LP_335_Du-615.depth.tsv
CY_HICN_LP_335_Du-615	QB3.Berkeley.251217/QB3.Results.260109	D. cymosa	CY_HICN	cpdna_population_sites	cpDNA	variant_calling_and_population_genetics	chloroplast	1	124538	172880394	1388.173843	124538	1.000000	124521	0.999863	124509	0.999767	dudleya_organelle_alignment_pipeline/results/05_analysis_masks/cpdna_population_sites.bed	dudleya_organelle_alignment_pipeline/results/06_all_sample_alignment/qc/CY_HICN_LP_335_Du-615.depth.tsv
CY_HICN_LP_335_Du-615	QB3.Berkeley.251217/QB3.Results.260109	D. cymosa	CY_HICN	mtdna_permissive_coverage	mtDNA	sample_qc_coverage	mitochondria	1	243359	25337383	104.115249	243013	0.998578	242825	0.997806	242803	0.997715	dudleya_organelle_alignment_pipeline/results/05_analysis_masks/mtdna_permissive_coverage_regions.bed	dudleya_organelle_alignment_pipeline/results/06_all_sample_alignment/qc/CY_HICN_LP_335_Du-615.depth.tsv
CY_HICN_LP_335_Du-615	QB3.Berkeley.251217/QB3.Results.260109	D. cymosa	CY_HICN	mtdna_high_confidence_unique	mtDNA	variant_calling_and_population_genetics	mitochondria	2	44930	7792544	173.437436	44930	1.000000	44928	0.999955	44926	0.999911	dudleya_organelle_alignment_pipeline/results/05_analysis_masks/mtdna_high_confidence_unique_regions.bed	dudleya_organelle_alignment_pipeline/results/06_all_sample_alignment/qc/CY_HICN_LP_335_Du-615.depth.tsv
CY_HICN_LP_336_Du-616	QB3.Berkeley.251217/QB3.Results.260109	D. cymosa	CY_HICN	cpdna_full_coverage	cpDNA	sample_qc_coverage	chloroplast	1	150274	200836910	1336.471445	150272	0.999987	150250	0.999840	150219	0.999634	dudleya_organelle_alignment_pipeline/results/05_analysis_masks/cpdna_full_coverage_regions.bed	dudleya_organelle_alignment_pipeline/results/06_all_sample_alignment/qc/CY_HICN_LP_336_Du-616.depth.tsv
CY_HICN_LP_336_Du-616	QB3.Berkeley.251217/QB3.Results.260109	D. cymosa	CY_HICN	cpdna_ir_regions	cpDNA	repeat_annotation	chloroplast	2	51472	65748234	1277.359224	51472	1.000000	51469	0.999942	51467	0.999903	dudleya_organelle_alignment_pipeline/results/05_analysis_masks/cpdna_ir_regions.bed	dudleya_organelle_alignment_pipeline/results/06_all_sample_alignment/qc/CY_HICN_LP_336_Du-616.depth.tsv
CY_HICN_LP_336_Du-616	QB3.Berkeley.251217/QB3.Results.260109	D. cymosa	CY_HICN	cpdna_duplicate_ir_mask	cpDNA	mask	chloroplast	1	25736	32450353	1260.893418	25736	1.000000	25734	0.999922	25732	0.999845	dudleya_organelle_alignment_pipeline/results/05_analysis_masks/cpdna_duplicate_ir_copy_mask.bed	dudleya_organelle_alignment_pipeline/results/06_all_sample_alignment/qc/CY_HICN_LP_336_Du-616.depth.tsv
CY_HICN_LP_336_Du-616	QB3.Berkeley.251217/QB3.Results.260109	D. cymosa	CY_HICN	cpdna_population_sites	cpDNA	variant_calling_and_population_genetics	chloroplast	1	124538	168386557	1352.089780	124536	0.999984	124516	0.999823	124487	0.999590	dudleya_organelle_alignment_pipeline/results/05_analysis_masks/cpdna_population_sites.bed	dudleya_organelle_alignment_pipeline/results/06_all_sample_alignment/qc/CY_HICN_LP_336_Du-616.depth.tsv
CY_HICN_LP_336_Du-616	QB3.Berkeley.251217/QB3.Results.260109	D. cymosa	CY_HICN	mtdna_permissive_coverage	mtDNA	sample_qc_coverage	mitochondria	1	243359	17667734	72.599468	242996	0.998508	242809	0.997740	242767	0.997567	dudleya_organelle_alignment_pipeline/results/05_analysis_masks/mtdna_permissive_coverage_regions.bed	dudleya_organelle_alignment_pipeline/results/06_all_sample_alignment/qc/CY_HICN_LP_336_Du-616.depth.tsv
CY_HICN_LP_336_Du-616	QB3.Berkeley.251217/QB3.Results.260109	D. cymosa	CY_HICN	mtdna_high_confidence_unique	mtDNA	variant_calling_and_population_genetics	mitochondria	2	44930	5359217	119.279257	44928	0.999955	44926	0.999911	44926	0.999911	dudleya_organelle_alignment_pipeline/results/05_analysis_masks/mtdna_high_confidence_unique_regions.bed	dudleya_organelle_alignment_pipeline/results/06_all_sample_alignment/qc/CY_HICN_LP_336_Du-616.depth.tsv
CY_HICS_LP_293_Du-757	QB3.Berkeley.251217/QB3.Results.260109	D. cymosa	CY_HICS	cpdna_full_coverage	cpDNA	sample_qc_coverage	chloroplast	1	150274	74780209	497.625730	150272	0.999987	150269	0.999967	150261	0.999913	dudleya_organelle_alignment_pipeline/results/05_analysis_masks/cpdna_full_coverage_regions.bed	dudleya_organelle_alignment_pipeline/results/06_all_sample_alignment/qc/CY_HICS_LP_293_Du-757.depth.tsv
CY_HICS_LP_293_Du-757	QB3.Berkeley.251217/QB3.Results.260109	D. cymosa	CY_HICS	cpdna_ir_regions	cpDNA	repeat_annotation	chloroplast	2	51472	24725496	480.367889	51470	0.999961	51468	0.999922	51460	0.999767	dudleya_organelle_alignment_pipeline/results/05_analysis_masks/cpdna_ir_regions.bed	dudleya_organelle_alignment_pipeline/results/06_all_sample_alignment/qc/CY_HICS_LP_293_Du-757.depth.tsv
CY_HICS_LP_293_Du-757	QB3.Berkeley.251217/QB3.Results.260109	D. cymosa	CY_HICS	cpdna_duplicate_ir_mask	cpDNA	mask	chloroplast	1	25736	12109915	470.543791	25735	0.999961	25733	0.999883	25727	0.999650	dudleya_organelle_alignment_pipeline/results/05_analysis_masks/cpdna_duplicate_ir_copy_mask.bed	dudleya_organelle_alignment_pipeline/results/06_all_sample_alignment/qc/CY_HICS_LP_293_Du-757.depth.tsv
CY_HICS_LP_293_Du-757	QB3.Berkeley.251217/QB3.Results.260109	D. cymosa	CY_HICS	cpdna_population_sites	cpDNA	variant_calling_and_population_genetics	chloroplast	1	124538	62670294	503.222261	124537	0.999992	124536	0.999984	124534	0.999968	dudleya_organelle_alignment_pipeline/results/05_analysis_masks/cpdna_population_sites.bed	dudleya_organelle_alignment_pipeline/results/06_all_sample_alignment/qc/CY_HICS_LP_293_Du-757.depth.tsv
CY_HICS_LP_293_Du-757	QB3.Berkeley.251217/QB3.Results.260109	D. cymosa	CY_HICS	mtdna_permissive_coverage	mtDNA	sample_qc_coverage	mitochondria	1	243359	16828691	69.151710	230325	0.946441	230072	0.945402	230017	0.945176	dudleya_organelle_alignment_pipeline/results/05_analysis_masks/mtdna_permissive_coverage_regions.bed	dudleya_organelle_alignment_pipeline/results/06_all_sample_alignment/qc/CY_HICS_LP_293_Du-757.depth.tsv
CY_HICS_LP_293_Du-757	QB3.Berkeley.251217/QB3.Results.260109	D. cymosa	CY_HICS	mtdna_high_confidence_unique	mtDNA	variant_calling_and_population_genetics	mitochondria	2	44930	5467084	121.680036	44930	1.000000	44927	0.999933	44927	0.999933	dudleya_organelle_alignment_pipeline/results/05_analysis_masks/mtdna_high_confidence_unique_regions.bed	dudleya_organelle_alignment_pipeline/results/06_all_sample_alignment/qc/CY_HICS_LP_293_Du-757.depth.tsv
CY_HICS_LP_295_Du-759	QB3.Berkeley.251217/QB3.Results.260109	D. cymosa	CY_HICS	cpdna_full_coverage	cpDNA	sample_qc_coverage	chloroplast	1	150274	6808073	45.304397	150250	0.999840	150137	0.999088	149843	0.997132	dudleya_organelle_alignment_pipeline/results/05_analysis_masks/cpdna_full_coverage_regions.bed	dudleya_organelle_alignment_pipeline/results/06_all_sample_alignment/qc/CY_HICS_LP_295_Du-759.depth.tsv
CY_HICS_LP_295_Du-759	QB3.Berkeley.251217/QB3.Results.260109	D. cymosa	CY_HICS	cpdna_ir_regions	cpDNA	repeat_annotation	chloroplast	2	51472	2406608	46.755673	51452	0.999611	51352	0.997669	51126	0.993278	dudleya_organelle_alignment_pipeline/results/05_analysis_masks/cpdna_ir_regions.bed	dudleya_organelle_alignment_pipeline/results/06_all_sample_alignment/qc/CY_HICS_LP_295_Du-759.depth.tsv
CY_HICS_LP_295_Du-759	QB3.Berkeley.251217/QB3.Results.260109	D. cymosa	CY_HICS	cpdna_duplicate_ir_mask	cpDNA	mask	chloroplast	1	25736	1198063	46.552028	25726	0.999611	25648	0.996581	25476	0.989897	dudleya_organelle_alignment_pipeline/results/05_analysis_masks/cpdna_duplicate_ir_copy_mask.bed	dudleya_organelle_alignment_pipeline/results/06_all_sample_alignment/qc/CY_HICS_LP_295_Du-759.depth.tsv
CY_HICS_LP_295_Du-759	QB3.Berkeley.251217/QB3.Results.260109	D. cymosa	CY_HICS	cpdna_population_sites	cpDNA	variant_calling_and_population_genetics	chloroplast	1	124538	5610010	45.046572	124524	0.999888	124489	0.999607	124367	0.998627	dudleya_organelle_alignment_pipeline/results/05_analysis_masks/cpdna_population_sites.bed	dudleya_organelle_alignment_pipeline/results/06_all_sample_alignment/qc/CY_HICS_LP_295_Du-759.depth.tsv
CY_HICS_LP_295_Du-759	QB3.Berkeley.251217/QB3.Results.260109	D. cymosa	CY_HICS	mtdna_permissive_coverage	mtDNA	sample_qc_coverage	mitochondria	1	243359	1754239	7.208441	226460	0.930559	165564	0.680328	65221	0.268003	dudleya_organelle_alignment_pipeline/results/05_analysis_masks/mtdna_permissive_coverage_regions.bed	dudleya_organelle_alignment_pipeline/results/06_all_sample_alignment/qc/CY_HICS_LP_295_Du-759.depth.tsv
CY_HICS_LP_295_Du-759	QB3.Berkeley.251217/QB3.Results.260109	D. cymosa	CY_HICS	mtdna_high_confidence_unique	mtDNA	variant_calling_and_population_genetics	mitochondria	2	44930	568577	12.654730	44869	0.998642	43086	0.958958	30764	0.684710	dudleya_organelle_alignment_pipeline/results/05_analysis_masks/mtdna_high_confidence_unique_regions.bed	dudleya_organelle_alignment_pipeline/results/06_all_sample_alignment/qc/CY_HICS_LP_295_Du-759.depth.tsv
CY_HICS_LP_297_Du-761	QB3.Berkeley.251217/QB3.Results.260109	D. cymosa	CY_HICS	cpdna_full_coverage	cpDNA	sample_qc_coverage	chloroplast	1	150274	31161648	207.365532	150270	0.999973	150258	0.999894	150220	0.999641	dudleya_organelle_alignment_pipeline/results/05_analysis_masks/cpdna_full_coverage_regions.bed	dudleya_organelle_alignment_pipeline/results/06_all_sample_alignment/qc/CY_HICS_LP_297_Du-761.depth.tsv
CY_HICS_LP_297_Du-761	QB3.Berkeley.251217/QB3.Results.260109	D. cymosa	CY_HICS	cpdna_ir_regions	cpDNA	repeat_annotation	chloroplast	2	51472	12692364	246.587737	51468	0.999922	51457	0.999709	51426	0.999106	dudleya_organelle_alignment_pipeline/results/05_analysis_masks/cpdna_ir_regions.bed	dudleya_organelle_alignment_pipeline/results/06_all_sample_alignment/qc/CY_HICS_LP_297_Du-761.depth.tsv
CY_HICS_LP_297_Du-761	QB3.Berkeley.251217/QB3.Results.260109	D. cymosa	CY_HICS	cpdna_duplicate_ir_mask	cpDNA	mask	chloroplast	1	25736	6240430	242.478629	25732	0.999845	25722	0.999456	25700	0.998601	dudleya_organelle_alignment_pipeline/results/05_analysis_masks/cpdna_duplicate_ir_copy_mask.bed	dudleya_organelle_alignment_pipeline/results/06_all_sample_alignment/qc/CY_HICS_LP_297_Du-761.depth.tsv
CY_HICS_LP_297_Du-761	QB3.Berkeley.251217/QB3.Results.260109	D. cymosa	CY_HICS	cpdna_population_sites	cpDNA	variant_calling_and_population_genetics	chloroplast	1	124538	24921218	200.109348	124538	1.000000	124536	0.999984	124520	0.999855	dudleya_organelle_alignment_pipeline/results/05_analysis_masks/cpdna_population_sites.bed	dudleya_organelle_alignment_pipeline/results/06_all_sample_alignment/qc/CY_HICS_LP_297_Du-761.depth.tsv
CY_HICS_LP_297_Du-761	QB3.Berkeley.251217/QB3.Results.260109	D. cymosa	CY_HICS	mtdna_permissive_coverage	mtDNA	sample_qc_coverage	mitochondria	1	243359	3244895	13.333778	230147	0.945710	217481	0.893663	154605	0.635296	dudleya_organelle_alignment_pipeline/results/05_analysis_masks/mtdna_permissive_coverage_regions.bed	dudleya_organelle_alignment_pipeline/results/06_all_sample_alignment/qc/CY_HICS_LP_297_Du-761.depth.tsv
CY_HICS_LP_297_Du-761	QB3.Berkeley.251217/QB3.Results.260109	D. cymosa	CY_HICS	mtdna_high_confidence_unique	mtDNA	variant_calling_and_population_genetics	mitochondria	2	44930	1041150	23.172713	44927	0.999933	44754	0.996083	42904	0.954908	dudleya_organelle_alignment_pipeline/results/05_analysis_masks/mtdna_high_confidence_unique_regions.bed	dudleya_organelle_alignment_pipeline/results/06_all_sample_alignment/qc/CY_HICS_LP_297_Du-761.depth.tsv
CY_HICS_LP_355_Du-762	QB3.Berkeley.251217/QB3.Results.260109	D. cymosa	CY_HICS	cpdna_full_coverage	cpDNA	sample_qc_coverage	chloroplast	1	150274	164364996	1093.768689	150274	1.000000	150269	0.999967	150268	0.999960	dudleya_organelle_alignment_pipeline/results/05_analysis_masks/cpdna_full_coverage_regions.bed	dudleya_organelle_alignment_pipeline/results/06_all_sample_alignment/qc/CY_HICS_LP_355_Du-762.depth.tsv
CY_HICS_LP_355_Du-762	QB3.Berkeley.251217/QB3.Results.260109	D. cymosa	CY_HICS	cpdna_ir_regions	cpDNA	repeat_annotation	chloroplast	2	51472	56562971	1098.907581	51472	1.000000	51468	0.999922	51467	0.999903	dudleya_organelle_alignment_pipeline/results/05_analysis_masks/cpdna_ir_regions.bed	dudleya_organelle_alignment_pipeline/results/06_all_sample_alignment/qc/CY_HICS_LP_355_Du-762.depth.tsv
CY_HICS_LP_355_Du-762	QB3.Berkeley.251217/QB3.Results.260109	D. cymosa	CY_HICS	cpdna_duplicate_ir_mask	cpDNA	mask	chloroplast	1	25736	27700162	1076.319630	25736	1.000000	25733	0.999883	25732	0.999845	dudleya_organelle_alignment_pipeline/results/05_analysis_masks/cpdna_duplicate_ir_copy_mask.bed	dudleya_organelle_alignment_pipeline/results/06_all_sample_alignment/qc/CY_HICS_LP_355_Du-762.depth.tsv
CY_HICS_LP_355_Du-762	QB3.Berkeley.251217/QB3.Results.260109	D. cymosa	CY_HICS	cpdna_population_sites	cpDNA	variant_calling_and_population_genetics	chloroplast	1	124538	136664834	1097.374568	124538	1.000000	124536	0.999984	124536	0.999984	dudleya_organelle_alignment_pipeline/results/05_analysis_masks/cpdna_population_sites.bed	dudleya_organelle_alignment_pipeline/results/06_all_sample_alignment/qc/CY_HICS_LP_355_Du-762.depth.tsv
CY_HICS_LP_355_Du-762	QB3.Berkeley.251217/QB3.Results.260109	D. cymosa	CY_HICS	mtdna_permissive_coverage	mtDNA	sample_qc_coverage	mitochondria	1	243359	19937436	81.926027	230694	0.947958	230060	0.945352	229999	0.945102	dudleya_organelle_alignment_pipeline/results/05_analysis_masks/mtdna_permissive_coverage_regions.bed	dudleya_organelle_alignment_pipeline/results/06_all_sample_alignment/qc/CY_HICS_LP_355_Du-762.depth.tsv
CY_HICS_LP_355_Du-762	QB3.Berkeley.251217/QB3.Results.260109	D. cymosa	CY_HICS	mtdna_high_confidence_unique	mtDNA	variant_calling_and_population_genetics	mitochondria	2	44930	6358703	141.524661	44928	0.999955	44927	0.999933	44927	0.999933	dudleya_organelle_alignment_pipeline/results/05_analysis_masks/mtdna_high_confidence_unique_regions.bed	dudleya_organelle_alignment_pipeline/results/06_all_sample_alignment/qc/CY_HICS_LP_355_Du-762.depth.tsv
CY_HICS_LP_356_Du-763	QB3.Berkeley.251217/QB3.Results.260109	D. cymosa	CY_HICS	cpdna_full_coverage	cpDNA	sample_qc_coverage	chloroplast	1	150274	76462108	508.817946	150274	1.000000	150270	0.999973	150263	0.999927	dudleya_organelle_alignment_pipeline/results/05_analysis_masks/cpdna_full_coverage_regions.bed	dudleya_organelle_alignment_pipeline/results/06_all_sample_alignment/qc/CY_HICS_LP_356_Du-763.depth.tsv
CY_HICS_LP_356_Du-763	QB3.Berkeley.251217/QB3.Results.260109	D. cymosa	CY_HICS	cpdna_ir_regions	cpDNA	repeat_annotation	chloroplast	2	51472	29591562	574.906007	51472	1.000000	51469	0.999942	51462	0.999806	dudleya_organelle_alignment_pipeline/results/05_analysis_masks/cpdna_ir_regions.bed	dudleya_organelle_alignment_pipeline/results/06_all_sample_alignment/qc/CY_HICS_LP_356_Du-763.depth.tsv
CY_HICS_LP_356_Du-763	QB3.Berkeley.251217/QB3.Results.260109	D. cymosa	CY_HICS	cpdna_duplicate_ir_mask	cpDNA	mask	chloroplast	1	25736	14322374	556.511268	25736	1.000000	25734	0.999922	25727	0.999650	dudleya_organelle_alignment_pipeline/results/05_analysis_masks/cpdna_duplicate_ir_copy_mask.bed	dudleya_organelle_alignment_pipeline/results/06_all_sample_alignment/qc/CY_HICS_LP_356_Du-763.depth.tsv
CY_HICS_LP_356_Du-763	QB3.Berkeley.251217/QB3.Results.260109	D. cymosa	CY_HICS	cpdna_population_sites	cpDNA	variant_calling_and_population_genetics	chloroplast	1	124538	62139734	498.962036	124538	1.000000	124536	0.999984	124536	0.999984	dudleya_organelle_alignment_pipeline/results/05_analysis_masks/cpdna_population_sites.bed	dudleya_organelle_alignment_pipeline/results/06_all_sample_alignment/qc/CY_HICS_LP_356_Du-763.depth.tsv
CY_HICS_LP_356_Du-763	QB3.Berkeley.251217/QB3.Results.260109	D. cymosa	CY_HICS	mtdna_permissive_coverage	mtDNA	sample_qc_coverage	mitochondria	1	243359	5522304	22.692006	230148	0.945714	229316	0.942295	220855	0.907528	dudleya_organelle_alignment_pipeline/results/05_analysis_masks/mtdna_permissive_coverage_regions.bed	dudleya_organelle_alignment_pipeline/results/06_all_sample_alignment/qc/CY_HICS_LP_356_Du-763.depth.tsv
CY_HICS_LP_356_Du-763	QB3.Berkeley.251217/QB3.Results.260109	D. cymosa	CY_HICS	mtdna_high_confidence_unique	mtDNA	variant_calling_and_population_genetics	mitochondria	2	44930	1749316	38.934253	44927	0.999933	44927	0.999933	44914	0.999644	dudleya_organelle_alignment_pipeline/results/05_analysis_masks/mtdna_high_confidence_unique_regions.bed	dudleya_organelle_alignment_pipeline/results/06_all_sample_alignment/qc/CY_HICS_LP_356_Du-763.depth.tsv
CY_HUN_LP_264_Du-683	QB3.Berkeley.251217/QB3.Results.260109	D. cymosa	CY_HUN	cpdna_full_coverage	cpDNA	sample_qc_coverage	chloroplast	1	150274	28313950	188.415494	150224	0.999667	150180	0.999374	150127	0.999022	dudleya_organelle_alignment_pipeline/results/05_analysis_masks/cpdna_full_coverage_regions.bed	dudleya_organelle_alignment_pipeline/results/06_all_sample_alignment/qc/CY_HUN_LP_264_Du-683.depth.tsv
CY_HUN_LP_264_Du-683	QB3.Berkeley.251217/QB3.Results.260109	D. cymosa	CY_HUN	cpdna_ir_regions	cpDNA	repeat_annotation	chloroplast	2	51472	9523734	185.027471	51468	0.999922	51448	0.999534	51413	0.998854	dudleya_organelle_alignment_pipeline/results/05_analysis_masks/cpdna_ir_regions.bed	dudleya_organelle_alignment_pipeline/results/06_all_sample_alignment/qc/CY_HUN_LP_264_Du-683.depth.tsv
CY_HUN_LP_264_Du-683	QB3.Berkeley.251217/QB3.Results.260109	D. cymosa	CY_HUN	cpdna_duplicate_ir_mask	cpDNA	mask	chloroplast	1	25736	4668085	181.383471	25733	0.999883	25717	0.999262	25688	0.998135	dudleya_organelle_alignment_pipeline/results/05_analysis_masks/cpdna_duplicate_ir_copy_mask.bed	dudleya_organelle_alignment_pipeline/results/06_all_sample_alignment/qc/CY_HUN_LP_264_Du-683.depth.tsv
CY_HUN_LP_264_Du-683	QB3.Berkeley.251217/QB3.Results.260109	D. cymosa	CY_HUN	cpdna_population_sites	cpDNA	variant_calling_and_population_genetics	chloroplast	1	124538	23645865	189.868675	124491	0.999623	124463	0.999398	124439	0.999205	dudleya_organelle_alignment_pipeline/results/05_analysis_masks/cpdna_population_sites.bed	dudleya_organelle_alignment_pipeline/results/06_all_sample_alignment/qc/CY_HUN_LP_264_Du-683.depth.tsv
CY_HUN_LP_264_Du-683	QB3.Berkeley.251217/QB3.Results.260109	D. cymosa	CY_HUN	mtdna_permissive_coverage	mtDNA	sample_qc_coverage	mitochondria	1	243359	2630485	10.809072	242425	0.996162	218604	0.898278	120780	0.496304	dudleya_organelle_alignment_pipeline/results/05_analysis_masks/mtdna_permissive_coverage_regions.bed	dudleya_organelle_alignment_pipeline/results/06_all_sample_alignment/qc/CY_HUN_LP_264_Du-683.depth.tsv
CY_HUN_LP_264_Du-683	QB3.Berkeley.251217/QB3.Results.260109	D. cymosa	CY_HUN	mtdna_high_confidence_unique	mtDNA	variant_calling_and_population_genetics	mitochondria	2	44930	814902	18.137147	44921	0.999800	44710	0.995103	41807	0.930492	dudleya_organelle_alignment_pipeline/results/05_analysis_masks/mtdna_high_confidence_unique_regions.bed	dudleya_organelle_alignment_pipeline/results/06_all_sample_alignment/qc/CY_HUN_LP_264_Du-683.depth.tsv
CY_HUN_LP_265_Du-684	QB3.Berkeley.251217/QB3.Results.260109	D. cymosa	CY_HUN	cpdna_full_coverage	cpDNA	sample_qc_coverage	chloroplast	1	150274	1791722	11.923034	149807	0.996892	143172	0.952740	100549	0.669104	dudleya_organelle_alignment_pipeline/results/05_analysis_masks/cpdna_full_coverage_regions.bed	dudleya_organelle_alignment_pipeline/results/06_all_sample_alignment/qc/CY_HUN_LP_265_Du-684.depth.tsv
CY_HUN_LP_265_Du-684	QB3.Berkeley.251217/QB3.Results.260109	D. cymosa	CY_HUN	cpdna_ir_regions	cpDNA	repeat_annotation	chloroplast	2	51472	621891	12.082122	51204	0.994793	48927	0.950556	35642	0.692454	dudleya_organelle_alignment_pipeline/results/05_analysis_masks/cpdna_ir_regions.bed	dudleya_organelle_alignment_pipeline/results/06_all_sample_alignment/qc/CY_HUN_LP_265_Du-684.depth.tsv
CY_HUN_LP_265_Du-684	QB3.Berkeley.251217/QB3.Results.260109	D. cymosa	CY_HUN	cpdna_duplicate_ir_mask	cpDNA	mask	chloroplast	1	25736	304494	11.831442	25516	0.991452	23900	0.928660	17489	0.679554	dudleya_organelle_alignment_pipeline/results/05_analysis_masks/cpdna_duplicate_ir_copy_mask.bed	dudleya_organelle_alignment_pipeline/results/06_all_sample_alignment/qc/CY_HUN_LP_265_Du-684.depth.tsv
CY_HUN_LP_265_Du-684	QB3.Berkeley.251217/QB3.Results.260109	D. cymosa	CY_HUN	cpdna_population_sites	cpDNA	variant_calling_and_population_genetics	chloroplast	1	124538	1487228	11.941961	124291	0.998017	119272	0.957716	83060	0.666945	dudleya_organelle_alignment_pipeline/results/05_analysis_masks/cpdna_population_sites.bed	dudleya_organelle_alignment_pipeline/results/06_all_sample_alignment/qc/CY_HUN_LP_265_Du-684.depth.tsv
CY_HUN_LP_265_Du-684	QB3.Berkeley.251217/QB3.Results.260109	D. cymosa	CY_HUN	mtdna_permissive_coverage	mtDNA	sample_qc_coverage	mitochondria	1	243359	92895	0.381720	52502	0.215739	643	0.002642	0	0.000000	dudleya_organelle_alignment_pipeline/results/05_analysis_masks/mtdna_permissive_coverage_regions.bed	dudleya_organelle_alignment_pipeline/results/06_all_sample_alignment/qc/CY_HUN_LP_265_Du-684.depth.tsv
CY_HUN_LP_265_Du-684	QB3.Berkeley.251217/QB3.Results.260109	D. cymosa	CY_HUN	mtdna_high_confidence_unique	mtDNA	variant_calling_and_population_genetics	mitochondria	2	44930	22996	0.511818	12645	0.281438	140	0.003116	0	0.000000	dudleya_organelle_alignment_pipeline/results/05_analysis_masks/mtdna_high_confidence_unique_regions.bed	dudleya_organelle_alignment_pipeline/results/06_all_sample_alignment/qc/CY_HUN_LP_265_Du-684.depth.tsv
CY_HUN_LP_266_Du-685	QB3.Berkeley.251217/QB3.Results.260109	D. cymosa	CY_HUN	cpdna_full_coverage	cpDNA	sample_qc_coverage	chloroplast	1	150274	42334288	281.713989	150241	0.999780	150188	0.999428	150143	0.999128	dudleya_organelle_alignment_pipeline/results/05_analysis_masks/cpdna_full_coverage_regions.bed	dudleya_organelle_alignment_pipeline/results/06_all_sample_alignment/qc/CY_HUN_LP_266_Du-685.depth.tsv
CY_HUN_LP_266_Du-685	QB3.Berkeley.251217/QB3.Results.260109	D. cymosa	CY_HUN	cpdna_ir_regions	cpDNA	repeat_annotation	chloroplast	2	51472	15126093	293.870318	51471	0.999981	51454	0.999650	51419	0.998970	dudleya_organelle_alignment_pipeline/results/05_analysis_masks/cpdna_ir_regions.bed	dudleya_organelle_alignment_pipeline/results/06_all_sample_alignment/qc/CY_HUN_LP_266_Du-685.depth.tsv
CY_HUN_LP_266_Du-685	QB3.Berkeley.251217/QB3.Results.260109	D. cymosa	CY_HUN	cpdna_duplicate_ir_mask	cpDNA	mask	chloroplast	1	25736	7367828	286.284893	25736	1.000000	25721	0.999417	25695	0.998407	dudleya_organelle_alignment_pipeline/results/05_analysis_masks/cpdna_duplicate_ir_copy_mask.bed	dudleya_organelle_alignment_pipeline/results/06_all_sample_alignment/qc/CY_HUN_LP_266_Du-685.depth.tsv
CY_HUN_LP_266_Du-685	QB3.Berkeley.251217/QB3.Results.260109	D. cymosa	CY_HUN	cpdna_population_sites	cpDNA	variant_calling_and_population_genetics	chloroplast	1	124538	34966460	280.769404	124505	0.999735	124467	0.999430	124448	0.999277	dudleya_organelle_alignment_pipeline/results/05_analysis_masks/cpdna_population_sites.bed	dudleya_organelle_alignment_pipeline/results/06_all_sample_alignment/qc/CY_HUN_LP_266_Du-685.depth.tsv
CY_HUN_LP_266_Du-685	QB3.Berkeley.251217/QB3.Results.260109	D. cymosa	CY_HUN	mtdna_permissive_coverage	mtDNA	sample_qc_coverage	mitochondria	1	243359	3525374	14.486310	242931	0.998241	234203	0.962377	171869	0.706236	dudleya_organelle_alignment_pipeline/results/05_analysis_masks/mtdna_permissive_coverage_regions.bed	dudleya_organelle_alignment_pipeline/results/06_all_sample_alignment/qc/CY_HUN_LP_266_Du-685.depth.tsv
CY_HUN_LP_266_Du-685	QB3.Berkeley.251217/QB3.Results.260109	D. cymosa	CY_HUN	mtdna_high_confidence_unique	mtDNA	variant_calling_and_population_genetics	mitochondria	2	44930	1093906	24.346895	44923	0.999844	44913	0.999622	43952	0.978233	dudleya_organelle_alignment_pipeline/results/05_analysis_masks/mtdna_high_confidence_unique_regions.bed	dudleya_organelle_alignment_pipeline/results/06_all_sample_alignment/qc/CY_HUN_LP_266_Du-685.depth.tsv
CY_HUN_LP_267_Du-686	QB3.Berkeley.251217/QB3.Results.260109	D. cymosa	CY_HUN	cpdna_full_coverage	cpDNA	sample_qc_coverage	chloroplast	1	150274	58692581	390.570431	150252	0.999854	150206	0.999547	150177	0.999355	dudleya_organelle_alignment_pipeline/results/05_analysis_masks/cpdna_full_coverage_regions.bed	dudleya_organelle_alignment_pipeline/results/06_all_sample_alignment/qc/CY_HUN_LP_267_Du-686.depth.tsv
CY_HUN_LP_267_Du-686	QB3.Berkeley.251217/QB3.Results.260109	D. cymosa	CY_HUN	cpdna_ir_regions	cpDNA	repeat_annotation	chloroplast	2	51472	21225407	412.368025	51472	1.000000	51462	0.999806	51453	0.999631	dudleya_organelle_alignment_pipeline/results/05_analysis_masks/cpdna_ir_regions.bed	dudleya_organelle_alignment_pipeline/results/06_all_sample_alignment/qc/CY_HUN_LP_267_Du-686.depth.tsv
CY_HUN_LP_267_Du-686	QB3.Berkeley.251217/QB3.Results.260109	D. cymosa	CY_HUN	cpdna_duplicate_ir_mask	cpDNA	mask	chloroplast	1	25736	10426185	405.120648	25736	1.000000	25727	0.999650	25721	0.999417	dudleya_organelle_alignment_pipeline/results/05_analysis_masks/cpdna_duplicate_ir_copy_mask.bed	dudleya_organelle_alignment_pipeline/results/06_all_sample_alignment/qc/CY_HUN_LP_267_Du-686.depth.tsv
CY_HUN_LP_267_Du-686	QB3.Berkeley.251217/QB3.Results.260109	D. cymosa	CY_HUN	cpdna_population_sites	cpDNA	variant_calling_and_population_genetics	chloroplast	1	124538	48266396	387.563603	124516	0.999823	124479	0.999526	124456	0.999342	dudleya_organelle_alignment_pipeline/results/05_analysis_masks/cpdna_population_sites.bed	dudleya_organelle_alignment_pipeline/results/06_all_sample_alignment/qc/CY_HUN_LP_267_Du-686.depth.tsv
CY_HUN_LP_267_Du-686	QB3.Berkeley.251217/QB3.Results.260109	D. cymosa	CY_HUN	mtdna_permissive_coverage	mtDNA	sample_qc_coverage	mitochondria	1	243359	3801203	15.619735	242701	0.997296	235544	0.967887	188516	0.774642	dudleya_organelle_alignment_pipeline/results/05_analysis_masks/mtdna_permissive_coverage_regions.bed	dudleya_organelle_alignment_pipeline/results/06_all_sample_alignment/qc/CY_HUN_LP_267_Du-686.depth.tsv
CY_HUN_LP_267_Du-686	QB3.Berkeley.251217/QB3.Results.260109	D. cymosa	CY_HUN	mtdna_high_confidence_unique	mtDNA	variant_calling_and_population_genetics	mitochondria	2	44930	1148271	25.556888	44922	0.999822	44916	0.999688	44340	0.986868	dudleya_organelle_alignment_pipeline/results/05_analysis_masks/mtdna_high_confidence_unique_regions.bed	dudleya_organelle_alignment_pipeline/results/06_all_sample_alignment/qc/CY_HUN_LP_267_Du-686.depth.tsv
CY_HUN_LP_268_Du-687	QB3.Berkeley.251217/QB3.Results.260109	D. cymosa	CY_HUN	cpdna_full_coverage	cpDNA	sample_qc_coverage	chloroplast	1	150274	32727183	217.783402	150244	0.999800	150198	0.999494	150145	0.999142	dudleya_organelle_alignment_pipeline/results/05_analysis_masks/cpdna_full_coverage_regions.bed	dudleya_organelle_alignment_pipeline/results/06_all_sample_alignment/qc/CY_HUN_LP_268_Du-687.depth.tsv
CY_HUN_LP_268_Du-687	QB3.Berkeley.251217/QB3.Results.260109	D. cymosa	CY_HUN	cpdna_ir_regions	cpDNA	repeat_annotation	chloroplast	2	51472	11092162	215.498951	51470	0.999961	51451	0.999592	51435	0.999281	dudleya_organelle_alignment_pipeline/results/05_analysis_masks/cpdna_ir_regions.bed	dudleya_organelle_alignment_pipeline/results/06_all_sample_alignment/qc/CY_HUN_LP_268_Du-687.depth.tsv
CY_HUN_LP_268_Du-687	QB3.Berkeley.251217/QB3.Results.260109	D. cymosa	CY_HUN	cpdna_duplicate_ir_mask	cpDNA	mask	chloroplast	1	25736	5459131	212.120415	25734	0.999922	25717	0.999262	25706	0.998834	dudleya_organelle_alignment_pipeline/results/05_analysis_masks/cpdna_duplicate_ir_copy_mask.bed	dudleya_organelle_alignment_pipeline/results/06_all_sample_alignment/qc/CY_HUN_LP_268_Du-687.depth.tsv
CY_HUN_LP_268_Du-687	QB3.Berkeley.251217/QB3.Results.260109	D. cymosa	CY_HUN	cpdna_population_sites	cpDNA	variant_calling_and_population_genetics	chloroplast	1	124538	27268052	218.953669	124510	0.999775	124481	0.999542	124439	0.999205	dudleya_organelle_alignment_pipeline/results/05_analysis_masks/cpdna_population_sites.bed	dudleya_organelle_alignment_pipeline/results/06_all_sample_alignment/qc/CY_HUN_LP_268_Du-687.depth.tsv
CY_HUN_LP_268_Du-687	QB3.Berkeley.251217/QB3.Results.260109	D. cymosa	CY_HUN	mtdna_permissive_coverage	mtDNA	sample_qc_coverage	mitochondria	1	243359	2577016	10.589360	242117	0.994896	213730	0.878250	122265	0.502406	dudleya_organelle_alignment_pipeline/results/05_analysis_masks/mtdna_permissive_coverage_regions.bed	dudleya_organelle_alignment_pipeline/results/06_all_sample_alignment/qc/CY_HUN_LP_268_Du-687.depth.tsv
CY_HUN_LP_268_Du-687	QB3.Berkeley.251217/QB3.Results.260109	D. cymosa	CY_HUN	mtdna_high_confidence_unique	mtDNA	variant_calling_and_population_genetics	mitochondria	2	44930	771410	17.169152	44904	0.999421	44426	0.988783	40162	0.893879	dudleya_organelle_alignment_pipeline/results/05_analysis_masks/mtdna_high_confidence_unique_regions.bed	dudleya_organelle_alignment_pipeline/results/06_all_sample_alignment/qc/CY_HUN_LP_268_Du-687.depth.tsv
CY_RED_LP_202_Du-561	QB3.Berkeley.251217/QB3.Results.260109	D. cymosa	CY_RED	cpdna_full_coverage	cpDNA	sample_qc_coverage	chloroplast	1	150274	57250	0.380971	34637	0.230492	511	0.003400	0	0.000000	dudleya_organelle_alignment_pipeline/results/05_analysis_masks/cpdna_full_coverage_regions.bed	dudleya_organelle_alignment_pipeline/results/06_all_sample_alignment/qc/CY_RED_LP_202_Du-561.depth.tsv
CY_RED_LP_202_Du-561	QB3.Berkeley.251217/QB3.Results.260109	D. cymosa	CY_RED	cpdna_ir_regions	cpDNA	repeat_annotation	chloroplast	2	51472	22523	0.437578	13751	0.267155	213	0.004138	0	0.000000	dudleya_organelle_alignment_pipeline/results/05_analysis_masks/cpdna_ir_regions.bed	dudleya_organelle_alignment_pipeline/results/06_all_sample_alignment/qc/CY_RED_LP_202_Du-561.depth.tsv
CY_RED_LP_202_Du-561	QB3.Berkeley.251217/QB3.Results.260109	D. cymosa	CY_RED	cpdna_duplicate_ir_mask	cpDNA	mask	chloroplast	1	25736	12748	0.495337	7786	0.302533	146	0.005673	0	0.000000	dudleya_organelle_alignment_pipeline/results/05_analysis_masks/cpdna_duplicate_ir_copy_mask.bed	dudleya_organelle_alignment_pipeline/results/06_all_sample_alignment/qc/CY_RED_LP_202_Du-561.depth.tsv
CY_RED_LP_202_Du-561	QB3.Berkeley.251217/QB3.Results.260109	D. cymosa	CY_RED	cpdna_population_sites	cpDNA	variant_calling_and_population_genetics	chloroplast	1	124538	44502	0.357337	26851	0.215605	365	0.002931	0	0.000000	dudleya_organelle_alignment_pipeline/results/05_analysis_masks/cpdna_population_sites.bed	dudleya_organelle_alignment_pipeline/results/06_all_sample_alignment/qc/CY_RED_LP_202_Du-561.depth.tsv
CY_RED_LP_202_Du-561	QB3.Berkeley.251217/QB3.Results.260109	D. cymosa	CY_RED	mtdna_permissive_coverage	mtDNA	sample_qc_coverage	mitochondria	1	243359	6353	0.026105	4087	0.016794	62	0.000255	0	0.000000	dudleya_organelle_alignment_pipeline/results/05_analysis_masks/mtdna_permissive_coverage_regions.bed	dudleya_organelle_alignment_pipeline/results/06_all_sample_alignment/qc/CY_RED_LP_202_Du-561.depth.tsv
CY_RED_LP_202_Du-561	QB3.Berkeley.251217/QB3.Results.260109	D. cymosa	CY_RED	mtdna_high_confidence_unique	mtDNA	variant_calling_and_population_genetics	mitochondria	2	44930	1388	0.030892	1021	0.022724	0	0.000000	0	0.000000	dudleya_organelle_alignment_pipeline/results/05_analysis_masks/mtdna_high_confidence_unique_regions.bed	dudleya_organelle_alignment_pipeline/results/06_all_sample_alignment/qc/CY_RED_LP_202_Du-561.depth.tsv
CY_SIE_LP_188_Du-445	QB3.Berkeley.251217/QB3.Results.260109	D. cymosa	CY_SIE	cpdna_full_coverage	cpDNA	sample_qc_coverage	chloroplast	1	150274	503888815	3353.133709	150274	1.000000	150266	0.999947	150256	0.999880	dudleya_organelle_alignment_pipeline/results/05_analysis_masks/cpdna_full_coverage_regions.bed	dudleya_organelle_alignment_pipeline/results/06_all_sample_alignment/qc/CY_SIE_LP_188_Du-445.depth.tsv
CY_SIE_LP_188_Du-445	QB3.Berkeley.251217/QB3.Results.260109	D. cymosa	CY_SIE	cpdna_ir_regions	cpDNA	repeat_annotation	chloroplast	2	51472	181814617	3532.301387	51472	1.000000	51471	0.999981	51471	0.999981	dudleya_organelle_alignment_pipeline/results/05_analysis_masks/cpdna_ir_regions.bed	dudleya_organelle_alignment_pipeline/results/06_all_sample_alignment/qc/CY_SIE_LP_188_Du-445.depth.tsv
CY_SIE_LP_188_Du-445	QB3.Berkeley.251217/QB3.Results.260109	D. cymosa	CY_SIE	cpdna_duplicate_ir_mask	cpDNA	mask	chloroplast	1	25736	88749872	3448.471868	25736	1.000000	25736	1.000000	25736	1.000000	dudleya_organelle_alignment_pipeline/results/05_analysis_masks/cpdna_duplicate_ir_copy_mask.bed	dudleya_organelle_alignment_pipeline/results/06_all_sample_alignment/qc/CY_SIE_LP_188_Du-445.depth.tsv
CY_SIE_LP_188_Du-445	QB3.Berkeley.251217/QB3.Results.260109	D. cymosa	CY_SIE	cpdna_population_sites	cpDNA	variant_calling_and_population_genetics	chloroplast	1	124538	415138943	3333.431908	124538	1.000000	124530	0.999936	124520	0.999855	dudleya_organelle_alignment_pipeline/results/05_analysis_masks/cpdna_population_sites.bed	dudleya_organelle_alignment_pipeline/results/06_all_sample_alignment/qc/CY_SIE_LP_188_Du-445.depth.tsv
CY_SIE_LP_188_Du-445	QB3.Berkeley.251217/QB3.Results.260109	D. cymosa	CY_SIE	mtdna_permissive_coverage	mtDNA	sample_qc_coverage	mitochondria	1	243359	49460633	203.241438	243083	0.998866	242847	0.997896	242822	0.997793	dudleya_organelle_alignment_pipeline/results/05_analysis_masks/mtdna_permissive_coverage_regions.bed	dudleya_organelle_alignment_pipeline/results/06_all_sample_alignment/qc/CY_SIE_LP_188_Du-445.depth.tsv
CY_SIE_LP_188_Du-445	QB3.Berkeley.251217/QB3.Results.260109	D. cymosa	CY_SIE	mtdna_high_confidence_unique	mtDNA	variant_calling_and_population_genetics	mitochondria	2	44930	15058090	335.145560	44930	1.000000	44930	1.000000	44927	0.999933	dudleya_organelle_alignment_pipeline/results/05_analysis_masks/mtdna_high_confidence_unique_regions.bed	dudleya_organelle_alignment_pipeline/results/06_all_sample_alignment/qc/CY_SIE_LP_188_Du-445.depth.tsv
CY_SIE_LP_189_Du-446	QB3.Berkeley.251217/QB3.Results.260109	D. cymosa	CY_SIE	cpdna_full_coverage	cpDNA	sample_qc_coverage	chloroplast	1	150274	674013206	4485.228356	150267	0.999953	150261	0.999913	150240	0.999774	dudleya_organelle_alignment_pipeline/results/05_analysis_masks/cpdna_full_coverage_regions.bed	dudleya_organelle_alignment_pipeline/results/06_all_sample_alignment/qc/CY_SIE_LP_189_Du-446.depth.tsv
CY_SIE_LP_189_Du-446	QB3.Berkeley.251217/QB3.Results.260109	D. cymosa	CY_SIE	cpdna_ir_regions	cpDNA	repeat_annotation	chloroplast	2	51472	256168482	4976.851142	51472	1.000000	51472	1.000000	51472	1.000000	dudleya_organelle_alignment_pipeline/results/05_analysis_masks/cpdna_ir_regions.bed	dudleya_organelle_alignment_pipeline/results/06_all_sample_alignment/qc/CY_SIE_LP_189_Du-446.depth.tsv
CY_SIE_LP_189_Du-446	QB3.Berkeley.251217/QB3.Results.260109	D. cymosa	CY_SIE	cpdna_duplicate_ir_mask	cpDNA	mask	chloroplast	1	25736	124591365	4841.131683	25736	1.000000	25736	1.000000	25736	1.000000	dudleya_organelle_alignment_pipeline/results/05_analysis_masks/cpdna_duplicate_ir_copy_mask.bed	dudleya_organelle_alignment_pipeline/results/06_all_sample_alignment/qc/CY_SIE_LP_189_Du-446.depth.tsv
CY_SIE_LP_189_Du-446	QB3.Berkeley.251217/QB3.Results.260109	D. cymosa	CY_SIE	cpdna_population_sites	cpDNA	variant_calling_and_population_genetics	chloroplast	1	124538	549421841	4411.680298	124531	0.999944	124525	0.999896	124504	0.999727	dudleya_organelle_alignment_pipeline/results/05_analysis_masks/cpdna_population_sites.bed	dudleya_organelle_alignment_pipeline/results/06_all_sample_alignment/qc/CY_SIE_LP_189_Du-446.depth.tsv
CY_SIE_LP_189_Du-446	QB3.Berkeley.251217/QB3.Results.260109	D. cymosa	CY_SIE	mtdna_permissive_coverage	mtDNA	sample_qc_coverage	mitochondria	1	243359	85417351	350.993187	242891	0.998077	242864	0.997966	242833	0.997839	dudleya_organelle_alignment_pipeline/results/05_analysis_masks/mtdna_permissive_coverage_regions.bed	dudleya_organelle_alignment_pipeline/results/06_all_sample_alignment/qc/CY_SIE_LP_189_Du-446.depth.tsv
CY_SIE_LP_189_Du-446	QB3.Berkeley.251217/QB3.Results.260109	D. cymosa	CY_SIE	mtdna_high_confidence_unique	mtDNA	variant_calling_and_population_genetics	mitochondria	2	44930	25590875	569.572112	44930	1.000000	44930	1.000000	44928	0.999955	dudleya_organelle_alignment_pipeline/results/05_analysis_masks/mtdna_high_confidence_unique_regions.bed	dudleya_organelle_alignment_pipeline/results/06_all_sample_alignment/qc/CY_SIE_LP_189_Du-446.depth.tsv
CY_SIE_LP_190_Du-447	QB3.Berkeley.251217/QB3.Results.260109	D. cymosa	CY_SIE	cpdna_full_coverage	cpDNA	sample_qc_coverage	chloroplast	1	150274	290202763	1931.157506	150267	0.999953	150263	0.999927	150237	0.999754	dudleya_organelle_alignment_pipeline/results/05_analysis_masks/cpdna_full_coverage_regions.bed	dudleya_organelle_alignment_pipeline/results/06_all_sample_alignment/qc/CY_SIE_LP_190_Du-447.depth.tsv
CY_SIE_LP_190_Du-447	QB3.Berkeley.251217/QB3.Results.260109	D. cymosa	CY_SIE	cpdna_ir_regions	cpDNA	repeat_annotation	chloroplast	2	51472	104209082	2024.578062	51472	1.000000	51472	1.000000	51469	0.999942	dudleya_organelle_alignment_pipeline/results/05_analysis_masks/cpdna_ir_regions.bed	dudleya_organelle_alignment_pipeline/results/06_all_sample_alignment/qc/CY_SIE_LP_190_Du-447.depth.tsv
CY_SIE_LP_190_Du-447	QB3.Berkeley.251217/QB3.Results.260109	D. cymosa	CY_SIE	cpdna_duplicate_ir_mask	cpDNA	mask	chloroplast	1	25736	50741953	1971.633237	25736	1.000000	25736	1.000000	25734	0.999922	dudleya_organelle_alignment_pipeline/results/05_analysis_masks/cpdna_duplicate_ir_copy_mask.bed	dudleya_organelle_alignment_pipeline/results/06_all_sample_alignment/qc/CY_SIE_LP_190_Du-447.depth.tsv
CY_SIE_LP_190_Du-447	QB3.Berkeley.251217/QB3.Results.260109	D. cymosa	CY_SIE	cpdna_population_sites	cpDNA	variant_calling_and_population_genetics	chloroplast	1	124538	239460810	1922.793123	124531	0.999944	124527	0.999912	124503	0.999719	dudleya_organelle_alignment_pipeline/results/05_analysis_masks/cpdna_population_sites.bed	dudleya_organelle_alignment_pipeline/results/06_all_sample_alignment/qc/CY_SIE_LP_190_Du-447.depth.tsv
CY_SIE_LP_190_Du-447	QB3.Berkeley.251217/QB3.Results.260109	D. cymosa	CY_SIE	mtdna_permissive_coverage	mtDNA	sample_qc_coverage	mitochondria	1	243359	21517572	88.419052	243119	0.999014	242822	0.997793	242773	0.997592	dudleya_organelle_alignment_pipeline/results/05_analysis_masks/mtdna_permissive_coverage_regions.bed	dudleya_organelle_alignment_pipeline/results/06_all_sample_alignment/qc/CY_SIE_LP_190_Du-447.depth.tsv
CY_SIE_LP_190_Du-447	QB3.Berkeley.251217/QB3.Results.260109	D. cymosa	CY_SIE	mtdna_high_confidence_unique	mtDNA	variant_calling_and_population_genetics	mitochondria	2	44930	6503470	144.746717	44928	0.999955	44927	0.999933	44926	0.999911	dudleya_organelle_alignment_pipeline/results/05_analysis_masks/mtdna_high_confidence_unique_regions.bed	dudleya_organelle_alignment_pipeline/results/06_all_sample_alignment/qc/CY_SIE_LP_190_Du-447.depth.tsv
CY_SIE_LP_191_Du-448	QB3.Berkeley.251217/QB3.Results.260109	D. cymosa	CY_SIE	cpdna_full_coverage	cpDNA	sample_qc_coverage	chloroplast	1	150274	123094812	819.135792	150274	1.000000	150271	0.999980	150270	0.999973	dudleya_organelle_alignment_pipeline/results/05_analysis_masks/cpdna_full_coverage_regions.bed	dudleya_organelle_alignment_pipeline/results/06_all_sample_alignment/qc/CY_SIE_LP_191_Du-448.depth.tsv
CY_SIE_LP_191_Du-448	QB3.Berkeley.251217/QB3.Results.260109	D. cymosa	CY_SIE	cpdna_ir_regions	cpDNA	repeat_annotation	chloroplast	2	51472	48343683	939.222937	51472	1.000000	51469	0.999942	51468	0.999922	dudleya_organelle_alignment_pipeline/results/05_analysis_masks/cpdna_ir_regions.bed	dudleya_organelle_alignment_pipeline/results/06_all_sample_alignment/qc/CY_SIE_LP_191_Du-448.depth.tsv
CY_SIE_LP_191_Du-448	QB3.Berkeley.251217/QB3.Results.260109	D. cymosa	CY_SIE	cpdna_duplicate_ir_mask	cpDNA	mask	chloroplast	1	25736	23482918	912.454072	25736	1.000000	25734	0.999922	25733	0.999883	dudleya_organelle_alignment_pipeline/results/05_analysis_masks/cpdna_duplicate_ir_copy_mask.bed	dudleya_organelle_alignment_pipeline/results/06_all_sample_alignment/qc/CY_SIE_LP_191_Du-448.depth.tsv
CY_SIE_LP_191_Du-448	QB3.Berkeley.251217/QB3.Results.260109	D. cymosa	CY_SIE	cpdna_population_sites	cpDNA	variant_calling_and_population_genetics	chloroplast	1	124538	99611894	799.851403	124538	1.000000	124537	0.999992	124537	0.999992	dudleya_organelle_alignment_pipeline/results/05_analysis_masks/cpdna_population_sites.bed	dudleya_organelle_alignment_pipeline/results/06_all_sample_alignment/qc/CY_SIE_LP_191_Du-448.depth.tsv
CY_SIE_LP_191_Du-448	QB3.Berkeley.251217/QB3.Results.260109	D. cymosa	CY_SIE	mtdna_permissive_coverage	mtDNA	sample_qc_coverage	mitochondria	1	243359	17178593	70.589512	243345	0.999942	243328	0.999873	243316	0.999823	dudleya_organelle_alignment_pipeline/results/05_analysis_masks/mtdna_permissive_coverage_regions.bed	dudleya_organelle_alignment_pipeline/results/06_all_sample_alignment/qc/CY_SIE_LP_191_Du-448.depth.tsv
CY_SIE_LP_191_Du-448	QB3.Berkeley.251217/QB3.Results.260109	D. cymosa	CY_SIE	mtdna_high_confidence_unique	mtDNA	variant_calling_and_population_genetics	mitochondria	2	44930	5078586	113.033296	44929	0.999978	44927	0.999933	44927	0.999933	dudleya_organelle_alignment_pipeline/results/05_analysis_masks/mtdna_high_confidence_unique_regions.bed	dudleya_organelle_alignment_pipeline/results/06_all_sample_alignment/qc/CY_SIE_LP_191_Du-448.depth.tsv
CY_WOO_LP_259_Du-664	QB3.Berkeley.251217/QB3.Results.260109	D. cymosa	CY_WOO	cpdna_full_coverage	cpDNA	sample_qc_coverage	chloroplast	1	150274	53533177	356.237120	150274	1.000000	150267	0.999953	150248	0.999827	dudleya_organelle_alignment_pipeline/results/05_analysis_masks/cpdna_full_coverage_regions.bed	dudleya_organelle_alignment_pipeline/results/06_all_sample_alignment/qc/CY_WOO_LP_259_Du-664.depth.tsv
CY_WOO_LP_259_Du-664	QB3.Berkeley.251217/QB3.Results.260109	D. cymosa	CY_WOO	cpdna_ir_regions	cpDNA	repeat_annotation	chloroplast	2	51472	19244792	373.888561	51472	1.000000	51465	0.999864	51452	0.999611	dudleya_organelle_alignment_pipeline/results/05_analysis_masks/cpdna_ir_regions.bed	dudleya_organelle_alignment_pipeline/results/06_all_sample_alignment/qc/CY_WOO_LP_259_Du-664.depth.tsv
CY_WOO_LP_259_Du-664	QB3.Berkeley.251217/QB3.Results.260109	D. cymosa	CY_WOO	cpdna_duplicate_ir_mask	cpDNA	mask	chloroplast	1	25736	9366122	363.930758	25736	1.000000	25730	0.999767	25720	0.999378	dudleya_organelle_alignment_pipeline/results/05_analysis_masks/cpdna_duplicate_ir_copy_mask.bed	dudleya_organelle_alignment_pipeline/results/06_all_sample_alignment/qc/CY_WOO_LP_259_Du-664.depth.tsv
CY_WOO_LP_259_Du-664	QB3.Berkeley.251217/QB3.Results.260109	D. cymosa	CY_WOO	cpdna_population_sites	cpDNA	variant_calling_and_population_genetics	chloroplast	1	124538	44167055	354.647216	124538	1.000000	124537	0.999992	124528	0.999920	dudleya_organelle_alignment_pipeline/results/05_analysis_masks/cpdna_population_sites.bed	dudleya_organelle_alignment_pipeline/results/06_all_sample_alignment/qc/CY_WOO_LP_259_Du-664.depth.tsv
CY_WOO_LP_259_Du-664	QB3.Berkeley.251217/QB3.Results.260109	D. cymosa	CY_WOO	mtdna_permissive_coverage	mtDNA	sample_qc_coverage	mitochondria	1	243359	3347509	13.755435	230033	0.945241	223027	0.916453	172546	0.709018	dudleya_organelle_alignment_pipeline/results/05_analysis_masks/mtdna_permissive_coverage_regions.bed	dudleya_organelle_alignment_pipeline/results/06_all_sample_alignment/qc/CY_WOO_LP_259_Du-664.depth.tsv
CY_WOO_LP_259_Du-664	QB3.Berkeley.251217/QB3.Results.260109	D. cymosa	CY_WOO	mtdna_high_confidence_unique	mtDNA	variant_calling_and_population_genetics	mitochondria	2	44930	1077775	23.987870	44927	0.999933	44922	0.999822	44781	0.996684	dudleya_organelle_alignment_pipeline/results/05_analysis_masks/mtdna_high_confidence_unique_regions.bed	dudleya_organelle_alignment_pipeline/results/06_all_sample_alignment/qc/CY_WOO_LP_259_Du-664.depth.tsv
CY_WOO_LP_260_Du-665	QB3.Berkeley.251217/QB3.Results.260109	D. cymosa	CY_WOO	cpdna_full_coverage	cpDNA	sample_qc_coverage	chloroplast	1	150274	42468256	282.605481	150272	0.999987	150261	0.999913	150243	0.999794	dudleya_organelle_alignment_pipeline/results/05_analysis_masks/cpdna_full_coverage_regions.bed	dudleya_organelle_alignment_pipeline/results/06_all_sample_alignment/qc/CY_WOO_LP_260_Du-665.depth.tsv
CY_WOO_LP_260_Du-665	QB3.Berkeley.251217/QB3.Results.260109	D. cymosa	CY_WOO	cpdna_ir_regions	cpDNA	repeat_annotation	chloroplast	2	51472	14775406	287.057157	51470	0.999961	51460	0.999767	51449	0.999553	dudleya_organelle_alignment_pipeline/results/05_analysis_masks/cpdna_ir_regions.bed	dudleya_organelle_alignment_pipeline/results/06_all_sample_alignment/qc/CY_WOO_LP_260_Du-665.depth.tsv
CY_WOO_LP_260_Du-665	QB3.Berkeley.251217/QB3.Results.260109	D. cymosa	CY_WOO	cpdna_duplicate_ir_mask	cpDNA	mask	chloroplast	1	25736	7227855	280.846091	25735	0.999961	25726	0.999611	25717	0.999262	dudleya_organelle_alignment_pipeline/results/05_analysis_masks/cpdna_duplicate_ir_copy_mask.bed	dudleya_organelle_alignment_pipeline/results/06_all_sample_alignment/qc/CY_WOO_LP_260_Du-665.depth.tsv
CY_WOO_LP_260_Du-665	QB3.Berkeley.251217/QB3.Results.260109	D. cymosa	CY_WOO	cpdna_population_sites	cpDNA	variant_calling_and_population_genetics	chloroplast	1	124538	35240401	282.969062	124537	0.999992	124535	0.999976	124526	0.999904	dudleya_organelle_alignment_pipeline/results/05_analysis_masks/cpdna_population_sites.bed	dudleya_organelle_alignment_pipeline/results/06_all_sample_alignment/qc/CY_WOO_LP_260_Du-665.depth.tsv
CY_WOO_LP_260_Du-665	QB3.Berkeley.251217/QB3.Results.260109	D. cymosa	CY_WOO	mtdna_permissive_coverage	mtDNA	sample_qc_coverage	mitochondria	1	243359	3585585	14.733727	229920	0.944777	223598	0.918799	178677	0.734212	dudleya_organelle_alignment_pipeline/results/05_analysis_masks/mtdna_permissive_coverage_regions.bed	dudleya_organelle_alignment_pipeline/results/06_all_sample_alignment/qc/CY_WOO_LP_260_Du-665.depth.tsv
CY_WOO_LP_260_Du-665	QB3.Berkeley.251217/QB3.Results.260109	D. cymosa	CY_WOO	mtdna_high_confidence_unique	mtDNA	variant_calling_and_population_genetics	mitochondria	2	44930	1165080	25.931004	44928	0.999955	44925	0.999889	44592	0.992477	dudleya_organelle_alignment_pipeline/results/05_analysis_masks/mtdna_high_confidence_unique_regions.bed	dudleya_organelle_alignment_pipeline/results/06_all_sample_alignment/qc/CY_WOO_LP_260_Du-665.depth.tsv
CY_WOO_LP_261_Du-667	QB3.Berkeley.251217/QB3.Results.260109	D. cymosa	CY_WOO	cpdna_full_coverage	cpDNA	sample_qc_coverage	chloroplast	1	150274	13648858	90.826477	150266	0.999947	150240	0.999774	150155	0.999208	dudleya_organelle_alignment_pipeline/results/05_analysis_masks/cpdna_full_coverage_regions.bed	dudleya_organelle_alignment_pipeline/results/06_all_sample_alignment/qc/CY_WOO_LP_261_Du-667.depth.tsv
CY_WOO_LP_261_Du-667	QB3.Berkeley.251217/QB3.Results.260109	D. cymosa	CY_WOO	cpdna_ir_regions	cpDNA	repeat_annotation	chloroplast	2	51472	4487678	87.186781	51464	0.999845	51441	0.999398	51366	0.997941	dudleya_organelle_alignment_pipeline/results/05_analysis_masks/cpdna_ir_regions.bed	dudleya_organelle_alignment_pipeline/results/06_all_sample_alignment/qc/CY_WOO_LP_261_Du-667.depth.tsv
CY_WOO_LP_261_Du-667	QB3.Berkeley.251217/QB3.Results.260109	D. cymosa	CY_WOO	cpdna_duplicate_ir_mask	cpDNA	mask	chloroplast	1	25736	2217775	86.174036	25729	0.999728	25714	0.999145	25662	0.997125	dudleya_organelle_alignment_pipeline/results/05_analysis_masks/cpdna_duplicate_ir_copy_mask.bed	dudleya_organelle_alignment_pipeline/results/06_all_sample_alignment/qc/CY_WOO_LP_261_Du-667.depth.tsv
CY_WOO_LP_261_Du-667	QB3.Berkeley.251217/QB3.Results.260109	D. cymosa	CY_WOO	cpdna_population_sites	cpDNA	variant_calling_and_population_genetics	chloroplast	1	124538	11431083	91.787912	124537	0.999992	124526	0.999904	124493	0.999639	dudleya_organelle_alignment_pipeline/results/05_analysis_masks/cpdna_population_sites.bed	dudleya_organelle_alignment_pipeline/results/06_all_sample_alignment/qc/CY_WOO_LP_261_Du-667.depth.tsv
CY_WOO_LP_261_Du-667	QB3.Berkeley.251217/QB3.Results.260109	D. cymosa	CY_WOO	mtdna_permissive_coverage	mtDNA	sample_qc_coverage	mitochondria	1	243359	2892945	11.887561	229321	0.942316	207622	0.853151	139159	0.571826	dudleya_organelle_alignment_pipeline/results/05_analysis_masks/mtdna_permissive_coverage_regions.bed	dudleya_organelle_alignment_pipeline/results/06_all_sample_alignment/qc/CY_WOO_LP_261_Du-667.depth.tsv
CY_WOO_LP_261_Du-667	QB3.Berkeley.251217/QB3.Results.260109	D. cymosa	CY_WOO	mtdna_high_confidence_unique	mtDNA	variant_calling_and_population_genetics	mitochondria	2	44930	932572	20.756110	44927	0.999933	44639	0.993523	42326	0.942043	dudleya_organelle_alignment_pipeline/results/05_analysis_masks/mtdna_high_confidence_unique_regions.bed	dudleya_organelle_alignment_pipeline/results/06_all_sample_alignment/qc/CY_WOO_LP_261_Du-667.depth.tsv
CY_WOO_LP_262_Du-668	QB3.Berkeley.251217/QB3.Results.260109	D. cymosa	CY_WOO	cpdna_full_coverage	cpDNA	sample_qc_coverage	chloroplast	1	150274	72734877	484.015046	150274	1.000000	150266	0.999947	150262	0.999920	dudleya_organelle_alignment_pipeline/results/05_analysis_masks/cpdna_full_coverage_regions.bed	dudleya_organelle_alignment_pipeline/results/06_all_sample_alignment/qc/CY_WOO_LP_262_Du-668.depth.tsv
CY_WOO_LP_262_Du-668	QB3.Berkeley.251217/QB3.Results.260109	D. cymosa	CY_WOO	cpdna_ir_regions	cpDNA	repeat_annotation	chloroplast	2	51472	25274993	491.043538	51472	1.000000	51464	0.999845	51461	0.999786	dudleya_organelle_alignment_pipeline/results/05_analysis_masks/cpdna_ir_regions.bed	dudleya_organelle_alignment_pipeline/results/06_all_sample_alignment/qc/CY_WOO_LP_262_Du-668.depth.tsv
CY_WOO_LP_262_Du-668	QB3.Berkeley.251217/QB3.Results.260109	D. cymosa	CY_WOO	cpdna_duplicate_ir_mask	cpDNA	mask	chloroplast	1	25736	12484067	485.081870	25736	1.000000	25730	0.999767	25728	0.999689	dudleya_organelle_alignment_pipeline/results/05_analysis_masks/cpdna_duplicate_ir_copy_mask.bed	dudleya_organelle_alignment_pipeline/results/06_all_sample_alignment/qc/CY_WOO_LP_262_Du-668.depth.tsv
CY_WOO_LP_262_Du-668	QB3.Berkeley.251217/QB3.Results.260109	D. cymosa	CY_WOO	cpdna_population_sites	cpDNA	variant_calling_and_population_genetics	chloroplast	1	124538	60250810	483.794585	124538	1.000000	124536	0.999984	124534	0.999968	dudleya_organelle_alignment_pipeline/results/05_analysis_masks/cpdna_population_sites.bed	dudleya_organelle_alignment_pipeline/results/06_all_sample_alignment/qc/CY_WOO_LP_262_Du-668.depth.tsv
CY_WOO_LP_262_Du-668	QB3.Berkeley.251217/QB3.Results.260109	D. cymosa	CY_WOO	mtdna_permissive_coverage	mtDNA	sample_qc_coverage	mitochondria	1	243359	6390078	26.257825	230359	0.946581	229808	0.944317	226779	0.931870	dudleya_organelle_alignment_pipeline/results/05_analysis_masks/mtdna_permissive_coverage_regions.bed	dudleya_organelle_alignment_pipeline/results/06_all_sample_alignment/qc/CY_WOO_LP_262_Du-668.depth.tsv
CY_WOO_LP_262_Du-668	QB3.Berkeley.251217/QB3.Results.260109	D. cymosa	CY_WOO	mtdna_high_confidence_unique	mtDNA	variant_calling_and_population_genetics	mitochondria	2	44930	2018976	44.936034	44927	0.999933	44921	0.999800	44909	0.999533	dudleya_organelle_alignment_pipeline/results/05_analysis_masks/mtdna_high_confidence_unique_regions.bed	dudleya_organelle_alignment_pipeline/results/06_all_sample_alignment/qc/CY_WOO_LP_262_Du-668.depth.tsv
CY_WOO_LP_263_Du-669	QB3.Berkeley.251217/QB3.Results.260109	D. cymosa	CY_WOO	cpdna_full_coverage	cpDNA	sample_qc_coverage	chloroplast	1	150274	60489313	402.526804	150273	0.999993	150264	0.999933	150249	0.999834	dudleya_organelle_alignment_pipeline/results/05_analysis_masks/cpdna_full_coverage_regions.bed	dudleya_organelle_alignment_pipeline/results/06_all_sample_alignment/qc/CY_WOO_LP_263_Du-669.depth.tsv
CY_WOO_LP_263_Du-669	QB3.Berkeley.251217/QB3.Results.260109	D. cymosa	CY_WOO	cpdna_ir_regions	cpDNA	repeat_annotation	chloroplast	2	51472	21810598	423.737139	51471	0.999981	51462	0.999806	51452	0.999611	dudleya_organelle_alignment_pipeline/results/05_analysis_masks/cpdna_ir_regions.bed	dudleya_organelle_alignment_pipeline/results/06_all_sample_alignment/qc/CY_WOO_LP_263_Du-669.depth.tsv
CY_WOO_LP_263_Du-669	QB3.Berkeley.251217/QB3.Results.260109	D. cymosa	CY_WOO	cpdna_duplicate_ir_mask	cpDNA	mask	chloroplast	1	25736	10689928	415.368666	25736	1.000000	25728	0.999689	25721	0.999417	dudleya_organelle_alignment_pipeline/results/05_analysis_masks/cpdna_duplicate_ir_copy_mask.bed	dudleya_organelle_alignment_pipeline/results/06_all_sample_alignment/qc/CY_WOO_LP_263_Du-669.depth.tsv
CY_WOO_LP_263_Du-669	QB3.Berkeley.251217/QB3.Results.260109	D. cymosa	CY_WOO	cpdna_population_sites	cpDNA	variant_calling_and_population_genetics	chloroplast	1	124538	49799385	399.873011	124537	0.999992	124536	0.999984	124528	0.999920	dudleya_organelle_alignment_pipeline/results/05_analysis_masks/cpdna_population_sites.bed	dudleya_organelle_alignment_pipeline/results/06_all_sample_alignment/qc/CY_WOO_LP_263_Du-669.depth.tsv
CY_WOO_LP_263_Du-669	QB3.Berkeley.251217/QB3.Results.260109	D. cymosa	CY_WOO	mtdna_permissive_coverage	mtDNA	sample_qc_coverage	mitochondria	1	243359	6065666	24.924765	230281	0.946260	229821	0.944370	226126	0.929187	dudleya_organelle_alignment_pipeline/results/05_analysis_masks/mtdna_permissive_coverage_regions.bed	dudleya_organelle_alignment_pipeline/results/06_all_sample_alignment/qc/CY_WOO_LP_263_Du-669.depth.tsv
CY_WOO_LP_263_Du-669	QB3.Berkeley.251217/QB3.Results.260109	D. cymosa	CY_WOO	mtdna_high_confidence_unique	mtDNA	variant_calling_and_population_genetics	mitochondria	2	44930	1931309	42.984843	44928	0.999955	44926	0.999911	44917	0.999711	dudleya_organelle_alignment_pipeline/results/05_analysis_masks/mtdna_high_confidence_unique_regions.bed	dudleya_organelle_alignment_pipeline/results/06_all_sample_alignment/qc/CY_WOO_LP_263_Du-669.depth.tsv
DAN_LP_043_Du-68	QB3.Berkeley.251217/QB3.Results.260109	D. setchellii	DAN	cpdna_full_coverage	cpDNA	sample_qc_coverage	chloroplast	1	150274	42953757	285.836252	150271	0.999980	150264	0.999933	150250	0.999840	dudleya_organelle_alignment_pipeline/results/05_analysis_masks/cpdna_full_coverage_regions.bed	dudleya_organelle_alignment_pipeline/results/06_all_sample_alignment/qc/DAN_LP_043_Du-68.depth.tsv
DAN_LP_043_Du-68	QB3.Berkeley.251217/QB3.Results.260109	D. setchellii	DAN	cpdna_ir_regions	cpDNA	repeat_annotation	chloroplast	2	51472	14611462	283.872047	51469	0.999942	51462	0.999806	51449	0.999553	dudleya_organelle_alignment_pipeline/results/05_analysis_masks/cpdna_ir_regions.bed	dudleya_organelle_alignment_pipeline/results/06_all_sample_alignment/qc/DAN_LP_043_Du-68.depth.tsv
DAN_LP_043_Du-68	QB3.Berkeley.251217/QB3.Results.260109	D. setchellii	DAN	cpdna_duplicate_ir_mask	cpDNA	mask	chloroplast	1	25736	7158951	278.168752	25733	0.999883	25728	0.999689	25715	0.999184	dudleya_organelle_alignment_pipeline/results/05_analysis_masks/cpdna_duplicate_ir_copy_mask.bed	dudleya_organelle_alignment_pipeline/results/06_all_sample_alignment/qc/DAN_LP_043_Du-68.depth.tsv
DAN_LP_043_Du-68	QB3.Berkeley.251217/QB3.Results.260109	D. setchellii	DAN	cpdna_population_sites	cpDNA	variant_calling_and_population_genetics	chloroplast	1	124538	35794806	287.420755	124538	1.000000	124536	0.999984	124535	0.999976	dudleya_organelle_alignment_pipeline/results/05_analysis_masks/cpdna_population_sites.bed	dudleya_organelle_alignment_pipeline/results/06_all_sample_alignment/qc/DAN_LP_043_Du-68.depth.tsv
DAN_LP_043_Du-68	QB3.Berkeley.251217/QB3.Results.260109	D. setchellii	DAN	mtdna_permissive_coverage	mtDNA	sample_qc_coverage	mitochondria	1	243359	4769532	19.598749	243171	0.999227	241323	0.991634	220505	0.906089	dudleya_organelle_alignment_pipeline/results/05_analysis_masks/mtdna_permissive_coverage_regions.bed	dudleya_organelle_alignment_pipeline/results/06_all_sample_alignment/qc/DAN_LP_043_Du-68.depth.tsv
DAN_LP_043_Du-68	QB3.Berkeley.251217/QB3.Results.260109	D. setchellii	DAN	mtdna_high_confidence_unique	mtDNA	variant_calling_and_population_genetics	mitochondria	2	44930	1436066	31.962297	44744	0.995860	44743	0.995838	44741	0.995793	dudleya_organelle_alignment_pipeline/results/05_analysis_masks/mtdna_high_confidence_unique_regions.bed	dudleya_organelle_alignment_pipeline/results/06_all_sample_alignment/qc/DAN_LP_043_Du-68.depth.tsv
DAN_LP_044_Du-69	QB3.Berkeley.251217/QB3.Results.260109	D. setchellii	DAN	cpdna_full_coverage	cpDNA	sample_qc_coverage	chloroplast	1	150274	88636857	589.834948	150273	0.999993	150272	0.999987	150265	0.999940	dudleya_organelle_alignment_pipeline/results/05_analysis_masks/cpdna_full_coverage_regions.bed	dudleya_organelle_alignment_pipeline/results/06_all_sample_alignment/qc/DAN_LP_044_Du-69.depth.tsv
DAN_LP_044_Du-69	QB3.Berkeley.251217/QB3.Results.260109	D. setchellii	DAN	cpdna_ir_regions	cpDNA	repeat_annotation	chloroplast	2	51472	34288253	666.153501	51471	0.999981	51470	0.999961	51463	0.999825	dudleya_organelle_alignment_pipeline/results/05_analysis_masks/cpdna_ir_regions.bed	dudleya_organelle_alignment_pipeline/results/06_all_sample_alignment/qc/DAN_LP_044_Du-69.depth.tsv
DAN_LP_044_Du-69	QB3.Berkeley.251217/QB3.Results.260109	D. setchellii	DAN	cpdna_duplicate_ir_mask	cpDNA	mask	chloroplast	1	25736	16723545	649.811354	25736	1.000000	25735	0.999961	25730	0.999767	dudleya_organelle_alignment_pipeline/results/05_analysis_masks/cpdna_duplicate_ir_copy_mask.bed	dudleya_organelle_alignment_pipeline/results/06_all_sample_alignment/qc/DAN_LP_044_Du-69.depth.tsv
DAN_LP_044_Du-69	QB3.Berkeley.251217/QB3.Results.260109	D. setchellii	DAN	cpdna_population_sites	cpDNA	variant_calling_and_population_genetics	chloroplast	1	124538	71913312	577.440717	124537	0.999992	124537	0.999992	124535	0.999976	dudleya_organelle_alignment_pipeline/results/05_analysis_masks/cpdna_population_sites.bed	dudleya_organelle_alignment_pipeline/results/06_all_sample_alignment/qc/DAN_LP_044_Du-69.depth.tsv
DAN_LP_044_Du-69	QB3.Berkeley.251217/QB3.Results.260109	D. setchellii	DAN	mtdna_permissive_coverage	mtDNA	sample_qc_coverage	mitochondria	1	243359	12707877	52.218644	243192	0.999314	243113	0.998989	243085	0.998874	dudleya_organelle_alignment_pipeline/results/05_analysis_masks/mtdna_permissive_coverage_regions.bed	dudleya_organelle_alignment_pipeline/results/06_all_sample_alignment/qc/DAN_LP_044_Du-69.depth.tsv
DAN_LP_044_Du-69	QB3.Berkeley.251217/QB3.Results.260109	D. setchellii	DAN	mtdna_high_confidence_unique	mtDNA	variant_calling_and_population_genetics	mitochondria	2	44930	3928763	87.441865	44763	0.996283	44743	0.995838	44743	0.995838	dudleya_organelle_alignment_pipeline/results/05_analysis_masks/mtdna_high_confidence_unique_regions.bed	dudleya_organelle_alignment_pipeline/results/06_all_sample_alignment/qc/DAN_LP_044_Du-69.depth.tsv
DAN_LP_045_Du-70	QB3.Berkeley.251217/QB3.Results.260109	D. setchellii	DAN	cpdna_full_coverage	cpDNA	sample_qc_coverage	chloroplast	1	150274	495985988	3300.544259	150274	1.000000	150274	1.000000	150274	1.000000	dudleya_organelle_alignment_pipeline/results/05_analysis_masks/cpdna_full_coverage_regions.bed	dudleya_organelle_alignment_pipeline/results/06_all_sample_alignment/qc/DAN_LP_045_Du-70.depth.tsv
DAN_LP_045_Du-70	QB3.Berkeley.251217/QB3.Results.260109	D. setchellii	DAN	cpdna_ir_regions	cpDNA	repeat_annotation	chloroplast	2	51472	183901954	3572.854251	51472	1.000000	51472	1.000000	51472	1.000000	dudleya_organelle_alignment_pipeline/results/05_analysis_masks/cpdna_ir_regions.bed	dudleya_organelle_alignment_pipeline/results/06_all_sample_alignment/qc/DAN_LP_045_Du-70.depth.tsv
DAN_LP_045_Du-70	QB3.Berkeley.251217/QB3.Results.260109	D. setchellii	DAN	cpdna_duplicate_ir_mask	cpDNA	mask	chloroplast	1	25736	89222061	3466.819280	25736	1.000000	25736	1.000000	25736	1.000000	dudleya_organelle_alignment_pipeline/results/05_analysis_masks/cpdna_duplicate_ir_copy_mask.bed	dudleya_organelle_alignment_pipeline/results/06_all_sample_alignment/qc/DAN_LP_045_Du-70.depth.tsv
DAN_LP_045_Du-70	QB3.Berkeley.251217/QB3.Results.260109	D. setchellii	DAN	cpdna_population_sites	cpDNA	variant_calling_and_population_genetics	chloroplast	1	124538	406763927	3266.183229	124538	1.000000	124538	1.000000	124538	1.000000	dudleya_organelle_alignment_pipeline/results/05_analysis_masks/cpdna_population_sites.bed	dudleya_organelle_alignment_pipeline/results/06_all_sample_alignment/qc/DAN_LP_045_Du-70.depth.tsv
DAN_LP_045_Du-70	QB3.Berkeley.251217/QB3.Results.260109	D. setchellii	DAN	mtdna_permissive_coverage	mtDNA	sample_qc_coverage	mitochondria	1	243359	85444764	351.105831	243242	0.999519	243166	0.999207	243160	0.999182	dudleya_organelle_alignment_pipeline/results/05_analysis_masks/mtdna_permissive_coverage_regions.bed	dudleya_organelle_alignment_pipeline/results/06_all_sample_alignment/qc/DAN_LP_045_Du-70.depth.tsv
DAN_LP_045_Du-70	QB3.Berkeley.251217/QB3.Results.260109	D. setchellii	DAN	mtdna_high_confidence_unique	mtDNA	variant_calling_and_population_genetics	mitochondria	2	44930	25471305	566.910861	44813	0.997396	44743	0.995838	44743	0.995838	dudleya_organelle_alignment_pipeline/results/05_analysis_masks/mtdna_high_confidence_unique_regions.bed	dudleya_organelle_alignment_pipeline/results/06_all_sample_alignment/qc/DAN_LP_045_Du-70.depth.tsv
DAN_LP_046_Du-71	QB3.Berkeley.251217/QB3.Results.260109	D. setchellii	DAN	cpdna_full_coverage	cpDNA	sample_qc_coverage	chloroplast	1	150274	578695443	3850.935245	150274	1.000000	150274	1.000000	150273	0.999993	dudleya_organelle_alignment_pipeline/results/05_analysis_masks/cpdna_full_coverage_regions.bed	dudleya_organelle_alignment_pipeline/results/06_all_sample_alignment/qc/DAN_LP_046_Du-71.depth.tsv
DAN_LP_046_Du-71	QB3.Berkeley.251217/QB3.Results.260109	D. setchellii	DAN	cpdna_ir_regions	cpDNA	repeat_annotation	chloroplast	2	51472	201216430	3909.240558	51472	1.000000	51472	1.000000	51471	0.999981	dudleya_organelle_alignment_pipeline/results/05_analysis_masks/cpdna_ir_regions.bed	dudleya_organelle_alignment_pipeline/results/06_all_sample_alignment/qc/DAN_LP_046_Du-71.depth.tsv
DAN_LP_046_Du-71	QB3.Berkeley.251217/QB3.Results.260109	D. setchellii	DAN	cpdna_duplicate_ir_mask	cpDNA	mask	chloroplast	1	25736	98376307	3822.517369	25736	1.000000	25736	1.000000	25735	0.999961	dudleya_organelle_alignment_pipeline/results/05_analysis_masks/cpdna_duplicate_ir_copy_mask.bed	dudleya_organelle_alignment_pipeline/results/06_all_sample_alignment/qc/DAN_LP_046_Du-71.depth.tsv
DAN_LP_046_Du-71	QB3.Berkeley.251217/QB3.Results.260109	D. setchellii	DAN	cpdna_population_sites	cpDNA	variant_calling_and_population_genetics	chloroplast	1	124538	480319136	3856.807850	124538	1.000000	124538	1.000000	124538	1.000000	dudleya_organelle_alignment_pipeline/results/05_analysis_masks/cpdna_population_sites.bed	dudleya_organelle_alignment_pipeline/results/06_all_sample_alignment/qc/DAN_LP_046_Du-71.depth.tsv
DAN_LP_046_Du-71	QB3.Berkeley.251217/QB3.Results.260109	D. setchellii	DAN	mtdna_permissive_coverage	mtDNA	sample_qc_coverage	mitochondria	1	243359	79857069	328.145123	243245	0.999532	243219	0.999425	243194	0.999322	dudleya_organelle_alignment_pipeline/results/05_analysis_masks/mtdna_permissive_coverage_regions.bed	dudleya_organelle_alignment_pipeline/results/06_all_sample_alignment/qc/DAN_LP_046_Du-71.depth.tsv
DAN_LP_046_Du-71	QB3.Berkeley.251217/QB3.Results.260109	D. setchellii	DAN	mtdna_high_confidence_unique	mtDNA	variant_calling_and_population_genetics	mitochondria	2	44930	24283071	540.464523	44816	0.997463	44792	0.996929	44773	0.996506	dudleya_organelle_alignment_pipeline/results/05_analysis_masks/mtdna_high_confidence_unique_regions.bed	dudleya_organelle_alignment_pipeline/results/06_all_sample_alignment/qc/DAN_LP_046_Du-71.depth.tsv
DAN_LP_047_Du-72	QB3.Berkeley.251217/QB3.Results.260109	D. setchellii	DAN	cpdna_full_coverage	cpDNA	sample_qc_coverage	chloroplast	1	150274	78012719	519.136504	150273	0.999993	150259	0.999900	150249	0.999834	dudleya_organelle_alignment_pipeline/results/05_analysis_masks/cpdna_full_coverage_regions.bed	dudleya_organelle_alignment_pipeline/results/06_all_sample_alignment/qc/DAN_LP_047_Du-72.depth.tsv
DAN_LP_047_Du-72	QB3.Berkeley.251217/QB3.Results.260109	D. setchellii	DAN	cpdna_ir_regions	cpDNA	repeat_annotation	chloroplast	2	51472	27447375	533.248659	51471	0.999981	51457	0.999709	51447	0.999514	dudleya_organelle_alignment_pipeline/results/05_analysis_masks/cpdna_ir_regions.bed	dudleya_organelle_alignment_pipeline/results/06_all_sample_alignment/qc/DAN_LP_047_Du-72.depth.tsv
DAN_LP_047_Du-72	QB3.Berkeley.251217/QB3.Results.260109	D. setchellii	DAN	cpdna_duplicate_ir_mask	cpDNA	mask	chloroplast	1	25736	13430118	521.841700	25736	1.000000	25723	0.999495	25713	0.999106	dudleya_organelle_alignment_pipeline/results/05_analysis_masks/cpdna_duplicate_ir_copy_mask.bed	dudleya_organelle_alignment_pipeline/results/06_all_sample_alignment/qc/DAN_LP_047_Du-72.depth.tsv
DAN_LP_047_Du-72	QB3.Berkeley.251217/QB3.Results.260109	D. setchellii	DAN	cpdna_population_sites	cpDNA	variant_calling_and_population_genetics	chloroplast	1	124538	64582601	518.577470	124537	0.999992	124536	0.999984	124536	0.999984	dudleya_organelle_alignment_pipeline/results/05_analysis_masks/cpdna_population_sites.bed	dudleya_organelle_alignment_pipeline/results/06_all_sample_alignment/qc/DAN_LP_047_Du-72.depth.tsv
DAN_LP_047_Du-72	QB3.Berkeley.251217/QB3.Results.260109	D. setchellii	DAN	mtdna_permissive_coverage	mtDNA	sample_qc_coverage	mitochondria	1	243359	8673415	35.640412	243162	0.999190	243127	0.999047	242890	0.998073	dudleya_organelle_alignment_pipeline/results/05_analysis_masks/mtdna_permissive_coverage_regions.bed	dudleya_organelle_alignment_pipeline/results/06_all_sample_alignment/qc/DAN_LP_047_Du-72.depth.tsv
DAN_LP_047_Du-72	QB3.Berkeley.251217/QB3.Results.260109	D. setchellii	DAN	mtdna_high_confidence_unique	mtDNA	variant_calling_and_population_genetics	mitochondria	2	44930	2688537	59.838349	44743	0.995838	44743	0.995838	44743	0.995838	dudleya_organelle_alignment_pipeline/results/05_analysis_masks/mtdna_high_confidence_unique_regions.bed	dudleya_organelle_alignment_pipeline/results/06_all_sample_alignment/qc/DAN_LP_047_Du-72.depth.tsv
DOV_LP_078_Du-174	QB3.Berkeley.251217/QB3.Results.260109	D. setchellii	DOV	cpdna_full_coverage	cpDNA	sample_qc_coverage	chloroplast	1	150274	27403345	182.355863	150269	0.999967	150244	0.999800	150203	0.999528	dudleya_organelle_alignment_pipeline/results/05_analysis_masks/cpdna_full_coverage_regions.bed	dudleya_organelle_alignment_pipeline/results/06_all_sample_alignment/qc/DOV_LP_078_Du-174.depth.tsv
DOV_LP_078_Du-174	QB3.Berkeley.251217/QB3.Results.260109	D. setchellii	DOV	cpdna_ir_regions	cpDNA	repeat_annotation	chloroplast	2	51472	10458867	203.195271	51471	0.999981	51451	0.999592	51416	0.998912	dudleya_organelle_alignment_pipeline/results/05_analysis_masks/cpdna_ir_regions.bed	dudleya_organelle_alignment_pipeline/results/06_all_sample_alignment/qc/DOV_LP_078_Du-174.depth.tsv
DOV_LP_078_Du-174	QB3.Berkeley.251217/QB3.Results.260109	D. setchellii	DOV	cpdna_duplicate_ir_mask	cpDNA	mask	chloroplast	1	25736	5046221	196.076352	25735	0.999961	25719	0.999339	25691	0.998251	dudleya_organelle_alignment_pipeline/results/05_analysis_masks/cpdna_duplicate_ir_copy_mask.bed	dudleya_organelle_alignment_pipeline/results/06_all_sample_alignment/qc/DOV_LP_078_Du-174.depth.tsv
DOV_LP_078_Du-174	QB3.Berkeley.251217/QB3.Results.260109	D. setchellii	DOV	cpdna_population_sites	cpDNA	variant_calling_and_population_genetics	chloroplast	1	124538	22357124	179.520500	124534	0.999968	124525	0.999896	124512	0.999791	dudleya_organelle_alignment_pipeline/results/05_analysis_masks/cpdna_population_sites.bed	dudleya_organelle_alignment_pipeline/results/06_all_sample_alignment/qc/DOV_LP_078_Du-174.depth.tsv
DOV_LP_078_Du-174	QB3.Berkeley.251217/QB3.Results.260109	D. setchellii	DOV	mtdna_permissive_coverage	mtDNA	sample_qc_coverage	mitochondria	1	243359	3326086	13.667405	230072	0.945402	223043	0.916518	168581	0.692726	dudleya_organelle_alignment_pipeline/results/05_analysis_masks/mtdna_permissive_coverage_regions.bed	dudleya_organelle_alignment_pipeline/results/06_all_sample_alignment/qc/DOV_LP_078_Du-174.depth.tsv
DOV_LP_078_Du-174	QB3.Berkeley.251217/QB3.Results.260109	D. setchellii	DOV	mtdna_high_confidence_unique	mtDNA	variant_calling_and_population_genetics	mitochondria	2	44930	1094703	24.364634	44930	1.000000	44893	0.999176	44663	0.994057	dudleya_organelle_alignment_pipeline/results/05_analysis_masks/mtdna_high_confidence_unique_regions.bed	dudleya_organelle_alignment_pipeline/results/06_all_sample_alignment/qc/DOV_LP_078_Du-174.depth.tsv
DOV_LP_079_Du-175	QB3.Berkeley.251217/QB3.Results.260109	D. setchellii	DOV	cpdna_full_coverage	cpDNA	sample_qc_coverage	chloroplast	1	150274	224980907	1497.137941	150274	1.000000	150273	0.999993	150272	0.999987	dudleya_organelle_alignment_pipeline/results/05_analysis_masks/cpdna_full_coverage_regions.bed	dudleya_organelle_alignment_pipeline/results/06_all_sample_alignment/qc/DOV_LP_079_Du-175.depth.tsv
DOV_LP_079_Du-175	QB3.Berkeley.251217/QB3.Results.260109	D. setchellii	DOV	cpdna_ir_regions	cpDNA	repeat_annotation	chloroplast	2	51472	84397657	1639.680933	51472	1.000000	51471	0.999981	51471	0.999981	dudleya_organelle_alignment_pipeline/results/05_analysis_masks/cpdna_ir_regions.bed	dudleya_organelle_alignment_pipeline/results/06_all_sample_alignment/qc/DOV_LP_079_Du-175.depth.tsv
DOV_LP_079_Du-175	QB3.Berkeley.251217/QB3.Results.260109	D. setchellii	DOV	cpdna_duplicate_ir_mask	cpDNA	mask	chloroplast	1	25736	40995127	1592.909815	25736	1.000000	25736	1.000000	25736	1.000000	dudleya_organelle_alignment_pipeline/results/05_analysis_masks/cpdna_duplicate_ir_copy_mask.bed	dudleya_organelle_alignment_pipeline/results/06_all_sample_alignment/qc/DOV_LP_079_Du-175.depth.tsv
DOV_LP_079_Du-175	QB3.Berkeley.251217/QB3.Results.260109	D. setchellii	DOV	cpdna_population_sites	cpDNA	variant_calling_and_population_genetics	chloroplast	1	124538	183985780	1477.346513	124538	1.000000	124537	0.999992	124536	0.999984	dudleya_organelle_alignment_pipeline/results/05_analysis_masks/cpdna_population_sites.bed	dudleya_organelle_alignment_pipeline/results/06_all_sample_alignment/qc/DOV_LP_079_Du-175.depth.tsv
DOV_LP_079_Du-175	QB3.Berkeley.251217/QB3.Results.260109	D. setchellii	DOV	mtdna_permissive_coverage	mtDNA	sample_qc_coverage	mitochondria	1	243359	33520700	137.741772	230532	0.947292	230044	0.945287	229987	0.945052	dudleya_organelle_alignment_pipeline/results/05_analysis_masks/mtdna_permissive_coverage_regions.bed	dudleya_organelle_alignment_pipeline/results/06_all_sample_alignment/qc/DOV_LP_079_Du-175.depth.tsv
DOV_LP_079_Du-175	QB3.Berkeley.251217/QB3.Results.260109	D. setchellii	DOV	mtdna_high_confidence_unique	mtDNA	variant_calling_and_population_genetics	mitochondria	2	44930	10709197	238.352927	44930	1.000000	44930	1.000000	44930	1.000000	dudleya_organelle_alignment_pipeline/results/05_analysis_masks/mtdna_high_confidence_unique_regions.bed	dudleya_organelle_alignment_pipeline/results/06_all_sample_alignment/qc/DOV_LP_079_Du-175.depth.tsv
DOV_LP_080_Du-176	QB3.Berkeley.251217/QB3.Results.260109	D. setchellii	DOV	cpdna_full_coverage	cpDNA	sample_qc_coverage	chloroplast	1	150274	947203509	6303.176258	150274	1.000000	150274	1.000000	150274	1.000000	dudleya_organelle_alignment_pipeline/results/05_analysis_masks/cpdna_full_coverage_regions.bed	dudleya_organelle_alignment_pipeline/results/06_all_sample_alignment/qc/DOV_LP_080_Du-176.depth.tsv
DOV_LP_080_Du-176	QB3.Berkeley.251217/QB3.Results.260109	D. setchellii	DOV	cpdna_ir_regions	cpDNA	repeat_annotation	chloroplast	2	51472	379095800	7365.087815	51472	1.000000	51472	1.000000	51472	1.000000	dudleya_organelle_alignment_pipeline/results/05_analysis_masks/cpdna_ir_regions.bed	dudleya_organelle_alignment_pipeline/results/06_all_sample_alignment/qc/DOV_LP_080_Du-176.depth.tsv
DOV_LP_080_Du-176	QB3.Berkeley.251217/QB3.Results.260109	D. setchellii	DOV	cpdna_duplicate_ir_mask	cpDNA	mask	chloroplast	1	25736	183600271	7133.986284	25736	1.000000	25736	1.000000	25736	1.000000	dudleya_organelle_alignment_pipeline/results/05_analysis_masks/cpdna_duplicate_ir_copy_mask.bed	dudleya_organelle_alignment_pipeline/results/06_all_sample_alignment/qc/DOV_LP_080_Du-176.depth.tsv
DOV_LP_080_Du-176	QB3.Berkeley.251217/QB3.Results.260109	D. setchellii	DOV	cpdna_population_sites	cpDNA	variant_calling_and_population_genetics	chloroplast	1	124538	763603238	6131.487883	124538	1.000000	124538	1.000000	124538	1.000000	dudleya_organelle_alignment_pipeline/results/05_analysis_masks/cpdna_population_sites.bed	dudleya_organelle_alignment_pipeline/results/06_all_sample_alignment/qc/DOV_LP_080_Du-176.depth.tsv
DOV_LP_080_Du-176	QB3.Berkeley.251217/QB3.Results.260109	D. setchellii	DOV	mtdna_permissive_coverage	mtDNA	sample_qc_coverage	mitochondria	1	243359	120761017	496.225810	231145	0.949811	230417	0.946819	230304	0.946355	dudleya_organelle_alignment_pipeline/results/05_analysis_masks/mtdna_permissive_coverage_regions.bed	dudleya_organelle_alignment_pipeline/results/06_all_sample_alignment/qc/DOV_LP_080_Du-176.depth.tsv
DOV_LP_080_Du-176	QB3.Berkeley.251217/QB3.Results.260109	D. setchellii	DOV	mtdna_high_confidence_unique	mtDNA	variant_calling_and_population_genetics	mitochondria	2	44930	38289752	852.209036	44930	1.000000	44930	1.000000	44930	1.000000	dudleya_organelle_alignment_pipeline/results/05_analysis_masks/mtdna_high_confidence_unique_regions.bed	dudleya_organelle_alignment_pipeline/results/06_all_sample_alignment/qc/DOV_LP_080_Du-176.depth.tsv
DOV_LP_081_Du-177	QB3.Berkeley.251217/QB3.Results.260109	D. setchellii	DOV	cpdna_full_coverage	cpDNA	sample_qc_coverage	chloroplast	1	150274	715273104	4759.792805	150274	1.000000	150274	1.000000	150273	0.999993	dudleya_organelle_alignment_pipeline/results/05_analysis_masks/cpdna_full_coverage_regions.bed	dudleya_organelle_alignment_pipeline/results/06_all_sample_alignment/qc/DOV_LP_081_Du-177.depth.tsv
DOV_LP_081_Du-177	QB3.Berkeley.251217/QB3.Results.260109	D. setchellii	DOV	cpdna_ir_regions	cpDNA	repeat_annotation	chloroplast	2	51472	299643058	5821.476881	51472	1.000000	51472	1.000000	51472	1.000000	dudleya_organelle_alignment_pipeline/results/05_analysis_masks/cpdna_ir_regions.bed	dudleya_organelle_alignment_pipeline/results/06_all_sample_alignment/qc/DOV_LP_081_Du-177.depth.tsv
DOV_LP_081_Du-177	QB3.Berkeley.251217/QB3.Results.260109	D. setchellii	DOV	cpdna_duplicate_ir_mask	cpDNA	mask	chloroplast	1	25736	144492059	5614.394583	25736	1.000000	25736	1.000000	25736	1.000000	dudleya_organelle_alignment_pipeline/results/05_analysis_masks/cpdna_duplicate_ir_copy_mask.bed	dudleya_organelle_alignment_pipeline/results/06_all_sample_alignment/qc/DOV_LP_081_Du-177.depth.tsv
DOV_LP_081_Du-177	QB3.Berkeley.251217/QB3.Results.260109	D. setchellii	DOV	cpdna_population_sites	cpDNA	variant_calling_and_population_genetics	chloroplast	1	124538	570781045	4583.187822	124538	1.000000	124538	1.000000	124537	0.999992	dudleya_organelle_alignment_pipeline/results/05_analysis_masks/cpdna_population_sites.bed	dudleya_organelle_alignment_pipeline/results/06_all_sample_alignment/qc/DOV_LP_081_Du-177.depth.tsv
DOV_LP_081_Du-177	QB3.Berkeley.251217/QB3.Results.260109	D. setchellii	DOV	mtdna_permissive_coverage	mtDNA	sample_qc_coverage	mitochondria	1	243359	79193177	325.417088	231297	0.950435	230320	0.946421	230045	0.945291	dudleya_organelle_alignment_pipeline/results/05_analysis_masks/mtdna_permissive_coverage_regions.bed	dudleya_organelle_alignment_pipeline/results/06_all_sample_alignment/qc/DOV_LP_081_Du-177.depth.tsv
DOV_LP_081_Du-177	QB3.Berkeley.251217/QB3.Results.260109	D. setchellii	DOV	mtdna_high_confidence_unique	mtDNA	variant_calling_and_population_genetics	mitochondria	2	44930	25165279	560.099688	44930	1.000000	44930	1.000000	44930	1.000000	dudleya_organelle_alignment_pipeline/results/05_analysis_masks/mtdna_high_confidence_unique_regions.bed	dudleya_organelle_alignment_pipeline/results/06_all_sample_alignment/qc/DOV_LP_081_Du-177.depth.tsv
DOV_LP_082_Du-178	QB3.Berkeley.251217/QB3.Results.260109	D. setchellii	DOV	cpdna_full_coverage	cpDNA	sample_qc_coverage	chloroplast	1	150274	95423680	634.997937	150273	0.999993	150268	0.999960	150262	0.999920	dudleya_organelle_alignment_pipeline/results/05_analysis_masks/cpdna_full_coverage_regions.bed	dudleya_organelle_alignment_pipeline/results/06_all_sample_alignment/qc/DOV_LP_082_Du-178.depth.tsv
DOV_LP_082_Du-178	QB3.Berkeley.251217/QB3.Results.260109	D. setchellii	DOV	cpdna_ir_regions	cpDNA	repeat_annotation	chloroplast	2	51472	35542227	690.515756	51471	0.999981	51471	0.999981	51468	0.999922	dudleya_organelle_alignment_pipeline/results/05_analysis_masks/cpdna_ir_regions.bed	dudleya_organelle_alignment_pipeline/results/06_all_sample_alignment/qc/DOV_LP_082_Du-178.depth.tsv
DOV_LP_082_Du-178	QB3.Berkeley.251217/QB3.Results.260109	D. setchellii	DOV	cpdna_duplicate_ir_mask	cpDNA	mask	chloroplast	1	25736	17304262	672.375738	25736	1.000000	25736	1.000000	25734	0.999922	dudleya_organelle_alignment_pipeline/results/05_analysis_masks/cpdna_duplicate_ir_copy_mask.bed	dudleya_organelle_alignment_pipeline/results/06_all_sample_alignment/qc/DOV_LP_082_Du-178.depth.tsv
DOV_LP_082_Du-178	QB3.Berkeley.251217/QB3.Results.260109	D. setchellii	DOV	cpdna_population_sites	cpDNA	variant_calling_and_population_genetics	chloroplast	1	124538	78119418	627.273748	124537	0.999992	124532	0.999952	124528	0.999920	dudleya_organelle_alignment_pipeline/results/05_analysis_masks/cpdna_population_sites.bed	dudleya_organelle_alignment_pipeline/results/06_all_sample_alignment/qc/DOV_LP_082_Du-178.depth.tsv
DOV_LP_082_Du-178	QB3.Berkeley.251217/QB3.Results.260109	D. setchellii	DOV	mtdna_permissive_coverage	mtDNA	sample_qc_coverage	mitochondria	1	243359	9111919	37.442293	230034	0.945246	229898	0.944687	229808	0.944317	dudleya_organelle_alignment_pipeline/results/05_analysis_masks/mtdna_permissive_coverage_regions.bed	dudleya_organelle_alignment_pipeline/results/06_all_sample_alignment/qc/DOV_LP_082_Du-178.depth.tsv
DOV_LP_082_Du-178	QB3.Berkeley.251217/QB3.Results.260109	D. setchellii	DOV	mtdna_high_confidence_unique	mtDNA	variant_calling_and_population_genetics	mitochondria	2	44930	2916664	64.915736	44930	1.000000	44930	1.000000	44930	1.000000	dudleya_organelle_alignment_pipeline/results/05_analysis_masks/mtdna_high_confidence_unique_regions.bed	dudleya_organelle_alignment_pipeline/results/06_all_sample_alignment/qc/DOV_LP_082_Du-178.depth.tsv
DOV_LP_083_Du-179	QB3.Berkeley.251217/QB3.Results.260109	D. setchellii	DOV	cpdna_full_coverage	cpDNA	sample_qc_coverage	chloroplast	1	150274	447798811	2979.882155	150274	1.000000	150274	1.000000	150274	1.000000	dudleya_organelle_alignment_pipeline/results/05_analysis_masks/cpdna_full_coverage_regions.bed	dudleya_organelle_alignment_pipeline/results/06_all_sample_alignment/qc/DOV_LP_083_Du-179.depth.tsv
DOV_LP_083_Du-179	QB3.Berkeley.251217/QB3.Results.260109	D. setchellii	DOV	cpdna_ir_regions	cpDNA	repeat_annotation	chloroplast	2	51472	180633096	3509.346752	51472	1.000000	51472	1.000000	51472	1.000000	dudleya_organelle_alignment_pipeline/results/05_analysis_masks/cpdna_ir_regions.bed	dudleya_organelle_alignment_pipeline/results/06_all_sample_alignment/qc/DOV_LP_083_Du-179.depth.tsv
DOV_LP_083_Du-179	QB3.Berkeley.251217/QB3.Results.260109	D. setchellii	DOV	cpdna_duplicate_ir_mask	cpDNA	mask	chloroplast	1	25736	87213036	3388.756450	25736	1.000000	25736	1.000000	25736	1.000000	dudleya_organelle_alignment_pipeline/results/05_analysis_masks/cpdna_duplicate_ir_copy_mask.bed	dudleya_organelle_alignment_pipeline/results/06_all_sample_alignment/qc/DOV_LP_083_Du-179.depth.tsv
DOV_LP_083_Du-179	QB3.Berkeley.251217/QB3.Results.260109	D. setchellii	DOV	cpdna_population_sites	cpDNA	variant_calling_and_population_genetics	chloroplast	1	124538	360585775	2895.387552	124538	1.000000	124538	1.000000	124538	1.000000	dudleya_organelle_alignment_pipeline/results/05_analysis_masks/cpdna_population_sites.bed	dudleya_organelle_alignment_pipeline/results/06_all_sample_alignment/qc/DOV_LP_083_Du-179.depth.tsv
DOV_LP_083_Du-179	QB3.Berkeley.251217/QB3.Results.260109	D. setchellii	DOV	mtdna_permissive_coverage	mtDNA	sample_qc_coverage	mitochondria	1	243359	50758771	208.575689	230676	0.947884	230088	0.945467	230016	0.945172	dudleya_organelle_alignment_pipeline/results/05_analysis_masks/mtdna_permissive_coverage_regions.bed	dudleya_organelle_alignment_pipeline/results/06_all_sample_alignment/qc/DOV_LP_083_Du-179.depth.tsv
DOV_LP_083_Du-179	QB3.Berkeley.251217/QB3.Results.260109	D. setchellii	DOV	mtdna_high_confidence_unique	mtDNA	variant_calling_and_population_genetics	mitochondria	2	44930	16304406	362.884621	44930	1.000000	44930	1.000000	44930	1.000000	dudleya_organelle_alignment_pipeline/results/05_analysis_masks/mtdna_high_confidence_unique_regions.bed	dudleya_organelle_alignment_pipeline/results/06_all_sample_alignment/qc/DOV_LP_083_Du-179.depth.tsv
DOV_LP_084_Du-180	QB3.Berkeley.251217/QB3.Results.260109	D. setchellii	DOV	cpdna_full_coverage	cpDNA	sample_qc_coverage	chloroplast	1	150274	446230699	2969.447137	150274	1.000000	150274	1.000000	150274	1.000000	dudleya_organelle_alignment_pipeline/results/05_analysis_masks/cpdna_full_coverage_regions.bed	dudleya_organelle_alignment_pipeline/results/06_all_sample_alignment/qc/DOV_LP_084_Du-180.depth.tsv
DOV_LP_084_Du-180	QB3.Berkeley.251217/QB3.Results.260109	D. setchellii	DOV	cpdna_ir_regions	cpDNA	repeat_annotation	chloroplast	2	51472	180768830	3511.983797	51472	1.000000	51472	1.000000	51472	1.000000	dudleya_organelle_alignment_pipeline/results/05_analysis_masks/cpdna_ir_regions.bed	dudleya_organelle_alignment_pipeline/results/06_all_sample_alignment/qc/DOV_LP_084_Du-180.depth.tsv
DOV_LP_084_Du-180	QB3.Berkeley.251217/QB3.Results.260109	D. setchellii	DOV	cpdna_duplicate_ir_mask	cpDNA	mask	chloroplast	1	25736	87375718	3395.077634	25736	1.000000	25736	1.000000	25736	1.000000	dudleya_organelle_alignment_pipeline/results/05_analysis_masks/cpdna_duplicate_ir_copy_mask.bed	dudleya_organelle_alignment_pipeline/results/06_all_sample_alignment/qc/DOV_LP_084_Du-180.depth.tsv
DOV_LP_084_Du-180	QB3.Berkeley.251217/QB3.Results.260109	D. setchellii	DOV	cpdna_population_sites	cpDNA	variant_calling_and_population_genetics	chloroplast	1	124538	358854981	2881.489834	124538	1.000000	124538	1.000000	124538	1.000000	dudleya_organelle_alignment_pipeline/results/05_analysis_masks/cpdna_population_sites.bed	dudleya_organelle_alignment_pipeline/results/06_all_sample_alignment/qc/DOV_LP_084_Du-180.depth.tsv
DOV_LP_084_Du-180	QB3.Berkeley.251217/QB3.Results.260109	D. setchellii	DOV	mtdna_permissive_coverage	mtDNA	sample_qc_coverage	mitochondria	1	243359	54842548	225.356564	230561	0.947411	230109	0.945554	230036	0.945254	dudleya_organelle_alignment_pipeline/results/05_analysis_masks/mtdna_permissive_coverage_regions.bed	dudleya_organelle_alignment_pipeline/results/06_all_sample_alignment/qc/DOV_LP_084_Du-180.depth.tsv
DOV_LP_084_Du-180	QB3.Berkeley.251217/QB3.Results.260109	D. setchellii	DOV	mtdna_high_confidence_unique	mtDNA	variant_calling_and_population_genetics	mitochondria	2	44930	17625916	392.297262	44930	1.000000	44930	1.000000	44930	1.000000	dudleya_organelle_alignment_pipeline/results/05_analysis_masks/mtdna_high_confidence_unique_regions.bed	dudleya_organelle_alignment_pipeline/results/06_all_sample_alignment/qc/DOV_LP_084_Du-180.depth.tsv
DUD_LP_132_Du-283	QB3.Berkeley.251217/QB3.Results.260109	D. setchellii	DUD	cpdna_full_coverage	cpDNA	sample_qc_coverage	chloroplast	1	150274	56524141	376.140523	150273	0.999993	150271	0.999980	150266	0.999947	dudleya_organelle_alignment_pipeline/results/05_analysis_masks/cpdna_full_coverage_regions.bed	dudleya_organelle_alignment_pipeline/results/06_all_sample_alignment/qc/DUD_LP_132_Du-283.depth.tsv
DUD_LP_132_Du-283	QB3.Berkeley.251217/QB3.Results.260109	D. setchellii	DUD	cpdna_ir_regions	cpDNA	repeat_annotation	chloroplast	2	51472	20012482	388.803272	51471	0.999981	51469	0.999942	51465	0.999864	dudleya_organelle_alignment_pipeline/results/05_analysis_masks/cpdna_ir_regions.bed	dudleya_organelle_alignment_pipeline/results/06_all_sample_alignment/qc/DUD_LP_132_Du-283.depth.tsv
DUD_LP_132_Du-283	QB3.Berkeley.251217/QB3.Results.260109	D. setchellii	DUD	cpdna_duplicate_ir_mask	cpDNA	mask	chloroplast	1	25736	9883113	384.019001	25735	0.999961	25733	0.999883	25729	0.999728	dudleya_organelle_alignment_pipeline/results/05_analysis_masks/cpdna_duplicate_ir_copy_mask.bed	dudleya_organelle_alignment_pipeline/results/06_all_sample_alignment/qc/DUD_LP_132_Du-283.depth.tsv
DUD_LP_132_Du-283	QB3.Berkeley.251217/QB3.Results.260109	D. setchellii	DUD	cpdna_population_sites	cpDNA	variant_calling_and_population_genetics	chloroplast	1	124538	46641028	374.512422	124538	1.000000	124538	1.000000	124537	0.999992	dudleya_organelle_alignment_pipeline/results/05_analysis_masks/cpdna_population_sites.bed	dudleya_organelle_alignment_pipeline/results/06_all_sample_alignment/qc/DUD_LP_132_Du-283.depth.tsv
DUD_LP_132_Du-283	QB3.Berkeley.251217/QB3.Results.260109	D. setchellii	DUD	mtdna_permissive_coverage	mtDNA	sample_qc_coverage	mitochondria	1	243359	4446698	18.272174	243328	0.999873	240928	0.990011	212882	0.874765	dudleya_organelle_alignment_pipeline/results/05_analysis_masks/mtdna_permissive_coverage_regions.bed	dudleya_organelle_alignment_pipeline/results/06_all_sample_alignment/qc/DUD_LP_132_Du-283.depth.tsv
DUD_LP_132_Du-283	QB3.Berkeley.251217/QB3.Results.260109	D. setchellii	DUD	mtdna_high_confidence_unique	mtDNA	variant_calling_and_population_genetics	mitochondria	2	44930	1351060	30.070332	44930	1.000000	44930	1.000000	44881	0.998909	dudleya_organelle_alignment_pipeline/results/05_analysis_masks/mtdna_high_confidence_unique_regions.bed	dudleya_organelle_alignment_pipeline/results/06_all_sample_alignment/qc/DUD_LP_132_Du-283.depth.tsv
DUD_LP_133_Du-284	QB3.Berkeley.251217/QB3.Results.260109	D. setchellii	DUD	cpdna_full_coverage	cpDNA	sample_qc_coverage	chloroplast	1	150274	207500474	1380.814206	150274	1.000000	150274	1.000000	150271	0.999980	dudleya_organelle_alignment_pipeline/results/05_analysis_masks/cpdna_full_coverage_regions.bed	dudleya_organelle_alignment_pipeline/results/06_all_sample_alignment/qc/DUD_LP_133_Du-284.depth.tsv
DUD_LP_133_Du-284	QB3.Berkeley.251217/QB3.Results.260109	D. setchellii	DUD	cpdna_ir_regions	cpDNA	repeat_annotation	chloroplast	2	51472	70188949	1363.633607	51472	1.000000	51472	1.000000	51469	0.999942	dudleya_organelle_alignment_pipeline/results/05_analysis_masks/cpdna_ir_regions.bed	dudleya_organelle_alignment_pipeline/results/06_all_sample_alignment/qc/DUD_LP_133_Du-284.depth.tsv
DUD_LP_133_Du-284	QB3.Berkeley.251217/QB3.Results.260109	D. setchellii	DUD	cpdna_duplicate_ir_mask	cpDNA	mask	chloroplast	1	25736	34253774	1330.967283	25736	1.000000	25736	1.000000	25733	0.999883	dudleya_organelle_alignment_pipeline/results/05_analysis_masks/cpdna_duplicate_ir_copy_mask.bed	dudleya_organelle_alignment_pipeline/results/06_all_sample_alignment/qc/DUD_LP_133_Du-284.depth.tsv
DUD_LP_133_Du-284	QB3.Berkeley.251217/QB3.Results.260109	D. setchellii	DUD	cpdna_population_sites	cpDNA	variant_calling_and_population_genetics	chloroplast	1	124538	173246700	1391.115162	124538	1.000000	124538	1.000000	124538	1.000000	dudleya_organelle_alignment_pipeline/results/05_analysis_masks/cpdna_population_sites.bed	dudleya_organelle_alignment_pipeline/results/06_all_sample_alignment/qc/DUD_LP_133_Du-284.depth.tsv
DUD_LP_133_Du-284	QB3.Berkeley.251217/QB3.Results.260109	D. setchellii	DUD	mtdna_permissive_coverage	mtDNA	sample_qc_coverage	mitochondria	1	243359	28383224	116.631084	243356	0.999988	243342	0.999930	243338	0.999914	dudleya_organelle_alignment_pipeline/results/05_analysis_masks/mtdna_permissive_coverage_regions.bed	dudleya_organelle_alignment_pipeline/results/06_all_sample_alignment/qc/DUD_LP_133_Du-284.depth.tsv
DUD_LP_133_Du-284	QB3.Berkeley.251217/QB3.Results.260109	D. setchellii	DUD	mtdna_high_confidence_unique	mtDNA	variant_calling_and_population_genetics	mitochondria	2	44930	8640051	192.300267	44930	1.000000	44930	1.000000	44930	1.000000	dudleya_organelle_alignment_pipeline/results/05_analysis_masks/mtdna_high_confidence_unique_regions.bed	dudleya_organelle_alignment_pipeline/results/06_all_sample_alignment/qc/DUD_LP_133_Du-284.depth.tsv
DUD_LP_134_Du-285	QB3.Berkeley.251217/QB3.Results.260109	D. setchellii	DUD	cpdna_full_coverage	cpDNA	sample_qc_coverage	chloroplast	1	150274	352999590	2349.039688	150274	1.000000	150274	1.000000	150274	1.000000	dudleya_organelle_alignment_pipeline/results/05_analysis_masks/cpdna_full_coverage_regions.bed	dudleya_organelle_alignment_pipeline/results/06_all_sample_alignment/qc/DUD_LP_134_Du-285.depth.tsv
DUD_LP_134_Du-285	QB3.Berkeley.251217/QB3.Results.260109	D. setchellii	DUD	cpdna_ir_regions	cpDNA	repeat_annotation	chloroplast	2	51472	121674792	2363.902549	51472	1.000000	51472	1.000000	51472	1.000000	dudleya_organelle_alignment_pipeline/results/05_analysis_masks/cpdna_ir_regions.bed	dudleya_organelle_alignment_pipeline/results/06_all_sample_alignment/qc/DUD_LP_134_Du-285.depth.tsv
DUD_LP_134_Du-285	QB3.Berkeley.251217/QB3.Results.260109	D. setchellii	DUD	cpdna_duplicate_ir_mask	cpDNA	mask	chloroplast	1	25736	59282117	2303.470508	25736	1.000000	25736	1.000000	25736	1.000000	dudleya_organelle_alignment_pipeline/results/05_analysis_masks/cpdna_duplicate_ir_copy_mask.bed	dudleya_organelle_alignment_pipeline/results/06_all_sample_alignment/qc/DUD_LP_134_Du-285.depth.tsv
DUD_LP_134_Du-285	QB3.Berkeley.251217/QB3.Results.260109	D. setchellii	DUD	cpdna_population_sites	cpDNA	variant_calling_and_population_genetics	chloroplast	1	124538	293717473	2358.456640	124538	1.000000	124538	1.000000	124538	1.000000	dudleya_organelle_alignment_pipeline/results/05_analysis_masks/cpdna_population_sites.bed	dudleya_organelle_alignment_pipeline/results/06_all_sample_alignment/qc/DUD_LP_134_Du-285.depth.tsv
DUD_LP_134_Du-285	QB3.Berkeley.251217/QB3.Results.260109	D. setchellii	DUD	mtdna_permissive_coverage	mtDNA	sample_qc_coverage	mitochondria	1	243359	27904148	114.662486	243357	0.999992	243347	0.999951	243333	0.999893	dudleya_organelle_alignment_pipeline/results/05_analysis_masks/mtdna_permissive_coverage_regions.bed	dudleya_organelle_alignment_pipeline/results/06_all_sample_alignment/qc/DUD_LP_134_Du-285.depth.tsv
DUD_LP_134_Du-285	QB3.Berkeley.251217/QB3.Results.260109	D. setchellii	DUD	mtdna_high_confidence_unique	mtDNA	variant_calling_and_population_genetics	mitochondria	2	44930	8473834	188.600801	44930	1.000000	44930	1.000000	44930	1.000000	dudleya_organelle_alignment_pipeline/results/05_analysis_masks/mtdna_high_confidence_unique_regions.bed	dudleya_organelle_alignment_pipeline/results/06_all_sample_alignment/qc/DUD_LP_134_Du-285.depth.tsv
DUD_LP_135_Du-286	QB3.Berkeley.251217/QB3.Results.260109	D. setchellii	DUD	cpdna_full_coverage	cpDNA	sample_qc_coverage	chloroplast	1	150274	105844963	704.346480	150274	1.000000	150274	1.000000	150268	0.999960	dudleya_organelle_alignment_pipeline/results/05_analysis_masks/cpdna_full_coverage_regions.bed	dudleya_organelle_alignment_pipeline/results/06_all_sample_alignment/qc/DUD_LP_135_Du-286.depth.tsv
DUD_LP_135_Du-286	QB3.Berkeley.251217/QB3.Results.260109	D. setchellii	DUD	cpdna_ir_regions	cpDNA	repeat_annotation	chloroplast	2	51472	41006028	796.666693	51472	1.000000	51472	1.000000	51467	0.999903	dudleya_organelle_alignment_pipeline/results/05_analysis_masks/cpdna_ir_regions.bed	dudleya_organelle_alignment_pipeline/results/06_all_sample_alignment/qc/DUD_LP_135_Du-286.depth.tsv
DUD_LP_135_Du-286	QB3.Berkeley.251217/QB3.Results.260109	D. setchellii	DUD	cpdna_duplicate_ir_mask	cpDNA	mask	chloroplast	1	25736	19831082	770.558051	25736	1.000000	25736	1.000000	25731	0.999806	dudleya_organelle_alignment_pipeline/results/05_analysis_masks/cpdna_duplicate_ir_copy_mask.bed	dudleya_organelle_alignment_pipeline/results/06_all_sample_alignment/qc/DUD_LP_135_Du-286.depth.tsv
DUD_LP_135_Du-286	QB3.Berkeley.251217/QB3.Results.260109	D. setchellii	DUD	cpdna_population_sites	cpDNA	variant_calling_and_population_genetics	chloroplast	1	124538	86013881	690.663741	124538	1.000000	124538	1.000000	124537	0.999992	dudleya_organelle_alignment_pipeline/results/05_analysis_masks/cpdna_population_sites.bed	dudleya_organelle_alignment_pipeline/results/06_all_sample_alignment/qc/DUD_LP_135_Du-286.depth.tsv
DUD_LP_135_Du-286	QB3.Berkeley.251217/QB3.Results.260109	D. setchellii	DUD	mtdna_permissive_coverage	mtDNA	sample_qc_coverage	mitochondria	1	243359	11729668	48.199031	243352	0.999971	243326	0.999864	243270	0.999634	dudleya_organelle_alignment_pipeline/results/05_analysis_masks/mtdna_permissive_coverage_regions.bed	dudleya_organelle_alignment_pipeline/results/06_all_sample_alignment/qc/DUD_LP_135_Du-286.depth.tsv
DUD_LP_135_Du-286	QB3.Berkeley.251217/QB3.Results.260109	D. setchellii	DUD	mtdna_high_confidence_unique	mtDNA	variant_calling_and_population_genetics	mitochondria	2	44930	3659577	81.450634	44930	1.000000	44930	1.000000	44930	1.000000	dudleya_organelle_alignment_pipeline/results/05_analysis_masks/mtdna_high_confidence_unique_regions.bed	dudleya_organelle_alignment_pipeline/results/06_all_sample_alignment/qc/DUD_LP_135_Du-286.depth.tsv
DUD_LP_136_Du-287	QB3.Berkeley.251217/QB3.Results.260109	D. setchellii	DUD	cpdna_full_coverage	cpDNA	sample_qc_coverage	chloroplast	1	150274	330076082	2196.494949	150274	1.000000	150274	1.000000	150273	0.999993	dudleya_organelle_alignment_pipeline/results/05_analysis_masks/cpdna_full_coverage_regions.bed	dudleya_organelle_alignment_pipeline/results/06_all_sample_alignment/qc/DUD_LP_136_Du-287.depth.tsv
DUD_LP_136_Du-287	QB3.Berkeley.251217/QB3.Results.260109	D. setchellii	DUD	cpdna_ir_regions	cpDNA	repeat_annotation	chloroplast	2	51472	113051305	2196.365111	51472	1.000000	51472	1.000000	51471	0.999981	dudleya_organelle_alignment_pipeline/results/05_analysis_masks/cpdna_ir_regions.bed	dudleya_organelle_alignment_pipeline/results/06_all_sample_alignment/qc/DUD_LP_136_Du-287.depth.tsv
DUD_LP_136_Du-287	QB3.Berkeley.251217/QB3.Results.260109	D. setchellii	DUD	cpdna_duplicate_ir_mask	cpDNA	mask	chloroplast	1	25736	55066754	2139.678039	25736	1.000000	25736	1.000000	25735	0.999961	dudleya_organelle_alignment_pipeline/results/05_analysis_masks/cpdna_duplicate_ir_copy_mask.bed	dudleya_organelle_alignment_pipeline/results/06_all_sample_alignment/qc/DUD_LP_136_Du-287.depth.tsv
DUD_LP_136_Du-287	QB3.Berkeley.251217/QB3.Results.260109	D. setchellii	DUD	cpdna_population_sites	cpDNA	variant_calling_and_population_genetics	chloroplast	1	124538	275009328	2208.236265	124538	1.000000	124538	1.000000	124538	1.000000	dudleya_organelle_alignment_pipeline/results/05_analysis_masks/cpdna_population_sites.bed	dudleya_organelle_alignment_pipeline/results/06_all_sample_alignment/qc/DUD_LP_136_Du-287.depth.tsv
DUD_LP_136_Du-287	QB3.Berkeley.251217/QB3.Results.260109	D. setchellii	DUD	mtdna_permissive_coverage	mtDNA	sample_qc_coverage	mitochondria	1	243359	33601402	138.073390	243357	0.999992	243352	0.999971	243344	0.999938	dudleya_organelle_alignment_pipeline/results/05_analysis_masks/mtdna_permissive_coverage_regions.bed	dudleya_organelle_alignment_pipeline/results/06_all_sample_alignment/qc/DUD_LP_136_Du-287.depth.tsv
DUD_LP_136_Du-287	QB3.Berkeley.251217/QB3.Results.260109	D. setchellii	DUD	mtdna_high_confidence_unique	mtDNA	variant_calling_and_population_genetics	mitochondria	2	44930	10082035	224.394280	44930	1.000000	44930	1.000000	44930	1.000000	dudleya_organelle_alignment_pipeline/results/05_analysis_masks/mtdna_high_confidence_unique_regions.bed	dudleya_organelle_alignment_pipeline/results/06_all_sample_alignment/qc/DUD_LP_136_Du-287.depth.tsv
DUD_LP_137_Du-288	QB3.Berkeley.251217/QB3.Results.260109	D. setchellii	DUD	cpdna_full_coverage	cpDNA	sample_qc_coverage	chloroplast	1	150274	42919252	285.606639	150270	0.999973	150253	0.999860	150232	0.999721	dudleya_organelle_alignment_pipeline/results/05_analysis_masks/cpdna_full_coverage_regions.bed	dudleya_organelle_alignment_pipeline/results/06_all_sample_alignment/qc/DUD_LP_137_Du-288.depth.tsv
DUD_LP_137_Du-288	QB3.Berkeley.251217/QB3.Results.260109	D. setchellii	DUD	cpdna_ir_regions	cpDNA	repeat_annotation	chloroplast	2	51472	14563402	282.938335	51468	0.999922	51452	0.999611	51431	0.999203	dudleya_organelle_alignment_pipeline/results/05_analysis_masks/cpdna_ir_regions.bed	dudleya_organelle_alignment_pipeline/results/06_all_sample_alignment/qc/DUD_LP_137_Du-288.depth.tsv
DUD_LP_137_Du-288	QB3.Berkeley.251217/QB3.Results.260109	D. setchellii	DUD	cpdna_duplicate_ir_mask	cpDNA	mask	chloroplast	1	25736	7107999	276.188957	25733	0.999883	25718	0.999301	25702	0.998679	dudleya_organelle_alignment_pipeline/results/05_analysis_masks/cpdna_duplicate_ir_copy_mask.bed	dudleya_organelle_alignment_pipeline/results/06_all_sample_alignment/qc/DUD_LP_137_Du-288.depth.tsv
DUD_LP_137_Du-288	QB3.Berkeley.251217/QB3.Results.260109	D. setchellii	DUD	cpdna_population_sites	cpDNA	variant_calling_and_population_genetics	chloroplast	1	124538	35811253	287.552819	124537	0.999992	124535	0.999976	124530	0.999936	dudleya_organelle_alignment_pipeline/results/05_analysis_masks/cpdna_population_sites.bed	dudleya_organelle_alignment_pipeline/results/06_all_sample_alignment/qc/DUD_LP_137_Du-288.depth.tsv
DUD_LP_137_Du-288	QB3.Berkeley.251217/QB3.Results.260109	D. setchellii	DUD	mtdna_permissive_coverage	mtDNA	sample_qc_coverage	mitochondria	1	243359	4053615	16.656935	243342	0.999930	241223	0.991223	207084	0.850940	dudleya_organelle_alignment_pipeline/results/05_analysis_masks/mtdna_permissive_coverage_regions.bed	dudleya_organelle_alignment_pipeline/results/06_all_sample_alignment/qc/DUD_LP_137_Du-288.depth.tsv
DUD_LP_137_Du-288	QB3.Berkeley.251217/QB3.Results.260109	D. setchellii	DUD	mtdna_high_confidence_unique	mtDNA	variant_calling_and_population_genetics	mitochondria	2	44930	1223134	27.223103	44930	1.000000	44930	1.000000	44793	0.996951	dudleya_organelle_alignment_pipeline/results/05_analysis_masks/mtdna_high_confidence_unique_regions.bed	dudleya_organelle_alignment_pipeline/results/06_all_sample_alignment/qc/DUD_LP_137_Du-288.depth.tsv
DUD_LP_138_Du-289	QB3.Berkeley.251217/QB3.Results.260109	D. setchellii	DUD	cpdna_full_coverage	cpDNA	sample_qc_coverage	chloroplast	1	150274	278394722	1852.580766	150274	1.000000	150273	0.999993	150271	0.999980	dudleya_organelle_alignment_pipeline/results/05_analysis_masks/cpdna_full_coverage_regions.bed	dudleya_organelle_alignment_pipeline/results/06_all_sample_alignment/qc/DUD_LP_138_Du-289.depth.tsv
DUD_LP_138_Du-289	QB3.Berkeley.251217/QB3.Results.260109	D. setchellii	DUD	cpdna_ir_regions	cpDNA	repeat_annotation	chloroplast	2	51472	94210434	1830.323943	51472	1.000000	51471	0.999981	51469	0.999942	dudleya_organelle_alignment_pipeline/results/05_analysis_masks/cpdna_ir_regions.bed	dudleya_organelle_alignment_pipeline/results/06_all_sample_alignment/qc/DUD_LP_138_Du-289.depth.tsv
DUD_LP_138_Du-289	QB3.Berkeley.251217/QB3.Results.260109	D. setchellii	DUD	cpdna_duplicate_ir_mask	cpDNA	mask	chloroplast	1	25736	46169338	1793.959357	25736	1.000000	25735	0.999961	25733	0.999883	dudleya_organelle_alignment_pipeline/results/05_analysis_masks/cpdna_duplicate_ir_copy_mask.bed	dudleya_organelle_alignment_pipeline/results/06_all_sample_alignment/qc/DUD_LP_138_Du-289.depth.tsv
DUD_LP_138_Du-289	QB3.Berkeley.251217/QB3.Results.260109	D. setchellii	DUD	cpdna_population_sites	cpDNA	variant_calling_and_population_genetics	chloroplast	1	124538	232225384	1864.694985	124538	1.000000	124538	1.000000	124538	1.000000	dudleya_organelle_alignment_pipeline/results/05_analysis_masks/cpdna_population_sites.bed	dudleya_organelle_alignment_pipeline/results/06_all_sample_alignment/qc/DUD_LP_138_Du-289.depth.tsv
DUD_LP_138_Du-289	QB3.Berkeley.251217/QB3.Results.260109	D. setchellii	DUD	mtdna_permissive_coverage	mtDNA	sample_qc_coverage	mitochondria	1	243359	20860255	85.718034	243354	0.999979	243344	0.999938	243328	0.999873	dudleya_organelle_alignment_pipeline/results/05_analysis_masks/mtdna_permissive_coverage_regions.bed	dudleya_organelle_alignment_pipeline/results/06_all_sample_alignment/qc/DUD_LP_138_Du-289.depth.tsv
DUD_LP_138_Du-289	QB3.Berkeley.251217/QB3.Results.260109	D. setchellii	DUD	mtdna_high_confidence_unique	mtDNA	variant_calling_and_population_genetics	mitochondria	2	44930	6417474	142.832718	44930	1.000000	44930	1.000000	44930	1.000000	dudleya_organelle_alignment_pipeline/results/05_analysis_masks/mtdna_high_confidence_unique_regions.bed	dudleya_organelle_alignment_pipeline/results/06_all_sample_alignment/qc/DUD_LP_138_Du-289.depth.tsv
DUD_LP_139_Du-290	QB3.Berkeley.251217/QB3.Results.260109	D. setchellii	DUD	cpdna_full_coverage	cpDNA	sample_qc_coverage	chloroplast	1	150274	50309399	334.784454	150274	1.000000	150265	0.999940	150243	0.999794	dudleya_organelle_alignment_pipeline/results/05_analysis_masks/cpdna_full_coverage_regions.bed	dudleya_organelle_alignment_pipeline/results/06_all_sample_alignment/qc/DUD_LP_139_Du-290.depth.tsv
DUD_LP_139_Du-290	QB3.Berkeley.251217/QB3.Results.260109	D. setchellii	DUD	cpdna_ir_regions	cpDNA	repeat_annotation	chloroplast	2	51472	20790593	403.920442	51472	1.000000	51464	0.999845	51443	0.999437	dudleya_organelle_alignment_pipeline/results/05_analysis_masks/cpdna_ir_regions.bed	dudleya_organelle_alignment_pipeline/results/06_all_sample_alignment/qc/DUD_LP_139_Du-290.depth.tsv
DUD_LP_139_Du-290	QB3.Berkeley.251217/QB3.Results.260109	D. setchellii	DUD	cpdna_duplicate_ir_mask	cpDNA	mask	chloroplast	1	25736	10065953	391.123446	25736	1.000000	25729	0.999728	25715	0.999184	dudleya_organelle_alignment_pipeline/results/05_analysis_masks/cpdna_duplicate_ir_copy_mask.bed	dudleya_organelle_alignment_pipeline/results/06_all_sample_alignment/qc/DUD_LP_139_Du-290.depth.tsv
DUD_LP_139_Du-290	QB3.Berkeley.251217/QB3.Results.260109	D. setchellii	DUD	cpdna_population_sites	cpDNA	variant_calling_and_population_genetics	chloroplast	1	124538	40243446	323.141900	124538	1.000000	124536	0.999984	124528	0.999920	dudleya_organelle_alignment_pipeline/results/05_analysis_masks/cpdna_population_sites.bed	dudleya_organelle_alignment_pipeline/results/06_all_sample_alignment/qc/DUD_LP_139_Du-290.depth.tsv
DUD_LP_139_Du-290	QB3.Berkeley.251217/QB3.Results.260109	D. setchellii	DUD	mtdna_permissive_coverage	mtDNA	sample_qc_coverage	mitochondria	1	243359	3254778	13.374389	243064	0.998788	226636	0.931283	155757	0.640030	dudleya_organelle_alignment_pipeline/results/05_analysis_masks/mtdna_permissive_coverage_regions.bed	dudleya_organelle_alignment_pipeline/results/06_all_sample_alignment/qc/DUD_LP_139_Du-290.depth.tsv
DUD_LP_139_Du-290	QB3.Berkeley.251217/QB3.Results.260109	D. setchellii	DUD	mtdna_high_confidence_unique	mtDNA	variant_calling_and_population_genetics	mitochondria	2	44930	994935	22.144113	44930	1.000000	44799	0.997084	42540	0.946806	dudleya_organelle_alignment_pipeline/results/05_analysis_masks/mtdna_high_confidence_unique_regions.bed	dudleya_organelle_alignment_pipeline/results/06_all_sample_alignment/qc/DUD_LP_139_Du-290.depth.tsv
KIRN_LP_179_Du-421	QB3.Berkeley.251217/QB3.Results.260109	D. setchellii	KIRN	cpdna_full_coverage	cpDNA	sample_qc_coverage	chloroplast	1	150274	485147489	3228.419347	150274	1.000000	150274	1.000000	150274	1.000000	dudleya_organelle_alignment_pipeline/results/05_analysis_masks/cpdna_full_coverage_regions.bed	dudleya_organelle_alignment_pipeline/results/06_all_sample_alignment/qc/KIRN_LP_179_Du-421.depth.tsv
KIRN_LP_179_Du-421	QB3.Berkeley.251217/QB3.Results.260109	D. setchellii	KIRN	cpdna_ir_regions	cpDNA	repeat_annotation	chloroplast	2	51472	173884492	3378.234613	51472	1.000000	51472	1.000000	51472	1.000000	dudleya_organelle_alignment_pipeline/results/05_analysis_masks/cpdna_ir_regions.bed	dudleya_organelle_alignment_pipeline/results/06_all_sample_alignment/qc/KIRN_LP_179_Du-421.depth.tsv
KIRN_LP_179_Du-421	QB3.Berkeley.251217/QB3.Results.260109	D. setchellii	KIRN	cpdna_duplicate_ir_mask	cpDNA	mask	chloroplast	1	25736	84599269	3287.195718	25736	1.000000	25736	1.000000	25736	1.000000	dudleya_organelle_alignment_pipeline/results/05_analysis_masks/cpdna_duplicate_ir_copy_mask.bed	dudleya_organelle_alignment_pipeline/results/06_all_sample_alignment/qc/KIRN_LP_179_Du-421.depth.tsv
KIRN_LP_179_Du-421	QB3.Berkeley.251217/QB3.Results.260109	D. setchellii	KIRN	cpdna_population_sites	cpDNA	variant_calling_and_population_genetics	chloroplast	1	124538	400548220	3216.273105	124538	1.000000	124538	1.000000	124538	1.000000	dudleya_organelle_alignment_pipeline/results/05_analysis_masks/cpdna_population_sites.bed	dudleya_organelle_alignment_pipeline/results/06_all_sample_alignment/qc/KIRN_LP_179_Du-421.depth.tsv
KIRN_LP_179_Du-421	QB3.Berkeley.251217/QB3.Results.260109	D. setchellii	KIRN	mtdna_permissive_coverage	mtDNA	sample_qc_coverage	mitochondria	1	243359	34015992	139.777004	243358	0.999996	243350	0.999963	243331	0.999885	dudleya_organelle_alignment_pipeline/results/05_analysis_masks/mtdna_permissive_coverage_regions.bed	dudleya_organelle_alignment_pipeline/results/06_all_sample_alignment/qc/KIRN_LP_179_Du-421.depth.tsv
KIRN_LP_179_Du-421	QB3.Berkeley.251217/QB3.Results.260109	D. setchellii	KIRN	mtdna_high_confidence_unique	mtDNA	variant_calling_and_population_genetics	mitochondria	2	44930	10282349	228.852637	44930	1.000000	44930	1.000000	44930	1.000000	dudleya_organelle_alignment_pipeline/results/05_analysis_masks/mtdna_high_confidence_unique_regions.bed	dudleya_organelle_alignment_pipeline/results/06_all_sample_alignment/qc/KIRN_LP_179_Du-421.depth.tsv
KIRN_LP_180_Du-422	QB3.Berkeley.251217/QB3.Results.260109	D. setchellii	KIRN	cpdna_full_coverage	cpDNA	sample_qc_coverage	chloroplast	1	150274	252305081	1678.966960	150274	1.000000	150273	0.999993	150273	0.999993	dudleya_organelle_alignment_pipeline/results/05_analysis_masks/cpdna_full_coverage_regions.bed	dudleya_organelle_alignment_pipeline/results/06_all_sample_alignment/qc/KIRN_LP_180_Du-422.depth.tsv
KIRN_LP_180_Du-422	QB3.Berkeley.251217/QB3.Results.260109	D. setchellii	KIRN	cpdna_ir_regions	cpDNA	repeat_annotation	chloroplast	2	51472	90952578	1767.030191	51472	1.000000	51471	0.999981	51471	0.999981	dudleya_organelle_alignment_pipeline/results/05_analysis_masks/cpdna_ir_regions.bed	dudleya_organelle_alignment_pipeline/results/06_all_sample_alignment/qc/KIRN_LP_180_Du-422.depth.tsv
KIRN_LP_180_Du-422	QB3.Berkeley.251217/QB3.Results.260109	D. setchellii	KIRN	cpdna_duplicate_ir_mask	cpDNA	mask	chloroplast	1	25736	44425678	1726.207569	25736	1.000000	25736	1.000000	25736	1.000000	dudleya_organelle_alignment_pipeline/results/05_analysis_masks/cpdna_duplicate_ir_copy_mask.bed	dudleya_organelle_alignment_pipeline/results/06_all_sample_alignment/qc/KIRN_LP_180_Du-422.depth.tsv
KIRN_LP_180_Du-422	QB3.Berkeley.251217/QB3.Results.260109	D. setchellii	KIRN	cpdna_population_sites	cpDNA	variant_calling_and_population_genetics	chloroplast	1	124538	207879403	1669.204604	124538	1.000000	124537	0.999992	124537	0.999992	dudleya_organelle_alignment_pipeline/results/05_analysis_masks/cpdna_population_sites.bed	dudleya_organelle_alignment_pipeline/results/06_all_sample_alignment/qc/KIRN_LP_180_Du-422.depth.tsv
KIRN_LP_180_Du-422	QB3.Berkeley.251217/QB3.Results.260109	D. setchellii	KIRN	mtdna_permissive_coverage	mtDNA	sample_qc_coverage	mitochondria	1	243359	38768456	159.305618	243352	0.999971	243344	0.999938	243338	0.999914	dudleya_organelle_alignment_pipeline/results/05_analysis_masks/mtdna_permissive_coverage_regions.bed	dudleya_organelle_alignment_pipeline/results/06_all_sample_alignment/qc/KIRN_LP_180_Du-422.depth.tsv
KIRN_LP_180_Du-422	QB3.Berkeley.251217/QB3.Results.260109	D. setchellii	KIRN	mtdna_high_confidence_unique	mtDNA	variant_calling_and_population_genetics	mitochondria	2	44930	11597181	258.116648	44930	1.000000	44930	1.000000	44930	1.000000	dudleya_organelle_alignment_pipeline/results/05_analysis_masks/mtdna_high_confidence_unique_regions.bed	dudleya_organelle_alignment_pipeline/results/06_all_sample_alignment/qc/KIRN_LP_180_Du-422.depth.tsv
KIRN_LP_181_Du-423	QB3.Berkeley.251217/QB3.Results.260109	D. setchellii	KIRN	cpdna_full_coverage	cpDNA	sample_qc_coverage	chloroplast	1	150274	227345525	1512.873318	150274	1.000000	150272	0.999987	150271	0.999980	dudleya_organelle_alignment_pipeline/results/05_analysis_masks/cpdna_full_coverage_regions.bed	dudleya_organelle_alignment_pipeline/results/06_all_sample_alignment/qc/KIRN_LP_181_Du-423.depth.tsv
KIRN_LP_181_Du-423	QB3.Berkeley.251217/QB3.Results.260109	D. setchellii	KIRN	cpdna_ir_regions	cpDNA	repeat_annotation	chloroplast	2	51472	83955378	1631.088320	51472	1.000000	51470	0.999961	51469	0.999942	dudleya_organelle_alignment_pipeline/results/05_analysis_masks/cpdna_ir_regions.bed	dudleya_organelle_alignment_pipeline/results/06_all_sample_alignment/qc/KIRN_LP_181_Du-423.depth.tsv
KIRN_LP_181_Du-423	QB3.Berkeley.251217/QB3.Results.260109	D. setchellii	KIRN	cpdna_duplicate_ir_mask	cpDNA	mask	chloroplast	1	25736	40953736	1591.301523	25736	1.000000	25735	0.999961	25734	0.999922	dudleya_organelle_alignment_pipeline/results/05_analysis_masks/cpdna_duplicate_ir_copy_mask.bed	dudleya_organelle_alignment_pipeline/results/06_all_sample_alignment/qc/KIRN_LP_181_Du-423.depth.tsv
KIRN_LP_181_Du-423	QB3.Berkeley.251217/QB3.Results.260109	D. setchellii	KIRN	cpdna_population_sites	cpDNA	variant_calling_and_population_genetics	chloroplast	1	124538	186391789	1496.665989	124538	1.000000	124537	0.999992	124537	0.999992	dudleya_organelle_alignment_pipeline/results/05_analysis_masks/cpdna_population_sites.bed	dudleya_organelle_alignment_pipeline/results/06_all_sample_alignment/qc/KIRN_LP_181_Du-423.depth.tsv
KIRN_LP_181_Du-423	QB3.Berkeley.251217/QB3.Results.260109	D. setchellii	KIRN	mtdna_permissive_coverage	mtDNA	sample_qc_coverage	mitochondria	1	243359	23667263	97.252467	243353	0.999975	243337	0.999910	243306	0.999782	dudleya_organelle_alignment_pipeline/results/05_analysis_masks/mtdna_permissive_coverage_regions.bed	dudleya_organelle_alignment_pipeline/results/06_all_sample_alignment/qc/KIRN_LP_181_Du-423.depth.tsv
KIRN_LP_181_Du-423	QB3.Berkeley.251217/QB3.Results.260109	D. setchellii	KIRN	mtdna_high_confidence_unique	mtDNA	variant_calling_and_population_genetics	mitochondria	2	44930	7105060	158.136212	44930	1.000000	44930	1.000000	44930	1.000000	dudleya_organelle_alignment_pipeline/results/05_analysis_masks/mtdna_high_confidence_unique_regions.bed	dudleya_organelle_alignment_pipeline/results/06_all_sample_alignment/qc/KIRN_LP_181_Du-423.depth.tsv
KIRN_LP_182_Du-424	QB3.Berkeley.251217/QB3.Results.260109	D. setchellii	KIRN	cpdna_full_coverage	cpDNA	sample_qc_coverage	chloroplast	1	150274	378069596	2515.868321	150274	1.000000	150274	1.000000	150273	0.999993	dudleya_organelle_alignment_pipeline/results/05_analysis_masks/cpdna_full_coverage_regions.bed	dudleya_organelle_alignment_pipeline/results/06_all_sample_alignment/qc/KIRN_LP_182_Du-424.depth.tsv
KIRN_LP_182_Du-424	QB3.Berkeley.251217/QB3.Results.260109	D. setchellii	KIRN	cpdna_ir_regions	cpDNA	repeat_annotation	chloroplast	2	51472	133982918	2603.025295	51472	1.000000	51472	1.000000	51471	0.999981	dudleya_organelle_alignment_pipeline/results/05_analysis_masks/cpdna_ir_regions.bed	dudleya_organelle_alignment_pipeline/results/06_all_sample_alignment/qc/KIRN_LP_182_Du-424.depth.tsv
KIRN_LP_182_Du-424	QB3.Berkeley.251217/QB3.Results.260109	D. setchellii	KIRN	cpdna_duplicate_ir_mask	cpDNA	mask	chloroplast	1	25736	65367606	2539.928738	25736	1.000000	25736	1.000000	25736	1.000000	dudleya_organelle_alignment_pipeline/results/05_analysis_masks/cpdna_duplicate_ir_copy_mask.bed	dudleya_organelle_alignment_pipeline/results/06_all_sample_alignment/qc/KIRN_LP_182_Du-424.depth.tsv
KIRN_LP_182_Du-424	QB3.Berkeley.251217/QB3.Results.260109	D. setchellii	KIRN	cpdna_population_sites	cpDNA	variant_calling_and_population_genetics	chloroplast	1	124538	312701990	2510.896192	124538	1.000000	124538	1.000000	124537	0.999992	dudleya_organelle_alignment_pipeline/results/05_analysis_masks/cpdna_population_sites.bed	dudleya_organelle_alignment_pipeline/results/06_all_sample_alignment/qc/KIRN_LP_182_Du-424.depth.tsv
KIRN_LP_182_Du-424	QB3.Berkeley.251217/QB3.Results.260109	D. setchellii	KIRN	mtdna_permissive_coverage	mtDNA	sample_qc_coverage	mitochondria	1	243359	19551164	80.338775	243354	0.999979	243334	0.999897	243315	0.999819	dudleya_organelle_alignment_pipeline/results/05_analysis_masks/mtdna_permissive_coverage_regions.bed	dudleya_organelle_alignment_pipeline/results/06_all_sample_alignment/qc/KIRN_LP_182_Du-424.depth.tsv
KIRN_LP_182_Du-424	QB3.Berkeley.251217/QB3.Results.260109	D. setchellii	KIRN	mtdna_high_confidence_unique	mtDNA	variant_calling_and_population_genetics	mitochondria	2	44930	5803282	129.162742	44930	1.000000	44930	1.000000	44930	1.000000	dudleya_organelle_alignment_pipeline/results/05_analysis_masks/mtdna_high_confidence_unique_regions.bed	dudleya_organelle_alignment_pipeline/results/06_all_sample_alignment/qc/KIRN_LP_182_Du-424.depth.tsv
KIRN_LP_183_Du-425	QB3.Berkeley.251217/QB3.Results.260109	D. setchellii	KIRN	cpdna_full_coverage	cpDNA	sample_qc_coverage	chloroplast	1	150274	377718926	2513.534783	150274	1.000000	150274	1.000000	150273	0.999993	dudleya_organelle_alignment_pipeline/results/05_analysis_masks/cpdna_full_coverage_regions.bed	dudleya_organelle_alignment_pipeline/results/06_all_sample_alignment/qc/KIRN_LP_183_Du-425.depth.tsv
KIRN_LP_183_Du-425	QB3.Berkeley.251217/QB3.Results.260109	D. setchellii	KIRN	cpdna_ir_regions	cpDNA	repeat_annotation	chloroplast	2	51472	136073006	2643.631606	51472	1.000000	51472	1.000000	51471	0.999981	dudleya_organelle_alignment_pipeline/results/05_analysis_masks/cpdna_ir_regions.bed	dudleya_organelle_alignment_pipeline/results/06_all_sample_alignment/qc/KIRN_LP_183_Du-425.depth.tsv
KIRN_LP_183_Du-425	QB3.Berkeley.251217/QB3.Results.260109	D. setchellii	KIRN	cpdna_duplicate_ir_mask	cpDNA	mask	chloroplast	1	25736	66568033	2586.572622	25736	1.000000	25736	1.000000	25736	1.000000	dudleya_organelle_alignment_pipeline/results/05_analysis_masks/cpdna_duplicate_ir_copy_mask.bed	dudleya_organelle_alignment_pipeline/results/06_all_sample_alignment/qc/KIRN_LP_183_Du-425.depth.tsv
KIRN_LP_183_Du-425	QB3.Berkeley.251217/QB3.Results.260109	D. setchellii	KIRN	cpdna_population_sites	cpDNA	variant_calling_and_population_genetics	chloroplast	1	124538	311150893	2498.441383	124538	1.000000	124538	1.000000	124537	0.999992	dudleya_organelle_alignment_pipeline/results/05_analysis_masks/cpdna_population_sites.bed	dudleya_organelle_alignment_pipeline/results/06_all_sample_alignment/qc/KIRN_LP_183_Du-425.depth.tsv
KIRN_LP_183_Du-425	QB3.Berkeley.251217/QB3.Results.260109	D. setchellii	KIRN	mtdna_permissive_coverage	mtDNA	sample_qc_coverage	mitochondria	1	243359	17537847	72.065742	243358	0.999996	243348	0.999955	243323	0.999852	dudleya_organelle_alignment_pipeline/results/05_analysis_masks/mtdna_permissive_coverage_regions.bed	dudleya_organelle_alignment_pipeline/results/06_all_sample_alignment/qc/KIRN_LP_183_Du-425.depth.tsv
KIRN_LP_183_Du-425	QB3.Berkeley.251217/QB3.Results.260109	D. setchellii	KIRN	mtdna_high_confidence_unique	mtDNA	variant_calling_and_population_genetics	mitochondria	2	44930	5116631	113.880058	44930	1.000000	44930	1.000000	44930	1.000000	dudleya_organelle_alignment_pipeline/results/05_analysis_masks/mtdna_high_confidence_unique_regions.bed	dudleya_organelle_alignment_pipeline/results/06_all_sample_alignment/qc/KIRN_LP_183_Du-425.depth.tsv
KIRN_LP_184_Du-426	QB3.Berkeley.251217/QB3.Results.260109	D. setchellii	KIRN	cpdna_full_coverage	cpDNA	sample_qc_coverage	chloroplast	1	150274	309501689	2059.582423	150274	1.000000	150274	1.000000	150274	1.000000	dudleya_organelle_alignment_pipeline/results/05_analysis_masks/cpdna_full_coverage_regions.bed	dudleya_organelle_alignment_pipeline/results/06_all_sample_alignment/qc/KIRN_LP_184_Du-426.depth.tsv
KIRN_LP_184_Du-426	QB3.Berkeley.251217/QB3.Results.260109	D. setchellii	KIRN	cpdna_ir_regions	cpDNA	repeat_annotation	chloroplast	2	51472	113907032	2212.990208	51472	1.000000	51472	1.000000	51472	1.000000	dudleya_organelle_alignment_pipeline/results/05_analysis_masks/cpdna_ir_regions.bed	dudleya_organelle_alignment_pipeline/results/06_all_sample_alignment/qc/KIRN_LP_184_Du-426.depth.tsv
KIRN_LP_184_Du-426	QB3.Berkeley.251217/QB3.Results.260109	D. setchellii	KIRN	cpdna_duplicate_ir_mask	cpDNA	mask	chloroplast	1	25736	55471826	2155.417547	25736	1.000000	25736	1.000000	25736	1.000000	dudleya_organelle_alignment_pipeline/results/05_analysis_masks/cpdna_duplicate_ir_copy_mask.bed	dudleya_organelle_alignment_pipeline/results/06_all_sample_alignment/qc/KIRN_LP_184_Du-426.depth.tsv
KIRN_LP_184_Du-426	QB3.Berkeley.251217/QB3.Results.260109	D. setchellii	KIRN	cpdna_population_sites	cpDNA	variant_calling_and_population_genetics	chloroplast	1	124538	254029863	2039.777923	124538	1.000000	124538	1.000000	124538	1.000000	dudleya_organelle_alignment_pipeline/results/05_analysis_masks/cpdna_population_sites.bed	dudleya_organelle_alignment_pipeline/results/06_all_sample_alignment/qc/KIRN_LP_184_Du-426.depth.tsv
KIRN_LP_184_Du-426	QB3.Berkeley.251217/QB3.Results.260109	D. setchellii	KIRN	mtdna_permissive_coverage	mtDNA	sample_qc_coverage	mitochondria	1	243359	21064625	86.557822	243355	0.999984	243345	0.999942	243315	0.999819	dudleya_organelle_alignment_pipeline/results/05_analysis_masks/mtdna_permissive_coverage_regions.bed	dudleya_organelle_alignment_pipeline/results/06_all_sample_alignment/qc/KIRN_LP_184_Du-426.depth.tsv
KIRN_LP_184_Du-426	QB3.Berkeley.251217/QB3.Results.260109	D. setchellii	KIRN	mtdna_high_confidence_unique	mtDNA	variant_calling_and_population_genetics	mitochondria	2	44930	6240398	138.891565	44930	1.000000	44930	1.000000	44930	1.000000	dudleya_organelle_alignment_pipeline/results/05_analysis_masks/mtdna_high_confidence_unique_regions.bed	dudleya_organelle_alignment_pipeline/results/06_all_sample_alignment/qc/KIRN_LP_184_Du-426.depth.tsv
KIRN_LP_185_Du-427	QB3.Berkeley.251217/QB3.Results.260109	D. setchellii	KIRN	cpdna_full_coverage	cpDNA	sample_qc_coverage	chloroplast	1	150274	364645455	2426.537225	150274	1.000000	150273	0.999993	150273	0.999993	dudleya_organelle_alignment_pipeline/results/05_analysis_masks/cpdna_full_coverage_regions.bed	dudleya_organelle_alignment_pipeline/results/06_all_sample_alignment/qc/KIRN_LP_185_Du-427.depth.tsv
KIRN_LP_185_Du-427	QB3.Berkeley.251217/QB3.Results.260109	D. setchellii	KIRN	cpdna_ir_regions	cpDNA	repeat_annotation	chloroplast	2	51472	134840763	2619.691541	51472	1.000000	51471	0.999981	51471	0.999981	dudleya_organelle_alignment_pipeline/results/05_analysis_masks/cpdna_ir_regions.bed	dudleya_organelle_alignment_pipeline/results/06_all_sample_alignment/qc/KIRN_LP_185_Du-427.depth.tsv
KIRN_LP_185_Du-427	QB3.Berkeley.251217/QB3.Results.260109	D. setchellii	KIRN	cpdna_duplicate_ir_mask	cpDNA	mask	chloroplast	1	25736	65645379	2550.721907	25736	1.000000	25736	1.000000	25736	1.000000	dudleya_organelle_alignment_pipeline/results/05_analysis_masks/cpdna_duplicate_ir_copy_mask.bed	dudleya_organelle_alignment_pipeline/results/06_all_sample_alignment/qc/KIRN_LP_185_Du-427.depth.tsv
KIRN_LP_185_Du-427	QB3.Berkeley.251217/QB3.Results.260109	D. setchellii	KIRN	cpdna_population_sites	cpDNA	variant_calling_and_population_genetics	chloroplast	1	124538	299000076	2400.874239	124538	1.000000	124537	0.999992	124537	0.999992	dudleya_organelle_alignment_pipeline/results/05_analysis_masks/cpdna_population_sites.bed	dudleya_organelle_alignment_pipeline/results/06_all_sample_alignment/qc/KIRN_LP_185_Du-427.depth.tsv
KIRN_LP_185_Du-427	QB3.Berkeley.251217/QB3.Results.260109	D. setchellii	KIRN	mtdna_permissive_coverage	mtDNA	sample_qc_coverage	mitochondria	1	243359	25723577	105.702181	243354	0.999979	243343	0.999934	243321	0.999844	dudleya_organelle_alignment_pipeline/results/05_analysis_masks/mtdna_permissive_coverage_regions.bed	dudleya_organelle_alignment_pipeline/results/06_all_sample_alignment/qc/KIRN_LP_185_Du-427.depth.tsv
KIRN_LP_185_Du-427	QB3.Berkeley.251217/QB3.Results.260109	D. setchellii	KIRN	mtdna_high_confidence_unique	mtDNA	variant_calling_and_population_genetics	mitochondria	2	44930	7680088	170.934520	44930	1.000000	44930	1.000000	44930	1.000000	dudleya_organelle_alignment_pipeline/results/05_analysis_masks/mtdna_high_confidence_unique_regions.bed	dudleya_organelle_alignment_pipeline/results/06_all_sample_alignment/qc/KIRN_LP_185_Du-427.depth.tsv
KIRN_LP_186_Du-428	QB3.Berkeley.251217/QB3.Results.260109	D. setchellii	KIRN	cpdna_full_coverage	cpDNA	sample_qc_coverage	chloroplast	1	150274	365638645	2433.146419	150274	1.000000	150274	1.000000	150274	1.000000	dudleya_organelle_alignment_pipeline/results/05_analysis_masks/cpdna_full_coverage_regions.bed	dudleya_organelle_alignment_pipeline/results/06_all_sample_alignment/qc/KIRN_LP_186_Du-428.depth.tsv
KIRN_LP_186_Du-428	QB3.Berkeley.251217/QB3.Results.260109	D. setchellii	KIRN	cpdna_ir_regions	cpDNA	repeat_annotation	chloroplast	2	51472	127382387	2474.789925	51472	1.000000	51472	1.000000	51472	1.000000	dudleya_organelle_alignment_pipeline/results/05_analysis_masks/cpdna_ir_regions.bed	dudleya_organelle_alignment_pipeline/results/06_all_sample_alignment/qc/KIRN_LP_186_Du-428.depth.tsv
KIRN_LP_186_Du-428	QB3.Berkeley.251217/QB3.Results.260109	D. setchellii	KIRN	cpdna_duplicate_ir_mask	cpDNA	mask	chloroplast	1	25736	62224459	2417.798376	25736	1.000000	25736	1.000000	25736	1.000000	dudleya_organelle_alignment_pipeline/results/05_analysis_masks/cpdna_duplicate_ir_copy_mask.bed	dudleya_organelle_alignment_pipeline/results/06_all_sample_alignment/qc/KIRN_LP_186_Du-428.depth.tsv
KIRN_LP_186_Du-428	QB3.Berkeley.251217/QB3.Results.260109	D. setchellii	KIRN	cpdna_population_sites	cpDNA	variant_calling_and_population_genetics	chloroplast	1	124538	303414186	2436.318120	124538	1.000000	124538	1.000000	124538	1.000000	dudleya_organelle_alignment_pipeline/results/05_analysis_masks/cpdna_population_sites.bed	dudleya_organelle_alignment_pipeline/results/06_all_sample_alignment/qc/KIRN_LP_186_Du-428.depth.tsv
KIRN_LP_186_Du-428	QB3.Berkeley.251217/QB3.Results.260109	D. setchellii	KIRN	mtdna_permissive_coverage	mtDNA	sample_qc_coverage	mitochondria	1	243359	23655902	97.205782	243357	0.999992	243348	0.999955	243310	0.999799	dudleya_organelle_alignment_pipeline/results/05_analysis_masks/mtdna_permissive_coverage_regions.bed	dudleya_organelle_alignment_pipeline/results/06_all_sample_alignment/qc/KIRN_LP_186_Du-428.depth.tsv
KIRN_LP_186_Du-428	QB3.Berkeley.251217/QB3.Results.260109	D. setchellii	KIRN	mtdna_high_confidence_unique	mtDNA	variant_calling_and_population_genetics	mitochondria	2	44930	7093240	157.873136	44930	1.000000	44930	1.000000	44930	1.000000	dudleya_organelle_alignment_pipeline/results/05_analysis_masks/mtdna_high_confidence_unique_regions.bed	dudleya_organelle_alignment_pipeline/results/06_all_sample_alignment/qc/KIRN_LP_186_Du-428.depth.tsv
KIRN_LP_187_Du-429	QB3.Berkeley.251217/QB3.Results.260109	D. setchellii	KIRN	cpdna_full_coverage	cpDNA	sample_qc_coverage	chloroplast	1	150274	473516799	3151.022792	150274	1.000000	150274	1.000000	150273	0.999993	dudleya_organelle_alignment_pipeline/results/05_analysis_masks/cpdna_full_coverage_regions.bed	dudleya_organelle_alignment_pipeline/results/06_all_sample_alignment/qc/KIRN_LP_187_Du-429.depth.tsv
KIRN_LP_187_Du-429	QB3.Berkeley.251217/QB3.Results.260109	D. setchellii	KIRN	cpdna_ir_regions	cpDNA	repeat_annotation	chloroplast	2	51472	167304334	3250.395050	51472	1.000000	51472	1.000000	51471	0.999981	dudleya_organelle_alignment_pipeline/results/05_analysis_masks/cpdna_ir_regions.bed	dudleya_organelle_alignment_pipeline/results/06_all_sample_alignment/qc/KIRN_LP_187_Du-429.depth.tsv
KIRN_LP_187_Du-429	QB3.Berkeley.251217/QB3.Results.260109	D. setchellii	KIRN	cpdna_duplicate_ir_mask	cpDNA	mask	chloroplast	1	25736	81687118	3174.040954	25736	1.000000	25736	1.000000	25736	1.000000	dudleya_organelle_alignment_pipeline/results/05_analysis_masks/cpdna_duplicate_ir_copy_mask.bed	dudleya_organelle_alignment_pipeline/results/06_all_sample_alignment/qc/KIRN_LP_187_Du-429.depth.tsv
KIRN_LP_187_Du-429	QB3.Berkeley.251217/QB3.Results.260109	D. setchellii	KIRN	cpdna_population_sites	cpDNA	variant_calling_and_population_genetics	chloroplast	1	124538	391829681	3146.266047	124538	1.000000	124538	1.000000	124537	0.999992	dudleya_organelle_alignment_pipeline/results/05_analysis_masks/cpdna_population_sites.bed	dudleya_organelle_alignment_pipeline/results/06_all_sample_alignment/qc/KIRN_LP_187_Du-429.depth.tsv
KIRN_LP_187_Du-429	QB3.Berkeley.251217/QB3.Results.260109	D. setchellii	KIRN	mtdna_permissive_coverage	mtDNA	sample_qc_coverage	mitochondria	1	243359	32195099	132.294672	243353	0.999975	243340	0.999922	243327	0.999869	dudleya_organelle_alignment_pipeline/results/05_analysis_masks/mtdna_permissive_coverage_regions.bed	dudleya_organelle_alignment_pipeline/results/06_all_sample_alignment/qc/KIRN_LP_187_Du-429.depth.tsv
KIRN_LP_187_Du-429	QB3.Berkeley.251217/QB3.Results.260109	D. setchellii	KIRN	mtdna_high_confidence_unique	mtDNA	variant_calling_and_population_genetics	mitochondria	2	44930	9542784	212.392255	44930	1.000000	44930	1.000000	44930	1.000000	dudleya_organelle_alignment_pipeline/results/05_analysis_masks/mtdna_high_confidence_unique_regions.bed	dudleya_organelle_alignment_pipeline/results/06_all_sample_alignment/qc/KIRN_LP_187_Du-429.depth.tsv
KIRT_LP_159_Du-364	QB3.Berkeley.251217/QB3.Results.260109	D. setchellii	KIRT	cpdna_full_coverage	cpDNA	sample_qc_coverage	chloroplast	1	150274	26549525	176.674109	150272	0.999987	150246	0.999814	150208	0.999561	dudleya_organelle_alignment_pipeline/results/05_analysis_masks/cpdna_full_coverage_regions.bed	dudleya_organelle_alignment_pipeline/results/06_all_sample_alignment/qc/KIRT_LP_159_Du-364.depth.tsv
KIRT_LP_159_Du-364	QB3.Berkeley.251217/QB3.Results.260109	D. setchellii	KIRT	cpdna_ir_regions	cpDNA	repeat_annotation	chloroplast	2	51472	9173372	178.220625	51470	0.999961	51445	0.999475	51414	0.998873	dudleya_organelle_alignment_pipeline/results/05_analysis_masks/cpdna_ir_regions.bed	dudleya_organelle_alignment_pipeline/results/06_all_sample_alignment/qc/KIRT_LP_159_Du-364.depth.tsv
KIRT_LP_159_Du-364	QB3.Berkeley.251217/QB3.Results.260109	D. setchellii	KIRT	cpdna_duplicate_ir_mask	cpDNA	mask	chloroplast	1	25736	4493523	174.600676	25735	0.999961	25714	0.999145	25695	0.998407	dudleya_organelle_alignment_pipeline/results/05_analysis_masks/cpdna_duplicate_ir_copy_mask.bed	dudleya_organelle_alignment_pipeline/results/06_all_sample_alignment/qc/KIRT_LP_159_Du-364.depth.tsv
KIRT_LP_159_Du-364	QB3.Berkeley.251217/QB3.Results.260109	D. setchellii	KIRT	cpdna_population_sites	cpDNA	variant_calling_and_population_genetics	chloroplast	1	124538	22056002	177.102587	124537	0.999992	124532	0.999952	124513	0.999799	dudleya_organelle_alignment_pipeline/results/05_analysis_masks/cpdna_population_sites.bed	dudleya_organelle_alignment_pipeline/results/06_all_sample_alignment/qc/KIRT_LP_159_Du-364.depth.tsv
KIRT_LP_159_Du-364	QB3.Berkeley.251217/QB3.Results.260109	D. setchellii	KIRT	mtdna_permissive_coverage	mtDNA	sample_qc_coverage	mitochondria	1	243359	4219741	17.339572	243323	0.999852	240862	0.989739	209071	0.859105	dudleya_organelle_alignment_pipeline/results/05_analysis_masks/mtdna_permissive_coverage_regions.bed	dudleya_organelle_alignment_pipeline/results/06_all_sample_alignment/qc/KIRT_LP_159_Du-364.depth.tsv
KIRT_LP_159_Du-364	QB3.Berkeley.251217/QB3.Results.260109	D. setchellii	KIRT	mtdna_high_confidence_unique	mtDNA	variant_calling_and_population_genetics	mitochondria	2	44930	1260831	28.062119	44930	1.000000	44930	1.000000	44805	0.997218	dudleya_organelle_alignment_pipeline/results/05_analysis_masks/mtdna_high_confidence_unique_regions.bed	dudleya_organelle_alignment_pipeline/results/06_all_sample_alignment/qc/KIRT_LP_159_Du-364.depth.tsv
KIRT_LP_160_Du-365	QB3.Berkeley.251217/QB3.Results.260109	D. setchellii	KIRT	cpdna_full_coverage	cpDNA	sample_qc_coverage	chloroplast	1	150274	63151497	420.242337	150272	0.999987	150263	0.999927	150239	0.999767	dudleya_organelle_alignment_pipeline/results/05_analysis_masks/cpdna_full_coverage_regions.bed	dudleya_organelle_alignment_pipeline/results/06_all_sample_alignment/qc/KIRT_LP_160_Du-365.depth.tsv
KIRT_LP_160_Du-365	QB3.Berkeley.251217/QB3.Results.260109	D. setchellii	KIRT	cpdna_ir_regions	cpDNA	repeat_annotation	chloroplast	2	51472	20347998	395.321689	51470	0.999961	51461	0.999786	51439	0.999359	dudleya_organelle_alignment_pipeline/results/05_analysis_masks/cpdna_ir_regions.bed	dudleya_organelle_alignment_pipeline/results/06_all_sample_alignment/qc/KIRT_LP_160_Du-365.depth.tsv
KIRT_LP_160_Du-365	QB3.Berkeley.251217/QB3.Results.260109	D. setchellii	KIRT	cpdna_duplicate_ir_mask	cpDNA	mask	chloroplast	1	25736	9899897	384.671161	25734	0.999922	25730	0.999767	25712	0.999067	dudleya_organelle_alignment_pipeline/results/05_analysis_masks/cpdna_duplicate_ir_copy_mask.bed	dudleya_organelle_alignment_pipeline/results/06_all_sample_alignment/qc/KIRT_LP_160_Du-365.depth.tsv
KIRT_LP_160_Du-365	QB3.Berkeley.251217/QB3.Results.260109	D. setchellii	KIRT	cpdna_population_sites	cpDNA	variant_calling_and_population_genetics	chloroplast	1	124538	53251600	427.593184	124538	1.000000	124533	0.999960	124527	0.999912	dudleya_organelle_alignment_pipeline/results/05_analysis_masks/cpdna_population_sites.bed	dudleya_organelle_alignment_pipeline/results/06_all_sample_alignment/qc/KIRT_LP_160_Du-365.depth.tsv
KIRT_LP_160_Du-365	QB3.Berkeley.251217/QB3.Results.260109	D. setchellii	KIRT	mtdna_permissive_coverage	mtDNA	sample_qc_coverage	mitochondria	1	243359	6538508	26.867747	243344	0.999938	243122	0.999026	240257	0.987253	dudleya_organelle_alignment_pipeline/results/05_analysis_masks/mtdna_permissive_coverage_regions.bed	dudleya_organelle_alignment_pipeline/results/06_all_sample_alignment/qc/KIRT_LP_160_Du-365.depth.tsv
KIRT_LP_160_Du-365	QB3.Berkeley.251217/QB3.Results.260109	D. setchellii	KIRT	mtdna_high_confidence_unique	mtDNA	variant_calling_and_population_genetics	mitochondria	2	44930	1983856	44.154373	44930	1.000000	44930	1.000000	44930	1.000000	dudleya_organelle_alignment_pipeline/results/05_analysis_masks/mtdna_high_confidence_unique_regions.bed	dudleya_organelle_alignment_pipeline/results/06_all_sample_alignment/qc/KIRT_LP_160_Du-365.depth.tsv
KIRT_LP_161_Du-366	QB3.Berkeley.251217/QB3.Results.260109	D. setchellii	KIRT	cpdna_full_coverage	cpDNA	sample_qc_coverage	chloroplast	1	150274	50742628	337.667381	150274	1.000000	150255	0.999874	150237	0.999754	dudleya_organelle_alignment_pipeline/results/05_analysis_masks/cpdna_full_coverage_regions.bed	dudleya_organelle_alignment_pipeline/results/06_all_sample_alignment/qc/KIRT_LP_161_Du-366.depth.tsv
KIRT_LP_161_Du-366	QB3.Berkeley.251217/QB3.Results.260109	D. setchellii	KIRT	cpdna_ir_regions	cpDNA	repeat_annotation	chloroplast	2	51472	16451543	319.621212	51472	1.000000	51453	0.999631	51437	0.999320	dudleya_organelle_alignment_pipeline/results/05_analysis_masks/cpdna_ir_regions.bed	dudleya_organelle_alignment_pipeline/results/06_all_sample_alignment/qc/KIRT_LP_161_Du-366.depth.tsv
KIRT_LP_161_Du-366	QB3.Berkeley.251217/QB3.Results.260109	D. setchellii	KIRT	cpdna_duplicate_ir_mask	cpDNA	mask	chloroplast	1	25736	8139030	316.250777	25736	1.000000	25719	0.999339	25703	0.998718	dudleya_organelle_alignment_pipeline/results/05_analysis_masks/cpdna_duplicate_ir_copy_mask.bed	dudleya_organelle_alignment_pipeline/results/06_all_sample_alignment/qc/KIRT_LP_161_Du-366.depth.tsv
KIRT_LP_161_Du-366	QB3.Berkeley.251217/QB3.Results.260109	D. setchellii	KIRT	cpdna_population_sites	cpDNA	variant_calling_and_population_genetics	chloroplast	1	124538	42603598	342.093160	124538	1.000000	124536	0.999984	124534	0.999968	dudleya_organelle_alignment_pipeline/results/05_analysis_masks/cpdna_population_sites.bed	dudleya_organelle_alignment_pipeline/results/06_all_sample_alignment/qc/KIRT_LP_161_Du-366.depth.tsv
KIRT_LP_161_Du-366	QB3.Berkeley.251217/QB3.Results.260109	D. setchellii	KIRT	mtdna_permissive_coverage	mtDNA	sample_qc_coverage	mitochondria	1	243359	6849060	28.143853	243358	0.999996	243267	0.999622	241719	0.993261	dudleya_organelle_alignment_pipeline/results/05_analysis_masks/mtdna_permissive_coverage_regions.bed	dudleya_organelle_alignment_pipeline/results/06_all_sample_alignment/qc/KIRT_LP_161_Du-366.depth.tsv
KIRT_LP_161_Du-366	QB3.Berkeley.251217/QB3.Results.260109	D. setchellii	KIRT	mtdna_high_confidence_unique	mtDNA	variant_calling_and_population_genetics	mitochondria	2	44930	2012955	44.802025	44930	1.000000	44930	1.000000	44930	1.000000	dudleya_organelle_alignment_pipeline/results/05_analysis_masks/mtdna_high_confidence_unique_regions.bed	dudleya_organelle_alignment_pipeline/results/06_all_sample_alignment/qc/KIRT_LP_161_Du-366.depth.tsv
KIRT_LP_162_Du-367	QB3.Berkeley.251217/QB3.Results.260109	D. setchellii	KIRT	cpdna_full_coverage	cpDNA	sample_qc_coverage	chloroplast	1	150274	50523212	336.207275	150273	0.999993	150261	0.999913	150244	0.999800	dudleya_organelle_alignment_pipeline/results/05_analysis_masks/cpdna_full_coverage_regions.bed	dudleya_organelle_alignment_pipeline/results/06_all_sample_alignment/qc/KIRT_LP_162_Du-367.depth.tsv
KIRT_LP_162_Du-367	QB3.Berkeley.251217/QB3.Results.260109	D. setchellii	KIRT	cpdna_ir_regions	cpDNA	repeat_annotation	chloroplast	2	51472	16929850	328.913778	51471	0.999981	51459	0.999747	51442	0.999417	dudleya_organelle_alignment_pipeline/results/05_analysis_masks/cpdna_ir_regions.bed	dudleya_organelle_alignment_pipeline/results/06_all_sample_alignment/qc/KIRT_LP_162_Du-367.depth.tsv
KIRT_LP_162_Du-367	QB3.Berkeley.251217/QB3.Results.260109	D. setchellii	KIRT	cpdna_duplicate_ir_mask	cpDNA	mask	chloroplast	1	25736	8254845	320.750894	25736	1.000000	25725	0.999573	25714	0.999145	dudleya_organelle_alignment_pipeline/results/05_analysis_masks/cpdna_duplicate_ir_copy_mask.bed	dudleya_organelle_alignment_pipeline/results/06_all_sample_alignment/qc/KIRT_LP_162_Du-367.depth.tsv
KIRT_LP_162_Du-367	QB3.Berkeley.251217/QB3.Results.260109	D. setchellii	KIRT	cpdna_population_sites	cpDNA	variant_calling_and_population_genetics	chloroplast	1	124538	42268367	339.401363	124537	0.999992	124536	0.999984	124530	0.999936	dudleya_organelle_alignment_pipeline/results/05_analysis_masks/cpdna_population_sites.bed	dudleya_organelle_alignment_pipeline/results/06_all_sample_alignment/qc/KIRT_LP_162_Du-367.depth.tsv
KIRT_LP_162_Du-367	QB3.Berkeley.251217/QB3.Results.260109	D. setchellii	KIRT	mtdna_permissive_coverage	mtDNA	sample_qc_coverage	mitochondria	1	243359	5955916	24.473786	243346	0.999947	243097	0.998923	239071	0.982380	dudleya_organelle_alignment_pipeline/results/05_analysis_masks/mtdna_permissive_coverage_regions.bed	dudleya_organelle_alignment_pipeline/results/06_all_sample_alignment/qc/KIRT_LP_162_Du-367.depth.tsv
KIRT_LP_162_Du-367	QB3.Berkeley.251217/QB3.Results.260109	D. setchellii	KIRT	mtdna_high_confidence_unique	mtDNA	variant_calling_and_population_genetics	mitochondria	2	44930	1811493	40.318117	44930	1.000000	44930	1.000000	44930	1.000000	dudleya_organelle_alignment_pipeline/results/05_analysis_masks/mtdna_high_confidence_unique_regions.bed	dudleya_organelle_alignment_pipeline/results/06_all_sample_alignment/qc/KIRT_LP_162_Du-367.depth.tsv
KIRT_LP_163_Du-368	QB3.Berkeley.251217/QB3.Results.260109	D. setchellii	KIRT	cpdna_full_coverage	cpDNA	sample_qc_coverage	chloroplast	1	150274	52466956	349.141941	150272	0.999987	150262	0.999920	150245	0.999807	dudleya_organelle_alignment_pipeline/results/05_analysis_masks/cpdna_full_coverage_regions.bed	dudleya_organelle_alignment_pipeline/results/06_all_sample_alignment/qc/KIRT_LP_163_Du-368.depth.tsv
KIRT_LP_163_Du-368	QB3.Berkeley.251217/QB3.Results.260109	D. setchellii	KIRT	cpdna_ir_regions	cpDNA	repeat_annotation	chloroplast	2	51472	16744678	325.316250	51470	0.999961	51460	0.999767	51443	0.999437	dudleya_organelle_alignment_pipeline/results/05_analysis_masks/cpdna_ir_regions.bed	dudleya_organelle_alignment_pipeline/results/06_all_sample_alignment/qc/KIRT_LP_163_Du-368.depth.tsv
KIRT_LP_163_Du-368	QB3.Berkeley.251217/QB3.Results.260109	D. setchellii	KIRT	cpdna_duplicate_ir_mask	cpDNA	mask	chloroplast	1	25736	8220977	319.434916	25734	0.999922	25726	0.999611	25709	0.998951	dudleya_organelle_alignment_pipeline/results/05_analysis_masks/cpdna_duplicate_ir_copy_mask.bed	dudleya_organelle_alignment_pipeline/results/06_all_sample_alignment/qc/KIRT_LP_163_Du-368.depth.tsv
KIRT_LP_163_Du-368	QB3.Berkeley.251217/QB3.Results.260109	D. setchellii	KIRT	cpdna_population_sites	cpDNA	variant_calling_and_population_genetics	chloroplast	1	124538	44245979	355.280950	124538	1.000000	124536	0.999984	124536	0.999984	dudleya_organelle_alignment_pipeline/results/05_analysis_masks/cpdna_population_sites.bed	dudleya_organelle_alignment_pipeline/results/06_all_sample_alignment/qc/KIRT_LP_163_Du-368.depth.tsv
KIRT_LP_163_Du-368	QB3.Berkeley.251217/QB3.Results.260109	D. setchellii	KIRT	mtdna_permissive_coverage	mtDNA	sample_qc_coverage	mitochondria	1	243359	5256065	21.597989	243319	0.999836	243021	0.998611	230041	0.945274	dudleya_organelle_alignment_pipeline/results/05_analysis_masks/mtdna_permissive_coverage_regions.bed	dudleya_organelle_alignment_pipeline/results/06_all_sample_alignment/qc/KIRT_LP_163_Du-368.depth.tsv
KIRT_LP_163_Du-368	QB3.Berkeley.251217/QB3.Results.260109	D. setchellii	KIRT	mtdna_high_confidence_unique	mtDNA	variant_calling_and_population_genetics	mitochondria	2	44930	1648722	36.695348	44930	1.000000	44930	1.000000	44909	0.999533	dudleya_organelle_alignment_pipeline/results/05_analysis_masks/mtdna_high_confidence_unique_regions.bed	dudleya_organelle_alignment_pipeline/results/06_all_sample_alignment/qc/KIRT_LP_163_Du-368.depth.tsv
KIRT_LP_164_Du-369	QB3.Berkeley.251217/QB3.Results.260109	D. setchellii	KIRT	cpdna_full_coverage	cpDNA	sample_qc_coverage	chloroplast	1	150274	48367338	321.860987	150271	0.999980	150263	0.999927	150238	0.999760	dudleya_organelle_alignment_pipeline/results/05_analysis_masks/cpdna_full_coverage_regions.bed	dudleya_organelle_alignment_pipeline/results/06_all_sample_alignment/qc/KIRT_LP_164_Du-369.depth.tsv
KIRT_LP_164_Du-369	QB3.Berkeley.251217/QB3.Results.260109	D. setchellii	KIRT	cpdna_ir_regions	cpDNA	repeat_annotation	chloroplast	2	51472	16510920	320.774790	51469	0.999942	51461	0.999786	51439	0.999359	dudleya_organelle_alignment_pipeline/results/05_analysis_masks/cpdna_ir_regions.bed	dudleya_organelle_alignment_pipeline/results/06_all_sample_alignment/qc/KIRT_LP_164_Du-369.depth.tsv
KIRT_LP_164_Du-369	QB3.Berkeley.251217/QB3.Results.260109	D. setchellii	KIRT	cpdna_duplicate_ir_mask	cpDNA	mask	chloroplast	1	25736	8094692	314.527976	25734	0.999922	25727	0.999650	25712	0.999067	dudleya_organelle_alignment_pipeline/results/05_analysis_masks/cpdna_duplicate_ir_copy_mask.bed	dudleya_organelle_alignment_pipeline/results/06_all_sample_alignment/qc/KIRT_LP_164_Du-369.depth.tsv
KIRT_LP_164_Du-369	QB3.Berkeley.251217/QB3.Results.260109	D. setchellii	KIRT	cpdna_population_sites	cpDNA	variant_calling_and_population_genetics	chloroplast	1	124538	40272646	323.376367	124537	0.999992	124536	0.999984	124526	0.999904	dudleya_organelle_alignment_pipeline/results/05_analysis_masks/cpdna_population_sites.bed	dudleya_organelle_alignment_pipeline/results/06_all_sample_alignment/qc/KIRT_LP_164_Du-369.depth.tsv
KIRT_LP_164_Du-369	QB3.Berkeley.251217/QB3.Results.260109	D. setchellii	KIRT	mtdna_permissive_coverage	mtDNA	sample_qc_coverage	mitochondria	1	243359	5770309	23.711098	243349	0.999959	243151	0.999145	238114	0.978447	dudleya_organelle_alignment_pipeline/results/05_analysis_masks/mtdna_permissive_coverage_regions.bed	dudleya_organelle_alignment_pipeline/results/06_all_sample_alignment/qc/KIRT_LP_164_Du-369.depth.tsv
KIRT_LP_164_Du-369	QB3.Berkeley.251217/QB3.Results.260109	D. setchellii	KIRT	mtdna_high_confidence_unique	mtDNA	variant_calling_and_population_genetics	mitochondria	2	44930	1749345	38.934899	44930	1.000000	44930	1.000000	44930	1.000000	dudleya_organelle_alignment_pipeline/results/05_analysis_masks/mtdna_high_confidence_unique_regions.bed	dudleya_organelle_alignment_pipeline/results/06_all_sample_alignment/qc/KIRT_LP_164_Du-369.depth.tsv
KIRT_LP_165_Du-370	QB3.Berkeley.251217/QB3.Results.260109	D. setchellii	KIRT	cpdna_full_coverage	cpDNA	sample_qc_coverage	chloroplast	1	150274	76971058	512.204759	150274	1.000000	150273	0.999993	150257	0.999887	dudleya_organelle_alignment_pipeline/results/05_analysis_masks/cpdna_full_coverage_regions.bed	dudleya_organelle_alignment_pipeline/results/06_all_sample_alignment/qc/KIRT_LP_165_Du-370.depth.tsv
KIRT_LP_165_Du-370	QB3.Berkeley.251217/QB3.Results.260109	D. setchellii	KIRT	cpdna_ir_regions	cpDNA	repeat_annotation	chloroplast	2	51472	27929197	542.609516	51472	1.000000	51471	0.999981	51456	0.999689	dudleya_organelle_alignment_pipeline/results/05_analysis_masks/cpdna_ir_regions.bed	dudleya_organelle_alignment_pipeline/results/06_all_sample_alignment/qc/KIRT_LP_165_Du-370.depth.tsv
KIRT_LP_165_Du-370	QB3.Berkeley.251217/QB3.Results.260109	D. setchellii	KIRT	cpdna_duplicate_ir_mask	cpDNA	mask	chloroplast	1	25736	13588286	527.987488	25736	1.000000	25736	1.000000	25724	0.999534	dudleya_organelle_alignment_pipeline/results/05_analysis_masks/cpdna_duplicate_ir_copy_mask.bed	dudleya_organelle_alignment_pipeline/results/06_all_sample_alignment/qc/KIRT_LP_165_Du-370.depth.tsv
KIRT_LP_165_Du-370	QB3.Berkeley.251217/QB3.Results.260109	D. setchellii	KIRT	cpdna_population_sites	cpDNA	variant_calling_and_population_genetics	chloroplast	1	124538	63382772	508.943230	124538	1.000000	124537	0.999992	124533	0.999960	dudleya_organelle_alignment_pipeline/results/05_analysis_masks/cpdna_population_sites.bed	dudleya_organelle_alignment_pipeline/results/06_all_sample_alignment/qc/KIRT_LP_165_Du-370.depth.tsv
KIRT_LP_165_Du-370	QB3.Berkeley.251217/QB3.Results.260109	D. setchellii	KIRT	mtdna_permissive_coverage	mtDNA	sample_qc_coverage	mitochondria	1	243359	9783920	40.203650	243359	1.000000	243277	0.999663	243119	0.999014	dudleya_organelle_alignment_pipeline/results/05_analysis_masks/mtdna_permissive_coverage_regions.bed	dudleya_organelle_alignment_pipeline/results/06_all_sample_alignment/qc/KIRT_LP_165_Du-370.depth.tsv
KIRT_LP_165_Du-370	QB3.Berkeley.251217/QB3.Results.260109	D. setchellii	KIRT	mtdna_high_confidence_unique	mtDNA	variant_calling_and_population_genetics	mitochondria	2	44930	2865942	63.786824	44930	1.000000	44930	1.000000	44930	1.000000	dudleya_organelle_alignment_pipeline/results/05_analysis_masks/mtdna_high_confidence_unique_regions.bed	dudleya_organelle_alignment_pipeline/results/06_all_sample_alignment/qc/KIRT_LP_165_Du-370.depth.tsv
KIRT_LP_166_Du-371	QB3.Berkeley.251217/QB3.Results.260109	D. setchellii	KIRT	cpdna_full_coverage	cpDNA	sample_qc_coverage	chloroplast	1	150274	36734407	244.449519	150273	0.999993	150256	0.999880	150222	0.999654	dudleya_organelle_alignment_pipeline/results/05_analysis_masks/cpdna_full_coverage_regions.bed	dudleya_organelle_alignment_pipeline/results/06_all_sample_alignment/qc/KIRT_LP_166_Du-371.depth.tsv
KIRT_LP_166_Du-371	QB3.Berkeley.251217/QB3.Results.260109	D. setchellii	KIRT	cpdna_ir_regions	cpDNA	repeat_annotation	chloroplast	2	51472	13833904	268.765620	51471	0.999981	51457	0.999709	51427	0.999126	dudleya_organelle_alignment_pipeline/results/05_analysis_masks/cpdna_ir_regions.bed	dudleya_organelle_alignment_pipeline/results/06_all_sample_alignment/qc/KIRT_LP_166_Du-371.depth.tsv
KIRT_LP_166_Du-371	QB3.Berkeley.251217/QB3.Results.260109	D. setchellii	KIRT	cpdna_duplicate_ir_mask	cpDNA	mask	chloroplast	1	25736	6717018	260.996969	25735	0.999961	25726	0.999611	25702	0.998679	dudleya_organelle_alignment_pipeline/results/05_analysis_masks/cpdna_duplicate_ir_copy_mask.bed	dudleya_organelle_alignment_pipeline/results/06_all_sample_alignment/qc/KIRT_LP_166_Du-371.depth.tsv
KIRT_LP_166_Du-371	QB3.Berkeley.251217/QB3.Results.260109	D. setchellii	KIRT	cpdna_population_sites	cpDNA	variant_calling_and_population_genetics	chloroplast	1	124538	30017389	241.029959	124538	1.000000	124530	0.999936	124520	0.999855	dudleya_organelle_alignment_pipeline/results/05_analysis_masks/cpdna_population_sites.bed	dudleya_organelle_alignment_pipeline/results/06_all_sample_alignment/qc/KIRT_LP_166_Du-371.depth.tsv
KIRT_LP_166_Du-371	QB3.Berkeley.251217/QB3.Results.260109	D. setchellii	KIRT	mtdna_permissive_coverage	mtDNA	sample_qc_coverage	mitochondria	1	243359	5689484	23.378975	243356	0.999988	242845	0.997888	235324	0.966983	dudleya_organelle_alignment_pipeline/results/05_analysis_masks/mtdna_permissive_coverage_regions.bed	dudleya_organelle_alignment_pipeline/results/06_all_sample_alignment/qc/KIRT_LP_166_Du-371.depth.tsv
KIRT_LP_166_Du-371	QB3.Berkeley.251217/QB3.Results.260109	D. setchellii	KIRT	mtdna_high_confidence_unique	mtDNA	variant_calling_and_population_genetics	mitochondria	2	44930	1737423	38.669553	44930	1.000000	44930	1.000000	44930	1.000000	dudleya_organelle_alignment_pipeline/results/05_analysis_masks/mtdna_high_confidence_unique_regions.bed	dudleya_organelle_alignment_pipeline/results/06_all_sample_alignment/qc/KIRT_LP_166_Du-371.depth.tsv
KIRT_LP_167_Du-372	QB3.Berkeley.251217/QB3.Results.260109	D. setchellii	KIRT	cpdna_full_coverage	cpDNA	sample_qc_coverage	chloroplast	1	150274	29828830	198.496280	150271	0.999980	150245	0.999807	150207	0.999554	dudleya_organelle_alignment_pipeline/results/05_analysis_masks/cpdna_full_coverage_regions.bed	dudleya_organelle_alignment_pipeline/results/06_all_sample_alignment/qc/KIRT_LP_167_Du-372.depth.tsv
KIRT_LP_167_Du-372	QB3.Berkeley.251217/QB3.Results.260109	D. setchellii	KIRT	cpdna_ir_regions	cpDNA	repeat_annotation	chloroplast	2	51472	10531488	204.606155	51469	0.999942	51446	0.999495	51413	0.998854	dudleya_organelle_alignment_pipeline/results/05_analysis_masks/cpdna_ir_regions.bed	dudleya_organelle_alignment_pipeline/results/06_all_sample_alignment/qc/KIRT_LP_167_Du-372.depth.tsv
KIRT_LP_167_Du-372	QB3.Berkeley.251217/QB3.Results.260109	D. setchellii	KIRT	cpdna_duplicate_ir_mask	cpDNA	mask	chloroplast	1	25736	5150284	200.119832	25734	0.999922	25714	0.999145	25691	0.998251	dudleya_organelle_alignment_pipeline/results/05_analysis_masks/cpdna_duplicate_ir_copy_mask.bed	dudleya_organelle_alignment_pipeline/results/06_all_sample_alignment/qc/KIRT_LP_167_Du-372.depth.tsv
KIRT_LP_167_Du-372	QB3.Berkeley.251217/QB3.Results.260109	D. setchellii	KIRT	cpdna_population_sites	cpDNA	variant_calling_and_population_genetics	chloroplast	1	124538	24678546	198.160770	124537	0.999992	124531	0.999944	124516	0.999823	dudleya_organelle_alignment_pipeline/results/05_analysis_masks/cpdna_population_sites.bed	dudleya_organelle_alignment_pipeline/results/06_all_sample_alignment/qc/KIRT_LP_167_Du-372.depth.tsv
KIRT_LP_167_Du-372	QB3.Berkeley.251217/QB3.Results.260109	D. setchellii	KIRT	mtdna_permissive_coverage	mtDNA	sample_qc_coverage	mitochondria	1	243359	3284708	13.497376	243148	0.999133	234919	0.965319	170165	0.699234	dudleya_organelle_alignment_pipeline/results/05_analysis_masks/mtdna_permissive_coverage_regions.bed	dudleya_organelle_alignment_pipeline/results/06_all_sample_alignment/qc/KIRT_LP_167_Du-372.depth.tsv
KIRT_LP_167_Du-372	QB3.Berkeley.251217/QB3.Results.260109	D. setchellii	KIRT	mtdna_high_confidence_unique	mtDNA	variant_calling_and_population_genetics	mitochondria	2	44930	974347	21.685889	44930	1.000000	44930	1.000000	43801	0.974872	dudleya_organelle_alignment_pipeline/results/05_analysis_masks/mtdna_high_confidence_unique_regions.bed	dudleya_organelle_alignment_pipeline/results/06_all_sample_alignment/qc/KIRT_LP_167_Du-372.depth.tsv
KIRT_LP_168_Du-373	QB3.Berkeley.251217/QB3.Results.260109	D. setchellii	KIRT	cpdna_full_coverage	cpDNA	sample_qc_coverage	chloroplast	1	150274	55737241	370.904089	150274	1.000000	150269	0.999967	150252	0.999854	dudleya_organelle_alignment_pipeline/results/05_analysis_masks/cpdna_full_coverage_regions.bed	dudleya_organelle_alignment_pipeline/results/06_all_sample_alignment/qc/KIRT_LP_168_Du-373.depth.tsv
KIRT_LP_168_Du-373	QB3.Berkeley.251217/QB3.Results.260109	D. setchellii	KIRT	cpdna_ir_regions	cpDNA	repeat_annotation	chloroplast	2	51472	19718507	383.091914	51472	1.000000	51467	0.999903	51455	0.999670	dudleya_organelle_alignment_pipeline/results/05_analysis_masks/cpdna_ir_regions.bed	dudleya_organelle_alignment_pipeline/results/06_all_sample_alignment/qc/KIRT_LP_168_Du-373.depth.tsv
KIRT_LP_168_Du-373	QB3.Berkeley.251217/QB3.Results.260109	D. setchellii	KIRT	cpdna_duplicate_ir_mask	cpDNA	mask	chloroplast	1	25736	9591455	372.686315	25736	1.000000	25732	0.999845	25722	0.999456	dudleya_organelle_alignment_pipeline/results/05_analysis_masks/cpdna_duplicate_ir_copy_mask.bed	dudleya_organelle_alignment_pipeline/results/06_all_sample_alignment/qc/KIRT_LP_168_Du-373.depth.tsv
KIRT_LP_168_Du-373	QB3.Berkeley.251217/QB3.Results.260109	D. setchellii	KIRT	cpdna_population_sites	cpDNA	variant_calling_and_population_genetics	chloroplast	1	124538	46145786	370.535788	124538	1.000000	124537	0.999992	124530	0.999936	dudleya_organelle_alignment_pipeline/results/05_analysis_masks/cpdna_population_sites.bed	dudleya_organelle_alignment_pipeline/results/06_all_sample_alignment/qc/KIRT_LP_168_Du-373.depth.tsv
KIRT_LP_168_Du-373	QB3.Berkeley.251217/QB3.Results.260109	D. setchellii	KIRT	mtdna_permissive_coverage	mtDNA	sample_qc_coverage	mitochondria	1	243359	8792674	36.130466	243349	0.999959	243324	0.999856	243095	0.998915	dudleya_organelle_alignment_pipeline/results/05_analysis_masks/mtdna_permissive_coverage_regions.bed	dudleya_organelle_alignment_pipeline/results/06_all_sample_alignment/qc/KIRT_LP_168_Du-373.depth.tsv
KIRT_LP_168_Du-373	QB3.Berkeley.251217/QB3.Results.260109	D. setchellii	KIRT	mtdna_high_confidence_unique	mtDNA	variant_calling_and_population_genetics	mitochondria	2	44930	2664831	59.310728	44930	1.000000	44930	1.000000	44930	1.000000	dudleya_organelle_alignment_pipeline/results/05_analysis_masks/mtdna_high_confidence_unique_regions.bed	dudleya_organelle_alignment_pipeline/results/06_all_sample_alignment/qc/KIRT_LP_168_Du-373.depth.tsv
MALV_LP_095_Du-201	QB3.Berkeley.251217/QB3.Results.260109	D. setchellii	MALV	cpdna_full_coverage	cpDNA	sample_qc_coverage	chloroplast	1	150274	738994158	4917.644822	150274	1.000000	150274	1.000000	150274	1.000000	dudleya_organelle_alignment_pipeline/results/05_analysis_masks/cpdna_full_coverage_regions.bed	dudleya_organelle_alignment_pipeline/results/06_all_sample_alignment/qc/MALV_LP_095_Du-201.depth.tsv
MALV_LP_095_Du-201	QB3.Berkeley.251217/QB3.Results.260109	D. setchellii	MALV	cpdna_ir_regions	cpDNA	repeat_annotation	chloroplast	2	51472	362914318	7050.713359	51472	1.000000	51472	1.000000	51472	1.000000	dudleya_organelle_alignment_pipeline/results/05_analysis_masks/cpdna_ir_regions.bed	dudleya_organelle_alignment_pipeline/results/06_all_sample_alignment/qc/MALV_LP_095_Du-201.depth.tsv
MALV_LP_095_Du-201	QB3.Berkeley.251217/QB3.Results.260109	D. setchellii	MALV	cpdna_duplicate_ir_mask	cpDNA	mask	chloroplast	1	25736	173812341	6753.665721	25736	1.000000	25736	1.000000	25736	1.000000	dudleya_organelle_alignment_pipeline/results/05_analysis_masks/cpdna_duplicate_ir_copy_mask.bed	dudleya_organelle_alignment_pipeline/results/06_all_sample_alignment/qc/MALV_LP_095_Du-201.depth.tsv
MALV_LP_095_Du-201	QB3.Berkeley.251217/QB3.Results.260109	D. setchellii	MALV	cpdna_population_sites	cpDNA	variant_calling_and_population_genetics	chloroplast	1	124538	565181817	4538.227826	124538	1.000000	124538	1.000000	124538	1.000000	dudleya_organelle_alignment_pipeline/results/05_analysis_masks/cpdna_population_sites.bed	dudleya_organelle_alignment_pipeline/results/06_all_sample_alignment/qc/MALV_LP_095_Du-201.depth.tsv
MALV_LP_095_Du-201	QB3.Berkeley.251217/QB3.Results.260109	D. setchellii	MALV	mtdna_permissive_coverage	mtDNA	sample_qc_coverage	mitochondria	1	243359	144451853	593.575142	243359	1.000000	243357	0.999992	243356	0.999988	dudleya_organelle_alignment_pipeline/results/05_analysis_masks/mtdna_permissive_coverage_regions.bed	dudleya_organelle_alignment_pipeline/results/06_all_sample_alignment/qc/MALV_LP_095_Du-201.depth.tsv
MALV_LP_095_Du-201	QB3.Berkeley.251217/QB3.Results.260109	D. setchellii	MALV	mtdna_high_confidence_unique	mtDNA	variant_calling_and_population_genetics	mitochondria	2	44930	44732262	995.598976	44930	1.000000	44930	1.000000	44930	1.000000	dudleya_organelle_alignment_pipeline/results/05_analysis_masks/mtdna_high_confidence_unique_regions.bed	dudleya_organelle_alignment_pipeline/results/06_all_sample_alignment/qc/MALV_LP_095_Du-201.depth.tsv
MALV_LP_096_Du-202	QB3.Berkeley.251217/QB3.Results.260109	D. setchellii	MALV	cpdna_full_coverage	cpDNA	sample_qc_coverage	chloroplast	1	150274	165438404	1100.911695	150274	1.000000	150274	1.000000	150273	0.999993	dudleya_organelle_alignment_pipeline/results/05_analysis_masks/cpdna_full_coverage_regions.bed	dudleya_organelle_alignment_pipeline/results/06_all_sample_alignment/qc/MALV_LP_096_Du-202.depth.tsv
MALV_LP_096_Du-202	QB3.Berkeley.251217/QB3.Results.260109	D. setchellii	MALV	cpdna_ir_regions	cpDNA	repeat_annotation	chloroplast	2	51472	67378698	1309.035942	51472	1.000000	51472	1.000000	51471	0.999981	dudleya_organelle_alignment_pipeline/results/05_analysis_masks/cpdna_ir_regions.bed	dudleya_organelle_alignment_pipeline/results/06_all_sample_alignment/qc/MALV_LP_096_Du-202.depth.tsv
MALV_LP_096_Du-202	QB3.Berkeley.251217/QB3.Results.260109	D. setchellii	MALV	cpdna_duplicate_ir_mask	cpDNA	mask	chloroplast	1	25736	32280803	1254.305370	25736	1.000000	25736	1.000000	25736	1.000000	dudleya_organelle_alignment_pipeline/results/05_analysis_masks/cpdna_duplicate_ir_copy_mask.bed	dudleya_organelle_alignment_pipeline/results/06_all_sample_alignment/qc/MALV_LP_096_Du-202.depth.tsv
MALV_LP_096_Du-202	QB3.Berkeley.251217/QB3.Results.260109	D. setchellii	MALV	cpdna_population_sites	cpDNA	variant_calling_and_population_genetics	chloroplast	1	124538	133157601	1069.212618	124538	1.000000	124538	1.000000	124537	0.999992	dudleya_organelle_alignment_pipeline/results/05_analysis_masks/cpdna_population_sites.bed	dudleya_organelle_alignment_pipeline/results/06_all_sample_alignment/qc/MALV_LP_096_Du-202.depth.tsv
MALV_LP_096_Du-202	QB3.Berkeley.251217/QB3.Results.260109	D. setchellii	MALV	mtdna_permissive_coverage	mtDNA	sample_qc_coverage	mitochondria	1	243359	29261259	120.239067	243357	0.999992	243351	0.999967	243325	0.999860	dudleya_organelle_alignment_pipeline/results/05_analysis_masks/mtdna_permissive_coverage_regions.bed	dudleya_organelle_alignment_pipeline/results/06_all_sample_alignment/qc/MALV_LP_096_Du-202.depth.tsv
MALV_LP_096_Du-202	QB3.Berkeley.251217/QB3.Results.260109	D. setchellii	MALV	mtdna_high_confidence_unique	mtDNA	variant_calling_and_population_genetics	mitochondria	2	44930	8952509	199.254596	44930	1.000000	44930	1.000000	44930	1.000000	dudleya_organelle_alignment_pipeline/results/05_analysis_masks/mtdna_high_confidence_unique_regions.bed	dudleya_organelle_alignment_pipeline/results/06_all_sample_alignment/qc/MALV_LP_096_Du-202.depth.tsv
MALV_LP_097_Du-203	QB3.Berkeley.251217/QB3.Results.260109	D. setchellii	MALV	cpdna_full_coverage	cpDNA	sample_qc_coverage	chloroplast	1	150274	486018467	3234.215280	150274	1.000000	150274	1.000000	150274	1.000000	dudleya_organelle_alignment_pipeline/results/05_analysis_masks/cpdna_full_coverage_regions.bed	dudleya_organelle_alignment_pipeline/results/06_all_sample_alignment/qc/MALV_LP_097_Du-203.depth.tsv
MALV_LP_097_Du-203	QB3.Berkeley.251217/QB3.Results.260109	D. setchellii	MALV	cpdna_ir_regions	cpDNA	repeat_annotation	chloroplast	2	51472	212128624	4121.243084	51472	1.000000	51472	1.000000	51472	1.000000	dudleya_organelle_alignment_pipeline/results/05_analysis_masks/cpdna_ir_regions.bed	dudleya_organelle_alignment_pipeline/results/06_all_sample_alignment/qc/MALV_LP_097_Du-203.depth.tsv
MALV_LP_097_Du-203	QB3.Berkeley.251217/QB3.Results.260109	D. setchellii	MALV	cpdna_duplicate_ir_mask	cpDNA	mask	chloroplast	1	25736	102180808	3970.345353	25736	1.000000	25736	1.000000	25736	1.000000	dudleya_organelle_alignment_pipeline/results/05_analysis_masks/cpdna_duplicate_ir_copy_mask.bed	dudleya_organelle_alignment_pipeline/results/06_all_sample_alignment/qc/MALV_LP_097_Du-203.depth.tsv
MALV_LP_097_Du-203	QB3.Berkeley.251217/QB3.Results.260109	D. setchellii	MALV	cpdna_population_sites	cpDNA	variant_calling_and_population_genetics	chloroplast	1	124538	383837659	3082.092687	124538	1.000000	124538	1.000000	124538	1.000000	dudleya_organelle_alignment_pipeline/results/05_analysis_masks/cpdna_population_sites.bed	dudleya_organelle_alignment_pipeline/results/06_all_sample_alignment/qc/MALV_LP_097_Du-203.depth.tsv
MALV_LP_097_Du-203	QB3.Berkeley.251217/QB3.Results.260109	D. setchellii	MALV	mtdna_permissive_coverage	mtDNA	sample_qc_coverage	mitochondria	1	243359	102843797	422.601165	243358	0.999996	243357	0.999992	243355	0.999984	dudleya_organelle_alignment_pipeline/results/05_analysis_masks/mtdna_permissive_coverage_regions.bed	dudleya_organelle_alignment_pipeline/results/06_all_sample_alignment/qc/MALV_LP_097_Du-203.depth.tsv
MALV_LP_097_Du-203	QB3.Berkeley.251217/QB3.Results.260109	D. setchellii	MALV	mtdna_high_confidence_unique	mtDNA	variant_calling_and_population_genetics	mitochondria	2	44930	31971672	711.588515	44930	1.000000	44930	1.000000	44930	1.000000	dudleya_organelle_alignment_pipeline/results/05_analysis_masks/mtdna_high_confidence_unique_regions.bed	dudleya_organelle_alignment_pipeline/results/06_all_sample_alignment/qc/MALV_LP_097_Du-203.depth.tsv
MALV_LP_098_Du-204	QB3.Berkeley.251217/QB3.Results.260109	D. setchellii	MALV	cpdna_full_coverage	cpDNA	sample_qc_coverage	chloroplast	1	150274	266183428	1771.320574	150274	1.000000	150274	1.000000	150274	1.000000	dudleya_organelle_alignment_pipeline/results/05_analysis_masks/cpdna_full_coverage_regions.bed	dudleya_organelle_alignment_pipeline/results/06_all_sample_alignment/qc/MALV_LP_098_Du-204.depth.tsv
MALV_LP_098_Du-204	QB3.Berkeley.251217/QB3.Results.260109	D. setchellii	MALV	cpdna_ir_regions	cpDNA	repeat_annotation	chloroplast	2	51472	124267876	2414.281085	51472	1.000000	51472	1.000000	51472	1.000000	dudleya_organelle_alignment_pipeline/results/05_analysis_masks/cpdna_ir_regions.bed	dudleya_organelle_alignment_pipeline/results/06_all_sample_alignment/qc/MALV_LP_098_Du-204.depth.tsv
MALV_LP_098_Du-204	QB3.Berkeley.251217/QB3.Results.260109	D. setchellii	MALV	cpdna_duplicate_ir_mask	cpDNA	mask	chloroplast	1	25736	59785613	2323.034388	25736	1.000000	25736	1.000000	25736	1.000000	dudleya_organelle_alignment_pipeline/results/05_analysis_masks/cpdna_duplicate_ir_copy_mask.bed	dudleya_organelle_alignment_pipeline/results/06_all_sample_alignment/qc/MALV_LP_098_Du-204.depth.tsv
MALV_LP_098_Du-204	QB3.Berkeley.251217/QB3.Results.260109	D. setchellii	MALV	cpdna_population_sites	cpDNA	variant_calling_and_population_genetics	chloroplast	1	124538	206397815	1657.307930	124538	1.000000	124538	1.000000	124538	1.000000	dudleya_organelle_alignment_pipeline/results/05_analysis_masks/cpdna_population_sites.bed	dudleya_organelle_alignment_pipeline/results/06_all_sample_alignment/qc/MALV_LP_098_Du-204.depth.tsv
MALV_LP_098_Du-204	QB3.Berkeley.251217/QB3.Results.260109	D. setchellii	MALV	mtdna_permissive_coverage	mtDNA	sample_qc_coverage	mitochondria	1	243359	44090507	181.174754	243359	1.000000	243352	0.999971	243346	0.999947	dudleya_organelle_alignment_pipeline/results/05_analysis_masks/mtdna_permissive_coverage_regions.bed	dudleya_organelle_alignment_pipeline/results/06_all_sample_alignment/qc/MALV_LP_098_Du-204.depth.tsv
MALV_LP_098_Du-204	QB3.Berkeley.251217/QB3.Results.260109	D. setchellii	MALV	mtdna_high_confidence_unique	mtDNA	variant_calling_and_population_genetics	mitochondria	2	44930	13556343	301.721411	44930	1.000000	44930	1.000000	44930	1.000000	dudleya_organelle_alignment_pipeline/results/05_analysis_masks/mtdna_high_confidence_unique_regions.bed	dudleya_organelle_alignment_pipeline/results/06_all_sample_alignment/qc/MALV_LP_098_Du-204.depth.tsv
MALV_LP_099_Du-205	QB3.Berkeley.251217/QB3.Results.260109	D. setchellii	MALV	cpdna_full_coverage	cpDNA	sample_qc_coverage	chloroplast	1	150274	156506997	1041.477548	150274	1.000000	150274	1.000000	150273	0.999993	dudleya_organelle_alignment_pipeline/results/05_analysis_masks/cpdna_full_coverage_regions.bed	dudleya_organelle_alignment_pipeline/results/06_all_sample_alignment/qc/MALV_LP_099_Du-205.depth.tsv
MALV_LP_099_Du-205	QB3.Berkeley.251217/QB3.Results.260109	D. setchellii	MALV	cpdna_ir_regions	cpDNA	repeat_annotation	chloroplast	2	51472	66678445	1295.431400	51472	1.000000	51472	1.000000	51471	0.999981	dudleya_organelle_alignment_pipeline/results/05_analysis_masks/cpdna_ir_regions.bed	dudleya_organelle_alignment_pipeline/results/06_all_sample_alignment/qc/MALV_LP_099_Du-205.depth.tsv
MALV_LP_099_Du-205	QB3.Berkeley.251217/QB3.Results.260109	D. setchellii	MALV	cpdna_duplicate_ir_mask	cpDNA	mask	chloroplast	1	25736	32288507	1254.604717	25736	1.000000	25736	1.000000	25736	1.000000	dudleya_organelle_alignment_pipeline/results/05_analysis_masks/cpdna_duplicate_ir_copy_mask.bed	dudleya_organelle_alignment_pipeline/results/06_all_sample_alignment/qc/MALV_LP_099_Du-205.depth.tsv
MALV_LP_099_Du-205	QB3.Berkeley.251217/QB3.Results.260109	D. setchellii	MALV	cpdna_population_sites	cpDNA	variant_calling_and_population_genetics	chloroplast	1	124538	124218490	997.434438	124538	1.000000	124538	1.000000	124537	0.999992	dudleya_organelle_alignment_pipeline/results/05_analysis_masks/cpdna_population_sites.bed	dudleya_organelle_alignment_pipeline/results/06_all_sample_alignment/qc/MALV_LP_099_Du-205.depth.tsv
MALV_LP_099_Du-205	QB3.Berkeley.251217/QB3.Results.260109	D. setchellii	MALV	mtdna_permissive_coverage	mtDNA	sample_qc_coverage	mitochondria	1	243359	24974991	102.626124	243357	0.999992	243343	0.999934	243315	0.999819	dudleya_organelle_alignment_pipeline/results/05_analysis_masks/mtdna_permissive_coverage_regions.bed	dudleya_organelle_alignment_pipeline/results/06_all_sample_alignment/qc/MALV_LP_099_Du-205.depth.tsv
MALV_LP_099_Du-205	QB3.Berkeley.251217/QB3.Results.260109	D. setchellii	MALV	mtdna_high_confidence_unique	mtDNA	variant_calling_and_population_genetics	mitochondria	2	44930	7843886	174.580147	44930	1.000000	44930	1.000000	44930	1.000000	dudleya_organelle_alignment_pipeline/results/05_analysis_masks/mtdna_high_confidence_unique_regions.bed	dudleya_organelle_alignment_pipeline/results/06_all_sample_alignment/qc/MALV_LP_099_Du-205.depth.tsv
MALV_LP_100_Du-206	QB3.Berkeley.251217/QB3.Results.260109	D. setchellii	MALV	cpdna_full_coverage	cpDNA	sample_qc_coverage	chloroplast	1	150274	294333431	1958.645082	150274	1.000000	150274	1.000000	150274	1.000000	dudleya_organelle_alignment_pipeline/results/05_analysis_masks/cpdna_full_coverage_regions.bed	dudleya_organelle_alignment_pipeline/results/06_all_sample_alignment/qc/MALV_LP_100_Du-206.depth.tsv
MALV_LP_100_Du-206	QB3.Berkeley.251217/QB3.Results.260109	D. setchellii	MALV	cpdna_ir_regions	cpDNA	repeat_annotation	chloroplast	2	51472	133490481	2593.458210	51472	1.000000	51472	1.000000	51472	1.000000	dudleya_organelle_alignment_pipeline/results/05_analysis_masks/cpdna_ir_regions.bed	dudleya_organelle_alignment_pipeline/results/06_all_sample_alignment/qc/MALV_LP_100_Du-206.depth.tsv
MALV_LP_100_Du-206	QB3.Berkeley.251217/QB3.Results.260109	D. setchellii	MALV	cpdna_duplicate_ir_mask	cpDNA	mask	chloroplast	1	25736	64265046	2497.087582	25736	1.000000	25736	1.000000	25736	1.000000	dudleya_organelle_alignment_pipeline/results/05_analysis_masks/cpdna_duplicate_ir_copy_mask.bed	dudleya_organelle_alignment_pipeline/results/06_all_sample_alignment/qc/MALV_LP_100_Du-206.depth.tsv
MALV_LP_100_Du-206	QB3.Berkeley.251217/QB3.Results.260109	D. setchellii	MALV	cpdna_population_sites	cpDNA	variant_calling_and_population_genetics	chloroplast	1	124538	230068385	1847.374978	124538	1.000000	124538	1.000000	124538	1.000000	dudleya_organelle_alignment_pipeline/results/05_analysis_masks/cpdna_population_sites.bed	dudleya_organelle_alignment_pipeline/results/06_all_sample_alignment/qc/MALV_LP_100_Du-206.depth.tsv
MALV_LP_100_Du-206	QB3.Berkeley.251217/QB3.Results.260109	D. setchellii	MALV	mtdna_permissive_coverage	mtDNA	sample_qc_coverage	mitochondria	1	243359	44059486	181.047284	243356	0.999988	243340	0.999922	243315	0.999819	dudleya_organelle_alignment_pipeline/results/05_analysis_masks/mtdna_permissive_coverage_regions.bed	dudleya_organelle_alignment_pipeline/results/06_all_sample_alignment/qc/MALV_LP_100_Du-206.depth.tsv
MALV_LP_100_Du-206	QB3.Berkeley.251217/QB3.Results.260109	D. setchellii	MALV	mtdna_high_confidence_unique	mtDNA	variant_calling_and_population_genetics	mitochondria	2	44930	13474894	299.908613	44930	1.000000	44930	1.000000	44930	1.000000	dudleya_organelle_alignment_pipeline/results/05_analysis_masks/mtdna_high_confidence_unique_regions.bed	dudleya_organelle_alignment_pipeline/results/06_all_sample_alignment/qc/MALV_LP_100_Du-206.depth.tsv
MALV_LP_101_Du-207	QB3.Berkeley.251217/QB3.Results.260109	D. setchellii	MALV	cpdna_full_coverage	cpDNA	sample_qc_coverage	chloroplast	1	150274	400452412	2664.815018	150274	1.000000	150274	1.000000	150274	1.000000	dudleya_organelle_alignment_pipeline/results/05_analysis_masks/cpdna_full_coverage_regions.bed	dudleya_organelle_alignment_pipeline/results/06_all_sample_alignment/qc/MALV_LP_101_Du-207.depth.tsv
MALV_LP_101_Du-207	QB3.Berkeley.251217/QB3.Results.260109	D. setchellii	MALV	cpdna_ir_regions	cpDNA	repeat_annotation	chloroplast	2	51472	181270849	3521.737041	51472	1.000000	51472	1.000000	51472	1.000000	dudleya_organelle_alignment_pipeline/results/05_analysis_masks/cpdna_ir_regions.bed	dudleya_organelle_alignment_pipeline/results/06_all_sample_alignment/qc/MALV_LP_101_Du-207.depth.tsv
MALV_LP_101_Du-207	QB3.Berkeley.251217/QB3.Results.260109	D. setchellii	MALV	cpdna_duplicate_ir_mask	cpDNA	mask	chloroplast	1	25736	87544412	3401.632422	25736	1.000000	25736	1.000000	25736	1.000000	dudleya_organelle_alignment_pipeline/results/05_analysis_masks/cpdna_duplicate_ir_copy_mask.bed	dudleya_organelle_alignment_pipeline/results/06_all_sample_alignment/qc/MALV_LP_101_Du-207.depth.tsv
MALV_LP_101_Du-207	QB3.Berkeley.251217/QB3.Results.260109	D. setchellii	MALV	cpdna_population_sites	cpDNA	variant_calling_and_population_genetics	chloroplast	1	124538	312908000	2512.550386	124538	1.000000	124538	1.000000	124538	1.000000	dudleya_organelle_alignment_pipeline/results/05_analysis_masks/cpdna_population_sites.bed	dudleya_organelle_alignment_pipeline/results/06_all_sample_alignment/qc/MALV_LP_101_Du-207.depth.tsv
MALV_LP_101_Du-207	QB3.Berkeley.251217/QB3.Results.260109	D. setchellii	MALV	mtdna_permissive_coverage	mtDNA	sample_qc_coverage	mitochondria	1	243359	45448764	186.756044	243356	0.999988	243346	0.999947	243337	0.999910	dudleya_organelle_alignment_pipeline/results/05_analysis_masks/mtdna_permissive_coverage_regions.bed	dudleya_organelle_alignment_pipeline/results/06_all_sample_alignment/qc/MALV_LP_101_Du-207.depth.tsv
MALV_LP_101_Du-207	QB3.Berkeley.251217/QB3.Results.260109	D. setchellii	MALV	mtdna_high_confidence_unique	mtDNA	variant_calling_and_population_genetics	mitochondria	2	44930	14173805	315.464166	44930	1.000000	44930	1.000000	44930	1.000000	dudleya_organelle_alignment_pipeline/results/05_analysis_masks/mtdna_high_confidence_unique_regions.bed	dudleya_organelle_alignment_pipeline/results/06_all_sample_alignment/qc/MALV_LP_101_Du-207.depth.tsv
MALV_LP_102_Du-208	QB3.Berkeley.251217/QB3.Results.260109	D. setchellii	MALV	cpdna_full_coverage	cpDNA	sample_qc_coverage	chloroplast	1	150274	260146857	1731.150146	150274	1.000000	150274	1.000000	150274	1.000000	dudleya_organelle_alignment_pipeline/results/05_analysis_masks/cpdna_full_coverage_regions.bed	dudleya_organelle_alignment_pipeline/results/06_all_sample_alignment/qc/MALV_LP_102_Du-208.depth.tsv
MALV_LP_102_Du-208	QB3.Berkeley.251217/QB3.Results.260109	D. setchellii	MALV	cpdna_ir_regions	cpDNA	repeat_annotation	chloroplast	2	51472	106240396	2064.042509	51472	1.000000	51472	1.000000	51472	1.000000	dudleya_organelle_alignment_pipeline/results/05_analysis_masks/cpdna_ir_regions.bed	dudleya_organelle_alignment_pipeline/results/06_all_sample_alignment/qc/MALV_LP_102_Du-208.depth.tsv
MALV_LP_102_Du-208	QB3.Berkeley.251217/QB3.Results.260109	D. setchellii	MALV	cpdna_duplicate_ir_mask	cpDNA	mask	chloroplast	1	25736	51312955	1993.820135	25736	1.000000	25736	1.000000	25736	1.000000	dudleya_organelle_alignment_pipeline/results/05_analysis_masks/cpdna_duplicate_ir_copy_mask.bed	dudleya_organelle_alignment_pipeline/results/06_all_sample_alignment/qc/MALV_LP_102_Du-208.depth.tsv
MALV_LP_102_Du-208	QB3.Berkeley.251217/QB3.Results.260109	D. setchellii	MALV	cpdna_population_sites	cpDNA	variant_calling_and_population_genetics	chloroplast	1	124538	208833902	1676.868924	124538	1.000000	124538	1.000000	124538	1.000000	dudleya_organelle_alignment_pipeline/results/05_analysis_masks/cpdna_population_sites.bed	dudleya_organelle_alignment_pipeline/results/06_all_sample_alignment/qc/MALV_LP_102_Du-208.depth.tsv
MALV_LP_102_Du-208	QB3.Berkeley.251217/QB3.Results.260109	D. setchellii	MALV	mtdna_permissive_coverage	mtDNA	sample_qc_coverage	mitochondria	1	243359	61266243	251.752526	243357	0.999992	243353	0.999975	243350	0.999963	dudleya_organelle_alignment_pipeline/results/05_analysis_masks/mtdna_permissive_coverage_regions.bed	dudleya_organelle_alignment_pipeline/results/06_all_sample_alignment/qc/MALV_LP_102_Du-208.depth.tsv
MALV_LP_102_Du-208	QB3.Berkeley.251217/QB3.Results.260109	D. setchellii	MALV	mtdna_high_confidence_unique	mtDNA	variant_calling_and_population_genetics	mitochondria	2	44930	18770357	417.768907	44930	1.000000	44930	1.000000	44930	1.000000	dudleya_organelle_alignment_pipeline/results/05_analysis_masks/mtdna_high_confidence_unique_regions.bed	dudleya_organelle_alignment_pipeline/results/06_all_sample_alignment/qc/MALV_LP_102_Du-208.depth.tsv
MALV_LP_103_Du-209	QB3.Berkeley.251217/QB3.Results.260109	D. setchellii	MALV	cpdna_full_coverage	cpDNA	sample_qc_coverage	chloroplast	1	150274	379794082	2527.343932	150274	1.000000	150274	1.000000	150274	1.000000	dudleya_organelle_alignment_pipeline/results/05_analysis_masks/cpdna_full_coverage_regions.bed	dudleya_organelle_alignment_pipeline/results/06_all_sample_alignment/qc/MALV_LP_103_Du-209.depth.tsv
MALV_LP_103_Du-209	QB3.Berkeley.251217/QB3.Results.260109	D. setchellii	MALV	cpdna_ir_regions	cpDNA	repeat_annotation	chloroplast	2	51472	155139165	3014.049677	51472	1.000000	51472	1.000000	51472	1.000000	dudleya_organelle_alignment_pipeline/results/05_analysis_masks/cpdna_ir_regions.bed	dudleya_organelle_alignment_pipeline/results/06_all_sample_alignment/qc/MALV_LP_103_Du-209.depth.tsv
MALV_LP_103_Du-209	QB3.Berkeley.251217/QB3.Results.260109	D. setchellii	MALV	cpdna_duplicate_ir_mask	cpDNA	mask	chloroplast	1	25736	75097124	2917.979639	25736	1.000000	25736	1.000000	25736	1.000000	dudleya_organelle_alignment_pipeline/results/05_analysis_masks/cpdna_duplicate_ir_copy_mask.bed	dudleya_organelle_alignment_pipeline/results/06_all_sample_alignment/qc/MALV_LP_103_Du-209.depth.tsv
MALV_LP_103_Du-209	QB3.Berkeley.251217/QB3.Results.260109	D. setchellii	MALV	cpdna_population_sites	cpDNA	variant_calling_and_population_genetics	chloroplast	1	124538	304696958	2446.618365	124538	1.000000	124538	1.000000	124538	1.000000	dudleya_organelle_alignment_pipeline/results/05_analysis_masks/cpdna_population_sites.bed	dudleya_organelle_alignment_pipeline/results/06_all_sample_alignment/qc/MALV_LP_103_Du-209.depth.tsv
MALV_LP_103_Du-209	QB3.Berkeley.251217/QB3.Results.260109	D. setchellii	MALV	mtdna_permissive_coverage	mtDNA	sample_qc_coverage	mitochondria	1	243359	92775019	381.226990	243359	1.000000	243355	0.999984	243352	0.999971	dudleya_organelle_alignment_pipeline/results/05_analysis_masks/mtdna_permissive_coverage_regions.bed	dudleya_organelle_alignment_pipeline/results/06_all_sample_alignment/qc/MALV_LP_103_Du-209.depth.tsv
MALV_LP_103_Du-209	QB3.Berkeley.251217/QB3.Results.260109	D. setchellii	MALV	mtdna_high_confidence_unique	mtDNA	variant_calling_and_population_genetics	mitochondria	2	44930	28631921	637.256199	44930	1.000000	44930	1.000000	44930	1.000000	dudleya_organelle_alignment_pipeline/results/05_analysis_masks/mtdna_high_confidence_unique_regions.bed	dudleya_organelle_alignment_pipeline/results/06_all_sample_alignment/qc/MALV_LP_103_Du-209.depth.tsv
MALV_LP_104_Du-210	QB3.Berkeley.251217/QB3.Results.260109	D. setchellii	MALV	cpdna_full_coverage	cpDNA	sample_qc_coverage	chloroplast	1	150274	133357156	887.426674	150274	1.000000	150273	0.999993	150272	0.999987	dudleya_organelle_alignment_pipeline/results/05_analysis_masks/cpdna_full_coverage_regions.bed	dudleya_organelle_alignment_pipeline/results/06_all_sample_alignment/qc/MALV_LP_104_Du-210.depth.tsv
MALV_LP_104_Du-210	QB3.Berkeley.251217/QB3.Results.260109	D. setchellii	MALV	cpdna_ir_regions	cpDNA	repeat_annotation	chloroplast	2	51472	72472788	1408.004119	51472	1.000000	51471	0.999981	51471	0.999981	dudleya_organelle_alignment_pipeline/results/05_analysis_masks/cpdna_ir_regions.bed	dudleya_organelle_alignment_pipeline/results/06_all_sample_alignment/qc/MALV_LP_104_Du-210.depth.tsv
MALV_LP_104_Du-210	QB3.Berkeley.251217/QB3.Results.260109	D. setchellii	MALV	cpdna_duplicate_ir_mask	cpDNA	mask	chloroplast	1	25736	34690801	1347.948438	25736	1.000000	25736	1.000000	25736	1.000000	dudleya_organelle_alignment_pipeline/results/05_analysis_masks/cpdna_duplicate_ir_copy_mask.bed	dudleya_organelle_alignment_pipeline/results/06_all_sample_alignment/qc/MALV_LP_104_Du-210.depth.tsv
MALV_LP_104_Du-210	QB3.Berkeley.251217/QB3.Results.260109	D. setchellii	MALV	cpdna_population_sites	cpDNA	variant_calling_and_population_genetics	chloroplast	1	124538	98666355	792.259029	124538	1.000000	124537	0.999992	124536	0.999984	dudleya_organelle_alignment_pipeline/results/05_analysis_masks/cpdna_population_sites.bed	dudleya_organelle_alignment_pipeline/results/06_all_sample_alignment/qc/MALV_LP_104_Du-210.depth.tsv
MALV_LP_104_Du-210	QB3.Berkeley.251217/QB3.Results.260109	D. setchellii	MALV	mtdna_permissive_coverage	mtDNA	sample_qc_coverage	mitochondria	1	243359	28449607	116.903862	243358	0.999996	243348	0.999955	243318	0.999832	dudleya_organelle_alignment_pipeline/results/05_analysis_masks/mtdna_permissive_coverage_regions.bed	dudleya_organelle_alignment_pipeline/results/06_all_sample_alignment/qc/MALV_LP_104_Du-210.depth.tsv
MALV_LP_104_Du-210	QB3.Berkeley.251217/QB3.Results.260109	D. setchellii	MALV	mtdna_high_confidence_unique	mtDNA	variant_calling_and_population_genetics	mitochondria	2	44930	8976724	199.793546	44930	1.000000	44930	1.000000	44930	1.000000	dudleya_organelle_alignment_pipeline/results/05_analysis_masks/mtdna_high_confidence_unique_regions.bed	dudleya_organelle_alignment_pipeline/results/06_all_sample_alignment/qc/MALV_LP_104_Du-210.depth.tsv
OCO_LP_058_Du-115	QB3.Berkeley.251217/QB3.Results.260109	D. setchellii	OCO	cpdna_full_coverage	cpDNA	sample_qc_coverage	chloroplast	1	150274	85237702	567.215234	150267	0.999953	150244	0.999800	150209	0.999567	dudleya_organelle_alignment_pipeline/results/05_analysis_masks/cpdna_full_coverage_regions.bed	dudleya_organelle_alignment_pipeline/results/06_all_sample_alignment/qc/OCO_LP_058_Du-115.depth.tsv
OCO_LP_058_Du-115	QB3.Berkeley.251217/QB3.Results.260109	D. setchellii	OCO	cpdna_ir_regions	cpDNA	repeat_annotation	chloroplast	2	51472	29384024	570.873951	51468	0.999922	51465	0.999864	51462	0.999806	dudleya_organelle_alignment_pipeline/results/05_analysis_masks/cpdna_ir_regions.bed	dudleya_organelle_alignment_pipeline/results/06_all_sample_alignment/qc/OCO_LP_058_Du-115.depth.tsv
OCO_LP_058_Du-115	QB3.Berkeley.251217/QB3.Results.260109	D. setchellii	OCO	cpdna_duplicate_ir_mask	cpDNA	mask	chloroplast	1	25736	14470135	562.252681	25733	0.999883	25730	0.999767	25728	0.999689	dudleya_organelle_alignment_pipeline/results/05_analysis_masks/cpdna_duplicate_ir_copy_mask.bed	dudleya_organelle_alignment_pipeline/results/06_all_sample_alignment/qc/OCO_LP_058_Du-115.depth.tsv
OCO_LP_058_Du-115	QB3.Berkeley.251217/QB3.Results.260109	D. setchellii	OCO	cpdna_population_sites	cpDNA	variant_calling_and_population_genetics	chloroplast	1	124538	70767567	568.240754	124534	0.999968	124514	0.999807	124481	0.999542	dudleya_organelle_alignment_pipeline/results/05_analysis_masks/cpdna_population_sites.bed	dudleya_organelle_alignment_pipeline/results/06_all_sample_alignment/qc/OCO_LP_058_Du-115.depth.tsv
OCO_LP_058_Du-115	QB3.Berkeley.251217/QB3.Results.260109	D. setchellii	OCO	mtdna_permissive_coverage	mtDNA	sample_qc_coverage	mitochondria	1	243359	4963871	20.397318	231093	0.949597	229015	0.941058	216145	0.888173	dudleya_organelle_alignment_pipeline/results/05_analysis_masks/mtdna_permissive_coverage_regions.bed	dudleya_organelle_alignment_pipeline/results/06_all_sample_alignment/qc/OCO_LP_058_Du-115.depth.tsv
OCO_LP_058_Du-115	QB3.Berkeley.251217/QB3.Results.260109	D. setchellii	OCO	mtdna_high_confidence_unique	mtDNA	variant_calling_and_population_genetics	mitochondria	2	44930	1578824	35.139639	44921	0.999800	44921	0.999800	44911	0.999577	dudleya_organelle_alignment_pipeline/results/05_analysis_masks/mtdna_high_confidence_unique_regions.bed	dudleya_organelle_alignment_pipeline/results/06_all_sample_alignment/qc/OCO_LP_058_Du-115.depth.tsv
OCO_LP_059_Du-106	QB3.Berkeley.251217/QB3.Results.260109	D. setchellii	OCO	cpdna_full_coverage	cpDNA	sample_qc_coverage	chloroplast	1	150274	61572906	409.737586	150242	0.999787	150190	0.999441	150180	0.999374	dudleya_organelle_alignment_pipeline/results/05_analysis_masks/cpdna_full_coverage_regions.bed	dudleya_organelle_alignment_pipeline/results/06_all_sample_alignment/qc/OCO_LP_059_Du-106.depth.tsv
OCO_LP_059_Du-106	QB3.Berkeley.251217/QB3.Results.260109	D. setchellii	OCO	cpdna_ir_regions	cpDNA	repeat_annotation	chloroplast	2	51472	22965019	446.165274	51472	1.000000	51467	0.999903	51466	0.999883	dudleya_organelle_alignment_pipeline/results/05_analysis_masks/cpdna_ir_regions.bed	dudleya_organelle_alignment_pipeline/results/06_all_sample_alignment/qc/OCO_LP_059_Du-106.depth.tsv
OCO_LP_059_Du-106	QB3.Berkeley.251217/QB3.Results.260109	D. setchellii	OCO	cpdna_duplicate_ir_mask	cpDNA	mask	chloroplast	1	25736	11325365	440.059256	25736	1.000000	25733	0.999883	25732	0.999845	dudleya_organelle_alignment_pipeline/results/05_analysis_masks/cpdna_duplicate_ir_copy_mask.bed	dudleya_organelle_alignment_pipeline/results/06_all_sample_alignment/qc/OCO_LP_059_Du-106.depth.tsv
OCO_LP_059_Du-106	QB3.Berkeley.251217/QB3.Results.260109	D. setchellii	OCO	cpdna_population_sites	cpDNA	variant_calling_and_population_genetics	chloroplast	1	124538	50247541	403.471559	124506	0.999743	124457	0.999350	124448	0.999277	dudleya_organelle_alignment_pipeline/results/05_analysis_masks/cpdna_population_sites.bed	dudleya_organelle_alignment_pipeline/results/06_all_sample_alignment/qc/OCO_LP_059_Du-106.depth.tsv
OCO_LP_059_Du-106	QB3.Berkeley.251217/QB3.Results.260109	D. setchellii	OCO	mtdna_permissive_coverage	mtDNA	sample_qc_coverage	mitochondria	1	243359	6112125	25.115673	243089	0.998891	242679	0.997206	233970	0.961419	dudleya_organelle_alignment_pipeline/results/05_analysis_masks/mtdna_permissive_coverage_regions.bed	dudleya_organelle_alignment_pipeline/results/06_all_sample_alignment/qc/OCO_LP_059_Du-106.depth.tsv
OCO_LP_059_Du-106	QB3.Berkeley.251217/QB3.Results.260109	D. setchellii	OCO	mtdna_high_confidence_unique	mtDNA	variant_calling_and_population_genetics	mitochondria	2	44930	1901645	42.324616	44922	0.999822	44921	0.999800	44897	0.999266	dudleya_organelle_alignment_pipeline/results/05_analysis_masks/mtdna_high_confidence_unique_regions.bed	dudleya_organelle_alignment_pipeline/results/06_all_sample_alignment/qc/OCO_LP_059_Du-106.depth.tsv
OCO_LP_060_Du-107	QB3.Berkeley.251217/QB3.Results.260109	D. setchellii	OCO	cpdna_full_coverage	cpDNA	sample_qc_coverage	chloroplast	1	150274	63033178	419.454982	150226	0.999681	150200	0.999508	150181	0.999381	dudleya_organelle_alignment_pipeline/results/05_analysis_masks/cpdna_full_coverage_regions.bed	dudleya_organelle_alignment_pipeline/results/06_all_sample_alignment/qc/OCO_LP_060_Du-107.depth.tsv
OCO_LP_060_Du-107	QB3.Berkeley.251217/QB3.Results.260109	D. setchellii	OCO	cpdna_ir_regions	cpDNA	repeat_annotation	chloroplast	2	51472	22362968	434.468604	51471	0.999981	51467	0.999903	51464	0.999845	dudleya_organelle_alignment_pipeline/results/05_analysis_masks/cpdna_ir_regions.bed	dudleya_organelle_alignment_pipeline/results/06_all_sample_alignment/qc/OCO_LP_060_Du-107.depth.tsv
OCO_LP_060_Du-107	QB3.Berkeley.251217/QB3.Results.260109	D. setchellii	OCO	cpdna_duplicate_ir_mask	cpDNA	mask	chloroplast	1	25736	11028761	428.534388	25735	0.999961	25732	0.999845	25731	0.999806	dudleya_organelle_alignment_pipeline/results/05_analysis_masks/cpdna_duplicate_ir_copy_mask.bed	dudleya_organelle_alignment_pipeline/results/06_all_sample_alignment/qc/OCO_LP_060_Du-107.depth.tsv
OCO_LP_060_Du-107	QB3.Berkeley.251217/QB3.Results.260109	D. setchellii	OCO	cpdna_population_sites	cpDNA	variant_calling_and_population_genetics	chloroplast	1	124538	52004417	417.578707	124491	0.999623	124468	0.999438	124450	0.999293	dudleya_organelle_alignment_pipeline/results/05_analysis_masks/cpdna_population_sites.bed	dudleya_organelle_alignment_pipeline/results/06_all_sample_alignment/qc/OCO_LP_060_Du-107.depth.tsv
OCO_LP_060_Du-107	QB3.Berkeley.251217/QB3.Results.260109	D. setchellii	OCO	mtdna_permissive_coverage	mtDNA	sample_qc_coverage	mitochondria	1	243359	6431031	26.426107	243111	0.998981	242811	0.997748	237304	0.975119	dudleya_organelle_alignment_pipeline/results/05_analysis_masks/mtdna_permissive_coverage_regions.bed	dudleya_organelle_alignment_pipeline/results/06_all_sample_alignment/qc/OCO_LP_060_Du-107.depth.tsv
OCO_LP_060_Du-107	QB3.Berkeley.251217/QB3.Results.260109	D. setchellii	OCO	mtdna_high_confidence_unique	mtDNA	variant_calling_and_population_genetics	mitochondria	2	44930	1976130	43.982417	44923	0.999844	44921	0.999800	44921	0.999800	dudleya_organelle_alignment_pipeline/results/05_analysis_masks/mtdna_high_confidence_unique_regions.bed	dudleya_organelle_alignment_pipeline/results/06_all_sample_alignment/qc/OCO_LP_060_Du-107.depth.tsv
OCO_LP_061_Du-108	QB3.Berkeley.251217/QB3.Results.260109	D. setchellii	OCO	cpdna_full_coverage	cpDNA	sample_qc_coverage	chloroplast	1	150274	354174662	2356.859217	150267	0.999953	150265	0.999940	150239	0.999767	dudleya_organelle_alignment_pipeline/results/05_analysis_masks/cpdna_full_coverage_regions.bed	dudleya_organelle_alignment_pipeline/results/06_all_sample_alignment/qc/OCO_LP_061_Du-108.depth.tsv
OCO_LP_061_Du-108	QB3.Berkeley.251217/QB3.Results.260109	D. setchellii	OCO	cpdna_ir_regions	cpDNA	repeat_annotation	chloroplast	2	51472	118090509	2294.266961	51471	0.999981	51470	0.999961	51469	0.999942	dudleya_organelle_alignment_pipeline/results/05_analysis_masks/cpdna_ir_regions.bed	dudleya_organelle_alignment_pipeline/results/06_all_sample_alignment/qc/OCO_LP_061_Du-108.depth.tsv
OCO_LP_061_Du-108	QB3.Berkeley.251217/QB3.Results.260109	D. setchellii	OCO	cpdna_duplicate_ir_mask	cpDNA	mask	chloroplast	1	25736	58247350	2263.263522	25735	0.999961	25734	0.999922	25733	0.999883	dudleya_organelle_alignment_pipeline/results/05_analysis_masks/cpdna_duplicate_ir_copy_mask.bed	dudleya_organelle_alignment_pipeline/results/06_all_sample_alignment/qc/OCO_LP_061_Du-108.depth.tsv
OCO_LP_061_Du-108	QB3.Berkeley.251217/QB3.Results.260109	D. setchellii	OCO	cpdna_population_sites	cpDNA	variant_calling_and_population_genetics	chloroplast	1	124538	295927312	2376.200935	124532	0.999952	124531	0.999944	124506	0.999743	dudleya_organelle_alignment_pipeline/results/05_analysis_masks/cpdna_population_sites.bed	dudleya_organelle_alignment_pipeline/results/06_all_sample_alignment/qc/OCO_LP_061_Du-108.depth.tsv
OCO_LP_061_Du-108	QB3.Berkeley.251217/QB3.Results.260109	D. setchellii	OCO	mtdna_permissive_coverage	mtDNA	sample_qc_coverage	mitochondria	1	243359	25164089	103.403157	243139	0.999096	243086	0.998878	243056	0.998755	dudleya_organelle_alignment_pipeline/results/05_analysis_masks/mtdna_permissive_coverage_regions.bed	dudleya_organelle_alignment_pipeline/results/06_all_sample_alignment/qc/OCO_LP_061_Du-108.depth.tsv
OCO_LP_061_Du-108	QB3.Berkeley.251217/QB3.Results.260109	D. setchellii	OCO	mtdna_high_confidence_unique	mtDNA	variant_calling_and_population_genetics	mitochondria	2	44930	7676389	170.852192	44930	1.000000	44922	0.999822	44921	0.999800	dudleya_organelle_alignment_pipeline/results/05_analysis_masks/mtdna_high_confidence_unique_regions.bed	dudleya_organelle_alignment_pipeline/results/06_all_sample_alignment/qc/OCO_LP_061_Du-108.depth.tsv
OCO_LP_062_Du-109	QB3.Berkeley.251217/QB3.Results.260109	D. setchellii	OCO	cpdna_full_coverage	cpDNA	sample_qc_coverage	chloroplast	1	150274	286756833	1908.226526	150274	1.000000	150266	0.999947	150250	0.999840	dudleya_organelle_alignment_pipeline/results/05_analysis_masks/cpdna_full_coverage_regions.bed	dudleya_organelle_alignment_pipeline/results/06_all_sample_alignment/qc/OCO_LP_062_Du-109.depth.tsv
OCO_LP_062_Du-109	QB3.Berkeley.251217/QB3.Results.260109	D. setchellii	OCO	cpdna_ir_regions	cpDNA	repeat_annotation	chloroplast	2	51472	95856147	1862.296919	51472	1.000000	51471	0.999981	51468	0.999922	dudleya_organelle_alignment_pipeline/results/05_analysis_masks/cpdna_ir_regions.bed	dudleya_organelle_alignment_pipeline/results/06_all_sample_alignment/qc/OCO_LP_062_Du-109.depth.tsv
OCO_LP_062_Du-109	QB3.Berkeley.251217/QB3.Results.260109	D. setchellii	OCO	cpdna_duplicate_ir_mask	cpDNA	mask	chloroplast	1	25736	47310182	1838.288079	25736	1.000000	25735	0.999961	25733	0.999883	dudleya_organelle_alignment_pipeline/results/05_analysis_masks/cpdna_duplicate_ir_copy_mask.bed	dudleya_organelle_alignment_pipeline/results/06_all_sample_alignment/qc/OCO_LP_062_Du-109.depth.tsv
OCO_LP_062_Du-109	QB3.Berkeley.251217/QB3.Results.260109	D. setchellii	OCO	cpdna_population_sites	cpDNA	variant_calling_and_population_genetics	chloroplast	1	124538	239446651	1922.679431	124538	1.000000	124531	0.999944	124517	0.999831	dudleya_organelle_alignment_pipeline/results/05_analysis_masks/cpdna_population_sites.bed	dudleya_organelle_alignment_pipeline/results/06_all_sample_alignment/qc/OCO_LP_062_Du-109.depth.tsv
OCO_LP_062_Du-109	QB3.Berkeley.251217/QB3.Results.260109	D. setchellii	OCO	mtdna_permissive_coverage	mtDNA	sample_qc_coverage	mitochondria	1	243359	18920840	77.748676	243122	0.999026	243080	0.998854	243045	0.998710	dudleya_organelle_alignment_pipeline/results/05_analysis_masks/mtdna_permissive_coverage_regions.bed	dudleya_organelle_alignment_pipeline/results/06_all_sample_alignment/qc/OCO_LP_062_Du-109.depth.tsv
OCO_LP_062_Du-109	QB3.Berkeley.251217/QB3.Results.260109	D. setchellii	OCO	mtdna_high_confidence_unique	mtDNA	variant_calling_and_population_genetics	mitochondria	2	44930	5790572	128.879858	44923	0.999844	44922	0.999822	44921	0.999800	dudleya_organelle_alignment_pipeline/results/05_analysis_masks/mtdna_high_confidence_unique_regions.bed	dudleya_organelle_alignment_pipeline/results/06_all_sample_alignment/qc/OCO_LP_062_Du-109.depth.tsv
OCO_LP_063_Du-110	QB3.Berkeley.251217/QB3.Results.260109	D. setchellii	OCO	cpdna_full_coverage	cpDNA	sample_qc_coverage	chloroplast	1	150274	33606107	223.632212	150248	0.999827	150212	0.999587	150156	0.999215	dudleya_organelle_alignment_pipeline/results/05_analysis_masks/cpdna_full_coverage_regions.bed	dudleya_organelle_alignment_pipeline/results/06_all_sample_alignment/qc/OCO_LP_063_Du-110.depth.tsv
OCO_LP_063_Du-110	QB3.Berkeley.251217/QB3.Results.260109	D. setchellii	OCO	cpdna_ir_regions	cpDNA	repeat_annotation	chloroplast	2	51472	11580256	224.981660	51471	0.999981	51452	0.999611	51441	0.999398	dudleya_organelle_alignment_pipeline/results/05_analysis_masks/cpdna_ir_regions.bed	dudleya_organelle_alignment_pipeline/results/06_all_sample_alignment/qc/OCO_LP_063_Du-110.depth.tsv
OCO_LP_063_Du-110	QB3.Berkeley.251217/QB3.Results.260109	D. setchellii	OCO	cpdna_duplicate_ir_mask	cpDNA	mask	chloroplast	1	25736	5738322	222.968682	25735	0.999961	25718	0.999301	25710	0.998990	dudleya_organelle_alignment_pipeline/results/05_analysis_masks/cpdna_duplicate_ir_copy_mask.bed	dudleya_organelle_alignment_pipeline/results/06_all_sample_alignment/qc/OCO_LP_063_Du-110.depth.tsv
OCO_LP_063_Du-110	QB3.Berkeley.251217/QB3.Results.260109	D. setchellii	OCO	cpdna_population_sites	cpDNA	variant_calling_and_population_genetics	chloroplast	1	124538	27867785	223.769331	124513	0.999799	124494	0.999647	124446	0.999261	dudleya_organelle_alignment_pipeline/results/05_analysis_masks/cpdna_population_sites.bed	dudleya_organelle_alignment_pipeline/results/06_all_sample_alignment/qc/OCO_LP_063_Du-110.depth.tsv
OCO_LP_063_Du-110	QB3.Berkeley.251217/QB3.Results.260109	D. setchellii	OCO	mtdna_permissive_coverage	mtDNA	sample_qc_coverage	mitochondria	1	243359	8787682	36.109953	243109	0.998973	243037	0.998677	242790	0.997662	dudleya_organelle_alignment_pipeline/results/05_analysis_masks/mtdna_permissive_coverage_regions.bed	dudleya_organelle_alignment_pipeline/results/06_all_sample_alignment/qc/OCO_LP_063_Du-110.depth.tsv
OCO_LP_063_Du-110	QB3.Berkeley.251217/QB3.Results.260109	D. setchellii	OCO	mtdna_high_confidence_unique	mtDNA	variant_calling_and_population_genetics	mitochondria	2	44930	2624726	58.418117	44929	0.999978	44922	0.999822	44921	0.999800	dudleya_organelle_alignment_pipeline/results/05_analysis_masks/mtdna_high_confidence_unique_regions.bed	dudleya_organelle_alignment_pipeline/results/06_all_sample_alignment/qc/OCO_LP_063_Du-110.depth.tsv
OCO_LP_064_Du-111	QB3.Berkeley.251217/QB3.Results.260109	D. setchellii	OCO	cpdna_full_coverage	cpDNA	sample_qc_coverage	chloroplast	1	150274	102802577	684.100889	150251	0.999847	150226	0.999681	150194	0.999468	dudleya_organelle_alignment_pipeline/results/05_analysis_masks/cpdna_full_coverage_regions.bed	dudleya_organelle_alignment_pipeline/results/06_all_sample_alignment/qc/OCO_LP_064_Du-111.depth.tsv
OCO_LP_064_Du-111	QB3.Berkeley.251217/QB3.Results.260109	D. setchellii	OCO	cpdna_ir_regions	cpDNA	repeat_annotation	chloroplast	2	51472	35645397	692.520147	51470	0.999961	51469	0.999942	51466	0.999883	dudleya_organelle_alignment_pipeline/results/05_analysis_masks/cpdna_ir_regions.bed	dudleya_organelle_alignment_pipeline/results/06_all_sample_alignment/qc/OCO_LP_064_Du-111.depth.tsv
OCO_LP_064_Du-111	QB3.Berkeley.251217/QB3.Results.260109	D. setchellii	OCO	cpdna_duplicate_ir_mask	cpDNA	mask	chloroplast	1	25736	17650562	685.831598	25735	0.999961	25735	0.999961	25732	0.999845	dudleya_organelle_alignment_pipeline/results/05_analysis_masks/cpdna_duplicate_ir_copy_mask.bed	dudleya_organelle_alignment_pipeline/results/06_all_sample_alignment/qc/OCO_LP_064_Du-111.depth.tsv
OCO_LP_064_Du-111	QB3.Berkeley.251217/QB3.Results.260109	D. setchellii	OCO	cpdna_population_sites	cpDNA	variant_calling_and_population_genetics	chloroplast	1	124538	85152015	683.743235	124516	0.999823	124491	0.999623	124462	0.999390	dudleya_organelle_alignment_pipeline/results/05_analysis_masks/cpdna_population_sites.bed	dudleya_organelle_alignment_pipeline/results/06_all_sample_alignment/qc/OCO_LP_064_Du-111.depth.tsv
OCO_LP_064_Du-111	QB3.Berkeley.251217/QB3.Results.260109	D. setchellii	OCO	mtdna_permissive_coverage	mtDNA	sample_qc_coverage	mitochondria	1	243359	7760741	31.890092	243116	0.999001	242987	0.998471	241305	0.991560	dudleya_organelle_alignment_pipeline/results/05_analysis_masks/mtdna_permissive_coverage_regions.bed	dudleya_organelle_alignment_pipeline/results/06_all_sample_alignment/qc/OCO_LP_064_Du-111.depth.tsv
OCO_LP_064_Du-111	QB3.Berkeley.251217/QB3.Results.260109	D. setchellii	OCO	mtdna_high_confidence_unique	mtDNA	variant_calling_and_population_genetics	mitochondria	2	44930	2347519	52.248364	44922	0.999822	44921	0.999800	44921	0.999800	dudleya_organelle_alignment_pipeline/results/05_analysis_masks/mtdna_high_confidence_unique_regions.bed	dudleya_organelle_alignment_pipeline/results/06_all_sample_alignment/qc/OCO_LP_064_Du-111.depth.tsv
OCO_LP_065_Du-112	QB3.Berkeley.251217/QB3.Results.260109	D. setchellii	OCO	cpdna_full_coverage	cpDNA	sample_qc_coverage	chloroplast	1	150274	80389545	534.953119	150266	0.999947	150204	0.999534	150189	0.999434	dudleya_organelle_alignment_pipeline/results/05_analysis_masks/cpdna_full_coverage_regions.bed	dudleya_organelle_alignment_pipeline/results/06_all_sample_alignment/qc/OCO_LP_065_Du-112.depth.tsv
OCO_LP_065_Du-112	QB3.Berkeley.251217/QB3.Results.260109	D. setchellii	OCO	cpdna_ir_regions	cpDNA	repeat_annotation	chloroplast	2	51472	27813213	540.356174	51471	0.999981	51469	0.999942	51466	0.999883	dudleya_organelle_alignment_pipeline/results/05_analysis_masks/cpdna_ir_regions.bed	dudleya_organelle_alignment_pipeline/results/06_all_sample_alignment/qc/OCO_LP_065_Du-112.depth.tsv
OCO_LP_065_Du-112	QB3.Berkeley.251217/QB3.Results.260109	D. setchellii	OCO	cpdna_duplicate_ir_mask	cpDNA	mask	chloroplast	1	25736	13781078	535.478629	25736	1.000000	25734	0.999922	25732	0.999845	dudleya_organelle_alignment_pipeline/results/05_analysis_masks/cpdna_duplicate_ir_copy_mask.bed	dudleya_organelle_alignment_pipeline/results/06_all_sample_alignment/qc/OCO_LP_065_Du-112.depth.tsv
OCO_LP_065_Du-112	QB3.Berkeley.251217/QB3.Results.260109	D. setchellii	OCO	cpdna_population_sites	cpDNA	variant_calling_and_population_genetics	chloroplast	1	124538	66608467	534.844521	124530	0.999936	124470	0.999454	124457	0.999350	dudleya_organelle_alignment_pipeline/results/05_analysis_masks/cpdna_population_sites.bed	dudleya_organelle_alignment_pipeline/results/06_all_sample_alignment/qc/OCO_LP_065_Du-112.depth.tsv
OCO_LP_065_Du-112	QB3.Berkeley.251217/QB3.Results.260109	D. setchellii	OCO	mtdna_permissive_coverage	mtDNA	sample_qc_coverage	mitochondria	1	243359	5382518	22.117604	243093	0.998907	242160	0.995073	229533	0.943187	dudleya_organelle_alignment_pipeline/results/05_analysis_masks/mtdna_permissive_coverage_regions.bed	dudleya_organelle_alignment_pipeline/results/06_all_sample_alignment/qc/OCO_LP_065_Du-112.depth.tsv
OCO_LP_065_Du-112	QB3.Berkeley.251217/QB3.Results.260109	D. setchellii	OCO	mtdna_high_confidence_unique	mtDNA	variant_calling_and_population_genetics	mitochondria	2	44930	1638003	36.456777	44930	1.000000	44921	0.999800	44915	0.999666	dudleya_organelle_alignment_pipeline/results/05_analysis_masks/mtdna_high_confidence_unique_regions.bed	dudleya_organelle_alignment_pipeline/results/06_all_sample_alignment/qc/OCO_LP_065_Du-112.depth.tsv
OCO_LP_066_Du-113	QB3.Berkeley.251217/QB3.Results.260109	D. setchellii	OCO	cpdna_full_coverage	cpDNA	sample_qc_coverage	chloroplast	1	150274	84179917	560.176191	150260	0.999907	150237	0.999754	150213	0.999594	dudleya_organelle_alignment_pipeline/results/05_analysis_masks/cpdna_full_coverage_regions.bed	dudleya_organelle_alignment_pipeline/results/06_all_sample_alignment/qc/OCO_LP_066_Du-113.depth.tsv
OCO_LP_066_Du-113	QB3.Berkeley.251217/QB3.Results.260109	D. setchellii	OCO	cpdna_ir_regions	cpDNA	repeat_annotation	chloroplast	2	51472	27644987	537.087873	51471	0.999981	51467	0.999903	51465	0.999864	dudleya_organelle_alignment_pipeline/results/05_analysis_masks/cpdna_ir_regions.bed	dudleya_organelle_alignment_pipeline/results/06_all_sample_alignment/qc/OCO_LP_066_Du-113.depth.tsv
OCO_LP_066_Du-113	QB3.Berkeley.251217/QB3.Results.260109	D. setchellii	OCO	cpdna_duplicate_ir_mask	cpDNA	mask	chloroplast	1	25736	13736233	533.736128	25735	0.999961	25732	0.999845	25731	0.999806	dudleya_organelle_alignment_pipeline/results/05_analysis_masks/cpdna_duplicate_ir_copy_mask.bed	dudleya_organelle_alignment_pipeline/results/06_all_sample_alignment/qc/OCO_LP_066_Du-113.depth.tsv
OCO_LP_066_Du-113	QB3.Berkeley.251217/QB3.Results.260109	D. setchellii	OCO	cpdna_population_sites	cpDNA	variant_calling_and_population_genetics	chloroplast	1	124538	70443684	565.640078	124525	0.999896	124505	0.999735	124482	0.999550	dudleya_organelle_alignment_pipeline/results/05_analysis_masks/cpdna_population_sites.bed	dudleya_organelle_alignment_pipeline/results/06_all_sample_alignment/qc/OCO_LP_066_Du-113.depth.tsv
OCO_LP_066_Du-113	QB3.Berkeley.251217/QB3.Results.260109	D. setchellii	OCO	mtdna_permissive_coverage	mtDNA	sample_qc_coverage	mitochondria	1	243359	4481357	18.414593	230002	0.945114	226704	0.931562	204074	0.838572	dudleya_organelle_alignment_pipeline/results/05_analysis_masks/mtdna_permissive_coverage_regions.bed	dudleya_organelle_alignment_pipeline/results/06_all_sample_alignment/qc/OCO_LP_066_Du-113.depth.tsv
OCO_LP_066_Du-113	QB3.Berkeley.251217/QB3.Results.260109	D. setchellii	OCO	mtdna_high_confidence_unique	mtDNA	variant_calling_and_population_genetics	mitochondria	2	44930	1449098	32.252348	44923	0.999844	44921	0.999800	44612	0.992922	dudleya_organelle_alignment_pipeline/results/05_analysis_masks/mtdna_high_confidence_unique_regions.bed	dudleya_organelle_alignment_pipeline/results/06_all_sample_alignment/qc/OCO_LP_066_Du-113.depth.tsv
OCO_LP_067_Du-114	QB3.Berkeley.251217/QB3.Results.260109	D. setchellii	OCO	cpdna_full_coverage	cpDNA	sample_qc_coverage	chloroplast	1	150274	55323130	368.148382	150241	0.999780	150216	0.999614	150204	0.999534	dudleya_organelle_alignment_pipeline/results/05_analysis_masks/cpdna_full_coverage_regions.bed	dudleya_organelle_alignment_pipeline/results/06_all_sample_alignment/qc/OCO_LP_067_Du-114.depth.tsv
OCO_LP_067_Du-114	QB3.Berkeley.251217/QB3.Results.260109	D. setchellii	OCO	cpdna_ir_regions	cpDNA	repeat_annotation	chloroplast	2	51472	19002353	369.178447	51471	0.999981	51467	0.999903	51460	0.999767	dudleya_organelle_alignment_pipeline/results/05_analysis_masks/cpdna_ir_regions.bed	dudleya_organelle_alignment_pipeline/results/06_all_sample_alignment/qc/OCO_LP_067_Du-114.depth.tsv
OCO_LP_067_Du-114	QB3.Berkeley.251217/QB3.Results.260109	D. setchellii	OCO	cpdna_duplicate_ir_mask	cpDNA	mask	chloroplast	1	25736	9415749	365.859069	25735	0.999961	25732	0.999845	25726	0.999611	dudleya_organelle_alignment_pipeline/results/05_analysis_masks/cpdna_duplicate_ir_copy_mask.bed	dudleya_organelle_alignment_pipeline/results/06_all_sample_alignment/qc/OCO_LP_067_Du-114.depth.tsv
OCO_LP_067_Du-114	QB3.Berkeley.251217/QB3.Results.260109	D. setchellii	OCO	cpdna_population_sites	cpDNA	variant_calling_and_population_genetics	chloroplast	1	124538	45907381	368.621473	124506	0.999743	124484	0.999566	124478	0.999518	dudleya_organelle_alignment_pipeline/results/05_analysis_masks/cpdna_population_sites.bed	dudleya_organelle_alignment_pipeline/results/06_all_sample_alignment/qc/OCO_LP_067_Du-114.depth.tsv
OCO_LP_067_Du-114	QB3.Berkeley.251217/QB3.Results.260109	D. setchellii	OCO	mtdna_permissive_coverage	mtDNA	sample_qc_coverage	mitochondria	1	243359	3117793	12.811497	229553	0.943269	215757	0.886579	157063	0.645396	dudleya_organelle_alignment_pipeline/results/05_analysis_masks/mtdna_permissive_coverage_regions.bed	dudleya_organelle_alignment_pipeline/results/06_all_sample_alignment/qc/OCO_LP_067_Du-114.depth.tsv
OCO_LP_067_Du-114	QB3.Berkeley.251217/QB3.Results.260109	D. setchellii	OCO	mtdna_high_confidence_unique	mtDNA	variant_calling_and_population_genetics	mitochondria	2	44930	1019491	22.690652	44921	0.999800	44866	0.998576	43677	0.972112	dudleya_organelle_alignment_pipeline/results/05_analysis_masks/mtdna_high_confidence_unique_regions.bed	dudleya_organelle_alignment_pipeline/results/06_all_sample_alignment/qc/OCO_LP_067_Du-114.depth.tsv
QUI1_LP_249_Du-648	QB3.Berkeley.251217/QB3.Results.260109	D. setchellii	QUI1	cpdna_full_coverage	cpDNA	sample_qc_coverage	chloroplast	1	150274	210302805	1399.462349	150274	1.000000	150270	0.999973	150265	0.999940	dudleya_organelle_alignment_pipeline/results/05_analysis_masks/cpdna_full_coverage_regions.bed	dudleya_organelle_alignment_pipeline/results/06_all_sample_alignment/qc/QUI1_LP_249_Du-648.depth.tsv
QUI1_LP_249_Du-648	QB3.Berkeley.251217/QB3.Results.260109	D. setchellii	QUI1	cpdna_ir_regions	cpDNA	repeat_annotation	chloroplast	2	51472	66676906	1295.401500	51472	1.000000	51468	0.999922	51466	0.999883	dudleya_organelle_alignment_pipeline/results/05_analysis_masks/cpdna_ir_regions.bed	dudleya_organelle_alignment_pipeline/results/06_all_sample_alignment/qc/QUI1_LP_249_Du-648.depth.tsv
QUI1_LP_249_Du-648	QB3.Berkeley.251217/QB3.Results.260109	D. setchellii	QUI1	cpdna_duplicate_ir_mask	cpDNA	mask	chloroplast	1	25736	32993575	1282.000894	25736	1.000000	25733	0.999883	25731	0.999806	dudleya_organelle_alignment_pipeline/results/05_analysis_masks/cpdna_duplicate_ir_copy_mask.bed	dudleya_organelle_alignment_pipeline/results/06_all_sample_alignment/qc/QUI1_LP_249_Du-648.depth.tsv
QUI1_LP_249_Du-648	QB3.Berkeley.251217/QB3.Results.260109	D. setchellii	QUI1	cpdna_population_sites	cpDNA	variant_calling_and_population_genetics	chloroplast	1	124538	177309230	1423.735968	124538	1.000000	124537	0.999992	124534	0.999968	dudleya_organelle_alignment_pipeline/results/05_analysis_masks/cpdna_population_sites.bed	dudleya_organelle_alignment_pipeline/results/06_all_sample_alignment/qc/QUI1_LP_249_Du-648.depth.tsv
QUI1_LP_249_Du-648	QB3.Berkeley.251217/QB3.Results.260109	D. setchellii	QUI1	mtdna_permissive_coverage	mtDNA	sample_qc_coverage	mitochondria	1	243359	13928274	57.233445	234383	0.963116	230261	0.946178	230032	0.945237	dudleya_organelle_alignment_pipeline/results/05_analysis_masks/mtdna_permissive_coverage_regions.bed	dudleya_organelle_alignment_pipeline/results/06_all_sample_alignment/qc/QUI1_LP_249_Du-648.depth.tsv
QUI1_LP_249_Du-648	QB3.Berkeley.251217/QB3.Results.260109	D. setchellii	QUI1	mtdna_high_confidence_unique	mtDNA	variant_calling_and_population_genetics	mitochondria	2	44930	4503377	100.230959	44930	1.000000	44928	0.999955	44927	0.999933	dudleya_organelle_alignment_pipeline/results/05_analysis_masks/mtdna_high_confidence_unique_regions.bed	dudleya_organelle_alignment_pipeline/results/06_all_sample_alignment/qc/QUI1_LP_249_Du-648.depth.tsv
QUI1_LP_250_Du-649	QB3.Berkeley.251217/QB3.Results.260109	D. setchellii	QUI1	cpdna_full_coverage	cpDNA	sample_qc_coverage	chloroplast	1	150274	191588368	1274.926920	150274	1.000000	150272	0.999987	150270	0.999973	dudleya_organelle_alignment_pipeline/results/05_analysis_masks/cpdna_full_coverage_regions.bed	dudleya_organelle_alignment_pipeline/results/06_all_sample_alignment/qc/QUI1_LP_250_Du-649.depth.tsv
QUI1_LP_250_Du-649	QB3.Berkeley.251217/QB3.Results.260109	D. setchellii	QUI1	cpdna_ir_regions	cpDNA	repeat_annotation	chloroplast	2	51472	61988385	1204.312733	51472	1.000000	51470	0.999961	51468	0.999922	dudleya_organelle_alignment_pipeline/results/05_analysis_masks/cpdna_ir_regions.bed	dudleya_organelle_alignment_pipeline/results/06_all_sample_alignment/qc/QUI1_LP_250_Du-649.depth.tsv
QUI1_LP_250_Du-649	QB3.Berkeley.251217/QB3.Results.260109	D. setchellii	QUI1	cpdna_duplicate_ir_mask	cpDNA	mask	chloroplast	1	25736	30563916	1187.593876	25736	1.000000	25735	0.999961	25733	0.999883	dudleya_organelle_alignment_pipeline/results/05_analysis_masks/cpdna_duplicate_ir_copy_mask.bed	dudleya_organelle_alignment_pipeline/results/06_all_sample_alignment/qc/QUI1_LP_250_Du-649.depth.tsv
QUI1_LP_250_Du-649	QB3.Berkeley.251217/QB3.Results.260109	D. setchellii	QUI1	cpdna_population_sites	cpDNA	variant_calling_and_population_genetics	chloroplast	1	124538	161024452	1292.974450	124538	1.000000	124537	0.999992	124537	0.999992	dudleya_organelle_alignment_pipeline/results/05_analysis_masks/cpdna_population_sites.bed	dudleya_organelle_alignment_pipeline/results/06_all_sample_alignment/qc/QUI1_LP_250_Du-649.depth.tsv
QUI1_LP_250_Du-649	QB3.Berkeley.251217/QB3.Results.260109	D. setchellii	QUI1	mtdna_permissive_coverage	mtDNA	sample_qc_coverage	mitochondria	1	243359	17379065	71.413282	231593	0.951652	230165	0.945784	230042	0.945278	dudleya_organelle_alignment_pipeline/results/05_analysis_masks/mtdna_permissive_coverage_regions.bed	dudleya_organelle_alignment_pipeline/results/06_all_sample_alignment/qc/QUI1_LP_250_Du-649.depth.tsv
QUI1_LP_250_Du-649	QB3.Berkeley.251217/QB3.Results.260109	D. setchellii	QUI1	mtdna_high_confidence_unique	mtDNA	variant_calling_and_population_genetics	mitochondria	2	44930	5633960	125.394169	44929	0.999978	44927	0.999933	44927	0.999933	dudleya_organelle_alignment_pipeline/results/05_analysis_masks/mtdna_high_confidence_unique_regions.bed	dudleya_organelle_alignment_pipeline/results/06_all_sample_alignment/qc/QUI1_LP_250_Du-649.depth.tsv
QUI1_LP_251_Du-650	QB3.Berkeley.251217/QB3.Results.260109	D. setchellii	QUI1	cpdna_full_coverage	cpDNA	sample_qc_coverage	chloroplast	1	150274	25812713	171.770985	150268	0.999960	150255	0.999874	150210	0.999574	dudleya_organelle_alignment_pipeline/results/05_analysis_masks/cpdna_full_coverage_regions.bed	dudleya_organelle_alignment_pipeline/results/06_all_sample_alignment/qc/QUI1_LP_251_Du-650.depth.tsv
QUI1_LP_251_Du-650	QB3.Berkeley.251217/QB3.Results.260109	D. setchellii	QUI1	cpdna_ir_regions	cpDNA	repeat_annotation	chloroplast	2	51472	8196056	159.233292	51467	0.999903	51462	0.999806	51422	0.999029	dudleya_organelle_alignment_pipeline/results/05_analysis_masks/cpdna_ir_regions.bed	dudleya_organelle_alignment_pipeline/results/06_all_sample_alignment/qc/QUI1_LP_251_Du-650.depth.tsv
QUI1_LP_251_Du-650	QB3.Berkeley.251217/QB3.Results.260109	D. setchellii	QUI1	cpdna_duplicate_ir_mask	cpDNA	mask	chloroplast	1	25736	4047457	157.268301	25733	0.999883	25728	0.999689	25699	0.998562	dudleya_organelle_alignment_pipeline/results/05_analysis_masks/cpdna_duplicate_ir_copy_mask.bed	dudleya_organelle_alignment_pipeline/results/06_all_sample_alignment/qc/QUI1_LP_251_Du-650.depth.tsv
QUI1_LP_251_Du-650	QB3.Berkeley.251217/QB3.Results.260109	D. setchellii	QUI1	cpdna_population_sites	cpDNA	variant_calling_and_population_genetics	chloroplast	1	124538	21765256	174.767990	124535	0.999976	124527	0.999912	124511	0.999783	dudleya_organelle_alignment_pipeline/results/05_analysis_masks/cpdna_population_sites.bed	dudleya_organelle_alignment_pipeline/results/06_all_sample_alignment/qc/QUI1_LP_251_Du-650.depth.tsv
QUI1_LP_251_Du-650	QB3.Berkeley.251217/QB3.Results.260109	D. setchellii	QUI1	mtdna_permissive_coverage	mtDNA	sample_qc_coverage	mitochondria	1	243359	1981147	8.140841	226554	0.930946	175168	0.719793	82645	0.339601	dudleya_organelle_alignment_pipeline/results/05_analysis_masks/mtdna_permissive_coverage_regions.bed	dudleya_organelle_alignment_pipeline/results/06_all_sample_alignment/qc/QUI1_LP_251_Du-650.depth.tsv
QUI1_LP_251_Du-650	QB3.Berkeley.251217/QB3.Results.260109	D. setchellii	QUI1	mtdna_high_confidence_unique	mtDNA	variant_calling_and_population_genetics	mitochondria	2	44930	618360	13.762742	44857	0.998375	41918	0.932962	32530	0.724015	dudleya_organelle_alignment_pipeline/results/05_analysis_masks/mtdna_high_confidence_unique_regions.bed	dudleya_organelle_alignment_pipeline/results/06_all_sample_alignment/qc/QUI1_LP_251_Du-650.depth.tsv
QUI1_LP_252_Du-651	QB3.Berkeley.251217/QB3.Results.260109	D. setchellii	QUI1	cpdna_full_coverage	cpDNA	sample_qc_coverage	chloroplast	1	150274	109558187	729.056171	150273	0.999993	150269	0.999967	150263	0.999927	dudleya_organelle_alignment_pipeline/results/05_analysis_masks/cpdna_full_coverage_regions.bed	dudleya_organelle_alignment_pipeline/results/06_all_sample_alignment/qc/QUI1_LP_252_Du-651.depth.tsv
QUI1_LP_252_Du-651	QB3.Berkeley.251217/QB3.Results.260109	D. setchellii	QUI1	cpdna_ir_regions	cpDNA	repeat_annotation	chloroplast	2	51472	35258374	685.001049	51471	0.999981	51468	0.999922	51466	0.999883	dudleya_organelle_alignment_pipeline/results/05_analysis_masks/cpdna_ir_regions.bed	dudleya_organelle_alignment_pipeline/results/06_all_sample_alignment/qc/QUI1_LP_252_Du-651.depth.tsv
QUI1_LP_252_Du-651	QB3.Berkeley.251217/QB3.Results.260109	D. setchellii	QUI1	cpdna_duplicate_ir_mask	cpDNA	mask	chloroplast	1	25736	17369783	674.921627	25735	0.999961	25733	0.999883	25732	0.999845	dudleya_organelle_alignment_pipeline/results/05_analysis_masks/cpdna_duplicate_ir_copy_mask.bed	dudleya_organelle_alignment_pipeline/results/06_all_sample_alignment/qc/QUI1_LP_252_Du-651.depth.tsv
QUI1_LP_252_Du-651	QB3.Berkeley.251217/QB3.Results.260109	D. setchellii	QUI1	cpdna_population_sites	cpDNA	variant_calling_and_population_genetics	chloroplast	1	124538	92188404	740.243171	124538	1.000000	124536	0.999984	124531	0.999944	dudleya_organelle_alignment_pipeline/results/05_analysis_masks/cpdna_population_sites.bed	dudleya_organelle_alignment_pipeline/results/06_all_sample_alignment/qc/QUI1_LP_252_Du-651.depth.tsv
QUI1_LP_252_Du-651	QB3.Berkeley.251217/QB3.Results.260109	D. setchellii	QUI1	mtdna_permissive_coverage	mtDNA	sample_qc_coverage	mitochondria	1	243359	15431337	63.409765	232203	0.954158	230319	0.946417	230058	0.945344	dudleya_organelle_alignment_pipeline/results/05_analysis_masks/mtdna_permissive_coverage_regions.bed	dudleya_organelle_alignment_pipeline/results/06_all_sample_alignment/qc/QUI1_LP_252_Du-651.depth.tsv
QUI1_LP_252_Du-651	QB3.Berkeley.251217/QB3.Results.260109	D. setchellii	QUI1	mtdna_high_confidence_unique	mtDNA	variant_calling_and_population_genetics	mitochondria	2	44930	4977834	110.790875	44929	0.999978	44927	0.999933	44927	0.999933	dudleya_organelle_alignment_pipeline/results/05_analysis_masks/mtdna_high_confidence_unique_regions.bed	dudleya_organelle_alignment_pipeline/results/06_all_sample_alignment/qc/QUI1_LP_252_Du-651.depth.tsv
QUI1_LP_253_Du-652	QB3.Berkeley.251217/QB3.Results.260109	D. setchellii	QUI1	cpdna_full_coverage	cpDNA	sample_qc_coverage	chloroplast	1	150274	231195627	1538.493865	150274	1.000000	150271	0.999980	150268	0.999960	dudleya_organelle_alignment_pipeline/results/05_analysis_masks/cpdna_full_coverage_regions.bed	dudleya_organelle_alignment_pipeline/results/06_all_sample_alignment/qc/QUI1_LP_253_Du-652.depth.tsv
QUI1_LP_253_Du-652	QB3.Berkeley.251217/QB3.Results.260109	D. setchellii	QUI1	cpdna_ir_regions	cpDNA	repeat_annotation	chloroplast	2	51472	78838472	1531.676873	51472	1.000000	51470	0.999961	51469	0.999942	dudleya_organelle_alignment_pipeline/results/05_analysis_masks/cpdna_ir_regions.bed	dudleya_organelle_alignment_pipeline/results/06_all_sample_alignment/qc/QUI1_LP_253_Du-652.depth.tsv
QUI1_LP_253_Du-652	QB3.Berkeley.251217/QB3.Results.260109	D. setchellii	QUI1	cpdna_duplicate_ir_mask	cpDNA	mask	chloroplast	1	25736	38870170	1510.342322	25736	1.000000	25735	0.999961	25734	0.999922	dudleya_organelle_alignment_pipeline/results/05_analysis_masks/cpdna_duplicate_ir_copy_mask.bed	dudleya_organelle_alignment_pipeline/results/06_all_sample_alignment/qc/QUI1_LP_253_Du-652.depth.tsv
QUI1_LP_253_Du-652	QB3.Berkeley.251217/QB3.Results.260109	D. setchellii	QUI1	cpdna_population_sites	cpDNA	variant_calling_and_population_genetics	chloroplast	1	124538	192325457	1544.311431	124538	1.000000	124536	0.999984	124534	0.999968	dudleya_organelle_alignment_pipeline/results/05_analysis_masks/cpdna_population_sites.bed	dudleya_organelle_alignment_pipeline/results/06_all_sample_alignment/qc/QUI1_LP_253_Du-652.depth.tsv
QUI1_LP_253_Du-652	QB3.Berkeley.251217/QB3.Results.260109	D. setchellii	QUI1	mtdna_permissive_coverage	mtDNA	sample_qc_coverage	mitochondria	1	243359	30850765	126.770594	231743	0.952268	230202	0.945936	230069	0.945389	dudleya_organelle_alignment_pipeline/results/05_analysis_masks/mtdna_permissive_coverage_regions.bed	dudleya_organelle_alignment_pipeline/results/06_all_sample_alignment/qc/QUI1_LP_253_Du-652.depth.tsv
QUI1_LP_253_Du-652	QB3.Berkeley.251217/QB3.Results.260109	D. setchellii	QUI1	mtdna_high_confidence_unique	mtDNA	variant_calling_and_population_genetics	mitochondria	2	44930	9947700	221.404407	44930	1.000000	44928	0.999955	44927	0.999933	dudleya_organelle_alignment_pipeline/results/05_analysis_masks/mtdna_high_confidence_unique_regions.bed	dudleya_organelle_alignment_pipeline/results/06_all_sample_alignment/qc/QUI1_LP_253_Du-652.depth.tsv
QUI1_LP_254_Du-653	QB3.Berkeley.251217/QB3.Results.260109	D. setchellii	QUI1	cpdna_full_coverage	cpDNA	sample_qc_coverage	chloroplast	1	150274	24815182	165.132904	150269	0.999967	150253	0.999860	150211	0.999581	dudleya_organelle_alignment_pipeline/results/05_analysis_masks/cpdna_full_coverage_regions.bed	dudleya_organelle_alignment_pipeline/results/06_all_sample_alignment/qc/QUI1_LP_254_Du-653.depth.tsv
QUI1_LP_254_Du-653	QB3.Berkeley.251217/QB3.Results.260109	D. setchellii	QUI1	cpdna_ir_regions	cpDNA	repeat_annotation	chloroplast	2	51472	8618064	167.432080	51469	0.999942	51460	0.999767	51426	0.999106	dudleya_organelle_alignment_pipeline/results/05_analysis_masks/cpdna_ir_regions.bed	dudleya_organelle_alignment_pipeline/results/06_all_sample_alignment/qc/QUI1_LP_254_Du-653.depth.tsv
QUI1_LP_254_Du-653	QB3.Berkeley.251217/QB3.Results.260109	D. setchellii	QUI1	cpdna_duplicate_ir_mask	cpDNA	mask	chloroplast	1	25736	4250464	165.156357	25735	0.999961	25727	0.999650	25701	0.998640	dudleya_organelle_alignment_pipeline/results/05_analysis_masks/cpdna_duplicate_ir_copy_mask.bed	dudleya_organelle_alignment_pipeline/results/06_all_sample_alignment/qc/QUI1_LP_254_Du-653.depth.tsv
QUI1_LP_254_Du-653	QB3.Berkeley.251217/QB3.Results.260109	D. setchellii	QUI1	cpdna_population_sites	cpDNA	variant_calling_and_population_genetics	chloroplast	1	124538	20564718	165.128057	124534	0.999968	124526	0.999904	124510	0.999775	dudleya_organelle_alignment_pipeline/results/05_analysis_masks/cpdna_population_sites.bed	dudleya_organelle_alignment_pipeline/results/06_all_sample_alignment/qc/QUI1_LP_254_Du-653.depth.tsv
QUI1_LP_254_Du-653	QB3.Berkeley.251217/QB3.Results.260109	D. setchellii	QUI1	mtdna_permissive_coverage	mtDNA	sample_qc_coverage	mitochondria	1	243359	2510629	10.316565	228775	0.940072	202161	0.830711	120373	0.494631	dudleya_organelle_alignment_pipeline/results/05_analysis_masks/mtdna_permissive_coverage_regions.bed	dudleya_organelle_alignment_pipeline/results/06_all_sample_alignment/qc/QUI1_LP_254_Du-653.depth.tsv
QUI1_LP_254_Du-653	QB3.Berkeley.251217/QB3.Results.260109	D. setchellii	QUI1	mtdna_high_confidence_unique	mtDNA	variant_calling_and_population_genetics	mitochondria	2	44930	802043	17.850946	44917	0.999711	44485	0.990096	40702	0.905898	dudleya_organelle_alignment_pipeline/results/05_analysis_masks/mtdna_high_confidence_unique_regions.bed	dudleya_organelle_alignment_pipeline/results/06_all_sample_alignment/qc/QUI1_LP_254_Du-653.depth.tsv
QUI1_LP_255_Du-654	QB3.Berkeley.251217/QB3.Results.260109	D. setchellii	QUI1	cpdna_full_coverage	cpDNA	sample_qc_coverage	chloroplast	1	150274	253581777	1687.462748	150274	1.000000	150273	0.999993	150267	0.999953	dudleya_organelle_alignment_pipeline/results/05_analysis_masks/cpdna_full_coverage_regions.bed	dudleya_organelle_alignment_pipeline/results/06_all_sample_alignment/qc/QUI1_LP_255_Du-654.depth.tsv
QUI1_LP_255_Du-654	QB3.Berkeley.251217/QB3.Results.260109	D. setchellii	QUI1	cpdna_ir_regions	cpDNA	repeat_annotation	chloroplast	2	51472	85181443	1654.908358	51472	1.000000	51471	0.999981	51468	0.999922	dudleya_organelle_alignment_pipeline/results/05_analysis_masks/cpdna_ir_regions.bed	dudleya_organelle_alignment_pipeline/results/06_all_sample_alignment/qc/QUI1_LP_255_Du-654.depth.tsv
QUI1_LP_255_Du-654	QB3.Berkeley.251217/QB3.Results.260109	D. setchellii	QUI1	cpdna_duplicate_ir_mask	cpDNA	mask	chloroplast	1	25736	42020062	1632.734768	25736	1.000000	25736	1.000000	25733	0.999883	dudleya_organelle_alignment_pipeline/results/05_analysis_masks/cpdna_duplicate_ir_copy_mask.bed	dudleya_organelle_alignment_pipeline/results/06_all_sample_alignment/qc/QUI1_LP_255_Du-654.depth.tsv
QUI1_LP_255_Du-654	QB3.Berkeley.251217/QB3.Results.260109	D. setchellii	QUI1	cpdna_population_sites	cpDNA	variant_calling_and_population_genetics	chloroplast	1	124538	211561715	1698.772383	124538	1.000000	124537	0.999992	124534	0.999968	dudleya_organelle_alignment_pipeline/results/05_analysis_masks/cpdna_population_sites.bed	dudleya_organelle_alignment_pipeline/results/06_all_sample_alignment/qc/QUI1_LP_255_Du-654.depth.tsv
QUI1_LP_255_Du-654	QB3.Berkeley.251217/QB3.Results.260109	D. setchellii	QUI1	mtdna_permissive_coverage	mtDNA	sample_qc_coverage	mitochondria	1	243359	11562400	47.511701	231745	0.952276	230285	0.946277	230018	0.945180	dudleya_organelle_alignment_pipeline/results/05_analysis_masks/mtdna_permissive_coverage_regions.bed	dudleya_organelle_alignment_pipeline/results/06_all_sample_alignment/qc/QUI1_LP_255_Du-654.depth.tsv
QUI1_LP_255_Du-654	QB3.Berkeley.251217/QB3.Results.260109	D. setchellii	QUI1	mtdna_high_confidence_unique	mtDNA	variant_calling_and_population_genetics	mitochondria	2	44930	3673861	81.768551	44930	1.000000	44927	0.999933	44924	0.999866	dudleya_organelle_alignment_pipeline/results/05_analysis_masks/mtdna_high_confidence_unique_regions.bed	dudleya_organelle_alignment_pipeline/results/06_all_sample_alignment/qc/QUI1_LP_255_Du-654.depth.tsv
QUI1_LP_257_Du-656	QB3.Berkeley.251217/QB3.Results.260109	D. setchellii	QUI1	cpdna_full_coverage	cpDNA	sample_qc_coverage	chloroplast	1	150274	54769420	364.463713	150274	1.000000	150263	0.999927	150256	0.999880	dudleya_organelle_alignment_pipeline/results/05_analysis_masks/cpdna_full_coverage_regions.bed	dudleya_organelle_alignment_pipeline/results/06_all_sample_alignment/qc/QUI1_LP_257_Du-656.depth.tsv
QUI1_LP_257_Du-656	QB3.Berkeley.251217/QB3.Results.260109	D. setchellii	QUI1	cpdna_ir_regions	cpDNA	repeat_annotation	chloroplast	2	51472	19502631	378.897867	51472	1.000000	51467	0.999903	51462	0.999806	dudleya_organelle_alignment_pipeline/results/05_analysis_masks/cpdna_ir_regions.bed	dudleya_organelle_alignment_pipeline/results/06_all_sample_alignment/qc/QUI1_LP_257_Du-656.depth.tsv
QUI1_LP_257_Du-656	QB3.Berkeley.251217/QB3.Results.260109	D. setchellii	QUI1	cpdna_duplicate_ir_mask	cpDNA	mask	chloroplast	1	25736	9647665	374.870415	25736	1.000000	25733	0.999883	25728	0.999689	dudleya_organelle_alignment_pipeline/results/05_analysis_masks/cpdna_duplicate_ir_copy_mask.bed	dudleya_organelle_alignment_pipeline/results/06_all_sample_alignment/qc/QUI1_LP_257_Du-656.depth.tsv
QUI1_LP_257_Du-656	QB3.Berkeley.251217/QB3.Results.260109	D. setchellii	QUI1	cpdna_population_sites	cpDNA	variant_calling_and_population_genetics	chloroplast	1	124538	45121755	362.313149	124538	1.000000	124530	0.999936	124528	0.999920	dudleya_organelle_alignment_pipeline/results/05_analysis_masks/cpdna_population_sites.bed	dudleya_organelle_alignment_pipeline/results/06_all_sample_alignment/qc/QUI1_LP_257_Du-656.depth.tsv
QUI1_LP_257_Du-656	QB3.Berkeley.251217/QB3.Results.260109	D. setchellii	QUI1	mtdna_permissive_coverage	mtDNA	sample_qc_coverage	mitochondria	1	243359	3954786	16.250831	230503	0.947173	224017	0.920521	184990	0.760153	dudleya_organelle_alignment_pipeline/results/05_analysis_masks/mtdna_permissive_coverage_regions.bed	dudleya_organelle_alignment_pipeline/results/06_all_sample_alignment/qc/QUI1_LP_257_Du-656.depth.tsv
QUI1_LP_257_Du-656	QB3.Berkeley.251217/QB3.Results.260109	D. setchellii	QUI1	mtdna_high_confidence_unique	mtDNA	variant_calling_and_population_genetics	mitochondria	2	44930	1288974	28.688493	44928	0.999955	44924	0.999866	44155	0.982751	dudleya_organelle_alignment_pipeline/results/05_analysis_masks/mtdna_high_confidence_unique_regions.bed	dudleya_organelle_alignment_pipeline/results/06_all_sample_alignment/qc/QUI1_LP_257_Du-656.depth.tsv
QUI1_LP_258_Du-657	QB3.Berkeley.251217/QB3.Results.260109	D. setchellii	QUI1	cpdna_full_coverage	cpDNA	sample_qc_coverage	chloroplast	1	150274	296876333	1975.566851	150274	1.000000	150272	0.999987	150268	0.999960	dudleya_organelle_alignment_pipeline/results/05_analysis_masks/cpdna_full_coverage_regions.bed	dudleya_organelle_alignment_pipeline/results/06_all_sample_alignment/qc/QUI1_LP_258_Du-657.depth.tsv
QUI1_LP_258_Du-657	QB3.Berkeley.251217/QB3.Results.260109	D. setchellii	QUI1	cpdna_ir_regions	cpDNA	repeat_annotation	chloroplast	2	51472	100446196	1951.472568	51472	1.000000	51470	0.999961	51468	0.999922	dudleya_organelle_alignment_pipeline/results/05_analysis_masks/cpdna_ir_regions.bed	dudleya_organelle_alignment_pipeline/results/06_all_sample_alignment/qc/QUI1_LP_258_Du-657.depth.tsv
QUI1_LP_258_Du-657	QB3.Berkeley.251217/QB3.Results.260109	D. setchellii	QUI1	cpdna_duplicate_ir_mask	cpDNA	mask	chloroplast	1	25736	49233827	1913.033377	25736	1.000000	25735	0.999961	25733	0.999883	dudleya_organelle_alignment_pipeline/results/05_analysis_masks/cpdna_duplicate_ir_copy_mask.bed	dudleya_organelle_alignment_pipeline/results/06_all_sample_alignment/qc/QUI1_LP_258_Du-657.depth.tsv
QUI1_LP_258_Du-657	QB3.Berkeley.251217/QB3.Results.260109	D. setchellii	QUI1	cpdna_population_sites	cpDNA	variant_calling_and_population_genetics	chloroplast	1	124538	247642506	1988.489505	124538	1.000000	124537	0.999992	124535	0.999976	dudleya_organelle_alignment_pipeline/results/05_analysis_masks/cpdna_population_sites.bed	dudleya_organelle_alignment_pipeline/results/06_all_sample_alignment/qc/QUI1_LP_258_Du-657.depth.tsv
QUI1_LP_258_Du-657	QB3.Berkeley.251217/QB3.Results.260109	D. setchellii	QUI1	mtdna_permissive_coverage	mtDNA	sample_qc_coverage	mitochondria	1	243359	17031699	69.985901	232441	0.955136	230693	0.947953	230067	0.945381	dudleya_organelle_alignment_pipeline/results/05_analysis_masks/mtdna_permissive_coverage_regions.bed	dudleya_organelle_alignment_pipeline/results/06_all_sample_alignment/qc/QUI1_LP_258_Du-657.depth.tsv
QUI1_LP_258_Du-657	QB3.Berkeley.251217/QB3.Results.260109	D. setchellii	QUI1	mtdna_high_confidence_unique	mtDNA	variant_calling_and_population_genetics	mitochondria	2	44930	5448596	121.268551	44930	1.000000	44927	0.999933	44927	0.999933	dudleya_organelle_alignment_pipeline/results/05_analysis_masks/mtdna_high_confidence_unique_regions.bed	dudleya_organelle_alignment_pipeline/results/06_all_sample_alignment/qc/QUI1_LP_258_Du-657.depth.tsv
QUI2_LP_243_Du-631	QB3.Berkeley.251217/QB3.Results.260109	D. setchellii	QUI2	cpdna_full_coverage	cpDNA	sample_qc_coverage	chloroplast	1	150274	300037585	1996.603438	150274	1.000000	150272	0.999987	150271	0.999980	dudleya_organelle_alignment_pipeline/results/05_analysis_masks/cpdna_full_coverage_regions.bed	dudleya_organelle_alignment_pipeline/results/06_all_sample_alignment/qc/QUI2_LP_243_Du-631.depth.tsv
QUI2_LP_243_Du-631	QB3.Berkeley.251217/QB3.Results.260109	D. setchellii	QUI2	cpdna_ir_regions	cpDNA	repeat_annotation	chloroplast	2	51472	102640962	1994.112566	51472	1.000000	51470	0.999961	51469	0.999942	dudleya_organelle_alignment_pipeline/results/05_analysis_masks/cpdna_ir_regions.bed	dudleya_organelle_alignment_pipeline/results/06_all_sample_alignment/qc/QUI2_LP_243_Du-631.depth.tsv
QUI2_LP_243_Du-631	QB3.Berkeley.251217/QB3.Results.260109	D. setchellii	QUI2	cpdna_duplicate_ir_mask	cpDNA	mask	chloroplast	1	25736	50213162	1951.086494	25736	1.000000	25735	0.999961	25734	0.999922	dudleya_organelle_alignment_pipeline/results/05_analysis_masks/cpdna_duplicate_ir_copy_mask.bed	dudleya_organelle_alignment_pipeline/results/06_all_sample_alignment/qc/QUI2_LP_243_Du-631.depth.tsv
QUI2_LP_243_Du-631	QB3.Berkeley.251217/QB3.Results.260109	D. setchellii	QUI2	cpdna_population_sites	cpDNA	variant_calling_and_population_genetics	chloroplast	1	124538	249824423	2006.009595	124538	1.000000	124537	0.999992	124537	0.999992	dudleya_organelle_alignment_pipeline/results/05_analysis_masks/cpdna_population_sites.bed	dudleya_organelle_alignment_pipeline/results/06_all_sample_alignment/qc/QUI2_LP_243_Du-631.depth.tsv
QUI2_LP_243_Du-631	QB3.Berkeley.251217/QB3.Results.260109	D. setchellii	QUI2	mtdna_permissive_coverage	mtDNA	sample_qc_coverage	mitochondria	1	243359	26845621	110.312834	242312	0.995698	242207	0.995266	242160	0.995073	dudleya_organelle_alignment_pipeline/results/05_analysis_masks/mtdna_permissive_coverage_regions.bed	dudleya_organelle_alignment_pipeline/results/06_all_sample_alignment/qc/QUI2_LP_243_Du-631.depth.tsv
QUI2_LP_243_Du-631	QB3.Berkeley.251217/QB3.Results.260109	D. setchellii	QUI2	mtdna_high_confidence_unique	mtDNA	variant_calling_and_population_genetics	mitochondria	2	44930	7946811	176.870933	44477	0.989918	44416	0.988560	44413	0.988493	dudleya_organelle_alignment_pipeline/results/05_analysis_masks/mtdna_high_confidence_unique_regions.bed	dudleya_organelle_alignment_pipeline/results/06_all_sample_alignment/qc/QUI2_LP_243_Du-631.depth.tsv
QUI2_LP_244_Du-632	QB3.Berkeley.251217/QB3.Results.260109	D. setchellii	QUI2	cpdna_full_coverage	cpDNA	sample_qc_coverage	chloroplast	1	150274	50937713	338.965576	150273	0.999993	150269	0.999967	150263	0.999927	dudleya_organelle_alignment_pipeline/results/05_analysis_masks/cpdna_full_coverage_regions.bed	dudleya_organelle_alignment_pipeline/results/06_all_sample_alignment/qc/QUI2_LP_244_Du-632.depth.tsv
QUI2_LP_244_Du-632	QB3.Berkeley.251217/QB3.Results.260109	D. setchellii	QUI2	cpdna_ir_regions	cpDNA	repeat_annotation	chloroplast	2	51472	16561438	321.756256	51471	0.999981	51467	0.999903	51461	0.999786	dudleya_organelle_alignment_pipeline/results/05_analysis_masks/cpdna_ir_regions.bed	dudleya_organelle_alignment_pipeline/results/06_all_sample_alignment/qc/QUI2_LP_244_Du-632.depth.tsv
QUI2_LP_244_Du-632	QB3.Berkeley.251217/QB3.Results.260109	D. setchellii	QUI2	cpdna_duplicate_ir_mask	cpDNA	mask	chloroplast	1	25736	8152687	316.781435	25736	1.000000	25733	0.999883	25729	0.999728	dudleya_organelle_alignment_pipeline/results/05_analysis_masks/cpdna_duplicate_ir_copy_mask.bed	dudleya_organelle_alignment_pipeline/results/06_all_sample_alignment/qc/QUI2_LP_244_Du-632.depth.tsv
QUI2_LP_244_Du-632	QB3.Berkeley.251217/QB3.Results.260109	D. setchellii	QUI2	cpdna_population_sites	cpDNA	variant_calling_and_population_genetics	chloroplast	1	124538	42785026	343.549969	124537	0.999992	124536	0.999984	124534	0.999968	dudleya_organelle_alignment_pipeline/results/05_analysis_masks/cpdna_population_sites.bed	dudleya_organelle_alignment_pipeline/results/06_all_sample_alignment/qc/QUI2_LP_244_Du-632.depth.tsv
QUI2_LP_244_Du-632	QB3.Berkeley.251217/QB3.Results.260109	D. setchellii	QUI2	mtdna_permissive_coverage	mtDNA	sample_qc_coverage	mitochondria	1	243359	5547117	22.793967	242232	0.995369	240761	0.989324	224205	0.921293	dudleya_organelle_alignment_pipeline/results/05_analysis_masks/mtdna_permissive_coverage_regions.bed	dudleya_organelle_alignment_pipeline/results/06_all_sample_alignment/qc/QUI2_LP_244_Du-632.depth.tsv
QUI2_LP_244_Du-632	QB3.Berkeley.251217/QB3.Results.260109	D. setchellii	QUI2	mtdna_high_confidence_unique	mtDNA	variant_calling_and_population_genetics	mitochondria	2	44930	1610418	35.842822	44538	0.991275	44412	0.988471	44304	0.986067	dudleya_organelle_alignment_pipeline/results/05_analysis_masks/mtdna_high_confidence_unique_regions.bed	dudleya_organelle_alignment_pipeline/results/06_all_sample_alignment/qc/QUI2_LP_244_Du-632.depth.tsv
QUI2_LP_245_Du-633	QB3.Berkeley.251217/QB3.Results.260109	D. setchellii	QUI2	cpdna_full_coverage	cpDNA	sample_qc_coverage	chloroplast	1	150274	146228468	973.078962	150273	0.999993	150271	0.999980	150269	0.999967	dudleya_organelle_alignment_pipeline/results/05_analysis_masks/cpdna_full_coverage_regions.bed	dudleya_organelle_alignment_pipeline/results/06_all_sample_alignment/qc/QUI2_LP_245_Du-633.depth.tsv
QUI2_LP_245_Du-633	QB3.Berkeley.251217/QB3.Results.260109	D. setchellii	QUI2	cpdna_ir_regions	cpDNA	repeat_annotation	chloroplast	2	51472	47532939	923.471771	51471	0.999981	51469	0.999942	51467	0.999903	dudleya_organelle_alignment_pipeline/results/05_analysis_masks/cpdna_ir_regions.bed	dudleya_organelle_alignment_pipeline/results/06_all_sample_alignment/qc/QUI2_LP_245_Du-633.depth.tsv
QUI2_LP_245_Du-633	QB3.Berkeley.251217/QB3.Results.260109	D. setchellii	QUI2	cpdna_duplicate_ir_mask	cpDNA	mask	chloroplast	1	25736	23434090	910.556808	25736	1.000000	25734	0.999922	25733	0.999883	dudleya_organelle_alignment_pipeline/results/05_analysis_masks/cpdna_duplicate_ir_copy_mask.bed	dudleya_organelle_alignment_pipeline/results/06_all_sample_alignment/qc/QUI2_LP_245_Du-633.depth.tsv
QUI2_LP_245_Du-633	QB3.Berkeley.251217/QB3.Results.260109	D. setchellii	QUI2	cpdna_population_sites	cpDNA	variant_calling_and_population_genetics	chloroplast	1	124538	122794378	985.999277	124537	0.999992	124537	0.999992	124536	0.999984	dudleya_organelle_alignment_pipeline/results/05_analysis_masks/cpdna_population_sites.bed	dudleya_organelle_alignment_pipeline/results/06_all_sample_alignment/qc/QUI2_LP_245_Du-633.depth.tsv
QUI2_LP_245_Du-633	QB3.Berkeley.251217/QB3.Results.260109	D. setchellii	QUI2	mtdna_permissive_coverage	mtDNA	sample_qc_coverage	mitochondria	1	243359	19722619	81.043311	242420	0.996142	242297	0.995636	242201	0.995242	dudleya_organelle_alignment_pipeline/results/05_analysis_masks/mtdna_permissive_coverage_regions.bed	dudleya_organelle_alignment_pipeline/results/06_all_sample_alignment/qc/QUI2_LP_245_Du-633.depth.tsv
QUI2_LP_245_Du-633	QB3.Berkeley.251217/QB3.Results.260109	D. setchellii	QUI2	mtdna_high_confidence_unique	mtDNA	variant_calling_and_population_genetics	mitochondria	2	44930	5976730	133.023147	44605	0.992767	44511	0.990674	44456	0.989450	dudleya_organelle_alignment_pipeline/results/05_analysis_masks/mtdna_high_confidence_unique_regions.bed	dudleya_organelle_alignment_pipeline/results/06_all_sample_alignment/qc/QUI2_LP_245_Du-633.depth.tsv
QUI2_LP_246_Du-634	QB3.Berkeley.251217/QB3.Results.260109	D. setchellii	QUI2	cpdna_full_coverage	cpDNA	sample_qc_coverage	chloroplast	1	150274	99370601	661.262767	150273	0.999993	150271	0.999980	150263	0.999927	dudleya_organelle_alignment_pipeline/results/05_analysis_masks/cpdna_full_coverage_regions.bed	dudleya_organelle_alignment_pipeline/results/06_all_sample_alignment/qc/QUI2_LP_246_Du-634.depth.tsv
QUI2_LP_246_Du-634	QB3.Berkeley.251217/QB3.Results.260109	D. setchellii	QUI2	cpdna_ir_regions	cpDNA	repeat_annotation	chloroplast	2	51472	36350507	706.219051	51471	0.999981	51469	0.999942	51462	0.999806	dudleya_organelle_alignment_pipeline/results/05_analysis_masks/cpdna_ir_regions.bed	dudleya_organelle_alignment_pipeline/results/06_all_sample_alignment/qc/QUI2_LP_246_Du-634.depth.tsv
QUI2_LP_246_Du-634	QB3.Berkeley.251217/QB3.Results.260109	D. setchellii	QUI2	cpdna_duplicate_ir_mask	cpDNA	mask	chloroplast	1	25736	17688477	687.304826	25736	1.000000	25734	0.999922	25727	0.999650	dudleya_organelle_alignment_pipeline/results/05_analysis_masks/cpdna_duplicate_ir_copy_mask.bed	dudleya_organelle_alignment_pipeline/results/06_all_sample_alignment/qc/QUI2_LP_246_Du-634.depth.tsv
QUI2_LP_246_Du-634	QB3.Berkeley.251217/QB3.Results.260109	D. setchellii	QUI2	cpdna_population_sites	cpDNA	variant_calling_and_population_genetics	chloroplast	1	124538	81682124	655.881129	124537	0.999992	124537	0.999992	124536	0.999984	dudleya_organelle_alignment_pipeline/results/05_analysis_masks/cpdna_population_sites.bed	dudleya_organelle_alignment_pipeline/results/06_all_sample_alignment/qc/QUI2_LP_246_Du-634.depth.tsv
QUI2_LP_246_Du-634	QB3.Berkeley.251217/QB3.Results.260109	D. setchellii	QUI2	mtdna_permissive_coverage	mtDNA	sample_qc_coverage	mitochondria	1	243359	11103346	45.625377	242274	0.995542	242145	0.995011	242048	0.994613	dudleya_organelle_alignment_pipeline/results/05_analysis_masks/mtdna_permissive_coverage_regions.bed	dudleya_organelle_alignment_pipeline/results/06_all_sample_alignment/qc/QUI2_LP_246_Du-634.depth.tsv
QUI2_LP_246_Du-634	QB3.Berkeley.251217/QB3.Results.260109	D. setchellii	QUI2	mtdna_high_confidence_unique	mtDNA	variant_calling_and_population_genetics	mitochondria	2	44930	3354965	74.670933	44440	0.989094	44414	0.988515	44413	0.988493	dudleya_organelle_alignment_pipeline/results/05_analysis_masks/mtdna_high_confidence_unique_regions.bed	dudleya_organelle_alignment_pipeline/results/06_all_sample_alignment/qc/QUI2_LP_246_Du-634.depth.tsv
QUI2_LP_247_Du-635	QB3.Berkeley.251217/QB3.Results.260109	D. setchellii	QUI2	cpdna_full_coverage	cpDNA	sample_qc_coverage	chloroplast	1	150274	206872465	1376.635113	150274	1.000000	150271	0.999980	150269	0.999967	dudleya_organelle_alignment_pipeline/results/05_analysis_masks/cpdna_full_coverage_regions.bed	dudleya_organelle_alignment_pipeline/results/06_all_sample_alignment/qc/QUI2_LP_247_Du-635.depth.tsv
QUI2_LP_247_Du-635	QB3.Berkeley.251217/QB3.Results.260109	D. setchellii	QUI2	cpdna_ir_regions	cpDNA	repeat_annotation	chloroplast	2	51472	68730272	1335.294374	51472	1.000000	51469	0.999942	51467	0.999903	dudleya_organelle_alignment_pipeline/results/05_analysis_masks/cpdna_ir_regions.bed	dudleya_organelle_alignment_pipeline/results/06_all_sample_alignment/qc/QUI2_LP_247_Du-635.depth.tsv
QUI2_LP_247_Du-635	QB3.Berkeley.251217/QB3.Results.260109	D. setchellii	QUI2	cpdna_duplicate_ir_mask	cpDNA	mask	chloroplast	1	25736	33955064	1319.360584	25736	1.000000	25734	0.999922	25732	0.999845	dudleya_organelle_alignment_pipeline/results/05_analysis_masks/cpdna_duplicate_ir_copy_mask.bed	dudleya_organelle_alignment_pipeline/results/06_all_sample_alignment/qc/QUI2_LP_247_Du-635.depth.tsv
QUI2_LP_247_Du-635	QB3.Berkeley.251217/QB3.Results.260109	D. setchellii	QUI2	cpdna_population_sites	cpDNA	variant_calling_and_population_genetics	chloroplast	1	124538	172917401	1388.470997	124538	1.000000	124537	0.999992	124537	0.999992	dudleya_organelle_alignment_pipeline/results/05_analysis_masks/cpdna_population_sites.bed	dudleya_organelle_alignment_pipeline/results/06_all_sample_alignment/qc/QUI2_LP_247_Du-635.depth.tsv
QUI2_LP_247_Du-635	QB3.Berkeley.251217/QB3.Results.260109	D. setchellii	QUI2	mtdna_permissive_coverage	mtDNA	sample_qc_coverage	mitochondria	1	243359	29465979	121.080293	242426	0.996166	242293	0.995620	242222	0.995328	dudleya_organelle_alignment_pipeline/results/05_analysis_masks/mtdna_permissive_coverage_regions.bed	dudleya_organelle_alignment_pipeline/results/06_all_sample_alignment/qc/QUI2_LP_247_Du-635.depth.tsv
QUI2_LP_247_Du-635	QB3.Berkeley.251217/QB3.Results.260109	D. setchellii	QUI2	mtdna_high_confidence_unique	mtDNA	variant_calling_and_population_genetics	mitochondria	2	44930	8967667	199.591965	44568	0.991943	44509	0.990630	44473	0.989829	dudleya_organelle_alignment_pipeline/results/05_analysis_masks/mtdna_high_confidence_unique_regions.bed	dudleya_organelle_alignment_pipeline/results/06_all_sample_alignment/qc/QUI2_LP_247_Du-635.depth.tsv
QUI2_LP_248_Du-636	QB3.Berkeley.251217/QB3.Results.260109	D. setchellii	QUI2	cpdna_full_coverage	cpDNA	sample_qc_coverage	chloroplast	1	150274	238194022	1585.064762	150274	1.000000	150272	0.999987	150269	0.999967	dudleya_organelle_alignment_pipeline/results/05_analysis_masks/cpdna_full_coverage_regions.bed	dudleya_organelle_alignment_pipeline/results/06_all_sample_alignment/qc/QUI2_LP_248_Du-636.depth.tsv
QUI2_LP_248_Du-636	QB3.Berkeley.251217/QB3.Results.260109	D. setchellii	QUI2	cpdna_ir_regions	cpDNA	repeat_annotation	chloroplast	2	51472	79280915	1540.272673	51472	1.000000	51470	0.999961	51467	0.999903	dudleya_organelle_alignment_pipeline/results/05_analysis_masks/cpdna_ir_regions.bed	dudleya_organelle_alignment_pipeline/results/06_all_sample_alignment/qc/QUI2_LP_248_Du-636.depth.tsv
QUI2_LP_248_Du-636	QB3.Berkeley.251217/QB3.Results.260109	D. setchellii	QUI2	cpdna_duplicate_ir_mask	cpDNA	mask	chloroplast	1	25736	38909017	1511.851764	25736	1.000000	25735	0.999961	25732	0.999845	dudleya_organelle_alignment_pipeline/results/05_analysis_masks/cpdna_duplicate_ir_copy_mask.bed	dudleya_organelle_alignment_pipeline/results/06_all_sample_alignment/qc/QUI2_LP_248_Du-636.depth.tsv
QUI2_LP_248_Du-636	QB3.Berkeley.251217/QB3.Results.260109	D. setchellii	QUI2	cpdna_population_sites	cpDNA	variant_calling_and_population_genetics	chloroplast	1	124538	199285005	1600.194358	124538	1.000000	124537	0.999992	124537	0.999992	dudleya_organelle_alignment_pipeline/results/05_analysis_masks/cpdna_population_sites.bed	dudleya_organelle_alignment_pipeline/results/06_all_sample_alignment/qc/QUI2_LP_248_Du-636.depth.tsv
QUI2_LP_248_Du-636	QB3.Berkeley.251217/QB3.Results.260109	D. setchellii	QUI2	mtdna_permissive_coverage	mtDNA	sample_qc_coverage	mitochondria	1	243359	27722849	113.917500	242399	0.996055	242217	0.995307	242175	0.995135	dudleya_organelle_alignment_pipeline/results/05_analysis_masks/mtdna_permissive_coverage_regions.bed	dudleya_organelle_alignment_pipeline/results/06_all_sample_alignment/qc/QUI2_LP_248_Du-636.depth.tsv
QUI2_LP_248_Du-636	QB3.Berkeley.251217/QB3.Results.260109	D. setchellii	QUI2	mtdna_high_confidence_unique	mtDNA	variant_calling_and_population_genetics	mitochondria	2	44930	8296648	184.657200	44560	0.991765	44417	0.988582	44413	0.988493	dudleya_organelle_alignment_pipeline/results/05_analysis_masks/mtdna_high_confidence_unique_regions.bed	dudleya_organelle_alignment_pipeline/results/06_all_sample_alignment/qc/QUI2_LP_248_Du-636.depth.tsv
QUI2_LP_337_Du-638	QB3.Berkeley.251217/QB3.Results.260109	D. setchellii	QUI2	cpdna_full_coverage	cpDNA	sample_qc_coverage	chloroplast	1	150274	63563272	422.982499	150272	0.999987	150268	0.999960	150264	0.999933	dudleya_organelle_alignment_pipeline/results/05_analysis_masks/cpdna_full_coverage_regions.bed	dudleya_organelle_alignment_pipeline/results/06_all_sample_alignment/qc/QUI2_LP_337_Du-638.depth.tsv
QUI2_LP_337_Du-638	QB3.Berkeley.251217/QB3.Results.260109	D. setchellii	QUI2	cpdna_ir_regions	cpDNA	repeat_annotation	chloroplast	2	51472	21569883	419.060518	51470	0.999961	51466	0.999883	51463	0.999825	dudleya_organelle_alignment_pipeline/results/05_analysis_masks/cpdna_ir_regions.bed	dudleya_organelle_alignment_pipeline/results/06_all_sample_alignment/qc/QUI2_LP_337_Du-638.depth.tsv
QUI2_LP_337_Du-638	QB3.Berkeley.251217/QB3.Results.260109	D. setchellii	QUI2	cpdna_duplicate_ir_mask	cpDNA	mask	chloroplast	1	25736	10646533	413.682507	25735	0.999961	25732	0.999845	25729	0.999728	dudleya_organelle_alignment_pipeline/results/05_analysis_masks/cpdna_duplicate_ir_copy_mask.bed	dudleya_organelle_alignment_pipeline/results/06_all_sample_alignment/qc/QUI2_LP_337_Du-638.depth.tsv
QUI2_LP_337_Du-638	QB3.Berkeley.251217/QB3.Results.260109	D. setchellii	QUI2	cpdna_population_sites	cpDNA	variant_calling_and_population_genetics	chloroplast	1	124538	52916739	424.904359	124537	0.999992	124536	0.999984	124535	0.999976	dudleya_organelle_alignment_pipeline/results/05_analysis_masks/cpdna_population_sites.bed	dudleya_organelle_alignment_pipeline/results/06_all_sample_alignment/qc/QUI2_LP_337_Du-638.depth.tsv
QUI2_LP_337_Du-638	QB3.Berkeley.251217/QB3.Results.260109	D. setchellii	QUI2	mtdna_permissive_coverage	mtDNA	sample_qc_coverage	mitochondria	1	243359	20489803	84.195789	242388	0.996010	242194	0.995213	242146	0.995016	dudleya_organelle_alignment_pipeline/results/05_analysis_masks/mtdna_permissive_coverage_regions.bed	dudleya_organelle_alignment_pipeline/results/06_all_sample_alignment/qc/QUI2_LP_337_Du-638.depth.tsv
QUI2_LP_337_Du-638	QB3.Berkeley.251217/QB3.Results.260109	D. setchellii	QUI2	mtdna_high_confidence_unique	mtDNA	variant_calling_and_population_genetics	mitochondria	2	44930	6234447	138.759114	44557	0.991698	44413	0.988493	44413	0.988493	dudleya_organelle_alignment_pipeline/results/05_analysis_masks/mtdna_high_confidence_unique_regions.bed	dudleya_organelle_alignment_pipeline/results/06_all_sample_alignment/qc/QUI2_LP_337_Du-638.depth.tsv
QUI2_LP_338_Du-639	QB3.Berkeley.251217/QB3.Results.260109	D. setchellii	QUI2	cpdna_full_coverage	cpDNA	sample_qc_coverage	chloroplast	1	150274	54371720	361.817214	150272	0.999987	150266	0.999947	150255	0.999874	dudleya_organelle_alignment_pipeline/results/05_analysis_masks/cpdna_full_coverage_regions.bed	dudleya_organelle_alignment_pipeline/results/06_all_sample_alignment/qc/QUI2_LP_338_Du-639.depth.tsv
QUI2_LP_338_Du-639	QB3.Berkeley.251217/QB3.Results.260109	D. setchellii	QUI2	cpdna_ir_regions	cpDNA	repeat_annotation	chloroplast	2	51472	19796130	384.599977	51470	0.999961	51466	0.999883	51459	0.999747	dudleya_organelle_alignment_pipeline/results/05_analysis_masks/cpdna_ir_regions.bed	dudleya_organelle_alignment_pipeline/results/06_all_sample_alignment/qc/QUI2_LP_338_Du-639.depth.tsv
QUI2_LP_338_Du-639	QB3.Berkeley.251217/QB3.Results.260109	D. setchellii	QUI2	cpdna_duplicate_ir_mask	cpDNA	mask	chloroplast	1	25736	9710778	377.322739	25734	0.999922	25731	0.999806	25725	0.999573	dudleya_organelle_alignment_pipeline/results/05_analysis_masks/cpdna_duplicate_ir_copy_mask.bed	dudleya_organelle_alignment_pipeline/results/06_all_sample_alignment/qc/QUI2_LP_338_Du-639.depth.tsv
QUI2_LP_338_Du-639	QB3.Berkeley.251217/QB3.Results.260109	D. setchellii	QUI2	cpdna_population_sites	cpDNA	variant_calling_and_population_genetics	chloroplast	1	124538	44660942	358.612970	124538	1.000000	124535	0.999976	124530	0.999936	dudleya_organelle_alignment_pipeline/results/05_analysis_masks/cpdna_population_sites.bed	dudleya_organelle_alignment_pipeline/results/06_all_sample_alignment/qc/QUI2_LP_338_Du-639.depth.tsv
QUI2_LP_338_Du-639	QB3.Berkeley.251217/QB3.Results.260109	D. setchellii	QUI2	mtdna_permissive_coverage	mtDNA	sample_qc_coverage	mitochondria	1	243359	4008646	16.472150	242032	0.994547	234960	0.965487	188897	0.776207	dudleya_organelle_alignment_pipeline/results/05_analysis_masks/mtdna_permissive_coverage_regions.bed	dudleya_organelle_alignment_pipeline/results/06_all_sample_alignment/qc/QUI2_LP_338_Du-639.depth.tsv
QUI2_LP_338_Du-639	QB3.Berkeley.251217/QB3.Results.260109	D. setchellii	QUI2	mtdna_high_confidence_unique	mtDNA	variant_calling_and_population_genetics	mitochondria	2	44930	1240565	27.611062	44487	0.990140	44389	0.987959	43865	0.976296	dudleya_organelle_alignment_pipeline/results/05_analysis_masks/mtdna_high_confidence_unique_regions.bed	dudleya_organelle_alignment_pipeline/results/06_all_sample_alignment/qc/QUI2_LP_338_Du-639.depth.tsv
QUI2_LP_339_Du-640	QB3.Berkeley.251217/QB3.Results.260109	D. setchellii	QUI2	cpdna_full_coverage	cpDNA	sample_qc_coverage	chloroplast	1	150274	112973022	751.780228	150274	1.000000	150271	0.999980	150263	0.999927	dudleya_organelle_alignment_pipeline/results/05_analysis_masks/cpdna_full_coverage_regions.bed	dudleya_organelle_alignment_pipeline/results/06_all_sample_alignment/qc/QUI2_LP_339_Du-640.depth.tsv
QUI2_LP_339_Du-640	QB3.Berkeley.251217/QB3.Results.260109	D. setchellii	QUI2	cpdna_ir_regions	cpDNA	repeat_annotation	chloroplast	2	51472	40804626	792.753847	51472	1.000000	51469	0.999942	51462	0.999806	dudleya_organelle_alignment_pipeline/results/05_analysis_masks/cpdna_ir_regions.bed	dudleya_organelle_alignment_pipeline/results/06_all_sample_alignment/qc/QUI2_LP_339_Du-640.depth.tsv
QUI2_LP_339_Du-640	QB3.Berkeley.251217/QB3.Results.260109	D. setchellii	QUI2	cpdna_duplicate_ir_mask	cpDNA	mask	chloroplast	1	25736	19876881	772.337620	25736	1.000000	25734	0.999922	25728	0.999689	dudleya_organelle_alignment_pipeline/results/05_analysis_masks/cpdna_duplicate_ir_copy_mask.bed	dudleya_organelle_alignment_pipeline/results/06_all_sample_alignment/qc/QUI2_LP_339_Du-640.depth.tsv
QUI2_LP_339_Du-640	QB3.Berkeley.251217/QB3.Results.260109	D. setchellii	QUI2	cpdna_population_sites	cpDNA	variant_calling_and_population_genetics	chloroplast	1	124538	93096141	747.532006	124538	1.000000	124537	0.999992	124535	0.999976	dudleya_organelle_alignment_pipeline/results/05_analysis_masks/cpdna_population_sites.bed	dudleya_organelle_alignment_pipeline/results/06_all_sample_alignment/qc/QUI2_LP_339_Du-640.depth.tsv
QUI2_LP_339_Du-640	QB3.Berkeley.251217/QB3.Results.260109	D. setchellii	QUI2	mtdna_permissive_coverage	mtDNA	sample_qc_coverage	mitochondria	1	243359	17172534	70.564614	242277	0.995554	242191	0.995201	242093	0.994798	dudleya_organelle_alignment_pipeline/results/05_analysis_masks/mtdna_permissive_coverage_regions.bed	dudleya_organelle_alignment_pipeline/results/06_all_sample_alignment/qc/QUI2_LP_339_Du-640.depth.tsv
QUI2_LP_339_Du-640	QB3.Berkeley.251217/QB3.Results.260109	D. setchellii	QUI2	mtdna_high_confidence_unique	mtDNA	variant_calling_and_population_genetics	mitochondria	2	44930	5230101	116.405542	44448	0.989272	44421	0.988671	44412	0.988471	dudleya_organelle_alignment_pipeline/results/05_analysis_masks/mtdna_high_confidence_unique_regions.bed	dudleya_organelle_alignment_pipeline/results/06_all_sample_alignment/qc/QUI2_LP_339_Du-640.depth.tsv
QUI2_LP_340_Du-641	QB3.Berkeley.251217/QB3.Results.260109	D. setchellii	QUI2	cpdna_full_coverage	cpDNA	sample_qc_coverage	chloroplast	1	150274	86824034	577.771497	150274	1.000000	150270	0.999973	150260	0.999907	dudleya_organelle_alignment_pipeline/results/05_analysis_masks/cpdna_full_coverage_regions.bed	dudleya_organelle_alignment_pipeline/results/06_all_sample_alignment/qc/QUI2_LP_340_Du-641.depth.tsv
QUI2_LP_340_Du-641	QB3.Berkeley.251217/QB3.Results.260109	D. setchellii	QUI2	cpdna_ir_regions	cpDNA	repeat_annotation	chloroplast	2	51472	36031176	700.015076	51472	1.000000	51469	0.999942	51461	0.999786	dudleya_organelle_alignment_pipeline/results/05_analysis_masks/cpdna_ir_regions.bed	dudleya_organelle_alignment_pipeline/results/06_all_sample_alignment/qc/QUI2_LP_340_Du-641.depth.tsv
QUI2_LP_340_Du-641	QB3.Berkeley.251217/QB3.Results.260109	D. setchellii	QUI2	cpdna_duplicate_ir_mask	cpDNA	mask	chloroplast	1	25736	17502543	680.080160	25736	1.000000	25734	0.999922	25726	0.999611	dudleya_organelle_alignment_pipeline/results/05_analysis_masks/cpdna_duplicate_ir_copy_mask.bed	dudleya_organelle_alignment_pipeline/results/06_all_sample_alignment/qc/QUI2_LP_340_Du-641.depth.tsv
QUI2_LP_340_Du-641	QB3.Berkeley.251217/QB3.Results.260109	D. setchellii	QUI2	cpdna_population_sites	cpDNA	variant_calling_and_population_genetics	chloroplast	1	124538	69321491	556.629230	124538	1.000000	124536	0.999984	124534	0.999968	dudleya_organelle_alignment_pipeline/results/05_analysis_masks/cpdna_population_sites.bed	dudleya_organelle_alignment_pipeline/results/06_all_sample_alignment/qc/QUI2_LP_340_Du-641.depth.tsv
QUI2_LP_340_Du-641	QB3.Berkeley.251217/QB3.Results.260109	D. setchellii	QUI2	mtdna_permissive_coverage	mtDNA	sample_qc_coverage	mitochondria	1	243359	29250534	120.194996	242414	0.996117	242209	0.995274	242167	0.995102	dudleya_organelle_alignment_pipeline/results/05_analysis_masks/mtdna_permissive_coverage_regions.bed	dudleya_organelle_alignment_pipeline/results/06_all_sample_alignment/qc/QUI2_LP_340_Du-641.depth.tsv
QUI2_LP_340_Du-641	QB3.Berkeley.251217/QB3.Results.260109	D. setchellii	QUI2	mtdna_high_confidence_unique	mtDNA	variant_calling_and_population_genetics	mitochondria	2	44930	8928764	198.726107	44580	0.992210	44433	0.988938	44433	0.988938	dudleya_organelle_alignment_pipeline/results/05_analysis_masks/mtdna_high_confidence_unique_regions.bed	dudleya_organelle_alignment_pipeline/results/06_all_sample_alignment/qc/QUI2_LP_340_Du-641.depth.tsv
QUIN_LP_069_Du-155	QB3.Berkeley.251217/QB3.Results.260109	D. setchellii	QUIN	cpdna_full_coverage	cpDNA	sample_qc_coverage	chloroplast	1	150274	43646965	290.449213	150273	0.999993	150265	0.999940	150229	0.999701	dudleya_organelle_alignment_pipeline/results/05_analysis_masks/cpdna_full_coverage_regions.bed	dudleya_organelle_alignment_pipeline/results/06_all_sample_alignment/qc/QUIN_LP_069_Du-155.depth.tsv
QUIN_LP_069_Du-155	QB3.Berkeley.251217/QB3.Results.260109	D. setchellii	QUIN	cpdna_ir_regions	cpDNA	repeat_annotation	chloroplast	2	51472	15287763	297.011249	51471	0.999981	51463	0.999825	51435	0.999281	dudleya_organelle_alignment_pipeline/results/05_analysis_masks/cpdna_ir_regions.bed	dudleya_organelle_alignment_pipeline/results/06_all_sample_alignment/qc/QUIN_LP_069_Du-155.depth.tsv
QUIN_LP_069_Du-155	QB3.Berkeley.251217/QB3.Results.260109	D. setchellii	QUIN	cpdna_duplicate_ir_mask	cpDNA	mask	chloroplast	1	25736	7501715	291.487216	25736	1.000000	25731	0.999806	25711	0.999029	dudleya_organelle_alignment_pipeline/results/05_analysis_masks/cpdna_duplicate_ir_copy_mask.bed	dudleya_organelle_alignment_pipeline/results/06_all_sample_alignment/qc/QUIN_LP_069_Du-155.depth.tsv
QUIN_LP_069_Du-155	QB3.Berkeley.251217/QB3.Results.260109	D. setchellii	QUIN	cpdna_population_sites	cpDNA	variant_calling_and_population_genetics	chloroplast	1	124538	36145250	290.234707	124537	0.999992	124534	0.999968	124518	0.999839	dudleya_organelle_alignment_pipeline/results/05_analysis_masks/cpdna_population_sites.bed	dudleya_organelle_alignment_pipeline/results/06_all_sample_alignment/qc/QUIN_LP_069_Du-155.depth.tsv
QUIN_LP_069_Du-155	QB3.Berkeley.251217/QB3.Results.260109	D. setchellii	QUIN	mtdna_permissive_coverage	mtDNA	sample_qc_coverage	mitochondria	1	243359	5833577	23.971076	242250	0.995443	241912	0.994054	234245	0.962549	dudleya_organelle_alignment_pipeline/results/05_analysis_masks/mtdna_permissive_coverage_regions.bed	dudleya_organelle_alignment_pipeline/results/06_all_sample_alignment/qc/QUIN_LP_069_Du-155.depth.tsv
QUIN_LP_069_Du-155	QB3.Berkeley.251217/QB3.Results.260109	D. setchellii	QUIN	mtdna_high_confidence_unique	mtDNA	variant_calling_and_population_genetics	mitochondria	2	44930	1774394	39.492410	44434	0.988961	44410	0.988426	44347	0.987024	dudleya_organelle_alignment_pipeline/results/05_analysis_masks/mtdna_high_confidence_unique_regions.bed	dudleya_organelle_alignment_pipeline/results/06_all_sample_alignment/qc/QUIN_LP_069_Du-155.depth.tsv
QUIN_LP_070_Du-156	QB3.Berkeley.251217/QB3.Results.260109	D. setchellii	QUIN	cpdna_full_coverage	cpDNA	sample_qc_coverage	chloroplast	1	150274	80714997	537.118843	150274	1.000000	150271	0.999980	150269	0.999967	dudleya_organelle_alignment_pipeline/results/05_analysis_masks/cpdna_full_coverage_regions.bed	dudleya_organelle_alignment_pipeline/results/06_all_sample_alignment/qc/QUIN_LP_070_Du-156.depth.tsv
QUIN_LP_070_Du-156	QB3.Berkeley.251217/QB3.Results.260109	D. setchellii	QUIN	cpdna_ir_regions	cpDNA	repeat_annotation	chloroplast	2	51472	28163837	547.168111	51472	1.000000	51469	0.999942	51467	0.999903	dudleya_organelle_alignment_pipeline/results/05_analysis_masks/cpdna_ir_regions.bed	dudleya_organelle_alignment_pipeline/results/06_all_sample_alignment/qc/QUIN_LP_070_Du-156.depth.tsv
QUIN_LP_070_Du-156	QB3.Berkeley.251217/QB3.Results.260109	D. setchellii	QUIN	cpdna_duplicate_ir_mask	cpDNA	mask	chloroplast	1	25736	13934387	541.435615	25736	1.000000	25735	0.999961	25733	0.999883	dudleya_organelle_alignment_pipeline/results/05_analysis_masks/cpdna_duplicate_ir_copy_mask.bed	dudleya_organelle_alignment_pipeline/results/06_all_sample_alignment/qc/QUIN_LP_070_Du-156.depth.tsv
QUIN_LP_070_Du-156	QB3.Berkeley.251217/QB3.Results.260109	D. setchellii	QUIN	cpdna_population_sites	cpDNA	variant_calling_and_population_genetics	chloroplast	1	124538	66780610	536.226774	124538	1.000000	124536	0.999984	124536	0.999984	dudleya_organelle_alignment_pipeline/results/05_analysis_masks/cpdna_population_sites.bed	dudleya_organelle_alignment_pipeline/results/06_all_sample_alignment/qc/QUIN_LP_070_Du-156.depth.tsv
QUIN_LP_070_Du-156	QB3.Berkeley.251217/QB3.Results.260109	D. setchellii	QUIN	mtdna_permissive_coverage	mtDNA	sample_qc_coverage	mitochondria	1	243359	10740179	44.133067	242407	0.996088	242166	0.995098	242085	0.994765	dudleya_organelle_alignment_pipeline/results/05_analysis_masks/mtdna_permissive_coverage_regions.bed	dudleya_organelle_alignment_pipeline/results/06_all_sample_alignment/qc/QUIN_LP_070_Du-156.depth.tsv
QUIN_LP_070_Du-156	QB3.Berkeley.251217/QB3.Results.260109	D. setchellii	QUIN	mtdna_high_confidence_unique	mtDNA	variant_calling_and_population_genetics	mitochondria	2	44930	3300185	73.451703	44492	0.990252	44417	0.988582	44413	0.988493	dudleya_organelle_alignment_pipeline/results/05_analysis_masks/mtdna_high_confidence_unique_regions.bed	dudleya_organelle_alignment_pipeline/results/06_all_sample_alignment/qc/QUIN_LP_070_Du-156.depth.tsv
QUIN_LP_071_Du-157	QB3.Berkeley.251217/QB3.Results.260109	D. setchellii	QUIN	cpdna_full_coverage	cpDNA	sample_qc_coverage	chloroplast	1	150274	95315546	634.278358	150274	1.000000	150272	0.999987	150262	0.999920	dudleya_organelle_alignment_pipeline/results/05_analysis_masks/cpdna_full_coverage_regions.bed	dudleya_organelle_alignment_pipeline/results/06_all_sample_alignment/qc/QUIN_LP_071_Du-157.depth.tsv
QUIN_LP_071_Du-157	QB3.Berkeley.251217/QB3.Results.260109	D. setchellii	QUIN	cpdna_ir_regions	cpDNA	repeat_annotation	chloroplast	2	51472	33486954	650.585833	51472	1.000000	51470	0.999961	51462	0.999806	dudleya_organelle_alignment_pipeline/results/05_analysis_masks/cpdna_ir_regions.bed	dudleya_organelle_alignment_pipeline/results/06_all_sample_alignment/qc/QUIN_LP_071_Du-157.depth.tsv
QUIN_LP_071_Du-157	QB3.Berkeley.251217/QB3.Results.260109	D. setchellii	QUIN	cpdna_duplicate_ir_mask	cpDNA	mask	chloroplast	1	25736	16486213	640.589563	25736	1.000000	25735	0.999961	25728	0.999689	dudleya_organelle_alignment_pipeline/results/05_analysis_masks/cpdna_duplicate_ir_copy_mask.bed	dudleya_organelle_alignment_pipeline/results/06_all_sample_alignment/qc/QUIN_LP_071_Du-157.depth.tsv
QUIN_LP_071_Du-157	QB3.Berkeley.251217/QB3.Results.260109	D. setchellii	QUIN	cpdna_population_sites	cpDNA	variant_calling_and_population_genetics	chloroplast	1	124538	78829333	632.974136	124538	1.000000	124537	0.999992	124534	0.999968	dudleya_organelle_alignment_pipeline/results/05_analysis_masks/cpdna_population_sites.bed	dudleya_organelle_alignment_pipeline/results/06_all_sample_alignment/qc/QUIN_LP_071_Du-157.depth.tsv
QUIN_LP_071_Du-157	QB3.Berkeley.251217/QB3.Results.260109	D. setchellii	QUIN	mtdna_permissive_coverage	mtDNA	sample_qc_coverage	mitochondria	1	243359	8139198	33.445231	242353	0.995866	242115	0.994888	241293	0.991510	dudleya_organelle_alignment_pipeline/results/05_analysis_masks/mtdna_permissive_coverage_regions.bed	dudleya_organelle_alignment_pipeline/results/06_all_sample_alignment/qc/QUIN_LP_071_Du-157.depth.tsv
QUIN_LP_071_Du-157	QB3.Berkeley.251217/QB3.Results.260109	D. setchellii	QUIN	mtdna_high_confidence_unique	mtDNA	variant_calling_and_population_genetics	mitochondria	2	44930	2461220	54.778990	44537	0.991253	44413	0.988493	44413	0.988493	dudleya_organelle_alignment_pipeline/results/05_analysis_masks/mtdna_high_confidence_unique_regions.bed	dudleya_organelle_alignment_pipeline/results/06_all_sample_alignment/qc/QUIN_LP_071_Du-157.depth.tsv
QUIN_LP_072_Du-158	QB3.Berkeley.251217/QB3.Results.260109	D. setchellii	QUIN	cpdna_full_coverage	cpDNA	sample_qc_coverage	chloroplast	1	150274	102779962	683.950397	150273	0.999993	150270	0.999973	150268	0.999960	dudleya_organelle_alignment_pipeline/results/05_analysis_masks/cpdna_full_coverage_regions.bed	dudleya_organelle_alignment_pipeline/results/06_all_sample_alignment/qc/QUIN_LP_072_Du-158.depth.tsv
QUIN_LP_072_Du-158	QB3.Berkeley.251217/QB3.Results.260109	D. setchellii	QUIN	cpdna_ir_regions	cpDNA	repeat_annotation	chloroplast	2	51472	36520448	709.520671	51471	0.999981	51468	0.999922	51466	0.999883	dudleya_organelle_alignment_pipeline/results/05_analysis_masks/cpdna_ir_regions.bed	dudleya_organelle_alignment_pipeline/results/06_all_sample_alignment/qc/QUIN_LP_072_Du-158.depth.tsv
QUIN_LP_072_Du-158	QB3.Berkeley.251217/QB3.Results.260109	D. setchellii	QUIN	cpdna_duplicate_ir_mask	cpDNA	mask	chloroplast	1	25736	17983149	698.754624	25736	1.000000	25733	0.999883	25732	0.999845	dudleya_organelle_alignment_pipeline/results/05_analysis_masks/cpdna_duplicate_ir_copy_mask.bed	dudleya_organelle_alignment_pipeline/results/06_all_sample_alignment/qc/QUIN_LP_072_Du-158.depth.tsv
QUIN_LP_072_Du-158	QB3.Berkeley.251217/QB3.Results.260109	D. setchellii	QUIN	cpdna_population_sites	cpDNA	variant_calling_and_population_genetics	chloroplast	1	124538	84796813	680.891077	124537	0.999992	124537	0.999992	124536	0.999984	dudleya_organelle_alignment_pipeline/results/05_analysis_masks/cpdna_population_sites.bed	dudleya_organelle_alignment_pipeline/results/06_all_sample_alignment/qc/QUIN_LP_072_Du-158.depth.tsv
QUIN_LP_072_Du-158	QB3.Berkeley.251217/QB3.Results.260109	D. setchellii	QUIN	mtdna_permissive_coverage	mtDNA	sample_qc_coverage	mitochondria	1	243359	8877677	36.479756	242378	0.995969	242239	0.995398	241668	0.993051	dudleya_organelle_alignment_pipeline/results/05_analysis_masks/mtdna_permissive_coverage_regions.bed	dudleya_organelle_alignment_pipeline/results/06_all_sample_alignment/qc/QUIN_LP_072_Du-158.depth.tsv
QUIN_LP_072_Du-158	QB3.Berkeley.251217/QB3.Results.260109	D. setchellii	QUIN	mtdna_high_confidence_unique	mtDNA	variant_calling_and_population_genetics	mitochondria	2	44930	2712463	60.370866	44545	0.991431	44465	0.989651	44412	0.988471	dudleya_organelle_alignment_pipeline/results/05_analysis_masks/mtdna_high_confidence_unique_regions.bed	dudleya_organelle_alignment_pipeline/results/06_all_sample_alignment/qc/QUIN_LP_072_Du-158.depth.tsv
QUIN_LP_073_Du-159	QB3.Berkeley.251217/QB3.Results.260109	D. setchellii	QUIN	cpdna_full_coverage	cpDNA	sample_qc_coverage	chloroplast	1	150274	145704101	969.589556	150274	1.000000	150270	0.999973	150269	0.999967	dudleya_organelle_alignment_pipeline/results/05_analysis_masks/cpdna_full_coverage_regions.bed	dudleya_organelle_alignment_pipeline/results/06_all_sample_alignment/qc/QUIN_LP_073_Du-159.depth.tsv
QUIN_LP_073_Du-159	QB3.Berkeley.251217/QB3.Results.260109	D. setchellii	QUIN	cpdna_ir_regions	cpDNA	repeat_annotation	chloroplast	2	51472	49718030	965.923803	51472	1.000000	51468	0.999922	51467	0.999903	dudleya_organelle_alignment_pipeline/results/05_analysis_masks/cpdna_ir_regions.bed	dudleya_organelle_alignment_pipeline/results/06_all_sample_alignment/qc/QUIN_LP_073_Du-159.depth.tsv
QUIN_LP_073_Du-159	QB3.Berkeley.251217/QB3.Results.260109	D. setchellii	QUIN	cpdna_duplicate_ir_mask	cpDNA	mask	chloroplast	1	25736	24494693	951.767680	25736	1.000000	25733	0.999883	25732	0.999845	dudleya_organelle_alignment_pipeline/results/05_analysis_masks/cpdna_duplicate_ir_copy_mask.bed	dudleya_organelle_alignment_pipeline/results/06_all_sample_alignment/qc/QUIN_LP_073_Du-159.depth.tsv
QUIN_LP_073_Du-159	QB3.Berkeley.251217/QB3.Results.260109	D. setchellii	QUIN	cpdna_population_sites	cpDNA	variant_calling_and_population_genetics	chloroplast	1	124538	121209408	973.272479	124538	1.000000	124537	0.999992	124537	0.999992	dudleya_organelle_alignment_pipeline/results/05_analysis_masks/cpdna_population_sites.bed	dudleya_organelle_alignment_pipeline/results/06_all_sample_alignment/qc/QUIN_LP_073_Du-159.depth.tsv
QUIN_LP_073_Du-159	QB3.Berkeley.251217/QB3.Results.260109	D. setchellii	QUIN	mtdna_permissive_coverage	mtDNA	sample_qc_coverage	mitochondria	1	243359	25478541	104.695290	242404	0.996076	242302	0.995657	242232	0.995369	dudleya_organelle_alignment_pipeline/results/05_analysis_masks/mtdna_permissive_coverage_regions.bed	dudleya_organelle_alignment_pipeline/results/06_all_sample_alignment/qc/QUIN_LP_073_Du-159.depth.tsv
QUIN_LP_073_Du-159	QB3.Berkeley.251217/QB3.Results.260109	D. setchellii	QUIN	mtdna_high_confidence_unique	mtDNA	variant_calling_and_population_genetics	mitochondria	2	44930	7733352	172.120009	44568	0.991943	44515	0.990763	44475	0.989873	dudleya_organelle_alignment_pipeline/results/05_analysis_masks/mtdna_high_confidence_unique_regions.bed	dudleya_organelle_alignment_pipeline/results/06_all_sample_alignment/qc/QUIN_LP_073_Du-159.depth.tsv
QUIN_LP_074_Du-160	QB3.Berkeley.251217/QB3.Results.260109	D. setchellii	QUIN	cpdna_full_coverage	cpDNA	sample_qc_coverage	chloroplast	1	150274	78503493	522.402365	150274	1.000000	150271	0.999980	150259	0.999900	dudleya_organelle_alignment_pipeline/results/05_analysis_masks/cpdna_full_coverage_regions.bed	dudleya_organelle_alignment_pipeline/results/06_all_sample_alignment/qc/QUIN_LP_074_Du-160.depth.tsv
QUIN_LP_074_Du-160	QB3.Berkeley.251217/QB3.Results.260109	D. setchellii	QUIN	cpdna_ir_regions	cpDNA	repeat_annotation	chloroplast	2	51472	26854048	521.721480	51472	1.000000	51469	0.999942	51459	0.999747	dudleya_organelle_alignment_pipeline/results/05_analysis_masks/cpdna_ir_regions.bed	dudleya_organelle_alignment_pipeline/results/06_all_sample_alignment/qc/QUIN_LP_074_Du-160.depth.tsv
QUIN_LP_074_Du-160	QB3.Berkeley.251217/QB3.Results.260109	D. setchellii	QUIN	cpdna_duplicate_ir_mask	cpDNA	mask	chloroplast	1	25736	13216090	513.525412	25736	1.000000	25734	0.999922	25725	0.999573	dudleya_organelle_alignment_pipeline/results/05_analysis_masks/cpdna_duplicate_ir_copy_mask.bed	dudleya_organelle_alignment_pipeline/results/06_all_sample_alignment/qc/QUIN_LP_074_Du-160.depth.tsv
QUIN_LP_074_Du-160	QB3.Berkeley.251217/QB3.Results.260109	D. setchellii	QUIN	cpdna_population_sites	cpDNA	variant_calling_and_population_genetics	chloroplast	1	124538	65287403	524.236803	124538	1.000000	124537	0.999992	124534	0.999968	dudleya_organelle_alignment_pipeline/results/05_analysis_masks/cpdna_population_sites.bed	dudleya_organelle_alignment_pipeline/results/06_all_sample_alignment/qc/QUIN_LP_074_Du-160.depth.tsv
QUIN_LP_074_Du-160	QB3.Berkeley.251217/QB3.Results.260109	D. setchellii	QUIN	mtdna_permissive_coverage	mtDNA	sample_qc_coverage	mitochondria	1	243359	7396075	30.391623	242240	0.995402	242030	0.994539	240645	0.988848	dudleya_organelle_alignment_pipeline/results/05_analysis_masks/mtdna_permissive_coverage_regions.bed	dudleya_organelle_alignment_pipeline/results/06_all_sample_alignment/qc/QUIN_LP_074_Du-160.depth.tsv
QUIN_LP_074_Du-160	QB3.Berkeley.251217/QB3.Results.260109	D. setchellii	QUIN	mtdna_high_confidence_unique	mtDNA	variant_calling_and_population_genetics	mitochondria	2	44930	2226495	49.554752	44468	0.989717	44414	0.988515	44413	0.988493	dudleya_organelle_alignment_pipeline/results/05_analysis_masks/mtdna_high_confidence_unique_regions.bed	dudleya_organelle_alignment_pipeline/results/06_all_sample_alignment/qc/QUIN_LP_074_Du-160.depth.tsv
QUIN_LP_075_Du-161	QB3.Berkeley.251217/QB3.Results.260109	D. setchellii	QUIN	cpdna_full_coverage	cpDNA	sample_qc_coverage	chloroplast	1	150274	673083854	4479.043973	150274	1.000000	150274	1.000000	150274	1.000000	dudleya_organelle_alignment_pipeline/results/05_analysis_masks/cpdna_full_coverage_regions.bed	dudleya_organelle_alignment_pipeline/results/06_all_sample_alignment/qc/QUIN_LP_075_Du-161.depth.tsv
QUIN_LP_075_Du-161	QB3.Berkeley.251217/QB3.Results.260109	D. setchellii	QUIN	cpdna_ir_regions	cpDNA	repeat_annotation	chloroplast	2	51472	241882521	4699.302941	51472	1.000000	51472	1.000000	51472	1.000000	dudleya_organelle_alignment_pipeline/results/05_analysis_masks/cpdna_ir_regions.bed	dudleya_organelle_alignment_pipeline/results/06_all_sample_alignment/qc/QUIN_LP_075_Du-161.depth.tsv
QUIN_LP_075_Du-161	QB3.Berkeley.251217/QB3.Results.260109	D. setchellii	QUIN	cpdna_duplicate_ir_mask	cpDNA	mask	chloroplast	1	25736	117526894	4566.634053	25736	1.000000	25736	1.000000	25736	1.000000	dudleya_organelle_alignment_pipeline/results/05_analysis_masks/cpdna_duplicate_ir_copy_mask.bed	dudleya_organelle_alignment_pipeline/results/06_all_sample_alignment/qc/QUIN_LP_075_Du-161.depth.tsv
QUIN_LP_075_Du-161	QB3.Berkeley.251217/QB3.Results.260109	D. setchellii	QUIN	cpdna_population_sites	cpDNA	variant_calling_and_population_genetics	chloroplast	1	124538	555556960	4460.943327	124538	1.000000	124538	1.000000	124538	1.000000	dudleya_organelle_alignment_pipeline/results/05_analysis_masks/cpdna_population_sites.bed	dudleya_organelle_alignment_pipeline/results/06_all_sample_alignment/qc/QUIN_LP_075_Du-161.depth.tsv
QUIN_LP_075_Du-161	QB3.Berkeley.251217/QB3.Results.260109	D. setchellii	QUIN	mtdna_permissive_coverage	mtDNA	sample_qc_coverage	mitochondria	1	243359	53001164	217.790030	242297	0.995636	242222	0.995328	242210	0.995279	dudleya_organelle_alignment_pipeline/results/05_analysis_masks/mtdna_permissive_coverage_regions.bed	dudleya_organelle_alignment_pipeline/results/06_all_sample_alignment/qc/QUIN_LP_075_Du-161.depth.tsv
QUIN_LP_075_Du-161	QB3.Berkeley.251217/QB3.Results.260109	D. setchellii	QUIN	mtdna_high_confidence_unique	mtDNA	variant_calling_and_population_genetics	mitochondria	2	44930	15837235	352.486868	44474	0.989851	44417	0.988582	44415	0.988538	dudleya_organelle_alignment_pipeline/results/05_analysis_masks/mtdna_high_confidence_unique_regions.bed	dudleya_organelle_alignment_pipeline/results/06_all_sample_alignment/qc/QUIN_LP_075_Du-161.depth.tsv
QUIN_LP_076_Du-162	QB3.Berkeley.251217/QB3.Results.260109	D. setchellii	QUIN	cpdna_full_coverage	cpDNA	sample_qc_coverage	chloroplast	1	150274	391021877	2602.059418	150274	1.000000	150274	1.000000	150273	0.999993	dudleya_organelle_alignment_pipeline/results/05_analysis_masks/cpdna_full_coverage_regions.bed	dudleya_organelle_alignment_pipeline/results/06_all_sample_alignment/qc/QUIN_LP_076_Du-162.depth.tsv
QUIN_LP_076_Du-162	QB3.Berkeley.251217/QB3.Results.260109	D. setchellii	QUIN	cpdna_ir_regions	cpDNA	repeat_annotation	chloroplast	2	51472	138747812	2695.597840	51472	1.000000	51472	1.000000	51471	0.999981	dudleya_organelle_alignment_pipeline/results/05_analysis_masks/cpdna_ir_regions.bed	dudleya_organelle_alignment_pipeline/results/06_all_sample_alignment/qc/QUIN_LP_076_Du-162.depth.tsv
QUIN_LP_076_Du-162	QB3.Berkeley.251217/QB3.Results.260109	D. setchellii	QUIN	cpdna_duplicate_ir_mask	cpDNA	mask	chloroplast	1	25736	67728478	2631.662962	25736	1.000000	25736	1.000000	25736	1.000000	dudleya_organelle_alignment_pipeline/results/05_analysis_masks/cpdna_duplicate_ir_copy_mask.bed	dudleya_organelle_alignment_pipeline/results/06_all_sample_alignment/qc/QUIN_LP_076_Du-162.depth.tsv
QUIN_LP_076_Du-162	QB3.Berkeley.251217/QB3.Results.260109	D. setchellii	QUIN	cpdna_population_sites	cpDNA	variant_calling_and_population_genetics	chloroplast	1	124538	323293399	2595.941793	124538	1.000000	124538	1.000000	124537	0.999992	dudleya_organelle_alignment_pipeline/results/05_analysis_masks/cpdna_population_sites.bed	dudleya_organelle_alignment_pipeline/results/06_all_sample_alignment/qc/QUIN_LP_076_Du-162.depth.tsv
QUIN_LP_076_Du-162	QB3.Berkeley.251217/QB3.Results.260109	D. setchellii	QUIN	mtdna_permissive_coverage	mtDNA	sample_qc_coverage	mitochondria	1	243359	28279070	116.203099	242305	0.995669	242211	0.995283	242171	0.995118	dudleya_organelle_alignment_pipeline/results/05_analysis_masks/mtdna_permissive_coverage_regions.bed	dudleya_organelle_alignment_pipeline/results/06_all_sample_alignment/qc/QUIN_LP_076_Du-162.depth.tsv
QUIN_LP_076_Du-162	QB3.Berkeley.251217/QB3.Results.260109	D. setchellii	QUIN	mtdna_high_confidence_unique	mtDNA	variant_calling_and_population_genetics	mitochondria	2	44930	8466778	188.443757	44473	0.989829	44417	0.988582	44414	0.988515	dudleya_organelle_alignment_pipeline/results/05_analysis_masks/mtdna_high_confidence_unique_regions.bed	dudleya_organelle_alignment_pipeline/results/06_all_sample_alignment/qc/QUIN_LP_076_Du-162.depth.tsv
QUIN_LP_077_Du-163	QB3.Berkeley.251217/QB3.Results.260109	D. setchellii	QUIN	cpdna_full_coverage	cpDNA	sample_qc_coverage	chloroplast	1	150274	604584169	4023.212059	150274	1.000000	150274	1.000000	150274	1.000000	dudleya_organelle_alignment_pipeline/results/05_analysis_masks/cpdna_full_coverage_regions.bed	dudleya_organelle_alignment_pipeline/results/06_all_sample_alignment/qc/QUIN_LP_077_Du-163.depth.tsv
QUIN_LP_077_Du-163	QB3.Berkeley.251217/QB3.Results.260109	D. setchellii	QUIN	cpdna_ir_regions	cpDNA	repeat_annotation	chloroplast	2	51472	211579196	4110.568775	51472	1.000000	51472	1.000000	51472	1.000000	dudleya_organelle_alignment_pipeline/results/05_analysis_masks/cpdna_ir_regions.bed	dudleya_organelle_alignment_pipeline/results/06_all_sample_alignment/qc/QUIN_LP_077_Du-163.depth.tsv
QUIN_LP_077_Du-163	QB3.Berkeley.251217/QB3.Results.260109	D. setchellii	QUIN	cpdna_duplicate_ir_mask	cpDNA	mask	chloroplast	1	25736	103005551	4002.391630	25736	1.000000	25736	1.000000	25736	1.000000	dudleya_organelle_alignment_pipeline/results/05_analysis_masks/cpdna_duplicate_ir_copy_mask.bed	dudleya_organelle_alignment_pipeline/results/06_all_sample_alignment/qc/QUIN_LP_077_Du-163.depth.tsv
QUIN_LP_077_Du-163	QB3.Berkeley.251217/QB3.Results.260109	D. setchellii	QUIN	cpdna_population_sites	cpDNA	variant_calling_and_population_genetics	chloroplast	1	124538	501578618	4027.514638	124538	1.000000	124538	1.000000	124538	1.000000	dudleya_organelle_alignment_pipeline/results/05_analysis_masks/cpdna_population_sites.bed	dudleya_organelle_alignment_pipeline/results/06_all_sample_alignment/qc/QUIN_LP_077_Du-163.depth.tsv
QUIN_LP_077_Du-163	QB3.Berkeley.251217/QB3.Results.260109	D. setchellii	QUIN	mtdna_permissive_coverage	mtDNA	sample_qc_coverage	mitochondria	1	243359	196107721	805.837142	242365	0.995915	242279	0.995562	242233	0.995373	dudleya_organelle_alignment_pipeline/results/05_analysis_masks/mtdna_permissive_coverage_regions.bed	dudleya_organelle_alignment_pipeline/results/06_all_sample_alignment/qc/QUIN_LP_077_Du-163.depth.tsv
QUIN_LP_077_Du-163	QB3.Berkeley.251217/QB3.Results.260109	D. setchellii	QUIN	mtdna_high_confidence_unique	mtDNA	variant_calling_and_population_genetics	mitochondria	2	44930	59601647	1326.544558	44538	0.991275	44461	0.989562	44424	0.988738	dudleya_organelle_alignment_pipeline/results/05_analysis_masks/mtdna_high_confidence_unique_regions.bed	dudleya_organelle_alignment_pipeline/results/06_all_sample_alignment/qc/QUIN_LP_077_Du-163.depth.tsv
QUIN_LP_318_Du-164	QB3.Berkeley.251217/QB3.Results.260109	D. setchellii	QUIN	cpdna_full_coverage	cpDNA	sample_qc_coverage	chloroplast	1	150274	45110099	300.185654	150273	0.999993	150263	0.999927	150228	0.999694	dudleya_organelle_alignment_pipeline/results/05_analysis_masks/cpdna_full_coverage_regions.bed	dudleya_organelle_alignment_pipeline/results/06_all_sample_alignment/qc/QUIN_LP_318_Du-164.depth.tsv
QUIN_LP_318_Du-164	QB3.Berkeley.251217/QB3.Results.260109	D. setchellii	QUIN	cpdna_ir_regions	cpDNA	repeat_annotation	chloroplast	2	51472	15134568	294.034970	51471	0.999981	51461	0.999786	51435	0.999281	dudleya_organelle_alignment_pipeline/results/05_analysis_masks/cpdna_ir_regions.bed	dudleya_organelle_alignment_pipeline/results/06_all_sample_alignment/qc/QUIN_LP_318_Du-164.depth.tsv
QUIN_LP_318_Du-164	QB3.Berkeley.251217/QB3.Results.260109	D. setchellii	QUIN	cpdna_duplicate_ir_mask	cpDNA	mask	chloroplast	1	25736	7368829	286.323788	25736	1.000000	25729	0.999728	25710	0.998990	dudleya_organelle_alignment_pipeline/results/05_analysis_masks/cpdna_duplicate_ir_copy_mask.bed	dudleya_organelle_alignment_pipeline/results/06_all_sample_alignment/qc/QUIN_LP_318_Du-164.depth.tsv
QUIN_LP_318_Du-164	QB3.Berkeley.251217/QB3.Results.260109	D. setchellii	QUIN	cpdna_population_sites	cpDNA	variant_calling_and_population_genetics	chloroplast	1	124538	37741270	303.050234	124537	0.999992	124534	0.999968	124518	0.999839	dudleya_organelle_alignment_pipeline/results/05_analysis_masks/cpdna_population_sites.bed	dudleya_organelle_alignment_pipeline/results/06_all_sample_alignment/qc/QUIN_LP_318_Du-164.depth.tsv
QUIN_LP_318_Du-164	QB3.Berkeley.251217/QB3.Results.260109	D. setchellii	QUIN	mtdna_permissive_coverage	mtDNA	sample_qc_coverage	mitochondria	1	243359	6656937	27.354390	242259	0.995480	242061	0.994666	239829	0.985495	dudleya_organelle_alignment_pipeline/results/05_analysis_masks/mtdna_permissive_coverage_regions.bed	dudleya_organelle_alignment_pipeline/results/06_all_sample_alignment/qc/QUIN_LP_318_Du-164.depth.tsv
QUIN_LP_318_Du-164	QB3.Berkeley.251217/QB3.Results.260109	D. setchellii	QUIN	mtdna_high_confidence_unique	mtDNA	variant_calling_and_population_genetics	mitochondria	2	44930	1998825	44.487536	44460	0.989539	44413	0.988493	44413	0.988493	dudleya_organelle_alignment_pipeline/results/05_analysis_masks/mtdna_high_confidence_unique_regions.bed	dudleya_organelle_alignment_pipeline/results/06_all_sample_alignment/qc/QUIN_LP_318_Du-164.depth.tsv
RIC_LP_192_Du-521	QB3.Berkeley.251217/QB3.Results.260109	D. setchellii	RIC	cpdna_full_coverage	cpDNA	sample_qc_coverage	chloroplast	1	150274	319847195	2128.426707	150274	1.000000	150274	1.000000	150273	0.999993	dudleya_organelle_alignment_pipeline/results/05_analysis_masks/cpdna_full_coverage_regions.bed	dudleya_organelle_alignment_pipeline/results/06_all_sample_alignment/qc/RIC_LP_192_Du-521.depth.tsv
RIC_LP_192_Du-521	QB3.Berkeley.251217/QB3.Results.260109	D. setchellii	RIC	cpdna_ir_regions	cpDNA	repeat_annotation	chloroplast	2	51472	116207598	2257.685693	51472	1.000000	51472	1.000000	51471	0.999981	dudleya_organelle_alignment_pipeline/results/05_analysis_masks/cpdna_ir_regions.bed	dudleya_organelle_alignment_pipeline/results/06_all_sample_alignment/qc/RIC_LP_192_Du-521.depth.tsv
RIC_LP_192_Du-521	QB3.Berkeley.251217/QB3.Results.260109	D. setchellii	RIC	cpdna_duplicate_ir_mask	cpDNA	mask	chloroplast	1	25736	56459642	2193.800202	25736	1.000000	25736	1.000000	25736	1.000000	dudleya_organelle_alignment_pipeline/results/05_analysis_masks/cpdna_duplicate_ir_copy_mask.bed	dudleya_organelle_alignment_pipeline/results/06_all_sample_alignment/qc/RIC_LP_192_Du-521.depth.tsv
RIC_LP_192_Du-521	QB3.Berkeley.251217/QB3.Results.260109	D. setchellii	RIC	cpdna_population_sites	cpDNA	variant_calling_and_population_genetics	chloroplast	1	124538	263387553	2114.917158	124538	1.000000	124538	1.000000	124537	0.999992	dudleya_organelle_alignment_pipeline/results/05_analysis_masks/cpdna_population_sites.bed	dudleya_organelle_alignment_pipeline/results/06_all_sample_alignment/qc/RIC_LP_192_Du-521.depth.tsv
RIC_LP_192_Du-521	QB3.Berkeley.251217/QB3.Results.260109	D. setchellii	RIC	mtdna_permissive_coverage	mtDNA	sample_qc_coverage	mitochondria	1	243359	28760369	118.180832	243359	1.000000	243345	0.999942	243320	0.999840	dudleya_organelle_alignment_pipeline/results/05_analysis_masks/mtdna_permissive_coverage_regions.bed	dudleya_organelle_alignment_pipeline/results/06_all_sample_alignment/qc/RIC_LP_192_Du-521.depth.tsv
RIC_LP_192_Du-521	QB3.Berkeley.251217/QB3.Results.260109	D. setchellii	RIC	mtdna_high_confidence_unique	mtDNA	variant_calling_and_population_genetics	mitochondria	2	44930	8527317	189.791164	44930	1.000000	44930	1.000000	44930	1.000000	dudleya_organelle_alignment_pipeline/results/05_analysis_masks/mtdna_high_confidence_unique_regions.bed	dudleya_organelle_alignment_pipeline/results/06_all_sample_alignment/qc/RIC_LP_192_Du-521.depth.tsv
RIC_LP_193_Du-522	QB3.Berkeley.251217/QB3.Results.260109	D. setchellii	RIC	cpdna_full_coverage	cpDNA	sample_qc_coverage	chloroplast	1	150274	278407224	1852.663960	150274	1.000000	150274	1.000000	150273	0.999993	dudleya_organelle_alignment_pipeline/results/05_analysis_masks/cpdna_full_coverage_regions.bed	dudleya_organelle_alignment_pipeline/results/06_all_sample_alignment/qc/RIC_LP_193_Du-522.depth.tsv
RIC_LP_193_Du-522	QB3.Berkeley.251217/QB3.Results.260109	D. setchellii	RIC	cpdna_ir_regions	cpDNA	repeat_annotation	chloroplast	2	51472	105326652	2046.290255	51472	1.000000	51472	1.000000	51471	0.999981	dudleya_organelle_alignment_pipeline/results/05_analysis_masks/cpdna_ir_regions.bed	dudleya_organelle_alignment_pipeline/results/06_all_sample_alignment/qc/RIC_LP_193_Du-522.depth.tsv
RIC_LP_193_Du-522	QB3.Berkeley.251217/QB3.Results.260109	D. setchellii	RIC	cpdna_duplicate_ir_mask	cpDNA	mask	chloroplast	1	25736	51079664	1984.755362	25736	1.000000	25736	1.000000	25736	1.000000	dudleya_organelle_alignment_pipeline/results/05_analysis_masks/cpdna_duplicate_ir_copy_mask.bed	dudleya_organelle_alignment_pipeline/results/06_all_sample_alignment/qc/RIC_LP_193_Du-522.depth.tsv
RIC_LP_193_Du-522	QB3.Berkeley.251217/QB3.Results.260109	D. setchellii	RIC	cpdna_population_sites	cpDNA	variant_calling_and_population_genetics	chloroplast	1	124538	227327560	1825.367037	124538	1.000000	124538	1.000000	124537	0.999992	dudleya_organelle_alignment_pipeline/results/05_analysis_masks/cpdna_population_sites.bed	dudleya_organelle_alignment_pipeline/results/06_all_sample_alignment/qc/RIC_LP_193_Du-522.depth.tsv
RIC_LP_193_Du-522	QB3.Berkeley.251217/QB3.Results.260109	D. setchellii	RIC	mtdna_permissive_coverage	mtDNA	sample_qc_coverage	mitochondria	1	243359	25624322	105.294326	243359	1.000000	243342	0.999930	243326	0.999864	dudleya_organelle_alignment_pipeline/results/05_analysis_masks/mtdna_permissive_coverage_regions.bed	dudleya_organelle_alignment_pipeline/results/06_all_sample_alignment/qc/RIC_LP_193_Du-522.depth.tsv
RIC_LP_193_Du-522	QB3.Berkeley.251217/QB3.Results.260109	D. setchellii	RIC	mtdna_high_confidence_unique	mtDNA	variant_calling_and_population_genetics	mitochondria	2	44930	7668746	170.682083	44930	1.000000	44930	1.000000	44930	1.000000	dudleya_organelle_alignment_pipeline/results/05_analysis_masks/mtdna_high_confidence_unique_regions.bed	dudleya_organelle_alignment_pipeline/results/06_all_sample_alignment/qc/RIC_LP_193_Du-522.depth.tsv
RIC_LP_194_Du-523	QB3.Berkeley.251217/QB3.Results.260109	D. setchellii	RIC	cpdna_full_coverage	cpDNA	sample_qc_coverage	chloroplast	1	150274	891119525	5929.964764	150274	1.000000	150274	1.000000	150274	1.000000	dudleya_organelle_alignment_pipeline/results/05_analysis_masks/cpdna_full_coverage_regions.bed	dudleya_organelle_alignment_pipeline/results/06_all_sample_alignment/qc/RIC_LP_194_Du-523.depth.tsv
RIC_LP_194_Du-523	QB3.Berkeley.251217/QB3.Results.260109	D. setchellii	RIC	cpdna_ir_regions	cpDNA	repeat_annotation	chloroplast	2	51472	324197094	6298.513638	51472	1.000000	51472	1.000000	51472	1.000000	dudleya_organelle_alignment_pipeline/results/05_analysis_masks/cpdna_ir_regions.bed	dudleya_organelle_alignment_pipeline/results/06_all_sample_alignment/qc/RIC_LP_194_Du-523.depth.tsv
RIC_LP_194_Du-523	QB3.Berkeley.251217/QB3.Results.260109	D. setchellii	RIC	cpdna_duplicate_ir_mask	cpDNA	mask	chloroplast	1	25736	157830712	6132.682313	25736	1.000000	25736	1.000000	25736	1.000000	dudleya_organelle_alignment_pipeline/results/05_analysis_masks/cpdna_duplicate_ir_copy_mask.bed	dudleya_organelle_alignment_pipeline/results/06_all_sample_alignment/qc/RIC_LP_194_Du-523.depth.tsv
RIC_LP_194_Du-523	QB3.Berkeley.251217/QB3.Results.260109	D. setchellii	RIC	cpdna_population_sites	cpDNA	variant_calling_and_population_genetics	chloroplast	1	124538	733288813	5888.072821	124538	1.000000	124538	1.000000	124538	1.000000	dudleya_organelle_alignment_pipeline/results/05_analysis_masks/cpdna_population_sites.bed	dudleya_organelle_alignment_pipeline/results/06_all_sample_alignment/qc/RIC_LP_194_Du-523.depth.tsv
RIC_LP_194_Du-523	QB3.Berkeley.251217/QB3.Results.260109	D. setchellii	RIC	mtdna_permissive_coverage	mtDNA	sample_qc_coverage	mitochondria	1	243359	113518114	466.463595	243358	0.999996	243354	0.999979	243352	0.999971	dudleya_organelle_alignment_pipeline/results/05_analysis_masks/mtdna_permissive_coverage_regions.bed	dudleya_organelle_alignment_pipeline/results/06_all_sample_alignment/qc/RIC_LP_194_Du-523.depth.tsv
RIC_LP_194_Du-523	QB3.Berkeley.251217/QB3.Results.260109	D. setchellii	RIC	mtdna_high_confidence_unique	mtDNA	variant_calling_and_population_genetics	mitochondria	2	44930	33810194	752.508213	44930	1.000000	44930	1.000000	44930	1.000000	dudleya_organelle_alignment_pipeline/results/05_analysis_masks/mtdna_high_confidence_unique_regions.bed	dudleya_organelle_alignment_pipeline/results/06_all_sample_alignment/qc/RIC_LP_194_Du-523.depth.tsv
RIC_LP_195_Du-524	QB3.Berkeley.251217/QB3.Results.260109	D. setchellii	RIC	cpdna_full_coverage	cpDNA	sample_qc_coverage	chloroplast	1	150274	351519772	2339.192222	150274	1.000000	150273	0.999993	150272	0.999987	dudleya_organelle_alignment_pipeline/results/05_analysis_masks/cpdna_full_coverage_regions.bed	dudleya_organelle_alignment_pipeline/results/06_all_sample_alignment/qc/RIC_LP_195_Du-524.depth.tsv
RIC_LP_195_Du-524	QB3.Berkeley.251217/QB3.Results.260109	D. setchellii	RIC	cpdna_ir_regions	cpDNA	repeat_annotation	chloroplast	2	51472	128774096	2501.828101	51472	1.000000	51471	0.999981	51470	0.999961	dudleya_organelle_alignment_pipeline/results/05_analysis_masks/cpdna_ir_regions.bed	dudleya_organelle_alignment_pipeline/results/06_all_sample_alignment/qc/RIC_LP_195_Du-524.depth.tsv
RIC_LP_195_Du-524	QB3.Berkeley.251217/QB3.Results.260109	D. setchellii	RIC	cpdna_duplicate_ir_mask	cpDNA	mask	chloroplast	1	25736	62936013	2445.446573	25736	1.000000	25736	1.000000	25735	0.999961	dudleya_organelle_alignment_pipeline/results/05_analysis_masks/cpdna_duplicate_ir_copy_mask.bed	dudleya_organelle_alignment_pipeline/results/06_all_sample_alignment/qc/RIC_LP_195_Du-524.depth.tsv
RIC_LP_195_Du-524	QB3.Berkeley.251217/QB3.Results.260109	D. setchellii	RIC	cpdna_population_sites	cpDNA	variant_calling_and_population_genetics	chloroplast	1	124538	288583759	2317.234571	124538	1.000000	124537	0.999992	124537	0.999992	dudleya_organelle_alignment_pipeline/results/05_analysis_masks/cpdna_population_sites.bed	dudleya_organelle_alignment_pipeline/results/06_all_sample_alignment/qc/RIC_LP_195_Du-524.depth.tsv
RIC_LP_195_Du-524	QB3.Berkeley.251217/QB3.Results.260109	D. setchellii	RIC	mtdna_permissive_coverage	mtDNA	sample_qc_coverage	mitochondria	1	243359	47021370	193.218126	243354	0.999979	243350	0.999963	243345	0.999942	dudleya_organelle_alignment_pipeline/results/05_analysis_masks/mtdna_permissive_coverage_regions.bed	dudleya_organelle_alignment_pipeline/results/06_all_sample_alignment/qc/RIC_LP_195_Du-524.depth.tsv
RIC_LP_195_Du-524	QB3.Berkeley.251217/QB3.Results.260109	D. setchellii	RIC	mtdna_high_confidence_unique	mtDNA	variant_calling_and_population_genetics	mitochondria	2	44930	14055817	312.838126	44930	1.000000	44930	1.000000	44930	1.000000	dudleya_organelle_alignment_pipeline/results/05_analysis_masks/mtdna_high_confidence_unique_regions.bed	dudleya_organelle_alignment_pipeline/results/06_all_sample_alignment/qc/RIC_LP_195_Du-524.depth.tsv
RIC_LP_196_Du-525	QB3.Berkeley.251217/QB3.Results.260109	D. setchellii	RIC	cpdna_full_coverage	cpDNA	sample_qc_coverage	chloroplast	1	150274	585196766	3894.198371	150274	1.000000	150274	1.000000	150272	0.999987	dudleya_organelle_alignment_pipeline/results/05_analysis_masks/cpdna_full_coverage_regions.bed	dudleya_organelle_alignment_pipeline/results/06_all_sample_alignment/qc/RIC_LP_196_Du-525.depth.tsv
RIC_LP_196_Du-525	QB3.Berkeley.251217/QB3.Results.260109	D. setchellii	RIC	cpdna_ir_regions	cpDNA	repeat_annotation	chloroplast	2	51472	206372788	4009.418480	51472	1.000000	51472	1.000000	51470	0.999961	dudleya_organelle_alignment_pipeline/results/05_analysis_masks/cpdna_ir_regions.bed	dudleya_organelle_alignment_pipeline/results/06_all_sample_alignment/qc/RIC_LP_196_Du-525.depth.tsv
RIC_LP_196_Du-525	QB3.Berkeley.251217/QB3.Results.260109	D. setchellii	RIC	cpdna_duplicate_ir_mask	cpDNA	mask	chloroplast	1	25736	101133529	3929.652199	25736	1.000000	25736	1.000000	25735	0.999961	dudleya_organelle_alignment_pipeline/results/05_analysis_masks/cpdna_duplicate_ir_copy_mask.bed	dudleya_organelle_alignment_pipeline/results/06_all_sample_alignment/qc/RIC_LP_196_Du-525.depth.tsv
RIC_LP_196_Du-525	QB3.Berkeley.251217/QB3.Results.260109	D. setchellii	RIC	cpdna_population_sites	cpDNA	variant_calling_and_population_genetics	chloroplast	1	124538	484063237	3886.871774	124538	1.000000	124538	1.000000	124537	0.999992	dudleya_organelle_alignment_pipeline/results/05_analysis_masks/cpdna_population_sites.bed	dudleya_organelle_alignment_pipeline/results/06_all_sample_alignment/qc/RIC_LP_196_Du-525.depth.tsv
RIC_LP_196_Du-525	QB3.Berkeley.251217/QB3.Results.260109	D. setchellii	RIC	mtdna_permissive_coverage	mtDNA	sample_qc_coverage	mitochondria	1	243359	92189183	378.819698	243358	0.999996	243352	0.999971	243350	0.999963	dudleya_organelle_alignment_pipeline/results/05_analysis_masks/mtdna_permissive_coverage_regions.bed	dudleya_organelle_alignment_pipeline/results/06_all_sample_alignment/qc/RIC_LP_196_Du-525.depth.tsv
RIC_LP_196_Du-525	QB3.Berkeley.251217/QB3.Results.260109	D. setchellii	RIC	mtdna_high_confidence_unique	mtDNA	variant_calling_and_population_genetics	mitochondria	2	44930	28272572	629.258224	44930	1.000000	44930	1.000000	44930	1.000000	dudleya_organelle_alignment_pipeline/results/05_analysis_masks/mtdna_high_confidence_unique_regions.bed	dudleya_organelle_alignment_pipeline/results/06_all_sample_alignment/qc/RIC_LP_196_Du-525.depth.tsv
RIC_LP_197_Du-526	QB3.Berkeley.251217/QB3.Results.260109	D. setchellii	RIC	cpdna_full_coverage	cpDNA	sample_qc_coverage	chloroplast	1	150274	55587634	369.908527	150274	1.000000	150269	0.999967	150265	0.999940	dudleya_organelle_alignment_pipeline/results/05_analysis_masks/cpdna_full_coverage_regions.bed	dudleya_organelle_alignment_pipeline/results/06_all_sample_alignment/qc/RIC_LP_197_Du-526.depth.tsv
RIC_LP_197_Du-526	QB3.Berkeley.251217/QB3.Results.260109	D. setchellii	RIC	cpdna_ir_regions	cpDNA	repeat_annotation	chloroplast	2	51472	20314690	394.674580	51472	1.000000	51467	0.999903	51463	0.999825	dudleya_organelle_alignment_pipeline/results/05_analysis_masks/cpdna_ir_regions.bed	dudleya_organelle_alignment_pipeline/results/06_all_sample_alignment/qc/RIC_LP_197_Du-526.depth.tsv
RIC_LP_197_Du-526	QB3.Berkeley.251217/QB3.Results.260109	D. setchellii	RIC	cpdna_duplicate_ir_mask	cpDNA	mask	chloroplast	1	25736	9945476	386.442182	25736	1.000000	25733	0.999883	25729	0.999728	dudleya_organelle_alignment_pipeline/results/05_analysis_masks/cpdna_duplicate_ir_copy_mask.bed	dudleya_organelle_alignment_pipeline/results/06_all_sample_alignment/qc/RIC_LP_197_Du-526.depth.tsv
RIC_LP_197_Du-526	QB3.Berkeley.251217/QB3.Results.260109	D. setchellii	RIC	cpdna_population_sites	cpDNA	variant_calling_and_population_genetics	chloroplast	1	124538	45642158	366.491818	124538	1.000000	124536	0.999984	124536	0.999984	dudleya_organelle_alignment_pipeline/results/05_analysis_masks/cpdna_population_sites.bed	dudleya_organelle_alignment_pipeline/results/06_all_sample_alignment/qc/RIC_LP_197_Du-526.depth.tsv
RIC_LP_197_Du-526	QB3.Berkeley.251217/QB3.Results.260109	D. setchellii	RIC	mtdna_permissive_coverage	mtDNA	sample_qc_coverage	mitochondria	1	243359	5519304	22.679679	243333	0.999893	242924	0.998213	233486	0.959430	dudleya_organelle_alignment_pipeline/results/05_analysis_masks/mtdna_permissive_coverage_regions.bed	dudleya_organelle_alignment_pipeline/results/06_all_sample_alignment/qc/RIC_LP_197_Du-526.depth.tsv
RIC_LP_197_Du-526	QB3.Berkeley.251217/QB3.Results.260109	D. setchellii	RIC	mtdna_high_confidence_unique	mtDNA	variant_calling_and_population_genetics	mitochondria	2	44930	1680682	37.406677	44930	1.000000	44930	1.000000	44930	1.000000	dudleya_organelle_alignment_pipeline/results/05_analysis_masks/mtdna_high_confidence_unique_regions.bed	dudleya_organelle_alignment_pipeline/results/06_all_sample_alignment/qc/RIC_LP_197_Du-526.depth.tsv
RIC_LP_198_Du-527	QB3.Berkeley.251217/QB3.Results.260109	D. setchellii	RIC	cpdna_full_coverage	cpDNA	sample_qc_coverage	chloroplast	1	150274	713227573	4746.180796	150274	1.000000	150274	1.000000	150273	0.999993	dudleya_organelle_alignment_pipeline/results/05_analysis_masks/cpdna_full_coverage_regions.bed	dudleya_organelle_alignment_pipeline/results/06_all_sample_alignment/qc/RIC_LP_198_Du-527.depth.tsv
RIC_LP_198_Du-527	QB3.Berkeley.251217/QB3.Results.260109	D. setchellii	RIC	cpdna_ir_regions	cpDNA	repeat_annotation	chloroplast	2	51472	253651980	4927.960445	51472	1.000000	51472	1.000000	51471	0.999981	dudleya_organelle_alignment_pipeline/results/05_analysis_masks/cpdna_ir_regions.bed	dudleya_organelle_alignment_pipeline/results/06_all_sample_alignment/qc/RIC_LP_198_Du-527.depth.tsv
RIC_LP_198_Du-527	QB3.Berkeley.251217/QB3.Results.260109	D. setchellii	RIC	cpdna_duplicate_ir_mask	cpDNA	mask	chloroplast	1	25736	123271910	4789.862838	25736	1.000000	25736	1.000000	25736	1.000000	dudleya_organelle_alignment_pipeline/results/05_analysis_masks/cpdna_duplicate_ir_copy_mask.bed	dudleya_organelle_alignment_pipeline/results/06_all_sample_alignment/qc/RIC_LP_198_Du-527.depth.tsv
RIC_LP_198_Du-527	QB3.Berkeley.251217/QB3.Results.260109	D. setchellii	RIC	cpdna_population_sites	cpDNA	variant_calling_and_population_genetics	chloroplast	1	124538	589955663	4737.153825	124538	1.000000	124538	1.000000	124537	0.999992	dudleya_organelle_alignment_pipeline/results/05_analysis_masks/cpdna_population_sites.bed	dudleya_organelle_alignment_pipeline/results/06_all_sample_alignment/qc/RIC_LP_198_Du-527.depth.tsv
RIC_LP_198_Du-527	QB3.Berkeley.251217/QB3.Results.260109	D. setchellii	RIC	mtdna_permissive_coverage	mtDNA	sample_qc_coverage	mitochondria	1	243359	74911544	307.823191	243359	1.000000	243354	0.999979	243346	0.999947	dudleya_organelle_alignment_pipeline/results/05_analysis_masks/mtdna_permissive_coverage_regions.bed	dudleya_organelle_alignment_pipeline/results/06_all_sample_alignment/qc/RIC_LP_198_Du-527.depth.tsv
RIC_LP_198_Du-527	QB3.Berkeley.251217/QB3.Results.260109	D. setchellii	RIC	mtdna_high_confidence_unique	mtDNA	variant_calling_and_population_genetics	mitochondria	2	44930	22298312	496.290051	44930	1.000000	44930	1.000000	44930	1.000000	dudleya_organelle_alignment_pipeline/results/05_analysis_masks/mtdna_high_confidence_unique_regions.bed	dudleya_organelle_alignment_pipeline/results/06_all_sample_alignment/qc/RIC_LP_198_Du-527.depth.tsv
RIC_LP_199_Du-528	QB3.Berkeley.251217/QB3.Results.260109	D. setchellii	RIC	cpdna_full_coverage	cpDNA	sample_qc_coverage	chloroplast	1	150274	557321046	3708.699083	150274	1.000000	150274	1.000000	150273	0.999993	dudleya_organelle_alignment_pipeline/results/05_analysis_masks/cpdna_full_coverage_regions.bed	dudleya_organelle_alignment_pipeline/results/06_all_sample_alignment/qc/RIC_LP_199_Du-528.depth.tsv
RIC_LP_199_Du-528	QB3.Berkeley.251217/QB3.Results.260109	D. setchellii	RIC	cpdna_ir_regions	cpDNA	repeat_annotation	chloroplast	2	51472	195989751	3807.696437	51472	1.000000	51472	1.000000	51471	0.999981	dudleya_organelle_alignment_pipeline/results/05_analysis_masks/cpdna_ir_regions.bed	dudleya_organelle_alignment_pipeline/results/06_all_sample_alignment/qc/RIC_LP_199_Du-528.depth.tsv
RIC_LP_199_Du-528	QB3.Berkeley.251217/QB3.Results.260109	D. setchellii	RIC	cpdna_duplicate_ir_mask	cpDNA	mask	chloroplast	1	25736	95575768	3713.699409	25736	1.000000	25736	1.000000	25736	1.000000	dudleya_organelle_alignment_pipeline/results/05_analysis_masks/cpdna_duplicate_ir_copy_mask.bed	dudleya_organelle_alignment_pipeline/results/06_all_sample_alignment/qc/RIC_LP_199_Du-528.depth.tsv
RIC_LP_199_Du-528	QB3.Berkeley.251217/QB3.Results.260109	D. setchellii	RIC	cpdna_population_sites	cpDNA	variant_calling_and_population_genetics	chloroplast	1	124538	461745278	3707.665757	124538	1.000000	124538	1.000000	124537	0.999992	dudleya_organelle_alignment_pipeline/results/05_analysis_masks/cpdna_population_sites.bed	dudleya_organelle_alignment_pipeline/results/06_all_sample_alignment/qc/RIC_LP_199_Du-528.depth.tsv
RIC_LP_199_Du-528	QB3.Berkeley.251217/QB3.Results.260109	D. setchellii	RIC	mtdna_permissive_coverage	mtDNA	sample_qc_coverage	mitochondria	1	243359	106292360	436.771847	243357	0.999992	243355	0.999984	243349	0.999959	dudleya_organelle_alignment_pipeline/results/05_analysis_masks/mtdna_permissive_coverage_regions.bed	dudleya_organelle_alignment_pipeline/results/06_all_sample_alignment/qc/RIC_LP_199_Du-528.depth.tsv
RIC_LP_199_Du-528	QB3.Berkeley.251217/QB3.Results.260109	D. setchellii	RIC	mtdna_high_confidence_unique	mtDNA	variant_calling_and_population_genetics	mitochondria	2	44930	32070081	713.778789	44930	1.000000	44930	1.000000	44930	1.000000	dudleya_organelle_alignment_pipeline/results/05_analysis_masks/mtdna_high_confidence_unique_regions.bed	dudleya_organelle_alignment_pipeline/results/06_all_sample_alignment/qc/RIC_LP_199_Du-528.depth.tsv
RIC_LP_200_Du-529	QB3.Berkeley.251217/QB3.Results.260109	D. setchellii	RIC	cpdna_full_coverage	cpDNA	sample_qc_coverage	chloroplast	1	150274	903150240	6010.023291	150274	1.000000	150274	1.000000	150273	0.999993	dudleya_organelle_alignment_pipeline/results/05_analysis_masks/cpdna_full_coverage_regions.bed	dudleya_organelle_alignment_pipeline/results/06_all_sample_alignment/qc/RIC_LP_200_Du-529.depth.tsv
RIC_LP_200_Du-529	QB3.Berkeley.251217/QB3.Results.260109	D. setchellii	RIC	cpdna_ir_regions	cpDNA	repeat_annotation	chloroplast	2	51472	318177997	6181.574390	51472	1.000000	51472	1.000000	51471	0.999981	dudleya_organelle_alignment_pipeline/results/05_analysis_masks/cpdna_ir_regions.bed	dudleya_organelle_alignment_pipeline/results/06_all_sample_alignment/qc/RIC_LP_200_Du-529.depth.tsv
RIC_LP_200_Du-529	QB3.Berkeley.251217/QB3.Results.260109	D. setchellii	RIC	cpdna_duplicate_ir_mask	cpDNA	mask	chloroplast	1	25736	154915143	6019.394739	25736	1.000000	25736	1.000000	25736	1.000000	dudleya_organelle_alignment_pipeline/results/05_analysis_masks/cpdna_duplicate_ir_copy_mask.bed	dudleya_organelle_alignment_pipeline/results/06_all_sample_alignment/qc/RIC_LP_200_Du-529.depth.tsv
RIC_LP_200_Du-529	QB3.Berkeley.251217/QB3.Results.260109	D. setchellii	RIC	cpdna_population_sites	cpDNA	variant_calling_and_population_genetics	chloroplast	1	124538	748235097	6008.086664	124538	1.000000	124538	1.000000	124537	0.999992	dudleya_organelle_alignment_pipeline/results/05_analysis_masks/cpdna_population_sites.bed	dudleya_organelle_alignment_pipeline/results/06_all_sample_alignment/qc/RIC_LP_200_Du-529.depth.tsv
RIC_LP_200_Du-529	QB3.Berkeley.251217/QB3.Results.260109	D. setchellii	RIC	mtdna_permissive_coverage	mtDNA	sample_qc_coverage	mitochondria	1	243359	142259169	584.565062	243359	1.000000	243357	0.999992	243352	0.999971	dudleya_organelle_alignment_pipeline/results/05_analysis_masks/mtdna_permissive_coverage_regions.bed	dudleya_organelle_alignment_pipeline/results/06_all_sample_alignment/qc/RIC_LP_200_Du-529.depth.tsv
RIC_LP_200_Du-529	QB3.Berkeley.251217/QB3.Results.260109	D. setchellii	RIC	mtdna_high_confidence_unique	mtDNA	variant_calling_and_population_genetics	mitochondria	2	44930	42438443	944.545805	44930	1.000000	44930	1.000000	44930	1.000000	dudleya_organelle_alignment_pipeline/results/05_analysis_masks/mtdna_high_confidence_unique_regions.bed	dudleya_organelle_alignment_pipeline/results/06_all_sample_alignment/qc/RIC_LP_200_Du-529.depth.tsv
RIC_LP_201_Du-530	QB3.Berkeley.251217/QB3.Results.260109	D. setchellii	RIC	cpdna_full_coverage	cpDNA	sample_qc_coverage	chloroplast	1	150274	433128866	2882.260844	150274	1.000000	150274	1.000000	150274	1.000000	dudleya_organelle_alignment_pipeline/results/05_analysis_masks/cpdna_full_coverage_regions.bed	dudleya_organelle_alignment_pipeline/results/06_all_sample_alignment/qc/RIC_LP_201_Du-530.depth.tsv
RIC_LP_201_Du-530	QB3.Berkeley.251217/QB3.Results.260109	D. setchellii	RIC	cpdna_ir_regions	cpDNA	repeat_annotation	chloroplast	2	51472	154127652	2994.397964	51472	1.000000	51472	1.000000	51472	1.000000	dudleya_organelle_alignment_pipeline/results/05_analysis_masks/cpdna_ir_regions.bed	dudleya_organelle_alignment_pipeline/results/06_all_sample_alignment/qc/RIC_LP_201_Du-530.depth.tsv
RIC_LP_201_Du-530	QB3.Berkeley.251217/QB3.Results.260109	D. setchellii	RIC	cpdna_duplicate_ir_mask	cpDNA	mask	chloroplast	1	25736	74655613	2900.824254	25736	1.000000	25736	1.000000	25736	1.000000	dudleya_organelle_alignment_pipeline/results/05_analysis_masks/cpdna_duplicate_ir_copy_mask.bed	dudleya_organelle_alignment_pipeline/results/06_all_sample_alignment/qc/RIC_LP_201_Du-530.depth.tsv
RIC_LP_201_Du-530	QB3.Berkeley.251217/QB3.Results.260109	D. setchellii	RIC	cpdna_population_sites	cpDNA	variant_calling_and_population_genetics	chloroplast	1	124538	358473253	2878.424682	124538	1.000000	124538	1.000000	124538	1.000000	dudleya_organelle_alignment_pipeline/results/05_analysis_masks/cpdna_population_sites.bed	dudleya_organelle_alignment_pipeline/results/06_all_sample_alignment/qc/RIC_LP_201_Du-530.depth.tsv
RIC_LP_201_Du-530	QB3.Berkeley.251217/QB3.Results.260109	D. setchellii	RIC	mtdna_permissive_coverage	mtDNA	sample_qc_coverage	mitochondria	1	243359	80175446	329.453384	243358	0.999996	243355	0.999984	243352	0.999971	dudleya_organelle_alignment_pipeline/results/05_analysis_masks/mtdna_permissive_coverage_regions.bed	dudleya_organelle_alignment_pipeline/results/06_all_sample_alignment/qc/RIC_LP_201_Du-530.depth.tsv
RIC_LP_201_Du-530	QB3.Berkeley.251217/QB3.Results.260109	D. setchellii	RIC	mtdna_high_confidence_unique	mtDNA	variant_calling_and_population_genetics	mitochondria	2	44930	24054044	535.367104	44930	1.000000	44930	1.000000	44930	1.000000	dudleya_organelle_alignment_pipeline/results/05_analysis_masks/mtdna_high_confidence_unique_regions.bed	dudleya_organelle_alignment_pipeline/results/06_all_sample_alignment/qc/RIC_LP_201_Du-530.depth.tsv
RSV_LP_049_Du-85	QB3.Berkeley.251217/QB3.Results.260109	D. setchellii	RSV	cpdna_full_coverage	cpDNA	sample_qc_coverage	chloroplast	1	150274	765500921	5094.034371	150274	1.000000	150274	1.000000	150273	0.999993	dudleya_organelle_alignment_pipeline/results/05_analysis_masks/cpdna_full_coverage_regions.bed	dudleya_organelle_alignment_pipeline/results/06_all_sample_alignment/qc/RSV_LP_049_Du-85.depth.tsv
RSV_LP_049_Du-85	QB3.Berkeley.251217/QB3.Results.260109	D. setchellii	RSV	cpdna_ir_regions	cpDNA	repeat_annotation	chloroplast	2	51472	270457387	5254.456539	51472	1.000000	51472	1.000000	51471	0.999981	dudleya_organelle_alignment_pipeline/results/05_analysis_masks/cpdna_ir_regions.bed	dudleya_organelle_alignment_pipeline/results/06_all_sample_alignment/qc/RSV_LP_049_Du-85.depth.tsv
RSV_LP_049_Du-85	QB3.Berkeley.251217/QB3.Results.260109	D. setchellii	RSV	cpdna_duplicate_ir_mask	cpDNA	mask	chloroplast	1	25736	132068036	5131.645788	25736	1.000000	25736	1.000000	25736	1.000000	dudleya_organelle_alignment_pipeline/results/05_analysis_masks/cpdna_duplicate_ir_copy_mask.bed	dudleya_organelle_alignment_pipeline/results/06_all_sample_alignment/qc/RSV_LP_049_Du-85.depth.tsv
RSV_LP_049_Du-85	QB3.Berkeley.251217/QB3.Results.260109	D. setchellii	RSV	cpdna_population_sites	cpDNA	variant_calling_and_population_genetics	chloroplast	1	124538	633432885	5086.261904	124538	1.000000	124538	1.000000	124537	0.999992	dudleya_organelle_alignment_pipeline/results/05_analysis_masks/cpdna_population_sites.bed	dudleya_organelle_alignment_pipeline/results/06_all_sample_alignment/qc/RSV_LP_049_Du-85.depth.tsv
RSV_LP_049_Du-85	QB3.Berkeley.251217/QB3.Results.260109	D. setchellii	RSV	mtdna_permissive_coverage	mtDNA	sample_qc_coverage	mitochondria	1	243359	60171573	247.254357	243249	0.999548	243187	0.999293	243177	0.999252	dudleya_organelle_alignment_pipeline/results/05_analysis_masks/mtdna_permissive_coverage_regions.bed	dudleya_organelle_alignment_pipeline/results/06_all_sample_alignment/qc/RSV_LP_049_Du-85.depth.tsv
RSV_LP_049_Du-85	QB3.Berkeley.251217/QB3.Results.260109	D. setchellii	RSV	mtdna_high_confidence_unique	mtDNA	variant_calling_and_population_genetics	mitochondria	2	44930	18160965	404.205765	44839	0.997975	44786	0.996795	44784	0.996751	dudleya_organelle_alignment_pipeline/results/05_analysis_masks/mtdna_high_confidence_unique_regions.bed	dudleya_organelle_alignment_pipeline/results/06_all_sample_alignment/qc/RSV_LP_049_Du-85.depth.tsv
RSV_LP_050_Du-87	QB3.Berkeley.251217/QB3.Results.260109	D. setchellii	RSV	cpdna_full_coverage	cpDNA	sample_qc_coverage	chloroplast	1	150274	895620455	5959.916253	150274	1.000000	150274	1.000000	150274	1.000000	dudleya_organelle_alignment_pipeline/results/05_analysis_masks/cpdna_full_coverage_regions.bed	dudleya_organelle_alignment_pipeline/results/06_all_sample_alignment/qc/RSV_LP_050_Du-87.depth.tsv
RSV_LP_050_Du-87	QB3.Berkeley.251217/QB3.Results.260109	D. setchellii	RSV	cpdna_ir_regions	cpDNA	repeat_annotation	chloroplast	2	51472	324641961	6307.156532	51472	1.000000	51472	1.000000	51472	1.000000	dudleya_organelle_alignment_pipeline/results/05_analysis_masks/cpdna_ir_regions.bed	dudleya_organelle_alignment_pipeline/results/06_all_sample_alignment/qc/RSV_LP_050_Du-87.depth.tsv
RSV_LP_050_Du-87	QB3.Berkeley.251217/QB3.Results.260109	D. setchellii	RSV	cpdna_duplicate_ir_mask	cpDNA	mask	chloroplast	1	25736	157719529	6128.362177	25736	1.000000	25736	1.000000	25736	1.000000	dudleya_organelle_alignment_pipeline/results/05_analysis_masks/cpdna_duplicate_ir_copy_mask.bed	dudleya_organelle_alignment_pipeline/results/06_all_sample_alignment/qc/RSV_LP_050_Du-87.depth.tsv
RSV_LP_050_Du-87	QB3.Berkeley.251217/QB3.Results.260109	D. setchellii	RSV	cpdna_population_sites	cpDNA	variant_calling_and_population_genetics	chloroplast	1	124538	737900926	5925.106602	124538	1.000000	124538	1.000000	124538	1.000000	dudleya_organelle_alignment_pipeline/results/05_analysis_masks/cpdna_population_sites.bed	dudleya_organelle_alignment_pipeline/results/06_all_sample_alignment/qc/RSV_LP_050_Du-87.depth.tsv
RSV_LP_050_Du-87	QB3.Berkeley.251217/QB3.Results.260109	D. setchellii	RSV	mtdna_permissive_coverage	mtDNA	sample_qc_coverage	mitochondria	1	243359	141647301	582.050801	243212	0.999396	243197	0.999334	243189	0.999301	dudleya_organelle_alignment_pipeline/results/05_analysis_masks/mtdna_permissive_coverage_regions.bed	dudleya_organelle_alignment_pipeline/results/06_all_sample_alignment/qc/RSV_LP_050_Du-87.depth.tsv
RSV_LP_050_Du-87	QB3.Berkeley.251217/QB3.Results.260109	D. setchellii	RSV	mtdna_high_confidence_unique	mtDNA	variant_calling_and_population_genetics	mitochondria	2	44930	42573121	947.543312	44795	0.996995	44789	0.996862	44786	0.996795	dudleya_organelle_alignment_pipeline/results/05_analysis_masks/mtdna_high_confidence_unique_regions.bed	dudleya_organelle_alignment_pipeline/results/06_all_sample_alignment/qc/RSV_LP_050_Du-87.depth.tsv
RSV_LP_051_Du-88	QB3.Berkeley.251217/QB3.Results.260109	D. setchellii	RSV	cpdna_full_coverage	cpDNA	sample_qc_coverage	chloroplast	1	150274	55061262	366.405779	150270	0.999973	150265	0.999940	150257	0.999887	dudleya_organelle_alignment_pipeline/results/05_analysis_masks/cpdna_full_coverage_regions.bed	dudleya_organelle_alignment_pipeline/results/06_all_sample_alignment/qc/RSV_LP_051_Du-88.depth.tsv
RSV_LP_051_Du-88	QB3.Berkeley.251217/QB3.Results.260109	D. setchellii	RSV	cpdna_ir_regions	cpDNA	repeat_annotation	chloroplast	2	51472	19223409	373.473131	51468	0.999922	51463	0.999825	51456	0.999689	dudleya_organelle_alignment_pipeline/results/05_analysis_masks/cpdna_ir_regions.bed	dudleya_organelle_alignment_pipeline/results/06_all_sample_alignment/qc/RSV_LP_051_Du-88.depth.tsv
RSV_LP_051_Du-88	QB3.Berkeley.251217/QB3.Results.260109	D. setchellii	RSV	cpdna_duplicate_ir_mask	cpDNA	mask	chloroplast	1	25736	9465436	367.789711	25732	0.999845	25728	0.999689	25721	0.999417	dudleya_organelle_alignment_pipeline/results/05_analysis_masks/cpdna_duplicate_ir_copy_mask.bed	dudleya_organelle_alignment_pipeline/results/06_all_sample_alignment/qc/RSV_LP_051_Du-88.depth.tsv
RSV_LP_051_Du-88	QB3.Berkeley.251217/QB3.Results.260109	D. setchellii	RSV	cpdna_population_sites	cpDNA	variant_calling_and_population_genetics	chloroplast	1	124538	45595826	366.119787	124538	1.000000	124537	0.999992	124536	0.999984	dudleya_organelle_alignment_pipeline/results/05_analysis_masks/cpdna_population_sites.bed	dudleya_organelle_alignment_pipeline/results/06_all_sample_alignment/qc/RSV_LP_051_Du-88.depth.tsv
RSV_LP_051_Du-88	QB3.Berkeley.251217/QB3.Results.260109	D. setchellii	RSV	mtdna_permissive_coverage	mtDNA	sample_qc_coverage	mitochondria	1	243359	5679679	23.338685	243157	0.999170	242825	0.997806	236002	0.969769	dudleya_organelle_alignment_pipeline/results/05_analysis_masks/mtdna_permissive_coverage_regions.bed	dudleya_organelle_alignment_pipeline/results/06_all_sample_alignment/qc/RSV_LP_051_Du-88.depth.tsv
RSV_LP_051_Du-88	QB3.Berkeley.251217/QB3.Results.260109	D. setchellii	RSV	mtdna_high_confidence_unique	mtDNA	variant_calling_and_population_genetics	mitochondria	2	44930	1702354	37.889027	44788	0.996840	44780	0.996661	44779	0.996639	dudleya_organelle_alignment_pipeline/results/05_analysis_masks/mtdna_high_confidence_unique_regions.bed	dudleya_organelle_alignment_pipeline/results/06_all_sample_alignment/qc/RSV_LP_051_Du-88.depth.tsv
RSV_LP_052_Du-89	QB3.Berkeley.251217/QB3.Results.260109	D. setchellii	RSV	cpdna_full_coverage	cpDNA	sample_qc_coverage	chloroplast	1	150274	386495300	2571.937261	150274	1.000000	150274	1.000000	150273	0.999993	dudleya_organelle_alignment_pipeline/results/05_analysis_masks/cpdna_full_coverage_regions.bed	dudleya_organelle_alignment_pipeline/results/06_all_sample_alignment/qc/RSV_LP_052_Du-89.depth.tsv
RSV_LP_052_Du-89	QB3.Berkeley.251217/QB3.Results.260109	D. setchellii	RSV	cpdna_ir_regions	cpDNA	repeat_annotation	chloroplast	2	51472	136014696	2642.498757	51472	1.000000	51472	1.000000	51471	0.999981	dudleya_organelle_alignment_pipeline/results/05_analysis_masks/cpdna_ir_regions.bed	dudleya_organelle_alignment_pipeline/results/06_all_sample_alignment/qc/RSV_LP_052_Du-89.depth.tsv
RSV_LP_052_Du-89	QB3.Berkeley.251217/QB3.Results.260109	D. setchellii	RSV	cpdna_duplicate_ir_mask	cpDNA	mask	chloroplast	1	25736	66519630	2584.691871	25736	1.000000	25736	1.000000	25736	1.000000	dudleya_organelle_alignment_pipeline/results/05_analysis_masks/cpdna_duplicate_ir_copy_mask.bed	dudleya_organelle_alignment_pipeline/results/06_all_sample_alignment/qc/RSV_LP_052_Du-89.depth.tsv
RSV_LP_052_Du-89	QB3.Berkeley.251217/QB3.Results.260109	D. setchellii	RSV	cpdna_population_sites	cpDNA	variant_calling_and_population_genetics	chloroplast	1	124538	319975670	2569.301498	124538	1.000000	124538	1.000000	124537	0.999992	dudleya_organelle_alignment_pipeline/results/05_analysis_masks/cpdna_population_sites.bed	dudleya_organelle_alignment_pipeline/results/06_all_sample_alignment/qc/RSV_LP_052_Du-89.depth.tsv
RSV_LP_052_Du-89	QB3.Berkeley.251217/QB3.Results.260109	D. setchellii	RSV	mtdna_permissive_coverage	mtDNA	sample_qc_coverage	mitochondria	1	243359	40605079	166.852588	243266	0.999618	243178	0.999256	243158	0.999174	dudleya_organelle_alignment_pipeline/results/05_analysis_masks/mtdna_permissive_coverage_regions.bed	dudleya_organelle_alignment_pipeline/results/06_all_sample_alignment/qc/RSV_LP_052_Du-89.depth.tsv
RSV_LP_052_Du-89	QB3.Berkeley.251217/QB3.Results.260109	D. setchellii	RSV	mtdna_high_confidence_unique	mtDNA	variant_calling_and_population_genetics	mitochondria	2	44930	12169096	270.845671	44856	0.998353	44784	0.996751	44780	0.996661	dudleya_organelle_alignment_pipeline/results/05_analysis_masks/mtdna_high_confidence_unique_regions.bed	dudleya_organelle_alignment_pipeline/results/06_all_sample_alignment/qc/RSV_LP_052_Du-89.depth.tsv
RSV_LP_053_Du-90	QB3.Berkeley.251217/QB3.Results.260109	D. setchellii	RSV	cpdna_full_coverage	cpDNA	sample_qc_coverage	chloroplast	1	150274	379998394	2528.703528	150274	1.000000	150274	1.000000	150272	0.999987	dudleya_organelle_alignment_pipeline/results/05_analysis_masks/cpdna_full_coverage_regions.bed	dudleya_organelle_alignment_pipeline/results/06_all_sample_alignment/qc/RSV_LP_053_Du-90.depth.tsv
RSV_LP_053_Du-90	QB3.Berkeley.251217/QB3.Results.260109	D. setchellii	RSV	cpdna_ir_regions	cpDNA	repeat_annotation	chloroplast	2	51472	130479321	2534.957278	51472	1.000000	51472	1.000000	51470	0.999961	dudleya_organelle_alignment_pipeline/results/05_analysis_masks/cpdna_ir_regions.bed	dudleya_organelle_alignment_pipeline/results/06_all_sample_alignment/qc/RSV_LP_053_Du-90.depth.tsv
RSV_LP_053_Du-90	QB3.Berkeley.251217/QB3.Results.260109	D. setchellii	RSV	cpdna_duplicate_ir_mask	cpDNA	mask	chloroplast	1	25736	63725249	2476.113188	25736	1.000000	25736	1.000000	25735	0.999961	dudleya_organelle_alignment_pipeline/results/05_analysis_masks/cpdna_duplicate_ir_copy_mask.bed	dudleya_organelle_alignment_pipeline/results/06_all_sample_alignment/qc/RSV_LP_053_Du-90.depth.tsv
RSV_LP_053_Du-90	QB3.Berkeley.251217/QB3.Results.260109	D. setchellii	RSV	cpdna_population_sites	cpDNA	variant_calling_and_population_genetics	chloroplast	1	124538	316273145	2539.571416	124538	1.000000	124538	1.000000	124537	0.999992	dudleya_organelle_alignment_pipeline/results/05_analysis_masks/cpdna_population_sites.bed	dudleya_organelle_alignment_pipeline/results/06_all_sample_alignment/qc/RSV_LP_053_Du-90.depth.tsv
RSV_LP_053_Du-90	QB3.Berkeley.251217/QB3.Results.260109	D. setchellii	RSV	mtdna_permissive_coverage	mtDNA	sample_qc_coverage	mitochondria	1	243359	57437720	236.020529	243207	0.999375	243181	0.999269	243171	0.999227	dudleya_organelle_alignment_pipeline/results/05_analysis_masks/mtdna_permissive_coverage_regions.bed	dudleya_organelle_alignment_pipeline/results/06_all_sample_alignment/qc/RSV_LP_053_Du-90.depth.tsv
RSV_LP_053_Du-90	QB3.Berkeley.251217/QB3.Results.260109	D. setchellii	RSV	mtdna_high_confidence_unique	mtDNA	variant_calling_and_population_genetics	mitochondria	2	44930	17304595	385.145671	44795	0.996995	44784	0.996751	44784	0.996751	dudleya_organelle_alignment_pipeline/results/05_analysis_masks/mtdna_high_confidence_unique_regions.bed	dudleya_organelle_alignment_pipeline/results/06_all_sample_alignment/qc/RSV_LP_053_Du-90.depth.tsv
RSV_LP_055_Du-92	QB3.Berkeley.251217/QB3.Results.260109	D. setchellii	RSV	cpdna_full_coverage	cpDNA	sample_qc_coverage	chloroplast	1	150274	47678841	317.279376	150273	0.999993	150263	0.999927	150256	0.999880	dudleya_organelle_alignment_pipeline/results/05_analysis_masks/cpdna_full_coverage_regions.bed	dudleya_organelle_alignment_pipeline/results/06_all_sample_alignment/qc/RSV_LP_055_Du-92.depth.tsv
RSV_LP_055_Du-92	QB3.Berkeley.251217/QB3.Results.260109	D. setchellii	RSV	cpdna_ir_regions	cpDNA	repeat_annotation	chloroplast	2	51472	17176101	333.697952	51471	0.999981	51461	0.999786	51456	0.999689	dudleya_organelle_alignment_pipeline/results/05_analysis_masks/cpdna_ir_regions.bed	dudleya_organelle_alignment_pipeline/results/06_all_sample_alignment/qc/RSV_LP_055_Du-92.depth.tsv
RSV_LP_055_Du-92	QB3.Berkeley.251217/QB3.Results.260109	D. setchellii	RSV	cpdna_duplicate_ir_mask	cpDNA	mask	chloroplast	1	25736	8363335	324.966389	25736	1.000000	25727	0.999650	25722	0.999456	dudleya_organelle_alignment_pipeline/results/05_analysis_masks/cpdna_duplicate_ir_copy_mask.bed	dudleya_organelle_alignment_pipeline/results/06_all_sample_alignment/qc/RSV_LP_055_Du-92.depth.tsv
RSV_LP_055_Du-92	QB3.Berkeley.251217/QB3.Results.260109	D. setchellii	RSV	cpdna_population_sites	cpDNA	variant_calling_and_population_genetics	chloroplast	1	124538	39315506	315.690841	124537	0.999992	124536	0.999984	124534	0.999968	dudleya_organelle_alignment_pipeline/results/05_analysis_masks/cpdna_population_sites.bed	dudleya_organelle_alignment_pipeline/results/06_all_sample_alignment/qc/RSV_LP_055_Du-92.depth.tsv
RSV_LP_055_Du-92	QB3.Berkeley.251217/QB3.Results.260109	D. setchellii	RSV	mtdna_permissive_coverage	mtDNA	sample_qc_coverage	mitochondria	1	243359	8320615	34.190702	243188	0.999297	243109	0.998973	242774	0.997596	dudleya_organelle_alignment_pipeline/results/05_analysis_masks/mtdna_permissive_coverage_regions.bed	dudleya_organelle_alignment_pipeline/results/06_all_sample_alignment/qc/RSV_LP_055_Du-92.depth.tsv
RSV_LP_055_Du-92	QB3.Berkeley.251217/QB3.Results.260109	D. setchellii	RSV	mtdna_high_confidence_unique	mtDNA	variant_calling_and_population_genetics	mitochondria	2	44930	2501312	55.671311	44784	0.996751	44780	0.996661	44779	0.996639	dudleya_organelle_alignment_pipeline/results/05_analysis_masks/mtdna_high_confidence_unique_regions.bed	dudleya_organelle_alignment_pipeline/results/06_all_sample_alignment/qc/RSV_LP_055_Du-92.depth.tsv
RSV_LP_057_Du-94	QB3.Berkeley.251217/QB3.Results.260109	D. setchellii	RSV	cpdna_full_coverage	cpDNA	sample_qc_coverage	chloroplast	1	150274	64017674	426.006322	150272	0.999987	150270	0.999973	150256	0.999880	dudleya_organelle_alignment_pipeline/results/05_analysis_masks/cpdna_full_coverage_regions.bed	dudleya_organelle_alignment_pipeline/results/06_all_sample_alignment/qc/RSV_LP_057_Du-94.depth.tsv
RSV_LP_057_Du-94	QB3.Berkeley.251217/QB3.Results.260109	D. setchellii	RSV	cpdna_ir_regions	cpDNA	repeat_annotation	chloroplast	2	51472	23329923	453.254643	51470	0.999961	51469	0.999942	51458	0.999728	dudleya_organelle_alignment_pipeline/results/05_analysis_masks/cpdna_ir_regions.bed	dudleya_organelle_alignment_pipeline/results/06_all_sample_alignment/qc/RSV_LP_057_Du-94.depth.tsv
RSV_LP_057_Du-94	QB3.Berkeley.251217/QB3.Results.260109	D. setchellii	RSV	cpdna_duplicate_ir_mask	cpDNA	mask	chloroplast	1	25736	11349126	440.982515	25735	0.999961	25734	0.999922	25724	0.999534	dudleya_organelle_alignment_pipeline/results/05_analysis_masks/cpdna_duplicate_ir_copy_mask.bed	dudleya_organelle_alignment_pipeline/results/06_all_sample_alignment/qc/RSV_LP_057_Du-94.depth.tsv
RSV_LP_057_Du-94	QB3.Berkeley.251217/QB3.Results.260109	D. setchellii	RSV	cpdna_population_sites	cpDNA	variant_calling_and_population_genetics	chloroplast	1	124538	52668548	422.911465	124537	0.999992	124536	0.999984	124532	0.999952	dudleya_organelle_alignment_pipeline/results/05_analysis_masks/cpdna_population_sites.bed	dudleya_organelle_alignment_pipeline/results/06_all_sample_alignment/qc/RSV_LP_057_Du-94.depth.tsv
RSV_LP_057_Du-94	QB3.Berkeley.251217/QB3.Results.260109	D. setchellii	RSV	mtdna_permissive_coverage	mtDNA	sample_qc_coverage	mitochondria	1	243359	12961913	53.262518	243189	0.999301	243146	0.999125	243091	0.998899	dudleya_organelle_alignment_pipeline/results/05_analysis_masks/mtdna_permissive_coverage_regions.bed	dudleya_organelle_alignment_pipeline/results/06_all_sample_alignment/qc/RSV_LP_057_Du-94.depth.tsv
RSV_LP_057_Du-94	QB3.Berkeley.251217/QB3.Results.260109	D. setchellii	RSV	mtdna_high_confidence_unique	mtDNA	variant_calling_and_population_genetics	mitochondria	2	44930	3895444	86.700289	44785	0.996773	44784	0.996751	44780	0.996661	dudleya_organelle_alignment_pipeline/results/05_analysis_masks/mtdna_high_confidence_unique_regions.bed	dudleya_organelle_alignment_pipeline/results/06_all_sample_alignment/qc/RSV_LP_057_Du-94.depth.tsv
RSV_LP_315_Du-95	QB3.Berkeley.251217/QB3.Results.260109	D. setchellii	RSV	cpdna_full_coverage	cpDNA	sample_qc_coverage	chloroplast	1	150274	117453562	781.596031	150274	1.000000	150274	1.000000	150272	0.999987	dudleya_organelle_alignment_pipeline/results/05_analysis_masks/cpdna_full_coverage_regions.bed	dudleya_organelle_alignment_pipeline/results/06_all_sample_alignment/qc/RSV_LP_315_Du-95.depth.tsv
RSV_LP_315_Du-95	QB3.Berkeley.251217/QB3.Results.260109	D. setchellii	RSV	cpdna_ir_regions	cpDNA	repeat_annotation	chloroplast	2	51472	50756073	986.090943	51472	1.000000	51472	1.000000	51470	0.999961	dudleya_organelle_alignment_pipeline/results/05_analysis_masks/cpdna_ir_regions.bed	dudleya_organelle_alignment_pipeline/results/06_all_sample_alignment/qc/RSV_LP_315_Du-95.depth.tsv
RSV_LP_315_Du-95	QB3.Berkeley.251217/QB3.Results.260109	D. setchellii	RSV	cpdna_duplicate_ir_mask	cpDNA	mask	chloroplast	1	25736	24513470	952.497280	25736	1.000000	25736	1.000000	25735	0.999961	dudleya_organelle_alignment_pipeline/results/05_analysis_masks/cpdna_duplicate_ir_copy_mask.bed	dudleya_organelle_alignment_pipeline/results/06_all_sample_alignment/qc/RSV_LP_315_Du-95.depth.tsv
RSV_LP_315_Du-95	QB3.Berkeley.251217/QB3.Results.260109	D. setchellii	RSV	cpdna_population_sites	cpDNA	variant_calling_and_population_genetics	chloroplast	1	124538	92940092	746.278983	124538	1.000000	124538	1.000000	124537	0.999992	dudleya_organelle_alignment_pipeline/results/05_analysis_masks/cpdna_population_sites.bed	dudleya_organelle_alignment_pipeline/results/06_all_sample_alignment/qc/RSV_LP_315_Du-95.depth.tsv
RSV_LP_315_Du-95	QB3.Berkeley.251217/QB3.Results.260109	D. setchellii	RSV	mtdna_permissive_coverage	mtDNA	sample_qc_coverage	mitochondria	1	243359	27495543	112.983465	243197	0.999334	243173	0.999236	243147	0.999129	dudleya_organelle_alignment_pipeline/results/05_analysis_masks/mtdna_permissive_coverage_regions.bed	dudleya_organelle_alignment_pipeline/results/06_all_sample_alignment/qc/RSV_LP_315_Du-95.depth.tsv
RSV_LP_315_Du-95	QB3.Berkeley.251217/QB3.Results.260109	D. setchellii	RSV	mtdna_high_confidence_unique	mtDNA	variant_calling_and_population_genetics	mitochondria	2	44930	8411340	187.209882	44788	0.996840	44780	0.996661	44780	0.996661	dudleya_organelle_alignment_pipeline/results/05_analysis_masks/mtdna_high_confidence_unique_regions.bed	dudleya_organelle_alignment_pipeline/results/06_all_sample_alignment/qc/RSV_LP_315_Du-95.depth.tsv
RSV_LP_316_Du-96	QB3.Berkeley.251217/QB3.Results.260109	D. setchellii	RSV	cpdna_full_coverage	cpDNA	sample_qc_coverage	chloroplast	1	150274	81002324	539.030864	150274	1.000000	150271	0.999980	150267	0.999953	dudleya_organelle_alignment_pipeline/results/05_analysis_masks/cpdna_full_coverage_regions.bed	dudleya_organelle_alignment_pipeline/results/06_all_sample_alignment/qc/RSV_LP_316_Du-96.depth.tsv
RSV_LP_316_Du-96	QB3.Berkeley.251217/QB3.Results.260109	D. setchellii	RSV	cpdna_ir_regions	cpDNA	repeat_annotation	chloroplast	2	51472	28353223	550.847509	51472	1.000000	51469	0.999942	51465	0.999864	dudleya_organelle_alignment_pipeline/results/05_analysis_masks/cpdna_ir_regions.bed	dudleya_organelle_alignment_pipeline/results/06_all_sample_alignment/qc/RSV_LP_316_Du-96.depth.tsv
RSV_LP_316_Du-96	QB3.Berkeley.251217/QB3.Results.260109	D. setchellii	RSV	cpdna_duplicate_ir_mask	cpDNA	mask	chloroplast	1	25736	13866648	538.803544	25736	1.000000	25734	0.999922	25731	0.999806	dudleya_organelle_alignment_pipeline/results/05_analysis_masks/cpdna_duplicate_ir_copy_mask.bed	dudleya_organelle_alignment_pipeline/results/06_all_sample_alignment/qc/RSV_LP_316_Du-96.depth.tsv
RSV_LP_316_Du-96	QB3.Berkeley.251217/QB3.Results.260109	D. setchellii	RSV	cpdna_population_sites	cpDNA	variant_calling_and_population_genetics	chloroplast	1	124538	67135676	539.077840	124538	1.000000	124537	0.999992	124536	0.999984	dudleya_organelle_alignment_pipeline/results/05_analysis_masks/cpdna_population_sites.bed	dudleya_organelle_alignment_pipeline/results/06_all_sample_alignment/qc/RSV_LP_316_Du-96.depth.tsv
RSV_LP_316_Du-96	QB3.Berkeley.251217/QB3.Results.260109	D. setchellii	RSV	mtdna_permissive_coverage	mtDNA	sample_qc_coverage	mitochondria	1	243359	8943549	36.750435	243185	0.999285	243123	0.999030	242931	0.998241	dudleya_organelle_alignment_pipeline/results/05_analysis_masks/mtdna_permissive_coverage_regions.bed	dudleya_organelle_alignment_pipeline/results/06_all_sample_alignment/qc/RSV_LP_316_Du-96.depth.tsv
RSV_LP_316_Du-96	QB3.Berkeley.251217/QB3.Results.260109	D. setchellii	RSV	mtdna_high_confidence_unique	mtDNA	variant_calling_and_population_genetics	mitochondria	2	44930	2681191	59.674850	44786	0.996795	44780	0.996661	44780	0.996661	dudleya_organelle_alignment_pipeline/results/05_analysis_masks/mtdna_high_confidence_unique_regions.bed	dudleya_organelle_alignment_pipeline/results/06_all_sample_alignment/qc/RSV_LP_316_Du-96.depth.tsv
SILG_LP_149_Du-343	QB3.Berkeley.251217/QB3.Results.260109	D. setchellii	SILG	cpdna_full_coverage	cpDNA	sample_qc_coverage	chloroplast	1	150274	23294326	155.012351	150272	0.999987	150236	0.999747	150162	0.999255	dudleya_organelle_alignment_pipeline/results/05_analysis_masks/cpdna_full_coverage_regions.bed	dudleya_organelle_alignment_pipeline/results/06_all_sample_alignment/qc/SILG_LP_149_Du-343.depth.tsv
SILG_LP_149_Du-343	QB3.Berkeley.251217/QB3.Results.260109	D. setchellii	SILG	cpdna_ir_regions	cpDNA	repeat_annotation	chloroplast	2	51472	7751461	150.595683	51470	0.999961	51436	0.999301	51367	0.997960	dudleya_organelle_alignment_pipeline/results/05_analysis_masks/cpdna_ir_regions.bed	dudleya_organelle_alignment_pipeline/results/06_all_sample_alignment/qc/SILG_LP_149_Du-343.depth.tsv
SILG_LP_149_Du-343	QB3.Berkeley.251217/QB3.Results.260109	D. setchellii	SILG	cpdna_duplicate_ir_mask	cpDNA	mask	chloroplast	1	25736	3792728	147.370532	25736	1.000000	25707	0.998873	25654	0.996814	dudleya_organelle_alignment_pipeline/results/05_analysis_masks/cpdna_duplicate_ir_copy_mask.bed	dudleya_organelle_alignment_pipeline/results/06_all_sample_alignment/qc/SILG_LP_149_Du-343.depth.tsv
SILG_LP_149_Du-343	QB3.Berkeley.251217/QB3.Results.260109	D. setchellii	SILG	cpdna_population_sites	cpDNA	variant_calling_and_population_genetics	chloroplast	1	124538	19501598	156.591546	124536	0.999984	124529	0.999928	124508	0.999759	dudleya_organelle_alignment_pipeline/results/05_analysis_masks/cpdna_population_sites.bed	dudleya_organelle_alignment_pipeline/results/06_all_sample_alignment/qc/SILG_LP_149_Du-343.depth.tsv
SILG_LP_149_Du-343	QB3.Berkeley.251217/QB3.Results.260109	D. setchellii	SILG	mtdna_permissive_coverage	mtDNA	sample_qc_coverage	mitochondria	1	243359	2886046	11.859212	235224	0.966572	214009	0.879396	144121	0.592216	dudleya_organelle_alignment_pipeline/results/05_analysis_masks/mtdna_permissive_coverage_regions.bed	dudleya_organelle_alignment_pipeline/results/06_all_sample_alignment/qc/SILG_LP_149_Du-343.depth.tsv
SILG_LP_149_Du-343	QB3.Berkeley.251217/QB3.Results.260109	D. setchellii	SILG	mtdna_high_confidence_unique	mtDNA	variant_calling_and_population_genetics	mitochondria	2	44930	952652	21.203027	44930	1.000000	44897	0.999266	43687	0.972335	dudleya_organelle_alignment_pipeline/results/05_analysis_masks/mtdna_high_confidence_unique_regions.bed	dudleya_organelle_alignment_pipeline/results/06_all_sample_alignment/qc/SILG_LP_149_Du-343.depth.tsv
SILG_LP_150_Du-344	QB3.Berkeley.251217/QB3.Results.260109	D. setchellii	SILG	cpdna_full_coverage	cpDNA	sample_qc_coverage	chloroplast	1	150274	47068976	313.221023	150272	0.999987	150257	0.999887	150241	0.999780	dudleya_organelle_alignment_pipeline/results/05_analysis_masks/cpdna_full_coverage_regions.bed	dudleya_organelle_alignment_pipeline/results/06_all_sample_alignment/qc/SILG_LP_150_Du-344.depth.tsv
SILG_LP_150_Du-344	QB3.Berkeley.251217/QB3.Results.260109	D. setchellii	SILG	cpdna_ir_regions	cpDNA	repeat_annotation	chloroplast	2	51472	16063196	312.076391	51471	0.999981	51464	0.999845	51456	0.999689	dudleya_organelle_alignment_pipeline/results/05_analysis_masks/cpdna_ir_regions.bed	dudleya_organelle_alignment_pipeline/results/06_all_sample_alignment/qc/SILG_LP_150_Du-344.depth.tsv
SILG_LP_150_Du-344	QB3.Berkeley.251217/QB3.Results.260109	D. setchellii	SILG	cpdna_duplicate_ir_mask	cpDNA	mask	chloroplast	1	25736	7876382	306.045306	25736	1.000000	25730	0.999767	25722	0.999456	dudleya_organelle_alignment_pipeline/results/05_analysis_masks/cpdna_duplicate_ir_copy_mask.bed	dudleya_organelle_alignment_pipeline/results/06_all_sample_alignment/qc/SILG_LP_150_Du-344.depth.tsv
SILG_LP_150_Du-344	QB3.Berkeley.251217/QB3.Results.260109	D. setchellii	SILG	cpdna_population_sites	cpDNA	variant_calling_and_population_genetics	chloroplast	1	124538	39192594	314.703898	124536	0.999984	124527	0.999912	124519	0.999847	dudleya_organelle_alignment_pipeline/results/05_analysis_masks/cpdna_population_sites.bed	dudleya_organelle_alignment_pipeline/results/06_all_sample_alignment/qc/SILG_LP_150_Du-344.depth.tsv
SILG_LP_150_Du-344	QB3.Berkeley.251217/QB3.Results.260109	D. setchellii	SILG	mtdna_permissive_coverage	mtDNA	sample_qc_coverage	mitochondria	1	243359	4637566	19.056480	230117	0.945587	228696	0.939747	211293	0.868236	dudleya_organelle_alignment_pipeline/results/05_analysis_masks/mtdna_permissive_coverage_regions.bed	dudleya_organelle_alignment_pipeline/results/06_all_sample_alignment/qc/SILG_LP_150_Du-344.depth.tsv
SILG_LP_150_Du-344	QB3.Berkeley.251217/QB3.Results.260109	D. setchellii	SILG	mtdna_high_confidence_unique	mtDNA	variant_calling_and_population_genetics	mitochondria	2	44930	1487466	33.106299	44930	1.000000	44930	1.000000	44863	0.998509	dudleya_organelle_alignment_pipeline/results/05_analysis_masks/mtdna_high_confidence_unique_regions.bed	dudleya_organelle_alignment_pipeline/results/06_all_sample_alignment/qc/SILG_LP_150_Du-344.depth.tsv
SILG_LP_151_Du-345	QB3.Berkeley.251217/QB3.Results.260109	D. setchellii	SILG	cpdna_full_coverage	cpDNA	sample_qc_coverage	chloroplast	1	150274	43668136	290.590095	150271	0.999980	150242	0.999787	150208	0.999561	dudleya_organelle_alignment_pipeline/results/05_analysis_masks/cpdna_full_coverage_regions.bed	dudleya_organelle_alignment_pipeline/results/06_all_sample_alignment/qc/SILG_LP_151_Du-345.depth.tsv
SILG_LP_151_Du-345	QB3.Berkeley.251217/QB3.Results.260109	D. setchellii	SILG	cpdna_ir_regions	cpDNA	repeat_annotation	chloroplast	2	51472	14917318	289.814229	51470	0.999961	51448	0.999534	51419	0.998970	dudleya_organelle_alignment_pipeline/results/05_analysis_masks/cpdna_ir_regions.bed	dudleya_organelle_alignment_pipeline/results/06_all_sample_alignment/qc/SILG_LP_151_Du-345.depth.tsv
SILG_LP_151_Du-345	QB3.Berkeley.251217/QB3.Results.260109	D. setchellii	SILG	cpdna_duplicate_ir_mask	cpDNA	mask	chloroplast	1	25736	7279943	282.870026	25735	0.999961	25718	0.999301	25692	0.998290	dudleya_organelle_alignment_pipeline/results/05_analysis_masks/cpdna_duplicate_ir_copy_mask.bed	dudleya_organelle_alignment_pipeline/results/06_all_sample_alignment/qc/SILG_LP_151_Du-345.depth.tsv
SILG_LP_151_Du-345	QB3.Berkeley.251217/QB3.Results.260109	D. setchellii	SILG	cpdna_population_sites	cpDNA	variant_calling_and_population_genetics	chloroplast	1	124538	36388193	292.185461	124536	0.999984	124524	0.999888	124516	0.999823	dudleya_organelle_alignment_pipeline/results/05_analysis_masks/cpdna_population_sites.bed	dudleya_organelle_alignment_pipeline/results/06_all_sample_alignment/qc/SILG_LP_151_Du-345.depth.tsv
SILG_LP_151_Du-345	QB3.Berkeley.251217/QB3.Results.260109	D. setchellii	SILG	mtdna_permissive_coverage	mtDNA	sample_qc_coverage	mitochondria	1	243359	5577363	22.918252	230111	0.945562	229844	0.944465	225922	0.928349	dudleya_organelle_alignment_pipeline/results/05_analysis_masks/mtdna_permissive_coverage_regions.bed	dudleya_organelle_alignment_pipeline/results/06_all_sample_alignment/qc/SILG_LP_151_Du-345.depth.tsv
SILG_LP_151_Du-345	QB3.Berkeley.251217/QB3.Results.260109	D. setchellii	SILG	mtdna_high_confidence_unique	mtDNA	variant_calling_and_population_genetics	mitochondria	2	44930	1750216	38.954284	44930	1.000000	44930	1.000000	44923	0.999844	dudleya_organelle_alignment_pipeline/results/05_analysis_masks/mtdna_high_confidence_unique_regions.bed	dudleya_organelle_alignment_pipeline/results/06_all_sample_alignment/qc/SILG_LP_151_Du-345.depth.tsv
SILG_LP_152_Du-346	QB3.Berkeley.251217/QB3.Results.260109	D. setchellii	SILG	cpdna_full_coverage	cpDNA	sample_qc_coverage	chloroplast	1	150274	35790277	238.166795	150267	0.999953	150247	0.999820	150207	0.999554	dudleya_organelle_alignment_pipeline/results/05_analysis_masks/cpdna_full_coverage_regions.bed	dudleya_organelle_alignment_pipeline/results/06_all_sample_alignment/qc/SILG_LP_152_Du-346.depth.tsv
SILG_LP_152_Du-346	QB3.Berkeley.251217/QB3.Results.260109	D. setchellii	SILG	cpdna_ir_regions	cpDNA	repeat_annotation	chloroplast	2	51472	12392377	240.759578	51466	0.999883	51455	0.999670	51426	0.999106	dudleya_organelle_alignment_pipeline/results/05_analysis_masks/cpdna_ir_regions.bed	dudleya_organelle_alignment_pipeline/results/06_all_sample_alignment/qc/SILG_LP_152_Du-346.depth.tsv
SILG_LP_152_Du-346	QB3.Berkeley.251217/QB3.Results.260109	D. setchellii	SILG	cpdna_duplicate_ir_mask	cpDNA	mask	chloroplast	1	25736	6104151	237.183362	25732	0.999845	25721	0.999417	25699	0.998562	dudleya_organelle_alignment_pipeline/results/05_analysis_masks/cpdna_duplicate_ir_copy_mask.bed	dudleya_organelle_alignment_pipeline/results/06_all_sample_alignment/qc/SILG_LP_152_Du-346.depth.tsv
SILG_LP_152_Du-346	QB3.Berkeley.251217/QB3.Results.260109	D. setchellii	SILG	cpdna_population_sites	cpDNA	variant_calling_and_population_genetics	chloroplast	1	124538	29686126	238.370024	124535	0.999976	124526	0.999904	124508	0.999759	dudleya_organelle_alignment_pipeline/results/05_analysis_masks/cpdna_population_sites.bed	dudleya_organelle_alignment_pipeline/results/06_all_sample_alignment/qc/SILG_LP_152_Du-346.depth.tsv
SILG_LP_152_Du-346	QB3.Berkeley.251217/QB3.Results.260109	D. setchellii	SILG	mtdna_permissive_coverage	mtDNA	sample_qc_coverage	mitochondria	1	243359	5165375	21.225330	230288	0.946289	229674	0.943766	221368	0.909636	dudleya_organelle_alignment_pipeline/results/05_analysis_masks/mtdna_permissive_coverage_regions.bed	dudleya_organelle_alignment_pipeline/results/06_all_sample_alignment/qc/SILG_LP_152_Du-346.depth.tsv
SILG_LP_152_Du-346	QB3.Berkeley.251217/QB3.Results.260109	D. setchellii	SILG	mtdna_high_confidence_unique	mtDNA	variant_calling_and_population_genetics	mitochondria	2	44930	1648351	36.687091	44930	1.000000	44930	1.000000	44872	0.998709	dudleya_organelle_alignment_pipeline/results/05_analysis_masks/mtdna_high_confidence_unique_regions.bed	dudleya_organelle_alignment_pipeline/results/06_all_sample_alignment/qc/SILG_LP_152_Du-346.depth.tsv
SILG_LP_153_Du-347	QB3.Berkeley.251217/QB3.Results.260109	D. setchellii	SILG	cpdna_full_coverage	cpDNA	sample_qc_coverage	chloroplast	1	150274	29612619	197.057502	150264	0.999933	150230	0.999707	150187	0.999421	dudleya_organelle_alignment_pipeline/results/05_analysis_masks/cpdna_full_coverage_regions.bed	dudleya_organelle_alignment_pipeline/results/06_all_sample_alignment/qc/SILG_LP_153_Du-347.depth.tsv
SILG_LP_153_Du-347	QB3.Berkeley.251217/QB3.Results.260109	D. setchellii	SILG	cpdna_ir_regions	cpDNA	repeat_annotation	chloroplast	2	51472	10154443	197.280910	51466	0.999883	51441	0.999398	51405	0.998698	dudleya_organelle_alignment_pipeline/results/05_analysis_masks/cpdna_ir_regions.bed	dudleya_organelle_alignment_pipeline/results/06_all_sample_alignment/qc/SILG_LP_153_Du-347.depth.tsv
SILG_LP_153_Du-347	QB3.Berkeley.251217/QB3.Results.260109	D. setchellii	SILG	cpdna_duplicate_ir_mask	cpDNA	mask	chloroplast	1	25736	4946672	192.208269	25732	0.999845	25707	0.998873	25677	0.997707	dudleya_organelle_alignment_pipeline/results/05_analysis_masks/cpdna_duplicate_ir_copy_mask.bed	dudleya_organelle_alignment_pipeline/results/06_all_sample_alignment/qc/SILG_LP_153_Du-347.depth.tsv
SILG_LP_153_Du-347	QB3.Berkeley.251217/QB3.Results.260109	D. setchellii	SILG	cpdna_population_sites	cpDNA	variant_calling_and_population_genetics	chloroplast	1	124538	24665947	198.059604	124532	0.999952	124523	0.999880	124510	0.999775	dudleya_organelle_alignment_pipeline/results/05_analysis_masks/cpdna_population_sites.bed	dudleya_organelle_alignment_pipeline/results/06_all_sample_alignment/qc/SILG_LP_153_Du-347.depth.tsv
SILG_LP_153_Du-347	QB3.Berkeley.251217/QB3.Results.260109	D. setchellii	SILG	mtdna_permissive_coverage	mtDNA	sample_qc_coverage	mitochondria	1	243359	3884294	15.961168	230035	0.945250	226555	0.930950	192997	0.793055	dudleya_organelle_alignment_pipeline/results/05_analysis_masks/mtdna_permissive_coverage_regions.bed	dudleya_organelle_alignment_pipeline/results/06_all_sample_alignment/qc/SILG_LP_153_Du-347.depth.tsv
SILG_LP_153_Du-347	QB3.Berkeley.251217/QB3.Results.260109	D. setchellii	SILG	mtdna_high_confidence_unique	mtDNA	variant_calling_and_population_genetics	mitochondria	2	44930	1248110	27.778990	44930	1.000000	44929	0.999978	44732	0.995593	dudleya_organelle_alignment_pipeline/results/05_analysis_masks/mtdna_high_confidence_unique_regions.bed	dudleya_organelle_alignment_pipeline/results/06_all_sample_alignment/qc/SILG_LP_153_Du-347.depth.tsv
SILG_LP_154_Du-348	QB3.Berkeley.251217/QB3.Results.260109	D. setchellii	SILG	cpdna_full_coverage	cpDNA	sample_qc_coverage	chloroplast	1	150274	217811217	1449.427160	150274	1.000000	150268	0.999960	150265	0.999940	dudleya_organelle_alignment_pipeline/results/05_analysis_masks/cpdna_full_coverage_regions.bed	dudleya_organelle_alignment_pipeline/results/06_all_sample_alignment/qc/SILG_LP_154_Du-348.depth.tsv
SILG_LP_154_Du-348	QB3.Berkeley.251217/QB3.Results.260109	D. setchellii	SILG	cpdna_ir_regions	cpDNA	repeat_annotation	chloroplast	2	51472	80347955	1561.003167	51472	1.000000	51471	0.999981	51469	0.999942	dudleya_organelle_alignment_pipeline/results/05_analysis_masks/cpdna_ir_regions.bed	dudleya_organelle_alignment_pipeline/results/06_all_sample_alignment/qc/SILG_LP_154_Du-348.depth.tsv
SILG_LP_154_Du-348	QB3.Berkeley.251217/QB3.Results.260109	D. setchellii	SILG	cpdna_duplicate_ir_mask	cpDNA	mask	chloroplast	1	25736	39185355	1522.589175	25736	1.000000	25736	1.000000	25734	0.999922	dudleya_organelle_alignment_pipeline/results/05_analysis_masks/cpdna_duplicate_ir_copy_mask.bed	dudleya_organelle_alignment_pipeline/results/06_all_sample_alignment/qc/SILG_LP_154_Du-348.depth.tsv
SILG_LP_154_Du-348	QB3.Berkeley.251217/QB3.Results.260109	D. setchellii	SILG	cpdna_population_sites	cpDNA	variant_calling_and_population_genetics	chloroplast	1	124538	178625862	1434.308099	124538	1.000000	124532	0.999952	124531	0.999944	dudleya_organelle_alignment_pipeline/results/05_analysis_masks/cpdna_population_sites.bed	dudleya_organelle_alignment_pipeline/results/06_all_sample_alignment/qc/SILG_LP_154_Du-348.depth.tsv
SILG_LP_154_Du-348	QB3.Berkeley.251217/QB3.Results.260109	D. setchellii	SILG	mtdna_permissive_coverage	mtDNA	sample_qc_coverage	mitochondria	1	243359	18962226	77.918737	230263	0.946186	229991	0.945069	229928	0.944810	dudleya_organelle_alignment_pipeline/results/05_analysis_masks/mtdna_permissive_coverage_regions.bed	dudleya_organelle_alignment_pipeline/results/06_all_sample_alignment/qc/SILG_LP_154_Du-348.depth.tsv
SILG_LP_154_Du-348	QB3.Berkeley.251217/QB3.Results.260109	D. setchellii	SILG	mtdna_high_confidence_unique	mtDNA	variant_calling_and_population_genetics	mitochondria	2	44930	6036350	134.350100	44930	1.000000	44930	1.000000	44930	1.000000	dudleya_organelle_alignment_pipeline/results/05_analysis_masks/mtdna_high_confidence_unique_regions.bed	dudleya_organelle_alignment_pipeline/results/06_all_sample_alignment/qc/SILG_LP_154_Du-348.depth.tsv
SILG_LP_155_Du-349	QB3.Berkeley.251217/QB3.Results.260109	D. setchellii	SILG	cpdna_full_coverage	cpDNA	sample_qc_coverage	chloroplast	1	150274	35442036	235.849422	150271	0.999980	150246	0.999814	150212	0.999587	dudleya_organelle_alignment_pipeline/results/05_analysis_masks/cpdna_full_coverage_regions.bed	dudleya_organelle_alignment_pipeline/results/06_all_sample_alignment/qc/SILG_LP_155_Du-349.depth.tsv
SILG_LP_155_Du-349	QB3.Berkeley.251217/QB3.Results.260109	D. setchellii	SILG	cpdna_ir_regions	cpDNA	repeat_annotation	chloroplast	2	51472	12915820	250.929049	51469	0.999942	51453	0.999631	51426	0.999106	dudleya_organelle_alignment_pipeline/results/05_analysis_masks/cpdna_ir_regions.bed	dudleya_organelle_alignment_pipeline/results/06_all_sample_alignment/qc/SILG_LP_155_Du-349.depth.tsv
SILG_LP_155_Du-349	QB3.Berkeley.251217/QB3.Results.260109	D. setchellii	SILG	cpdna_duplicate_ir_mask	cpDNA	mask	chloroplast	1	25736	6327227	245.851220	25733	0.999883	25721	0.999417	25701	0.998640	dudleya_organelle_alignment_pipeline/results/05_analysis_masks/cpdna_duplicate_ir_copy_mask.bed	dudleya_organelle_alignment_pipeline/results/06_all_sample_alignment/qc/SILG_LP_155_Du-349.depth.tsv
SILG_LP_155_Du-349	QB3.Berkeley.251217/QB3.Results.260109	D. setchellii	SILG	cpdna_population_sites	cpDNA	variant_calling_and_population_genetics	chloroplast	1	124538	29114809	233.782532	124538	1.000000	124525	0.999896	124511	0.999783	dudleya_organelle_alignment_pipeline/results/05_analysis_masks/cpdna_population_sites.bed	dudleya_organelle_alignment_pipeline/results/06_all_sample_alignment/qc/SILG_LP_155_Du-349.depth.tsv
SILG_LP_155_Du-349	QB3.Berkeley.251217/QB3.Results.260109	D. setchellii	SILG	mtdna_permissive_coverage	mtDNA	sample_qc_coverage	mitochondria	1	243359	4765491	19.582144	230422	0.946840	228817	0.940245	213697	0.878114	dudleya_organelle_alignment_pipeline/results/05_analysis_masks/mtdna_permissive_coverage_regions.bed	dudleya_organelle_alignment_pipeline/results/06_all_sample_alignment/qc/SILG_LP_155_Du-349.depth.tsv
SILG_LP_155_Du-349	QB3.Berkeley.251217/QB3.Results.260109	D. setchellii	SILG	mtdna_high_confidence_unique	mtDNA	variant_calling_and_population_genetics	mitochondria	2	44930	1541692	34.313198	44930	1.000000	44930	1.000000	44929	0.999978	dudleya_organelle_alignment_pipeline/results/05_analysis_masks/mtdna_high_confidence_unique_regions.bed	dudleya_organelle_alignment_pipeline/results/06_all_sample_alignment/qc/SILG_LP_155_Du-349.depth.tsv
SILG_LP_156_Du-350	QB3.Berkeley.251217/QB3.Results.260109	D. setchellii	SILG	cpdna_full_coverage	cpDNA	sample_qc_coverage	chloroplast	1	150274	22523618	149.883666	150259	0.999900	150214	0.999601	150166	0.999281	dudleya_organelle_alignment_pipeline/results/05_analysis_masks/cpdna_full_coverage_regions.bed	dudleya_organelle_alignment_pipeline/results/06_all_sample_alignment/qc/SILG_LP_156_Du-350.depth.tsv
SILG_LP_156_Du-350	QB3.Berkeley.251217/QB3.Results.260109	D. setchellii	SILG	cpdna_ir_regions	cpDNA	repeat_annotation	chloroplast	2	51472	9099423	176.783941	51466	0.999883	51430	0.999184	51395	0.998504	dudleya_organelle_alignment_pipeline/results/05_analysis_masks/cpdna_ir_regions.bed	dudleya_organelle_alignment_pipeline/results/06_all_sample_alignment/qc/SILG_LP_156_Du-350.depth.tsv
SILG_LP_156_Du-350	QB3.Berkeley.251217/QB3.Results.260109	D. setchellii	SILG	cpdna_duplicate_ir_mask	cpDNA	mask	chloroplast	1	25736	4357665	169.321767	25733	0.999883	25708	0.998912	25679	0.997785	dudleya_organelle_alignment_pipeline/results/05_analysis_masks/cpdna_duplicate_ir_copy_mask.bed	dudleya_organelle_alignment_pipeline/results/06_all_sample_alignment/qc/SILG_LP_156_Du-350.depth.tsv
SILG_LP_156_Du-350	QB3.Berkeley.251217/QB3.Results.260109	D. setchellii	SILG	cpdna_population_sites	cpDNA	variant_calling_and_population_genetics	chloroplast	1	124538	18165953	145.866747	124526	0.999904	124506	0.999743	124487	0.999590	dudleya_organelle_alignment_pipeline/results/05_analysis_masks/cpdna_population_sites.bed	dudleya_organelle_alignment_pipeline/results/06_all_sample_alignment/qc/SILG_LP_156_Du-350.depth.tsv
SILG_LP_156_Du-350	QB3.Berkeley.251217/QB3.Results.260109	D. setchellii	SILG	mtdna_permissive_coverage	mtDNA	sample_qc_coverage	mitochondria	1	243359	5716147	23.488538	230024	0.945204	229586	0.943405	221511	0.910223	dudleya_organelle_alignment_pipeline/results/05_analysis_masks/mtdna_permissive_coverage_regions.bed	dudleya_organelle_alignment_pipeline/results/06_all_sample_alignment/qc/SILG_LP_156_Du-350.depth.tsv
SILG_LP_156_Du-350	QB3.Berkeley.251217/QB3.Results.260109	D. setchellii	SILG	mtdna_high_confidence_unique	mtDNA	variant_calling_and_population_genetics	mitochondria	2	44930	1831964	40.773737	44929	0.999978	44929	0.999978	44928	0.999955	dudleya_organelle_alignment_pipeline/results/05_analysis_masks/mtdna_high_confidence_unique_regions.bed	dudleya_organelle_alignment_pipeline/results/06_all_sample_alignment/qc/SILG_LP_156_Du-350.depth.tsv
SILG_LP_157_Du-351	QB3.Berkeley.251217/QB3.Results.260109	D. setchellii	SILG	cpdna_full_coverage	cpDNA	sample_qc_coverage	chloroplast	1	150274	34839722	231.841317	150273	0.999993	150248	0.999827	150197	0.999488	dudleya_organelle_alignment_pipeline/results/05_analysis_masks/cpdna_full_coverage_regions.bed	dudleya_organelle_alignment_pipeline/results/06_all_sample_alignment/qc/SILG_LP_157_Du-351.depth.tsv
SILG_LP_157_Du-351	QB3.Berkeley.251217/QB3.Results.260109	D. setchellii	SILG	cpdna_ir_regions	cpDNA	repeat_annotation	chloroplast	2	51472	11971464	232.582064	51471	0.999981	51452	0.999611	51413	0.998854	dudleya_organelle_alignment_pipeline/results/05_analysis_masks/cpdna_ir_regions.bed	dudleya_organelle_alignment_pipeline/results/06_all_sample_alignment/qc/SILG_LP_157_Du-351.depth.tsv
SILG_LP_157_Du-351	QB3.Berkeley.251217/QB3.Results.260109	D. setchellii	SILG	cpdna_duplicate_ir_mask	cpDNA	mask	chloroplast	1	25736	5829442	226.509248	25736	1.000000	25717	0.999262	25692	0.998290	dudleya_organelle_alignment_pipeline/results/05_analysis_masks/cpdna_duplicate_ir_copy_mask.bed	dudleya_organelle_alignment_pipeline/results/06_all_sample_alignment/qc/SILG_LP_157_Du-351.depth.tsv
SILG_LP_157_Du-351	QB3.Berkeley.251217/QB3.Results.260109	D. setchellii	SILG	cpdna_population_sites	cpDNA	variant_calling_and_population_genetics	chloroplast	1	124538	29010280	232.943198	124537	0.999992	124531	0.999944	124505	0.999735	dudleya_organelle_alignment_pipeline/results/05_analysis_masks/cpdna_population_sites.bed	dudleya_organelle_alignment_pipeline/results/06_all_sample_alignment/qc/SILG_LP_157_Du-351.depth.tsv
SILG_LP_157_Du-351	QB3.Berkeley.251217/QB3.Results.260109	D. setchellii	SILG	mtdna_permissive_coverage	mtDNA	sample_qc_coverage	mitochondria	1	243359	1791237	7.360472	226886	0.932310	173528	0.713054	66298	0.272429	dudleya_organelle_alignment_pipeline/results/05_analysis_masks/mtdna_permissive_coverage_regions.bed	dudleya_organelle_alignment_pipeline/results/06_all_sample_alignment/qc/SILG_LP_157_Du-351.depth.tsv
SILG_LP_157_Du-351	QB3.Berkeley.251217/QB3.Results.260109	D. setchellii	SILG	mtdna_high_confidence_unique	mtDNA	variant_calling_and_population_genetics	mitochondria	2	44930	570284	12.692722	44895	0.999221	43374	0.965368	31931	0.710683	dudleya_organelle_alignment_pipeline/results/05_analysis_masks/mtdna_high_confidence_unique_regions.bed	dudleya_organelle_alignment_pipeline/results/06_all_sample_alignment/qc/SILG_LP_157_Du-351.depth.tsv
SILG_LP_158_Du-352	QB3.Berkeley.251217/QB3.Results.260109	D. setchellii	SILG	cpdna_full_coverage	cpDNA	sample_qc_coverage	chloroplast	1	150274	24085013	160.273986	150263	0.999927	150169	0.999301	149977	0.998024	dudleya_organelle_alignment_pipeline/results/05_analysis_masks/cpdna_full_coverage_regions.bed	dudleya_organelle_alignment_pipeline/results/06_all_sample_alignment/qc/SILG_LP_158_Du-352.depth.tsv
SILG_LP_158_Du-352	QB3.Berkeley.251217/QB3.Results.260109	D. setchellii	SILG	cpdna_ir_regions	cpDNA	repeat_annotation	chloroplast	2	51472	11751254	228.303816	51470	0.999961	51456	0.999689	51422	0.999029	dudleya_organelle_alignment_pipeline/results/05_analysis_masks/cpdna_ir_regions.bed	dudleya_organelle_alignment_pipeline/results/06_all_sample_alignment/qc/SILG_LP_158_Du-352.depth.tsv
SILG_LP_158_Du-352	QB3.Berkeley.251217/QB3.Results.260109	D. setchellii	SILG	cpdna_duplicate_ir_mask	cpDNA	mask	chloroplast	1	25736	5733353	222.775606	25735	0.999961	25721	0.999417	25699	0.998562	dudleya_organelle_alignment_pipeline/results/05_analysis_masks/cpdna_duplicate_ir_copy_mask.bed	dudleya_organelle_alignment_pipeline/results/06_all_sample_alignment/qc/SILG_LP_158_Du-352.depth.tsv
SILG_LP_158_Du-352	QB3.Berkeley.251217/QB3.Results.260109	D. setchellii	SILG	cpdna_population_sites	cpDNA	variant_calling_and_population_genetics	chloroplast	1	124538	18351660	147.357915	124528	0.999920	124448	0.999277	124278	0.997912	dudleya_organelle_alignment_pipeline/results/05_analysis_masks/cpdna_population_sites.bed	dudleya_organelle_alignment_pipeline/results/06_all_sample_alignment/qc/SILG_LP_158_Du-352.depth.tsv
SILG_LP_158_Du-352	QB3.Berkeley.251217/QB3.Results.260109	D. setchellii	SILG	mtdna_permissive_coverage	mtDNA	sample_qc_coverage	mitochondria	1	243359	2844105	11.686870	228944	0.940767	205000	0.842377	136517	0.560970	dudleya_organelle_alignment_pipeline/results/05_analysis_masks/mtdna_permissive_coverage_regions.bed	dudleya_organelle_alignment_pipeline/results/06_all_sample_alignment/qc/SILG_LP_158_Du-352.depth.tsv
SILG_LP_158_Du-352	QB3.Berkeley.251217/QB3.Results.260109	D. setchellii	SILG	mtdna_high_confidence_unique	mtDNA	variant_calling_and_population_genetics	mitochondria	2	44930	879565	19.576341	44929	0.999978	44387	0.987915	40517	0.901781	dudleya_organelle_alignment_pipeline/results/05_analysis_masks/mtdna_high_confidence_unique_regions.bed	dudleya_organelle_alignment_pipeline/results/06_all_sample_alignment/qc/SILG_LP_158_Du-352.depth.tsv
SILR_LP_346_Du-729	QB3.Berkeley.251217/QB3.Results.260109	D. setchellii	SILR	cpdna_full_coverage	cpDNA	sample_qc_coverage	chloroplast	1	150274	228859502	1522.948095	150274	1.000000	150274	1.000000	150271	0.999980	dudleya_organelle_alignment_pipeline/results/05_analysis_masks/cpdna_full_coverage_regions.bed	dudleya_organelle_alignment_pipeline/results/06_all_sample_alignment/qc/SILR_LP_346_Du-729.depth.tsv
SILR_LP_346_Du-729	QB3.Berkeley.251217/QB3.Results.260109	D. setchellii	SILR	cpdna_ir_regions	cpDNA	repeat_annotation	chloroplast	2	51472	83541016	1623.038079	51472	1.000000	51472	1.000000	51469	0.999942	dudleya_organelle_alignment_pipeline/results/05_analysis_masks/cpdna_ir_regions.bed	dudleya_organelle_alignment_pipeline/results/06_all_sample_alignment/qc/SILR_LP_346_Du-729.depth.tsv
SILR_LP_346_Du-729	QB3.Berkeley.251217/QB3.Results.260109	D. setchellii	SILR	cpdna_duplicate_ir_mask	cpDNA	mask	chloroplast	1	25736	40766837	1584.039361	25736	1.000000	25736	1.000000	25734	0.999922	dudleya_organelle_alignment_pipeline/results/05_analysis_masks/cpdna_duplicate_ir_copy_mask.bed	dudleya_organelle_alignment_pipeline/results/06_all_sample_alignment/qc/SILR_LP_346_Du-729.depth.tsv
SILR_LP_346_Du-729	QB3.Berkeley.251217/QB3.Results.260109	D. setchellii	SILR	cpdna_population_sites	cpDNA	variant_calling_and_population_genetics	chloroplast	1	124538	188092665	1510.323476	124538	1.000000	124538	1.000000	124537	0.999992	dudleya_organelle_alignment_pipeline/results/05_analysis_masks/cpdna_population_sites.bed	dudleya_organelle_alignment_pipeline/results/06_all_sample_alignment/qc/SILR_LP_346_Du-729.depth.tsv
SILR_LP_346_Du-729	QB3.Berkeley.251217/QB3.Results.260109	D. setchellii	SILR	mtdna_permissive_coverage	mtDNA	sample_qc_coverage	mitochondria	1	243359	33140025	136.177520	243358	0.999996	243345	0.999942	243342	0.999930	dudleya_organelle_alignment_pipeline/results/05_analysis_masks/mtdna_permissive_coverage_regions.bed	dudleya_organelle_alignment_pipeline/results/06_all_sample_alignment/qc/SILR_LP_346_Du-729.depth.tsv
SILR_LP_346_Du-729	QB3.Berkeley.251217/QB3.Results.260109	D. setchellii	SILR	mtdna_high_confidence_unique	mtDNA	variant_calling_and_population_genetics	mitochondria	2	44930	10034704	223.340841	44930	1.000000	44930	1.000000	44930	1.000000	dudleya_organelle_alignment_pipeline/results/05_analysis_masks/mtdna_high_confidence_unique_regions.bed	dudleya_organelle_alignment_pipeline/results/06_all_sample_alignment/qc/SILR_LP_346_Du-729.depth.tsv
SILR_LP_347_Du-730	QB3.Berkeley.251217/QB3.Results.260109	D. setchellii	SILR	cpdna_full_coverage	cpDNA	sample_qc_coverage	chloroplast	1	150274	397300184	2643.838482	150274	1.000000	150274	1.000000	150272	0.999987	dudleya_organelle_alignment_pipeline/results/05_analysis_masks/cpdna_full_coverage_regions.bed	dudleya_organelle_alignment_pipeline/results/06_all_sample_alignment/qc/SILR_LP_347_Du-730.depth.tsv
SILR_LP_347_Du-730	QB3.Berkeley.251217/QB3.Results.260109	D. setchellii	SILR	cpdna_ir_regions	cpDNA	repeat_annotation	chloroplast	2	51472	142914341	2776.545326	51472	1.000000	51472	1.000000	51470	0.999961	dudleya_organelle_alignment_pipeline/results/05_analysis_masks/cpdna_ir_regions.bed	dudleya_organelle_alignment_pipeline/results/06_all_sample_alignment/qc/SILR_LP_347_Du-730.depth.tsv
SILR_LP_347_Du-730	QB3.Berkeley.251217/QB3.Results.260109	D. setchellii	SILR	cpdna_duplicate_ir_mask	cpDNA	mask	chloroplast	1	25736	69549157	2702.407406	25736	1.000000	25736	1.000000	25735	0.999961	dudleya_organelle_alignment_pipeline/results/05_analysis_masks/cpdna_duplicate_ir_copy_mask.bed	dudleya_organelle_alignment_pipeline/results/06_all_sample_alignment/qc/SILR_LP_347_Du-730.depth.tsv
SILR_LP_347_Du-730	QB3.Berkeley.251217/QB3.Results.260109	D. setchellii	SILR	cpdna_population_sites	cpDNA	variant_calling_and_population_genetics	chloroplast	1	124538	327751027	2631.735109	124538	1.000000	124538	1.000000	124537	0.999992	dudleya_organelle_alignment_pipeline/results/05_analysis_masks/cpdna_population_sites.bed	dudleya_organelle_alignment_pipeline/results/06_all_sample_alignment/qc/SILR_LP_347_Du-730.depth.tsv
SILR_LP_347_Du-730	QB3.Berkeley.251217/QB3.Results.260109	D. setchellii	SILR	mtdna_permissive_coverage	mtDNA	sample_qc_coverage	mitochondria	1	243359	50910352	209.198559	243359	1.000000	243354	0.999979	243348	0.999955	dudleya_organelle_alignment_pipeline/results/05_analysis_masks/mtdna_permissive_coverage_regions.bed	dudleya_organelle_alignment_pipeline/results/06_all_sample_alignment/qc/SILR_LP_347_Du-730.depth.tsv
SILR_LP_347_Du-730	QB3.Berkeley.251217/QB3.Results.260109	D. setchellii	SILR	mtdna_high_confidence_unique	mtDNA	variant_calling_and_population_genetics	mitochondria	2	44930	15170812	337.654396	44930	1.000000	44930	1.000000	44930	1.000000	dudleya_organelle_alignment_pipeline/results/05_analysis_masks/mtdna_high_confidence_unique_regions.bed	dudleya_organelle_alignment_pipeline/results/06_all_sample_alignment/qc/SILR_LP_347_Du-730.depth.tsv
SILR_LP_348_Du-731	QB3.Berkeley.251217/QB3.Results.260109	D. setchellii	SILR	cpdna_full_coverage	cpDNA	sample_qc_coverage	chloroplast	1	150274	283716897	1887.997238	150274	1.000000	150273	0.999993	150271	0.999980	dudleya_organelle_alignment_pipeline/results/05_analysis_masks/cpdna_full_coverage_regions.bed	dudleya_organelle_alignment_pipeline/results/06_all_sample_alignment/qc/SILR_LP_348_Du-731.depth.tsv
SILR_LP_348_Du-731	QB3.Berkeley.251217/QB3.Results.260109	D. setchellii	SILR	cpdna_ir_regions	cpDNA	repeat_annotation	chloroplast	2	51472	99447805	1932.075789	51472	1.000000	51471	0.999981	51469	0.999942	dudleya_organelle_alignment_pipeline/results/05_analysis_masks/cpdna_ir_regions.bed	dudleya_organelle_alignment_pipeline/results/06_all_sample_alignment/qc/SILR_LP_348_Du-731.depth.tsv
SILR_LP_348_Du-731	QB3.Berkeley.251217/QB3.Results.260109	D. setchellii	SILR	cpdna_duplicate_ir_mask	cpDNA	mask	chloroplast	1	25736	48549981	1886.461804	25736	1.000000	25736	1.000000	25734	0.999922	dudleya_organelle_alignment_pipeline/results/05_analysis_masks/cpdna_duplicate_ir_copy_mask.bed	dudleya_organelle_alignment_pipeline/results/06_all_sample_alignment/qc/SILR_LP_348_Du-731.depth.tsv
SILR_LP_348_Du-731	QB3.Berkeley.251217/QB3.Results.260109	D. setchellii	SILR	cpdna_population_sites	cpDNA	variant_calling_and_population_genetics	chloroplast	1	124538	235166916	1888.314539	124538	1.000000	124537	0.999992	124537	0.999992	dudleya_organelle_alignment_pipeline/results/05_analysis_masks/cpdna_population_sites.bed	dudleya_organelle_alignment_pipeline/results/06_all_sample_alignment/qc/SILR_LP_348_Du-731.depth.tsv
SILR_LP_348_Du-731	QB3.Berkeley.251217/QB3.Results.260109	D. setchellii	SILR	mtdna_permissive_coverage	mtDNA	sample_qc_coverage	mitochondria	1	243359	28750845	118.141696	243357	0.999992	243349	0.999959	243333	0.999893	dudleya_organelle_alignment_pipeline/results/05_analysis_masks/mtdna_permissive_coverage_regions.bed	dudleya_organelle_alignment_pipeline/results/06_all_sample_alignment/qc/SILR_LP_348_Du-731.depth.tsv
SILR_LP_348_Du-731	QB3.Berkeley.251217/QB3.Results.260109	D. setchellii	SILR	mtdna_high_confidence_unique	mtDNA	variant_calling_and_population_genetics	mitochondria	2	44930	8655488	192.643846	44930	1.000000	44930	1.000000	44930	1.000000	dudleya_organelle_alignment_pipeline/results/05_analysis_masks/mtdna_high_confidence_unique_regions.bed	dudleya_organelle_alignment_pipeline/results/06_all_sample_alignment/qc/SILR_LP_348_Du-731.depth.tsv
SILR_LP_349_Du-732	QB3.Berkeley.251217/QB3.Results.260109	D. setchellii	SILR	cpdna_full_coverage	cpDNA	sample_qc_coverage	chloroplast	1	150274	531518787	3536.997664	150274	1.000000	150274	1.000000	150273	0.999993	dudleya_organelle_alignment_pipeline/results/05_analysis_masks/cpdna_full_coverage_regions.bed	dudleya_organelle_alignment_pipeline/results/06_all_sample_alignment/qc/SILR_LP_349_Du-732.depth.tsv
SILR_LP_349_Du-732	QB3.Berkeley.251217/QB3.Results.260109	D. setchellii	SILR	cpdna_ir_regions	cpDNA	repeat_annotation	chloroplast	2	51472	183552247	3566.060130	51472	1.000000	51472	1.000000	51471	0.999981	dudleya_organelle_alignment_pipeline/results/05_analysis_masks/cpdna_ir_regions.bed	dudleya_organelle_alignment_pipeline/results/06_all_sample_alignment/qc/SILR_LP_349_Du-732.depth.tsv
SILR_LP_349_Du-732	QB3.Berkeley.251217/QB3.Results.260109	D. setchellii	SILR	cpdna_duplicate_ir_mask	cpDNA	mask	chloroplast	1	25736	89855135	3491.418053	25736	1.000000	25736	1.000000	25735	0.999961	dudleya_organelle_alignment_pipeline/results/05_analysis_masks/cpdna_duplicate_ir_copy_mask.bed	dudleya_organelle_alignment_pipeline/results/06_all_sample_alignment/qc/SILR_LP_349_Du-732.depth.tsv
SILR_LP_349_Du-732	QB3.Berkeley.251217/QB3.Results.260109	D. setchellii	SILR	cpdna_population_sites	cpDNA	variant_calling_and_population_genetics	chloroplast	1	124538	441663652	3546.416772	124538	1.000000	124538	1.000000	124538	1.000000	dudleya_organelle_alignment_pipeline/results/05_analysis_masks/cpdna_population_sites.bed	dudleya_organelle_alignment_pipeline/results/06_all_sample_alignment/qc/SILR_LP_349_Du-732.depth.tsv
SILR_LP_349_Du-732	QB3.Berkeley.251217/QB3.Results.260109	D. setchellii	SILR	mtdna_permissive_coverage	mtDNA	sample_qc_coverage	mitochondria	1	243359	68678490	282.210602	243359	1.000000	243358	0.999996	243352	0.999971	dudleya_organelle_alignment_pipeline/results/05_analysis_masks/mtdna_permissive_coverage_regions.bed	dudleya_organelle_alignment_pipeline/results/06_all_sample_alignment/qc/SILR_LP_349_Du-732.depth.tsv
SILR_LP_349_Du-732	QB3.Berkeley.251217/QB3.Results.260109	D. setchellii	SILR	mtdna_high_confidence_unique	mtDNA	variant_calling_and_population_genetics	mitochondria	2	44930	20899031	465.146472	44930	1.000000	44930	1.000000	44930	1.000000	dudleya_organelle_alignment_pipeline/results/05_analysis_masks/mtdna_high_confidence_unique_regions.bed	dudleya_organelle_alignment_pipeline/results/06_all_sample_alignment/qc/SILR_LP_349_Du-732.depth.tsv
SILR_LP_351_Du-734	QB3.Berkeley.251217/QB3.Results.260109	D. setchellii	SILR	cpdna_full_coverage	cpDNA	sample_qc_coverage	chloroplast	1	150274	453073816	3014.984735	150274	1.000000	150273	0.999993	150273	0.999993	dudleya_organelle_alignment_pipeline/results/05_analysis_masks/cpdna_full_coverage_regions.bed	dudleya_organelle_alignment_pipeline/results/06_all_sample_alignment/qc/SILR_LP_351_Du-734.depth.tsv
SILR_LP_351_Du-734	QB3.Berkeley.251217/QB3.Results.260109	D. setchellii	SILR	cpdna_ir_regions	cpDNA	repeat_annotation	chloroplast	2	51472	158346029	3076.352755	51472	1.000000	51471	0.999981	51471	0.999981	dudleya_organelle_alignment_pipeline/results/05_analysis_masks/cpdna_ir_regions.bed	dudleya_organelle_alignment_pipeline/results/06_all_sample_alignment/qc/SILR_LP_351_Du-734.depth.tsv
SILR_LP_351_Du-734	QB3.Berkeley.251217/QB3.Results.260109	D. setchellii	SILR	cpdna_duplicate_ir_mask	cpDNA	mask	chloroplast	1	25736	77527871	3012.428932	25736	1.000000	25736	1.000000	25736	1.000000	dudleya_organelle_alignment_pipeline/results/05_analysis_masks/cpdna_duplicate_ir_copy_mask.bed	dudleya_organelle_alignment_pipeline/results/06_all_sample_alignment/qc/SILR_LP_351_Du-734.depth.tsv
SILR_LP_351_Du-734	QB3.Berkeley.251217/QB3.Results.260109	D. setchellii	SILR	cpdna_population_sites	cpDNA	variant_calling_and_population_genetics	chloroplast	1	124538	375545945	3015.512896	124538	1.000000	124537	0.999992	124537	0.999992	dudleya_organelle_alignment_pipeline/results/05_analysis_masks/cpdna_population_sites.bed	dudleya_organelle_alignment_pipeline/results/06_all_sample_alignment/qc/SILR_LP_351_Du-734.depth.tsv
SILR_LP_351_Du-734	QB3.Berkeley.251217/QB3.Results.260109	D. setchellii	SILR	mtdna_permissive_coverage	mtDNA	sample_qc_coverage	mitochondria	1	243359	54818822	225.259070	243359	1.000000	243355	0.999984	243349	0.999959	dudleya_organelle_alignment_pipeline/results/05_analysis_masks/mtdna_permissive_coverage_regions.bed	dudleya_organelle_alignment_pipeline/results/06_all_sample_alignment/qc/SILR_LP_351_Du-734.depth.tsv
SILR_LP_351_Du-734	QB3.Berkeley.251217/QB3.Results.260109	D. setchellii	SILR	mtdna_high_confidence_unique	mtDNA	variant_calling_and_population_genetics	mitochondria	2	44930	16615319	369.804563	44930	1.000000	44930	1.000000	44930	1.000000	dudleya_organelle_alignment_pipeline/results/05_analysis_masks/mtdna_high_confidence_unique_regions.bed	dudleya_organelle_alignment_pipeline/results/06_all_sample_alignment/qc/SILR_LP_351_Du-734.depth.tsv
SILR_LP_353_Du-736	QB3.Berkeley.251217/QB3.Results.260109	D. setchellii	SILR	cpdna_full_coverage	cpDNA	sample_qc_coverage	chloroplast	1	150274	112541231	748.906870	150273	0.999993	150270	0.999973	150269	0.999967	dudleya_organelle_alignment_pipeline/results/05_analysis_masks/cpdna_full_coverage_regions.bed	dudleya_organelle_alignment_pipeline/results/06_all_sample_alignment/qc/SILR_LP_353_Du-736.depth.tsv
SILR_LP_353_Du-736	QB3.Berkeley.251217/QB3.Results.260109	D. setchellii	SILR	cpdna_ir_regions	cpDNA	repeat_annotation	chloroplast	2	51472	39609655	769.537904	51471	0.999981	51468	0.999922	51467	0.999903	dudleya_organelle_alignment_pipeline/results/05_analysis_masks/cpdna_ir_regions.bed	dudleya_organelle_alignment_pipeline/results/06_all_sample_alignment/qc/SILR_LP_353_Du-736.depth.tsv
SILR_LP_353_Du-736	QB3.Berkeley.251217/QB3.Results.260109	D. setchellii	SILR	cpdna_duplicate_ir_mask	cpDNA	mask	chloroplast	1	25736	19359785	752.245298	25735	0.999961	25732	0.999845	25731	0.999806	dudleya_organelle_alignment_pipeline/results/05_analysis_masks/cpdna_duplicate_ir_copy_mask.bed	dudleya_organelle_alignment_pipeline/results/06_all_sample_alignment/qc/SILR_LP_353_Du-736.depth.tsv
SILR_LP_353_Du-736	QB3.Berkeley.251217/QB3.Results.260109	D. setchellii	SILR	cpdna_population_sites	cpDNA	variant_calling_and_population_genetics	chloroplast	1	124538	93181446	748.216978	124538	1.000000	124538	1.000000	124538	1.000000	dudleya_organelle_alignment_pipeline/results/05_analysis_masks/cpdna_population_sites.bed	dudleya_organelle_alignment_pipeline/results/06_all_sample_alignment/qc/SILR_LP_353_Du-736.depth.tsv
SILR_LP_353_Du-736	QB3.Berkeley.251217/QB3.Results.260109	D. setchellii	SILR	mtdna_permissive_coverage	mtDNA	sample_qc_coverage	mitochondria	1	243359	17369060	71.372170	243357	0.999992	243345	0.999942	243326	0.999864	dudleya_organelle_alignment_pipeline/results/05_analysis_masks/mtdna_permissive_coverage_regions.bed	dudleya_organelle_alignment_pipeline/results/06_all_sample_alignment/qc/SILR_LP_353_Du-736.depth.tsv
SILR_LP_353_Du-736	QB3.Berkeley.251217/QB3.Results.260109	D. setchellii	SILR	mtdna_high_confidence_unique	mtDNA	variant_calling_and_population_genetics	mitochondria	2	44930	5268915	117.269419	44930	1.000000	44930	1.000000	44930	1.000000	dudleya_organelle_alignment_pipeline/results/05_analysis_masks/mtdna_high_confidence_unique_regions.bed	dudleya_organelle_alignment_pipeline/results/06_all_sample_alignment/qc/SILR_LP_353_Du-736.depth.tsv
STI_LP_027_Du-45	QB3.Berkeley.251217/QB3.Results.260109	D. setchellii	STI	cpdna_full_coverage	cpDNA	sample_qc_coverage	chloroplast	1	150274	59137588	393.531735	150273	0.999993	150270	0.999973	150263	0.999927	dudleya_organelle_alignment_pipeline/results/05_analysis_masks/cpdna_full_coverage_regions.bed	dudleya_organelle_alignment_pipeline/results/06_all_sample_alignment/qc/STI_LP_027_Du-45.depth.tsv
STI_LP_027_Du-45	QB3.Berkeley.251217/QB3.Results.260109	D. setchellii	STI	cpdna_ir_regions	cpDNA	repeat_annotation	chloroplast	2	51472	22452704	436.211999	51471	0.999981	51468	0.999922	51463	0.999825	dudleya_organelle_alignment_pipeline/results/05_analysis_masks/cpdna_ir_regions.bed	dudleya_organelle_alignment_pipeline/results/06_all_sample_alignment/qc/STI_LP_027_Du-45.depth.tsv
STI_LP_027_Du-45	QB3.Berkeley.251217/QB3.Results.260109	D. setchellii	STI	cpdna_duplicate_ir_mask	cpDNA	mask	chloroplast	1	25736	11076208	430.377992	25735	0.999961	25733	0.999883	25728	0.999689	dudleya_organelle_alignment_pipeline/results/05_analysis_masks/cpdna_duplicate_ir_copy_mask.bed	dudleya_organelle_alignment_pipeline/results/06_all_sample_alignment/qc/STI_LP_027_Du-45.depth.tsv
STI_LP_027_Du-45	QB3.Berkeley.251217/QB3.Results.260109	D. setchellii	STI	cpdna_population_sites	cpDNA	variant_calling_and_population_genetics	chloroplast	1	124538	48061380	385.917391	124538	1.000000	124537	0.999992	124535	0.999976	dudleya_organelle_alignment_pipeline/results/05_analysis_masks/cpdna_population_sites.bed	dudleya_organelle_alignment_pipeline/results/06_all_sample_alignment/qc/STI_LP_027_Du-45.depth.tsv
STI_LP_027_Du-45	QB3.Berkeley.251217/QB3.Results.260109	D. setchellii	STI	mtdna_permissive_coverage	mtDNA	sample_qc_coverage	mitochondria	1	243359	3994542	16.414195	242353	0.995866	234925	0.965343	190365	0.782239	dudleya_organelle_alignment_pipeline/results/05_analysis_masks/mtdna_permissive_coverage_regions.bed	dudleya_organelle_alignment_pipeline/results/06_all_sample_alignment/qc/STI_LP_027_Du-45.depth.tsv
STI_LP_027_Du-45	QB3.Berkeley.251217/QB3.Results.260109	D. setchellii	STI	mtdna_high_confidence_unique	mtDNA	variant_calling_and_population_genetics	mitochondria	2	44930	1204703	26.812887	44783	0.996728	44766	0.996350	44065	0.980748	dudleya_organelle_alignment_pipeline/results/05_analysis_masks/mtdna_high_confidence_unique_regions.bed	dudleya_organelle_alignment_pipeline/results/06_all_sample_alignment/qc/STI_LP_027_Du-45.depth.tsv
STI_LP_028_Du-46	QB3.Berkeley.251217/QB3.Results.260109	D. setchellii	STI	cpdna_full_coverage	cpDNA	sample_qc_coverage	chloroplast	1	150274	113432117	754.835281	150270	0.999973	150255	0.999874	150250	0.999840	dudleya_organelle_alignment_pipeline/results/05_analysis_masks/cpdna_full_coverage_regions.bed	dudleya_organelle_alignment_pipeline/results/06_all_sample_alignment/qc/STI_LP_028_Du-46.depth.tsv
STI_LP_028_Du-46	QB3.Berkeley.251217/QB3.Results.260109	D. setchellii	STI	cpdna_ir_regions	cpDNA	repeat_annotation	chloroplast	2	51472	38485142	747.690822	51472	1.000000	51469	0.999942	51467	0.999903	dudleya_organelle_alignment_pipeline/results/05_analysis_masks/cpdna_ir_regions.bed	dudleya_organelle_alignment_pipeline/results/06_all_sample_alignment/qc/STI_LP_028_Du-46.depth.tsv
STI_LP_028_Du-46	QB3.Berkeley.251217/QB3.Results.260109	D. setchellii	STI	cpdna_duplicate_ir_mask	cpDNA	mask	chloroplast	1	25736	18842845	732.159038	25736	1.000000	25734	0.999922	25732	0.999845	dudleya_organelle_alignment_pipeline/results/05_analysis_masks/cpdna_duplicate_ir_copy_mask.bed	dudleya_organelle_alignment_pipeline/results/06_all_sample_alignment/qc/STI_LP_028_Du-46.depth.tsv
STI_LP_028_Du-46	QB3.Berkeley.251217/QB3.Results.260109	D. setchellii	STI	cpdna_population_sites	cpDNA	variant_calling_and_population_genetics	chloroplast	1	124538	94589272	759.521367	124534	0.999968	124521	0.999863	124518	0.999839	dudleya_organelle_alignment_pipeline/results/05_analysis_masks/cpdna_population_sites.bed	dudleya_organelle_alignment_pipeline/results/06_all_sample_alignment/qc/STI_LP_028_Du-46.depth.tsv
STI_LP_028_Du-46	QB3.Berkeley.251217/QB3.Results.260109	D. setchellii	STI	mtdna_permissive_coverage	mtDNA	sample_qc_coverage	mitochondria	1	243359	9151730	37.605883	243168	0.999215	243117	0.999006	243049	0.998726	dudleya_organelle_alignment_pipeline/results/05_analysis_masks/mtdna_permissive_coverage_regions.bed	dudleya_organelle_alignment_pipeline/results/06_all_sample_alignment/qc/STI_LP_028_Du-46.depth.tsv
STI_LP_028_Du-46	QB3.Berkeley.251217/QB3.Results.260109	D. setchellii	STI	mtdna_high_confidence_unique	mtDNA	variant_calling_and_population_genetics	mitochondria	2	44930	2757872	61.381527	44780	0.996661	44780	0.996661	44780	0.996661	dudleya_organelle_alignment_pipeline/results/05_analysis_masks/mtdna_high_confidence_unique_regions.bed	dudleya_organelle_alignment_pipeline/results/06_all_sample_alignment/qc/STI_LP_028_Du-46.depth.tsv
STI_LP_029_Du-47	QB3.Berkeley.251217/QB3.Results.260109	D. setchellii	STI	cpdna_full_coverage	cpDNA	sample_qc_coverage	chloroplast	1	150274	24591931	163.647278	150252	0.999854	150206	0.999547	150170	0.999308	dudleya_organelle_alignment_pipeline/results/05_analysis_masks/cpdna_full_coverage_regions.bed	dudleya_organelle_alignment_pipeline/results/06_all_sample_alignment/qc/STI_LP_029_Du-47.depth.tsv
STI_LP_029_Du-47	QB3.Berkeley.251217/QB3.Results.260109	D. setchellii	STI	cpdna_ir_regions	cpDNA	repeat_annotation	chloroplast	2	51472	8325556	161.749223	51457	0.999709	51425	0.999087	51395	0.998504	dudleya_organelle_alignment_pipeline/results/05_analysis_masks/cpdna_ir_regions.bed	dudleya_organelle_alignment_pipeline/results/06_all_sample_alignment/qc/STI_LP_029_Du-47.depth.tsv
STI_LP_029_Du-47	QB3.Berkeley.251217/QB3.Results.260109	D. setchellii	STI	cpdna_duplicate_ir_mask	cpDNA	mask	chloroplast	1	25736	4065589	157.972840	25723	0.999495	25695	0.998407	25672	0.997513	dudleya_organelle_alignment_pipeline/results/05_analysis_masks/cpdna_duplicate_ir_copy_mask.bed	dudleya_organelle_alignment_pipeline/results/06_all_sample_alignment/qc/STI_LP_029_Du-47.depth.tsv
STI_LP_029_Du-47	QB3.Berkeley.251217/QB3.Results.260109	D. setchellii	STI	cpdna_population_sites	cpDNA	variant_calling_and_population_genetics	chloroplast	1	124538	20526342	164.819910	124529	0.999928	124511	0.999783	124498	0.999679	dudleya_organelle_alignment_pipeline/results/05_analysis_masks/cpdna_population_sites.bed	dudleya_organelle_alignment_pipeline/results/06_all_sample_alignment/qc/STI_LP_029_Du-47.depth.tsv
STI_LP_029_Du-47	QB3.Berkeley.251217/QB3.Results.260109	D. setchellii	STI	mtdna_permissive_coverage	mtDNA	sample_qc_coverage	mitochondria	1	243359	1901098	7.811908	239615	0.984615	179308	0.736804	72680	0.298653	dudleya_organelle_alignment_pipeline/results/05_analysis_masks/mtdna_permissive_coverage_regions.bed	dudleya_organelle_alignment_pipeline/results/06_all_sample_alignment/qc/STI_LP_029_Du-47.depth.tsv
STI_LP_029_Du-47	QB3.Berkeley.251217/QB3.Results.260109	D. setchellii	STI	mtdna_high_confidence_unique	mtDNA	variant_calling_and_population_genetics	mitochondria	2	44930	571042	12.709593	44703	0.994948	42808	0.952771	31752	0.706699	dudleya_organelle_alignment_pipeline/results/05_analysis_masks/mtdna_high_confidence_unique_regions.bed	dudleya_organelle_alignment_pipeline/results/06_all_sample_alignment/qc/STI_LP_029_Du-47.depth.tsv
STI_LP_030_Du-48	QB3.Berkeley.251217/QB3.Results.260109	D. setchellii	STI	cpdna_full_coverage	cpDNA	sample_qc_coverage	chloroplast	1	150274	96085710	639.403423	150264	0.999933	150251	0.999847	150247	0.999820	dudleya_organelle_alignment_pipeline/results/05_analysis_masks/cpdna_full_coverage_regions.bed	dudleya_organelle_alignment_pipeline/results/06_all_sample_alignment/qc/STI_LP_030_Du-48.depth.tsv
STI_LP_030_Du-48	QB3.Berkeley.251217/QB3.Results.260109	D. setchellii	STI	cpdna_ir_regions	cpDNA	repeat_annotation	chloroplast	2	51472	34725296	674.644389	51470	0.999961	51467	0.999903	51465	0.999864	dudleya_organelle_alignment_pipeline/results/05_analysis_masks/cpdna_ir_regions.bed	dudleya_organelle_alignment_pipeline/results/06_all_sample_alignment/qc/STI_LP_030_Du-48.depth.tsv
STI_LP_030_Du-48	QB3.Berkeley.251217/QB3.Results.260109	D. setchellii	STI	cpdna_duplicate_ir_mask	cpDNA	mask	chloroplast	1	25736	17035675	661.939501	25735	0.999961	25732	0.999845	25731	0.999806	dudleya_organelle_alignment_pipeline/results/05_analysis_masks/cpdna_duplicate_ir_copy_mask.bed	dudleya_organelle_alignment_pipeline/results/06_all_sample_alignment/qc/STI_LP_030_Du-48.depth.tsv
STI_LP_030_Du-48	QB3.Berkeley.251217/QB3.Results.260109	D. setchellii	STI	cpdna_population_sites	cpDNA	variant_calling_and_population_genetics	chloroplast	1	124538	79050035	634.746302	124529	0.999928	124519	0.999847	124516	0.999823	dudleya_organelle_alignment_pipeline/results/05_analysis_masks/cpdna_population_sites.bed	dudleya_organelle_alignment_pipeline/results/06_all_sample_alignment/qc/STI_LP_030_Du-48.depth.tsv
STI_LP_030_Du-48	QB3.Berkeley.251217/QB3.Results.260109	D. setchellii	STI	mtdna_permissive_coverage	mtDNA	sample_qc_coverage	mitochondria	1	243359	9699421	39.856430	243215	0.999408	243119	0.999014	242998	0.998517	dudleya_organelle_alignment_pipeline/results/05_analysis_masks/mtdna_permissive_coverage_regions.bed	dudleya_organelle_alignment_pipeline/results/06_all_sample_alignment/qc/STI_LP_030_Du-48.depth.tsv
STI_LP_030_Du-48	QB3.Berkeley.251217/QB3.Results.260109	D. setchellii	STI	mtdna_high_confidence_unique	mtDNA	variant_calling_and_population_genetics	mitochondria	2	44930	2970690	66.118184	44820	0.997552	44780	0.996661	44779	0.996639	dudleya_organelle_alignment_pipeline/results/05_analysis_masks/mtdna_high_confidence_unique_regions.bed	dudleya_organelle_alignment_pipeline/results/06_all_sample_alignment/qc/STI_LP_030_Du-48.depth.tsv
STI_LP_031_Du-49	QB3.Berkeley.251217/QB3.Results.260109	D. setchellii	STI	cpdna_full_coverage	cpDNA	sample_qc_coverage	chloroplast	1	150274	57637038	383.546309	150272	0.999987	150250	0.999840	150239	0.999767	dudleya_organelle_alignment_pipeline/results/05_analysis_masks/cpdna_full_coverage_regions.bed	dudleya_organelle_alignment_pipeline/results/06_all_sample_alignment/qc/STI_LP_031_Du-49.depth.tsv
STI_LP_031_Du-49	QB3.Berkeley.251217/QB3.Results.260109	D. setchellii	STI	cpdna_ir_regions	cpDNA	repeat_annotation	chloroplast	2	51472	19982529	388.221344	51470	0.999961	51465	0.999864	51459	0.999747	dudleya_organelle_alignment_pipeline/results/05_analysis_masks/cpdna_ir_regions.bed	dudleya_organelle_alignment_pipeline/results/06_all_sample_alignment/qc/STI_LP_031_Du-49.depth.tsv
STI_LP_031_Du-49	QB3.Berkeley.251217/QB3.Results.260109	D. setchellii	STI	cpdna_duplicate_ir_mask	cpDNA	mask	chloroplast	1	25736	9833848	382.104756	25735	0.999961	25731	0.999806	25728	0.999689	dudleya_organelle_alignment_pipeline/results/05_analysis_masks/cpdna_duplicate_ir_copy_mask.bed	dudleya_organelle_alignment_pipeline/results/06_all_sample_alignment/qc/STI_LP_031_Du-49.depth.tsv
STI_LP_031_Du-49	QB3.Berkeley.251217/QB3.Results.260109	D. setchellii	STI	cpdna_population_sites	cpDNA	variant_calling_and_population_genetics	chloroplast	1	124538	47803190	383.844208	124537	0.999992	124519	0.999847	124511	0.999783	dudleya_organelle_alignment_pipeline/results/05_analysis_masks/cpdna_population_sites.bed	dudleya_organelle_alignment_pipeline/results/06_all_sample_alignment/qc/STI_LP_031_Du-49.depth.tsv
STI_LP_031_Du-49	QB3.Berkeley.251217/QB3.Results.260109	D. setchellii	STI	mtdna_permissive_coverage	mtDNA	sample_qc_coverage	mitochondria	1	243359	15203206	62.472339	243199	0.999343	243170	0.999223	243125	0.999038	dudleya_organelle_alignment_pipeline/results/05_analysis_masks/mtdna_permissive_coverage_regions.bed	dudleya_organelle_alignment_pipeline/results/06_all_sample_alignment/qc/STI_LP_031_Du-49.depth.tsv
STI_LP_031_Du-49	QB3.Berkeley.251217/QB3.Results.260109	D. setchellii	STI	mtdna_high_confidence_unique	mtDNA	variant_calling_and_population_genetics	mitochondria	2	44930	4607241	102.542644	44795	0.996995	44780	0.996661	44780	0.996661	dudleya_organelle_alignment_pipeline/results/05_analysis_masks/mtdna_high_confidence_unique_regions.bed	dudleya_organelle_alignment_pipeline/results/06_all_sample_alignment/qc/STI_LP_031_Du-49.depth.tsv
STI_LP_032_Du-50	QB3.Berkeley.251217/QB3.Results.260109	D. setchellii	STI	cpdna_full_coverage	cpDNA	sample_qc_coverage	chloroplast	1	150274	99867617	664.570165	150267	0.999953	150253	0.999860	150248	0.999827	dudleya_organelle_alignment_pipeline/results/05_analysis_masks/cpdna_full_coverage_regions.bed	dudleya_organelle_alignment_pipeline/results/06_all_sample_alignment/qc/STI_LP_032_Du-50.depth.tsv
STI_LP_032_Du-50	QB3.Berkeley.251217/QB3.Results.260109	D. setchellii	STI	cpdna_ir_regions	cpDNA	repeat_annotation	chloroplast	2	51472	41797229	812.038176	51472	1.000000	51470	0.999961	51468	0.999922	dudleya_organelle_alignment_pipeline/results/05_analysis_masks/cpdna_ir_regions.bed	dudleya_organelle_alignment_pipeline/results/06_all_sample_alignment/qc/STI_LP_032_Du-50.depth.tsv
STI_LP_032_Du-50	QB3.Berkeley.251217/QB3.Results.260109	D. setchellii	STI	cpdna_duplicate_ir_mask	cpDNA	mask	chloroplast	1	25736	20399658	792.650684	25736	1.000000	25735	0.999961	25733	0.999883	dudleya_organelle_alignment_pipeline/results/05_analysis_masks/cpdna_duplicate_ir_copy_mask.bed	dudleya_organelle_alignment_pipeline/results/06_all_sample_alignment/qc/STI_LP_032_Du-50.depth.tsv
STI_LP_032_Du-50	QB3.Berkeley.251217/QB3.Results.260109	D. setchellii	STI	cpdna_population_sites	cpDNA	variant_calling_and_population_genetics	chloroplast	1	124538	79467959	638.102097	124531	0.999944	124518	0.999839	124515	0.999815	dudleya_organelle_alignment_pipeline/results/05_analysis_masks/cpdna_population_sites.bed	dudleya_organelle_alignment_pipeline/results/06_all_sample_alignment/qc/STI_LP_032_Du-50.depth.tsv
STI_LP_032_Du-50	QB3.Berkeley.251217/QB3.Results.260109	D. setchellii	STI	mtdna_permissive_coverage	mtDNA	sample_qc_coverage	mitochondria	1	243359	10777033	44.284506	243336	0.999905	243091	0.998899	242445	0.996244	dudleya_organelle_alignment_pipeline/results/05_analysis_masks/mtdna_permissive_coverage_regions.bed	dudleya_organelle_alignment_pipeline/results/06_all_sample_alignment/qc/STI_LP_032_Du-50.depth.tsv
STI_LP_032_Du-50	QB3.Berkeley.251217/QB3.Results.260109	D. setchellii	STI	mtdna_high_confidence_unique	mtDNA	variant_calling_and_population_genetics	mitochondria	2	44930	3198909	71.197619	44930	1.000000	44784	0.996751	44780	0.996661	dudleya_organelle_alignment_pipeline/results/05_analysis_masks/mtdna_high_confidence_unique_regions.bed	dudleya_organelle_alignment_pipeline/results/06_all_sample_alignment/qc/STI_LP_032_Du-50.depth.tsv
STI_LP_033_Du-51	QB3.Berkeley.251217/QB3.Results.260109	D. setchellii	STI	cpdna_full_coverage	cpDNA	sample_qc_coverage	chloroplast	1	150274	43659640	290.533559	150254	0.999867	150246	0.999814	150233	0.999727	dudleya_organelle_alignment_pipeline/results/05_analysis_masks/cpdna_full_coverage_regions.bed	dudleya_organelle_alignment_pipeline/results/06_all_sample_alignment/qc/STI_LP_033_Du-51.depth.tsv
STI_LP_033_Du-51	QB3.Berkeley.251217/QB3.Results.260109	D. setchellii	STI	cpdna_ir_regions	cpDNA	repeat_annotation	chloroplast	2	51472	16544183	321.421025	51471	0.999981	51465	0.999864	51452	0.999611	dudleya_organelle_alignment_pipeline/results/05_analysis_masks/cpdna_ir_regions.bed	dudleya_organelle_alignment_pipeline/results/06_all_sample_alignment/qc/STI_LP_033_Du-51.depth.tsv
STI_LP_033_Du-51	QB3.Berkeley.251217/QB3.Results.260109	D. setchellii	STI	cpdna_duplicate_ir_mask	cpDNA	mask	chloroplast	1	25736	8128442	315.839369	25736	1.000000	25731	0.999806	25718	0.999301	dudleya_organelle_alignment_pipeline/results/05_analysis_masks/cpdna_duplicate_ir_copy_mask.bed	dudleya_organelle_alignment_pipeline/results/06_all_sample_alignment/qc/STI_LP_033_Du-51.depth.tsv
STI_LP_033_Du-51	QB3.Berkeley.251217/QB3.Results.260109	D. setchellii	STI	cpdna_population_sites	cpDNA	variant_calling_and_population_genetics	chloroplast	1	124538	35531198	285.304068	124518	0.999839	124515	0.999815	124515	0.999815	dudleya_organelle_alignment_pipeline/results/05_analysis_masks/cpdna_population_sites.bed	dudleya_organelle_alignment_pipeline/results/06_all_sample_alignment/qc/STI_LP_033_Du-51.depth.tsv
STI_LP_033_Du-51	QB3.Berkeley.251217/QB3.Results.260109	D. setchellii	STI	mtdna_permissive_coverage	mtDNA	sample_qc_coverage	mitochondria	1	243359	3839011	15.775094	242871	0.997995	233384	0.959011	182308	0.749132	dudleya_organelle_alignment_pipeline/results/05_analysis_masks/mtdna_permissive_coverage_regions.bed	dudleya_organelle_alignment_pipeline/results/06_all_sample_alignment/qc/STI_LP_033_Du-51.depth.tsv
STI_LP_033_Du-51	QB3.Berkeley.251217/QB3.Results.260109	D. setchellii	STI	mtdna_high_confidence_unique	mtDNA	variant_calling_and_population_genetics	mitochondria	2	44930	1186859	26.415736	44780	0.996661	44720	0.995326	43918	0.977476	dudleya_organelle_alignment_pipeline/results/05_analysis_masks/mtdna_high_confidence_unique_regions.bed	dudleya_organelle_alignment_pipeline/results/06_all_sample_alignment/qc/STI_LP_033_Du-51.depth.tsv
STI_LP_034_Du-52	QB3.Berkeley.251217/QB3.Results.260109	D. setchellii	STI	cpdna_full_coverage	cpDNA	sample_qc_coverage	chloroplast	1	150274	220535454	1467.555625	150274	1.000000	150260	0.999907	150256	0.999880	dudleya_organelle_alignment_pipeline/results/05_analysis_masks/cpdna_full_coverage_regions.bed	dudleya_organelle_alignment_pipeline/results/06_all_sample_alignment/qc/STI_LP_034_Du-52.depth.tsv
STI_LP_034_Du-52	QB3.Berkeley.251217/QB3.Results.260109	D. setchellii	STI	cpdna_ir_regions	cpDNA	repeat_annotation	chloroplast	2	51472	77387252	1503.482515	51472	1.000000	51471	0.999981	51467	0.999903	dudleya_organelle_alignment_pipeline/results/05_analysis_masks/cpdna_ir_regions.bed	dudleya_organelle_alignment_pipeline/results/06_all_sample_alignment/qc/STI_LP_034_Du-52.depth.tsv
STI_LP_034_Du-52	QB3.Berkeley.251217/QB3.Results.260109	D. setchellii	STI	cpdna_duplicate_ir_mask	cpDNA	mask	chloroplast	1	25736	37698416	1464.812558	25736	1.000000	25736	1.000000	25732	0.999845	dudleya_organelle_alignment_pipeline/results/05_analysis_masks/cpdna_duplicate_ir_copy_mask.bed	dudleya_organelle_alignment_pipeline/results/06_all_sample_alignment/qc/STI_LP_034_Du-52.depth.tsv
STI_LP_034_Du-52	QB3.Berkeley.251217/QB3.Results.260109	D. setchellii	STI	cpdna_population_sites	cpDNA	variant_calling_and_population_genetics	chloroplast	1	124538	182837038	1468.122485	124538	1.000000	124524	0.999888	124524	0.999888	dudleya_organelle_alignment_pipeline/results/05_analysis_masks/cpdna_population_sites.bed	dudleya_organelle_alignment_pipeline/results/06_all_sample_alignment/qc/STI_LP_034_Du-52.depth.tsv
STI_LP_034_Du-52	QB3.Berkeley.251217/QB3.Results.260109	D. setchellii	STI	mtdna_permissive_coverage	mtDNA	sample_qc_coverage	mitochondria	1	243359	16975175	69.753636	243192	0.999314	243159	0.999178	243116	0.999001	dudleya_organelle_alignment_pipeline/results/05_analysis_masks/mtdna_permissive_coverage_regions.bed	dudleya_organelle_alignment_pipeline/results/06_all_sample_alignment/qc/STI_LP_034_Du-52.depth.tsv
STI_LP_034_Du-52	QB3.Berkeley.251217/QB3.Results.260109	D. setchellii	STI	mtdna_high_confidence_unique	mtDNA	variant_calling_and_population_genetics	mitochondria	2	44930	5088947	113.263899	44790	0.996884	44780	0.996661	44780	0.996661	dudleya_organelle_alignment_pipeline/results/05_analysis_masks/mtdna_high_confidence_unique_regions.bed	dudleya_organelle_alignment_pipeline/results/06_all_sample_alignment/qc/STI_LP_034_Du-52.depth.tsv
STI_LP_035_Du-53	QB3.Berkeley.251217/QB3.Results.260109	D. setchellii	STI	cpdna_full_coverage	cpDNA	sample_qc_coverage	chloroplast	1	150274	235504729	1567.168832	150270	0.999973	150261	0.999913	150259	0.999900	dudleya_organelle_alignment_pipeline/results/05_analysis_masks/cpdna_full_coverage_regions.bed	dudleya_organelle_alignment_pipeline/results/06_all_sample_alignment/qc/STI_LP_035_Du-53.depth.tsv
STI_LP_035_Du-53	QB3.Berkeley.251217/QB3.Results.260109	D. setchellii	STI	cpdna_ir_regions	cpDNA	repeat_annotation	chloroplast	2	51472	86227939	1675.239723	51472	1.000000	51472	1.000000	51471	0.999981	dudleya_organelle_alignment_pipeline/results/05_analysis_masks/cpdna_ir_regions.bed	dudleya_organelle_alignment_pipeline/results/06_all_sample_alignment/qc/STI_LP_035_Du-53.depth.tsv
STI_LP_035_Du-53	QB3.Berkeley.251217/QB3.Results.260109	D. setchellii	STI	cpdna_duplicate_ir_mask	cpDNA	mask	chloroplast	1	25736	41930512	1629.255207	25736	1.000000	25736	1.000000	25735	0.999961	dudleya_organelle_alignment_pipeline/results/05_analysis_masks/cpdna_duplicate_ir_copy_mask.bed	dudleya_organelle_alignment_pipeline/results/06_all_sample_alignment/qc/STI_LP_035_Du-53.depth.tsv
STI_LP_035_Du-53	QB3.Berkeley.251217/QB3.Results.260109	D. setchellii	STI	cpdna_population_sites	cpDNA	variant_calling_and_population_genetics	chloroplast	1	124538	193574217	1554.338571	124534	0.999968	124525	0.999896	124524	0.999888	dudleya_organelle_alignment_pipeline/results/05_analysis_masks/cpdna_population_sites.bed	dudleya_organelle_alignment_pipeline/results/06_all_sample_alignment/qc/STI_LP_035_Du-53.depth.tsv
STI_LP_035_Du-53	QB3.Berkeley.251217/QB3.Results.260109	D. setchellii	STI	mtdna_permissive_coverage	mtDNA	sample_qc_coverage	mitochondria	1	243359	16933539	69.582547	243177	0.999252	243148	0.999133	243075	0.998833	dudleya_organelle_alignment_pipeline/results/05_analysis_masks/mtdna_permissive_coverage_regions.bed	dudleya_organelle_alignment_pipeline/results/06_all_sample_alignment/qc/STI_LP_035_Du-53.depth.tsv
STI_LP_035_Du-53	QB3.Berkeley.251217/QB3.Results.260109	D. setchellii	STI	mtdna_high_confidence_unique	mtDNA	variant_calling_and_population_genetics	mitochondria	2	44930	5105028	113.621812	44784	0.996751	44782	0.996706	44780	0.996661	dudleya_organelle_alignment_pipeline/results/05_analysis_masks/mtdna_high_confidence_unique_regions.bed	dudleya_organelle_alignment_pipeline/results/06_all_sample_alignment/qc/STI_LP_035_Du-53.depth.tsv
STI_LP_036_Du-54	QB3.Berkeley.251217/QB3.Results.260109	D. setchellii	STI	cpdna_full_coverage	cpDNA	sample_qc_coverage	chloroplast	1	150274	37129086	247.075915	150271	0.999980	150241	0.999780	150213	0.999594	dudleya_organelle_alignment_pipeline/results/05_analysis_masks/cpdna_full_coverage_regions.bed	dudleya_organelle_alignment_pipeline/results/06_all_sample_alignment/qc/STI_LP_036_Du-54.depth.tsv
STI_LP_036_Du-54	QB3.Berkeley.251217/QB3.Results.260109	D. setchellii	STI	cpdna_ir_regions	cpDNA	repeat_annotation	chloroplast	2	51472	13421093	260.745512	51469	0.999942	51461	0.999786	51434	0.999262	dudleya_organelle_alignment_pipeline/results/05_analysis_masks/cpdna_ir_regions.bed	dudleya_organelle_alignment_pipeline/results/06_all_sample_alignment/qc/STI_LP_036_Du-54.depth.tsv
STI_LP_036_Du-54	QB3.Berkeley.251217/QB3.Results.260109	D. setchellii	STI	cpdna_duplicate_ir_mask	cpDNA	mask	chloroplast	1	25736	6565472	255.108486	25734	0.999922	25726	0.999611	25706	0.998834	dudleya_organelle_alignment_pipeline/results/05_analysis_masks/cpdna_duplicate_ir_copy_mask.bed	dudleya_organelle_alignment_pipeline/results/06_all_sample_alignment/qc/STI_LP_036_Du-54.depth.tsv
STI_LP_036_Du-54	QB3.Berkeley.251217/QB3.Results.260109	D. setchellii	STI	cpdna_population_sites	cpDNA	variant_calling_and_population_genetics	chloroplast	1	124538	30563614	245.415969	124537	0.999992	124515	0.999815	124507	0.999751	dudleya_organelle_alignment_pipeline/results/05_analysis_masks/cpdna_population_sites.bed	dudleya_organelle_alignment_pipeline/results/06_all_sample_alignment/qc/STI_LP_036_Du-54.depth.tsv
STI_LP_036_Du-54	QB3.Berkeley.251217/QB3.Results.260109	D. setchellii	STI	mtdna_permissive_coverage	mtDNA	sample_qc_coverage	mitochondria	1	243359	4889852	20.093163	243171	0.999227	242329	0.995768	225411	0.926249	dudleya_organelle_alignment_pipeline/results/05_analysis_masks/mtdna_permissive_coverage_regions.bed	dudleya_organelle_alignment_pipeline/results/06_all_sample_alignment/qc/STI_LP_036_Du-54.depth.tsv
STI_LP_036_Du-54	QB3.Berkeley.251217/QB3.Results.260109	D. setchellii	STI	mtdna_high_confidence_unique	mtDNA	variant_calling_and_population_genetics	mitochondria	2	44930	1458392	32.459203	44781	0.996684	44780	0.996661	44736	0.995682	dudleya_organelle_alignment_pipeline/results/05_analysis_masks/mtdna_high_confidence_unique_regions.bed	dudleya_organelle_alignment_pipeline/results/06_all_sample_alignment/qc/STI_LP_036_Du-54.depth.tsv
STI_LP_037_Du-55	QB3.Berkeley.251217/QB3.Results.260109	D. setchellii	STI	cpdna_full_coverage	cpDNA	sample_qc_coverage	chloroplast	1	150274	104682755	696.612554	150262	0.999920	150252	0.999854	150248	0.999827	dudleya_organelle_alignment_pipeline/results/05_analysis_masks/cpdna_full_coverage_regions.bed	dudleya_organelle_alignment_pipeline/results/06_all_sample_alignment/qc/STI_LP_037_Du-55.depth.tsv
STI_LP_037_Du-55	QB3.Berkeley.251217/QB3.Results.260109	D. setchellii	STI	cpdna_ir_regions	cpDNA	repeat_annotation	chloroplast	2	51472	38153806	741.253614	51471	0.999981	51469	0.999942	51466	0.999883	dudleya_organelle_alignment_pipeline/results/05_analysis_masks/cpdna_ir_regions.bed	dudleya_organelle_alignment_pipeline/results/06_all_sample_alignment/qc/STI_LP_037_Du-55.depth.tsv
STI_LP_037_Du-55	QB3.Berkeley.251217/QB3.Results.260109	D. setchellii	STI	cpdna_duplicate_ir_mask	cpDNA	mask	chloroplast	1	25736	18617997	723.422327	25736	1.000000	25734	0.999922	25732	0.999845	dudleya_organelle_alignment_pipeline/results/05_analysis_masks/cpdna_duplicate_ir_copy_mask.bed	dudleya_organelle_alignment_pipeline/results/06_all_sample_alignment/qc/STI_LP_037_Du-55.depth.tsv
STI_LP_037_Du-55	QB3.Berkeley.251217/QB3.Results.260109	D. setchellii	STI	cpdna_population_sites	cpDNA	variant_calling_and_population_genetics	chloroplast	1	124538	86064758	691.072267	124526	0.999904	124518	0.999839	124516	0.999823	dudleya_organelle_alignment_pipeline/results/05_analysis_masks/cpdna_population_sites.bed	dudleya_organelle_alignment_pipeline/results/06_all_sample_alignment/qc/STI_LP_037_Du-55.depth.tsv
STI_LP_037_Du-55	QB3.Berkeley.251217/QB3.Results.260109	D. setchellii	STI	mtdna_permissive_coverage	mtDNA	sample_qc_coverage	mitochondria	1	243359	11670442	47.955662	243186	0.999289	243146	0.999125	243073	0.998825	dudleya_organelle_alignment_pipeline/results/05_analysis_masks/mtdna_permissive_coverage_regions.bed	dudleya_organelle_alignment_pipeline/results/06_all_sample_alignment/qc/STI_LP_037_Du-55.depth.tsv
STI_LP_037_Du-55	QB3.Berkeley.251217/QB3.Results.260109	D. setchellii	STI	mtdna_high_confidence_unique	mtDNA	variant_calling_and_population_genetics	mitochondria	2	44930	3479808	77.449544	44786	0.996795	44780	0.996661	44779	0.996639	dudleya_organelle_alignment_pipeline/results/05_analysis_masks/mtdna_high_confidence_unique_regions.bed	dudleya_organelle_alignment_pipeline/results/06_all_sample_alignment/qc/STI_LP_037_Du-55.depth.tsv
STI_LP_038_Du-56	QB3.Berkeley.251217/QB3.Results.260109	D. setchellii	STI	cpdna_full_coverage	cpDNA	sample_qc_coverage	chloroplast	1	150274	176158306	1172.247401	150261	0.999913	150255	0.999874	150251	0.999847	dudleya_organelle_alignment_pipeline/results/05_analysis_masks/cpdna_full_coverage_regions.bed	dudleya_organelle_alignment_pipeline/results/06_all_sample_alignment/qc/STI_LP_038_Du-56.depth.tsv
STI_LP_038_Du-56	QB3.Berkeley.251217/QB3.Results.260109	D. setchellii	STI	cpdna_ir_regions	cpDNA	repeat_annotation	chloroplast	2	51472	59765403	1161.124553	51472	1.000000	51470	0.999961	51468	0.999922	dudleya_organelle_alignment_pipeline/results/05_analysis_masks/cpdna_ir_regions.bed	dudleya_organelle_alignment_pipeline/results/06_all_sample_alignment/qc/STI_LP_038_Du-56.depth.tsv
STI_LP_038_Du-56	QB3.Berkeley.251217/QB3.Results.260109	D. setchellii	STI	cpdna_duplicate_ir_mask	cpDNA	mask	chloroplast	1	25736	29332634	1139.751088	25736	1.000000	25734	0.999922	25733	0.999883	dudleya_organelle_alignment_pipeline/results/05_analysis_masks/cpdna_duplicate_ir_copy_mask.bed	dudleya_organelle_alignment_pipeline/results/06_all_sample_alignment/qc/STI_LP_038_Du-56.depth.tsv
STI_LP_038_Du-56	QB3.Berkeley.251217/QB3.Results.260109	D. setchellii	STI	cpdna_population_sites	cpDNA	variant_calling_and_population_genetics	chloroplast	1	124538	146825672	1178.962823	124525	0.999896	124521	0.999863	124518	0.999839	dudleya_organelle_alignment_pipeline/results/05_analysis_masks/cpdna_population_sites.bed	dudleya_organelle_alignment_pipeline/results/06_all_sample_alignment/qc/STI_LP_038_Du-56.depth.tsv
STI_LP_038_Du-56	QB3.Berkeley.251217/QB3.Results.260109	D. setchellii	STI	mtdna_permissive_coverage	mtDNA	sample_qc_coverage	mitochondria	1	243359	14024707	57.629703	243182	0.999273	243135	0.999080	243077	0.998841	dudleya_organelle_alignment_pipeline/results/05_analysis_masks/mtdna_permissive_coverage_regions.bed	dudleya_organelle_alignment_pipeline/results/06_all_sample_alignment/qc/STI_LP_038_Du-56.depth.tsv
STI_LP_038_Du-56	QB3.Berkeley.251217/QB3.Results.260109	D. setchellii	STI	mtdna_high_confidence_unique	mtDNA	variant_calling_and_population_genetics	mitochondria	2	44930	4311853	95.968239	44784	0.996751	44780	0.996661	44780	0.996661	dudleya_organelle_alignment_pipeline/results/05_analysis_masks/mtdna_high_confidence_unique_regions.bed	dudleya_organelle_alignment_pipeline/results/06_all_sample_alignment/qc/STI_LP_038_Du-56.depth.tsv
STI_LP_039_Du-57	QB3.Berkeley.251217/QB3.Results.260109	D. setchellii	STI	cpdna_full_coverage	cpDNA	sample_qc_coverage	chloroplast	1	150274	122578995	815.703282	150261	0.999913	150253	0.999860	150248	0.999827	dudleya_organelle_alignment_pipeline/results/05_analysis_masks/cpdna_full_coverage_regions.bed	dudleya_organelle_alignment_pipeline/results/06_all_sample_alignment/qc/STI_LP_039_Du-57.depth.tsv
STI_LP_039_Du-57	QB3.Berkeley.251217/QB3.Results.260109	D. setchellii	STI	cpdna_ir_regions	cpDNA	repeat_annotation	chloroplast	2	51472	43198135	839.255032	51472	1.000000	51467	0.999903	51466	0.999883	dudleya_organelle_alignment_pipeline/results/05_analysis_masks/cpdna_ir_regions.bed	dudleya_organelle_alignment_pipeline/results/06_all_sample_alignment/qc/STI_LP_039_Du-57.depth.tsv
STI_LP_039_Du-57	QB3.Berkeley.251217/QB3.Results.260109	D. setchellii	STI	cpdna_duplicate_ir_mask	cpDNA	mask	chloroplast	1	25736	21225155	824.726259	25736	1.000000	25732	0.999845	25731	0.999806	dudleya_organelle_alignment_pipeline/results/05_analysis_masks/cpdna_duplicate_ir_copy_mask.bed	dudleya_organelle_alignment_pipeline/results/06_all_sample_alignment/qc/STI_LP_039_Du-57.depth.tsv
STI_LP_039_Du-57	QB3.Berkeley.251217/QB3.Results.260109	D. setchellii	STI	cpdna_population_sites	cpDNA	variant_calling_and_population_genetics	chloroplast	1	124538	101353840	813.838668	124525	0.999896	124521	0.999863	124517	0.999831	dudleya_organelle_alignment_pipeline/results/05_analysis_masks/cpdna_population_sites.bed	dudleya_organelle_alignment_pipeline/results/06_all_sample_alignment/qc/STI_LP_039_Du-57.depth.tsv
STI_LP_039_Du-57	QB3.Berkeley.251217/QB3.Results.260109	D. setchellii	STI	mtdna_permissive_coverage	mtDNA	sample_qc_coverage	mitochondria	1	243359	11477497	47.162821	243179	0.999260	243134	0.999075	243085	0.998874	dudleya_organelle_alignment_pipeline/results/05_analysis_masks/mtdna_permissive_coverage_regions.bed	dudleya_organelle_alignment_pipeline/results/06_all_sample_alignment/qc/STI_LP_039_Du-57.depth.tsv
STI_LP_039_Du-57	QB3.Berkeley.251217/QB3.Results.260109	D. setchellii	STI	mtdna_high_confidence_unique	mtDNA	variant_calling_and_population_genetics	mitochondria	2	44930	3447047	76.720387	44790	0.996884	44780	0.996661	44779	0.996639	dudleya_organelle_alignment_pipeline/results/05_analysis_masks/mtdna_high_confidence_unique_regions.bed	dudleya_organelle_alignment_pipeline/results/06_all_sample_alignment/qc/STI_LP_039_Du-57.depth.tsv
STI_LP_040_Du-58	QB3.Berkeley.251217/QB3.Results.260109	D. setchellii	STI	cpdna_full_coverage	cpDNA	sample_qc_coverage	chloroplast	1	150274	36212821	240.978619	150273	0.999993	150267	0.999953	150260	0.999907	dudleya_organelle_alignment_pipeline/results/05_analysis_masks/cpdna_full_coverage_regions.bed	dudleya_organelle_alignment_pipeline/results/06_all_sample_alignment/qc/STI_LP_040_Du-58.depth.tsv
STI_LP_040_Du-58	QB3.Berkeley.251217/QB3.Results.260109	D. setchellii	STI	cpdna_ir_regions	cpDNA	repeat_annotation	chloroplast	2	51472	15936370	309.612411	51471	0.999981	51466	0.999883	51461	0.999786	dudleya_organelle_alignment_pipeline/results/05_analysis_masks/cpdna_ir_regions.bed	dudleya_organelle_alignment_pipeline/results/06_all_sample_alignment/qc/STI_LP_040_Du-58.depth.tsv
STI_LP_040_Du-58	QB3.Berkeley.251217/QB3.Results.260109	D. setchellii	STI	cpdna_duplicate_ir_mask	cpDNA	mask	chloroplast	1	25736	7864222	305.572816	25736	1.000000	25731	0.999806	25727	0.999650	dudleya_organelle_alignment_pipeline/results/05_analysis_masks/cpdna_duplicate_ir_copy_mask.bed	dudleya_organelle_alignment_pipeline/results/06_all_sample_alignment/qc/STI_LP_040_Du-58.depth.tsv
STI_LP_040_Du-58	QB3.Berkeley.251217/QB3.Results.260109	D. setchellii	STI	cpdna_population_sites	cpDNA	variant_calling_and_population_genetics	chloroplast	1	124538	28348599	227.630113	124537	0.999992	124536	0.999984	124533	0.999960	dudleya_organelle_alignment_pipeline/results/05_analysis_masks/cpdna_population_sites.bed	dudleya_organelle_alignment_pipeline/results/06_all_sample_alignment/qc/STI_LP_040_Du-58.depth.tsv
STI_LP_040_Du-58	QB3.Berkeley.251217/QB3.Results.260109	D. setchellii	STI	mtdna_permissive_coverage	mtDNA	sample_qc_coverage	mitochondria	1	243359	4130857	16.974334	242301	0.995653	234141	0.962122	189091	0.777004	dudleya_organelle_alignment_pipeline/results/05_analysis_masks/mtdna_permissive_coverage_regions.bed	dudleya_organelle_alignment_pipeline/results/06_all_sample_alignment/qc/STI_LP_040_Du-58.depth.tsv
STI_LP_040_Du-58	QB3.Berkeley.251217/QB3.Results.260109	D. setchellii	STI	mtdna_high_confidence_unique	mtDNA	variant_calling_and_population_genetics	mitochondria	2	44930	1250973	27.842711	44783	0.996728	44738	0.995727	43621	0.970866	dudleya_organelle_alignment_pipeline/results/05_analysis_masks/mtdna_high_confidence_unique_regions.bed	dudleya_organelle_alignment_pipeline/results/06_all_sample_alignment/qc/STI_LP_040_Du-58.depth.tsv
STI_LP_041_Du-60	QB3.Berkeley.251217/QB3.Results.260109	D. setchellii	STI	cpdna_full_coverage	cpDNA	sample_qc_coverage	chloroplast	1	150274	3681252501	24496.935604	150274	1.000000	150267	0.999953	150261	0.999913	dudleya_organelle_alignment_pipeline/results/05_analysis_masks/cpdna_full_coverage_regions.bed	dudleya_organelle_alignment_pipeline/results/06_all_sample_alignment/qc/STI_LP_041_Du-60.depth.tsv
STI_LP_041_Du-60	QB3.Berkeley.251217/QB3.Results.260109	D. setchellii	STI	cpdna_ir_regions	cpDNA	repeat_annotation	chloroplast	2	51472	1404817227	27292.843235	51472	1.000000	51472	1.000000	51472	1.000000	dudleya_organelle_alignment_pipeline/results/05_analysis_masks/cpdna_ir_regions.bed	dudleya_organelle_alignment_pipeline/results/06_all_sample_alignment/qc/STI_LP_041_Du-60.depth.tsv
STI_LP_041_Du-60	QB3.Berkeley.251217/QB3.Results.260109	D. setchellii	STI	cpdna_duplicate_ir_mask	cpDNA	mask	chloroplast	1	25736	692975167	26926.296511	25736	1.000000	25736	1.000000	25736	1.000000	dudleya_organelle_alignment_pipeline/results/05_analysis_masks/cpdna_duplicate_ir_copy_mask.bed	dudleya_organelle_alignment_pipeline/results/06_all_sample_alignment/qc/STI_LP_041_Du-60.depth.tsv
STI_LP_041_Du-60	QB3.Berkeley.251217/QB3.Results.260109	D. setchellii	STI	cpdna_population_sites	cpDNA	variant_calling_and_population_genetics	chloroplast	1	124538	2988277334	23994.903837	124538	1.000000	124531	0.999944	124525	0.999896	dudleya_organelle_alignment_pipeline/results/05_analysis_masks/cpdna_population_sites.bed	dudleya_organelle_alignment_pipeline/results/06_all_sample_alignment/qc/STI_LP_041_Du-60.depth.tsv
STI_LP_041_Du-60	QB3.Berkeley.251217/QB3.Results.260109	D. setchellii	STI	mtdna_permissive_coverage	mtDNA	sample_qc_coverage	mitochondria	1	243359	363284606	1492.792977	243219	0.999425	243206	0.999371	243199	0.999343	dudleya_organelle_alignment_pipeline/results/05_analysis_masks/mtdna_permissive_coverage_regions.bed	dudleya_organelle_alignment_pipeline/results/06_all_sample_alignment/qc/STI_LP_041_Du-60.depth.tsv
STI_LP_041_Du-60	QB3.Berkeley.251217/QB3.Results.260109	D. setchellii	STI	mtdna_high_confidence_unique	mtDNA	variant_calling_and_population_genetics	mitochondria	2	44930	107185060	2385.601157	44795	0.996995	44794	0.996973	44794	0.996973	dudleya_organelle_alignment_pipeline/results/05_analysis_masks/mtdna_high_confidence_unique_regions.bed	dudleya_organelle_alignment_pipeline/results/06_all_sample_alignment/qc/STI_LP_041_Du-60.depth.tsv
STI_LP_042_Du-61	QB3.Berkeley.251217/QB3.Results.260109	D. setchellii	STI	cpdna_full_coverage	cpDNA	sample_qc_coverage	chloroplast	1	150274	193334853	1286.548924	150274	1.000000	150272	0.999987	150270	0.999973	dudleya_organelle_alignment_pipeline/results/05_analysis_masks/cpdna_full_coverage_regions.bed	dudleya_organelle_alignment_pipeline/results/06_all_sample_alignment/qc/STI_LP_042_Du-61.depth.tsv
STI_LP_042_Du-61	QB3.Berkeley.251217/QB3.Results.260109	D. setchellii	STI	cpdna_ir_regions	cpDNA	repeat_annotation	chloroplast	2	51472	66136196	1284.896565	51472	1.000000	51470	0.999961	51468	0.999922	dudleya_organelle_alignment_pipeline/results/05_analysis_masks/cpdna_ir_regions.bed	dudleya_organelle_alignment_pipeline/results/06_all_sample_alignment/qc/STI_LP_042_Du-61.depth.tsv
STI_LP_042_Du-61	QB3.Berkeley.251217/QB3.Results.260109	D. setchellii	STI	cpdna_duplicate_ir_mask	cpDNA	mask	chloroplast	1	25736	32395228	1258.751477	25736	1.000000	25735	0.999961	25733	0.999883	dudleya_organelle_alignment_pipeline/results/05_analysis_masks/cpdna_duplicate_ir_copy_mask.bed	dudleya_organelle_alignment_pipeline/results/06_all_sample_alignment/qc/STI_LP_042_Du-61.depth.tsv
STI_LP_042_Du-61	QB3.Berkeley.251217/QB3.Results.260109	D. setchellii	STI	cpdna_population_sites	cpDNA	variant_calling_and_population_genetics	chloroplast	1	124538	160939625	1292.293316	124538	1.000000	124537	0.999992	124537	0.999992	dudleya_organelle_alignment_pipeline/results/05_analysis_masks/cpdna_population_sites.bed	dudleya_organelle_alignment_pipeline/results/06_all_sample_alignment/qc/STI_LP_042_Du-61.depth.tsv
STI_LP_042_Du-61	QB3.Berkeley.251217/QB3.Results.260109	D. setchellii	STI	mtdna_permissive_coverage	mtDNA	sample_qc_coverage	mitochondria	1	243359	22186889	91.169379	242595	0.996861	242557	0.996704	242517	0.996540	dudleya_organelle_alignment_pipeline/results/05_analysis_masks/mtdna_permissive_coverage_regions.bed	dudleya_organelle_alignment_pipeline/results/06_all_sample_alignment/qc/STI_LP_042_Du-61.depth.tsv
STI_LP_042_Du-61	QB3.Berkeley.251217/QB3.Results.260109	D. setchellii	STI	mtdna_high_confidence_unique	mtDNA	variant_calling_and_population_genetics	mitochondria	2	44930	6627550	147.508346	44793	0.996951	44785	0.996773	44780	0.996661	dudleya_organelle_alignment_pipeline/results/05_analysis_masks/mtdna_high_confidence_unique_regions.bed	dudleya_organelle_alignment_pipeline/results/06_all_sample_alignment/qc/STI_LP_042_Du-61.depth.tsv
TIL_LP_123_Du-263	QB3.Berkeley.251217/QB3.Results.260109	D. setchellii	TIL	cpdna_full_coverage	cpDNA	sample_qc_coverage	chloroplast	1	150274	30455714	202.667887	150150	0.999175	150094	0.998802	150056	0.998549	dudleya_organelle_alignment_pipeline/results/05_analysis_masks/cpdna_full_coverage_regions.bed	dudleya_organelle_alignment_pipeline/results/06_all_sample_alignment/qc/TIL_LP_123_Du-263.depth.tsv
TIL_LP_123_Du-263	QB3.Berkeley.251217/QB3.Results.260109	D. setchellii	TIL	cpdna_ir_regions	cpDNA	repeat_annotation	chloroplast	2	51472	10696137	207.804962	51471	0.999981	51461	0.999786	51429	0.999165	dudleya_organelle_alignment_pipeline/results/05_analysis_masks/cpdna_ir_regions.bed	dudleya_organelle_alignment_pipeline/results/06_all_sample_alignment/qc/TIL_LP_123_Du-263.depth.tsv
TIL_LP_123_Du-263	QB3.Berkeley.251217/QB3.Results.260109	D. setchellii	TIL	cpdna_duplicate_ir_mask	cpDNA	mask	chloroplast	1	25736	5249045	203.957297	25735	0.999961	25726	0.999611	25703	0.998718	dudleya_organelle_alignment_pipeline/results/05_analysis_masks/cpdna_duplicate_ir_copy_mask.bed	dudleya_organelle_alignment_pipeline/results/06_all_sample_alignment/qc/TIL_LP_123_Du-263.depth.tsv
TIL_LP_123_Du-263	QB3.Berkeley.251217/QB3.Results.260109	D. setchellii	TIL	cpdna_population_sites	cpDNA	variant_calling_and_population_genetics	chloroplast	1	124538	25206669	202.401428	124415	0.999012	124368	0.998635	124353	0.998515	dudleya_organelle_alignment_pipeline/results/05_analysis_masks/cpdna_population_sites.bed	dudleya_organelle_alignment_pipeline/results/06_all_sample_alignment/qc/TIL_LP_123_Du-263.depth.tsv
TIL_LP_123_Du-263	QB3.Berkeley.251217/QB3.Results.260109	D. setchellii	TIL	mtdna_permissive_coverage	mtDNA	sample_qc_coverage	mitochondria	1	243359	2155613	8.857749	240780	0.989402	198825	0.817003	90029	0.369943	dudleya_organelle_alignment_pipeline/results/05_analysis_masks/mtdna_permissive_coverage_regions.bed	dudleya_organelle_alignment_pipeline/results/06_all_sample_alignment/qc/TIL_LP_123_Du-263.depth.tsv
TIL_LP_123_Du-263	QB3.Berkeley.251217/QB3.Results.260109	D. setchellii	TIL	mtdna_high_confidence_unique	mtDNA	variant_calling_and_population_genetics	mitochondria	2	44930	668496	14.878611	44763	0.996283	44234	0.984509	37106	0.825862	dudleya_organelle_alignment_pipeline/results/05_analysis_masks/mtdna_high_confidence_unique_regions.bed	dudleya_organelle_alignment_pipeline/results/06_all_sample_alignment/qc/TIL_LP_123_Du-263.depth.tsv
TIL_LP_124_Du-264	QB3.Berkeley.251217/QB3.Results.260109	D. setchellii	TIL	cpdna_full_coverage	cpDNA	sample_qc_coverage	chloroplast	1	150274	300470272	1999.482758	150273	0.999993	150271	0.999980	150269	0.999967	dudleya_organelle_alignment_pipeline/results/05_analysis_masks/cpdna_full_coverage_regions.bed	dudleya_organelle_alignment_pipeline/results/06_all_sample_alignment/qc/TIL_LP_124_Du-264.depth.tsv
TIL_LP_124_Du-264	QB3.Berkeley.251217/QB3.Results.260109	D. setchellii	TIL	cpdna_ir_regions	cpDNA	repeat_annotation	chloroplast	2	51472	104606345	2032.296103	51471	0.999981	51469	0.999942	51467	0.999903	dudleya_organelle_alignment_pipeline/results/05_analysis_masks/cpdna_ir_regions.bed	dudleya_organelle_alignment_pipeline/results/06_all_sample_alignment/qc/TIL_LP_124_Du-264.depth.tsv
TIL_LP_124_Du-264	QB3.Berkeley.251217/QB3.Results.260109	D. setchellii	TIL	cpdna_duplicate_ir_mask	cpDNA	mask	chloroplast	1	25736	51391410	1996.868589	25736	1.000000	25734	0.999922	25732	0.999845	dudleya_organelle_alignment_pipeline/results/05_analysis_masks/cpdna_duplicate_ir_copy_mask.bed	dudleya_organelle_alignment_pipeline/results/06_all_sample_alignment/qc/TIL_LP_124_Du-264.depth.tsv
TIL_LP_124_Du-264	QB3.Berkeley.251217/QB3.Results.260109	D. setchellii	TIL	cpdna_population_sites	cpDNA	variant_calling_and_population_genetics	chloroplast	1	124538	249078862	2000.022981	124537	0.999992	124537	0.999992	124537	0.999992	dudleya_organelle_alignment_pipeline/results/05_analysis_masks/cpdna_population_sites.bed	dudleya_organelle_alignment_pipeline/results/06_all_sample_alignment/qc/TIL_LP_124_Du-264.depth.tsv
TIL_LP_124_Du-264	QB3.Berkeley.251217/QB3.Results.260109	D. setchellii	TIL	mtdna_permissive_coverage	mtDNA	sample_qc_coverage	mitochondria	1	243359	20603324	84.662264	242618	0.996955	242537	0.996622	242497	0.996458	dudleya_organelle_alignment_pipeline/results/05_analysis_masks/mtdna_permissive_coverage_regions.bed	dudleya_organelle_alignment_pipeline/results/06_all_sample_alignment/qc/TIL_LP_124_Du-264.depth.tsv
TIL_LP_124_Du-264	QB3.Berkeley.251217/QB3.Results.260109	D. setchellii	TIL	mtdna_high_confidence_unique	mtDNA	variant_calling_and_population_genetics	mitochondria	2	44930	6234796	138.766882	44790	0.996884	44784	0.996751	44784	0.996751	dudleya_organelle_alignment_pipeline/results/05_analysis_masks/mtdna_high_confidence_unique_regions.bed	dudleya_organelle_alignment_pipeline/results/06_all_sample_alignment/qc/TIL_LP_124_Du-264.depth.tsv
TIL_LP_125_Du-265	QB3.Berkeley.251217/QB3.Results.260109	D. setchellii	TIL	cpdna_full_coverage	cpDNA	sample_qc_coverage	chloroplast	1	150274	47928620	318.941533	150272	0.999987	150248	0.999827	150237	0.999754	dudleya_organelle_alignment_pipeline/results/05_analysis_masks/cpdna_full_coverage_regions.bed	dudleya_organelle_alignment_pipeline/results/06_all_sample_alignment/qc/TIL_LP_125_Du-265.depth.tsv
TIL_LP_125_Du-265	QB3.Berkeley.251217/QB3.Results.260109	D. setchellii	TIL	cpdna_ir_regions	cpDNA	repeat_annotation	chloroplast	2	51472	16285407	316.393515	51470	0.999961	51466	0.999883	51458	0.999728	dudleya_organelle_alignment_pipeline/results/05_analysis_masks/cpdna_ir_regions.bed	dudleya_organelle_alignment_pipeline/results/06_all_sample_alignment/qc/TIL_LP_125_Du-265.depth.tsv
TIL_LP_125_Du-265	QB3.Berkeley.251217/QB3.Results.260109	D. setchellii	TIL	cpdna_duplicate_ir_mask	cpDNA	mask	chloroplast	1	25736	7985822	310.297715	25734	0.999922	25731	0.999806	25724	0.999534	dudleya_organelle_alignment_pipeline/results/05_analysis_masks/cpdna_duplicate_ir_copy_mask.bed	dudleya_organelle_alignment_pipeline/results/06_all_sample_alignment/qc/TIL_LP_125_Du-265.depth.tsv
TIL_LP_125_Du-265	QB3.Berkeley.251217/QB3.Results.260109	D. setchellii	TIL	cpdna_population_sites	cpDNA	variant_calling_and_population_genetics	chloroplast	1	124538	39942798	320.727794	124538	1.000000	124517	0.999831	124513	0.999799	dudleya_organelle_alignment_pipeline/results/05_analysis_masks/cpdna_population_sites.bed	dudleya_organelle_alignment_pipeline/results/06_all_sample_alignment/qc/TIL_LP_125_Du-265.depth.tsv
TIL_LP_125_Du-265	QB3.Berkeley.251217/QB3.Results.260109	D. setchellii	TIL	mtdna_permissive_coverage	mtDNA	sample_qc_coverage	mitochondria	1	243359	2414368	9.921014	242014	0.994473	209382	0.860383	111096	0.456511	dudleya_organelle_alignment_pipeline/results/05_analysis_masks/mtdna_permissive_coverage_regions.bed	dudleya_organelle_alignment_pipeline/results/06_all_sample_alignment/qc/TIL_LP_125_Du-265.depth.tsv
TIL_LP_125_Du-265	QB3.Berkeley.251217/QB3.Results.260109	D. setchellii	TIL	mtdna_high_confidence_unique	mtDNA	variant_calling_and_population_genetics	mitochondria	2	44930	721757	16.064033	44780	0.996661	44268	0.985266	39267	0.873959	dudleya_organelle_alignment_pipeline/results/05_analysis_masks/mtdna_high_confidence_unique_regions.bed	dudleya_organelle_alignment_pipeline/results/06_all_sample_alignment/qc/TIL_LP_125_Du-265.depth.tsv
TIL_LP_126_Du-266	QB3.Berkeley.251217/QB3.Results.260109	D. setchellii	TIL	cpdna_full_coverage	cpDNA	sample_qc_coverage	chloroplast	1	150274	38950526	259.196707	150256	0.999880	150248	0.999827	150228	0.999694	dudleya_organelle_alignment_pipeline/results/05_analysis_masks/cpdna_full_coverage_regions.bed	dudleya_organelle_alignment_pipeline/results/06_all_sample_alignment/qc/TIL_LP_126_Du-266.depth.tsv
TIL_LP_126_Du-266	QB3.Berkeley.251217/QB3.Results.260109	D. setchellii	TIL	cpdna_ir_regions	cpDNA	repeat_annotation	chloroplast	2	51472	15036418	292.128108	51471	0.999981	51467	0.999903	51449	0.999553	dudleya_organelle_alignment_pipeline/results/05_analysis_masks/cpdna_ir_regions.bed	dudleya_organelle_alignment_pipeline/results/06_all_sample_alignment/qc/TIL_LP_126_Du-266.depth.tsv
TIL_LP_126_Du-266	QB3.Berkeley.251217/QB3.Results.260109	D. setchellii	TIL	cpdna_duplicate_ir_mask	cpDNA	mask	chloroplast	1	25736	7335204	285.017252	25735	0.999961	25733	0.999883	25717	0.999262	dudleya_organelle_alignment_pipeline/results/05_analysis_masks/cpdna_duplicate_ir_copy_mask.bed	dudleya_organelle_alignment_pipeline/results/06_all_sample_alignment/qc/TIL_LP_126_Du-266.depth.tsv
TIL_LP_126_Du-266	QB3.Berkeley.251217/QB3.Results.260109	D. setchellii	TIL	cpdna_population_sites	cpDNA	variant_calling_and_population_genetics	chloroplast	1	124538	31615322	253.860846	124521	0.999863	124515	0.999815	124511	0.999783	dudleya_organelle_alignment_pipeline/results/05_analysis_masks/cpdna_population_sites.bed	dudleya_organelle_alignment_pipeline/results/06_all_sample_alignment/qc/TIL_LP_126_Du-266.depth.tsv
TIL_LP_126_Du-266	QB3.Berkeley.251217/QB3.Results.260109	D. setchellii	TIL	mtdna_permissive_coverage	mtDNA	sample_qc_coverage	mitochondria	1	243359	4256821	17.491940	243100	0.998936	239164	0.982762	204414	0.839969	dudleya_organelle_alignment_pipeline/results/05_analysis_masks/mtdna_permissive_coverage_regions.bed	dudleya_organelle_alignment_pipeline/results/06_all_sample_alignment/qc/TIL_LP_126_Du-266.depth.tsv
TIL_LP_126_Du-266	QB3.Berkeley.251217/QB3.Results.260109	D. setchellii	TIL	mtdna_high_confidence_unique	mtDNA	variant_calling_and_population_genetics	mitochondria	2	44930	1327275	29.540953	44780	0.996661	44780	0.996661	44554	0.991631	dudleya_organelle_alignment_pipeline/results/05_analysis_masks/mtdna_high_confidence_unique_regions.bed	dudleya_organelle_alignment_pipeline/results/06_all_sample_alignment/qc/TIL_LP_126_Du-266.depth.tsv
TIL_LP_127_Du-267	QB3.Berkeley.251217/QB3.Results.260109	D. setchellii	TIL	cpdna_full_coverage	cpDNA	sample_qc_coverage	chloroplast	1	150274	4585366	30.513369	150200	0.999508	150019	0.998303	148828	0.990378	dudleya_organelle_alignment_pipeline/results/05_analysis_masks/cpdna_full_coverage_regions.bed	dudleya_organelle_alignment_pipeline/results/06_all_sample_alignment/qc/TIL_LP_127_Du-267.depth.tsv
TIL_LP_127_Du-267	QB3.Berkeley.251217/QB3.Results.260109	D. setchellii	TIL	cpdna_ir_regions	cpDNA	repeat_annotation	chloroplast	2	51472	1733905	33.686373	51400	0.998601	51275	0.996173	50957	0.989995	dudleya_organelle_alignment_pipeline/results/05_analysis_masks/cpdna_ir_regions.bed	dudleya_organelle_alignment_pipeline/results/06_all_sample_alignment/qc/TIL_LP_127_Du-267.depth.tsv
TIL_LP_127_Du-267	QB3.Berkeley.251217/QB3.Results.260109	D. setchellii	TIL	cpdna_duplicate_ir_mask	cpDNA	mask	chloroplast	1	25736	847491	32.930176	25696	0.998446	25617	0.995376	25400	0.986944	dudleya_organelle_alignment_pipeline/results/05_analysis_masks/cpdna_duplicate_ir_copy_mask.bed	dudleya_organelle_alignment_pipeline/results/06_all_sample_alignment/qc/TIL_LP_127_Du-267.depth.tsv
TIL_LP_127_Du-267	QB3.Berkeley.251217/QB3.Results.260109	D. setchellii	TIL	cpdna_population_sites	cpDNA	variant_calling_and_population_genetics	chloroplast	1	124538	3737875	30.013931	124504	0.999727	124402	0.998908	123428	0.991087	dudleya_organelle_alignment_pipeline/results/05_analysis_masks/cpdna_population_sites.bed	dudleya_organelle_alignment_pipeline/results/06_all_sample_alignment/qc/TIL_LP_127_Du-267.depth.tsv
TIL_LP_127_Du-267	QB3.Berkeley.251217/QB3.Results.260109	D. setchellii	TIL	mtdna_permissive_coverage	mtDNA	sample_qc_coverage	mitochondria	1	243359	965674	3.968105	205670	0.845130	83284	0.342227	17077	0.070172	dudleya_organelle_alignment_pipeline/results/05_analysis_masks/mtdna_permissive_coverage_regions.bed	dudleya_organelle_alignment_pipeline/results/06_all_sample_alignment/qc/TIL_LP_127_Du-267.depth.tsv
TIL_LP_127_Du-267	QB3.Berkeley.251217/QB3.Results.260109	D. setchellii	TIL	mtdna_high_confidence_unique	mtDNA	variant_calling_and_population_genetics	mitochondria	2	44930	295425	6.575228	42022	0.935277	27730	0.617182	9760	0.217227	dudleya_organelle_alignment_pipeline/results/05_analysis_masks/mtdna_high_confidence_unique_regions.bed	dudleya_organelle_alignment_pipeline/results/06_all_sample_alignment/qc/TIL_LP_127_Du-267.depth.tsv
TIL_LP_128_Du-268	QB3.Berkeley.251217/QB3.Results.260109	D. setchellii	TIL	cpdna_full_coverage	cpDNA	sample_qc_coverage	chloroplast	1	150274	312682571	2080.749637	150273	0.999993	150273	0.999993	150272	0.999987	dudleya_organelle_alignment_pipeline/results/05_analysis_masks/cpdna_full_coverage_regions.bed	dudleya_organelle_alignment_pipeline/results/06_all_sample_alignment/qc/TIL_LP_128_Du-268.depth.tsv
TIL_LP_128_Du-268	QB3.Berkeley.251217/QB3.Results.260109	D. setchellii	TIL	cpdna_ir_regions	cpDNA	repeat_annotation	chloroplast	2	51472	104949672	2038.966273	51471	0.999981	51471	0.999981	51470	0.999961	dudleya_organelle_alignment_pipeline/results/05_analysis_masks/cpdna_ir_regions.bed	dudleya_organelle_alignment_pipeline/results/06_all_sample_alignment/qc/TIL_LP_128_Du-268.depth.tsv
TIL_LP_128_Du-268	QB3.Berkeley.251217/QB3.Results.260109	D. setchellii	TIL	cpdna_duplicate_ir_mask	cpDNA	mask	chloroplast	1	25736	51541447	2002.698438	25736	1.000000	25736	1.000000	25735	0.999961	dudleya_organelle_alignment_pipeline/results/05_analysis_masks/cpdna_duplicate_ir_copy_mask.bed	dudleya_organelle_alignment_pipeline/results/06_all_sample_alignment/qc/TIL_LP_128_Du-268.depth.tsv
TIL_LP_128_Du-268	QB3.Berkeley.251217/QB3.Results.260109	D. setchellii	TIL	cpdna_population_sites	cpDNA	variant_calling_and_population_genetics	chloroplast	1	124538	261141124	2096.879057	124537	0.999992	124537	0.999992	124537	0.999992	dudleya_organelle_alignment_pipeline/results/05_analysis_masks/cpdna_population_sites.bed	dudleya_organelle_alignment_pipeline/results/06_all_sample_alignment/qc/TIL_LP_128_Du-268.depth.tsv
TIL_LP_128_Du-268	QB3.Berkeley.251217/QB3.Results.260109	D. setchellii	TIL	mtdna_permissive_coverage	mtDNA	sample_qc_coverage	mitochondria	1	243359	23596763	96.962771	242562	0.996725	242544	0.996651	242503	0.996483	dudleya_organelle_alignment_pipeline/results/05_analysis_masks/mtdna_permissive_coverage_regions.bed	dudleya_organelle_alignment_pipeline/results/06_all_sample_alignment/qc/TIL_LP_128_Du-268.depth.tsv
TIL_LP_128_Du-268	QB3.Berkeley.251217/QB3.Results.260109	D. setchellii	TIL	mtdna_high_confidence_unique	mtDNA	variant_calling_and_population_genetics	mitochondria	2	44930	7071510	157.389495	44788	0.996840	44784	0.996751	44780	0.996661	dudleya_organelle_alignment_pipeline/results/05_analysis_masks/mtdna_high_confidence_unique_regions.bed	dudleya_organelle_alignment_pipeline/results/06_all_sample_alignment/qc/TIL_LP_128_Du-268.depth.tsv
TIL_LP_129_Du-269	QB3.Berkeley.251217/QB3.Results.260109	D. setchellii	TIL	cpdna_full_coverage	cpDNA	sample_qc_coverage	chloroplast	1	150274	91603550	609.576840	150191	0.999448	150157	0.999221	150091	0.998782	dudleya_organelle_alignment_pipeline/results/05_analysis_masks/cpdna_full_coverage_regions.bed	dudleya_organelle_alignment_pipeline/results/06_all_sample_alignment/qc/TIL_LP_129_Du-269.depth.tsv
TIL_LP_129_Du-269	QB3.Berkeley.251217/QB3.Results.260109	D. setchellii	TIL	cpdna_ir_regions	cpDNA	repeat_annotation	chloroplast	2	51472	34101683	662.528812	51472	1.000000	51470	0.999961	51458	0.999728	dudleya_organelle_alignment_pipeline/results/05_analysis_masks/cpdna_ir_regions.bed	dudleya_organelle_alignment_pipeline/results/06_all_sample_alignment/qc/TIL_LP_129_Du-269.depth.tsv
TIL_LP_129_Du-269	QB3.Berkeley.251217/QB3.Results.260109	D. setchellii	TIL	cpdna_duplicate_ir_mask	cpDNA	mask	chloroplast	1	25736	16724176	649.835872	25736	1.000000	25735	0.999961	25723	0.999495	dudleya_organelle_alignment_pipeline/results/05_analysis_masks/cpdna_duplicate_ir_copy_mask.bed	dudleya_organelle_alignment_pipeline/results/06_all_sample_alignment/qc/TIL_LP_129_Du-269.depth.tsv
TIL_LP_129_Du-269	QB3.Berkeley.251217/QB3.Results.260109	D. setchellii	TIL	cpdna_population_sites	cpDNA	variant_calling_and_population_genetics	chloroplast	1	124538	74879374	601.257239	124455	0.999334	124422	0.999069	124368	0.998635	dudleya_organelle_alignment_pipeline/results/05_analysis_masks/cpdna_population_sites.bed	dudleya_organelle_alignment_pipeline/results/06_all_sample_alignment/qc/TIL_LP_129_Du-269.depth.tsv
TIL_LP_129_Du-269	QB3.Berkeley.251217/QB3.Results.260109	D. setchellii	TIL	mtdna_permissive_coverage	mtDNA	sample_qc_coverage	mitochondria	1	243359	6477919	26.618777	242386	0.996002	241820	0.993676	235165	0.966330	dudleya_organelle_alignment_pipeline/results/05_analysis_masks/mtdna_permissive_coverage_regions.bed	dudleya_organelle_alignment_pipeline/results/06_all_sample_alignment/qc/TIL_LP_129_Du-269.depth.tsv
TIL_LP_129_Du-269	QB3.Berkeley.251217/QB3.Results.260109	D. setchellii	TIL	mtdna_high_confidence_unique	mtDNA	variant_calling_and_population_genetics	mitochondria	2	44930	2014354	44.833163	44790	0.996884	44781	0.996684	44780	0.996661	dudleya_organelle_alignment_pipeline/results/05_analysis_masks/mtdna_high_confidence_unique_regions.bed	dudleya_organelle_alignment_pipeline/results/06_all_sample_alignment/qc/TIL_LP_129_Du-269.depth.tsv
TIL_LP_130_Du-271	QB3.Berkeley.251217/QB3.Results.260109	D. setchellii	TIL	cpdna_full_coverage	cpDNA	sample_qc_coverage	chloroplast	1	150274	378266407	2517.178002	150274	1.000000	150273	0.999993	150271	0.999980	dudleya_organelle_alignment_pipeline/results/05_analysis_masks/cpdna_full_coverage_regions.bed	dudleya_organelle_alignment_pipeline/results/06_all_sample_alignment/qc/TIL_LP_130_Du-271.depth.tsv
TIL_LP_130_Du-271	QB3.Berkeley.251217/QB3.Results.260109	D. setchellii	TIL	cpdna_ir_regions	cpDNA	repeat_annotation	chloroplast	2	51472	124875847	2426.092769	51472	1.000000	51471	0.999981	51469	0.999942	dudleya_organelle_alignment_pipeline/results/05_analysis_masks/cpdna_ir_regions.bed	dudleya_organelle_alignment_pipeline/results/06_all_sample_alignment/qc/TIL_LP_130_Du-271.depth.tsv
TIL_LP_130_Du-271	QB3.Berkeley.251217/QB3.Results.260109	D. setchellii	TIL	cpdna_duplicate_ir_mask	cpDNA	mask	chloroplast	1	25736	61032594	2371.487177	25736	1.000000	25736	1.000000	25734	0.999922	dudleya_organelle_alignment_pipeline/results/05_analysis_masks/cpdna_duplicate_ir_copy_mask.bed	dudleya_organelle_alignment_pipeline/results/06_all_sample_alignment/qc/TIL_LP_130_Du-271.depth.tsv
TIL_LP_130_Du-271	QB3.Berkeley.251217/QB3.Results.260109	D. setchellii	TIL	cpdna_population_sites	cpDNA	variant_calling_and_population_genetics	chloroplast	1	124538	317233813	2547.285270	124538	1.000000	124537	0.999992	124537	0.999992	dudleya_organelle_alignment_pipeline/results/05_analysis_masks/cpdna_population_sites.bed	dudleya_organelle_alignment_pipeline/results/06_all_sample_alignment/qc/TIL_LP_130_Du-271.depth.tsv
TIL_LP_130_Du-271	QB3.Berkeley.251217/QB3.Results.260109	D. setchellii	TIL	mtdna_permissive_coverage	mtDNA	sample_qc_coverage	mitochondria	1	243359	33596899	138.054886	242431	0.996187	242395	0.996039	242346	0.995837	dudleya_organelle_alignment_pipeline/results/05_analysis_masks/mtdna_permissive_coverage_regions.bed	dudleya_organelle_alignment_pipeline/results/06_all_sample_alignment/qc/TIL_LP_130_Du-271.depth.tsv
TIL_LP_130_Du-271	QB3.Berkeley.251217/QB3.Results.260109	D. setchellii	TIL	mtdna_high_confidence_unique	mtDNA	variant_calling_and_population_genetics	mitochondria	2	44930	10193967	226.885533	44788	0.996840	44784	0.996751	44780	0.996661	dudleya_organelle_alignment_pipeline/results/05_analysis_masks/mtdna_high_confidence_unique_regions.bed	dudleya_organelle_alignment_pipeline/results/06_all_sample_alignment/qc/TIL_LP_130_Du-271.depth.tsv
TIL_LP_131_Du-272	QB3.Berkeley.251217/QB3.Results.260109	D. setchellii	TIL	cpdna_full_coverage	cpDNA	sample_qc_coverage	chloroplast	1	150274	106836176	710.942518	150265	0.999940	150260	0.999907	150247	0.999820	dudleya_organelle_alignment_pipeline/results/05_analysis_masks/cpdna_full_coverage_regions.bed	dudleya_organelle_alignment_pipeline/results/06_all_sample_alignment/qc/TIL_LP_131_Du-272.depth.tsv
TIL_LP_131_Du-272	QB3.Berkeley.251217/QB3.Results.260109	D. setchellii	TIL	cpdna_ir_regions	cpDNA	repeat_annotation	chloroplast	2	51472	35537703	690.427864	51471	0.999981	51468	0.999922	51465	0.999864	dudleya_organelle_alignment_pipeline/results/05_analysis_masks/cpdna_ir_regions.bed	dudleya_organelle_alignment_pipeline/results/06_all_sample_alignment/qc/TIL_LP_131_Du-272.depth.tsv
TIL_LP_131_Du-272	QB3.Berkeley.251217/QB3.Results.260109	D. setchellii	TIL	cpdna_duplicate_ir_mask	cpDNA	mask	chloroplast	1	25736	17450989	678.076974	25736	1.000000	25734	0.999922	25731	0.999806	dudleya_organelle_alignment_pipeline/results/05_analysis_masks/cpdna_duplicate_ir_copy_mask.bed	dudleya_organelle_alignment_pipeline/results/06_all_sample_alignment/qc/TIL_LP_131_Du-272.depth.tsv
TIL_LP_131_Du-272	QB3.Berkeley.251217/QB3.Results.260109	D. setchellii	TIL	cpdna_population_sites	cpDNA	variant_calling_and_population_genetics	chloroplast	1	124538	89385187	717.734242	124529	0.999928	124526	0.999904	124516	0.999823	dudleya_organelle_alignment_pipeline/results/05_analysis_masks/cpdna_population_sites.bed	dudleya_organelle_alignment_pipeline/results/06_all_sample_alignment/qc/TIL_LP_131_Du-272.depth.tsv
TIL_LP_131_Du-272	QB3.Berkeley.251217/QB3.Results.260109	D. setchellii	TIL	mtdna_permissive_coverage	mtDNA	sample_qc_coverage	mitochondria	1	243359	9208978	37.841124	242417	0.996129	242301	0.995653	242172	0.995122	dudleya_organelle_alignment_pipeline/results/05_analysis_masks/mtdna_permissive_coverage_regions.bed	dudleya_organelle_alignment_pipeline/results/06_all_sample_alignment/qc/TIL_LP_131_Du-272.depth.tsv
TIL_LP_131_Du-272	QB3.Berkeley.251217/QB3.Results.260109	D. setchellii	TIL	mtdna_high_confidence_unique	mtDNA	variant_calling_and_population_genetics	mitochondria	2	44930	2819665	62.756844	44789	0.996862	44780	0.996661	44780	0.996661	dudleya_organelle_alignment_pipeline/results/05_analysis_masks/mtdna_high_confidence_unique_regions.bed	dudleya_organelle_alignment_pipeline/results/06_all_sample_alignment/qc/TIL_LP_131_Du-272.depth.tsv
TULP_LP_115_Du-242	QB3.Berkeley.251217/QB3.Results.260109	D. setchellii	TULP	cpdna_full_coverage	cpDNA	sample_qc_coverage	chloroplast	1	150274	396188744	2636.442392	150274	1.000000	150274	1.000000	150274	1.000000	dudleya_organelle_alignment_pipeline/results/05_analysis_masks/cpdna_full_coverage_regions.bed	dudleya_organelle_alignment_pipeline/results/06_all_sample_alignment/qc/TULP_LP_115_Du-242.depth.tsv
TULP_LP_115_Du-242	QB3.Berkeley.251217/QB3.Results.260109	D. setchellii	TULP	cpdna_ir_regions	cpDNA	repeat_annotation	chloroplast	2	51472	153849146	2988.987139	51472	1.000000	51472	1.000000	51472	1.000000	dudleya_organelle_alignment_pipeline/results/05_analysis_masks/cpdna_ir_regions.bed	dudleya_organelle_alignment_pipeline/results/06_all_sample_alignment/qc/TULP_LP_115_Du-242.depth.tsv
TULP_LP_115_Du-242	QB3.Berkeley.251217/QB3.Results.260109	D. setchellii	TULP	cpdna_duplicate_ir_mask	cpDNA	mask	chloroplast	1	25736	73849413	2869.498485	25736	1.000000	25736	1.000000	25736	1.000000	dudleya_organelle_alignment_pipeline/results/05_analysis_masks/cpdna_duplicate_ir_copy_mask.bed	dudleya_organelle_alignment_pipeline/results/06_all_sample_alignment/qc/TULP_LP_115_Du-242.depth.tsv
TULP_LP_115_Du-242	QB3.Berkeley.251217/QB3.Results.260109	D. setchellii	TULP	cpdna_population_sites	cpDNA	variant_calling_and_population_genetics	chloroplast	1	124538	322339331	2588.280934	124538	1.000000	124538	1.000000	124538	1.000000	dudleya_organelle_alignment_pipeline/results/05_analysis_masks/cpdna_population_sites.bed	dudleya_organelle_alignment_pipeline/results/06_all_sample_alignment/qc/TULP_LP_115_Du-242.depth.tsv
TULP_LP_115_Du-242	QB3.Berkeley.251217/QB3.Results.260109	D. setchellii	TULP	mtdna_permissive_coverage	mtDNA	sample_qc_coverage	mitochondria	1	243359	31043516	127.562638	243355	0.999984	243342	0.999930	243324	0.999856	dudleya_organelle_alignment_pipeline/results/05_analysis_masks/mtdna_permissive_coverage_regions.bed	dudleya_organelle_alignment_pipeline/results/06_all_sample_alignment/qc/TULP_LP_115_Du-242.depth.tsv
TULP_LP_115_Du-242	QB3.Berkeley.251217/QB3.Results.260109	D. setchellii	TULP	mtdna_high_confidence_unique	mtDNA	variant_calling_and_population_genetics	mitochondria	2	44930	9193225	204.612174	44930	1.000000	44928	0.999955	44927	0.999933	dudleya_organelle_alignment_pipeline/results/05_analysis_masks/mtdna_high_confidence_unique_regions.bed	dudleya_organelle_alignment_pipeline/results/06_all_sample_alignment/qc/TULP_LP_115_Du-242.depth.tsv
TULP_LP_116_Du-243	QB3.Berkeley.251217/QB3.Results.260109	D. setchellii	TULP	cpdna_full_coverage	cpDNA	sample_qc_coverage	chloroplast	1	150274	384096097	2555.971738	150274	1.000000	150274	1.000000	150274	1.000000	dudleya_organelle_alignment_pipeline/results/05_analysis_masks/cpdna_full_coverage_regions.bed	dudleya_organelle_alignment_pipeline/results/06_all_sample_alignment/qc/TULP_LP_116_Du-243.depth.tsv
TULP_LP_116_Du-243	QB3.Berkeley.251217/QB3.Results.260109	D. setchellii	TULP	cpdna_ir_regions	cpDNA	repeat_annotation	chloroplast	2	51472	148375810	2882.650956	51472	1.000000	51472	1.000000	51472	1.000000	dudleya_organelle_alignment_pipeline/results/05_analysis_masks/cpdna_ir_regions.bed	dudleya_organelle_alignment_pipeline/results/06_all_sample_alignment/qc/TULP_LP_116_Du-243.depth.tsv
TULP_LP_116_Du-243	QB3.Berkeley.251217/QB3.Results.260109	D. setchellii	TULP	cpdna_duplicate_ir_mask	cpDNA	mask	chloroplast	1	25736	71450795	2776.297599	25736	1.000000	25736	1.000000	25736	1.000000	dudleya_organelle_alignment_pipeline/results/05_analysis_masks/cpdna_duplicate_ir_copy_mask.bed	dudleya_organelle_alignment_pipeline/results/06_all_sample_alignment/qc/TULP_LP_116_Du-243.depth.tsv
TULP_LP_116_Du-243	QB3.Berkeley.251217/QB3.Results.260109	D. setchellii	TULP	cpdna_population_sites	cpDNA	variant_calling_and_population_genetics	chloroplast	1	124538	312645302	2510.441006	124538	1.000000	124538	1.000000	124538	1.000000	dudleya_organelle_alignment_pipeline/results/05_analysis_masks/cpdna_population_sites.bed	dudleya_organelle_alignment_pipeline/results/06_all_sample_alignment/qc/TULP_LP_116_Du-243.depth.tsv
TULP_LP_116_Du-243	QB3.Berkeley.251217/QB3.Results.260109	D. setchellii	TULP	mtdna_permissive_coverage	mtDNA	sample_qc_coverage	mitochondria	1	243359	76550102	314.556281	243358	0.999996	243355	0.999984	243348	0.999955	dudleya_organelle_alignment_pipeline/results/05_analysis_masks/mtdna_permissive_coverage_regions.bed	dudleya_organelle_alignment_pipeline/results/06_all_sample_alignment/qc/TULP_LP_116_Du-243.depth.tsv
TULP_LP_116_Du-243	QB3.Berkeley.251217/QB3.Results.260109	D. setchellii	TULP	mtdna_high_confidence_unique	mtDNA	variant_calling_and_population_genetics	mitochondria	2	44930	23019370	512.338527	44930	1.000000	44930	1.000000	44930	1.000000	dudleya_organelle_alignment_pipeline/results/05_analysis_masks/mtdna_high_confidence_unique_regions.bed	dudleya_organelle_alignment_pipeline/results/06_all_sample_alignment/qc/TULP_LP_116_Du-243.depth.tsv
TULP_LP_117_Du-244	QB3.Berkeley.251217/QB3.Results.260109	D. setchellii	TULP	cpdna_full_coverage	cpDNA	sample_qc_coverage	chloroplast	1	150274	55475552	369.162676	150273	0.999993	150264	0.999933	150253	0.999860	dudleya_organelle_alignment_pipeline/results/05_analysis_masks/cpdna_full_coverage_regions.bed	dudleya_organelle_alignment_pipeline/results/06_all_sample_alignment/qc/TULP_LP_117_Du-244.depth.tsv
TULP_LP_117_Du-244	QB3.Berkeley.251217/QB3.Results.260109	D. setchellii	TULP	cpdna_ir_regions	cpDNA	repeat_annotation	chloroplast	2	51472	22176666	430.849122	51471	0.999981	51462	0.999806	51453	0.999631	dudleya_organelle_alignment_pipeline/results/05_analysis_masks/cpdna_ir_regions.bed	dudleya_organelle_alignment_pipeline/results/06_all_sample_alignment/qc/TULP_LP_117_Du-244.depth.tsv
TULP_LP_117_Du-244	QB3.Berkeley.251217/QB3.Results.260109	D. setchellii	TULP	cpdna_duplicate_ir_mask	cpDNA	mask	chloroplast	1	25736	10640642	413.453606	25735	0.999961	25730	0.999767	25724	0.999534	dudleya_organelle_alignment_pipeline/results/05_analysis_masks/cpdna_duplicate_ir_copy_mask.bed	dudleya_organelle_alignment_pipeline/results/06_all_sample_alignment/qc/TULP_LP_117_Du-244.depth.tsv
TULP_LP_117_Du-244	QB3.Berkeley.251217/QB3.Results.260109	D. setchellii	TULP	cpdna_population_sites	cpDNA	variant_calling_and_population_genetics	chloroplast	1	124538	44834910	360.009877	124538	1.000000	124534	0.999968	124529	0.999928	dudleya_organelle_alignment_pipeline/results/05_analysis_masks/cpdna_population_sites.bed	dudleya_organelle_alignment_pipeline/results/06_all_sample_alignment/qc/TULP_LP_117_Du-244.depth.tsv
TULP_LP_117_Du-244	QB3.Berkeley.251217/QB3.Results.260109	D. setchellii	TULP	mtdna_permissive_coverage	mtDNA	sample_qc_coverage	mitochondria	1	243359	6280929	25.809315	243355	0.999984	243195	0.999326	239695	0.984944	dudleya_organelle_alignment_pipeline/results/05_analysis_masks/mtdna_permissive_coverage_regions.bed	dudleya_organelle_alignment_pipeline/results/06_all_sample_alignment/qc/TULP_LP_117_Du-244.depth.tsv
TULP_LP_117_Du-244	QB3.Berkeley.251217/QB3.Results.260109	D. setchellii	TULP	mtdna_high_confidence_unique	mtDNA	variant_calling_and_population_genetics	mitochondria	2	44930	1868684	41.591008	44930	1.000000	44930	1.000000	44930	1.000000	dudleya_organelle_alignment_pipeline/results/05_analysis_masks/mtdna_high_confidence_unique_regions.bed	dudleya_organelle_alignment_pipeline/results/06_all_sample_alignment/qc/TULP_LP_117_Du-244.depth.tsv
TULP_LP_118_Du-245	QB3.Berkeley.251217/QB3.Results.260109	D. setchellii	TULP	cpdna_full_coverage	cpDNA	sample_qc_coverage	chloroplast	1	150274	809495722	5386.798262	150274	1.000000	150274	1.000000	150274	1.000000	dudleya_organelle_alignment_pipeline/results/05_analysis_masks/cpdna_full_coverage_regions.bed	dudleya_organelle_alignment_pipeline/results/06_all_sample_alignment/qc/TULP_LP_118_Du-245.depth.tsv
TULP_LP_118_Du-245	QB3.Berkeley.251217/QB3.Results.260109	D. setchellii	TULP	cpdna_ir_regions	cpDNA	repeat_annotation	chloroplast	2	51472	323394421	6282.919276	51472	1.000000	51472	1.000000	51472	1.000000	dudleya_organelle_alignment_pipeline/results/05_analysis_masks/cpdna_ir_regions.bed	dudleya_organelle_alignment_pipeline/results/06_all_sample_alignment/qc/TULP_LP_118_Du-245.depth.tsv
TULP_LP_118_Du-245	QB3.Berkeley.251217/QB3.Results.260109	D. setchellii	TULP	cpdna_duplicate_ir_mask	cpDNA	mask	chloroplast	1	25736	155942221	6059.302961	25736	1.000000	25736	1.000000	25736	1.000000	dudleya_organelle_alignment_pipeline/results/05_analysis_masks/cpdna_duplicate_ir_copy_mask.bed	dudleya_organelle_alignment_pipeline/results/06_all_sample_alignment/qc/TULP_LP_118_Du-245.depth.tsv
TULP_LP_118_Du-245	QB3.Berkeley.251217/QB3.Results.260109	D. setchellii	TULP	cpdna_population_sites	cpDNA	variant_calling_and_population_genetics	chloroplast	1	124538	653553501	5247.823965	124538	1.000000	124538	1.000000	124538	1.000000	dudleya_organelle_alignment_pipeline/results/05_analysis_masks/cpdna_population_sites.bed	dudleya_organelle_alignment_pipeline/results/06_all_sample_alignment/qc/TULP_LP_118_Du-245.depth.tsv
TULP_LP_118_Du-245	QB3.Berkeley.251217/QB3.Results.260109	D. setchellii	TULP	mtdna_permissive_coverage	mtDNA	sample_qc_coverage	mitochondria	1	243359	89043778	365.894740	243359	1.000000	243358	0.999996	243353	0.999975	dudleya_organelle_alignment_pipeline/results/05_analysis_masks/mtdna_permissive_coverage_regions.bed	dudleya_organelle_alignment_pipeline/results/06_all_sample_alignment/qc/TULP_LP_118_Du-245.depth.tsv
TULP_LP_118_Du-245	QB3.Berkeley.251217/QB3.Results.260109	D. setchellii	TULP	mtdna_high_confidence_unique	mtDNA	variant_calling_and_population_genetics	mitochondria	2	44930	26252912	584.306966	44930	1.000000	44930	1.000000	44930	1.000000	dudleya_organelle_alignment_pipeline/results/05_analysis_masks/mtdna_high_confidence_unique_regions.bed	dudleya_organelle_alignment_pipeline/results/06_all_sample_alignment/qc/TULP_LP_118_Du-245.depth.tsv
TULP_LP_119_Du-246	QB3.Berkeley.251217/QB3.Results.260109	D. setchellii	TULP	cpdna_full_coverage	cpDNA	sample_qc_coverage	chloroplast	1	150274	321938183	2142.341210	150274	1.000000	150274	1.000000	150274	1.000000	dudleya_organelle_alignment_pipeline/results/05_analysis_masks/cpdna_full_coverage_regions.bed	dudleya_organelle_alignment_pipeline/results/06_all_sample_alignment/qc/TULP_LP_119_Du-246.depth.tsv
TULP_LP_119_Du-246	QB3.Berkeley.251217/QB3.Results.260109	D. setchellii	TULP	cpdna_ir_regions	cpDNA	repeat_annotation	chloroplast	2	51472	149740457	2909.163370	51472	1.000000	51472	1.000000	51472	1.000000	dudleya_organelle_alignment_pipeline/results/05_analysis_masks/cpdna_ir_regions.bed	dudleya_organelle_alignment_pipeline/results/06_all_sample_alignment/qc/TULP_LP_119_Du-246.depth.tsv
TULP_LP_119_Du-246	QB3.Berkeley.251217/QB3.Results.260109	D. setchellii	TULP	cpdna_duplicate_ir_mask	cpDNA	mask	chloroplast	1	25736	70801065	2751.051640	25736	1.000000	25736	1.000000	25736	1.000000	dudleya_organelle_alignment_pipeline/results/05_analysis_masks/cpdna_duplicate_ir_copy_mask.bed	dudleya_organelle_alignment_pipeline/results/06_all_sample_alignment/qc/TULP_LP_119_Du-246.depth.tsv
TULP_LP_119_Du-246	QB3.Berkeley.251217/QB3.Results.260109	D. setchellii	TULP	cpdna_population_sites	cpDNA	variant_calling_and_population_genetics	chloroplast	1	124538	251137118	2016.550113	124538	1.000000	124538	1.000000	124538	1.000000	dudleya_organelle_alignment_pipeline/results/05_analysis_masks/cpdna_population_sites.bed	dudleya_organelle_alignment_pipeline/results/06_all_sample_alignment/qc/TULP_LP_119_Du-246.depth.tsv
TULP_LP_119_Du-246	QB3.Berkeley.251217/QB3.Results.260109	D. setchellii	TULP	mtdna_permissive_coverage	mtDNA	sample_qc_coverage	mitochondria	1	243359	68932588	283.254731	243359	1.000000	243354	0.999979	243351	0.999967	dudleya_organelle_alignment_pipeline/results/05_analysis_masks/mtdna_permissive_coverage_regions.bed	dudleya_organelle_alignment_pipeline/results/06_all_sample_alignment/qc/TULP_LP_119_Du-246.depth.tsv
TULP_LP_119_Du-246	QB3.Berkeley.251217/QB3.Results.260109	D. setchellii	TULP	mtdna_high_confidence_unique	mtDNA	variant_calling_and_population_genetics	mitochondria	2	44930	20977996	466.903984	44930	1.000000	44930	1.000000	44930	1.000000	dudleya_organelle_alignment_pipeline/results/05_analysis_masks/mtdna_high_confidence_unique_regions.bed	dudleya_organelle_alignment_pipeline/results/06_all_sample_alignment/qc/TULP_LP_119_Du-246.depth.tsv
TULP_LP_120_Du-248	QB3.Berkeley.251217/QB3.Results.260109	D. setchellii	TULP	cpdna_full_coverage	cpDNA	sample_qc_coverage	chloroplast	1	150274	821661887	5467.758142	150274	1.000000	150274	1.000000	150274	1.000000	dudleya_organelle_alignment_pipeline/results/05_analysis_masks/cpdna_full_coverage_regions.bed	dudleya_organelle_alignment_pipeline/results/06_all_sample_alignment/qc/TULP_LP_120_Du-248.depth.tsv
TULP_LP_120_Du-248	QB3.Berkeley.251217/QB3.Results.260109	D. setchellii	TULP	cpdna_ir_regions	cpDNA	repeat_annotation	chloroplast	2	51472	336257563	6532.824895	51472	1.000000	51472	1.000000	51472	1.000000	dudleya_organelle_alignment_pipeline/results/05_analysis_masks/cpdna_ir_regions.bed	dudleya_organelle_alignment_pipeline/results/06_all_sample_alignment/qc/TULP_LP_120_Du-248.depth.tsv
TULP_LP_120_Du-248	QB3.Berkeley.251217/QB3.Results.260109	D. setchellii	TULP	cpdna_duplicate_ir_mask	cpDNA	mask	chloroplast	1	25736	160511194	6236.835328	25736	1.000000	25736	1.000000	25736	1.000000	dudleya_organelle_alignment_pipeline/results/05_analysis_masks/cpdna_duplicate_ir_copy_mask.bed	dudleya_organelle_alignment_pipeline/results/06_all_sample_alignment/qc/TULP_LP_120_Du-248.depth.tsv
TULP_LP_120_Du-248	QB3.Berkeley.251217/QB3.Results.260109	D. setchellii	TULP	cpdna_population_sites	cpDNA	variant_calling_and_population_genetics	chloroplast	1	124538	661150693	5308.826968	124538	1.000000	124538	1.000000	124538	1.000000	dudleya_organelle_alignment_pipeline/results/05_analysis_masks/cpdna_population_sites.bed	dudleya_organelle_alignment_pipeline/results/06_all_sample_alignment/qc/TULP_LP_120_Du-248.depth.tsv
TULP_LP_120_Du-248	QB3.Berkeley.251217/QB3.Results.260109	D. setchellii	TULP	mtdna_permissive_coverage	mtDNA	sample_qc_coverage	mitochondria	1	243359	103092798	423.624349	243359	1.000000	243356	0.999988	243352	0.999971	dudleya_organelle_alignment_pipeline/results/05_analysis_masks/mtdna_permissive_coverage_regions.bed	dudleya_organelle_alignment_pipeline/results/06_all_sample_alignment/qc/TULP_LP_120_Du-248.depth.tsv
TULP_LP_120_Du-248	QB3.Berkeley.251217/QB3.Results.260109	D. setchellii	TULP	mtdna_high_confidence_unique	mtDNA	variant_calling_and_population_genetics	mitochondria	2	44930	30842964	686.467038	44930	1.000000	44930	1.000000	44928	0.999955	dudleya_organelle_alignment_pipeline/results/05_analysis_masks/mtdna_high_confidence_unique_regions.bed	dudleya_organelle_alignment_pipeline/results/06_all_sample_alignment/qc/TULP_LP_120_Du-248.depth.tsv
TULP_LP_121_Du-249	QB3.Berkeley.251217/QB3.Results.260109	D. setchellii	TULP	cpdna_full_coverage	cpDNA	sample_qc_coverage	chloroplast	1	150274	84346731	561.286257	150274	1.000000	150274	1.000000	150271	0.999980	dudleya_organelle_alignment_pipeline/results/05_analysis_masks/cpdna_full_coverage_regions.bed	dudleya_organelle_alignment_pipeline/results/06_all_sample_alignment/qc/TULP_LP_121_Du-249.depth.tsv
TULP_LP_121_Du-249	QB3.Berkeley.251217/QB3.Results.260109	D. setchellii	TULP	cpdna_ir_regions	cpDNA	repeat_annotation	chloroplast	2	51472	44150101	857.749864	51472	1.000000	51472	1.000000	51470	0.999961	dudleya_organelle_alignment_pipeline/results/05_analysis_masks/cpdna_ir_regions.bed	dudleya_organelle_alignment_pipeline/results/06_all_sample_alignment/qc/TULP_LP_121_Du-249.depth.tsv
TULP_LP_121_Du-249	QB3.Berkeley.251217/QB3.Results.260109	D. setchellii	TULP	cpdna_duplicate_ir_mask	cpDNA	mask	chloroplast	1	25736	20932240	813.344731	25736	1.000000	25736	1.000000	25736	1.000000	dudleya_organelle_alignment_pipeline/results/05_analysis_masks/cpdna_duplicate_ir_copy_mask.bed	dudleya_organelle_alignment_pipeline/results/06_all_sample_alignment/qc/TULP_LP_121_Du-249.depth.tsv
TULP_LP_121_Du-249	QB3.Berkeley.251217/QB3.Results.260109	D. setchellii	TULP	cpdna_population_sites	cpDNA	variant_calling_and_population_genetics	chloroplast	1	124538	63414491	509.197924	124538	1.000000	124538	1.000000	124535	0.999976	dudleya_organelle_alignment_pipeline/results/05_analysis_masks/cpdna_population_sites.bed	dudleya_organelle_alignment_pipeline/results/06_all_sample_alignment/qc/TULP_LP_121_Du-249.depth.tsv
TULP_LP_121_Du-249	QB3.Berkeley.251217/QB3.Results.260109	D. setchellii	TULP	mtdna_permissive_coverage	mtDNA	sample_qc_coverage	mitochondria	1	243359	13832775	56.841025	243352	0.999971	243299	0.999753	243110	0.998977	dudleya_organelle_alignment_pipeline/results/05_analysis_masks/mtdna_permissive_coverage_regions.bed	dudleya_organelle_alignment_pipeline/results/06_all_sample_alignment/qc/TULP_LP_121_Du-249.depth.tsv
TULP_LP_121_Du-249	QB3.Berkeley.251217/QB3.Results.260109	D. setchellii	TULP	mtdna_high_confidence_unique	mtDNA	variant_calling_and_population_genetics	mitochondria	2	44930	4320706	96.165279	44930	1.000000	44930	1.000000	44930	1.000000	dudleya_organelle_alignment_pipeline/results/05_analysis_masks/mtdna_high_confidence_unique_regions.bed	dudleya_organelle_alignment_pipeline/results/06_all_sample_alignment/qc/TULP_LP_121_Du-249.depth.tsv
TULP_LP_122_Du-250	QB3.Berkeley.251217/QB3.Results.260109	D. setchellii	TULP	cpdna_full_coverage	cpDNA	sample_qc_coverage	chloroplast	1	150274	347320799	2311.250110	150274	1.000000	150274	1.000000	150274	1.000000	dudleya_organelle_alignment_pipeline/results/05_analysis_masks/cpdna_full_coverage_regions.bed	dudleya_organelle_alignment_pipeline/results/06_all_sample_alignment/qc/TULP_LP_122_Du-250.depth.tsv
TULP_LP_122_Du-250	QB3.Berkeley.251217/QB3.Results.260109	D. setchellii	TULP	cpdna_ir_regions	cpDNA	repeat_annotation	chloroplast	2	51472	157142953	3052.979348	51472	1.000000	51472	1.000000	51472	1.000000	dudleya_organelle_alignment_pipeline/results/05_analysis_masks/cpdna_ir_regions.bed	dudleya_organelle_alignment_pipeline/results/06_all_sample_alignment/qc/TULP_LP_122_Du-250.depth.tsv
TULP_LP_122_Du-250	QB3.Berkeley.251217/QB3.Results.260109	D. setchellii	TULP	cpdna_duplicate_ir_mask	cpDNA	mask	chloroplast	1	25736	74255335	2885.271021	25736	1.000000	25736	1.000000	25736	1.000000	dudleya_organelle_alignment_pipeline/results/05_analysis_masks/cpdna_duplicate_ir_copy_mask.bed	dudleya_organelle_alignment_pipeline/results/06_all_sample_alignment/qc/TULP_LP_122_Du-250.depth.tsv
TULP_LP_122_Du-250	QB3.Berkeley.251217/QB3.Results.260109	D. setchellii	TULP	cpdna_population_sites	cpDNA	variant_calling_and_population_genetics	chloroplast	1	124538	273065464	2192.627664	124538	1.000000	124538	1.000000	124538	1.000000	dudleya_organelle_alignment_pipeline/results/05_analysis_masks/cpdna_population_sites.bed	dudleya_organelle_alignment_pipeline/results/06_all_sample_alignment/qc/TULP_LP_122_Du-250.depth.tsv
TULP_LP_122_Du-250	QB3.Berkeley.251217/QB3.Results.260109	D. setchellii	TULP	mtdna_permissive_coverage	mtDNA	sample_qc_coverage	mitochondria	1	243359	46169924	189.719402	243358	0.999996	243351	0.999967	243342	0.999930	dudleya_organelle_alignment_pipeline/results/05_analysis_masks/mtdna_permissive_coverage_regions.bed	dudleya_organelle_alignment_pipeline/results/06_all_sample_alignment/qc/TULP_LP_122_Du-250.depth.tsv
TULP_LP_122_Du-250	QB3.Berkeley.251217/QB3.Results.260109	D. setchellii	TULP	mtdna_high_confidence_unique	mtDNA	variant_calling_and_population_genetics	mitochondria	2	44930	13732550	305.643223	44930	1.000000	44930	1.000000	44930	1.000000	dudleya_organelle_alignment_pipeline/results/05_analysis_masks/mtdna_high_confidence_unique_regions.bed	dudleya_organelle_alignment_pipeline/results/06_all_sample_alignment/qc/TULP_LP_122_Du-250.depth.tsv
TULP_LP_140_Du-302	QB3.Berkeley.251217/QB3.Results.260109	D. setchellii	TULP	cpdna_full_coverage	cpDNA	sample_qc_coverage	chloroplast	1	150274	171053474	1138.277240	150274	1.000000	150273	0.999993	150271	0.999980	dudleya_organelle_alignment_pipeline/results/05_analysis_masks/cpdna_full_coverage_regions.bed	dudleya_organelle_alignment_pipeline/results/06_all_sample_alignment/qc/TULP_LP_140_Du-302.depth.tsv
TULP_LP_140_Du-302	QB3.Berkeley.251217/QB3.Results.260109	D. setchellii	TULP	cpdna_ir_regions	cpDNA	repeat_annotation	chloroplast	2	51472	58097989	1128.729970	51472	1.000000	51471	0.999981	51469	0.999942	dudleya_organelle_alignment_pipeline/results/05_analysis_masks/cpdna_ir_regions.bed	dudleya_organelle_alignment_pipeline/results/06_all_sample_alignment/qc/TULP_LP_140_Du-302.depth.tsv
TULP_LP_140_Du-302	QB3.Berkeley.251217/QB3.Results.260109	D. setchellii	TULP	cpdna_duplicate_ir_mask	cpDNA	mask	chloroplast	1	25736	28642404	1112.931458	25736	1.000000	25735	0.999961	25733	0.999883	dudleya_organelle_alignment_pipeline/results/05_analysis_masks/cpdna_duplicate_ir_copy_mask.bed	dudleya_organelle_alignment_pipeline/results/06_all_sample_alignment/qc/TULP_LP_140_Du-302.depth.tsv
TULP_LP_140_Du-302	QB3.Berkeley.251217/QB3.Results.260109	D. setchellii	TULP	cpdna_population_sites	cpDNA	variant_calling_and_population_genetics	chloroplast	1	124538	142411070	1143.514991	124538	1.000000	124538	1.000000	124538	1.000000	dudleya_organelle_alignment_pipeline/results/05_analysis_masks/cpdna_population_sites.bed	dudleya_organelle_alignment_pipeline/results/06_all_sample_alignment/qc/TULP_LP_140_Du-302.depth.tsv
TULP_LP_140_Du-302	QB3.Berkeley.251217/QB3.Results.260109	D. setchellii	TULP	mtdna_permissive_coverage	mtDNA	sample_qc_coverage	mitochondria	1	243359	11737362	48.230647	243354	0.999979	243324	0.999856	243296	0.999741	dudleya_organelle_alignment_pipeline/results/05_analysis_masks/mtdna_permissive_coverage_regions.bed	dudleya_organelle_alignment_pipeline/results/06_all_sample_alignment/qc/TULP_LP_140_Du-302.depth.tsv
TULP_LP_140_Du-302	QB3.Berkeley.251217/QB3.Results.260109	D. setchellii	TULP	mtdna_high_confidence_unique	mtDNA	variant_calling_and_population_genetics	mitochondria	2	44930	3467734	77.180815	44930	1.000000	44930	1.000000	44930	1.000000	dudleya_organelle_alignment_pipeline/results/05_analysis_masks/mtdna_high_confidence_unique_regions.bed	dudleya_organelle_alignment_pipeline/results/06_all_sample_alignment/qc/TULP_LP_140_Du-302.depth.tsv
TULP_LP_141_Du-303	QB3.Berkeley.251217/QB3.Results.260109	D. setchellii	TULP	cpdna_full_coverage	cpDNA	sample_qc_coverage	chloroplast	1	150274	37748778	251.199662	150274	1.000000	150248	0.999827	150211	0.999581	dudleya_organelle_alignment_pipeline/results/05_analysis_masks/cpdna_full_coverage_regions.bed	dudleya_organelle_alignment_pipeline/results/06_all_sample_alignment/qc/TULP_LP_141_Du-303.depth.tsv
TULP_LP_141_Du-303	QB3.Berkeley.251217/QB3.Results.260109	D. setchellii	TULP	cpdna_ir_regions	cpDNA	repeat_annotation	chloroplast	2	51472	13831853	268.725773	51472	1.000000	51446	0.999495	51413	0.998854	dudleya_organelle_alignment_pipeline/results/05_analysis_masks/cpdna_ir_regions.bed	dudleya_organelle_alignment_pipeline/results/06_all_sample_alignment/qc/TULP_LP_141_Du-303.depth.tsv
TULP_LP_141_Du-303	QB3.Berkeley.251217/QB3.Results.260109	D. setchellii	TULP	cpdna_duplicate_ir_mask	cpDNA	mask	chloroplast	1	25736	6740459	261.907795	25736	1.000000	25711	0.999029	25683	0.997941	dudleya_organelle_alignment_pipeline/results/05_analysis_masks/cpdna_duplicate_ir_copy_mask.bed	dudleya_organelle_alignment_pipeline/results/06_all_sample_alignment/qc/TULP_LP_141_Du-303.depth.tsv
TULP_LP_141_Du-303	QB3.Berkeley.251217/QB3.Results.260109	D. setchellii	TULP	cpdna_population_sites	cpDNA	variant_calling_and_population_genetics	chloroplast	1	124538	31008319	248.986807	124538	1.000000	124537	0.999992	124528	0.999920	dudleya_organelle_alignment_pipeline/results/05_analysis_masks/cpdna_population_sites.bed	dudleya_organelle_alignment_pipeline/results/06_all_sample_alignment/qc/TULP_LP_141_Du-303.depth.tsv
TULP_LP_141_Du-303	QB3.Berkeley.251217/QB3.Results.260109	D. setchellii	TULP	mtdna_permissive_coverage	mtDNA	sample_qc_coverage	mitochondria	1	243359	6491853	26.676034	243341	0.999926	243147	0.999129	239383	0.983662	dudleya_organelle_alignment_pipeline/results/05_analysis_masks/mtdna_permissive_coverage_regions.bed	dudleya_organelle_alignment_pipeline/results/06_all_sample_alignment/qc/TULP_LP_141_Du-303.depth.tsv
TULP_LP_141_Du-303	QB3.Berkeley.251217/QB3.Results.260109	D. setchellii	TULP	mtdna_high_confidence_unique	mtDNA	variant_calling_and_population_genetics	mitochondria	2	44930	1995182	44.406454	44928	0.999955	44927	0.999933	44927	0.999933	dudleya_organelle_alignment_pipeline/results/05_analysis_masks/mtdna_high_confidence_unique_regions.bed	dudleya_organelle_alignment_pipeline/results/06_all_sample_alignment/qc/TULP_LP_141_Du-303.depth.tsv
TULP_LP_142_Du-304	QB3.Berkeley.251217/QB3.Results.260109	D. setchellii	TULP	cpdna_full_coverage	cpDNA	sample_qc_coverage	chloroplast	1	150274	22422877	149.213284	150268	0.999960	150247	0.999820	150190	0.999441	dudleya_organelle_alignment_pipeline/results/05_analysis_masks/cpdna_full_coverage_regions.bed	dudleya_organelle_alignment_pipeline/results/06_all_sample_alignment/qc/TULP_LP_142_Du-304.depth.tsv
TULP_LP_142_Du-304	QB3.Berkeley.251217/QB3.Results.260109	D. setchellii	TULP	cpdna_ir_regions	cpDNA	repeat_annotation	chloroplast	2	51472	7695628	149.510957	51466	0.999883	51447	0.999514	51394	0.998485	dudleya_organelle_alignment_pipeline/results/05_analysis_masks/cpdna_ir_regions.bed	dudleya_organelle_alignment_pipeline/results/06_all_sample_alignment/qc/TULP_LP_142_Du-304.depth.tsv
TULP_LP_142_Du-304	QB3.Berkeley.251217/QB3.Results.260109	D. setchellii	TULP	cpdna_duplicate_ir_mask	cpDNA	mask	chloroplast	1	25736	3760000	146.098850	25730	0.999767	25711	0.999029	25670	0.997435	dudleya_organelle_alignment_pipeline/results/05_analysis_masks/cpdna_duplicate_ir_copy_mask.bed	dudleya_organelle_alignment_pipeline/results/06_all_sample_alignment/qc/TULP_LP_142_Du-304.depth.tsv
TULP_LP_142_Du-304	QB3.Berkeley.251217/QB3.Results.260109	D. setchellii	TULP	cpdna_population_sites	cpDNA	variant_calling_and_population_genetics	chloroplast	1	124538	18662877	149.856887	124538	1.000000	124536	0.999984	124520	0.999855	dudleya_organelle_alignment_pipeline/results/05_analysis_masks/cpdna_population_sites.bed	dudleya_organelle_alignment_pipeline/results/06_all_sample_alignment/qc/TULP_LP_142_Du-304.depth.tsv
TULP_LP_142_Du-304	QB3.Berkeley.251217/QB3.Results.260109	D. setchellii	TULP	mtdna_permissive_coverage	mtDNA	sample_qc_coverage	mitochondria	1	243359	3565724	14.652115	243140	0.999100	236256	0.970813	181323	0.745084	dudleya_organelle_alignment_pipeline/results/05_analysis_masks/mtdna_permissive_coverage_regions.bed	dudleya_organelle_alignment_pipeline/results/06_all_sample_alignment/qc/TULP_LP_142_Du-304.depth.tsv
TULP_LP_142_Du-304	QB3.Berkeley.251217/QB3.Results.260109	D. setchellii	TULP	mtdna_high_confidence_unique	mtDNA	variant_calling_and_population_genetics	mitochondria	2	44930	1066161	23.729379	44929	0.999978	44924	0.999866	44317	0.986357	dudleya_organelle_alignment_pipeline/results/05_analysis_masks/mtdna_high_confidence_unique_regions.bed	dudleya_organelle_alignment_pipeline/results/06_all_sample_alignment/qc/TULP_LP_142_Du-304.depth.tsv
TULP_LP_143_Du-305	QB3.Berkeley.251217/QB3.Results.260109	D. setchellii	TULP	cpdna_full_coverage	cpDNA	sample_qc_coverage	chloroplast	1	150274	50131513	333.600709	150273	0.999993	150266	0.999947	150249	0.999834	dudleya_organelle_alignment_pipeline/results/05_analysis_masks/cpdna_full_coverage_regions.bed	dudleya_organelle_alignment_pipeline/results/06_all_sample_alignment/qc/TULP_LP_143_Du-305.depth.tsv
TULP_LP_143_Du-305	QB3.Berkeley.251217/QB3.Results.260109	D. setchellii	TULP	cpdna_ir_regions	cpDNA	repeat_annotation	chloroplast	2	51472	17085958	331.946651	51471	0.999981	51464	0.999845	51449	0.999553	dudleya_organelle_alignment_pipeline/results/05_analysis_masks/cpdna_ir_regions.bed	dudleya_organelle_alignment_pipeline/results/06_all_sample_alignment/qc/TULP_LP_143_Du-305.depth.tsv
TULP_LP_143_Du-305	QB3.Berkeley.251217/QB3.Results.260109	D. setchellii	TULP	cpdna_duplicate_ir_mask	cpDNA	mask	chloroplast	1	25736	8369570	325.208657	25735	0.999961	25728	0.999689	25717	0.999262	dudleya_organelle_alignment_pipeline/results/05_analysis_masks/cpdna_duplicate_ir_copy_mask.bed	dudleya_organelle_alignment_pipeline/results/06_all_sample_alignment/qc/TULP_LP_143_Du-305.depth.tsv
TULP_LP_143_Du-305	QB3.Berkeley.251217/QB3.Results.260109	D. setchellii	TULP	cpdna_population_sites	cpDNA	variant_calling_and_population_genetics	chloroplast	1	124538	41761943	335.334942	124538	1.000000	124538	1.000000	124532	0.999952	dudleya_organelle_alignment_pipeline/results/05_analysis_masks/cpdna_population_sites.bed	dudleya_organelle_alignment_pipeline/results/06_all_sample_alignment/qc/TULP_LP_143_Du-305.depth.tsv
TULP_LP_143_Du-305	QB3.Berkeley.251217/QB3.Results.260109	D. setchellii	TULP	mtdna_permissive_coverage	mtDNA	sample_qc_coverage	mitochondria	1	243359	4622711	18.995439	243336	0.999905	242281	0.995570	219078	0.900226	dudleya_organelle_alignment_pipeline/results/05_analysis_masks/mtdna_permissive_coverage_regions.bed	dudleya_organelle_alignment_pipeline/results/06_all_sample_alignment/qc/TULP_LP_143_Du-305.depth.tsv
TULP_LP_143_Du-305	QB3.Berkeley.251217/QB3.Results.260109	D. setchellii	TULP	mtdna_high_confidence_unique	mtDNA	variant_calling_and_population_genetics	mitochondria	2	44930	1380785	30.731916	44930	1.000000	44930	1.000000	44859	0.998420	dudleya_organelle_alignment_pipeline/results/05_analysis_masks/mtdna_high_confidence_unique_regions.bed	dudleya_organelle_alignment_pipeline/results/06_all_sample_alignment/qc/TULP_LP_143_Du-305.depth.tsv
TULP_LP_144_Du-306	QB3.Berkeley.251217/QB3.Results.260109	D. setchellii	TULP	cpdna_full_coverage	cpDNA	sample_qc_coverage	chloroplast	1	150274	45053212	299.807099	150272	0.999987	150261	0.999913	150242	0.999787	dudleya_organelle_alignment_pipeline/results/05_analysis_masks/cpdna_full_coverage_regions.bed	dudleya_organelle_alignment_pipeline/results/06_all_sample_alignment/qc/TULP_LP_144_Du-306.depth.tsv
TULP_LP_144_Du-306	QB3.Berkeley.251217/QB3.Results.260109	D. setchellii	TULP	cpdna_ir_regions	cpDNA	repeat_annotation	chloroplast	2	51472	15255956	296.393301	51470	0.999961	51460	0.999767	51443	0.999437	dudleya_organelle_alignment_pipeline/results/05_analysis_masks/cpdna_ir_regions.bed	dudleya_organelle_alignment_pipeline/results/06_all_sample_alignment/qc/TULP_LP_144_Du-306.depth.tsv
TULP_LP_144_Du-306	QB3.Berkeley.251217/QB3.Results.260109	D. setchellii	TULP	cpdna_duplicate_ir_mask	cpDNA	mask	chloroplast	1	25736	7493609	291.172249	25734	0.999922	25724	0.999534	25709	0.998951	dudleya_organelle_alignment_pipeline/results/05_analysis_masks/cpdna_duplicate_ir_copy_mask.bed	dudleya_organelle_alignment_pipeline/results/06_all_sample_alignment/qc/TULP_LP_144_Du-306.depth.tsv
TULP_LP_144_Du-306	QB3.Berkeley.251217/QB3.Results.260109	D. setchellii	TULP	cpdna_population_sites	cpDNA	variant_calling_and_population_genetics	chloroplast	1	124538	37559603	301.591506	124538	1.000000	124537	0.999992	124533	0.999960	dudleya_organelle_alignment_pipeline/results/05_analysis_masks/cpdna_population_sites.bed	dudleya_organelle_alignment_pipeline/results/06_all_sample_alignment/qc/TULP_LP_144_Du-306.depth.tsv
TULP_LP_144_Du-306	QB3.Berkeley.251217/QB3.Results.260109	D. setchellii	TULP	mtdna_permissive_coverage	mtDNA	sample_qc_coverage	mitochondria	1	243359	3148085	12.935971	243233	0.999482	228940	0.940750	158925	0.653048	dudleya_organelle_alignment_pipeline/results/05_analysis_masks/mtdna_permissive_coverage_regions.bed	dudleya_organelle_alignment_pipeline/results/06_all_sample_alignment/qc/TULP_LP_144_Du-306.depth.tsv
TULP_LP_144_Du-306	QB3.Berkeley.251217/QB3.Results.260109	D. setchellii	TULP	mtdna_high_confidence_unique	mtDNA	variant_calling_and_population_genetics	mitochondria	2	44930	954841	21.251747	44930	1.000000	44920	0.999777	43570	0.969731	dudleya_organelle_alignment_pipeline/results/05_analysis_masks/mtdna_high_confidence_unique_regions.bed	dudleya_organelle_alignment_pipeline/results/06_all_sample_alignment/qc/TULP_LP_144_Du-306.depth.tsv
TULP_LP_145_Du-307	QB3.Berkeley.251217/QB3.Results.260109	D. setchellii	TULP	cpdna_full_coverage	cpDNA	sample_qc_coverage	chloroplast	1	150274	25924522	172.515019	150268	0.999960	150242	0.999787	150194	0.999468	dudleya_organelle_alignment_pipeline/results/05_analysis_masks/cpdna_full_coverage_regions.bed	dudleya_organelle_alignment_pipeline/results/06_all_sample_alignment/qc/TULP_LP_145_Du-307.depth.tsv
TULP_LP_145_Du-307	QB3.Berkeley.251217/QB3.Results.260109	D. setchellii	TULP	cpdna_ir_regions	cpDNA	repeat_annotation	chloroplast	2	51472	8737995	169.762104	51466	0.999883	51441	0.999398	51395	0.998504	dudleya_organelle_alignment_pipeline/results/05_analysis_masks/cpdna_ir_regions.bed	dudleya_organelle_alignment_pipeline/results/06_all_sample_alignment/qc/TULP_LP_145_Du-307.depth.tsv
TULP_LP_145_Du-307	QB3.Berkeley.251217/QB3.Results.260109	D. setchellii	TULP	cpdna_duplicate_ir_mask	cpDNA	mask	chloroplast	1	25736	4271506	165.973966	25730	0.999767	25712	0.999067	25682	0.997902	dudleya_organelle_alignment_pipeline/results/05_analysis_masks/cpdna_duplicate_ir_copy_mask.bed	dudleya_organelle_alignment_pipeline/results/06_all_sample_alignment/qc/TULP_LP_145_Du-307.depth.tsv
TULP_LP_145_Du-307	QB3.Berkeley.251217/QB3.Results.260109	D. setchellii	TULP	cpdna_population_sites	cpDNA	variant_calling_and_population_genetics	chloroplast	1	124538	21653016	173.866739	124538	1.000000	124530	0.999936	124512	0.999791	dudleya_organelle_alignment_pipeline/results/05_analysis_masks/cpdna_population_sites.bed	dudleya_organelle_alignment_pipeline/results/06_all_sample_alignment/qc/TULP_LP_145_Du-307.depth.tsv
TULP_LP_145_Du-307	QB3.Berkeley.251217/QB3.Results.260109	D. setchellii	TULP	mtdna_permissive_coverage	mtDNA	sample_qc_coverage	mitochondria	1	243359	5092452	20.925678	243352	0.999971	242368	0.995928	227606	0.935268	dudleya_organelle_alignment_pipeline/results/05_analysis_masks/mtdna_permissive_coverage_regions.bed	dudleya_organelle_alignment_pipeline/results/06_all_sample_alignment/qc/TULP_LP_145_Du-307.depth.tsv
TULP_LP_145_Du-307	QB3.Berkeley.251217/QB3.Results.260109	D. setchellii	TULP	mtdna_high_confidence_unique	mtDNA	variant_calling_and_population_genetics	mitochondria	2	44930	1526779	33.981282	44928	0.999955	44927	0.999933	44914	0.999644	dudleya_organelle_alignment_pipeline/results/05_analysis_masks/mtdna_high_confidence_unique_regions.bed	dudleya_organelle_alignment_pipeline/results/06_all_sample_alignment/qc/TULP_LP_145_Du-307.depth.tsv
TULP_LP_146_Du-308	QB3.Berkeley.251217/QB3.Results.260109	D. setchellii	TULP	cpdna_full_coverage	cpDNA	sample_qc_coverage	chloroplast	1	150274	16503510	109.822790	150270	0.999973	150213	0.999594	150138	0.999095	dudleya_organelle_alignment_pipeline/results/05_analysis_masks/cpdna_full_coverage_regions.bed	dudleya_organelle_alignment_pipeline/results/06_all_sample_alignment/qc/TULP_LP_146_Du-308.depth.tsv
TULP_LP_146_Du-308	QB3.Berkeley.251217/QB3.Results.260109	D. setchellii	TULP	cpdna_ir_regions	cpDNA	repeat_annotation	chloroplast	2	51472	5907655	114.774149	51468	0.999922	51413	0.998854	51340	0.997435	dudleya_organelle_alignment_pipeline/results/05_analysis_masks/cpdna_ir_regions.bed	dudleya_organelle_alignment_pipeline/results/06_all_sample_alignment/qc/TULP_LP_146_Du-308.depth.tsv
TULP_LP_146_Du-308	QB3.Berkeley.251217/QB3.Results.260109	D. setchellii	TULP	cpdna_duplicate_ir_mask	cpDNA	mask	chloroplast	1	25736	2838078	110.276578	25735	0.999961	25690	0.998213	25626	0.995726	dudleya_organelle_alignment_pipeline/results/05_analysis_masks/cpdna_duplicate_ir_copy_mask.bed	dudleya_organelle_alignment_pipeline/results/06_all_sample_alignment/qc/TULP_LP_146_Du-308.depth.tsv
TULP_LP_146_Du-308	QB3.Berkeley.251217/QB3.Results.260109	D. setchellii	TULP	cpdna_population_sites	cpDNA	variant_calling_and_population_genetics	chloroplast	1	124538	13665432	109.729014	124535	0.999976	124523	0.999880	124512	0.999791	dudleya_organelle_alignment_pipeline/results/05_analysis_masks/cpdna_population_sites.bed	dudleya_organelle_alignment_pipeline/results/06_all_sample_alignment/qc/TULP_LP_146_Du-308.depth.tsv
TULP_LP_146_Du-308	QB3.Berkeley.251217/QB3.Results.260109	D. setchellii	TULP	mtdna_permissive_coverage	mtDNA	sample_qc_coverage	mitochondria	1	243359	2768994	11.378227	243047	0.998718	222392	0.913843	132638	0.545030	dudleya_organelle_alignment_pipeline/results/05_analysis_masks/mtdna_permissive_coverage_regions.bed	dudleya_organelle_alignment_pipeline/results/06_all_sample_alignment/qc/TULP_LP_146_Du-308.depth.tsv
TULP_LP_146_Du-308	QB3.Berkeley.251217/QB3.Results.260109	D. setchellii	TULP	mtdna_high_confidence_unique	mtDNA	variant_calling_and_population_genetics	mitochondria	2	44930	865255	19.257846	44930	1.000000	44811	0.997351	42116	0.937369	dudleya_organelle_alignment_pipeline/results/05_analysis_masks/mtdna_high_confidence_unique_regions.bed	dudleya_organelle_alignment_pipeline/results/06_all_sample_alignment/qc/TULP_LP_146_Du-308.depth.tsv
TULP_LP_147_Du-309	QB3.Berkeley.251217/QB3.Results.260109	D. setchellii	TULP	cpdna_full_coverage	cpDNA	sample_qc_coverage	chloroplast	1	150274	291199088	1937.787561	150274	1.000000	150273	0.999993	150272	0.999987	dudleya_organelle_alignment_pipeline/results/05_analysis_masks/cpdna_full_coverage_regions.bed	dudleya_organelle_alignment_pipeline/results/06_all_sample_alignment/qc/TULP_LP_147_Du-309.depth.tsv
TULP_LP_147_Du-309	QB3.Berkeley.251217/QB3.Results.260109	D. setchellii	TULP	cpdna_ir_regions	cpDNA	repeat_annotation	chloroplast	2	51472	99279594	1928.807779	51472	1.000000	51471	0.999981	51470	0.999961	dudleya_organelle_alignment_pipeline/results/05_analysis_masks/cpdna_ir_regions.bed	dudleya_organelle_alignment_pipeline/results/06_all_sample_alignment/qc/TULP_LP_147_Du-309.depth.tsv
TULP_LP_147_Du-309	QB3.Berkeley.251217/QB3.Results.260109	D. setchellii	TULP	cpdna_duplicate_ir_mask	cpDNA	mask	chloroplast	1	25736	48475730	1883.576702	25736	1.000000	25735	0.999961	25734	0.999922	dudleya_organelle_alignment_pipeline/results/05_analysis_masks/cpdna_duplicate_ir_copy_mask.bed	dudleya_organelle_alignment_pipeline/results/06_all_sample_alignment/qc/TULP_LP_147_Du-309.depth.tsv
TULP_LP_147_Du-309	QB3.Berkeley.251217/QB3.Results.260109	D. setchellii	TULP	cpdna_population_sites	cpDNA	variant_calling_and_population_genetics	chloroplast	1	124538	242723358	1948.990332	124538	1.000000	124538	1.000000	124538	1.000000	dudleya_organelle_alignment_pipeline/results/05_analysis_masks/cpdna_population_sites.bed	dudleya_organelle_alignment_pipeline/results/06_all_sample_alignment/qc/TULP_LP_147_Du-309.depth.tsv
TULP_LP_147_Du-309	QB3.Berkeley.251217/QB3.Results.260109	D. setchellii	TULP	mtdna_permissive_coverage	mtDNA	sample_qc_coverage	mitochondria	1	243359	28663901	117.784430	243356	0.999988	243344	0.999938	243328	0.999873	dudleya_organelle_alignment_pipeline/results/05_analysis_masks/mtdna_permissive_coverage_regions.bed	dudleya_organelle_alignment_pipeline/results/06_all_sample_alignment/qc/TULP_LP_147_Du-309.depth.tsv
TULP_LP_147_Du-309	QB3.Berkeley.251217/QB3.Results.260109	D. setchellii	TULP	mtdna_high_confidence_unique	mtDNA	variant_calling_and_population_genetics	mitochondria	2	44930	8608671	191.601847	44930	1.000000	44929	0.999978	44927	0.999933	dudleya_organelle_alignment_pipeline/results/05_analysis_masks/mtdna_high_confidence_unique_regions.bed	dudleya_organelle_alignment_pipeline/results/06_all_sample_alignment/qc/TULP_LP_147_Du-309.depth.tsv
TULP_LP_148_Du-310	QB3.Berkeley.251217/QB3.Results.260109	D. setchellii	TULP	cpdna_full_coverage	cpDNA	sample_qc_coverage	chloroplast	1	150274	43691485	290.745472	150274	1.000000	150269	0.999967	150258	0.999894	dudleya_organelle_alignment_pipeline/results/05_analysis_masks/cpdna_full_coverage_regions.bed	dudleya_organelle_alignment_pipeline/results/06_all_sample_alignment/qc/TULP_LP_148_Du-310.depth.tsv
TULP_LP_148_Du-310	QB3.Berkeley.251217/QB3.Results.260109	D. setchellii	TULP	cpdna_ir_regions	cpDNA	repeat_annotation	chloroplast	2	51472	17562247	341.200012	51472	1.000000	51467	0.999903	51459	0.999747	dudleya_organelle_alignment_pipeline/results/05_analysis_masks/cpdna_ir_regions.bed	dudleya_organelle_alignment_pipeline/results/06_all_sample_alignment/qc/TULP_LP_148_Du-310.depth.tsv
TULP_LP_148_Du-310	QB3.Berkeley.251217/QB3.Results.260109	D. setchellii	TULP	cpdna_duplicate_ir_mask	cpDNA	mask	chloroplast	1	25736	8537805	331.745609	25736	1.000000	25731	0.999806	25726	0.999611	dudleya_organelle_alignment_pipeline/results/05_analysis_masks/cpdna_duplicate_ir_copy_mask.bed	dudleya_organelle_alignment_pipeline/results/06_all_sample_alignment/qc/TULP_LP_148_Du-310.depth.tsv
TULP_LP_148_Du-310	QB3.Berkeley.251217/QB3.Results.260109	D. setchellii	TULP	cpdna_population_sites	cpDNA	variant_calling_and_population_genetics	chloroplast	1	124538	35153680	282.272720	124538	1.000000	124538	1.000000	124532	0.999952	dudleya_organelle_alignment_pipeline/results/05_analysis_masks/cpdna_population_sites.bed	dudleya_organelle_alignment_pipeline/results/06_all_sample_alignment/qc/TULP_LP_148_Du-310.depth.tsv
TULP_LP_148_Du-310	QB3.Berkeley.251217/QB3.Results.260109	D. setchellii	TULP	mtdna_permissive_coverage	mtDNA	sample_qc_coverage	mitochondria	1	243359	4819736	19.805045	243318	0.999832	239113	0.982553	206705	0.849383	dudleya_organelle_alignment_pipeline/results/05_analysis_masks/mtdna_permissive_coverage_regions.bed	dudleya_organelle_alignment_pipeline/results/06_all_sample_alignment/qc/TULP_LP_148_Du-310.depth.tsv
TULP_LP_148_Du-310	QB3.Berkeley.251217/QB3.Results.260109	D. setchellii	TULP	mtdna_high_confidence_unique	mtDNA	variant_calling_and_population_genetics	mitochondria	2	44930	1519828	33.826575	44927	0.999933	44927	0.999933	44852	0.998264	dudleya_organelle_alignment_pipeline/results/05_analysis_masks/mtdna_high_confidence_unique_regions.bed	dudleya_organelle_alignment_pipeline/results/06_all_sample_alignment/qc/TULP_LP_148_Du-310.depth.tsv
