organelle	from_haplotype	to_haplotype	mutation_steps	alternative_link
cpDNA	H030	H002	1	FALSE
cpDNA	H033	H002	1	FALSE
cpDNA	H006	H003	1	FALSE
cpDNA	H090	H006	1	FALSE
cpDNA	H042	H008	1	FALSE
cpDNA	H043	H008	1	FALSE
cpDNA	H010	H009	1	FALSE
cpDNA	H136	H011	1	FALSE
cpDNA	H081	H012	1	FALSE
cpDNA	H018	H017	1	FALSE
cpDNA	H028	H026	1	FALSE
cpDNA	H028	H027	1	FALSE
cpDNA	H038	H037	1	FALSE
cpDNA	H043	H040	1	FALSE
cpDNA	H097	H041	1	FALSE
cpDNA	H046	H044	1	FALSE
cpDNA	H049	H047	1	FALSE
cpDNA	H051	H050	1	FALSE
cpDNA	H056	H055	1	FALSE
cpDNA	H059	H058	1	FALSE
cpDNA	H063	H062	1	FALSE
cpDNA	H069	H068	1	FALSE
cpDNA	H070	H068	1	FALSE
cpDNA	H073	H071	1	FALSE
cpDNA	H074	H071	1	FALSE
cpDNA	H080	H078	1	FALSE
cpDNA	H088	H085	1	FALSE
cpDNA	H094	H093	1	FALSE
cpDNA	H097	H096	1	FALSE
cpDNA	H101	H099	1	FALSE
cpDNA	H109	H108	1	FALSE
cpDNA	H111	H110	1	FALSE
cpDNA	H113	H110	1	FALSE
cpDNA	H114	H113	1	FALSE
cpDNA	H121	H117	1	FALSE
cpDNA	H120	H118	1	FALSE
cpDNA	H126	H124	1	FALSE
cpDNA	H127	H125	1	FALSE
cpDNA	H136	H134	1	FALSE
cpDNA	H144	H143	1	FALSE
cpDNA	H148	H147	1	FALSE
cpDNA	H135	H011	2	FALSE
cpDNA	H040	H039	2	FALSE
cpDNA	H048	H047	2	FALSE
cpDNA	H060	H058	2	FALSE
cpDNA	H065	H062	2	FALSE
cpDNA	H075	H065	2	FALSE
cpDNA	H072	H071	2	FALSE
cpDNA	H085	H084	2	FALSE
cpDNA	H086	H084	2	FALSE
cpDNA	H088	H087	2	FALSE
cpDNA	H096	H095	2	FALSE
cpDNA	H105	H099	2	FALSE
cpDNA	H105	H102	2	FALSE
cpDNA	H107	H106	2	FALSE
cpDNA	H109	H106	2	FALSE
cpDNA	H112	H111	2	FALSE
cpDNA	H119	H118	2	FALSE
cpDNA	H128	H123	2	FALSE
cpDNA	H137	H134	2	FALSE
cpDNA	H014	H013	3	FALSE
cpDNA	H026	H023	3	FALSE
cpDNA	H035	H032	3	FALSE
cpDNA	H037	H036	3	FALSE
cpDNA	H151	H046	3	FALSE
cpDNA	H054	H053	3	FALSE
cpDNA	H061	H058	3	FALSE
cpDNA	H069	H066	3	FALSE
cpDNA	H087	H083	3	FALSE
cpDNA	H091	H090	3	FALSE
cpDNA	H100	H099	3	FALSE
cpDNA	H104	H103	3	FALSE
cpDNA	H139	H133	3	FALSE
cpDNA	H150	H145	3	FALSE
cpDNA	H006	H004	4	FALSE
cpDNA	H024	H023	4	FALSE
cpDNA	H031	H029	4	FALSE
cpDNA	H034	H033	4	FALSE
cpDNA	H045	H043	4	FALSE
cpDNA	H150	H046	4	FALSE
cpDNA	H052	H050	4	FALSE
cpDNA	H080	H077	4	FALSE
cpDNA	H097	H093	4	FALSE
cpDNA	H121	H120	4	FALSE
cpDNA	H127	H124	4	FALSE
cpDNA	H143	H138	4	FALSE
cpDNA	H151	H147	4	FALSE
cpDNA	H149	H006	5	FALSE
cpDNA	H082	H012	5	FALSE
cpDNA	H021	H020	5	FALSE
cpDNA	H045	H041	5	FALSE
cpDNA	H068	H067	5	FALSE
cpDNA	H123	H083	5	FALSE
cpDNA	H146	H090	5	FALSE
cpDNA	H129	H123	5	FALSE
cpDNA	H144	H005	6	FALSE
cpDNA	H089	H006	6	FALSE
cpDNA	H076	H010	6	FALSE
cpDNA	H131	H082	6	FALSE
cpDNA	H115	H093	6	FALSE
cpDNA	H093	H092	7	FALSE
cpDNA	H131	H130	7	FALSE
cpDNA	H138	H134	7	FALSE
cpDNA	H018	H014	8	FALSE
cpDNA	H142	H141	8	FALSE
cpDNA	H132	H082	9	FALSE
cpDNA	H111	H001	10	FALSE
cpDNA	H065	H007	11	FALSE
cpDNA	H022	H020	11	FALSE
cpDNA	H064	H063	11	FALSE
cpDNA	H046	H006	12	FALSE
cpDNA	H079	H077	13	FALSE
cpDNA	H122	H084	14	FALSE
cpDNA	H068	H055	15	FALSE
cpDNA	H125	H083	15	FALSE
cpDNA	H138	H121	15	FALSE
cpDNA	H142	H138	15	FALSE
cpDNA	H139	H138	16	FALSE
cpDNA	H015	H014	17	FALSE
cpDNA	H016	H014	18	FALSE
cpDNA	H054	H050	19	FALSE
cpDNA	H105	H098	19	FALSE
cpDNA	H034	H032	21	FALSE
cpDNA	H138	H110	21	FALSE
cpDNA	H021	H019	22	FALSE
cpDNA	H104	H098	22	FALSE
cpDNA	H059	H049	23	FALSE
cpDNA	H025	H016	24	FALSE
cpDNA	H053	H019	26	FALSE
cpDNA	H026	H025	26	FALSE
cpDNA	H077	H076	26	FALSE
cpDNA	H140	H138	27	FALSE
cpDNA	H045	H006	29	FALSE
cpDNA	H032	H031	34	FALSE
cpDNA	H066	H048	35	FALSE
cpDNA	H108	H048	35	FALSE
cpDNA	H132	H036	46	FALSE
cpDNA	H076	H048	50	FALSE
cpDNA	H122	H116	59	FALSE
cpDNA	H098	H072	64	FALSE
cpDNA	H116	H045	71	FALSE
cpDNA	H132	H116	71	FALSE
cpDNA	H116	H048	76	FALSE
cpDNA	H138	H116	80	FALSE
cpDNA	H116	H031	82	FALSE
cpDNA	H075	H057	147	FALSE
cpDNA	H072	H019	258	FALSE
cpDNA	H057	H019	309	FALSE
cpDNA	H116	H016	373	FALSE
cpDNA	H116	H057	432	FALSE
cpDNA	H090	H003	2	TRUE
cpDNA	H040	H008	2	TRUE
cpDNA	H134	H011	2	TRUE
cpDNA	H027	H026	2	TRUE
cpDNA	H033	H030	2	TRUE
cpDNA	H096	H041	2	TRUE
cpDNA	H043	H042	2	TRUE
cpDNA	H070	H069	2	TRUE
cpDNA	H074	H073	2	TRUE
cpDNA	H086	H085	2	TRUE
cpDNA	H114	H110	2	TRUE
cpDNA	H113	H111	2	TRUE
cpDNA	H137	H135	2	TRUE
cpDNA	H043	H039	3	TRUE
cpDNA	H042	H040	3	TRUE
cpDNA	H049	H048	3	TRUE
cpDNA	H060	H059	3	TRUE
cpDNA	H061	H060	3	TRUE
cpDNA	H065	H063	3	TRUE
cpDNA	H070	H066	3	TRUE
cpDNA	H073	H072	3	TRUE
cpDNA	H074	H072	3	TRUE
cpDNA	H088	H084	3	TRUE
cpDNA	H087	H085	3	TRUE
cpDNA	H087	H086	3	TRUE
cpDNA	H088	H086	3	TRUE
cpDNA	H097	H095	3	TRUE
cpDNA	H102	H101	3	TRUE
cpDNA	H105	H101	3	TRUE
cpDNA	H108	H106	3	TRUE
cpDNA	H112	H110	3	TRUE
cpDNA	H114	H111	3	TRUE
cpDNA	H114	H112	3	TRUE
cpDNA	H120	H119	3	TRUE
cpDNA	H136	H135	3	TRUE
cpDNA	H137	H136	3	TRUE
cpDNA	H091	H006	4	TRUE
cpDNA	H039	H008	4	TRUE
cpDNA	H137	H011	4	TRUE
cpDNA	H028	H023	4	TRUE
cpDNA	H038	H036	4	TRUE
cpDNA	H095	H041	4	TRUE
cpDNA	H151	H044	4	TRUE
cpDNA	H061	H059	4	TRUE
cpDNA	H075	H062	4	TRUE
cpDNA	H068	H066	4	TRUE
cpDNA	H102	H099	4	TRUE
cpDNA	H101	H100	4	TRUE
cpDNA	H109	H107	4	TRUE
cpDNA	H113	H112	4	TRUE
cpDNA	H135	H134	4	TRUE
cpDNA	H034	H002	5	TRUE
cpDNA	H004	H003	5	TRUE
cpDNA	H091	H003	5	TRUE
cpDNA	H090	H004	5	TRUE
cpDNA	H045	H008	5	TRUE
cpDNA	H027	H023	5	TRUE
cpDNA	H042	H039	5	TRUE
cpDNA	H045	H039	5	TRUE
cpDNA	H045	H040	5	TRUE
cpDNA	H093	H041	5	TRUE
cpDNA	H150	H044	5	TRUE
cpDNA	H145	H046	5	TRUE
cpDNA	H052	H051	5	TRUE
cpDNA	H075	H063	5	TRUE
cpDNA	H078	H077	5	TRUE
cpDNA	H088	H083	5	TRUE
cpDNA	H128	H083	5	TRUE
cpDNA	H087	H084	5	TRUE
cpDNA	H096	H093	5	TRUE
cpDNA	H097	H094	5	TRUE
cpDNA	H102	H100	5	TRUE
cpDNA	H105	H100	5	TRUE
cpDNA	H108	H107	5	TRUE
cpDNA	H120	H117	5	TRUE
cpDNA	H121	H118	5	TRUE
cpDNA	H125	H124	5	TRUE
cpDNA	H127	H126	5	TRUE
cpDNA	H144	H138	5	TRUE
cpDNA	H151	H148	5	TRUE
cpDNA	H151	H150	5	TRUE
cpDNA	H149	H003	6	TRUE
cpDNA	H146	H006	6	TRUE
cpDNA	H034	H030	6	TRUE
cpDNA	H094	H041	6	TRUE
cpDNA	H045	H042	6	TRUE
cpDNA	H145	H044	6	TRUE
cpDNA	H093	H045	6	TRUE
cpDNA	H097	H045	6	TRUE
cpDNA	H069	H067	6	TRUE
cpDNA	H070	H067	6	TRUE
cpDNA	H082	H081	6	TRUE
cpDNA	H085	H083	6	TRUE
cpDNA	H086	H083	6	TRUE
cpDNA	H129	H084	6	TRUE
cpDNA	H123	H087	6	TRUE
cpDNA	H128	H087	6	TRUE
cpDNA	H123	H088	6	TRUE
cpDNA	H149	H090	6	TRUE
cpDNA	H096	H094	6	TRUE
cpDNA	H115	H097	6	TRUE
cpDNA	H118	H117	6	TRUE
cpDNA	H126	H125	6	TRUE
cpDNA	H151	H145	6	TRUE
cpDNA	H089	H003	7	TRUE
cpDNA	H146	H003	7	TRUE
cpDNA	H143	H005	7	TRUE
cpDNA	H076	H009	7	TRUE
cpDNA	H026	H024	7	TRUE
cpDNA	H027	H024	7	TRUE
cpDNA	H115	H041	7	TRUE
cpDNA	H094	H045	7	TRUE
cpDNA	H096	H045	7	TRUE
cpDNA	H147	H046	7	TRUE
cpDNA	H067	H066	7	TRUE
cpDNA	H123	H085	7	TRUE
cpDNA	H123	H086	7	TRUE
cpDNA	H090	H089	7	TRUE
cpDNA	H097	H092	7	TRUE
cpDNA	H095	H093	7	TRUE
cpDNA	H115	H094	7	TRUE
cpDNA	H115	H096	7	TRUE
cpDNA	H121	H119	7	TRUE
cpDNA	H129	H128	7	TRUE
cpDNA	H089	H004	8	TRUE
cpDNA	H091	H004	8	TRUE
cpDNA	H028	H024	8	TRUE
cpDNA	H092	H041	8	TRUE
cpDNA	H093	H043	8	TRUE
cpDNA	H097	H043	8	TRUE
cpDNA	H147	H044	8	TRUE
cpDNA	H115	H045	8	TRUE
cpDNA	H148	H046	8	TRUE
cpDNA	H084	H083	8	TRUE
cpDNA	H129	H085	8	TRUE
cpDNA	H129	H086	8	TRUE
cpDNA	H128	H088	8	TRUE
cpDNA	H146	H091	8	TRUE
cpDNA	H094	H092	8	TRUE
cpDNA	H096	H092	8	TRUE
cpDNA	H095	H094	8	TRUE
cpDNA	H119	H117	8	TRUE
cpDNA	H138	H136	8	TRUE
cpDNA	H149	H004	9	TRUE
cpDNA	H093	H008	9	TRUE
cpDNA	H097	H008	9	TRUE
cpDNA	H138	H011	9	TRUE
cpDNA	H018	H013	9	TRUE
cpDNA	H017	H014	9	TRUE
cpDNA	H093	H040	9	TRUE
cpDNA	H097	H040	9	TRUE
cpDNA	H043	H041	9	TRUE
cpDNA	H094	H043	9	TRUE
cpDNA	H096	H043	9	TRUE
cpDNA	H148	H044	9	TRUE
cpDNA	H092	H045	9	TRUE
cpDNA	H095	H045	9	TRUE
cpDNA	H123	H084	9	TRUE
cpDNA	H128	H085	9	TRUE
cpDNA	H128	H086	9	TRUE
cpDNA	H129	H088	9	TRUE
cpDNA	H149	H091	9	TRUE
cpDNA	H115	H092	9	TRUE
cpDNA	H115	H095	9	TRUE
cpDNA	H132	H131	9	TRUE
cpDNA	H138	H137	9	TRUE
cpDNA	H150	H147	9	TRUE
cpDNA	H112	H001	10	TRUE
cpDNA	H113	H001	10	TRUE
cpDNA	H146	H004	10	TRUE
cpDNA	H041	H008	10	TRUE
cpDNA	H094	H008	10	TRUE
cpDNA	H096	H008	10	TRUE
cpDNA	H017	H013	10	TRUE
cpDNA	H041	H039	10	TRUE
cpDNA	H094	H039	10	TRUE
cpDNA	H041	H040	10	TRUE
cpDNA	H094	H040	10	TRUE
cpDNA	H096	H040	10	TRUE
cpDNA	H093	H042	10	TRUE
cpDNA	H097	H042	10	TRUE
cpDNA	H115	H043	10	TRUE
cpDNA	H129	H083	10	TRUE
cpDNA	H091	H089	10	TRUE
cpDNA	H095	H092	10	TRUE
cpDNA	H144	H134	10	TRUE
cpDNA	H147	H145	10	TRUE
cpDNA	H150	H148	10	TRUE
cpDNA	H110	H001	11	TRUE
cpDNA	H114	H001	11	TRUE
cpDNA	H138	H005	11	TRUE
cpDNA	H115	H008	11	TRUE
cpDNA	H131	H012	11	TRUE
cpDNA	H093	H039	11	TRUE
cpDNA	H097	H039	11	TRUE
cpDNA	H115	H040	11	TRUE
cpDNA	H042	H041	11	TRUE
cpDNA	H094	H042	11	TRUE
cpDNA	H096	H042	11	TRUE
cpDNA	H092	H043	11	TRUE
cpDNA	H095	H043	11	TRUE
cpDNA	H128	H084	11	TRUE
cpDNA	H129	H087	11	TRUE
cpDNA	H149	H089	11	TRUE
cpDNA	H143	H134	11	TRUE
cpDNA	H138	H135	11	TRUE
cpDNA	H144	H136	11	TRUE
cpDNA	H148	H145	11	TRUE
cpDNA	H149	H146	11	TRUE
cpDNA	H150	H006	12	TRUE
cpDNA	H092	H008	12	TRUE
cpDNA	H095	H008	12	TRUE
cpDNA	H144	H011	12	TRUE
cpDNA	H022	H021	12	TRUE
cpDNA	H096	H039	12	TRUE
cpDNA	H092	H040	12	TRUE
cpDNA	H095	H040	12	TRUE
cpDNA	H115	H042	12	TRUE
cpDNA	H064	H062	12	TRUE
cpDNA	H065	H064	12	TRUE
cpDNA	H131	H081	12	TRUE
cpDNA	H146	H089	12	TRUE
cpDNA	H143	H136	12	TRUE
cpDNA	H144	H137	12	TRUE
cpDNA	H046	H003	13	TRUE
cpDNA	H150	H003	13	TRUE
cpDNA	H044	H006	13	TRUE
cpDNA	H145	H006	13	TRUE
cpDNA	H151	H006	13	TRUE
cpDNA	H062	H007	13	TRUE
cpDNA	H075	H007	13	TRUE
cpDNA	H143	H011	13	TRUE
cpDNA	H115	H039	13	TRUE
cpDNA	H092	H042	13	TRUE
cpDNA	H095	H042	13	TRUE
cpDNA	H090	H046	13	TRUE
cpDNA	H149	H046	13	TRUE
cpDNA	H130	H082	13	TRUE
cpDNA	H150	H090	13	TRUE
cpDNA	H143	H137	13	TRUE
cpDNA	H150	H149	13	TRUE
cpDNA	H044	H003	14	TRUE
cpDNA	H145	H003	14	TRUE
cpDNA	H151	H003	14	TRUE
cpDNA	H063	H007	14	TRUE
cpDNA	H132	H012	14	TRUE
cpDNA	H092	H039	14	TRUE
cpDNA	H095	H039	14	TRUE
cpDNA	H090	H044	14	TRUE
cpDNA	H149	H044	14	TRUE
cpDNA	H075	H064	14	TRUE
cpDNA	H145	H090	14	TRUE
cpDNA	H151	H090	14	TRUE
cpDNA	H129	H122	14	TRUE
cpDNA	H144	H135	14	TRUE
cpDNA	H149	H145	14	TRUE
cpDNA	H151	H149	14	TRUE
cpDNA	H132	H081	15	TRUE
cpDNA	H126	H084	15	TRUE
cpDNA	H143	H135	15	TRUE
cpDNA	H046	H004	16	TRUE
cpDNA	H150	H004	16	TRUE
cpDNA	H134	H005	16	TRUE
cpDNA	H091	H046	16	TRUE
cpDNA	H069	H055	16	TRUE
cpDNA	H070	H055	16	TRUE
cpDNA	H068	H056	16	TRUE
cpDNA	H127	H083	16	TRUE
cpDNA	H124	H084	16	TRUE
cpDNA	H122	H085	16	TRUE
cpDNA	H122	H086	16	TRUE
cpDNA	H125	H087	16	TRUE
cpDNA	H125	H088	16	TRUE
cpDNA	H150	H091	16	TRUE
cpDNA	H138	H117	16	TRUE
cpDNA	H125	H123	16	TRUE
cpDNA	H128	H125	16	TRUE
cpDNA	H132	H130	16	TRUE
cpDNA	H142	H134	16	TRUE
cpDNA	H044	H004	17	TRUE
cpDNA	H145	H004	17	TRUE
cpDNA	H151	H004	17	TRUE
cpDNA	H136	H005	17	TRUE
cpDNA	H147	H006	17	TRUE
cpDNA	H064	H007	17	TRUE
cpDNA	H091	H044	17	TRUE
cpDNA	H069	H056	17	TRUE
cpDNA	H070	H056	17	TRUE
cpDNA	H080	H079	17	TRUE
cpDNA	H125	H085	17	TRUE
cpDNA	H126	H085	17	TRUE
cpDNA	H125	H086	17	TRUE
cpDNA	H126	H086	17	TRUE
cpDNA	H127	H087	17	TRUE
cpDNA	H122	H088	17	TRUE
cpDNA	H127	H088	17	TRUE
cpDNA	H145	H091	17	TRUE
cpDNA	H151	H091	17	TRUE
cpDNA	H127	H123	17	TRUE
cpDNA	H129	H126	17	TRUE
cpDNA	H128	H127	17	TRUE
cpDNA	H139	H134	17	TRUE
cpDNA	H142	H136	17	TRUE
cpDNA	H142	H139	17	TRUE
cpDNA	H147	H003	18	TRUE
cpDNA	H011	H005	18	TRUE
cpDNA	H137	H005	18	TRUE
cpDNA	H148	H006	18	TRUE
cpDNA	H142	H011	18	TRUE
cpDNA	H130	H012	18	TRUE
cpDNA	H015	H013	18	TRUE
cpDNA	H089	H046	18	TRUE
cpDNA	H146	H046	18	TRUE
cpDNA	H079	H078	18	TRUE
cpDNA	H122	H083	18	TRUE
cpDNA	H124	H085	18	TRUE
cpDNA	H127	H085	18	TRUE
cpDNA	H124	H086	18	TRUE
cpDNA	H127	H086	18	TRUE
cpDNA	H126	H088	18	TRUE
cpDNA	H150	H089	18	TRUE
cpDNA	H147	H090	18	TRUE
cpDNA	H134	H121	18	TRUE
cpDNA	H129	H124	18	TRUE
cpDNA	H139	H136	18	TRUE
cpDNA	H142	H137	18	TRUE
cpDNA	H144	H142	18	TRUE
cpDNA	H150	H146	18	TRUE
cpDNA	H149	H147	18	TRUE
cpDNA	H148	H003	19	TRUE
cpDNA	H139	H011	19	TRUE
cpDNA	H016	H013	19	TRUE
cpDNA	H089	H044	19	TRUE
cpDNA	H146	H044	19	TRUE
cpDNA	H066	H055	19	TRUE
cpDNA	H067	H056	19	TRUE
cpDNA	H130	H081	19	TRUE
cpDNA	H126	H083	19	TRUE
cpDNA	H125	H084	19	TRUE
cpDNA	H122	H087	19	TRUE
cpDNA	H124	H088	19	TRUE
cpDNA	H145	H089	19	TRUE
cpDNA	H151	H089	19	TRUE
cpDNA	H148	H090	19	TRUE
cpDNA	H134	H117	19	TRUE
cpDNA	H138	H120	19	TRUE
cpDNA	H136	H121	19	TRUE
cpDNA	H143	H121	19	TRUE
cpDNA	H123	H122	19	TRUE
cpDNA	H138	H133	19	TRUE
cpDNA	H139	H137	19	TRUE
cpDNA	H144	H139	19	TRUE
cpDNA	H143	H142	19	TRUE
cpDNA	H146	H145	19	TRUE
cpDNA	H151	H146	19	TRUE
cpDNA	H149	H148	19	TRUE
cpDNA	H135	H005	20	TRUE
cpDNA	H121	H011	20	TRUE
cpDNA	H017	H015	20	TRUE
cpDNA	H053	H050	20	TRUE
cpDNA	H054	H051	20	TRUE
cpDNA	H067	H055	20	TRUE
cpDNA	H066	H056	20	TRUE
cpDNA	H124	H083	20	TRUE
cpDNA	H127	H084	20	TRUE
cpDNA	H126	H087	20	TRUE
cpDNA	H136	H117	20	TRUE
cpDNA	H143	H117	20	TRUE
cpDNA	H138	H118	20	TRUE
cpDNA	H137	H121	20	TRUE
cpDNA	H144	H121	20	TRUE
cpDNA	H126	H123	20	TRUE
cpDNA	H134	H133	20	TRUE
cpDNA	H142	H133	20	TRUE
cpDNA	H142	H135	20	TRUE
cpDNA	H143	H139	20	TRUE
cpDNA	H147	H004	21	TRUE
cpDNA	H117	H011	21	TRUE
cpDNA	H018	H015	21	TRUE
cpDNA	H053	H051	21	TRUE
cpDNA	H124	H087	21	TRUE
cpDNA	H147	H091	21	TRUE
cpDNA	H099	H098	21	TRUE
cpDNA	H102	H098	21	TRUE
cpDNA	H137	H117	21	TRUE
cpDNA	H144	H117	21	TRUE
cpDNA	H128	H122	21	TRUE
cpDNA	H124	H123	21	TRUE
cpDNA	H128	H124	21	TRUE
cpDNA	H129	H125	21	TRUE
cpDNA	H136	H133	21	TRUE
cpDNA	H139	H135	21	TRUE
cpDNA	H141	H138	21	TRUE
cpDNA	H148	H004	22	TRUE
cpDNA	H133	H011	22	TRUE
cpDNA	H035	H033	22	TRUE
cpDNA	H053	H052	22	TRUE
cpDNA	H148	H091	22	TRUE
cpDNA	H101	H098	22	TRUE
cpDNA	H138	H111	22	TRUE
cpDNA	H138	H112	22	TRUE
cpDNA	H138	H113	22	TRUE
cpDNA	H138	H119	22	TRUE
cpDNA	H134	H120	22	TRUE
cpDNA	H135	H121	22	TRUE
cpDNA	H128	H126	22	TRUE
cpDNA	H129	H127	22	TRUE
cpDNA	H137	H133	22	TRUE
cpDNA	H144	H133	22	TRUE
cpDNA	H141	H134	22	TRUE
cpDNA	H035	H002	23	TRUE
cpDNA	H016	H015	23	TRUE
cpDNA	H054	H052	23	TRUE
cpDNA	H147	H089	23	TRUE
cpDNA	H134	H111	23	TRUE
cpDNA	H134	H112	23	TRUE
cpDNA	H138	H114	23	TRUE
cpDNA	H135	H117	23	TRUE
cpDNA	H134	H118	23	TRUE
cpDNA	H134	H119	23	TRUE
cpDNA	H136	H120	23	TRUE
cpDNA	H143	H120	23	TRUE
cpDNA	H126	H122	23	TRUE
cpDNA	H143	H133	23	TRUE
cpDNA	H141	H136	23	TRUE
cpDNA	H147	H146	23	TRUE
cpDNA	H142	H005	24	TRUE
cpDNA	H120	H011	24	TRUE
cpDNA	H141	H011	24	TRUE
cpDNA	H018	H016	24	TRUE
cpDNA	H035	H030	24	TRUE
cpDNA	H035	H034	24	TRUE
cpDNA	H059	H047	24	TRUE
cpDNA	H059	H048	24	TRUE
cpDNA	H058	H049	24	TRUE
cpDNA	H060	H049	24	TRUE
cpDNA	H148	H089	24	TRUE
cpDNA	H100	H098	24	TRUE
cpDNA	H134	H110	24	TRUE
cpDNA	H136	H111	24	TRUE
cpDNA	H136	H112	24	TRUE
cpDNA	H136	H118	24	TRUE
cpDNA	H143	H118	24	TRUE
cpDNA	H136	H119	24	TRUE
cpDNA	H137	H120	24	TRUE
cpDNA	H144	H120	24	TRUE
cpDNA	H142	H121	24	TRUE
cpDNA	H124	H122	24	TRUE
cpDNA	H135	H133	24	TRUE
cpDNA	H141	H137	24	TRUE
cpDNA	H144	H141	24	TRUE
cpDNA	H148	H146	24	TRUE
cpDNA	H139	H005	25	TRUE
cpDNA	H111	H011	25	TRUE
cpDNA	H112	H011	25	TRUE
cpDNA	H118	H011	25	TRUE
cpDNA	H119	H011	25	TRUE
cpDNA	H017	H016	25	TRUE
cpDNA	H020	H019	25	TRUE
cpDNA	H033	H032	25	TRUE
cpDNA	H058	H047	25	TRUE
cpDNA	H060	H047	25	TRUE
cpDNA	H058	H048	25	TRUE
cpDNA	H060	H048	25	TRUE
cpDNA	H103	H098	25	TRUE
cpDNA	H136	H110	25	TRUE
cpDNA	H143	H110	25	TRUE
cpDNA	H137	H111	25	TRUE
cpDNA	H144	H111	25	TRUE
cpDNA	H137	H112	25	TRUE
cpDNA	H144	H112	25	TRUE
cpDNA	H134	H113	25	TRUE
cpDNA	H142	H117	25	TRUE
cpDNA	H137	H118	25	TRUE
cpDNA	H144	H118	25	TRUE
cpDNA	H137	H119	25	TRUE
cpDNA	H144	H119	25	TRUE
cpDNA	H139	H121	25	TRUE
cpDNA	H141	H139	25	TRUE
cpDNA	H143	H141	25	TRUE
cpDNA	H032	H002	26	TRUE
cpDNA	H121	H005	26	TRUE
cpDNA	H110	H011	26	TRUE
cpDNA	H027	H025	26	TRUE
cpDNA	H121	H110	26	TRUE
cpDNA	H137	H110	26	TRUE
cpDNA	H144	H110	26	TRUE
cpDNA	H143	H111	26	TRUE
cpDNA	H143	H112	26	TRUE
cpDNA	H136	H113	26	TRUE
cpDNA	H143	H113	26	TRUE
cpDNA	H134	H114	26	TRUE
cpDNA	H139	H117	26	TRUE
cpDNA	H143	H119	26	TRUE
cpDNA	H135	H120	26	TRUE
cpDNA	H141	H135	26	TRUE
cpDNA	H005	H001	27	TRUE
cpDNA	H117	H005	27	TRUE
cpDNA	H080	H009	27	TRUE
cpDNA	H113	H011	27	TRUE
cpDNA	H054	H019	27	TRUE
cpDNA	H028	H025	27	TRUE
cpDNA	H032	H030	27	TRUE
cpDNA	H061	H049	27	TRUE
cpDNA	H105	H104	27	TRUE
cpDNA	H117	H110	27	TRUE
cpDNA	H121	H111	27	TRUE
cpDNA	H135	H111	27	TRUE
cpDNA	H121	H112	27	TRUE
cpDNA	H135	H112	27	TRUE
cpDNA	H121	H113	27	TRUE
cpDNA	H137	H113	27	TRUE
cpDNA	H144	H113	27	TRUE
cpDNA	H136	H114	27	TRUE
cpDNA	H143	H114	27	TRUE
cpDNA	H135	H118	27	TRUE
cpDNA	H135	H119	27	TRUE
cpDNA	H125	H122	27	TRUE
cpDNA	H133	H005	28	TRUE
cpDNA	H078	H009	28	TRUE
cpDNA	H080	H010	28	TRUE
cpDNA	H114	H011	28	TRUE
cpDNA	H061	H047	28	TRUE
cpDNA	H061	H048	28	TRUE
cpDNA	H135	H110	28	TRUE
cpDNA	H117	H111	28	TRUE
cpDNA	H117	H112	28	TRUE
cpDNA	H117	H113	28	TRUE
cpDNA	H121	H114	28	TRUE
cpDNA	H137	H114	28	TRUE
cpDNA	H144	H114	28	TRUE
cpDNA	H142	H120	28	TRUE
cpDNA	H133	H121	28	TRUE
cpDNA	H127	H122	28	TRUE
cpDNA	H141	H133	28	TRUE
cpDNA	H140	H134	28	TRUE
cpDNA	H078	H010	29	TRUE
cpDNA	H025	H023	29	TRUE
cpDNA	H104	H099	29	TRUE
cpDNA	H104	H102	29	TRUE
cpDNA	H142	H111	29	TRUE
cpDNA	H142	H112	29	TRUE
cpDNA	H135	H113	29	TRUE
cpDNA	H117	H114	29	TRUE
cpDNA	H133	H117	29	TRUE
cpDNA	H142	H118	29	TRUE
cpDNA	H142	H119	29	TRUE
cpDNA	H139	H120	29	TRUE
cpDNA	H140	H136	29	TRUE
cpDNA	H138	H001	30	TRUE
cpDNA	H045	H003	30	TRUE
cpDNA	H120	H005	30	TRUE
cpDNA	H141	H005	30	TRUE
cpDNA	H140	H011	30	TRUE
cpDNA	H022	H019	30	TRUE
cpDNA	H090	H045	30	TRUE
cpDNA	H149	H045	30	TRUE
cpDNA	H080	H076	30	TRUE
cpDNA	H104	H101	30	TRUE
cpDNA	H103	H102	30	TRUE
cpDNA	H105	H103	30	TRUE
cpDNA	H120	H110	30	TRUE
cpDNA	H142	H110	30	TRUE
cpDNA	H139	H111	30	TRUE
cpDNA	H139	H112	30	TRUE
cpDNA	H135	H114	30	TRUE
cpDNA	H139	H118	30	TRUE
cpDNA	H139	H119	30	TRUE
cpDNA	H140	H121	30	TRUE
cpDNA	H141	H121	30	TRUE
cpDNA	H140	H137	30	TRUE
cpDNA	H144	H140	30	TRUE
cpDNA	H134	H001	31	TRUE
cpDNA	H111	H005	31	TRUE
cpDNA	H112	H005	31	TRUE
cpDNA	H118	H005	31	TRUE
cpDNA	H119	H005	31	TRUE
cpDNA	H043	H006	31	TRUE
cpDNA	H077	H009	31	TRUE
cpDNA	H025	H024	31	TRUE
cpDNA	H078	H076	31	TRUE
cpDNA	H103	H101	31	TRUE
cpDNA	H118	H110	31	TRUE
cpDNA	H139	H110	31	TRUE
cpDNA	H120	H111	31	TRUE
cpDNA	H120	H112	31	TRUE
cpDNA	H120	H113	31	TRUE
cpDNA	H142	H113	31	TRUE
cpDNA	H140	H117	31	TRUE
cpDNA	H141	H117	31	TRUE
cpDNA	H143	H140	31	TRUE
cpDNA	H136	H001	32	TRUE
cpDNA	H043	H003	32	TRUE
cpDNA	H110	H005	32	TRUE
cpDNA	H008	H006	32	TRUE
cpDNA	H040	H006	32	TRUE
cpDNA	H077	H010	32	TRUE
cpDNA	H090	H043	32	TRUE
cpDNA	H149	H043	32	TRUE
cpDNA	H103	H099	32	TRUE
cpDNA	H104	H100	32	TRUE
cpDNA	H118	H111	32	TRUE
cpDNA	H119	H111	32	TRUE
cpDNA	H118	H112	32	TRUE
cpDNA	H119	H112	32	TRUE
cpDNA	H118	H113	32	TRUE
cpDNA	H139	H113	32	TRUE
cpDNA	H120	H114	32	TRUE
cpDNA	H142	H114	32	TRUE
cpDNA	H133	H120	32	TRUE
cpDNA	H140	H135	32	TRUE
cpDNA	H011	H001	33	TRUE
cpDNA	H137	H001	33	TRUE
cpDNA	H144	H001	33	TRUE
cpDNA	H008	H003	33	TRUE
cpDNA	H040	H003	33	TRUE
cpDNA	H045	H004	33	TRUE
cpDNA	H113	H005	33	TRUE
cpDNA	H042	H006	33	TRUE
cpDNA	H093	H006	33	TRUE
cpDNA	H097	H006	33	TRUE
cpDNA	H090	H008	33	TRUE
cpDNA	H149	H008	33	TRUE
cpDNA	H090	H040	33	TRUE
cpDNA	H149	H040	33	TRUE
cpDNA	H046	H045	33	TRUE
cpDNA	H091	H045	33	TRUE
cpDNA	H150	H045	33	TRUE
cpDNA	H079	H076	33	TRUE
cpDNA	H119	H110	33	TRUE
cpDNA	H133	H111	33	TRUE
cpDNA	H133	H112	33	TRUE
cpDNA	H118	H114	33	TRUE
cpDNA	H139	H114	33	TRUE
cpDNA	H133	H118	33	TRUE
cpDNA	H133	H119	33	TRUE
cpDNA	H141	H119	33	TRUE
cpDNA	H143	H001	34	TRUE
cpDNA	H042	H003	34	TRUE
cpDNA	H093	H003	34	TRUE
cpDNA	H097	H003	34	TRUE
cpDNA	H114	H005	34	TRUE
cpDNA	H039	H006	34	TRUE
cpDNA	H041	H006	34	TRUE
cpDNA	H094	H006	34	TRUE
cpDNA	H096	H006	34	TRUE
cpDNA	H090	H042	34	TRUE
cpDNA	H149	H042	34	TRUE
cpDNA	H045	H044	34	TRUE
cpDNA	H145	H045	34	TRUE
cpDNA	H151	H045	34	TRUE
cpDNA	H093	H090	34	TRUE
cpDNA	H097	H090	34	TRUE
cpDNA	H149	H093	34	TRUE
cpDNA	H149	H097	34	TRUE
cpDNA	H133	H110	34	TRUE
cpDNA	H119	H113	34	TRUE
cpDNA	H140	H120	34	TRUE
cpDNA	H141	H120	34	TRUE
cpDNA	H142	H140	34	TRUE
cpDNA	H121	H001	35	TRUE
cpDNA	H135	H001	35	TRUE
cpDNA	H039	H003	35	TRUE
cpDNA	H041	H003	35	TRUE
cpDNA	H094	H003	35	TRUE
cpDNA	H096	H003	35	TRUE
cpDNA	H043	H004	35	TRUE
cpDNA	H115	H006	35	TRUE
cpDNA	H035	H029	35	TRUE
cpDNA	H090	H039	35	TRUE
cpDNA	H149	H039	35	TRUE
cpDNA	H090	H041	35	TRUE
cpDNA	H149	H041	35	TRUE
cpDNA	H046	H043	35	TRUE
cpDNA	H091	H043	35	TRUE
cpDNA	H150	H043	35	TRUE
cpDNA	H089	H045	35	TRUE
cpDNA	H146	H045	35	TRUE
cpDNA	H094	H090	35	TRUE
cpDNA	H096	H090	35	TRUE
cpDNA	H149	H094	35	TRUE
cpDNA	H149	H096	35	TRUE
cpDNA	H103	H100	35	TRUE
cpDNA	H140	H111	35	TRUE
cpDNA	H141	H111	35	TRUE
cpDNA	H141	H112	35	TRUE
cpDNA	H133	H113	35	TRUE
cpDNA	H119	H114	35	TRUE
cpDNA	H140	H118	35	TRUE
cpDNA	H141	H118	35	TRUE
cpDNA	H140	H119	35	TRUE
cpDNA	H140	H139	35	TRUE
cpDNA	H117	H001	36	TRUE
cpDNA	H115	H003	36	TRUE
cpDNA	H008	H004	36	TRUE
cpDNA	H040	H004	36	TRUE
cpDNA	H140	H005	36	TRUE
cpDNA	H092	H006	36	TRUE
cpDNA	H095	H006	36	TRUE
cpDNA	H046	H008	36	TRUE
cpDNA	H091	H008	36	TRUE
cpDNA	H150	H008	36	TRUE
cpDNA	H046	H040	36	TRUE
cpDNA	H091	H040	36	TRUE
cpDNA	H150	H040	36	TRUE
cpDNA	H044	H043	36	TRUE
cpDNA	H145	H043	36	TRUE
cpDNA	H151	H043	36	TRUE
cpDNA	H069	H047	36	TRUE
cpDNA	H109	H047	36	TRUE
cpDNA	H069	H048	36	TRUE
cpDNA	H109	H048	36	TRUE
cpDNA	H068	H049	36	TRUE
cpDNA	H115	H090	36	TRUE
cpDNA	H140	H110	36	TRUE
cpDNA	H141	H110	36	TRUE
cpDNA	H133	H114	36	TRUE
cpDNA	H149	H115	36	TRUE
cpDNA	H142	H001	37	TRUE
cpDNA	H092	H003	37	TRUE
cpDNA	H095	H003	37	TRUE
cpDNA	H042	H004	37	TRUE
cpDNA	H093	H004	37	TRUE
cpDNA	H097	H004	37	TRUE
cpDNA	H044	H008	37	TRUE
cpDNA	H145	H008	37	TRUE
cpDNA	H151	H008	37	TRUE
cpDNA	H025	H013	37	TRUE
cpDNA	H033	H029	37	TRUE
cpDNA	H034	H031	37	TRUE
cpDNA	H035	H031	37	TRUE
cpDNA	H044	H040	37	TRUE
cpDNA	H145	H040	37	TRUE
cpDNA	H151	H040	37	TRUE
cpDNA	H046	H042	37	TRUE
cpDNA	H091	H042	37	TRUE
cpDNA	H150	H042	37	TRUE
cpDNA	H089	H043	37	TRUE
cpDNA	H146	H043	37	TRUE
cpDNA	H148	H045	37	TRUE
cpDNA	H093	H046	37	TRUE
cpDNA	H097	H046	37	TRUE
cpDNA	H066	H047	37	TRUE
cpDNA	H068	H047	37	TRUE
cpDNA	H108	H047	37	TRUE
cpDNA	H068	H048	37	TRUE
cpDNA	H069	H049	37	TRUE
cpDNA	H070	H049	37	TRUE
cpDNA	H106	H049	37	TRUE
cpDNA	H109	H049	37	TRUE
cpDNA	H092	H090	37	TRUE
cpDNA	H095	H090	37	TRUE
cpDNA	H093	H091	37	TRUE
cpDNA	H097	H091	37	TRUE
cpDNA	H149	H092	37	TRUE
cpDNA	H150	H093	37	TRUE
cpDNA	H149	H095	37	TRUE
cpDNA	H150	H097	37	TRUE
cpDNA	H140	H112	37	TRUE
cpDNA	H140	H113	37	TRUE
cpDNA	H141	H113	37	TRUE
cpDNA	H139	H001	38	TRUE
cpDNA	H029	H002	38	TRUE
cpDNA	H039	H004	38	TRUE
cpDNA	H041	H004	38	TRUE
cpDNA	H094	H004	38	TRUE
cpDNA	H096	H004	38	TRUE
cpDNA	H089	H008	38	TRUE
cpDNA	H146	H008	38	TRUE
cpDNA	H079	H009	38	TRUE
cpDNA	H025	H014	38	TRUE
cpDNA	H032	H029	38	TRUE
cpDNA	H046	H039	38	TRUE
cpDNA	H091	H039	38	TRUE
cpDNA	H150	H039	38	TRUE
cpDNA	H089	H040	38	TRUE
cpDNA	H146	H040	38	TRUE
cpDNA	H046	H041	38	TRUE
cpDNA	H091	H041	38	TRUE
cpDNA	H150	H041	38	TRUE
cpDNA	H044	H042	38	TRUE
cpDNA	H145	H042	38	TRUE
cpDNA	H151	H042	38	TRUE
cpDNA	H093	H044	38	TRUE
cpDNA	H097	H044	38	TRUE
cpDNA	H147	H045	38	TRUE
cpDNA	H094	H046	38	TRUE
cpDNA	H096	H046	38	TRUE
cpDNA	H070	H047	38	TRUE
cpDNA	H106	H047	38	TRUE
cpDNA	H070	H048	38	TRUE
cpDNA	H106	H048	38	TRUE
cpDNA	H066	H049	38	TRUE
cpDNA	H108	H049	38	TRUE
cpDNA	H094	H091	38	TRUE
cpDNA	H096	H091	38	TRUE
cpDNA	H145	H093	38	TRUE
cpDNA	H151	H093	38	TRUE
cpDNA	H150	H094	38	TRUE
cpDNA	H150	H096	38	TRUE
cpDNA	H145	H097	38	TRUE
cpDNA	H151	H097	38	TRUE
cpDNA	H140	H114	38	TRUE
cpDNA	H141	H114	38	TRUE
cpDNA	H140	H133	38	TRUE
cpDNA	H141	H140	38	TRUE
cpDNA	H120	H001	39	TRUE
cpDNA	H115	H004	39	TRUE
cpDNA	H079	H010	39	TRUE
cpDNA	H030	H029	39	TRUE
cpDNA	H044	H039	39	TRUE
cpDNA	H145	H039	39	TRUE
cpDNA	H151	H039	39	TRUE
cpDNA	H044	H041	39	TRUE
cpDNA	H145	H041	39	TRUE
cpDNA	H151	H041	39	TRUE
cpDNA	H089	H042	39	TRUE
cpDNA	H146	H042	39	TRUE
cpDNA	H094	H044	39	TRUE
cpDNA	H096	H044	39	TRUE
cpDNA	H115	H046	39	TRUE
cpDNA	H055	H049	39	TRUE
cpDNA	H107	H049	39	TRUE
cpDNA	H068	H059	39	TRUE
cpDNA	H093	H089	39	TRUE
cpDNA	H097	H089	39	TRUE
cpDNA	H115	H091	39	TRUE
cpDNA	H146	H093	39	TRUE
cpDNA	H145	H094	39	TRUE
cpDNA	H151	H094	39	TRUE
cpDNA	H145	H096	39	TRUE
cpDNA	H151	H096	39	TRUE
cpDNA	H146	H097	39	TRUE
cpDNA	H150	H115	39	TRUE
cpDNA	H118	H001	40	TRUE
cpDNA	H119	H001	40	TRUE
cpDNA	H092	H004	40	TRUE
cpDNA	H095	H004	40	TRUE
cpDNA	H026	H016	40	TRUE
cpDNA	H027	H016	40	TRUE
cpDNA	H089	H039	40	TRUE
cpDNA	H146	H039	40	TRUE
cpDNA	H089	H041	40	TRUE
cpDNA	H146	H041	40	TRUE
cpDNA	H147	H043	40	TRUE
cpDNA	H115	H044	40	TRUE
cpDNA	H092	H046	40	TRUE
cpDNA	H095	H046	40	TRUE
cpDNA	H055	H047	40	TRUE
cpDNA	H107	H047	40	TRUE
cpDNA	H055	H048	40	TRUE
cpDNA	H067	H048	40	TRUE
cpDNA	H107	H048	40	TRUE
cpDNA	H056	H049	40	TRUE
cpDNA	H068	H058	40	TRUE
cpDNA	H069	H059	40	TRUE
cpDNA	H070	H059	40	TRUE
cpDNA	H106	H059	40	TRUE
cpDNA	H068	H060	40	TRUE
cpDNA	H094	H089	40	TRUE
cpDNA	H096	H089	40	TRUE
cpDNA	H092	H091	40	TRUE
cpDNA	H095	H091	40	TRUE
cpDNA	H150	H092	40	TRUE
cpDNA	H146	H094	40	TRUE
cpDNA	H150	H095	40	TRUE
cpDNA	H146	H096	40	TRUE
cpDNA	H145	H115	40	TRUE
cpDNA	H151	H115	40	TRUE
cpDNA	H133	H001	41	TRUE
cpDNA	H147	H008	41	TRUE
cpDNA	H025	H015	41	TRUE
cpDNA	H028	H016	41	TRUE
cpDNA	H034	H029	41	TRUE
cpDNA	H033	H031	41	TRUE
cpDNA	H147	H040	41	TRUE
cpDNA	H148	H043	41	TRUE
cpDNA	H092	H044	41	TRUE
cpDNA	H095	H044	41	TRUE
cpDNA	H056	H047	41	TRUE
cpDNA	H056	H048	41	TRUE
cpDNA	H067	H049	41	TRUE
cpDNA	H069	H058	41	TRUE
cpDNA	H070	H058	41	TRUE
cpDNA	H106	H058	41	TRUE
cpDNA	H069	H060	41	TRUE
cpDNA	H070	H060	41	TRUE
cpDNA	H106	H060	41	TRUE
cpDNA	H106	H068	41	TRUE
cpDNA	H115	H089	41	TRUE
cpDNA	H145	H092	41	TRUE
cpDNA	H151	H092	41	TRUE
cpDNA	H145	H095	41	TRUE
cpDNA	H151	H095	41	TRUE
cpDNA	H146	H115	41	TRUE
cpDNA	H031	H002	42	TRUE
cpDNA	H148	H008	42	TRUE
cpDNA	H025	H018	42	TRUE
cpDNA	H050	H019	42	TRUE
cpDNA	H148	H039	42	TRUE
cpDNA	H148	H040	42	TRUE
cpDNA	H148	H041	42	TRUE
cpDNA	H147	H042	42	TRUE
cpDNA	H067	H047	42	TRUE
cpDNA	H059	H055	42	TRUE
cpDNA	H107	H059	42	TRUE
cpDNA	H109	H059	42	TRUE
cpDNA	H107	H061	42	TRUE
cpDNA	H108	H066	42	TRUE
cpDNA	H106	H069	42	TRUE
cpDNA	H109	H069	42	TRUE
cpDNA	H106	H070	42	TRUE
cpDNA	H092	H089	42	TRUE
cpDNA	H095	H089	42	TRUE
cpDNA	H146	H092	42	TRUE
cpDNA	H147	H093	42	TRUE
cpDNA	H146	H095	42	TRUE
cpDNA	H147	H097	42	TRUE
cpDNA	H141	H001	43	TRUE
cpDNA	H023	H016	43	TRUE
cpDNA	H025	H017	43	TRUE
cpDNA	H051	H019	43	TRUE
cpDNA	H031	H030	43	TRUE
cpDNA	H147	H039	43	TRUE
cpDNA	H147	H041	43	TRUE
cpDNA	H148	H042	43	TRUE
cpDNA	H058	H055	43	TRUE
cpDNA	H060	H055	43	TRUE
cpDNA	H059	H056	43	TRUE
cpDNA	H107	H058	43	TRUE
cpDNA	H109	H058	43	TRUE
cpDNA	H066	H059	43	TRUE
cpDNA	H108	H059	43	TRUE
cpDNA	H107	H060	43	TRUE
cpDNA	H109	H060	43	TRUE
cpDNA	H068	H061	43	TRUE
cpDNA	H109	H066	43	TRUE
cpDNA	H107	H068	43	TRUE
cpDNA	H109	H068	43	TRUE
cpDNA	H108	H069	43	TRUE
cpDNA	H148	H093	43	TRUE
cpDNA	H147	H094	43	TRUE
cpDNA	H147	H096	43	TRUE
cpDNA	H148	H097	43	TRUE
cpDNA	H052	H019	44	TRUE
cpDNA	H053	H021	44	TRUE
cpDNA	H106	H055	44	TRUE
cpDNA	H058	H056	44	TRUE
cpDNA	H060	H056	44	TRUE
cpDNA	H066	H058	44	TRUE
cpDNA	H108	H058	44	TRUE
cpDNA	H067	H059	44	TRUE
cpDNA	H066	H060	44	TRUE
cpDNA	H108	H060	44	TRUE
cpDNA	H069	H061	44	TRUE
cpDNA	H070	H061	44	TRUE
cpDNA	H106	H061	44	TRUE
cpDNA	H108	H068	44	TRUE
cpDNA	H107	H069	44	TRUE
cpDNA	H107	H070	44	TRUE
cpDNA	H109	H070	44	TRUE
cpDNA	H148	H094	44	TRUE
cpDNA	H148	H096	44	TRUE
cpDNA	H147	H115	44	TRUE
cpDNA	H140	H001	45	TRUE
cpDNA	H024	H016	45	TRUE
cpDNA	H054	H021	45	TRUE
cpDNA	H106	H056	45	TRUE
cpDNA	H067	H058	45	TRUE
cpDNA	H067	H060	45	TRUE
cpDNA	H106	H066	45	TRUE
cpDNA	H108	H070	45	TRUE
cpDNA	H147	H092	45	TRUE
cpDNA	H147	H095	45	TRUE
cpDNA	H148	H115	45	TRUE
cpDNA	H061	H055	46	TRUE
cpDNA	H107	H055	46	TRUE
cpDNA	H109	H055	46	TRUE
cpDNA	H109	H061	46	TRUE
cpDNA	H106	H067	46	TRUE
cpDNA	H148	H092	46	TRUE
cpDNA	H148	H095	46	TRUE
cpDNA	H053	H020	47	TRUE
cpDNA	H108	H055	47	TRUE
cpDNA	H061	H056	47	TRUE
cpDNA	H107	H056	47	TRUE
cpDNA	H109	H056	47	TRUE
cpDNA	H066	H061	47	TRUE
cpDNA	H108	H061	47	TRUE
cpDNA	H107	H066	47	TRUE
cpDNA	H108	H067	47	TRUE
cpDNA	H054	H020	48	TRUE
cpDNA	H053	H022	48	TRUE
cpDNA	H108	H056	48	TRUE
cpDNA	H067	H061	48	TRUE
cpDNA	H107	H067	48	TRUE
cpDNA	H109	H067	48	TRUE
cpDNA	H054	H022	49	TRUE
cpDNA	H132	H037	49	TRUE
cpDNA	H132	H038	50	TRUE
cpDNA	H076	H049	51	TRUE
cpDNA	H076	H047	52	TRUE
cpDNA	H026	H014	54	TRUE
cpDNA	H027	H014	54	TRUE
cpDNA	H076	H059	54	TRUE
cpDNA	H106	H076	54	TRUE
cpDNA	H048	H009	55	TRUE
cpDNA	H067	H009	55	TRUE
cpDNA	H026	H013	55	TRUE
cpDNA	H027	H013	55	TRUE
cpDNA	H028	H014	55	TRUE
cpDNA	H082	H036	55	TRUE
cpDNA	H131	H036	55	TRUE
cpDNA	H076	H058	55	TRUE
cpDNA	H076	H060	55	TRUE
cpDNA	H076	H068	55	TRUE
cpDNA	H108	H076	55	TRUE
cpDNA	H049	H009	56	TRUE
cpDNA	H048	H010	56	TRUE
cpDNA	H067	H010	56	TRUE
cpDNA	H028	H013	56	TRUE
cpDNA	H076	H069	56	TRUE
cpDNA	H076	H070	56	TRUE
cpDNA	H107	H076	56	TRUE
cpDNA	H109	H076	56	TRUE
cpDNA	H047	H009	57	TRUE
cpDNA	H049	H010	57	TRUE
cpDNA	H023	H014	57	TRUE
cpDNA	H079	H048	57	TRUE
cpDNA	H076	H066	57	TRUE
cpDNA	H047	H010	58	TRUE
cpDNA	H023	H013	58	TRUE
cpDNA	H082	H037	58	TRUE
cpDNA	H131	H037	58	TRUE
cpDNA	H077	H048	58	TRUE
cpDNA	H076	H055	58	TRUE
cpDNA	H076	H061	58	TRUE
cpDNA	H076	H067	58	TRUE
cpDNA	H059	H009	59	TRUE
cpDNA	H106	H009	59	TRUE
cpDNA	H024	H014	59	TRUE
cpDNA	H026	H015	59	TRUE
cpDNA	H027	H015	59	TRUE
cpDNA	H082	H038	59	TRUE
cpDNA	H131	H038	59	TRUE
cpDNA	H079	H047	59	TRUE
cpDNA	H077	H049	59	TRUE
cpDNA	H076	H056	59	TRUE
cpDNA	H058	H009	60	TRUE
cpDNA	H060	H009	60	TRUE
cpDNA	H068	H009	60	TRUE
cpDNA	H108	H009	60	TRUE
cpDNA	H059	H010	60	TRUE
cpDNA	H106	H010	60	TRUE
cpDNA	H036	H012	60	TRUE
cpDNA	H024	H013	60	TRUE
cpDNA	H028	H015	60	TRUE
cpDNA	H026	H018	60	TRUE
cpDNA	H027	H018	60	TRUE
cpDNA	H077	H047	60	TRUE
cpDNA	H079	H049	60	TRUE
cpDNA	H069	H009	61	TRUE
cpDNA	H070	H009	61	TRUE
cpDNA	H107	H009	61	TRUE
cpDNA	H109	H009	61	TRUE
cpDNA	H058	H010	61	TRUE
cpDNA	H060	H010	61	TRUE
cpDNA	H068	H010	61	TRUE
cpDNA	H108	H010	61	TRUE
cpDNA	H026	H017	61	TRUE
cpDNA	H027	H017	61	TRUE
cpDNA	H028	H018	61	TRUE
cpDNA	H081	H036	61	TRUE
cpDNA	H056	H009	62	TRUE
cpDNA	H066	H009	62	TRUE
cpDNA	H069	H010	62	TRUE
cpDNA	H070	H010	62	TRUE
cpDNA	H107	H010	62	TRUE
cpDNA	H109	H010	62	TRUE
cpDNA	H023	H015	62	TRUE
cpDNA	H028	H017	62	TRUE
cpDNA	H050	H021	62	TRUE
cpDNA	H130	H036	62	TRUE
cpDNA	H080	H048	62	TRUE
cpDNA	H077	H059	62	TRUE
cpDNA	H079	H066	62	TRUE
cpDNA	H080	H067	62	TRUE
cpDNA	H106	H077	62	TRUE
cpDNA	H108	H079	62	TRUE
cpDNA	H055	H009	63	TRUE
cpDNA	H061	H009	63	TRUE
cpDNA	H056	H010	63	TRUE
cpDNA	H066	H010	63	TRUE
cpDNA	H037	H012	63	TRUE
cpDNA	H023	H018	63	TRUE
cpDNA	H051	H021	63	TRUE
cpDNA	H078	H048	63	TRUE
cpDNA	H080	H049	63	TRUE
cpDNA	H077	H058	63	TRUE
cpDNA	H077	H060	63	TRUE
cpDNA	H078	H067	63	TRUE
cpDNA	H077	H068	63	TRUE
cpDNA	H108	H077	63	TRUE
cpDNA	H109	H079	63	TRUE
cpDNA	H055	H010	64	TRUE
cpDNA	H061	H010	64	TRUE
cpDNA	H038	H012	64	TRUE
cpDNA	H024	H015	64	TRUE
cpDNA	H023	H017	64	TRUE
cpDNA	H052	H021	64	TRUE
cpDNA	H081	H037	64	TRUE
cpDNA	H080	H047	64	TRUE
cpDNA	H078	H049	64	TRUE
cpDNA	H077	H069	64	TRUE
cpDNA	H077	H070	64	TRUE
cpDNA	H107	H077	64	TRUE
cpDNA	H109	H077	64	TRUE
cpDNA	H024	H018	65	TRUE
cpDNA	H050	H020	65	TRUE
cpDNA	H052	H020	65	TRUE
cpDNA	H130	H037	65	TRUE
cpDNA	H081	H038	65	TRUE
cpDNA	H078	H047	65	TRUE
cpDNA	H079	H059	65	TRUE
cpDNA	H077	H066	65	TRUE
cpDNA	H079	H069	65	TRUE
cpDNA	H079	H070	65	TRUE
cpDNA	H106	H079	65	TRUE
cpDNA	H024	H017	66	TRUE
cpDNA	H051	H020	66	TRUE
cpDNA	H050	H022	66	TRUE
cpDNA	H130	H038	66	TRUE
cpDNA	H077	H055	66	TRUE
cpDNA	H079	H058	66	TRUE
cpDNA	H080	H059	66	TRUE
cpDNA	H079	H060	66	TRUE
cpDNA	H077	H061	66	TRUE
cpDNA	H077	H067	66	TRUE
cpDNA	H079	H068	66	TRUE
cpDNA	H098	H071	66	TRUE
cpDNA	H106	H080	66	TRUE
cpDNA	H051	H022	67	TRUE
cpDNA	H077	H056	67	TRUE
cpDNA	H080	H058	67	TRUE
cpDNA	H078	H059	67	TRUE
cpDNA	H080	H060	67	TRUE
cpDNA	H080	H068	67	TRUE
cpDNA	H098	H073	67	TRUE
cpDNA	H098	H074	67	TRUE
cpDNA	H106	H078	67	TRUE
cpDNA	H107	H079	67	TRUE
cpDNA	H108	H080	67	TRUE
cpDNA	H052	H022	68	TRUE
cpDNA	H078	H058	68	TRUE
cpDNA	H078	H060	68	TRUE
cpDNA	H078	H068	68	TRUE
cpDNA	H080	H069	68	TRUE
cpDNA	H080	H070	68	TRUE
cpDNA	H108	H078	68	TRUE
cpDNA	H107	H080	68	TRUE
cpDNA	H109	H080	68	TRUE
cpDNA	H079	H055	69	TRUE
cpDNA	H080	H056	69	TRUE
cpDNA	H079	H061	69	TRUE
cpDNA	H080	H066	69	TRUE
cpDNA	H079	H067	69	TRUE
cpDNA	H078	H069	69	TRUE
cpDNA	H078	H070	69	TRUE
cpDNA	H102	H072	69	TRUE
cpDNA	H105	H072	69	TRUE
cpDNA	H107	H078	69	TRUE
cpDNA	H109	H078	69	TRUE
cpDNA	H080	H055	70	TRUE
cpDNA	H078	H056	70	TRUE
cpDNA	H079	H056	70	TRUE
cpDNA	H080	H061	70	TRUE
cpDNA	H078	H066	70	TRUE
cpDNA	H101	H072	70	TRUE
cpDNA	H104	H072	70	TRUE
cpDNA	H078	H055	71	TRUE
cpDNA	H078	H061	71	TRUE
cpDNA	H102	H071	71	TRUE
cpDNA	H105	H071	71	TRUE
cpDNA	H099	H072	71	TRUE
cpDNA	H103	H072	71	TRUE
cpDNA	H101	H071	72	TRUE
cpDNA	H104	H071	72	TRUE
cpDNA	H102	H073	72	TRUE
cpDNA	H103	H073	72	TRUE
cpDNA	H105	H073	72	TRUE
cpDNA	H102	H074	72	TRUE
cpDNA	H105	H074	72	TRUE
cpDNA	H099	H071	73	TRUE
cpDNA	H103	H071	73	TRUE
cpDNA	H101	H073	73	TRUE
cpDNA	H104	H073	73	TRUE
cpDNA	H101	H074	73	TRUE
cpDNA	H104	H074	73	TRUE
cpDNA	H116	H084	73	TRUE
cpDNA	H129	H116	73	TRUE
cpDNA	H132	H045	74	TRUE
cpDNA	H100	H072	74	TRUE
cpDNA	H099	H073	74	TRUE
cpDNA	H099	H074	74	TRUE
cpDNA	H103	H074	74	TRUE
cpDNA	H126	H116	74	TRUE
cpDNA	H116	H036	75	TRUE
cpDNA	H116	H043	75	TRUE
cpDNA	H116	H085	75	TRUE
cpDNA	H116	H086	75	TRUE
cpDNA	H124	H116	75	TRUE
cpDNA	H116	H008	76	TRUE
cpDNA	H116	H039	76	TRUE
cpDNA	H116	H040	76	TRUE
cpDNA	H116	H041	76	TRUE
cpDNA	H100	H071	76	TRUE
cpDNA	H116	H088	76	TRUE
cpDNA	H116	H038	77	TRUE
cpDNA	H116	H042	77	TRUE
cpDNA	H100	H073	77	TRUE
cpDNA	H100	H074	77	TRUE
cpDNA	H116	H083	77	TRUE
cpDNA	H116	H093	77	TRUE
cpDNA	H116	H097	77	TRUE
cpDNA	H045	H036	78	TRUE
cpDNA	H116	H037	78	TRUE
cpDNA	H132	H043	78	TRUE
cpDNA	H116	H047	78	TRUE
cpDNA	H116	H087	78	TRUE
cpDNA	H116	H094	78	TRUE
cpDNA	H116	H096	78	TRUE
cpDNA	H123	H116	78	TRUE
cpDNA	H125	H116	78	TRUE
cpDNA	H132	H008	79	TRUE
cpDNA	H132	H039	79	TRUE
cpDNA	H132	H040	79	TRUE
cpDNA	H132	H041	79	TRUE
cpDNA	H116	H049	79	TRUE
cpDNA	H116	H079	79	TRUE
cpDNA	H116	H115	79	TRUE
cpDNA	H127	H116	79	TRUE
cpDNA	H116	H006	80	TRUE
cpDNA	H132	H042	80	TRUE
cpDNA	H116	H082	80	TRUE
cpDNA	H116	H092	80	TRUE
cpDNA	H132	H093	80	TRUE
cpDNA	H116	H095	80	TRUE
cpDNA	H132	H097	80	TRUE
cpDNA	H128	H116	80	TRUE
cpDNA	H131	H116	80	TRUE
cpDNA	H116	H003	81	TRUE
cpDNA	H045	H037	81	TRUE
cpDNA	H116	H090	81	TRUE
cpDNA	H132	H094	81	TRUE
cpDNA	H132	H096	81	TRUE
cpDNA	H134	H116	81	TRUE
cpDNA	H149	H116	81	TRUE
cpDNA	H116	H032	82	TRUE
cpDNA	H043	H036	82	TRUE
cpDNA	H045	H038	82	TRUE
cpDNA	H116	H061	82	TRUE
cpDNA	H116	H076	82	TRUE
cpDNA	H132	H115	82	TRUE
cpDNA	H136	H116	82	TRUE
cpDNA	H132	H006	83	TRUE
cpDNA	H036	H008	83	TRUE
cpDNA	H116	H011	83	TRUE
cpDNA	H039	H036	83	TRUE
cpDNA	H040	H036	83	TRUE
cpDNA	H041	H036	83	TRUE
cpDNA	H082	H045	83	TRUE
cpDNA	H131	H045	83	TRUE
cpDNA	H116	H058	83	TRUE
cpDNA	H116	H060	83	TRUE
cpDNA	H116	H066	83	TRUE
cpDNA	H132	H092	83	TRUE
cpDNA	H132	H095	83	TRUE
cpDNA	H116	H108	83	TRUE
cpDNA	H137	H116	83	TRUE
cpDNA	H141	H116	83	TRUE
cpDNA	H144	H116	83	TRUE
cpDNA	H132	H003	84	TRUE
cpDNA	H116	H004	84	TRUE
cpDNA	H042	H036	84	TRUE
cpDNA	H093	H036	84	TRUE
cpDNA	H097	H036	84	TRUE
cpDNA	H116	H046	84	TRUE
cpDNA	H116	H059	84	TRUE
cpDNA	H132	H090	84	TRUE
cpDNA	H116	H091	84	TRUE
cpDNA	H116	H107	84	TRUE
cpDNA	H116	H109	84	TRUE
cpDNA	H143	H116	84	TRUE
cpDNA	H150	H116	84	TRUE
cpDNA	H149	H132	84	TRUE
cpDNA	H116	H012	85	TRUE
cpDNA	H116	H034	85	TRUE
cpDNA	H116	H035	85	TRUE
cpDNA	H094	H036	85	TRUE
cpDNA	H096	H036	85	TRUE
cpDNA	H043	H037	85	TRUE
cpDNA	H116	H044	85	TRUE
cpDNA	H121	H116	85	TRUE
cpDNA	H135	H116	85	TRUE
cpDNA	H145	H116	85	TRUE
cpDNA	H151	H116	85	TRUE
cpDNA	H037	H008	86	TRUE
cpDNA	H116	H029	86	TRUE
cpDNA	H115	H036	86	TRUE
cpDNA	H039	H037	86	TRUE
cpDNA	H040	H037	86	TRUE
cpDNA	H041	H037	86	TRUE
cpDNA	H043	H038	86	TRUE
cpDNA	H116	H069	86	TRUE
cpDNA	H116	H070	86	TRUE
cpDNA	H116	H081	86	TRUE
cpDNA	H116	H089	86	TRUE
cpDNA	H116	H106	86	TRUE
cpDNA	H116	H111	86	TRUE
cpDNA	H116	H112	86	TRUE
cpDNA	H117	H116	86	TRUE
cpDNA	H146	H116	86	TRUE
cpDNA	H132	H004	87	TRUE
cpDNA	H036	H006	87	TRUE
cpDNA	H038	H008	87	TRUE
cpDNA	H116	H009	87	TRUE
cpDNA	H116	H030	87	TRUE
cpDNA	H092	H036	87	TRUE
cpDNA	H095	H036	87	TRUE
cpDNA	H042	H037	87	TRUE
cpDNA	H093	H037	87	TRUE
cpDNA	H097	H037	87	TRUE
cpDNA	H039	H038	87	TRUE
cpDNA	H040	H038	87	TRUE
cpDNA	H041	H038	87	TRUE
cpDNA	H082	H043	87	TRUE
cpDNA	H131	H043	87	TRUE
cpDNA	H132	H046	87	TRUE
cpDNA	H116	H068	87	TRUE
cpDNA	H132	H091	87	TRUE
cpDNA	H116	H110	87	TRUE
cpDNA	H130	H116	87	TRUE
cpDNA	H142	H116	87	TRUE
cpDNA	H150	H132	87	TRUE
cpDNA	H116	H002	88	TRUE
cpDNA	H036	H003	88	TRUE
cpDNA	H082	H008	88	TRUE
cpDNA	H131	H008	88	TRUE
cpDNA	H116	H010	88	TRUE
cpDNA	H045	H012	88	TRUE
cpDNA	H090	H036	88	TRUE
cpDNA	H149	H036	88	TRUE
cpDNA	H094	H037	88	TRUE
cpDNA	H096	H037	88	TRUE
cpDNA	H042	H038	88	TRUE
cpDNA	H093	H038	88	TRUE
cpDNA	H097	H038	88	TRUE
cpDNA	H082	H039	88	TRUE
cpDNA	H131	H039	88	TRUE
cpDNA	H082	H040	88	TRUE
cpDNA	H131	H040	88	TRUE
cpDNA	H082	H041	88	TRUE
cpDNA	H131	H041	88	TRUE
cpDNA	H132	H044	88	TRUE
cpDNA	H116	H113	88	TRUE
cpDNA	H119	H116	88	TRUE
cpDNA	H139	H116	88	TRUE
cpDNA	H148	H116	88	TRUE
cpDNA	H145	H132	88	TRUE
cpDNA	H151	H132	88	TRUE
cpDNA	H116	H005	89	TRUE
cpDNA	H116	H033	89	TRUE
cpDNA	H115	H037	89	TRUE
cpDNA	H094	H038	89	TRUE
cpDNA	H096	H038	89	TRUE
cpDNA	H082	H042	89	TRUE
cpDNA	H131	H042	89	TRUE
cpDNA	H081	H045	89	TRUE
cpDNA	H093	H082	89	TRUE
cpDNA	H097	H082	89	TRUE
cpDNA	H132	H089	89	TRUE
cpDNA	H131	H093	89	TRUE
cpDNA	H131	H097	89	TRUE
cpDNA	H116	H114	89	TRUE
cpDNA	H120	H116	89	TRUE
cpDNA	H147	H116	89	TRUE
cpDNA	H146	H132	89	TRUE
cpDNA	H037	H006	90	TRUE
cpDNA	H092	H037	90	TRUE
cpDNA	H095	H037	90	TRUE
cpDNA	H115	H038	90	TRUE
cpDNA	H130	H045	90	TRUE
cpDNA	H116	H055	90	TRUE
cpDNA	H116	H067	90	TRUE
cpDNA	H116	H077	90	TRUE
cpDNA	H094	H082	90	TRUE
cpDNA	H096	H082	90	TRUE
cpDNA	H131	H094	90	TRUE
cpDNA	H131	H096	90	TRUE
cpDNA	H118	H116	90	TRUE
cpDNA	H037	H003	91	TRUE
cpDNA	H036	H004	91	TRUE
cpDNA	H038	H006	91	TRUE
cpDNA	H046	H036	91	TRUE
cpDNA	H091	H036	91	TRUE
cpDNA	H150	H036	91	TRUE
cpDNA	H090	H037	91	TRUE
cpDNA	H149	H037	91	TRUE
cpDNA	H092	H038	91	TRUE
cpDNA	H095	H038	91	TRUE
cpDNA	H116	H056	91	TRUE
cpDNA	H115	H082	91	TRUE
cpDNA	H131	H115	91	TRUE
cpDNA	H133	H116	91	TRUE
cpDNA	H148	H132	91	TRUE
cpDNA	H038	H003	92	TRUE
cpDNA	H082	H006	92	TRUE
cpDNA	H131	H006	92	TRUE
cpDNA	H043	H012	92	TRUE
cpDNA	H044	H036	92	TRUE
cpDNA	H145	H036	92	TRUE
cpDNA	H151	H036	92	TRUE
cpDNA	H090	H038	92	TRUE
cpDNA	H149	H038	92	TRUE
cpDNA	H081	H039	92	TRUE
cpDNA	H092	H082	92	TRUE
cpDNA	H095	H082	92	TRUE
cpDNA	H131	H092	92	TRUE
cpDNA	H131	H095	92	TRUE
cpDNA	H147	H132	92	TRUE
cpDNA	H082	H003	93	TRUE
cpDNA	H131	H003	93	TRUE
cpDNA	H012	H008	93	TRUE
cpDNA	H039	H012	93	TRUE
cpDNA	H040	H012	93	TRUE
cpDNA	H041	H012	93	TRUE
cpDNA	H089	H036	93	TRUE
cpDNA	H146	H036	93	TRUE
cpDNA	H081	H043	93	TRUE
cpDNA	H090	H082	93	TRUE
cpDNA	H149	H082	93	TRUE
cpDNA	H131	H090	93	TRUE
cpDNA	H140	H116	93	TRUE
cpDNA	H149	H131	93	TRUE
cpDNA	H116	H001	94	TRUE
cpDNA	H037	H004	94	TRUE
cpDNA	H081	H008	94	TRUE
cpDNA	H042	H012	94	TRUE
cpDNA	H093	H012	94	TRUE
cpDNA	H097	H012	94	TRUE
cpDNA	H046	H037	94	TRUE
cpDNA	H091	H037	94	TRUE
cpDNA	H150	H037	94	TRUE
cpDNA	H081	H040	94	TRUE
cpDNA	H081	H041	94	TRUE
cpDNA	H130	H043	94	TRUE
cpDNA	H116	H080	94	TRUE
cpDNA	H094	H081	94	TRUE
cpDNA	H038	H004	95	TRUE
cpDNA	H130	H008	95	TRUE
cpDNA	H094	H012	95	TRUE
cpDNA	H096	H012	95	TRUE
cpDNA	H148	H036	95	TRUE
cpDNA	H044	H037	95	TRUE
cpDNA	H145	H037	95	TRUE
cpDNA	H151	H037	95	TRUE
cpDNA	H046	H038	95	TRUE
cpDNA	H091	H038	95	TRUE
cpDNA	H150	H038	95	TRUE
cpDNA	H130	H039	95	TRUE
cpDNA	H130	H040	95	TRUE
cpDNA	H130	H041	95	TRUE
cpDNA	H081	H042	95	TRUE
cpDNA	H116	H078	95	TRUE
cpDNA	H093	H081	95	TRUE
cpDNA	H097	H081	95	TRUE
cpDNA	H082	H004	96	TRUE
cpDNA	H131	H004	96	TRUE
cpDNA	H115	H012	96	TRUE
cpDNA	H147	H036	96	TRUE
cpDNA	H089	H037	96	TRUE
cpDNA	H146	H037	96	TRUE
cpDNA	H044	H038	96	TRUE
cpDNA	H145	H038	96	TRUE
cpDNA	H151	H038	96	TRUE
cpDNA	H130	H042	96	TRUE
cpDNA	H082	H046	96	TRUE
cpDNA	H131	H046	96	TRUE
cpDNA	H096	H081	96	TRUE
cpDNA	H091	H082	96	TRUE
cpDNA	H150	H082	96	TRUE
cpDNA	H131	H091	96	TRUE
cpDNA	H130	H093	96	TRUE
cpDNA	H130	H097	96	TRUE
cpDNA	H130	H115	96	TRUE
cpDNA	H150	H131	96	TRUE
cpDNA	H012	H006	97	TRUE
cpDNA	H092	H012	97	TRUE
cpDNA	H095	H012	97	TRUE
cpDNA	H089	H038	97	TRUE
cpDNA	H146	H038	97	TRUE
cpDNA	H082	H044	97	TRUE
cpDNA	H131	H044	97	TRUE
cpDNA	H115	H081	97	TRUE
cpDNA	H145	H082	97	TRUE
cpDNA	H151	H082	97	TRUE
cpDNA	H130	H094	97	TRUE
cpDNA	H130	H096	97	TRUE
cpDNA	H145	H131	97	TRUE
cpDNA	H151	H131	97	TRUE
cpDNA	H012	H003	98	TRUE
cpDNA	H081	H006	98	TRUE
cpDNA	H090	H012	98	TRUE
cpDNA	H149	H012	98	TRUE
cpDNA	H148	H037	98	TRUE
cpDNA	H092	H081	98	TRUE
cpDNA	H095	H081	98	TRUE
cpDNA	H089	H082	98	TRUE
cpDNA	H146	H082	98	TRUE
cpDNA	H131	H089	98	TRUE
cpDNA	H146	H131	98	TRUE
cpDNA	H081	H003	99	TRUE
cpDNA	H130	H006	99	TRUE
cpDNA	H147	H037	99	TRUE
cpDNA	H148	H038	99	TRUE
cpDNA	H090	H081	99	TRUE
cpDNA	H149	H081	99	TRUE
cpDNA	H130	H092	99	TRUE
cpDNA	H130	H095	99	TRUE
cpDNA	H130	H003	100	TRUE
cpDNA	H147	H038	100	TRUE
cpDNA	H148	H082	100	TRUE
cpDNA	H130	H090	100	TRUE
cpDNA	H149	H130	100	TRUE
cpDNA	H148	H131	100	TRUE
cpDNA	H012	H004	101	TRUE
cpDNA	H046	H012	101	TRUE
cpDNA	H091	H012	101	TRUE
cpDNA	H150	H012	101	TRUE
cpDNA	H147	H082	101	TRUE
cpDNA	H147	H131	101	TRUE
cpDNA	H081	H004	102	TRUE
cpDNA	H044	H012	102	TRUE
cpDNA	H145	H012	102	TRUE
cpDNA	H151	H012	102	TRUE
cpDNA	H081	H046	102	TRUE
cpDNA	H091	H081	102	TRUE
cpDNA	H150	H081	102	TRUE
cpDNA	H130	H004	103	TRUE
cpDNA	H089	H012	103	TRUE
cpDNA	H146	H012	103	TRUE
cpDNA	H081	H044	103	TRUE
cpDNA	H130	H046	103	TRUE
cpDNA	H145	H081	103	TRUE
cpDNA	H151	H081	103	TRUE
cpDNA	H130	H091	103	TRUE
cpDNA	H150	H130	103	TRUE
cpDNA	H130	H044	104	TRUE
cpDNA	H089	H081	104	TRUE
cpDNA	H146	H081	104	TRUE
cpDNA	H145	H130	104	TRUE
cpDNA	H151	H130	104	TRUE
cpDNA	H148	H012	105	TRUE
cpDNA	H130	H089	105	TRUE
cpDNA	H146	H130	105	TRUE
cpDNA	H147	H012	106	TRUE
cpDNA	H148	H081	106	TRUE
cpDNA	H147	H081	107	TRUE
cpDNA	H148	H130	107	TRUE
cpDNA	H147	H130	108	TRUE
cpDNA	H122	H031	109	TRUE
cpDNA	H122	H032	109	TRUE
cpDNA	H122	H034	112	TRUE
cpDNA	H122	H035	112	TRUE
cpDNA	H122	H029	113	TRUE
cpDNA	H122	H030	114	TRUE
cpDNA	H122	H002	115	TRUE
cpDNA	H122	H033	116	TRUE
cpDNA	H083	H030	118	TRUE
cpDNA	H083	H002	119	TRUE
cpDNA	H083	H029	119	TRUE
cpDNA	H084	H031	119	TRUE
cpDNA	H129	H031	119	TRUE
cpDNA	H084	H032	119	TRUE
cpDNA	H129	H032	119	TRUE
cpDNA	H087	H029	120	TRUE
cpDNA	H088	H029	120	TRUE
cpDNA	H123	H029	120	TRUE
cpDNA	H125	H029	120	TRUE
cpDNA	H126	H031	120	TRUE
cpDNA	H126	H032	120	TRUE
cpDNA	H083	H033	120	TRUE
cpDNA	H083	H035	120	TRUE
cpDNA	H086	H035	120	TRUE
cpDNA	H085	H029	121	TRUE
cpDNA	H086	H029	121	TRUE
cpDNA	H127	H029	121	TRUE
cpDNA	H087	H030	121	TRUE
cpDNA	H088	H030	121	TRUE
cpDNA	H123	H030	121	TRUE
cpDNA	H125	H030	121	TRUE
cpDNA	H085	H031	121	TRUE
cpDNA	H086	H031	121	TRUE
cpDNA	H124	H031	121	TRUE
cpDNA	H085	H032	121	TRUE
cpDNA	H086	H032	121	TRUE
cpDNA	H124	H032	121	TRUE
cpDNA	H087	H035	121	TRUE
cpDNA	H088	H035	121	TRUE
cpDNA	H123	H035	121	TRUE
cpDNA	H125	H035	121	TRUE
cpDNA	H087	H002	122	TRUE
cpDNA	H088	H002	122	TRUE
cpDNA	H123	H002	122	TRUE
cpDNA	H125	H002	122	TRUE
cpDNA	H128	H029	122	TRUE
cpDNA	H085	H030	122	TRUE
cpDNA	H086	H030	122	TRUE
cpDNA	H127	H030	122	TRUE
cpDNA	H088	H031	122	TRUE
cpDNA	H088	H032	122	TRUE
cpDNA	H084	H034	122	TRUE
cpDNA	H129	H034	122	TRUE
cpDNA	H084	H035	122	TRUE
cpDNA	H085	H035	122	TRUE
cpDNA	H127	H035	122	TRUE
cpDNA	H129	H035	122	TRUE
cpDNA	H085	H002	123	TRUE
cpDNA	H086	H002	123	TRUE
cpDNA	H127	H002	123	TRUE
cpDNA	H084	H029	123	TRUE
cpDNA	H129	H029	123	TRUE
cpDNA	H128	H030	123	TRUE
cpDNA	H083	H031	123	TRUE
cpDNA	H083	H032	123	TRUE
cpDNA	H087	H033	123	TRUE
cpDNA	H088	H033	123	TRUE
cpDNA	H123	H033	123	TRUE
cpDNA	H125	H033	123	TRUE
cpDNA	H126	H034	123	TRUE
cpDNA	H126	H035	123	TRUE
cpDNA	H128	H035	123	TRUE
cpDNA	H128	H002	124	TRUE
cpDNA	H126	H029	124	TRUE
cpDNA	H084	H030	124	TRUE
cpDNA	H129	H030	124	TRUE
cpDNA	H087	H031	124	TRUE
cpDNA	H123	H031	124	TRUE
cpDNA	H125	H031	124	TRUE
cpDNA	H087	H032	124	TRUE
cpDNA	H123	H032	124	TRUE
cpDNA	H125	H032	124	TRUE
cpDNA	H085	H033	124	TRUE
cpDNA	H086	H033	124	TRUE
cpDNA	H127	H033	124	TRUE
cpDNA	H083	H034	124	TRUE
cpDNA	H085	H034	124	TRUE
cpDNA	H086	H034	124	TRUE
cpDNA	H124	H034	124	TRUE
cpDNA	H124	H035	124	TRUE
cpDNA	H132	H122	124	TRUE
cpDNA	H084	H002	125	TRUE
cpDNA	H129	H002	125	TRUE
cpDNA	H124	H029	125	TRUE
cpDNA	H126	H030	125	TRUE
cpDNA	H127	H031	125	TRUE
cpDNA	H127	H032	125	TRUE
cpDNA	H128	H033	125	TRUE
cpDNA	H088	H034	125	TRUE
cpDNA	H126	H002	126	TRUE
cpDNA	H124	H030	126	TRUE
cpDNA	H128	H031	126	TRUE
cpDNA	H128	H032	126	TRUE
cpDNA	H084	H033	126	TRUE
cpDNA	H129	H033	126	TRUE
cpDNA	H122	H045	126	TRUE
cpDNA	H124	H002	127	TRUE
cpDNA	H126	H033	127	TRUE
cpDNA	H087	H034	127	TRUE
cpDNA	H123	H034	127	TRUE
cpDNA	H125	H034	127	TRUE
cpDNA	H122	H048	127	TRUE
cpDNA	H124	H033	128	TRUE
cpDNA	H127	H034	128	TRUE
cpDNA	H122	H036	128	TRUE
cpDNA	H128	H034	129	TRUE
cpDNA	H122	H047	129	TRUE
cpDNA	H122	H038	130	TRUE
cpDNA	H122	H043	130	TRUE
cpDNA	H122	H049	130	TRUE
cpDNA	H122	H079	130	TRUE
cpDNA	H122	H008	131	TRUE
cpDNA	H122	H037	131	TRUE
cpDNA	H122	H039	131	TRUE
cpDNA	H122	H040	131	TRUE
cpDNA	H122	H041	131	TRUE
cpDNA	H122	H042	132	TRUE
cpDNA	H122	H093	132	TRUE
cpDNA	H122	H097	132	TRUE
cpDNA	H122	H076	133	TRUE
cpDNA	H122	H082	133	TRUE
cpDNA	H122	H094	133	TRUE
cpDNA	H122	H096	133	TRUE
cpDNA	H131	H122	133	TRUE
cpDNA	H122	H058	134	TRUE
cpDNA	H122	H060	134	TRUE
cpDNA	H122	H066	134	TRUE
cpDNA	H122	H108	134	TRUE
cpDNA	H122	H115	134	TRUE
cpDNA	H122	H006	135	TRUE
cpDNA	H122	H059	135	TRUE
cpDNA	H122	H092	135	TRUE
cpDNA	H122	H095	135	TRUE
cpDNA	H122	H109	135	TRUE
cpDNA	H122	H003	136	TRUE
cpDNA	H122	H090	136	TRUE
cpDNA	H149	H122	136	TRUE
cpDNA	H122	H061	137	TRUE
cpDNA	H122	H069	137	TRUE
cpDNA	H122	H070	137	TRUE
cpDNA	H122	H106	137	TRUE
cpDNA	H138	H122	137	TRUE
cpDNA	H122	H009	138	TRUE
cpDNA	H122	H012	138	TRUE
cpDNA	H122	H068	138	TRUE
cpDNA	H132	H084	138	TRUE
cpDNA	H134	H122	138	TRUE
cpDNA	H132	H129	138	TRUE
cpDNA	H122	H004	139	TRUE
cpDNA	H122	H010	139	TRUE
cpDNA	H122	H046	139	TRUE
cpDNA	H122	H081	139	TRUE
cpDNA	H122	H091	139	TRUE
cpDNA	H122	H107	139	TRUE
cpDNA	H136	H122	139	TRUE
cpDNA	H150	H122	139	TRUE
cpDNA	H132	H126	139	TRUE
cpDNA	H122	H011	140	TRUE
cpDNA	H122	H044	140	TRUE
cpDNA	H084	H045	140	TRUE
cpDNA	H129	H045	140	TRUE
cpDNA	H132	H085	140	TRUE
cpDNA	H132	H086	140	TRUE
cpDNA	H130	H122	140	TRUE
cpDNA	H137	H122	140	TRUE
cpDNA	H141	H122	140	TRUE
cpDNA	H144	H122	140	TRUE
cpDNA	H145	H122	140	TRUE
cpDNA	H151	H122	140	TRUE
cpDNA	H132	H124	140	TRUE
cpDNA	H126	H045	141	TRUE
cpDNA	H084	H048	141	TRUE
cpDNA	H129	H048	141	TRUE
cpDNA	H122	H055	141	TRUE
cpDNA	H122	H067	141	TRUE
cpDNA	H122	H077	141	TRUE
cpDNA	H132	H088	141	TRUE
cpDNA	H122	H089	141	TRUE
cpDNA	H143	H122	141	TRUE
cpDNA	H146	H122	141	TRUE
cpDNA	H084	H036	142	TRUE
cpDNA	H129	H036	142	TRUE
cpDNA	H085	H045	142	TRUE
cpDNA	H086	H045	142	TRUE
cpDNA	H124	H045	142	TRUE
cpDNA	H126	H048	142	TRUE
cpDNA	H122	H056	142	TRUE
cpDNA	H132	H083	142	TRUE
cpDNA	H122	H121	142	TRUE
cpDNA	H135	H122	142	TRUE
cpDNA	H126	H036	143	TRUE
cpDNA	H088	H045	143	TRUE
cpDNA	H084	H047	143	TRUE
cpDNA	H129	H047	143	TRUE
cpDNA	H085	H048	143	TRUE
cpDNA	H086	H048	143	TRUE
cpDNA	H124	H048	143	TRUE
cpDNA	H132	H087	143	TRUE
cpDNA	H122	H111	143	TRUE
cpDNA	H122	H112	143	TRUE
cpDNA	H122	H117	143	TRUE
cpDNA	H148	H122	143	TRUE
cpDNA	H132	H123	143	TRUE
cpDNA	H132	H125	143	TRUE
cpDNA	H083	H036	144	TRUE
cpDNA	H085	H036	144	TRUE
cpDNA	H086	H036	144	TRUE
cpDNA	H124	H036	144	TRUE
cpDNA	H084	H038	144	TRUE
cpDNA	H129	H038	144	TRUE
cpDNA	H084	H043	144	TRUE
cpDNA	H129	H043	144	TRUE
cpDNA	H083	H045	144	TRUE
cpDNA	H126	H047	144	TRUE
cpDNA	H088	H048	144	TRUE
cpDNA	H084	H049	144	TRUE
cpDNA	H129	H049	144	TRUE
cpDNA	H084	H079	144	TRUE
cpDNA	H129	H079	144	TRUE
cpDNA	H122	H110	144	TRUE
cpDNA	H142	H122	144	TRUE
cpDNA	H147	H122	144	TRUE
cpDNA	H132	H127	144	TRUE
cpDNA	H084	H008	145	TRUE
cpDNA	H129	H008	145	TRUE
cpDNA	H087	H036	145	TRUE
cpDNA	H088	H036	145	TRUE
cpDNA	H084	H037	145	TRUE
cpDNA	H129	H037	145	TRUE
cpDNA	H126	H038	145	TRUE
cpDNA	H084	H039	145	TRUE
cpDNA	H124	H039	145	TRUE
cpDNA	H129	H039	145	TRUE
cpDNA	H084	H040	145	TRUE
cpDNA	H129	H040	145	TRUE
cpDNA	H084	H041	145	TRUE
cpDNA	H129	H041	145	TRUE
cpDNA	H126	H043	145	TRUE
cpDNA	H087	H045	145	TRUE
cpDNA	H123	H045	145	TRUE
cpDNA	H125	H045	145	TRUE
cpDNA	H085	H047	145	TRUE
cpDNA	H086	H047	145	TRUE
cpDNA	H124	H047	145	TRUE
cpDNA	H083	H048	145	TRUE
cpDNA	H132	H048	145	TRUE
cpDNA	H126	H049	145	TRUE
cpDNA	H084	H076	145	TRUE
cpDNA	H126	H079	145	TRUE
cpDNA	H122	H080	145	TRUE
cpDNA	H122	H113	145	TRUE
cpDNA	H122	H119	145	TRUE
cpDNA	H139	H122	145	TRUE
cpDNA	H132	H128	145	TRUE
cpDNA	H122	H005	146	TRUE
cpDNA	H126	H008	146	TRUE
cpDNA	H126	H037	146	TRUE
cpDNA	H083	H038	146	TRUE
cpDNA	H085	H038	146	TRUE
cpDNA	H086	H038	146	TRUE
cpDNA	H124	H038	146	TRUE
cpDNA	H126	H039	146	TRUE
cpDNA	H126	H040	146	TRUE
cpDNA	H126	H041	146	TRUE
cpDNA	H084	H042	146	TRUE
cpDNA	H129	H042	146	TRUE
cpDNA	H085	H043	146	TRUE
cpDNA	H086	H043	146	TRUE
cpDNA	H124	H043	146	TRUE
cpDNA	H127	H045	146	TRUE
cpDNA	H088	H047	146	TRUE
cpDNA	H087	H048	146	TRUE
cpDNA	H123	H048	146	TRUE
cpDNA	H125	H048	146	TRUE
cpDNA	H085	H049	146	TRUE
cpDNA	H086	H049	146	TRUE
cpDNA	H124	H049	146	TRUE
cpDNA	H126	H076	146	TRUE
cpDNA	H122	H078	146	TRUE
cpDNA	H085	H079	146	TRUE
cpDNA	H086	H079	146	TRUE
cpDNA	H124	H079	146	TRUE
cpDNA	H093	H084	146	TRUE
cpDNA	H097	H084	146	TRUE
cpDNA	H129	H093	146	TRUE
cpDNA	H129	H097	146	TRUE
cpDNA	H122	H114	146	TRUE
cpDNA	H122	H120	146	TRUE
cpDNA	H085	H008	147	TRUE
cpDNA	H086	H008	147	TRUE
cpDNA	H124	H008	147	TRUE
cpDNA	H083	H010	147	TRUE
cpDNA	H132	H031	147	TRUE
cpDNA	H132	H032	147	TRUE
cpDNA	H123	H036	147	TRUE
cpDNA	H125	H036	147	TRUE
cpDNA	H128	H036	147	TRUE
cpDNA	H083	H037	147	TRUE
cpDNA	H085	H037	147	TRUE
cpDNA	H086	H037	147	TRUE
cpDNA	H124	H037	147	TRUE
cpDNA	H087	H038	147	TRUE
cpDNA	H088	H038	147	TRUE
cpDNA	H085	H039	147	TRUE
cpDNA	H086	H039	147	TRUE
cpDNA	H085	H040	147	TRUE
cpDNA	H086	H040	147	TRUE
cpDNA	H124	H040	147	TRUE
cpDNA	H085	H041	147	TRUE
cpDNA	H086	H041	147	TRUE
cpDNA	H124	H041	147	TRUE
cpDNA	H126	H042	147	TRUE
cpDNA	H088	H043	147	TRUE
cpDNA	H048	H045	147	TRUE
cpDNA	H128	H045	147	TRUE
cpDNA	H083	H047	147	TRUE
cpDNA	H132	H047	147	TRUE
cpDNA	H127	H048	147	TRUE
cpDNA	H088	H049	147	TRUE
cpDNA	H085	H076	147	TRUE
cpDNA	H086	H076	147	TRUE
cpDNA	H124	H076	147	TRUE
cpDNA	H129	H076	147	TRUE
cpDNA	H088	H079	147	TRUE
cpDNA	H084	H082	147	TRUE
cpDNA	H129	H082	147	TRUE
cpDNA	H094	H084	147	TRUE
cpDNA	H096	H084	147	TRUE
cpDNA	H131	H084	147	TRUE
cpDNA	H126	H093	147	TRUE
cpDNA	H124	H094	147	TRUE
cpDNA	H129	H094	147	TRUE
cpDNA	H129	H096	147	TRUE
cpDNA	H126	H097	147	TRUE
cpDNA	H122	H118	147	TRUE
cpDNA	H131	H129	147	TRUE
cpDNA	H088	H008	148	TRUE
cpDNA	H083	H009	148	TRUE
cpDNA	H087	H010	148	TRUE
cpDNA	H088	H010	148	TRUE
cpDNA	H123	H010	148	TRUE
cpDNA	H125	H010	148	TRUE
cpDNA	H132	H034	148	TRUE
cpDNA	H127	H036	148	TRUE
cpDNA	H087	H037	148	TRUE
cpDNA	H088	H037	148	TRUE
cpDNA	H088	H039	148	TRUE
cpDNA	H125	H039	148	TRUE
cpDNA	H088	H040	148	TRUE
cpDNA	H088	H041	148	TRUE
cpDNA	H085	H042	148	TRUE
cpDNA	H086	H042	148	TRUE
cpDNA	H124	H042	148	TRUE
cpDNA	H083	H043	148	TRUE
cpDNA	H087	H047	148	TRUE
cpDNA	H123	H047	148	TRUE
cpDNA	H125	H047	148	TRUE
cpDNA	H128	H048	148	TRUE
cpDNA	H138	H048	148	TRUE
cpDNA	H083	H049	148	TRUE
cpDNA	H132	H049	148	TRUE
cpDNA	H063	H057	148	TRUE
cpDNA	H084	H058	148	TRUE
cpDNA	H129	H058	148	TRUE
cpDNA	H084	H060	148	TRUE
cpDNA	H129	H060	148	TRUE
cpDNA	H084	H066	148	TRUE
cpDNA	H129	H066	148	TRUE
cpDNA	H088	H076	148	TRUE
cpDNA	H083	H079	148	TRUE
cpDNA	H132	H079	148	TRUE
cpDNA	H126	H082	148	TRUE
cpDNA	H108	H084	148	TRUE
cpDNA	H115	H084	148	TRUE
cpDNA	H093	H085	148	TRUE
cpDNA	H097	H085	148	TRUE
cpDNA	H093	H086	148	TRUE
cpDNA	H097	H086	148	TRUE
cpDNA	H124	H093	148	TRUE
cpDNA	H126	H094	148	TRUE
cpDNA	H126	H096	148	TRUE
cpDNA	H124	H097	148	TRUE
cpDNA	H129	H108	148	TRUE
cpDNA	H129	H115	148	TRUE
cpDNA	H133	H122	148	TRUE
cpDNA	H131	H126	148	TRUE
cpDNA	H084	H006	149	TRUE
cpDNA	H129	H006	149	TRUE
cpDNA	H083	H008	149	TRUE
cpDNA	H087	H009	149	TRUE
cpDNA	H088	H009	149	TRUE
cpDNA	H123	H009	149	TRUE
cpDNA	H125	H009	149	TRUE
cpDNA	H085	H010	149	TRUE
cpDNA	H086	H010	149	TRUE
cpDNA	H127	H010	149	TRUE
cpDNA	H045	H031	149	TRUE
cpDNA	H045	H032	149	TRUE
cpDNA	H048	H036	149	TRUE
cpDNA	H123	H038	149	TRUE
cpDNA	H125	H038	149	TRUE
cpDNA	H128	H038	149	TRUE
cpDNA	H083	H039	149	TRUE
cpDNA	H127	H039	149	TRUE
cpDNA	H083	H040	149	TRUE
cpDNA	H083	H041	149	TRUE
cpDNA	H088	H042	149	TRUE
cpDNA	H087	H043	149	TRUE
cpDNA	H123	H043	149	TRUE
cpDNA	H125	H043	149	TRUE
cpDNA	H047	H045	149	TRUE
cpDNA	H127	H047	149	TRUE
cpDNA	H134	H048	149	TRUE
cpDNA	H087	H049	149	TRUE
cpDNA	H123	H049	149	TRUE
cpDNA	H125	H049	149	TRUE
cpDNA	H062	H057	149	TRUE
cpDNA	H064	H057	149	TRUE
cpDNA	H065	H057	149	TRUE
cpDNA	H126	H058	149	TRUE
cpDNA	H084	H059	149	TRUE
cpDNA	H129	H059	149	TRUE
cpDNA	H126	H060	149	TRUE
cpDNA	H126	H066	149	TRUE
cpDNA	H083	H076	149	TRUE
cpDNA	H087	H079	149	TRUE
cpDNA	H123	H079	149	TRUE
cpDNA	H125	H079	149	TRUE
cpDNA	H138	H079	149	TRUE
cpDNA	H085	H082	149	TRUE
cpDNA	H086	H082	149	TRUE
cpDNA	H124	H082	149	TRUE
cpDNA	H092	H084	149	TRUE
cpDNA	H095	H084	149	TRUE
cpDNA	H109	H084	149	TRUE
cpDNA	H094	H085	149	TRUE
cpDNA	H096	H085	149	TRUE
cpDNA	H131	H085	149	TRUE
cpDNA	H094	H086	149	TRUE
cpDNA	H096	H086	149	TRUE
cpDNA	H131	H086	149	TRUE
cpDNA	H093	H088	149	TRUE
cpDNA	H097	H088	149	TRUE
cpDNA	H129	H092	149	TRUE
cpDNA	H129	H095	149	TRUE
cpDNA	H124	H096	149	TRUE
cpDNA	H126	H108	149	TRUE
cpDNA	H129	H109	149	TRUE
cpDNA	H126	H115	149	TRUE
cpDNA	H131	H124	149	TRUE
cpDNA	H084	H003	150	TRUE
cpDNA	H129	H003	150	TRUE
cpDNA	H126	H006	150	TRUE
cpDNA	H087	H008	150	TRUE
cpDNA	H123	H008	150	TRUE
cpDNA	H125	H008	150	TRUE
cpDNA	H085	H009	150	TRUE
cpDNA	H086	H009	150	TRUE
cpDNA	H127	H009	150	TRUE
cpDNA	H128	H010	150	TRUE
cpDNA	H132	H030	150	TRUE
cpDNA	H132	H035	150	TRUE
cpDNA	H123	H037	150	TRUE
cpDNA	H125	H037	150	TRUE
cpDNA	H128	H037	150	TRUE
cpDNA	H127	H038	150	TRUE
cpDNA	H087	H039	150	TRUE
cpDNA	H123	H039	150	TRUE
cpDNA	H128	H039	150	TRUE
cpDNA	H087	H040	150	TRUE
cpDNA	H123	H040	150	TRUE
cpDNA	H125	H040	150	TRUE
cpDNA	H087	H041	150	TRUE
cpDNA	H123	H041	150	TRUE
cpDNA	H125	H041	150	TRUE
cpDNA	H083	H042	150	TRUE
cpDNA	H127	H043	150	TRUE
cpDNA	H049	H045	150	TRUE
cpDNA	H079	H045	150	TRUE
cpDNA	H128	H047	150	TRUE
cpDNA	H138	H047	150	TRUE
cpDNA	H136	H048	150	TRUE
cpDNA	H127	H049	150	TRUE
cpDNA	H085	H058	150	TRUE
cpDNA	H086	H058	150	TRUE
cpDNA	H124	H058	150	TRUE
cpDNA	H126	H059	150	TRUE
cpDNA	H085	H060	150	TRUE
cpDNA	H086	H060	150	TRUE
cpDNA	H124	H060	150	TRUE
cpDNA	H085	H066	150	TRUE
cpDNA	H086	H066	150	TRUE
cpDNA	H124	H066	150	TRUE
cpDNA	H087	H076	150	TRUE
cpDNA	H123	H076	150	TRUE
cpDNA	H125	H076	150	TRUE
cpDNA	H127	H079	150	TRUE
cpDNA	H134	H079	150	TRUE
cpDNA	H141	H079	150	TRUE
cpDNA	H088	H082	150	TRUE
cpDNA	H093	H083	150	TRUE
cpDNA	H097	H083	150	TRUE
cpDNA	H090	H084	150	TRUE
cpDNA	H149	H084	150	TRUE
cpDNA	H108	H085	150	TRUE
cpDNA	H115	H085	150	TRUE
cpDNA	H108	H086	150	TRUE
cpDNA	H115	H086	150	TRUE
cpDNA	H094	H088	150	TRUE
cpDNA	H096	H088	150	TRUE
cpDNA	H131	H088	150	TRUE
cpDNA	H129	H090	150	TRUE
cpDNA	H126	H092	150	TRUE
cpDNA	H125	H094	150	TRUE
cpDNA	H126	H095	150	TRUE
cpDNA	H124	H108	150	TRUE
cpDNA	H126	H109	150	TRUE
cpDNA	H124	H115	150	TRUE
cpDNA	H140	H122	150	TRUE
cpDNA	H149	H129	150	TRUE
cpDNA	H122	H001	151	TRUE
cpDNA	H132	H002	151	TRUE
cpDNA	H126	H003	151	TRUE
cpDNA	H085	H006	151	TRUE
cpDNA	H086	H006	151	TRUE
cpDNA	H124	H006	151	TRUE
cpDNA	H127	H008	151	TRUE
cpDNA	H128	H009	151	TRUE
cpDNA	H084	H010	151	TRUE
cpDNA	H048	H011	151	TRUE
cpDNA	H132	H029	151	TRUE
cpDNA	H036	H031	151	TRUE
cpDNA	H036	H032	151	TRUE
cpDNA	H047	H036	151	TRUE
cpDNA	H127	H037	151	TRUE
cpDNA	H048	H038	151	TRUE
cpDNA	H127	H040	151	TRUE
cpDNA	H127	H041	151	TRUE
cpDNA	H087	H042	151	TRUE
cpDNA	H123	H042	151	TRUE
cpDNA	H125	H042	151	TRUE
cpDNA	H048	H043	151	TRUE
cpDNA	H128	H043	151	TRUE
cpDNA	H138	H045	151	TRUE
cpDNA	H134	H047	151	TRUE
cpDNA	H137	H048	151	TRUE
cpDNA	H141	H048	151	TRUE
cpDNA	H144	H048	151	TRUE
cpDNA	H128	H049	151	TRUE
cpDNA	H138	H049	151	TRUE
cpDNA	H088	H058	151	TRUE
cpDNA	H085	H059	151	TRUE
cpDNA	H086	H059	151	TRUE
cpDNA	H124	H059	151	TRUE
cpDNA	H088	H060	151	TRUE
cpDNA	H084	H061	151	TRUE
cpDNA	H129	H061	151	TRUE
cpDNA	H132	H061	151	TRUE
cpDNA	H088	H066	151	TRUE
cpDNA	H083	H067	151	TRUE
cpDNA	H084	H069	151	TRUE
cpDNA	H129	H069	151	TRUE
cpDNA	H084	H070	151	TRUE
cpDNA	H129	H070	151	TRUE
cpDNA	H127	H076	151	TRUE
cpDNA	H132	H076	151	TRUE
cpDNA	H128	H079	151	TRUE
cpDNA	H136	H079	151	TRUE
cpDNA	H083	H082	151	TRUE
cpDNA	H094	H083	151	TRUE
cpDNA	H096	H083	151	TRUE
cpDNA	H131	H083	151	TRUE
cpDNA	H106	H084	151	TRUE
cpDNA	H138	H084	151	TRUE
cpDNA	H092	H085	151	TRUE
cpDNA	H095	H085	151	TRUE
cpDNA	H109	H085	151	TRUE
cpDNA	H092	H086	151	TRUE
cpDNA	H095	H086	151	TRUE
cpDNA	H109	H086	151	TRUE
cpDNA	H093	H087	151	TRUE
cpDNA	H097	H087	151	TRUE
cpDNA	H108	H088	151	TRUE
cpDNA	H115	H088	151	TRUE
cpDNA	H126	H090	151	TRUE
cpDNA	H124	H092	151	TRUE
cpDNA	H123	H093	151	TRUE
cpDNA	H125	H093	151	TRUE
cpDNA	H127	H094	151	TRUE
cpDNA	H124	H095	151	TRUE
cpDNA	H123	H097	151	TRUE
cpDNA	H125	H097	151	TRUE
cpDNA	H129	H106	151	TRUE
cpDNA	H124	H109	151	TRUE
cpDNA	H149	H126	151	TRUE
cpDNA	H138	H129	151	TRUE
cpDNA	H138	H132	151	TRUE
cpDNA	H085	H003	152	TRUE
cpDNA	H086	H003	152	TRUE
cpDNA	H124	H003	152	TRUE
cpDNA	H088	H006	152	TRUE
cpDNA	H048	H008	152	TRUE
cpDNA	H128	H008	152	TRUE
cpDNA	H084	H009	152	TRUE
cpDNA	H129	H009	152	TRUE
cpDNA	H126	H010	152	TRUE
cpDNA	H079	H011	152	TRUE
cpDNA	H084	H012	152	TRUE
cpDNA	H129	H012	152	TRUE
cpDNA	H048	H031	152	TRUE
cpDNA	H048	H032	152	TRUE
cpDNA	H132	H033	152	TRUE
cpDNA	H036	H034	152	TRUE
cpDNA	H045	H034	152	TRUE
cpDNA	H045	H035	152	TRUE
cpDNA	H049	H036	152	TRUE
cpDNA	H079	H036	152	TRUE
cpDNA	H048	H037	152	TRUE
cpDNA	H048	H039	152	TRUE
cpDNA	H048	H040	152	TRUE
cpDNA	H128	H040	152	TRUE
cpDNA	H048	H041	152	TRUE
cpDNA	H128	H041	152	TRUE
cpDNA	H127	H042	152	TRUE
cpDNA	H134	H045	152	TRUE
cpDNA	H136	H047	152	TRUE
cpDNA	H143	H048	152	TRUE
cpDNA	H134	H049	152	TRUE
cpDNA	H083	H058	152	TRUE
cpDNA	H132	H058	152	TRUE
cpDNA	H088	H059	152	TRUE
cpDNA	H083	H060	152	TRUE
cpDNA	H132	H060	152	TRUE
cpDNA	H126	H061	152	TRUE
cpDNA	H083	H066	152	TRUE
cpDNA	H132	H066	152	TRUE
cpDNA	H087	H067	152	TRUE
cpDNA	H088	H067	152	TRUE
cpDNA	H123	H067	152	TRUE
cpDNA	H125	H067	152	TRUE
cpDNA	H084	H068	152	TRUE
cpDNA	H129	H068	152	TRUE
cpDNA	H126	H069	152	TRUE
cpDNA	H126	H070	152	TRUE
cpDNA	H128	H076	152	TRUE
cpDNA	H138	H076	152	TRUE
cpDNA	H137	H079	152	TRUE
cpDNA	H144	H079	152	TRUE
cpDNA	H087	H082	152	TRUE
cpDNA	H123	H082	152	TRUE
cpDNA	H125	H082	152	TRUE
cpDNA	H108	H083	152	TRUE
cpDNA	H115	H083	152	TRUE
cpDNA	H135	H083	152	TRUE
cpDNA	H134	H084	152	TRUE
cpDNA	H090	H085	152	TRUE
cpDNA	H137	H085	152	TRUE
cpDNA	H149	H085	152	TRUE
cpDNA	H090	H086	152	TRUE
cpDNA	H149	H086	152	TRUE
cpDNA	H094	H087	152	TRUE
cpDNA	H096	H087	152	TRUE
cpDNA	H131	H087	152	TRUE
cpDNA	H092	H088	152	TRUE
cpDNA	H095	H088	152	TRUE
cpDNA	H109	H088	152	TRUE
cpDNA	H124	H090	152	TRUE
cpDNA	H127	H093	152	TRUE
cpDNA	H123	H094	152	TRUE
cpDNA	H128	H094	152	TRUE
cpDNA	H123	H096	152	TRUE
cpDNA	H125	H096	152	TRUE
cpDNA	H127	H097	152	TRUE
cpDNA	H126	H106	152	TRUE
cpDNA	H132	H108	152	TRUE
cpDNA	H131	H123	152	TRUE
cpDNA	H149	H124	152	TRUE
cpDNA	H131	H125	152	TRUE
cpDNA	H138	H126	152	TRUE
cpDNA	H134	H129	152	TRUE
cpDNA	H134	H132	152	TRUE
cpDNA	H088	H003	153	TRUE
cpDNA	H084	H004	153	TRUE
cpDNA	H129	H004	153	TRUE
cpDNA	H083	H006	153	TRUE
cpDNA	H126	H009	153	TRUE
cpDNA	H124	H010	153	TRUE
cpDNA	H129	H010	153	TRUE
cpDNA	H047	H011	153	TRUE
cpDNA	H126	H012	153	TRUE
cpDNA	H045	H029	153	TRUE
cpDNA	H038	H031	153	TRUE
cpDNA	H043	H031	153	TRUE
cpDNA	H038	H032	153	TRUE
cpDNA	H043	H032	153	TRUE
cpDNA	H093	H032	153	TRUE
cpDNA	H047	H038	153	TRUE
cpDNA	H048	H042	153	TRUE
cpDNA	H128	H042	153	TRUE
cpDNA	H047	H043	153	TRUE
cpDNA	H061	H045	153	TRUE
cpDNA	H076	H045	153	TRUE
cpDNA	H136	H045	153	TRUE
cpDNA	H084	H046	153	TRUE
cpDNA	H129	H046	153	TRUE
cpDNA	H137	H047	153	TRUE
cpDNA	H141	H047	153	TRUE
cpDNA	H144	H047	153	TRUE
cpDNA	H093	H048	153	TRUE
cpDNA	H097	H048	153	TRUE
cpDNA	H121	H048	153	TRUE
cpDNA	H135	H048	153	TRUE
cpDNA	H136	H049	153	TRUE
cpDNA	H087	H058	153	TRUE
cpDNA	H123	H058	153	TRUE
cpDNA	H125	H058	153	TRUE
cpDNA	H083	H059	153	TRUE
cpDNA	H132	H059	153	TRUE
cpDNA	H087	H060	153	TRUE
cpDNA	H123	H060	153	TRUE
cpDNA	H125	H060	153	TRUE
cpDNA	H085	H061	153	TRUE
cpDNA	H086	H061	153	TRUE
cpDNA	H124	H061	153	TRUE
cpDNA	H087	H066	153	TRUE
cpDNA	H123	H066	153	TRUE
cpDNA	H125	H066	153	TRUE
cpDNA	H085	H067	153	TRUE
cpDNA	H086	H067	153	TRUE
cpDNA	H127	H067	153	TRUE
cpDNA	H126	H068	153	TRUE
cpDNA	H085	H069	153	TRUE
cpDNA	H086	H069	153	TRUE
cpDNA	H124	H069	153	TRUE
cpDNA	H085	H070	153	TRUE
cpDNA	H086	H070	153	TRUE
cpDNA	H124	H070	153	TRUE
cpDNA	H134	H076	153	TRUE
cpDNA	H143	H079	153	TRUE
cpDNA	H084	H081	153	TRUE
cpDNA	H124	H081	153	TRUE
cpDNA	H129	H081	153	TRUE
cpDNA	H127	H082	153	TRUE
cpDNA	H092	H083	153	TRUE
cpDNA	H095	H083	153	TRUE
cpDNA	H109	H083	153	TRUE
cpDNA	H148	H083	153	TRUE
cpDNA	H091	H084	153	TRUE
cpDNA	H107	H084	153	TRUE
cpDNA	H136	H084	153	TRUE
cpDNA	H150	H084	153	TRUE
cpDNA	H106	H085	153	TRUE
cpDNA	H138	H085	153	TRUE
cpDNA	H106	H086	153	TRUE
cpDNA	H136	H086	153	TRUE
cpDNA	H138	H086	153	TRUE
cpDNA	H108	H087	153	TRUE
cpDNA	H115	H087	153	TRUE
cpDNA	H135	H087	153	TRUE
cpDNA	H090	H088	153	TRUE
cpDNA	H135	H088	153	TRUE
cpDNA	H137	H088	153	TRUE
cpDNA	H149	H088	153	TRUE
cpDNA	H129	H091	153	TRUE
cpDNA	H128	H093	153	TRUE
cpDNA	H127	H096	153	TRUE
cpDNA	H128	H097	153	TRUE
cpDNA	H124	H106	153	TRUE
cpDNA	H129	H107	153	TRUE
cpDNA	H132	H107	153	TRUE
cpDNA	H123	H108	153	TRUE
cpDNA	H125	H108	153	TRUE
cpDNA	H132	H109	153	TRUE
cpDNA	H123	H115	153	TRUE
cpDNA	H125	H115	153	TRUE
cpDNA	H135	H123	153	TRUE
cpDNA	H138	H124	153	TRUE
cpDNA	H135	H125	153	TRUE
cpDNA	H134	H126	153	TRUE
cpDNA	H131	H127	153	TRUE
cpDNA	H136	H129	153	TRUE
cpDNA	H150	H129	153	TRUE
cpDNA	H136	H132	153	TRUE
cpDNA	H083	H003	154	TRUE
cpDNA	H126	H004	154	TRUE
cpDNA	H087	H006	154	TRUE
cpDNA	H123	H006	154	TRUE
cpDNA	H125	H006	154	TRUE
cpDNA	H031	H008	154	TRUE
cpDNA	H032	H008	154	TRUE
cpDNA	H047	H008	154	TRUE
cpDNA	H124	H009	154	TRUE
cpDNA	H135	H009	154	TRUE
cpDNA	H045	H011	154	TRUE
cpDNA	H049	H011	154	TRUE
cpDNA	H083	H011	154	TRUE
cpDNA	H084	H011	154	TRUE
cpDNA	H086	H011	154	TRUE
cpDNA	H129	H011	154	TRUE
cpDNA	H132	H011	154	TRUE
cpDNA	H083	H012	154	TRUE
cpDNA	H085	H012	154	TRUE
cpDNA	H086	H012	154	TRUE
cpDNA	H124	H012	154	TRUE
cpDNA	H036	H030	154	TRUE
cpDNA	H045	H030	154	TRUE
cpDNA	H037	H031	154	TRUE
cpDNA	H039	H031	154	TRUE
cpDNA	H040	H031	154	TRUE
cpDNA	H041	H031	154	TRUE
cpDNA	H047	H031	154	TRUE
cpDNA	H037	H032	154	TRUE
cpDNA	H039	H032	154	TRUE
cpDNA	H040	H032	154	TRUE
cpDNA	H041	H032	154	TRUE
cpDNA	H047	H032	154	TRUE
cpDNA	H094	H032	154	TRUE
cpDNA	H038	H034	154	TRUE
cpDNA	H036	H035	154	TRUE
cpDNA	H047	H037	154	TRUE
cpDNA	H049	H038	154	TRUE
cpDNA	H079	H038	154	TRUE
cpDNA	H047	H039	154	TRUE
cpDNA	H047	H040	154	TRUE
cpDNA	H047	H041	154	TRUE
cpDNA	H049	H043	154	TRUE
cpDNA	H079	H043	154	TRUE
cpDNA	H084	H044	154	TRUE
cpDNA	H129	H044	154	TRUE
cpDNA	H058	H045	154	TRUE
cpDNA	H060	H045	154	TRUE
cpDNA	H066	H045	154	TRUE
cpDNA	H108	H045	154	TRUE
cpDNA	H137	H045	154	TRUE
cpDNA	H141	H045	154	TRUE
cpDNA	H144	H045	154	TRUE
cpDNA	H126	H046	154	TRUE
cpDNA	H143	H047	154	TRUE
cpDNA	H082	H048	154	TRUE
cpDNA	H094	H048	154	TRUE
cpDNA	H096	H048	154	TRUE
cpDNA	H111	H048	154	TRUE
cpDNA	H112	H048	154	TRUE
cpDNA	H117	H048	154	TRUE
cpDNA	H131	H048	154	TRUE
cpDNA	H137	H049	154	TRUE
cpDNA	H141	H049	154	TRUE
cpDNA	H144	H049	154	TRUE
cpDNA	H127	H058	154	TRUE
cpDNA	H087	H059	154	TRUE
cpDNA	H123	H059	154	TRUE
cpDNA	H125	H059	154	TRUE
cpDNA	H127	H060	154	TRUE
cpDNA	H088	H061	154	TRUE
cpDNA	H138	H061	154	TRUE
cpDNA	H127	H066	154	TRUE
cpDNA	H128	H067	154	TRUE
cpDNA	H085	H068	154	TRUE
cpDNA	H086	H068	154	TRUE
cpDNA	H124	H068	154	TRUE
cpDNA	H088	H069	154	TRUE
cpDNA	H088	H070	154	TRUE
cpDNA	H136	H076	154	TRUE
cpDNA	H121	H079	154	TRUE
cpDNA	H135	H079	154	TRUE
cpDNA	H126	H081	154	TRUE
cpDNA	H128	H082	154	TRUE
cpDNA	H090	H083	154	TRUE
cpDNA	H137	H083	154	TRUE
cpDNA	H147	H083	154	TRUE
cpDNA	H149	H083	154	TRUE
cpDNA	H130	H084	154	TRUE
cpDNA	H137	H084	154	TRUE
cpDNA	H141	H084	154	TRUE
cpDNA	H144	H084	154	TRUE
cpDNA	H145	H084	154	TRUE
cpDNA	H151	H084	154	TRUE
cpDNA	H134	H085	154	TRUE
cpDNA	H135	H085	154	TRUE
cpDNA	H134	H086	154	TRUE
cpDNA	H135	H086	154	TRUE
cpDNA	H137	H086	154	TRUE
cpDNA	H092	H087	154	TRUE
cpDNA	H095	H087	154	TRUE
cpDNA	H109	H087	154	TRUE
cpDNA	H148	H087	154	TRUE
cpDNA	H106	H088	154	TRUE
cpDNA	H138	H088	154	TRUE
cpDNA	H148	H088	154	TRUE
cpDNA	H126	H091	154	TRUE
cpDNA	H123	H092	154	TRUE
cpDNA	H125	H092	154	TRUE
cpDNA	H123	H095	154	TRUE
cpDNA	H125	H095	154	TRUE
cpDNA	H128	H096	154	TRUE
cpDNA	H126	H107	154	TRUE
cpDNA	H127	H108	154	TRUE
cpDNA	H123	H109	154	TRUE
cpDNA	H125	H109	154	TRUE
cpDNA	H127	H115	154	TRUE
cpDNA	H148	H123	154	TRUE
cpDNA	H134	H124	154	TRUE
cpDNA	H148	H125	154	TRUE
cpDNA	H136	H126	154	TRUE
cpDNA	H150	H126	154	TRUE
cpDNA	H135	H127	154	TRUE
cpDNA	H131	H128	154	TRUE
cpDNA	H130	H129	154	TRUE
cpDNA	H137	H129	154	TRUE
cpDNA	H141	H129	154	TRUE
cpDNA	H144	H129	154	TRUE
cpDNA	H145	H129	154	TRUE
cpDNA	H151	H129	154	TRUE
cpDNA	H137	H132	154	TRUE
cpDNA	H141	H132	154	TRUE
cpDNA	H144	H132	154	TRUE
cpDNA	H036	H002	155	TRUE
cpDNA	H045	H002	155	TRUE
cpDNA	H087	H003	155	TRUE
cpDNA	H123	H003	155	TRUE
cpDNA	H125	H003	155	TRUE
cpDNA	H085	H004	155	TRUE
cpDNA	H086	H004	155	TRUE
cpDNA	H124	H004	155	TRUE
cpDNA	H127	H006	155	TRUE
cpDNA	H049	H008	155	TRUE
cpDNA	H079	H008	155	TRUE
cpDNA	H135	H010	155	TRUE
cpDNA	H076	H011	155	TRUE
cpDNA	H087	H011	155	TRUE
cpDNA	H088	H011	155	TRUE
cpDNA	H123	H011	155	TRUE
cpDNA	H125	H011	155	TRUE
cpDNA	H126	H011	155	TRUE
cpDNA	H088	H012	155	TRUE
cpDNA	H036	H029	155	TRUE
cpDNA	H042	H031	155	TRUE
cpDNA	H049	H031	155	TRUE
cpDNA	H093	H031	155	TRUE
cpDNA	H097	H031	155	TRUE
cpDNA	H042	H032	155	TRUE
cpDNA	H049	H032	155	TRUE
cpDNA	H097	H032	155	TRUE
cpDNA	H037	H034	155	TRUE
cpDNA	H048	H034	155	TRUE
cpDNA	H048	H035	155	TRUE
cpDNA	H061	H036	155	TRUE
cpDNA	H076	H036	155	TRUE
cpDNA	H138	H036	155	TRUE
cpDNA	H049	H037	155	TRUE
cpDNA	H079	H037	155	TRUE
cpDNA	H049	H039	155	TRUE
cpDNA	H079	H039	155	TRUE
cpDNA	H049	H040	155	TRUE
cpDNA	H079	H040	155	TRUE
cpDNA	H049	H041	155	TRUE
cpDNA	H079	H041	155	TRUE
cpDNA	H047	H042	155	TRUE
cpDNA	H138	H043	155	TRUE
cpDNA	H126	H044	155	TRUE
cpDNA	H059	H045	155	TRUE
cpDNA	H107	H045	155	TRUE
cpDNA	H109	H045	155	TRUE
cpDNA	H143	H045	155	TRUE
cpDNA	H085	H046	155	TRUE
cpDNA	H086	H046	155	TRUE
cpDNA	H124	H046	155	TRUE
cpDNA	H093	H047	155	TRUE
cpDNA	H097	H047	155	TRUE
cpDNA	H121	H047	155	TRUE
cpDNA	H135	H047	155	TRUE
cpDNA	H110	H048	155	TRUE
cpDNA	H115	H048	155	TRUE
cpDNA	H142	H048	155	TRUE
cpDNA	H143	H049	155	TRUE
cpDNA	H084	H055	155	TRUE
cpDNA	H129	H055	155	TRUE
cpDNA	H128	H058	155	TRUE
cpDNA	H138	H058	155	TRUE
cpDNA	H127	H059	155	TRUE
cpDNA	H128	H060	155	TRUE
cpDNA	H138	H060	155	TRUE
cpDNA	H083	H061	155	TRUE
cpDNA	H134	H061	155	TRUE
cpDNA	H128	H066	155	TRUE
cpDNA	H138	H066	155	TRUE
cpDNA	H084	H067	155	TRUE
cpDNA	H129	H067	155	TRUE
cpDNA	H088	H068	155	TRUE
cpDNA	H083	H069	155	TRUE
cpDNA	H132	H069	155	TRUE
cpDNA	H083	H070	155	TRUE
cpDNA	H132	H070	155	TRUE
cpDNA	H137	H076	155	TRUE
cpDNA	H144	H076	155	TRUE
cpDNA	H084	H077	155	TRUE
cpDNA	H129	H077	155	TRUE
cpDNA	H125	H078	155	TRUE
cpDNA	H111	H079	155	TRUE
cpDNA	H112	H079	155	TRUE
cpDNA	H117	H079	155	TRUE
cpDNA	H083	H080	155	TRUE
cpDNA	H083	H081	155	TRUE
cpDNA	H085	H081	155	TRUE
cpDNA	H086	H081	155	TRUE
cpDNA	H106	H083	155	TRUE
cpDNA	H136	H083	155	TRUE
cpDNA	H138	H083	155	TRUE
cpDNA	H089	H084	155	TRUE
cpDNA	H143	H084	155	TRUE
cpDNA	H146	H084	155	TRUE
cpDNA	H091	H085	155	TRUE
cpDNA	H107	H085	155	TRUE
cpDNA	H136	H085	155	TRUE
cpDNA	H148	H085	155	TRUE
cpDNA	H150	H085	155	TRUE
cpDNA	H091	H086	155	TRUE
cpDNA	H107	H086	155	TRUE
cpDNA	H148	H086	155	TRUE
cpDNA	H150	H086	155	TRUE
cpDNA	H090	H087	155	TRUE
cpDNA	H137	H087	155	TRUE
cpDNA	H147	H087	155	TRUE
cpDNA	H149	H087	155	TRUE
cpDNA	H134	H088	155	TRUE
cpDNA	H147	H088	155	TRUE
cpDNA	H129	H089	155	TRUE
cpDNA	H123	H090	155	TRUE
cpDNA	H125	H090	155	TRUE
cpDNA	H124	H091	155	TRUE
cpDNA	H127	H092	155	TRUE
cpDNA	H127	H095	155	TRUE
cpDNA	H132	H106	155	TRUE
cpDNA	H124	H107	155	TRUE
cpDNA	H128	H108	155	TRUE
cpDNA	H138	H108	155	TRUE
cpDNA	H127	H109	155	TRUE
cpDNA	H128	H115	155	TRUE
cpDNA	H137	H123	155	TRUE
cpDNA	H147	H123	155	TRUE
cpDNA	H149	H123	155	TRUE
cpDNA	H136	H124	155	TRUE
cpDNA	H150	H124	155	TRUE
cpDNA	H137	H125	155	TRUE
cpDNA	H147	H125	155	TRUE
cpDNA	H149	H125	155	TRUE
cpDNA	H130	H126	155	TRUE
cpDNA	H137	H126	155	TRUE
cpDNA	H141	H126	155	TRUE
cpDNA	H144	H126	155	TRUE
cpDNA	H145	H126	155	TRUE
cpDNA	H151	H126	155	TRUE
cpDNA	H148	H127	155	TRUE
cpDNA	H135	H128	155	TRUE
cpDNA	H143	H129	155	TRUE
cpDNA	H146	H129	155	TRUE
cpDNA	H143	H132	155	TRUE
cpDNA	H127	H003	156	TRUE
cpDNA	H088	H004	156	TRUE
cpDNA	H048	H006	156	TRUE
cpDNA	H128	H006	156	TRUE
cpDNA	H138	H008	156	TRUE
cpDNA	H011	H009	156	TRUE
cpDNA	H132	H009	156	TRUE
cpDNA	H137	H009	156	TRUE
cpDNA	H085	H011	156	TRUE
cpDNA	H124	H011	156	TRUE
cpDNA	H127	H011	156	TRUE
cpDNA	H048	H029	156	TRUE
cpDNA	H038	H030	156	TRUE
cpDNA	H082	H031	156	TRUE
cpDNA	H094	H031	156	TRUE
cpDNA	H096	H031	156	TRUE
cpDNA	H131	H031	156	TRUE
cpDNA	H061	H032	156	TRUE
cpDNA	H082	H032	156	TRUE
cpDNA	H096	H032	156	TRUE
cpDNA	H131	H032	156	TRUE
cpDNA	H036	H033	156	TRUE
cpDNA	H045	H033	156	TRUE
cpDNA	H043	H034	156	TRUE
cpDNA	H038	H035	156	TRUE
cpDNA	H043	H035	156	TRUE
cpDNA	H093	H035	156	TRUE
cpDNA	H058	H036	156	TRUE
cpDNA	H060	H036	156	TRUE
cpDNA	H066	H036	156	TRUE
cpDNA	H108	H036	156	TRUE
cpDNA	H134	H036	156	TRUE
cpDNA	H138	H039	156	TRUE
cpDNA	H138	H040	156	TRUE
cpDNA	H138	H041	156	TRUE
cpDNA	H049	H042	156	TRUE
cpDNA	H079	H042	156	TRUE
cpDNA	H134	H043	156	TRUE
cpDNA	H085	H044	156	TRUE
cpDNA	H086	H044	156	TRUE
cpDNA	H124	H044	156	TRUE
cpDNA	H121	H045	156	TRUE
cpDNA	H135	H045	156	TRUE
cpDNA	H088	H046	156	TRUE
cpDNA	H082	H047	156	TRUE
cpDNA	H094	H047	156	TRUE
cpDNA	H096	H047	156	TRUE
cpDNA	H111	H047	156	TRUE
cpDNA	H112	H047	156	TRUE
cpDNA	H117	H047	156	TRUE
cpDNA	H131	H047	156	TRUE
cpDNA	H092	H048	156	TRUE
cpDNA	H095	H048	156	TRUE
cpDNA	H113	H048	156	TRUE
cpDNA	H119	H048	156	TRUE
cpDNA	H139	H048	156	TRUE
cpDNA	H093	H049	156	TRUE
cpDNA	H097	H049	156	TRUE
cpDNA	H121	H049	156	TRUE
cpDNA	H135	H049	156	TRUE
cpDNA	H126	H055	156	TRUE
cpDNA	H084	H056	156	TRUE
cpDNA	H085	H056	156	TRUE
cpDNA	H129	H056	156	TRUE
cpDNA	H134	H058	156	TRUE
cpDNA	H128	H059	156	TRUE
cpDNA	H138	H059	156	TRUE
cpDNA	H134	H060	156	TRUE
cpDNA	H087	H061	156	TRUE
cpDNA	H123	H061	156	TRUE
cpDNA	H125	H061	156	TRUE
cpDNA	H136	H061	156	TRUE
cpDNA	H134	H066	156	TRUE
cpDNA	H126	H067	156	TRUE
cpDNA	H083	H068	156	TRUE
cpDNA	H132	H068	156	TRUE
cpDNA	H087	H069	156	TRUE
cpDNA	H123	H069	156	TRUE
cpDNA	H125	H069	156	TRUE
cpDNA	H087	H070	156	TRUE
cpDNA	H123	H070	156	TRUE
cpDNA	H125	H070	156	TRUE
cpDNA	H143	H076	156	TRUE
cpDNA	H126	H077	156	TRUE
cpDNA	H083	H078	156	TRUE
cpDNA	H127	H078	156	TRUE
cpDNA	H093	H079	156	TRUE
cpDNA	H097	H079	156	TRUE
cpDNA	H110	H079	156	TRUE
cpDNA	H142	H079	156	TRUE
cpDNA	H087	H080	156	TRUE
cpDNA	H088	H080	156	TRUE
cpDNA	H123	H080	156	TRUE
cpDNA	H125	H080	156	TRUE
cpDNA	H088	H081	156	TRUE
cpDNA	H125	H081	156	TRUE
cpDNA	H134	H083	156	TRUE
cpDNA	H121	H084	156	TRUE
cpDNA	H135	H084	156	TRUE
cpDNA	H130	H085	156	TRUE
cpDNA	H141	H085	156	TRUE
cpDNA	H144	H085	156	TRUE
cpDNA	H145	H085	156	TRUE
cpDNA	H147	H085	156	TRUE
cpDNA	H151	H085	156	TRUE
cpDNA	H130	H086	156	TRUE
cpDNA	H141	H086	156	TRUE
cpDNA	H144	H086	156	TRUE
cpDNA	H145	H086	156	TRUE
cpDNA	H147	H086	156	TRUE
cpDNA	H151	H086	156	TRUE
cpDNA	H106	H087	156	TRUE
cpDNA	H136	H087	156	TRUE
cpDNA	H138	H087	156	TRUE
cpDNA	H091	H088	156	TRUE
cpDNA	H107	H088	156	TRUE
cpDNA	H136	H088	156	TRUE
cpDNA	H150	H088	156	TRUE
cpDNA	H126	H089	156	TRUE
cpDNA	H127	H090	156	TRUE
cpDNA	H128	H092	156	TRUE
cpDNA	H128	H095	156	TRUE
cpDNA	H123	H106	156	TRUE
cpDNA	H125	H106	156	TRUE
cpDNA	H138	H107	156	TRUE
cpDNA	H134	H108	156	TRUE
cpDNA	H128	H109	156	TRUE
cpDNA	H138	H109	156	TRUE
cpDNA	H129	H121	156	TRUE
cpDNA	H132	H121	156	TRUE
cpDNA	H136	H123	156	TRUE
cpDNA	H138	H123	156	TRUE
cpDNA	H130	H124	156	TRUE
cpDNA	H137	H124	156	TRUE
cpDNA	H141	H124	156	TRUE
cpDNA	H144	H124	156	TRUE
cpDNA	H145	H124	156	TRUE
cpDNA	H151	H124	156	TRUE
cpDNA	H136	H125	156	TRUE
cpDNA	H138	H125	156	TRUE
cpDNA	H143	H126	156	TRUE
cpDNA	H146	H126	156	TRUE
cpDNA	H137	H127	156	TRUE
cpDNA	H147	H127	156	TRUE
cpDNA	H149	H127	156	TRUE
cpDNA	H148	H128	156	TRUE
cpDNA	H135	H129	156	TRUE
cpDNA	H135	H132	156	TRUE
cpDNA	H038	H002	157	TRUE
cpDNA	H048	H003	157	TRUE
cpDNA	H128	H003	157	TRUE
cpDNA	H083	H004	157	TRUE
cpDNA	H048	H005	157	TRUE
cpDNA	H079	H006	157	TRUE
cpDNA	H034	H008	157	TRUE
cpDNA	H035	H008	157	TRUE
cpDNA	H134	H008	157	TRUE
cpDNA	H136	H009	157	TRUE
cpDNA	H138	H009	157	TRUE
cpDNA	H011	H010	157	TRUE
cpDNA	H132	H010	157	TRUE
cpDNA	H137	H010	157	TRUE
cpDNA	H061	H011	157	TRUE
cpDNA	H128	H011	157	TRUE
cpDNA	H087	H012	157	TRUE
cpDNA	H123	H012	157	TRUE
cpDNA	H125	H012	157	TRUE
cpDNA	H038	H029	157	TRUE
cpDNA	H043	H029	157	TRUE
cpDNA	H037	H030	157	TRUE
cpDNA	H079	H031	157	TRUE
cpDNA	H115	H031	157	TRUE
cpDNA	H058	H032	157	TRUE
cpDNA	H060	H032	157	TRUE
cpDNA	H079	H032	157	TRUE
cpDNA	H115	H032	157	TRUE
cpDNA	H039	H034	157	TRUE
cpDNA	H040	H034	157	TRUE
cpDNA	H041	H034	157	TRUE
cpDNA	H047	H034	157	TRUE
cpDNA	H082	H034	157	TRUE
cpDNA	H131	H034	157	TRUE
cpDNA	H037	H035	157	TRUE
cpDNA	H039	H035	157	TRUE
cpDNA	H040	H035	157	TRUE
cpDNA	H041	H035	157	TRUE
cpDNA	H047	H035	157	TRUE
cpDNA	H094	H035	157	TRUE
cpDNA	H059	H036	157	TRUE
cpDNA	H107	H036	157	TRUE
cpDNA	H109	H036	157	TRUE
cpDNA	H136	H036	157	TRUE
cpDNA	H061	H038	157	TRUE
cpDNA	H076	H038	157	TRUE
cpDNA	H138	H038	157	TRUE
cpDNA	H134	H039	157	TRUE
cpDNA	H134	H040	157	TRUE
cpDNA	H134	H041	157	TRUE
cpDNA	H138	H042	157	TRUE
cpDNA	H061	H043	157	TRUE
cpDNA	H076	H043	157	TRUE
cpDNA	H136	H043	157	TRUE
cpDNA	H088	H044	157	TRUE
cpDNA	H069	H045	157	TRUE
cpDNA	H070	H045	157	TRUE
cpDNA	H106	H045	157	TRUE
cpDNA	H111	H045	157	TRUE
cpDNA	H112	H045	157	TRUE
cpDNA	H117	H045	157	TRUE
cpDNA	H083	H046	157	TRUE
cpDNA	H110	H047	157	TRUE
cpDNA	H115	H047	157	TRUE
cpDNA	H142	H047	157	TRUE
cpDNA	H090	H048	157	TRUE
cpDNA	H114	H048	157	TRUE
cpDNA	H120	H048	157	TRUE
cpDNA	H149	H048	157	TRUE
cpDNA	H082	H049	157	TRUE
cpDNA	H094	H049	157	TRUE
cpDNA	H096	H049	157	TRUE
cpDNA	H111	H049	157	TRUE
cpDNA	H112	H049	157	TRUE
cpDNA	H117	H049	157	TRUE
cpDNA	H131	H049	157	TRUE
cpDNA	H085	H055	157	TRUE
cpDNA	H086	H055	157	TRUE
cpDNA	H124	H055	157	TRUE
cpDNA	H088	H056	157	TRUE
cpDNA	H126	H056	157	TRUE
cpDNA	H136	H058	157	TRUE
cpDNA	H134	H059	157	TRUE
cpDNA	H136	H060	157	TRUE
cpDNA	H093	H061	157	TRUE
cpDNA	H121	H061	157	TRUE
cpDNA	H127	H061	157	TRUE
cpDNA	H137	H061	157	TRUE
cpDNA	H141	H061	157	TRUE
cpDNA	H144	H061	157	TRUE
cpDNA	H136	H066	157	TRUE
cpDNA	H124	H067	157	TRUE
cpDNA	H087	H068	157	TRUE
cpDNA	H123	H068	157	TRUE
cpDNA	H125	H068	157	TRUE
cpDNA	H127	H069	157	TRUE
cpDNA	H127	H070	157	TRUE
cpDNA	H121	H076	157	TRUE
cpDNA	H135	H076	157	TRUE
cpDNA	H141	H076	157	TRUE
cpDNA	H085	H077	157	TRUE
cpDNA	H086	H077	157	TRUE
cpDNA	H124	H077	157	TRUE
cpDNA	H087	H078	157	TRUE
cpDNA	H088	H078	157	TRUE
cpDNA	H123	H078	157	TRUE
cpDNA	H128	H078	157	TRUE
cpDNA	H082	H079	157	TRUE
cpDNA	H094	H079	157	TRUE
cpDNA	H096	H079	157	TRUE
cpDNA	H113	H079	157	TRUE
cpDNA	H119	H079	157	TRUE
cpDNA	H131	H079	157	TRUE
cpDNA	H139	H079	157	TRUE
cpDNA	H085	H080	157	TRUE
cpDNA	H086	H080	157	TRUE
cpDNA	H127	H080	157	TRUE
cpDNA	H127	H081	157	TRUE
cpDNA	H091	H083	157	TRUE
cpDNA	H107	H083	157	TRUE
cpDNA	H150	H083	157	TRUE
cpDNA	H111	H084	157	TRUE
cpDNA	H112	H084	157	TRUE
cpDNA	H117	H084	157	TRUE
cpDNA	H148	H084	157	TRUE
cpDNA	H089	H085	157	TRUE
cpDNA	H143	H085	157	TRUE
cpDNA	H146	H085	157	TRUE
cpDNA	H089	H086	157	TRUE
cpDNA	H143	H086	157	TRUE
cpDNA	H146	H086	157	TRUE
cpDNA	H134	H087	157	TRUE
cpDNA	H130	H088	157	TRUE
cpDNA	H141	H088	157	TRUE
cpDNA	H144	H088	157	TRUE
cpDNA	H145	H088	157	TRUE
cpDNA	H151	H088	157	TRUE
cpDNA	H124	H089	157	TRUE
cpDNA	H128	H090	157	TRUE
cpDNA	H138	H093	157	TRUE
cpDNA	H138	H097	157	TRUE
cpDNA	H127	H106	157	TRUE
cpDNA	H134	H107	157	TRUE
cpDNA	H136	H108	157	TRUE
cpDNA	H134	H109	157	TRUE
cpDNA	H129	H111	157	TRUE
cpDNA	H132	H111	157	TRUE
cpDNA	H124	H112	157	TRUE
cpDNA	H129	H112	157	TRUE
cpDNA	H132	H112	157	TRUE
cpDNA	H129	H117	157	TRUE
cpDNA	H132	H117	157	TRUE
cpDNA	H126	H121	157	TRUE
cpDNA	H134	H123	157	TRUE
cpDNA	H143	H124	157	TRUE
cpDNA	H146	H124	157	TRUE
cpDNA	H134	H125	157	TRUE
cpDNA	H135	H126	157	TRUE
cpDNA	H136	H127	157	TRUE
cpDNA	H138	H127	157	TRUE
cpDNA	H137	H128	157	TRUE
cpDNA	H147	H128	157	TRUE
cpDNA	H149	H128	157	TRUE
cpDNA	H148	H129	157	TRUE
cpDNA	H037	H002	158	TRUE
cpDNA	H048	H002	158	TRUE
cpDNA	H079	H003	158	TRUE
cpDNA	H087	H004	158	TRUE
cpDNA	H123	H004	158	TRUE
cpDNA	H125	H004	158	TRUE
cpDNA	H079	H005	158	TRUE
cpDNA	H031	H006	158	TRUE
cpDNA	H032	H006	158	TRUE
cpDNA	H047	H006	158	TRUE
cpDNA	H057	H007	158	TRUE
cpDNA	H029	H008	158	TRUE
cpDNA	H061	H008	158	TRUE
cpDNA	H076	H008	158	TRUE
cpDNA	H136	H008	158	TRUE
cpDNA	H045	H009	158	TRUE
cpDNA	H134	H009	158	TRUE
cpDNA	H136	H010	158	TRUE
cpDNA	H138	H010	158	TRUE
cpDNA	H036	H011	158	TRUE
cpDNA	H043	H011	158	TRUE
cpDNA	H058	H011	158	TRUE
cpDNA	H060	H011	158	TRUE
cpDNA	H066	H011	158	TRUE
cpDNA	H108	H011	158	TRUE
cpDNA	H127	H012	158	TRUE
cpDNA	H037	H029	158	TRUE
cpDNA	H039	H029	158	TRUE
cpDNA	H040	H029	158	TRUE
cpDNA	H041	H029	158	TRUE
cpDNA	H047	H029	158	TRUE
cpDNA	H043	H030	158	TRUE
cpDNA	H061	H031	158	TRUE
cpDNA	H076	H031	158	TRUE
cpDNA	H092	H031	158	TRUE
cpDNA	H095	H031	158	TRUE
cpDNA	H059	H032	158	TRUE
cpDNA	H076	H032	158	TRUE
cpDNA	H092	H032	158	TRUE
cpDNA	H095	H032	158	TRUE
cpDNA	H038	H033	158	TRUE
cpDNA	H042	H034	158	TRUE
cpDNA	H049	H034	158	TRUE
cpDNA	H093	H034	158	TRUE
cpDNA	H097	H034	158	TRUE
cpDNA	H042	H035	158	TRUE
cpDNA	H049	H035	158	TRUE
cpDNA	H097	H035	158	TRUE
cpDNA	H137	H036	158	TRUE
cpDNA	H141	H036	158	TRUE
cpDNA	H144	H036	158	TRUE
cpDNA	H061	H037	158	TRUE
cpDNA	H076	H037	158	TRUE
cpDNA	H138	H037	158	TRUE
cpDNA	H058	H038	158	TRUE
cpDNA	H060	H038	158	TRUE
cpDNA	H066	H038	158	TRUE
cpDNA	H108	H038	158	TRUE
cpDNA	H134	H038	158	TRUE
cpDNA	H061	H039	158	TRUE
cpDNA	H076	H039	158	TRUE
cpDNA	H136	H039	158	TRUE
cpDNA	H061	H040	158	TRUE
cpDNA	H076	H040	158	TRUE
cpDNA	H136	H040	158	TRUE
cpDNA	H061	H041	158	TRUE
cpDNA	H076	H041	158	TRUE
cpDNA	H136	H041	158	TRUE
cpDNA	H134	H042	158	TRUE
cpDNA	H058	H043	158	TRUE
cpDNA	H060	H043	158	TRUE
cpDNA	H066	H043	158	TRUE
cpDNA	H108	H043	158	TRUE
cpDNA	H137	H043	158	TRUE
cpDNA	H141	H043	158	TRUE
cpDNA	H144	H043	158	TRUE
cpDNA	H083	H044	158	TRUE
cpDNA	H068	H045	158	TRUE
cpDNA	H110	H045	158	TRUE
cpDNA	H142	H045	158	TRUE
cpDNA	H087	H046	158	TRUE
cpDNA	H123	H046	158	TRUE
cpDNA	H125	H046	158	TRUE
cpDNA	H092	H047	158	TRUE
cpDNA	H095	H047	158	TRUE
cpDNA	H113	H047	158	TRUE
cpDNA	H119	H047	158	TRUE
cpDNA	H139	H047	158	TRUE
cpDNA	H118	H048	158	TRUE
cpDNA	H110	H049	158	TRUE
cpDNA	H115	H049	158	TRUE
cpDNA	H142	H049	158	TRUE
cpDNA	H088	H055	158	TRUE
cpDNA	H083	H056	158	TRUE
cpDNA	H086	H056	158	TRUE
cpDNA	H124	H056	158	TRUE
cpDNA	H093	H058	158	TRUE
cpDNA	H121	H058	158	TRUE
cpDNA	H137	H058	158	TRUE
cpDNA	H141	H058	158	TRUE
cpDNA	H144	H058	158	TRUE
cpDNA	H136	H059	158	TRUE
cpDNA	H093	H060	158	TRUE
cpDNA	H121	H060	158	TRUE
cpDNA	H137	H060	158	TRUE
cpDNA	H141	H060	158	TRUE
cpDNA	H144	H060	158	TRUE
cpDNA	H094	H061	158	TRUE
cpDNA	H117	H061	158	TRUE
cpDNA	H128	H061	158	TRUE
cpDNA	H143	H061	158	TRUE
cpDNA	H137	H066	158	TRUE
cpDNA	H141	H066	158	TRUE
cpDNA	H144	H066	158	TRUE
cpDNA	H127	H068	158	TRUE
cpDNA	H128	H069	158	TRUE
cpDNA	H138	H069	158	TRUE
cpDNA	H128	H070	158	TRUE
cpDNA	H138	H070	158	TRUE
cpDNA	H111	H076	158	TRUE
cpDNA	H112	H076	158	TRUE
cpDNA	H117	H076	158	TRUE
cpDNA	H088	H077	158	TRUE
cpDNA	H085	H078	158	TRUE
cpDNA	H086	H078	158	TRUE
cpDNA	H090	H079	158	TRUE
cpDNA	H114	H079	158	TRUE
cpDNA	H115	H079	158	TRUE
cpDNA	H120	H079	158	TRUE
cpDNA	H149	H079	158	TRUE
cpDNA	H128	H080	158	TRUE
cpDNA	H087	H081	158	TRUE
cpDNA	H123	H081	158	TRUE
cpDNA	H128	H081	158	TRUE
cpDNA	H130	H083	158	TRUE
cpDNA	H141	H083	158	TRUE
cpDNA	H144	H083	158	TRUE
cpDNA	H145	H083	158	TRUE
cpDNA	H151	H083	158	TRUE
cpDNA	H110	H084	158	TRUE
cpDNA	H142	H084	158	TRUE
cpDNA	H147	H084	158	TRUE
cpDNA	H121	H085	158	TRUE
cpDNA	H121	H086	158	TRUE
cpDNA	H091	H087	158	TRUE
cpDNA	H107	H087	158	TRUE
cpDNA	H150	H087	158	TRUE
cpDNA	H089	H088	158	TRUE
cpDNA	H143	H088	158	TRUE
cpDNA	H146	H088	158	TRUE
cpDNA	H123	H091	158	TRUE
cpDNA	H125	H091	158	TRUE
cpDNA	H134	H093	158	TRUE
cpDNA	H138	H094	158	TRUE
cpDNA	H138	H096	158	TRUE
cpDNA	H134	H097	158	TRUE
cpDNA	H128	H106	158	TRUE
cpDNA	H138	H106	158	TRUE
cpDNA	H123	H107	158	TRUE
cpDNA	H125	H107	158	TRUE
cpDNA	H136	H107	158	TRUE
cpDNA	H137	H108	158	TRUE
cpDNA	H141	H108	158	TRUE
cpDNA	H144	H108	158	TRUE
cpDNA	H136	H109	158	TRUE
cpDNA	H129	H110	158	TRUE
cpDNA	H132	H110	158	TRUE
cpDNA	H126	H111	158	TRUE
cpDNA	H126	H112	158	TRUE
cpDNA	H126	H117	158	TRUE
cpDNA	H124	H121	158	TRUE
cpDNA	H150	H123	158	TRUE
cpDNA	H135	H124	158	TRUE
cpDNA	H150	H125	158	TRUE
cpDNA	H148	H126	158	TRUE
cpDNA	H134	H127	158	TRUE
cpDNA	H136	H128	158	TRUE
cpDNA	H138	H128	158	TRUE
cpDNA	H142	H129	158	TRUE
cpDNA	H147	H129	158	TRUE
cpDNA	H142	H132	158	TRUE
cpDNA	H043	H002	159	TRUE
cpDNA	H031	H003	159	TRUE
cpDNA	H032	H003	159	TRUE
cpDNA	H047	H003	159	TRUE
cpDNA	H127	H004	159	TRUE
cpDNA	H047	H005	159	TRUE
cpDNA	H049	H006	159	TRUE
cpDNA	H011	H008	159	TRUE
cpDNA	H030	H008	159	TRUE
cpDNA	H058	H008	159	TRUE
cpDNA	H060	H008	159	TRUE
cpDNA	H066	H008	159	TRUE
cpDNA	H108	H008	159	TRUE
cpDNA	H137	H008	159	TRUE
cpDNA	H141	H008	159	TRUE
cpDNA	H144	H008	159	TRUE
cpDNA	H029	H009	159	TRUE
cpDNA	H045	H010	159	TRUE
cpDNA	H134	H010	159	TRUE
cpDNA	H039	H011	159	TRUE
cpDNA	H040	H011	159	TRUE
cpDNA	H041	H011	159	TRUE
cpDNA	H059	H011	159	TRUE
cpDNA	H107	H011	159	TRUE
cpDNA	H109	H011	159	TRUE
cpDNA	H048	H012	159	TRUE
cpDNA	H128	H012	159	TRUE
cpDNA	H042	H029	159	TRUE
cpDNA	H049	H029	159	TRUE
cpDNA	H093	H029	159	TRUE
cpDNA	H097	H029	159	TRUE
cpDNA	H039	H030	159	TRUE
cpDNA	H040	H030	159	TRUE
cpDNA	H041	H030	159	TRUE
cpDNA	H048	H030	159	TRUE
cpDNA	H082	H030	159	TRUE
cpDNA	H131	H030	159	TRUE
cpDNA	H058	H031	159	TRUE
cpDNA	H060	H031	159	TRUE
cpDNA	H090	H031	159	TRUE
cpDNA	H108	H031	159	TRUE
cpDNA	H149	H031	159	TRUE
cpDNA	H090	H032	159	TRUE
cpDNA	H108	H032	159	TRUE
cpDNA	H149	H032	159	TRUE
cpDNA	H037	H033	159	TRUE
cpDNA	H048	H033	159	TRUE
cpDNA	H094	H034	159	TRUE
cpDNA	H096	H034	159	TRUE
cpDNA	H061	H035	159	TRUE
cpDNA	H082	H035	159	TRUE
cpDNA	H096	H035	159	TRUE
cpDNA	H131	H035	159	TRUE
cpDNA	H069	H036	159	TRUE
cpDNA	H070	H036	159	TRUE
cpDNA	H106	H036	159	TRUE
cpDNA	H143	H036	159	TRUE
cpDNA	H058	H037	159	TRUE
cpDNA	H060	H037	159	TRUE
cpDNA	H066	H037	159	TRUE
cpDNA	H108	H037	159	TRUE
cpDNA	H134	H037	159	TRUE
cpDNA	H059	H038	159	TRUE
cpDNA	H107	H038	159	TRUE
cpDNA	H109	H038	159	TRUE
cpDNA	H136	H038	159	TRUE
cpDNA	H058	H039	159	TRUE
cpDNA	H060	H039	159	TRUE
cpDNA	H066	H039	159	TRUE
cpDNA	H108	H039	159	TRUE
cpDNA	H137	H039	159	TRUE
cpDNA	H141	H039	159	TRUE
cpDNA	H144	H039	159	TRUE
cpDNA	H058	H040	159	TRUE
cpDNA	H060	H040	159	TRUE
cpDNA	H066	H040	159	TRUE
cpDNA	H108	H040	159	TRUE
cpDNA	H137	H040	159	TRUE
cpDNA	H141	H040	159	TRUE
cpDNA	H144	H040	159	TRUE
cpDNA	H058	H041	159	TRUE
cpDNA	H060	H041	159	TRUE
cpDNA	H066	H041	159	TRUE
cpDNA	H108	H041	159	TRUE
cpDNA	H137	H041	159	TRUE
cpDNA	H141	H041	159	TRUE
cpDNA	H144	H041	159	TRUE
cpDNA	H061	H042	159	TRUE
cpDNA	H076	H042	159	TRUE
cpDNA	H136	H042	159	TRUE
cpDNA	H059	H043	159	TRUE
cpDNA	H107	H043	159	TRUE
cpDNA	H109	H043	159	TRUE
cpDNA	H143	H043	159	TRUE
cpDNA	H087	H044	159	TRUE
cpDNA	H123	H044	159	TRUE
cpDNA	H125	H044	159	TRUE
cpDNA	H113	H045	159	TRUE
cpDNA	H119	H045	159	TRUE
cpDNA	H139	H045	159	TRUE
cpDNA	H127	H046	159	TRUE
cpDNA	H090	H047	159	TRUE
cpDNA	H114	H047	159	TRUE
cpDNA	H120	H047	159	TRUE
cpDNA	H149	H047	159	TRUE
cpDNA	H133	H048	159	TRUE
cpDNA	H092	H049	159	TRUE
cpDNA	H095	H049	159	TRUE
cpDNA	H113	H049	159	TRUE
cpDNA	H119	H049	159	TRUE
cpDNA	H139	H049	159	TRUE
cpDNA	H083	H055	159	TRUE
cpDNA	H132	H055	159	TRUE
cpDNA	H087	H056	159	TRUE
cpDNA	H123	H056	159	TRUE
cpDNA	H125	H056	159	TRUE
cpDNA	H094	H058	159	TRUE
cpDNA	H117	H058	159	TRUE
cpDNA	H143	H058	159	TRUE
cpDNA	H093	H059	159	TRUE
cpDNA	H121	H059	159	TRUE
cpDNA	H137	H059	159	TRUE
cpDNA	H141	H059	159	TRUE
cpDNA	H144	H059	159	TRUE
cpDNA	H094	H060	159	TRUE
cpDNA	H117	H060	159	TRUE
cpDNA	H143	H060	159	TRUE
cpDNA	H097	H061	159	TRUE
cpDNA	H135	H061	159	TRUE
cpDNA	H143	H066	159	TRUE
cpDNA	H132	H067	159	TRUE
cpDNA	H135	H067	159	TRUE
cpDNA	H128	H068	159	TRUE
cpDNA	H138	H068	159	TRUE
cpDNA	H134	H069	159	TRUE
cpDNA	H134	H070	159	TRUE
cpDNA	H093	H076	159	TRUE
cpDNA	H097	H076	159	TRUE
cpDNA	H110	H076	159	TRUE
cpDNA	H142	H076	159	TRUE
cpDNA	H083	H077	159	TRUE
cpDNA	H132	H077	159	TRUE
cpDNA	H092	H079	159	TRUE
cpDNA	H095	H079	159	TRUE
cpDNA	H118	H079	159	TRUE
cpDNA	H084	H080	159	TRUE
cpDNA	H129	H080	159	TRUE
cpDNA	H089	H083	159	TRUE
cpDNA	H143	H083	159	TRUE
cpDNA	H146	H083	159	TRUE
cpDNA	H113	H084	159	TRUE
cpDNA	H119	H084	159	TRUE
cpDNA	H139	H084	159	TRUE
cpDNA	H111	H085	159	TRUE
cpDNA	H112	H085	159	TRUE
cpDNA	H117	H085	159	TRUE
cpDNA	H111	H086	159	TRUE
cpDNA	H112	H086	159	TRUE
cpDNA	H117	H086	159	TRUE
cpDNA	H130	H087	159	TRUE
cpDNA	H141	H087	159	TRUE
cpDNA	H144	H087	159	TRUE
cpDNA	H145	H087	159	TRUE
cpDNA	H151	H087	159	TRUE
cpDNA	H121	H088	159	TRUE
cpDNA	H127	H091	159	TRUE
cpDNA	H136	H093	159	TRUE
cpDNA	H134	H094	159	TRUE
cpDNA	H134	H096	159	TRUE
cpDNA	H136	H097	159	TRUE
cpDNA	H134	H106	159	TRUE
cpDNA	H127	H107	159	TRUE
cpDNA	H137	H107	159	TRUE
cpDNA	H141	H107	159	TRUE
cpDNA	H144	H107	159	TRUE
cpDNA	H143	H108	159	TRUE
cpDNA	H137	H109	159	TRUE
cpDNA	H141	H109	159	TRUE
cpDNA	H144	H109	159	TRUE
cpDNA	H126	H110	159	TRUE
cpDNA	H124	H111	159	TRUE
cpDNA	H129	H113	159	TRUE
cpDNA	H132	H113	159	TRUE
cpDNA	H138	H115	159	TRUE
cpDNA	H124	H117	159	TRUE
cpDNA	H129	H119	159	TRUE
cpDNA	H132	H119	159	TRUE
cpDNA	H130	H123	159	TRUE
cpDNA	H141	H123	159	TRUE
cpDNA	H144	H123	159	TRUE
cpDNA	H145	H123	159	TRUE
cpDNA	H151	H123	159	TRUE
cpDNA	H148	H124	159	TRUE
cpDNA	H130	H125	159	TRUE
cpDNA	H141	H125	159	TRUE
cpDNA	H144	H125	159	TRUE
cpDNA	H145	H125	159	TRUE
cpDNA	H151	H125	159	TRUE
cpDNA	H142	H126	159	TRUE
cpDNA	H147	H126	159	TRUE
cpDNA	H150	H127	159	TRUE
cpDNA	H134	H128	159	TRUE
cpDNA	H139	H129	159	TRUE
cpDNA	H139	H132	159	TRUE
cpDNA	H008	H002	160	TRUE
cpDNA	H039	H002	160	TRUE
cpDNA	H040	H002	160	TRUE
cpDNA	H041	H002	160	TRUE
cpDNA	H047	H002	160	TRUE
cpDNA	H082	H002	160	TRUE
cpDNA	H131	H002	160	TRUE
cpDNA	H049	H003	160	TRUE
cpDNA	H048	H004	160	TRUE
cpDNA	H128	H004	160	TRUE
cpDNA	H045	H005	160	TRUE
cpDNA	H049	H005	160	TRUE
cpDNA	H084	H005	160	TRUE
cpDNA	H129	H005	160	TRUE
cpDNA	H132	H005	160	TRUE
cpDNA	H138	H006	160	TRUE
cpDNA	H059	H008	160	TRUE
cpDNA	H107	H008	160	TRUE
cpDNA	H109	H008	160	TRUE
cpDNA	H143	H008	160	TRUE
cpDNA	H035	H009	160	TRUE
cpDNA	H036	H009	160	TRUE
cpDNA	H144	H009	160	TRUE
cpDNA	H029	H010	160	TRUE
cpDNA	H038	H011	160	TRUE
cpDNA	H042	H011	160	TRUE
cpDNA	H093	H011	160	TRUE
cpDNA	H097	H011	160	TRUE
cpDNA	H034	H012	160	TRUE
cpDNA	H082	H029	160	TRUE
cpDNA	H094	H029	160	TRUE
cpDNA	H096	H029	160	TRUE
cpDNA	H131	H029	160	TRUE
cpDNA	H042	H030	160	TRUE
cpDNA	H093	H030	160	TRUE
cpDNA	H097	H030	160	TRUE
cpDNA	H059	H031	160	TRUE
cpDNA	H107	H031	160	TRUE
cpDNA	H109	H031	160	TRUE
cpDNA	H138	H031	160	TRUE
cpDNA	H107	H032	160	TRUE
cpDNA	H109	H032	160	TRUE
cpDNA	H138	H032	160	TRUE
cpDNA	H043	H033	160	TRUE
cpDNA	H079	H034	160	TRUE
cpDNA	H115	H034	160	TRUE
cpDNA	H058	H035	160	TRUE
cpDNA	H060	H035	160	TRUE
cpDNA	H079	H035	160	TRUE
cpDNA	H115	H035	160	TRUE
cpDNA	H068	H036	160	TRUE
cpDNA	H121	H036	160	TRUE
cpDNA	H135	H036	160	TRUE
cpDNA	H059	H037	160	TRUE
cpDNA	H107	H037	160	TRUE
cpDNA	H109	H037	160	TRUE
cpDNA	H136	H037	160	TRUE
cpDNA	H137	H038	160	TRUE
cpDNA	H141	H038	160	TRUE
cpDNA	H144	H038	160	TRUE
cpDNA	H059	H039	160	TRUE
cpDNA	H107	H039	160	TRUE
cpDNA	H109	H039	160	TRUE
cpDNA	H112	H039	160	TRUE
cpDNA	H143	H039	160	TRUE
cpDNA	H059	H040	160	TRUE
cpDNA	H107	H040	160	TRUE
cpDNA	H109	H040	160	TRUE
cpDNA	H143	H040	160	TRUE
cpDNA	H059	H041	160	TRUE
cpDNA	H107	H041	160	TRUE
cpDNA	H109	H041	160	TRUE
cpDNA	H143	H041	160	TRUE
cpDNA	H058	H042	160	TRUE
cpDNA	H060	H042	160	TRUE
cpDNA	H066	H042	160	TRUE
cpDNA	H108	H042	160	TRUE
cpDNA	H137	H042	160	TRUE
cpDNA	H141	H042	160	TRUE
cpDNA	H144	H042	160	TRUE
cpDNA	H121	H043	160	TRUE
cpDNA	H135	H043	160	TRUE
cpDNA	H127	H044	160	TRUE
cpDNA	H114	H045	160	TRUE
cpDNA	H120	H045	160	TRUE
cpDNA	H048	H046	160	TRUE
cpDNA	H128	H046	160	TRUE
cpDNA	H118	H047	160	TRUE
cpDNA	H081	H048	160	TRUE
cpDNA	H091	H048	160	TRUE
cpDNA	H150	H048	160	TRUE
cpDNA	H090	H049	160	TRUE
cpDNA	H114	H049	160	TRUE
cpDNA	H120	H049	160	TRUE
cpDNA	H149	H049	160	TRUE
cpDNA	H087	H055	160	TRUE
cpDNA	H123	H055	160	TRUE
cpDNA	H125	H055	160	TRUE
cpDNA	H127	H056	160	TRUE
cpDNA	H132	H056	160	TRUE
cpDNA	H097	H058	160	TRUE
cpDNA	H135	H058	160	TRUE
cpDNA	H094	H059	160	TRUE
cpDNA	H117	H059	160	TRUE
cpDNA	H143	H059	160	TRUE
cpDNA	H097	H060	160	TRUE
cpDNA	H135	H060	160	TRUE
cpDNA	H082	H061	160	TRUE
cpDNA	H096	H061	160	TRUE
cpDNA	H111	H061	160	TRUE
cpDNA	H112	H061	160	TRUE
cpDNA	H119	H061	160	TRUE
cpDNA	H131	H061	160	TRUE
cpDNA	H093	H066	160	TRUE
cpDNA	H097	H066	160	TRUE
cpDNA	H121	H066	160	TRUE
cpDNA	H135	H066	160	TRUE
cpDNA	H134	H068	160	TRUE
cpDNA	H136	H069	160	TRUE
cpDNA	H136	H070	160	TRUE
cpDNA	H082	H076	160	TRUE
cpDNA	H094	H076	160	TRUE
cpDNA	H096	H076	160	TRUE
cpDNA	H113	H076	160	TRUE
cpDNA	H119	H076	160	TRUE
cpDNA	H131	H076	160	TRUE
cpDNA	H139	H076	160	TRUE
cpDNA	H087	H077	160	TRUE
cpDNA	H123	H077	160	TRUE
cpDNA	H125	H077	160	TRUE
cpDNA	H138	H077	160	TRUE
cpDNA	H084	H078	160	TRUE
cpDNA	H124	H078	160	TRUE
cpDNA	H129	H078	160	TRUE
cpDNA	H133	H079	160	TRUE
cpDNA	H140	H079	160	TRUE
cpDNA	H126	H080	160	TRUE
cpDNA	H138	H082	160	TRUE
cpDNA	H121	H083	160	TRUE
cpDNA	H114	H084	160	TRUE
cpDNA	H120	H084	160	TRUE
cpDNA	H110	H085	160	TRUE
cpDNA	H142	H085	160	TRUE
cpDNA	H110	H086	160	TRUE
cpDNA	H142	H086	160	TRUE
cpDNA	H089	H087	160	TRUE
cpDNA	H143	H087	160	TRUE
cpDNA	H146	H087	160	TRUE
cpDNA	H111	H088	160	TRUE
cpDNA	H112	H088	160	TRUE
cpDNA	H117	H088	160	TRUE
cpDNA	H123	H089	160	TRUE
cpDNA	H125	H089	160	TRUE
cpDNA	H128	H091	160	TRUE
cpDNA	H138	H092	160	TRUE
cpDNA	H108	H093	160	TRUE
cpDNA	H121	H093	160	TRUE
cpDNA	H137	H093	160	TRUE
cpDNA	H141	H093	160	TRUE
cpDNA	H144	H093	160	TRUE
cpDNA	H136	H094	160	TRUE
cpDNA	H138	H095	160	TRUE
cpDNA	H136	H096	160	TRUE
cpDNA	H108	H097	160	TRUE
cpDNA	H137	H097	160	TRUE
cpDNA	H141	H097	160	TRUE
cpDNA	H144	H097	160	TRUE
cpDNA	H136	H106	160	TRUE
cpDNA	H128	H107	160	TRUE
cpDNA	H143	H107	160	TRUE
cpDNA	H121	H108	160	TRUE
cpDNA	H135	H108	160	TRUE
cpDNA	H143	H109	160	TRUE
cpDNA	H124	H110	160	TRUE
cpDNA	H125	H112	160	TRUE
cpDNA	H126	H113	160	TRUE
cpDNA	H124	H114	160	TRUE
cpDNA	H129	H114	160	TRUE
cpDNA	H132	H114	160	TRUE
cpDNA	H134	H115	160	TRUE
cpDNA	H126	H119	160	TRUE
cpDNA	H129	H120	160	TRUE
cpDNA	H132	H120	160	TRUE
cpDNA	H143	H123	160	TRUE
cpDNA	H146	H123	160	TRUE
cpDNA	H142	H124	160	TRUE
cpDNA	H147	H124	160	TRUE
cpDNA	H143	H125	160	TRUE
cpDNA	H146	H125	160	TRUE
cpDNA	H139	H126	160	TRUE
cpDNA	H130	H127	160	TRUE
cpDNA	H141	H127	160	TRUE
cpDNA	H144	H127	160	TRUE
cpDNA	H145	H127	160	TRUE
cpDNA	H151	H127	160	TRUE
cpDNA	H150	H128	160	TRUE
cpDNA	H138	H131	160	TRUE
cpDNA	H009	H002	161	TRUE
cpDNA	H042	H002	161	TRUE
cpDNA	H049	H002	161	TRUE
cpDNA	H093	H002	161	TRUE
cpDNA	H097	H002	161	TRUE
cpDNA	H138	H003	161	TRUE
cpDNA	H079	H004	161	TRUE
cpDNA	H076	H005	161	TRUE
cpDNA	H126	H005	161	TRUE
cpDNA	H034	H006	161	TRUE
cpDNA	H035	H006	161	TRUE
cpDNA	H134	H006	161	TRUE
cpDNA	H141	H006	161	TRUE
cpDNA	H033	H008	161	TRUE
cpDNA	H121	H008	161	TRUE
cpDNA	H135	H008	161	TRUE
cpDNA	H143	H009	161	TRUE
cpDNA	H035	H010	161	TRUE
cpDNA	H036	H010	161	TRUE
cpDNA	H144	H010	161	TRUE
cpDNA	H037	H011	161	TRUE
cpDNA	H067	H011	161	TRUE
cpDNA	H069	H011	161	TRUE
cpDNA	H070	H011	161	TRUE
cpDNA	H094	H011	161	TRUE
cpDNA	H096	H011	161	TRUE
cpDNA	H106	H011	161	TRUE
cpDNA	H031	H012	161	TRUE
cpDNA	H032	H012	161	TRUE
cpDNA	H047	H012	161	TRUE
cpDNA	H079	H029	161	TRUE
cpDNA	H115	H029	161	TRUE
cpDNA	H135	H029	161	TRUE
cpDNA	H047	H030	161	TRUE
cpDNA	H094	H030	161	TRUE
cpDNA	H096	H030	161	TRUE
cpDNA	H066	H031	161	TRUE
cpDNA	H134	H031	161	TRUE
cpDNA	H066	H032	161	TRUE
cpDNA	H134	H032	161	TRUE
cpDNA	H039	H033	161	TRUE
cpDNA	H040	H033	161	TRUE
cpDNA	H041	H033	161	TRUE
cpDNA	H047	H033	161	TRUE
cpDNA	H082	H033	161	TRUE
cpDNA	H131	H033	161	TRUE
cpDNA	H061	H034	161	TRUE
cpDNA	H076	H034	161	TRUE
cpDNA	H081	H034	161	TRUE
cpDNA	H092	H034	161	TRUE
cpDNA	H095	H034	161	TRUE
cpDNA	H059	H035	161	TRUE
cpDNA	H076	H035	161	TRUE
cpDNA	H092	H035	161	TRUE
cpDNA	H095	H035	161	TRUE
cpDNA	H111	H036	161	TRUE
cpDNA	H112	H036	161	TRUE
cpDNA	H117	H036	161	TRUE
cpDNA	H137	H037	161	TRUE
cpDNA	H141	H037	161	TRUE
cpDNA	H144	H037	161	TRUE
cpDNA	H069	H038	161	TRUE
cpDNA	H070	H038	161	TRUE
cpDNA	H106	H038	161	TRUE
cpDNA	H143	H038	161	TRUE
cpDNA	H121	H039	161	TRUE
cpDNA	H135	H039	161	TRUE
cpDNA	H121	H040	161	TRUE
cpDNA	H135	H040	161	TRUE
cpDNA	H121	H041	161	TRUE
cpDNA	H135	H041	161	TRUE
cpDNA	H059	H042	161	TRUE
cpDNA	H107	H042	161	TRUE
cpDNA	H109	H042	161	TRUE
cpDNA	H143	H042	161	TRUE
cpDNA	H069	H043	161	TRUE
cpDNA	H070	H043	161	TRUE
cpDNA	H106	H043	161	TRUE
cpDNA	H111	H043	161	TRUE
cpDNA	H112	H043	161	TRUE
cpDNA	H117	H043	161	TRUE
cpDNA	H048	H044	161	TRUE
cpDNA	H128	H044	161	TRUE
cpDNA	H055	H045	161	TRUE
cpDNA	H067	H045	161	TRUE
cpDNA	H077	H045	161	TRUE
cpDNA	H118	H045	161	TRUE
cpDNA	H133	H047	161	TRUE
cpDNA	H130	H048	161	TRUE
cpDNA	H140	H048	161	TRUE
cpDNA	H145	H048	161	TRUE
cpDNA	H151	H048	161	TRUE
cpDNA	H118	H049	161	TRUE
cpDNA	H127	H055	161	TRUE
cpDNA	H128	H056	161	TRUE
cpDNA	H082	H058	161	TRUE
cpDNA	H096	H058	161	TRUE
cpDNA	H111	H058	161	TRUE
cpDNA	H112	H058	161	TRUE
cpDNA	H119	H058	161	TRUE
cpDNA	H131	H058	161	TRUE
cpDNA	H097	H059	161	TRUE
cpDNA	H135	H059	161	TRUE
cpDNA	H082	H060	161	TRUE
cpDNA	H096	H060	161	TRUE
cpDNA	H111	H060	161	TRUE
cpDNA	H112	H060	161	TRUE
cpDNA	H119	H060	161	TRUE
cpDNA	H131	H060	161	TRUE
cpDNA	H110	H061	161	TRUE
cpDNA	H115	H061	161	TRUE
cpDNA	H120	H061	161	TRUE
cpDNA	H142	H061	161	TRUE
cpDNA	H082	H066	161	TRUE
cpDNA	H094	H066	161	TRUE
cpDNA	H096	H066	161	TRUE
cpDNA	H111	H066	161	TRUE
cpDNA	H112	H066	161	TRUE
cpDNA	H117	H066	161	TRUE
cpDNA	H131	H066	161	TRUE
cpDNA	H137	H067	161	TRUE
cpDNA	H136	H068	161	TRUE
cpDNA	H137	H069	161	TRUE
cpDNA	H141	H069	161	TRUE
cpDNA	H144	H069	161	TRUE
cpDNA	H137	H070	161	TRUE
cpDNA	H141	H070	161	TRUE
cpDNA	H144	H070	161	TRUE
cpDNA	H114	H076	161	TRUE
cpDNA	H115	H076	161	TRUE
cpDNA	H120	H076	161	TRUE
cpDNA	H127	H077	161	TRUE
cpDNA	H134	H077	161	TRUE
cpDNA	H126	H078	161	TRUE
cpDNA	H091	H079	161	TRUE
cpDNA	H124	H080	161	TRUE
cpDNA	H135	H080	161	TRUE
cpDNA	H108	H082	161	TRUE
cpDNA	H134	H082	161	TRUE
cpDNA	H111	H083	161	TRUE
cpDNA	H112	H083	161	TRUE
cpDNA	H117	H083	161	TRUE
cpDNA	H118	H084	161	TRUE
cpDNA	H113	H085	161	TRUE
cpDNA	H119	H085	161	TRUE
cpDNA	H139	H085	161	TRUE
cpDNA	H113	H086	161	TRUE
cpDNA	H119	H086	161	TRUE
cpDNA	H139	H086	161	TRUE
cpDNA	H121	H087	161	TRUE
cpDNA	H110	H088	161	TRUE
cpDNA	H142	H088	161	TRUE
cpDNA	H127	H089	161	TRUE
cpDNA	H138	H090	161	TRUE
cpDNA	H134	H092	161	TRUE
cpDNA	H107	H093	161	TRUE
cpDNA	H109	H093	161	TRUE
cpDNA	H117	H093	161	TRUE
cpDNA	H143	H093	161	TRUE
cpDNA	H108	H094	161	TRUE
cpDNA	H121	H094	161	TRUE
cpDNA	H137	H094	161	TRUE
cpDNA	H141	H094	161	TRUE
cpDNA	H144	H094	161	TRUE
cpDNA	H134	H095	161	TRUE
cpDNA	H108	H096	161	TRUE
cpDNA	H137	H096	161	TRUE
cpDNA	H141	H096	161	TRUE
cpDNA	H144	H096	161	TRUE
cpDNA	H107	H097	161	TRUE
cpDNA	H109	H097	161	TRUE
cpDNA	H143	H097	161	TRUE
cpDNA	H137	H106	161	TRUE
cpDNA	H141	H106	161	TRUE
cpDNA	H144	H106	161	TRUE
cpDNA	H121	H107	161	TRUE
cpDNA	H135	H107	161	TRUE
cpDNA	H111	H108	161	TRUE
cpDNA	H112	H108	161	TRUE
cpDNA	H117	H108	161	TRUE
cpDNA	H131	H108	161	TRUE
cpDNA	H121	H109	161	TRUE
cpDNA	H135	H109	161	TRUE
cpDNA	H127	H112	161	TRUE
cpDNA	H124	H113	161	TRUE
cpDNA	H126	H114	161	TRUE
cpDNA	H136	H115	161	TRUE
cpDNA	H129	H118	161	TRUE
cpDNA	H132	H118	161	TRUE
cpDNA	H124	H119	161	TRUE
cpDNA	H126	H120	161	TRUE
cpDNA	H123	H121	161	TRUE
cpDNA	H125	H121	161	TRUE
cpDNA	H139	H124	161	TRUE
cpDNA	H143	H127	161	TRUE
cpDNA	H146	H127	161	TRUE
cpDNA	H130	H128	161	TRUE
cpDNA	H141	H128	161	TRUE
cpDNA	H144	H128	161	TRUE
cpDNA	H145	H128	161	TRUE
cpDNA	H151	H128	161	TRUE
cpDNA	H134	H131	161	TRUE
cpDNA	H149	H138	161	TRUE
cpDNA	H048	H001	162	TRUE
cpDNA	H010	H002	162	TRUE
cpDNA	H094	H002	162	TRUE
cpDNA	H096	H002	162	TRUE
cpDNA	H034	H003	162	TRUE
cpDNA	H035	H003	162	TRUE
cpDNA	H134	H003	162	TRUE
cpDNA	H141	H003	162	TRUE
cpDNA	H031	H004	162	TRUE
cpDNA	H032	H004	162	TRUE
cpDNA	H047	H004	162	TRUE
cpDNA	H085	H005	162	TRUE
cpDNA	H086	H005	162	TRUE
cpDNA	H124	H005	162	TRUE
cpDNA	H029	H006	162	TRUE
cpDNA	H061	H006	162	TRUE
cpDNA	H076	H006	162	TRUE
cpDNA	H136	H006	162	TRUE
cpDNA	H069	H008	162	TRUE
cpDNA	H070	H008	162	TRUE
cpDNA	H106	H008	162	TRUE
cpDNA	H111	H008	162	TRUE
cpDNA	H112	H008	162	TRUE
cpDNA	H117	H008	162	TRUE
cpDNA	H030	H009	162	TRUE
cpDNA	H033	H009	162	TRUE
cpDNA	H038	H009	162	TRUE
cpDNA	H043	H009	162	TRUE
cpDNA	H121	H009	162	TRUE
cpDNA	H141	H009	162	TRUE
cpDNA	H143	H010	162	TRUE
cpDNA	H035	H011	162	TRUE
cpDNA	H068	H011	162	TRUE
cpDNA	H115	H011	162	TRUE
cpDNA	H030	H012	162	TRUE
cpDNA	H049	H012	162	TRUE
cpDNA	H079	H012	162	TRUE
cpDNA	H061	H029	162	TRUE
cpDNA	H067	H029	162	TRUE
cpDNA	H076	H029	162	TRUE
cpDNA	H092	H029	162	TRUE
cpDNA	H095	H029	162	TRUE
cpDNA	H148	H029	162	TRUE
cpDNA	H049	H030	162	TRUE
cpDNA	H079	H030	162	TRUE
cpDNA	H115	H030	162	TRUE
cpDNA	H135	H030	162	TRUE
cpDNA	H046	H031	162	TRUE
cpDNA	H069	H031	162	TRUE
cpDNA	H081	H031	162	TRUE
cpDNA	H091	H031	162	TRUE
cpDNA	H106	H031	162	TRUE
cpDNA	H136	H031	162	TRUE
cpDNA	H150	H031	162	TRUE
cpDNA	H046	H032	162	TRUE
cpDNA	H069	H032	162	TRUE
cpDNA	H081	H032	162	TRUE
cpDNA	H091	H032	162	TRUE
cpDNA	H106	H032	162	TRUE
cpDNA	H136	H032	162	TRUE
cpDNA	H150	H032	162	TRUE
cpDNA	H042	H033	162	TRUE
cpDNA	H049	H033	162	TRUE
cpDNA	H093	H033	162	TRUE
cpDNA	H097	H033	162	TRUE
cpDNA	H058	H034	162	TRUE
cpDNA	H060	H034	162	TRUE
cpDNA	H090	H034	162	TRUE
cpDNA	H108	H034	162	TRUE
cpDNA	H149	H034	162	TRUE
cpDNA	H090	H035	162	TRUE
cpDNA	H108	H035	162	TRUE
cpDNA	H135	H035	162	TRUE
cpDNA	H149	H035	162	TRUE
cpDNA	H110	H036	162	TRUE
cpDNA	H142	H036	162	TRUE
cpDNA	H069	H037	162	TRUE
cpDNA	H070	H037	162	TRUE
cpDNA	H106	H037	162	TRUE
cpDNA	H143	H037	162	TRUE
cpDNA	H068	H038	162	TRUE
cpDNA	H121	H038	162	TRUE
cpDNA	H135	H038	162	TRUE
cpDNA	H069	H039	162	TRUE
cpDNA	H070	H039	162	TRUE
cpDNA	H106	H039	162	TRUE
cpDNA	H111	H039	162	TRUE
cpDNA	H117	H039	162	TRUE
cpDNA	H069	H040	162	TRUE
cpDNA	H070	H040	162	TRUE
cpDNA	H106	H040	162	TRUE
cpDNA	H111	H040	162	TRUE
cpDNA	H112	H040	162	TRUE
cpDNA	H117	H040	162	TRUE
cpDNA	H069	H041	162	TRUE
cpDNA	H070	H041	162	TRUE
cpDNA	H106	H041	162	TRUE
cpDNA	H111	H041	162	TRUE
cpDNA	H112	H041	162	TRUE
cpDNA	H117	H041	162	TRUE
cpDNA	H121	H042	162	TRUE
cpDNA	H135	H042	162	TRUE
cpDNA	H068	H043	162	TRUE
cpDNA	H110	H043	162	TRUE
cpDNA	H142	H043	162	TRUE
cpDNA	H056	H045	162	TRUE
cpDNA	H133	H045	162	TRUE
cpDNA	H047	H046	162	TRUE
cpDNA	H081	H047	162	TRUE
cpDNA	H091	H047	162	TRUE
cpDNA	H150	H047	162	TRUE
cpDNA	H089	H048	162	TRUE
cpDNA	H146	H048	162	TRUE
cpDNA	H133	H049	162	TRUE
cpDNA	H128	H055	162	TRUE
cpDNA	H138	H055	162	TRUE
cpDNA	H110	H058	162	TRUE
cpDNA	H115	H058	162	TRUE
cpDNA	H120	H058	162	TRUE
cpDNA	H142	H058	162	TRUE
cpDNA	H082	H059	162	TRUE
cpDNA	H096	H059	162	TRUE
cpDNA	H111	H059	162	TRUE
cpDNA	H112	H059	162	TRUE
cpDNA	H119	H059	162	TRUE
cpDNA	H131	H059	162	TRUE
cpDNA	H110	H060	162	TRUE
cpDNA	H115	H060	162	TRUE
cpDNA	H120	H060	162	TRUE
cpDNA	H142	H060	162	TRUE
cpDNA	H092	H061	162	TRUE
cpDNA	H095	H061	162	TRUE
cpDNA	H113	H061	162	TRUE
cpDNA	H118	H061	162	TRUE
cpDNA	H139	H061	162	TRUE
cpDNA	H110	H066	162	TRUE
cpDNA	H115	H066	162	TRUE
cpDNA	H142	H066	162	TRUE
cpDNA	H136	H067	162	TRUE
cpDNA	H138	H067	162	TRUE
cpDNA	H137	H068	162	TRUE
cpDNA	H141	H068	162	TRUE
cpDNA	H144	H068	162	TRUE
cpDNA	H143	H069	162	TRUE
cpDNA	H143	H070	162	TRUE
cpDNA	H092	H076	162	TRUE
cpDNA	H095	H076	162	TRUE
cpDNA	H118	H076	162	TRUE
cpDNA	H128	H077	162	TRUE
cpDNA	H136	H077	162	TRUE
cpDNA	H135	H078	162	TRUE
cpDNA	H107	H082	162	TRUE
cpDNA	H109	H082	162	TRUE
cpDNA	H136	H082	162	TRUE
cpDNA	H110	H083	162	TRUE
cpDNA	H142	H083	162	TRUE
cpDNA	H133	H084	162	TRUE
cpDNA	H114	H085	162	TRUE
cpDNA	H120	H085	162	TRUE
cpDNA	H114	H086	162	TRUE
cpDNA	H120	H086	162	TRUE
cpDNA	H111	H087	162	TRUE
cpDNA	H112	H087	162	TRUE
cpDNA	H117	H087	162	TRUE
cpDNA	H113	H088	162	TRUE
cpDNA	H119	H088	162	TRUE
cpDNA	H139	H088	162	TRUE
cpDNA	H128	H089	162	TRUE
cpDNA	H134	H090	162	TRUE
cpDNA	H141	H090	162	TRUE
cpDNA	H136	H092	162	TRUE
cpDNA	H135	H093	162	TRUE
cpDNA	H107	H094	162	TRUE
cpDNA	H109	H094	162	TRUE
cpDNA	H112	H094	162	TRUE
cpDNA	H117	H094	162	TRUE
cpDNA	H143	H094	162	TRUE
cpDNA	H136	H095	162	TRUE
cpDNA	H107	H096	162	TRUE
cpDNA	H109	H096	162	TRUE
cpDNA	H143	H096	162	TRUE
cpDNA	H121	H097	162	TRUE
cpDNA	H135	H097	162	TRUE
cpDNA	H143	H106	162	TRUE
cpDNA	H111	H107	162	TRUE
cpDNA	H112	H107	162	TRUE
cpDNA	H117	H107	162	TRUE
cpDNA	H131	H107	162	TRUE
cpDNA	H110	H108	162	TRUE
cpDNA	H115	H108	162	TRUE
cpDNA	H142	H108	162	TRUE
cpDNA	H111	H109	162	TRUE
cpDNA	H112	H109	162	TRUE
cpDNA	H117	H109	162	TRUE
cpDNA	H131	H109	162	TRUE
cpDNA	H123	H111	162	TRUE
cpDNA	H125	H111	162	TRUE
cpDNA	H123	H112	162	TRUE
cpDNA	H128	H112	162	TRUE
cpDNA	H137	H115	162	TRUE
cpDNA	H141	H115	162	TRUE
cpDNA	H144	H115	162	TRUE
cpDNA	H123	H117	162	TRUE
cpDNA	H125	H117	162	TRUE
cpDNA	H126	H118	162	TRUE
cpDNA	H124	H120	162	TRUE
cpDNA	H127	H121	162	TRUE
cpDNA	H143	H128	162	TRUE
cpDNA	H146	H128	162	TRUE
cpDNA	H133	H129	162	TRUE
cpDNA	H136	H131	162	TRUE
cpDNA	H133	H132	162	TRUE
cpDNA	H149	H134	162	TRUE
cpDNA	H149	H141	162	TRUE
cpDNA	H079	H001	163	TRUE
cpDNA	H012	H002	163	TRUE
cpDNA	H079	H002	163	TRUE
cpDNA	H115	H002	163	TRUE
cpDNA	H135	H002	163	TRUE
cpDNA	H029	H003	163	TRUE
cpDNA	H061	H003	163	TRUE
cpDNA	H076	H003	163	TRUE
cpDNA	H136	H003	163	TRUE
cpDNA	H049	H004	163	TRUE
cpDNA	H061	H005	163	TRUE
cpDNA	H088	H005	163	TRUE
cpDNA	H011	H006	163	TRUE
cpDNA	H030	H006	163	TRUE
cpDNA	H058	H006	163	TRUE
cpDNA	H060	H006	163	TRUE
cpDNA	H066	H006	163	TRUE
cpDNA	H108	H006	163	TRUE
cpDNA	H137	H006	163	TRUE
cpDNA	H144	H006	163	TRUE
cpDNA	H009	H008	163	TRUE
cpDNA	H068	H008	163	TRUE
cpDNA	H110	H008	163	TRUE
cpDNA	H142	H008	163	TRUE
cpDNA	H031	H009	163	TRUE
cpDNA	H032	H009	163	TRUE
cpDNA	H037	H009	163	TRUE
cpDNA	H039	H009	163	TRUE
cpDNA	H040	H009	163	TRUE
cpDNA	H041	H009	163	TRUE
cpDNA	H111	H009	163	TRUE
cpDNA	H112	H009	163	TRUE
cpDNA	H117	H009	163	TRUE
cpDNA	H030	H010	163	TRUE
cpDNA	H033	H010	163	TRUE
cpDNA	H038	H010	163	TRUE
cpDNA	H043	H010	163	TRUE
cpDNA	H121	H010	163	TRUE
cpDNA	H141	H010	163	TRUE
cpDNA	H029	H011	163	TRUE
cpDNA	H031	H011	163	TRUE
cpDNA	H032	H011	163	TRUE
cpDNA	H077	H011	163	TRUE
cpDNA	H080	H011	163	TRUE
cpDNA	H082	H011	163	TRUE
cpDNA	H092	H011	163	TRUE
cpDNA	H095	H011	163	TRUE
cpDNA	H131	H011	163	TRUE
cpDNA	H058	H029	163	TRUE
cpDNA	H060	H029	163	TRUE
cpDNA	H090	H029	163	TRUE
cpDNA	H108	H029	163	TRUE
cpDNA	H137	H029	163	TRUE
cpDNA	H147	H029	163	TRUE
cpDNA	H149	H029	163	TRUE
cpDNA	H081	H030	163	TRUE
cpDNA	H092	H030	163	TRUE
cpDNA	H095	H030	163	TRUE
cpDNA	H148	H030	163	TRUE
cpDNA	H044	H031	163	TRUE
cpDNA	H068	H031	163	TRUE
cpDNA	H130	H031	163	TRUE
cpDNA	H137	H031	163	TRUE
cpDNA	H141	H031	163	TRUE
cpDNA	H144	H031	163	TRUE
cpDNA	H145	H031	163	TRUE
cpDNA	H151	H031	163	TRUE
cpDNA	H044	H032	163	TRUE
cpDNA	H068	H032	163	TRUE
cpDNA	H121	H032	163	TRUE
cpDNA	H130	H032	163	TRUE
cpDNA	H137	H032	163	TRUE
cpDNA	H141	H032	163	TRUE
cpDNA	H144	H032	163	TRUE
cpDNA	H145	H032	163	TRUE
cpDNA	H151	H032	163	TRUE
cpDNA	H094	H033	163	TRUE
cpDNA	H096	H033	163	TRUE
cpDNA	H059	H034	163	TRUE
cpDNA	H107	H034	163	TRUE
cpDNA	H109	H034	163	TRUE
cpDNA	H138	H034	163	TRUE
cpDNA	H067	H035	163	TRUE
cpDNA	H107	H035	163	TRUE
cpDNA	H109	H035	163	TRUE
cpDNA	H136	H035	163	TRUE
cpDNA	H138	H035	163	TRUE
cpDNA	H148	H035	163	TRUE
cpDNA	H055	H036	163	TRUE
cpDNA	H067	H036	163	TRUE
cpDNA	H077	H036	163	TRUE
cpDNA	H113	H036	163	TRUE
cpDNA	H119	H036	163	TRUE
cpDNA	H139	H036	163	TRUE
cpDNA	H068	H037	163	TRUE
cpDNA	H121	H037	163	TRUE
cpDNA	H135	H037	163	TRUE
cpDNA	H111	H038	163	TRUE
cpDNA	H112	H038	163	TRUE
cpDNA	H117	H038	163	TRUE
cpDNA	H068	H039	163	TRUE
cpDNA	H110	H039	163	TRUE
cpDNA	H114	H039	163	TRUE
cpDNA	H142	H039	163	TRUE
cpDNA	H068	H040	163	TRUE
cpDNA	H110	H040	163	TRUE
cpDNA	H142	H040	163	TRUE
cpDNA	H068	H041	163	TRUE
cpDNA	H110	H041	163	TRUE
cpDNA	H142	H041	163	TRUE
cpDNA	H069	H042	163	TRUE
cpDNA	H070	H042	163	TRUE
cpDNA	H106	H042	163	TRUE
cpDNA	H111	H042	163	TRUE
cpDNA	H112	H042	163	TRUE
cpDNA	H117	H042	163	TRUE
cpDNA	H113	H043	163	TRUE
cpDNA	H119	H043	163	TRUE
cpDNA	H139	H043	163	TRUE
cpDNA	H047	H044	163	TRUE
cpDNA	H049	H046	163	TRUE
cpDNA	H079	H046	163	TRUE
cpDNA	H130	H047	163	TRUE
cpDNA	H140	H047	163	TRUE
cpDNA	H145	H047	163	TRUE
cpDNA	H151	H047	163	TRUE
cpDNA	H081	H049	163	TRUE
cpDNA	H091	H049	163	TRUE
cpDNA	H150	H049	163	TRUE
cpDNA	H134	H055	163	TRUE
cpDNA	H138	H056	163	TRUE
cpDNA	H092	H058	163	TRUE
cpDNA	H095	H058	163	TRUE
cpDNA	H113	H058	163	TRUE
cpDNA	H118	H058	163	TRUE
cpDNA	H139	H058	163	TRUE
cpDNA	H110	H059	163	TRUE
cpDNA	H115	H059	163	TRUE
cpDNA	H120	H059	163	TRUE
cpDNA	H142	H059	163	TRUE
cpDNA	H092	H060	163	TRUE
cpDNA	H095	H060	163	TRUE
cpDNA	H113	H060	163	TRUE
cpDNA	H118	H060	163	TRUE
cpDNA	H139	H060	163	TRUE
cpDNA	H090	H061	163	TRUE
cpDNA	H114	H061	163	TRUE
cpDNA	H149	H061	163	TRUE
cpDNA	H092	H066	163	TRUE
cpDNA	H095	H066	163	TRUE
cpDNA	H113	H066	163	TRUE
cpDNA	H119	H066	163	TRUE
cpDNA	H139	H066	163	TRUE
cpDNA	H134	H067	163	TRUE
cpDNA	H143	H068	163	TRUE
cpDNA	H093	H069	163	TRUE
cpDNA	H097	H069	163	TRUE
cpDNA	H121	H069	163	TRUE
cpDNA	H135	H069	163	TRUE
cpDNA	H093	H070	163	TRUE
cpDNA	H097	H070	163	TRUE
cpDNA	H121	H070	163	TRUE
cpDNA	H135	H070	163	TRUE
cpDNA	H090	H076	163	TRUE
cpDNA	H133	H076	163	TRUE
cpDNA	H149	H076	163	TRUE
cpDNA	H137	H077	163	TRUE
cpDNA	H141	H077	163	TRUE
cpDNA	H144	H077	163	TRUE
cpDNA	H081	H079	163	TRUE
cpDNA	H089	H079	163	TRUE
cpDNA	H146	H079	163	TRUE
cpDNA	H150	H079	163	TRUE
cpDNA	H132	H080	163	TRUE
cpDNA	H137	H080	163	TRUE
cpDNA	H137	H082	163	TRUE
cpDNA	H141	H082	163	TRUE
cpDNA	H144	H082	163	TRUE
cpDNA	H113	H083	163	TRUE
cpDNA	H119	H083	163	TRUE
cpDNA	H139	H083	163	TRUE
cpDNA	H118	H085	163	TRUE
cpDNA	H118	H086	163	TRUE
cpDNA	H110	H087	163	TRUE
cpDNA	H142	H087	163	TRUE
cpDNA	H114	H088	163	TRUE
cpDNA	H120	H088	163	TRUE
cpDNA	H136	H090	163	TRUE
cpDNA	H108	H092	163	TRUE
cpDNA	H137	H092	163	TRUE
cpDNA	H141	H092	163	TRUE
cpDNA	H144	H092	163	TRUE
cpDNA	H106	H093	163	TRUE
cpDNA	H111	H093	163	TRUE
cpDNA	H112	H093	163	TRUE
cpDNA	H119	H093	163	TRUE
cpDNA	H135	H094	163	TRUE
cpDNA	H108	H095	163	TRUE
cpDNA	H137	H095	163	TRUE
cpDNA	H141	H095	163	TRUE
cpDNA	H144	H095	163	TRUE
cpDNA	H121	H096	163	TRUE
cpDNA	H135	H096	163	TRUE
cpDNA	H106	H097	163	TRUE
cpDNA	H111	H097	163	TRUE
cpDNA	H112	H097	163	TRUE
cpDNA	H117	H097	163	TRUE
cpDNA	H121	H106	163	TRUE
cpDNA	H135	H106	163	TRUE
cpDNA	H110	H107	163	TRUE
cpDNA	H115	H107	163	TRUE
cpDNA	H142	H107	163	TRUE
cpDNA	H113	H108	163	TRUE
cpDNA	H119	H108	163	TRUE
cpDNA	H139	H108	163	TRUE
cpDNA	H110	H109	163	TRUE
cpDNA	H115	H109	163	TRUE
cpDNA	H142	H109	163	TRUE
cpDNA	H123	H110	163	TRUE
cpDNA	H125	H110	163	TRUE
cpDNA	H127	H111	163	TRUE
cpDNA	H125	H114	163	TRUE
cpDNA	H143	H115	163	TRUE
cpDNA	H127	H117	163	TRUE
cpDNA	H124	H118	163	TRUE
cpDNA	H128	H121	163	TRUE
cpDNA	H142	H123	163	TRUE
cpDNA	H142	H125	163	TRUE
cpDNA	H133	H126	163	TRUE
cpDNA	H137	H131	163	TRUE
cpDNA	H141	H131	163	TRUE
cpDNA	H144	H131	163	TRUE
cpDNA	H149	H136	163	TRUE
cpDNA	H047	H001	164	TRUE
cpDNA	H006	H002	164	TRUE
cpDNA	H061	H002	164	TRUE
cpDNA	H067	H002	164	TRUE
cpDNA	H076	H002	164	TRUE
cpDNA	H081	H002	164	TRUE
cpDNA	H092	H002	164	TRUE
cpDNA	H095	H002	164	TRUE
cpDNA	H148	H002	164	TRUE
cpDNA	H011	H003	164	TRUE
cpDNA	H030	H003	164	TRUE
cpDNA	H058	H003	164	TRUE
cpDNA	H060	H003	164	TRUE
cpDNA	H066	H003	164	TRUE
cpDNA	H108	H003	164	TRUE
cpDNA	H137	H003	164	TRUE
cpDNA	H144	H003	164	TRUE
cpDNA	H138	H004	164	TRUE
cpDNA	H036	H005	164	TRUE
cpDNA	H043	H005	164	TRUE
cpDNA	H058	H005	164	TRUE
cpDNA	H060	H005	164	TRUE
cpDNA	H066	H005	164	TRUE
cpDNA	H083	H005	164	TRUE
cpDNA	H108	H005	164	TRUE
cpDNA	H059	H006	164	TRUE
cpDNA	H107	H006	164	TRUE
cpDNA	H109	H006	164	TRUE
cpDNA	H143	H006	164	TRUE
cpDNA	H010	H008	164	TRUE
cpDNA	H113	H008	164	TRUE
cpDNA	H119	H008	164	TRUE
cpDNA	H139	H008	164	TRUE
cpDNA	H042	H009	164	TRUE
cpDNA	H093	H009	164	TRUE
cpDNA	H097	H009	164	TRUE
cpDNA	H110	H009	164	TRUE
cpDNA	H142	H009	164	TRUE
cpDNA	H031	H010	164	TRUE
cpDNA	H032	H010	164	TRUE
cpDNA	H037	H010	164	TRUE
cpDNA	H039	H010	164	TRUE
cpDNA	H040	H010	164	TRUE
cpDNA	H041	H010	164	TRUE
cpDNA	H111	H010	164	TRUE
cpDNA	H112	H010	164	TRUE
cpDNA	H117	H010	164	TRUE
cpDNA	H030	H011	164	TRUE
cpDNA	H078	H011	164	TRUE
cpDNA	H090	H011	164	TRUE
cpDNA	H149	H011	164	TRUE
cpDNA	H033	H012	164	TRUE
cpDNA	H035	H012	164	TRUE
cpDNA	H059	H029	164	TRUE
cpDNA	H107	H029	164	TRUE
cpDNA	H109	H029	164	TRUE
cpDNA	H136	H029	164	TRUE
cpDNA	H138	H029	164	TRUE
cpDNA	H090	H030	164	TRUE
cpDNA	H137	H030	164	TRUE
cpDNA	H147	H030	164	TRUE
cpDNA	H149	H030	164	TRUE
cpDNA	H070	H031	164	TRUE
cpDNA	H089	H031	164	TRUE
cpDNA	H143	H031	164	TRUE
cpDNA	H146	H031	164	TRUE
cpDNA	H070	H032	164	TRUE
cpDNA	H089	H032	164	TRUE
cpDNA	H111	H032	164	TRUE
cpDNA	H117	H032	164	TRUE
cpDNA	H143	H032	164	TRUE
cpDNA	H146	H032	164	TRUE
cpDNA	H079	H033	164	TRUE
cpDNA	H115	H033	164	TRUE
cpDNA	H135	H033	164	TRUE
cpDNA	H066	H034	164	TRUE
cpDNA	H130	H034	164	TRUE
cpDNA	H134	H034	164	TRUE
cpDNA	H066	H035	164	TRUE
cpDNA	H134	H035	164	TRUE
cpDNA	H137	H035	164	TRUE
cpDNA	H147	H035	164	TRUE
cpDNA	H056	H036	164	TRUE
cpDNA	H114	H036	164	TRUE
cpDNA	H120	H036	164	TRUE
cpDNA	H111	H037	164	TRUE
cpDNA	H112	H037	164	TRUE
cpDNA	H117	H037	164	TRUE
cpDNA	H110	H038	164	TRUE
cpDNA	H142	H038	164	TRUE
cpDNA	H113	H039	164	TRUE
cpDNA	H119	H039	164	TRUE
cpDNA	H139	H039	164	TRUE
cpDNA	H113	H040	164	TRUE
cpDNA	H119	H040	164	TRUE
cpDNA	H139	H040	164	TRUE
cpDNA	H113	H041	164	TRUE
cpDNA	H119	H041	164	TRUE
cpDNA	H139	H041	164	TRUE
cpDNA	H068	H042	164	TRUE
cpDNA	H110	H042	164	TRUE
cpDNA	H142	H042	164	TRUE
cpDNA	H114	H043	164	TRUE
cpDNA	H120	H043	164	TRUE
cpDNA	H049	H044	164	TRUE
cpDNA	H079	H044	164	TRUE
cpDNA	H140	H045	164	TRUE
cpDNA	H138	H046	164	TRUE
cpDNA	H089	H047	164	TRUE
cpDNA	H146	H047	164	TRUE
cpDNA	H148	H048	164	TRUE
cpDNA	H130	H049	164	TRUE
cpDNA	H140	H049	164	TRUE
cpDNA	H145	H049	164	TRUE
cpDNA	H151	H049	164	TRUE
cpDNA	H136	H055	164	TRUE
cpDNA	H134	H056	164	TRUE
cpDNA	H137	H056	164	TRUE
cpDNA	H090	H058	164	TRUE
cpDNA	H114	H058	164	TRUE
cpDNA	H149	H058	164	TRUE
cpDNA	H092	H059	164	TRUE
cpDNA	H095	H059	164	TRUE
cpDNA	H113	H059	164	TRUE
cpDNA	H118	H059	164	TRUE
cpDNA	H139	H059	164	TRUE
cpDNA	H090	H060	164	TRUE
cpDNA	H114	H060	164	TRUE
cpDNA	H149	H060	164	TRUE
cpDNA	H090	H066	164	TRUE
cpDNA	H114	H066	164	TRUE
cpDNA	H120	H066	164	TRUE
cpDNA	H149	H066	164	TRUE
cpDNA	H093	H068	164	TRUE
cpDNA	H097	H068	164	TRUE
cpDNA	H121	H068	164	TRUE
cpDNA	H135	H068	164	TRUE
cpDNA	H082	H069	164	TRUE
cpDNA	H094	H069	164	TRUE
cpDNA	H096	H069	164	TRUE
cpDNA	H111	H069	164	TRUE
cpDNA	H112	H069	164	TRUE
cpDNA	H117	H069	164	TRUE
cpDNA	H131	H069	164	TRUE
cpDNA	H082	H070	164	TRUE
cpDNA	H094	H070	164	TRUE
cpDNA	H096	H070	164	TRUE
cpDNA	H111	H070	164	TRUE
cpDNA	H112	H070	164	TRUE
cpDNA	H117	H070	164	TRUE
cpDNA	H131	H070	164	TRUE
cpDNA	H143	H077	164	TRUE
cpDNA	H132	H078	164	TRUE
cpDNA	H137	H078	164	TRUE
cpDNA	H130	H079	164	TRUE
cpDNA	H145	H079	164	TRUE
cpDNA	H151	H079	164	TRUE
cpDNA	H136	H080	164	TRUE
cpDNA	H138	H080	164	TRUE
cpDNA	H106	H082	164	TRUE
cpDNA	H143	H082	164	TRUE
cpDNA	H114	H083	164	TRUE
cpDNA	H120	H083	164	TRUE
cpDNA	H140	H084	164	TRUE
cpDNA	H133	H085	164	TRUE
cpDNA	H133	H086	164	TRUE
cpDNA	H113	H087	164	TRUE
cpDNA	H119	H087	164	TRUE
cpDNA	H139	H087	164	TRUE
cpDNA	H118	H088	164	TRUE
cpDNA	H108	H090	164	TRUE
cpDNA	H137	H090	164	TRUE
cpDNA	H144	H090	164	TRUE
cpDNA	H138	H091	164	TRUE
cpDNA	H107	H092	164	TRUE
cpDNA	H109	H092	164	TRUE
cpDNA	H143	H092	164	TRUE
cpDNA	H110	H093	164	TRUE
cpDNA	H120	H093	164	TRUE
cpDNA	H142	H093	164	TRUE
cpDNA	H106	H094	164	TRUE
cpDNA	H111	H094	164	TRUE
cpDNA	H119	H094	164	TRUE
cpDNA	H107	H095	164	TRUE
cpDNA	H109	H095	164	TRUE
cpDNA	H143	H095	164	TRUE
cpDNA	H106	H096	164	TRUE
cpDNA	H111	H096	164	TRUE
cpDNA	H112	H096	164	TRUE
cpDNA	H117	H096	164	TRUE
cpDNA	H110	H097	164	TRUE
cpDNA	H142	H097	164	TRUE
cpDNA	H111	H106	164	TRUE
cpDNA	H112	H106	164	TRUE
cpDNA	H117	H106	164	TRUE
cpDNA	H131	H106	164	TRUE
cpDNA	H113	H107	164	TRUE
cpDNA	H119	H107	164	TRUE
cpDNA	H139	H107	164	TRUE
cpDNA	H114	H108	164	TRUE
cpDNA	H120	H108	164	TRUE
cpDNA	H149	H108	164	TRUE
cpDNA	H113	H109	164	TRUE
cpDNA	H119	H109	164	TRUE
cpDNA	H139	H109	164	TRUE
cpDNA	H127	H110	164	TRUE
cpDNA	H128	H111	164	TRUE
cpDNA	H123	H113	164	TRUE
cpDNA	H125	H113	164	TRUE
cpDNA	H127	H114	164	TRUE
cpDNA	H121	H115	164	TRUE
cpDNA	H135	H115	164	TRUE
cpDNA	H128	H117	164	TRUE
cpDNA	H123	H119	164	TRUE
cpDNA	H125	H119	164	TRUE
cpDNA	H139	H123	164	TRUE
cpDNA	H133	H124	164	TRUE
cpDNA	H139	H125	164	TRUE
cpDNA	H142	H127	164	TRUE
cpDNA	H140	H129	164	TRUE
cpDNA	H143	H131	164	TRUE
cpDNA	H140	H132	164	TRUE
cpDNA	H149	H137	164	TRUE
cpDNA	H150	H138	164	TRUE
cpDNA	H149	H144	164	TRUE
cpDNA	H045	H001	165	TRUE
cpDNA	H049	H001	165	TRUE
cpDNA	H084	H001	165	TRUE
cpDNA	H129	H001	165	TRUE
cpDNA	H132	H001	165	TRUE
cpDNA	H003	H002	165	TRUE
cpDNA	H011	H002	165	TRUE
cpDNA	H058	H002	165	TRUE
cpDNA	H060	H002	165	TRUE
cpDNA	H090	H002	165	TRUE
cpDNA	H108	H002	165	TRUE
cpDNA	H137	H002	165	TRUE
cpDNA	H147	H002	165	TRUE
cpDNA	H149	H002	165	TRUE
cpDNA	H059	H003	165	TRUE
cpDNA	H107	H003	165	TRUE
cpDNA	H109	H003	165	TRUE
cpDNA	H143	H003	165	TRUE
cpDNA	H034	H004	165	TRUE
cpDNA	H035	H004	165	TRUE
cpDNA	H134	H004	165	TRUE
cpDNA	H141	H004	165	TRUE
cpDNA	H008	H005	165	TRUE
cpDNA	H039	H005	165	TRUE
cpDNA	H040	H005	165	TRUE
cpDNA	H041	H005	165	TRUE
cpDNA	H059	H005	165	TRUE
cpDNA	H087	H005	165	TRUE
cpDNA	H107	H005	165	TRUE
cpDNA	H109	H005	165	TRUE
cpDNA	H123	H005	165	TRUE
cpDNA	H125	H005	165	TRUE
cpDNA	H033	H006	165	TRUE
cpDNA	H121	H006	165	TRUE
cpDNA	H135	H006	165	TRUE
cpDNA	H114	H008	165	TRUE
cpDNA	H120	H008	165	TRUE
cpDNA	H082	H009	165	TRUE
cpDNA	H094	H009	165	TRUE
cpDNA	H096	H009	165	TRUE
cpDNA	H113	H009	165	TRUE
cpDNA	H119	H009	165	TRUE
cpDNA	H131	H009	165	TRUE
cpDNA	H139	H009	165	TRUE
cpDNA	H042	H010	165	TRUE
cpDNA	H093	H010	165	TRUE
cpDNA	H097	H010	165	TRUE
cpDNA	H110	H010	165	TRUE
cpDNA	H142	H010	165	TRUE
cpDNA	H055	H011	165	TRUE
cpDNA	H029	H012	165	TRUE
cpDNA	H061	H012	165	TRUE
cpDNA	H076	H012	165	TRUE
cpDNA	H138	H012	165	TRUE
cpDNA	H066	H029	165	TRUE
cpDNA	H134	H029	165	TRUE
cpDNA	H061	H030	165	TRUE
cpDNA	H067	H030	165	TRUE
cpDNA	H076	H030	165	TRUE
cpDNA	H136	H030	165	TRUE
cpDNA	H138	H030	165	TRUE
cpDNA	H121	H031	165	TRUE
cpDNA	H135	H031	165	TRUE
cpDNA	H110	H032	165	TRUE
cpDNA	H135	H032	165	TRUE
cpDNA	H061	H033	165	TRUE
cpDNA	H067	H033	165	TRUE
cpDNA	H076	H033	165	TRUE
cpDNA	H081	H033	165	TRUE
cpDNA	H092	H033	165	TRUE
cpDNA	H095	H033	165	TRUE
cpDNA	H148	H033	165	TRUE
cpDNA	H046	H034	165	TRUE
cpDNA	H069	H034	165	TRUE
cpDNA	H091	H034	165	TRUE
cpDNA	H106	H034	165	TRUE
cpDNA	H136	H034	165	TRUE
cpDNA	H150	H034	165	TRUE
cpDNA	H046	H035	165	TRUE
cpDNA	H069	H035	165	TRUE
cpDNA	H081	H035	165	TRUE
cpDNA	H091	H035	165	TRUE
cpDNA	H106	H035	165	TRUE
cpDNA	H150	H035	165	TRUE
cpDNA	H118	H036	165	TRUE
cpDNA	H110	H037	165	TRUE
cpDNA	H142	H037	165	TRUE
cpDNA	H055	H038	165	TRUE
cpDNA	H067	H038	165	TRUE
cpDNA	H077	H038	165	TRUE
cpDNA	H113	H038	165	TRUE
cpDNA	H119	H038	165	TRUE
cpDNA	H139	H038	165	TRUE
cpDNA	H120	H039	165	TRUE
cpDNA	H114	H040	165	TRUE
cpDNA	H120	H040	165	TRUE
cpDNA	H114	H041	165	TRUE
cpDNA	H120	H041	165	TRUE
cpDNA	H113	H042	165	TRUE
cpDNA	H119	H042	165	TRUE
cpDNA	H139	H042	165	TRUE
cpDNA	H055	H043	165	TRUE
cpDNA	H067	H043	165	TRUE
cpDNA	H077	H043	165	TRUE
cpDNA	H118	H043	165	TRUE
cpDNA	H138	H044	165	TRUE
cpDNA	H080	H045	165	TRUE
cpDNA	H134	H046	165	TRUE
cpDNA	H147	H048	165	TRUE
cpDNA	H089	H049	165	TRUE
cpDNA	H146	H049	165	TRUE
cpDNA	H137	H055	165	TRUE
cpDNA	H141	H055	165	TRUE
cpDNA	H144	H055	165	TRUE
cpDNA	H136	H056	165	TRUE
cpDNA	H090	H059	165	TRUE
cpDNA	H114	H059	165	TRUE
cpDNA	H149	H059	165	TRUE
cpDNA	H133	H061	165	TRUE
cpDNA	H118	H066	165	TRUE
cpDNA	H141	H067	165	TRUE
cpDNA	H144	H067	165	TRUE
cpDNA	H082	H068	165	TRUE
cpDNA	H094	H068	165	TRUE
cpDNA	H096	H068	165	TRUE
cpDNA	H111	H068	165	TRUE
cpDNA	H112	H068	165	TRUE
cpDNA	H117	H068	165	TRUE
cpDNA	H131	H068	165	TRUE
cpDNA	H110	H069	165	TRUE
cpDNA	H115	H069	165	TRUE
cpDNA	H142	H069	165	TRUE
cpDNA	H110	H070	165	TRUE
cpDNA	H115	H070	165	TRUE
cpDNA	H142	H070	165	TRUE
cpDNA	H140	H076	165	TRUE
cpDNA	H121	H077	165	TRUE
cpDNA	H135	H077	165	TRUE
cpDNA	H136	H078	165	TRUE
cpDNA	H138	H078	165	TRUE
cpDNA	H134	H080	165	TRUE
cpDNA	H121	H082	165	TRUE
cpDNA	H135	H082	165	TRUE
cpDNA	H118	H083	165	TRUE
cpDNA	H114	H087	165	TRUE
cpDNA	H120	H087	165	TRUE
cpDNA	H133	H088	165	TRUE
cpDNA	H107	H090	165	TRUE
cpDNA	H109	H090	165	TRUE
cpDNA	H143	H090	165	TRUE
cpDNA	H134	H091	165	TRUE
cpDNA	H141	H091	165	TRUE
cpDNA	H121	H092	165	TRUE
cpDNA	H135	H092	165	TRUE
cpDNA	H113	H093	165	TRUE
cpDNA	H118	H093	165	TRUE
cpDNA	H139	H093	165	TRUE
cpDNA	H110	H094	165	TRUE
cpDNA	H114	H094	165	TRUE
cpDNA	H120	H094	165	TRUE
cpDNA	H142	H094	165	TRUE
cpDNA	H121	H095	165	TRUE
cpDNA	H135	H095	165	TRUE
cpDNA	H110	H096	165	TRUE
cpDNA	H142	H096	165	TRUE
cpDNA	H113	H097	165	TRUE
cpDNA	H119	H097	165	TRUE
cpDNA	H139	H097	165	TRUE
cpDNA	H110	H106	165	TRUE
cpDNA	H115	H106	165	TRUE
cpDNA	H142	H106	165	TRUE
cpDNA	H114	H107	165	TRUE
cpDNA	H120	H107	165	TRUE
cpDNA	H149	H107	165	TRUE
cpDNA	H118	H108	165	TRUE
cpDNA	H114	H109	165	TRUE
cpDNA	H120	H109	165	TRUE
cpDNA	H149	H109	165	TRUE
cpDNA	H128	H110	165	TRUE
cpDNA	H115	H111	165	TRUE
cpDNA	H115	H112	165	TRUE
cpDNA	H127	H113	165	TRUE
cpDNA	H123	H114	165	TRUE
cpDNA	H128	H114	165	TRUE
cpDNA	H117	H115	165	TRUE
cpDNA	H127	H119	165	TRUE
cpDNA	H123	H120	165	TRUE
cpDNA	H125	H120	165	TRUE
cpDNA	H131	H121	165	TRUE
cpDNA	H140	H126	165	TRUE
cpDNA	H139	H127	165	TRUE
cpDNA	H142	H128	165	TRUE
cpDNA	H135	H131	165	TRUE
cpDNA	H150	H134	165	TRUE
cpDNA	H148	H135	165	TRUE
cpDNA	H145	H138	165	TRUE
cpDNA	H151	H138	165	TRUE
cpDNA	H149	H143	165	TRUE
cpDNA	H076	H001	166	TRUE
cpDNA	H126	H001	166	TRUE
cpDNA	H059	H002	166	TRUE
cpDNA	H107	H002	166	TRUE
cpDNA	H109	H002	166	TRUE
cpDNA	H136	H002	166	TRUE
cpDNA	H138	H002	166	TRUE
cpDNA	H033	H003	166	TRUE
cpDNA	H121	H003	166	TRUE
cpDNA	H135	H003	166	TRUE
cpDNA	H029	H004	166	TRUE
cpDNA	H061	H004	166	TRUE
cpDNA	H076	H004	166	TRUE
cpDNA	H136	H004	166	TRUE
cpDNA	H009	H005	166	TRUE
cpDNA	H038	H005	166	TRUE
cpDNA	H042	H005	166	TRUE
cpDNA	H093	H005	166	TRUE
cpDNA	H097	H005	166	TRUE
cpDNA	H127	H005	166	TRUE
cpDNA	H069	H006	166	TRUE
cpDNA	H070	H006	166	TRUE
cpDNA	H106	H006	166	TRUE
cpDNA	H111	H006	166	TRUE
cpDNA	H112	H006	166	TRUE
cpDNA	H117	H006	166	TRUE
cpDNA	H055	H008	166	TRUE
cpDNA	H067	H008	166	TRUE
cpDNA	H077	H008	166	TRUE
cpDNA	H118	H008	166	TRUE
cpDNA	H034	H009	166	TRUE
cpDNA	H114	H009	166	TRUE
cpDNA	H115	H009	166	TRUE
cpDNA	H120	H009	166	TRUE
cpDNA	H082	H010	166	TRUE
cpDNA	H094	H010	166	TRUE
cpDNA	H096	H010	166	TRUE
cpDNA	H113	H010	166	TRUE
cpDNA	H119	H010	166	TRUE
cpDNA	H131	H010	166	TRUE
cpDNA	H139	H010	166	TRUE
cpDNA	H033	H011	166	TRUE
cpDNA	H034	H011	166	TRUE
cpDNA	H056	H011	166	TRUE
cpDNA	H058	H012	166	TRUE
cpDNA	H060	H012	166	TRUE
cpDNA	H066	H012	166	TRUE
cpDNA	H108	H012	166	TRUE
cpDNA	H134	H012	166	TRUE
cpDNA	H046	H029	166	TRUE
cpDNA	H069	H029	166	TRUE
cpDNA	H080	H029	166	TRUE
cpDNA	H081	H029	166	TRUE
cpDNA	H091	H029	166	TRUE
cpDNA	H106	H029	166	TRUE
cpDNA	H150	H029	166	TRUE
cpDNA	H058	H030	166	TRUE
cpDNA	H060	H030	166	TRUE
cpDNA	H066	H030	166	TRUE
cpDNA	H108	H030	166	TRUE
cpDNA	H130	H030	166	TRUE
cpDNA	H134	H030	166	TRUE
cpDNA	H055	H031	166	TRUE
cpDNA	H067	H031	166	TRUE
cpDNA	H077	H031	166	TRUE
cpDNA	H111	H031	166	TRUE
cpDNA	H112	H031	166	TRUE
cpDNA	H117	H031	166	TRUE
cpDNA	H148	H031	166	TRUE
cpDNA	H055	H032	166	TRUE
cpDNA	H067	H032	166	TRUE
cpDNA	H077	H032	166	TRUE
cpDNA	H112	H032	166	TRUE
cpDNA	H113	H032	166	TRUE
cpDNA	H119	H032	166	TRUE
cpDNA	H148	H032	166	TRUE
cpDNA	H058	H033	166	TRUE
cpDNA	H060	H033	166	TRUE
cpDNA	H090	H033	166	TRUE
cpDNA	H108	H033	166	TRUE
cpDNA	H137	H033	166	TRUE
cpDNA	H147	H033	166	TRUE
cpDNA	H149	H033	166	TRUE
cpDNA	H044	H034	166	TRUE
cpDNA	H068	H034	166	TRUE
cpDNA	H137	H034	166	TRUE
cpDNA	H141	H034	166	TRUE
cpDNA	H144	H034	166	TRUE
cpDNA	H145	H034	166	TRUE
cpDNA	H151	H034	166	TRUE
cpDNA	H044	H035	166	TRUE
cpDNA	H068	H035	166	TRUE
cpDNA	H121	H035	166	TRUE
cpDNA	H130	H035	166	TRUE
cpDNA	H141	H035	166	TRUE
cpDNA	H144	H035	166	TRUE
cpDNA	H145	H035	166	TRUE
cpDNA	H151	H035	166	TRUE
cpDNA	H133	H036	166	TRUE
cpDNA	H055	H037	166	TRUE
cpDNA	H067	H037	166	TRUE
cpDNA	H077	H037	166	TRUE
cpDNA	H113	H037	166	TRUE
cpDNA	H119	H037	166	TRUE
cpDNA	H139	H037	166	TRUE
cpDNA	H056	H038	166	TRUE
cpDNA	H114	H038	166	TRUE
cpDNA	H120	H038	166	TRUE
cpDNA	H055	H039	166	TRUE
cpDNA	H067	H039	166	TRUE
cpDNA	H077	H039	166	TRUE
cpDNA	H118	H039	166	TRUE
cpDNA	H055	H040	166	TRUE
cpDNA	H067	H040	166	TRUE
cpDNA	H077	H040	166	TRUE
cpDNA	H118	H040	166	TRUE
cpDNA	H055	H041	166	TRUE
cpDNA	H067	H041	166	TRUE
cpDNA	H077	H041	166	TRUE
cpDNA	H118	H041	166	TRUE
cpDNA	H114	H042	166	TRUE
cpDNA	H120	H042	166	TRUE
cpDNA	H056	H043	166	TRUE
cpDNA	H133	H043	166	TRUE
cpDNA	H134	H044	166	TRUE
cpDNA	H078	H045	166	TRUE
cpDNA	H061	H046	166	TRUE
cpDNA	H076	H046	166	TRUE
cpDNA	H136	H046	166	TRUE
cpDNA	H148	H047	166	TRUE
cpDNA	H143	H055	166	TRUE
cpDNA	H135	H056	166	TRUE
cpDNA	H141	H056	166	TRUE
cpDNA	H144	H056	166	TRUE
cpDNA	H133	H058	166	TRUE
cpDNA	H133	H060	166	TRUE
cpDNA	H081	H061	166	TRUE
cpDNA	H091	H061	166	TRUE
cpDNA	H150	H061	166	TRUE
cpDNA	H133	H066	166	TRUE
cpDNA	H143	H067	166	TRUE
cpDNA	H110	H068	166	TRUE
cpDNA	H115	H068	166	TRUE
cpDNA	H142	H068	166	TRUE
cpDNA	H092	H069	166	TRUE
cpDNA	H095	H069	166	TRUE
cpDNA	H113	H069	166	TRUE
cpDNA	H119	H069	166	TRUE
cpDNA	H139	H069	166	TRUE
cpDNA	H092	H070	166	TRUE
cpDNA	H095	H070	166	TRUE
cpDNA	H113	H070	166	TRUE
cpDNA	H119	H070	166	TRUE
cpDNA	H139	H070	166	TRUE
cpDNA	H081	H076	166	TRUE
cpDNA	H091	H076	166	TRUE
cpDNA	H150	H076	166	TRUE
cpDNA	H111	H077	166	TRUE
cpDNA	H112	H077	166	TRUE
cpDNA	H117	H077	166	TRUE
cpDNA	H131	H077	166	TRUE
cpDNA	H134	H078	166	TRUE
cpDNA	H138	H081	166	TRUE
cpDNA	H111	H082	166	TRUE
cpDNA	H112	H082	166	TRUE
cpDNA	H117	H082	166	TRUE
cpDNA	H133	H083	166	TRUE
cpDNA	H140	H085	166	TRUE
cpDNA	H140	H086	166	TRUE
cpDNA	H118	H087	166	TRUE
cpDNA	H138	H089	166	TRUE
cpDNA	H121	H090	166	TRUE
cpDNA	H135	H090	166	TRUE
cpDNA	H136	H091	166	TRUE
cpDNA	H106	H092	166	TRUE
cpDNA	H111	H092	166	TRUE
cpDNA	H112	H092	166	TRUE
cpDNA	H117	H092	166	TRUE
cpDNA	H114	H093	166	TRUE
cpDNA	H113	H094	166	TRUE
cpDNA	H118	H094	166	TRUE
cpDNA	H139	H094	166	TRUE
cpDNA	H106	H095	166	TRUE
cpDNA	H111	H095	166	TRUE
cpDNA	H112	H095	166	TRUE
cpDNA	H117	H095	166	TRUE
cpDNA	H113	H096	166	TRUE
cpDNA	H119	H096	166	TRUE
cpDNA	H139	H096	166	TRUE
cpDNA	H114	H097	166	TRUE
cpDNA	H120	H097	166	TRUE
cpDNA	H113	H106	166	TRUE
cpDNA	H119	H106	166	TRUE
cpDNA	H139	H106	166	TRUE
cpDNA	H118	H107	166	TRUE
cpDNA	H133	H108	166	TRUE
cpDNA	H118	H109	166	TRUE
cpDNA	H115	H110	166	TRUE
cpDNA	H131	H111	166	TRUE
cpDNA	H131	H112	166	TRUE
cpDNA	H128	H113	166	TRUE
cpDNA	H142	H115	166	TRUE
cpDNA	H131	H117	166	TRUE
cpDNA	H123	H118	166	TRUE
cpDNA	H125	H118	166	TRUE
cpDNA	H128	H119	166	TRUE
cpDNA	H127	H120	166	TRUE
cpDNA	H149	H121	166	TRUE
cpDNA	H140	H124	166	TRUE
cpDNA	H139	H128	166	TRUE
cpDNA	H145	H134	166	TRUE
cpDNA	H151	H134	166	TRUE
cpDNA	H147	H135	166	TRUE
cpDNA	H149	H135	166	TRUE
cpDNA	H150	H136	166	TRUE
cpDNA	H146	H138	166	TRUE
cpDNA	H085	H001	167	TRUE
cpDNA	H086	H001	167	TRUE
cpDNA	H124	H001	167	TRUE
cpDNA	H066	H002	167	TRUE
cpDNA	H130	H002	167	TRUE
cpDNA	H134	H002	167	TRUE
cpDNA	H069	H003	167	TRUE
cpDNA	H070	H003	167	TRUE
cpDNA	H106	H003	167	TRUE
cpDNA	H111	H003	167	TRUE
cpDNA	H112	H003	167	TRUE
cpDNA	H117	H003	167	TRUE
cpDNA	H011	H004	167	TRUE
cpDNA	H030	H004	167	TRUE
cpDNA	H058	H004	167	TRUE
cpDNA	H060	H004	167	TRUE
cpDNA	H066	H004	167	TRUE
cpDNA	H108	H004	167	TRUE
cpDNA	H137	H004	167	TRUE
cpDNA	H144	H004	167	TRUE
cpDNA	H010	H005	167	TRUE
cpDNA	H037	H005	167	TRUE
cpDNA	H069	H005	167	TRUE
cpDNA	H070	H005	167	TRUE
cpDNA	H094	H005	167	TRUE
cpDNA	H096	H005	167	TRUE
cpDNA	H106	H005	167	TRUE
cpDNA	H128	H005	167	TRUE
cpDNA	H009	H006	167	TRUE
cpDNA	H068	H006	167	TRUE
cpDNA	H110	H006	167	TRUE
cpDNA	H142	H006	167	TRUE
cpDNA	H056	H008	167	TRUE
cpDNA	H133	H008	167	TRUE
cpDNA	H092	H009	167	TRUE
cpDNA	H095	H009	167	TRUE
cpDNA	H118	H009	167	TRUE
cpDNA	H148	H009	167	TRUE
cpDNA	H034	H010	167	TRUE
cpDNA	H114	H010	167	TRUE
cpDNA	H115	H010	167	TRUE
cpDNA	H120	H010	167	TRUE
cpDNA	H046	H011	167	TRUE
cpDNA	H091	H011	167	TRUE
cpDNA	H148	H011	167	TRUE
cpDNA	H150	H011	167	TRUE
cpDNA	H059	H012	167	TRUE
cpDNA	H107	H012	167	TRUE
cpDNA	H109	H012	167	TRUE
cpDNA	H136	H012	167	TRUE
cpDNA	H044	H029	167	TRUE
cpDNA	H068	H029	167	TRUE
cpDNA	H078	H029	167	TRUE
cpDNA	H130	H029	167	TRUE
cpDNA	H141	H029	167	TRUE
cpDNA	H144	H029	167	TRUE
cpDNA	H145	H029	167	TRUE
cpDNA	H151	H029	167	TRUE
cpDNA	H046	H030	167	TRUE
cpDNA	H059	H030	167	TRUE
cpDNA	H091	H030	167	TRUE
cpDNA	H107	H030	167	TRUE
cpDNA	H109	H030	167	TRUE
cpDNA	H150	H030	167	TRUE
cpDNA	H056	H031	167	TRUE
cpDNA	H110	H031	167	TRUE
cpDNA	H142	H031	167	TRUE
cpDNA	H147	H031	167	TRUE
cpDNA	H056	H032	167	TRUE
cpDNA	H114	H032	167	TRUE
cpDNA	H120	H032	167	TRUE
cpDNA	H142	H032	167	TRUE
cpDNA	H147	H032	167	TRUE
cpDNA	H059	H033	167	TRUE
cpDNA	H107	H033	167	TRUE
cpDNA	H109	H033	167	TRUE
cpDNA	H136	H033	167	TRUE
cpDNA	H138	H033	167	TRUE
cpDNA	H070	H034	167	TRUE
cpDNA	H089	H034	167	TRUE
cpDNA	H143	H034	167	TRUE
cpDNA	H146	H034	167	TRUE
cpDNA	H070	H035	167	TRUE
cpDNA	H080	H035	167	TRUE
cpDNA	H089	H035	167	TRUE
cpDNA	H111	H035	167	TRUE
cpDNA	H117	H035	167	TRUE
cpDNA	H143	H035	167	TRUE
cpDNA	H146	H035	167	TRUE
cpDNA	H080	H036	167	TRUE
cpDNA	H056	H037	167	TRUE
cpDNA	H114	H037	167	TRUE
cpDNA	H120	H037	167	TRUE
cpDNA	H118	H038	167	TRUE
cpDNA	H056	H039	167	TRUE
cpDNA	H133	H039	167	TRUE
cpDNA	H056	H040	167	TRUE
cpDNA	H133	H040	167	TRUE
cpDNA	H056	H041	167	TRUE
cpDNA	H133	H041	167	TRUE
cpDNA	H055	H042	167	TRUE
cpDNA	H067	H042	167	TRUE
cpDNA	H077	H042	167	TRUE
cpDNA	H118	H042	167	TRUE
cpDNA	H061	H044	167	TRUE
cpDNA	H076	H044	167	TRUE
cpDNA	H136	H044	167	TRUE
cpDNA	H058	H046	167	TRUE
cpDNA	H060	H046	167	TRUE
cpDNA	H066	H046	167	TRUE
cpDNA	H108	H046	167	TRUE
cpDNA	H137	H046	167	TRUE
cpDNA	H141	H046	167	TRUE
cpDNA	H144	H046	167	TRUE
cpDNA	H147	H047	167	TRUE
cpDNA	H148	H049	167	TRUE
cpDNA	H093	H055	167	TRUE
cpDNA	H097	H055	167	TRUE
cpDNA	H121	H055	167	TRUE
cpDNA	H135	H055	167	TRUE
cpDNA	H143	H056	167	TRUE
cpDNA	H081	H058	167	TRUE
cpDNA	H091	H058	167	TRUE
cpDNA	H150	H058	167	TRUE
cpDNA	H133	H059	167	TRUE
cpDNA	H081	H060	167	TRUE
cpDNA	H091	H060	167	TRUE
cpDNA	H150	H060	167	TRUE
cpDNA	H130	H061	167	TRUE
cpDNA	H140	H061	167	TRUE
cpDNA	H145	H061	167	TRUE
cpDNA	H151	H061	167	TRUE
cpDNA	H081	H066	167	TRUE
cpDNA	H091	H066	167	TRUE
cpDNA	H150	H066	167	TRUE
cpDNA	H093	H067	167	TRUE
cpDNA	H097	H067	167	TRUE
cpDNA	H121	H067	167	TRUE
cpDNA	H092	H068	167	TRUE
cpDNA	H095	H068	167	TRUE
cpDNA	H113	H068	167	TRUE
cpDNA	H119	H068	167	TRUE
cpDNA	H139	H068	167	TRUE
cpDNA	H090	H069	167	TRUE
cpDNA	H114	H069	167	TRUE
cpDNA	H120	H069	167	TRUE
cpDNA	H149	H069	167	TRUE
cpDNA	H090	H070	167	TRUE
cpDNA	H114	H070	167	TRUE
cpDNA	H120	H070	167	TRUE
cpDNA	H149	H070	167	TRUE
cpDNA	H130	H076	167	TRUE
cpDNA	H145	H076	167	TRUE
cpDNA	H151	H076	167	TRUE
cpDNA	H093	H077	167	TRUE
cpDNA	H097	H077	167	TRUE
cpDNA	H110	H077	167	TRUE
cpDNA	H142	H077	167	TRUE
cpDNA	H148	H079	167	TRUE
cpDNA	H141	H080	167	TRUE
cpDNA	H144	H080	167	TRUE
cpDNA	H108	H081	167	TRUE
cpDNA	H134	H081	167	TRUE
cpDNA	H110	H082	167	TRUE
cpDNA	H142	H082	167	TRUE
cpDNA	H133	H087	167	TRUE
cpDNA	H140	H088	167	TRUE
cpDNA	H134	H089	167	TRUE
cpDNA	H141	H089	167	TRUE
cpDNA	H106	H090	167	TRUE
cpDNA	H111	H090	167	TRUE
cpDNA	H112	H090	167	TRUE
cpDNA	H117	H090	167	TRUE
cpDNA	H108	H091	167	TRUE
cpDNA	H137	H091	167	TRUE
cpDNA	H144	H091	167	TRUE
cpDNA	H110	H092	167	TRUE
cpDNA	H142	H092	167	TRUE
cpDNA	H110	H095	167	TRUE
cpDNA	H142	H095	167	TRUE
cpDNA	H114	H096	167	TRUE
cpDNA	H120	H096	167	TRUE
cpDNA	H118	H097	167	TRUE
cpDNA	H114	H106	167	TRUE
cpDNA	H120	H106	167	TRUE
cpDNA	H149	H106	167	TRUE
cpDNA	H133	H107	167	TRUE
cpDNA	H150	H108	167	TRUE
cpDNA	H133	H109	167	TRUE
cpDNA	H131	H110	167	TRUE
cpDNA	H149	H111	167	TRUE
cpDNA	H149	H112	167	TRUE
cpDNA	H115	H113	167	TRUE
cpDNA	H119	H115	167	TRUE
cpDNA	H139	H115	167	TRUE
cpDNA	H149	H117	167	TRUE
cpDNA	H127	H118	167	TRUE
cpDNA	H128	H120	167	TRUE
cpDNA	H133	H123	167	TRUE
cpDNA	H133	H125	167	TRUE
cpDNA	H138	H130	167	TRUE
cpDNA	H142	H131	167	TRUE
cpDNA	H146	H134	167	TRUE
cpDNA	H145	H136	167	TRUE
cpDNA	H151	H136	167	TRUE
cpDNA	H148	H137	167	TRUE
cpDNA	H150	H137	167	TRUE
cpDNA	H146	H141	167	TRUE
cpDNA	H150	H141	167	TRUE
cpDNA	H150	H144	167	TRUE
cpDNA	H061	H001	168	TRUE
cpDNA	H088	H001	168	TRUE
cpDNA	H004	H002	168	TRUE
cpDNA	H046	H002	168	TRUE
cpDNA	H069	H002	168	TRUE
cpDNA	H080	H002	168	TRUE
cpDNA	H091	H002	168	TRUE
cpDNA	H106	H002	168	TRUE
cpDNA	H150	H002	168	TRUE
cpDNA	H009	H003	168	TRUE
cpDNA	H068	H003	168	TRUE
cpDNA	H110	H003	168	TRUE
cpDNA	H142	H003	168	TRUE
cpDNA	H059	H004	168	TRUE
cpDNA	H107	H004	168	TRUE
cpDNA	H109	H004	168	TRUE
cpDNA	H143	H004	168	TRUE
cpDNA	H068	H005	168	TRUE
cpDNA	H115	H005	168	TRUE
cpDNA	H010	H006	168	TRUE
cpDNA	H113	H006	168	TRUE
cpDNA	H119	H006	168	TRUE
cpDNA	H139	H006	168	TRUE
cpDNA	H090	H009	168	TRUE
cpDNA	H133	H009	168	TRUE
cpDNA	H147	H009	168	TRUE
cpDNA	H149	H009	168	TRUE
cpDNA	H092	H010	168	TRUE
cpDNA	H095	H010	168	TRUE
cpDNA	H118	H010	168	TRUE
cpDNA	H148	H010	168	TRUE
cpDNA	H012	H011	168	TRUE
cpDNA	H044	H011	168	TRUE
cpDNA	H145	H011	168	TRUE
cpDNA	H147	H011	168	TRUE
cpDNA	H151	H011	168	TRUE
cpDNA	H137	H012	168	TRUE
cpDNA	H141	H012	168	TRUE
cpDNA	H144	H012	168	TRUE
cpDNA	H070	H029	168	TRUE
cpDNA	H089	H029	168	TRUE
cpDNA	H143	H029	168	TRUE
cpDNA	H146	H029	168	TRUE
cpDNA	H044	H030	168	TRUE
cpDNA	H141	H030	168	TRUE
cpDNA	H144	H030	168	TRUE
cpDNA	H145	H030	168	TRUE
cpDNA	H151	H030	168	TRUE
cpDNA	H113	H031	168	TRUE
cpDNA	H119	H031	168	TRUE
cpDNA	H139	H031	168	TRUE
cpDNA	H118	H032	168	TRUE
cpDNA	H139	H032	168	TRUE
cpDNA	H066	H033	168	TRUE
cpDNA	H130	H033	168	TRUE
cpDNA	H134	H033	168	TRUE
cpDNA	H121	H034	168	TRUE
cpDNA	H135	H034	168	TRUE
cpDNA	H078	H035	168	TRUE
cpDNA	H110	H035	168	TRUE
cpDNA	H078	H036	168	TRUE
cpDNA	H140	H036	168	TRUE
cpDNA	H118	H037	168	TRUE
cpDNA	H133	H038	168	TRUE
cpDNA	H056	H042	168	TRUE
cpDNA	H133	H042	168	TRUE
cpDNA	H140	H043	168	TRUE
cpDNA	H058	H044	168	TRUE
cpDNA	H060	H044	168	TRUE
cpDNA	H066	H044	168	TRUE
cpDNA	H108	H044	168	TRUE
cpDNA	H137	H044	168	TRUE
cpDNA	H141	H044	168	TRUE
cpDNA	H144	H044	168	TRUE
cpDNA	H059	H046	168	TRUE
cpDNA	H107	H046	168	TRUE
cpDNA	H109	H046	168	TRUE
cpDNA	H143	H046	168	TRUE
cpDNA	H147	H049	168	TRUE
cpDNA	H082	H055	168	TRUE
cpDNA	H094	H055	168	TRUE
cpDNA	H096	H055	168	TRUE
cpDNA	H111	H055	168	TRUE
cpDNA	H112	H055	168	TRUE
cpDNA	H117	H055	168	TRUE
cpDNA	H131	H055	168	TRUE
cpDNA	H093	H056	168	TRUE
cpDNA	H097	H056	168	TRUE
cpDNA	H121	H056	168	TRUE
cpDNA	H130	H058	168	TRUE
cpDNA	H140	H058	168	TRUE
cpDNA	H145	H058	168	TRUE
cpDNA	H151	H058	168	TRUE
cpDNA	H081	H059	168	TRUE
cpDNA	H091	H059	168	TRUE
cpDNA	H150	H059	168	TRUE
cpDNA	H130	H060	168	TRUE
cpDNA	H140	H060	168	TRUE
cpDNA	H145	H060	168	TRUE
cpDNA	H151	H060	168	TRUE
cpDNA	H089	H061	168	TRUE
cpDNA	H146	H061	168	TRUE
cpDNA	H130	H066	168	TRUE
cpDNA	H140	H066	168	TRUE
cpDNA	H145	H066	168	TRUE
cpDNA	H151	H066	168	TRUE
cpDNA	H082	H067	168	TRUE
cpDNA	H094	H067	168	TRUE
cpDNA	H096	H067	168	TRUE
cpDNA	H111	H067	168	TRUE
cpDNA	H112	H067	168	TRUE
cpDNA	H117	H067	168	TRUE
cpDNA	H131	H067	168	TRUE
cpDNA	H090	H068	168	TRUE
cpDNA	H114	H068	168	TRUE
cpDNA	H120	H068	168	TRUE
cpDNA	H149	H068	168	TRUE
cpDNA	H118	H069	168	TRUE
cpDNA	H118	H070	168	TRUE
cpDNA	H089	H076	168	TRUE
cpDNA	H146	H076	168	TRUE
cpDNA	H082	H077	168	TRUE
cpDNA	H094	H077	168	TRUE
cpDNA	H096	H077	168	TRUE
cpDNA	H113	H077	168	TRUE
cpDNA	H119	H077	168	TRUE
cpDNA	H139	H077	168	TRUE
cpDNA	H141	H078	168	TRUE
cpDNA	H144	H078	168	TRUE
cpDNA	H147	H079	168	TRUE
cpDNA	H143	H080	168	TRUE
cpDNA	H107	H081	168	TRUE
cpDNA	H109	H081	168	TRUE
cpDNA	H136	H081	168	TRUE
cpDNA	H113	H082	168	TRUE
cpDNA	H119	H082	168	TRUE
cpDNA	H139	H082	168	TRUE
cpDNA	H140	H083	168	TRUE
cpDNA	H136	H089	168	TRUE
cpDNA	H110	H090	168	TRUE
cpDNA	H142	H090	168	TRUE
cpDNA	H107	H091	168	TRUE
cpDNA	H109	H091	168	TRUE
cpDNA	H143	H091	168	TRUE
cpDNA	H113	H092	168	TRUE
cpDNA	H119	H092	168	TRUE
cpDNA	H139	H092	168	TRUE
cpDNA	H133	H093	168	TRUE
cpDNA	H113	H095	168	TRUE
cpDNA	H119	H095	168	TRUE
cpDNA	H139	H095	168	TRUE
cpDNA	H118	H096	168	TRUE
cpDNA	H133	H097	168	TRUE
cpDNA	H118	H106	168	TRUE
cpDNA	H150	H107	168	TRUE
cpDNA	H130	H108	168	TRUE
cpDNA	H140	H108	168	TRUE
cpDNA	H145	H108	168	TRUE
cpDNA	H151	H108	168	TRUE
cpDNA	H150	H109	168	TRUE
cpDNA	H149	H110	168	TRUE
cpDNA	H131	H113	168	TRUE
cpDNA	H115	H114	168	TRUE
cpDNA	H120	H115	168	TRUE
cpDNA	H128	H118	168	TRUE
cpDNA	H131	H119	168	TRUE
cpDNA	H133	H127	168	TRUE
cpDNA	H134	H130	168	TRUE
cpDNA	H139	H131	168	TRUE
cpDNA	H146	H136	168	TRUE
cpDNA	H148	H136	168	TRUE
cpDNA	H145	H137	168	TRUE
cpDNA	H147	H137	168	TRUE
cpDNA	H151	H137	168	TRUE
cpDNA	H148	H138	168	TRUE
cpDNA	H145	H141	168	TRUE
cpDNA	H151	H141	168	TRUE
cpDNA	H149	H142	168	TRUE
cpDNA	H150	H143	168	TRUE
cpDNA	H145	H144	168	TRUE
cpDNA	H151	H144	168	TRUE
cpDNA	H036	H001	169	TRUE
cpDNA	H043	H001	169	TRUE
cpDNA	H058	H001	169	TRUE
cpDNA	H060	H001	169	TRUE
cpDNA	H066	H001	169	TRUE
cpDNA	H083	H001	169	TRUE
cpDNA	H108	H001	169	TRUE
cpDNA	H044	H002	169	TRUE
cpDNA	H068	H002	169	TRUE
cpDNA	H078	H002	169	TRUE
cpDNA	H141	H002	169	TRUE
cpDNA	H144	H002	169	TRUE
cpDNA	H145	H002	169	TRUE
cpDNA	H151	H002	169	TRUE
cpDNA	H010	H003	169	TRUE
cpDNA	H113	H003	169	TRUE
cpDNA	H119	H003	169	TRUE
cpDNA	H139	H003	169	TRUE
cpDNA	H033	H004	169	TRUE
cpDNA	H121	H004	169	TRUE
cpDNA	H135	H004	169	TRUE
cpDNA	H006	H005	169	TRUE
cpDNA	H031	H005	169	TRUE
cpDNA	H032	H005	169	TRUE
cpDNA	H077	H005	169	TRUE
cpDNA	H082	H005	169	TRUE
cpDNA	H092	H005	169	TRUE
cpDNA	H095	H005	169	TRUE
cpDNA	H131	H005	169	TRUE
cpDNA	H114	H006	169	TRUE
cpDNA	H120	H006	169	TRUE
cpDNA	H140	H008	169	TRUE
cpDNA	H090	H010	169	TRUE
cpDNA	H133	H010	169	TRUE
cpDNA	H147	H010	169	TRUE
cpDNA	H149	H010	169	TRUE
cpDNA	H081	H011	169	TRUE
cpDNA	H089	H011	169	TRUE
cpDNA	H146	H011	169	TRUE
cpDNA	H069	H012	169	TRUE
cpDNA	H070	H012	169	TRUE
cpDNA	H106	H012	169	TRUE
cpDNA	H143	H012	169	TRUE
cpDNA	H056	H029	169	TRUE
cpDNA	H121	H029	169	TRUE
cpDNA	H069	H030	169	TRUE
cpDNA	H070	H030	169	TRUE
cpDNA	H080	H030	169	TRUE
cpDNA	H089	H030	169	TRUE
cpDNA	H106	H030	169	TRUE
cpDNA	H143	H030	169	TRUE
cpDNA	H146	H030	169	TRUE
cpDNA	H114	H031	169	TRUE
cpDNA	H120	H031	169	TRUE
cpDNA	H046	H033	169	TRUE
cpDNA	H069	H033	169	TRUE
cpDNA	H080	H033	169	TRUE
cpDNA	H091	H033	169	TRUE
cpDNA	H106	H033	169	TRUE
cpDNA	H150	H033	169	TRUE
cpDNA	H055	H034	169	TRUE
cpDNA	H067	H034	169	TRUE
cpDNA	H077	H034	169	TRUE
cpDNA	H111	H034	169	TRUE
cpDNA	H112	H034	169	TRUE
cpDNA	H117	H034	169	TRUE
cpDNA	H148	H034	169	TRUE
cpDNA	H055	H035	169	TRUE
cpDNA	H077	H035	169	TRUE
cpDNA	H112	H035	169	TRUE
cpDNA	H113	H035	169	TRUE
cpDNA	H119	H035	169	TRUE
cpDNA	H133	H037	169	TRUE
cpDNA	H080	H038	169	TRUE
cpDNA	H078	H039	169	TRUE
cpDNA	H140	H039	169	TRUE
cpDNA	H140	H040	169	TRUE
cpDNA	H140	H041	169	TRUE
cpDNA	H080	H043	169	TRUE
cpDNA	H059	H044	169	TRUE
cpDNA	H107	H044	169	TRUE
cpDNA	H109	H044	169	TRUE
cpDNA	H143	H044	169	TRUE
cpDNA	H121	H046	169	TRUE
cpDNA	H135	H046	169	TRUE
cpDNA	H110	H055	169	TRUE
cpDNA	H115	H055	169	TRUE
cpDNA	H142	H055	169	TRUE
cpDNA	H082	H056	169	TRUE
cpDNA	H094	H056	169	TRUE
cpDNA	H096	H056	169	TRUE
cpDNA	H111	H056	169	TRUE
cpDNA	H112	H056	169	TRUE
cpDNA	H117	H056	169	TRUE
cpDNA	H131	H056	169	TRUE
cpDNA	H089	H058	169	TRUE
cpDNA	H146	H058	169	TRUE
cpDNA	H130	H059	169	TRUE
cpDNA	H140	H059	169	TRUE
cpDNA	H145	H059	169	TRUE
cpDNA	H151	H059	169	TRUE
cpDNA	H089	H060	169	TRUE
cpDNA	H146	H060	169	TRUE
cpDNA	H089	H066	169	TRUE
cpDNA	H146	H066	169	TRUE
cpDNA	H110	H067	169	TRUE
cpDNA	H115	H067	169	TRUE
cpDNA	H142	H067	169	TRUE
cpDNA	H118	H068	169	TRUE
cpDNA	H133	H069	169	TRUE
cpDNA	H133	H070	169	TRUE
cpDNA	H114	H077	169	TRUE
cpDNA	H115	H077	169	TRUE
cpDNA	H120	H077	169	TRUE
cpDNA	H112	H078	169	TRUE
cpDNA	H143	H078	169	TRUE
cpDNA	H121	H080	169	TRUE
cpDNA	H137	H081	169	TRUE
cpDNA	H141	H081	169	TRUE
cpDNA	H144	H081	169	TRUE
cpDNA	H114	H082	169	TRUE
cpDNA	H120	H082	169	TRUE
cpDNA	H140	H087	169	TRUE
cpDNA	H108	H089	169	TRUE
cpDNA	H137	H089	169	TRUE
cpDNA	H144	H089	169	TRUE
cpDNA	H113	H090	169	TRUE
cpDNA	H119	H090	169	TRUE
cpDNA	H139	H090	169	TRUE
cpDNA	H121	H091	169	TRUE
cpDNA	H135	H091	169	TRUE
cpDNA	H114	H092	169	TRUE
cpDNA	H120	H092	169	TRUE
cpDNA	H133	H094	169	TRUE
cpDNA	H114	H095	169	TRUE
cpDNA	H120	H095	169	TRUE
cpDNA	H133	H096	169	TRUE
cpDNA	H133	H106	169	TRUE
cpDNA	H130	H107	169	TRUE
cpDNA	H140	H107	169	TRUE
cpDNA	H145	H107	169	TRUE
cpDNA	H151	H107	169	TRUE
cpDNA	H146	H108	169	TRUE
cpDNA	H130	H109	169	TRUE
cpDNA	H140	H109	169	TRUE
cpDNA	H145	H109	169	TRUE
cpDNA	H151	H109	169	TRUE
cpDNA	H149	H113	169	TRUE
cpDNA	H131	H114	169	TRUE
cpDNA	H118	H115	169	TRUE
cpDNA	H149	H119	169	TRUE
cpDNA	H131	H120	169	TRUE
cpDNA	H150	H121	169	TRUE
cpDNA	H140	H123	169	TRUE
cpDNA	H140	H125	169	TRUE
cpDNA	H133	H128	169	TRUE
cpDNA	H136	H130	169	TRUE
cpDNA	H148	H134	169	TRUE
cpDNA	H150	H135	169	TRUE
cpDNA	H147	H136	169	TRUE
cpDNA	H146	H137	169	TRUE
cpDNA	H147	H138	169	TRUE
cpDNA	H149	H139	169	TRUE
cpDNA	H145	H143	169	TRUE
cpDNA	H151	H143	169	TRUE
cpDNA	H146	H144	169	TRUE
cpDNA	H008	H001	170	TRUE
cpDNA	H039	H001	170	TRUE
cpDNA	H040	H001	170	TRUE
cpDNA	H041	H001	170	TRUE
cpDNA	H059	H001	170	TRUE
cpDNA	H087	H001	170	TRUE
cpDNA	H107	H001	170	TRUE
cpDNA	H109	H001	170	TRUE
cpDNA	H123	H001	170	TRUE
cpDNA	H125	H001	170	TRUE
cpDNA	H070	H002	170	TRUE
cpDNA	H089	H002	170	TRUE
cpDNA	H143	H002	170	TRUE
cpDNA	H146	H002	170	TRUE
cpDNA	H005	H003	170	TRUE
cpDNA	H114	H003	170	TRUE
cpDNA	H120	H003	170	TRUE
cpDNA	H069	H004	170	TRUE
cpDNA	H070	H004	170	TRUE
cpDNA	H106	H004	170	TRUE
cpDNA	H111	H004	170	TRUE
cpDNA	H112	H004	170	TRUE
cpDNA	H117	H004	170	TRUE
cpDNA	H090	H005	170	TRUE
cpDNA	H149	H005	170	TRUE
cpDNA	H055	H006	170	TRUE
cpDNA	H067	H006	170	TRUE
cpDNA	H077	H006	170	TRUE
cpDNA	H118	H006	170	TRUE
cpDNA	H080	H008	170	TRUE
cpDNA	H012	H009	170	TRUE
cpDNA	H140	H009	170	TRUE
cpDNA	H130	H011	170	TRUE
cpDNA	H068	H012	170	TRUE
cpDNA	H121	H012	170	TRUE
cpDNA	H135	H012	170	TRUE
cpDNA	H055	H029	170	TRUE
cpDNA	H077	H029	170	TRUE
cpDNA	H111	H029	170	TRUE
cpDNA	H112	H029	170	TRUE
cpDNA	H117	H029	170	TRUE
cpDNA	H068	H030	170	TRUE
cpDNA	H078	H030	170	TRUE
cpDNA	H121	H030	170	TRUE
cpDNA	H080	H031	170	TRUE
cpDNA	H118	H031	170	TRUE
cpDNA	H080	H032	170	TRUE
cpDNA	H044	H033	170	TRUE
cpDNA	H068	H033	170	TRUE
cpDNA	H078	H033	170	TRUE
cpDNA	H141	H033	170	TRUE
cpDNA	H144	H033	170	TRUE
cpDNA	H145	H033	170	TRUE
cpDNA	H151	H033	170	TRUE
cpDNA	H056	H034	170	TRUE
cpDNA	H110	H034	170	TRUE
cpDNA	H142	H034	170	TRUE
cpDNA	H147	H034	170	TRUE
cpDNA	H056	H035	170	TRUE
cpDNA	H114	H035	170	TRUE
cpDNA	H120	H035	170	TRUE
cpDNA	H142	H035	170	TRUE
cpDNA	H080	H037	170	TRUE
cpDNA	H078	H038	170	TRUE
cpDNA	H140	H038	170	TRUE
cpDNA	H080	H039	170	TRUE
cpDNA	H080	H040	170	TRUE
cpDNA	H080	H041	170	TRUE
cpDNA	H140	H042	170	TRUE
cpDNA	H078	H043	170	TRUE
cpDNA	H121	H044	170	TRUE
cpDNA	H135	H044	170	TRUE
cpDNA	H069	H046	170	TRUE
cpDNA	H070	H046	170	TRUE
cpDNA	H106	H046	170	TRUE
cpDNA	H111	H046	170	TRUE
cpDNA	H112	H046	170	TRUE
cpDNA	H117	H046	170	TRUE
cpDNA	H092	H055	170	TRUE
cpDNA	H095	H055	170	TRUE
cpDNA	H113	H055	170	TRUE
cpDNA	H119	H055	170	TRUE
cpDNA	H139	H055	170	TRUE
cpDNA	H110	H056	170	TRUE
cpDNA	H115	H056	170	TRUE
cpDNA	H142	H056	170	TRUE
cpDNA	H089	H059	170	TRUE
cpDNA	H146	H059	170	TRUE
cpDNA	H148	H061	170	TRUE
cpDNA	H092	H067	170	TRUE
cpDNA	H095	H067	170	TRUE
cpDNA	H113	H067	170	TRUE
cpDNA	H119	H067	170	TRUE
cpDNA	H139	H067	170	TRUE
cpDNA	H148	H067	170	TRUE
cpDNA	H133	H068	170	TRUE
cpDNA	H081	H069	170	TRUE
cpDNA	H091	H069	170	TRUE
cpDNA	H150	H069	170	TRUE
cpDNA	H081	H070	170	TRUE
cpDNA	H091	H070	170	TRUE
cpDNA	H150	H070	170	TRUE
cpDNA	H148	H076	170	TRUE
cpDNA	H092	H077	170	TRUE
cpDNA	H095	H077	170	TRUE
cpDNA	H118	H077	170	TRUE
cpDNA	H121	H078	170	TRUE
cpDNA	H111	H080	170	TRUE
cpDNA	H112	H080	170	TRUE
cpDNA	H117	H080	170	TRUE
cpDNA	H131	H080	170	TRUE
cpDNA	H106	H081	170	TRUE
cpDNA	H112	H081	170	TRUE
cpDNA	H143	H081	170	TRUE
cpDNA	H118	H082	170	TRUE
cpDNA	H107	H089	170	TRUE
cpDNA	H109	H089	170	TRUE
cpDNA	H143	H089	170	TRUE
cpDNA	H114	H090	170	TRUE
cpDNA	H120	H090	170	TRUE
cpDNA	H106	H091	170	TRUE
cpDNA	H111	H091	170	TRUE
cpDNA	H112	H091	170	TRUE
cpDNA	H117	H091	170	TRUE
cpDNA	H118	H092	170	TRUE
cpDNA	H140	H093	170	TRUE
cpDNA	H118	H095	170	TRUE
cpDNA	H140	H097	170	TRUE
cpDNA	H150	H106	170	TRUE
cpDNA	H146	H107	170	TRUE
cpDNA	H146	H109	170	TRUE
cpDNA	H150	H111	170	TRUE
cpDNA	H150	H112	170	TRUE
cpDNA	H149	H114	170	TRUE
cpDNA	H133	H115	170	TRUE
cpDNA	H150	H117	170	TRUE
cpDNA	H131	H118	170	TRUE
cpDNA	H149	H120	170	TRUE
cpDNA	H145	H121	170	TRUE
cpDNA	H151	H121	170	TRUE
cpDNA	H140	H127	170	TRUE
cpDNA	H137	H130	170	TRUE
cpDNA	H141	H130	170	TRUE
cpDNA	H144	H130	170	TRUE
cpDNA	H147	H134	170	TRUE
cpDNA	H145	H135	170	TRUE
cpDNA	H151	H135	170	TRUE
cpDNA	H146	H143	170	TRUE
cpDNA	H009	H001	171	TRUE
cpDNA	H038	H001	171	TRUE
cpDNA	H042	H001	171	TRUE
cpDNA	H093	H001	171	TRUE
cpDNA	H097	H001	171	TRUE
cpDNA	H127	H001	171	TRUE
cpDNA	H056	H002	171	TRUE
cpDNA	H121	H002	171	TRUE
cpDNA	H055	H003	171	TRUE
cpDNA	H067	H003	171	TRUE
cpDNA	H077	H003	171	TRUE
cpDNA	H118	H003	171	TRUE
cpDNA	H009	H004	171	TRUE
cpDNA	H068	H004	171	TRUE
cpDNA	H110	H004	171	TRUE
cpDNA	H142	H004	171	TRUE
cpDNA	H055	H005	171	TRUE
cpDNA	H067	H005	171	TRUE
cpDNA	H056	H006	171	TRUE
cpDNA	H133	H006	171	TRUE
cpDNA	H140	H006	171	TRUE
cpDNA	H078	H008	171	TRUE
cpDNA	H046	H009	171	TRUE
cpDNA	H081	H009	171	TRUE
cpDNA	H091	H009	171	TRUE
cpDNA	H150	H009	171	TRUE
cpDNA	H012	H010	171	TRUE
cpDNA	H140	H010	171	TRUE
cpDNA	H111	H012	171	TRUE
cpDNA	H112	H012	171	TRUE
cpDNA	H117	H012	171	TRUE
cpDNA	H110	H029	171	TRUE
cpDNA	H142	H029	171	TRUE
cpDNA	H111	H030	171	TRUE
cpDNA	H112	H030	171	TRUE
cpDNA	H117	H030	171	TRUE
cpDNA	H078	H031	171	TRUE
cpDNA	H133	H031	171	TRUE
cpDNA	H078	H032	171	TRUE
cpDNA	H133	H032	171	TRUE
cpDNA	H140	H032	171	TRUE
cpDNA	H070	H033	171	TRUE
cpDNA	H089	H033	171	TRUE
cpDNA	H143	H033	171	TRUE
cpDNA	H146	H033	171	TRUE
cpDNA	H113	H034	171	TRUE
cpDNA	H119	H034	171	TRUE
cpDNA	H139	H034	171	TRUE
cpDNA	H118	H035	171	TRUE
cpDNA	H139	H035	171	TRUE
cpDNA	H078	H037	171	TRUE
cpDNA	H140	H037	171	TRUE
cpDNA	H078	H040	171	TRUE
cpDNA	H078	H041	171	TRUE
cpDNA	H080	H042	171	TRUE
cpDNA	H069	H044	171	TRUE
cpDNA	H070	H044	171	TRUE
cpDNA	H106	H044	171	TRUE
cpDNA	H111	H044	171	TRUE
cpDNA	H112	H044	171	TRUE
cpDNA	H117	H044	171	TRUE
cpDNA	H068	H046	171	TRUE
cpDNA	H110	H046	171	TRUE
cpDNA	H142	H046	171	TRUE
cpDNA	H090	H055	171	TRUE
cpDNA	H114	H055	171	TRUE
cpDNA	H120	H055	171	TRUE
cpDNA	H149	H055	171	TRUE
cpDNA	H092	H056	171	TRUE
cpDNA	H095	H056	171	TRUE
cpDNA	H113	H056	171	TRUE
cpDNA	H119	H056	171	TRUE
cpDNA	H139	H056	171	TRUE
cpDNA	H148	H058	171	TRUE
cpDNA	H148	H060	171	TRUE
cpDNA	H147	H061	171	TRUE
cpDNA	H148	H066	171	TRUE
cpDNA	H090	H067	171	TRUE
cpDNA	H114	H067	171	TRUE
cpDNA	H120	H067	171	TRUE
cpDNA	H147	H067	171	TRUE
cpDNA	H149	H067	171	TRUE
cpDNA	H081	H068	171	TRUE
cpDNA	H091	H068	171	TRUE
cpDNA	H150	H068	171	TRUE
cpDNA	H130	H069	171	TRUE
cpDNA	H140	H069	171	TRUE
cpDNA	H145	H069	171	TRUE
cpDNA	H151	H069	171	TRUE
cpDNA	H130	H070	171	TRUE
cpDNA	H140	H070	171	TRUE
cpDNA	H145	H070	171	TRUE
cpDNA	H151	H070	171	TRUE
cpDNA	H147	H076	171	TRUE
cpDNA	H090	H077	171	TRUE
cpDNA	H133	H077	171	TRUE
cpDNA	H149	H077	171	TRUE
cpDNA	H094	H078	171	TRUE
cpDNA	H111	H078	171	TRUE
cpDNA	H117	H078	171	TRUE
cpDNA	H131	H078	171	TRUE
cpDNA	H093	H080	171	TRUE
cpDNA	H097	H080	171	TRUE
cpDNA	H110	H080	171	TRUE
cpDNA	H142	H080	171	TRUE
cpDNA	H121	H081	171	TRUE
cpDNA	H135	H081	171	TRUE
cpDNA	H133	H082	171	TRUE
cpDNA	H121	H089	171	TRUE
cpDNA	H135	H089	171	TRUE
cpDNA	H118	H090	171	TRUE
cpDNA	H110	H091	171	TRUE
cpDNA	H142	H091	171	TRUE
cpDNA	H133	H092	171	TRUE
cpDNA	H140	H094	171	TRUE
cpDNA	H133	H095	171	TRUE
cpDNA	H140	H096	171	TRUE
cpDNA	H130	H106	171	TRUE
cpDNA	H140	H106	171	TRUE
cpDNA	H145	H106	171	TRUE
cpDNA	H151	H106	171	TRUE
cpDNA	H148	H108	171	TRUE
cpDNA	H150	H110	171	TRUE
cpDNA	H145	H111	171	TRUE
cpDNA	H151	H111	171	TRUE
cpDNA	H145	H112	171	TRUE
cpDNA	H151	H112	171	TRUE
cpDNA	H145	H117	171	TRUE
cpDNA	H151	H117	171	TRUE
cpDNA	H149	H118	171	TRUE
cpDNA	H146	H121	171	TRUE
cpDNA	H140	H128	171	TRUE
cpDNA	H143	H130	171	TRUE
cpDNA	H133	H131	171	TRUE
cpDNA	H146	H135	171	TRUE
cpDNA	H148	H141	171	TRUE
cpDNA	H150	H142	171	TRUE
cpDNA	H148	H144	171	TRUE
cpDNA	H010	H001	172	TRUE
cpDNA	H037	H001	172	TRUE
cpDNA	H069	H001	172	TRUE
cpDNA	H070	H001	172	TRUE
cpDNA	H094	H001	172	TRUE
cpDNA	H096	H001	172	TRUE
cpDNA	H106	H001	172	TRUE
cpDNA	H128	H001	172	TRUE
cpDNA	H055	H002	172	TRUE
cpDNA	H077	H002	172	TRUE
cpDNA	H111	H002	172	TRUE
cpDNA	H112	H002	172	TRUE
cpDNA	H117	H002	172	TRUE
cpDNA	H056	H003	172	TRUE
cpDNA	H133	H003	172	TRUE
cpDNA	H140	H003	172	TRUE
cpDNA	H010	H004	172	TRUE
cpDNA	H113	H004	172	TRUE
cpDNA	H119	H004	172	TRUE
cpDNA	H139	H004	172	TRUE
cpDNA	H034	H005	172	TRUE
cpDNA	H035	H005	172	TRUE
cpDNA	H056	H005	172	TRUE
cpDNA	H044	H009	172	TRUE
cpDNA	H130	H009	172	TRUE
cpDNA	H145	H009	172	TRUE
cpDNA	H151	H009	172	TRUE
cpDNA	H046	H010	172	TRUE
cpDNA	H081	H010	172	TRUE
cpDNA	H091	H010	172	TRUE
cpDNA	H150	H010	172	TRUE
cpDNA	H110	H012	172	TRUE
cpDNA	H142	H012	172	TRUE
cpDNA	H113	H029	172	TRUE
cpDNA	H119	H029	172	TRUE
cpDNA	H139	H029	172	TRUE
cpDNA	H056	H030	172	TRUE
cpDNA	H110	H030	172	TRUE
cpDNA	H142	H030	172	TRUE
cpDNA	H056	H033	172	TRUE
cpDNA	H121	H033	172	TRUE
cpDNA	H114	H034	172	TRUE
cpDNA	H120	H034	172	TRUE
cpDNA	H078	H042	172	TRUE
cpDNA	H068	H044	172	TRUE
cpDNA	H110	H044	172	TRUE
cpDNA	H142	H044	172	TRUE
cpDNA	H113	H046	172	TRUE
cpDNA	H119	H046	172	TRUE
cpDNA	H139	H046	172	TRUE
cpDNA	H118	H055	172	TRUE
cpDNA	H090	H056	172	TRUE
cpDNA	H114	H056	172	TRUE
cpDNA	H120	H056	172	TRUE
cpDNA	H149	H056	172	TRUE
cpDNA	H147	H058	172	TRUE
cpDNA	H148	H059	172	TRUE
cpDNA	H147	H060	172	TRUE
cpDNA	H147	H066	172	TRUE
cpDNA	H118	H067	172	TRUE
cpDNA	H130	H068	172	TRUE
cpDNA	H140	H068	172	TRUE
cpDNA	H145	H068	172	TRUE
cpDNA	H151	H068	172	TRUE
cpDNA	H089	H069	172	TRUE
cpDNA	H146	H069	172	TRUE
cpDNA	H089	H070	172	TRUE
cpDNA	H146	H070	172	TRUE
cpDNA	H093	H078	172	TRUE
cpDNA	H097	H078	172	TRUE
cpDNA	H110	H078	172	TRUE
cpDNA	H114	H078	172	TRUE
cpDNA	H142	H078	172	TRUE
cpDNA	H082	H080	172	TRUE
cpDNA	H094	H080	172	TRUE
cpDNA	H096	H080	172	TRUE
cpDNA	H113	H080	172	TRUE
cpDNA	H119	H080	172	TRUE
cpDNA	H139	H080	172	TRUE
cpDNA	H111	H081	172	TRUE
cpDNA	H117	H081	172	TRUE
cpDNA	H106	H089	172	TRUE
cpDNA	H111	H089	172	TRUE
cpDNA	H112	H089	172	TRUE
cpDNA	H117	H089	172	TRUE
cpDNA	H133	H090	172	TRUE
cpDNA	H140	H090	172	TRUE
cpDNA	H113	H091	172	TRUE
cpDNA	H119	H091	172	TRUE
cpDNA	H139	H091	172	TRUE
cpDNA	H146	H106	172	TRUE
cpDNA	H148	H107	172	TRUE
cpDNA	H147	H108	172	TRUE
cpDNA	H148	H109	172	TRUE
cpDNA	H145	H110	172	TRUE
cpDNA	H151	H110	172	TRUE
cpDNA	H146	H111	172	TRUE
cpDNA	H146	H112	172	TRUE
cpDNA	H150	H113	172	TRUE
cpDNA	H140	H115	172	TRUE
cpDNA	H146	H117	172	TRUE
cpDNA	H150	H119	172	TRUE
cpDNA	H130	H121	172	TRUE
cpDNA	H135	H130	172	TRUE
cpDNA	H149	H133	172	TRUE
cpDNA	H150	H139	172	TRUE
cpDNA	H149	H140	172	TRUE
cpDNA	H147	H141	172	TRUE
cpDNA	H145	H142	172	TRUE
cpDNA	H151	H142	172	TRUE
cpDNA	H148	H143	172	TRUE
cpDNA	H147	H144	172	TRUE
cpDNA	H068	H001	173	TRUE
cpDNA	H115	H001	173	TRUE
cpDNA	H110	H002	173	TRUE
cpDNA	H142	H002	173	TRUE
cpDNA	H005	H004	173	TRUE
cpDNA	H114	H004	173	TRUE
cpDNA	H120	H004	173	TRUE
cpDNA	H029	H005	173	TRUE
cpDNA	H046	H005	173	TRUE
cpDNA	H080	H005	173	TRUE
cpDNA	H091	H005	173	TRUE
cpDNA	H150	H005	173	TRUE
cpDNA	H089	H009	173	TRUE
cpDNA	H146	H009	173	TRUE
cpDNA	H044	H010	173	TRUE
cpDNA	H130	H010	173	TRUE
cpDNA	H145	H010	173	TRUE
cpDNA	H151	H010	173	TRUE
cpDNA	H055	H012	173	TRUE
cpDNA	H067	H012	173	TRUE
cpDNA	H077	H012	173	TRUE
cpDNA	H113	H012	173	TRUE
cpDNA	H119	H012	173	TRUE
cpDNA	H139	H012	173	TRUE
cpDNA	H114	H029	173	TRUE
cpDNA	H120	H029	173	TRUE
cpDNA	H055	H030	173	TRUE
cpDNA	H077	H030	173	TRUE
cpDNA	H113	H030	173	TRUE
cpDNA	H119	H030	173	TRUE
cpDNA	H139	H030	173	TRUE
cpDNA	H140	H031	173	TRUE
cpDNA	H055	H033	173	TRUE
cpDNA	H077	H033	173	TRUE
cpDNA	H111	H033	173	TRUE
cpDNA	H112	H033	173	TRUE
cpDNA	H117	H033	173	TRUE
cpDNA	H080	H034	173	TRUE
cpDNA	H118	H034	173	TRUE
cpDNA	H113	H044	173	TRUE
cpDNA	H119	H044	173	TRUE
cpDNA	H139	H044	173	TRUE
cpDNA	H114	H046	173	TRUE
cpDNA	H120	H046	173	TRUE
cpDNA	H133	H055	173	TRUE
cpDNA	H118	H056	173	TRUE
cpDNA	H147	H059	173	TRUE
cpDNA	H133	H067	173	TRUE
cpDNA	H089	H068	173	TRUE
cpDNA	H146	H068	173	TRUE
cpDNA	H130	H077	173	TRUE
cpDNA	H140	H077	173	TRUE
cpDNA	H082	H078	173	TRUE
cpDNA	H096	H078	173	TRUE
cpDNA	H113	H078	173	TRUE
cpDNA	H119	H078	173	TRUE
cpDNA	H139	H078	173	TRUE
cpDNA	H114	H080	173	TRUE
cpDNA	H115	H080	173	TRUE
cpDNA	H120	H080	173	TRUE
cpDNA	H110	H081	173	TRUE
cpDNA	H114	H081	173	TRUE
cpDNA	H142	H081	173	TRUE
cpDNA	H140	H082	173	TRUE
cpDNA	H110	H089	173	TRUE
cpDNA	H142	H089	173	TRUE
cpDNA	H114	H091	173	TRUE
cpDNA	H120	H091	173	TRUE
cpDNA	H140	H092	173	TRUE
cpDNA	H140	H095	173	TRUE
cpDNA	H147	H107	173	TRUE
cpDNA	H147	H109	173	TRUE
cpDNA	H146	H110	173	TRUE
cpDNA	H130	H111	173	TRUE
cpDNA	H130	H112	173	TRUE
cpDNA	H145	H113	173	TRUE
cpDNA	H151	H113	173	TRUE
cpDNA	H150	H114	173	TRUE
cpDNA	H130	H117	173	TRUE
cpDNA	H145	H119	173	TRUE
cpDNA	H151	H119	173	TRUE
cpDNA	H150	H120	173	TRUE
cpDNA	H148	H121	173	TRUE
cpDNA	H140	H131	173	TRUE
cpDNA	H145	H139	173	TRUE
cpDNA	H151	H139	173	TRUE
cpDNA	H146	H142	173	TRUE
cpDNA	H147	H143	173	TRUE
cpDNA	H006	H001	174	TRUE
cpDNA	H031	H001	174	TRUE
cpDNA	H032	H001	174	TRUE
cpDNA	H077	H001	174	TRUE
cpDNA	H082	H001	174	TRUE
cpDNA	H092	H001	174	TRUE
cpDNA	H095	H001	174	TRUE
cpDNA	H131	H001	174	TRUE
cpDNA	H113	H002	174	TRUE
cpDNA	H119	H002	174	TRUE
cpDNA	H139	H002	174	TRUE
cpDNA	H055	H004	174	TRUE
cpDNA	H067	H004	174	TRUE
cpDNA	H077	H004	174	TRUE
cpDNA	H118	H004	174	TRUE
cpDNA	H012	H005	174	TRUE
cpDNA	H030	H005	174	TRUE
cpDNA	H044	H005	174	TRUE
cpDNA	H078	H005	174	TRUE
cpDNA	H145	H005	174	TRUE
cpDNA	H151	H005	174	TRUE
cpDNA	H080	H006	174	TRUE
cpDNA	H089	H010	174	TRUE
cpDNA	H146	H010	174	TRUE
cpDNA	H056	H012	174	TRUE
cpDNA	H114	H012	174	TRUE
cpDNA	H120	H012	174	TRUE
cpDNA	H118	H029	174	TRUE
cpDNA	H114	H030	174	TRUE
cpDNA	H120	H030	174	TRUE
cpDNA	H110	H033	174	TRUE
cpDNA	H142	H033	174	TRUE
cpDNA	H078	H034	174	TRUE
cpDNA	H133	H034	174	TRUE
cpDNA	H133	H035	174	TRUE
cpDNA	H140	H035	174	TRUE
cpDNA	H114	H044	174	TRUE
cpDNA	H120	H044	174	TRUE
cpDNA	H055	H046	174	TRUE
cpDNA	H067	H046	174	TRUE
cpDNA	H077	H046	174	TRUE
cpDNA	H118	H046	174	TRUE
cpDNA	H081	H055	174	TRUE
cpDNA	H091	H055	174	TRUE
cpDNA	H150	H055	174	TRUE
cpDNA	H133	H056	174	TRUE
cpDNA	H081	H067	174	TRUE
cpDNA	H091	H067	174	TRUE
cpDNA	H150	H067	174	TRUE
cpDNA	H148	H069	174	TRUE
cpDNA	H148	H070	174	TRUE
cpDNA	H081	H077	174	TRUE
cpDNA	H091	H077	174	TRUE
cpDNA	H150	H077	174	TRUE
cpDNA	H115	H078	174	TRUE
cpDNA	H120	H078	174	TRUE
cpDNA	H092	H080	174	TRUE
cpDNA	H095	H080	174	TRUE
cpDNA	H118	H080	174	TRUE
cpDNA	H148	H080	174	TRUE
cpDNA	H113	H081	174	TRUE
cpDNA	H119	H081	174	TRUE
cpDNA	H139	H081	174	TRUE
cpDNA	H113	H089	174	TRUE
cpDNA	H119	H089	174	TRUE
cpDNA	H139	H089	174	TRUE
cpDNA	H118	H091	174	TRUE
cpDNA	H148	H106	174	TRUE
cpDNA	H130	H110	174	TRUE
cpDNA	H148	H111	174	TRUE
cpDNA	H148	H112	174	TRUE
cpDNA	H146	H113	174	TRUE
cpDNA	H145	H114	174	TRUE
cpDNA	H151	H114	174	TRUE
cpDNA	H148	H117	174	TRUE
cpDNA	H150	H118	174	TRUE
cpDNA	H146	H119	174	TRUE
cpDNA	H145	H120	174	TRUE
cpDNA	H151	H120	174	TRUE
cpDNA	H147	H121	174	TRUE
cpDNA	H142	H130	174	TRUE
cpDNA	H146	H139	174	TRUE
cpDNA	H003	H001	175	TRUE
cpDNA	H090	H001	175	TRUE
cpDNA	H149	H001	175	TRUE
cpDNA	H005	H002	175	TRUE
cpDNA	H114	H002	175	TRUE
cpDNA	H120	H002	175	TRUE
cpDNA	H080	H003	175	TRUE
cpDNA	H056	H004	175	TRUE
cpDNA	H133	H004	175	TRUE
cpDNA	H140	H004	175	TRUE
cpDNA	H081	H005	175	TRUE
cpDNA	H089	H005	175	TRUE
cpDNA	H146	H005	175	TRUE
cpDNA	H078	H006	175	TRUE
cpDNA	H118	H012	175	TRUE
cpDNA	H133	H029	175	TRUE
cpDNA	H118	H030	175	TRUE
cpDNA	H113	H033	175	TRUE
cpDNA	H119	H033	175	TRUE
cpDNA	H139	H033	175	TRUE
cpDNA	H055	H044	175	TRUE
cpDNA	H067	H044	175	TRUE
cpDNA	H077	H044	175	TRUE
cpDNA	H118	H044	175	TRUE
cpDNA	H056	H046	175	TRUE
cpDNA	H133	H046	175	TRUE
cpDNA	H130	H055	175	TRUE
cpDNA	H140	H055	175	TRUE
cpDNA	H145	H055	175	TRUE
cpDNA	H151	H055	175	TRUE
cpDNA	H081	H056	175	TRUE
cpDNA	H091	H056	175	TRUE
cpDNA	H150	H056	175	TRUE
cpDNA	H130	H067	175	TRUE
cpDNA	H140	H067	175	TRUE
cpDNA	H145	H067	175	TRUE
cpDNA	H151	H067	175	TRUE
cpDNA	H148	H068	175	TRUE
cpDNA	H147	H069	175	TRUE
cpDNA	H147	H070	175	TRUE
cpDNA	H145	H077	175	TRUE
cpDNA	H151	H077	175	TRUE
cpDNA	H092	H078	175	TRUE
cpDNA	H095	H078	175	TRUE
cpDNA	H118	H078	175	TRUE
cpDNA	H148	H078	175	TRUE
cpDNA	H090	H080	175	TRUE
cpDNA	H133	H080	175	TRUE
cpDNA	H147	H080	175	TRUE
cpDNA	H149	H080	175	TRUE
cpDNA	H120	H081	175	TRUE
cpDNA	H114	H089	175	TRUE
cpDNA	H120	H089	175	TRUE
cpDNA	H133	H091	175	TRUE
cpDNA	H140	H091	175	TRUE
cpDNA	H147	H106	175	TRUE
cpDNA	H148	H110	175	TRUE
cpDNA	H147	H111	175	TRUE
cpDNA	H147	H112	175	TRUE
cpDNA	H130	H113	175	TRUE
cpDNA	H146	H114	175	TRUE
cpDNA	H147	H117	175	TRUE
cpDNA	H145	H118	175	TRUE
cpDNA	H151	H118	175	TRUE
cpDNA	H130	H119	175	TRUE
cpDNA	H146	H120	175	TRUE
cpDNA	H139	H130	175	TRUE
cpDNA	H150	H133	175	TRUE
cpDNA	H148	H142	175	TRUE
cpDNA	H055	H001	176	TRUE
cpDNA	H067	H001	176	TRUE
cpDNA	H118	H002	176	TRUE
cpDNA	H078	H003	176	TRUE
cpDNA	H033	H005	176	TRUE
cpDNA	H130	H005	176	TRUE
cpDNA	H133	H012	176	TRUE
cpDNA	H133	H030	176	TRUE
cpDNA	H114	H033	176	TRUE
cpDNA	H120	H033	176	TRUE
cpDNA	H140	H034	176	TRUE
cpDNA	H056	H044	176	TRUE
cpDNA	H133	H044	176	TRUE
cpDNA	H089	H055	176	TRUE
cpDNA	H146	H055	176	TRUE
cpDNA	H130	H056	176	TRUE
cpDNA	H140	H056	176	TRUE
cpDNA	H145	H056	176	TRUE
cpDNA	H151	H056	176	TRUE
cpDNA	H089	H067	176	TRUE
cpDNA	H146	H067	176	TRUE
cpDNA	H147	H068	176	TRUE
cpDNA	H089	H077	176	TRUE
cpDNA	H146	H077	176	TRUE
cpDNA	H090	H078	176	TRUE
cpDNA	H133	H078	176	TRUE
cpDNA	H147	H078	176	TRUE
cpDNA	H149	H078	176	TRUE
cpDNA	H118	H081	176	TRUE
cpDNA	H118	H089	176	TRUE
cpDNA	H147	H110	176	TRUE
cpDNA	H148	H113	176	TRUE
cpDNA	H130	H114	176	TRUE
cpDNA	H146	H118	176	TRUE
cpDNA	H148	H119	176	TRUE
cpDNA	H130	H120	176	TRUE
cpDNA	H145	H133	176	TRUE
cpDNA	H151	H133	176	TRUE
cpDNA	H148	H139	176	TRUE
cpDNA	H147	H142	176	TRUE
cpDNA	H034	H001	177	TRUE
cpDNA	H035	H001	177	TRUE
cpDNA	H056	H001	177	TRUE
cpDNA	H133	H002	177	TRUE
cpDNA	H148	H005	177	TRUE
cpDNA	H080	H012	177	TRUE
cpDNA	H140	H029	177	TRUE
cpDNA	H118	H033	177	TRUE
cpDNA	H140	H046	177	TRUE
cpDNA	H089	H056	177	TRUE
cpDNA	H146	H056	177	TRUE
cpDNA	H148	H056	177	TRUE
cpDNA	H081	H078	177	TRUE
cpDNA	H130	H080	177	TRUE
cpDNA	H140	H080	177	TRUE
cpDNA	H133	H081	177	TRUE
cpDNA	H133	H089	177	TRUE
cpDNA	H140	H089	177	TRUE
cpDNA	H147	H113	177	TRUE
cpDNA	H148	H114	177	TRUE
cpDNA	H130	H118	177	TRUE
cpDNA	H147	H119	177	TRUE
cpDNA	H148	H120	177	TRUE
cpDNA	H146	H133	177	TRUE
cpDNA	H147	H139	177	TRUE
cpDNA	H146	H140	177	TRUE
cpDNA	H150	H140	177	TRUE
cpDNA	H004	H001	178	TRUE
cpDNA	H029	H001	178	TRUE
cpDNA	H046	H001	178	TRUE
cpDNA	H080	H001	178	TRUE
cpDNA	H091	H001	178	TRUE
cpDNA	H150	H001	178	TRUE
cpDNA	H080	H004	178	TRUE
cpDNA	H147	H005	178	TRUE
cpDNA	H078	H012	178	TRUE
cpDNA	H140	H012	178	TRUE
cpDNA	H140	H030	178	TRUE
cpDNA	H133	H033	178	TRUE
cpDNA	H140	H044	178	TRUE
cpDNA	H080	H046	178	TRUE
cpDNA	H148	H055	178	TRUE
cpDNA	H147	H056	178	TRUE
cpDNA	H148	H077	178	TRUE
cpDNA	H130	H078	178	TRUE
cpDNA	H140	H078	178	TRUE
cpDNA	H081	H080	178	TRUE
cpDNA	H091	H080	178	TRUE
cpDNA	H150	H080	178	TRUE
cpDNA	H147	H114	178	TRUE
cpDNA	H148	H118	178	TRUE
cpDNA	H147	H120	178	TRUE
cpDNA	H133	H130	178	TRUE
cpDNA	H145	H140	178	TRUE
cpDNA	H151	H140	178	TRUE
cpDNA	H012	H001	179	TRUE
cpDNA	H030	H001	179	TRUE
cpDNA	H044	H001	179	TRUE
cpDNA	H078	H001	179	TRUE
cpDNA	H145	H001	179	TRUE
cpDNA	H151	H001	179	TRUE
cpDNA	H140	H002	179	TRUE
cpDNA	H078	H004	179	TRUE
cpDNA	H080	H044	179	TRUE
cpDNA	H078	H046	179	TRUE
cpDNA	H147	H055	179	TRUE
cpDNA	H147	H077	179	TRUE
cpDNA	H091	H078	179	TRUE
cpDNA	H150	H078	179	TRUE
cpDNA	H145	H080	179	TRUE
cpDNA	H151	H080	179	TRUE
cpDNA	H140	H081	179	TRUE
cpDNA	H147	H118	179	TRUE
cpDNA	H148	H133	179	TRUE
cpDNA	H002	H001	180	TRUE
cpDNA	H081	H001	180	TRUE
cpDNA	H089	H001	180	TRUE
cpDNA	H146	H001	180	TRUE
cpDNA	H140	H033	180	TRUE
cpDNA	H078	H044	180	TRUE
cpDNA	H145	H078	180	TRUE
cpDNA	H151	H078	180	TRUE
cpDNA	H089	H080	180	TRUE
cpDNA	H146	H080	180	TRUE
cpDNA	H140	H130	180	TRUE
cpDNA	H147	H133	180	TRUE
cpDNA	H033	H001	181	TRUE
cpDNA	H130	H001	181	TRUE
cpDNA	H089	H078	181	TRUE
cpDNA	H146	H078	181	TRUE
cpDNA	H148	H140	181	TRUE
cpDNA	H148	H001	182	TRUE
cpDNA	H147	H140	182	TRUE
cpDNA	H147	H001	183	TRUE
cpDNA	H072	H053	258	TRUE
cpDNA	H071	H019	260	TRUE
cpDNA	H071	H053	260	TRUE
cpDNA	H073	H019	261	TRUE
cpDNA	H074	H019	261	TRUE
cpDNA	H073	H053	261	TRUE
cpDNA	H074	H053	261	TRUE
cpDNA	H072	H054	261	TRUE
cpDNA	H071	H054	263	TRUE
cpDNA	H073	H054	264	TRUE
cpDNA	H074	H054	264	TRUE
cpDNA	H098	H053	266	TRUE
cpDNA	H098	H019	268	TRUE
cpDNA	H103	H019	269	TRUE
cpDNA	H103	H053	269	TRUE
cpDNA	H098	H054	269	TRUE
cpDNA	H104	H019	270	TRUE
cpDNA	H104	H053	270	TRUE
cpDNA	H072	H052	272	TRUE
cpDNA	H103	H054	272	TRUE
cpDNA	H102	H019	273	TRUE
cpDNA	H105	H019	273	TRUE
cpDNA	H072	H051	273	TRUE
cpDNA	H102	H053	273	TRUE
cpDNA	H105	H053	273	TRUE
cpDNA	H104	H054	273	TRUE
cpDNA	H101	H019	274	TRUE
cpDNA	H072	H022	274	TRUE
cpDNA	H072	H050	274	TRUE
cpDNA	H071	H052	274	TRUE
cpDNA	H101	H053	274	TRUE
cpDNA	H099	H019	275	TRUE
cpDNA	H073	H022	275	TRUE
cpDNA	H071	H051	275	TRUE
cpDNA	H073	H052	275	TRUE
cpDNA	H074	H052	275	TRUE
cpDNA	H099	H053	275	TRUE
cpDNA	H072	H021	276	TRUE
cpDNA	H071	H022	276	TRUE
cpDNA	H071	H050	276	TRUE
cpDNA	H073	H051	276	TRUE
cpDNA	H074	H051	276	TRUE
cpDNA	H100	H053	276	TRUE
cpDNA	H102	H054	276	TRUE
cpDNA	H105	H054	276	TRUE
cpDNA	H074	H022	277	TRUE
cpDNA	H073	H050	277	TRUE
cpDNA	H074	H050	277	TRUE
cpDNA	H101	H054	277	TRUE
cpDNA	H100	H019	278	TRUE
cpDNA	H071	H021	278	TRUE
cpDNA	H099	H054	278	TRUE
cpDNA	H073	H021	279	TRUE
cpDNA	H074	H021	279	TRUE
cpDNA	H100	H054	279	TRUE
cpDNA	H072	H020	281	TRUE
cpDNA	H073	H020	282	TRUE
cpDNA	H098	H022	282	TRUE
cpDNA	H098	H052	282	TRUE
cpDNA	H071	H020	283	TRUE
cpDNA	H103	H022	283	TRUE
cpDNA	H098	H051	283	TRUE
cpDNA	H103	H052	283	TRUE
cpDNA	H074	H020	284	TRUE
cpDNA	H098	H021	284	TRUE
cpDNA	H098	H050	284	TRUE
cpDNA	H103	H051	284	TRUE
cpDNA	H104	H052	284	TRUE
cpDNA	H103	H050	285	TRUE
cpDNA	H104	H051	285	TRUE
cpDNA	H104	H022	286	TRUE
cpDNA	H104	H050	286	TRUE
cpDNA	H103	H021	287	TRUE
cpDNA	H102	H052	287	TRUE
cpDNA	H105	H052	287	TRUE
cpDNA	H104	H021	288	TRUE
cpDNA	H102	H051	288	TRUE
cpDNA	H105	H051	288	TRUE
cpDNA	H101	H052	288	TRUE
cpDNA	H098	H020	289	TRUE
cpDNA	H102	H022	289	TRUE
cpDNA	H105	H022	289	TRUE
cpDNA	H102	H050	289	TRUE
cpDNA	H105	H050	289	TRUE
cpDNA	H101	H051	289	TRUE
cpDNA	H099	H052	289	TRUE
cpDNA	H103	H020	290	TRUE
cpDNA	H101	H022	290	TRUE
cpDNA	H101	H050	290	TRUE
cpDNA	H099	H051	290	TRUE
cpDNA	H102	H021	291	TRUE
cpDNA	H105	H021	291	TRUE
cpDNA	H099	H022	291	TRUE
cpDNA	H099	H050	291	TRUE
cpDNA	H100	H051	291	TRUE
cpDNA	H101	H021	292	TRUE
cpDNA	H100	H050	292	TRUE
cpDNA	H100	H052	292	TRUE
cpDNA	H104	H020	293	TRUE
cpDNA	H099	H021	293	TRUE
cpDNA	H100	H022	294	TRUE
cpDNA	H102	H020	296	TRUE
cpDNA	H105	H020	296	TRUE
cpDNA	H100	H021	296	TRUE
cpDNA	H101	H020	297	TRUE
cpDNA	H099	H020	298	TRUE
cpDNA	H100	H020	301	TRUE
cpDNA	H057	H053	309	TRUE
cpDNA	H057	H054	310	TRUE
cpDNA	H057	H022	317	TRUE
cpDNA	H057	H021	323	TRUE
cpDNA	H057	H020	324	TRUE
cpDNA	H057	H051	326	TRUE
cpDNA	H057	H050	327	TRUE
cpDNA	H057	H052	329	TRUE
cpDNA	H116	H025	377	TRUE
cpDNA	H116	H015	388	TRUE
cpDNA	H116	H014	389	TRUE
cpDNA	H116	H013	390	TRUE
cpDNA	H116	H017	390	TRUE
cpDNA	H116	H018	391	TRUE
cpDNA	H116	H023	392	TRUE
cpDNA	H116	H026	393	TRUE
cpDNA	H116	H027	393	TRUE
cpDNA	H116	H024	394	TRUE
cpDNA	H116	H028	394	TRUE
cpDNA	H048	H016	399	TRUE
cpDNA	H079	H016	400	TRUE
cpDNA	H079	H025	400	TRUE
cpDNA	H047	H016	401	TRUE
cpDNA	H061	H016	401	TRUE
cpDNA	H048	H025	401	TRUE
cpDNA	H049	H016	402	TRUE
cpDNA	H060	H016	402	TRUE
cpDNA	H047	H025	403	TRUE
cpDNA	H058	H016	404	TRUE
cpDNA	H049	H025	404	TRUE
cpDNA	H059	H016	405	TRUE
cpDNA	H076	H016	405	TRUE
cpDNA	H061	H025	405	TRUE
cpDNA	H076	H025	405	TRUE
cpDNA	H072	H057	405	TRUE
cpDNA	H066	H016	406	TRUE
cpDNA	H108	H016	406	TRUE
cpDNA	H060	H025	406	TRUE
cpDNA	H066	H025	406	TRUE
cpDNA	H108	H025	406	TRUE
cpDNA	H073	H057	406	TRUE
cpDNA	H107	H016	407	TRUE
cpDNA	H109	H016	407	TRUE
cpDNA	H059	H025	407	TRUE
cpDNA	H107	H025	407	TRUE
cpDNA	H109	H025	407	TRUE
cpDNA	H071	H057	407	TRUE
cpDNA	H058	H025	408	TRUE
cpDNA	H074	H057	408	TRUE
cpDNA	H069	H016	409	TRUE
cpDNA	H070	H016	409	TRUE
cpDNA	H106	H016	409	TRUE
cpDNA	H069	H025	409	TRUE
cpDNA	H070	H025	409	TRUE
cpDNA	H106	H025	409	TRUE
cpDNA	H016	H009	410	TRUE
cpDNA	H025	H009	410	TRUE
cpDNA	H068	H016	410	TRUE
cpDNA	H068	H025	410	TRUE
cpDNA	H016	H010	411	TRUE
cpDNA	H025	H010	411	TRUE
cpDNA	H055	H016	411	TRUE
cpDNA	H056	H016	412	TRUE
cpDNA	H067	H016	413	TRUE
cpDNA	H077	H016	413	TRUE
cpDNA	H055	H025	413	TRUE
cpDNA	H067	H025	413	TRUE
cpDNA	H077	H025	413	TRUE
cpDNA	H098	H057	413	TRUE
cpDNA	H048	H015	414	TRUE
cpDNA	H056	H025	414	TRUE
cpDNA	H079	H013	415	TRUE
cpDNA	H048	H014	415	TRUE
cpDNA	H079	H015	415	TRUE
cpDNA	H048	H013	416	TRUE
cpDNA	H079	H014	416	TRUE
cpDNA	H047	H015	416	TRUE
cpDNA	H061	H015	416	TRUE
cpDNA	H048	H017	416	TRUE
cpDNA	H047	H014	417	TRUE
cpDNA	H061	H014	417	TRUE
cpDNA	H049	H015	417	TRUE
cpDNA	H060	H015	417	TRUE
cpDNA	H080	H016	417	TRUE
cpDNA	H079	H017	417	TRUE
cpDNA	H048	H018	417	TRUE
cpDNA	H080	H025	417	TRUE
cpDNA	H047	H013	418	TRUE
cpDNA	H061	H013	418	TRUE
cpDNA	H049	H014	418	TRUE
cpDNA	H060	H014	418	TRUE
cpDNA	H078	H016	418	TRUE
cpDNA	H047	H017	418	TRUE
cpDNA	H061	H017	418	TRUE
cpDNA	H079	H018	418	TRUE
cpDNA	H048	H023	418	TRUE
cpDNA	H078	H025	418	TRUE
cpDNA	H102	H057	418	TRUE
cpDNA	H103	H057	418	TRUE
cpDNA	H105	H057	418	TRUE
cpDNA	H049	H013	419	TRUE
cpDNA	H060	H013	419	TRUE
cpDNA	H058	H015	419	TRUE
cpDNA	H049	H017	419	TRUE
cpDNA	H060	H017	419	TRUE
cpDNA	H047	H018	419	TRUE
cpDNA	H061	H018	419	TRUE
cpDNA	H079	H023	419	TRUE
cpDNA	H048	H026	419	TRUE
cpDNA	H048	H027	419	TRUE
cpDNA	H101	H057	419	TRUE
cpDNA	H076	H013	420	TRUE
cpDNA	H058	H014	420	TRUE
cpDNA	H059	H015	420	TRUE
cpDNA	H076	H015	420	TRUE
cpDNA	H049	H018	420	TRUE
cpDNA	H060	H018	420	TRUE
cpDNA	H047	H023	420	TRUE
cpDNA	H048	H024	420	TRUE
cpDNA	H079	H026	420	TRUE
cpDNA	H079	H027	420	TRUE
cpDNA	H048	H028	420	TRUE
cpDNA	H099	H057	420	TRUE
cpDNA	H058	H013	421	TRUE
cpDNA	H066	H013	421	TRUE
cpDNA	H108	H013	421	TRUE
cpDNA	H059	H014	421	TRUE
cpDNA	H076	H014	421	TRUE
cpDNA	H066	H015	421	TRUE
cpDNA	H108	H015	421	TRUE
cpDNA	H058	H017	421	TRUE
cpDNA	H049	H023	421	TRUE
cpDNA	H079	H024	421	TRUE
cpDNA	H047	H026	421	TRUE
cpDNA	H047	H027	421	TRUE
cpDNA	H079	H028	421	TRUE
cpDNA	H104	H057	421	TRUE
cpDNA	H059	H013	422	TRUE
cpDNA	H107	H013	422	TRUE
cpDNA	H109	H013	422	TRUE
cpDNA	H066	H014	422	TRUE
cpDNA	H108	H014	422	TRUE
cpDNA	H107	H015	422	TRUE
cpDNA	H109	H015	422	TRUE
cpDNA	H059	H017	422	TRUE
cpDNA	H076	H017	422	TRUE
cpDNA	H058	H018	422	TRUE
cpDNA	H061	H023	422	TRUE
cpDNA	H047	H024	422	TRUE
cpDNA	H049	H026	422	TRUE
cpDNA	H049	H027	422	TRUE
cpDNA	H047	H028	422	TRUE
cpDNA	H024	H009	423	TRUE
cpDNA	H107	H014	423	TRUE
cpDNA	H109	H014	423	TRUE
cpDNA	H066	H017	423	TRUE
cpDNA	H108	H017	423	TRUE
cpDNA	H059	H018	423	TRUE
cpDNA	H076	H018	423	TRUE
cpDNA	H060	H023	423	TRUE
cpDNA	H049	H024	423	TRUE
cpDNA	H061	H026	423	TRUE
cpDNA	H061	H027	423	TRUE
cpDNA	H049	H028	423	TRUE
cpDNA	H100	H057	423	TRUE
cpDNA	H024	H010	424	TRUE
cpDNA	H069	H013	424	TRUE
cpDNA	H070	H013	424	TRUE
cpDNA	H106	H013	424	TRUE
cpDNA	H069	H015	424	TRUE
cpDNA	H070	H015	424	TRUE
cpDNA	H106	H015	424	TRUE
cpDNA	H107	H017	424	TRUE
cpDNA	H109	H017	424	TRUE
cpDNA	H066	H018	424	TRUE
cpDNA	H108	H018	424	TRUE
cpDNA	H076	H023	424	TRUE
cpDNA	H061	H024	424	TRUE
cpDNA	H060	H026	424	TRUE
cpDNA	H060	H027	424	TRUE
cpDNA	H061	H028	424	TRUE
cpDNA	H013	H009	425	TRUE
cpDNA	H015	H009	425	TRUE
cpDNA	H068	H013	425	TRUE
cpDNA	H069	H014	425	TRUE
cpDNA	H070	H014	425	TRUE
cpDNA	H106	H014	425	TRUE
cpDNA	H068	H015	425	TRUE
cpDNA	H107	H018	425	TRUE
cpDNA	H109	H018	425	TRUE
cpDNA	H058	H023	425	TRUE
cpDNA	H066	H023	425	TRUE
cpDNA	H108	H023	425	TRUE
cpDNA	H060	H024	425	TRUE
cpDNA	H076	H026	425	TRUE
cpDNA	H076	H027	425	TRUE
cpDNA	H060	H028	425	TRUE
cpDNA	H014	H009	426	TRUE
cpDNA	H013	H010	426	TRUE
cpDNA	H015	H010	426	TRUE
cpDNA	H068	H014	426	TRUE
cpDNA	H069	H017	426	TRUE
cpDNA	H070	H017	426	TRUE
cpDNA	H106	H017	426	TRUE
cpDNA	H059	H023	426	TRUE
cpDNA	H107	H023	426	TRUE
cpDNA	H109	H023	426	TRUE
cpDNA	H067	H024	426	TRUE
cpDNA	H076	H024	426	TRUE
cpDNA	H058	H026	426	TRUE
cpDNA	H066	H026	426	TRUE
cpDNA	H108	H026	426	TRUE
cpDNA	H058	H027	426	TRUE
cpDNA	H066	H027	426	TRUE
cpDNA	H108	H027	426	TRUE
cpDNA	H076	H028	426	TRUE
cpDNA	H017	H009	427	TRUE
cpDNA	H023	H009	427	TRUE
cpDNA	H014	H010	427	TRUE
cpDNA	H068	H017	427	TRUE
cpDNA	H069	H018	427	TRUE
cpDNA	H070	H018	427	TRUE
cpDNA	H106	H018	427	TRUE
cpDNA	H058	H024	427	TRUE
cpDNA	H066	H024	427	TRUE
cpDNA	H108	H024	427	TRUE
cpDNA	H059	H026	427	TRUE
cpDNA	H107	H026	427	TRUE
cpDNA	H109	H026	427	TRUE
cpDNA	H059	H027	427	TRUE
cpDNA	H107	H027	427	TRUE
cpDNA	H109	H027	427	TRUE
cpDNA	H058	H028	427	TRUE
cpDNA	H066	H028	427	TRUE
cpDNA	H108	H028	427	TRUE
cpDNA	H018	H009	428	TRUE
cpDNA	H017	H010	428	TRUE
cpDNA	H023	H010	428	TRUE
cpDNA	H055	H013	428	TRUE
cpDNA	H067	H013	428	TRUE
cpDNA	H077	H013	428	TRUE
cpDNA	H055	H015	428	TRUE
cpDNA	H067	H015	428	TRUE
cpDNA	H077	H015	428	TRUE
cpDNA	H122	H016	428	TRUE
cpDNA	H068	H018	428	TRUE
cpDNA	H069	H023	428	TRUE
cpDNA	H070	H023	428	TRUE
cpDNA	H106	H023	428	TRUE
cpDNA	H059	H024	428	TRUE
cpDNA	H107	H024	428	TRUE
cpDNA	H109	H024	428	TRUE
cpDNA	H059	H028	428	TRUE
cpDNA	H107	H028	428	TRUE
cpDNA	H109	H028	428	TRUE
cpDNA	H018	H010	429	TRUE
cpDNA	H056	H013	429	TRUE
cpDNA	H055	H014	429	TRUE
cpDNA	H067	H014	429	TRUE
cpDNA	H077	H014	429	TRUE
cpDNA	H056	H015	429	TRUE
cpDNA	H068	H023	429	TRUE
cpDNA	H069	H026	429	TRUE
cpDNA	H070	H026	429	TRUE
cpDNA	H106	H026	429	TRUE
cpDNA	H069	H027	429	TRUE
cpDNA	H070	H027	429	TRUE
cpDNA	H106	H027	429	TRUE
cpDNA	H026	H009	430	TRUE
cpDNA	H027	H009	430	TRUE
cpDNA	H056	H014	430	TRUE
cpDNA	H055	H017	430	TRUE
cpDNA	H067	H017	430	TRUE
cpDNA	H077	H017	430	TRUE
cpDNA	H067	H023	430	TRUE
cpDNA	H069	H024	430	TRUE
cpDNA	H070	H024	430	TRUE
cpDNA	H080	H024	430	TRUE
cpDNA	H106	H024	430	TRUE
cpDNA	H068	H026	430	TRUE
cpDNA	H068	H027	430	TRUE
cpDNA	H069	H028	430	TRUE
cpDNA	H070	H028	430	TRUE
cpDNA	H106	H028	430	TRUE
cpDNA	H028	H009	431	TRUE
cpDNA	H026	H010	431	TRUE
cpDNA	H027	H010	431	TRUE
cpDNA	H056	H017	431	TRUE
cpDNA	H055	H018	431	TRUE
cpDNA	H067	H018	431	TRUE
cpDNA	H077	H018	431	TRUE
cpDNA	H068	H024	431	TRUE
cpDNA	H078	H024	431	TRUE
cpDNA	H068	H028	431	TRUE
cpDNA	H028	H010	432	TRUE
cpDNA	H080	H013	432	TRUE
cpDNA	H080	H015	432	TRUE
cpDNA	H056	H018	432	TRUE
cpDNA	H064	H019	432	TRUE
cpDNA	H055	H023	432	TRUE
cpDNA	H077	H023	432	TRUE
cpDNA	H122	H025	432	TRUE
cpDNA	H064	H053	432	TRUE
