path	mode	git_blob	stage
canonical_publication/CURRENT_RUN	100644	cc4adaa050272212b1eaa1c3e1f5a8b4befc89dc	0
canonical_publication/README.md	100644	c4d282ad052aef0b6f0ee398729c10a05b289096	0
canonical_publication/config/publication_config.toml	100644	82b5a432e91c8de01b5d7e2ae25b4418fd9d4701	0
canonical_publication/environment.yml	100644	1b706de07848dbbc6d23e25933823b83e52dbd39	0
canonical_publication/metadata/populations/populations.tsv	100644	974b1a70bad02f015681230ef90d9c7e673b9000	0
canonical_publication/metadata/qc/.gitkeep	100644	8b137891791fe96927ad78e64b0aad7bded08bdc	0
canonical_publication/metadata/qc/publication-20260817/chloroplast_samples.tsv	100644	b94bdfa5130ba8d1467c1c1ad35dcd8ae3e6bb76	0
canonical_publication/metadata/qc/publication-20260817/mitochondria_samples.tsv	100644	944048789cbeb6752f5a1d7fdb5c5e9b4a7d38d7	0
canonical_publication/metadata/qc/publication-20260817/organelle_eligibility.tsv	100644	1a5523af51ad18cd3ce83a3fc9ad4cd4f4f4560f	0
canonical_publication/metadata/qc/publication-20260817/shared_samples.tsv	100644	944048789cbeb6752f5a1d7fdb5c5e9b4a7d38d7	0
canonical_publication/metadata/qc/publication-20260817/source_metadata_ambiguities.tsv	100644	8e13f4be223d80ac9a19669d2b73dfba0d894030	0
canonical_publication/metadata/samples/samples.tsv	100644	8de00b4dc4e12d155398b7565c5c607e8f62a12b	0
canonical_publication/pipeline/scripts/build_consensus.py	100755	4584a8ba6bf5174e48b426fed364763127af8cc7	0
canonical_publication/pipeline/scripts/build_reports.py	100755	1d363bdf7f7d71f18a0b5278d93aad06b4973df9	0
canonical_publication/pipeline/scripts/build_sample_manifest.py	100755	0eeddb820cf6245db0110f632e8276c2ed9e10f3	0
canonical_publication/pipeline/scripts/build_source_manifest.py	100755	619ce57d9de2917f03c93976b5a47107fd3dfcd5	0
canonical_publication/pipeline/scripts/call_variants.py	100755	affadad7ec189b7e74a19e627635009790929a2b	0
canonical_publication/pipeline/scripts/compute_qc.py	100755	d620f3968d83913c64874f19af83336fadd2c452	0
canonical_publication/pipeline/scripts/crosscheck_scikit_allel.py	100755	ca8895cc7e9f03278e54cd7b4b5b1579191d8beb	0
canonical_publication/pipeline/scripts/finalize_mapping_provenance.py	100644	8aab698f2771ad51d4b34e426d5e721c7f1d0de2	0
canonical_publication/pipeline/scripts/map_samples.py	100755	a9c8b705f3687dc856a04404553496f9d3327a35	0
canonical_publication/pipeline/scripts/population_genetics.py	100755	5ca2136f79cb45932ccdfd9e0b0f83b60f67c542	0
canonical_publication/pipeline/scripts/prepare_references.py	100755	2bbcee440d8c1a0ecc98ae1827825e93b0cefdce	0
canonical_publication/pipeline/scripts/project_annotations.py	100755	5502985075d5d16640db53f64e4e5cdc299a27dc	0
canonical_publication/pipeline/scripts/render_figures.py	100644	02687588fbbcdd83b39a40ba2ac8568177719425	0
canonical_publication/pipeline/scripts/run_admixture.py	100755	6b542a64716d75b593d9a93065547942f7335ac6	0
canonical_publication/pipeline/scripts/run_haplotypes.py	100755	c2c75f6f56679c257fc059aa45ac3cadfbe27920	0
canonical_publication/pipeline/scripts/run_pca.py	100755	36f825b35080e5d36d285cd6279094131cf8531c	0
canonical_publication/pipeline/scripts/run_pipeline.py	100755	e2e406d1f43d971dcc28ec4c4f6d2fb2d8948f72	0
canonical_publication/pipeline/scripts/run_trees.py	100755	01bdd4686fff6c76110ca64a77e4d5013db5b23f	0
canonical_publication/pipeline/scripts/verify_source_md5.py	100755	527507243c6375c4521762de3b27b6ccc24dbf8a	0
canonical_publication/pipeline/scripts/verify_tree_reproducibility.py	100755	e5e4201d4e2c0418f31d0db250d65f8940d22813	0
canonical_publication/pipeline/src/organelle_pipeline/__init__.py	100644	089c37b44270cc776a286aa4a1be2bba55c95db6	0
canonical_publication/pipeline/src/organelle_pipeline/admixture.py	100644	f9f12d52570ea4cf4ed689aa5281838f21fa9644	0
canonical_publication/pipeline/src/organelle_pipeline/analysis.py	100644	3ed3cc852f5c3e2ea5e0981826dcd619b301bdcc	0
canonical_publication/pipeline/src/organelle_pipeline/annotations.py	100644	80070cf2cf8f73491a918512d087bf7263fd9498	0
canonical_publication/pipeline/src/organelle_pipeline/commands.py	100644	4620bfd1d77d3f2f2f5923dda65e74cee94e452f	0
canonical_publication/pipeline/src/organelle_pipeline/configuration.py	100644	41bcfcbc7071c2619fe7470a9b217b46acf6a5fe	0
canonical_publication/pipeline/src/organelle_pipeline/consensus.py	100644	e3a1355c10a1f32fed38bd3aaf2891abe7176aed	0
canonical_publication/pipeline/src/organelle_pipeline/crosscheck.py	100644	0f56f88ad4fb843781e60377f9452a1727721694	0
canonical_publication/pipeline/src/organelle_pipeline/figures.py	100644	3f42226d4a3fe61e59eb8b3b07b60c07cca21c3a	0
canonical_publication/pipeline/src/organelle_pipeline/haplotypes.py	100644	b921df6486c84f553f79d9085f61d47f0e22d0ad	0
canonical_publication/pipeline/src/organelle_pipeline/inventory.py	100644	9fba76d68a33e4221d027295683fe60d6633969a	0
canonical_publication/pipeline/src/organelle_pipeline/logs.py	100644	7aef52ebd26f1da844b6eca7e87f35e268c4c8d1	0
canonical_publication/pipeline/src/organelle_pipeline/metadata.py	100644	75606b979ee66524d366cd5268468fd47cc128ec	0
canonical_publication/pipeline/src/organelle_pipeline/ordination.py	100644	b01315af236b0c834fbdd696602da19976b26bfa	0
canonical_publication/pipeline/src/organelle_pipeline/paths.py	100644	0c6f2474455b41c3e1046e8a172f7a81d8f1cee8	0
canonical_publication/pipeline/src/organelle_pipeline/popgen.py	100644	410ae619ffd369811535a14f898dca43963caad8	0
canonical_publication/pipeline/src/organelle_pipeline/provenance.py	100644	8467ac9a364f7357005b0bb3145cec1a1a381478	0
canonical_publication/pipeline/src/organelle_pipeline/qc.py	100644	6ec69aae2c051571d556318cc14c9bad103a11c1	0
canonical_publication/pipeline/src/organelle_pipeline/reference_evidence.py	100644	664e3d80bd22bcc99628b355653dbaf875a24b24	0
canonical_publication/pipeline/src/organelle_pipeline/references.py	100644	280cc4526c5a831da314c4bb04d1a78e256090f1	0
canonical_publication/pipeline/src/organelle_pipeline/tree_reproducibility.py	100644	fba95eaa1d0bef371565c50eb2520c90ffbf9aef	0
canonical_publication/pipeline/src/organelle_pipeline/variants.py	100644	732fade742c8eae1834e302490794ad76c9ef854	0
canonical_publication/pipeline/tests/fixtures/genotype_filter_input.vcf	100644	0e61a818e885827b9b926ccc0d29aaa8133bef18	0
canonical_publication/pipeline/tests/test_admixture.py	100644	79bd3ac642c34660132f4012791aed420fba2bec	0
canonical_publication/pipeline/tests/test_analysis_commands.py	100644	69f0e995d8d593767cfd662b6ed1475643469636	0
canonical_publication/pipeline/tests/test_annotations.py	100644	6508a89ec84086a119e9544f01396cfe306fb731	0
canonical_publication/pipeline/tests/test_configuration.py	100644	17c862fff18740e0db0447e6f8f94dc2a486c365	0
canonical_publication/pipeline/tests/test_consensus.py	100644	685d82cf935b50831d24e43c1046b1a94766f63d	0
canonical_publication/pipeline/tests/test_crosscheck.py	100644	bd625f55a90e093ef49c05d8cd62781a13e0d65a	0
canonical_publication/pipeline/tests/test_figures.py	100644	a05dc1e54f5e9027166e17697d5574fa17397dde	0
canonical_publication/pipeline/tests/test_haplotypes.py	100644	ddfc80de4e115b80e73d7457fd1d2ed71de7b816	0
canonical_publication/pipeline/tests/test_inventory.py	100644	485578928cd883a449e9c3d3faff26d6593f9124	0
canonical_publication/pipeline/tests/test_layout.py	100644	cb4103c739a51e564ad8989a17b39f19b941dbb0	0
canonical_publication/pipeline/tests/test_metadata.py	100644	8f0ebe4d5311979763305e400b1cebb6314590fd	0
canonical_publication/pipeline/tests/test_ordination.py	100644	141dfab016ead63bc34bc126dfde52b80a4211b9	0
canonical_publication/pipeline/tests/test_popgen.py	100644	87d52f2f59cbb3d911f3e70cf441c2644e7ea720	0
canonical_publication/pipeline/tests/test_provenance.py	100644	5726ef9988dfa27237ca56195ec37683419f109e	0
canonical_publication/pipeline/tests/test_qc.py	100644	ad8448fa4c3ebf6be0cf66627e3dfe7e74015c61	0
canonical_publication/pipeline/tests/test_reference_evidence.py	100644	d36af1dac1922bfdb22a6645eb30ad62dbe64f7a	0
canonical_publication/pipeline/tests/test_references.py	100644	4024bddd2242af926e56758f7ba30bb5ed1cd7ea	0
canonical_publication/pipeline/tests/test_tree_reproducibility.py	100644	db8d4cd6d70539d9902826d04127b783919ade2e	0
canonical_publication/pipeline/tests/test_variants.py	100644	c63761059203ebfb80ad870aecb5b99c45289b50	0
canonical_publication/pipeline/tests/test_workflow_commands.py	100644	cff99d19be23a78e5e614fabeaa9451c987193ea	0
canonical_publication/pipeline/workflow/README.md	100644	7e5449c4d07cfc9406183ae473373f5af4e6899a	0
canonical_publication/pipeline/workflow/plans/2026-08-19-publication-figures.md	100644	490b57d65d2af0d84af7371d82adf84f2b7a0523	0
canonical_publication/pipeline/workflow/specs/2026-08-19-publication-figures-design.md	100644	5920d1e7399e44e9219f163e91352f4e2bfc65ae	0
canonical_publication/provenance/invalidation/.gitkeep	100644	8b137891791fe96927ad78e64b0aad7bded08bdc	0
canonical_publication/provenance/invalidation/publication-20260817.legacy_artifact_invalidation.tsv	100644	a6d0cb512cb19747928a7460a0da1d98b30d9bb7	0
canonical_publication/provenance/manifests/publication-20260817.final_artifacts.tsv	100644	ed54cb32867b193eb091d9ecad9f732094d732ba	0
canonical_publication/provenance/manifests/publication-20260817.provider_md5_validation.tsv	100644	79e58e86ab943e00a7468ee49c41b2cf2ef13c55	0
canonical_publication/provenance/manifests/source_inputs.tsv	100644	25f78eea372e25d9afa214148b430d9f0250e013	0
canonical_publication/provenance/runs/publication-20260817/ACCEPTANCE.json	100644	6a59ab1609641fb574cd1dfdc7a1b21c46b0c085	0
canonical_publication/provenance/runs/publication-20260817/admixture/chloroplast.json	100644	8313875e9a81e2724aa21c72020d4d5164dc23e8	0
canonical_publication/provenance/runs/publication-20260817/admixture/mitochondria.json	100644	2a6248bd240b0a01ab1757d485c8e263da52c1ee	0
canonical_publication/provenance/runs/publication-20260817/consensus/chloroplast.json	100644	82c82da1f6c79860b27bdeebbbb68a6d60dbe177	0
canonical_publication/provenance/runs/publication-20260817/consensus/mitochondria.json	100644	d9fcb5017dbc3af065b9b7b775eee5f3dac2f218	0
canonical_publication/provenance/runs/publication-20260817/figures.json	100644	f85d0860bc9446cc8157e0fce756d86b2880b2de	0
canonical_publication/provenance/runs/publication-20260817/haplotypes/chloroplast.json	100644	5f9efaf967dd2c50e98893a35c0b0e662e9c13fb	0
canonical_publication/provenance/runs/publication-20260817/haplotypes/mitochondria.json	100644	99bae5e2ee3190bf46168f91f3f7bb1bb5a52be9	0
canonical_publication/provenance/runs/publication-20260817/mapping/ABAB_MAD_LP_222_Du-589.json	100644	68bf652af2e1a2bb970051f28b1e71712eefe314	0
canonical_publication/provenance/runs/publication-20260817/mapping/ABAB_MAD_LP_223_Du-590.json	100644	bde23fbbe6f5480e52b8e4be2f766ae060a5e795	0
canonical_publication/provenance/runs/publication-20260817/mapping/ABAB_MAD_LP_322_Du-593.json	100644	7f79a236245d73dc542728e02dc99de8cd68e40f	0
canonical_publication/provenance/runs/publication-20260817/mapping/ABAB_MAD_LP_323_Du-594.json	100644	155935f5ddd7edaca9443345005dd9432da97127	0
canonical_publication/provenance/runs/publication-20260817/mapping/ABAB_MAD_LP_324_Du-595.json	100644	bef4d0abfd8d9f608604e4a25bc6736103328acd	0
canonical_publication/provenance/runs/publication-20260817/mapping/ABAB_MAD_LP_325_Du-596.json	100644	849ca3b2499d0971e58ffe836a7d532816c6078f	0
canonical_publication/provenance/runs/publication-20260817/mapping/ABAB_MAD_LP_326_Du-597.json	100644	c3f33c95219a91f6bc289bcacf19c006dc8c1830	0
canonical_publication/provenance/runs/publication-20260817/mapping/ABAB_MAD_LP_327_Du-598.json	100644	60c8a090b5b61139a24083a7660d8b0452e42f1a	0
canonical_publication/provenance/runs/publication-20260817/mapping/ABBE_BERN_LP_311_Du-780.json	100644	1e790679b4270dd3225056334f2e8ce219f83f15	0
canonical_publication/provenance/runs/publication-20260817/mapping/ABBE_BERN_LP_312_Du-781.json	100644	a3246ed52261c5dd733498ae8b492c41fd1af842	0
canonical_publication/provenance/runs/publication-20260817/mapping/ABBE_BERN_LP_313_Du-782.json	100644	1c95271ab146cd8438af16350f957a0b5c207946	0
canonical_publication/provenance/runs/publication-20260817/mapping/ABBE_BERN_LP_314_Du-783.json	100644	720f319b2542ec66bc206ca7d1d4b37ca020754a	0
canonical_publication/provenance/runs/publication-20260817/mapping/ABMU_HOR_LP_306_Du-775.json	100644	4fd3e37a5289dcbb745014c9245a4e1efe410521	0
canonical_publication/provenance/runs/publication-20260817/mapping/ABMU_HOR_LP_308_Du-777.json	100644	e74d1c3cd540f8140d7b3530e2a8d8acb8baa317	0
canonical_publication/provenance/runs/publication-20260817/mapping/ABMU_HOR_LP_358_Du-770.json	100644	f3e8cfd3853eadeadb3741e1575a91318a36a72e	0
canonical_publication/provenance/runs/publication-20260817/mapping/ABMU_HOR_LP_359_Du-771.json	100644	92b0dc7d8576e72daeacdf7fa0ce26587652398a	0
canonical_publication/provenance/runs/publication-20260817/mapping/ABMU_HOR_LP_360_Du-772.json	100644	d26a2afc387cc9e1b8ddcffea82051b08ea6ab8b	0
canonical_publication/provenance/runs/publication-20260817/mapping/ABMU_HOR_LP_361_Du-773.json	100644	85c5aa1d5987e081a2399922b8c4729ab6445d3a	0
canonical_publication/provenance/runs/publication-20260817/mapping/BAI_LP_105_Du-222.json	100644	0b8da09dcbc16f9906590afa1ce9520953fa245f	0
canonical_publication/provenance/runs/publication-20260817/mapping/BAI_LP_106_Du-223.json	100644	ed47480007b7d802d43aa63e48473df1042817f3	0
canonical_publication/provenance/runs/publication-20260817/mapping/BAI_LP_108_Du-225.json	100644	da61edc68e037d50554e83d126a31daea90af041	0
canonical_publication/provenance/runs/publication-20260817/mapping/BAI_LP_109_Du-226.json	100644	1f5fe7bb2645865896a7f819c4ce15c4bdbf8b93	0
canonical_publication/provenance/runs/publication-20260817/mapping/BAI_LP_110_Du-227.json	100644	43b36c78804b23cfea4d2cdd9bccf94b4b3a58bf	0
canonical_publication/provenance/runs/publication-20260817/mapping/BAI_LP_111_Du-228.json	100644	d7cb1a77b8880de5ab2ed65e59fa7295370cf814	0
canonical_publication/provenance/runs/publication-20260817/mapping/BAI_LP_112_Du-230.json	100644	15fe7cace6997a218733933b04b527d5f938ac5c	0
canonical_publication/provenance/runs/publication-20260817/mapping/BAI_LP_113_Du-231.json	100644	527de904efd6656a8175edfa518647fe3e293210	0
canonical_publication/provenance/runs/publication-20260817/mapping/BAI_LP_114_Du-232.json	100644	ee8409a931012bfe1f549588e6a589b9545197e8	0
canonical_publication/provenance/runs/publication-20260817/mapping/BAI_LP_319_Du-233.json	100644	ae5c138f7726bcde6be0fa6e8075b9b50ac45f72	0
canonical_publication/provenance/runs/publication-20260817/mapping/COM_LP_269_Du-703.json	100644	373a158f710f29d20290c54cf8bcde7daf172ec5	0
canonical_publication/provenance/runs/publication-20260817/mapping/COM_LP_270_Du-704.json	100644	f2251155cf71b312f244e470a41e6cb634248507	0
canonical_publication/provenance/runs/publication-20260817/mapping/COM_LP_272_Du-707.json	100644	17db9fa39c5f176903459feb3a0f2cad8363cddc	0
canonical_publication/provenance/runs/publication-20260817/mapping/COM_LP_274_Du-709.json	100644	c7361b0f57a2e160f2bb515a95e764760f2c041e	0
canonical_publication/provenance/runs/publication-20260817/mapping/COM_LP_276_Du-711.json	100644	acf17dbc5fe23c186b4249e21b507e9448c00abf	0
canonical_publication/provenance/runs/publication-20260817/mapping/COM_LP_277_Du-712.json	100644	1a52b0f7b4baa465c852241d6a34b4062348bc01	0
canonical_publication/provenance/runs/publication-20260817/mapping/COM_LP_341_Du-713.json	100644	e534d100991ef8858c739000cc35026631a04e89	0
canonical_publication/provenance/runs/publication-20260817/mapping/COM_LP_342_Du-714.json	100644	35c1bbf1ce6b7e3efcc91a9c6788637172ee9161	0
canonical_publication/provenance/runs/publication-20260817/mapping/COM_LP_343_Du-715.json	100644	1e038519a8875e026aab63246c0ebda081899f5f	0
canonical_publication/provenance/runs/publication-20260817/mapping/CROB_LP_169_Du-381.json	100644	6492bcd078e8f5e525fd54c34ccd9ea02cbb066b	0
canonical_publication/provenance/runs/publication-20260817/mapping/CROB_LP_170_Du-382.json	100644	29914047d657299f6709ae0355f3dcc4421f9752	0
canonical_publication/provenance/runs/publication-20260817/mapping/CROB_LP_172_Du-384.json	100644	c53901a626e6d4d1185b147c5a44f94016d257ed	0
canonical_publication/provenance/runs/publication-20260817/mapping/CROB_LP_173_Du-385.json	100644	6db608e7545e54046187c981d356cf7a2f50fdaf	0
canonical_publication/provenance/runs/publication-20260817/mapping/CROB_LP_174_Du-386.json	100644	e5e70a9414c5ef28af1480afd293e742e4dc0e65	0
canonical_publication/provenance/runs/publication-20260817/mapping/CROB_LP_175_Du-387.json	100644	5423238d57f7dbdf35e218a90d1396f2b4d4b323	0
canonical_publication/provenance/runs/publication-20260817/mapping/CROB_LP_176_Du-388.json	100644	fdac849867bddfb41bbfab3dc2038d0f81de9b76	0
canonical_publication/provenance/runs/publication-20260817/mapping/CROB_LP_177_Du-389.json	100644	13b0c103f5ceb4f284709f6579156f971090b231	0
canonical_publication/provenance/runs/publication-20260817/mapping/CROB_LP_320_Du-395.json	100644	2f1eb923af2fdd62896a87bdac91c5060e82040e	0
canonical_publication/provenance/runs/publication-20260817/mapping/CROB_LP_321_Du-396.json	100644	db6ffc7461e3452f3072128d7b078cc9b71cf58b	0
canonical_publication/provenance/runs/publication-20260817/mapping/CROS_LP_085_Du-181.json	100644	d96326b31a9fdc4a0c3b53bbd90f9668ba9a49d2	0
canonical_publication/provenance/runs/publication-20260817/mapping/CROS_LP_086_Du-182.json	100644	b08302a539bcf83d58a3d790e64b9a99e318db83	0
canonical_publication/provenance/runs/publication-20260817/mapping/CROS_LP_087_Du-183.json	100644	079dd00013ea39db1b71ac74122c6a251ce04bf9	0
canonical_publication/provenance/runs/publication-20260817/mapping/CROS_LP_088_Du-184.json	100644	de66352a69317f16cbfd886e091cbca9fc7f1f50	0
canonical_publication/provenance/runs/publication-20260817/mapping/CROS_LP_089_Du-185.json	100644	7f24df09107ba22a4af231c0933bf77ac6a1c2d6	0
canonical_publication/provenance/runs/publication-20260817/mapping/CROS_LP_090_Du-186.json	100644	17cc17964c71b95a2e59dc90292ab0976565a241	0
canonical_publication/provenance/runs/publication-20260817/mapping/CROS_LP_091_Du-187.json	100644	5e236554c86977a515b7e0ccd6294eeda921ac86	0
canonical_publication/provenance/runs/publication-20260817/mapping/CROS_LP_092_Du-188.json	100644	df4c1609f2a689a5c19668bb6c79656d1c15ca75	0
canonical_publication/provenance/runs/publication-20260817/mapping/CROS_LP_093_Du-189.json	100644	91455bc11c827a2b08f68feea107ce75dc42f60a	0
canonical_publication/provenance/runs/publication-20260817/mapping/CROS_LP_094_Du-190.json	100644	7efb7211871aacc0547c84bee5a0765c198fc09a	0
canonical_publication/provenance/runs/publication-20260817/mapping/CY_ALA_LP_298-Du-767.json	100644	153effc2166ad072cbc0d370edde41e81e3832db	0
canonical_publication/provenance/runs/publication-20260817/mapping/CY_ALA_LP_299-Du-768.json	100644	1fbdb085e7e41a0b744468e86c6f8701b4d2a4d4	0
canonical_publication/provenance/runs/publication-20260817/mapping/CY_ALA_LP_357_Du-769.json	100644	95f9f0d8b9105328d96fec3b06b608451c74b126	0
canonical_publication/provenance/runs/publication-20260817/mapping/CY_BAL_LP_226_Du-602.json	100644	6b08c0d5827cf30e20f36fa58906323b9e91b52b	0
canonical_publication/provenance/runs/publication-20260817/mapping/CY_BAL_LP_227_Du-603.json	100644	e2ccd17f2a3796c4c37657adcff790911d81f8e9	0
canonical_publication/provenance/runs/publication-20260817/mapping/CY_BAL_LP_228_Du-604.json	100644	3227c649cbf81eeee1862fdd5fc7f30ac1306555	0
canonical_publication/provenance/runs/publication-20260817/mapping/CY_BGL_LP_210_Du-577.json	100644	cb0f04ee4d9dff3d88b6896bb9a97c07de48c49b	0
canonical_publication/provenance/runs/publication-20260817/mapping/CY_BGL_LP_212_Du-579.json	100644	ca0123f0837cb9a1087d6961a9a0ff9d545d3f46	0
canonical_publication/provenance/runs/publication-20260817/mapping/CY_BOU_LP_288_Du-737.json	100644	ec3fb6f0e774c0a680a85bded4bffc1a3fb5119d	0
canonical_publication/provenance/runs/publication-20260817/mapping/CY_BOU_LP_290_Du-739.json	100644	e2f654e12ab1552c608567b568f5d691442c8acc	0
canonical_publication/provenance/runs/publication-20260817/mapping/CY_BOU_LP_291_Du-740.json	100644	9ab4198264b7b3a531b64fb7b55d2bb7641b1c41	0
canonical_publication/provenance/runs/publication-20260817/mapping/CY_BOU_LP_292_Du-741.json	100644	553bbb83d791b0fc7f446563071cb7a4a6411e32	0
canonical_publication/provenance/runs/publication-20260817/mapping/CY_BOU_LP_354_Du-742.json	100644	a30f4c14681cc48b99d89caa55a4d8c0b1253505	0
canonical_publication/provenance/runs/publication-20260817/mapping/CY_CAS_LP_328_Du-610.json	100644	3ccff54e7e958175bd335dae93f9c34871d0c7b5	0
canonical_publication/provenance/runs/publication-20260817/mapping/CY_CAS_LP_329_Du-611.json	100644	5d1f4a440ad00c813d0dce5e22bd3a08a68674cc	0
canonical_publication/provenance/runs/publication-20260817/mapping/CY_CAS_LP_330_Du-607.json	100644	cfbc52ae4f1115a26cebc5b8e62d0a50bf9a6be5	0
canonical_publication/provenance/runs/publication-20260817/mapping/CY_CAS_LP_331_Du-608.json	100644	c7ddee8117cce5c87c37ee732700324f9b0bf7d3	0
canonical_publication/provenance/runs/publication-20260817/mapping/CY_CAS_LP_332_Du-609.json	100644	a09a10d0dfe9e1d41f95663d4391de719a54034b	0
canonical_publication/provenance/runs/publication-20260817/mapping/CY_HICN_LP_236_Du-614.json	100644	b2fd297a57bc03590361ccff1344efa7baa4ccda	0
canonical_publication/provenance/runs/publication-20260817/mapping/CY_HICN_LP_333_Du-612.json	100644	fe25953e7c74bb4f31e5c0c2be5a33b7de89369a	0
canonical_publication/provenance/runs/publication-20260817/mapping/CY_HICN_LP_334_Du-613.json	100644	051ec384eeb1b453ad99435a33c619c369ea4133	0
canonical_publication/provenance/runs/publication-20260817/mapping/CY_HICN_LP_335_Du-615.json	100644	5595850dc9a22e5be216dc7cc07c25eec74f27c9	0
canonical_publication/provenance/runs/publication-20260817/mapping/CY_HICN_LP_336_Du-616.json	100644	7a4a5eb2b1a36e89005002e5f532deed52cc83cd	0
canonical_publication/provenance/runs/publication-20260817/mapping/CY_HICS_LP_293_Du-757.json	100644	a4382570cc13c0d2a8f9d449a3f332ccdec1266b	0
canonical_publication/provenance/runs/publication-20260817/mapping/CY_HICS_LP_295_Du-759.json	100644	6cace95da9814582569cbb65b52deb96909053f7	0
canonical_publication/provenance/runs/publication-20260817/mapping/CY_HICS_LP_297_Du-761.json	100644	0eeb8d5677cb6e06bc18edf3041d27ee07766fd7	0
canonical_publication/provenance/runs/publication-20260817/mapping/CY_HICS_LP_355_Du-762.json	100644	c95564079e738094561190fcd08ab753443ed5da	0
canonical_publication/provenance/runs/publication-20260817/mapping/CY_HICS_LP_356_Du-763.json	100644	21853e1b47da22a6c96863997ab3f5414fb3ab33	0
canonical_publication/provenance/runs/publication-20260817/mapping/CY_HUN_LP_264_Du-683.json	100644	ebe1eb9d8e789cd5ac76f5385b0f027f63acdfe7	0
canonical_publication/provenance/runs/publication-20260817/mapping/CY_HUN_LP_265_Du-684.json	100644	a2dcc5b5f6af77d81efff099dbee06a1c7a93de8	0
canonical_publication/provenance/runs/publication-20260817/mapping/CY_HUN_LP_266_Du-685.json	100644	9632c7a138a616d5477e0b69bd3424acc61c5a45	0
canonical_publication/provenance/runs/publication-20260817/mapping/CY_HUN_LP_267_Du-686.json	100644	1baa4262f8be3cbe8291e2e578e12e986163f420	0
canonical_publication/provenance/runs/publication-20260817/mapping/CY_HUN_LP_268_Du-687.json	100644	76d675e19277f42970e750861d5391400e28d66c	0
canonical_publication/provenance/runs/publication-20260817/mapping/CY_RED_LP_202_Du-561.json	100644	b25f97f529395fa7fbaa2e881744b7eedb11b29e	0
canonical_publication/provenance/runs/publication-20260817/mapping/CY_SIE_LP_188_Du-445.json	100644	b6a70bf0a2699b39de930d25fe8430d4f8403bcc	0
canonical_publication/provenance/runs/publication-20260817/mapping/CY_SIE_LP_189_Du-446.json	100644	70cf42154af0f0f4fcc1f1d7b7e73a48481031ac	0
canonical_publication/provenance/runs/publication-20260817/mapping/CY_SIE_LP_190_Du-447.json	100644	36e21d12ea5766f5f67d5fbf8c1a8f26685bbdfe	0
canonical_publication/provenance/runs/publication-20260817/mapping/CY_SIE_LP_191_Du-448.json	100644	600c74aa3b58ad225fd6572e11fb7ca70bb58fff	0
canonical_publication/provenance/runs/publication-20260817/mapping/CY_WOO_LP_259_Du-664.json	100644	04794592bb220df6ea1e959cb23c950c5e13ac3e	0
canonical_publication/provenance/runs/publication-20260817/mapping/CY_WOO_LP_260_Du-665.json	100644	4a16e22fc0f9206557558ff6feadfae5b4c884a8	0
canonical_publication/provenance/runs/publication-20260817/mapping/CY_WOO_LP_261_Du-667.json	100644	da3b7115c817ebcaec4675f903116ee4846b7cf5	0
canonical_publication/provenance/runs/publication-20260817/mapping/CY_WOO_LP_262_Du-668.json	100644	81473a784945633cf98244f3bf11cbf8f143b26f	0
canonical_publication/provenance/runs/publication-20260817/mapping/CY_WOO_LP_263_Du-669.json	100644	e1e042d086e3902aef2e722effd0522c0cf0ef5f	0
canonical_publication/provenance/runs/publication-20260817/mapping/DAN_LP_043_Du-68.json	100644	b585b7a384ab481f624827c1b824945af8d2b5e5	0
canonical_publication/provenance/runs/publication-20260817/mapping/DAN_LP_044_Du-69.json	100644	ec904139ed25f2e905e336dc347d589a021eebb5	0
canonical_publication/provenance/runs/publication-20260817/mapping/DAN_LP_045_Du-70.json	100644	ecc36b9c38298c80d40cb439b8fe7da9715999b5	0
canonical_publication/provenance/runs/publication-20260817/mapping/DAN_LP_046_Du-71.json	100644	a5b19ce0dd09d17bfad489314a4306adfa92a069	0
canonical_publication/provenance/runs/publication-20260817/mapping/DAN_LP_047_Du-72.json	100644	3ff9ce59c88404e2fd06261c4c5b6579854904b7	0
canonical_publication/provenance/runs/publication-20260817/mapping/DOV_LP_078_Du-174.json	100644	6664b1c503ac06fbb70187676f0e90a4a4e0e824	0
canonical_publication/provenance/runs/publication-20260817/mapping/DOV_LP_079_Du-175.json	100644	542da46f416dea98fe77af35b79bda891d2b0670	0
canonical_publication/provenance/runs/publication-20260817/mapping/DOV_LP_080_Du-176.json	100644	35e4c34b7e1f53a20775bdba641931bdfcce5e8b	0
canonical_publication/provenance/runs/publication-20260817/mapping/DOV_LP_081_Du-177.json	100644	5c2cc009574dd706bca3e9d9ced27c3437012d56	0
canonical_publication/provenance/runs/publication-20260817/mapping/DOV_LP_082_Du-178.json	100644	2679addb0d184a361f3aca39441242d46baa9804	0
canonical_publication/provenance/runs/publication-20260817/mapping/DOV_LP_083_Du-179.json	100644	66560c4e972020151aff7d4fb7ce885762b37088	0
canonical_publication/provenance/runs/publication-20260817/mapping/DOV_LP_084_Du-180.json	100644	c1bc5df64cb94280901e4cfd2f15aaf433164247	0
canonical_publication/provenance/runs/publication-20260817/mapping/DU-173.json	100644	9eaa6ed304bd238e1f5976d79c79bfc3bb55f9d0	0
canonical_publication/provenance/runs/publication-20260817/mapping/DU-229.json	100644	6e4b49747e7431d89ec138027c3eee20909078d0	0
canonical_publication/provenance/runs/publication-20260817/mapping/DU-247.json	100644	0c0017cac68e472a3d742bdbff4e5f304e6628ca	0
canonical_publication/provenance/runs/publication-20260817/mapping/DU-254.json	100644	574e8ec4a98d8b14dcef55bdef7620f10fbe7a8a	0
canonical_publication/provenance/runs/publication-20260817/mapping/DU-270.json	100644	c853307d2a4c3e9aacc8b97641a47acc691c0b71	0
canonical_publication/provenance/runs/publication-20260817/mapping/DU-297.json	100644	9717dba825c1918d64582b122d3d8c92ff177fb2	0
canonical_publication/provenance/runs/publication-20260817/mapping/DU-443.json	100644	b8d901dad6886b9859c861d2651ee1a8040b4c50	0
canonical_publication/provenance/runs/publication-20260817/mapping/DU-4A.json	100644	8a7b3c92c5b93bdd3312287423f35f6c79151fa4	0
canonical_publication/provenance/runs/publication-20260817/mapping/DU014LP012.json	100644	f8a823c81d724aad42ccd9f8c62a1c541a8bc3e2	0
canonical_publication/provenance/runs/publication-20260817/mapping/DU037LP013.json	100644	253eb5f8afc10031d6b001c6593972db1343bee1	0
canonical_publication/provenance/runs/publication-20260817/mapping/DU059LP015.json	100644	838c12590014f8c7097a12f770a789107311498f	0
canonical_publication/provenance/runs/publication-20260817/mapping/DU078LP011.json	100644	f313c4d3da9b2b61124d2f4cf3be56c3e385c28f	0
canonical_publication/provenance/runs/publication-20260817/mapping/DU079LP010.json	100644	9d74c36c3035dd40ceca30d6a4ccaa507a2a3201	0
canonical_publication/provenance/runs/publication-20260817/mapping/DUD_LP_132_Du-283.json	100644	3a89d046c21fbc94ab5c29f5cfaa075945abe9c7	0
canonical_publication/provenance/runs/publication-20260817/mapping/DUD_LP_133_Du-284.json	100644	535870f85a01877cab54f89339f82867dbb9f6ce	0
canonical_publication/provenance/runs/publication-20260817/mapping/DUD_LP_134_Du-285.json	100644	07e78eb7d450f2a38cce5220412cd4ebb4f3611c	0
canonical_publication/provenance/runs/publication-20260817/mapping/DUD_LP_135_Du-286.json	100644	143375f747748402623a713d6ef4a33f29b75e72	0
canonical_publication/provenance/runs/publication-20260817/mapping/DUD_LP_136_Du-287.json	100644	0c3a54c858a83be0ff6d9edffb189b8bd6a5d85d	0
canonical_publication/provenance/runs/publication-20260817/mapping/DUD_LP_137_Du-288.json	100644	46f3f43ab2c8d05d8418144778be316f44370102	0
canonical_publication/provenance/runs/publication-20260817/mapping/DUD_LP_138_Du-289.json	100644	d22e1731148da7acb938710a54dd620d9ede95a8	0
canonical_publication/provenance/runs/publication-20260817/mapping/DUD_LP_139_Du-290.json	100644	f48876ad9c2801e947b6f766331914c8a3ac2185	0
canonical_publication/provenance/runs/publication-20260817/mapping/KIRN_LP_179_Du-421.json	100644	648757b9e0a4ea9bb5953f3924a25d4b48d4d149	0
canonical_publication/provenance/runs/publication-20260817/mapping/KIRN_LP_180_Du-422.json	100644	84296c79f1617bdebb890d2432f43c3dfa151884	0
canonical_publication/provenance/runs/publication-20260817/mapping/KIRN_LP_181_Du-423.json	100644	88094abf18d8d246faab238932cc6dcd7c38346b	0
canonical_publication/provenance/runs/publication-20260817/mapping/KIRN_LP_182_Du-424.json	100644	257b41eb7df5fef29602de7d2aca21cb9cb52cd3	0
canonical_publication/provenance/runs/publication-20260817/mapping/KIRN_LP_183_Du-425.json	100644	44011604fe5c5b21d6087987437ccbd7e0ba5db4	0
canonical_publication/provenance/runs/publication-20260817/mapping/KIRN_LP_184_Du-426.json	100644	5714017573cc64b6aa0d14a837ad901d4ca6ef96	0
canonical_publication/provenance/runs/publication-20260817/mapping/KIRN_LP_185_Du-427.json	100644	c74339f79381da45bb83e914d8aaca1de8954cb3	0
canonical_publication/provenance/runs/publication-20260817/mapping/KIRN_LP_186_Du-428.json	100644	252499b90b660fd8bbf71870563ac36e835826b9	0
canonical_publication/provenance/runs/publication-20260817/mapping/KIRN_LP_187_Du-429.json	100644	30e3a073903c42ff870726fde11ada92e6808da1	0
canonical_publication/provenance/runs/publication-20260817/mapping/KIRT_LP_159_Du-364.json	100644	39ac3286ac181efec6534fa2164c1893cc22d11e	0
canonical_publication/provenance/runs/publication-20260817/mapping/KIRT_LP_160_Du-365.json	100644	73e790f22bdaab37d863d66fc7cf2c0683354382	0
canonical_publication/provenance/runs/publication-20260817/mapping/KIRT_LP_161_Du-366.json	100644	c59368dc75d993a47c489718b78a5f1ec898d3af	0
canonical_publication/provenance/runs/publication-20260817/mapping/KIRT_LP_162_Du-367.json	100644	c401faf66b6dcb3588b1cfa7e8bc153a488ef9a6	0
canonical_publication/provenance/runs/publication-20260817/mapping/KIRT_LP_163_Du-368.json	100644	baf3417758edc87e51b584c99cd2689e0b429ea6	0
canonical_publication/provenance/runs/publication-20260817/mapping/KIRT_LP_164_Du-369.json	100644	741922d39b16f50172c1aa46eb322b29e64e07b3	0
canonical_publication/provenance/runs/publication-20260817/mapping/KIRT_LP_165_Du-370.json	100644	82d717dd6cb6d59bd225cc73dc56f01aeeefa20d	0
canonical_publication/provenance/runs/publication-20260817/mapping/KIRT_LP_166_Du-371.json	100644	ec83004bc28cd8a339e0f83429730b668bbb704f	0
canonical_publication/provenance/runs/publication-20260817/mapping/KIRT_LP_167_Du-372.json	100644	efa9acd4d82006c2bb94001e33c63cf30128eeae	0
canonical_publication/provenance/runs/publication-20260817/mapping/KIRT_LP_168_Du-373.json	100644	cc9100eedf7e69158b5a6312a53e0f016fb6a21c	0
canonical_publication/provenance/runs/publication-20260817/mapping/MALV_LP_095_Du-201.json	100644	63948c527feb3d8eaafbc1dcc5e8d4e3e7389100	0
canonical_publication/provenance/runs/publication-20260817/mapping/MALV_LP_096_Du-202.json	100644	eefcfe9d6a3d7e48ea8f90429fdc2da4674bfe28	0
canonical_publication/provenance/runs/publication-20260817/mapping/MALV_LP_097_Du-203.json	100644	c0ddff17f4a141de0c05e67d325395b9ee940a91	0
canonical_publication/provenance/runs/publication-20260817/mapping/MALV_LP_098_Du-204.json	100644	2021e36acb96968c66d9987c62b54020eadd1a10	0
canonical_publication/provenance/runs/publication-20260817/mapping/MALV_LP_099_Du-205.json	100644	e8458cdb5f73877f4d8d2eae342973db1c72641f	0
canonical_publication/provenance/runs/publication-20260817/mapping/MALV_LP_100_Du-206.json	100644	a1242222530c72b3edd417fb3d4b610b65f7fb62	0
canonical_publication/provenance/runs/publication-20260817/mapping/MALV_LP_101_Du-207.json	100644	03f0b9e9beb75bb05c61bb077486f9489bee5fdd	0
canonical_publication/provenance/runs/publication-20260817/mapping/MALV_LP_102_Du-208.json	100644	fdd6165c09502cc8d4a5211d27434fda61d24d18	0
canonical_publication/provenance/runs/publication-20260817/mapping/MALV_LP_103_Du-209.json	100644	31043a432e788a324e27923e7078264cd8c532b6	0
canonical_publication/provenance/runs/publication-20260817/mapping/MALV_LP_104_Du-210.json	100644	bada98f6cf7c682f571ea4d79ba615a906043661	0
canonical_publication/provenance/runs/publication-20260817/mapping/OCO_LP_058_Du-115.json	100644	2bee3b2f9d3cbfee9b33474f66024f24f8c0c9ae	0
canonical_publication/provenance/runs/publication-20260817/mapping/OCO_LP_059_Du-106.json	100644	4c06fa73feda1536852a3e8ba47bd5eb48fd1830	0
canonical_publication/provenance/runs/publication-20260817/mapping/OCO_LP_060_Du-107.json	100644	e7405c835f1c86337b552a1c924cf2c45a84ee28	0
canonical_publication/provenance/runs/publication-20260817/mapping/OCO_LP_061_Du-108.json	100644	429e3265da9c422910093a47bcc2e72501e21aa7	0
canonical_publication/provenance/runs/publication-20260817/mapping/OCO_LP_062_Du-109.json	100644	c0dd250cf8853e07cb17868a5bb5a20d7389c5f1	0
canonical_publication/provenance/runs/publication-20260817/mapping/OCO_LP_063_Du-110.json	100644	25abce21b476f73608caebc7b2d0438fe5d14c55	0
canonical_publication/provenance/runs/publication-20260817/mapping/OCO_LP_064_Du-111.json	100644	d2b55ecae28a7179e50606527f532d98079a16c7	0
canonical_publication/provenance/runs/publication-20260817/mapping/OCO_LP_065_Du-112.json	100644	5733605e80158706e097bfb5a0671d74929cf650	0
canonical_publication/provenance/runs/publication-20260817/mapping/OCO_LP_066_Du-113.json	100644	88cdc7087803bd011afe84995c5efd3f7e334c5b	0
canonical_publication/provenance/runs/publication-20260817/mapping/OCO_LP_067_Du-114.json	100644	3683e8b49b8e8e5a86a5554f3fdc50faf5056769	0
canonical_publication/provenance/runs/publication-20260817/mapping/QUI1_LP_249_Du-648.json	100644	0b3a4149b0a7ddfde2e7405f49f6b92f4bd59d13	0
canonical_publication/provenance/runs/publication-20260817/mapping/QUI1_LP_250_Du-649.json	100644	e2f046f1bc1e342b791390b567282df69f5816ed	0
canonical_publication/provenance/runs/publication-20260817/mapping/QUI1_LP_251_Du-650.json	100644	62367ca1221500270855699579f2bbb7d16e8c2e	0
canonical_publication/provenance/runs/publication-20260817/mapping/QUI1_LP_252_Du-651.json	100644	8c24d281c51c39ec4fd739a9588b666725c958ab	0
canonical_publication/provenance/runs/publication-20260817/mapping/QUI1_LP_253_Du-652.json	100644	0f4876311060e76fff0cb04568f5adcf0d90dd22	0
canonical_publication/provenance/runs/publication-20260817/mapping/QUI1_LP_254_Du-653.json	100644	29c354fd2c366e995148b78d93b4a535f33b771f	0
canonical_publication/provenance/runs/publication-20260817/mapping/QUI1_LP_255_Du-654.json	100644	ddcaa1403d91958381b66468ebeb24ec2c679bd0	0
canonical_publication/provenance/runs/publication-20260817/mapping/QUI1_LP_257_Du-656.json	100644	5b7a491d112a2abd442c512616848f7cab11de40	0
canonical_publication/provenance/runs/publication-20260817/mapping/QUI1_LP_258_Du-657.json	100644	8d8ccef365c3b8f73dd15e5a1d816357e4774263	0
canonical_publication/provenance/runs/publication-20260817/mapping/QUI2_LP_243_Du-631.json	100644	6d54b83bf0f3d1a27e5fce61561d68d3f8a4b4c2	0
canonical_publication/provenance/runs/publication-20260817/mapping/QUI2_LP_244_Du-632.json	100644	a42d827cbfbb73be7188aef3a57eeb97384fb88d	0
canonical_publication/provenance/runs/publication-20260817/mapping/QUI2_LP_245_Du-633.json	100644	f70aad7158aa1f8b70d21461456f5aba38dedcb7	0
canonical_publication/provenance/runs/publication-20260817/mapping/QUI2_LP_246_Du-634.json	100644	575219e91dfb2b0a3b4ee4eceb6ba4968ab5cfbc	0
canonical_publication/provenance/runs/publication-20260817/mapping/QUI2_LP_247_Du-635.json	100644	3d5d47f8c890e0be518d9cf6c3c31bed9d0fd5b4	0
canonical_publication/provenance/runs/publication-20260817/mapping/QUI2_LP_248_Du-636.json	100644	5d3f7c6282ae8692788790104ce736d7b5745e34	0
canonical_publication/provenance/runs/publication-20260817/mapping/QUI2_LP_337_Du-638.json	100644	6456d1ff872eebcd665dbc19561cb442c3a04055	0
canonical_publication/provenance/runs/publication-20260817/mapping/QUI2_LP_338_Du-639.json	100644	8b78472938d8f95dd60d08954e15433788b4399b	0
canonical_publication/provenance/runs/publication-20260817/mapping/QUI2_LP_339_Du-640.json	100644	9942cca019179ad4aa3a89d354b6fa5ba02783d0	0
canonical_publication/provenance/runs/publication-20260817/mapping/QUI2_LP_340_Du-641.json	100644	eae8c49781de86120035fb12787287ca6f569056	0
canonical_publication/provenance/runs/publication-20260817/mapping/QUIN_LP_069_Du-155.json	100644	d04d7a35766166db9558910d31ac713da3728a22	0
canonical_publication/provenance/runs/publication-20260817/mapping/QUIN_LP_070_Du-156.json	100644	bc8344088fb9a57fdf741afd08a653fd6a6cc2a1	0
canonical_publication/provenance/runs/publication-20260817/mapping/QUIN_LP_071_Du-157.json	100644	5a8f73cba6a6501431b2462b39dd621fd1cb99a1	0
canonical_publication/provenance/runs/publication-20260817/mapping/QUIN_LP_072_Du-158.json	100644	e187def8284859a477b9c5e1076aa53af6196b9f	0
canonical_publication/provenance/runs/publication-20260817/mapping/QUIN_LP_073_Du-159.json	100644	4f06cf881a2a2d35b42e5174b7763520fa0f171f	0
canonical_publication/provenance/runs/publication-20260817/mapping/QUIN_LP_074_Du-160.json	100644	64c8e2dd5e3c966184ec7586209620be987fbe0f	0
canonical_publication/provenance/runs/publication-20260817/mapping/QUIN_LP_075_Du-161.json	100644	72bfac4015227fe6c9fa8fd183bc38e53047f43a	0
canonical_publication/provenance/runs/publication-20260817/mapping/QUIN_LP_076_Du-162.json	100644	c5ac8678ce4affa11b6766836cc0ccf600c3cb58	0
canonical_publication/provenance/runs/publication-20260817/mapping/QUIN_LP_077_Du-163.json	100644	b8239c74326e28765d34d67661a8e5f7b174238c	0
canonical_publication/provenance/runs/publication-20260817/mapping/QUIN_LP_318_Du-164.json	100644	56b08d3035cc9901d974a3568495a88479cdc24a	0
canonical_publication/provenance/runs/publication-20260817/mapping/RIC_LP_192_Du-521.json	100644	fd29fc5ebb64fd24075332ad2515482f6e00789c	0
canonical_publication/provenance/runs/publication-20260817/mapping/RIC_LP_193_Du-522.json	100644	ccb7fb53ecb93108e2143b5d6470a0236e2f82d1	0
canonical_publication/provenance/runs/publication-20260817/mapping/RIC_LP_194_Du-523.json	100644	69a1f58e16e31c032fb9dfe2f0790f61fd6d3879	0
canonical_publication/provenance/runs/publication-20260817/mapping/RIC_LP_195_Du-524.json	100644	9dad20948b92a4dbddce0c9e7234f01851bd5521	0
canonical_publication/provenance/runs/publication-20260817/mapping/RIC_LP_196_Du-525.json	100644	d7fbc9753d46b9a7adc8e98b92022b38e660b260	0
canonical_publication/provenance/runs/publication-20260817/mapping/RIC_LP_197_Du-526.json	100644	46d26e860330ce6cdb93c1b6d3f3171a056185c5	0
canonical_publication/provenance/runs/publication-20260817/mapping/RIC_LP_198_Du-527.json	100644	c04d7e55adda7b2d96a16ff2e9a9157f48845a60	0
canonical_publication/provenance/runs/publication-20260817/mapping/RIC_LP_199_Du-528.json	100644	7eadfd2d79f35b85deb9a031245dc0503f5791f2	0
canonical_publication/provenance/runs/publication-20260817/mapping/RIC_LP_200_Du-529.json	100644	c96e0299b941ae0cf4438332020f2f52fa746fd3	0
canonical_publication/provenance/runs/publication-20260817/mapping/RIC_LP_201_Du-530.json	100644	8ef66f5be7c97903a6e66e02a974478e3f1cc0dc	0
canonical_publication/provenance/runs/publication-20260817/mapping/RSV_LP_049_Du-85.json	100644	1b4488a2b87148fc0f11e5ae9bc5f3639be7b1f2	0
canonical_publication/provenance/runs/publication-20260817/mapping/RSV_LP_050_Du-87.json	100644	f1c3f5cf95cbf89097744a8f156a353e94ff6eca	0
canonical_publication/provenance/runs/publication-20260817/mapping/RSV_LP_051_Du-88.json	100644	6eb21fbf4c417768b388d47da077955ec02f8db9	0
canonical_publication/provenance/runs/publication-20260817/mapping/RSV_LP_052_Du-89.json	100644	fb67d59533e5a28f05223dd55b45f1b8a1e251a1	0
canonical_publication/provenance/runs/publication-20260817/mapping/RSV_LP_053_Du-90.json	100644	1bc6e1524e4fd44837ca704986c4b8a6f173a2f5	0
canonical_publication/provenance/runs/publication-20260817/mapping/RSV_LP_055_Du-92.json	100644	3d2bc2d806cacf9f19a074584f8a67f9fe9b191e	0
canonical_publication/provenance/runs/publication-20260817/mapping/RSV_LP_057_Du-94.json	100644	22f0e7428c17a6a80ebecee0043c8af976639150	0
canonical_publication/provenance/runs/publication-20260817/mapping/RSV_LP_315_Du-95.json	100644	9ad14b7e991efd28b568296581c07bbf19232c20	0
canonical_publication/provenance/runs/publication-20260817/mapping/RSV_LP_316_Du-96.json	100644	5405d2454af4e6339fff2bfb5e49fdc23380f5b7	0
canonical_publication/provenance/runs/publication-20260817/mapping/SILG_LP_149_Du-343.json	100644	8c98df7b4fec2864e89f7187e195b41dbb1d930e	0
canonical_publication/provenance/runs/publication-20260817/mapping/SILG_LP_150_Du-344.json	100644	0547060aa8c52ad19a4987090dffe075cf5cce43	0
canonical_publication/provenance/runs/publication-20260817/mapping/SILG_LP_151_Du-345.json	100644	609b8d4a380679431a43cfab31d2cce9ca4c3198	0
canonical_publication/provenance/runs/publication-20260817/mapping/SILG_LP_152_Du-346.json	100644	8f9948ed2906e5337476c7296db418a5d3e13d96	0
canonical_publication/provenance/runs/publication-20260817/mapping/SILG_LP_153_Du-347.json	100644	f4ead31f83cc226d4a3065851121ba17b37ed6c1	0
canonical_publication/provenance/runs/publication-20260817/mapping/SILG_LP_154_Du-348.json	100644	10a1bedd075de1e51413fcf86dc7e76ab7f0687f	0
canonical_publication/provenance/runs/publication-20260817/mapping/SILG_LP_155_Du-349.json	100644	04469aaec62df1fd1c278a8da809da8b5227fc15	0
canonical_publication/provenance/runs/publication-20260817/mapping/SILG_LP_156_Du-350.json	100644	28d95f33bc3d8218900d698aa8a1229994810480	0
canonical_publication/provenance/runs/publication-20260817/mapping/SILG_LP_157_Du-351.json	100644	36a8662dff5d0e9261649b57eb58f0e0d59621a6	0
canonical_publication/provenance/runs/publication-20260817/mapping/SILG_LP_158_Du-352.json	100644	4b7f154c92a199553d1b7e8d8136ff2691c4f917	0
canonical_publication/provenance/runs/publication-20260817/mapping/SILR_LP_346_Du-729.json	100644	af11769165a2c8094e409a30d19f45839e3ef4e4	0
canonical_publication/provenance/runs/publication-20260817/mapping/SILR_LP_347_Du-730.json	100644	018d8163b0e3b0e3ba360336e9b8a0514317459b	0
canonical_publication/provenance/runs/publication-20260817/mapping/SILR_LP_348_Du-731.json	100644	c4f63667de64c271c113eed159101b9a3942b094	0
canonical_publication/provenance/runs/publication-20260817/mapping/SILR_LP_349_Du-732.json	100644	0e747175e00b68094c99d2cc6dfc96e686033d50	0
canonical_publication/provenance/runs/publication-20260817/mapping/SILR_LP_351_Du-734.json	100644	640a4a776d19ab29666dcad8cd57cffa1b9504c9	0
canonical_publication/provenance/runs/publication-20260817/mapping/SILR_LP_353_Du-736.json	100644	4ccaa161cef587d70f16677c002de54fc88313f8	0
canonical_publication/provenance/runs/publication-20260817/mapping/STI_LP_027_Du-45.json	100644	4856856f94f9a1c6bc9108b800546bd71e168a5c	0
canonical_publication/provenance/runs/publication-20260817/mapping/STI_LP_028_Du-46.json	100644	34cd8b4c905f691ba88ed4bedf98f43c008ee94d	0
canonical_publication/provenance/runs/publication-20260817/mapping/STI_LP_029_Du-47.json	100644	eee53981bdafdb38d75a2ccf03df33704fab7475	0
canonical_publication/provenance/runs/publication-20260817/mapping/STI_LP_030_Du-48.json	100644	186cc98452a95632b814b8ad02e24fcb728c9e26	0
canonical_publication/provenance/runs/publication-20260817/mapping/STI_LP_031_Du-49.json	100644	7ef8b1ba5d22f53d79071ee1fabbc5be41372a95	0
canonical_publication/provenance/runs/publication-20260817/mapping/STI_LP_032_Du-50.json	100644	f39c95f6cc787ec4d5befb71580de6ee656b61f4	0
canonical_publication/provenance/runs/publication-20260817/mapping/STI_LP_033_Du-51.json	100644	1e3d2a491374142fabcceedc47cbdd5847100d3f	0
canonical_publication/provenance/runs/publication-20260817/mapping/STI_LP_034_Du-52.json	100644	1a167d48a412eb5642c71e5c98fab78d95794475	0
canonical_publication/provenance/runs/publication-20260817/mapping/STI_LP_035_Du-53.json	100644	a54b83d0677b821296ddfe9f761b15a9dfda4794	0
canonical_publication/provenance/runs/publication-20260817/mapping/STI_LP_036_Du-54.json	100644	0c92e35f18715504f163f3aa611b3f89c1168319	0
canonical_publication/provenance/runs/publication-20260817/mapping/STI_LP_037_Du-55.json	100644	bfe7d0836edf53e96c8dad2e44b803d2c1190967	0
canonical_publication/provenance/runs/publication-20260817/mapping/STI_LP_038_Du-56.json	100644	6a0e83b629ca5b37775d418d017a0d1b71c521e8	0
canonical_publication/provenance/runs/publication-20260817/mapping/STI_LP_039_Du-57.json	100644	3b0b0f3b6cc66c9e54823a2b5ac2d4ce77dfca3c	0
canonical_publication/provenance/runs/publication-20260817/mapping/STI_LP_040_Du-58.json	100644	e180a3366d66b5c7b4d95e2346e0835810d56b51	0
canonical_publication/provenance/runs/publication-20260817/mapping/STI_LP_041_Du-60.json	100644	e0c2ac6cc3de6482460f3f95a9fc03cbd20ef260	0
canonical_publication/provenance/runs/publication-20260817/mapping/STI_LP_042_Du-61.json	100644	9de8fe9d26c1f21356dd3e0003331b743b126135	0
canonical_publication/provenance/runs/publication-20260817/mapping/TIL_LP_123_Du-263.json	100644	3ca7d2db1561cf17e2627f222d8b1efae4023508	0
canonical_publication/provenance/runs/publication-20260817/mapping/TIL_LP_124_Du-264.json	100644	29d61cc4ef798c4d6382f47d88738932aa9475e8	0
canonical_publication/provenance/runs/publication-20260817/mapping/TIL_LP_125_Du-265.json	100644	5b14fd639b7ad431aa811bd64fa92ba6df958633	0
canonical_publication/provenance/runs/publication-20260817/mapping/TIL_LP_126_Du-266.json	100644	edfba497016f4985dc6d73ffcd2ab2b905617324	0
canonical_publication/provenance/runs/publication-20260817/mapping/TIL_LP_127_Du-267.json	100644	169803c230cdf8d74191186d2731ad64e5c09b5f	0
canonical_publication/provenance/runs/publication-20260817/mapping/TIL_LP_128_Du-268.json	100644	4bc7eb5f55561598ffa439c78c5181232c6d9b07	0
canonical_publication/provenance/runs/publication-20260817/mapping/TIL_LP_129_Du-269.json	100644	ff67c48b7b7983402778f466a3b3b517cd87b27e	0
canonical_publication/provenance/runs/publication-20260817/mapping/TIL_LP_130_Du-271.json	100644	33020e13affc5efa0ba5605c585156d1ebcbaf24	0
canonical_publication/provenance/runs/publication-20260817/mapping/TIL_LP_131_Du-272.json	100644	b8b73b31f8d60de882db7bf591f1736beeecd90d	0
canonical_publication/provenance/runs/publication-20260817/mapping/TULP_LP_115_Du-242.json	100644	a0102d54e5de39dae1e0783a1a839f00e4f547b1	0
canonical_publication/provenance/runs/publication-20260817/mapping/TULP_LP_116_Du-243.json	100644	33ec7da51be9f4cd94552387fb253bb97261234b	0
canonical_publication/provenance/runs/publication-20260817/mapping/TULP_LP_117_Du-244.json	100644	57216bb7a501d3e6585043c8e4fc4e3f89f5cb63	0
canonical_publication/provenance/runs/publication-20260817/mapping/TULP_LP_118_Du-245.json	100644	c59692009cd8a6f2e8e543084ce2e0d166bfb787	0
canonical_publication/provenance/runs/publication-20260817/mapping/TULP_LP_119_Du-246.json	100644	626de1530650cdd53442de1463dca64aa5a35c50	0
canonical_publication/provenance/runs/publication-20260817/mapping/TULP_LP_120_Du-248.json	100644	e7cf209059fb44132805e2b0c9b80f3d08ec6660	0
canonical_publication/provenance/runs/publication-20260817/mapping/TULP_LP_121_Du-249.json	100644	12641f004a94bef83d053ac60b1a0c4cb01b0188	0
canonical_publication/provenance/runs/publication-20260817/mapping/TULP_LP_122_Du-250.json	100644	f0a1a9d8f21614bccd138db4e8736d7804a5c32c	0
canonical_publication/provenance/runs/publication-20260817/mapping/TULP_LP_140_Du-302.json	100644	d14ecf827c83fb6fe681ca20608b8bbcf5a656b7	0
canonical_publication/provenance/runs/publication-20260817/mapping/TULP_LP_141_Du-303.json	100644	08a7e467843bad87b76613c20f64b97997d8d242	0
canonical_publication/provenance/runs/publication-20260817/mapping/TULP_LP_142_Du-304.json	100644	8d0f7d741d28c9910981a6f927d1a56162432c9d	0
canonical_publication/provenance/runs/publication-20260817/mapping/TULP_LP_143_Du-305.json	100644	a5e51186852c7d7e65175bb01b55fda79d76f53d	0
canonical_publication/provenance/runs/publication-20260817/mapping/TULP_LP_144_Du-306.json	100644	0f2714fe5571045f90db64b19306bc2974a00a60	0
canonical_publication/provenance/runs/publication-20260817/mapping/TULP_LP_145_Du-307.json	100644	203282e3b4408ab5c0a41de2b5ce908b1069879a	0
canonical_publication/provenance/runs/publication-20260817/mapping/TULP_LP_146_Du-308.json	100644	b7d37a3d84ff8c87fa796d591a1b49a611264e4e	0
canonical_publication/provenance/runs/publication-20260817/mapping/TULP_LP_147_Du-309.json	100644	0e520e42c6a44c1a098b8d5aa5a43d3a66488637	0
canonical_publication/provenance/runs/publication-20260817/mapping/TULP_LP_148_Du-310.json	100644	46cf308d891863760b221c77ba4a11aae1085323	0
canonical_publication/provenance/runs/publication-20260817/mapping_complete.json	100644	44a32cd8447f7322da369f956ffab1c4570a2829	0
canonical_publication/provenance/runs/publication-20260817/metadata.json	100644	389bd676c28fc56be85546fa9cbb2ddce74a20af	0
canonical_publication/provenance/runs/publication-20260817/pca/chloroplast.json	100644	57d9448fca16c16c713f487f8f12df7df004b703	0
canonical_publication/provenance/runs/publication-20260817/pca/mitochondria.json	100644	b2b5d72af17aff81c474e731d8209c57f679cda6	0
canonical_publication/provenance/runs/publication-20260817/popgen/chloroplast.json	100644	4aef8a833e76c922c41850004960842a6da4971b	0
canonical_publication/provenance/runs/publication-20260817/popgen/mitochondria.json	100644	883c86dc8639d3e14a794c2c8157b0034a7c0d4f	0
canonical_publication/provenance/runs/publication-20260817/qc.json	100644	94cf06aaeb402e6c41ff180fea458daa4c6d499c	0
canonical_publication/provenance/runs/publication-20260817/references.json	100644	1c8df02018f58132e98e3ff359759e84713b73d8	0
canonical_publication/provenance/runs/publication-20260817/reports.json	100644	ece245067e562becc663c56678509319cce8f674	0
canonical_publication/provenance/runs/publication-20260817/source_validation.json	100644	047bb6b2b1f162bc11a5916527e0b3a712776d5c	0
canonical_publication/provenance/runs/publication-20260817/tree_reproducibility.json	100644	b9cab21540ebfb942ac8acefbaf4580d79b23671	0
canonical_publication/provenance/runs/publication-20260817/trees/chloroplast.json	100644	af66e62cd40bd83081770928d11a2f83615f8a29	0
canonical_publication/provenance/runs/publication-20260817/trees/concatenated.json	100644	c0ddcae0c72b33a541b0949b0a8106999345c238	0
canonical_publication/provenance/runs/publication-20260817/trees/conflicts.json	100644	0835d8084883b0d43e29a2ca6d371c4b85eeac29	0
canonical_publication/provenance/runs/publication-20260817/trees/mitochondria.json	100644	3ce49d2434f0cd3c0575977bccc2e466a6ba632b	0
canonical_publication/provenance/runs/publication-20260817/trusted_crosscheck.json	100644	153d8deb1424ed9f83d989b906ef2f26ed5a9087	0
canonical_publication/provenance/runs/publication-20260817/variants/chloroplast.json	100644	3d634042532dfbe9b54edefc80eb3ed41f302070	0
canonical_publication/provenance/runs/publication-20260817/variants/mitochondria.json	100644	6ef117127e46c97827ab083fba76cd49654550fc	0
canonical_publication/pyproject.toml	100644	3f22b9737f0d0c715c6f5f6e84ab69579faacfa7	0
canonical_publication/references/annotations/chloroplast.projected.gff3	100644	4fad413fb99f8c6415a50b0901330886e47d7e44	0
canonical_publication/references/annotations/chloroplast.projected.tsv	100644	4c1eb6180fca8386d7bacc8519aa3485bcf43798	0
canonical_publication/references/annotations/mitochondria.projected.gff3	100644	077a68583748bb81019667b91caa30876c1130aa	0
canonical_publication/references/annotations/mitochondria.projected.tsv	100644	576d32127637d7c5e65ff573643e1e9033055901	0
canonical_publication/references/evidence/annotation_projection/annotation_projection_summary.tsv	100644	e2b86d06e9a0e5e3732616f5e0034eed586a7b8a	0
canonical_publication/references/evidence/annotation_projection/chloroplast.external_features.fa	100644	ff06912d4fcedfd7d04a7fd0c50793b003242f61	0
canonical_publication/references/evidence/annotation_projection/chloroplast.feature_projection.blastn.tsv	100644	3220049b308a0ab0f0f99a78adda6a49ca9ca796	0
canonical_publication/references/evidence/annotation_projection/chloroplast.unmapped_features.tsv	100644	16a48e81876a9a346d673e95ed561a2d6b862db6	0
canonical_publication/references/evidence/annotation_projection/mitochondria.external_features.fa	100644	b61e6675d6be23ca3e1c8cc0006a87ffc2bc1704	0
canonical_publication/references/evidence/annotation_projection/mitochondria.feature_projection.blastn.tsv	100644	205556f2e012b0e0c51bd7690de2a34b68491df9	0
canonical_publication/references/evidence/annotation_projection/mitochondria.unmapped_features.tsv	100644	efe78b49c5c47dfd65411b5bff5152484545f0b1	0
canonical_publication/references/evidence/chloroplast_raw_self.blastn.tsv	100644	ffe6f9cdd86c7bc5fcee8e11b19a2de3bef19399	0
canonical_publication/references/evidence/chloroplast_raw_vs_NC_085682.1.blastn.tsv	100644	0a9df1637f533487c601c6305dc23fdddd1c86f7	0
canonical_publication/references/evidence/chloroplast_removed_terminal_sequence.fa	100644	09003cc71a771c41336361c9729c7bdee2424047	0
canonical_publication/references/evidence/chloroplast_selected_self.blastn.tsv	100644	0bd151b3b2d654885661abfd6ebcb236fb3d6454	0
canonical_publication/references/evidence/chloroplast_selected_vs_NC_085682.1.blastn.tsv	100644	60b15ff87c6358fd39ba2d9aa2154a52f6817646	0
canonical_publication/references/evidence/chloroplast_terminal_repeat_validation.tsv	100644	51baa22a66a478498e0c73b95cb4413170db3240	0
canonical_publication/references/evidence/external_accession_sequence_consistency.tsv	100644	158a4128fe74c2c7c60788e9bf6a15c0ea0c6ab8	0
canonical_publication/references/evidence/mitochondria_repeat_summary.tsv	100644	4b5e5240e7345ea91ad507794cb1b90c6accdd10	0
canonical_publication/references/evidence/mitochondria_selected_self.blastn.tsv	100644	6c41431561fb73a85a76d0e6b11f9baf568db0ba	0
canonical_publication/references/evidence/mitochondria_selected_vs_PV256627.1.blastn.tsv	100644	327d5be16c893938510463872186a505fa2f9443	0
canonical_publication/references/evidence/publication-20260817/mitochondria_high_confidence_annotation_overlap.tsv	100644	9ced254792b3e417c70ee31971e7c8cecd6d52cb	0
canonical_publication/references/evidence/publication-20260817/mitochondria_repeat_read_support.tsv	100644	d7e2fc727c43ddba3b56e745f22a646116734a09	0
canonical_publication/references/evidence/publication-20260817/read_backed_reference_validation.tsv	100644	6c574504acecacb3bfaca8b9e8db894e91a0f364	0
canonical_publication/references/evidence/reference_orientation_and_boundary_checks.tsv	100644	60b90ef1712fca2db5e817da6ba79fc98d1e7e09	0
canonical_publication/references/evidence/reference_selection.tsv	100644	857cc10c21c4b0eb32f49088d23feb0e16006fb5	0
canonical_publication/references/evidence/reference_similarity_summary.tsv	100644	51d70bf6f493507efc0454cb317d2bcd256c3516	0
canonical_publication/references/masks/chloroplast_duplicate_ir_mask.bed	100644	7a1156596a74221cab1026480d3aff4d7813de00	0
canonical_publication/references/masks/chloroplast_full_reference.bed	100644	e686cc648f8af8a5950b6714e74b624abdb3d2fe	0
canonical_publication/references/masks/chloroplast_ir_copies.bed	100644	055a5c21ca9a819bcd3000dae70e572999e91192	0
canonical_publication/references/masks/chloroplast_population_sites.bed	100644	0031974b5cedac24517a930f9b82061f576398fd	0
canonical_publication/references/masks/chloroplast_unique_eligibility_sites.bed	100644	d286d34d899352d72e34975e11abdf9d3c85c17b	0
canonical_publication/references/masks/mitochondria_full_reference.bed	100644	edea458a96ea62adc7149d307cac0c66f35fcc31	0
canonical_publication/references/masks/mitochondria_repeat_mask.bed	100644	849845a8ca3ed172c16e09b62c21daf54478a720	0
canonical_publication/references/masks/publication-20260817/mitochondria_high_confidence_sites.bed	100644	718ac191cca88d32a506a55a3b8fe1fd2dda3965	0
canonical_publication/references/selected/chloroplast.fa	100644	e191e8e65958306fb9458c7ca68b0576642be67d	0
canonical_publication/references/selected/mitochondria.fa	100644	5e48cde7ec1b5da89b73391a1f3f2a518224deb1	0
canonical_publication/references/selected/organelle_combined.fa	100644	e0f62f384e65f94fd5087db4c64cdce5021138d2	0
canonical_publication/reports/figures/.gitkeep	100644	8b137891791fe96927ad78e64b0aad7bded08bdc	0
canonical_publication/reports/figures/publication-20260817/chloroplast.haplotype_network.pdf	100644	b042786e8150e920142cc2ee31a3227f1b152295	0
canonical_publication/reports/figures/publication-20260817/chloroplast.haplotype_network.png	100644	274d2cefd30b117292e3f525b321c314949a63fa	0
canonical_publication/reports/figures/publication-20260817/chloroplast.haplotype_network.svg	100644	e38b407d2bcb5f557eeeb502f08204aa9e3383ad	0
canonical_publication/reports/figures/publication-20260817/chloroplast.pca.pdf	100644	a155724ae2a52496bfa92f7e742cfb354bbd8333	0
canonical_publication/reports/figures/publication-20260817/chloroplast.pca.png	100644	edaa35a5aa5127da193a3b0276e11b23141505b5	0
canonical_publication/reports/figures/publication-20260817/chloroplast.pca.svg	100644	b5312fc4102bbd27b05b2a52818f683c299c1f07	0
canonical_publication/reports/figures/publication-20260817/chloroplast.primary_unrooted_tree.pdf	100644	bd12dd6081b02b4fece11ed3ec01f579ddc031e6	0
canonical_publication/reports/figures/publication-20260817/chloroplast.primary_unrooted_tree.png	100644	b09ca6fc822959e855737fb2e010871f458e242e	0
canonical_publication/reports/figures/publication-20260817/chloroplast.primary_unrooted_tree.svg	100644	ac29b4fa525657ccb391432579e53d07dc3100b2	0
canonical_publication/reports/figures/publication-20260817/chloroplast.signed_hudson_fst.pdf	100644	a157ec5f7aaaca366f7159baaba5f797b04c9bda	0
canonical_publication/reports/figures/publication-20260817/chloroplast.signed_hudson_fst.png	100644	5751673e035cff6c7d08a74c78a3dbaa23d3a87f	0
canonical_publication/reports/figures/publication-20260817/chloroplast.signed_hudson_fst.svg	100644	8773e5fa34e87fa66d47bc60848e1a549326f3ce	0
canonical_publication/reports/figures/publication-20260817/chloroplast.supplementary_admixture.pdf	100644	d86c7c65ad56e5cea9cca46905240b72857ccd0d	0
canonical_publication/reports/figures/publication-20260817/chloroplast.supplementary_admixture.png	100644	f0aaa277c9d2b88087f8620b5c67e3a55a4b0ea8	0
canonical_publication/reports/figures/publication-20260817/chloroplast.supplementary_admixture.svg	100644	3021d502ab7c1505b65b9504ea16e46938dacf65	0
canonical_publication/reports/figures/publication-20260817/figure_manifest.tsv	100644	4e7fabd06473ebbb1d0078b4b7954c8adc525a6c	0
canonical_publication/reports/figures/publication-20260817/mitochondria.haplotype_network.pdf	100644	cb4847f5ede522bbf3ed4c6f3d990660f26d1ea0	0
canonical_publication/reports/figures/publication-20260817/mitochondria.haplotype_network.png	100644	b797b16706623e99616183b6b5aac682769f9cd1	0
canonical_publication/reports/figures/publication-20260817/mitochondria.haplotype_network.svg	100644	ac46374f243283297d492d6908fcdc196a6330df	0
canonical_publication/reports/figures/publication-20260817/mitochondria.pca.pdf	100644	b5125f79cca79d44dc7f2ab387e2143bed2cadda	0
canonical_publication/reports/figures/publication-20260817/mitochondria.pca.png	100644	136bf457b2959a2ccaf45e19f96bcfdc2baa0d95	0
canonical_publication/reports/figures/publication-20260817/mitochondria.pca.svg	100644	7db041e9ed493deeb71a7a72726b14e3d924613a	0
canonical_publication/reports/figures/publication-20260817/mitochondria.primary_unrooted_tree.pdf	100644	2043cdb2518d25c1e46e42d13722ffb6e29e463d	0
canonical_publication/reports/figures/publication-20260817/mitochondria.primary_unrooted_tree.png	100644	dcff0fe51d538b1f9041d5b845e85a031d429d16	0
canonical_publication/reports/figures/publication-20260817/mitochondria.primary_unrooted_tree.svg	100644	e294410a568714e0e5906fd94652fc4d02fa4a9b	0
canonical_publication/reports/figures/publication-20260817/mitochondria.signed_hudson_fst.pdf	100644	8755fed9916f1b6bd0d610b405893c20e0cd4069	0
canonical_publication/reports/figures/publication-20260817/mitochondria.signed_hudson_fst.png	100644	011750fd202ce98e2d6edebc9d7cfc01502fb443	0
canonical_publication/reports/figures/publication-20260817/mitochondria.signed_hudson_fst.svg	100644	9a26a1c1dcb4be4669b25659617a56137c3f4cc5	0
canonical_publication/reports/figures/publication-20260817/mitochondria.supplementary_admixture.pdf	100644	ff054d6481eb28b5891f7a5a59026da856c49bd4	0
canonical_publication/reports/figures/publication-20260817/mitochondria.supplementary_admixture.png	100644	b74642a38916c5976ee3e0a30684d0e2f0099432	0
canonical_publication/reports/figures/publication-20260817/mitochondria.supplementary_admixture.svg	100644	8bbfad41a40e8190a1b0e5a82004e1237794bc84	0
canonical_publication/reports/figures/publication-20260817/preprocessing_qc.pdf	100644	e96583fedddb1409f272a3accc68a74b5d60a8db	0
canonical_publication/reports/figures/publication-20260817/preprocessing_qc.png	100644	acdeec23c418ca4f1a5d5c98efd10395a287a375	0
canonical_publication/reports/figures/publication-20260817/preprocessing_qc.svg	100644	1dce2aabd5ff22da06da6bb6c89fc01e63845f29	0
canonical_publication/reports/figures/publication-20260817/reference_callability.pdf	100644	f92a10f08773240a89205f556730e623da297d05	0
canonical_publication/reports/figures/publication-20260817/reference_callability.png	100644	d0d8454d9867d47a037227576b85e7c14ab02d18	0
canonical_publication/reports/figures/publication-20260817/reference_callability.svg	100644	3d4b525ffe8791f000690d446bc05ee77500ab75	0
canonical_publication/reports/manuscript_support/.gitkeep	100644	8b137891791fe96927ad78e64b0aad7bded08bdc	0
canonical_publication/reports/manuscript_support/publication-20260817/canonical_analysis_report.md	100644	460ab490b869a5a9e6ab12c69f6a9f27657f49f6	0
canonical_publication/reports/tables/.gitkeep	100644	8b137891791fe96927ad78e64b0aad7bded08bdc	0
canonical_publication/reports/tables/publication-20260817/canonical_summary.tsv	100644	c730d86635b5f811386abde8d25a5e33088d59ba	0
canonical_publication/reports/tables/publication-20260817/review_response_method_resolutions.tsv	100644	4227d0fd6317846e4ad264d71becb567f2eeeada	0
canonical_publication/results/alignments/.gitkeep	100644	8b137891791fe96927ad78e64b0aad7bded08bdc	0
canonical_publication/results/alignments/publication-20260817/chloroplast.callable_alignment.fa	100644	b30f1c910d549f166f7f8172b9d80692c861201f	0
canonical_publication/results/alignments/publication-20260817/chloroplast.callable_summary.tsv	100644	338f095514df1bc18b92ba77da63d6a1b096e2ff	0
canonical_publication/results/alignments/publication-20260817/mitochondria.callable_alignment.fa	100644	cad2e9110c0207a4dbfa749e86eac286619caff8	0
canonical_publication/results/alignments/publication-20260817/mitochondria.callable_summary.tsv	100644	908ddc5f151ea358dc72803e1885c78560c4eb76	0
canonical_publication/results/haplotypes/.gitkeep	100644	8b137891791fe96927ad78e64b0aad7bded08bdc	0
canonical_publication/results/haplotypes/publication-20260817/chloroplast.haplotype_positions.tsv	100644	a13754772b1790131f1c742c460708c29f817c12	0
canonical_publication/results/haplotypes/publication-20260817/chloroplast.haplotypes.tsv	100644	f8c61f1a9b61751f78be7bd0a161695eef6ab210	0
canonical_publication/results/haplotypes/publication-20260817/chloroplast.network_edges.tsv	100644	f77aa81e000941c031247f76209e6b8aa80e3a4c	0
canonical_publication/results/haplotypes/publication-20260817/chloroplast.sample_haplotypes.tsv	100644	f491bd3f70158fd5ef14190b697883cb464e8d45	0
canonical_publication/results/haplotypes/publication-20260817/mitochondria.haplotype_positions.tsv	100644	c8326556d6b89cbc6222f863f74a70bf3a4c50d9	0
canonical_publication/results/haplotypes/publication-20260817/mitochondria.haplotypes.tsv	100644	af6d2e15eca1f44910747657c24f0da846f3e643	0
canonical_publication/results/haplotypes/publication-20260817/mitochondria.network_edges.tsv	100644	f46778c94c3c439157cd8a88ed169d62c32dc4b5	0
canonical_publication/results/haplotypes/publication-20260817/mitochondria.sample_haplotypes.tsv	100644	5aadbec8b36c9bc65dee918b3bfc5b9442e81b66	0
canonical_publication/results/pca/.gitkeep	100644	8b137891791fe96927ad78e64b0aad7bded08bdc	0
canonical_publication/results/pca/publication-20260817/chloroplast.coordinates.tsv	100644	054515a16067b4e54b660f733126d0cea0aa0079	0
canonical_publication/results/pca/publication-20260817/chloroplast.variance.tsv	100644	3e677dcb3e4572657c08b559a43344578a8e3d9d	0
canonical_publication/results/pca/publication-20260817/mitochondria.coordinates.tsv	100644	18cd71e2c2b0f1c927d607bb028c50c842890604	0
canonical_publication/results/pca/publication-20260817/mitochondria.variance.tsv	100644	57928c39d2ce2163678ec9034b105dd220fdac93	0
canonical_publication/results/popgen/.gitkeep	100644	8b137891791fe96927ad78e64b0aad7bded08bdc	0
canonical_publication/results/popgen/publication-20260817/chloroplast.pairwise_hudson_fst.tsv	100644	06b4a7c5f9d31867d9987e8714103cd24808be33	0
canonical_publication/results/popgen/publication-20260817/chloroplast.pi_crosscheck.tsv	100644	f9e1e1ad8d98c868e475990a3aa4471ae40bfd46	0
canonical_publication/results/popgen/publication-20260817/chloroplast.population_summary.tsv	100644	3d799179ee8e1a851dd889cb8b59619bb41ff966	0
canonical_publication/results/popgen/publication-20260817/mitochondria.pairwise_hudson_fst.tsv	100644	733c68892877c62d5a6b154b6d6698aaf87b538d	0
canonical_publication/results/popgen/publication-20260817/mitochondria.pi_crosscheck.tsv	100644	283e910d63191aae3a49d4d592b3e6947a044e2a	0
canonical_publication/results/popgen/publication-20260817/mitochondria.population_summary.tsv	100644	b3fc540fa5d17842ba2a24beb4ea122d533eca1f	0
canonical_publication/results/popgen/publication-20260817/trusted_scikit_allel_crosscheck.tsv	100644	4faf68f2512be9f254c7b2f9394465cc3217a348	0
canonical_publication/results/qc/publication-20260817/read_preprocessing_summary.tsv	100644	fd3396ae46467d5de7268a190faf15498d86317e	0
canonical_publication/results/qc/publication-20260817/sample_breadth.tsv	100644	b75e409ffc55d375978966738c2246fd2b0571ec	0
canonical_publication/results/supplement/.gitkeep	100644	8b137891791fe96927ad78e64b0aad7bded08bdc	0
canonical_publication/results/supplement/publication-20260817/admixture/chloroplast/INTERPRETATION_LIMITATIONS.md	100644	4346ce6057044aff7a21bc7b65d147beb938f842	0
canonical_publication/results/supplement/publication-20260817/admixture/chloroplast/K1.replicate_1.Q.tsv	100644	2acb2b61d6949e0c4d6e5b04c06337e4d8c36b54	0
canonical_publication/results/supplement/publication-20260817/admixture/chloroplast/K1.replicate_10.Q.tsv	100644	2acb2b61d6949e0c4d6e5b04c06337e4d8c36b54	0
canonical_publication/results/supplement/publication-20260817/admixture/chloroplast/K1.replicate_2.Q.tsv	100644	2acb2b61d6949e0c4d6e5b04c06337e4d8c36b54	0
canonical_publication/results/supplement/publication-20260817/admixture/chloroplast/K1.replicate_3.Q.tsv	100644	2acb2b61d6949e0c4d6e5b04c06337e4d8c36b54	0
canonical_publication/results/supplement/publication-20260817/admixture/chloroplast/K1.replicate_4.Q.tsv	100644	2acb2b61d6949e0c4d6e5b04c06337e4d8c36b54	0
canonical_publication/results/supplement/publication-20260817/admixture/chloroplast/K1.replicate_5.Q.tsv	100644	2acb2b61d6949e0c4d6e5b04c06337e4d8c36b54	0
canonical_publication/results/supplement/publication-20260817/admixture/chloroplast/K1.replicate_6.Q.tsv	100644	2acb2b61d6949e0c4d6e5b04c06337e4d8c36b54	0
canonical_publication/results/supplement/publication-20260817/admixture/chloroplast/K1.replicate_7.Q.tsv	100644	2acb2b61d6949e0c4d6e5b04c06337e4d8c36b54	0
canonical_publication/results/supplement/publication-20260817/admixture/chloroplast/K1.replicate_8.Q.tsv	100644	2acb2b61d6949e0c4d6e5b04c06337e4d8c36b54	0
canonical_publication/results/supplement/publication-20260817/admixture/chloroplast/K1.replicate_9.Q.tsv	100644	2acb2b61d6949e0c4d6e5b04c06337e4d8c36b54	0
canonical_publication/results/supplement/publication-20260817/admixture/chloroplast/K10.replicate_1.Q.tsv	100644	a6447021efe9164715ee6610a2393efffce8705d	0
canonical_publication/results/supplement/publication-20260817/admixture/chloroplast/K10.replicate_10.Q.tsv	100644	5ac44ed10c396f318006cbe2d39c245e6451c50c	0
canonical_publication/results/supplement/publication-20260817/admixture/chloroplast/K10.replicate_2.Q.tsv	100644	9f8ba8d788081e26f4243a8d35130087e6abe5af	0
canonical_publication/results/supplement/publication-20260817/admixture/chloroplast/K10.replicate_3.Q.tsv	100644	5a69946084c9b4312b30d358a712c75f101ae4e1	0
canonical_publication/results/supplement/publication-20260817/admixture/chloroplast/K10.replicate_4.Q.tsv	100644	e8c819cec562df7106768d6bd2793e2c0dc3706d	0
canonical_publication/results/supplement/publication-20260817/admixture/chloroplast/K10.replicate_5.Q.tsv	100644	292ed8c35ca02bb291879fe8362f045a1671758a	0
canonical_publication/results/supplement/publication-20260817/admixture/chloroplast/K10.replicate_6.Q.tsv	100644	fc58b33b1e74bc20cff489c3b3b8c30b64379e36	0
canonical_publication/results/supplement/publication-20260817/admixture/chloroplast/K10.replicate_7.Q.tsv	100644	497f3d90467b65c03d9064be1a37116c8cd0ebfd	0
canonical_publication/results/supplement/publication-20260817/admixture/chloroplast/K10.replicate_8.Q.tsv	100644	b11dba72555ff42d1209370b71bbb939b2d7b1d2	0
canonical_publication/results/supplement/publication-20260817/admixture/chloroplast/K10.replicate_9.Q.tsv	100644	31fd2f3be665a2a52019992891cf5a04a2ae5198	0
canonical_publication/results/supplement/publication-20260817/admixture/chloroplast/K11.replicate_1.Q.tsv	100644	7d45c5d4b5b3f008670fc5af4cca8967363cbe34	0
canonical_publication/results/supplement/publication-20260817/admixture/chloroplast/K11.replicate_10.Q.tsv	100644	895f8fd88a4499633f406275be905e3d91929c06	0
canonical_publication/results/supplement/publication-20260817/admixture/chloroplast/K11.replicate_2.Q.tsv	100644	4c52506b5375231db60f53dd36109be0382a306e	0
canonical_publication/results/supplement/publication-20260817/admixture/chloroplast/K11.replicate_3.Q.tsv	100644	99ca7c0e69c8e2b85fd4de7426837bd1c77faaa4	0
canonical_publication/results/supplement/publication-20260817/admixture/chloroplast/K11.replicate_4.Q.tsv	100644	07782e467c920074f1ea1c9cb9b4cd52f04b6ccb	0
canonical_publication/results/supplement/publication-20260817/admixture/chloroplast/K11.replicate_5.Q.tsv	100644	b686c2ad47442555022b261437c19c00c220dc23	0
canonical_publication/results/supplement/publication-20260817/admixture/chloroplast/K11.replicate_6.Q.tsv	100644	1a4691985dd811a51c52383e70d2c4ec38712209	0
canonical_publication/results/supplement/publication-20260817/admixture/chloroplast/K11.replicate_7.Q.tsv	100644	179d48bc58b1c96439380cbbc3d310e09264934d	0
canonical_publication/results/supplement/publication-20260817/admixture/chloroplast/K11.replicate_8.Q.tsv	100644	974dad035cc4e719d7c5c0549ca66baefb8d1a29	0
canonical_publication/results/supplement/publication-20260817/admixture/chloroplast/K11.replicate_9.Q.tsv	100644	f5ff90b63bb9b5f5ef019fd8a8d55b733542c41e	0
canonical_publication/results/supplement/publication-20260817/admixture/chloroplast/K12.replicate_1.Q.tsv	100644	5c3ae946efa4d7565238ae0ebd5eeaa3273b9776	0
canonical_publication/results/supplement/publication-20260817/admixture/chloroplast/K12.replicate_10.Q.tsv	100644	11dfafa5a9794e9e5cb65dfc38226400d8613879	0
canonical_publication/results/supplement/publication-20260817/admixture/chloroplast/K12.replicate_2.Q.tsv	100644	40a1b59460b7b656e47ffd363664b6ef28e5821e	0
canonical_publication/results/supplement/publication-20260817/admixture/chloroplast/K12.replicate_3.Q.tsv	100644	6f5f58f18f1a258050fa6fc275bf4fde1c491113	0
canonical_publication/results/supplement/publication-20260817/admixture/chloroplast/K12.replicate_4.Q.tsv	100644	01ede4f62c53874bed20c16467611fa4d6a2922a	0
canonical_publication/results/supplement/publication-20260817/admixture/chloroplast/K12.replicate_5.Q.tsv	100644	a85ee6ef6749653d87c3218305d1ff4f583fe9bd	0
canonical_publication/results/supplement/publication-20260817/admixture/chloroplast/K12.replicate_6.Q.tsv	100644	30402c7f512e8daa6d24093554cff8a3f564c248	0
canonical_publication/results/supplement/publication-20260817/admixture/chloroplast/K12.replicate_7.Q.tsv	100644	557e9f49605378974840e775866129c491a2515b	0
canonical_publication/results/supplement/publication-20260817/admixture/chloroplast/K12.replicate_8.Q.tsv	100644	36010dac8556fac2c28139c5d7e1f5d7a050e653	0
canonical_publication/results/supplement/publication-20260817/admixture/chloroplast/K12.replicate_9.Q.tsv	100644	814fca4f1e224793ee52212f2ed7d1ae518858a6	0
canonical_publication/results/supplement/publication-20260817/admixture/chloroplast/K2.replicate_1.Q.tsv	100644	15e78803fe1c0a0dc0c7893a11fafc773ba8d8b4	0
canonical_publication/results/supplement/publication-20260817/admixture/chloroplast/K2.replicate_10.Q.tsv	100644	fdaeb023ab044dc50e0c563b6d2873c6929e148e	0
canonical_publication/results/supplement/publication-20260817/admixture/chloroplast/K2.replicate_2.Q.tsv	100644	cbae307cc9a974bff4d228e25092b7e94a2bf87f	0
canonical_publication/results/supplement/publication-20260817/admixture/chloroplast/K2.replicate_3.Q.tsv	100644	cbae307cc9a974bff4d228e25092b7e94a2bf87f	0
canonical_publication/results/supplement/publication-20260817/admixture/chloroplast/K2.replicate_4.Q.tsv	100644	cbae307cc9a974bff4d228e25092b7e94a2bf87f	0
canonical_publication/results/supplement/publication-20260817/admixture/chloroplast/K2.replicate_5.Q.tsv	100644	9c12dc765cdf982de9ee902830f80aad38905b28	0
canonical_publication/results/supplement/publication-20260817/admixture/chloroplast/K2.replicate_6.Q.tsv	100644	9c12dc765cdf982de9ee902830f80aad38905b28	0
canonical_publication/results/supplement/publication-20260817/admixture/chloroplast/K2.replicate_7.Q.tsv	100644	9c12dc765cdf982de9ee902830f80aad38905b28	0
canonical_publication/results/supplement/publication-20260817/admixture/chloroplast/K2.replicate_8.Q.tsv	100644	ac48547b7936146284f93dd2e04be0ae843d8da0	0
canonical_publication/results/supplement/publication-20260817/admixture/chloroplast/K2.replicate_9.Q.tsv	100644	cbae307cc9a974bff4d228e25092b7e94a2bf87f	0
canonical_publication/results/supplement/publication-20260817/admixture/chloroplast/K3.replicate_1.Q.tsv	100644	410b9f6aa1be3edc51c826cdddd814fc16ebd416	0
canonical_publication/results/supplement/publication-20260817/admixture/chloroplast/K3.replicate_10.Q.tsv	100644	74afa9a7b00af38bab6e13e0466b7c0e411f2d13	0
canonical_publication/results/supplement/publication-20260817/admixture/chloroplast/K3.replicate_2.Q.tsv	100644	445ad50615798b8f4bf818191b38aafed07892ab	0
canonical_publication/results/supplement/publication-20260817/admixture/chloroplast/K3.replicate_3.Q.tsv	100644	96e5e8685ca6fa00bcd9d8e53c363279daa93ed7	0
canonical_publication/results/supplement/publication-20260817/admixture/chloroplast/K3.replicate_4.Q.tsv	100644	4cd08bed764530627c166bbe3c3a62859d10f16c	0
canonical_publication/results/supplement/publication-20260817/admixture/chloroplast/K3.replicate_5.Q.tsv	100644	b6f3213f36f4dc042890d89de2e2cc109cdc2758	0
canonical_publication/results/supplement/publication-20260817/admixture/chloroplast/K3.replicate_6.Q.tsv	100644	287186cf6ddcbe68f2153353ac77b8848759d77e	0
canonical_publication/results/supplement/publication-20260817/admixture/chloroplast/K3.replicate_7.Q.tsv	100644	371881f731b3e8ea62d0c452ccc7866e0fded4f0	0
canonical_publication/results/supplement/publication-20260817/admixture/chloroplast/K3.replicate_8.Q.tsv	100644	67978f12586c01c8bc5c215c578365e57cbfa7ea	0
canonical_publication/results/supplement/publication-20260817/admixture/chloroplast/K3.replicate_9.Q.tsv	100644	c8c4d688dc4f8cff7c335af65e08b3fcc7453fe5	0
canonical_publication/results/supplement/publication-20260817/admixture/chloroplast/K4.replicate_1.Q.tsv	100644	862c95bc254629aa13de72fd26f12e5ba887e8b6	0
canonical_publication/results/supplement/publication-20260817/admixture/chloroplast/K4.replicate_10.Q.tsv	100644	b798f1eaa8a4ef780133e5777be8685b43e4645d	0
canonical_publication/results/supplement/publication-20260817/admixture/chloroplast/K4.replicate_2.Q.tsv	100644	593d12ee73cd5385cdc76444670368383ad06a71	0
canonical_publication/results/supplement/publication-20260817/admixture/chloroplast/K4.replicate_3.Q.tsv	100644	d5c21b621443f34e4f86d5f1d9e6fec92b4310e0	0
canonical_publication/results/supplement/publication-20260817/admixture/chloroplast/K4.replicate_4.Q.tsv	100644	933e40307c68671fbcf2ce5918e2047fea6eef09	0
canonical_publication/results/supplement/publication-20260817/admixture/chloroplast/K4.replicate_5.Q.tsv	100644	99eddbee8f6b6cb7d790ba2c270e07062e15a2a9	0
canonical_publication/results/supplement/publication-20260817/admixture/chloroplast/K4.replicate_6.Q.tsv	100644	244cb271e9cab7b7a708c9b375cab56714941ef3	0
canonical_publication/results/supplement/publication-20260817/admixture/chloroplast/K4.replicate_7.Q.tsv	100644	a054e56b5a6b6167eb405a8a1fdd1b9c21a409ef	0
canonical_publication/results/supplement/publication-20260817/admixture/chloroplast/K4.replicate_8.Q.tsv	100644	6cae7e648a3b3bd0a2960dee21263ea6d2d3206a	0
canonical_publication/results/supplement/publication-20260817/admixture/chloroplast/K4.replicate_9.Q.tsv	100644	c08061b0e64e6e2a5140b9a5955367c497f9ded3	0
canonical_publication/results/supplement/publication-20260817/admixture/chloroplast/K5.replicate_1.Q.tsv	100644	3d26e4a9153a71f1f5d01542073b97a14b7a84c5	0
canonical_publication/results/supplement/publication-20260817/admixture/chloroplast/K5.replicate_10.Q.tsv	100644	b0c7efdd984a849a2207a949a31521202bd45c60	0
canonical_publication/results/supplement/publication-20260817/admixture/chloroplast/K5.replicate_2.Q.tsv	100644	8de89340582c3e2ee65d9fd68d24898379a8490c	0
canonical_publication/results/supplement/publication-20260817/admixture/chloroplast/K5.replicate_3.Q.tsv	100644	80dbffe93c6a0bf9ea638421261f823fd33971d9	0
canonical_publication/results/supplement/publication-20260817/admixture/chloroplast/K5.replicate_4.Q.tsv	100644	56e0e50e9cf875a403bd580f8d36f083513e63ac	0
canonical_publication/results/supplement/publication-20260817/admixture/chloroplast/K5.replicate_5.Q.tsv	100644	0bb4ffd3eac01636ed2d5d1b6b29027294fb23dd	0
canonical_publication/results/supplement/publication-20260817/admixture/chloroplast/K5.replicate_6.Q.tsv	100644	68e3ff76c7c4f9b37d1529ec219bdbdb61129435	0
canonical_publication/results/supplement/publication-20260817/admixture/chloroplast/K5.replicate_7.Q.tsv	100644	d86aa119b59fa61cdc2cdafb6838b96076787742	0
canonical_publication/results/supplement/publication-20260817/admixture/chloroplast/K5.replicate_8.Q.tsv	100644	94e58d6f44c3d0296c00a700ccaf3517cecc928c	0
canonical_publication/results/supplement/publication-20260817/admixture/chloroplast/K5.replicate_9.Q.tsv	100644	0a694b007084c52dd171eafb2d7bb09887f4f89f	0
canonical_publication/results/supplement/publication-20260817/admixture/chloroplast/K6.replicate_1.Q.tsv	100644	3f681b3ae43d3836789d100875e5e3b56e77ce80	0
canonical_publication/results/supplement/publication-20260817/admixture/chloroplast/K6.replicate_10.Q.tsv	100644	43bf07705d7523af87de621a1706d8cbcce7c021	0
canonical_publication/results/supplement/publication-20260817/admixture/chloroplast/K6.replicate_2.Q.tsv	100644	a112655f8a6f26ef5d1d6464c36a57403a139160	0
canonical_publication/results/supplement/publication-20260817/admixture/chloroplast/K6.replicate_3.Q.tsv	100644	179d6ec6c10bac7bd716a52ede5fda215e0d705d	0
canonical_publication/results/supplement/publication-20260817/admixture/chloroplast/K6.replicate_4.Q.tsv	100644	121a02af85c75a3832ee41a2a560d09557810c37	0
canonical_publication/results/supplement/publication-20260817/admixture/chloroplast/K6.replicate_5.Q.tsv	100644	fc7df43550962cc32331b33160a84bffebb8a736	0
canonical_publication/results/supplement/publication-20260817/admixture/chloroplast/K6.replicate_6.Q.tsv	100644	d3b8e57e917e6c054045c55a4694775ab4263a54	0
canonical_publication/results/supplement/publication-20260817/admixture/chloroplast/K6.replicate_7.Q.tsv	100644	a695a2e0ab6282d00fb1fcd7d0181f94ad563e63	0
canonical_publication/results/supplement/publication-20260817/admixture/chloroplast/K6.replicate_8.Q.tsv	100644	a2170d8fd88f3cefe802b2a68642f20ba9ccc8f6	0
canonical_publication/results/supplement/publication-20260817/admixture/chloroplast/K6.replicate_9.Q.tsv	100644	5e456d68ea0f74149ed4c9323032db937e9fbebf	0
canonical_publication/results/supplement/publication-20260817/admixture/chloroplast/K7.replicate_1.Q.tsv	100644	877330731dd6e45956560c296c2b45751aa3660f	0
canonical_publication/results/supplement/publication-20260817/admixture/chloroplast/K7.replicate_10.Q.tsv	100644	01cd236e7861521c95072ce01306e3400c31c8be	0
canonical_publication/results/supplement/publication-20260817/admixture/chloroplast/K7.replicate_2.Q.tsv	100644	c0287762b5dc826d35608f46ad6541e16f91ed2f	0
canonical_publication/results/supplement/publication-20260817/admixture/chloroplast/K7.replicate_3.Q.tsv	100644	a7304f7ed3f064fcc6653ad7d42ab65283ceaff0	0
canonical_publication/results/supplement/publication-20260817/admixture/chloroplast/K7.replicate_4.Q.tsv	100644	d8fbb62746fa6f53aa8b7034ee600dc24a162a77	0
canonical_publication/results/supplement/publication-20260817/admixture/chloroplast/K7.replicate_5.Q.tsv	100644	f6afd37329858518f65bd8489727f4adc11a37ab	0
canonical_publication/results/supplement/publication-20260817/admixture/chloroplast/K7.replicate_6.Q.tsv	100644	b8ff504027315beb5b46280f0d13b2191ae947f1	0
canonical_publication/results/supplement/publication-20260817/admixture/chloroplast/K7.replicate_7.Q.tsv	100644	fb6f04c7bb7cc9f6683d2dd67ec57585d4b47cc2	0
canonical_publication/results/supplement/publication-20260817/admixture/chloroplast/K7.replicate_8.Q.tsv	100644	5a09c77a36d31015f48f872fcdfc757a71c3f926	0
canonical_publication/results/supplement/publication-20260817/admixture/chloroplast/K7.replicate_9.Q.tsv	100644	87c30badf6d0ccd6c1d57b0e727251a0e68c1d18	0
canonical_publication/results/supplement/publication-20260817/admixture/chloroplast/K8.replicate_1.Q.tsv	100644	2f94bdec91d4a2383c1ffd7a221198aee31885ee	0
canonical_publication/results/supplement/publication-20260817/admixture/chloroplast/K8.replicate_10.Q.tsv	100644	2d2e6db9f32ee8402f74645d7f1531b6c39e49cf	0
canonical_publication/results/supplement/publication-20260817/admixture/chloroplast/K8.replicate_2.Q.tsv	100644	ead7d5d948e358791bd6f58c4471d6874edb54e0	0
canonical_publication/results/supplement/publication-20260817/admixture/chloroplast/K8.replicate_3.Q.tsv	100644	70710310346d1e8cabfb90028fcb836ff910af19	0
canonical_publication/results/supplement/publication-20260817/admixture/chloroplast/K8.replicate_4.Q.tsv	100644	41ad3c9d9169f148b9f96c719ac66e3f1475a703	0
canonical_publication/results/supplement/publication-20260817/admixture/chloroplast/K8.replicate_5.Q.tsv	100644	656a1eb6323779dac1ec8921743f80230ceee022	0
canonical_publication/results/supplement/publication-20260817/admixture/chloroplast/K8.replicate_6.Q.tsv	100644	9adb84b8b10730dff0c92c16f7fb2085f2638e51	0
canonical_publication/results/supplement/publication-20260817/admixture/chloroplast/K8.replicate_7.Q.tsv	100644	1fc8f599acf91b768c9be28eb38dd5c460969b79	0
canonical_publication/results/supplement/publication-20260817/admixture/chloroplast/K8.replicate_8.Q.tsv	100644	edb25b6694559afc9b5e35f0f215326245027abd	0
canonical_publication/results/supplement/publication-20260817/admixture/chloroplast/K8.replicate_9.Q.tsv	100644	8bf6a39138cb5432ad0ac933f6a1f92c830f2d8f	0
canonical_publication/results/supplement/publication-20260817/admixture/chloroplast/K9.replicate_1.Q.tsv	100644	70d8f0f7d1f0f902bb8103bc5e67fbd311caf42c	0
canonical_publication/results/supplement/publication-20260817/admixture/chloroplast/K9.replicate_10.Q.tsv	100644	a4469146989988dac87ee73822f49cd9c775077a	0
canonical_publication/results/supplement/publication-20260817/admixture/chloroplast/K9.replicate_2.Q.tsv	100644	6c4dff52d1feff61c388a416398c09f43b380aeb	0
canonical_publication/results/supplement/publication-20260817/admixture/chloroplast/K9.replicate_3.Q.tsv	100644	6924e8990ae060efc26d0ad420116c85f1012ca6	0
canonical_publication/results/supplement/publication-20260817/admixture/chloroplast/K9.replicate_4.Q.tsv	100644	30c94fe7f18b4122ce8307d9fc9c655c65ee013a	0
canonical_publication/results/supplement/publication-20260817/admixture/chloroplast/K9.replicate_5.Q.tsv	100644	f16e347d5c8e2d376794183aec2823a1fd39acff	0
canonical_publication/results/supplement/publication-20260817/admixture/chloroplast/K9.replicate_6.Q.tsv	100644	066df212b410ae5b01f2081ac0f519f9566fee6f	0
canonical_publication/results/supplement/publication-20260817/admixture/chloroplast/K9.replicate_7.Q.tsv	100644	f9bfda96a3a8beadba7243fc1fa526f0d7fd54e2	0
canonical_publication/results/supplement/publication-20260817/admixture/chloroplast/K9.replicate_8.Q.tsv	100644	641f6d100e39552e4705a7630f9971044733db15	0
canonical_publication/results/supplement/publication-20260817/admixture/chloroplast/K9.replicate_9.Q.tsv	100644	bfd4dcc5caec819fd1946edb1c27b8d7c8a3535c	0
canonical_publication/results/supplement/publication-20260817/admixture/chloroplast/k_summary.tsv	100644	fa0b1049719986b6bbd0e1dcfaa8051d34454335	0
canonical_publication/results/supplement/publication-20260817/admixture/chloroplast/replicate_cv.tsv	100644	4e364cbf33306a89975f3fd86f80f692cb8ced77	0
canonical_publication/results/supplement/publication-20260817/admixture/chloroplast/sample_order.tsv	100644	2f83e5979259801968872b065d087d5865f34e79	0
canonical_publication/results/supplement/publication-20260817/admixture/chloroplast/selected_K12.best_cv.Q.tsv	100644	814fca4f1e224793ee52212f2ed7d1ae518858a6	0
canonical_publication/results/supplement/publication-20260817/admixture/chloroplast/selected_solution.tsv	100644	27e923ff5665ed2fcafc30c7d58e9bb4a56a25cd	0
canonical_publication/results/supplement/publication-20260817/admixture/mitochondria/INTERPRETATION_LIMITATIONS.md	100644	4346ce6057044aff7a21bc7b65d147beb938f842	0
canonical_publication/results/supplement/publication-20260817/admixture/mitochondria/K1.replicate_1.Q.tsv	100644	99d1a7810c4e37762673d541361263ec231c0392	0
canonical_publication/results/supplement/publication-20260817/admixture/mitochondria/K1.replicate_10.Q.tsv	100644	99d1a7810c4e37762673d541361263ec231c0392	0
canonical_publication/results/supplement/publication-20260817/admixture/mitochondria/K1.replicate_2.Q.tsv	100644	99d1a7810c4e37762673d541361263ec231c0392	0
canonical_publication/results/supplement/publication-20260817/admixture/mitochondria/K1.replicate_3.Q.tsv	100644	99d1a7810c4e37762673d541361263ec231c0392	0
canonical_publication/results/supplement/publication-20260817/admixture/mitochondria/K1.replicate_4.Q.tsv	100644	99d1a7810c4e37762673d541361263ec231c0392	0
canonical_publication/results/supplement/publication-20260817/admixture/mitochondria/K1.replicate_5.Q.tsv	100644	99d1a7810c4e37762673d541361263ec231c0392	0
canonical_publication/results/supplement/publication-20260817/admixture/mitochondria/K1.replicate_6.Q.tsv	100644	99d1a7810c4e37762673d541361263ec231c0392	0
canonical_publication/results/supplement/publication-20260817/admixture/mitochondria/K1.replicate_7.Q.tsv	100644	99d1a7810c4e37762673d541361263ec231c0392	0
canonical_publication/results/supplement/publication-20260817/admixture/mitochondria/K1.replicate_8.Q.tsv	100644	99d1a7810c4e37762673d541361263ec231c0392	0
canonical_publication/results/supplement/publication-20260817/admixture/mitochondria/K1.replicate_9.Q.tsv	100644	99d1a7810c4e37762673d541361263ec231c0392	0
canonical_publication/results/supplement/publication-20260817/admixture/mitochondria/K10.replicate_1.Q.tsv	100644	37e5f7855b09b39be2fb4c0256beb27b89777851	0
canonical_publication/results/supplement/publication-20260817/admixture/mitochondria/K10.replicate_10.Q.tsv	100644	8a768b6eca8bbc8c7acb93099dec6d4c0445b141	0
canonical_publication/results/supplement/publication-20260817/admixture/mitochondria/K10.replicate_2.Q.tsv	100644	6fafbe699c0863442c0a36404a95ceda4f2fb230	0
canonical_publication/results/supplement/publication-20260817/admixture/mitochondria/K10.replicate_3.Q.tsv	100644	60ee4ab526f5492e70044ee3a4065f248d19c891	0
canonical_publication/results/supplement/publication-20260817/admixture/mitochondria/K10.replicate_4.Q.tsv	100644	53b8b48c59ec2fe3624ab34d47e54627ab16570f	0
canonical_publication/results/supplement/publication-20260817/admixture/mitochondria/K10.replicate_5.Q.tsv	100644	79933fa81637a1f33621b6c17570f1d43f85c2bb	0
canonical_publication/results/supplement/publication-20260817/admixture/mitochondria/K10.replicate_6.Q.tsv	100644	ad6be5adbeb5e32802d12689f4fa731e3e1ef43a	0
canonical_publication/results/supplement/publication-20260817/admixture/mitochondria/K10.replicate_7.Q.tsv	100644	ae2ef3b3bb02ca091000bf3e9914f27cf1041bcf	0
canonical_publication/results/supplement/publication-20260817/admixture/mitochondria/K10.replicate_8.Q.tsv	100644	fb38a0b742e3542d20b6ba5591fbc2dc1e9ebc96	0
canonical_publication/results/supplement/publication-20260817/admixture/mitochondria/K10.replicate_9.Q.tsv	100644	a02c6e06e781cfec04e5164188cd3cb5c3ec85bc	0
canonical_publication/results/supplement/publication-20260817/admixture/mitochondria/K11.replicate_1.Q.tsv	100644	0fa74184eb579f8f35c167e703ff420b0ddb4baa	0
canonical_publication/results/supplement/publication-20260817/admixture/mitochondria/K11.replicate_10.Q.tsv	100644	0ea3c5e3d6bcaa3f098f1d2ef645902af82c0bdd	0
canonical_publication/results/supplement/publication-20260817/admixture/mitochondria/K11.replicate_2.Q.tsv	100644	34f567f5262f9ff4a16f01505af4406e082753b6	0
canonical_publication/results/supplement/publication-20260817/admixture/mitochondria/K11.replicate_3.Q.tsv	100644	2868061e27d74686df3b1a1b15134dc84aa16f17	0
canonical_publication/results/supplement/publication-20260817/admixture/mitochondria/K11.replicate_4.Q.tsv	100644	171a1009ee8f57f48ca2fcf2071241ee530f126d	0
canonical_publication/results/supplement/publication-20260817/admixture/mitochondria/K11.replicate_5.Q.tsv	100644	43bc01d72f5464751acbd150c66bb9bb7aca49c1	0
canonical_publication/results/supplement/publication-20260817/admixture/mitochondria/K11.replicate_6.Q.tsv	100644	00f36f636993206191d34c249fe7df60ff854567	0
canonical_publication/results/supplement/publication-20260817/admixture/mitochondria/K11.replicate_7.Q.tsv	100644	fb6bcff779c58eb5df81fbc547b96ebf4a7be71e	0
canonical_publication/results/supplement/publication-20260817/admixture/mitochondria/K11.replicate_8.Q.tsv	100644	2d636a7facbc178c6fef77dd84bfe4e31635287e	0
canonical_publication/results/supplement/publication-20260817/admixture/mitochondria/K11.replicate_9.Q.tsv	100644	9cde79becc22447cb1eb93635eb0dec69a2c7301	0
canonical_publication/results/supplement/publication-20260817/admixture/mitochondria/K12.replicate_1.Q.tsv	100644	1576c9ac8ace6fb68f8b9bbd17f8c6d256eba0ca	0
canonical_publication/results/supplement/publication-20260817/admixture/mitochondria/K12.replicate_10.Q.tsv	100644	3ba1f7ba741b37e440afbf3aefc375af5d57856e	0
canonical_publication/results/supplement/publication-20260817/admixture/mitochondria/K12.replicate_2.Q.tsv	100644	d991e683d5c167a09a10f301c012fd358ad9b7e9	0
canonical_publication/results/supplement/publication-20260817/admixture/mitochondria/K12.replicate_3.Q.tsv	100644	a4fc20099f571ed2253d4f3a9fe1690148946da8	0
canonical_publication/results/supplement/publication-20260817/admixture/mitochondria/K12.replicate_4.Q.tsv	100644	51609af9a134772ba7a5dc7265205f53a9716924	0
canonical_publication/results/supplement/publication-20260817/admixture/mitochondria/K12.replicate_5.Q.tsv	100644	23c63f28898a274c3983a6ba0ddbcd5980361b66	0
canonical_publication/results/supplement/publication-20260817/admixture/mitochondria/K12.replicate_6.Q.tsv	100644	7e12f5cd8677df9f7653881a7d3f59c8ce5c8672	0
canonical_publication/results/supplement/publication-20260817/admixture/mitochondria/K12.replicate_7.Q.tsv	100644	08a398148b6a3604562f051453b3848a69a15625	0
canonical_publication/results/supplement/publication-20260817/admixture/mitochondria/K12.replicate_8.Q.tsv	100644	c1d459a48a500ff39a818fdd8cc22c2abf9c8bcd	0
canonical_publication/results/supplement/publication-20260817/admixture/mitochondria/K12.replicate_9.Q.tsv	100644	a1ebfa43da73d974f35080183333f05068aca2ab	0
canonical_publication/results/supplement/publication-20260817/admixture/mitochondria/K2.replicate_1.Q.tsv	100644	63444743c0f08843ee214faf4a23ab6dc579bd90	0
canonical_publication/results/supplement/publication-20260817/admixture/mitochondria/K2.replicate_10.Q.tsv	100644	63444743c0f08843ee214faf4a23ab6dc579bd90	0
canonical_publication/results/supplement/publication-20260817/admixture/mitochondria/K2.replicate_2.Q.tsv	100644	63444743c0f08843ee214faf4a23ab6dc579bd90	0
canonical_publication/results/supplement/publication-20260817/admixture/mitochondria/K2.replicate_3.Q.tsv	100644	63444743c0f08843ee214faf4a23ab6dc579bd90	0
canonical_publication/results/supplement/publication-20260817/admixture/mitochondria/K2.replicate_4.Q.tsv	100644	68660c1c3a23a38a3d99b41c6b02596285f86443	0
canonical_publication/results/supplement/publication-20260817/admixture/mitochondria/K2.replicate_5.Q.tsv	100644	68660c1c3a23a38a3d99b41c6b02596285f86443	0
canonical_publication/results/supplement/publication-20260817/admixture/mitochondria/K2.replicate_6.Q.tsv	100644	63444743c0f08843ee214faf4a23ab6dc579bd90	0
canonical_publication/results/supplement/publication-20260817/admixture/mitochondria/K2.replicate_7.Q.tsv	100644	63444743c0f08843ee214faf4a23ab6dc579bd90	0
canonical_publication/results/supplement/publication-20260817/admixture/mitochondria/K2.replicate_8.Q.tsv	100644	63444743c0f08843ee214faf4a23ab6dc579bd90	0
canonical_publication/results/supplement/publication-20260817/admixture/mitochondria/K2.replicate_9.Q.tsv	100644	63444743c0f08843ee214faf4a23ab6dc579bd90	0
canonical_publication/results/supplement/publication-20260817/admixture/mitochondria/K3.replicate_1.Q.tsv	100644	707f799870eeb2c1dc0434b9af79d81660958ee2	0
canonical_publication/results/supplement/publication-20260817/admixture/mitochondria/K3.replicate_10.Q.tsv	100644	74dcb75b2d4d763fa7217250f5f15f6ca8758a65	0
canonical_publication/results/supplement/publication-20260817/admixture/mitochondria/K3.replicate_2.Q.tsv	100644	1581a80106b8499951ed2b91cb7f77d102b27901	0
canonical_publication/results/supplement/publication-20260817/admixture/mitochondria/K3.replicate_3.Q.tsv	100644	e9ee886748c30716275bf8e30af4f72b5bcc7828	0
canonical_publication/results/supplement/publication-20260817/admixture/mitochondria/K3.replicate_4.Q.tsv	100644	b6eded78818e6bdd667570c3a7f0d9bd0d85e12d	0
canonical_publication/results/supplement/publication-20260817/admixture/mitochondria/K3.replicate_5.Q.tsv	100644	6334620dd855591572ba34b6f6eb635bad9e1d33	0
canonical_publication/results/supplement/publication-20260817/admixture/mitochondria/K3.replicate_6.Q.tsv	100644	215a067e2dd2f945a741025f478bafaca481164e	0
canonical_publication/results/supplement/publication-20260817/admixture/mitochondria/K3.replicate_7.Q.tsv	100644	62745a8dab147d5e963d2df7c133083b61cee629	0
canonical_publication/results/supplement/publication-20260817/admixture/mitochondria/K3.replicate_8.Q.tsv	100644	eabc76d7a34a1dc888c6415022d4ecf225bae7bc	0
canonical_publication/results/supplement/publication-20260817/admixture/mitochondria/K3.replicate_9.Q.tsv	100644	463902c497999f129cc2dd7582805b0bb9dab87f	0
canonical_publication/results/supplement/publication-20260817/admixture/mitochondria/K4.replicate_1.Q.tsv	100644	b530eb3a7ad38dc0609370ddd01068b4abe8d211	0
canonical_publication/results/supplement/publication-20260817/admixture/mitochondria/K4.replicate_10.Q.tsv	100644	a68ee994f7076961fd1f1d5926f8cdae9c304b06	0
canonical_publication/results/supplement/publication-20260817/admixture/mitochondria/K4.replicate_2.Q.tsv	100644	3e8080a3af63e0bc2cefe45a96e179351037b945	0
canonical_publication/results/supplement/publication-20260817/admixture/mitochondria/K4.replicate_3.Q.tsv	100644	937a57ab893518afb139bc3c4b7aa50c695dd87a	0
canonical_publication/results/supplement/publication-20260817/admixture/mitochondria/K4.replicate_4.Q.tsv	100644	03c2d6dcbeb3f407c4aac677b2686cdf783b8bea	0
canonical_publication/results/supplement/publication-20260817/admixture/mitochondria/K4.replicate_5.Q.tsv	100644	1cf17c1b86c557c2b3b5dd6d6e8a52cbfdfba131	0
canonical_publication/results/supplement/publication-20260817/admixture/mitochondria/K4.replicate_6.Q.tsv	100644	202e2b956de52a58a262ced31c54f185ada397ed	0
canonical_publication/results/supplement/publication-20260817/admixture/mitochondria/K4.replicate_7.Q.tsv	100644	ad4f3cb2c675cd4dbb41091443631e8ba69f7f89	0
canonical_publication/results/supplement/publication-20260817/admixture/mitochondria/K4.replicate_8.Q.tsv	100644	38bf6ecd0c677ca0478a41618b56aa0e9910c384	0
canonical_publication/results/supplement/publication-20260817/admixture/mitochondria/K4.replicate_9.Q.tsv	100644	2af179ca321fc41b17c86e7e470e55f59b4dcb02	0
canonical_publication/results/supplement/publication-20260817/admixture/mitochondria/K5.replicate_1.Q.tsv	100644	758180dfd01f76fc1e7ec4f96c0dd4953ddd9580	0
canonical_publication/results/supplement/publication-20260817/admixture/mitochondria/K5.replicate_10.Q.tsv	100644	68abf71f1fa8e68aac6566825eb182dff8fdda98	0
canonical_publication/results/supplement/publication-20260817/admixture/mitochondria/K5.replicate_2.Q.tsv	100644	c1c05a0fa3c34004e6656a56973e012f5e0e3a9e	0
canonical_publication/results/supplement/publication-20260817/admixture/mitochondria/K5.replicate_3.Q.tsv	100644	45417f2844c376b66d659a08be8504f6ba17bbb5	0
canonical_publication/results/supplement/publication-20260817/admixture/mitochondria/K5.replicate_4.Q.tsv	100644	09f8a7dd311a43d96930dc6726a7f870952e6ab0	0
canonical_publication/results/supplement/publication-20260817/admixture/mitochondria/K5.replicate_5.Q.tsv	100644	6dff29ce20c48e8969308d2728ec40f066f78332	0
canonical_publication/results/supplement/publication-20260817/admixture/mitochondria/K5.replicate_6.Q.tsv	100644	be34a4bf95d4f7cbc41f82d8d545e74b25aea2dc	0
canonical_publication/results/supplement/publication-20260817/admixture/mitochondria/K5.replicate_7.Q.tsv	100644	0ad9f56175ec75ebc06cd1bfc2164714b24363a5	0
canonical_publication/results/supplement/publication-20260817/admixture/mitochondria/K5.replicate_8.Q.tsv	100644	0d3a36aed8a5958c1a6aab847709fd6c4622d5d9	0
canonical_publication/results/supplement/publication-20260817/admixture/mitochondria/K5.replicate_9.Q.tsv	100644	8c6ae458ab13de76b02583c189945adb156017d7	0
canonical_publication/results/supplement/publication-20260817/admixture/mitochondria/K6.replicate_1.Q.tsv	100644	072aac6afefa380ec468115566a23d565823c3e5	0
canonical_publication/results/supplement/publication-20260817/admixture/mitochondria/K6.replicate_10.Q.tsv	100644	c8c878e6b3833f0a288b717583d2395e45849f85	0
canonical_publication/results/supplement/publication-20260817/admixture/mitochondria/K6.replicate_2.Q.tsv	100644	27a9889bedfb604ebd0564d77e24c9b92db9fbdb	0
canonical_publication/results/supplement/publication-20260817/admixture/mitochondria/K6.replicate_3.Q.tsv	100644	1a3cc15ff80e01270dc3e691e7afa516ab3f7318	0
canonical_publication/results/supplement/publication-20260817/admixture/mitochondria/K6.replicate_4.Q.tsv	100644	9f931dd70c20b8bb89f56e3d11f0a0870f03736a	0
canonical_publication/results/supplement/publication-20260817/admixture/mitochondria/K6.replicate_5.Q.tsv	100644	d4e50261e82030d1c5f2acaa2253901482395ef4	0
canonical_publication/results/supplement/publication-20260817/admixture/mitochondria/K6.replicate_6.Q.tsv	100644	e735644c3c09fe4dba24dc33803d17cc31b277a5	0
canonical_publication/results/supplement/publication-20260817/admixture/mitochondria/K6.replicate_7.Q.tsv	100644	750cd0425ba85220758c665b84b32a21d70b362e	0
canonical_publication/results/supplement/publication-20260817/admixture/mitochondria/K6.replicate_8.Q.tsv	100644	5e06d5430a8b89fd6029261fe7d694b348f9e788	0
canonical_publication/results/supplement/publication-20260817/admixture/mitochondria/K6.replicate_9.Q.tsv	100644	6f5b9e67f445093275d0614a597c78a8f6e45b45	0
canonical_publication/results/supplement/publication-20260817/admixture/mitochondria/K7.replicate_1.Q.tsv	100644	73b22eac3ec827b1319a39a03cb50faed4765da5	0
canonical_publication/results/supplement/publication-20260817/admixture/mitochondria/K7.replicate_10.Q.tsv	100644	be5a08d612e8fe04f69483b6c8a0ff13e772c0ab	0
canonical_publication/results/supplement/publication-20260817/admixture/mitochondria/K7.replicate_2.Q.tsv	100644	2bb801716fdc56fda7992d3440a461d1d61c9d97	0
canonical_publication/results/supplement/publication-20260817/admixture/mitochondria/K7.replicate_3.Q.tsv	100644	1014687925436a61f5195bae48945a721e904380	0
canonical_publication/results/supplement/publication-20260817/admixture/mitochondria/K7.replicate_4.Q.tsv	100644	43b236b7da5211e21b392bdda5abda6069a686b8	0
canonical_publication/results/supplement/publication-20260817/admixture/mitochondria/K7.replicate_5.Q.tsv	100644	983c8a4de5f67cecac5a29a5a0289e9ace4c4dd4	0
canonical_publication/results/supplement/publication-20260817/admixture/mitochondria/K7.replicate_6.Q.tsv	100644	ae5bef6339c40a183baf6d6d60f5447aeaaa5941	0
canonical_publication/results/supplement/publication-20260817/admixture/mitochondria/K7.replicate_7.Q.tsv	100644	6aed30c206abf384d8bde18d7947ef448f3dbe9f	0
canonical_publication/results/supplement/publication-20260817/admixture/mitochondria/K7.replicate_8.Q.tsv	100644	8b73c9869f2c8bae29d5c9db050cc87b0b309218	0
canonical_publication/results/supplement/publication-20260817/admixture/mitochondria/K7.replicate_9.Q.tsv	100644	ce47557a4a1cba02ed3e8e99fd57f29cb58394c7	0
canonical_publication/results/supplement/publication-20260817/admixture/mitochondria/K8.replicate_1.Q.tsv	100644	c060ab89f5b80d007c37aa1cbf38feb241348659	0
canonical_publication/results/supplement/publication-20260817/admixture/mitochondria/K8.replicate_10.Q.tsv	100644	03986ba29d91a1a2e2793db0dcb224cbe72a2de6	0
canonical_publication/results/supplement/publication-20260817/admixture/mitochondria/K8.replicate_2.Q.tsv	100644	c6ebb8514313b4c35b1ccc5182e30e0c646430c9	0
canonical_publication/results/supplement/publication-20260817/admixture/mitochondria/K8.replicate_3.Q.tsv	100644	b5e6c905a34b5adb9ef80f419dff48ed044e14f5	0
canonical_publication/results/supplement/publication-20260817/admixture/mitochondria/K8.replicate_4.Q.tsv	100644	4e76db3f8401fe883d825e5cf851160dbb84c8a4	0
canonical_publication/results/supplement/publication-20260817/admixture/mitochondria/K8.replicate_5.Q.tsv	100644	d744aa8b808f73c6543ae7a9988fe3e53ee3cb2e	0
canonical_publication/results/supplement/publication-20260817/admixture/mitochondria/K8.replicate_6.Q.tsv	100644	2a54f7ad7cdc41c48ae8e6abf177ab18199ab096	0
canonical_publication/results/supplement/publication-20260817/admixture/mitochondria/K8.replicate_7.Q.tsv	100644	bb05265c1609417572d761fb85ad5761e4741866	0
canonical_publication/results/supplement/publication-20260817/admixture/mitochondria/K8.replicate_8.Q.tsv	100644	72e880f68ed6469eca8532e5a0075f9e537e89cf	0
canonical_publication/results/supplement/publication-20260817/admixture/mitochondria/K8.replicate_9.Q.tsv	100644	ba7c554c8611c95765059ee1cf9cfed4661667bd	0
canonical_publication/results/supplement/publication-20260817/admixture/mitochondria/K9.replicate_1.Q.tsv	100644	756818a272c28d80d4fec2621425ce3904007fcf	0
canonical_publication/results/supplement/publication-20260817/admixture/mitochondria/K9.replicate_10.Q.tsv	100644	4741d9759b9bc38d8ad8e402569ad1a24165ed1f	0
canonical_publication/results/supplement/publication-20260817/admixture/mitochondria/K9.replicate_2.Q.tsv	100644	55e0005089af083d7099552c885cd0d8993c5820	0
canonical_publication/results/supplement/publication-20260817/admixture/mitochondria/K9.replicate_3.Q.tsv	100644	d880070a57d9d422e693902150b9d572527e21b1	0
canonical_publication/results/supplement/publication-20260817/admixture/mitochondria/K9.replicate_4.Q.tsv	100644	1854deb10751fb7f19bd7331ad2980d7536380c7	0
canonical_publication/results/supplement/publication-20260817/admixture/mitochondria/K9.replicate_5.Q.tsv	100644	d18b317bfc5c95ffa17b4a487ed4356044cefb90	0
canonical_publication/results/supplement/publication-20260817/admixture/mitochondria/K9.replicate_6.Q.tsv	100644	b1a56ab9821adcd5a4856bbecf350c15df7e7e0c	0
canonical_publication/results/supplement/publication-20260817/admixture/mitochondria/K9.replicate_7.Q.tsv	100644	fa9d91666eec1d4d48cfcf14bea7173178982a33	0
canonical_publication/results/supplement/publication-20260817/admixture/mitochondria/K9.replicate_8.Q.tsv	100644	37d514fe3f543ec27ae25af01d7cbacf6466fdd6	0
canonical_publication/results/supplement/publication-20260817/admixture/mitochondria/K9.replicate_9.Q.tsv	100644	3c93d8b6b6aeeb6d5c7db819621955f341837513	0
canonical_publication/results/supplement/publication-20260817/admixture/mitochondria/k_summary.tsv	100644	a4d90bcb057c2cfc3ef1a5329240b145abf98d57	0
canonical_publication/results/supplement/publication-20260817/admixture/mitochondria/replicate_cv.tsv	100644	c5559e3f218d5bd48c316b2949550cefd72640c5	0
canonical_publication/results/supplement/publication-20260817/admixture/mitochondria/sample_order.tsv	100644	f98ef1de34da49f14aff97c76ec525b07eb40f8e	0
canonical_publication/results/supplement/publication-20260817/admixture/mitochondria/selected_K12.best_cv.Q.tsv	100644	c1d459a48a500ff39a818fdd8cc22c2abf9c8bcd	0
canonical_publication/results/supplement/publication-20260817/admixture/mitochondria/selected_solution.tsv	100644	f24eb82b9ccfc7fb49e4d4cce7d355291921adda	0
canonical_publication/results/supplement/publication-20260817/concatenated.partitioned.best_model.nex	100644	785fe388a4b0bed232b2ee78b46df52a4de5adf0	0
canonical_publication/results/supplement/publication-20260817/concatenated.partitioned.best_scheme	100644	19b035286665d9aabe5629c1d3e097321e3868e3	0
canonical_publication/results/supplement/publication-20260817/concatenated.partitioned.best_scheme.nex	100644	05956c282f32ecd569831c4dfbceb49d73334076	0
canonical_publication/results/supplement/publication-20260817/concatenated.partitioned.bionj	100644	32deb7bc02dcd5006d5a5fc4dd54e6d732984372	0
canonical_publication/results/supplement/publication-20260817/concatenated.partitioned.contree	100644	66029c3e082e05d7e0b0bf2b9012833714143526	0
canonical_publication/results/supplement/publication-20260817/concatenated.partitioned.iqtree	100644	477585a7308846e6d218ef236f4a8cbd5172a9bb	0
canonical_publication/results/supplement/publication-20260817/concatenated.partitioned.log	100644	6a4f316aaf0dbd7b0f232c52733cba6c445f9d82	0
canonical_publication/results/supplement/publication-20260817/concatenated.partitioned.mldist	100644	eac97fc6e4d5ee9cffc54b9ac93af1fbe2b5eb0c	0
canonical_publication/results/supplement/publication-20260817/concatenated.partitioned.model.gz	100644	7b2a1a3d31ee264236854407ae7d4e9cf7dee572	0
canonical_publication/results/supplement/publication-20260817/concatenated.partitioned.splits.nex	100644	de6ef271e1e08e5486272da76207b1644852d46a	0
canonical_publication/results/supplement/publication-20260817/concatenated.partitioned.treefile	100644	634ff216a28b51ed933bd5cb376b653d40ef7ebc	0
canonical_publication/results/supplement/publication-20260817/concatenated_site_contribution.tsv	100644	709af73e16bd4dd6e50da808b0ab336396c28e6e	0
canonical_publication/results/supplement/publication-20260817/shared_partitioned_concatenated.fa	100644	185e43bea8a1a5e0ff64fb6377e1e561b6c9658b	0
canonical_publication/results/supplement/publication-20260817/shared_partitioned_concatenated.nex	100644	d40bd771a8704c5101fda7afd141c329ff6892b0	0
canonical_publication/results/supplement/publication-20260817/strongly_supported_organelle_conflicts.tsv	100644	2e1c8f8ee73fa245e18ccd399331cf503c0b5857	0
canonical_publication/results/trees/.gitkeep	100644	8b137891791fe96927ad78e64b0aad7bded08bdc	0
canonical_publication/results/trees/publication-20260817/chloroplast.primary.bionj	100644	8c71bda8d1926856c63574edc3f3327e8d61c422	0
canonical_publication/results/trees/publication-20260817/chloroplast.primary.contree	100644	3b168694d399de0ef671f14f57616cc7deb4608c	0
canonical_publication/results/trees/publication-20260817/chloroplast.primary.iqtree	100644	6a2496f962a9d1d0995334f21f13b56672b35680	0
canonical_publication/results/trees/publication-20260817/chloroplast.primary.log	100644	4160564e571894c801a57da57bfde8ee58280e0d	0
canonical_publication/results/trees/publication-20260817/chloroplast.primary.mldist	100644	dffc4beb5f7882979c2e677c59d6e0ec1f8df3d3	0
canonical_publication/results/trees/publication-20260817/chloroplast.primary.model.gz	100644	868a7b5b655be74f6d7aeeba438b0bc50e1feeff	0
canonical_publication/results/trees/publication-20260817/chloroplast.primary.splits.nex	100644	6288664b881b80b662c645689680df593618445b	0
canonical_publication/results/trees/publication-20260817/chloroplast.primary.treefile	100644	0f3bbacbef602856a3dc4258deb12f6f9bc79035	0
canonical_publication/results/trees/publication-20260817/fixed_seed_reproducibility.tsv	100644	a0df83cbb5cb912d8e4a1978cea1ac96cc60ba88	0
canonical_publication/results/trees/publication-20260817/mitochondria.primary.bionj	100644	0c7deabf7baf5e7a16eabfd8b6b44206ed695c6c	0
canonical_publication/results/trees/publication-20260817/mitochondria.primary.contree	100644	236e2e0cd1365af860d413d8990de78a408fe8ea	0
canonical_publication/results/trees/publication-20260817/mitochondria.primary.iqtree	100644	9df429e6aeab34d481869af032bde890d9dd9a8f	0
canonical_publication/results/trees/publication-20260817/mitochondria.primary.log	100644	cef786ac9123e1074531bcabf23bc861e1d63a35	0
canonical_publication/results/trees/publication-20260817/mitochondria.primary.mldist	100644	23d298b2ef7d1cdd9931d870bf2f2d0fe69679e3	0
canonical_publication/results/trees/publication-20260817/mitochondria.primary.model.gz	100644	b2499af56f3cd2bc96f00288f6c1594667c7c960	0
canonical_publication/results/trees/publication-20260817/mitochondria.primary.splits.nex	100644	6f352a7e691c7b2a3c413af8bda5f874e229b544	0
canonical_publication/results/trees/publication-20260817/mitochondria.primary.treefile	100644	77304375d8e593ce0bea57a7212c2591ab51a0cb	0
canonical_publication/results/trees/publication-20260817/mitochondria.primary.uniqueseq.phy	100644	0139150f1e1aacc14bc0671a3d4cba21f62afb93	0
canonical_publication/results/variants/.gitkeep	100644	8b137891791fe96927ad78e64b0aad7bded08bdc	0
canonical_publication/results/variants/publication-20260817/chloroplast.high_confidence_variant_sites.vcf.gz	100644	6f529325a59fe6e2cdd075e734d27a21f9a1ecc7	0
canonical_publication/results/variants/publication-20260817/chloroplast.mac2_ordination.vcf.gz	100644	faa777b7ba29ffa08f16118650f229332602e667	0
canonical_publication/results/variants/publication-20260817/chloroplast.primary.vcf.gz	100644	21f62943828195806ec73762731835e6bb67b1d8	0
canonical_publication/results/variants/publication-20260817/mitochondria.high_confidence_variant_sites.vcf.gz	100644	35ace5df31b0c2f86232d2445dd1c3b0dff27bcb	0
canonical_publication/results/variants/publication-20260817/mitochondria.mac2_ordination.vcf.gz	100644	c1e4aca34af0afc59db5c59b8af753c15c04c814	0
canonical_publication/results/variants/publication-20260817/mitochondria.primary.vcf.gz	100644	e3b800cb1ff627762d7f515c7f11dcc1e0fd09a2	0
canonical_publication/run_pipeline.sh	100755	7e97b95bed9d1c1050a0f38146379fdb6ce00df3	0
canonical_publication/validation_environment.yml	100644	7e2901be74f2def7c0e18e902b15ed0584579f70	0
canonical_publication/work/.gitkeep	100644	8b137891791fe96927ad78e64b0aad7bded08bdc	0
